[2026-06-17 19:55:51,544] INFO: args:
 - ('run_mode', ['test'])
 - ('regression_mode', False)
 - ('data_config', 'external/particle_transformer/data/JetClass/JetClass_kinpid.yaml')
 - ('data_config_val', 'external/particle_transformer/data/JetClass/JetClass_kinpid.yaml')
 - ('data_config_test', 'external/particle_transformer/data/JetClass/JetClass_kinpid.yaml')
 - ('extra_selection_train', None)
 - ('extra_selection_val', None)
 - ('extra_selection_test', None)
 - ('data_train', [])
 - ('data_val', [])
 - ('data_test', ['HToBB:/home/maxwelhelp/Рабочий стол/jetclass_tiny_balanced/HToBB_000.root', 'HToCC:/home/maxwelhelp/Рабочий стол/jetclass_tiny_balanced/HToCC_000.root', 'HToGG:/home/maxwelhelp/Рабочий стол/jetclass_tiny_balanced/HToGG_000.root', 'HToWW2Q1L:/home/maxwelhelp/Рабочий стол/jetclass_tiny_balanced/HToWW2Q1L_000.root', 'HToWW4Q:/home/maxwelhelp/Рабочий стол/jetclass_tiny_balanced/HToWW4Q_000.root', 'TTBarLep:/home/maxwelhelp/Рабочий стол/jetclass_tiny_balanced/TTBarLep_000.root', 'TTBar:/home/maxwelhelp/Рабочий стол/jetclass_tiny_balanced/TTBar_000.root', 'TTBar:/home/maxwelhelp/Рабочий стол/jetclass_tiny_balanced/TTBarLep_000.root', 'WToQQ:/home/maxwelhelp/Рабочий стол/jetclass_tiny_balanced/WToQQ_000.root', 'ZToQQ:/home/maxwelhelp/Рабочий стол/jetclass_tiny_balanced/ZToQQ_000.root', 'ZJetsToNuNu:/home/maxwelhelp/Рабочий стол/jetclass_tiny_balanced/ZJetsToNuNu_000.root'])
 - ('data_fraction', 1)
 - ('data_fraction_val', None)
 - ('file_fraction', 1)
 - ('fetch_by_files', False)
 - ('fetch_step', 1.0)
 - ('fetch_step_val', 1.0)
 - ('data_split_num', 1)
 - ('data_split_val', 1)
 - ('in_memory', False)
 - ('in_memory_val', False)
 - ('train_val_split', 0.8)
 - ('no_remake_weights', False)
 - ('demo', False)
 - ('lr_finder', None)
 - ('tensorboard', None)
 - ('tensorboard_custom_fn', None)
 - ('custom_functions', None)
 - ('network_config', 'external/particle_transformer/networks/example_ParticleTransformer.py')
 - ('network_option', [])
 - ('model_prefix', 'external/particle_transformer/models/ParT_kinpid.pt')
 - ('load_model_weights', None)
 - ('exclude_model_weights', None)
 - ('freeze_model_weights', None)
 - ('num_epochs', 20)
 - ('steps_per_epoch', None)
 - ('steps_per_epoch_val', None)
 - ('samples_per_epoch', None)
 - ('samples_per_epoch_val', None)
 - ('optimizer', 'ranger')
 - ('optimizer_option', [])
 - ('lr_scheduler', 'flat+decay')
 - ('warmup_steps', 0.25)
 - ('load_epoch', None)
 - ('start_lr', 0.005)
 - ('batch_size', 64)
 - ('batch_size_val', 64)
 - ('batch_size_test', 64)
 - ('use_amp', False)
 - ('amp_dtype', 'bf16')
 - ('compile', False)
 - ('compiler_option', [])
 - ('gpus', '0')
 - ('predict_gpus', '0')
 - ('num_workers', 1)
 - ('prefetch_factor', None)
 - ('predict', True)
 - ('predict_output', 'reports/latest/part_weaver_predict_grouped_v1.root')
 - ('export_onnx', None)
 - ('onnx_opset', 15)
 - ('io_test', False)
 - ('copy_inputs', False)
 - ('log', 'runs/part_weaver_predict_grouped_v1.log')
 - ('print', False)
 - ('profile', False)
 - ('backend', None)
 - ('cross_validation', None)
 - ('auto_clean', False)
 - ('local_rank', None)
[2026-06-17 19:55:51,545] WARNING: The `--predict` flag is set. Overriding the `--run-mode` to `test`.
[2026-06-17 19:55:51,572] INFO: [0;37mpreprocess config: {'method': 'manual', 'data_fraction': 0.5, 'params': None}[0m
[2026-06-17 19:55:51,572] INFO: [0;37mselection: None[0m
[2026-06-17 19:55:51,572] INFO: [0;37mtest_time_selection: None[0m
[2026-06-17 19:55:51,572] INFO: [0;37mvar_funcs:
 - ('part_mask', 'ak.ones_like(part_energy)')
 - ('part_pt', 'np.hypot(part_px, part_py)')
 - ('part_pt_log', 'np.log(part_pt)')
 - ('part_e_log', 'np.log(part_energy)')
 - ('part_logptrel', 'np.log(part_pt/jet_pt)')
 - ('part_logerel', 'np.log(part_energy/jet_energy)')
 - ('part_deltaR', 'np.hypot(part_deta, part_dphi)')
 - ('_label_', 'np.argmax(np.stack([ak.to_numpy(label_QCD),ak.to_numpy(label_Hbb),ak.to_numpy(label_Hcc),ak.to_numpy(label_Hgg),ak.to_numpy(label_H4q),ak.to_numpy(label_Hqql),ak.to_numpy(label_Zqq),ak.to_numpy(label_Wqq),ak.to_numpy(label_Tbqq),ak.to_numpy(label_Tbl)], axis=1), axis=1)')
 - ('_labelcheck_', 'np.sum(np.stack([ak.to_numpy(label_QCD),ak.to_numpy(label_Hbb),ak.to_numpy(label_Hcc),ak.to_numpy(label_Hgg),ak.to_numpy(label_H4q),ak.to_numpy(label_Hqql),ak.to_numpy(label_Zqq),ak.to_numpy(label_Wqq),ak.to_numpy(label_Tbqq),ak.to_numpy(label_Tbl)], axis=1), axis=1)')[0m
[2026-06-17 19:55:51,572] INFO: [0;37minput_names: ('pf_points', 'pf_features', 'pf_vectors', 'pf_mask')[0m
[2026-06-17 19:55:51,572] INFO: [0;37minput_dicts:
 - ('pf_points', ['part_deta', 'part_dphi'])
 - ('pf_features', ['part_pt_log', 'part_e_log', 'part_logptrel', 'part_logerel', 'part_deltaR', 'part_charge', 'part_isChargedHadron', 'part_isNeutralHadron', 'part_isPhoton', 'part_isElectron', 'part_isMuon', 'part_deta', 'part_dphi'])
 - ('pf_vectors', ['part_px', 'part_py', 'part_pz', 'part_energy'])
 - ('pf_mask', ['part_mask'])[0m
[2026-06-17 19:55:51,572] INFO: [0;37minput_shapes:
 - ('pf_points', (-1, 2, 128))
 - ('pf_features', (-1, 13, 128))
 - ('pf_vectors', (-1, 4, 128))
 - ('pf_mask', (-1, 1, 128))[0m
[2026-06-17 19:55:51,572] INFO: [0;37mpreprocess_params:
 - ('part_deta', {'length': 128, 'pad_mode': 'wrap', 'center': None, 'scale': 1, 'min': -5, 'max': 5, 'pad_value': 0})
 - ('part_dphi', {'length': 128, 'pad_mode': 'wrap', 'center': None, 'scale': 1, 'min': -5, 'max': 5, 'pad_value': 0})
 - ('part_pt_log', {'length': 128, 'pad_mode': 'wrap', 'center': 1.7, 'scale': 0.7, 'min': -5, 'max': 5, 'pad_value': 0})
 - ('part_e_log', {'length': 128, 'pad_mode': 'wrap', 'center': 2.0, 'scale': 0.7, 'min': -5, 'max': 5, 'pad_value': 0})
 - ('part_logptrel', {'length': 128, 'pad_mode': 'wrap', 'center': -4.7, 'scale': 0.7, 'min': -5, 'max': 5, 'pad_value': 0})
 - ('part_logerel', {'length': 128, 'pad_mode': 'wrap', 'center': -4.7, 'scale': 0.7, 'min': -5, 'max': 5, 'pad_value': 0})
 - ('part_deltaR', {'length': 128, 'pad_mode': 'wrap', 'center': 0.2, 'scale': 4.0, 'min': -5, 'max': 5, 'pad_value': 0})
 - ('part_charge', {'length': 128, 'pad_mode': 'wrap', 'center': None, 'scale': 1, 'min': -5, 'max': 5, 'pad_value': 0})
 - ('part_isChargedHadron', {'length': 128, 'pad_mode': 'wrap', 'center': None, 'scale': 1, 'min': -5, 'max': 5, 'pad_value': 0})
 - ('part_isNeutralHadron', {'length': 128, 'pad_mode': 'wrap', 'center': None, 'scale': 1, 'min': -5, 'max': 5, 'pad_value': 0})
 - ('part_isPhoton', {'length': 128, 'pad_mode': 'wrap', 'center': None, 'scale': 1, 'min': -5, 'max': 5, 'pad_value': 0})
 - ('part_isElectron', {'length': 128, 'pad_mode': 'wrap', 'center': None, 'scale': 1, 'min': -5, 'max': 5, 'pad_value': 0})
 - ('part_isMuon', {'length': 128, 'pad_mode': 'wrap', 'center': None, 'scale': 1, 'min': -5, 'max': 5, 'pad_value': 0})
 - ('part_px', {'length': 128, 'pad_mode': 'wrap', 'center': None, 'scale': 1, 'min': -5, 'max': 5, 'pad_value': 0})
 - ('part_py', {'length': 128, 'pad_mode': 'wrap', 'center': None, 'scale': 1, 'min': -5, 'max': 5, 'pad_value': 0})
 - ('part_pz', {'length': 128, 'pad_mode': 'wrap', 'center': None, 'scale': 1, 'min': -5, 'max': 5, 'pad_value': 0})
 - ('part_energy', {'length': 128, 'pad_mode': 'wrap', 'center': None, 'scale': 1, 'min': -5, 'max': 5, 'pad_value': 0})
 - ('part_mask', {'length': 128, 'pad_mode': 'constant', 'center': None, 'scale': 1, 'min': -5, 'max': 5, 'pad_value': 0})[0m
[2026-06-17 19:55:51,573] INFO: [0;37mlabel_names: ('_label_',)[0m
[2026-06-17 19:55:51,573] INFO: [0;37mobserver_names: ('jet_pt', 'jet_eta', 'jet_phi', 'jet_energy', 'jet_nparticles', 'jet_sdmass', 'jet_tau1', 'jet_tau2', 'jet_tau3', 'jet_tau4')[0m
[2026-06-17 19:55:51,573] INFO: [0;37mmonitor_variables: ()[0m
[2026-06-17 19:55:51,583] INFO: [0;37mpreprocess config: {'method': 'manual', 'data_fraction': 0.5, 'params': None}[0m
[2026-06-17 19:55:51,584] INFO: [0;37mselection: None[0m
[2026-06-17 19:55:51,584] INFO: [0;37mtest_time_selection: None[0m
[2026-06-17 19:55:51,584] INFO: [0;37mvar_funcs:
 - ('part_mask', 'ak.ones_like(part_energy)')
 - ('part_pt', 'np.hypot(part_px, part_py)')
 - ('part_pt_log', 'np.log(part_pt)')
 - ('part_e_log', 'np.log(part_energy)')
 - ('part_logptrel', 'np.log(part_pt/jet_pt)')
 - ('part_logerel', 'np.log(part_energy/jet_energy)')
 - ('part_deltaR', 'np.hypot(part_deta, part_dphi)')
 - ('_label_', 'np.argmax(np.stack([ak.to_numpy(label_QCD),ak.to_numpy(label_Hbb),ak.to_numpy(label_Hcc),ak.to_numpy(label_Hgg),ak.to_numpy(label_H4q),ak.to_numpy(label_Hqql),ak.to_numpy(label_Zqq),ak.to_numpy(label_Wqq),ak.to_numpy(label_Tbqq),ak.to_numpy(label_Tbl)], axis=1), axis=1)')
 - ('_labelcheck_', 'np.sum(np.stack([ak.to_numpy(label_QCD),ak.to_numpy(label_Hbb),ak.to_numpy(label_Hcc),ak.to_numpy(label_Hgg),ak.to_numpy(label_H4q),ak.to_numpy(label_Hqql),ak.to_numpy(label_Zqq),ak.to_numpy(label_Wqq),ak.to_numpy(label_Tbqq),ak.to_numpy(label_Tbl)], axis=1), axis=1)')[0m
[2026-06-17 19:55:51,584] INFO: [0;37minput_names: ('pf_points', 'pf_features', 'pf_vectors', 'pf_mask')[0m
[2026-06-17 19:55:51,584] INFO: [0;37minput_dicts:
 - ('pf_points', ['part_deta', 'part_dphi'])
 - ('pf_features', ['part_pt_log', 'part_e_log', 'part_logptrel', 'part_logerel', 'part_deltaR', 'part_charge', 'part_isChargedHadron', 'part_isNeutralHadron', 'part_isPhoton', 'part_isElectron', 'part_isMuon', 'part_deta', 'part_dphi'])
 - ('pf_vectors', ['part_px', 'part_py', 'part_pz', 'part_energy'])
 - ('pf_mask', ['part_mask'])[0m
[2026-06-17 19:55:51,584] INFO: [0;37minput_shapes:
 - ('pf_points', (-1, 2, 128))
 - ('pf_features', (-1, 13, 128))
 - ('pf_vectors', (-1, 4, 128))
 - ('pf_mask', (-1, 1, 128))[0m
[2026-06-17 19:55:51,584] INFO: [0;37mpreprocess_params:
 - ('part_deta', {'length': 128, 'pad_mode': 'wrap', 'center': None, 'scale': 1, 'min': -5, 'max': 5, 'pad_value': 0})
 - ('part_dphi', {'length': 128, 'pad_mode': 'wrap', 'center': None, 'scale': 1, 'min': -5, 'max': 5, 'pad_value': 0})
 - ('part_pt_log', {'length': 128, 'pad_mode': 'wrap', 'center': 1.7, 'scale': 0.7, 'min': -5, 'max': 5, 'pad_value': 0})
 - ('part_e_log', {'length': 128, 'pad_mode': 'wrap', 'center': 2.0, 'scale': 0.7, 'min': -5, 'max': 5, 'pad_value': 0})
 - ('part_logptrel', {'length': 128, 'pad_mode': 'wrap', 'center': -4.7, 'scale': 0.7, 'min': -5, 'max': 5, 'pad_value': 0})
 - ('part_logerel', {'length': 128, 'pad_mode': 'wrap', 'center': -4.7, 'scale': 0.7, 'min': -5, 'max': 5, 'pad_value': 0})
 - ('part_deltaR', {'length': 128, 'pad_mode': 'wrap', 'center': 0.2, 'scale': 4.0, 'min': -5, 'max': 5, 'pad_value': 0})
 - ('part_charge', {'length': 128, 'pad_mode': 'wrap', 'center': None, 'scale': 1, 'min': -5, 'max': 5, 'pad_value': 0})
 - ('part_isChargedHadron', {'length': 128, 'pad_mode': 'wrap', 'center': None, 'scale': 1, 'min': -5, 'max': 5, 'pad_value': 0})
 - ('part_isNeutralHadron', {'length': 128, 'pad_mode': 'wrap', 'center': None, 'scale': 1, 'min': -5, 'max': 5, 'pad_value': 0})
 - ('part_isPhoton', {'length': 128, 'pad_mode': 'wrap', 'center': None, 'scale': 1, 'min': -5, 'max': 5, 'pad_value': 0})
 - ('part_isElectron', {'length': 128, 'pad_mode': 'wrap', 'center': None, 'scale': 1, 'min': -5, 'max': 5, 'pad_value': 0})
 - ('part_isMuon', {'length': 128, 'pad_mode': 'wrap', 'center': None, 'scale': 1, 'min': -5, 'max': 5, 'pad_value': 0})
 - ('part_px', {'length': 128, 'pad_mode': 'wrap', 'center': None, 'scale': 1, 'min': -5, 'max': 5, 'pad_value': 0})
 - ('part_py', {'length': 128, 'pad_mode': 'wrap', 'center': None, 'scale': 1, 'min': -5, 'max': 5, 'pad_value': 0})
 - ('part_pz', {'length': 128, 'pad_mode': 'wrap', 'center': None, 'scale': 1, 'min': -5, 'max': 5, 'pad_value': 0})
 - ('part_energy', {'length': 128, 'pad_mode': 'wrap', 'center': None, 'scale': 1, 'min': -5, 'max': 5, 'pad_value': 0})
 - ('part_mask', {'length': 128, 'pad_mode': 'constant', 'center': None, 'scale': 1, 'min': -5, 'max': 5, 'pad_value': 0})[0m
[2026-06-17 19:55:51,585] INFO: [0;37mlabel_names: ('_label_',)[0m
[2026-06-17 19:55:51,585] INFO: [0;37mobserver_names: ('jet_pt', 'jet_eta', 'jet_phi', 'jet_energy', 'jet_nparticles', 'jet_sdmass', 'jet_tau1', 'jet_tau2', 'jet_tau3', 'jet_tau4')[0m
[2026-06-17 19:55:51,585] INFO: [0;37mmonitor_variables: ()[0m
[2026-06-17 19:55:51,587] INFO: Network options: {}
[2026-06-17 19:55:51,587] INFO: Model config: {'input_dim': 13, 'num_classes': 10, 'pair_input_dim': 4, 'use_pre_activation_pair': False, 'embed_dims': [128, 512, 128], 'pair_embed_dims': [64, 64, 64], 'num_heads': 8, 'num_layers': 8, 'num_cls_layers': 2, 'block_params': None, 'cls_block_params': {'dropout': 0, 'attn_dropout': 0, 'activation_dropout': 0}, 'fc_params': [], 'activation': 'gelu', 'trim': True, 'for_inference': False}
[2026-06-17 19:55:51,588] INFO: ParticleTransformer init-ed: {'self': ParticleTransformer(), 'input_dim': 13, 'num_classes': 10, 'pair_input_type': 'pp', 'pair_input_dim': 4, 'pair_extra_dim': 0, 'remove_self_pair': False, 'use_pre_activation_pair': False, 'use_conv_embed': False, 'embed_dims': [128, 512, 128], 'pair_embed_dims': [64, 64, 64], 'num_heads': 8, 'num_layers': 8, 'block_params': None, 'block_ids_with_attn_mask': None, 'include_global_token': False, 'num_cls_layers': 2, 'cls_block_params': {'dropout': 0, 'attn_dropout': 0, 'activation_dropout': 0}, 'fc_params': [], 'activation': 'gelu', 'version': 1, 'weight_init': 'moco', 'fix_init': True, 'trim': True, 'for_inference': False, 'for_segmentation': False, 'use_amp': False, 'compile_model': False, 'kwargs': {}, '__class__': <class 'weaver.nn.model.ParticleTransformer.ParticleTransformer'>}
[2026-06-17 19:55:51,588] INFO: cfg_block: {'embed_dim': 128, 'num_heads': 8, 'ffn_ratio': 4, 'dropout': 0.1, 'attn_dropout': 0.1, 'activation_dropout': 0.1, 'activation': 'gelu', 'use_rmsnorm': False, 'use_bias': True, 'use_qk_norm': False, 'headwise_attn_output_gate': False, 'elementwise_attn_output_gate': False, 'layer_scale_init_values': None, 'drop_path_rate': 0.0, 'scale_attn_mask': False, 'scale_fc': True, 'scale_attn': True, 'scale_heads': True, 'scale_resids': True}
[2026-06-17 19:55:51,588] INFO: cfg_cls_block: {'embed_dim': 128, 'num_heads': 8, 'ffn_ratio': 4, 'dropout': 0, 'attn_dropout': 0, 'activation_dropout': 0, 'activation': 'gelu', 'use_rmsnorm': False, 'use_bias': True, 'use_qk_norm': False, 'headwise_attn_output_gate': False, 'elementwise_attn_output_gate': False, 'layer_scale_init_values': None, 'drop_path_rate': 0.0, 'scale_attn_mask': False, 'scale_fc': True, 'scale_attn': True, 'scale_heads': True, 'scale_resids': True}
[2026-06-17 19:55:51,588] INFO: block w/ attn_mask: [True, True, True, True, True, True, True, True]
[2026-06-17 19:55:53,733] INFO: [0;37mWarning: module Identity is treated as a zero-op.[0m
[2026-06-17 19:55:53,734] INFO: [0;37mWarning: module Embed is treated as a zero-op.[0m
[2026-06-17 19:55:53,734] INFO: [0;37mWarning: module PairEmbed is treated as a zero-op.[0m
[2026-06-17 19:55:53,734] INFO: [0;37mWarning: module Attention is treated as a zero-op.[0m
[2026-06-17 19:55:53,734] INFO: [0;37mWarning: module Dropout is treated as a zero-op.[0m
[2026-06-17 19:55:53,735] INFO: [0;37mWarning: module Block is treated as a zero-op.[0m
[2026-06-17 19:55:53,736] INFO: [0;37mWarning: module SequenceTrimmer is treated as a zero-op.[0m
[2026-06-17 19:55:53,737] INFO: [0;37mWarning: module ParticleTransformer is treated as a zero-op.[0m
[2026-06-17 19:55:53,737] INFO: [0;37mWarning: module ParticleTransformerWrapper is treated as a zero-op.[0m
[2026-06-17 19:55:54,207] INFO: [0;37mParticleTransformerWrapper(
  |2.141 M, 99.931% Params, 251.475 MMac, 92.587% MACs|
  (mod): ParticleTransformer(
    |2.141 M, 99.931% Params, 251.475 MMac, 92.587% MACs|
    (embed): Embed(
      |0.135 M, 6.292% Params, 17.274 MMac, 6.360% MACs|
      (input_bn): BatchNorm1d(13, eps=1e-05, momentum=0.1, affine=True, track_running_stats=True, |0.0 M, 0.001% Params, 3.328 KMac, 0.001% MACs|)
      (conv_embed): Identity(|0.0 M, 0.000% Params, 0.0 Mac, 0.000% MACs|)
      (embed): Sequential(
        |0.135 M, 6.291% Params, 17.27 MMac, 6.359% MACs|
        (0): LayerNorm((13,), eps=1e-05, elementwise_affine=True, |0.0 M, 0.001% Params, 1.664 KMac, 0.001% MACs|)
        (1): Linear(in_features=13, out_features=128, bias=True, |0.002 M, 0.084% Params, 229.376 KMac, 0.084% MACs|)
        (2): GELU(approximate='none', |0.0 M, 0.000% Params, 16.384 KMac, 0.006% MACs|)
        (3): LayerNorm((128,), eps=1e-05, elementwise_affine=True, |0.0 M, 0.012% Params, 16.384 KMac, 0.006% MACs|)
        (4): Linear(in_features=128, out_features=512, bias=True, |0.066 M, 3.082% Params, 8.454 MMac, 3.113% MACs|)
        (5): GELU(approximate='none', |0.0 M, 0.000% Params, 65.536 KMac, 0.024% MACs|)
        (6): LayerNorm((512,), eps=1e-05, elementwise_affine=True, |0.001 M, 0.048% Params, 65.536 KMac, 0.024% MACs|)
        (7): Linear(in_features=512, out_features=128, bias=True, |0.066 M, 3.064% Params, 8.405 MMac, 3.095% MACs|)
        (8): GELU(approximate='none', |0.0 M, 0.000% Params, 16.384 KMac, 0.006% MACs|)
      )
    )
    (pair_embed): PairEmbed(
      |0.01 M, 0.446% Params, 80.645 MMac, 29.691% MACs|
      (embed): Sequential(
        |0.01 M, 0.446% Params, 80.645 MMac, 29.691% MACs|
        (0): BatchNorm1d(4, eps=1e-05, momentum=0.1, affine=True, track_running_stats=True, |0.0 M, 0.000% Params, 66.048 KMac, 0.024% MACs|)
        (1): Conv1d(4, 64, kernel_size=(1,), stride=(1,), |0.0 M, 0.015% Params, 2.642 MMac, 0.973% MACs|)
        (2): BatchNorm1d(64, eps=1e-05, momentum=0.1, affine=True, track_running_stats=True, |0.0 M, 0.006% Params, 1.057 MMac, 0.389% MACs|)
        (3): GELU(approximate='none', |0.0 M, 0.000% Params, 528.384 KMac, 0.195% MACs|)
        (4): Conv1d(64, 64, kernel_size=(1,), stride=(1,), |0.004 M, 0.194% Params, 34.345 MMac, 12.645% MACs|)
        (5): BatchNorm1d(64, eps=1e-05, momentum=0.1, affine=True, track_running_stats=True, |0.0 M, 0.006% Params, 1.057 MMac, 0.389% MACs|)
        (6): GELU(approximate='none', |0.0 M, 0.000% Params, 528.384 KMac, 0.195% MACs|)
        (7): Conv1d(64, 64, kernel_size=(1,), stride=(1,), |0.004 M, 0.194% Params, 34.345 MMac, 12.645% MACs|)
        (8): BatchNorm1d(64, eps=1e-05, momentum=0.1, affine=True, track_running_stats=True, |0.0 M, 0.006% Params, 1.057 MMac, 0.389% MACs|)
        (9): GELU(approximate='none', |0.0 M, 0.000% Params, 528.384 KMac, 0.195% MACs|)
        (10): Conv1d(64, 8, kernel_size=(1,), stride=(1,), |0.001 M, 0.024% Params, 4.293 MMac, 1.581% MACs|)
        (11): BatchNorm1d(8, eps=1e-05, momentum=0.1, affine=True, track_running_stats=True, |0.0 M, 0.001% Params, 132.096 KMac, 0.049% MACs|)
        (12): GELU(approximate='none', |0.0 M, 0.000% Params, 66.048 KMac, 0.024% MACs|)
      )
    )
    (blocks): ModuleList(
      (0-7): 8 x Block(
        |0.2 M, 9.312% Params, 19.153 MMac, 7.052% MACs|
        (pre_attn_norm): LayerNorm((128,), eps=1e-05, elementwise_affine=True, |0.0 M, 0.012% Params, 16.384 KMac, 0.006% MACs|)
        (attn): Attention(
          |0.066 M, 3.082% Params, 2.114 MMac, 0.778% MACs|
          (in_proj): Linear(in_features=128, out_features=384, bias=True, |0.05 M, 2.312% Params, 0.0 Mac, 0.000% MACs|)
          (out_proj): Linear(in_features=128, out_features=128, bias=True, |0.017 M, 0.771% Params, 2.114 MMac, 0.778% MACs|)
          (q_norm): Identity(|0.0 M, 0.000% Params, 0.0 Mac, 0.000% MACs|)
          (k_norm): Identity(|0.0 M, 0.000% Params, 0.0 Mac, 0.000% MACs|)
        )
        (post_attn_norm): LayerNorm((128,), eps=1e-05, elementwise_affine=True, |0.0 M, 0.012% Params, 16.384 KMac, 0.006% MACs|)
        (dropout): Dropout(p=0.1, inplace=False, |0.0 M, 0.000% Params, 0.0 Mac, 0.000% MACs|)
        (ls1): Identity(|0.0 M, 0.000% Params, 0.0 Mac, 0.000% MACs|)
        (drop_path1): Identity(|0.0 M, 0.000% Params, 0.0 Mac, 0.000% MACs|)
        (pre_fc_norm): LayerNorm((128,), eps=1e-05, elementwise_affine=True, |0.0 M, 0.012% Params, 16.384 KMac, 0.006% MACs|)
        (fc1): Linear(in_features=128, out_features=512, bias=True, |0.066 M, 3.082% Params, 8.454 MMac, 3.113% MACs|)
        (act): GELU(approximate='none', |0.0 M, 0.000% Params, 65.536 KMac, 0.024% MACs|)
        (act_dropout): Dropout(p=0.1, inplace=False, |0.0 M, 0.000% Params, 0.0 Mac, 0.000% MACs|)
        (post_fc_norm): LayerNorm((512,), eps=1e-05, elementwise_affine=True, |0.001 M, 0.048% Params, 65.536 KMac, 0.024% MACs|)
        (fc2): Linear(in_features=512, out_features=128, bias=True, |0.066 M, 3.064% Params, 8.405 MMac, 3.095% MACs|)
        (ls2): Identity(|0.0 M, 0.000% Params, 0.0 Mac, 0.000% MACs|)
        (drop_path2): Identity(|0.0 M, 0.000% Params, 0.0 Mac, 0.000% MACs|)
      )
    )
    (cls_blocks): ModuleList(
      (0-1): 2 x Block(
        |0.2 M, 9.312% Params, 166.016 KMac, 0.061% MACs|
        (pre_attn_norm): LayerNorm((128,), eps=1e-05, elementwise_affine=True, |0.0 M, 0.012% Params, 16.512 KMac, 0.006% MACs|)
        (attn): Attention(
          |0.066 M, 3.082% Params, 16.512 KMac, 0.006% MACs|
          (in_proj): Linear(in_features=128, out_features=384, bias=True, |0.05 M, 2.312% Params, 0.0 Mac, 0.000% MACs|)
          (out_proj): Linear(in_features=128, out_features=128, bias=True, |0.017 M, 0.771% Params, 16.512 KMac, 0.006% MACs|)
          (q_norm): Identity(|0.0 M, 0.000% Params, 0.0 Mac, 0.000% MACs|)
          (k_norm): Identity(|0.0 M, 0.000% Params, 0.0 Mac, 0.000% MACs|)
        )
        (post_attn_norm): LayerNorm((128,), eps=1e-05, elementwise_affine=True, |0.0 M, 0.012% Params, 128.0 Mac, 0.000% MACs|)
        (dropout): Dropout(p=0, inplace=False, |0.0 M, 0.000% Params, 0.0 Mac, 0.000% MACs|)
        (ls1): Identity(|0.0 M, 0.000% Params, 0.0 Mac, 0.000% MACs|)
        (drop_path1): Identity(|0.0 M, 0.000% Params, 0.0 Mac, 0.000% MACs|)
        (pre_fc_norm): LayerNorm((128,), eps=1e-05, elementwise_affine=True, |0.0 M, 0.012% Params, 128.0 Mac, 0.000% MACs|)
        (fc1): Linear(in_features=128, out_features=512, bias=True, |0.066 M, 3.082% Params, 66.048 KMac, 0.024% MACs|)
        (act): GELU(approximate='none', |0.0 M, 0.000% Params, 512.0 Mac, 0.000% MACs|)
        (act_dropout): Dropout(p=0, inplace=False, |0.0 M, 0.000% Params, 0.0 Mac, 0.000% MACs|)
        (post_fc_norm): LayerNorm((512,), eps=1e-05, elementwise_affine=True, |0.001 M, 0.048% Params, 512.0 Mac, 0.000% MACs|)
        (fc2): Linear(in_features=512, out_features=128, bias=True, |0.066 M, 3.064% Params, 65.664 KMac, 0.024% MACs|)
        (ls2): Identity(|0.0 M, 0.000% Params, 0.0 Mac, 0.000% MACs|)
        (drop_path2): Identity(|0.0 M, 0.000% Params, 0.0 Mac, 0.000% MACs|)
      )
    )
    (norm): LayerNorm((128,), eps=1e-05, elementwise_affine=True, |0.0 M, 0.012% Params, 128.0 Mac, 0.000% MACs|)
    (fc): Sequential(
      |0.001 M, 0.060% Params, 1.29 KMac, 0.000% MACs|
      (0): Linear(in_features=128, out_features=10, bias=True, |0.001 M, 0.060% Params, 1.29 KMac, 0.000% MACs|)
    )
    (trimmer): SequenceTrimmer(|0.0 M, 0.000% Params, 0.0 Mac, 0.000% MACs|)
  )
)[0m
[2026-06-17 19:55:54,212] INFO: Computational complexity:       271.61 MMac
[2026-06-17 19:55:54,212] INFO: Number of parameters:           2.14 M  
[2026-06-17 19:55:54,359] INFO: Total FLOPs:                    669.39 M
[2026-06-17 19:55:54,361] INFO: Using loss function CrossEntropyLoss() with options {}
[2026-06-17 19:55:54,361] INFO: Running in classification mode
[2026-06-17 19:55:54,467] INFO: Loading model external/particle_transformer/models/ParT_kinpid.pt for eval
[2026-06-17 19:55:54,486] INFO: Running on test file group HToBB with 1 files:
.../home/maxwelhelp/Рабочий стол/jetclass_tiny_balanced/HToBB_000.root
[2026-06-17 19:55:54,496] INFO: [0;37mpreprocess config: {'method': 'manual', 'data_fraction': 0.5, 'params': None}[0m
[2026-06-17 19:55:54,496] INFO: [0;37mselection: None[0m
[2026-06-17 19:55:54,496] INFO: [0;37mtest_time_selection: None[0m
[2026-06-17 19:55:54,496] INFO: [0;37mvar_funcs:
 - ('part_mask', 'ak.ones_like(part_energy)')
 - ('part_pt', 'np.hypot(part_px, part_py)')
 - ('part_pt_log', 'np.log(part_pt)')
 - ('part_e_log', 'np.log(part_energy)')
 - ('part_logptrel', 'np.log(part_pt/jet_pt)')
 - ('part_logerel', 'np.log(part_energy/jet_energy)')
 - ('part_deltaR', 'np.hypot(part_deta, part_dphi)')
 - ('_label_', 'np.argmax(np.stack([ak.to_numpy(label_QCD),ak.to_numpy(label_Hbb),ak.to_numpy(label_Hcc),ak.to_numpy(label_Hgg),ak.to_numpy(label_H4q),ak.to_numpy(label_Hqql),ak.to_numpy(label_Zqq),ak.to_numpy(label_Wqq),ak.to_numpy(label_Tbqq),ak.to_numpy(label_Tbl)], axis=1), axis=1)')
 - ('_labelcheck_', 'np.sum(np.stack([ak.to_numpy(label_QCD),ak.to_numpy(label_Hbb),ak.to_numpy(label_Hcc),ak.to_numpy(label_Hgg),ak.to_numpy(label_H4q),ak.to_numpy(label_Hqql),ak.to_numpy(label_Zqq),ak.to_numpy(label_Wqq),ak.to_numpy(label_Tbqq),ak.to_numpy(label_Tbl)], axis=1), axis=1)')[0m
[2026-06-17 19:55:54,496] INFO: [0;37minput_names: ('pf_points', 'pf_features', 'pf_vectors', 'pf_mask')[0m
[2026-06-17 19:55:54,496] INFO: [0;37minput_dicts:
 - ('pf_points', ['part_deta', 'part_dphi'])
 - ('pf_features', ['part_pt_log', 'part_e_log', 'part_logptrel', 'part_logerel', 'part_deltaR', 'part_charge', 'part_isChargedHadron', 'part_isNeutralHadron', 'part_isPhoton', 'part_isElectron', 'part_isMuon', 'part_deta', 'part_dphi'])
 - ('pf_vectors', ['part_px', 'part_py', 'part_pz', 'part_energy'])
 - ('pf_mask', ['part_mask'])[0m
[2026-06-17 19:55:54,496] INFO: [0;37minput_shapes:
 - ('pf_points', (-1, 2, 128))
 - ('pf_features', (-1, 13, 128))
 - ('pf_vectors', (-1, 4, 128))
 - ('pf_mask', (-1, 1, 128))[0m
[2026-06-17 19:55:54,497] INFO: [0;37mpreprocess_params:
 - ('part_deta', {'length': 128, 'pad_mode': 'wrap', 'center': None, 'scale': 1, 'min': -5, 'max': 5, 'pad_value': 0})
 - ('part_dphi', {'length': 128, 'pad_mode': 'wrap', 'center': None, 'scale': 1, 'min': -5, 'max': 5, 'pad_value': 0})
 - ('part_pt_log', {'length': 128, 'pad_mode': 'wrap', 'center': 1.7, 'scale': 0.7, 'min': -5, 'max': 5, 'pad_value': 0})
 - ('part_e_log', {'length': 128, 'pad_mode': 'wrap', 'center': 2.0, 'scale': 0.7, 'min': -5, 'max': 5, 'pad_value': 0})
 - ('part_logptrel', {'length': 128, 'pad_mode': 'wrap', 'center': -4.7, 'scale': 0.7, 'min': -5, 'max': 5, 'pad_value': 0})
 - ('part_logerel', {'length': 128, 'pad_mode': 'wrap', 'center': -4.7, 'scale': 0.7, 'min': -5, 'max': 5, 'pad_value': 0})
 - ('part_deltaR', {'length': 128, 'pad_mode': 'wrap', 'center': 0.2, 'scale': 4.0, 'min': -5, 'max': 5, 'pad_value': 0})
 - ('part_charge', {'length': 128, 'pad_mode': 'wrap', 'center': None, 'scale': 1, 'min': -5, 'max': 5, 'pad_value': 0})
 - ('part_isChargedHadron', {'length': 128, 'pad_mode': 'wrap', 'center': None, 'scale': 1, 'min': -5, 'max': 5, 'pad_value': 0})
 - ('part_isNeutralHadron', {'length': 128, 'pad_mode': 'wrap', 'center': None, 'scale': 1, 'min': -5, 'max': 5, 'pad_value': 0})
 - ('part_isPhoton', {'length': 128, 'pad_mode': 'wrap', 'center': None, 'scale': 1, 'min': -5, 'max': 5, 'pad_value': 0})
 - ('part_isElectron', {'length': 128, 'pad_mode': 'wrap', 'center': None, 'scale': 1, 'min': -5, 'max': 5, 'pad_value': 0})
 - ('part_isMuon', {'length': 128, 'pad_mode': 'wrap', 'center': None, 'scale': 1, 'min': -5, 'max': 5, 'pad_value': 0})
 - ('part_px', {'length': 128, 'pad_mode': 'wrap', 'center': None, 'scale': 1, 'min': -5, 'max': 5, 'pad_value': 0})
 - ('part_py', {'length': 128, 'pad_mode': 'wrap', 'center': None, 'scale': 1, 'min': -5, 'max': 5, 'pad_value': 0})
 - ('part_pz', {'length': 128, 'pad_mode': 'wrap', 'center': None, 'scale': 1, 'min': -5, 'max': 5, 'pad_value': 0})
 - ('part_energy', {'length': 128, 'pad_mode': 'wrap', 'center': None, 'scale': 1, 'min': -5, 'max': 5, 'pad_value': 0})
 - ('part_mask', {'length': 128, 'pad_mode': 'constant', 'center': None, 'scale': 1, 'min': -5, 'max': 5, 'pad_value': 0})[0m
[2026-06-17 19:55:54,497] INFO: [0;37mlabel_names: ('_label_',)[0m
[2026-06-17 19:55:54,497] INFO: [0;37mobserver_names: ('jet_pt', 'jet_eta', 'jet_phi', 'jet_energy', 'jet_nparticles', 'jet_sdmass', 'jet_tau1', 'jet_tau2', 'jet_tau3', 'jet_tau4')[0m
[2026-06-17 19:55:54,497] INFO: [0;37mmonitor_variables: ()[0m
[2026-06-17 19:55:54,507] INFO: [0;37mpreprocess config: {'method': 'manual', 'data_fraction': 0.5, 'params': None}[0m
[2026-06-17 19:55:54,507] INFO: [0;37mselection: None[0m
[2026-06-17 19:55:54,507] INFO: [0;37mtest_time_selection: None[0m
[2026-06-17 19:55:54,507] INFO: [0;37mvar_funcs:
 - ('part_mask', 'ak.ones_like(part_energy)')
 - ('part_pt', 'np.hypot(part_px, part_py)')
 - ('part_pt_log', 'np.log(part_pt)')
 - ('part_e_log', 'np.log(part_energy)')
 - ('part_logptrel', 'np.log(part_pt/jet_pt)')
 - ('part_logerel', 'np.log(part_energy/jet_energy)')
 - ('part_deltaR', 'np.hypot(part_deta, part_dphi)')
 - ('_label_', 'np.argmax(np.stack([ak.to_numpy(label_QCD),ak.to_numpy(label_Hbb),ak.to_numpy(label_Hcc),ak.to_numpy(label_Hgg),ak.to_numpy(label_H4q),ak.to_numpy(label_Hqql),ak.to_numpy(label_Zqq),ak.to_numpy(label_Wqq),ak.to_numpy(label_Tbqq),ak.to_numpy(label_Tbl)], axis=1), axis=1)')
 - ('_labelcheck_', 'np.sum(np.stack([ak.to_numpy(label_QCD),ak.to_numpy(label_Hbb),ak.to_numpy(label_Hcc),ak.to_numpy(label_Hgg),ak.to_numpy(label_H4q),ak.to_numpy(label_Hqql),ak.to_numpy(label_Zqq),ak.to_numpy(label_Wqq),ak.to_numpy(label_Tbqq),ak.to_numpy(label_Tbl)], axis=1), axis=1)')[0m
[2026-06-17 19:55:54,507] INFO: [0;37minput_names: ('pf_points', 'pf_features', 'pf_vectors', 'pf_mask')[0m
[2026-06-17 19:55:54,507] INFO: [0;37minput_dicts:
 - ('pf_points', ['part_deta', 'part_dphi'])
 - ('pf_features', ['part_pt_log', 'part_e_log', 'part_logptrel', 'part_logerel', 'part_deltaR', 'part_charge', 'part_isChargedHadron', 'part_isNeutralHadron', 'part_isPhoton', 'part_isElectron', 'part_isMuon', 'part_deta', 'part_dphi'])
 - ('pf_vectors', ['part_px', 'part_py', 'part_pz', 'part_energy'])
 - ('pf_mask', ['part_mask'])[0m
[2026-06-17 19:55:54,508] INFO: [0;37minput_shapes:
 - ('pf_points', (-1, 2, 128))
 - ('pf_features', (-1, 13, 128))
 - ('pf_vectors', (-1, 4, 128))
 - ('pf_mask', (-1, 1, 128))[0m
[2026-06-17 19:55:54,508] INFO: [0;37mpreprocess_params:
 - ('part_deta', {'length': 128, 'pad_mode': 'wrap', 'center': None, 'scale': 1, 'min': -5, 'max': 5, 'pad_value': 0})
 - ('part_dphi', {'length': 128, 'pad_mode': 'wrap', 'center': None, 'scale': 1, 'min': -5, 'max': 5, 'pad_value': 0})
 - ('part_pt_log', {'length': 128, 'pad_mode': 'wrap', 'center': 1.7, 'scale': 0.7, 'min': -5, 'max': 5, 'pad_value': 0})
 - ('part_e_log', {'length': 128, 'pad_mode': 'wrap', 'center': 2.0, 'scale': 0.7, 'min': -5, 'max': 5, 'pad_value': 0})
 - ('part_logptrel', {'length': 128, 'pad_mode': 'wrap', 'center': -4.7, 'scale': 0.7, 'min': -5, 'max': 5, 'pad_value': 0})
 - ('part_logerel', {'length': 128, 'pad_mode': 'wrap', 'center': -4.7, 'scale': 0.7, 'min': -5, 'max': 5, 'pad_value': 0})
 - ('part_deltaR', {'length': 128, 'pad_mode': 'wrap', 'center': 0.2, 'scale': 4.0, 'min': -5, 'max': 5, 'pad_value': 0})
 - ('part_charge', {'length': 128, 'pad_mode': 'wrap', 'center': None, 'scale': 1, 'min': -5, 'max': 5, 'pad_value': 0})
 - ('part_isChargedHadron', {'length': 128, 'pad_mode': 'wrap', 'center': None, 'scale': 1, 'min': -5, 'max': 5, 'pad_value': 0})
 - ('part_isNeutralHadron', {'length': 128, 'pad_mode': 'wrap', 'center': None, 'scale': 1, 'min': -5, 'max': 5, 'pad_value': 0})
 - ('part_isPhoton', {'length': 128, 'pad_mode': 'wrap', 'center': None, 'scale': 1, 'min': -5, 'max': 5, 'pad_value': 0})
 - ('part_isElectron', {'length': 128, 'pad_mode': 'wrap', 'center': None, 'scale': 1, 'min': -5, 'max': 5, 'pad_value': 0})
 - ('part_isMuon', {'length': 128, 'pad_mode': 'wrap', 'center': None, 'scale': 1, 'min': -5, 'max': 5, 'pad_value': 0})
 - ('part_px', {'length': 128, 'pad_mode': 'wrap', 'center': None, 'scale': 1, 'min': -5, 'max': 5, 'pad_value': 0})
 - ('part_py', {'length': 128, 'pad_mode': 'wrap', 'center': None, 'scale': 1, 'min': -5, 'max': 5, 'pad_value': 0})
 - ('part_pz', {'length': 128, 'pad_mode': 'wrap', 'center': None, 'scale': 1, 'min': -5, 'max': 5, 'pad_value': 0})
 - ('part_energy', {'length': 128, 'pad_mode': 'wrap', 'center': None, 'scale': 1, 'min': -5, 'max': 5, 'pad_value': 0})
 - ('part_mask', {'length': 128, 'pad_mode': 'constant', 'center': None, 'scale': 1, 'min': -5, 'max': 5, 'pad_value': 0})[0m
[2026-06-17 19:55:54,508] INFO: [0;37mlabel_names: ('_label_',)[0m
[2026-06-17 19:55:54,508] INFO: [0;37mobserver_names: ('jet_pt', 'jet_eta', 'jet_phi', 'jet_energy', 'jet_nparticles', 'jet_sdmass', 'jet_tau1', 'jet_tau2', 'jet_tau3', 'jet_tau4')[0m
[2026-06-17 19:55:54,508] INFO: [0;37mmonitor_variables: ()[0m
[2026-06-17 19:55:54,550] INFO: === Restarting DataIter test_HToBB_worker0, seed=135529986 ===
[2026-06-17 19:55:54,550] INFO: Restarted DataIter test_HToBB_worker0, load_range=(0, 1), file_list:
{
  "HToBB": [
    "/home/maxwelhelp/\u0420\u0430\u0431\u043e\u0447\u0438\u0439 \u0441\u0442\u043e\u043b/jetclass_tiny_balanced/HToBB_000.root"
  ]
}
[2026-06-17 19:56:57,962] INFO: Processed 100000 entries in total (avg. speed 1576.0 entries/s)
[2026-06-17 19:56:57,962] INFO: Eval AvgLoss: 0.00000, AvgAcc: 0.00276
[2026-06-17 19:56:57,962] INFO: Evaluation class distribution: 
    [(np.int64(1), 100000)]
[2026-06-17 19:56:57,994] WARNING: Cannot compute metric roc_auc_score: Number of classes in y_true not equal to the number of columns in 'y_score'
[2026-06-17 19:56:58,715] INFO: Evaluation metrics: 
    - roc_auc_score: 
None
    - roc_auc_score_matrix: 
[[ 0. nan nan nan nan nan nan nan nan nan]
 [ 0.  0. nan nan nan nan nan nan nan nan]
 [ 0.  0.  0. nan nan nan nan nan nan nan]
 [ 0.  0.  0.  0. nan nan nan nan nan nan]
 [ 0.  0.  0.  0.  0. nan nan nan nan nan]
 [ 0.  0.  0.  0.  0.  0. nan nan nan nan]
 [ 0.  0.  0.  0.  0.  0.  0. nan nan nan]
 [ 0.  0.  0.  0.  0.  0.  0.  0. nan nan]
 [ 0.  0.  0.  0.  0.  0.  0.  0.  0. nan]
 [ 0.  0.  0.  0.  0.  0.  0.  0.  0.  0.]]
    - confusion_matrix: 
[[0.0000e+00 0.0000e+00 0.0000e+00 0.0000e+00 0.0000e+00 0.0000e+00
  0.0000e+00 0.0000e+00 0.0000e+00 0.0000e+00]
 [8.0713e-01 2.7600e-03 9.8100e-03 1.1300e-03 1.1340e-02 8.0000e-04
  1.3399e-01 2.7600e-02 2.0000e-04 5.2400e-03]
 [0.0000e+00 0.0000e+00 0.0000e+00 0.0000e+00 0.0000e+00 0.0000e+00
  0.0000e+00 0.0000e+00 0.0000e+00 0.0000e+00]
 [0.0000e+00 0.0000e+00 0.0000e+00 0.0000e+00 0.0000e+00 0.0000e+00
  0.0000e+00 0.0000e+00 0.0000e+00 0.0000e+00]
 [0.0000e+00 0.0000e+00 0.0000e+00 0.0000e+00 0.0000e+00 0.0000e+00
  0.0000e+00 0.0000e+00 0.0000e+00 0.0000e+00]
 [0.0000e+00 0.0000e+00 0.0000e+00 0.0000e+00 0.0000e+00 0.0000e+00
  0.0000e+00 0.0000e+00 0.0000e+00 0.0000e+00]
 [0.0000e+00 0.0000e+00 0.0000e+00 0.0000e+00 0.0000e+00 0.0000e+00
  0.0000e+00 0.0000e+00 0.0000e+00 0.0000e+00]
 [0.0000e+00 0.0000e+00 0.0000e+00 0.0000e+00 0.0000e+00 0.0000e+00
  0.0000e+00 0.0000e+00 0.0000e+00 0.0000e+00]
 [0.0000e+00 0.0000e+00 0.0000e+00 0.0000e+00 0.0000e+00 0.0000e+00
  0.0000e+00 0.0000e+00 0.0000e+00 0.0000e+00]
 [0.0000e+00 0.0000e+00 0.0000e+00 0.0000e+00 0.0000e+00 0.0000e+00
  0.0000e+00 0.0000e+00 0.0000e+00 0.0000e+00]]
[2026-06-17 19:57:00,607] INFO: [1mTest metric 0.00276[0m
[2026-06-17 19:57:00,825] INFO: [1mWritten output to reports/latest/part_weaver_predict_grouped_v1_HToBB.root[0m
[2026-06-17 19:57:00,826] INFO: Running on test file group HToCC with 1 files:
.../home/maxwelhelp/Рабочий стол/jetclass_tiny_balanced/HToCC_000.root
[2026-06-17 19:57:00,838] INFO: [0;37mpreprocess config: {'method': 'manual', 'data_fraction': 0.5, 'params': None}[0m
[2026-06-17 19:57:00,838] INFO: [0;37mselection: None[0m
[2026-06-17 19:57:00,838] INFO: [0;37mtest_time_selection: None[0m
[2026-06-17 19:57:00,838] INFO: [0;37mvar_funcs:
 - ('part_mask', 'ak.ones_like(part_energy)')
 - ('part_pt', 'np.hypot(part_px, part_py)')
 - ('part_pt_log', 'np.log(part_pt)')
 - ('part_e_log', 'np.log(part_energy)')
 - ('part_logptrel', 'np.log(part_pt/jet_pt)')
 - ('part_logerel', 'np.log(part_energy/jet_energy)')
 - ('part_deltaR', 'np.hypot(part_deta, part_dphi)')
 - ('_label_', 'np.argmax(np.stack([ak.to_numpy(label_QCD),ak.to_numpy(label_Hbb),ak.to_numpy(label_Hcc),ak.to_numpy(label_Hgg),ak.to_numpy(label_H4q),ak.to_numpy(label_Hqql),ak.to_numpy(label_Zqq),ak.to_numpy(label_Wqq),ak.to_numpy(label_Tbqq),ak.to_numpy(label_Tbl)], axis=1), axis=1)')
 - ('_labelcheck_', 'np.sum(np.stack([ak.to_numpy(label_QCD),ak.to_numpy(label_Hbb),ak.to_numpy(label_Hcc),ak.to_numpy(label_Hgg),ak.to_numpy(label_H4q),ak.to_numpy(label_Hqql),ak.to_numpy(label_Zqq),ak.to_numpy(label_Wqq),ak.to_numpy(label_Tbqq),ak.to_numpy(label_Tbl)], axis=1), axis=1)')[0m
[2026-06-17 19:57:00,838] INFO: [0;37minput_names: ('pf_points', 'pf_features', 'pf_vectors', 'pf_mask')[0m
[2026-06-17 19:57:00,838] INFO: [0;37minput_dicts:
 - ('pf_points', ['part_deta', 'part_dphi'])
 - ('pf_features', ['part_pt_log', 'part_e_log', 'part_logptrel', 'part_logerel', 'part_deltaR', 'part_charge', 'part_isChargedHadron', 'part_isNeutralHadron', 'part_isPhoton', 'part_isElectron', 'part_isMuon', 'part_deta', 'part_dphi'])
 - ('pf_vectors', ['part_px', 'part_py', 'part_pz', 'part_energy'])
 - ('pf_mask', ['part_mask'])[0m
[2026-06-17 19:57:00,838] INFO: [0;37minput_shapes:
 - ('pf_points', (-1, 2, 128))
 - ('pf_features', (-1, 13, 128))
 - ('pf_vectors', (-1, 4, 128))
 - ('pf_mask', (-1, 1, 128))[0m
[2026-06-17 19:57:00,838] INFO: [0;37mpreprocess_params:
 - ('part_deta', {'length': 128, 'pad_mode': 'wrap', 'center': None, 'scale': 1, 'min': -5, 'max': 5, 'pad_value': 0})
 - ('part_dphi', {'length': 128, 'pad_mode': 'wrap', 'center': None, 'scale': 1, 'min': -5, 'max': 5, 'pad_value': 0})
 - ('part_pt_log', {'length': 128, 'pad_mode': 'wrap', 'center': 1.7, 'scale': 0.7, 'min': -5, 'max': 5, 'pad_value': 0})
 - ('part_e_log', {'length': 128, 'pad_mode': 'wrap', 'center': 2.0, 'scale': 0.7, 'min': -5, 'max': 5, 'pad_value': 0})
 - ('part_logptrel', {'length': 128, 'pad_mode': 'wrap', 'center': -4.7, 'scale': 0.7, 'min': -5, 'max': 5, 'pad_value': 0})
 - ('part_logerel', {'length': 128, 'pad_mode': 'wrap', 'center': -4.7, 'scale': 0.7, 'min': -5, 'max': 5, 'pad_value': 0})
 - ('part_deltaR', {'length': 128, 'pad_mode': 'wrap', 'center': 0.2, 'scale': 4.0, 'min': -5, 'max': 5, 'pad_value': 0})
 - ('part_charge', {'length': 128, 'pad_mode': 'wrap', 'center': None, 'scale': 1, 'min': -5, 'max': 5, 'pad_value': 0})
 - ('part_isChargedHadron', {'length': 128, 'pad_mode': 'wrap', 'center': None, 'scale': 1, 'min': -5, 'max': 5, 'pad_value': 0})
 - ('part_isNeutralHadron', {'length': 128, 'pad_mode': 'wrap', 'center': None, 'scale': 1, 'min': -5, 'max': 5, 'pad_value': 0})
 - ('part_isPhoton', {'length': 128, 'pad_mode': 'wrap', 'center': None, 'scale': 1, 'min': -5, 'max': 5, 'pad_value': 0})
 - ('part_isElectron', {'length': 128, 'pad_mode': 'wrap', 'center': None, 'scale': 1, 'min': -5, 'max': 5, 'pad_value': 0})
 - ('part_isMuon', {'length': 128, 'pad_mode': 'wrap', 'center': None, 'scale': 1, 'min': -5, 'max': 5, 'pad_value': 0})
 - ('part_px', {'length': 128, 'pad_mode': 'wrap', 'center': None, 'scale': 1, 'min': -5, 'max': 5, 'pad_value': 0})
 - ('part_py', {'length': 128, 'pad_mode': 'wrap', 'center': None, 'scale': 1, 'min': -5, 'max': 5, 'pad_value': 0})
 - ('part_pz', {'length': 128, 'pad_mode': 'wrap', 'center': None, 'scale': 1, 'min': -5, 'max': 5, 'pad_value': 0})
 - ('part_energy', {'length': 128, 'pad_mode': 'wrap', 'center': None, 'scale': 1, 'min': -5, 'max': 5, 'pad_value': 0})
 - ('part_mask', {'length': 128, 'pad_mode': 'constant', 'center': None, 'scale': 1, 'min': -5, 'max': 5, 'pad_value': 0})[0m
[2026-06-17 19:57:00,839] INFO: [0;37mlabel_names: ('_label_',)[0m
[2026-06-17 19:57:00,839] INFO: [0;37mobserver_names: ('jet_pt', 'jet_eta', 'jet_phi', 'jet_energy', 'jet_nparticles', 'jet_sdmass', 'jet_tau1', 'jet_tau2', 'jet_tau3', 'jet_tau4')[0m
[2026-06-17 19:57:00,839] INFO: [0;37mmonitor_variables: ()[0m
[2026-06-17 19:57:00,851] INFO: [0;37mpreprocess config: {'method': 'manual', 'data_fraction': 0.5, 'params': None}[0m
[2026-06-17 19:57:00,852] INFO: [0;37mselection: None[0m
[2026-06-17 19:57:00,852] INFO: [0;37mtest_time_selection: None[0m
[2026-06-17 19:57:00,852] INFO: [0;37mvar_funcs:
 - ('part_mask', 'ak.ones_like(part_energy)')
 - ('part_pt', 'np.hypot(part_px, part_py)')
 - ('part_pt_log', 'np.log(part_pt)')
 - ('part_e_log', 'np.log(part_energy)')
 - ('part_logptrel', 'np.log(part_pt/jet_pt)')
 - ('part_logerel', 'np.log(part_energy/jet_energy)')
 - ('part_deltaR', 'np.hypot(part_deta, part_dphi)')
 - ('_label_', 'np.argmax(np.stack([ak.to_numpy(label_QCD),ak.to_numpy(label_Hbb),ak.to_numpy(label_Hcc),ak.to_numpy(label_Hgg),ak.to_numpy(label_H4q),ak.to_numpy(label_Hqql),ak.to_numpy(label_Zqq),ak.to_numpy(label_Wqq),ak.to_numpy(label_Tbqq),ak.to_numpy(label_Tbl)], axis=1), axis=1)')
 - ('_labelcheck_', 'np.sum(np.stack([ak.to_numpy(label_QCD),ak.to_numpy(label_Hbb),ak.to_numpy(label_Hcc),ak.to_numpy(label_Hgg),ak.to_numpy(label_H4q),ak.to_numpy(label_Hqql),ak.to_numpy(label_Zqq),ak.to_numpy(label_Wqq),ak.to_numpy(label_Tbqq),ak.to_numpy(label_Tbl)], axis=1), axis=1)')[0m
[2026-06-17 19:57:00,852] INFO: [0;37minput_names: ('pf_points', 'pf_features', 'pf_vectors', 'pf_mask')[0m
[2026-06-17 19:57:00,852] INFO: [0;37minput_dicts:
 - ('pf_points', ['part_deta', 'part_dphi'])
 - ('pf_features', ['part_pt_log', 'part_e_log', 'part_logptrel', 'part_logerel', 'part_deltaR', 'part_charge', 'part_isChargedHadron', 'part_isNeutralHadron', 'part_isPhoton', 'part_isElectron', 'part_isMuon', 'part_deta', 'part_dphi'])
 - ('pf_vectors', ['part_px', 'part_py', 'part_pz', 'part_energy'])
 - ('pf_mask', ['part_mask'])[0m
[2026-06-17 19:57:00,852] INFO: [0;37minput_shapes:
 - ('pf_points', (-1, 2, 128))
 - ('pf_features', (-1, 13, 128))
 - ('pf_vectors', (-1, 4, 128))
 - ('pf_mask', (-1, 1, 128))[0m
[2026-06-17 19:57:00,852] INFO: [0;37mpreprocess_params:
 - ('part_deta', {'length': 128, 'pad_mode': 'wrap', 'center': None, 'scale': 1, 'min': -5, 'max': 5, 'pad_value': 0})
 - ('part_dphi', {'length': 128, 'pad_mode': 'wrap', 'center': None, 'scale': 1, 'min': -5, 'max': 5, 'pad_value': 0})
 - ('part_pt_log', {'length': 128, 'pad_mode': 'wrap', 'center': 1.7, 'scale': 0.7, 'min': -5, 'max': 5, 'pad_value': 0})
 - ('part_e_log', {'length': 128, 'pad_mode': 'wrap', 'center': 2.0, 'scale': 0.7, 'min': -5, 'max': 5, 'pad_value': 0})
 - ('part_logptrel', {'length': 128, 'pad_mode': 'wrap', 'center': -4.7, 'scale': 0.7, 'min': -5, 'max': 5, 'pad_value': 0})
 - ('part_logerel', {'length': 128, 'pad_mode': 'wrap', 'center': -4.7, 'scale': 0.7, 'min': -5, 'max': 5, 'pad_value': 0})
 - ('part_deltaR', {'length': 128, 'pad_mode': 'wrap', 'center': 0.2, 'scale': 4.0, 'min': -5, 'max': 5, 'pad_value': 0})
 - ('part_charge', {'length': 128, 'pad_mode': 'wrap', 'center': None, 'scale': 1, 'min': -5, 'max': 5, 'pad_value': 0})
 - ('part_isChargedHadron', {'length': 128, 'pad_mode': 'wrap', 'center': None, 'scale': 1, 'min': -5, 'max': 5, 'pad_value': 0})
 - ('part_isNeutralHadron', {'length': 128, 'pad_mode': 'wrap', 'center': None, 'scale': 1, 'min': -5, 'max': 5, 'pad_value': 0})
 - ('part_isPhoton', {'length': 128, 'pad_mode': 'wrap', 'center': None, 'scale': 1, 'min': -5, 'max': 5, 'pad_value': 0})
 - ('part_isElectron', {'length': 128, 'pad_mode': 'wrap', 'center': None, 'scale': 1, 'min': -5, 'max': 5, 'pad_value': 0})
 - ('part_isMuon', {'length': 128, 'pad_mode': 'wrap', 'center': None, 'scale': 1, 'min': -5, 'max': 5, 'pad_value': 0})
 - ('part_px', {'length': 128, 'pad_mode': 'wrap', 'center': None, 'scale': 1, 'min': -5, 'max': 5, 'pad_value': 0})
 - ('part_py', {'length': 128, 'pad_mode': 'wrap', 'center': None, 'scale': 1, 'min': -5, 'max': 5, 'pad_value': 0})
 - ('part_pz', {'length': 128, 'pad_mode': 'wrap', 'center': None, 'scale': 1, 'min': -5, 'max': 5, 'pad_value': 0})
 - ('part_energy', {'length': 128, 'pad_mode': 'wrap', 'center': None, 'scale': 1, 'min': -5, 'max': 5, 'pad_value': 0})
 - ('part_mask', {'length': 128, 'pad_mode': 'constant', 'center': None, 'scale': 1, 'min': -5, 'max': 5, 'pad_value': 0})[0m
[2026-06-17 19:57:00,852] INFO: [0;37mlabel_names: ('_label_',)[0m
[2026-06-17 19:57:00,853] INFO: [0;37mobserver_names: ('jet_pt', 'jet_eta', 'jet_phi', 'jet_energy', 'jet_nparticles', 'jet_sdmass', 'jet_tau1', 'jet_tau2', 'jet_tau3', 'jet_tau4')[0m
[2026-06-17 19:57:00,853] INFO: [0;37mmonitor_variables: ()[0m
[2026-06-17 19:57:00,960] INFO: === Restarting DataIter test_HToCC_worker0, seed=1420345442 ===
[2026-06-17 19:57:00,961] INFO: Restarted DataIter test_HToCC_worker0, load_range=(0, 1), file_list:
{
  "HToCC": [
    "/home/maxwelhelp/\u0420\u0430\u0431\u043e\u0447\u0438\u0439 \u0441\u0442\u043e\u043b/jetclass_tiny_balanced/HToCC_000.root"
  ]
}
[2026-06-17 19:58:02,519] INFO: Processed 100000 entries in total (avg. speed 1623.4 entries/s)
[2026-06-17 19:58:02,520] INFO: Eval AvgLoss: 0.00000, AvgAcc: 0.00886
[2026-06-17 19:58:02,520] INFO: Evaluation class distribution: 
    [(np.int64(2), 100000)]
[2026-06-17 19:58:02,544] WARNING: Cannot compute metric roc_auc_score: Number of classes in y_true not equal to the number of columns in 'y_score'
[2026-06-17 19:58:03,200] INFO: Evaluation metrics: 
    - roc_auc_score: 
None
    - roc_auc_score_matrix: 
[[ 0. nan nan nan nan nan nan nan nan nan]
 [ 0.  0. nan nan nan nan nan nan nan nan]
 [ 0.  0.  0. nan nan nan nan nan nan nan]
 [ 0.  0.  0.  0. nan nan nan nan nan nan]
 [ 0.  0.  0.  0.  0. nan nan nan nan nan]
 [ 0.  0.  0.  0.  0.  0. nan nan nan nan]
 [ 0.  0.  0.  0.  0.  0.  0. nan nan nan]
 [ 0.  0.  0.  0.  0.  0.  0.  0. nan nan]
 [ 0.  0.  0.  0.  0.  0.  0.  0.  0. nan]
 [ 0.  0.  0.  0.  0.  0.  0.  0.  0.  0.]]
    - confusion_matrix: 
[[0.0000e+00 0.0000e+00 0.0000e+00 0.0000e+00 0.0000e+00 0.0000e+00
  0.0000e+00 0.0000e+00 0.0000e+00 0.0000e+00]
 [0.0000e+00 0.0000e+00 0.0000e+00 0.0000e+00 0.0000e+00 0.0000e+00
  0.0000e+00 0.0000e+00 0.0000e+00 0.0000e+00]
 [7.6651e-01 2.8100e-03 8.8600e-03 6.5000e-04 8.0500e-03 1.9000e-04
  1.7414e-01 3.7400e-02 9.0000e-05 1.3000e-03]
 [0.0000e+00 0.0000e+00 0.0000e+00 0.0000e+00 0.0000e+00 0.0000e+00
  0.0000e+00 0.0000e+00 0.0000e+00 0.0000e+00]
 [0.0000e+00 0.0000e+00 0.0000e+00 0.0000e+00 0.0000e+00 0.0000e+00
  0.0000e+00 0.0000e+00 0.0000e+00 0.0000e+00]
 [0.0000e+00 0.0000e+00 0.0000e+00 0.0000e+00 0.0000e+00 0.0000e+00
  0.0000e+00 0.0000e+00 0.0000e+00 0.0000e+00]
 [0.0000e+00 0.0000e+00 0.0000e+00 0.0000e+00 0.0000e+00 0.0000e+00
  0.0000e+00 0.0000e+00 0.0000e+00 0.0000e+00]
 [0.0000e+00 0.0000e+00 0.0000e+00 0.0000e+00 0.0000e+00 0.0000e+00
  0.0000e+00 0.0000e+00 0.0000e+00 0.0000e+00]
 [0.0000e+00 0.0000e+00 0.0000e+00 0.0000e+00 0.0000e+00 0.0000e+00
  0.0000e+00 0.0000e+00 0.0000e+00 0.0000e+00]
 [0.0000e+00 0.0000e+00 0.0000e+00 0.0000e+00 0.0000e+00 0.0000e+00
  0.0000e+00 0.0000e+00 0.0000e+00 0.0000e+00]]
[2026-06-17 19:58:05,079] INFO: [1mTest metric 0.00886[0m
[2026-06-17 19:58:05,131] INFO: [1mWritten output to reports/latest/part_weaver_predict_grouped_v1_HToCC.root[0m
[2026-06-17 19:58:05,131] INFO: Running on test file group HToGG with 1 files:
.../home/maxwelhelp/Рабочий стол/jetclass_tiny_balanced/HToGG_000.root
[2026-06-17 19:58:05,141] INFO: [0;37mpreprocess config: {'method': 'manual', 'data_fraction': 0.5, 'params': None}[0m
[2026-06-17 19:58:05,142] INFO: [0;37mselection: None[0m
[2026-06-17 19:58:05,142] INFO: [0;37mtest_time_selection: None[0m
[2026-06-17 19:58:05,142] INFO: [0;37mvar_funcs:
 - ('part_mask', 'ak.ones_like(part_energy)')
 - ('part_pt', 'np.hypot(part_px, part_py)')
 - ('part_pt_log', 'np.log(part_pt)')
 - ('part_e_log', 'np.log(part_energy)')
 - ('part_logptrel', 'np.log(part_pt/jet_pt)')
 - ('part_logerel', 'np.log(part_energy/jet_energy)')
 - ('part_deltaR', 'np.hypot(part_deta, part_dphi)')
 - ('_label_', 'np.argmax(np.stack([ak.to_numpy(label_QCD),ak.to_numpy(label_Hbb),ak.to_numpy(label_Hcc),ak.to_numpy(label_Hgg),ak.to_numpy(label_H4q),ak.to_numpy(label_Hqql),ak.to_numpy(label_Zqq),ak.to_numpy(label_Wqq),ak.to_numpy(label_Tbqq),ak.to_numpy(label_Tbl)], axis=1), axis=1)')
 - ('_labelcheck_', 'np.sum(np.stack([ak.to_numpy(label_QCD),ak.to_numpy(label_Hbb),ak.to_numpy(label_Hcc),ak.to_numpy(label_Hgg),ak.to_numpy(label_H4q),ak.to_numpy(label_Hqql),ak.to_numpy(label_Zqq),ak.to_numpy(label_Wqq),ak.to_numpy(label_Tbqq),ak.to_numpy(label_Tbl)], axis=1), axis=1)')[0m
[2026-06-17 19:58:05,142] INFO: [0;37minput_names: ('pf_points', 'pf_features', 'pf_vectors', 'pf_mask')[0m
[2026-06-17 19:58:05,142] INFO: [0;37minput_dicts:
 - ('pf_points', ['part_deta', 'part_dphi'])
 - ('pf_features', ['part_pt_log', 'part_e_log', 'part_logptrel', 'part_logerel', 'part_deltaR', 'part_charge', 'part_isChargedHadron', 'part_isNeutralHadron', 'part_isPhoton', 'part_isElectron', 'part_isMuon', 'part_deta', 'part_dphi'])
 - ('pf_vectors', ['part_px', 'part_py', 'part_pz', 'part_energy'])
 - ('pf_mask', ['part_mask'])[0m
[2026-06-17 19:58:05,142] INFO: [0;37minput_shapes:
 - ('pf_points', (-1, 2, 128))
 - ('pf_features', (-1, 13, 128))
 - ('pf_vectors', (-1, 4, 128))
 - ('pf_mask', (-1, 1, 128))[0m
[2026-06-17 19:58:05,142] INFO: [0;37mpreprocess_params:
 - ('part_deta', {'length': 128, 'pad_mode': 'wrap', 'center': None, 'scale': 1, 'min': -5, 'max': 5, 'pad_value': 0})
 - ('part_dphi', {'length': 128, 'pad_mode': 'wrap', 'center': None, 'scale': 1, 'min': -5, 'max': 5, 'pad_value': 0})
 - ('part_pt_log', {'length': 128, 'pad_mode': 'wrap', 'center': 1.7, 'scale': 0.7, 'min': -5, 'max': 5, 'pad_value': 0})
 - ('part_e_log', {'length': 128, 'pad_mode': 'wrap', 'center': 2.0, 'scale': 0.7, 'min': -5, 'max': 5, 'pad_value': 0})
 - ('part_logptrel', {'length': 128, 'pad_mode': 'wrap', 'center': -4.7, 'scale': 0.7, 'min': -5, 'max': 5, 'pad_value': 0})
 - ('part_logerel', {'length': 128, 'pad_mode': 'wrap', 'center': -4.7, 'scale': 0.7, 'min': -5, 'max': 5, 'pad_value': 0})
 - ('part_deltaR', {'length': 128, 'pad_mode': 'wrap', 'center': 0.2, 'scale': 4.0, 'min': -5, 'max': 5, 'pad_value': 0})
 - ('part_charge', {'length': 128, 'pad_mode': 'wrap', 'center': None, 'scale': 1, 'min': -5, 'max': 5, 'pad_value': 0})
 - ('part_isChargedHadron', {'length': 128, 'pad_mode': 'wrap', 'center': None, 'scale': 1, 'min': -5, 'max': 5, 'pad_value': 0})
 - ('part_isNeutralHadron', {'length': 128, 'pad_mode': 'wrap', 'center': None, 'scale': 1, 'min': -5, 'max': 5, 'pad_value': 0})
 - ('part_isPhoton', {'length': 128, 'pad_mode': 'wrap', 'center': None, 'scale': 1, 'min': -5, 'max': 5, 'pad_value': 0})
 - ('part_isElectron', {'length': 128, 'pad_mode': 'wrap', 'center': None, 'scale': 1, 'min': -5, 'max': 5, 'pad_value': 0})
 - ('part_isMuon', {'length': 128, 'pad_mode': 'wrap', 'center': None, 'scale': 1, 'min': -5, 'max': 5, 'pad_value': 0})
 - ('part_px', {'length': 128, 'pad_mode': 'wrap', 'center': None, 'scale': 1, 'min': -5, 'max': 5, 'pad_value': 0})
 - ('part_py', {'length': 128, 'pad_mode': 'wrap', 'center': None, 'scale': 1, 'min': -5, 'max': 5, 'pad_value': 0})
 - ('part_pz', {'length': 128, 'pad_mode': 'wrap', 'center': None, 'scale': 1, 'min': -5, 'max': 5, 'pad_value': 0})
 - ('part_energy', {'length': 128, 'pad_mode': 'wrap', 'center': None, 'scale': 1, 'min': -5, 'max': 5, 'pad_value': 0})
 - ('part_mask', {'length': 128, 'pad_mode': 'constant', 'center': None, 'scale': 1, 'min': -5, 'max': 5, 'pad_value': 0})[0m
[2026-06-17 19:58:05,142] INFO: [0;37mlabel_names: ('_label_',)[0m
[2026-06-17 19:58:05,142] INFO: [0;37mobserver_names: ('jet_pt', 'jet_eta', 'jet_phi', 'jet_energy', 'jet_nparticles', 'jet_sdmass', 'jet_tau1', 'jet_tau2', 'jet_tau3', 'jet_tau4')[0m
[2026-06-17 19:58:05,142] INFO: [0;37mmonitor_variables: ()[0m
[2026-06-17 19:58:05,152] INFO: [0;37mpreprocess config: {'method': 'manual', 'data_fraction': 0.5, 'params': None}[0m
[2026-06-17 19:58:05,152] INFO: [0;37mselection: None[0m
[2026-06-17 19:58:05,152] INFO: [0;37mtest_time_selection: None[0m
[2026-06-17 19:58:05,152] INFO: [0;37mvar_funcs:
 - ('part_mask', 'ak.ones_like(part_energy)')
 - ('part_pt', 'np.hypot(part_px, part_py)')
 - ('part_pt_log', 'np.log(part_pt)')
 - ('part_e_log', 'np.log(part_energy)')
 - ('part_logptrel', 'np.log(part_pt/jet_pt)')
 - ('part_logerel', 'np.log(part_energy/jet_energy)')
 - ('part_deltaR', 'np.hypot(part_deta, part_dphi)')
 - ('_label_', 'np.argmax(np.stack([ak.to_numpy(label_QCD),ak.to_numpy(label_Hbb),ak.to_numpy(label_Hcc),ak.to_numpy(label_Hgg),ak.to_numpy(label_H4q),ak.to_numpy(label_Hqql),ak.to_numpy(label_Zqq),ak.to_numpy(label_Wqq),ak.to_numpy(label_Tbqq),ak.to_numpy(label_Tbl)], axis=1), axis=1)')
 - ('_labelcheck_', 'np.sum(np.stack([ak.to_numpy(label_QCD),ak.to_numpy(label_Hbb),ak.to_numpy(label_Hcc),ak.to_numpy(label_Hgg),ak.to_numpy(label_H4q),ak.to_numpy(label_Hqql),ak.to_numpy(label_Zqq),ak.to_numpy(label_Wqq),ak.to_numpy(label_Tbqq),ak.to_numpy(label_Tbl)], axis=1), axis=1)')[0m
[2026-06-17 19:58:05,153] INFO: [0;37minput_names: ('pf_points', 'pf_features', 'pf_vectors', 'pf_mask')[0m
[2026-06-17 19:58:05,153] INFO: [0;37minput_dicts:
 - ('pf_points', ['part_deta', 'part_dphi'])
 - ('pf_features', ['part_pt_log', 'part_e_log', 'part_logptrel', 'part_logerel', 'part_deltaR', 'part_charge', 'part_isChargedHadron', 'part_isNeutralHadron', 'part_isPhoton', 'part_isElectron', 'part_isMuon', 'part_deta', 'part_dphi'])
 - ('pf_vectors', ['part_px', 'part_py', 'part_pz', 'part_energy'])
 - ('pf_mask', ['part_mask'])[0m
[2026-06-17 19:58:05,153] INFO: [0;37minput_shapes:
 - ('pf_points', (-1, 2, 128))
 - ('pf_features', (-1, 13, 128))
 - ('pf_vectors', (-1, 4, 128))
 - ('pf_mask', (-1, 1, 128))[0m
[2026-06-17 19:58:05,153] INFO: [0;37mpreprocess_params:
 - ('part_deta', {'length': 128, 'pad_mode': 'wrap', 'center': None, 'scale': 1, 'min': -5, 'max': 5, 'pad_value': 0})
 - ('part_dphi', {'length': 128, 'pad_mode': 'wrap', 'center': None, 'scale': 1, 'min': -5, 'max': 5, 'pad_value': 0})
 - ('part_pt_log', {'length': 128, 'pad_mode': 'wrap', 'center': 1.7, 'scale': 0.7, 'min': -5, 'max': 5, 'pad_value': 0})
 - ('part_e_log', {'length': 128, 'pad_mode': 'wrap', 'center': 2.0, 'scale': 0.7, 'min': -5, 'max': 5, 'pad_value': 0})
 - ('part_logptrel', {'length': 128, 'pad_mode': 'wrap', 'center': -4.7, 'scale': 0.7, 'min': -5, 'max': 5, 'pad_value': 0})
 - ('part_logerel', {'length': 128, 'pad_mode': 'wrap', 'center': -4.7, 'scale': 0.7, 'min': -5, 'max': 5, 'pad_value': 0})
 - ('part_deltaR', {'length': 128, 'pad_mode': 'wrap', 'center': 0.2, 'scale': 4.0, 'min': -5, 'max': 5, 'pad_value': 0})
 - ('part_charge', {'length': 128, 'pad_mode': 'wrap', 'center': None, 'scale': 1, 'min': -5, 'max': 5, 'pad_value': 0})
 - ('part_isChargedHadron', {'length': 128, 'pad_mode': 'wrap', 'center': None, 'scale': 1, 'min': -5, 'max': 5, 'pad_value': 0})
 - ('part_isNeutralHadron', {'length': 128, 'pad_mode': 'wrap', 'center': None, 'scale': 1, 'min': -5, 'max': 5, 'pad_value': 0})
 - ('part_isPhoton', {'length': 128, 'pad_mode': 'wrap', 'center': None, 'scale': 1, 'min': -5, 'max': 5, 'pad_value': 0})
 - ('part_isElectron', {'length': 128, 'pad_mode': 'wrap', 'center': None, 'scale': 1, 'min': -5, 'max': 5, 'pad_value': 0})
 - ('part_isMuon', {'length': 128, 'pad_mode': 'wrap', 'center': None, 'scale': 1, 'min': -5, 'max': 5, 'pad_value': 0})
 - ('part_px', {'length': 128, 'pad_mode': 'wrap', 'center': None, 'scale': 1, 'min': -5, 'max': 5, 'pad_value': 0})
 - ('part_py', {'length': 128, 'pad_mode': 'wrap', 'center': None, 'scale': 1, 'min': -5, 'max': 5, 'pad_value': 0})
 - ('part_pz', {'length': 128, 'pad_mode': 'wrap', 'center': None, 'scale': 1, 'min': -5, 'max': 5, 'pad_value': 0})
 - ('part_energy', {'length': 128, 'pad_mode': 'wrap', 'center': None, 'scale': 1, 'min': -5, 'max': 5, 'pad_value': 0})
 - ('part_mask', {'length': 128, 'pad_mode': 'constant', 'center': None, 'scale': 1, 'min': -5, 'max': 5, 'pad_value': 0})[0m
[2026-06-17 19:58:05,153] INFO: [0;37mlabel_names: ('_label_',)[0m
[2026-06-17 19:58:05,153] INFO: [0;37mobserver_names: ('jet_pt', 'jet_eta', 'jet_phi', 'jet_energy', 'jet_nparticles', 'jet_sdmass', 'jet_tau1', 'jet_tau2', 'jet_tau3', 'jet_tau4')[0m
[2026-06-17 19:58:05,153] INFO: [0;37mmonitor_variables: ()[0m
[2026-06-17 19:58:05,298] INFO: === Restarting DataIter test_HToGG_worker0, seed=3961150740 ===
[2026-06-17 19:58:05,299] INFO: Restarted DataIter test_HToGG_worker0, load_range=(0, 1), file_list:
{
  "HToGG": [
    "/home/maxwelhelp/\u0420\u0430\u0431\u043e\u0447\u0438\u0439 \u0441\u0442\u043e\u043b/jetclass_tiny_balanced/HToGG_000.root"
  ]
}
[2026-06-17 19:59:16,814] INFO: Processed 100000 entries in total (avg. speed 1397.4 entries/s)
[2026-06-17 19:59:16,815] INFO: Eval AvgLoss: 0.00000, AvgAcc: 0.00011
[2026-06-17 19:59:16,815] INFO: Evaluation class distribution: 
    [(np.int64(3), 100000)]
[2026-06-17 19:59:16,842] WARNING: Cannot compute metric roc_auc_score: Number of classes in y_true not equal to the number of columns in 'y_score'
[2026-06-17 19:59:17,583] INFO: Evaluation metrics: 
    - roc_auc_score: 
None
    - roc_auc_score_matrix: 
[[ 0. nan nan nan nan nan nan nan nan nan]
 [ 0.  0. nan nan nan nan nan nan nan nan]
 [ 0.  0.  0. nan nan nan nan nan nan nan]
 [ 0.  0.  0.  0. nan nan nan nan nan nan]
 [ 0.  0.  0.  0.  0. nan nan nan nan nan]
 [ 0.  0.  0.  0.  0.  0. nan nan nan nan]
 [ 0.  0.  0.  0.  0.  0.  0. nan nan nan]
 [ 0.  0.  0.  0.  0.  0.  0.  0. nan nan]
 [ 0.  0.  0.  0.  0.  0.  0.  0.  0. nan]
 [ 0.  0.  0.  0.  0.  0.  0.  0.  0.  0.]]
    - confusion_matrix: 
[[0.0000e+00 0.0000e+00 0.0000e+00 0.0000e+00 0.0000e+00 0.0000e+00
  0.0000e+00 0.0000e+00 0.0000e+00 0.0000e+00]
 [0.0000e+00 0.0000e+00 0.0000e+00 0.0000e+00 0.0000e+00 0.0000e+00
  0.0000e+00 0.0000e+00 0.0000e+00 0.0000e+00]
 [0.0000e+00 0.0000e+00 0.0000e+00 0.0000e+00 0.0000e+00 0.0000e+00
  0.0000e+00 0.0000e+00 0.0000e+00 0.0000e+00]
 [8.1099e-01 3.5000e-04 2.9520e-02 1.1000e-04 3.8250e-02 2.0000e-05
  1.1637e-01 3.9900e-03 3.0000e-04 1.0000e-04]
 [0.0000e+00 0.0000e+00 0.0000e+00 0.0000e+00 0.0000e+00 0.0000e+00
  0.0000e+00 0.0000e+00 0.0000e+00 0.0000e+00]
 [0.0000e+00 0.0000e+00 0.0000e+00 0.0000e+00 0.0000e+00 0.0000e+00
  0.0000e+00 0.0000e+00 0.0000e+00 0.0000e+00]
 [0.0000e+00 0.0000e+00 0.0000e+00 0.0000e+00 0.0000e+00 0.0000e+00
  0.0000e+00 0.0000e+00 0.0000e+00 0.0000e+00]
 [0.0000e+00 0.0000e+00 0.0000e+00 0.0000e+00 0.0000e+00 0.0000e+00
  0.0000e+00 0.0000e+00 0.0000e+00 0.0000e+00]
 [0.0000e+00 0.0000e+00 0.0000e+00 0.0000e+00 0.0000e+00 0.0000e+00
  0.0000e+00 0.0000e+00 0.0000e+00 0.0000e+00]
 [0.0000e+00 0.0000e+00 0.0000e+00 0.0000e+00 0.0000e+00 0.0000e+00
  0.0000e+00 0.0000e+00 0.0000e+00 0.0000e+00]]
[2026-06-17 19:59:19,541] INFO: [1mTest metric 0.00011[0m
[2026-06-17 19:59:19,610] INFO: [1mWritten output to reports/latest/part_weaver_predict_grouped_v1_HToGG.root[0m
[2026-06-17 19:59:19,611] INFO: Running on test file group HToWW2Q1L with 1 files:
.../home/maxwelhelp/Рабочий стол/jetclass_tiny_balanced/HToWW2Q1L_000.root
[2026-06-17 19:59:19,623] INFO: [0;37mpreprocess config: {'method': 'manual', 'data_fraction': 0.5, 'params': None}[0m
[2026-06-17 19:59:19,623] INFO: [0;37mselection: None[0m
[2026-06-17 19:59:19,623] INFO: [0;37mtest_time_selection: None[0m
[2026-06-17 19:59:19,623] INFO: [0;37mvar_funcs:
 - ('part_mask', 'ak.ones_like(part_energy)')
 - ('part_pt', 'np.hypot(part_px, part_py)')
 - ('part_pt_log', 'np.log(part_pt)')
 - ('part_e_log', 'np.log(part_energy)')
 - ('part_logptrel', 'np.log(part_pt/jet_pt)')
 - ('part_logerel', 'np.log(part_energy/jet_energy)')
 - ('part_deltaR', 'np.hypot(part_deta, part_dphi)')
 - ('_label_', 'np.argmax(np.stack([ak.to_numpy(label_QCD),ak.to_numpy(label_Hbb),ak.to_numpy(label_Hcc),ak.to_numpy(label_Hgg),ak.to_numpy(label_H4q),ak.to_numpy(label_Hqql),ak.to_numpy(label_Zqq),ak.to_numpy(label_Wqq),ak.to_numpy(label_Tbqq),ak.to_numpy(label_Tbl)], axis=1), axis=1)')
 - ('_labelcheck_', 'np.sum(np.stack([ak.to_numpy(label_QCD),ak.to_numpy(label_Hbb),ak.to_numpy(label_Hcc),ak.to_numpy(label_Hgg),ak.to_numpy(label_H4q),ak.to_numpy(label_Hqql),ak.to_numpy(label_Zqq),ak.to_numpy(label_Wqq),ak.to_numpy(label_Tbqq),ak.to_numpy(label_Tbl)], axis=1), axis=1)')[0m
[2026-06-17 19:59:19,623] INFO: [0;37minput_names: ('pf_points', 'pf_features', 'pf_vectors', 'pf_mask')[0m
[2026-06-17 19:59:19,623] INFO: [0;37minput_dicts:
 - ('pf_points', ['part_deta', 'part_dphi'])
 - ('pf_features', ['part_pt_log', 'part_e_log', 'part_logptrel', 'part_logerel', 'part_deltaR', 'part_charge', 'part_isChargedHadron', 'part_isNeutralHadron', 'part_isPhoton', 'part_isElectron', 'part_isMuon', 'part_deta', 'part_dphi'])
 - ('pf_vectors', ['part_px', 'part_py', 'part_pz', 'part_energy'])
 - ('pf_mask', ['part_mask'])[0m
[2026-06-17 19:59:19,624] INFO: [0;37minput_shapes:
 - ('pf_points', (-1, 2, 128))
 - ('pf_features', (-1, 13, 128))
 - ('pf_vectors', (-1, 4, 128))
 - ('pf_mask', (-1, 1, 128))[0m
[2026-06-17 19:59:19,624] INFO: [0;37mpreprocess_params:
 - ('part_deta', {'length': 128, 'pad_mode': 'wrap', 'center': None, 'scale': 1, 'min': -5, 'max': 5, 'pad_value': 0})
 - ('part_dphi', {'length': 128, 'pad_mode': 'wrap', 'center': None, 'scale': 1, 'min': -5, 'max': 5, 'pad_value': 0})
 - ('part_pt_log', {'length': 128, 'pad_mode': 'wrap', 'center': 1.7, 'scale': 0.7, 'min': -5, 'max': 5, 'pad_value': 0})
 - ('part_e_log', {'length': 128, 'pad_mode': 'wrap', 'center': 2.0, 'scale': 0.7, 'min': -5, 'max': 5, 'pad_value': 0})
 - ('part_logptrel', {'length': 128, 'pad_mode': 'wrap', 'center': -4.7, 'scale': 0.7, 'min': -5, 'max': 5, 'pad_value': 0})
 - ('part_logerel', {'length': 128, 'pad_mode': 'wrap', 'center': -4.7, 'scale': 0.7, 'min': -5, 'max': 5, 'pad_value': 0})
 - ('part_deltaR', {'length': 128, 'pad_mode': 'wrap', 'center': 0.2, 'scale': 4.0, 'min': -5, 'max': 5, 'pad_value': 0})
 - ('part_charge', {'length': 128, 'pad_mode': 'wrap', 'center': None, 'scale': 1, 'min': -5, 'max': 5, 'pad_value': 0})
 - ('part_isChargedHadron', {'length': 128, 'pad_mode': 'wrap', 'center': None, 'scale': 1, 'min': -5, 'max': 5, 'pad_value': 0})
 - ('part_isNeutralHadron', {'length': 128, 'pad_mode': 'wrap', 'center': None, 'scale': 1, 'min': -5, 'max': 5, 'pad_value': 0})
 - ('part_isPhoton', {'length': 128, 'pad_mode': 'wrap', 'center': None, 'scale': 1, 'min': -5, 'max': 5, 'pad_value': 0})
 - ('part_isElectron', {'length': 128, 'pad_mode': 'wrap', 'center': None, 'scale': 1, 'min': -5, 'max': 5, 'pad_value': 0})
 - ('part_isMuon', {'length': 128, 'pad_mode': 'wrap', 'center': None, 'scale': 1, 'min': -5, 'max': 5, 'pad_value': 0})
 - ('part_px', {'length': 128, 'pad_mode': 'wrap', 'center': None, 'scale': 1, 'min': -5, 'max': 5, 'pad_value': 0})
 - ('part_py', {'length': 128, 'pad_mode': 'wrap', 'center': None, 'scale': 1, 'min': -5, 'max': 5, 'pad_value': 0})
 - ('part_pz', {'length': 128, 'pad_mode': 'wrap', 'center': None, 'scale': 1, 'min': -5, 'max': 5, 'pad_value': 0})
 - ('part_energy', {'length': 128, 'pad_mode': 'wrap', 'center': None, 'scale': 1, 'min': -5, 'max': 5, 'pad_value': 0})
 - ('part_mask', {'length': 128, 'pad_mode': 'constant', 'center': None, 'scale': 1, 'min': -5, 'max': 5, 'pad_value': 0})[0m
[2026-06-17 19:59:19,624] INFO: [0;37mlabel_names: ('_label_',)[0m
[2026-06-17 19:59:19,624] INFO: [0;37mobserver_names: ('jet_pt', 'jet_eta', 'jet_phi', 'jet_energy', 'jet_nparticles', 'jet_sdmass', 'jet_tau1', 'jet_tau2', 'jet_tau3', 'jet_tau4')[0m
[2026-06-17 19:59:19,624] INFO: [0;37mmonitor_variables: ()[0m
[2026-06-17 19:59:19,634] INFO: [0;37mpreprocess config: {'method': 'manual', 'data_fraction': 0.5, 'params': None}[0m
[2026-06-17 19:59:19,635] INFO: [0;37mselection: None[0m
[2026-06-17 19:59:19,635] INFO: [0;37mtest_time_selection: None[0m
[2026-06-17 19:59:19,635] INFO: [0;37mvar_funcs:
 - ('part_mask', 'ak.ones_like(part_energy)')
 - ('part_pt', 'np.hypot(part_px, part_py)')
 - ('part_pt_log', 'np.log(part_pt)')
 - ('part_e_log', 'np.log(part_energy)')
 - ('part_logptrel', 'np.log(part_pt/jet_pt)')
 - ('part_logerel', 'np.log(part_energy/jet_energy)')
 - ('part_deltaR', 'np.hypot(part_deta, part_dphi)')
 - ('_label_', 'np.argmax(np.stack([ak.to_numpy(label_QCD),ak.to_numpy(label_Hbb),ak.to_numpy(label_Hcc),ak.to_numpy(label_Hgg),ak.to_numpy(label_H4q),ak.to_numpy(label_Hqql),ak.to_numpy(label_Zqq),ak.to_numpy(label_Wqq),ak.to_numpy(label_Tbqq),ak.to_numpy(label_Tbl)], axis=1), axis=1)')
 - ('_labelcheck_', 'np.sum(np.stack([ak.to_numpy(label_QCD),ak.to_numpy(label_Hbb),ak.to_numpy(label_Hcc),ak.to_numpy(label_Hgg),ak.to_numpy(label_H4q),ak.to_numpy(label_Hqql),ak.to_numpy(label_Zqq),ak.to_numpy(label_Wqq),ak.to_numpy(label_Tbqq),ak.to_numpy(label_Tbl)], axis=1), axis=1)')[0m
[2026-06-17 19:59:19,635] INFO: [0;37minput_names: ('pf_points', 'pf_features', 'pf_vectors', 'pf_mask')[0m
[2026-06-17 19:59:19,635] INFO: [0;37minput_dicts:
 - ('pf_points', ['part_deta', 'part_dphi'])
 - ('pf_features', ['part_pt_log', 'part_e_log', 'part_logptrel', 'part_logerel', 'part_deltaR', 'part_charge', 'part_isChargedHadron', 'part_isNeutralHadron', 'part_isPhoton', 'part_isElectron', 'part_isMuon', 'part_deta', 'part_dphi'])
 - ('pf_vectors', ['part_px', 'part_py', 'part_pz', 'part_energy'])
 - ('pf_mask', ['part_mask'])[0m
[2026-06-17 19:59:19,635] INFO: [0;37minput_shapes:
 - ('pf_points', (-1, 2, 128))
 - ('pf_features', (-1, 13, 128))
 - ('pf_vectors', (-1, 4, 128))
 - ('pf_mask', (-1, 1, 128))[0m
[2026-06-17 19:59:19,635] INFO: [0;37mpreprocess_params:
 - ('part_deta', {'length': 128, 'pad_mode': 'wrap', 'center': None, 'scale': 1, 'min': -5, 'max': 5, 'pad_value': 0})
 - ('part_dphi', {'length': 128, 'pad_mode': 'wrap', 'center': None, 'scale': 1, 'min': -5, 'max': 5, 'pad_value': 0})
 - ('part_pt_log', {'length': 128, 'pad_mode': 'wrap', 'center': 1.7, 'scale': 0.7, 'min': -5, 'max': 5, 'pad_value': 0})
 - ('part_e_log', {'length': 128, 'pad_mode': 'wrap', 'center': 2.0, 'scale': 0.7, 'min': -5, 'max': 5, 'pad_value': 0})
 - ('part_logptrel', {'length': 128, 'pad_mode': 'wrap', 'center': -4.7, 'scale': 0.7, 'min': -5, 'max': 5, 'pad_value': 0})
 - ('part_logerel', {'length': 128, 'pad_mode': 'wrap', 'center': -4.7, 'scale': 0.7, 'min': -5, 'max': 5, 'pad_value': 0})
 - ('part_deltaR', {'length': 128, 'pad_mode': 'wrap', 'center': 0.2, 'scale': 4.0, 'min': -5, 'max': 5, 'pad_value': 0})
 - ('part_charge', {'length': 128, 'pad_mode': 'wrap', 'center': None, 'scale': 1, 'min': -5, 'max': 5, 'pad_value': 0})
 - ('part_isChargedHadron', {'length': 128, 'pad_mode': 'wrap', 'center': None, 'scale': 1, 'min': -5, 'max': 5, 'pad_value': 0})
 - ('part_isNeutralHadron', {'length': 128, 'pad_mode': 'wrap', 'center': None, 'scale': 1, 'min': -5, 'max': 5, 'pad_value': 0})
 - ('part_isPhoton', {'length': 128, 'pad_mode': 'wrap', 'center': None, 'scale': 1, 'min': -5, 'max': 5, 'pad_value': 0})
 - ('part_isElectron', {'length': 128, 'pad_mode': 'wrap', 'center': None, 'scale': 1, 'min': -5, 'max': 5, 'pad_value': 0})
 - ('part_isMuon', {'length': 128, 'pad_mode': 'wrap', 'center': None, 'scale': 1, 'min': -5, 'max': 5, 'pad_value': 0})
 - ('part_px', {'length': 128, 'pad_mode': 'wrap', 'center': None, 'scale': 1, 'min': -5, 'max': 5, 'pad_value': 0})
 - ('part_py', {'length': 128, 'pad_mode': 'wrap', 'center': None, 'scale': 1, 'min': -5, 'max': 5, 'pad_value': 0})
 - ('part_pz', {'length': 128, 'pad_mode': 'wrap', 'center': None, 'scale': 1, 'min': -5, 'max': 5, 'pad_value': 0})
 - ('part_energy', {'length': 128, 'pad_mode': 'wrap', 'center': None, 'scale': 1, 'min': -5, 'max': 5, 'pad_value': 0})
 - ('part_mask', {'length': 128, 'pad_mode': 'constant', 'center': None, 'scale': 1, 'min': -5, 'max': 5, 'pad_value': 0})[0m
[2026-06-17 19:59:19,636] INFO: [0;37mlabel_names: ('_label_',)[0m
[2026-06-17 19:59:19,636] INFO: [0;37mobserver_names: ('jet_pt', 'jet_eta', 'jet_phi', 'jet_energy', 'jet_nparticles', 'jet_sdmass', 'jet_tau1', 'jet_tau2', 'jet_tau3', 'jet_tau4')[0m
[2026-06-17 19:59:19,636] INFO: [0;37mmonitor_variables: ()[0m
[2026-06-17 19:59:19,787] INFO: === Restarting DataIter test_HToWW2Q1L_worker0, seed=443765098 ===
[2026-06-17 19:59:19,788] INFO: Restarted DataIter test_HToWW2Q1L_worker0, load_range=(0, 1), file_list:
{
  "HToWW2Q1L": [
    "/home/maxwelhelp/\u0420\u0430\u0431\u043e\u0447\u0438\u0439 \u0441\u0442\u043e\u043b/jetclass_tiny_balanced/HToWW2Q1L_000.root"
  ]
}
[2026-06-17 20:00:20,882] INFO: Processed 100000 entries in total (avg. speed 1635.5 entries/s)
[2026-06-17 20:00:20,882] INFO: Eval AvgLoss: 0.00000, AvgAcc: 0.00421
[2026-06-17 20:00:20,882] INFO: Evaluation class distribution: 
    [(np.int64(5), 100000)]
[2026-06-17 20:00:20,909] WARNING: Cannot compute metric roc_auc_score: Number of classes in y_true not equal to the number of columns in 'y_score'
[2026-06-17 20:00:21,590] INFO: Evaluation metrics: 
    - roc_auc_score: 
None
    - roc_auc_score_matrix: 
[[ 0. nan nan nan nan nan nan nan nan nan]
 [ 0.  0. nan nan nan nan nan nan nan nan]
 [ 0.  0.  0. nan nan nan nan nan nan nan]
 [ 0.  0.  0.  0. nan nan nan nan nan nan]
 [ 0.  0.  0.  0.  0. nan nan nan nan nan]
 [ 0.  0.  0.  0.  0.  0. nan nan nan nan]
 [ 0.  0.  0.  0.  0.  0.  0. nan nan nan]
 [ 0.  0.  0.  0.  0.  0.  0.  0. nan nan]
 [ 0.  0.  0.  0.  0.  0.  0.  0.  0. nan]
 [ 0.  0.  0.  0.  0.  0.  0.  0.  0.  0.]]
    - confusion_matrix: 
[[0.      0.      0.      0.      0.      0.      0.      0.      0.
  0.     ]
 [0.      0.      0.      0.      0.      0.      0.      0.      0.
  0.     ]
 [0.      0.      0.      0.      0.      0.      0.      0.      0.
  0.     ]
 [0.      0.      0.      0.      0.      0.      0.      0.      0.
  0.     ]
 [0.      0.      0.      0.      0.      0.      0.      0.      0.
  0.     ]
 [0.39761 0.03318 0.08025 0.00258 0.01013 0.00421 0.45343 0.01132 0.00048
  0.00681]
 [0.      0.      0.      0.      0.      0.      0.      0.      0.
  0.     ]
 [0.      0.      0.      0.      0.      0.      0.      0.      0.
  0.     ]
 [0.      0.      0.      0.      0.      0.      0.      0.      0.
  0.     ]
 [0.      0.      0.      0.      0.      0.      0.      0.      0.
  0.     ]]
[2026-06-17 20:00:23,317] INFO: [1mTest metric 0.00421[0m
[2026-06-17 20:00:23,419] INFO: [1mWritten output to reports/latest/part_weaver_predict_grouped_v1_HToWW2Q1L.root[0m
[2026-06-17 20:00:23,419] INFO: Running on test file group HToWW4Q with 1 files:
.../home/maxwelhelp/Рабочий стол/jetclass_tiny_balanced/HToWW4Q_000.root
[2026-06-17 20:00:23,429] INFO: [0;37mpreprocess config: {'method': 'manual', 'data_fraction': 0.5, 'params': None}[0m
[2026-06-17 20:00:23,429] INFO: [0;37mselection: None[0m
[2026-06-17 20:00:23,429] INFO: [0;37mtest_time_selection: None[0m
[2026-06-17 20:00:23,430] INFO: [0;37mvar_funcs:
 - ('part_mask', 'ak.ones_like(part_energy)')
 - ('part_pt', 'np.hypot(part_px, part_py)')
 - ('part_pt_log', 'np.log(part_pt)')
 - ('part_e_log', 'np.log(part_energy)')
 - ('part_logptrel', 'np.log(part_pt/jet_pt)')
 - ('part_logerel', 'np.log(part_energy/jet_energy)')
 - ('part_deltaR', 'np.hypot(part_deta, part_dphi)')
 - ('_label_', 'np.argmax(np.stack([ak.to_numpy(label_QCD),ak.to_numpy(label_Hbb),ak.to_numpy(label_Hcc),ak.to_numpy(label_Hgg),ak.to_numpy(label_H4q),ak.to_numpy(label_Hqql),ak.to_numpy(label_Zqq),ak.to_numpy(label_Wqq),ak.to_numpy(label_Tbqq),ak.to_numpy(label_Tbl)], axis=1), axis=1)')
 - ('_labelcheck_', 'np.sum(np.stack([ak.to_numpy(label_QCD),ak.to_numpy(label_Hbb),ak.to_numpy(label_Hcc),ak.to_numpy(label_Hgg),ak.to_numpy(label_H4q),ak.to_numpy(label_Hqql),ak.to_numpy(label_Zqq),ak.to_numpy(label_Wqq),ak.to_numpy(label_Tbqq),ak.to_numpy(label_Tbl)], axis=1), axis=1)')[0m
[2026-06-17 20:00:23,430] INFO: [0;37minput_names: ('pf_points', 'pf_features', 'pf_vectors', 'pf_mask')[0m
[2026-06-17 20:00:23,430] INFO: [0;37minput_dicts:
 - ('pf_points', ['part_deta', 'part_dphi'])
 - ('pf_features', ['part_pt_log', 'part_e_log', 'part_logptrel', 'part_logerel', 'part_deltaR', 'part_charge', 'part_isChargedHadron', 'part_isNeutralHadron', 'part_isPhoton', 'part_isElectron', 'part_isMuon', 'part_deta', 'part_dphi'])
 - ('pf_vectors', ['part_px', 'part_py', 'part_pz', 'part_energy'])
 - ('pf_mask', ['part_mask'])[0m
[2026-06-17 20:00:23,430] INFO: [0;37minput_shapes:
 - ('pf_points', (-1, 2, 128))
 - ('pf_features', (-1, 13, 128))
 - ('pf_vectors', (-1, 4, 128))
 - ('pf_mask', (-1, 1, 128))[0m
[2026-06-17 20:00:23,430] INFO: [0;37mpreprocess_params:
 - ('part_deta', {'length': 128, 'pad_mode': 'wrap', 'center': None, 'scale': 1, 'min': -5, 'max': 5, 'pad_value': 0})
 - ('part_dphi', {'length': 128, 'pad_mode': 'wrap', 'center': None, 'scale': 1, 'min': -5, 'max': 5, 'pad_value': 0})
 - ('part_pt_log', {'length': 128, 'pad_mode': 'wrap', 'center': 1.7, 'scale': 0.7, 'min': -5, 'max': 5, 'pad_value': 0})
 - ('part_e_log', {'length': 128, 'pad_mode': 'wrap', 'center': 2.0, 'scale': 0.7, 'min': -5, 'max': 5, 'pad_value': 0})
 - ('part_logptrel', {'length': 128, 'pad_mode': 'wrap', 'center': -4.7, 'scale': 0.7, 'min': -5, 'max': 5, 'pad_value': 0})
 - ('part_logerel', {'length': 128, 'pad_mode': 'wrap', 'center': -4.7, 'scale': 0.7, 'min': -5, 'max': 5, 'pad_value': 0})
 - ('part_deltaR', {'length': 128, 'pad_mode': 'wrap', 'center': 0.2, 'scale': 4.0, 'min': -5, 'max': 5, 'pad_value': 0})
 - ('part_charge', {'length': 128, 'pad_mode': 'wrap', 'center': None, 'scale': 1, 'min': -5, 'max': 5, 'pad_value': 0})
 - ('part_isChargedHadron', {'length': 128, 'pad_mode': 'wrap', 'center': None, 'scale': 1, 'min': -5, 'max': 5, 'pad_value': 0})
 - ('part_isNeutralHadron', {'length': 128, 'pad_mode': 'wrap', 'center': None, 'scale': 1, 'min': -5, 'max': 5, 'pad_value': 0})
 - ('part_isPhoton', {'length': 128, 'pad_mode': 'wrap', 'center': None, 'scale': 1, 'min': -5, 'max': 5, 'pad_value': 0})
 - ('part_isElectron', {'length': 128, 'pad_mode': 'wrap', 'center': None, 'scale': 1, 'min': -5, 'max': 5, 'pad_value': 0})
 - ('part_isMuon', {'length': 128, 'pad_mode': 'wrap', 'center': None, 'scale': 1, 'min': -5, 'max': 5, 'pad_value': 0})
 - ('part_px', {'length': 128, 'pad_mode': 'wrap', 'center': None, 'scale': 1, 'min': -5, 'max': 5, 'pad_value': 0})
 - ('part_py', {'length': 128, 'pad_mode': 'wrap', 'center': None, 'scale': 1, 'min': -5, 'max': 5, 'pad_value': 0})
 - ('part_pz', {'length': 128, 'pad_mode': 'wrap', 'center': None, 'scale': 1, 'min': -5, 'max': 5, 'pad_value': 0})
 - ('part_energy', {'length': 128, 'pad_mode': 'wrap', 'center': None, 'scale': 1, 'min': -5, 'max': 5, 'pad_value': 0})
 - ('part_mask', {'length': 128, 'pad_mode': 'constant', 'center': None, 'scale': 1, 'min': -5, 'max': 5, 'pad_value': 0})[0m
[2026-06-17 20:00:23,430] INFO: [0;37mlabel_names: ('_label_',)[0m
[2026-06-17 20:00:23,430] INFO: [0;37mobserver_names: ('jet_pt', 'jet_eta', 'jet_phi', 'jet_energy', 'jet_nparticles', 'jet_sdmass', 'jet_tau1', 'jet_tau2', 'jet_tau3', 'jet_tau4')[0m
[2026-06-17 20:00:23,430] INFO: [0;37mmonitor_variables: ()[0m
[2026-06-17 20:00:23,440] INFO: [0;37mpreprocess config: {'method': 'manual', 'data_fraction': 0.5, 'params': None}[0m
[2026-06-17 20:00:23,440] INFO: [0;37mselection: None[0m
[2026-06-17 20:00:23,440] INFO: [0;37mtest_time_selection: None[0m
[2026-06-17 20:00:23,440] INFO: [0;37mvar_funcs:
 - ('part_mask', 'ak.ones_like(part_energy)')
 - ('part_pt', 'np.hypot(part_px, part_py)')
 - ('part_pt_log', 'np.log(part_pt)')
 - ('part_e_log', 'np.log(part_energy)')
 - ('part_logptrel', 'np.log(part_pt/jet_pt)')
 - ('part_logerel', 'np.log(part_energy/jet_energy)')
 - ('part_deltaR', 'np.hypot(part_deta, part_dphi)')
 - ('_label_', 'np.argmax(np.stack([ak.to_numpy(label_QCD),ak.to_numpy(label_Hbb),ak.to_numpy(label_Hcc),ak.to_numpy(label_Hgg),ak.to_numpy(label_H4q),ak.to_numpy(label_Hqql),ak.to_numpy(label_Zqq),ak.to_numpy(label_Wqq),ak.to_numpy(label_Tbqq),ak.to_numpy(label_Tbl)], axis=1), axis=1)')
 - ('_labelcheck_', 'np.sum(np.stack([ak.to_numpy(label_QCD),ak.to_numpy(label_Hbb),ak.to_numpy(label_Hcc),ak.to_numpy(label_Hgg),ak.to_numpy(label_H4q),ak.to_numpy(label_Hqql),ak.to_numpy(label_Zqq),ak.to_numpy(label_Wqq),ak.to_numpy(label_Tbqq),ak.to_numpy(label_Tbl)], axis=1), axis=1)')[0m
[2026-06-17 20:00:23,440] INFO: [0;37minput_names: ('pf_points', 'pf_features', 'pf_vectors', 'pf_mask')[0m
[2026-06-17 20:00:23,440] INFO: [0;37minput_dicts:
 - ('pf_points', ['part_deta', 'part_dphi'])
 - ('pf_features', ['part_pt_log', 'part_e_log', 'part_logptrel', 'part_logerel', 'part_deltaR', 'part_charge', 'part_isChargedHadron', 'part_isNeutralHadron', 'part_isPhoton', 'part_isElectron', 'part_isMuon', 'part_deta', 'part_dphi'])
 - ('pf_vectors', ['part_px', 'part_py', 'part_pz', 'part_energy'])
 - ('pf_mask', ['part_mask'])[0m
[2026-06-17 20:00:23,440] INFO: [0;37minput_shapes:
 - ('pf_points', (-1, 2, 128))
 - ('pf_features', (-1, 13, 128))
 - ('pf_vectors', (-1, 4, 128))
 - ('pf_mask', (-1, 1, 128))[0m
[2026-06-17 20:00:23,441] INFO: [0;37mpreprocess_params:
 - ('part_deta', {'length': 128, 'pad_mode': 'wrap', 'center': None, 'scale': 1, 'min': -5, 'max': 5, 'pad_value': 0})
 - ('part_dphi', {'length': 128, 'pad_mode': 'wrap', 'center': None, 'scale': 1, 'min': -5, 'max': 5, 'pad_value': 0})
 - ('part_pt_log', {'length': 128, 'pad_mode': 'wrap', 'center': 1.7, 'scale': 0.7, 'min': -5, 'max': 5, 'pad_value': 0})
 - ('part_e_log', {'length': 128, 'pad_mode': 'wrap', 'center': 2.0, 'scale': 0.7, 'min': -5, 'max': 5, 'pad_value': 0})
 - ('part_logptrel', {'length': 128, 'pad_mode': 'wrap', 'center': -4.7, 'scale': 0.7, 'min': -5, 'max': 5, 'pad_value': 0})
 - ('part_logerel', {'length': 128, 'pad_mode': 'wrap', 'center': -4.7, 'scale': 0.7, 'min': -5, 'max': 5, 'pad_value': 0})
 - ('part_deltaR', {'length': 128, 'pad_mode': 'wrap', 'center': 0.2, 'scale': 4.0, 'min': -5, 'max': 5, 'pad_value': 0})
 - ('part_charge', {'length': 128, 'pad_mode': 'wrap', 'center': None, 'scale': 1, 'min': -5, 'max': 5, 'pad_value': 0})
 - ('part_isChargedHadron', {'length': 128, 'pad_mode': 'wrap', 'center': None, 'scale': 1, 'min': -5, 'max': 5, 'pad_value': 0})
 - ('part_isNeutralHadron', {'length': 128, 'pad_mode': 'wrap', 'center': None, 'scale': 1, 'min': -5, 'max': 5, 'pad_value': 0})
 - ('part_isPhoton', {'length': 128, 'pad_mode': 'wrap', 'center': None, 'scale': 1, 'min': -5, 'max': 5, 'pad_value': 0})
 - ('part_isElectron', {'length': 128, 'pad_mode': 'wrap', 'center': None, 'scale': 1, 'min': -5, 'max': 5, 'pad_value': 0})
 - ('part_isMuon', {'length': 128, 'pad_mode': 'wrap', 'center': None, 'scale': 1, 'min': -5, 'max': 5, 'pad_value': 0})
 - ('part_px', {'length': 128, 'pad_mode': 'wrap', 'center': None, 'scale': 1, 'min': -5, 'max': 5, 'pad_value': 0})
 - ('part_py', {'length': 128, 'pad_mode': 'wrap', 'center': None, 'scale': 1, 'min': -5, 'max': 5, 'pad_value': 0})
 - ('part_pz', {'length': 128, 'pad_mode': 'wrap', 'center': None, 'scale': 1, 'min': -5, 'max': 5, 'pad_value': 0})
 - ('part_energy', {'length': 128, 'pad_mode': 'wrap', 'center': None, 'scale': 1, 'min': -5, 'max': 5, 'pad_value': 0})
 - ('part_mask', {'length': 128, 'pad_mode': 'constant', 'center': None, 'scale': 1, 'min': -5, 'max': 5, 'pad_value': 0})[0m
[2026-06-17 20:00:23,441] INFO: [0;37mlabel_names: ('_label_',)[0m
[2026-06-17 20:00:23,441] INFO: [0;37mobserver_names: ('jet_pt', 'jet_eta', 'jet_phi', 'jet_energy', 'jet_nparticles', 'jet_sdmass', 'jet_tau1', 'jet_tau2', 'jet_tau3', 'jet_tau4')[0m
[2026-06-17 20:00:23,441] INFO: [0;37mmonitor_variables: ()[0m
[2026-06-17 20:00:23,584] INFO: === Restarting DataIter test_HToWW4Q_worker0, seed=837088940 ===
[2026-06-17 20:00:23,584] INFO: Restarted DataIter test_HToWW4Q_worker0, load_range=(0, 1), file_list:
{
  "HToWW4Q": [
    "/home/maxwelhelp/\u0420\u0430\u0431\u043e\u0447\u0438\u0439 \u0441\u0442\u043e\u043b/jetclass_tiny_balanced/HToWW4Q_000.root"
  ]
}
[2026-06-17 20:01:28,932] INFO: Processed 100000 entries in total (avg. speed 1529.1 entries/s)
[2026-06-17 20:01:28,932] INFO: Eval AvgLoss: 0.00000, AvgAcc: 0.03900
[2026-06-17 20:01:28,933] INFO: Evaluation class distribution: 
    [(np.int64(4), 100000)]
[2026-06-17 20:01:28,959] WARNING: Cannot compute metric roc_auc_score: Number of classes in y_true not equal to the number of columns in 'y_score'
[2026-06-17 20:01:29,652] INFO: Evaluation metrics: 
    - roc_auc_score: 
None
    - roc_auc_score_matrix: 
[[ 0. nan nan nan nan nan nan nan nan nan]
 [ 0.  0. nan nan nan nan nan nan nan nan]
 [ 0.  0.  0. nan nan nan nan nan nan nan]
 [ 0.  0.  0.  0. nan nan nan nan nan nan]
 [ 0.  0.  0.  0.  0. nan nan nan nan nan]
 [ 0.  0.  0.  0.  0.  0. nan nan nan nan]
 [ 0.  0.  0.  0.  0.  0.  0. nan nan nan]
 [ 0.  0.  0.  0.  0.  0.  0.  0. nan nan]
 [ 0.  0.  0.  0.  0.  0.  0.  0.  0. nan]
 [ 0.  0.  0.  0.  0.  0.  0.  0.  0.  0.]]
    - confusion_matrix: 
[[0.0000e+00 0.0000e+00 0.0000e+00 0.0000e+00 0.0000e+00 0.0000e+00
  0.0000e+00 0.0000e+00 0.0000e+00 0.0000e+00]
 [0.0000e+00 0.0000e+00 0.0000e+00 0.0000e+00 0.0000e+00 0.0000e+00
  0.0000e+00 0.0000e+00 0.0000e+00 0.0000e+00]
 [0.0000e+00 0.0000e+00 0.0000e+00 0.0000e+00 0.0000e+00 0.0000e+00
  0.0000e+00 0.0000e+00 0.0000e+00 0.0000e+00]
 [0.0000e+00 0.0000e+00 0.0000e+00 0.0000e+00 0.0000e+00 0.0000e+00
  0.0000e+00 0.0000e+00 0.0000e+00 0.0000e+00]
 [8.1814e-01 4.0000e-04 3.0470e-02 4.6000e-04 3.9000e-02 1.0000e-05
  1.0629e-01 5.0500e-03 6.0000e-05 1.2000e-04]
 [0.0000e+00 0.0000e+00 0.0000e+00 0.0000e+00 0.0000e+00 0.0000e+00
  0.0000e+00 0.0000e+00 0.0000e+00 0.0000e+00]
 [0.0000e+00 0.0000e+00 0.0000e+00 0.0000e+00 0.0000e+00 0.0000e+00
  0.0000e+00 0.0000e+00 0.0000e+00 0.0000e+00]
 [0.0000e+00 0.0000e+00 0.0000e+00 0.0000e+00 0.0000e+00 0.0000e+00
  0.0000e+00 0.0000e+00 0.0000e+00 0.0000e+00]
 [0.0000e+00 0.0000e+00 0.0000e+00 0.0000e+00 0.0000e+00 0.0000e+00
  0.0000e+00 0.0000e+00 0.0000e+00 0.0000e+00]
 [0.0000e+00 0.0000e+00 0.0000e+00 0.0000e+00 0.0000e+00 0.0000e+00
  0.0000e+00 0.0000e+00 0.0000e+00 0.0000e+00]]
[2026-06-17 20:01:31,539] INFO: [1mTest metric 0.03900[0m
[2026-06-17 20:01:31,680] INFO: [1mWritten output to reports/latest/part_weaver_predict_grouped_v1_HToWW4Q.root[0m
[2026-06-17 20:01:31,680] INFO: Running on test file group TTBarLep with 1 files:
.../home/maxwelhelp/Рабочий стол/jetclass_tiny_balanced/TTBarLep_000.root
[2026-06-17 20:01:31,696] INFO: [0;37mpreprocess config: {'method': 'manual', 'data_fraction': 0.5, 'params': None}[0m
[2026-06-17 20:01:31,696] INFO: [0;37mselection: None[0m
[2026-06-17 20:01:31,696] INFO: [0;37mtest_time_selection: None[0m
[2026-06-17 20:01:31,696] INFO: [0;37mvar_funcs:
 - ('part_mask', 'ak.ones_like(part_energy)')
 - ('part_pt', 'np.hypot(part_px, part_py)')
 - ('part_pt_log', 'np.log(part_pt)')
 - ('part_e_log', 'np.log(part_energy)')
 - ('part_logptrel', 'np.log(part_pt/jet_pt)')
 - ('part_logerel', 'np.log(part_energy/jet_energy)')
 - ('part_deltaR', 'np.hypot(part_deta, part_dphi)')
 - ('_label_', 'np.argmax(np.stack([ak.to_numpy(label_QCD),ak.to_numpy(label_Hbb),ak.to_numpy(label_Hcc),ak.to_numpy(label_Hgg),ak.to_numpy(label_H4q),ak.to_numpy(label_Hqql),ak.to_numpy(label_Zqq),ak.to_numpy(label_Wqq),ak.to_numpy(label_Tbqq),ak.to_numpy(label_Tbl)], axis=1), axis=1)')
 - ('_labelcheck_', 'np.sum(np.stack([ak.to_numpy(label_QCD),ak.to_numpy(label_Hbb),ak.to_numpy(label_Hcc),ak.to_numpy(label_Hgg),ak.to_numpy(label_H4q),ak.to_numpy(label_Hqql),ak.to_numpy(label_Zqq),ak.to_numpy(label_Wqq),ak.to_numpy(label_Tbqq),ak.to_numpy(label_Tbl)], axis=1), axis=1)')[0m
[2026-06-17 20:01:31,696] INFO: [0;37minput_names: ('pf_points', 'pf_features', 'pf_vectors', 'pf_mask')[0m
[2026-06-17 20:01:31,697] INFO: [0;37minput_dicts:
 - ('pf_points', ['part_deta', 'part_dphi'])
 - ('pf_features', ['part_pt_log', 'part_e_log', 'part_logptrel', 'part_logerel', 'part_deltaR', 'part_charge', 'part_isChargedHadron', 'part_isNeutralHadron', 'part_isPhoton', 'part_isElectron', 'part_isMuon', 'part_deta', 'part_dphi'])
 - ('pf_vectors', ['part_px', 'part_py', 'part_pz', 'part_energy'])
 - ('pf_mask', ['part_mask'])[0m
[2026-06-17 20:01:31,697] INFO: [0;37minput_shapes:
 - ('pf_points', (-1, 2, 128))
 - ('pf_features', (-1, 13, 128))
 - ('pf_vectors', (-1, 4, 128))
 - ('pf_mask', (-1, 1, 128))[0m
[2026-06-17 20:01:31,697] INFO: [0;37mpreprocess_params:
 - ('part_deta', {'length': 128, 'pad_mode': 'wrap', 'center': None, 'scale': 1, 'min': -5, 'max': 5, 'pad_value': 0})
 - ('part_dphi', {'length': 128, 'pad_mode': 'wrap', 'center': None, 'scale': 1, 'min': -5, 'max': 5, 'pad_value': 0})
 - ('part_pt_log', {'length': 128, 'pad_mode': 'wrap', 'center': 1.7, 'scale': 0.7, 'min': -5, 'max': 5, 'pad_value': 0})
 - ('part_e_log', {'length': 128, 'pad_mode': 'wrap', 'center': 2.0, 'scale': 0.7, 'min': -5, 'max': 5, 'pad_value': 0})
 - ('part_logptrel', {'length': 128, 'pad_mode': 'wrap', 'center': -4.7, 'scale': 0.7, 'min': -5, 'max': 5, 'pad_value': 0})
 - ('part_logerel', {'length': 128, 'pad_mode': 'wrap', 'center': -4.7, 'scale': 0.7, 'min': -5, 'max': 5, 'pad_value': 0})
 - ('part_deltaR', {'length': 128, 'pad_mode': 'wrap', 'center': 0.2, 'scale': 4.0, 'min': -5, 'max': 5, 'pad_value': 0})
 - ('part_charge', {'length': 128, 'pad_mode': 'wrap', 'center': None, 'scale': 1, 'min': -5, 'max': 5, 'pad_value': 0})
 - ('part_isChargedHadron', {'length': 128, 'pad_mode': 'wrap', 'center': None, 'scale': 1, 'min': -5, 'max': 5, 'pad_value': 0})
 - ('part_isNeutralHadron', {'length': 128, 'pad_mode': 'wrap', 'center': None, 'scale': 1, 'min': -5, 'max': 5, 'pad_value': 0})
 - ('part_isPhoton', {'length': 128, 'pad_mode': 'wrap', 'center': None, 'scale': 1, 'min': -5, 'max': 5, 'pad_value': 0})
 - ('part_isElectron', {'length': 128, 'pad_mode': 'wrap', 'center': None, 'scale': 1, 'min': -5, 'max': 5, 'pad_value': 0})
 - ('part_isMuon', {'length': 128, 'pad_mode': 'wrap', 'center': None, 'scale': 1, 'min': -5, 'max': 5, 'pad_value': 0})
 - ('part_px', {'length': 128, 'pad_mode': 'wrap', 'center': None, 'scale': 1, 'min': -5, 'max': 5, 'pad_value': 0})
 - ('part_py', {'length': 128, 'pad_mode': 'wrap', 'center': None, 'scale': 1, 'min': -5, 'max': 5, 'pad_value': 0})
 - ('part_pz', {'length': 128, 'pad_mode': 'wrap', 'center': None, 'scale': 1, 'min': -5, 'max': 5, 'pad_value': 0})
 - ('part_energy', {'length': 128, 'pad_mode': 'wrap', 'center': None, 'scale': 1, 'min': -5, 'max': 5, 'pad_value': 0})
 - ('part_mask', {'length': 128, 'pad_mode': 'constant', 'center': None, 'scale': 1, 'min': -5, 'max': 5, 'pad_value': 0})[0m
[2026-06-17 20:01:31,697] INFO: [0;37mlabel_names: ('_label_',)[0m
[2026-06-17 20:01:31,697] INFO: [0;37mobserver_names: ('jet_pt', 'jet_eta', 'jet_phi', 'jet_energy', 'jet_nparticles', 'jet_sdmass', 'jet_tau1', 'jet_tau2', 'jet_tau3', 'jet_tau4')[0m
[2026-06-17 20:01:31,697] INFO: [0;37mmonitor_variables: ()[0m
[2026-06-17 20:01:31,712] INFO: [0;37mpreprocess config: {'method': 'manual', 'data_fraction': 0.5, 'params': None}[0m
[2026-06-17 20:01:31,712] INFO: [0;37mselection: None[0m
[2026-06-17 20:01:31,713] INFO: [0;37mtest_time_selection: None[0m
[2026-06-17 20:01:31,713] INFO: [0;37mvar_funcs:
 - ('part_mask', 'ak.ones_like(part_energy)')
 - ('part_pt', 'np.hypot(part_px, part_py)')
 - ('part_pt_log', 'np.log(part_pt)')
 - ('part_e_log', 'np.log(part_energy)')
 - ('part_logptrel', 'np.log(part_pt/jet_pt)')
 - ('part_logerel', 'np.log(part_energy/jet_energy)')
 - ('part_deltaR', 'np.hypot(part_deta, part_dphi)')
 - ('_label_', 'np.argmax(np.stack([ak.to_numpy(label_QCD),ak.to_numpy(label_Hbb),ak.to_numpy(label_Hcc),ak.to_numpy(label_Hgg),ak.to_numpy(label_H4q),ak.to_numpy(label_Hqql),ak.to_numpy(label_Zqq),ak.to_numpy(label_Wqq),ak.to_numpy(label_Tbqq),ak.to_numpy(label_Tbl)], axis=1), axis=1)')
 - ('_labelcheck_', 'np.sum(np.stack([ak.to_numpy(label_QCD),ak.to_numpy(label_Hbb),ak.to_numpy(label_Hcc),ak.to_numpy(label_Hgg),ak.to_numpy(label_H4q),ak.to_numpy(label_Hqql),ak.to_numpy(label_Zqq),ak.to_numpy(label_Wqq),ak.to_numpy(label_Tbqq),ak.to_numpy(label_Tbl)], axis=1), axis=1)')[0m
[2026-06-17 20:01:31,713] INFO: [0;37minput_names: ('pf_points', 'pf_features', 'pf_vectors', 'pf_mask')[0m
[2026-06-17 20:01:31,713] INFO: [0;37minput_dicts:
 - ('pf_points', ['part_deta', 'part_dphi'])
 - ('pf_features', ['part_pt_log', 'part_e_log', 'part_logptrel', 'part_logerel', 'part_deltaR', 'part_charge', 'part_isChargedHadron', 'part_isNeutralHadron', 'part_isPhoton', 'part_isElectron', 'part_isMuon', 'part_deta', 'part_dphi'])
 - ('pf_vectors', ['part_px', 'part_py', 'part_pz', 'part_energy'])
 - ('pf_mask', ['part_mask'])[0m
[2026-06-17 20:01:31,713] INFO: [0;37minput_shapes:
 - ('pf_points', (-1, 2, 128))
 - ('pf_features', (-1, 13, 128))
 - ('pf_vectors', (-1, 4, 128))
 - ('pf_mask', (-1, 1, 128))[0m
[2026-06-17 20:01:31,713] INFO: [0;37mpreprocess_params:
 - ('part_deta', {'length': 128, 'pad_mode': 'wrap', 'center': None, 'scale': 1, 'min': -5, 'max': 5, 'pad_value': 0})
 - ('part_dphi', {'length': 128, 'pad_mode': 'wrap', 'center': None, 'scale': 1, 'min': -5, 'max': 5, 'pad_value': 0})
 - ('part_pt_log', {'length': 128, 'pad_mode': 'wrap', 'center': 1.7, 'scale': 0.7, 'min': -5, 'max': 5, 'pad_value': 0})
 - ('part_e_log', {'length': 128, 'pad_mode': 'wrap', 'center': 2.0, 'scale': 0.7, 'min': -5, 'max': 5, 'pad_value': 0})
 - ('part_logptrel', {'length': 128, 'pad_mode': 'wrap', 'center': -4.7, 'scale': 0.7, 'min': -5, 'max': 5, 'pad_value': 0})
 - ('part_logerel', {'length': 128, 'pad_mode': 'wrap', 'center': -4.7, 'scale': 0.7, 'min': -5, 'max': 5, 'pad_value': 0})
 - ('part_deltaR', {'length': 128, 'pad_mode': 'wrap', 'center': 0.2, 'scale': 4.0, 'min': -5, 'max': 5, 'pad_value': 0})
 - ('part_charge', {'length': 128, 'pad_mode': 'wrap', 'center': None, 'scale': 1, 'min': -5, 'max': 5, 'pad_value': 0})
 - ('part_isChargedHadron', {'length': 128, 'pad_mode': 'wrap', 'center': None, 'scale': 1, 'min': -5, 'max': 5, 'pad_value': 0})
 - ('part_isNeutralHadron', {'length': 128, 'pad_mode': 'wrap', 'center': None, 'scale': 1, 'min': -5, 'max': 5, 'pad_value': 0})
 - ('part_isPhoton', {'length': 128, 'pad_mode': 'wrap', 'center': None, 'scale': 1, 'min': -5, 'max': 5, 'pad_value': 0})
 - ('part_isElectron', {'length': 128, 'pad_mode': 'wrap', 'center': None, 'scale': 1, 'min': -5, 'max': 5, 'pad_value': 0})
 - ('part_isMuon', {'length': 128, 'pad_mode': 'wrap', 'center': None, 'scale': 1, 'min': -5, 'max': 5, 'pad_value': 0})
 - ('part_px', {'length': 128, 'pad_mode': 'wrap', 'center': None, 'scale': 1, 'min': -5, 'max': 5, 'pad_value': 0})
 - ('part_py', {'length': 128, 'pad_mode': 'wrap', 'center': None, 'scale': 1, 'min': -5, 'max': 5, 'pad_value': 0})
 - ('part_pz', {'length': 128, 'pad_mode': 'wrap', 'center': None, 'scale': 1, 'min': -5, 'max': 5, 'pad_value': 0})
 - ('part_energy', {'length': 128, 'pad_mode': 'wrap', 'center': None, 'scale': 1, 'min': -5, 'max': 5, 'pad_value': 0})
 - ('part_mask', {'length': 128, 'pad_mode': 'constant', 'center': None, 'scale': 1, 'min': -5, 'max': 5, 'pad_value': 0})[0m
[2026-06-17 20:01:31,713] INFO: [0;37mlabel_names: ('_label_',)[0m
[2026-06-17 20:01:31,713] INFO: [0;37mobserver_names: ('jet_pt', 'jet_eta', 'jet_phi', 'jet_energy', 'jet_nparticles', 'jet_sdmass', 'jet_tau1', 'jet_tau2', 'jet_tau3', 'jet_tau4')[0m
[2026-06-17 20:01:31,714] INFO: [0;37mmonitor_variables: ()[0m
[2026-06-17 20:01:31,866] INFO: === Restarting DataIter test_TTBarLep_worker0, seed=1763779514 ===
[2026-06-17 20:01:31,867] INFO: Restarted DataIter test_TTBarLep_worker0, load_range=(0, 1), file_list:
{
  "TTBarLep": [
    "/home/maxwelhelp/\u0420\u0430\u0431\u043e\u0447\u0438\u0439 \u0441\u0442\u043e\u043b/jetclass_tiny_balanced/TTBarLep_000.root"
  ]
}
[2026-06-17 20:02:34,419] INFO: Processed 100000 entries in total (avg. speed 1597.4 entries/s)
[2026-06-17 20:02:34,419] INFO: Eval AvgLoss: 0.00000, AvgAcc: 0.03241
[2026-06-17 20:02:34,419] INFO: Evaluation class distribution: 
    [(np.int64(9), 100000)]
[2026-06-17 20:02:34,448] WARNING: Cannot compute metric roc_auc_score: Number of classes in y_true not equal to the number of columns in 'y_score'
[2026-06-17 20:02:35,128] INFO: Evaluation metrics: 
    - roc_auc_score: 
None
    - roc_auc_score_matrix: 
[[ 0. nan nan nan nan nan nan nan nan nan]
 [ 0.  0. nan nan nan nan nan nan nan nan]
 [ 0.  0.  0. nan nan nan nan nan nan nan]
 [ 0.  0.  0.  0. nan nan nan nan nan nan]
 [ 0.  0.  0.  0.  0. nan nan nan nan nan]
 [ 0.  0.  0.  0.  0.  0. nan nan nan nan]
 [ 0.  0.  0.  0.  0.  0.  0. nan nan nan]
 [ 0.  0.  0.  0.  0.  0.  0.  0. nan nan]
 [ 0.  0.  0.  0.  0.  0.  0.  0.  0. nan]
 [ 0.  0.  0.  0.  0.  0.  0.  0.  0.  0.]]
    - confusion_matrix: 
[[0.0000e+00 0.0000e+00 0.0000e+00 0.0000e+00 0.0000e+00 0.0000e+00
  0.0000e+00 0.0000e+00 0.0000e+00 0.0000e+00]
 [0.0000e+00 0.0000e+00 0.0000e+00 0.0000e+00 0.0000e+00 0.0000e+00
  0.0000e+00 0.0000e+00 0.0000e+00 0.0000e+00]
 [0.0000e+00 0.0000e+00 0.0000e+00 0.0000e+00 0.0000e+00 0.0000e+00
  0.0000e+00 0.0000e+00 0.0000e+00 0.0000e+00]
 [0.0000e+00 0.0000e+00 0.0000e+00 0.0000e+00 0.0000e+00 0.0000e+00
  0.0000e+00 0.0000e+00 0.0000e+00 0.0000e+00]
 [0.0000e+00 0.0000e+00 0.0000e+00 0.0000e+00 0.0000e+00 0.0000e+00
  0.0000e+00 0.0000e+00 0.0000e+00 0.0000e+00]
 [0.0000e+00 0.0000e+00 0.0000e+00 0.0000e+00 0.0000e+00 0.0000e+00
  0.0000e+00 0.0000e+00 0.0000e+00 0.0000e+00]
 [0.0000e+00 0.0000e+00 0.0000e+00 0.0000e+00 0.0000e+00 0.0000e+00
  0.0000e+00 0.0000e+00 0.0000e+00 0.0000e+00]
 [0.0000e+00 0.0000e+00 0.0000e+00 0.0000e+00 0.0000e+00 0.0000e+00
  0.0000e+00 0.0000e+00 0.0000e+00 0.0000e+00]
 [0.0000e+00 0.0000e+00 0.0000e+00 0.0000e+00 0.0000e+00 0.0000e+00
  0.0000e+00 0.0000e+00 0.0000e+00 0.0000e+00]
 [5.1609e-01 9.4870e-02 8.8320e-02 2.5200e-03 2.4500e-03 1.8270e-02
  2.0837e-01 3.6230e-02 4.7000e-04 3.2410e-02]]
[2026-06-17 20:02:36,902] INFO: [1mTest metric 0.03241[0m
[2026-06-17 20:02:37,204] INFO: [1mWritten output to reports/latest/part_weaver_predict_grouped_v1_TTBarLep.root[0m
[2026-06-17 20:02:37,204] INFO: Running on test file group TTBar with 2 files:
.../home/maxwelhelp/Рабочий стол/jetclass_tiny_balanced/TTBarLep_000.root
.../home/maxwelhelp/Рабочий стол/jetclass_tiny_balanced/TTBar_000.root
[2026-06-17 20:02:37,215] INFO: [0;37mpreprocess config: {'method': 'manual', 'data_fraction': 0.5, 'params': None}[0m
[2026-06-17 20:02:37,215] INFO: [0;37mselection: None[0m
[2026-06-17 20:02:37,215] INFO: [0;37mtest_time_selection: None[0m
[2026-06-17 20:02:37,215] INFO: [0;37mvar_funcs:
 - ('part_mask', 'ak.ones_like(part_energy)')
 - ('part_pt', 'np.hypot(part_px, part_py)')
 - ('part_pt_log', 'np.log(part_pt)')
 - ('part_e_log', 'np.log(part_energy)')
 - ('part_logptrel', 'np.log(part_pt/jet_pt)')
 - ('part_logerel', 'np.log(part_energy/jet_energy)')
 - ('part_deltaR', 'np.hypot(part_deta, part_dphi)')
 - ('_label_', 'np.argmax(np.stack([ak.to_numpy(label_QCD),ak.to_numpy(label_Hbb),ak.to_numpy(label_Hcc),ak.to_numpy(label_Hgg),ak.to_numpy(label_H4q),ak.to_numpy(label_Hqql),ak.to_numpy(label_Zqq),ak.to_numpy(label_Wqq),ak.to_numpy(label_Tbqq),ak.to_numpy(label_Tbl)], axis=1), axis=1)')
 - ('_labelcheck_', 'np.sum(np.stack([ak.to_numpy(label_QCD),ak.to_numpy(label_Hbb),ak.to_numpy(label_Hcc),ak.to_numpy(label_Hgg),ak.to_numpy(label_H4q),ak.to_numpy(label_Hqql),ak.to_numpy(label_Zqq),ak.to_numpy(label_Wqq),ak.to_numpy(label_Tbqq),ak.to_numpy(label_Tbl)], axis=1), axis=1)')[0m
[2026-06-17 20:02:37,216] INFO: [0;37minput_names: ('pf_points', 'pf_features', 'pf_vectors', 'pf_mask')[0m
[2026-06-17 20:02:37,216] INFO: [0;37minput_dicts:
 - ('pf_points', ['part_deta', 'part_dphi'])
 - ('pf_features', ['part_pt_log', 'part_e_log', 'part_logptrel', 'part_logerel', 'part_deltaR', 'part_charge', 'part_isChargedHadron', 'part_isNeutralHadron', 'part_isPhoton', 'part_isElectron', 'part_isMuon', 'part_deta', 'part_dphi'])
 - ('pf_vectors', ['part_px', 'part_py', 'part_pz', 'part_energy'])
 - ('pf_mask', ['part_mask'])[0m
[2026-06-17 20:02:37,216] INFO: [0;37minput_shapes:
 - ('pf_points', (-1, 2, 128))
 - ('pf_features', (-1, 13, 128))
 - ('pf_vectors', (-1, 4, 128))
 - ('pf_mask', (-1, 1, 128))[0m
[2026-06-17 20:02:37,216] INFO: [0;37mpreprocess_params:
 - ('part_deta', {'length': 128, 'pad_mode': 'wrap', 'center': None, 'scale': 1, 'min': -5, 'max': 5, 'pad_value': 0})
 - ('part_dphi', {'length': 128, 'pad_mode': 'wrap', 'center': None, 'scale': 1, 'min': -5, 'max': 5, 'pad_value': 0})
 - ('part_pt_log', {'length': 128, 'pad_mode': 'wrap', 'center': 1.7, 'scale': 0.7, 'min': -5, 'max': 5, 'pad_value': 0})
 - ('part_e_log', {'length': 128, 'pad_mode': 'wrap', 'center': 2.0, 'scale': 0.7, 'min': -5, 'max': 5, 'pad_value': 0})
 - ('part_logptrel', {'length': 128, 'pad_mode': 'wrap', 'center': -4.7, 'scale': 0.7, 'min': -5, 'max': 5, 'pad_value': 0})
 - ('part_logerel', {'length': 128, 'pad_mode': 'wrap', 'center': -4.7, 'scale': 0.7, 'min': -5, 'max': 5, 'pad_value': 0})
 - ('part_deltaR', {'length': 128, 'pad_mode': 'wrap', 'center': 0.2, 'scale': 4.0, 'min': -5, 'max': 5, 'pad_value': 0})
 - ('part_charge', {'length': 128, 'pad_mode': 'wrap', 'center': None, 'scale': 1, 'min': -5, 'max': 5, 'pad_value': 0})
 - ('part_isChargedHadron', {'length': 128, 'pad_mode': 'wrap', 'center': None, 'scale': 1, 'min': -5, 'max': 5, 'pad_value': 0})
 - ('part_isNeutralHadron', {'length': 128, 'pad_mode': 'wrap', 'center': None, 'scale': 1, 'min': -5, 'max': 5, 'pad_value': 0})
 - ('part_isPhoton', {'length': 128, 'pad_mode': 'wrap', 'center': None, 'scale': 1, 'min': -5, 'max': 5, 'pad_value': 0})
 - ('part_isElectron', {'length': 128, 'pad_mode': 'wrap', 'center': None, 'scale': 1, 'min': -5, 'max': 5, 'pad_value': 0})
 - ('part_isMuon', {'length': 128, 'pad_mode': 'wrap', 'center': None, 'scale': 1, 'min': -5, 'max': 5, 'pad_value': 0})
 - ('part_px', {'length': 128, 'pad_mode': 'wrap', 'center': None, 'scale': 1, 'min': -5, 'max': 5, 'pad_value': 0})
 - ('part_py', {'length': 128, 'pad_mode': 'wrap', 'center': None, 'scale': 1, 'min': -5, 'max': 5, 'pad_value': 0})
 - ('part_pz', {'length': 128, 'pad_mode': 'wrap', 'center': None, 'scale': 1, 'min': -5, 'max': 5, 'pad_value': 0})
 - ('part_energy', {'length': 128, 'pad_mode': 'wrap', 'center': None, 'scale': 1, 'min': -5, 'max': 5, 'pad_value': 0})
 - ('part_mask', {'length': 128, 'pad_mode': 'constant', 'center': None, 'scale': 1, 'min': -5, 'max': 5, 'pad_value': 0})[0m
[2026-06-17 20:02:37,216] INFO: [0;37mlabel_names: ('_label_',)[0m
[2026-06-17 20:02:37,216] INFO: [0;37mobserver_names: ('jet_pt', 'jet_eta', 'jet_phi', 'jet_energy', 'jet_nparticles', 'jet_sdmass', 'jet_tau1', 'jet_tau2', 'jet_tau3', 'jet_tau4')[0m
[2026-06-17 20:02:37,216] INFO: [0;37mmonitor_variables: ()[0m
[2026-06-17 20:02:37,226] INFO: [0;37mpreprocess config: {'method': 'manual', 'data_fraction': 0.5, 'params': None}[0m
[2026-06-17 20:02:37,226] INFO: [0;37mselection: None[0m
[2026-06-17 20:02:37,226] INFO: [0;37mtest_time_selection: None[0m
[2026-06-17 20:02:37,226] INFO: [0;37mvar_funcs:
 - ('part_mask', 'ak.ones_like(part_energy)')
 - ('part_pt', 'np.hypot(part_px, part_py)')
 - ('part_pt_log', 'np.log(part_pt)')
 - ('part_e_log', 'np.log(part_energy)')
 - ('part_logptrel', 'np.log(part_pt/jet_pt)')
 - ('part_logerel', 'np.log(part_energy/jet_energy)')
 - ('part_deltaR', 'np.hypot(part_deta, part_dphi)')
 - ('_label_', 'np.argmax(np.stack([ak.to_numpy(label_QCD),ak.to_numpy(label_Hbb),ak.to_numpy(label_Hcc),ak.to_numpy(label_Hgg),ak.to_numpy(label_H4q),ak.to_numpy(label_Hqql),ak.to_numpy(label_Zqq),ak.to_numpy(label_Wqq),ak.to_numpy(label_Tbqq),ak.to_numpy(label_Tbl)], axis=1), axis=1)')
 - ('_labelcheck_', 'np.sum(np.stack([ak.to_numpy(label_QCD),ak.to_numpy(label_Hbb),ak.to_numpy(label_Hcc),ak.to_numpy(label_Hgg),ak.to_numpy(label_H4q),ak.to_numpy(label_Hqql),ak.to_numpy(label_Zqq),ak.to_numpy(label_Wqq),ak.to_numpy(label_Tbqq),ak.to_numpy(label_Tbl)], axis=1), axis=1)')[0m
[2026-06-17 20:02:37,226] INFO: [0;37minput_names: ('pf_points', 'pf_features', 'pf_vectors', 'pf_mask')[0m
[2026-06-17 20:02:37,227] INFO: [0;37minput_dicts:
 - ('pf_points', ['part_deta', 'part_dphi'])
 - ('pf_features', ['part_pt_log', 'part_e_log', 'part_logptrel', 'part_logerel', 'part_deltaR', 'part_charge', 'part_isChargedHadron', 'part_isNeutralHadron', 'part_isPhoton', 'part_isElectron', 'part_isMuon', 'part_deta', 'part_dphi'])
 - ('pf_vectors', ['part_px', 'part_py', 'part_pz', 'part_energy'])
 - ('pf_mask', ['part_mask'])[0m
[2026-06-17 20:02:37,227] INFO: [0;37minput_shapes:
 - ('pf_points', (-1, 2, 128))
 - ('pf_features', (-1, 13, 128))
 - ('pf_vectors', (-1, 4, 128))
 - ('pf_mask', (-1, 1, 128))[0m
[2026-06-17 20:02:37,227] INFO: [0;37mpreprocess_params:
 - ('part_deta', {'length': 128, 'pad_mode': 'wrap', 'center': None, 'scale': 1, 'min': -5, 'max': 5, 'pad_value': 0})
 - ('part_dphi', {'length': 128, 'pad_mode': 'wrap', 'center': None, 'scale': 1, 'min': -5, 'max': 5, 'pad_value': 0})
 - ('part_pt_log', {'length': 128, 'pad_mode': 'wrap', 'center': 1.7, 'scale': 0.7, 'min': -5, 'max': 5, 'pad_value': 0})
 - ('part_e_log', {'length': 128, 'pad_mode': 'wrap', 'center': 2.0, 'scale': 0.7, 'min': -5, 'max': 5, 'pad_value': 0})
 - ('part_logptrel', {'length': 128, 'pad_mode': 'wrap', 'center': -4.7, 'scale': 0.7, 'min': -5, 'max': 5, 'pad_value': 0})
 - ('part_logerel', {'length': 128, 'pad_mode': 'wrap', 'center': -4.7, 'scale': 0.7, 'min': -5, 'max': 5, 'pad_value': 0})
 - ('part_deltaR', {'length': 128, 'pad_mode': 'wrap', 'center': 0.2, 'scale': 4.0, 'min': -5, 'max': 5, 'pad_value': 0})
 - ('part_charge', {'length': 128, 'pad_mode': 'wrap', 'center': None, 'scale': 1, 'min': -5, 'max': 5, 'pad_value': 0})
 - ('part_isChargedHadron', {'length': 128, 'pad_mode': 'wrap', 'center': None, 'scale': 1, 'min': -5, 'max': 5, 'pad_value': 0})
 - ('part_isNeutralHadron', {'length': 128, 'pad_mode': 'wrap', 'center': None, 'scale': 1, 'min': -5, 'max': 5, 'pad_value': 0})
 - ('part_isPhoton', {'length': 128, 'pad_mode': 'wrap', 'center': None, 'scale': 1, 'min': -5, 'max': 5, 'pad_value': 0})
 - ('part_isElectron', {'length': 128, 'pad_mode': 'wrap', 'center': None, 'scale': 1, 'min': -5, 'max': 5, 'pad_value': 0})
 - ('part_isMuon', {'length': 128, 'pad_mode': 'wrap', 'center': None, 'scale': 1, 'min': -5, 'max': 5, 'pad_value': 0})
 - ('part_px', {'length': 128, 'pad_mode': 'wrap', 'center': None, 'scale': 1, 'min': -5, 'max': 5, 'pad_value': 0})
 - ('part_py', {'length': 128, 'pad_mode': 'wrap', 'center': None, 'scale': 1, 'min': -5, 'max': 5, 'pad_value': 0})
 - ('part_pz', {'length': 128, 'pad_mode': 'wrap', 'center': None, 'scale': 1, 'min': -5, 'max': 5, 'pad_value': 0})
 - ('part_energy', {'length': 128, 'pad_mode': 'wrap', 'center': None, 'scale': 1, 'min': -5, 'max': 5, 'pad_value': 0})
 - ('part_mask', {'length': 128, 'pad_mode': 'constant', 'center': None, 'scale': 1, 'min': -5, 'max': 5, 'pad_value': 0})[0m
[2026-06-17 20:02:37,227] INFO: [0;37mlabel_names: ('_label_',)[0m
[2026-06-17 20:02:37,227] INFO: [0;37mobserver_names: ('jet_pt', 'jet_eta', 'jet_phi', 'jet_energy', 'jet_nparticles', 'jet_sdmass', 'jet_tau1', 'jet_tau2', 'jet_tau3', 'jet_tau4')[0m
[2026-06-17 20:02:37,227] INFO: [0;37mmonitor_variables: ()[0m
[2026-06-17 20:02:37,398] INFO: === Restarting DataIter test_TTBar_worker0, seed=227779679 ===
[2026-06-17 20:02:37,398] INFO: Restarted DataIter test_TTBar_worker0, load_range=(0, 1), file_list:
{
  "TTBar": [
    "/home/maxwelhelp/\u0420\u0430\u0431\u043e\u0447\u0438\u0439 \u0441\u0442\u043e\u043b/jetclass_tiny_balanced/TTBarLep_000.root",
    "/home/maxwelhelp/\u0420\u0430\u0431\u043e\u0447\u0438\u0439 \u0441\u0442\u043e\u043b/jetclass_tiny_balanced/TTBar_000.root"
  ]
}
[2026-06-17 20:04:42,279] INFO: Processed 200000 entries in total (avg. speed 1600.7 entries/s)
[2026-06-17 20:04:42,279] INFO: Eval AvgLoss: 0.00000, AvgAcc: 0.01621
[2026-06-17 20:04:42,279] INFO: Evaluation class distribution: 
    [(np.int64(8), 100000), (np.int64(9), 100000)]
[2026-06-17 20:04:42,340] WARNING: Cannot compute metric roc_auc_score: Number of classes in y_true not equal to the number of columns in 'y_score'
[2026-06-17 20:04:44,379] INFO: Evaluation metrics: 
    - roc_auc_score: 
None
    - roc_auc_score_matrix: 
[[0.                nan        nan        nan        nan        nan
         nan        nan        nan        nan]
 [0.         0.                nan        nan        nan        nan
         nan        nan        nan        nan]
 [0.         0.         0.                nan        nan        nan
         nan        nan        nan        nan]
 [0.         0.         0.         0.                nan        nan
         nan        nan        nan        nan]
 [0.         0.         0.         0.         0.                nan
         nan        nan        nan        nan]
 [0.         0.         0.         0.         0.         0.
         nan        nan        nan        nan]
 [0.         0.         0.         0.         0.         0.
  0.                nan        nan        nan]
 [0.         0.         0.         0.         0.         0.
  0.         0.                nan        nan]
 [0.         0.         0.         0.         0.         0.
  0.         0.         0.         0.61419207]
 [0.         0.         0.         0.         0.         0.
  0.         0.         0.         0.        ]]
    - confusion_matrix: 
[[0.0000e+00 0.0000e+00 0.0000e+00 0.0000e+00 0.0000e+00 0.0000e+00
  0.0000e+00 0.0000e+00 0.0000e+00 0.0000e+00]
 [0.0000e+00 0.0000e+00 0.0000e+00 0.0000e+00 0.0000e+00 0.0000e+00
  0.0000e+00 0.0000e+00 0.0000e+00 0.0000e+00]
 [0.0000e+00 0.0000e+00 0.0000e+00 0.0000e+00 0.0000e+00 0.0000e+00
  0.0000e+00 0.0000e+00 0.0000e+00 0.0000e+00]
 [0.0000e+00 0.0000e+00 0.0000e+00 0.0000e+00 0.0000e+00 0.0000e+00
  0.0000e+00 0.0000e+00 0.0000e+00 0.0000e+00]
 [0.0000e+00 0.0000e+00 0.0000e+00 0.0000e+00 0.0000e+00 0.0000e+00
  0.0000e+00 0.0000e+00 0.0000e+00 0.0000e+00]
 [0.0000e+00 0.0000e+00 0.0000e+00 0.0000e+00 0.0000e+00 0.0000e+00
  0.0000e+00 0.0000e+00 0.0000e+00 0.0000e+00]
 [0.0000e+00 0.0000e+00 0.0000e+00 0.0000e+00 0.0000e+00 0.0000e+00
  0.0000e+00 0.0000e+00 0.0000e+00 0.0000e+00]
 [0.0000e+00 0.0000e+00 0.0000e+00 0.0000e+00 0.0000e+00 0.0000e+00
  0.0000e+00 0.0000e+00 0.0000e+00 0.0000e+00]
 [9.7969e-01 1.2000e-04 6.5000e-04 5.0000e-05 3.5000e-03 4.0000e-05
  1.1470e-02 4.3900e-03 1.0000e-05 8.0000e-05]
 [5.1609e-01 9.4870e-02 8.8320e-02 2.5200e-03 2.4500e-03 1.8270e-02
  2.0837e-01 3.6230e-02 4.7000e-04 3.2410e-02]]
[2026-06-17 20:04:48,220] INFO: [1mTest metric 0.01621[0m
[2026-06-17 20:04:48,296] INFO: [1mWritten output to reports/latest/part_weaver_predict_grouped_v1_TTBar.root[0m
[2026-06-17 20:04:48,296] INFO: Running on test file group WToQQ with 1 files:
.../home/maxwelhelp/Рабочий стол/jetclass_tiny_balanced/WToQQ_000.root
[2026-06-17 20:04:48,307] INFO: [0;37mpreprocess config: {'method': 'manual', 'data_fraction': 0.5, 'params': None}[0m
[2026-06-17 20:04:48,307] INFO: [0;37mselection: None[0m
[2026-06-17 20:04:48,308] INFO: [0;37mtest_time_selection: None[0m
[2026-06-17 20:04:48,308] INFO: [0;37mvar_funcs:
 - ('part_mask', 'ak.ones_like(part_energy)')
 - ('part_pt', 'np.hypot(part_px, part_py)')
 - ('part_pt_log', 'np.log(part_pt)')
 - ('part_e_log', 'np.log(part_energy)')
 - ('part_logptrel', 'np.log(part_pt/jet_pt)')
 - ('part_logerel', 'np.log(part_energy/jet_energy)')
 - ('part_deltaR', 'np.hypot(part_deta, part_dphi)')
 - ('_label_', 'np.argmax(np.stack([ak.to_numpy(label_QCD),ak.to_numpy(label_Hbb),ak.to_numpy(label_Hcc),ak.to_numpy(label_Hgg),ak.to_numpy(label_H4q),ak.to_numpy(label_Hqql),ak.to_numpy(label_Zqq),ak.to_numpy(label_Wqq),ak.to_numpy(label_Tbqq),ak.to_numpy(label_Tbl)], axis=1), axis=1)')
 - ('_labelcheck_', 'np.sum(np.stack([ak.to_numpy(label_QCD),ak.to_numpy(label_Hbb),ak.to_numpy(label_Hcc),ak.to_numpy(label_Hgg),ak.to_numpy(label_H4q),ak.to_numpy(label_Hqql),ak.to_numpy(label_Zqq),ak.to_numpy(label_Wqq),ak.to_numpy(label_Tbqq),ak.to_numpy(label_Tbl)], axis=1), axis=1)')[0m
[2026-06-17 20:04:48,308] INFO: [0;37minput_names: ('pf_points', 'pf_features', 'pf_vectors', 'pf_mask')[0m
[2026-06-17 20:04:48,308] INFO: [0;37minput_dicts:
 - ('pf_points', ['part_deta', 'part_dphi'])
 - ('pf_features', ['part_pt_log', 'part_e_log', 'part_logptrel', 'part_logerel', 'part_deltaR', 'part_charge', 'part_isChargedHadron', 'part_isNeutralHadron', 'part_isPhoton', 'part_isElectron', 'part_isMuon', 'part_deta', 'part_dphi'])
 - ('pf_vectors', ['part_px', 'part_py', 'part_pz', 'part_energy'])
 - ('pf_mask', ['part_mask'])[0m
[2026-06-17 20:04:48,308] INFO: [0;37minput_shapes:
 - ('pf_points', (-1, 2, 128))
 - ('pf_features', (-1, 13, 128))
 - ('pf_vectors', (-1, 4, 128))
 - ('pf_mask', (-1, 1, 128))[0m
[2026-06-17 20:04:48,309] INFO: [0;37mpreprocess_params:
 - ('part_deta', {'length': 128, 'pad_mode': 'wrap', 'center': None, 'scale': 1, 'min': -5, 'max': 5, 'pad_value': 0})
 - ('part_dphi', {'length': 128, 'pad_mode': 'wrap', 'center': None, 'scale': 1, 'min': -5, 'max': 5, 'pad_value': 0})
 - ('part_pt_log', {'length': 128, 'pad_mode': 'wrap', 'center': 1.7, 'scale': 0.7, 'min': -5, 'max': 5, 'pad_value': 0})
 - ('part_e_log', {'length': 128, 'pad_mode': 'wrap', 'center': 2.0, 'scale': 0.7, 'min': -5, 'max': 5, 'pad_value': 0})
 - ('part_logptrel', {'length': 128, 'pad_mode': 'wrap', 'center': -4.7, 'scale': 0.7, 'min': -5, 'max': 5, 'pad_value': 0})
 - ('part_logerel', {'length': 128, 'pad_mode': 'wrap', 'center': -4.7, 'scale': 0.7, 'min': -5, 'max': 5, 'pad_value': 0})
 - ('part_deltaR', {'length': 128, 'pad_mode': 'wrap', 'center': 0.2, 'scale': 4.0, 'min': -5, 'max': 5, 'pad_value': 0})
 - ('part_charge', {'length': 128, 'pad_mode': 'wrap', 'center': None, 'scale': 1, 'min': -5, 'max': 5, 'pad_value': 0})
 - ('part_isChargedHadron', {'length': 128, 'pad_mode': 'wrap', 'center': None, 'scale': 1, 'min': -5, 'max': 5, 'pad_value': 0})
 - ('part_isNeutralHadron', {'length': 128, 'pad_mode': 'wrap', 'center': None, 'scale': 1, 'min': -5, 'max': 5, 'pad_value': 0})
 - ('part_isPhoton', {'length': 128, 'pad_mode': 'wrap', 'center': None, 'scale': 1, 'min': -5, 'max': 5, 'pad_value': 0})
 - ('part_isElectron', {'length': 128, 'pad_mode': 'wrap', 'center': None, 'scale': 1, 'min': -5, 'max': 5, 'pad_value': 0})
 - ('part_isMuon', {'length': 128, 'pad_mode': 'wrap', 'center': None, 'scale': 1, 'min': -5, 'max': 5, 'pad_value': 0})
 - ('part_px', {'length': 128, 'pad_mode': 'wrap', 'center': None, 'scale': 1, 'min': -5, 'max': 5, 'pad_value': 0})
 - ('part_py', {'length': 128, 'pad_mode': 'wrap', 'center': None, 'scale': 1, 'min': -5, 'max': 5, 'pad_value': 0})
 - ('part_pz', {'length': 128, 'pad_mode': 'wrap', 'center': None, 'scale': 1, 'min': -5, 'max': 5, 'pad_value': 0})
 - ('part_energy', {'length': 128, 'pad_mode': 'wrap', 'center': None, 'scale': 1, 'min': -5, 'max': 5, 'pad_value': 0})
 - ('part_mask', {'length': 128, 'pad_mode': 'constant', 'center': None, 'scale': 1, 'min': -5, 'max': 5, 'pad_value': 0})[0m
[2026-06-17 20:04:48,309] INFO: [0;37mlabel_names: ('_label_',)[0m
[2026-06-17 20:04:48,309] INFO: [0;37mobserver_names: ('jet_pt', 'jet_eta', 'jet_phi', 'jet_energy', 'jet_nparticles', 'jet_sdmass', 'jet_tau1', 'jet_tau2', 'jet_tau3', 'jet_tau4')[0m
[2026-06-17 20:04:48,309] INFO: [0;37mmonitor_variables: ()[0m
[2026-06-17 20:04:48,320] INFO: [0;37mpreprocess config: {'method': 'manual', 'data_fraction': 0.5, 'params': None}[0m
[2026-06-17 20:04:48,320] INFO: [0;37mselection: None[0m
[2026-06-17 20:04:48,320] INFO: [0;37mtest_time_selection: None[0m
[2026-06-17 20:04:48,320] INFO: [0;37mvar_funcs:
 - ('part_mask', 'ak.ones_like(part_energy)')
 - ('part_pt', 'np.hypot(part_px, part_py)')
 - ('part_pt_log', 'np.log(part_pt)')
 - ('part_e_log', 'np.log(part_energy)')
 - ('part_logptrel', 'np.log(part_pt/jet_pt)')
 - ('part_logerel', 'np.log(part_energy/jet_energy)')
 - ('part_deltaR', 'np.hypot(part_deta, part_dphi)')
 - ('_label_', 'np.argmax(np.stack([ak.to_numpy(label_QCD),ak.to_numpy(label_Hbb),ak.to_numpy(label_Hcc),ak.to_numpy(label_Hgg),ak.to_numpy(label_H4q),ak.to_numpy(label_Hqql),ak.to_numpy(label_Zqq),ak.to_numpy(label_Wqq),ak.to_numpy(label_Tbqq),ak.to_numpy(label_Tbl)], axis=1), axis=1)')
 - ('_labelcheck_', 'np.sum(np.stack([ak.to_numpy(label_QCD),ak.to_numpy(label_Hbb),ak.to_numpy(label_Hcc),ak.to_numpy(label_Hgg),ak.to_numpy(label_H4q),ak.to_numpy(label_Hqql),ak.to_numpy(label_Zqq),ak.to_numpy(label_Wqq),ak.to_numpy(label_Tbqq),ak.to_numpy(label_Tbl)], axis=1), axis=1)')[0m
[2026-06-17 20:04:48,320] INFO: [0;37minput_names: ('pf_points', 'pf_features', 'pf_vectors', 'pf_mask')[0m
[2026-06-17 20:04:48,321] INFO: [0;37minput_dicts:
 - ('pf_points', ['part_deta', 'part_dphi'])
 - ('pf_features', ['part_pt_log', 'part_e_log', 'part_logptrel', 'part_logerel', 'part_deltaR', 'part_charge', 'part_isChargedHadron', 'part_isNeutralHadron', 'part_isPhoton', 'part_isElectron', 'part_isMuon', 'part_deta', 'part_dphi'])
 - ('pf_vectors', ['part_px', 'part_py', 'part_pz', 'part_energy'])
 - ('pf_mask', ['part_mask'])[0m
[2026-06-17 20:04:48,321] INFO: [0;37minput_shapes:
 - ('pf_points', (-1, 2, 128))
 - ('pf_features', (-1, 13, 128))
 - ('pf_vectors', (-1, 4, 128))
 - ('pf_mask', (-1, 1, 128))[0m
[2026-06-17 20:04:48,321] INFO: [0;37mpreprocess_params:
 - ('part_deta', {'length': 128, 'pad_mode': 'wrap', 'center': None, 'scale': 1, 'min': -5, 'max': 5, 'pad_value': 0})
 - ('part_dphi', {'length': 128, 'pad_mode': 'wrap', 'center': None, 'scale': 1, 'min': -5, 'max': 5, 'pad_value': 0})
 - ('part_pt_log', {'length': 128, 'pad_mode': 'wrap', 'center': 1.7, 'scale': 0.7, 'min': -5, 'max': 5, 'pad_value': 0})
 - ('part_e_log', {'length': 128, 'pad_mode': 'wrap', 'center': 2.0, 'scale': 0.7, 'min': -5, 'max': 5, 'pad_value': 0})
 - ('part_logptrel', {'length': 128, 'pad_mode': 'wrap', 'center': -4.7, 'scale': 0.7, 'min': -5, 'max': 5, 'pad_value': 0})
 - ('part_logerel', {'length': 128, 'pad_mode': 'wrap', 'center': -4.7, 'scale': 0.7, 'min': -5, 'max': 5, 'pad_value': 0})
 - ('part_deltaR', {'length': 128, 'pad_mode': 'wrap', 'center': 0.2, 'scale': 4.0, 'min': -5, 'max': 5, 'pad_value': 0})
 - ('part_charge', {'length': 128, 'pad_mode': 'wrap', 'center': None, 'scale': 1, 'min': -5, 'max': 5, 'pad_value': 0})
 - ('part_isChargedHadron', {'length': 128, 'pad_mode': 'wrap', 'center': None, 'scale': 1, 'min': -5, 'max': 5, 'pad_value': 0})
 - ('part_isNeutralHadron', {'length': 128, 'pad_mode': 'wrap', 'center': None, 'scale': 1, 'min': -5, 'max': 5, 'pad_value': 0})
 - ('part_isPhoton', {'length': 128, 'pad_mode': 'wrap', 'center': None, 'scale': 1, 'min': -5, 'max': 5, 'pad_value': 0})
 - ('part_isElectron', {'length': 128, 'pad_mode': 'wrap', 'center': None, 'scale': 1, 'min': -5, 'max': 5, 'pad_value': 0})
 - ('part_isMuon', {'length': 128, 'pad_mode': 'wrap', 'center': None, 'scale': 1, 'min': -5, 'max': 5, 'pad_value': 0})
 - ('part_px', {'length': 128, 'pad_mode': 'wrap', 'center': None, 'scale': 1, 'min': -5, 'max': 5, 'pad_value': 0})
 - ('part_py', {'length': 128, 'pad_mode': 'wrap', 'center': None, 'scale': 1, 'min': -5, 'max': 5, 'pad_value': 0})
 - ('part_pz', {'length': 128, 'pad_mode': 'wrap', 'center': None, 'scale': 1, 'min': -5, 'max': 5, 'pad_value': 0})
 - ('part_energy', {'length': 128, 'pad_mode': 'wrap', 'center': None, 'scale': 1, 'min': -5, 'max': 5, 'pad_value': 0})
 - ('part_mask', {'length': 128, 'pad_mode': 'constant', 'center': None, 'scale': 1, 'min': -5, 'max': 5, 'pad_value': 0})[0m
[2026-06-17 20:04:48,321] INFO: [0;37mlabel_names: ('_label_',)[0m
[2026-06-17 20:04:48,321] INFO: [0;37mobserver_names: ('jet_pt', 'jet_eta', 'jet_phi', 'jet_energy', 'jet_nparticles', 'jet_sdmass', 'jet_tau1', 'jet_tau2', 'jet_tau3', 'jet_tau4')[0m
[2026-06-17 20:04:48,321] INFO: [0;37mmonitor_variables: ()[0m
[2026-06-17 20:04:48,520] INFO: === Restarting DataIter test_WToQQ_worker0, seed=1610701802 ===
[2026-06-17 20:04:48,520] INFO: Restarted DataIter test_WToQQ_worker0, load_range=(0, 1), file_list:
{
  "WToQQ": [
    "/home/maxwelhelp/\u0420\u0430\u0431\u043e\u0447\u0438\u0439 \u0441\u0442\u043e\u043b/jetclass_tiny_balanced/WToQQ_000.root"
  ]
}
[2026-06-17 20:05:51,385] INFO: Processed 100000 entries in total (avg. speed 1589.4 entries/s)
[2026-06-17 20:05:51,386] INFO: Eval AvgLoss: 0.00000, AvgAcc: 0.00421
[2026-06-17 20:05:51,386] INFO: Evaluation class distribution: 
    [(np.int64(7), 100000)]
[2026-06-17 20:05:51,414] WARNING: Cannot compute metric roc_auc_score: Number of classes in y_true not equal to the number of columns in 'y_score'
[2026-06-17 20:05:52,111] INFO: Evaluation metrics: 
    - roc_auc_score: 
None
    - roc_auc_score_matrix: 
[[ 0. nan nan nan nan nan nan nan nan nan]
 [ 0.  0. nan nan nan nan nan nan nan nan]
 [ 0.  0.  0. nan nan nan nan nan nan nan]
 [ 0.  0.  0.  0. nan nan nan nan nan nan]
 [ 0.  0.  0.  0.  0. nan nan nan nan nan]
 [ 0.  0.  0.  0.  0.  0. nan nan nan nan]
 [ 0.  0.  0.  0.  0.  0.  0. nan nan nan]
 [ 0.  0.  0.  0.  0.  0.  0.  0. nan nan]
 [ 0.  0.  0.  0.  0.  0.  0.  0.  0. nan]
 [ 0.  0.  0.  0.  0.  0.  0.  0.  0.  0.]]
    - confusion_matrix: 
[[0.0000e+00 0.0000e+00 0.0000e+00 0.0000e+00 0.0000e+00 0.0000e+00
  0.0000e+00 0.0000e+00 0.0000e+00 0.0000e+00]
 [0.0000e+00 0.0000e+00 0.0000e+00 0.0000e+00 0.0000e+00 0.0000e+00
  0.0000e+00 0.0000e+00 0.0000e+00 0.0000e+00]
 [0.0000e+00 0.0000e+00 0.0000e+00 0.0000e+00 0.0000e+00 0.0000e+00
  0.0000e+00 0.0000e+00 0.0000e+00 0.0000e+00]
 [0.0000e+00 0.0000e+00 0.0000e+00 0.0000e+00 0.0000e+00 0.0000e+00
  0.0000e+00 0.0000e+00 0.0000e+00 0.0000e+00]
 [0.0000e+00 0.0000e+00 0.0000e+00 0.0000e+00 0.0000e+00 0.0000e+00
  0.0000e+00 0.0000e+00 0.0000e+00 0.0000e+00]
 [0.0000e+00 0.0000e+00 0.0000e+00 0.0000e+00 0.0000e+00 0.0000e+00
  0.0000e+00 0.0000e+00 0.0000e+00 0.0000e+00]
 [0.0000e+00 0.0000e+00 0.0000e+00 0.0000e+00 0.0000e+00 0.0000e+00
  0.0000e+00 0.0000e+00 0.0000e+00 0.0000e+00]
 [2.9388e-01 1.1200e-02 7.3700e-02 1.6700e-03 4.9000e-03 5.0000e-05
  6.0806e-01 4.2100e-03 6.6000e-04 1.6700e-03]
 [0.0000e+00 0.0000e+00 0.0000e+00 0.0000e+00 0.0000e+00 0.0000e+00
  0.0000e+00 0.0000e+00 0.0000e+00 0.0000e+00]
 [0.0000e+00 0.0000e+00 0.0000e+00 0.0000e+00 0.0000e+00 0.0000e+00
  0.0000e+00 0.0000e+00 0.0000e+00 0.0000e+00]]
[2026-06-17 20:05:53,836] INFO: [1mTest metric 0.00421[0m
[2026-06-17 20:05:53,892] INFO: [1mWritten output to reports/latest/part_weaver_predict_grouped_v1_WToQQ.root[0m
[2026-06-17 20:05:53,892] INFO: Running on test file group ZToQQ with 1 files:
.../home/maxwelhelp/Рабочий стол/jetclass_tiny_balanced/ZToQQ_000.root
[2026-06-17 20:05:53,904] INFO: [0;37mpreprocess config: {'method': 'manual', 'data_fraction': 0.5, 'params': None}[0m
[2026-06-17 20:05:53,904] INFO: [0;37mselection: None[0m
[2026-06-17 20:05:53,904] INFO: [0;37mtest_time_selection: None[0m
[2026-06-17 20:05:53,904] INFO: [0;37mvar_funcs:
 - ('part_mask', 'ak.ones_like(part_energy)')
 - ('part_pt', 'np.hypot(part_px, part_py)')
 - ('part_pt_log', 'np.log(part_pt)')
 - ('part_e_log', 'np.log(part_energy)')
 - ('part_logptrel', 'np.log(part_pt/jet_pt)')
 - ('part_logerel', 'np.log(part_energy/jet_energy)')
 - ('part_deltaR', 'np.hypot(part_deta, part_dphi)')
 - ('_label_', 'np.argmax(np.stack([ak.to_numpy(label_QCD),ak.to_numpy(label_Hbb),ak.to_numpy(label_Hcc),ak.to_numpy(label_Hgg),ak.to_numpy(label_H4q),ak.to_numpy(label_Hqql),ak.to_numpy(label_Zqq),ak.to_numpy(label_Wqq),ak.to_numpy(label_Tbqq),ak.to_numpy(label_Tbl)], axis=1), axis=1)')
 - ('_labelcheck_', 'np.sum(np.stack([ak.to_numpy(label_QCD),ak.to_numpy(label_Hbb),ak.to_numpy(label_Hcc),ak.to_numpy(label_Hgg),ak.to_numpy(label_H4q),ak.to_numpy(label_Hqql),ak.to_numpy(label_Zqq),ak.to_numpy(label_Wqq),ak.to_numpy(label_Tbqq),ak.to_numpy(label_Tbl)], axis=1), axis=1)')[0m
[2026-06-17 20:05:53,905] INFO: [0;37minput_names: ('pf_points', 'pf_features', 'pf_vectors', 'pf_mask')[0m
[2026-06-17 20:05:53,905] INFO: [0;37minput_dicts:
 - ('pf_points', ['part_deta', 'part_dphi'])
 - ('pf_features', ['part_pt_log', 'part_e_log', 'part_logptrel', 'part_logerel', 'part_deltaR', 'part_charge', 'part_isChargedHadron', 'part_isNeutralHadron', 'part_isPhoton', 'part_isElectron', 'part_isMuon', 'part_deta', 'part_dphi'])
 - ('pf_vectors', ['part_px', 'part_py', 'part_pz', 'part_energy'])
 - ('pf_mask', ['part_mask'])[0m
[2026-06-17 20:05:53,905] INFO: [0;37minput_shapes:
 - ('pf_points', (-1, 2, 128))
 - ('pf_features', (-1, 13, 128))
 - ('pf_vectors', (-1, 4, 128))
 - ('pf_mask', (-1, 1, 128))[0m
[2026-06-17 20:05:53,905] INFO: [0;37mpreprocess_params:
 - ('part_deta', {'length': 128, 'pad_mode': 'wrap', 'center': None, 'scale': 1, 'min': -5, 'max': 5, 'pad_value': 0})
 - ('part_dphi', {'length': 128, 'pad_mode': 'wrap', 'center': None, 'scale': 1, 'min': -5, 'max': 5, 'pad_value': 0})
 - ('part_pt_log', {'length': 128, 'pad_mode': 'wrap', 'center': 1.7, 'scale': 0.7, 'min': -5, 'max': 5, 'pad_value': 0})
 - ('part_e_log', {'length': 128, 'pad_mode': 'wrap', 'center': 2.0, 'scale': 0.7, 'min': -5, 'max': 5, 'pad_value': 0})
 - ('part_logptrel', {'length': 128, 'pad_mode': 'wrap', 'center': -4.7, 'scale': 0.7, 'min': -5, 'max': 5, 'pad_value': 0})
 - ('part_logerel', {'length': 128, 'pad_mode': 'wrap', 'center': -4.7, 'scale': 0.7, 'min': -5, 'max': 5, 'pad_value': 0})
 - ('part_deltaR', {'length': 128, 'pad_mode': 'wrap', 'center': 0.2, 'scale': 4.0, 'min': -5, 'max': 5, 'pad_value': 0})
 - ('part_charge', {'length': 128, 'pad_mode': 'wrap', 'center': None, 'scale': 1, 'min': -5, 'max': 5, 'pad_value': 0})
 - ('part_isChargedHadron', {'length': 128, 'pad_mode': 'wrap', 'center': None, 'scale': 1, 'min': -5, 'max': 5, 'pad_value': 0})
 - ('part_isNeutralHadron', {'length': 128, 'pad_mode': 'wrap', 'center': None, 'scale': 1, 'min': -5, 'max': 5, 'pad_value': 0})
 - ('part_isPhoton', {'length': 128, 'pad_mode': 'wrap', 'center': None, 'scale': 1, 'min': -5, 'max': 5, 'pad_value': 0})
 - ('part_isElectron', {'length': 128, 'pad_mode': 'wrap', 'center': None, 'scale': 1, 'min': -5, 'max': 5, 'pad_value': 0})
 - ('part_isMuon', {'length': 128, 'pad_mode': 'wrap', 'center': None, 'scale': 1, 'min': -5, 'max': 5, 'pad_value': 0})
 - ('part_px', {'length': 128, 'pad_mode': 'wrap', 'center': None, 'scale': 1, 'min': -5, 'max': 5, 'pad_value': 0})
 - ('part_py', {'length': 128, 'pad_mode': 'wrap', 'center': None, 'scale': 1, 'min': -5, 'max': 5, 'pad_value': 0})
 - ('part_pz', {'length': 128, 'pad_mode': 'wrap', 'center': None, 'scale': 1, 'min': -5, 'max': 5, 'pad_value': 0})
 - ('part_energy', {'length': 128, 'pad_mode': 'wrap', 'center': None, 'scale': 1, 'min': -5, 'max': 5, 'pad_value': 0})
 - ('part_mask', {'length': 128, 'pad_mode': 'constant', 'center': None, 'scale': 1, 'min': -5, 'max': 5, 'pad_value': 0})[0m
[2026-06-17 20:05:53,905] INFO: [0;37mlabel_names: ('_label_',)[0m
[2026-06-17 20:05:53,905] INFO: [0;37mobserver_names: ('jet_pt', 'jet_eta', 'jet_phi', 'jet_energy', 'jet_nparticles', 'jet_sdmass', 'jet_tau1', 'jet_tau2', 'jet_tau3', 'jet_tau4')[0m
[2026-06-17 20:05:53,905] INFO: [0;37mmonitor_variables: ()[0m
[2026-06-17 20:05:53,916] INFO: [0;37mpreprocess config: {'method': 'manual', 'data_fraction': 0.5, 'params': None}[0m
[2026-06-17 20:05:53,917] INFO: [0;37mselection: None[0m
[2026-06-17 20:05:53,917] INFO: [0;37mtest_time_selection: None[0m
[2026-06-17 20:05:53,917] INFO: [0;37mvar_funcs:
 - ('part_mask', 'ak.ones_like(part_energy)')
 - ('part_pt', 'np.hypot(part_px, part_py)')
 - ('part_pt_log', 'np.log(part_pt)')
 - ('part_e_log', 'np.log(part_energy)')
 - ('part_logptrel', 'np.log(part_pt/jet_pt)')
 - ('part_logerel', 'np.log(part_energy/jet_energy)')
 - ('part_deltaR', 'np.hypot(part_deta, part_dphi)')
 - ('_label_', 'np.argmax(np.stack([ak.to_numpy(label_QCD),ak.to_numpy(label_Hbb),ak.to_numpy(label_Hcc),ak.to_numpy(label_Hgg),ak.to_numpy(label_H4q),ak.to_numpy(label_Hqql),ak.to_numpy(label_Zqq),ak.to_numpy(label_Wqq),ak.to_numpy(label_Tbqq),ak.to_numpy(label_Tbl)], axis=1), axis=1)')
 - ('_labelcheck_', 'np.sum(np.stack([ak.to_numpy(label_QCD),ak.to_numpy(label_Hbb),ak.to_numpy(label_Hcc),ak.to_numpy(label_Hgg),ak.to_numpy(label_H4q),ak.to_numpy(label_Hqql),ak.to_numpy(label_Zqq),ak.to_numpy(label_Wqq),ak.to_numpy(label_Tbqq),ak.to_numpy(label_Tbl)], axis=1), axis=1)')[0m
[2026-06-17 20:05:53,917] INFO: [0;37minput_names: ('pf_points', 'pf_features', 'pf_vectors', 'pf_mask')[0m
[2026-06-17 20:05:53,917] INFO: [0;37minput_dicts:
 - ('pf_points', ['part_deta', 'part_dphi'])
 - ('pf_features', ['part_pt_log', 'part_e_log', 'part_logptrel', 'part_logerel', 'part_deltaR', 'part_charge', 'part_isChargedHadron', 'part_isNeutralHadron', 'part_isPhoton', 'part_isElectron', 'part_isMuon', 'part_deta', 'part_dphi'])
 - ('pf_vectors', ['part_px', 'part_py', 'part_pz', 'part_energy'])
 - ('pf_mask', ['part_mask'])[0m
[2026-06-17 20:05:53,917] INFO: [0;37minput_shapes:
 - ('pf_points', (-1, 2, 128))
 - ('pf_features', (-1, 13, 128))
 - ('pf_vectors', (-1, 4, 128))
 - ('pf_mask', (-1, 1, 128))[0m
[2026-06-17 20:05:53,918] INFO: [0;37mpreprocess_params:
 - ('part_deta', {'length': 128, 'pad_mode': 'wrap', 'center': None, 'scale': 1, 'min': -5, 'max': 5, 'pad_value': 0})
 - ('part_dphi', {'length': 128, 'pad_mode': 'wrap', 'center': None, 'scale': 1, 'min': -5, 'max': 5, 'pad_value': 0})
 - ('part_pt_log', {'length': 128, 'pad_mode': 'wrap', 'center': 1.7, 'scale': 0.7, 'min': -5, 'max': 5, 'pad_value': 0})
 - ('part_e_log', {'length': 128, 'pad_mode': 'wrap', 'center': 2.0, 'scale': 0.7, 'min': -5, 'max': 5, 'pad_value': 0})
 - ('part_logptrel', {'length': 128, 'pad_mode': 'wrap', 'center': -4.7, 'scale': 0.7, 'min': -5, 'max': 5, 'pad_value': 0})
 - ('part_logerel', {'length': 128, 'pad_mode': 'wrap', 'center': -4.7, 'scale': 0.7, 'min': -5, 'max': 5, 'pad_value': 0})
 - ('part_deltaR', {'length': 128, 'pad_mode': 'wrap', 'center': 0.2, 'scale': 4.0, 'min': -5, 'max': 5, 'pad_value': 0})
 - ('part_charge', {'length': 128, 'pad_mode': 'wrap', 'center': None, 'scale': 1, 'min': -5, 'max': 5, 'pad_value': 0})
 - ('part_isChargedHadron', {'length': 128, 'pad_mode': 'wrap', 'center': None, 'scale': 1, 'min': -5, 'max': 5, 'pad_value': 0})
 - ('part_isNeutralHadron', {'length': 128, 'pad_mode': 'wrap', 'center': None, 'scale': 1, 'min': -5, 'max': 5, 'pad_value': 0})
 - ('part_isPhoton', {'length': 128, 'pad_mode': 'wrap', 'center': None, 'scale': 1, 'min': -5, 'max': 5, 'pad_value': 0})
 - ('part_isElectron', {'length': 128, 'pad_mode': 'wrap', 'center': None, 'scale': 1, 'min': -5, 'max': 5, 'pad_value': 0})
 - ('part_isMuon', {'length': 128, 'pad_mode': 'wrap', 'center': None, 'scale': 1, 'min': -5, 'max': 5, 'pad_value': 0})
 - ('part_px', {'length': 128, 'pad_mode': 'wrap', 'center': None, 'scale': 1, 'min': -5, 'max': 5, 'pad_value': 0})
 - ('part_py', {'length': 128, 'pad_mode': 'wrap', 'center': None, 'scale': 1, 'min': -5, 'max': 5, 'pad_value': 0})
 - ('part_pz', {'length': 128, 'pad_mode': 'wrap', 'center': None, 'scale': 1, 'min': -5, 'max': 5, 'pad_value': 0})
 - ('part_energy', {'length': 128, 'pad_mode': 'wrap', 'center': None, 'scale': 1, 'min': -5, 'max': 5, 'pad_value': 0})
 - ('part_mask', {'length': 128, 'pad_mode': 'constant', 'center': None, 'scale': 1, 'min': -5, 'max': 5, 'pad_value': 0})[0m
[2026-06-17 20:05:53,918] INFO: [0;37mlabel_names: ('_label_',)[0m
[2026-06-17 20:05:53,918] INFO: [0;37mobserver_names: ('jet_pt', 'jet_eta', 'jet_phi', 'jet_energy', 'jet_nparticles', 'jet_sdmass', 'jet_tau1', 'jet_tau2', 'jet_tau3', 'jet_tau4')[0m
[2026-06-17 20:05:53,918] INFO: [0;37mmonitor_variables: ()[0m
[2026-06-17 20:05:54,089] INFO: === Restarting DataIter test_ZToQQ_worker0, seed=2216799233 ===
[2026-06-17 20:05:54,090] INFO: Restarted DataIter test_ZToQQ_worker0, load_range=(0, 1), file_list:
{
  "ZToQQ": [
    "/home/maxwelhelp/\u0420\u0430\u0431\u043e\u0447\u0438\u0439 \u0441\u0442\u043e\u043b/jetclass_tiny_balanced/ZToQQ_000.root"
  ]
}
[2026-06-17 20:06:57,764] INFO: Processed 100000 entries in total (avg. speed 1569.3 entries/s)
[2026-06-17 20:06:57,764] INFO: Eval AvgLoss: 0.00000, AvgAcc: 0.55195
[2026-06-17 20:06:57,764] INFO: Evaluation class distribution: 
    [(np.int64(6), 100000)]
[2026-06-17 20:06:57,796] WARNING: Cannot compute metric roc_auc_score: Number of classes in y_true not equal to the number of columns in 'y_score'
[2026-06-17 20:06:58,500] INFO: Evaluation metrics: 
    - roc_auc_score: 
None
    - roc_auc_score_matrix: 
[[ 0. nan nan nan nan nan nan nan nan nan]
 [ 0.  0. nan nan nan nan nan nan nan nan]
 [ 0.  0.  0. nan nan nan nan nan nan nan]
 [ 0.  0.  0.  0. nan nan nan nan nan nan]
 [ 0.  0.  0.  0.  0. nan nan nan nan nan]
 [ 0.  0.  0.  0.  0.  0. nan nan nan nan]
 [ 0.  0.  0.  0.  0.  0.  0. nan nan nan]
 [ 0.  0.  0.  0.  0.  0.  0.  0. nan nan]
 [ 0.  0.  0.  0.  0.  0.  0.  0.  0. nan]
 [ 0.  0.  0.  0.  0.  0.  0.  0.  0.  0.]]
    - confusion_matrix: 
[[0.0000e+00 0.0000e+00 0.0000e+00 0.0000e+00 0.0000e+00 0.0000e+00
  0.0000e+00 0.0000e+00 0.0000e+00 0.0000e+00]
 [0.0000e+00 0.0000e+00 0.0000e+00 0.0000e+00 0.0000e+00 0.0000e+00
  0.0000e+00 0.0000e+00 0.0000e+00 0.0000e+00]
 [0.0000e+00 0.0000e+00 0.0000e+00 0.0000e+00 0.0000e+00 0.0000e+00
  0.0000e+00 0.0000e+00 0.0000e+00 0.0000e+00]
 [0.0000e+00 0.0000e+00 0.0000e+00 0.0000e+00 0.0000e+00 0.0000e+00
  0.0000e+00 0.0000e+00 0.0000e+00 0.0000e+00]
 [0.0000e+00 0.0000e+00 0.0000e+00 0.0000e+00 0.0000e+00 0.0000e+00
  0.0000e+00 0.0000e+00 0.0000e+00 0.0000e+00]
 [0.0000e+00 0.0000e+00 0.0000e+00 0.0000e+00 0.0000e+00 0.0000e+00
  0.0000e+00 0.0000e+00 0.0000e+00 0.0000e+00]
 [3.6769e-01 7.1400e-03 5.2540e-02 1.0300e-03 5.3700e-03 2.6000e-04
  5.5195e-01 9.2200e-03 4.6000e-04 4.3400e-03]
 [0.0000e+00 0.0000e+00 0.0000e+00 0.0000e+00 0.0000e+00 0.0000e+00
  0.0000e+00 0.0000e+00 0.0000e+00 0.0000e+00]
 [0.0000e+00 0.0000e+00 0.0000e+00 0.0000e+00 0.0000e+00 0.0000e+00
  0.0000e+00 0.0000e+00 0.0000e+00 0.0000e+00]
 [0.0000e+00 0.0000e+00 0.0000e+00 0.0000e+00 0.0000e+00 0.0000e+00
  0.0000e+00 0.0000e+00 0.0000e+00 0.0000e+00]]
[2026-06-17 20:07:00,295] INFO: [1mTest metric 0.55195[0m
[2026-06-17 20:07:00,399] INFO: [1mWritten output to reports/latest/part_weaver_predict_grouped_v1_ZToQQ.root[0m
[2026-06-17 20:07:00,399] INFO: Running on test file group ZJetsToNuNu with 1 files:
.../home/maxwelhelp/Рабочий стол/jetclass_tiny_balanced/ZJetsToNuNu_000.root
[2026-06-17 20:07:00,410] INFO: [0;37mpreprocess config: {'method': 'manual', 'data_fraction': 0.5, 'params': None}[0m
[2026-06-17 20:07:00,410] INFO: [0;37mselection: None[0m
[2026-06-17 20:07:00,410] INFO: [0;37mtest_time_selection: None[0m
[2026-06-17 20:07:00,410] INFO: [0;37mvar_funcs:
 - ('part_mask', 'ak.ones_like(part_energy)')
 - ('part_pt', 'np.hypot(part_px, part_py)')
 - ('part_pt_log', 'np.log(part_pt)')
 - ('part_e_log', 'np.log(part_energy)')
 - ('part_logptrel', 'np.log(part_pt/jet_pt)')
 - ('part_logerel', 'np.log(part_energy/jet_energy)')
 - ('part_deltaR', 'np.hypot(part_deta, part_dphi)')
 - ('_label_', 'np.argmax(np.stack([ak.to_numpy(label_QCD),ak.to_numpy(label_Hbb),ak.to_numpy(label_Hcc),ak.to_numpy(label_Hgg),ak.to_numpy(label_H4q),ak.to_numpy(label_Hqql),ak.to_numpy(label_Zqq),ak.to_numpy(label_Wqq),ak.to_numpy(label_Tbqq),ak.to_numpy(label_Tbl)], axis=1), axis=1)')
 - ('_labelcheck_', 'np.sum(np.stack([ak.to_numpy(label_QCD),ak.to_numpy(label_Hbb),ak.to_numpy(label_Hcc),ak.to_numpy(label_Hgg),ak.to_numpy(label_H4q),ak.to_numpy(label_Hqql),ak.to_numpy(label_Zqq),ak.to_numpy(label_Wqq),ak.to_numpy(label_Tbqq),ak.to_numpy(label_Tbl)], axis=1), axis=1)')[0m
[2026-06-17 20:07:00,411] INFO: [0;37minput_names: ('pf_points', 'pf_features', 'pf_vectors', 'pf_mask')[0m
[2026-06-17 20:07:00,411] INFO: [0;37minput_dicts:
 - ('pf_points', ['part_deta', 'part_dphi'])
 - ('pf_features', ['part_pt_log', 'part_e_log', 'part_logptrel', 'part_logerel', 'part_deltaR', 'part_charge', 'part_isChargedHadron', 'part_isNeutralHadron', 'part_isPhoton', 'part_isElectron', 'part_isMuon', 'part_deta', 'part_dphi'])
 - ('pf_vectors', ['part_px', 'part_py', 'part_pz', 'part_energy'])
 - ('pf_mask', ['part_mask'])[0m
[2026-06-17 20:07:00,411] INFO: [0;37minput_shapes:
 - ('pf_points', (-1, 2, 128))
 - ('pf_features', (-1, 13, 128))
 - ('pf_vectors', (-1, 4, 128))
 - ('pf_mask', (-1, 1, 128))[0m
[2026-06-17 20:07:00,411] INFO: [0;37mpreprocess_params:
 - ('part_deta', {'length': 128, 'pad_mode': 'wrap', 'center': None, 'scale': 1, 'min': -5, 'max': 5, 'pad_value': 0})
 - ('part_dphi', {'length': 128, 'pad_mode': 'wrap', 'center': None, 'scale': 1, 'min': -5, 'max': 5, 'pad_value': 0})
 - ('part_pt_log', {'length': 128, 'pad_mode': 'wrap', 'center': 1.7, 'scale': 0.7, 'min': -5, 'max': 5, 'pad_value': 0})
 - ('part_e_log', {'length': 128, 'pad_mode': 'wrap', 'center': 2.0, 'scale': 0.7, 'min': -5, 'max': 5, 'pad_value': 0})
 - ('part_logptrel', {'length': 128, 'pad_mode': 'wrap', 'center': -4.7, 'scale': 0.7, 'min': -5, 'max': 5, 'pad_value': 0})
 - ('part_logerel', {'length': 128, 'pad_mode': 'wrap', 'center': -4.7, 'scale': 0.7, 'min': -5, 'max': 5, 'pad_value': 0})
 - ('part_deltaR', {'length': 128, 'pad_mode': 'wrap', 'center': 0.2, 'scale': 4.0, 'min': -5, 'max': 5, 'pad_value': 0})
 - ('part_charge', {'length': 128, 'pad_mode': 'wrap', 'center': None, 'scale': 1, 'min': -5, 'max': 5, 'pad_value': 0})
 - ('part_isChargedHadron', {'length': 128, 'pad_mode': 'wrap', 'center': None, 'scale': 1, 'min': -5, 'max': 5, 'pad_value': 0})
 - ('part_isNeutralHadron', {'length': 128, 'pad_mode': 'wrap', 'center': None, 'scale': 1, 'min': -5, 'max': 5, 'pad_value': 0})
 - ('part_isPhoton', {'length': 128, 'pad_mode': 'wrap', 'center': None, 'scale': 1, 'min': -5, 'max': 5, 'pad_value': 0})
 - ('part_isElectron', {'length': 128, 'pad_mode': 'wrap', 'center': None, 'scale': 1, 'min': -5, 'max': 5, 'pad_value': 0})
 - ('part_isMuon', {'length': 128, 'pad_mode': 'wrap', 'center': None, 'scale': 1, 'min': -5, 'max': 5, 'pad_value': 0})
 - ('part_px', {'length': 128, 'pad_mode': 'wrap', 'center': None, 'scale': 1, 'min': -5, 'max': 5, 'pad_value': 0})
 - ('part_py', {'length': 128, 'pad_mode': 'wrap', 'center': None, 'scale': 1, 'min': -5, 'max': 5, 'pad_value': 0})
 - ('part_pz', {'length': 128, 'pad_mode': 'wrap', 'center': None, 'scale': 1, 'min': -5, 'max': 5, 'pad_value': 0})
 - ('part_energy', {'length': 128, 'pad_mode': 'wrap', 'center': None, 'scale': 1, 'min': -5, 'max': 5, 'pad_value': 0})
 - ('part_mask', {'length': 128, 'pad_mode': 'constant', 'center': None, 'scale': 1, 'min': -5, 'max': 5, 'pad_value': 0})[0m
[2026-06-17 20:07:00,411] INFO: [0;37mlabel_names: ('_label_',)[0m
[2026-06-17 20:07:00,411] INFO: [0;37mobserver_names: ('jet_pt', 'jet_eta', 'jet_phi', 'jet_energy', 'jet_nparticles', 'jet_sdmass', 'jet_tau1', 'jet_tau2', 'jet_tau3', 'jet_tau4')[0m
[2026-06-17 20:07:00,411] INFO: [0;37mmonitor_variables: ()[0m
[2026-06-17 20:07:00,421] INFO: [0;37mpreprocess config: {'method': 'manual', 'data_fraction': 0.5, 'params': None}[0m
[2026-06-17 20:07:00,421] INFO: [0;37mselection: None[0m
[2026-06-17 20:07:00,421] INFO: [0;37mtest_time_selection: None[0m
[2026-06-17 20:07:00,421] INFO: [0;37mvar_funcs:
 - ('part_mask', 'ak.ones_like(part_energy)')
 - ('part_pt', 'np.hypot(part_px, part_py)')
 - ('part_pt_log', 'np.log(part_pt)')
 - ('part_e_log', 'np.log(part_energy)')
 - ('part_logptrel', 'np.log(part_pt/jet_pt)')
 - ('part_logerel', 'np.log(part_energy/jet_energy)')
 - ('part_deltaR', 'np.hypot(part_deta, part_dphi)')
 - ('_label_', 'np.argmax(np.stack([ak.to_numpy(label_QCD),ak.to_numpy(label_Hbb),ak.to_numpy(label_Hcc),ak.to_numpy(label_Hgg),ak.to_numpy(label_H4q),ak.to_numpy(label_Hqql),ak.to_numpy(label_Zqq),ak.to_numpy(label_Wqq),ak.to_numpy(label_Tbqq),ak.to_numpy(label_Tbl)], axis=1), axis=1)')
 - ('_labelcheck_', 'np.sum(np.stack([ak.to_numpy(label_QCD),ak.to_numpy(label_Hbb),ak.to_numpy(label_Hcc),ak.to_numpy(label_Hgg),ak.to_numpy(label_H4q),ak.to_numpy(label_Hqql),ak.to_numpy(label_Zqq),ak.to_numpy(label_Wqq),ak.to_numpy(label_Tbqq),ak.to_numpy(label_Tbl)], axis=1), axis=1)')[0m
[2026-06-17 20:07:00,422] INFO: [0;37minput_names: ('pf_points', 'pf_features', 'pf_vectors', 'pf_mask')[0m
[2026-06-17 20:07:00,422] INFO: [0;37minput_dicts:
 - ('pf_points', ['part_deta', 'part_dphi'])
 - ('pf_features', ['part_pt_log', 'part_e_log', 'part_logptrel', 'part_logerel', 'part_deltaR', 'part_charge', 'part_isChargedHadron', 'part_isNeutralHadron', 'part_isPhoton', 'part_isElectron', 'part_isMuon', 'part_deta', 'part_dphi'])
 - ('pf_vectors', ['part_px', 'part_py', 'part_pz', 'part_energy'])
 - ('pf_mask', ['part_mask'])[0m
[2026-06-17 20:07:00,422] INFO: [0;37minput_shapes:
 - ('pf_points', (-1, 2, 128))
 - ('pf_features', (-1, 13, 128))
 - ('pf_vectors', (-1, 4, 128))
 - ('pf_mask', (-1, 1, 128))[0m
[2026-06-17 20:07:00,422] INFO: [0;37mpreprocess_params:
 - ('part_deta', {'length': 128, 'pad_mode': 'wrap', 'center': None, 'scale': 1, 'min': -5, 'max': 5, 'pad_value': 0})
 - ('part_dphi', {'length': 128, 'pad_mode': 'wrap', 'center': None, 'scale': 1, 'min': -5, 'max': 5, 'pad_value': 0})
 - ('part_pt_log', {'length': 128, 'pad_mode': 'wrap', 'center': 1.7, 'scale': 0.7, 'min': -5, 'max': 5, 'pad_value': 0})
 - ('part_e_log', {'length': 128, 'pad_mode': 'wrap', 'center': 2.0, 'scale': 0.7, 'min': -5, 'max': 5, 'pad_value': 0})
 - ('part_logptrel', {'length': 128, 'pad_mode': 'wrap', 'center': -4.7, 'scale': 0.7, 'min': -5, 'max': 5, 'pad_value': 0})
 - ('part_logerel', {'length': 128, 'pad_mode': 'wrap', 'center': -4.7, 'scale': 0.7, 'min': -5, 'max': 5, 'pad_value': 0})
 - ('part_deltaR', {'length': 128, 'pad_mode': 'wrap', 'center': 0.2, 'scale': 4.0, 'min': -5, 'max': 5, 'pad_value': 0})
 - ('part_charge', {'length': 128, 'pad_mode': 'wrap', 'center': None, 'scale': 1, 'min': -5, 'max': 5, 'pad_value': 0})
 - ('part_isChargedHadron', {'length': 128, 'pad_mode': 'wrap', 'center': None, 'scale': 1, 'min': -5, 'max': 5, 'pad_value': 0})
 - ('part_isNeutralHadron', {'length': 128, 'pad_mode': 'wrap', 'center': None, 'scale': 1, 'min': -5, 'max': 5, 'pad_value': 0})
 - ('part_isPhoton', {'length': 128, 'pad_mode': 'wrap', 'center': None, 'scale': 1, 'min': -5, 'max': 5, 'pad_value': 0})
 - ('part_isElectron', {'length': 128, 'pad_mode': 'wrap', 'center': None, 'scale': 1, 'min': -5, 'max': 5, 'pad_value': 0})
 - ('part_isMuon', {'length': 128, 'pad_mode': 'wrap', 'center': None, 'scale': 1, 'min': -5, 'max': 5, 'pad_value': 0})
 - ('part_px', {'length': 128, 'pad_mode': 'wrap', 'center': None, 'scale': 1, 'min': -5, 'max': 5, 'pad_value': 0})
 - ('part_py', {'length': 128, 'pad_mode': 'wrap', 'center': None, 'scale': 1, 'min': -5, 'max': 5, 'pad_value': 0})
 - ('part_pz', {'length': 128, 'pad_mode': 'wrap', 'center': None, 'scale': 1, 'min': -5, 'max': 5, 'pad_value': 0})
 - ('part_energy', {'length': 128, 'pad_mode': 'wrap', 'center': None, 'scale': 1, 'min': -5, 'max': 5, 'pad_value': 0})
 - ('part_mask', {'length': 128, 'pad_mode': 'constant', 'center': None, 'scale': 1, 'min': -5, 'max': 5, 'pad_value': 0})[0m
[2026-06-17 20:07:00,422] INFO: [0;37mlabel_names: ('_label_',)[0m
[2026-06-17 20:07:00,422] INFO: [0;37mobserver_names: ('jet_pt', 'jet_eta', 'jet_phi', 'jet_energy', 'jet_nparticles', 'jet_sdmass', 'jet_tau1', 'jet_tau2', 'jet_tau3', 'jet_tau4')[0m
[2026-06-17 20:07:00,422] INFO: [0;37mmonitor_variables: ()[0m
[2026-06-17 20:07:00,593] INFO: === Restarting DataIter test_ZJetsToNuNu_worker0, seed=523117276 ===
[2026-06-17 20:07:00,593] INFO: Restarted DataIter test_ZJetsToNuNu_worker0, load_range=(0, 1), file_list:
{
  "ZJetsToNuNu": [
    "/home/maxwelhelp/\u0420\u0430\u0431\u043e\u0447\u0438\u0439 \u0441\u0442\u043e\u043b/jetclass_tiny_balanced/ZJetsToNuNu_000.root"
  ]
}
[2026-06-17 20:08:09,756] INFO: Processed 100000 entries in total (avg. speed 1444.8 entries/s)
[2026-06-17 20:08:09,756] INFO: Eval AvgLoss: 0.00000, AvgAcc: 0.37151
[2026-06-17 20:08:09,756] INFO: Evaluation class distribution: 
    [(np.int64(0), 100000)]
[2026-06-17 20:08:09,784] WARNING: Cannot compute metric roc_auc_score: Number of classes in y_true not equal to the number of columns in 'y_score'
[2026-06-17 20:08:10,476] INFO: Evaluation metrics: 
    - roc_auc_score: 
None
    - roc_auc_score_matrix: 
[[ 0. nan nan nan nan nan nan nan nan nan]
 [ 0.  0. nan nan nan nan nan nan nan nan]
 [ 0.  0.  0. nan nan nan nan nan nan nan]
 [ 0.  0.  0.  0. nan nan nan nan nan nan]
 [ 0.  0.  0.  0.  0. nan nan nan nan nan]
 [ 0.  0.  0.  0.  0.  0. nan nan nan nan]
 [ 0.  0.  0.  0.  0.  0.  0. nan nan nan]
 [ 0.  0.  0.  0.  0.  0.  0.  0. nan nan]
 [ 0.  0.  0.  0.  0.  0.  0.  0.  0. nan]
 [ 0.  0.  0.  0.  0.  0.  0.  0.  0.  0.]]
    - confusion_matrix: 
[[3.7151e-01 2.6100e-03 2.9470e-02 2.6700e-03 1.4570e-02 2.0000e-04
  5.6511e-01 8.1000e-03 4.5800e-03 1.1800e-03]
 [0.0000e+00 0.0000e+00 0.0000e+00 0.0000e+00 0.0000e+00 0.0000e+00
  0.0000e+00 0.0000e+00 0.0000e+00 0.0000e+00]
 [0.0000e+00 0.0000e+00 0.0000e+00 0.0000e+00 0.0000e+00 0.0000e+00
  0.0000e+00 0.0000e+00 0.0000e+00 0.0000e+00]
 [0.0000e+00 0.0000e+00 0.0000e+00 0.0000e+00 0.0000e+00 0.0000e+00
  0.0000e+00 0.0000e+00 0.0000e+00 0.0000e+00]
 [0.0000e+00 0.0000e+00 0.0000e+00 0.0000e+00 0.0000e+00 0.0000e+00
  0.0000e+00 0.0000e+00 0.0000e+00 0.0000e+00]
 [0.0000e+00 0.0000e+00 0.0000e+00 0.0000e+00 0.0000e+00 0.0000e+00
  0.0000e+00 0.0000e+00 0.0000e+00 0.0000e+00]
 [0.0000e+00 0.0000e+00 0.0000e+00 0.0000e+00 0.0000e+00 0.0000e+00
  0.0000e+00 0.0000e+00 0.0000e+00 0.0000e+00]
 [0.0000e+00 0.0000e+00 0.0000e+00 0.0000e+00 0.0000e+00 0.0000e+00
  0.0000e+00 0.0000e+00 0.0000e+00 0.0000e+00]
 [0.0000e+00 0.0000e+00 0.0000e+00 0.0000e+00 0.0000e+00 0.0000e+00
  0.0000e+00 0.0000e+00 0.0000e+00 0.0000e+00]
 [0.0000e+00 0.0000e+00 0.0000e+00 0.0000e+00 0.0000e+00 0.0000e+00
  0.0000e+00 0.0000e+00 0.0000e+00 0.0000e+00]]
[2026-06-17 20:08:12,356] INFO: [1mTest metric 0.37151[0m
[2026-06-17 20:08:12,454] INFO: [1mWritten output to reports/latest/part_weaver_predict_grouped_v1_ZJetsToNuNu.root[0m
[2026-06-17 20:22:53,414] INFO: args:
 - ('run_mode', ['test'])
 - ('regression_mode', False)
 - ('data_config', 'external/particle_transformer/data/JetClass/JetClass_kinpid.yaml')
 - ('data_config_val', 'external/particle_transformer/data/JetClass/JetClass_kinpid.yaml')
 - ('data_config_test', 'external/particle_transformer/data/JetClass/JetClass_kinpid.yaml')
 - ('extra_selection_train', None)
 - ('extra_selection_val', None)
 - ('extra_selection_test', None)
 - ('data_train', [])
 - ('data_val', [])
 - ('data_test', ['HToBB:/home/maxwelhelp/Рабочий стол/jetclass_tiny_balanced/HToBB_000.root', 'HToCC:/home/maxwelhelp/Рабочий стол/jetclass_tiny_balanced/HToCC_000.root', 'HToGG:/home/maxwelhelp/Рабочий стол/jetclass_tiny_balanced/HToGG_000.root', 'HToWW2Q1L:/home/maxwelhelp/Рабочий стол/jetclass_tiny_balanced/HToWW2Q1L_000.root', 'HToWW4Q:/home/maxwelhelp/Рабочий стол/jetclass_tiny_balanced/HToWW4Q_000.root', 'TTBarLep:/home/maxwelhelp/Рабочий стол/jetclass_tiny_balanced/TTBarLep_000.root', 'TTBar:/home/maxwelhelp/Рабочий стол/jetclass_tiny_balanced/TTBar_000.root', 'TTBar:/home/maxwelhelp/Рабочий стол/jetclass_tiny_balanced/TTBarLep_000.root', 'WToQQ:/home/maxwelhelp/Рабочий стол/jetclass_tiny_balanced/WToQQ_000.root', 'ZToQQ:/home/maxwelhelp/Рабочий стол/jetclass_tiny_balanced/ZToQQ_000.root', 'ZJetsToNuNu:/home/maxwelhelp/Рабочий стол/jetclass_tiny_balanced/ZJetsToNuNu_000.root'])
 - ('data_fraction', 1)
 - ('data_fraction_val', None)
 - ('file_fraction', 1)
 - ('fetch_by_files', False)
 - ('fetch_step', 1.0)
 - ('fetch_step_val', 1.0)
 - ('data_split_num', 1)
 - ('data_split_val', 1)
 - ('in_memory', False)
 - ('in_memory_val', False)
 - ('train_val_split', 0.8)
 - ('no_remake_weights', False)
 - ('demo', False)
 - ('lr_finder', None)
 - ('tensorboard', None)
 - ('tensorboard_custom_fn', None)
 - ('custom_functions', None)
 - ('network_config', 'external/particle_transformer/networks/example_ParticleTransformer.py')
 - ('network_option', [])
 - ('model_prefix', 'external/particle_transformer/models/ParT_kinpid.pt')
 - ('load_model_weights', None)
 - ('exclude_model_weights', None)
 - ('freeze_model_weights', None)
 - ('num_epochs', 20)
 - ('steps_per_epoch', None)
 - ('steps_per_epoch_val', None)
 - ('samples_per_epoch', None)
 - ('samples_per_epoch_val', None)
 - ('optimizer', 'ranger')
 - ('optimizer_option', [])
 - ('lr_scheduler', 'flat+decay')
 - ('warmup_steps', 0.25)
 - ('load_epoch', None)
 - ('start_lr', 0.005)
 - ('batch_size', 64)
 - ('batch_size_val', 64)
 - ('batch_size_test', 64)
 - ('use_amp', False)
 - ('amp_dtype', 'bf16')
 - ('compile', False)
 - ('compiler_option', [])
 - ('gpus', '0')
 - ('predict_gpus', '0')
 - ('num_workers', 1)
 - ('prefetch_factor', None)
 - ('predict', True)
 - ('predict_output', 'reports/latest/part_weaver_predict_grouped_v1.root')
 - ('export_onnx', None)
 - ('onnx_opset', 15)
 - ('io_test', False)
 - ('copy_inputs', False)
 - ('log', 'runs/part_weaver_predict_grouped_v1.log')
 - ('print', False)
 - ('profile', False)
 - ('backend', None)
 - ('cross_validation', None)
 - ('auto_clean', False)
 - ('local_rank', None)
[2026-06-17 20:22:53,414] WARNING: The `--predict` flag is set. Overriding the `--run-mode` to `test`.
[2026-06-17 20:22:53,435] INFO: [0;37mpreprocess config: {'method': 'manual', 'data_fraction': 0.5, 'params': None}[0m
[2026-06-17 20:22:53,435] INFO: [0;37mselection: None[0m
[2026-06-17 20:22:53,436] INFO: [0;37mtest_time_selection: None[0m
[2026-06-17 20:22:53,436] INFO: [0;37mvar_funcs:
 - ('part_mask', 'ak.ones_like(part_energy)')
 - ('part_pt', 'np.hypot(part_px, part_py)')
 - ('part_pt_log', 'np.log(part_pt)')
 - ('part_e_log', 'np.log(part_energy)')
 - ('part_logptrel', 'np.log(part_pt/jet_pt)')
 - ('part_logerel', 'np.log(part_energy/jet_energy)')
 - ('part_deltaR', 'np.hypot(part_deta, part_dphi)')
 - ('_label_', 'np.argmax(np.stack([ak.to_numpy(label_QCD),ak.to_numpy(label_Hbb),ak.to_numpy(label_Hcc),ak.to_numpy(label_Hgg),ak.to_numpy(label_H4q),ak.to_numpy(label_Hqql),ak.to_numpy(label_Zqq),ak.to_numpy(label_Wqq),ak.to_numpy(label_Tbqq),ak.to_numpy(label_Tbl)], axis=1), axis=1)')
 - ('_labelcheck_', 'np.sum(np.stack([ak.to_numpy(label_QCD),ak.to_numpy(label_Hbb),ak.to_numpy(label_Hcc),ak.to_numpy(label_Hgg),ak.to_numpy(label_H4q),ak.to_numpy(label_Hqql),ak.to_numpy(label_Zqq),ak.to_numpy(label_Wqq),ak.to_numpy(label_Tbqq),ak.to_numpy(label_Tbl)], axis=1), axis=1)')[0m
[2026-06-17 20:22:53,436] INFO: [0;37minput_names: ('pf_points', 'pf_features', 'pf_vectors', 'pf_mask')[0m
[2026-06-17 20:22:53,436] INFO: [0;37minput_dicts:
 - ('pf_points', ['part_deta', 'part_dphi'])
 - ('pf_features', ['part_pt_log', 'part_e_log', 'part_logptrel', 'part_logerel', 'part_deltaR', 'part_charge', 'part_isChargedHadron', 'part_isNeutralHadron', 'part_isPhoton', 'part_isElectron', 'part_isMuon', 'part_deta', 'part_dphi'])
 - ('pf_vectors', ['part_px', 'part_py', 'part_pz', 'part_energy'])
 - ('pf_mask', ['part_mask'])[0m
[2026-06-17 20:22:53,436] INFO: [0;37minput_shapes:
 - ('pf_points', (-1, 2, 128))
 - ('pf_features', (-1, 13, 128))
 - ('pf_vectors', (-1, 4, 128))
 - ('pf_mask', (-1, 1, 128))[0m
[2026-06-17 20:22:53,436] INFO: [0;37mpreprocess_params:
 - ('part_deta', {'length': 128, 'pad_mode': 'wrap', 'center': None, 'scale': 1, 'min': -5, 'max': 5, 'pad_value': 0})
 - ('part_dphi', {'length': 128, 'pad_mode': 'wrap', 'center': None, 'scale': 1, 'min': -5, 'max': 5, 'pad_value': 0})
 - ('part_pt_log', {'length': 128, 'pad_mode': 'wrap', 'center': 1.7, 'scale': 0.7, 'min': -5, 'max': 5, 'pad_value': 0})
 - ('part_e_log', {'length': 128, 'pad_mode': 'wrap', 'center': 2.0, 'scale': 0.7, 'min': -5, 'max': 5, 'pad_value': 0})
 - ('part_logptrel', {'length': 128, 'pad_mode': 'wrap', 'center': -4.7, 'scale': 0.7, 'min': -5, 'max': 5, 'pad_value': 0})
 - ('part_logerel', {'length': 128, 'pad_mode': 'wrap', 'center': -4.7, 'scale': 0.7, 'min': -5, 'max': 5, 'pad_value': 0})
 - ('part_deltaR', {'length': 128, 'pad_mode': 'wrap', 'center': 0.2, 'scale': 4.0, 'min': -5, 'max': 5, 'pad_value': 0})
 - ('part_charge', {'length': 128, 'pad_mode': 'wrap', 'center': None, 'scale': 1, 'min': -5, 'max': 5, 'pad_value': 0})
 - ('part_isChargedHadron', {'length': 128, 'pad_mode': 'wrap', 'center': None, 'scale': 1, 'min': -5, 'max': 5, 'pad_value': 0})
 - ('part_isNeutralHadron', {'length': 128, 'pad_mode': 'wrap', 'center': None, 'scale': 1, 'min': -5, 'max': 5, 'pad_value': 0})
 - ('part_isPhoton', {'length': 128, 'pad_mode': 'wrap', 'center': None, 'scale': 1, 'min': -5, 'max': 5, 'pad_value': 0})
 - ('part_isElectron', {'length': 128, 'pad_mode': 'wrap', 'center': None, 'scale': 1, 'min': -5, 'max': 5, 'pad_value': 0})
 - ('part_isMuon', {'length': 128, 'pad_mode': 'wrap', 'center': None, 'scale': 1, 'min': -5, 'max': 5, 'pad_value': 0})
 - ('part_px', {'length': 128, 'pad_mode': 'wrap', 'center': None, 'scale': 1, 'min': -5, 'max': 5, 'pad_value': 0})
 - ('part_py', {'length': 128, 'pad_mode': 'wrap', 'center': None, 'scale': 1, 'min': -5, 'max': 5, 'pad_value': 0})
 - ('part_pz', {'length': 128, 'pad_mode': 'wrap', 'center': None, 'scale': 1, 'min': -5, 'max': 5, 'pad_value': 0})
 - ('part_energy', {'length': 128, 'pad_mode': 'wrap', 'center': None, 'scale': 1, 'min': -5, 'max': 5, 'pad_value': 0})
 - ('part_mask', {'length': 128, 'pad_mode': 'constant', 'center': None, 'scale': 1, 'min': -5, 'max': 5, 'pad_value': 0})[0m
[2026-06-17 20:22:53,436] INFO: [0;37mlabel_names: ('_label_',)[0m
[2026-06-17 20:22:53,437] INFO: [0;37mobserver_names: ('jet_pt', 'jet_eta', 'jet_phi', 'jet_energy', 'jet_nparticles', 'jet_sdmass', 'jet_tau1', 'jet_tau2', 'jet_tau3', 'jet_tau4')[0m
[2026-06-17 20:22:53,437] INFO: [0;37mmonitor_variables: ()[0m
[2026-06-17 20:22:53,448] INFO: [0;37mpreprocess config: {'method': 'manual', 'data_fraction': 0.5, 'params': None}[0m
[2026-06-17 20:22:53,449] INFO: [0;37mselection: None[0m
[2026-06-17 20:22:53,449] INFO: [0;37mtest_time_selection: None[0m
[2026-06-17 20:22:53,449] INFO: [0;37mvar_funcs:
 - ('part_mask', 'ak.ones_like(part_energy)')
 - ('part_pt', 'np.hypot(part_px, part_py)')
 - ('part_pt_log', 'np.log(part_pt)')
 - ('part_e_log', 'np.log(part_energy)')
 - ('part_logptrel', 'np.log(part_pt/jet_pt)')
 - ('part_logerel', 'np.log(part_energy/jet_energy)')
 - ('part_deltaR', 'np.hypot(part_deta, part_dphi)')
 - ('_label_', 'np.argmax(np.stack([ak.to_numpy(label_QCD),ak.to_numpy(label_Hbb),ak.to_numpy(label_Hcc),ak.to_numpy(label_Hgg),ak.to_numpy(label_H4q),ak.to_numpy(label_Hqql),ak.to_numpy(label_Zqq),ak.to_numpy(label_Wqq),ak.to_numpy(label_Tbqq),ak.to_numpy(label_Tbl)], axis=1), axis=1)')
 - ('_labelcheck_', 'np.sum(np.stack([ak.to_numpy(label_QCD),ak.to_numpy(label_Hbb),ak.to_numpy(label_Hcc),ak.to_numpy(label_Hgg),ak.to_numpy(label_H4q),ak.to_numpy(label_Hqql),ak.to_numpy(label_Zqq),ak.to_numpy(label_Wqq),ak.to_numpy(label_Tbqq),ak.to_numpy(label_Tbl)], axis=1), axis=1)')[0m
[2026-06-17 20:22:53,449] INFO: [0;37minput_names: ('pf_points', 'pf_features', 'pf_vectors', 'pf_mask')[0m
[2026-06-17 20:22:53,449] INFO: [0;37minput_dicts:
 - ('pf_points', ['part_deta', 'part_dphi'])
 - ('pf_features', ['part_pt_log', 'part_e_log', 'part_logptrel', 'part_logerel', 'part_deltaR', 'part_charge', 'part_isChargedHadron', 'part_isNeutralHadron', 'part_isPhoton', 'part_isElectron', 'part_isMuon', 'part_deta', 'part_dphi'])
 - ('pf_vectors', ['part_px', 'part_py', 'part_pz', 'part_energy'])
 - ('pf_mask', ['part_mask'])[0m
[2026-06-17 20:22:53,449] INFO: [0;37minput_shapes:
 - ('pf_points', (-1, 2, 128))
 - ('pf_features', (-1, 13, 128))
 - ('pf_vectors', (-1, 4, 128))
 - ('pf_mask', (-1, 1, 128))[0m
[2026-06-17 20:22:53,449] INFO: [0;37mpreprocess_params:
 - ('part_deta', {'length': 128, 'pad_mode': 'wrap', 'center': None, 'scale': 1, 'min': -5, 'max': 5, 'pad_value': 0})
 - ('part_dphi', {'length': 128, 'pad_mode': 'wrap', 'center': None, 'scale': 1, 'min': -5, 'max': 5, 'pad_value': 0})
 - ('part_pt_log', {'length': 128, 'pad_mode': 'wrap', 'center': 1.7, 'scale': 0.7, 'min': -5, 'max': 5, 'pad_value': 0})
 - ('part_e_log', {'length': 128, 'pad_mode': 'wrap', 'center': 2.0, 'scale': 0.7, 'min': -5, 'max': 5, 'pad_value': 0})
 - ('part_logptrel', {'length': 128, 'pad_mode': 'wrap', 'center': -4.7, 'scale': 0.7, 'min': -5, 'max': 5, 'pad_value': 0})
 - ('part_logerel', {'length': 128, 'pad_mode': 'wrap', 'center': -4.7, 'scale': 0.7, 'min': -5, 'max': 5, 'pad_value': 0})
 - ('part_deltaR', {'length': 128, 'pad_mode': 'wrap', 'center': 0.2, 'scale': 4.0, 'min': -5, 'max': 5, 'pad_value': 0})
 - ('part_charge', {'length': 128, 'pad_mode': 'wrap', 'center': None, 'scale': 1, 'min': -5, 'max': 5, 'pad_value': 0})
 - ('part_isChargedHadron', {'length': 128, 'pad_mode': 'wrap', 'center': None, 'scale': 1, 'min': -5, 'max': 5, 'pad_value': 0})
 - ('part_isNeutralHadron', {'length': 128, 'pad_mode': 'wrap', 'center': None, 'scale': 1, 'min': -5, 'max': 5, 'pad_value': 0})
 - ('part_isPhoton', {'length': 128, 'pad_mode': 'wrap', 'center': None, 'scale': 1, 'min': -5, 'max': 5, 'pad_value': 0})
 - ('part_isElectron', {'length': 128, 'pad_mode': 'wrap', 'center': None, 'scale': 1, 'min': -5, 'max': 5, 'pad_value': 0})
 - ('part_isMuon', {'length': 128, 'pad_mode': 'wrap', 'center': None, 'scale': 1, 'min': -5, 'max': 5, 'pad_value': 0})
 - ('part_px', {'length': 128, 'pad_mode': 'wrap', 'center': None, 'scale': 1, 'min': -5, 'max': 5, 'pad_value': 0})
 - ('part_py', {'length': 128, 'pad_mode': 'wrap', 'center': None, 'scale': 1, 'min': -5, 'max': 5, 'pad_value': 0})
 - ('part_pz', {'length': 128, 'pad_mode': 'wrap', 'center': None, 'scale': 1, 'min': -5, 'max': 5, 'pad_value': 0})
 - ('part_energy', {'length': 128, 'pad_mode': 'wrap', 'center': None, 'scale': 1, 'min': -5, 'max': 5, 'pad_value': 0})
 - ('part_mask', {'length': 128, 'pad_mode': 'constant', 'center': None, 'scale': 1, 'min': -5, 'max': 5, 'pad_value': 0})[0m
[2026-06-17 20:22:53,450] INFO: [0;37mlabel_names: ('_label_',)[0m
[2026-06-17 20:22:53,450] INFO: [0;37mobserver_names: ('jet_pt', 'jet_eta', 'jet_phi', 'jet_energy', 'jet_nparticles', 'jet_sdmass', 'jet_tau1', 'jet_tau2', 'jet_tau3', 'jet_tau4')[0m
[2026-06-17 20:22:53,450] INFO: [0;37mmonitor_variables: ()[0m
[2026-06-17 20:22:53,452] INFO: Network options: {}
[2026-06-17 20:22:53,452] INFO: Model config: {'input_dim': 13, 'num_classes': 10, 'pair_input_dim': 4, 'use_pre_activation_pair': False, 'embed_dims': [128, 512, 128], 'pair_embed_dims': [64, 64, 64], 'num_heads': 8, 'num_layers': 8, 'num_cls_layers': 2, 'block_params': None, 'cls_block_params': {'dropout': 0, 'attn_dropout': 0, 'activation_dropout': 0}, 'fc_params': [], 'activation': 'gelu', 'trim': True, 'for_inference': False}
[2026-06-17 20:22:53,452] INFO: ParticleTransformer init-ed: {'self': ParticleTransformer(), 'input_dim': 13, 'num_classes': 10, 'pair_input_type': 'pp', 'pair_input_dim': 4, 'pair_extra_dim': 0, 'remove_self_pair': False, 'use_pre_activation_pair': False, 'use_conv_embed': False, 'embed_dims': [128, 512, 128], 'pair_embed_dims': [64, 64, 64], 'num_heads': 8, 'num_layers': 8, 'block_params': None, 'block_ids_with_attn_mask': None, 'include_global_token': False, 'num_cls_layers': 2, 'cls_block_params': {'dropout': 0, 'attn_dropout': 0, 'activation_dropout': 0}, 'fc_params': [], 'activation': 'gelu', 'version': 1, 'weight_init': 'moco', 'fix_init': True, 'trim': True, 'for_inference': False, 'for_segmentation': False, 'use_amp': False, 'compile_model': False, 'kwargs': {}, '__class__': <class 'weaver.nn.model.ParticleTransformer.ParticleTransformer'>}
[2026-06-17 20:22:53,452] INFO: cfg_block: {'embed_dim': 128, 'num_heads': 8, 'ffn_ratio': 4, 'dropout': 0.1, 'attn_dropout': 0.1, 'activation_dropout': 0.1, 'activation': 'gelu', 'use_rmsnorm': False, 'use_bias': True, 'use_qk_norm': False, 'headwise_attn_output_gate': False, 'elementwise_attn_output_gate': False, 'layer_scale_init_values': None, 'drop_path_rate': 0.0, 'scale_attn_mask': False, 'scale_fc': True, 'scale_attn': True, 'scale_heads': True, 'scale_resids': True}
[2026-06-17 20:22:53,452] INFO: cfg_cls_block: {'embed_dim': 128, 'num_heads': 8, 'ffn_ratio': 4, 'dropout': 0, 'attn_dropout': 0, 'activation_dropout': 0, 'activation': 'gelu', 'use_rmsnorm': False, 'use_bias': True, 'use_qk_norm': False, 'headwise_attn_output_gate': False, 'elementwise_attn_output_gate': False, 'layer_scale_init_values': None, 'drop_path_rate': 0.0, 'scale_attn_mask': False, 'scale_fc': True, 'scale_attn': True, 'scale_heads': True, 'scale_resids': True}
[2026-06-17 20:22:53,453] INFO: block w/ attn_mask: [True, True, True, True, True, True, True, True]
[2026-06-17 20:22:55,782] INFO: [0;37mWarning: module Identity is treated as a zero-op.[0m
[2026-06-17 20:22:55,783] INFO: [0;37mWarning: module Embed is treated as a zero-op.[0m
[2026-06-17 20:22:55,783] INFO: [0;37mWarning: module PairEmbed is treated as a zero-op.[0m
[2026-06-17 20:22:55,783] INFO: [0;37mWarning: module Attention is treated as a zero-op.[0m
[2026-06-17 20:22:55,784] INFO: [0;37mWarning: module Dropout is treated as a zero-op.[0m
[2026-06-17 20:22:55,784] INFO: [0;37mWarning: module Block is treated as a zero-op.[0m
[2026-06-17 20:22:55,787] INFO: [0;37mWarning: module SequenceTrimmer is treated as a zero-op.[0m
[2026-06-17 20:22:55,787] INFO: [0;37mWarning: module ParticleTransformer is treated as a zero-op.[0m
[2026-06-17 20:22:55,787] INFO: [0;37mWarning: module ParticleTransformerWrapper is treated as a zero-op.[0m
[2026-06-17 20:22:56,300] INFO: [0;37mParticleTransformerWrapper(
  |2.141 M, 99.931% Params, 251.475 MMac, 92.587% MACs|
  (mod): ParticleTransformer(
    |2.141 M, 99.931% Params, 251.475 MMac, 92.587% MACs|
    (embed): Embed(
      |0.135 M, 6.292% Params, 17.274 MMac, 6.360% MACs|
      (input_bn): BatchNorm1d(13, eps=1e-05, momentum=0.1, affine=True, track_running_stats=True, |0.0 M, 0.001% Params, 3.328 KMac, 0.001% MACs|)
      (conv_embed): Identity(|0.0 M, 0.000% Params, 0.0 Mac, 0.000% MACs|)
      (embed): Sequential(
        |0.135 M, 6.291% Params, 17.27 MMac, 6.359% MACs|
        (0): LayerNorm((13,), eps=1e-05, elementwise_affine=True, |0.0 M, 0.001% Params, 1.664 KMac, 0.001% MACs|)
        (1): Linear(in_features=13, out_features=128, bias=True, |0.002 M, 0.084% Params, 229.376 KMac, 0.084% MACs|)
        (2): GELU(approximate='none', |0.0 M, 0.000% Params, 16.384 KMac, 0.006% MACs|)
        (3): LayerNorm((128,), eps=1e-05, elementwise_affine=True, |0.0 M, 0.012% Params, 16.384 KMac, 0.006% MACs|)
        (4): Linear(in_features=128, out_features=512, bias=True, |0.066 M, 3.082% Params, 8.454 MMac, 3.113% MACs|)
        (5): GELU(approximate='none', |0.0 M, 0.000% Params, 65.536 KMac, 0.024% MACs|)
        (6): LayerNorm((512,), eps=1e-05, elementwise_affine=True, |0.001 M, 0.048% Params, 65.536 KMac, 0.024% MACs|)
        (7): Linear(in_features=512, out_features=128, bias=True, |0.066 M, 3.064% Params, 8.405 MMac, 3.095% MACs|)
        (8): GELU(approximate='none', |0.0 M, 0.000% Params, 16.384 KMac, 0.006% MACs|)
      )
    )
    (pair_embed): PairEmbed(
      |0.01 M, 0.446% Params, 80.645 MMac, 29.691% MACs|
      (embed): Sequential(
        |0.01 M, 0.446% Params, 80.645 MMac, 29.691% MACs|
        (0): BatchNorm1d(4, eps=1e-05, momentum=0.1, affine=True, track_running_stats=True, |0.0 M, 0.000% Params, 66.048 KMac, 0.024% MACs|)
        (1): Conv1d(4, 64, kernel_size=(1,), stride=(1,), |0.0 M, 0.015% Params, 2.642 MMac, 0.973% MACs|)
        (2): BatchNorm1d(64, eps=1e-05, momentum=0.1, affine=True, track_running_stats=True, |0.0 M, 0.006% Params, 1.057 MMac, 0.389% MACs|)
        (3): GELU(approximate='none', |0.0 M, 0.000% Params, 528.384 KMac, 0.195% MACs|)
        (4): Conv1d(64, 64, kernel_size=(1,), stride=(1,), |0.004 M, 0.194% Params, 34.345 MMac, 12.645% MACs|)
        (5): BatchNorm1d(64, eps=1e-05, momentum=0.1, affine=True, track_running_stats=True, |0.0 M, 0.006% Params, 1.057 MMac, 0.389% MACs|)
        (6): GELU(approximate='none', |0.0 M, 0.000% Params, 528.384 KMac, 0.195% MACs|)
        (7): Conv1d(64, 64, kernel_size=(1,), stride=(1,), |0.004 M, 0.194% Params, 34.345 MMac, 12.645% MACs|)
        (8): BatchNorm1d(64, eps=1e-05, momentum=0.1, affine=True, track_running_stats=True, |0.0 M, 0.006% Params, 1.057 MMac, 0.389% MACs|)
        (9): GELU(approximate='none', |0.0 M, 0.000% Params, 528.384 KMac, 0.195% MACs|)
        (10): Conv1d(64, 8, kernel_size=(1,), stride=(1,), |0.001 M, 0.024% Params, 4.293 MMac, 1.581% MACs|)
        (11): BatchNorm1d(8, eps=1e-05, momentum=0.1, affine=True, track_running_stats=True, |0.0 M, 0.001% Params, 132.096 KMac, 0.049% MACs|)
        (12): GELU(approximate='none', |0.0 M, 0.000% Params, 66.048 KMac, 0.024% MACs|)
      )
    )
    (blocks): ModuleList(
      (0-7): 8 x Block(
        |0.2 M, 9.312% Params, 19.153 MMac, 7.052% MACs|
        (pre_attn_norm): LayerNorm((128,), eps=1e-05, elementwise_affine=True, |0.0 M, 0.012% Params, 16.384 KMac, 0.006% MACs|)
        (attn): Attention(
          |0.066 M, 3.082% Params, 2.114 MMac, 0.778% MACs|
          (in_proj): Linear(in_features=128, out_features=384, bias=True, |0.05 M, 2.312% Params, 0.0 Mac, 0.000% MACs|)
          (out_proj): Linear(in_features=128, out_features=128, bias=True, |0.017 M, 0.771% Params, 2.114 MMac, 0.778% MACs|)
          (q_norm): Identity(|0.0 M, 0.000% Params, 0.0 Mac, 0.000% MACs|)
          (k_norm): Identity(|0.0 M, 0.000% Params, 0.0 Mac, 0.000% MACs|)
        )
        (post_attn_norm): LayerNorm((128,), eps=1e-05, elementwise_affine=True, |0.0 M, 0.012% Params, 16.384 KMac, 0.006% MACs|)
        (dropout): Dropout(p=0.1, inplace=False, |0.0 M, 0.000% Params, 0.0 Mac, 0.000% MACs|)
        (ls1): Identity(|0.0 M, 0.000% Params, 0.0 Mac, 0.000% MACs|)
        (drop_path1): Identity(|0.0 M, 0.000% Params, 0.0 Mac, 0.000% MACs|)
        (pre_fc_norm): LayerNorm((128,), eps=1e-05, elementwise_affine=True, |0.0 M, 0.012% Params, 16.384 KMac, 0.006% MACs|)
        (fc1): Linear(in_features=128, out_features=512, bias=True, |0.066 M, 3.082% Params, 8.454 MMac, 3.113% MACs|)
        (act): GELU(approximate='none', |0.0 M, 0.000% Params, 65.536 KMac, 0.024% MACs|)
        (act_dropout): Dropout(p=0.1, inplace=False, |0.0 M, 0.000% Params, 0.0 Mac, 0.000% MACs|)
        (post_fc_norm): LayerNorm((512,), eps=1e-05, elementwise_affine=True, |0.001 M, 0.048% Params, 65.536 KMac, 0.024% MACs|)
        (fc2): Linear(in_features=512, out_features=128, bias=True, |0.066 M, 3.064% Params, 8.405 MMac, 3.095% MACs|)
        (ls2): Identity(|0.0 M, 0.000% Params, 0.0 Mac, 0.000% MACs|)
        (drop_path2): Identity(|0.0 M, 0.000% Params, 0.0 Mac, 0.000% MACs|)
      )
    )
    (cls_blocks): ModuleList(
      (0-1): 2 x Block(
        |0.2 M, 9.312% Params, 166.016 KMac, 0.061% MACs|
        (pre_attn_norm): LayerNorm((128,), eps=1e-05, elementwise_affine=True, |0.0 M, 0.012% Params, 16.512 KMac, 0.006% MACs|)
        (attn): Attention(
          |0.066 M, 3.082% Params, 16.512 KMac, 0.006% MACs|
          (in_proj): Linear(in_features=128, out_features=384, bias=True, |0.05 M, 2.312% Params, 0.0 Mac, 0.000% MACs|)
          (out_proj): Linear(in_features=128, out_features=128, bias=True, |0.017 M, 0.771% Params, 16.512 KMac, 0.006% MACs|)
          (q_norm): Identity(|0.0 M, 0.000% Params, 0.0 Mac, 0.000% MACs|)
          (k_norm): Identity(|0.0 M, 0.000% Params, 0.0 Mac, 0.000% MACs|)
        )
        (post_attn_norm): LayerNorm((128,), eps=1e-05, elementwise_affine=True, |0.0 M, 0.012% Params, 128.0 Mac, 0.000% MACs|)
        (dropout): Dropout(p=0, inplace=False, |0.0 M, 0.000% Params, 0.0 Mac, 0.000% MACs|)
        (ls1): Identity(|0.0 M, 0.000% Params, 0.0 Mac, 0.000% MACs|)
        (drop_path1): Identity(|0.0 M, 0.000% Params, 0.0 Mac, 0.000% MACs|)
        (pre_fc_norm): LayerNorm((128,), eps=1e-05, elementwise_affine=True, |0.0 M, 0.012% Params, 128.0 Mac, 0.000% MACs|)
        (fc1): Linear(in_features=128, out_features=512, bias=True, |0.066 M, 3.082% Params, 66.048 KMac, 0.024% MACs|)
        (act): GELU(approximate='none', |0.0 M, 0.000% Params, 512.0 Mac, 0.000% MACs|)
        (act_dropout): Dropout(p=0, inplace=False, |0.0 M, 0.000% Params, 0.0 Mac, 0.000% MACs|)
        (post_fc_norm): LayerNorm((512,), eps=1e-05, elementwise_affine=True, |0.001 M, 0.048% Params, 512.0 Mac, 0.000% MACs|)
        (fc2): Linear(in_features=512, out_features=128, bias=True, |0.066 M, 3.064% Params, 65.664 KMac, 0.024% MACs|)
        (ls2): Identity(|0.0 M, 0.000% Params, 0.0 Mac, 0.000% MACs|)
        (drop_path2): Identity(|0.0 M, 0.000% Params, 0.0 Mac, 0.000% MACs|)
      )
    )
    (norm): LayerNorm((128,), eps=1e-05, elementwise_affine=True, |0.0 M, 0.012% Params, 128.0 Mac, 0.000% MACs|)
    (fc): Sequential(
      |0.001 M, 0.060% Params, 1.29 KMac, 0.000% MACs|
      (0): Linear(in_features=128, out_features=10, bias=True, |0.001 M, 0.060% Params, 1.29 KMac, 0.000% MACs|)
    )
    (trimmer): SequenceTrimmer(|0.0 M, 0.000% Params, 0.0 Mac, 0.000% MACs|)
  )
)[0m
[2026-06-17 20:22:56,305] INFO: Computational complexity:       271.61 MMac
[2026-06-17 20:22:56,305] INFO: Number of parameters:           2.14 M  
[2026-06-17 20:22:56,463] INFO: Total FLOPs:                    669.39 M
[2026-06-17 20:22:56,465] INFO: Using loss function CrossEntropyLoss() with options {}
[2026-06-17 20:22:56,465] INFO: Running in classification mode
[2026-06-17 20:22:56,590] INFO: Loading model external/particle_transformer/models/ParT_kinpid.pt for eval
[2026-06-17 20:22:56,617] INFO: Running on test file group HToBB with 1 files:
.../home/maxwelhelp/Рабочий стол/jetclass_tiny_balanced/HToBB_000.root
[2026-06-17 20:22:56,633] INFO: [0;37mpreprocess config: {'method': 'manual', 'data_fraction': 0.5, 'params': None}[0m
[2026-06-17 20:22:56,634] INFO: [0;37mselection: None[0m
[2026-06-17 20:22:56,634] INFO: [0;37mtest_time_selection: None[0m
[2026-06-17 20:22:56,634] INFO: [0;37mvar_funcs:
 - ('part_mask', 'ak.ones_like(part_energy)')
 - ('part_pt', 'np.hypot(part_px, part_py)')
 - ('part_pt_log', 'np.log(part_pt)')
 - ('part_e_log', 'np.log(part_energy)')
 - ('part_logptrel', 'np.log(part_pt/jet_pt)')
 - ('part_logerel', 'np.log(part_energy/jet_energy)')
 - ('part_deltaR', 'np.hypot(part_deta, part_dphi)')
 - ('_label_', 'np.argmax(np.stack([ak.to_numpy(label_QCD),ak.to_numpy(label_Hbb),ak.to_numpy(label_Hcc),ak.to_numpy(label_Hgg),ak.to_numpy(label_H4q),ak.to_numpy(label_Hqql),ak.to_numpy(label_Zqq),ak.to_numpy(label_Wqq),ak.to_numpy(label_Tbqq),ak.to_numpy(label_Tbl)], axis=1), axis=1)')
 - ('_labelcheck_', 'np.sum(np.stack([ak.to_numpy(label_QCD),ak.to_numpy(label_Hbb),ak.to_numpy(label_Hcc),ak.to_numpy(label_Hgg),ak.to_numpy(label_H4q),ak.to_numpy(label_Hqql),ak.to_numpy(label_Zqq),ak.to_numpy(label_Wqq),ak.to_numpy(label_Tbqq),ak.to_numpy(label_Tbl)], axis=1), axis=1)')[0m
[2026-06-17 20:22:56,634] INFO: [0;37minput_names: ('pf_points', 'pf_features', 'pf_vectors', 'pf_mask')[0m
[2026-06-17 20:22:56,634] INFO: [0;37minput_dicts:
 - ('pf_points', ['part_deta', 'part_dphi'])
 - ('pf_features', ['part_pt_log', 'part_e_log', 'part_logptrel', 'part_logerel', 'part_deltaR', 'part_charge', 'part_isChargedHadron', 'part_isNeutralHadron', 'part_isPhoton', 'part_isElectron', 'part_isMuon', 'part_deta', 'part_dphi'])
 - ('pf_vectors', ['part_px', 'part_py', 'part_pz', 'part_energy'])
 - ('pf_mask', ['part_mask'])[0m
[2026-06-17 20:22:56,634] INFO: [0;37minput_shapes:
 - ('pf_points', (-1, 2, 128))
 - ('pf_features', (-1, 13, 128))
 - ('pf_vectors', (-1, 4, 128))
 - ('pf_mask', (-1, 1, 128))[0m
[2026-06-17 20:22:56,635] INFO: [0;37mpreprocess_params:
 - ('part_deta', {'length': 128, 'pad_mode': 'wrap', 'center': None, 'scale': 1, 'min': -5, 'max': 5, 'pad_value': 0})
 - ('part_dphi', {'length': 128, 'pad_mode': 'wrap', 'center': None, 'scale': 1, 'min': -5, 'max': 5, 'pad_value': 0})
 - ('part_pt_log', {'length': 128, 'pad_mode': 'wrap', 'center': 1.7, 'scale': 0.7, 'min': -5, 'max': 5, 'pad_value': 0})
 - ('part_e_log', {'length': 128, 'pad_mode': 'wrap', 'center': 2.0, 'scale': 0.7, 'min': -5, 'max': 5, 'pad_value': 0})
 - ('part_logptrel', {'length': 128, 'pad_mode': 'wrap', 'center': -4.7, 'scale': 0.7, 'min': -5, 'max': 5, 'pad_value': 0})
 - ('part_logerel', {'length': 128, 'pad_mode': 'wrap', 'center': -4.7, 'scale': 0.7, 'min': -5, 'max': 5, 'pad_value': 0})
 - ('part_deltaR', {'length': 128, 'pad_mode': 'wrap', 'center': 0.2, 'scale': 4.0, 'min': -5, 'max': 5, 'pad_value': 0})
 - ('part_charge', {'length': 128, 'pad_mode': 'wrap', 'center': None, 'scale': 1, 'min': -5, 'max': 5, 'pad_value': 0})
 - ('part_isChargedHadron', {'length': 128, 'pad_mode': 'wrap', 'center': None, 'scale': 1, 'min': -5, 'max': 5, 'pad_value': 0})
 - ('part_isNeutralHadron', {'length': 128, 'pad_mode': 'wrap', 'center': None, 'scale': 1, 'min': -5, 'max': 5, 'pad_value': 0})
 - ('part_isPhoton', {'length': 128, 'pad_mode': 'wrap', 'center': None, 'scale': 1, 'min': -5, 'max': 5, 'pad_value': 0})
 - ('part_isElectron', {'length': 128, 'pad_mode': 'wrap', 'center': None, 'scale': 1, 'min': -5, 'max': 5, 'pad_value': 0})
 - ('part_isMuon', {'length': 128, 'pad_mode': 'wrap', 'center': None, 'scale': 1, 'min': -5, 'max': 5, 'pad_value': 0})
 - ('part_px', {'length': 128, 'pad_mode': 'wrap', 'center': None, 'scale': 1, 'min': -5, 'max': 5, 'pad_value': 0})
 - ('part_py', {'length': 128, 'pad_mode': 'wrap', 'center': None, 'scale': 1, 'min': -5, 'max': 5, 'pad_value': 0})
 - ('part_pz', {'length': 128, 'pad_mode': 'wrap', 'center': None, 'scale': 1, 'min': -5, 'max': 5, 'pad_value': 0})
 - ('part_energy', {'length': 128, 'pad_mode': 'wrap', 'center': None, 'scale': 1, 'min': -5, 'max': 5, 'pad_value': 0})
 - ('part_mask', {'length': 128, 'pad_mode': 'constant', 'center': None, 'scale': 1, 'min': -5, 'max': 5, 'pad_value': 0})[0m
[2026-06-17 20:22:56,635] INFO: [0;37mlabel_names: ('_label_',)[0m
[2026-06-17 20:22:56,635] INFO: [0;37mobserver_names: ('jet_pt', 'jet_eta', 'jet_phi', 'jet_energy', 'jet_nparticles', 'jet_sdmass', 'jet_tau1', 'jet_tau2', 'jet_tau3', 'jet_tau4')[0m
[2026-06-17 20:22:56,635] INFO: [0;37mmonitor_variables: ()[0m
[2026-06-17 20:22:56,650] INFO: [0;37mpreprocess config: {'method': 'manual', 'data_fraction': 0.5, 'params': None}[0m
[2026-06-17 20:22:56,651] INFO: [0;37mselection: None[0m
[2026-06-17 20:22:56,651] INFO: [0;37mtest_time_selection: None[0m
[2026-06-17 20:22:56,651] INFO: [0;37mvar_funcs:
 - ('part_mask', 'ak.ones_like(part_energy)')
 - ('part_pt', 'np.hypot(part_px, part_py)')
 - ('part_pt_log', 'np.log(part_pt)')
 - ('part_e_log', 'np.log(part_energy)')
 - ('part_logptrel', 'np.log(part_pt/jet_pt)')
 - ('part_logerel', 'np.log(part_energy/jet_energy)')
 - ('part_deltaR', 'np.hypot(part_deta, part_dphi)')
 - ('_label_', 'np.argmax(np.stack([ak.to_numpy(label_QCD),ak.to_numpy(label_Hbb),ak.to_numpy(label_Hcc),ak.to_numpy(label_Hgg),ak.to_numpy(label_H4q),ak.to_numpy(label_Hqql),ak.to_numpy(label_Zqq),ak.to_numpy(label_Wqq),ak.to_numpy(label_Tbqq),ak.to_numpy(label_Tbl)], axis=1), axis=1)')
 - ('_labelcheck_', 'np.sum(np.stack([ak.to_numpy(label_QCD),ak.to_numpy(label_Hbb),ak.to_numpy(label_Hcc),ak.to_numpy(label_Hgg),ak.to_numpy(label_H4q),ak.to_numpy(label_Hqql),ak.to_numpy(label_Zqq),ak.to_numpy(label_Wqq),ak.to_numpy(label_Tbqq),ak.to_numpy(label_Tbl)], axis=1), axis=1)')[0m
[2026-06-17 20:22:56,651] INFO: [0;37minput_names: ('pf_points', 'pf_features', 'pf_vectors', 'pf_mask')[0m
[2026-06-17 20:22:56,651] INFO: [0;37minput_dicts:
 - ('pf_points', ['part_deta', 'part_dphi'])
 - ('pf_features', ['part_pt_log', 'part_e_log', 'part_logptrel', 'part_logerel', 'part_deltaR', 'part_charge', 'part_isChargedHadron', 'part_isNeutralHadron', 'part_isPhoton', 'part_isElectron', 'part_isMuon', 'part_deta', 'part_dphi'])
 - ('pf_vectors', ['part_px', 'part_py', 'part_pz', 'part_energy'])
 - ('pf_mask', ['part_mask'])[0m
[2026-06-17 20:22:56,651] INFO: [0;37minput_shapes:
 - ('pf_points', (-1, 2, 128))
 - ('pf_features', (-1, 13, 128))
 - ('pf_vectors', (-1, 4, 128))
 - ('pf_mask', (-1, 1, 128))[0m
[2026-06-17 20:22:56,651] INFO: [0;37mpreprocess_params:
 - ('part_deta', {'length': 128, 'pad_mode': 'wrap', 'center': None, 'scale': 1, 'min': -5, 'max': 5, 'pad_value': 0})
 - ('part_dphi', {'length': 128, 'pad_mode': 'wrap', 'center': None, 'scale': 1, 'min': -5, 'max': 5, 'pad_value': 0})
 - ('part_pt_log', {'length': 128, 'pad_mode': 'wrap', 'center': 1.7, 'scale': 0.7, 'min': -5, 'max': 5, 'pad_value': 0})
 - ('part_e_log', {'length': 128, 'pad_mode': 'wrap', 'center': 2.0, 'scale': 0.7, 'min': -5, 'max': 5, 'pad_value': 0})
 - ('part_logptrel', {'length': 128, 'pad_mode': 'wrap', 'center': -4.7, 'scale': 0.7, 'min': -5, 'max': 5, 'pad_value': 0})
 - ('part_logerel', {'length': 128, 'pad_mode': 'wrap', 'center': -4.7, 'scale': 0.7, 'min': -5, 'max': 5, 'pad_value': 0})
 - ('part_deltaR', {'length': 128, 'pad_mode': 'wrap', 'center': 0.2, 'scale': 4.0, 'min': -5, 'max': 5, 'pad_value': 0})
 - ('part_charge', {'length': 128, 'pad_mode': 'wrap', 'center': None, 'scale': 1, 'min': -5, 'max': 5, 'pad_value': 0})
 - ('part_isChargedHadron', {'length': 128, 'pad_mode': 'wrap', 'center': None, 'scale': 1, 'min': -5, 'max': 5, 'pad_value': 0})
 - ('part_isNeutralHadron', {'length': 128, 'pad_mode': 'wrap', 'center': None, 'scale': 1, 'min': -5, 'max': 5, 'pad_value': 0})
 - ('part_isPhoton', {'length': 128, 'pad_mode': 'wrap', 'center': None, 'scale': 1, 'min': -5, 'max': 5, 'pad_value': 0})
 - ('part_isElectron', {'length': 128, 'pad_mode': 'wrap', 'center': None, 'scale': 1, 'min': -5, 'max': 5, 'pad_value': 0})
 - ('part_isMuon', {'length': 128, 'pad_mode': 'wrap', 'center': None, 'scale': 1, 'min': -5, 'max': 5, 'pad_value': 0})
 - ('part_px', {'length': 128, 'pad_mode': 'wrap', 'center': None, 'scale': 1, 'min': -5, 'max': 5, 'pad_value': 0})
 - ('part_py', {'length': 128, 'pad_mode': 'wrap', 'center': None, 'scale': 1, 'min': -5, 'max': 5, 'pad_value': 0})
 - ('part_pz', {'length': 128, 'pad_mode': 'wrap', 'center': None, 'scale': 1, 'min': -5, 'max': 5, 'pad_value': 0})
 - ('part_energy', {'length': 128, 'pad_mode': 'wrap', 'center': None, 'scale': 1, 'min': -5, 'max': 5, 'pad_value': 0})
 - ('part_mask', {'length': 128, 'pad_mode': 'constant', 'center': None, 'scale': 1, 'min': -5, 'max': 5, 'pad_value': 0})[0m
[2026-06-17 20:22:56,652] INFO: [0;37mlabel_names: ('_label_',)[0m
[2026-06-17 20:22:56,652] INFO: [0;37mobserver_names: ('jet_pt', 'jet_eta', 'jet_phi', 'jet_energy', 'jet_nparticles', 'jet_sdmass', 'jet_tau1', 'jet_tau2', 'jet_tau3', 'jet_tau4')[0m
[2026-06-17 20:22:56,652] INFO: [0;37mmonitor_variables: ()[0m
[2026-06-17 20:22:56,705] INFO: === Restarting DataIter test_HToBB_worker0, seed=3046410298 ===
[2026-06-17 20:22:56,706] INFO: Restarted DataIter test_HToBB_worker0, load_range=(0, 1), file_list:
{
  "HToBB": [
    "/home/maxwelhelp/\u0420\u0430\u0431\u043e\u0447\u0438\u0439 \u0441\u0442\u043e\u043b/jetclass_tiny_balanced/HToBB_000.root"
  ]
}
[2026-06-17 20:23:59,704] INFO: Processed 100000 entries in total (avg. speed 1586.1 entries/s)
[2026-06-17 20:23:59,705] INFO: Eval AvgLoss: 0.00000, AvgAcc: 0.00276
[2026-06-17 20:23:59,705] INFO: Evaluation class distribution: 
    [(np.int64(1), 100000)]
[2026-06-17 20:23:59,730] WARNING: Cannot compute metric roc_auc_score: Number of classes in y_true not equal to the number of columns in 'y_score'
[2026-06-17 20:24:00,422] INFO: Evaluation metrics: 
    - roc_auc_score: 
None
    - roc_auc_score_matrix: 
[[ 0. nan nan nan nan nan nan nan nan nan]
 [ 0.  0. nan nan nan nan nan nan nan nan]
 [ 0.  0.  0. nan nan nan nan nan nan nan]
 [ 0.  0.  0.  0. nan nan nan nan nan nan]
 [ 0.  0.  0.  0.  0. nan nan nan nan nan]
 [ 0.  0.  0.  0.  0.  0. nan nan nan nan]
 [ 0.  0.  0.  0.  0.  0.  0. nan nan nan]
 [ 0.  0.  0.  0.  0.  0.  0.  0. nan nan]
 [ 0.  0.  0.  0.  0.  0.  0.  0.  0. nan]
 [ 0.  0.  0.  0.  0.  0.  0.  0.  0.  0.]]
    - confusion_matrix: 
[[0.0000e+00 0.0000e+00 0.0000e+00 0.0000e+00 0.0000e+00 0.0000e+00
  0.0000e+00 0.0000e+00 0.0000e+00 0.0000e+00]
 [8.0713e-01 2.7600e-03 9.8100e-03 1.1300e-03 1.1340e-02 8.0000e-04
  1.3399e-01 2.7600e-02 2.0000e-04 5.2400e-03]
 [0.0000e+00 0.0000e+00 0.0000e+00 0.0000e+00 0.0000e+00 0.0000e+00
  0.0000e+00 0.0000e+00 0.0000e+00 0.0000e+00]
 [0.0000e+00 0.0000e+00 0.0000e+00 0.0000e+00 0.0000e+00 0.0000e+00
  0.0000e+00 0.0000e+00 0.0000e+00 0.0000e+00]
 [0.0000e+00 0.0000e+00 0.0000e+00 0.0000e+00 0.0000e+00 0.0000e+00
  0.0000e+00 0.0000e+00 0.0000e+00 0.0000e+00]
 [0.0000e+00 0.0000e+00 0.0000e+00 0.0000e+00 0.0000e+00 0.0000e+00
  0.0000e+00 0.0000e+00 0.0000e+00 0.0000e+00]
 [0.0000e+00 0.0000e+00 0.0000e+00 0.0000e+00 0.0000e+00 0.0000e+00
  0.0000e+00 0.0000e+00 0.0000e+00 0.0000e+00]
 [0.0000e+00 0.0000e+00 0.0000e+00 0.0000e+00 0.0000e+00 0.0000e+00
  0.0000e+00 0.0000e+00 0.0000e+00 0.0000e+00]
 [0.0000e+00 0.0000e+00 0.0000e+00 0.0000e+00 0.0000e+00 0.0000e+00
  0.0000e+00 0.0000e+00 0.0000e+00 0.0000e+00]
 [0.0000e+00 0.0000e+00 0.0000e+00 0.0000e+00 0.0000e+00 0.0000e+00
  0.0000e+00 0.0000e+00 0.0000e+00 0.0000e+00]]
[2026-06-17 20:24:02,077] INFO: [1mTest metric 0.00276[0m
[2026-06-17 20:24:02,195] INFO: [1mWritten output to reports/latest/part_weaver_predict_grouped_v1_HToBB.root[0m
[2026-06-17 20:24:02,195] INFO: Running on test file group HToCC with 1 files:
.../home/maxwelhelp/Рабочий стол/jetclass_tiny_balanced/HToCC_000.root
[2026-06-17 20:24:02,205] INFO: [0;37mpreprocess config: {'method': 'manual', 'data_fraction': 0.5, 'params': None}[0m
[2026-06-17 20:24:02,205] INFO: [0;37mselection: None[0m
[2026-06-17 20:24:02,205] INFO: [0;37mtest_time_selection: None[0m
[2026-06-17 20:24:02,206] INFO: [0;37mvar_funcs:
 - ('part_mask', 'ak.ones_like(part_energy)')
 - ('part_pt', 'np.hypot(part_px, part_py)')
 - ('part_pt_log', 'np.log(part_pt)')
 - ('part_e_log', 'np.log(part_energy)')
 - ('part_logptrel', 'np.log(part_pt/jet_pt)')
 - ('part_logerel', 'np.log(part_energy/jet_energy)')
 - ('part_deltaR', 'np.hypot(part_deta, part_dphi)')
 - ('_label_', 'np.argmax(np.stack([ak.to_numpy(label_QCD),ak.to_numpy(label_Hbb),ak.to_numpy(label_Hcc),ak.to_numpy(label_Hgg),ak.to_numpy(label_H4q),ak.to_numpy(label_Hqql),ak.to_numpy(label_Zqq),ak.to_numpy(label_Wqq),ak.to_numpy(label_Tbqq),ak.to_numpy(label_Tbl)], axis=1), axis=1)')
 - ('_labelcheck_', 'np.sum(np.stack([ak.to_numpy(label_QCD),ak.to_numpy(label_Hbb),ak.to_numpy(label_Hcc),ak.to_numpy(label_Hgg),ak.to_numpy(label_H4q),ak.to_numpy(label_Hqql),ak.to_numpy(label_Zqq),ak.to_numpy(label_Wqq),ak.to_numpy(label_Tbqq),ak.to_numpy(label_Tbl)], axis=1), axis=1)')[0m
[2026-06-17 20:24:02,206] INFO: [0;37minput_names: ('pf_points', 'pf_features', 'pf_vectors', 'pf_mask')[0m
[2026-06-17 20:24:02,206] INFO: [0;37minput_dicts:
 - ('pf_points', ['part_deta', 'part_dphi'])
 - ('pf_features', ['part_pt_log', 'part_e_log', 'part_logptrel', 'part_logerel', 'part_deltaR', 'part_charge', 'part_isChargedHadron', 'part_isNeutralHadron', 'part_isPhoton', 'part_isElectron', 'part_isMuon', 'part_deta', 'part_dphi'])
 - ('pf_vectors', ['part_px', 'part_py', 'part_pz', 'part_energy'])
 - ('pf_mask', ['part_mask'])[0m
[2026-06-17 20:24:02,206] INFO: [0;37minput_shapes:
 - ('pf_points', (-1, 2, 128))
 - ('pf_features', (-1, 13, 128))
 - ('pf_vectors', (-1, 4, 128))
 - ('pf_mask', (-1, 1, 128))[0m
[2026-06-17 20:24:02,206] INFO: [0;37mpreprocess_params:
 - ('part_deta', {'length': 128, 'pad_mode': 'wrap', 'center': None, 'scale': 1, 'min': -5, 'max': 5, 'pad_value': 0})
 - ('part_dphi', {'length': 128, 'pad_mode': 'wrap', 'center': None, 'scale': 1, 'min': -5, 'max': 5, 'pad_value': 0})
 - ('part_pt_log', {'length': 128, 'pad_mode': 'wrap', 'center': 1.7, 'scale': 0.7, 'min': -5, 'max': 5, 'pad_value': 0})
 - ('part_e_log', {'length': 128, 'pad_mode': 'wrap', 'center': 2.0, 'scale': 0.7, 'min': -5, 'max': 5, 'pad_value': 0})
 - ('part_logptrel', {'length': 128, 'pad_mode': 'wrap', 'center': -4.7, 'scale': 0.7, 'min': -5, 'max': 5, 'pad_value': 0})
 - ('part_logerel', {'length': 128, 'pad_mode': 'wrap', 'center': -4.7, 'scale': 0.7, 'min': -5, 'max': 5, 'pad_value': 0})
 - ('part_deltaR', {'length': 128, 'pad_mode': 'wrap', 'center': 0.2, 'scale': 4.0, 'min': -5, 'max': 5, 'pad_value': 0})
 - ('part_charge', {'length': 128, 'pad_mode': 'wrap', 'center': None, 'scale': 1, 'min': -5, 'max': 5, 'pad_value': 0})
 - ('part_isChargedHadron', {'length': 128, 'pad_mode': 'wrap', 'center': None, 'scale': 1, 'min': -5, 'max': 5, 'pad_value': 0})
 - ('part_isNeutralHadron', {'length': 128, 'pad_mode': 'wrap', 'center': None, 'scale': 1, 'min': -5, 'max': 5, 'pad_value': 0})
 - ('part_isPhoton', {'length': 128, 'pad_mode': 'wrap', 'center': None, 'scale': 1, 'min': -5, 'max': 5, 'pad_value': 0})
 - ('part_isElectron', {'length': 128, 'pad_mode': 'wrap', 'center': None, 'scale': 1, 'min': -5, 'max': 5, 'pad_value': 0})
 - ('part_isMuon', {'length': 128, 'pad_mode': 'wrap', 'center': None, 'scale': 1, 'min': -5, 'max': 5, 'pad_value': 0})
 - ('part_px', {'length': 128, 'pad_mode': 'wrap', 'center': None, 'scale': 1, 'min': -5, 'max': 5, 'pad_value': 0})
 - ('part_py', {'length': 128, 'pad_mode': 'wrap', 'center': None, 'scale': 1, 'min': -5, 'max': 5, 'pad_value': 0})
 - ('part_pz', {'length': 128, 'pad_mode': 'wrap', 'center': None, 'scale': 1, 'min': -5, 'max': 5, 'pad_value': 0})
 - ('part_energy', {'length': 128, 'pad_mode': 'wrap', 'center': None, 'scale': 1, 'min': -5, 'max': 5, 'pad_value': 0})
 - ('part_mask', {'length': 128, 'pad_mode': 'constant', 'center': None, 'scale': 1, 'min': -5, 'max': 5, 'pad_value': 0})[0m
[2026-06-17 20:24:02,206] INFO: [0;37mlabel_names: ('_label_',)[0m
[2026-06-17 20:24:02,206] INFO: [0;37mobserver_names: ('jet_pt', 'jet_eta', 'jet_phi', 'jet_energy', 'jet_nparticles', 'jet_sdmass', 'jet_tau1', 'jet_tau2', 'jet_tau3', 'jet_tau4')[0m
[2026-06-17 20:24:02,206] INFO: [0;37mmonitor_variables: ()[0m
[2026-06-17 20:24:02,216] INFO: [0;37mpreprocess config: {'method': 'manual', 'data_fraction': 0.5, 'params': None}[0m
[2026-06-17 20:24:02,216] INFO: [0;37mselection: None[0m
[2026-06-17 20:24:02,216] INFO: [0;37mtest_time_selection: None[0m
[2026-06-17 20:24:02,216] INFO: [0;37mvar_funcs:
 - ('part_mask', 'ak.ones_like(part_energy)')
 - ('part_pt', 'np.hypot(part_px, part_py)')
 - ('part_pt_log', 'np.log(part_pt)')
 - ('part_e_log', 'np.log(part_energy)')
 - ('part_logptrel', 'np.log(part_pt/jet_pt)')
 - ('part_logerel', 'np.log(part_energy/jet_energy)')
 - ('part_deltaR', 'np.hypot(part_deta, part_dphi)')
 - ('_label_', 'np.argmax(np.stack([ak.to_numpy(label_QCD),ak.to_numpy(label_Hbb),ak.to_numpy(label_Hcc),ak.to_numpy(label_Hgg),ak.to_numpy(label_H4q),ak.to_numpy(label_Hqql),ak.to_numpy(label_Zqq),ak.to_numpy(label_Wqq),ak.to_numpy(label_Tbqq),ak.to_numpy(label_Tbl)], axis=1), axis=1)')
 - ('_labelcheck_', 'np.sum(np.stack([ak.to_numpy(label_QCD),ak.to_numpy(label_Hbb),ak.to_numpy(label_Hcc),ak.to_numpy(label_Hgg),ak.to_numpy(label_H4q),ak.to_numpy(label_Hqql),ak.to_numpy(label_Zqq),ak.to_numpy(label_Wqq),ak.to_numpy(label_Tbqq),ak.to_numpy(label_Tbl)], axis=1), axis=1)')[0m
[2026-06-17 20:24:02,216] INFO: [0;37minput_names: ('pf_points', 'pf_features', 'pf_vectors', 'pf_mask')[0m
[2026-06-17 20:24:02,217] INFO: [0;37minput_dicts:
 - ('pf_points', ['part_deta', 'part_dphi'])
 - ('pf_features', ['part_pt_log', 'part_e_log', 'part_logptrel', 'part_logerel', 'part_deltaR', 'part_charge', 'part_isChargedHadron', 'part_isNeutralHadron', 'part_isPhoton', 'part_isElectron', 'part_isMuon', 'part_deta', 'part_dphi'])
 - ('pf_vectors', ['part_px', 'part_py', 'part_pz', 'part_energy'])
 - ('pf_mask', ['part_mask'])[0m
[2026-06-17 20:24:02,217] INFO: [0;37minput_shapes:
 - ('pf_points', (-1, 2, 128))
 - ('pf_features', (-1, 13, 128))
 - ('pf_vectors', (-1, 4, 128))
 - ('pf_mask', (-1, 1, 128))[0m
[2026-06-17 20:24:02,217] INFO: [0;37mpreprocess_params:
 - ('part_deta', {'length': 128, 'pad_mode': 'wrap', 'center': None, 'scale': 1, 'min': -5, 'max': 5, 'pad_value': 0})
 - ('part_dphi', {'length': 128, 'pad_mode': 'wrap', 'center': None, 'scale': 1, 'min': -5, 'max': 5, 'pad_value': 0})
 - ('part_pt_log', {'length': 128, 'pad_mode': 'wrap', 'center': 1.7, 'scale': 0.7, 'min': -5, 'max': 5, 'pad_value': 0})
 - ('part_e_log', {'length': 128, 'pad_mode': 'wrap', 'center': 2.0, 'scale': 0.7, 'min': -5, 'max': 5, 'pad_value': 0})
 - ('part_logptrel', {'length': 128, 'pad_mode': 'wrap', 'center': -4.7, 'scale': 0.7, 'min': -5, 'max': 5, 'pad_value': 0})
 - ('part_logerel', {'length': 128, 'pad_mode': 'wrap', 'center': -4.7, 'scale': 0.7, 'min': -5, 'max': 5, 'pad_value': 0})
 - ('part_deltaR', {'length': 128, 'pad_mode': 'wrap', 'center': 0.2, 'scale': 4.0, 'min': -5, 'max': 5, 'pad_value': 0})
 - ('part_charge', {'length': 128, 'pad_mode': 'wrap', 'center': None, 'scale': 1, 'min': -5, 'max': 5, 'pad_value': 0})
 - ('part_isChargedHadron', {'length': 128, 'pad_mode': 'wrap', 'center': None, 'scale': 1, 'min': -5, 'max': 5, 'pad_value': 0})
 - ('part_isNeutralHadron', {'length': 128, 'pad_mode': 'wrap', 'center': None, 'scale': 1, 'min': -5, 'max': 5, 'pad_value': 0})
 - ('part_isPhoton', {'length': 128, 'pad_mode': 'wrap', 'center': None, 'scale': 1, 'min': -5, 'max': 5, 'pad_value': 0})
 - ('part_isElectron', {'length': 128, 'pad_mode': 'wrap', 'center': None, 'scale': 1, 'min': -5, 'max': 5, 'pad_value': 0})
 - ('part_isMuon', {'length': 128, 'pad_mode': 'wrap', 'center': None, 'scale': 1, 'min': -5, 'max': 5, 'pad_value': 0})
 - ('part_px', {'length': 128, 'pad_mode': 'wrap', 'center': None, 'scale': 1, 'min': -5, 'max': 5, 'pad_value': 0})
 - ('part_py', {'length': 128, 'pad_mode': 'wrap', 'center': None, 'scale': 1, 'min': -5, 'max': 5, 'pad_value': 0})
 - ('part_pz', {'length': 128, 'pad_mode': 'wrap', 'center': None, 'scale': 1, 'min': -5, 'max': 5, 'pad_value': 0})
 - ('part_energy', {'length': 128, 'pad_mode': 'wrap', 'center': None, 'scale': 1, 'min': -5, 'max': 5, 'pad_value': 0})
 - ('part_mask', {'length': 128, 'pad_mode': 'constant', 'center': None, 'scale': 1, 'min': -5, 'max': 5, 'pad_value': 0})[0m
[2026-06-17 20:24:02,217] INFO: [0;37mlabel_names: ('_label_',)[0m
[2026-06-17 20:24:02,217] INFO: [0;37mobserver_names: ('jet_pt', 'jet_eta', 'jet_phi', 'jet_energy', 'jet_nparticles', 'jet_sdmass', 'jet_tau1', 'jet_tau2', 'jet_tau3', 'jet_tau4')[0m
[2026-06-17 20:24:02,217] INFO: [0;37mmonitor_variables: ()[0m
[2026-06-17 20:24:02,354] INFO: === Restarting DataIter test_HToCC_worker0, seed=3688653669 ===
[2026-06-17 20:24:02,355] INFO: Restarted DataIter test_HToCC_worker0, load_range=(0, 1), file_list:
{
  "HToCC": [
    "/home/maxwelhelp/\u0420\u0430\u0431\u043e\u0447\u0438\u0439 \u0441\u0442\u043e\u043b/jetclass_tiny_balanced/HToCC_000.root"
  ]
}
[2026-06-17 20:25:03,625] INFO: Processed 100000 entries in total (avg. speed 1630.9 entries/s)
[2026-06-17 20:25:03,626] INFO: Eval AvgLoss: 0.00000, AvgAcc: 0.00886
[2026-06-17 20:25:03,626] INFO: Evaluation class distribution: 
    [(np.int64(2), 100000)]
[2026-06-17 20:25:03,658] WARNING: Cannot compute metric roc_auc_score: Number of classes in y_true not equal to the number of columns in 'y_score'
[2026-06-17 20:25:04,337] INFO: Evaluation metrics: 
    - roc_auc_score: 
None
    - roc_auc_score_matrix: 
[[ 0. nan nan nan nan nan nan nan nan nan]
 [ 0.  0. nan nan nan nan nan nan nan nan]
 [ 0.  0.  0. nan nan nan nan nan nan nan]
 [ 0.  0.  0.  0. nan nan nan nan nan nan]
 [ 0.  0.  0.  0.  0. nan nan nan nan nan]
 [ 0.  0.  0.  0.  0.  0. nan nan nan nan]
 [ 0.  0.  0.  0.  0.  0.  0. nan nan nan]
 [ 0.  0.  0.  0.  0.  0.  0.  0. nan nan]
 [ 0.  0.  0.  0.  0.  0.  0.  0.  0. nan]
 [ 0.  0.  0.  0.  0.  0.  0.  0.  0.  0.]]
    - confusion_matrix: 
[[0.0000e+00 0.0000e+00 0.0000e+00 0.0000e+00 0.0000e+00 0.0000e+00
  0.0000e+00 0.0000e+00 0.0000e+00 0.0000e+00]
 [0.0000e+00 0.0000e+00 0.0000e+00 0.0000e+00 0.0000e+00 0.0000e+00
  0.0000e+00 0.0000e+00 0.0000e+00 0.0000e+00]
 [7.6651e-01 2.8100e-03 8.8600e-03 6.5000e-04 8.0500e-03 1.9000e-04
  1.7414e-01 3.7400e-02 9.0000e-05 1.3000e-03]
 [0.0000e+00 0.0000e+00 0.0000e+00 0.0000e+00 0.0000e+00 0.0000e+00
  0.0000e+00 0.0000e+00 0.0000e+00 0.0000e+00]
 [0.0000e+00 0.0000e+00 0.0000e+00 0.0000e+00 0.0000e+00 0.0000e+00
  0.0000e+00 0.0000e+00 0.0000e+00 0.0000e+00]
 [0.0000e+00 0.0000e+00 0.0000e+00 0.0000e+00 0.0000e+00 0.0000e+00
  0.0000e+00 0.0000e+00 0.0000e+00 0.0000e+00]
 [0.0000e+00 0.0000e+00 0.0000e+00 0.0000e+00 0.0000e+00 0.0000e+00
  0.0000e+00 0.0000e+00 0.0000e+00 0.0000e+00]
 [0.0000e+00 0.0000e+00 0.0000e+00 0.0000e+00 0.0000e+00 0.0000e+00
  0.0000e+00 0.0000e+00 0.0000e+00 0.0000e+00]
 [0.0000e+00 0.0000e+00 0.0000e+00 0.0000e+00 0.0000e+00 0.0000e+00
  0.0000e+00 0.0000e+00 0.0000e+00 0.0000e+00]
 [0.0000e+00 0.0000e+00 0.0000e+00 0.0000e+00 0.0000e+00 0.0000e+00
  0.0000e+00 0.0000e+00 0.0000e+00 0.0000e+00]]
[2026-06-17 20:25:06,214] INFO: [1mTest metric 0.00886[0m
[2026-06-17 20:25:06,267] INFO: [1mWritten output to reports/latest/part_weaver_predict_grouped_v1_HToCC.root[0m
[2026-06-17 20:25:06,267] INFO: Running on test file group HToGG with 1 files:
.../home/maxwelhelp/Рабочий стол/jetclass_tiny_balanced/HToGG_000.root
[2026-06-17 20:25:06,278] INFO: [0;37mpreprocess config: {'method': 'manual', 'data_fraction': 0.5, 'params': None}[0m
[2026-06-17 20:25:06,278] INFO: [0;37mselection: None[0m
[2026-06-17 20:25:06,278] INFO: [0;37mtest_time_selection: None[0m
[2026-06-17 20:25:06,278] INFO: [0;37mvar_funcs:
 - ('part_mask', 'ak.ones_like(part_energy)')
 - ('part_pt', 'np.hypot(part_px, part_py)')
 - ('part_pt_log', 'np.log(part_pt)')
 - ('part_e_log', 'np.log(part_energy)')
 - ('part_logptrel', 'np.log(part_pt/jet_pt)')
 - ('part_logerel', 'np.log(part_energy/jet_energy)')
 - ('part_deltaR', 'np.hypot(part_deta, part_dphi)')
 - ('_label_', 'np.argmax(np.stack([ak.to_numpy(label_QCD),ak.to_numpy(label_Hbb),ak.to_numpy(label_Hcc),ak.to_numpy(label_Hgg),ak.to_numpy(label_H4q),ak.to_numpy(label_Hqql),ak.to_numpy(label_Zqq),ak.to_numpy(label_Wqq),ak.to_numpy(label_Tbqq),ak.to_numpy(label_Tbl)], axis=1), axis=1)')
 - ('_labelcheck_', 'np.sum(np.stack([ak.to_numpy(label_QCD),ak.to_numpy(label_Hbb),ak.to_numpy(label_Hcc),ak.to_numpy(label_Hgg),ak.to_numpy(label_H4q),ak.to_numpy(label_Hqql),ak.to_numpy(label_Zqq),ak.to_numpy(label_Wqq),ak.to_numpy(label_Tbqq),ak.to_numpy(label_Tbl)], axis=1), axis=1)')[0m
[2026-06-17 20:25:06,278] INFO: [0;37minput_names: ('pf_points', 'pf_features', 'pf_vectors', 'pf_mask')[0m
[2026-06-17 20:25:06,278] INFO: [0;37minput_dicts:
 - ('pf_points', ['part_deta', 'part_dphi'])
 - ('pf_features', ['part_pt_log', 'part_e_log', 'part_logptrel', 'part_logerel', 'part_deltaR', 'part_charge', 'part_isChargedHadron', 'part_isNeutralHadron', 'part_isPhoton', 'part_isElectron', 'part_isMuon', 'part_deta', 'part_dphi'])
 - ('pf_vectors', ['part_px', 'part_py', 'part_pz', 'part_energy'])
 - ('pf_mask', ['part_mask'])[0m
[2026-06-17 20:25:06,278] INFO: [0;37minput_shapes:
 - ('pf_points', (-1, 2, 128))
 - ('pf_features', (-1, 13, 128))
 - ('pf_vectors', (-1, 4, 128))
 - ('pf_mask', (-1, 1, 128))[0m
[2026-06-17 20:25:06,278] INFO: [0;37mpreprocess_params:
 - ('part_deta', {'length': 128, 'pad_mode': 'wrap', 'center': None, 'scale': 1, 'min': -5, 'max': 5, 'pad_value': 0})
 - ('part_dphi', {'length': 128, 'pad_mode': 'wrap', 'center': None, 'scale': 1, 'min': -5, 'max': 5, 'pad_value': 0})
 - ('part_pt_log', {'length': 128, 'pad_mode': 'wrap', 'center': 1.7, 'scale': 0.7, 'min': -5, 'max': 5, 'pad_value': 0})
 - ('part_e_log', {'length': 128, 'pad_mode': 'wrap', 'center': 2.0, 'scale': 0.7, 'min': -5, 'max': 5, 'pad_value': 0})
 - ('part_logptrel', {'length': 128, 'pad_mode': 'wrap', 'center': -4.7, 'scale': 0.7, 'min': -5, 'max': 5, 'pad_value': 0})
 - ('part_logerel', {'length': 128, 'pad_mode': 'wrap', 'center': -4.7, 'scale': 0.7, 'min': -5, 'max': 5, 'pad_value': 0})
 - ('part_deltaR', {'length': 128, 'pad_mode': 'wrap', 'center': 0.2, 'scale': 4.0, 'min': -5, 'max': 5, 'pad_value': 0})
 - ('part_charge', {'length': 128, 'pad_mode': 'wrap', 'center': None, 'scale': 1, 'min': -5, 'max': 5, 'pad_value': 0})
 - ('part_isChargedHadron', {'length': 128, 'pad_mode': 'wrap', 'center': None, 'scale': 1, 'min': -5, 'max': 5, 'pad_value': 0})
 - ('part_isNeutralHadron', {'length': 128, 'pad_mode': 'wrap', 'center': None, 'scale': 1, 'min': -5, 'max': 5, 'pad_value': 0})
 - ('part_isPhoton', {'length': 128, 'pad_mode': 'wrap', 'center': None, 'scale': 1, 'min': -5, 'max': 5, 'pad_value': 0})
 - ('part_isElectron', {'length': 128, 'pad_mode': 'wrap', 'center': None, 'scale': 1, 'min': -5, 'max': 5, 'pad_value': 0})
 - ('part_isMuon', {'length': 128, 'pad_mode': 'wrap', 'center': None, 'scale': 1, 'min': -5, 'max': 5, 'pad_value': 0})
 - ('part_px', {'length': 128, 'pad_mode': 'wrap', 'center': None, 'scale': 1, 'min': -5, 'max': 5, 'pad_value': 0})
 - ('part_py', {'length': 128, 'pad_mode': 'wrap', 'center': None, 'scale': 1, 'min': -5, 'max': 5, 'pad_value': 0})
 - ('part_pz', {'length': 128, 'pad_mode': 'wrap', 'center': None, 'scale': 1, 'min': -5, 'max': 5, 'pad_value': 0})
 - ('part_energy', {'length': 128, 'pad_mode': 'wrap', 'center': None, 'scale': 1, 'min': -5, 'max': 5, 'pad_value': 0})
 - ('part_mask', {'length': 128, 'pad_mode': 'constant', 'center': None, 'scale': 1, 'min': -5, 'max': 5, 'pad_value': 0})[0m
[2026-06-17 20:25:06,279] INFO: [0;37mlabel_names: ('_label_',)[0m
[2026-06-17 20:25:06,279] INFO: [0;37mobserver_names: ('jet_pt', 'jet_eta', 'jet_phi', 'jet_energy', 'jet_nparticles', 'jet_sdmass', 'jet_tau1', 'jet_tau2', 'jet_tau3', 'jet_tau4')[0m
[2026-06-17 20:25:06,279] INFO: [0;37mmonitor_variables: ()[0m
[2026-06-17 20:25:06,289] INFO: [0;37mpreprocess config: {'method': 'manual', 'data_fraction': 0.5, 'params': None}[0m
[2026-06-17 20:25:06,289] INFO: [0;37mselection: None[0m
[2026-06-17 20:25:06,289] INFO: [0;37mtest_time_selection: None[0m
[2026-06-17 20:25:06,289] INFO: [0;37mvar_funcs:
 - ('part_mask', 'ak.ones_like(part_energy)')
 - ('part_pt', 'np.hypot(part_px, part_py)')
 - ('part_pt_log', 'np.log(part_pt)')
 - ('part_e_log', 'np.log(part_energy)')
 - ('part_logptrel', 'np.log(part_pt/jet_pt)')
 - ('part_logerel', 'np.log(part_energy/jet_energy)')
 - ('part_deltaR', 'np.hypot(part_deta, part_dphi)')
 - ('_label_', 'np.argmax(np.stack([ak.to_numpy(label_QCD),ak.to_numpy(label_Hbb),ak.to_numpy(label_Hcc),ak.to_numpy(label_Hgg),ak.to_numpy(label_H4q),ak.to_numpy(label_Hqql),ak.to_numpy(label_Zqq),ak.to_numpy(label_Wqq),ak.to_numpy(label_Tbqq),ak.to_numpy(label_Tbl)], axis=1), axis=1)')
 - ('_labelcheck_', 'np.sum(np.stack([ak.to_numpy(label_QCD),ak.to_numpy(label_Hbb),ak.to_numpy(label_Hcc),ak.to_numpy(label_Hgg),ak.to_numpy(label_H4q),ak.to_numpy(label_Hqql),ak.to_numpy(label_Zqq),ak.to_numpy(label_Wqq),ak.to_numpy(label_Tbqq),ak.to_numpy(label_Tbl)], axis=1), axis=1)')[0m
[2026-06-17 20:25:06,289] INFO: [0;37minput_names: ('pf_points', 'pf_features', 'pf_vectors', 'pf_mask')[0m
[2026-06-17 20:25:06,289] INFO: [0;37minput_dicts:
 - ('pf_points', ['part_deta', 'part_dphi'])
 - ('pf_features', ['part_pt_log', 'part_e_log', 'part_logptrel', 'part_logerel', 'part_deltaR', 'part_charge', 'part_isChargedHadron', 'part_isNeutralHadron', 'part_isPhoton', 'part_isElectron', 'part_isMuon', 'part_deta', 'part_dphi'])
 - ('pf_vectors', ['part_px', 'part_py', 'part_pz', 'part_energy'])
 - ('pf_mask', ['part_mask'])[0m
[2026-06-17 20:25:06,289] INFO: [0;37minput_shapes:
 - ('pf_points', (-1, 2, 128))
 - ('pf_features', (-1, 13, 128))
 - ('pf_vectors', (-1, 4, 128))
 - ('pf_mask', (-1, 1, 128))[0m
[2026-06-17 20:25:06,290] INFO: [0;37mpreprocess_params:
 - ('part_deta', {'length': 128, 'pad_mode': 'wrap', 'center': None, 'scale': 1, 'min': -5, 'max': 5, 'pad_value': 0})
 - ('part_dphi', {'length': 128, 'pad_mode': 'wrap', 'center': None, 'scale': 1, 'min': -5, 'max': 5, 'pad_value': 0})
 - ('part_pt_log', {'length': 128, 'pad_mode': 'wrap', 'center': 1.7, 'scale': 0.7, 'min': -5, 'max': 5, 'pad_value': 0})
 - ('part_e_log', {'length': 128, 'pad_mode': 'wrap', 'center': 2.0, 'scale': 0.7, 'min': -5, 'max': 5, 'pad_value': 0})
 - ('part_logptrel', {'length': 128, 'pad_mode': 'wrap', 'center': -4.7, 'scale': 0.7, 'min': -5, 'max': 5, 'pad_value': 0})
 - ('part_logerel', {'length': 128, 'pad_mode': 'wrap', 'center': -4.7, 'scale': 0.7, 'min': -5, 'max': 5, 'pad_value': 0})
 - ('part_deltaR', {'length': 128, 'pad_mode': 'wrap', 'center': 0.2, 'scale': 4.0, 'min': -5, 'max': 5, 'pad_value': 0})
 - ('part_charge', {'length': 128, 'pad_mode': 'wrap', 'center': None, 'scale': 1, 'min': -5, 'max': 5, 'pad_value': 0})
 - ('part_isChargedHadron', {'length': 128, 'pad_mode': 'wrap', 'center': None, 'scale': 1, 'min': -5, 'max': 5, 'pad_value': 0})
 - ('part_isNeutralHadron', {'length': 128, 'pad_mode': 'wrap', 'center': None, 'scale': 1, 'min': -5, 'max': 5, 'pad_value': 0})
 - ('part_isPhoton', {'length': 128, 'pad_mode': 'wrap', 'center': None, 'scale': 1, 'min': -5, 'max': 5, 'pad_value': 0})
 - ('part_isElectron', {'length': 128, 'pad_mode': 'wrap', 'center': None, 'scale': 1, 'min': -5, 'max': 5, 'pad_value': 0})
 - ('part_isMuon', {'length': 128, 'pad_mode': 'wrap', 'center': None, 'scale': 1, 'min': -5, 'max': 5, 'pad_value': 0})
 - ('part_px', {'length': 128, 'pad_mode': 'wrap', 'center': None, 'scale': 1, 'min': -5, 'max': 5, 'pad_value': 0})
 - ('part_py', {'length': 128, 'pad_mode': 'wrap', 'center': None, 'scale': 1, 'min': -5, 'max': 5, 'pad_value': 0})
 - ('part_pz', {'length': 128, 'pad_mode': 'wrap', 'center': None, 'scale': 1, 'min': -5, 'max': 5, 'pad_value': 0})
 - ('part_energy', {'length': 128, 'pad_mode': 'wrap', 'center': None, 'scale': 1, 'min': -5, 'max': 5, 'pad_value': 0})
 - ('part_mask', {'length': 128, 'pad_mode': 'constant', 'center': None, 'scale': 1, 'min': -5, 'max': 5, 'pad_value': 0})[0m
[2026-06-17 20:25:06,290] INFO: [0;37mlabel_names: ('_label_',)[0m
[2026-06-17 20:25:06,290] INFO: [0;37mobserver_names: ('jet_pt', 'jet_eta', 'jet_phi', 'jet_energy', 'jet_nparticles', 'jet_sdmass', 'jet_tau1', 'jet_tau2', 'jet_tau3', 'jet_tau4')[0m
[2026-06-17 20:25:06,290] INFO: [0;37mmonitor_variables: ()[0m
[2026-06-17 20:25:06,452] INFO: === Restarting DataIter test_HToGG_worker0, seed=395453315 ===
[2026-06-17 20:25:06,452] INFO: Restarted DataIter test_HToGG_worker0, load_range=(0, 1), file_list:
{
  "HToGG": [
    "/home/maxwelhelp/\u0420\u0430\u0431\u043e\u0447\u0438\u0439 \u0441\u0442\u043e\u043b/jetclass_tiny_balanced/HToGG_000.root"
  ]
}
[2026-06-17 20:26:17,125] INFO: Processed 100000 entries in total (avg. speed 1413.9 entries/s)
[2026-06-17 20:26:17,126] INFO: Eval AvgLoss: 0.00000, AvgAcc: 0.00011
[2026-06-17 20:26:17,126] INFO: Evaluation class distribution: 
    [(np.int64(3), 100000)]
[2026-06-17 20:26:17,152] WARNING: Cannot compute metric roc_auc_score: Number of classes in y_true not equal to the number of columns in 'y_score'
[2026-06-17 20:26:17,878] INFO: Evaluation metrics: 
    - roc_auc_score: 
None
    - roc_auc_score_matrix: 
[[ 0. nan nan nan nan nan nan nan nan nan]
 [ 0.  0. nan nan nan nan nan nan nan nan]
 [ 0.  0.  0. nan nan nan nan nan nan nan]
 [ 0.  0.  0.  0. nan nan nan nan nan nan]
 [ 0.  0.  0.  0.  0. nan nan nan nan nan]
 [ 0.  0.  0.  0.  0.  0. nan nan nan nan]
 [ 0.  0.  0.  0.  0.  0.  0. nan nan nan]
 [ 0.  0.  0.  0.  0.  0.  0.  0. nan nan]
 [ 0.  0.  0.  0.  0.  0.  0.  0.  0. nan]
 [ 0.  0.  0.  0.  0.  0.  0.  0.  0.  0.]]
    - confusion_matrix: 
[[0.0000e+00 0.0000e+00 0.0000e+00 0.0000e+00 0.0000e+00 0.0000e+00
  0.0000e+00 0.0000e+00 0.0000e+00 0.0000e+00]
 [0.0000e+00 0.0000e+00 0.0000e+00 0.0000e+00 0.0000e+00 0.0000e+00
  0.0000e+00 0.0000e+00 0.0000e+00 0.0000e+00]
 [0.0000e+00 0.0000e+00 0.0000e+00 0.0000e+00 0.0000e+00 0.0000e+00
  0.0000e+00 0.0000e+00 0.0000e+00 0.0000e+00]
 [8.1099e-01 3.5000e-04 2.9520e-02 1.1000e-04 3.8250e-02 2.0000e-05
  1.1637e-01 3.9900e-03 3.0000e-04 1.0000e-04]
 [0.0000e+00 0.0000e+00 0.0000e+00 0.0000e+00 0.0000e+00 0.0000e+00
  0.0000e+00 0.0000e+00 0.0000e+00 0.0000e+00]
 [0.0000e+00 0.0000e+00 0.0000e+00 0.0000e+00 0.0000e+00 0.0000e+00
  0.0000e+00 0.0000e+00 0.0000e+00 0.0000e+00]
 [0.0000e+00 0.0000e+00 0.0000e+00 0.0000e+00 0.0000e+00 0.0000e+00
  0.0000e+00 0.0000e+00 0.0000e+00 0.0000e+00]
 [0.0000e+00 0.0000e+00 0.0000e+00 0.0000e+00 0.0000e+00 0.0000e+00
  0.0000e+00 0.0000e+00 0.0000e+00 0.0000e+00]
 [0.0000e+00 0.0000e+00 0.0000e+00 0.0000e+00 0.0000e+00 0.0000e+00
  0.0000e+00 0.0000e+00 0.0000e+00 0.0000e+00]
 [0.0000e+00 0.0000e+00 0.0000e+00 0.0000e+00 0.0000e+00 0.0000e+00
  0.0000e+00 0.0000e+00 0.0000e+00 0.0000e+00]]
[2026-06-17 20:26:19,865] INFO: [1mTest metric 0.00011[0m
[2026-06-17 20:26:19,917] INFO: [1mWritten output to reports/latest/part_weaver_predict_grouped_v1_HToGG.root[0m
[2026-06-17 20:26:19,917] INFO: Running on test file group HToWW2Q1L with 1 files:
.../home/maxwelhelp/Рабочий стол/jetclass_tiny_balanced/HToWW2Q1L_000.root
[2026-06-17 20:26:19,928] INFO: [0;37mpreprocess config: {'method': 'manual', 'data_fraction': 0.5, 'params': None}[0m
[2026-06-17 20:26:19,928] INFO: [0;37mselection: None[0m
[2026-06-17 20:26:19,929] INFO: [0;37mtest_time_selection: None[0m
[2026-06-17 20:26:19,929] INFO: [0;37mvar_funcs:
 - ('part_mask', 'ak.ones_like(part_energy)')
 - ('part_pt', 'np.hypot(part_px, part_py)')
 - ('part_pt_log', 'np.log(part_pt)')
 - ('part_e_log', 'np.log(part_energy)')
 - ('part_logptrel', 'np.log(part_pt/jet_pt)')
 - ('part_logerel', 'np.log(part_energy/jet_energy)')
 - ('part_deltaR', 'np.hypot(part_deta, part_dphi)')
 - ('_label_', 'np.argmax(np.stack([ak.to_numpy(label_QCD),ak.to_numpy(label_Hbb),ak.to_numpy(label_Hcc),ak.to_numpy(label_Hgg),ak.to_numpy(label_H4q),ak.to_numpy(label_Hqql),ak.to_numpy(label_Zqq),ak.to_numpy(label_Wqq),ak.to_numpy(label_Tbqq),ak.to_numpy(label_Tbl)], axis=1), axis=1)')
 - ('_labelcheck_', 'np.sum(np.stack([ak.to_numpy(label_QCD),ak.to_numpy(label_Hbb),ak.to_numpy(label_Hcc),ak.to_numpy(label_Hgg),ak.to_numpy(label_H4q),ak.to_numpy(label_Hqql),ak.to_numpy(label_Zqq),ak.to_numpy(label_Wqq),ak.to_numpy(label_Tbqq),ak.to_numpy(label_Tbl)], axis=1), axis=1)')[0m
[2026-06-17 20:26:19,929] INFO: [0;37minput_names: ('pf_points', 'pf_features', 'pf_vectors', 'pf_mask')[0m
[2026-06-17 20:26:19,929] INFO: [0;37minput_dicts:
 - ('pf_points', ['part_deta', 'part_dphi'])
 - ('pf_features', ['part_pt_log', 'part_e_log', 'part_logptrel', 'part_logerel', 'part_deltaR', 'part_charge', 'part_isChargedHadron', 'part_isNeutralHadron', 'part_isPhoton', 'part_isElectron', 'part_isMuon', 'part_deta', 'part_dphi'])
 - ('pf_vectors', ['part_px', 'part_py', 'part_pz', 'part_energy'])
 - ('pf_mask', ['part_mask'])[0m
[2026-06-17 20:26:19,929] INFO: [0;37minput_shapes:
 - ('pf_points', (-1, 2, 128))
 - ('pf_features', (-1, 13, 128))
 - ('pf_vectors', (-1, 4, 128))
 - ('pf_mask', (-1, 1, 128))[0m
[2026-06-17 20:26:19,929] INFO: [0;37mpreprocess_params:
 - ('part_deta', {'length': 128, 'pad_mode': 'wrap', 'center': None, 'scale': 1, 'min': -5, 'max': 5, 'pad_value': 0})
 - ('part_dphi', {'length': 128, 'pad_mode': 'wrap', 'center': None, 'scale': 1, 'min': -5, 'max': 5, 'pad_value': 0})
 - ('part_pt_log', {'length': 128, 'pad_mode': 'wrap', 'center': 1.7, 'scale': 0.7, 'min': -5, 'max': 5, 'pad_value': 0})
 - ('part_e_log', {'length': 128, 'pad_mode': 'wrap', 'center': 2.0, 'scale': 0.7, 'min': -5, 'max': 5, 'pad_value': 0})
 - ('part_logptrel', {'length': 128, 'pad_mode': 'wrap', 'center': -4.7, 'scale': 0.7, 'min': -5, 'max': 5, 'pad_value': 0})
 - ('part_logerel', {'length': 128, 'pad_mode': 'wrap', 'center': -4.7, 'scale': 0.7, 'min': -5, 'max': 5, 'pad_value': 0})
 - ('part_deltaR', {'length': 128, 'pad_mode': 'wrap', 'center': 0.2, 'scale': 4.0, 'min': -5, 'max': 5, 'pad_value': 0})
 - ('part_charge', {'length': 128, 'pad_mode': 'wrap', 'center': None, 'scale': 1, 'min': -5, 'max': 5, 'pad_value': 0})
 - ('part_isChargedHadron', {'length': 128, 'pad_mode': 'wrap', 'center': None, 'scale': 1, 'min': -5, 'max': 5, 'pad_value': 0})
 - ('part_isNeutralHadron', {'length': 128, 'pad_mode': 'wrap', 'center': None, 'scale': 1, 'min': -5, 'max': 5, 'pad_value': 0})
 - ('part_isPhoton', {'length': 128, 'pad_mode': 'wrap', 'center': None, 'scale': 1, 'min': -5, 'max': 5, 'pad_value': 0})
 - ('part_isElectron', {'length': 128, 'pad_mode': 'wrap', 'center': None, 'scale': 1, 'min': -5, 'max': 5, 'pad_value': 0})
 - ('part_isMuon', {'length': 128, 'pad_mode': 'wrap', 'center': None, 'scale': 1, 'min': -5, 'max': 5, 'pad_value': 0})
 - ('part_px', {'length': 128, 'pad_mode': 'wrap', 'center': None, 'scale': 1, 'min': -5, 'max': 5, 'pad_value': 0})
 - ('part_py', {'length': 128, 'pad_mode': 'wrap', 'center': None, 'scale': 1, 'min': -5, 'max': 5, 'pad_value': 0})
 - ('part_pz', {'length': 128, 'pad_mode': 'wrap', 'center': None, 'scale': 1, 'min': -5, 'max': 5, 'pad_value': 0})
 - ('part_energy', {'length': 128, 'pad_mode': 'wrap', 'center': None, 'scale': 1, 'min': -5, 'max': 5, 'pad_value': 0})
 - ('part_mask', {'length': 128, 'pad_mode': 'constant', 'center': None, 'scale': 1, 'min': -5, 'max': 5, 'pad_value': 0})[0m
[2026-06-17 20:26:19,929] INFO: [0;37mlabel_names: ('_label_',)[0m
[2026-06-17 20:26:19,930] INFO: [0;37mobserver_names: ('jet_pt', 'jet_eta', 'jet_phi', 'jet_energy', 'jet_nparticles', 'jet_sdmass', 'jet_tau1', 'jet_tau2', 'jet_tau3', 'jet_tau4')[0m
[2026-06-17 20:26:19,930] INFO: [0;37mmonitor_variables: ()[0m
[2026-06-17 20:26:19,940] INFO: [0;37mpreprocess config: {'method': 'manual', 'data_fraction': 0.5, 'params': None}[0m
[2026-06-17 20:26:19,940] INFO: [0;37mselection: None[0m
[2026-06-17 20:26:19,940] INFO: [0;37mtest_time_selection: None[0m
[2026-06-17 20:26:19,940] INFO: [0;37mvar_funcs:
 - ('part_mask', 'ak.ones_like(part_energy)')
 - ('part_pt', 'np.hypot(part_px, part_py)')
 - ('part_pt_log', 'np.log(part_pt)')
 - ('part_e_log', 'np.log(part_energy)')
 - ('part_logptrel', 'np.log(part_pt/jet_pt)')
 - ('part_logerel', 'np.log(part_energy/jet_energy)')
 - ('part_deltaR', 'np.hypot(part_deta, part_dphi)')
 - ('_label_', 'np.argmax(np.stack([ak.to_numpy(label_QCD),ak.to_numpy(label_Hbb),ak.to_numpy(label_Hcc),ak.to_numpy(label_Hgg),ak.to_numpy(label_H4q),ak.to_numpy(label_Hqql),ak.to_numpy(label_Zqq),ak.to_numpy(label_Wqq),ak.to_numpy(label_Tbqq),ak.to_numpy(label_Tbl)], axis=1), axis=1)')
 - ('_labelcheck_', 'np.sum(np.stack([ak.to_numpy(label_QCD),ak.to_numpy(label_Hbb),ak.to_numpy(label_Hcc),ak.to_numpy(label_Hgg),ak.to_numpy(label_H4q),ak.to_numpy(label_Hqql),ak.to_numpy(label_Zqq),ak.to_numpy(label_Wqq),ak.to_numpy(label_Tbqq),ak.to_numpy(label_Tbl)], axis=1), axis=1)')[0m
[2026-06-17 20:26:19,940] INFO: [0;37minput_names: ('pf_points', 'pf_features', 'pf_vectors', 'pf_mask')[0m
[2026-06-17 20:26:19,941] INFO: [0;37minput_dicts:
 - ('pf_points', ['part_deta', 'part_dphi'])
 - ('pf_features', ['part_pt_log', 'part_e_log', 'part_logptrel', 'part_logerel', 'part_deltaR', 'part_charge', 'part_isChargedHadron', 'part_isNeutralHadron', 'part_isPhoton', 'part_isElectron', 'part_isMuon', 'part_deta', 'part_dphi'])
 - ('pf_vectors', ['part_px', 'part_py', 'part_pz', 'part_energy'])
 - ('pf_mask', ['part_mask'])[0m
[2026-06-17 20:26:19,941] INFO: [0;37minput_shapes:
 - ('pf_points', (-1, 2, 128))
 - ('pf_features', (-1, 13, 128))
 - ('pf_vectors', (-1, 4, 128))
 - ('pf_mask', (-1, 1, 128))[0m
[2026-06-17 20:26:19,941] INFO: [0;37mpreprocess_params:
 - ('part_deta', {'length': 128, 'pad_mode': 'wrap', 'center': None, 'scale': 1, 'min': -5, 'max': 5, 'pad_value': 0})
 - ('part_dphi', {'length': 128, 'pad_mode': 'wrap', 'center': None, 'scale': 1, 'min': -5, 'max': 5, 'pad_value': 0})
 - ('part_pt_log', {'length': 128, 'pad_mode': 'wrap', 'center': 1.7, 'scale': 0.7, 'min': -5, 'max': 5, 'pad_value': 0})
 - ('part_e_log', {'length': 128, 'pad_mode': 'wrap', 'center': 2.0, 'scale': 0.7, 'min': -5, 'max': 5, 'pad_value': 0})
 - ('part_logptrel', {'length': 128, 'pad_mode': 'wrap', 'center': -4.7, 'scale': 0.7, 'min': -5, 'max': 5, 'pad_value': 0})
 - ('part_logerel', {'length': 128, 'pad_mode': 'wrap', 'center': -4.7, 'scale': 0.7, 'min': -5, 'max': 5, 'pad_value': 0})
 - ('part_deltaR', {'length': 128, 'pad_mode': 'wrap', 'center': 0.2, 'scale': 4.0, 'min': -5, 'max': 5, 'pad_value': 0})
 - ('part_charge', {'length': 128, 'pad_mode': 'wrap', 'center': None, 'scale': 1, 'min': -5, 'max': 5, 'pad_value': 0})
 - ('part_isChargedHadron', {'length': 128, 'pad_mode': 'wrap', 'center': None, 'scale': 1, 'min': -5, 'max': 5, 'pad_value': 0})
 - ('part_isNeutralHadron', {'length': 128, 'pad_mode': 'wrap', 'center': None, 'scale': 1, 'min': -5, 'max': 5, 'pad_value': 0})
 - ('part_isPhoton', {'length': 128, 'pad_mode': 'wrap', 'center': None, 'scale': 1, 'min': -5, 'max': 5, 'pad_value': 0})
 - ('part_isElectron', {'length': 128, 'pad_mode': 'wrap', 'center': None, 'scale': 1, 'min': -5, 'max': 5, 'pad_value': 0})
 - ('part_isMuon', {'length': 128, 'pad_mode': 'wrap', 'center': None, 'scale': 1, 'min': -5, 'max': 5, 'pad_value': 0})
 - ('part_px', {'length': 128, 'pad_mode': 'wrap', 'center': None, 'scale': 1, 'min': -5, 'max': 5, 'pad_value': 0})
 - ('part_py', {'length': 128, 'pad_mode': 'wrap', 'center': None, 'scale': 1, 'min': -5, 'max': 5, 'pad_value': 0})
 - ('part_pz', {'length': 128, 'pad_mode': 'wrap', 'center': None, 'scale': 1, 'min': -5, 'max': 5, 'pad_value': 0})
 - ('part_energy', {'length': 128, 'pad_mode': 'wrap', 'center': None, 'scale': 1, 'min': -5, 'max': 5, 'pad_value': 0})
 - ('part_mask', {'length': 128, 'pad_mode': 'constant', 'center': None, 'scale': 1, 'min': -5, 'max': 5, 'pad_value': 0})[0m
[2026-06-17 20:26:19,941] INFO: [0;37mlabel_names: ('_label_',)[0m
[2026-06-17 20:26:19,941] INFO: [0;37mobserver_names: ('jet_pt', 'jet_eta', 'jet_phi', 'jet_energy', 'jet_nparticles', 'jet_sdmass', 'jet_tau1', 'jet_tau2', 'jet_tau3', 'jet_tau4')[0m
[2026-06-17 20:26:19,941] INFO: [0;37mmonitor_variables: ()[0m
[2026-06-17 20:26:20,108] INFO: === Restarting DataIter test_HToWW2Q1L_worker0, seed=2619311767 ===
[2026-06-17 20:26:20,108] INFO: Restarted DataIter test_HToWW2Q1L_worker0, load_range=(0, 1), file_list:
{
  "HToWW2Q1L": [
    "/home/maxwelhelp/\u0420\u0430\u0431\u043e\u0447\u0438\u0439 \u0441\u0442\u043e\u043b/jetclass_tiny_balanced/HToWW2Q1L_000.root"
  ]
}
[2026-06-17 20:27:22,459] INFO: Processed 100000 entries in total (avg. speed 1602.5 entries/s)
[2026-06-17 20:27:22,459] INFO: Eval AvgLoss: 0.00000, AvgAcc: 0.00421
[2026-06-17 20:27:22,459] INFO: Evaluation class distribution: 
    [(np.int64(5), 100000)]
[2026-06-17 20:27:22,486] WARNING: Cannot compute metric roc_auc_score: Number of classes in y_true not equal to the number of columns in 'y_score'
[2026-06-17 20:27:23,159] INFO: Evaluation metrics: 
    - roc_auc_score: 
None
    - roc_auc_score_matrix: 
[[ 0. nan nan nan nan nan nan nan nan nan]
 [ 0.  0. nan nan nan nan nan nan nan nan]
 [ 0.  0.  0. nan nan nan nan nan nan nan]
 [ 0.  0.  0.  0. nan nan nan nan nan nan]
 [ 0.  0.  0.  0.  0. nan nan nan nan nan]
 [ 0.  0.  0.  0.  0.  0. nan nan nan nan]
 [ 0.  0.  0.  0.  0.  0.  0. nan nan nan]
 [ 0.  0.  0.  0.  0.  0.  0.  0. nan nan]
 [ 0.  0.  0.  0.  0.  0.  0.  0.  0. nan]
 [ 0.  0.  0.  0.  0.  0.  0.  0.  0.  0.]]
    - confusion_matrix: 
[[0.      0.      0.      0.      0.      0.      0.      0.      0.
  0.     ]
 [0.      0.      0.      0.      0.      0.      0.      0.      0.
  0.     ]
 [0.      0.      0.      0.      0.      0.      0.      0.      0.
  0.     ]
 [0.      0.      0.      0.      0.      0.      0.      0.      0.
  0.     ]
 [0.      0.      0.      0.      0.      0.      0.      0.      0.
  0.     ]
 [0.39761 0.03318 0.08025 0.00258 0.01013 0.00421 0.45343 0.01132 0.00048
  0.00681]
 [0.      0.      0.      0.      0.      0.      0.      0.      0.
  0.     ]
 [0.      0.      0.      0.      0.      0.      0.      0.      0.
  0.     ]
 [0.      0.      0.      0.      0.      0.      0.      0.      0.
  0.     ]
 [0.      0.      0.      0.      0.      0.      0.      0.      0.
  0.     ]]
[2026-06-17 20:27:24,839] INFO: [1mTest metric 0.00421[0m
[2026-06-17 20:27:24,890] INFO: [1mWritten output to reports/latest/part_weaver_predict_grouped_v1_HToWW2Q1L.root[0m
[2026-06-17 20:27:24,890] INFO: Running on test file group HToWW4Q with 1 files:
.../home/maxwelhelp/Рабочий стол/jetclass_tiny_balanced/HToWW4Q_000.root
[2026-06-17 20:27:24,901] INFO: [0;37mpreprocess config: {'method': 'manual', 'data_fraction': 0.5, 'params': None}[0m
[2026-06-17 20:27:24,901] INFO: [0;37mselection: None[0m
[2026-06-17 20:27:24,901] INFO: [0;37mtest_time_selection: None[0m
[2026-06-17 20:27:24,901] INFO: [0;37mvar_funcs:
 - ('part_mask', 'ak.ones_like(part_energy)')
 - ('part_pt', 'np.hypot(part_px, part_py)')
 - ('part_pt_log', 'np.log(part_pt)')
 - ('part_e_log', 'np.log(part_energy)')
 - ('part_logptrel', 'np.log(part_pt/jet_pt)')
 - ('part_logerel', 'np.log(part_energy/jet_energy)')
 - ('part_deltaR', 'np.hypot(part_deta, part_dphi)')
 - ('_label_', 'np.argmax(np.stack([ak.to_numpy(label_QCD),ak.to_numpy(label_Hbb),ak.to_numpy(label_Hcc),ak.to_numpy(label_Hgg),ak.to_numpy(label_H4q),ak.to_numpy(label_Hqql),ak.to_numpy(label_Zqq),ak.to_numpy(label_Wqq),ak.to_numpy(label_Tbqq),ak.to_numpy(label_Tbl)], axis=1), axis=1)')
 - ('_labelcheck_', 'np.sum(np.stack([ak.to_numpy(label_QCD),ak.to_numpy(label_Hbb),ak.to_numpy(label_Hcc),ak.to_numpy(label_Hgg),ak.to_numpy(label_H4q),ak.to_numpy(label_Hqql),ak.to_numpy(label_Zqq),ak.to_numpy(label_Wqq),ak.to_numpy(label_Tbqq),ak.to_numpy(label_Tbl)], axis=1), axis=1)')[0m
[2026-06-17 20:27:24,901] INFO: [0;37minput_names: ('pf_points', 'pf_features', 'pf_vectors', 'pf_mask')[0m
[2026-06-17 20:27:24,902] INFO: [0;37minput_dicts:
 - ('pf_points', ['part_deta', 'part_dphi'])
 - ('pf_features', ['part_pt_log', 'part_e_log', 'part_logptrel', 'part_logerel', 'part_deltaR', 'part_charge', 'part_isChargedHadron', 'part_isNeutralHadron', 'part_isPhoton', 'part_isElectron', 'part_isMuon', 'part_deta', 'part_dphi'])
 - ('pf_vectors', ['part_px', 'part_py', 'part_pz', 'part_energy'])
 - ('pf_mask', ['part_mask'])[0m
[2026-06-17 20:27:24,902] INFO: [0;37minput_shapes:
 - ('pf_points', (-1, 2, 128))
 - ('pf_features', (-1, 13, 128))
 - ('pf_vectors', (-1, 4, 128))
 - ('pf_mask', (-1, 1, 128))[0m
[2026-06-17 20:27:24,902] INFO: [0;37mpreprocess_params:
 - ('part_deta', {'length': 128, 'pad_mode': 'wrap', 'center': None, 'scale': 1, 'min': -5, 'max': 5, 'pad_value': 0})
 - ('part_dphi', {'length': 128, 'pad_mode': 'wrap', 'center': None, 'scale': 1, 'min': -5, 'max': 5, 'pad_value': 0})
 - ('part_pt_log', {'length': 128, 'pad_mode': 'wrap', 'center': 1.7, 'scale': 0.7, 'min': -5, 'max': 5, 'pad_value': 0})
 - ('part_e_log', {'length': 128, 'pad_mode': 'wrap', 'center': 2.0, 'scale': 0.7, 'min': -5, 'max': 5, 'pad_value': 0})
 - ('part_logptrel', {'length': 128, 'pad_mode': 'wrap', 'center': -4.7, 'scale': 0.7, 'min': -5, 'max': 5, 'pad_value': 0})
 - ('part_logerel', {'length': 128, 'pad_mode': 'wrap', 'center': -4.7, 'scale': 0.7, 'min': -5, 'max': 5, 'pad_value': 0})
 - ('part_deltaR', {'length': 128, 'pad_mode': 'wrap', 'center': 0.2, 'scale': 4.0, 'min': -5, 'max': 5, 'pad_value': 0})
 - ('part_charge', {'length': 128, 'pad_mode': 'wrap', 'center': None, 'scale': 1, 'min': -5, 'max': 5, 'pad_value': 0})
 - ('part_isChargedHadron', {'length': 128, 'pad_mode': 'wrap', 'center': None, 'scale': 1, 'min': -5, 'max': 5, 'pad_value': 0})
 - ('part_isNeutralHadron', {'length': 128, 'pad_mode': 'wrap', 'center': None, 'scale': 1, 'min': -5, 'max': 5, 'pad_value': 0})
 - ('part_isPhoton', {'length': 128, 'pad_mode': 'wrap', 'center': None, 'scale': 1, 'min': -5, 'max': 5, 'pad_value': 0})
 - ('part_isElectron', {'length': 128, 'pad_mode': 'wrap', 'center': None, 'scale': 1, 'min': -5, 'max': 5, 'pad_value': 0})
 - ('part_isMuon', {'length': 128, 'pad_mode': 'wrap', 'center': None, 'scale': 1, 'min': -5, 'max': 5, 'pad_value': 0})
 - ('part_px', {'length': 128, 'pad_mode': 'wrap', 'center': None, 'scale': 1, 'min': -5, 'max': 5, 'pad_value': 0})
 - ('part_py', {'length': 128, 'pad_mode': 'wrap', 'center': None, 'scale': 1, 'min': -5, 'max': 5, 'pad_value': 0})
 - ('part_pz', {'length': 128, 'pad_mode': 'wrap', 'center': None, 'scale': 1, 'min': -5, 'max': 5, 'pad_value': 0})
 - ('part_energy', {'length': 128, 'pad_mode': 'wrap', 'center': None, 'scale': 1, 'min': -5, 'max': 5, 'pad_value': 0})
 - ('part_mask', {'length': 128, 'pad_mode': 'constant', 'center': None, 'scale': 1, 'min': -5, 'max': 5, 'pad_value': 0})[0m
[2026-06-17 20:27:24,902] INFO: [0;37mlabel_names: ('_label_',)[0m
[2026-06-17 20:27:24,902] INFO: [0;37mobserver_names: ('jet_pt', 'jet_eta', 'jet_phi', 'jet_energy', 'jet_nparticles', 'jet_sdmass', 'jet_tau1', 'jet_tau2', 'jet_tau3', 'jet_tau4')[0m
[2026-06-17 20:27:24,902] INFO: [0;37mmonitor_variables: ()[0m
[2026-06-17 20:27:24,912] INFO: [0;37mpreprocess config: {'method': 'manual', 'data_fraction': 0.5, 'params': None}[0m
[2026-06-17 20:27:24,912] INFO: [0;37mselection: None[0m
[2026-06-17 20:27:24,912] INFO: [0;37mtest_time_selection: None[0m
[2026-06-17 20:27:24,913] INFO: [0;37mvar_funcs:
 - ('part_mask', 'ak.ones_like(part_energy)')
 - ('part_pt', 'np.hypot(part_px, part_py)')
 - ('part_pt_log', 'np.log(part_pt)')
 - ('part_e_log', 'np.log(part_energy)')
 - ('part_logptrel', 'np.log(part_pt/jet_pt)')
 - ('part_logerel', 'np.log(part_energy/jet_energy)')
 - ('part_deltaR', 'np.hypot(part_deta, part_dphi)')
 - ('_label_', 'np.argmax(np.stack([ak.to_numpy(label_QCD),ak.to_numpy(label_Hbb),ak.to_numpy(label_Hcc),ak.to_numpy(label_Hgg),ak.to_numpy(label_H4q),ak.to_numpy(label_Hqql),ak.to_numpy(label_Zqq),ak.to_numpy(label_Wqq),ak.to_numpy(label_Tbqq),ak.to_numpy(label_Tbl)], axis=1), axis=1)')
 - ('_labelcheck_', 'np.sum(np.stack([ak.to_numpy(label_QCD),ak.to_numpy(label_Hbb),ak.to_numpy(label_Hcc),ak.to_numpy(label_Hgg),ak.to_numpy(label_H4q),ak.to_numpy(label_Hqql),ak.to_numpy(label_Zqq),ak.to_numpy(label_Wqq),ak.to_numpy(label_Tbqq),ak.to_numpy(label_Tbl)], axis=1), axis=1)')[0m
[2026-06-17 20:27:24,913] INFO: [0;37minput_names: ('pf_points', 'pf_features', 'pf_vectors', 'pf_mask')[0m
[2026-06-17 20:27:24,913] INFO: [0;37minput_dicts:
 - ('pf_points', ['part_deta', 'part_dphi'])
 - ('pf_features', ['part_pt_log', 'part_e_log', 'part_logptrel', 'part_logerel', 'part_deltaR', 'part_charge', 'part_isChargedHadron', 'part_isNeutralHadron', 'part_isPhoton', 'part_isElectron', 'part_isMuon', 'part_deta', 'part_dphi'])
 - ('pf_vectors', ['part_px', 'part_py', 'part_pz', 'part_energy'])
 - ('pf_mask', ['part_mask'])[0m
[2026-06-17 20:27:24,913] INFO: [0;37minput_shapes:
 - ('pf_points', (-1, 2, 128))
 - ('pf_features', (-1, 13, 128))
 - ('pf_vectors', (-1, 4, 128))
 - ('pf_mask', (-1, 1, 128))[0m
[2026-06-17 20:27:24,913] INFO: [0;37mpreprocess_params:
 - ('part_deta', {'length': 128, 'pad_mode': 'wrap', 'center': None, 'scale': 1, 'min': -5, 'max': 5, 'pad_value': 0})
 - ('part_dphi', {'length': 128, 'pad_mode': 'wrap', 'center': None, 'scale': 1, 'min': -5, 'max': 5, 'pad_value': 0})
 - ('part_pt_log', {'length': 128, 'pad_mode': 'wrap', 'center': 1.7, 'scale': 0.7, 'min': -5, 'max': 5, 'pad_value': 0})
 - ('part_e_log', {'length': 128, 'pad_mode': 'wrap', 'center': 2.0, 'scale': 0.7, 'min': -5, 'max': 5, 'pad_value': 0})
 - ('part_logptrel', {'length': 128, 'pad_mode': 'wrap', 'center': -4.7, 'scale': 0.7, 'min': -5, 'max': 5, 'pad_value': 0})
 - ('part_logerel', {'length': 128, 'pad_mode': 'wrap', 'center': -4.7, 'scale': 0.7, 'min': -5, 'max': 5, 'pad_value': 0})
 - ('part_deltaR', {'length': 128, 'pad_mode': 'wrap', 'center': 0.2, 'scale': 4.0, 'min': -5, 'max': 5, 'pad_value': 0})
 - ('part_charge', {'length': 128, 'pad_mode': 'wrap', 'center': None, 'scale': 1, 'min': -5, 'max': 5, 'pad_value': 0})
 - ('part_isChargedHadron', {'length': 128, 'pad_mode': 'wrap', 'center': None, 'scale': 1, 'min': -5, 'max': 5, 'pad_value': 0})
 - ('part_isNeutralHadron', {'length': 128, 'pad_mode': 'wrap', 'center': None, 'scale': 1, 'min': -5, 'max': 5, 'pad_value': 0})
 - ('part_isPhoton', {'length': 128, 'pad_mode': 'wrap', 'center': None, 'scale': 1, 'min': -5, 'max': 5, 'pad_value': 0})
 - ('part_isElectron', {'length': 128, 'pad_mode': 'wrap', 'center': None, 'scale': 1, 'min': -5, 'max': 5, 'pad_value': 0})
 - ('part_isMuon', {'length': 128, 'pad_mode': 'wrap', 'center': None, 'scale': 1, 'min': -5, 'max': 5, 'pad_value': 0})
 - ('part_px', {'length': 128, 'pad_mode': 'wrap', 'center': None, 'scale': 1, 'min': -5, 'max': 5, 'pad_value': 0})
 - ('part_py', {'length': 128, 'pad_mode': 'wrap', 'center': None, 'scale': 1, 'min': -5, 'max': 5, 'pad_value': 0})
 - ('part_pz', {'length': 128, 'pad_mode': 'wrap', 'center': None, 'scale': 1, 'min': -5, 'max': 5, 'pad_value': 0})
 - ('part_energy', {'length': 128, 'pad_mode': 'wrap', 'center': None, 'scale': 1, 'min': -5, 'max': 5, 'pad_value': 0})
 - ('part_mask', {'length': 128, 'pad_mode': 'constant', 'center': None, 'scale': 1, 'min': -5, 'max': 5, 'pad_value': 0})[0m
[2026-06-17 20:27:24,913] INFO: [0;37mlabel_names: ('_label_',)[0m
[2026-06-17 20:27:24,913] INFO: [0;37mobserver_names: ('jet_pt', 'jet_eta', 'jet_phi', 'jet_energy', 'jet_nparticles', 'jet_sdmass', 'jet_tau1', 'jet_tau2', 'jet_tau3', 'jet_tau4')[0m
[2026-06-17 20:27:24,914] INFO: [0;37mmonitor_variables: ()[0m
[2026-06-17 20:27:25,067] INFO: === Restarting DataIter test_HToWW4Q_worker0, seed=658196179 ===
[2026-06-17 20:27:25,067] INFO: Restarted DataIter test_HToWW4Q_worker0, load_range=(0, 1), file_list:
{
  "HToWW4Q": [
    "/home/maxwelhelp/\u0420\u0430\u0431\u043e\u0447\u0438\u0439 \u0441\u0442\u043e\u043b/jetclass_tiny_balanced/HToWW4Q_000.root"
  ]
}
[2026-06-17 20:28:33,288] INFO: Processed 100000 entries in total (avg. speed 1464.7 entries/s)
[2026-06-17 20:28:33,288] INFO: Eval AvgLoss: 0.00000, AvgAcc: 0.03900
[2026-06-17 20:28:33,288] INFO: Evaluation class distribution: 
    [(np.int64(4), 100000)]
[2026-06-17 20:28:33,321] WARNING: Cannot compute metric roc_auc_score: Number of classes in y_true not equal to the number of columns in 'y_score'
[2026-06-17 20:28:34,069] INFO: Evaluation metrics: 
    - roc_auc_score: 
None
    - roc_auc_score_matrix: 
[[ 0. nan nan nan nan nan nan nan nan nan]
 [ 0.  0. nan nan nan nan nan nan nan nan]
 [ 0.  0.  0. nan nan nan nan nan nan nan]
 [ 0.  0.  0.  0. nan nan nan nan nan nan]
 [ 0.  0.  0.  0.  0. nan nan nan nan nan]
 [ 0.  0.  0.  0.  0.  0. nan nan nan nan]
 [ 0.  0.  0.  0.  0.  0.  0. nan nan nan]
 [ 0.  0.  0.  0.  0.  0.  0.  0. nan nan]
 [ 0.  0.  0.  0.  0.  0.  0.  0.  0. nan]
 [ 0.  0.  0.  0.  0.  0.  0.  0.  0.  0.]]
    - confusion_matrix: 
[[0.0000e+00 0.0000e+00 0.0000e+00 0.0000e+00 0.0000e+00 0.0000e+00
  0.0000e+00 0.0000e+00 0.0000e+00 0.0000e+00]
 [0.0000e+00 0.0000e+00 0.0000e+00 0.0000e+00 0.0000e+00 0.0000e+00
  0.0000e+00 0.0000e+00 0.0000e+00 0.0000e+00]
 [0.0000e+00 0.0000e+00 0.0000e+00 0.0000e+00 0.0000e+00 0.0000e+00
  0.0000e+00 0.0000e+00 0.0000e+00 0.0000e+00]
 [0.0000e+00 0.0000e+00 0.0000e+00 0.0000e+00 0.0000e+00 0.0000e+00
  0.0000e+00 0.0000e+00 0.0000e+00 0.0000e+00]
 [8.1814e-01 4.0000e-04 3.0470e-02 4.6000e-04 3.9000e-02 1.0000e-05
  1.0629e-01 5.0500e-03 6.0000e-05 1.2000e-04]
 [0.0000e+00 0.0000e+00 0.0000e+00 0.0000e+00 0.0000e+00 0.0000e+00
  0.0000e+00 0.0000e+00 0.0000e+00 0.0000e+00]
 [0.0000e+00 0.0000e+00 0.0000e+00 0.0000e+00 0.0000e+00 0.0000e+00
  0.0000e+00 0.0000e+00 0.0000e+00 0.0000e+00]
 [0.0000e+00 0.0000e+00 0.0000e+00 0.0000e+00 0.0000e+00 0.0000e+00
  0.0000e+00 0.0000e+00 0.0000e+00 0.0000e+00]
 [0.0000e+00 0.0000e+00 0.0000e+00 0.0000e+00 0.0000e+00 0.0000e+00
  0.0000e+00 0.0000e+00 0.0000e+00 0.0000e+00]
 [0.0000e+00 0.0000e+00 0.0000e+00 0.0000e+00 0.0000e+00 0.0000e+00
  0.0000e+00 0.0000e+00 0.0000e+00 0.0000e+00]]
[2026-06-17 20:28:35,957] INFO: [1mTest metric 0.03900[0m
[2026-06-17 20:28:36,017] INFO: [1mWritten output to reports/latest/part_weaver_predict_grouped_v1_HToWW4Q.root[0m
[2026-06-17 20:28:36,017] INFO: Running on test file group TTBarLep with 1 files:
.../home/maxwelhelp/Рабочий стол/jetclass_tiny_balanced/TTBarLep_000.root
[2026-06-17 20:28:36,035] INFO: [0;37mpreprocess config: {'method': 'manual', 'data_fraction': 0.5, 'params': None}[0m
[2026-06-17 20:28:36,035] INFO: [0;37mselection: None[0m
[2026-06-17 20:28:36,035] INFO: [0;37mtest_time_selection: None[0m
[2026-06-17 20:28:36,036] INFO: [0;37mvar_funcs:
 - ('part_mask', 'ak.ones_like(part_energy)')
 - ('part_pt', 'np.hypot(part_px, part_py)')
 - ('part_pt_log', 'np.log(part_pt)')
 - ('part_e_log', 'np.log(part_energy)')
 - ('part_logptrel', 'np.log(part_pt/jet_pt)')
 - ('part_logerel', 'np.log(part_energy/jet_energy)')
 - ('part_deltaR', 'np.hypot(part_deta, part_dphi)')
 - ('_label_', 'np.argmax(np.stack([ak.to_numpy(label_QCD),ak.to_numpy(label_Hbb),ak.to_numpy(label_Hcc),ak.to_numpy(label_Hgg),ak.to_numpy(label_H4q),ak.to_numpy(label_Hqql),ak.to_numpy(label_Zqq),ak.to_numpy(label_Wqq),ak.to_numpy(label_Tbqq),ak.to_numpy(label_Tbl)], axis=1), axis=1)')
 - ('_labelcheck_', 'np.sum(np.stack([ak.to_numpy(label_QCD),ak.to_numpy(label_Hbb),ak.to_numpy(label_Hcc),ak.to_numpy(label_Hgg),ak.to_numpy(label_H4q),ak.to_numpy(label_Hqql),ak.to_numpy(label_Zqq),ak.to_numpy(label_Wqq),ak.to_numpy(label_Tbqq),ak.to_numpy(label_Tbl)], axis=1), axis=1)')[0m
[2026-06-17 20:28:36,036] INFO: [0;37minput_names: ('pf_points', 'pf_features', 'pf_vectors', 'pf_mask')[0m
[2026-06-17 20:28:36,036] INFO: [0;37minput_dicts:
 - ('pf_points', ['part_deta', 'part_dphi'])
 - ('pf_features', ['part_pt_log', 'part_e_log', 'part_logptrel', 'part_logerel', 'part_deltaR', 'part_charge', 'part_isChargedHadron', 'part_isNeutralHadron', 'part_isPhoton', 'part_isElectron', 'part_isMuon', 'part_deta', 'part_dphi'])
 - ('pf_vectors', ['part_px', 'part_py', 'part_pz', 'part_energy'])
 - ('pf_mask', ['part_mask'])[0m
[2026-06-17 20:28:36,036] INFO: [0;37minput_shapes:
 - ('pf_points', (-1, 2, 128))
 - ('pf_features', (-1, 13, 128))
 - ('pf_vectors', (-1, 4, 128))
 - ('pf_mask', (-1, 1, 128))[0m
[2026-06-17 20:28:36,036] INFO: [0;37mpreprocess_params:
 - ('part_deta', {'length': 128, 'pad_mode': 'wrap', 'center': None, 'scale': 1, 'min': -5, 'max': 5, 'pad_value': 0})
 - ('part_dphi', {'length': 128, 'pad_mode': 'wrap', 'center': None, 'scale': 1, 'min': -5, 'max': 5, 'pad_value': 0})
 - ('part_pt_log', {'length': 128, 'pad_mode': 'wrap', 'center': 1.7, 'scale': 0.7, 'min': -5, 'max': 5, 'pad_value': 0})
 - ('part_e_log', {'length': 128, 'pad_mode': 'wrap', 'center': 2.0, 'scale': 0.7, 'min': -5, 'max': 5, 'pad_value': 0})
 - ('part_logptrel', {'length': 128, 'pad_mode': 'wrap', 'center': -4.7, 'scale': 0.7, 'min': -5, 'max': 5, 'pad_value': 0})
 - ('part_logerel', {'length': 128, 'pad_mode': 'wrap', 'center': -4.7, 'scale': 0.7, 'min': -5, 'max': 5, 'pad_value': 0})
 - ('part_deltaR', {'length': 128, 'pad_mode': 'wrap', 'center': 0.2, 'scale': 4.0, 'min': -5, 'max': 5, 'pad_value': 0})
 - ('part_charge', {'length': 128, 'pad_mode': 'wrap', 'center': None, 'scale': 1, 'min': -5, 'max': 5, 'pad_value': 0})
 - ('part_isChargedHadron', {'length': 128, 'pad_mode': 'wrap', 'center': None, 'scale': 1, 'min': -5, 'max': 5, 'pad_value': 0})
 - ('part_isNeutralHadron', {'length': 128, 'pad_mode': 'wrap', 'center': None, 'scale': 1, 'min': -5, 'max': 5, 'pad_value': 0})
 - ('part_isPhoton', {'length': 128, 'pad_mode': 'wrap', 'center': None, 'scale': 1, 'min': -5, 'max': 5, 'pad_value': 0})
 - ('part_isElectron', {'length': 128, 'pad_mode': 'wrap', 'center': None, 'scale': 1, 'min': -5, 'max': 5, 'pad_value': 0})
 - ('part_isMuon', {'length': 128, 'pad_mode': 'wrap', 'center': None, 'scale': 1, 'min': -5, 'max': 5, 'pad_value': 0})
 - ('part_px', {'length': 128, 'pad_mode': 'wrap', 'center': None, 'scale': 1, 'min': -5, 'max': 5, 'pad_value': 0})
 - ('part_py', {'length': 128, 'pad_mode': 'wrap', 'center': None, 'scale': 1, 'min': -5, 'max': 5, 'pad_value': 0})
 - ('part_pz', {'length': 128, 'pad_mode': 'wrap', 'center': None, 'scale': 1, 'min': -5, 'max': 5, 'pad_value': 0})
 - ('part_energy', {'length': 128, 'pad_mode': 'wrap', 'center': None, 'scale': 1, 'min': -5, 'max': 5, 'pad_value': 0})
 - ('part_mask', {'length': 128, 'pad_mode': 'constant', 'center': None, 'scale': 1, 'min': -5, 'max': 5, 'pad_value': 0})[0m
[2026-06-17 20:28:36,037] INFO: [0;37mlabel_names: ('_label_',)[0m
[2026-06-17 20:28:36,037] INFO: [0;37mobserver_names: ('jet_pt', 'jet_eta', 'jet_phi', 'jet_energy', 'jet_nparticles', 'jet_sdmass', 'jet_tau1', 'jet_tau2', 'jet_tau3', 'jet_tau4')[0m
[2026-06-17 20:28:36,037] INFO: [0;37mmonitor_variables: ()[0m
[2026-06-17 20:28:36,054] INFO: [0;37mpreprocess config: {'method': 'manual', 'data_fraction': 0.5, 'params': None}[0m
[2026-06-17 20:28:36,055] INFO: [0;37mselection: None[0m
[2026-06-17 20:28:36,055] INFO: [0;37mtest_time_selection: None[0m
[2026-06-17 20:28:36,055] INFO: [0;37mvar_funcs:
 - ('part_mask', 'ak.ones_like(part_energy)')
 - ('part_pt', 'np.hypot(part_px, part_py)')
 - ('part_pt_log', 'np.log(part_pt)')
 - ('part_e_log', 'np.log(part_energy)')
 - ('part_logptrel', 'np.log(part_pt/jet_pt)')
 - ('part_logerel', 'np.log(part_energy/jet_energy)')
 - ('part_deltaR', 'np.hypot(part_deta, part_dphi)')
 - ('_label_', 'np.argmax(np.stack([ak.to_numpy(label_QCD),ak.to_numpy(label_Hbb),ak.to_numpy(label_Hcc),ak.to_numpy(label_Hgg),ak.to_numpy(label_H4q),ak.to_numpy(label_Hqql),ak.to_numpy(label_Zqq),ak.to_numpy(label_Wqq),ak.to_numpy(label_Tbqq),ak.to_numpy(label_Tbl)], axis=1), axis=1)')
 - ('_labelcheck_', 'np.sum(np.stack([ak.to_numpy(label_QCD),ak.to_numpy(label_Hbb),ak.to_numpy(label_Hcc),ak.to_numpy(label_Hgg),ak.to_numpy(label_H4q),ak.to_numpy(label_Hqql),ak.to_numpy(label_Zqq),ak.to_numpy(label_Wqq),ak.to_numpy(label_Tbqq),ak.to_numpy(label_Tbl)], axis=1), axis=1)')[0m
[2026-06-17 20:28:36,055] INFO: [0;37minput_names: ('pf_points', 'pf_features', 'pf_vectors', 'pf_mask')[0m
[2026-06-17 20:28:36,055] INFO: [0;37minput_dicts:
 - ('pf_points', ['part_deta', 'part_dphi'])
 - ('pf_features', ['part_pt_log', 'part_e_log', 'part_logptrel', 'part_logerel', 'part_deltaR', 'part_charge', 'part_isChargedHadron', 'part_isNeutralHadron', 'part_isPhoton', 'part_isElectron', 'part_isMuon', 'part_deta', 'part_dphi'])
 - ('pf_vectors', ['part_px', 'part_py', 'part_pz', 'part_energy'])
 - ('pf_mask', ['part_mask'])[0m
[2026-06-17 20:28:36,056] INFO: [0;37minput_shapes:
 - ('pf_points', (-1, 2, 128))
 - ('pf_features', (-1, 13, 128))
 - ('pf_vectors', (-1, 4, 128))
 - ('pf_mask', (-1, 1, 128))[0m
[2026-06-17 20:28:36,056] INFO: [0;37mpreprocess_params:
 - ('part_deta', {'length': 128, 'pad_mode': 'wrap', 'center': None, 'scale': 1, 'min': -5, 'max': 5, 'pad_value': 0})
 - ('part_dphi', {'length': 128, 'pad_mode': 'wrap', 'center': None, 'scale': 1, 'min': -5, 'max': 5, 'pad_value': 0})
 - ('part_pt_log', {'length': 128, 'pad_mode': 'wrap', 'center': 1.7, 'scale': 0.7, 'min': -5, 'max': 5, 'pad_value': 0})
 - ('part_e_log', {'length': 128, 'pad_mode': 'wrap', 'center': 2.0, 'scale': 0.7, 'min': -5, 'max': 5, 'pad_value': 0})
 - ('part_logptrel', {'length': 128, 'pad_mode': 'wrap', 'center': -4.7, 'scale': 0.7, 'min': -5, 'max': 5, 'pad_value': 0})
 - ('part_logerel', {'length': 128, 'pad_mode': 'wrap', 'center': -4.7, 'scale': 0.7, 'min': -5, 'max': 5, 'pad_value': 0})
 - ('part_deltaR', {'length': 128, 'pad_mode': 'wrap', 'center': 0.2, 'scale': 4.0, 'min': -5, 'max': 5, 'pad_value': 0})
 - ('part_charge', {'length': 128, 'pad_mode': 'wrap', 'center': None, 'scale': 1, 'min': -5, 'max': 5, 'pad_value': 0})
 - ('part_isChargedHadron', {'length': 128, 'pad_mode': 'wrap', 'center': None, 'scale': 1, 'min': -5, 'max': 5, 'pad_value': 0})
 - ('part_isNeutralHadron', {'length': 128, 'pad_mode': 'wrap', 'center': None, 'scale': 1, 'min': -5, 'max': 5, 'pad_value': 0})
 - ('part_isPhoton', {'length': 128, 'pad_mode': 'wrap', 'center': None, 'scale': 1, 'min': -5, 'max': 5, 'pad_value': 0})
 - ('part_isElectron', {'length': 128, 'pad_mode': 'wrap', 'center': None, 'scale': 1, 'min': -5, 'max': 5, 'pad_value': 0})
 - ('part_isMuon', {'length': 128, 'pad_mode': 'wrap', 'center': None, 'scale': 1, 'min': -5, 'max': 5, 'pad_value': 0})
 - ('part_px', {'length': 128, 'pad_mode': 'wrap', 'center': None, 'scale': 1, 'min': -5, 'max': 5, 'pad_value': 0})
 - ('part_py', {'length': 128, 'pad_mode': 'wrap', 'center': None, 'scale': 1, 'min': -5, 'max': 5, 'pad_value': 0})
 - ('part_pz', {'length': 128, 'pad_mode': 'wrap', 'center': None, 'scale': 1, 'min': -5, 'max': 5, 'pad_value': 0})
 - ('part_energy', {'length': 128, 'pad_mode': 'wrap', 'center': None, 'scale': 1, 'min': -5, 'max': 5, 'pad_value': 0})
 - ('part_mask', {'length': 128, 'pad_mode': 'constant', 'center': None, 'scale': 1, 'min': -5, 'max': 5, 'pad_value': 0})[0m
[2026-06-17 20:28:36,056] INFO: [0;37mlabel_names: ('_label_',)[0m
[2026-06-17 20:28:36,056] INFO: [0;37mobserver_names: ('jet_pt', 'jet_eta', 'jet_phi', 'jet_energy', 'jet_nparticles', 'jet_sdmass', 'jet_tau1', 'jet_tau2', 'jet_tau3', 'jet_tau4')[0m
[2026-06-17 20:28:36,056] INFO: [0;37mmonitor_variables: ()[0m
[2026-06-17 20:28:36,243] INFO: === Restarting DataIter test_TTBarLep_worker0, seed=4246274740 ===
[2026-06-17 20:28:36,243] INFO: Restarted DataIter test_TTBarLep_worker0, load_range=(0, 1), file_list:
{
  "TTBarLep": [
    "/home/maxwelhelp/\u0420\u0430\u0431\u043e\u0447\u0438\u0439 \u0441\u0442\u043e\u043b/jetclass_tiny_balanced/TTBarLep_000.root"
  ]
}
[2026-06-17 20:29:36,160] INFO: Processed 100000 entries in total (avg. speed 1667.3 entries/s)
[2026-06-17 20:29:36,160] INFO: Eval AvgLoss: 0.00000, AvgAcc: 0.03241
[2026-06-17 20:29:36,160] INFO: Evaluation class distribution: 
    [(np.int64(9), 100000)]
[2026-06-17 20:29:36,194] WARNING: Cannot compute metric roc_auc_score: Number of classes in y_true not equal to the number of columns in 'y_score'
[2026-06-17 20:29:36,852] INFO: Evaluation metrics: 
    - roc_auc_score: 
None
    - roc_auc_score_matrix: 
[[ 0. nan nan nan nan nan nan nan nan nan]
 [ 0.  0. nan nan nan nan nan nan nan nan]
 [ 0.  0.  0. nan nan nan nan nan nan nan]
 [ 0.  0.  0.  0. nan nan nan nan nan nan]
 [ 0.  0.  0.  0.  0. nan nan nan nan nan]
 [ 0.  0.  0.  0.  0.  0. nan nan nan nan]
 [ 0.  0.  0.  0.  0.  0.  0. nan nan nan]
 [ 0.  0.  0.  0.  0.  0.  0.  0. nan nan]
 [ 0.  0.  0.  0.  0.  0.  0.  0.  0. nan]
 [ 0.  0.  0.  0.  0.  0.  0.  0.  0.  0.]]
    - confusion_matrix: 
[[0.0000e+00 0.0000e+00 0.0000e+00 0.0000e+00 0.0000e+00 0.0000e+00
  0.0000e+00 0.0000e+00 0.0000e+00 0.0000e+00]
 [0.0000e+00 0.0000e+00 0.0000e+00 0.0000e+00 0.0000e+00 0.0000e+00
  0.0000e+00 0.0000e+00 0.0000e+00 0.0000e+00]
 [0.0000e+00 0.0000e+00 0.0000e+00 0.0000e+00 0.0000e+00 0.0000e+00
  0.0000e+00 0.0000e+00 0.0000e+00 0.0000e+00]
 [0.0000e+00 0.0000e+00 0.0000e+00 0.0000e+00 0.0000e+00 0.0000e+00
  0.0000e+00 0.0000e+00 0.0000e+00 0.0000e+00]
 [0.0000e+00 0.0000e+00 0.0000e+00 0.0000e+00 0.0000e+00 0.0000e+00
  0.0000e+00 0.0000e+00 0.0000e+00 0.0000e+00]
 [0.0000e+00 0.0000e+00 0.0000e+00 0.0000e+00 0.0000e+00 0.0000e+00
  0.0000e+00 0.0000e+00 0.0000e+00 0.0000e+00]
 [0.0000e+00 0.0000e+00 0.0000e+00 0.0000e+00 0.0000e+00 0.0000e+00
  0.0000e+00 0.0000e+00 0.0000e+00 0.0000e+00]
 [0.0000e+00 0.0000e+00 0.0000e+00 0.0000e+00 0.0000e+00 0.0000e+00
  0.0000e+00 0.0000e+00 0.0000e+00 0.0000e+00]
 [0.0000e+00 0.0000e+00 0.0000e+00 0.0000e+00 0.0000e+00 0.0000e+00
  0.0000e+00 0.0000e+00 0.0000e+00 0.0000e+00]
 [5.1609e-01 9.4870e-02 8.8320e-02 2.5200e-03 2.4500e-03 1.8270e-02
  2.0837e-01 3.6230e-02 4.7000e-04 3.2410e-02]]
[2026-06-17 20:29:38,517] INFO: [1mTest metric 0.03241[0m
[2026-06-17 20:29:38,568] INFO: [1mWritten output to reports/latest/part_weaver_predict_grouped_v1_TTBarLep.root[0m
[2026-06-17 20:29:38,568] INFO: Running on test file group TTBar with 2 files:
.../home/maxwelhelp/Рабочий стол/jetclass_tiny_balanced/TTBarLep_000.root
.../home/maxwelhelp/Рабочий стол/jetclass_tiny_balanced/TTBar_000.root
[2026-06-17 20:29:38,578] INFO: [0;37mpreprocess config: {'method': 'manual', 'data_fraction': 0.5, 'params': None}[0m
[2026-06-17 20:29:38,579] INFO: [0;37mselection: None[0m
[2026-06-17 20:29:38,579] INFO: [0;37mtest_time_selection: None[0m
[2026-06-17 20:29:38,579] INFO: [0;37mvar_funcs:
 - ('part_mask', 'ak.ones_like(part_energy)')
 - ('part_pt', 'np.hypot(part_px, part_py)')
 - ('part_pt_log', 'np.log(part_pt)')
 - ('part_e_log', 'np.log(part_energy)')
 - ('part_logptrel', 'np.log(part_pt/jet_pt)')
 - ('part_logerel', 'np.log(part_energy/jet_energy)')
 - ('part_deltaR', 'np.hypot(part_deta, part_dphi)')
 - ('_label_', 'np.argmax(np.stack([ak.to_numpy(label_QCD),ak.to_numpy(label_Hbb),ak.to_numpy(label_Hcc),ak.to_numpy(label_Hgg),ak.to_numpy(label_H4q),ak.to_numpy(label_Hqql),ak.to_numpy(label_Zqq),ak.to_numpy(label_Wqq),ak.to_numpy(label_Tbqq),ak.to_numpy(label_Tbl)], axis=1), axis=1)')
 - ('_labelcheck_', 'np.sum(np.stack([ak.to_numpy(label_QCD),ak.to_numpy(label_Hbb),ak.to_numpy(label_Hcc),ak.to_numpy(label_Hgg),ak.to_numpy(label_H4q),ak.to_numpy(label_Hqql),ak.to_numpy(label_Zqq),ak.to_numpy(label_Wqq),ak.to_numpy(label_Tbqq),ak.to_numpy(label_Tbl)], axis=1), axis=1)')[0m
[2026-06-17 20:29:38,579] INFO: [0;37minput_names: ('pf_points', 'pf_features', 'pf_vectors', 'pf_mask')[0m
[2026-06-17 20:29:38,579] INFO: [0;37minput_dicts:
 - ('pf_points', ['part_deta', 'part_dphi'])
 - ('pf_features', ['part_pt_log', 'part_e_log', 'part_logptrel', 'part_logerel', 'part_deltaR', 'part_charge', 'part_isChargedHadron', 'part_isNeutralHadron', 'part_isPhoton', 'part_isElectron', 'part_isMuon', 'part_deta', 'part_dphi'])
 - ('pf_vectors', ['part_px', 'part_py', 'part_pz', 'part_energy'])
 - ('pf_mask', ['part_mask'])[0m
[2026-06-17 20:29:38,579] INFO: [0;37minput_shapes:
 - ('pf_points', (-1, 2, 128))
 - ('pf_features', (-1, 13, 128))
 - ('pf_vectors', (-1, 4, 128))
 - ('pf_mask', (-1, 1, 128))[0m
[2026-06-17 20:29:38,579] INFO: [0;37mpreprocess_params:
 - ('part_deta', {'length': 128, 'pad_mode': 'wrap', 'center': None, 'scale': 1, 'min': -5, 'max': 5, 'pad_value': 0})
 - ('part_dphi', {'length': 128, 'pad_mode': 'wrap', 'center': None, 'scale': 1, 'min': -5, 'max': 5, 'pad_value': 0})
 - ('part_pt_log', {'length': 128, 'pad_mode': 'wrap', 'center': 1.7, 'scale': 0.7, 'min': -5, 'max': 5, 'pad_value': 0})
 - ('part_e_log', {'length': 128, 'pad_mode': 'wrap', 'center': 2.0, 'scale': 0.7, 'min': -5, 'max': 5, 'pad_value': 0})
 - ('part_logptrel', {'length': 128, 'pad_mode': 'wrap', 'center': -4.7, 'scale': 0.7, 'min': -5, 'max': 5, 'pad_value': 0})
 - ('part_logerel', {'length': 128, 'pad_mode': 'wrap', 'center': -4.7, 'scale': 0.7, 'min': -5, 'max': 5, 'pad_value': 0})
 - ('part_deltaR', {'length': 128, 'pad_mode': 'wrap', 'center': 0.2, 'scale': 4.0, 'min': -5, 'max': 5, 'pad_value': 0})
 - ('part_charge', {'length': 128, 'pad_mode': 'wrap', 'center': None, 'scale': 1, 'min': -5, 'max': 5, 'pad_value': 0})
 - ('part_isChargedHadron', {'length': 128, 'pad_mode': 'wrap', 'center': None, 'scale': 1, 'min': -5, 'max': 5, 'pad_value': 0})
 - ('part_isNeutralHadron', {'length': 128, 'pad_mode': 'wrap', 'center': None, 'scale': 1, 'min': -5, 'max': 5, 'pad_value': 0})
 - ('part_isPhoton', {'length': 128, 'pad_mode': 'wrap', 'center': None, 'scale': 1, 'min': -5, 'max': 5, 'pad_value': 0})
 - ('part_isElectron', {'length': 128, 'pad_mode': 'wrap', 'center': None, 'scale': 1, 'min': -5, 'max': 5, 'pad_value': 0})
 - ('part_isMuon', {'length': 128, 'pad_mode': 'wrap', 'center': None, 'scale': 1, 'min': -5, 'max': 5, 'pad_value': 0})
 - ('part_px', {'length': 128, 'pad_mode': 'wrap', 'center': None, 'scale': 1, 'min': -5, 'max': 5, 'pad_value': 0})
 - ('part_py', {'length': 128, 'pad_mode': 'wrap', 'center': None, 'scale': 1, 'min': -5, 'max': 5, 'pad_value': 0})
 - ('part_pz', {'length': 128, 'pad_mode': 'wrap', 'center': None, 'scale': 1, 'min': -5, 'max': 5, 'pad_value': 0})
 - ('part_energy', {'length': 128, 'pad_mode': 'wrap', 'center': None, 'scale': 1, 'min': -5, 'max': 5, 'pad_value': 0})
 - ('part_mask', {'length': 128, 'pad_mode': 'constant', 'center': None, 'scale': 1, 'min': -5, 'max': 5, 'pad_value': 0})[0m
[2026-06-17 20:29:38,580] INFO: [0;37mlabel_names: ('_label_',)[0m
[2026-06-17 20:29:38,580] INFO: [0;37mobserver_names: ('jet_pt', 'jet_eta', 'jet_phi', 'jet_energy', 'jet_nparticles', 'jet_sdmass', 'jet_tau1', 'jet_tau2', 'jet_tau3', 'jet_tau4')[0m
[2026-06-17 20:29:38,580] INFO: [0;37mmonitor_variables: ()[0m
[2026-06-17 20:29:38,589] INFO: [0;37mpreprocess config: {'method': 'manual', 'data_fraction': 0.5, 'params': None}[0m
[2026-06-17 20:29:38,590] INFO: [0;37mselection: None[0m
[2026-06-17 20:29:38,590] INFO: [0;37mtest_time_selection: None[0m
[2026-06-17 20:29:38,590] INFO: [0;37mvar_funcs:
 - ('part_mask', 'ak.ones_like(part_energy)')
 - ('part_pt', 'np.hypot(part_px, part_py)')
 - ('part_pt_log', 'np.log(part_pt)')
 - ('part_e_log', 'np.log(part_energy)')
 - ('part_logptrel', 'np.log(part_pt/jet_pt)')
 - ('part_logerel', 'np.log(part_energy/jet_energy)')
 - ('part_deltaR', 'np.hypot(part_deta, part_dphi)')
 - ('_label_', 'np.argmax(np.stack([ak.to_numpy(label_QCD),ak.to_numpy(label_Hbb),ak.to_numpy(label_Hcc),ak.to_numpy(label_Hgg),ak.to_numpy(label_H4q),ak.to_numpy(label_Hqql),ak.to_numpy(label_Zqq),ak.to_numpy(label_Wqq),ak.to_numpy(label_Tbqq),ak.to_numpy(label_Tbl)], axis=1), axis=1)')
 - ('_labelcheck_', 'np.sum(np.stack([ak.to_numpy(label_QCD),ak.to_numpy(label_Hbb),ak.to_numpy(label_Hcc),ak.to_numpy(label_Hgg),ak.to_numpy(label_H4q),ak.to_numpy(label_Hqql),ak.to_numpy(label_Zqq),ak.to_numpy(label_Wqq),ak.to_numpy(label_Tbqq),ak.to_numpy(label_Tbl)], axis=1), axis=1)')[0m
[2026-06-17 20:29:38,590] INFO: [0;37minput_names: ('pf_points', 'pf_features', 'pf_vectors', 'pf_mask')[0m
[2026-06-17 20:29:38,590] INFO: [0;37minput_dicts:
 - ('pf_points', ['part_deta', 'part_dphi'])
 - ('pf_features', ['part_pt_log', 'part_e_log', 'part_logptrel', 'part_logerel', 'part_deltaR', 'part_charge', 'part_isChargedHadron', 'part_isNeutralHadron', 'part_isPhoton', 'part_isElectron', 'part_isMuon', 'part_deta', 'part_dphi'])
 - ('pf_vectors', ['part_px', 'part_py', 'part_pz', 'part_energy'])
 - ('pf_mask', ['part_mask'])[0m
[2026-06-17 20:29:38,590] INFO: [0;37minput_shapes:
 - ('pf_points', (-1, 2, 128))
 - ('pf_features', (-1, 13, 128))
 - ('pf_vectors', (-1, 4, 128))
 - ('pf_mask', (-1, 1, 128))[0m
[2026-06-17 20:29:38,590] INFO: [0;37mpreprocess_params:
 - ('part_deta', {'length': 128, 'pad_mode': 'wrap', 'center': None, 'scale': 1, 'min': -5, 'max': 5, 'pad_value': 0})
 - ('part_dphi', {'length': 128, 'pad_mode': 'wrap', 'center': None, 'scale': 1, 'min': -5, 'max': 5, 'pad_value': 0})
 - ('part_pt_log', {'length': 128, 'pad_mode': 'wrap', 'center': 1.7, 'scale': 0.7, 'min': -5, 'max': 5, 'pad_value': 0})
 - ('part_e_log', {'length': 128, 'pad_mode': 'wrap', 'center': 2.0, 'scale': 0.7, 'min': -5, 'max': 5, 'pad_value': 0})
 - ('part_logptrel', {'length': 128, 'pad_mode': 'wrap', 'center': -4.7, 'scale': 0.7, 'min': -5, 'max': 5, 'pad_value': 0})
 - ('part_logerel', {'length': 128, 'pad_mode': 'wrap', 'center': -4.7, 'scale': 0.7, 'min': -5, 'max': 5, 'pad_value': 0})
 - ('part_deltaR', {'length': 128, 'pad_mode': 'wrap', 'center': 0.2, 'scale': 4.0, 'min': -5, 'max': 5, 'pad_value': 0})
 - ('part_charge', {'length': 128, 'pad_mode': 'wrap', 'center': None, 'scale': 1, 'min': -5, 'max': 5, 'pad_value': 0})
 - ('part_isChargedHadron', {'length': 128, 'pad_mode': 'wrap', 'center': None, 'scale': 1, 'min': -5, 'max': 5, 'pad_value': 0})
 - ('part_isNeutralHadron', {'length': 128, 'pad_mode': 'wrap', 'center': None, 'scale': 1, 'min': -5, 'max': 5, 'pad_value': 0})
 - ('part_isPhoton', {'length': 128, 'pad_mode': 'wrap', 'center': None, 'scale': 1, 'min': -5, 'max': 5, 'pad_value': 0})
 - ('part_isElectron', {'length': 128, 'pad_mode': 'wrap', 'center': None, 'scale': 1, 'min': -5, 'max': 5, 'pad_value': 0})
 - ('part_isMuon', {'length': 128, 'pad_mode': 'wrap', 'center': None, 'scale': 1, 'min': -5, 'max': 5, 'pad_value': 0})
 - ('part_px', {'length': 128, 'pad_mode': 'wrap', 'center': None, 'scale': 1, 'min': -5, 'max': 5, 'pad_value': 0})
 - ('part_py', {'length': 128, 'pad_mode': 'wrap', 'center': None, 'scale': 1, 'min': -5, 'max': 5, 'pad_value': 0})
 - ('part_pz', {'length': 128, 'pad_mode': 'wrap', 'center': None, 'scale': 1, 'min': -5, 'max': 5, 'pad_value': 0})
 - ('part_energy', {'length': 128, 'pad_mode': 'wrap', 'center': None, 'scale': 1, 'min': -5, 'max': 5, 'pad_value': 0})
 - ('part_mask', {'length': 128, 'pad_mode': 'constant', 'center': None, 'scale': 1, 'min': -5, 'max': 5, 'pad_value': 0})[0m
[2026-06-17 20:29:38,590] INFO: [0;37mlabel_names: ('_label_',)[0m
[2026-06-17 20:29:38,591] INFO: [0;37mobserver_names: ('jet_pt', 'jet_eta', 'jet_phi', 'jet_energy', 'jet_nparticles', 'jet_sdmass', 'jet_tau1', 'jet_tau2', 'jet_tau3', 'jet_tau4')[0m
[2026-06-17 20:29:38,591] INFO: [0;37mmonitor_variables: ()[0m
[2026-06-17 20:29:38,745] INFO: === Restarting DataIter test_TTBar_worker0, seed=1034182925 ===
[2026-06-17 20:29:38,745] INFO: Restarted DataIter test_TTBar_worker0, load_range=(0, 1), file_list:
{
  "TTBar": [
    "/home/maxwelhelp/\u0420\u0430\u0431\u043e\u0447\u0438\u0439 \u0441\u0442\u043e\u043b/jetclass_tiny_balanced/TTBarLep_000.root",
    "/home/maxwelhelp/\u0420\u0430\u0431\u043e\u0447\u0438\u0439 \u0441\u0442\u043e\u043b/jetclass_tiny_balanced/TTBar_000.root"
  ]
}
[2026-06-17 20:31:31,859] INFO: Processed 200000 entries in total (avg. speed 1767.3 entries/s)
[2026-06-17 20:31:31,859] INFO: Eval AvgLoss: 0.00000, AvgAcc: 0.01621
[2026-06-17 20:31:31,859] INFO: Evaluation class distribution: 
    [(np.int64(8), 100000), (np.int64(9), 100000)]
[2026-06-17 20:31:31,911] WARNING: Cannot compute metric roc_auc_score: Number of classes in y_true not equal to the number of columns in 'y_score'
[2026-06-17 20:31:33,936] INFO: Evaluation metrics: 
    - roc_auc_score: 
None
    - roc_auc_score_matrix: 
[[0.                nan        nan        nan        nan        nan
         nan        nan        nan        nan]
 [0.         0.                nan        nan        nan        nan
         nan        nan        nan        nan]
 [0.         0.         0.                nan        nan        nan
         nan        nan        nan        nan]
 [0.         0.         0.         0.                nan        nan
         nan        nan        nan        nan]
 [0.         0.         0.         0.         0.                nan
         nan        nan        nan        nan]
 [0.         0.         0.         0.         0.         0.
         nan        nan        nan        nan]
 [0.         0.         0.         0.         0.         0.
  0.                nan        nan        nan]
 [0.         0.         0.         0.         0.         0.
  0.         0.                nan        nan]
 [0.         0.         0.         0.         0.         0.
  0.         0.         0.         0.61419207]
 [0.         0.         0.         0.         0.         0.
  0.         0.         0.         0.        ]]
    - confusion_matrix: 
[[0.0000e+00 0.0000e+00 0.0000e+00 0.0000e+00 0.0000e+00 0.0000e+00
  0.0000e+00 0.0000e+00 0.0000e+00 0.0000e+00]
 [0.0000e+00 0.0000e+00 0.0000e+00 0.0000e+00 0.0000e+00 0.0000e+00
  0.0000e+00 0.0000e+00 0.0000e+00 0.0000e+00]
 [0.0000e+00 0.0000e+00 0.0000e+00 0.0000e+00 0.0000e+00 0.0000e+00
  0.0000e+00 0.0000e+00 0.0000e+00 0.0000e+00]
 [0.0000e+00 0.0000e+00 0.0000e+00 0.0000e+00 0.0000e+00 0.0000e+00
  0.0000e+00 0.0000e+00 0.0000e+00 0.0000e+00]
 [0.0000e+00 0.0000e+00 0.0000e+00 0.0000e+00 0.0000e+00 0.0000e+00
  0.0000e+00 0.0000e+00 0.0000e+00 0.0000e+00]
 [0.0000e+00 0.0000e+00 0.0000e+00 0.0000e+00 0.0000e+00 0.0000e+00
  0.0000e+00 0.0000e+00 0.0000e+00 0.0000e+00]
 [0.0000e+00 0.0000e+00 0.0000e+00 0.0000e+00 0.0000e+00 0.0000e+00
  0.0000e+00 0.0000e+00 0.0000e+00 0.0000e+00]
 [0.0000e+00 0.0000e+00 0.0000e+00 0.0000e+00 0.0000e+00 0.0000e+00
  0.0000e+00 0.0000e+00 0.0000e+00 0.0000e+00]
 [9.7969e-01 1.2000e-04 6.5000e-04 5.0000e-05 3.5000e-03 4.0000e-05
  1.1470e-02 4.3900e-03 1.0000e-05 8.0000e-05]
 [5.1609e-01 9.4870e-02 8.8320e-02 2.5200e-03 2.4500e-03 1.8270e-02
  2.0837e-01 3.6230e-02 4.7000e-04 3.2410e-02]]
[2026-06-17 20:31:37,491] INFO: [1mTest metric 0.01621[0m
[2026-06-17 20:31:37,559] INFO: [1mWritten output to reports/latest/part_weaver_predict_grouped_v1_TTBar.root[0m
[2026-06-17 20:31:37,559] INFO: Running on test file group WToQQ with 1 files:
.../home/maxwelhelp/Рабочий стол/jetclass_tiny_balanced/WToQQ_000.root
[2026-06-17 20:31:37,569] INFO: [0;37mpreprocess config: {'method': 'manual', 'data_fraction': 0.5, 'params': None}[0m
[2026-06-17 20:31:37,570] INFO: [0;37mselection: None[0m
[2026-06-17 20:31:37,570] INFO: [0;37mtest_time_selection: None[0m
[2026-06-17 20:31:37,570] INFO: [0;37mvar_funcs:
 - ('part_mask', 'ak.ones_like(part_energy)')
 - ('part_pt', 'np.hypot(part_px, part_py)')
 - ('part_pt_log', 'np.log(part_pt)')
 - ('part_e_log', 'np.log(part_energy)')
 - ('part_logptrel', 'np.log(part_pt/jet_pt)')
 - ('part_logerel', 'np.log(part_energy/jet_energy)')
 - ('part_deltaR', 'np.hypot(part_deta, part_dphi)')
 - ('_label_', 'np.argmax(np.stack([ak.to_numpy(label_QCD),ak.to_numpy(label_Hbb),ak.to_numpy(label_Hcc),ak.to_numpy(label_Hgg),ak.to_numpy(label_H4q),ak.to_numpy(label_Hqql),ak.to_numpy(label_Zqq),ak.to_numpy(label_Wqq),ak.to_numpy(label_Tbqq),ak.to_numpy(label_Tbl)], axis=1), axis=1)')
 - ('_labelcheck_', 'np.sum(np.stack([ak.to_numpy(label_QCD),ak.to_numpy(label_Hbb),ak.to_numpy(label_Hcc),ak.to_numpy(label_Hgg),ak.to_numpy(label_H4q),ak.to_numpy(label_Hqql),ak.to_numpy(label_Zqq),ak.to_numpy(label_Wqq),ak.to_numpy(label_Tbqq),ak.to_numpy(label_Tbl)], axis=1), axis=1)')[0m
[2026-06-17 20:31:37,570] INFO: [0;37minput_names: ('pf_points', 'pf_features', 'pf_vectors', 'pf_mask')[0m
[2026-06-17 20:31:37,570] INFO: [0;37minput_dicts:
 - ('pf_points', ['part_deta', 'part_dphi'])
 - ('pf_features', ['part_pt_log', 'part_e_log', 'part_logptrel', 'part_logerel', 'part_deltaR', 'part_charge', 'part_isChargedHadron', 'part_isNeutralHadron', 'part_isPhoton', 'part_isElectron', 'part_isMuon', 'part_deta', 'part_dphi'])
 - ('pf_vectors', ['part_px', 'part_py', 'part_pz', 'part_energy'])
 - ('pf_mask', ['part_mask'])[0m
[2026-06-17 20:31:37,570] INFO: [0;37minput_shapes:
 - ('pf_points', (-1, 2, 128))
 - ('pf_features', (-1, 13, 128))
 - ('pf_vectors', (-1, 4, 128))
 - ('pf_mask', (-1, 1, 128))[0m
[2026-06-17 20:31:37,570] INFO: [0;37mpreprocess_params:
 - ('part_deta', {'length': 128, 'pad_mode': 'wrap', 'center': None, 'scale': 1, 'min': -5, 'max': 5, 'pad_value': 0})
 - ('part_dphi', {'length': 128, 'pad_mode': 'wrap', 'center': None, 'scale': 1, 'min': -5, 'max': 5, 'pad_value': 0})
 - ('part_pt_log', {'length': 128, 'pad_mode': 'wrap', 'center': 1.7, 'scale': 0.7, 'min': -5, 'max': 5, 'pad_value': 0})
 - ('part_e_log', {'length': 128, 'pad_mode': 'wrap', 'center': 2.0, 'scale': 0.7, 'min': -5, 'max': 5, 'pad_value': 0})
 - ('part_logptrel', {'length': 128, 'pad_mode': 'wrap', 'center': -4.7, 'scale': 0.7, 'min': -5, 'max': 5, 'pad_value': 0})
 - ('part_logerel', {'length': 128, 'pad_mode': 'wrap', 'center': -4.7, 'scale': 0.7, 'min': -5, 'max': 5, 'pad_value': 0})
 - ('part_deltaR', {'length': 128, 'pad_mode': 'wrap', 'center': 0.2, 'scale': 4.0, 'min': -5, 'max': 5, 'pad_value': 0})
 - ('part_charge', {'length': 128, 'pad_mode': 'wrap', 'center': None, 'scale': 1, 'min': -5, 'max': 5, 'pad_value': 0})
 - ('part_isChargedHadron', {'length': 128, 'pad_mode': 'wrap', 'center': None, 'scale': 1, 'min': -5, 'max': 5, 'pad_value': 0})
 - ('part_isNeutralHadron', {'length': 128, 'pad_mode': 'wrap', 'center': None, 'scale': 1, 'min': -5, 'max': 5, 'pad_value': 0})
 - ('part_isPhoton', {'length': 128, 'pad_mode': 'wrap', 'center': None, 'scale': 1, 'min': -5, 'max': 5, 'pad_value': 0})
 - ('part_isElectron', {'length': 128, 'pad_mode': 'wrap', 'center': None, 'scale': 1, 'min': -5, 'max': 5, 'pad_value': 0})
 - ('part_isMuon', {'length': 128, 'pad_mode': 'wrap', 'center': None, 'scale': 1, 'min': -5, 'max': 5, 'pad_value': 0})
 - ('part_px', {'length': 128, 'pad_mode': 'wrap', 'center': None, 'scale': 1, 'min': -5, 'max': 5, 'pad_value': 0})
 - ('part_py', {'length': 128, 'pad_mode': 'wrap', 'center': None, 'scale': 1, 'min': -5, 'max': 5, 'pad_value': 0})
 - ('part_pz', {'length': 128, 'pad_mode': 'wrap', 'center': None, 'scale': 1, 'min': -5, 'max': 5, 'pad_value': 0})
 - ('part_energy', {'length': 128, 'pad_mode': 'wrap', 'center': None, 'scale': 1, 'min': -5, 'max': 5, 'pad_value': 0})
 - ('part_mask', {'length': 128, 'pad_mode': 'constant', 'center': None, 'scale': 1, 'min': -5, 'max': 5, 'pad_value': 0})[0m
[2026-06-17 20:31:37,570] INFO: [0;37mlabel_names: ('_label_',)[0m
[2026-06-17 20:31:37,571] INFO: [0;37mobserver_names: ('jet_pt', 'jet_eta', 'jet_phi', 'jet_energy', 'jet_nparticles', 'jet_sdmass', 'jet_tau1', 'jet_tau2', 'jet_tau3', 'jet_tau4')[0m
[2026-06-17 20:31:37,571] INFO: [0;37mmonitor_variables: ()[0m
[2026-06-17 20:31:37,580] INFO: [0;37mpreprocess config: {'method': 'manual', 'data_fraction': 0.5, 'params': None}[0m
[2026-06-17 20:31:37,580] INFO: [0;37mselection: None[0m
[2026-06-17 20:31:37,581] INFO: [0;37mtest_time_selection: None[0m
[2026-06-17 20:31:37,581] INFO: [0;37mvar_funcs:
 - ('part_mask', 'ak.ones_like(part_energy)')
 - ('part_pt', 'np.hypot(part_px, part_py)')
 - ('part_pt_log', 'np.log(part_pt)')
 - ('part_e_log', 'np.log(part_energy)')
 - ('part_logptrel', 'np.log(part_pt/jet_pt)')
 - ('part_logerel', 'np.log(part_energy/jet_energy)')
 - ('part_deltaR', 'np.hypot(part_deta, part_dphi)')
 - ('_label_', 'np.argmax(np.stack([ak.to_numpy(label_QCD),ak.to_numpy(label_Hbb),ak.to_numpy(label_Hcc),ak.to_numpy(label_Hgg),ak.to_numpy(label_H4q),ak.to_numpy(label_Hqql),ak.to_numpy(label_Zqq),ak.to_numpy(label_Wqq),ak.to_numpy(label_Tbqq),ak.to_numpy(label_Tbl)], axis=1), axis=1)')
 - ('_labelcheck_', 'np.sum(np.stack([ak.to_numpy(label_QCD),ak.to_numpy(label_Hbb),ak.to_numpy(label_Hcc),ak.to_numpy(label_Hgg),ak.to_numpy(label_H4q),ak.to_numpy(label_Hqql),ak.to_numpy(label_Zqq),ak.to_numpy(label_Wqq),ak.to_numpy(label_Tbqq),ak.to_numpy(label_Tbl)], axis=1), axis=1)')[0m
[2026-06-17 20:31:37,581] INFO: [0;37minput_names: ('pf_points', 'pf_features', 'pf_vectors', 'pf_mask')[0m
[2026-06-17 20:31:37,581] INFO: [0;37minput_dicts:
 - ('pf_points', ['part_deta', 'part_dphi'])
 - ('pf_features', ['part_pt_log', 'part_e_log', 'part_logptrel', 'part_logerel', 'part_deltaR', 'part_charge', 'part_isChargedHadron', 'part_isNeutralHadron', 'part_isPhoton', 'part_isElectron', 'part_isMuon', 'part_deta', 'part_dphi'])
 - ('pf_vectors', ['part_px', 'part_py', 'part_pz', 'part_energy'])
 - ('pf_mask', ['part_mask'])[0m
[2026-06-17 20:31:37,581] INFO: [0;37minput_shapes:
 - ('pf_points', (-1, 2, 128))
 - ('pf_features', (-1, 13, 128))
 - ('pf_vectors', (-1, 4, 128))
 - ('pf_mask', (-1, 1, 128))[0m
[2026-06-17 20:31:37,581] INFO: [0;37mpreprocess_params:
 - ('part_deta', {'length': 128, 'pad_mode': 'wrap', 'center': None, 'scale': 1, 'min': -5, 'max': 5, 'pad_value': 0})
 - ('part_dphi', {'length': 128, 'pad_mode': 'wrap', 'center': None, 'scale': 1, 'min': -5, 'max': 5, 'pad_value': 0})
 - ('part_pt_log', {'length': 128, 'pad_mode': 'wrap', 'center': 1.7, 'scale': 0.7, 'min': -5, 'max': 5, 'pad_value': 0})
 - ('part_e_log', {'length': 128, 'pad_mode': 'wrap', 'center': 2.0, 'scale': 0.7, 'min': -5, 'max': 5, 'pad_value': 0})
 - ('part_logptrel', {'length': 128, 'pad_mode': 'wrap', 'center': -4.7, 'scale': 0.7, 'min': -5, 'max': 5, 'pad_value': 0})
 - ('part_logerel', {'length': 128, 'pad_mode': 'wrap', 'center': -4.7, 'scale': 0.7, 'min': -5, 'max': 5, 'pad_value': 0})
 - ('part_deltaR', {'length': 128, 'pad_mode': 'wrap', 'center': 0.2, 'scale': 4.0, 'min': -5, 'max': 5, 'pad_value': 0})
 - ('part_charge', {'length': 128, 'pad_mode': 'wrap', 'center': None, 'scale': 1, 'min': -5, 'max': 5, 'pad_value': 0})
 - ('part_isChargedHadron', {'length': 128, 'pad_mode': 'wrap', 'center': None, 'scale': 1, 'min': -5, 'max': 5, 'pad_value': 0})
 - ('part_isNeutralHadron', {'length': 128, 'pad_mode': 'wrap', 'center': None, 'scale': 1, 'min': -5, 'max': 5, 'pad_value': 0})
 - ('part_isPhoton', {'length': 128, 'pad_mode': 'wrap', 'center': None, 'scale': 1, 'min': -5, 'max': 5, 'pad_value': 0})
 - ('part_isElectron', {'length': 128, 'pad_mode': 'wrap', 'center': None, 'scale': 1, 'min': -5, 'max': 5, 'pad_value': 0})
 - ('part_isMuon', {'length': 128, 'pad_mode': 'wrap', 'center': None, 'scale': 1, 'min': -5, 'max': 5, 'pad_value': 0})
 - ('part_px', {'length': 128, 'pad_mode': 'wrap', 'center': None, 'scale': 1, 'min': -5, 'max': 5, 'pad_value': 0})
 - ('part_py', {'length': 128, 'pad_mode': 'wrap', 'center': None, 'scale': 1, 'min': -5, 'max': 5, 'pad_value': 0})
 - ('part_pz', {'length': 128, 'pad_mode': 'wrap', 'center': None, 'scale': 1, 'min': -5, 'max': 5, 'pad_value': 0})
 - ('part_energy', {'length': 128, 'pad_mode': 'wrap', 'center': None, 'scale': 1, 'min': -5, 'max': 5, 'pad_value': 0})
 - ('part_mask', {'length': 128, 'pad_mode': 'constant', 'center': None, 'scale': 1, 'min': -5, 'max': 5, 'pad_value': 0})[0m
[2026-06-17 20:31:37,581] INFO: [0;37mlabel_names: ('_label_',)[0m
[2026-06-17 20:31:37,581] INFO: [0;37mobserver_names: ('jet_pt', 'jet_eta', 'jet_phi', 'jet_energy', 'jet_nparticles', 'jet_sdmass', 'jet_tau1', 'jet_tau2', 'jet_tau3', 'jet_tau4')[0m
[2026-06-17 20:31:37,581] INFO: [0;37mmonitor_variables: ()[0m
[2026-06-17 20:31:37,786] INFO: === Restarting DataIter test_WToQQ_worker0, seed=3538898465 ===
[2026-06-17 20:31:37,786] INFO: Restarted DataIter test_WToQQ_worker0, load_range=(0, 1), file_list:
{
  "WToQQ": [
    "/home/maxwelhelp/\u0420\u0430\u0431\u043e\u0447\u0438\u0439 \u0441\u0442\u043e\u043b/jetclass_tiny_balanced/WToQQ_000.root"
  ]
}
[2026-06-17 20:32:35,267] INFO: Processed 100000 entries in total (avg. speed 1738.0 entries/s)
[2026-06-17 20:32:35,267] INFO: Eval AvgLoss: 0.00000, AvgAcc: 0.00421
[2026-06-17 20:32:35,267] INFO: Evaluation class distribution: 
    [(np.int64(7), 100000)]
[2026-06-17 20:32:35,295] WARNING: Cannot compute metric roc_auc_score: Number of classes in y_true not equal to the number of columns in 'y_score'
[2026-06-17 20:32:35,959] INFO: Evaluation metrics: 
    - roc_auc_score: 
None
    - roc_auc_score_matrix: 
[[ 0. nan nan nan nan nan nan nan nan nan]
 [ 0.  0. nan nan nan nan nan nan nan nan]
 [ 0.  0.  0. nan nan nan nan nan nan nan]
 [ 0.  0.  0.  0. nan nan nan nan nan nan]
 [ 0.  0.  0.  0.  0. nan nan nan nan nan]
 [ 0.  0.  0.  0.  0.  0. nan nan nan nan]
 [ 0.  0.  0.  0.  0.  0.  0. nan nan nan]
 [ 0.  0.  0.  0.  0.  0.  0.  0. nan nan]
 [ 0.  0.  0.  0.  0.  0.  0.  0.  0. nan]
 [ 0.  0.  0.  0.  0.  0.  0.  0.  0.  0.]]
    - confusion_matrix: 
[[0.0000e+00 0.0000e+00 0.0000e+00 0.0000e+00 0.0000e+00 0.0000e+00
  0.0000e+00 0.0000e+00 0.0000e+00 0.0000e+00]
 [0.0000e+00 0.0000e+00 0.0000e+00 0.0000e+00 0.0000e+00 0.0000e+00
  0.0000e+00 0.0000e+00 0.0000e+00 0.0000e+00]
 [0.0000e+00 0.0000e+00 0.0000e+00 0.0000e+00 0.0000e+00 0.0000e+00
  0.0000e+00 0.0000e+00 0.0000e+00 0.0000e+00]
 [0.0000e+00 0.0000e+00 0.0000e+00 0.0000e+00 0.0000e+00 0.0000e+00
  0.0000e+00 0.0000e+00 0.0000e+00 0.0000e+00]
 [0.0000e+00 0.0000e+00 0.0000e+00 0.0000e+00 0.0000e+00 0.0000e+00
  0.0000e+00 0.0000e+00 0.0000e+00 0.0000e+00]
 [0.0000e+00 0.0000e+00 0.0000e+00 0.0000e+00 0.0000e+00 0.0000e+00
  0.0000e+00 0.0000e+00 0.0000e+00 0.0000e+00]
 [0.0000e+00 0.0000e+00 0.0000e+00 0.0000e+00 0.0000e+00 0.0000e+00
  0.0000e+00 0.0000e+00 0.0000e+00 0.0000e+00]
 [2.9388e-01 1.1200e-02 7.3700e-02 1.6700e-03 4.9000e-03 5.0000e-05
  6.0806e-01 4.2100e-03 6.6000e-04 1.6700e-03]
 [0.0000e+00 0.0000e+00 0.0000e+00 0.0000e+00 0.0000e+00 0.0000e+00
  0.0000e+00 0.0000e+00 0.0000e+00 0.0000e+00]
 [0.0000e+00 0.0000e+00 0.0000e+00 0.0000e+00 0.0000e+00 0.0000e+00
  0.0000e+00 0.0000e+00 0.0000e+00 0.0000e+00]]
[2026-06-17 20:32:37,679] INFO: [1mTest metric 0.00421[0m
[2026-06-17 20:32:37,729] INFO: [1mWritten output to reports/latest/part_weaver_predict_grouped_v1_WToQQ.root[0m
[2026-06-17 20:32:37,729] INFO: Running on test file group ZToQQ with 1 files:
.../home/maxwelhelp/Рабочий стол/jetclass_tiny_balanced/ZToQQ_000.root
[2026-06-17 20:32:37,740] INFO: [0;37mpreprocess config: {'method': 'manual', 'data_fraction': 0.5, 'params': None}[0m
[2026-06-17 20:32:37,740] INFO: [0;37mselection: None[0m
[2026-06-17 20:32:37,740] INFO: [0;37mtest_time_selection: None[0m
[2026-06-17 20:32:37,740] INFO: [0;37mvar_funcs:
 - ('part_mask', 'ak.ones_like(part_energy)')
 - ('part_pt', 'np.hypot(part_px, part_py)')
 - ('part_pt_log', 'np.log(part_pt)')
 - ('part_e_log', 'np.log(part_energy)')
 - ('part_logptrel', 'np.log(part_pt/jet_pt)')
 - ('part_logerel', 'np.log(part_energy/jet_energy)')
 - ('part_deltaR', 'np.hypot(part_deta, part_dphi)')
 - ('_label_', 'np.argmax(np.stack([ak.to_numpy(label_QCD),ak.to_numpy(label_Hbb),ak.to_numpy(label_Hcc),ak.to_numpy(label_Hgg),ak.to_numpy(label_H4q),ak.to_numpy(label_Hqql),ak.to_numpy(label_Zqq),ak.to_numpy(label_Wqq),ak.to_numpy(label_Tbqq),ak.to_numpy(label_Tbl)], axis=1), axis=1)')
 - ('_labelcheck_', 'np.sum(np.stack([ak.to_numpy(label_QCD),ak.to_numpy(label_Hbb),ak.to_numpy(label_Hcc),ak.to_numpy(label_Hgg),ak.to_numpy(label_H4q),ak.to_numpy(label_Hqql),ak.to_numpy(label_Zqq),ak.to_numpy(label_Wqq),ak.to_numpy(label_Tbqq),ak.to_numpy(label_Tbl)], axis=1), axis=1)')[0m
[2026-06-17 20:32:37,740] INFO: [0;37minput_names: ('pf_points', 'pf_features', 'pf_vectors', 'pf_mask')[0m
[2026-06-17 20:32:37,741] INFO: [0;37minput_dicts:
 - ('pf_points', ['part_deta', 'part_dphi'])
 - ('pf_features', ['part_pt_log', 'part_e_log', 'part_logptrel', 'part_logerel', 'part_deltaR', 'part_charge', 'part_isChargedHadron', 'part_isNeutralHadron', 'part_isPhoton', 'part_isElectron', 'part_isMuon', 'part_deta', 'part_dphi'])
 - ('pf_vectors', ['part_px', 'part_py', 'part_pz', 'part_energy'])
 - ('pf_mask', ['part_mask'])[0m
[2026-06-17 20:32:37,741] INFO: [0;37minput_shapes:
 - ('pf_points', (-1, 2, 128))
 - ('pf_features', (-1, 13, 128))
 - ('pf_vectors', (-1, 4, 128))
 - ('pf_mask', (-1, 1, 128))[0m
[2026-06-17 20:32:37,741] INFO: [0;37mpreprocess_params:
 - ('part_deta', {'length': 128, 'pad_mode': 'wrap', 'center': None, 'scale': 1, 'min': -5, 'max': 5, 'pad_value': 0})
 - ('part_dphi', {'length': 128, 'pad_mode': 'wrap', 'center': None, 'scale': 1, 'min': -5, 'max': 5, 'pad_value': 0})
 - ('part_pt_log', {'length': 128, 'pad_mode': 'wrap', 'center': 1.7, 'scale': 0.7, 'min': -5, 'max': 5, 'pad_value': 0})
 - ('part_e_log', {'length': 128, 'pad_mode': 'wrap', 'center': 2.0, 'scale': 0.7, 'min': -5, 'max': 5, 'pad_value': 0})
 - ('part_logptrel', {'length': 128, 'pad_mode': 'wrap', 'center': -4.7, 'scale': 0.7, 'min': -5, 'max': 5, 'pad_value': 0})
 - ('part_logerel', {'length': 128, 'pad_mode': 'wrap', 'center': -4.7, 'scale': 0.7, 'min': -5, 'max': 5, 'pad_value': 0})
 - ('part_deltaR', {'length': 128, 'pad_mode': 'wrap', 'center': 0.2, 'scale': 4.0, 'min': -5, 'max': 5, 'pad_value': 0})
 - ('part_charge', {'length': 128, 'pad_mode': 'wrap', 'center': None, 'scale': 1, 'min': -5, 'max': 5, 'pad_value': 0})
 - ('part_isChargedHadron', {'length': 128, 'pad_mode': 'wrap', 'center': None, 'scale': 1, 'min': -5, 'max': 5, 'pad_value': 0})
 - ('part_isNeutralHadron', {'length': 128, 'pad_mode': 'wrap', 'center': None, 'scale': 1, 'min': -5, 'max': 5, 'pad_value': 0})
 - ('part_isPhoton', {'length': 128, 'pad_mode': 'wrap', 'center': None, 'scale': 1, 'min': -5, 'max': 5, 'pad_value': 0})
 - ('part_isElectron', {'length': 128, 'pad_mode': 'wrap', 'center': None, 'scale': 1, 'min': -5, 'max': 5, 'pad_value': 0})
 - ('part_isMuon', {'length': 128, 'pad_mode': 'wrap', 'center': None, 'scale': 1, 'min': -5, 'max': 5, 'pad_value': 0})
 - ('part_px', {'length': 128, 'pad_mode': 'wrap', 'center': None, 'scale': 1, 'min': -5, 'max': 5, 'pad_value': 0})
 - ('part_py', {'length': 128, 'pad_mode': 'wrap', 'center': None, 'scale': 1, 'min': -5, 'max': 5, 'pad_value': 0})
 - ('part_pz', {'length': 128, 'pad_mode': 'wrap', 'center': None, 'scale': 1, 'min': -5, 'max': 5, 'pad_value': 0})
 - ('part_energy', {'length': 128, 'pad_mode': 'wrap', 'center': None, 'scale': 1, 'min': -5, 'max': 5, 'pad_value': 0})
 - ('part_mask', {'length': 128, 'pad_mode': 'constant', 'center': None, 'scale': 1, 'min': -5, 'max': 5, 'pad_value': 0})[0m
[2026-06-17 20:32:37,741] INFO: [0;37mlabel_names: ('_label_',)[0m
[2026-06-17 20:32:37,741] INFO: [0;37mobserver_names: ('jet_pt', 'jet_eta', 'jet_phi', 'jet_energy', 'jet_nparticles', 'jet_sdmass', 'jet_tau1', 'jet_tau2', 'jet_tau3', 'jet_tau4')[0m
[2026-06-17 20:32:37,741] INFO: [0;37mmonitor_variables: ()[0m
[2026-06-17 20:32:37,751] INFO: [0;37mpreprocess config: {'method': 'manual', 'data_fraction': 0.5, 'params': None}[0m
[2026-06-17 20:32:37,751] INFO: [0;37mselection: None[0m
[2026-06-17 20:32:37,751] INFO: [0;37mtest_time_selection: None[0m
[2026-06-17 20:32:37,751] INFO: [0;37mvar_funcs:
 - ('part_mask', 'ak.ones_like(part_energy)')
 - ('part_pt', 'np.hypot(part_px, part_py)')
 - ('part_pt_log', 'np.log(part_pt)')
 - ('part_e_log', 'np.log(part_energy)')
 - ('part_logptrel', 'np.log(part_pt/jet_pt)')
 - ('part_logerel', 'np.log(part_energy/jet_energy)')
 - ('part_deltaR', 'np.hypot(part_deta, part_dphi)')
 - ('_label_', 'np.argmax(np.stack([ak.to_numpy(label_QCD),ak.to_numpy(label_Hbb),ak.to_numpy(label_Hcc),ak.to_numpy(label_Hgg),ak.to_numpy(label_H4q),ak.to_numpy(label_Hqql),ak.to_numpy(label_Zqq),ak.to_numpy(label_Wqq),ak.to_numpy(label_Tbqq),ak.to_numpy(label_Tbl)], axis=1), axis=1)')
 - ('_labelcheck_', 'np.sum(np.stack([ak.to_numpy(label_QCD),ak.to_numpy(label_Hbb),ak.to_numpy(label_Hcc),ak.to_numpy(label_Hgg),ak.to_numpy(label_H4q),ak.to_numpy(label_Hqql),ak.to_numpy(label_Zqq),ak.to_numpy(label_Wqq),ak.to_numpy(label_Tbqq),ak.to_numpy(label_Tbl)], axis=1), axis=1)')[0m
[2026-06-17 20:32:37,751] INFO: [0;37minput_names: ('pf_points', 'pf_features', 'pf_vectors', 'pf_mask')[0m
[2026-06-17 20:32:37,752] INFO: [0;37minput_dicts:
 - ('pf_points', ['part_deta', 'part_dphi'])
 - ('pf_features', ['part_pt_log', 'part_e_log', 'part_logptrel', 'part_logerel', 'part_deltaR', 'part_charge', 'part_isChargedHadron', 'part_isNeutralHadron', 'part_isPhoton', 'part_isElectron', 'part_isMuon', 'part_deta', 'part_dphi'])
 - ('pf_vectors', ['part_px', 'part_py', 'part_pz', 'part_energy'])
 - ('pf_mask', ['part_mask'])[0m
[2026-06-17 20:32:37,752] INFO: [0;37minput_shapes:
 - ('pf_points', (-1, 2, 128))
 - ('pf_features', (-1, 13, 128))
 - ('pf_vectors', (-1, 4, 128))
 - ('pf_mask', (-1, 1, 128))[0m
[2026-06-17 20:32:37,752] INFO: [0;37mpreprocess_params:
 - ('part_deta', {'length': 128, 'pad_mode': 'wrap', 'center': None, 'scale': 1, 'min': -5, 'max': 5, 'pad_value': 0})
 - ('part_dphi', {'length': 128, 'pad_mode': 'wrap', 'center': None, 'scale': 1, 'min': -5, 'max': 5, 'pad_value': 0})
 - ('part_pt_log', {'length': 128, 'pad_mode': 'wrap', 'center': 1.7, 'scale': 0.7, 'min': -5, 'max': 5, 'pad_value': 0})
 - ('part_e_log', {'length': 128, 'pad_mode': 'wrap', 'center': 2.0, 'scale': 0.7, 'min': -5, 'max': 5, 'pad_value': 0})
 - ('part_logptrel', {'length': 128, 'pad_mode': 'wrap', 'center': -4.7, 'scale': 0.7, 'min': -5, 'max': 5, 'pad_value': 0})
 - ('part_logerel', {'length': 128, 'pad_mode': 'wrap', 'center': -4.7, 'scale': 0.7, 'min': -5, 'max': 5, 'pad_value': 0})
 - ('part_deltaR', {'length': 128, 'pad_mode': 'wrap', 'center': 0.2, 'scale': 4.0, 'min': -5, 'max': 5, 'pad_value': 0})
 - ('part_charge', {'length': 128, 'pad_mode': 'wrap', 'center': None, 'scale': 1, 'min': -5, 'max': 5, 'pad_value': 0})
 - ('part_isChargedHadron', {'length': 128, 'pad_mode': 'wrap', 'center': None, 'scale': 1, 'min': -5, 'max': 5, 'pad_value': 0})
 - ('part_isNeutralHadron', {'length': 128, 'pad_mode': 'wrap', 'center': None, 'scale': 1, 'min': -5, 'max': 5, 'pad_value': 0})
 - ('part_isPhoton', {'length': 128, 'pad_mode': 'wrap', 'center': None, 'scale': 1, 'min': -5, 'max': 5, 'pad_value': 0})
 - ('part_isElectron', {'length': 128, 'pad_mode': 'wrap', 'center': None, 'scale': 1, 'min': -5, 'max': 5, 'pad_value': 0})
 - ('part_isMuon', {'length': 128, 'pad_mode': 'wrap', 'center': None, 'scale': 1, 'min': -5, 'max': 5, 'pad_value': 0})
 - ('part_px', {'length': 128, 'pad_mode': 'wrap', 'center': None, 'scale': 1, 'min': -5, 'max': 5, 'pad_value': 0})
 - ('part_py', {'length': 128, 'pad_mode': 'wrap', 'center': None, 'scale': 1, 'min': -5, 'max': 5, 'pad_value': 0})
 - ('part_pz', {'length': 128, 'pad_mode': 'wrap', 'center': None, 'scale': 1, 'min': -5, 'max': 5, 'pad_value': 0})
 - ('part_energy', {'length': 128, 'pad_mode': 'wrap', 'center': None, 'scale': 1, 'min': -5, 'max': 5, 'pad_value': 0})
 - ('part_mask', {'length': 128, 'pad_mode': 'constant', 'center': None, 'scale': 1, 'min': -5, 'max': 5, 'pad_value': 0})[0m
[2026-06-17 20:32:37,752] INFO: [0;37mlabel_names: ('_label_',)[0m
[2026-06-17 20:32:37,752] INFO: [0;37mobserver_names: ('jet_pt', 'jet_eta', 'jet_phi', 'jet_energy', 'jet_nparticles', 'jet_sdmass', 'jet_tau1', 'jet_tau2', 'jet_tau3', 'jet_tau4')[0m
[2026-06-17 20:32:37,752] INFO: [0;37mmonitor_variables: ()[0m
[2026-06-17 20:32:37,932] INFO: === Restarting DataIter test_ZToQQ_worker0, seed=2494740313 ===
[2026-06-17 20:32:37,933] INFO: Restarted DataIter test_ZToQQ_worker0, load_range=(0, 1), file_list:
{
  "ZToQQ": [
    "/home/maxwelhelp/\u0420\u0430\u0431\u043e\u0447\u0438\u0439 \u0441\u0442\u043e\u043b/jetclass_tiny_balanced/ZToQQ_000.root"
  ]
}
[2026-06-17 20:33:36,065] INFO: Processed 100000 entries in total (avg. speed 1718.6 entries/s)
[2026-06-17 20:33:36,065] INFO: Eval AvgLoss: 0.00000, AvgAcc: 0.55195
[2026-06-17 20:33:36,066] INFO: Evaluation class distribution: 
    [(np.int64(6), 100000)]
[2026-06-17 20:33:36,090] WARNING: Cannot compute metric roc_auc_score: Number of classes in y_true not equal to the number of columns in 'y_score'
[2026-06-17 20:33:36,758] INFO: Evaluation metrics: 
    - roc_auc_score: 
None
    - roc_auc_score_matrix: 
[[ 0. nan nan nan nan nan nan nan nan nan]
 [ 0.  0. nan nan nan nan nan nan nan nan]
 [ 0.  0.  0. nan nan nan nan nan nan nan]
 [ 0.  0.  0.  0. nan nan nan nan nan nan]
 [ 0.  0.  0.  0.  0. nan nan nan nan nan]
 [ 0.  0.  0.  0.  0.  0. nan nan nan nan]
 [ 0.  0.  0.  0.  0.  0.  0. nan nan nan]
 [ 0.  0.  0.  0.  0.  0.  0.  0. nan nan]
 [ 0.  0.  0.  0.  0.  0.  0.  0.  0. nan]
 [ 0.  0.  0.  0.  0.  0.  0.  0.  0.  0.]]
    - confusion_matrix: 
[[0.0000e+00 0.0000e+00 0.0000e+00 0.0000e+00 0.0000e+00 0.0000e+00
  0.0000e+00 0.0000e+00 0.0000e+00 0.0000e+00]
 [0.0000e+00 0.0000e+00 0.0000e+00 0.0000e+00 0.0000e+00 0.0000e+00
  0.0000e+00 0.0000e+00 0.0000e+00 0.0000e+00]
 [0.0000e+00 0.0000e+00 0.0000e+00 0.0000e+00 0.0000e+00 0.0000e+00
  0.0000e+00 0.0000e+00 0.0000e+00 0.0000e+00]
 [0.0000e+00 0.0000e+00 0.0000e+00 0.0000e+00 0.0000e+00 0.0000e+00
  0.0000e+00 0.0000e+00 0.0000e+00 0.0000e+00]
 [0.0000e+00 0.0000e+00 0.0000e+00 0.0000e+00 0.0000e+00 0.0000e+00
  0.0000e+00 0.0000e+00 0.0000e+00 0.0000e+00]
 [0.0000e+00 0.0000e+00 0.0000e+00 0.0000e+00 0.0000e+00 0.0000e+00
  0.0000e+00 0.0000e+00 0.0000e+00 0.0000e+00]
 [3.6769e-01 7.1400e-03 5.2540e-02 1.0300e-03 5.3700e-03 2.6000e-04
  5.5195e-01 9.2200e-03 4.6000e-04 4.3400e-03]
 [0.0000e+00 0.0000e+00 0.0000e+00 0.0000e+00 0.0000e+00 0.0000e+00
  0.0000e+00 0.0000e+00 0.0000e+00 0.0000e+00]
 [0.0000e+00 0.0000e+00 0.0000e+00 0.0000e+00 0.0000e+00 0.0000e+00
  0.0000e+00 0.0000e+00 0.0000e+00 0.0000e+00]
 [0.0000e+00 0.0000e+00 0.0000e+00 0.0000e+00 0.0000e+00 0.0000e+00
  0.0000e+00 0.0000e+00 0.0000e+00 0.0000e+00]]
[2026-06-17 20:33:38,490] INFO: [1mTest metric 0.55195[0m
[2026-06-17 20:33:38,539] INFO: [1mWritten output to reports/latest/part_weaver_predict_grouped_v1_ZToQQ.root[0m
[2026-06-17 20:33:38,539] INFO: Running on test file group ZJetsToNuNu with 1 files:
.../home/maxwelhelp/Рабочий стол/jetclass_tiny_balanced/ZJetsToNuNu_000.root
[2026-06-17 20:33:38,550] INFO: [0;37mpreprocess config: {'method': 'manual', 'data_fraction': 0.5, 'params': None}[0m
[2026-06-17 20:33:38,550] INFO: [0;37mselection: None[0m
[2026-06-17 20:33:38,550] INFO: [0;37mtest_time_selection: None[0m
[2026-06-17 20:33:38,550] INFO: [0;37mvar_funcs:
 - ('part_mask', 'ak.ones_like(part_energy)')
 - ('part_pt', 'np.hypot(part_px, part_py)')
 - ('part_pt_log', 'np.log(part_pt)')
 - ('part_e_log', 'np.log(part_energy)')
 - ('part_logptrel', 'np.log(part_pt/jet_pt)')
 - ('part_logerel', 'np.log(part_energy/jet_energy)')
 - ('part_deltaR', 'np.hypot(part_deta, part_dphi)')
 - ('_label_', 'np.argmax(np.stack([ak.to_numpy(label_QCD),ak.to_numpy(label_Hbb),ak.to_numpy(label_Hcc),ak.to_numpy(label_Hgg),ak.to_numpy(label_H4q),ak.to_numpy(label_Hqql),ak.to_numpy(label_Zqq),ak.to_numpy(label_Wqq),ak.to_numpy(label_Tbqq),ak.to_numpy(label_Tbl)], axis=1), axis=1)')
 - ('_labelcheck_', 'np.sum(np.stack([ak.to_numpy(label_QCD),ak.to_numpy(label_Hbb),ak.to_numpy(label_Hcc),ak.to_numpy(label_Hgg),ak.to_numpy(label_H4q),ak.to_numpy(label_Hqql),ak.to_numpy(label_Zqq),ak.to_numpy(label_Wqq),ak.to_numpy(label_Tbqq),ak.to_numpy(label_Tbl)], axis=1), axis=1)')[0m
[2026-06-17 20:33:38,550] INFO: [0;37minput_names: ('pf_points', 'pf_features', 'pf_vectors', 'pf_mask')[0m
[2026-06-17 20:33:38,550] INFO: [0;37minput_dicts:
 - ('pf_points', ['part_deta', 'part_dphi'])
 - ('pf_features', ['part_pt_log', 'part_e_log', 'part_logptrel', 'part_logerel', 'part_deltaR', 'part_charge', 'part_isChargedHadron', 'part_isNeutralHadron', 'part_isPhoton', 'part_isElectron', 'part_isMuon', 'part_deta', 'part_dphi'])
 - ('pf_vectors', ['part_px', 'part_py', 'part_pz', 'part_energy'])
 - ('pf_mask', ['part_mask'])[0m
[2026-06-17 20:33:38,551] INFO: [0;37minput_shapes:
 - ('pf_points', (-1, 2, 128))
 - ('pf_features', (-1, 13, 128))
 - ('pf_vectors', (-1, 4, 128))
 - ('pf_mask', (-1, 1, 128))[0m
[2026-06-17 20:33:38,551] INFO: [0;37mpreprocess_params:
 - ('part_deta', {'length': 128, 'pad_mode': 'wrap', 'center': None, 'scale': 1, 'min': -5, 'max': 5, 'pad_value': 0})
 - ('part_dphi', {'length': 128, 'pad_mode': 'wrap', 'center': None, 'scale': 1, 'min': -5, 'max': 5, 'pad_value': 0})
 - ('part_pt_log', {'length': 128, 'pad_mode': 'wrap', 'center': 1.7, 'scale': 0.7, 'min': -5, 'max': 5, 'pad_value': 0})
 - ('part_e_log', {'length': 128, 'pad_mode': 'wrap', 'center': 2.0, 'scale': 0.7, 'min': -5, 'max': 5, 'pad_value': 0})
 - ('part_logptrel', {'length': 128, 'pad_mode': 'wrap', 'center': -4.7, 'scale': 0.7, 'min': -5, 'max': 5, 'pad_value': 0})
 - ('part_logerel', {'length': 128, 'pad_mode': 'wrap', 'center': -4.7, 'scale': 0.7, 'min': -5, 'max': 5, 'pad_value': 0})
 - ('part_deltaR', {'length': 128, 'pad_mode': 'wrap', 'center': 0.2, 'scale': 4.0, 'min': -5, 'max': 5, 'pad_value': 0})
 - ('part_charge', {'length': 128, 'pad_mode': 'wrap', 'center': None, 'scale': 1, 'min': -5, 'max': 5, 'pad_value': 0})
 - ('part_isChargedHadron', {'length': 128, 'pad_mode': 'wrap', 'center': None, 'scale': 1, 'min': -5, 'max': 5, 'pad_value': 0})
 - ('part_isNeutralHadron', {'length': 128, 'pad_mode': 'wrap', 'center': None, 'scale': 1, 'min': -5, 'max': 5, 'pad_value': 0})
 - ('part_isPhoton', {'length': 128, 'pad_mode': 'wrap', 'center': None, 'scale': 1, 'min': -5, 'max': 5, 'pad_value': 0})
 - ('part_isElectron', {'length': 128, 'pad_mode': 'wrap', 'center': None, 'scale': 1, 'min': -5, 'max': 5, 'pad_value': 0})
 - ('part_isMuon', {'length': 128, 'pad_mode': 'wrap', 'center': None, 'scale': 1, 'min': -5, 'max': 5, 'pad_value': 0})
 - ('part_px', {'length': 128, 'pad_mode': 'wrap', 'center': None, 'scale': 1, 'min': -5, 'max': 5, 'pad_value': 0})
 - ('part_py', {'length': 128, 'pad_mode': 'wrap', 'center': None, 'scale': 1, 'min': -5, 'max': 5, 'pad_value': 0})
 - ('part_pz', {'length': 128, 'pad_mode': 'wrap', 'center': None, 'scale': 1, 'min': -5, 'max': 5, 'pad_value': 0})
 - ('part_energy', {'length': 128, 'pad_mode': 'wrap', 'center': None, 'scale': 1, 'min': -5, 'max': 5, 'pad_value': 0})
 - ('part_mask', {'length': 128, 'pad_mode': 'constant', 'center': None, 'scale': 1, 'min': -5, 'max': 5, 'pad_value': 0})[0m
[2026-06-17 20:33:38,551] INFO: [0;37mlabel_names: ('_label_',)[0m
[2026-06-17 20:33:38,551] INFO: [0;37mobserver_names: ('jet_pt', 'jet_eta', 'jet_phi', 'jet_energy', 'jet_nparticles', 'jet_sdmass', 'jet_tau1', 'jet_tau2', 'jet_tau3', 'jet_tau4')[0m
[2026-06-17 20:33:38,551] INFO: [0;37mmonitor_variables: ()[0m
[2026-06-17 20:33:38,561] INFO: [0;37mpreprocess config: {'method': 'manual', 'data_fraction': 0.5, 'params': None}[0m
[2026-06-17 20:33:38,561] INFO: [0;37mselection: None[0m
[2026-06-17 20:33:38,561] INFO: [0;37mtest_time_selection: None[0m
[2026-06-17 20:33:38,561] INFO: [0;37mvar_funcs:
 - ('part_mask', 'ak.ones_like(part_energy)')
 - ('part_pt', 'np.hypot(part_px, part_py)')
 - ('part_pt_log', 'np.log(part_pt)')
 - ('part_e_log', 'np.log(part_energy)')
 - ('part_logptrel', 'np.log(part_pt/jet_pt)')
 - ('part_logerel', 'np.log(part_energy/jet_energy)')
 - ('part_deltaR', 'np.hypot(part_deta, part_dphi)')
 - ('_label_', 'np.argmax(np.stack([ak.to_numpy(label_QCD),ak.to_numpy(label_Hbb),ak.to_numpy(label_Hcc),ak.to_numpy(label_Hgg),ak.to_numpy(label_H4q),ak.to_numpy(label_Hqql),ak.to_numpy(label_Zqq),ak.to_numpy(label_Wqq),ak.to_numpy(label_Tbqq),ak.to_numpy(label_Tbl)], axis=1), axis=1)')
 - ('_labelcheck_', 'np.sum(np.stack([ak.to_numpy(label_QCD),ak.to_numpy(label_Hbb),ak.to_numpy(label_Hcc),ak.to_numpy(label_Hgg),ak.to_numpy(label_H4q),ak.to_numpy(label_Hqql),ak.to_numpy(label_Zqq),ak.to_numpy(label_Wqq),ak.to_numpy(label_Tbqq),ak.to_numpy(label_Tbl)], axis=1), axis=1)')[0m
[2026-06-17 20:33:38,561] INFO: [0;37minput_names: ('pf_points', 'pf_features', 'pf_vectors', 'pf_mask')[0m
[2026-06-17 20:33:38,561] INFO: [0;37minput_dicts:
 - ('pf_points', ['part_deta', 'part_dphi'])
 - ('pf_features', ['part_pt_log', 'part_e_log', 'part_logptrel', 'part_logerel', 'part_deltaR', 'part_charge', 'part_isChargedHadron', 'part_isNeutralHadron', 'part_isPhoton', 'part_isElectron', 'part_isMuon', 'part_deta', 'part_dphi'])
 - ('pf_vectors', ['part_px', 'part_py', 'part_pz', 'part_energy'])
 - ('pf_mask', ['part_mask'])[0m
[2026-06-17 20:33:38,561] INFO: [0;37minput_shapes:
 - ('pf_points', (-1, 2, 128))
 - ('pf_features', (-1, 13, 128))
 - ('pf_vectors', (-1, 4, 128))
 - ('pf_mask', (-1, 1, 128))[0m
[2026-06-17 20:33:38,562] INFO: [0;37mpreprocess_params:
 - ('part_deta', {'length': 128, 'pad_mode': 'wrap', 'center': None, 'scale': 1, 'min': -5, 'max': 5, 'pad_value': 0})
 - ('part_dphi', {'length': 128, 'pad_mode': 'wrap', 'center': None, 'scale': 1, 'min': -5, 'max': 5, 'pad_value': 0})
 - ('part_pt_log', {'length': 128, 'pad_mode': 'wrap', 'center': 1.7, 'scale': 0.7, 'min': -5, 'max': 5, 'pad_value': 0})
 - ('part_e_log', {'length': 128, 'pad_mode': 'wrap', 'center': 2.0, 'scale': 0.7, 'min': -5, 'max': 5, 'pad_value': 0})
 - ('part_logptrel', {'length': 128, 'pad_mode': 'wrap', 'center': -4.7, 'scale': 0.7, 'min': -5, 'max': 5, 'pad_value': 0})
 - ('part_logerel', {'length': 128, 'pad_mode': 'wrap', 'center': -4.7, 'scale': 0.7, 'min': -5, 'max': 5, 'pad_value': 0})
 - ('part_deltaR', {'length': 128, 'pad_mode': 'wrap', 'center': 0.2, 'scale': 4.0, 'min': -5, 'max': 5, 'pad_value': 0})
 - ('part_charge', {'length': 128, 'pad_mode': 'wrap', 'center': None, 'scale': 1, 'min': -5, 'max': 5, 'pad_value': 0})
 - ('part_isChargedHadron', {'length': 128, 'pad_mode': 'wrap', 'center': None, 'scale': 1, 'min': -5, 'max': 5, 'pad_value': 0})
 - ('part_isNeutralHadron', {'length': 128, 'pad_mode': 'wrap', 'center': None, 'scale': 1, 'min': -5, 'max': 5, 'pad_value': 0})
 - ('part_isPhoton', {'length': 128, 'pad_mode': 'wrap', 'center': None, 'scale': 1, 'min': -5, 'max': 5, 'pad_value': 0})
 - ('part_isElectron', {'length': 128, 'pad_mode': 'wrap', 'center': None, 'scale': 1, 'min': -5, 'max': 5, 'pad_value': 0})
 - ('part_isMuon', {'length': 128, 'pad_mode': 'wrap', 'center': None, 'scale': 1, 'min': -5, 'max': 5, 'pad_value': 0})
 - ('part_px', {'length': 128, 'pad_mode': 'wrap', 'center': None, 'scale': 1, 'min': -5, 'max': 5, 'pad_value': 0})
 - ('part_py', {'length': 128, 'pad_mode': 'wrap', 'center': None, 'scale': 1, 'min': -5, 'max': 5, 'pad_value': 0})
 - ('part_pz', {'length': 128, 'pad_mode': 'wrap', 'center': None, 'scale': 1, 'min': -5, 'max': 5, 'pad_value': 0})
 - ('part_energy', {'length': 128, 'pad_mode': 'wrap', 'center': None, 'scale': 1, 'min': -5, 'max': 5, 'pad_value': 0})
 - ('part_mask', {'length': 128, 'pad_mode': 'constant', 'center': None, 'scale': 1, 'min': -5, 'max': 5, 'pad_value': 0})[0m
[2026-06-17 20:33:38,562] INFO: [0;37mlabel_names: ('_label_',)[0m
[2026-06-17 20:33:38,562] INFO: [0;37mobserver_names: ('jet_pt', 'jet_eta', 'jet_phi', 'jet_energy', 'jet_nparticles', 'jet_sdmass', 'jet_tau1', 'jet_tau2', 'jet_tau3', 'jet_tau4')[0m
[2026-06-17 20:33:38,562] INFO: [0;37mmonitor_variables: ()[0m
[2026-06-17 20:33:38,739] INFO: === Restarting DataIter test_ZJetsToNuNu_worker0, seed=261244178 ===
[2026-06-17 20:33:38,740] INFO: Restarted DataIter test_ZJetsToNuNu_worker0, load_range=(0, 1), file_list:
{
  "ZJetsToNuNu": [
    "/home/maxwelhelp/\u0420\u0430\u0431\u043e\u0447\u0438\u0439 \u0441\u0442\u043e\u043b/jetclass_tiny_balanced/ZJetsToNuNu_000.root"
  ]
}
[2026-06-17 20:34:39,693] INFO: Processed 100000 entries in total (avg. speed 1639.1 entries/s)
[2026-06-17 20:34:39,694] INFO: Eval AvgLoss: 0.00000, AvgAcc: 0.37151
[2026-06-17 20:34:39,694] INFO: Evaluation class distribution: 
    [(np.int64(0), 100000)]
[2026-06-17 20:34:39,722] WARNING: Cannot compute metric roc_auc_score: Number of classes in y_true not equal to the number of columns in 'y_score'
[2026-06-17 20:34:40,413] INFO: Evaluation metrics: 
    - roc_auc_score: 
None
    - roc_auc_score_matrix: 
[[ 0. nan nan nan nan nan nan nan nan nan]
 [ 0.  0. nan nan nan nan nan nan nan nan]
 [ 0.  0.  0. nan nan nan nan nan nan nan]
 [ 0.  0.  0.  0. nan nan nan nan nan nan]
 [ 0.  0.  0.  0.  0. nan nan nan nan nan]
 [ 0.  0.  0.  0.  0.  0. nan nan nan nan]
 [ 0.  0.  0.  0.  0.  0.  0. nan nan nan]
 [ 0.  0.  0.  0.  0.  0.  0.  0. nan nan]
 [ 0.  0.  0.  0.  0.  0.  0.  0.  0. nan]
 [ 0.  0.  0.  0.  0.  0.  0.  0.  0.  0.]]
    - confusion_matrix: 
[[3.7151e-01 2.6100e-03 2.9470e-02 2.6700e-03 1.4570e-02 2.0000e-04
  5.6511e-01 8.1000e-03 4.5800e-03 1.1800e-03]
 [0.0000e+00 0.0000e+00 0.0000e+00 0.0000e+00 0.0000e+00 0.0000e+00
  0.0000e+00 0.0000e+00 0.0000e+00 0.0000e+00]
 [0.0000e+00 0.0000e+00 0.0000e+00 0.0000e+00 0.0000e+00 0.0000e+00
  0.0000e+00 0.0000e+00 0.0000e+00 0.0000e+00]
 [0.0000e+00 0.0000e+00 0.0000e+00 0.0000e+00 0.0000e+00 0.0000e+00
  0.0000e+00 0.0000e+00 0.0000e+00 0.0000e+00]
 [0.0000e+00 0.0000e+00 0.0000e+00 0.0000e+00 0.0000e+00 0.0000e+00
  0.0000e+00 0.0000e+00 0.0000e+00 0.0000e+00]
 [0.0000e+00 0.0000e+00 0.0000e+00 0.0000e+00 0.0000e+00 0.0000e+00
  0.0000e+00 0.0000e+00 0.0000e+00 0.0000e+00]
 [0.0000e+00 0.0000e+00 0.0000e+00 0.0000e+00 0.0000e+00 0.0000e+00
  0.0000e+00 0.0000e+00 0.0000e+00 0.0000e+00]
 [0.0000e+00 0.0000e+00 0.0000e+00 0.0000e+00 0.0000e+00 0.0000e+00
  0.0000e+00 0.0000e+00 0.0000e+00 0.0000e+00]
 [0.0000e+00 0.0000e+00 0.0000e+00 0.0000e+00 0.0000e+00 0.0000e+00
  0.0000e+00 0.0000e+00 0.0000e+00 0.0000e+00]
 [0.0000e+00 0.0000e+00 0.0000e+00 0.0000e+00 0.0000e+00 0.0000e+00
  0.0000e+00 0.0000e+00 0.0000e+00 0.0000e+00]]
[2026-06-17 20:34:42,112] INFO: [1mTest metric 0.37151[0m
[2026-06-17 20:34:42,161] INFO: [1mWritten output to reports/latest/part_weaver_predict_grouped_v1_ZJetsToNuNu.root[0m
[2026-06-17 21:51:20,536] INFO: args:
 - ('run_mode', ['test'])
 - ('regression_mode', False)
 - ('data_config', 'external/particle_transformer/data/JetClass/JetClass_kinpid.yaml')
 - ('data_config_val', 'external/particle_transformer/data/JetClass/JetClass_kinpid.yaml')
 - ('data_config_test', 'external/particle_transformer/data/JetClass/JetClass_kinpid.yaml')
 - ('extra_selection_train', None)
 - ('extra_selection_val', None)
 - ('extra_selection_test', None)
 - ('data_train', [])
 - ('data_val', [])
 - ('data_test', ['HToBB:/home/maxwelhelp/Рабочий стол/JetClassOfficial/test_20M/HToBB_100.root', 'HToBB:/home/maxwelhelp/Рабочий стол/JetClassOfficial/test_20M/HToBB_101.root', 'HToBB:/home/maxwelhelp/Рабочий стол/JetClassOfficial/test_20M/HToBB_102.root', 'HToBB:/home/maxwelhelp/Рабочий стол/JetClassOfficial/test_20M/HToBB_103.root', 'HToBB:/home/maxwelhelp/Рабочий стол/JetClassOfficial/test_20M/HToBB_104.root', 'HToBB:/home/maxwelhelp/Рабочий стол/JetClassOfficial/test_20M/HToBB_105.root', 'HToBB:/home/maxwelhelp/Рабочий стол/JetClassOfficial/test_20M/HToBB_106.root', 'HToBB:/home/maxwelhelp/Рабочий стол/JetClassOfficial/test_20M/HToBB_107.root', 'HToBB:/home/maxwelhelp/Рабочий стол/JetClassOfficial/test_20M/HToBB_108.root', 'HToBB:/home/maxwelhelp/Рабочий стол/JetClassOfficial/test_20M/HToBB_109.root', 'HToCC:/home/maxwelhelp/Рабочий стол/JetClassOfficial/test_20M/HToCC_100.root', 'HToCC:/home/maxwelhelp/Рабочий стол/JetClassOfficial/test_20M/HToCC_101.root', 'HToCC:/home/maxwelhelp/Рабочий стол/JetClassOfficial/test_20M/HToCC_102.root', 'HToCC:/home/maxwelhelp/Рабочий стол/JetClassOfficial/test_20M/HToCC_103.root', 'HToCC:/home/maxwelhelp/Рабочий стол/JetClassOfficial/test_20M/HToCC_104.root', 'HToCC:/home/maxwelhelp/Рабочий стол/JetClassOfficial/test_20M/HToCC_105.root', 'HToCC:/home/maxwelhelp/Рабочий стол/JetClassOfficial/test_20M/HToCC_106.root', 'HToCC:/home/maxwelhelp/Рабочий стол/JetClassOfficial/test_20M/HToCC_107.root', 'HToCC:/home/maxwelhelp/Рабочий стол/JetClassOfficial/test_20M/HToCC_108.root', 'HToCC:/home/maxwelhelp/Рабочий стол/JetClassOfficial/test_20M/HToCC_109.root', 'HToGG:/home/maxwelhelp/Рабочий стол/JetClassOfficial/test_20M/HToGG_100.root', 'HToGG:/home/maxwelhelp/Рабочий стол/JetClassOfficial/test_20M/HToGG_101.root', 'HToGG:/home/maxwelhelp/Рабочий стол/JetClassOfficial/test_20M/HToGG_102.root', 'HToGG:/home/maxwelhelp/Рабочий стол/JetClassOfficial/test_20M/HToGG_103.root', 'HToGG:/home/maxwelhelp/Рабочий стол/JetClassOfficial/test_20M/HToGG_104.root', 'HToGG:/home/maxwelhelp/Рабочий стол/JetClassOfficial/test_20M/HToGG_105.root', 'HToGG:/home/maxwelhelp/Рабочий стол/JetClassOfficial/test_20M/HToGG_106.root', 'HToGG:/home/maxwelhelp/Рабочий стол/JetClassOfficial/test_20M/HToGG_107.root', 'HToGG:/home/maxwelhelp/Рабочий стол/JetClassOfficial/test_20M/HToGG_108.root', 'HToGG:/home/maxwelhelp/Рабочий стол/JetClassOfficial/test_20M/HToGG_109.root', 'HToWW2Q1L:/home/maxwelhelp/Рабочий стол/JetClassOfficial/test_20M/HToWW2Q1L_100.root', 'HToWW2Q1L:/home/maxwelhelp/Рабочий стол/JetClassOfficial/test_20M/HToWW2Q1L_101.root', 'HToWW2Q1L:/home/maxwelhelp/Рабочий стол/JetClassOfficial/test_20M/HToWW2Q1L_102.root', 'HToWW2Q1L:/home/maxwelhelp/Рабочий стол/JetClassOfficial/test_20M/HToWW2Q1L_103.root', 'HToWW2Q1L:/home/maxwelhelp/Рабочий стол/JetClassOfficial/test_20M/HToWW2Q1L_104.root', 'HToWW2Q1L:/home/maxwelhelp/Рабочий стол/JetClassOfficial/test_20M/HToWW2Q1L_105.root', 'HToWW2Q1L:/home/maxwelhelp/Рабочий стол/JetClassOfficial/test_20M/HToWW2Q1L_106.root', 'HToWW2Q1L:/home/maxwelhelp/Рабочий стол/JetClassOfficial/test_20M/HToWW2Q1L_107.root', 'HToWW2Q1L:/home/maxwelhelp/Рабочий стол/JetClassOfficial/test_20M/HToWW2Q1L_108.root', 'HToWW2Q1L:/home/maxwelhelp/Рабочий стол/JetClassOfficial/test_20M/HToWW2Q1L_109.root', 'HToWW4Q:/home/maxwelhelp/Рабочий стол/JetClassOfficial/test_20M/HToWW4Q_100.root', 'HToWW4Q:/home/maxwelhelp/Рабочий стол/JetClassOfficial/test_20M/HToWW4Q_101.root', 'HToWW4Q:/home/maxwelhelp/Рабочий стол/JetClassOfficial/test_20M/HToWW4Q_102.root', 'HToWW4Q:/home/maxwelhelp/Рабочий стол/JetClassOfficial/test_20M/HToWW4Q_103.root', 'HToWW4Q:/home/maxwelhelp/Рабочий стол/JetClassOfficial/test_20M/HToWW4Q_104.root', 'HToWW4Q:/home/maxwelhelp/Рабочий стол/JetClassOfficial/test_20M/HToWW4Q_105.root', 'HToWW4Q:/home/maxwelhelp/Рабочий стол/JetClassOfficial/test_20M/HToWW4Q_106.root', 'HToWW4Q:/home/maxwelhelp/Рабочий стол/JetClassOfficial/test_20M/HToWW4Q_107.root', 'HToWW4Q:/home/maxwelhelp/Рабочий стол/JetClassOfficial/test_20M/HToWW4Q_108.root', 'HToWW4Q:/home/maxwelhelp/Рабочий стол/JetClassOfficial/test_20M/HToWW4Q_109.root', 'TTBarLep:/home/maxwelhelp/Рабочий стол/JetClassOfficial/test_20M/TTBarLep_100.root', 'TTBarLep:/home/maxwelhelp/Рабочий стол/JetClassOfficial/test_20M/TTBarLep_101.root', 'TTBarLep:/home/maxwelhelp/Рабочий стол/JetClassOfficial/test_20M/TTBarLep_102.root', 'TTBarLep:/home/maxwelhelp/Рабочий стол/JetClassOfficial/test_20M/TTBarLep_103.root', 'TTBarLep:/home/maxwelhelp/Рабочий стол/JetClassOfficial/test_20M/TTBarLep_104.root', 'TTBarLep:/home/maxwelhelp/Рабочий стол/JetClassOfficial/test_20M/TTBarLep_105.root', 'TTBarLep:/home/maxwelhelp/Рабочий стол/JetClassOfficial/test_20M/TTBarLep_106.root', 'TTBarLep:/home/maxwelhelp/Рабочий стол/JetClassOfficial/test_20M/TTBarLep_107.root', 'TTBarLep:/home/maxwelhelp/Рабочий стол/JetClassOfficial/test_20M/TTBarLep_108.root', 'TTBarLep:/home/maxwelhelp/Рабочий стол/JetClassOfficial/test_20M/TTBarLep_109.root', 'TTBar:/home/maxwelhelp/Рабочий стол/JetClassOfficial/test_20M/TTBar_100.root', 'TTBar:/home/maxwelhelp/Рабочий стол/JetClassOfficial/test_20M/TTBar_101.root', 'TTBar:/home/maxwelhelp/Рабочий стол/JetClassOfficial/test_20M/TTBar_102.root', 'TTBar:/home/maxwelhelp/Рабочий стол/JetClassOfficial/test_20M/TTBar_103.root', 'TTBar:/home/maxwelhelp/Рабочий стол/JetClassOfficial/test_20M/TTBar_104.root', 'TTBar:/home/maxwelhelp/Рабочий стол/JetClassOfficial/test_20M/TTBar_105.root', 'TTBar:/home/maxwelhelp/Рабочий стол/JetClassOfficial/test_20M/TTBar_106.root', 'TTBar:/home/maxwelhelp/Рабочий стол/JetClassOfficial/test_20M/TTBar_107.root', 'TTBar:/home/maxwelhelp/Рабочий стол/JetClassOfficial/test_20M/TTBar_108.root', 'TTBar:/home/maxwelhelp/Рабочий стол/JetClassOfficial/test_20M/TTBar_109.root', 'WToQQ:/home/maxwelhelp/Рабочий стол/JetClassOfficial/test_20M/WToQQ_100.root', 'WToQQ:/home/maxwelhelp/Рабочий стол/JetClassOfficial/test_20M/WToQQ_101.root', 'WToQQ:/home/maxwelhelp/Рабочий стол/JetClassOfficial/test_20M/WToQQ_102.root', 'WToQQ:/home/maxwelhelp/Рабочий стол/JetClassOfficial/test_20M/WToQQ_103.root', 'WToQQ:/home/maxwelhelp/Рабочий стол/JetClassOfficial/test_20M/WToQQ_104.root', 'WToQQ:/home/maxwelhelp/Рабочий стол/JetClassOfficial/test_20M/WToQQ_105.root', 'WToQQ:/home/maxwelhelp/Рабочий стол/JetClassOfficial/test_20M/WToQQ_106.root', 'WToQQ:/home/maxwelhelp/Рабочий стол/JetClassOfficial/test_20M/WToQQ_107.root', 'WToQQ:/home/maxwelhelp/Рабочий стол/JetClassOfficial/test_20M/WToQQ_108.root', 'WToQQ:/home/maxwelhelp/Рабочий стол/JetClassOfficial/test_20M/WToQQ_109.root', 'ZToQQ:/home/maxwelhelp/Рабочий стол/JetClassOfficial/test_20M/ZToQQ_100.root', 'ZToQQ:/home/maxwelhelp/Рабочий стол/JetClassOfficial/test_20M/ZToQQ_101.root', 'ZToQQ:/home/maxwelhelp/Рабочий стол/JetClassOfficial/test_20M/ZToQQ_102.root', 'ZToQQ:/home/maxwelhelp/Рабочий стол/JetClassOfficial/test_20M/ZToQQ_103.root', 'ZToQQ:/home/maxwelhelp/Рабочий стол/JetClassOfficial/test_20M/ZToQQ_104.root', 'ZToQQ:/home/maxwelhelp/Рабочий стол/JetClassOfficial/test_20M/ZToQQ_105.root', 'ZToQQ:/home/maxwelhelp/Рабочий стол/JetClassOfficial/test_20M/ZToQQ_106.root', 'ZToQQ:/home/maxwelhelp/Рабочий стол/JetClassOfficial/test_20M/ZToQQ_107.root', 'ZToQQ:/home/maxwelhelp/Рабочий стол/JetClassOfficial/test_20M/ZToQQ_108.root', 'ZToQQ:/home/maxwelhelp/Рабочий стол/JetClassOfficial/test_20M/ZToQQ_109.root', 'ZJetsToNuNu:/home/maxwelhelp/Рабочий стол/JetClassOfficial/test_20M/ZJetsToNuNu_100.root', 'ZJetsToNuNu:/home/maxwelhelp/Рабочий стол/JetClassOfficial/test_20M/ZJetsToNuNu_101.root', 'ZJetsToNuNu:/home/maxwelhelp/Рабочий стол/JetClassOfficial/test_20M/ZJetsToNuNu_102.root', 'ZJetsToNuNu:/home/maxwelhelp/Рабочий стол/JetClassOfficial/test_20M/ZJetsToNuNu_103.root', 'ZJetsToNuNu:/home/maxwelhelp/Рабочий стол/JetClassOfficial/test_20M/ZJetsToNuNu_104.root', 'ZJetsToNuNu:/home/maxwelhelp/Рабочий стол/JetClassOfficial/test_20M/ZJetsToNuNu_105.root', 'ZJetsToNuNu:/home/maxwelhelp/Рабочий стол/JetClassOfficial/test_20M/ZJetsToNuNu_106.root', 'ZJetsToNuNu:/home/maxwelhelp/Рабочий стол/JetClassOfficial/test_20M/ZJetsToNuNu_107.root', 'ZJetsToNuNu:/home/maxwelhelp/Рабочий стол/JetClassOfficial/test_20M/ZJetsToNuNu_108.root', 'ZJetsToNuNu:/home/maxwelhelp/Рабочий стол/JetClassOfficial/test_20M/ZJetsToNuNu_109.root'])
 - ('data_fraction', 1)
 - ('data_fraction_val', None)
 - ('file_fraction', 1)
 - ('fetch_by_files', False)
 - ('fetch_step', 1.0)
 - ('fetch_step_val', 1.0)
 - ('data_split_num', 1)
 - ('data_split_val', 1)
 - ('in_memory', False)
 - ('in_memory_val', False)
 - ('train_val_split', 0.8)
 - ('no_remake_weights', False)
 - ('demo', False)
 - ('lr_finder', None)
 - ('tensorboard', None)
 - ('tensorboard_custom_fn', None)
 - ('custom_functions', None)
 - ('network_config', 'external/particle_transformer/networks/example_ParticleTransformer.py')
 - ('network_option', [])
 - ('model_prefix', 'external/particle_transformer/models/ParT_kinpid.pt')
 - ('load_model_weights', None)
 - ('exclude_model_weights', None)
 - ('freeze_model_weights', None)
 - ('num_epochs', 20)
 - ('steps_per_epoch', None)
 - ('steps_per_epoch_val', None)
 - ('samples_per_epoch', None)
 - ('samples_per_epoch_val', None)
 - ('optimizer', 'ranger')
 - ('optimizer_option', [])
 - ('lr_scheduler', 'flat+decay')
 - ('warmup_steps', 0.25)
 - ('load_epoch', None)
 - ('start_lr', 0.005)
 - ('batch_size', 64)
 - ('batch_size_val', 64)
 - ('batch_size_test', 64)
 - ('use_amp', False)
 - ('amp_dtype', 'bf16')
 - ('compile', False)
 - ('compiler_option', [])
 - ('gpus', '0')
 - ('predict_gpus', '0')
 - ('num_workers', 1)
 - ('prefetch_factor', None)
 - ('predict', True)
 - ('predict_output', 'reports/latest/part_weaver_predict_grouped_v1.root')
 - ('export_onnx', None)
 - ('onnx_opset', 15)
 - ('io_test', False)
 - ('copy_inputs', False)
 - ('log', 'runs/part_weaver_predict_grouped_v1.log')
 - ('print', False)
 - ('profile', False)
 - ('backend', None)
 - ('cross_validation', None)
 - ('auto_clean', False)
 - ('local_rank', None)
[2026-06-17 21:51:20,537] WARNING: The `--predict` flag is set. Overriding the `--run-mode` to `test`.
[2026-06-17 21:51:20,558] INFO: [0;37mpreprocess config: {'method': 'manual', 'data_fraction': 0.5, 'params': None}[0m
[2026-06-17 21:51:20,559] INFO: [0;37mselection: None[0m
[2026-06-17 21:51:20,559] INFO: [0;37mtest_time_selection: None[0m
[2026-06-17 21:51:20,559] INFO: [0;37mvar_funcs:
 - ('part_mask', 'ak.ones_like(part_energy)')
 - ('part_pt', 'np.hypot(part_px, part_py)')
 - ('part_pt_log', 'np.log(part_pt)')
 - ('part_e_log', 'np.log(part_energy)')
 - ('part_logptrel', 'np.log(part_pt/jet_pt)')
 - ('part_logerel', 'np.log(part_energy/jet_energy)')
 - ('part_deltaR', 'np.hypot(part_deta, part_dphi)')
 - ('_label_', 'np.argmax(np.stack([ak.to_numpy(label_QCD),ak.to_numpy(label_Hbb),ak.to_numpy(label_Hcc),ak.to_numpy(label_Hgg),ak.to_numpy(label_H4q),ak.to_numpy(label_Hqql),ak.to_numpy(label_Zqq),ak.to_numpy(label_Wqq),ak.to_numpy(label_Tbqq),ak.to_numpy(label_Tbl)], axis=1), axis=1)')
 - ('_labelcheck_', 'np.sum(np.stack([ak.to_numpy(label_QCD),ak.to_numpy(label_Hbb),ak.to_numpy(label_Hcc),ak.to_numpy(label_Hgg),ak.to_numpy(label_H4q),ak.to_numpy(label_Hqql),ak.to_numpy(label_Zqq),ak.to_numpy(label_Wqq),ak.to_numpy(label_Tbqq),ak.to_numpy(label_Tbl)], axis=1), axis=1)')[0m
[2026-06-17 21:51:20,559] INFO: [0;37minput_names: ('pf_points', 'pf_features', 'pf_vectors', 'pf_mask')[0m
[2026-06-17 21:51:20,559] INFO: [0;37minput_dicts:
 - ('pf_points', ['part_deta', 'part_dphi'])
 - ('pf_features', ['part_pt_log', 'part_e_log', 'part_logptrel', 'part_logerel', 'part_deltaR', 'part_charge', 'part_isChargedHadron', 'part_isNeutralHadron', 'part_isPhoton', 'part_isElectron', 'part_isMuon', 'part_deta', 'part_dphi'])
 - ('pf_vectors', ['part_px', 'part_py', 'part_pz', 'part_energy'])
 - ('pf_mask', ['part_mask'])[0m
[2026-06-17 21:51:20,559] INFO: [0;37minput_shapes:
 - ('pf_points', (-1, 2, 128))
 - ('pf_features', (-1, 13, 128))
 - ('pf_vectors', (-1, 4, 128))
 - ('pf_mask', (-1, 1, 128))[0m
[2026-06-17 21:51:20,559] INFO: [0;37mpreprocess_params:
 - ('part_deta', {'length': 128, 'pad_mode': 'wrap', 'center': None, 'scale': 1, 'min': -5, 'max': 5, 'pad_value': 0})
 - ('part_dphi', {'length': 128, 'pad_mode': 'wrap', 'center': None, 'scale': 1, 'min': -5, 'max': 5, 'pad_value': 0})
 - ('part_pt_log', {'length': 128, 'pad_mode': 'wrap', 'center': 1.7, 'scale': 0.7, 'min': -5, 'max': 5, 'pad_value': 0})
 - ('part_e_log', {'length': 128, 'pad_mode': 'wrap', 'center': 2.0, 'scale': 0.7, 'min': -5, 'max': 5, 'pad_value': 0})
 - ('part_logptrel', {'length': 128, 'pad_mode': 'wrap', 'center': -4.7, 'scale': 0.7, 'min': -5, 'max': 5, 'pad_value': 0})
 - ('part_logerel', {'length': 128, 'pad_mode': 'wrap', 'center': -4.7, 'scale': 0.7, 'min': -5, 'max': 5, 'pad_value': 0})
 - ('part_deltaR', {'length': 128, 'pad_mode': 'wrap', 'center': 0.2, 'scale': 4.0, 'min': -5, 'max': 5, 'pad_value': 0})
 - ('part_charge', {'length': 128, 'pad_mode': 'wrap', 'center': None, 'scale': 1, 'min': -5, 'max': 5, 'pad_value': 0})
 - ('part_isChargedHadron', {'length': 128, 'pad_mode': 'wrap', 'center': None, 'scale': 1, 'min': -5, 'max': 5, 'pad_value': 0})
 - ('part_isNeutralHadron', {'length': 128, 'pad_mode': 'wrap', 'center': None, 'scale': 1, 'min': -5, 'max': 5, 'pad_value': 0})
 - ('part_isPhoton', {'length': 128, 'pad_mode': 'wrap', 'center': None, 'scale': 1, 'min': -5, 'max': 5, 'pad_value': 0})
 - ('part_isElectron', {'length': 128, 'pad_mode': 'wrap', 'center': None, 'scale': 1, 'min': -5, 'max': 5, 'pad_value': 0})
 - ('part_isMuon', {'length': 128, 'pad_mode': 'wrap', 'center': None, 'scale': 1, 'min': -5, 'max': 5, 'pad_value': 0})
 - ('part_px', {'length': 128, 'pad_mode': 'wrap', 'center': None, 'scale': 1, 'min': -5, 'max': 5, 'pad_value': 0})
 - ('part_py', {'length': 128, 'pad_mode': 'wrap', 'center': None, 'scale': 1, 'min': -5, 'max': 5, 'pad_value': 0})
 - ('part_pz', {'length': 128, 'pad_mode': 'wrap', 'center': None, 'scale': 1, 'min': -5, 'max': 5, 'pad_value': 0})
 - ('part_energy', {'length': 128, 'pad_mode': 'wrap', 'center': None, 'scale': 1, 'min': -5, 'max': 5, 'pad_value': 0})
 - ('part_mask', {'length': 128, 'pad_mode': 'constant', 'center': None, 'scale': 1, 'min': -5, 'max': 5, 'pad_value': 0})[0m
[2026-06-17 21:51:20,559] INFO: [0;37mlabel_names: ('_label_',)[0m
[2026-06-17 21:51:20,559] INFO: [0;37mobserver_names: ('jet_pt', 'jet_eta', 'jet_phi', 'jet_energy', 'jet_nparticles', 'jet_sdmass', 'jet_tau1', 'jet_tau2', 'jet_tau3', 'jet_tau4')[0m
[2026-06-17 21:51:20,559] INFO: [0;37mmonitor_variables: ()[0m
[2026-06-17 21:51:20,571] INFO: [0;37mpreprocess config: {'method': 'manual', 'data_fraction': 0.5, 'params': None}[0m
[2026-06-17 21:51:20,571] INFO: [0;37mselection: None[0m
[2026-06-17 21:51:20,571] INFO: [0;37mtest_time_selection: None[0m
[2026-06-17 21:51:20,571] INFO: [0;37mvar_funcs:
 - ('part_mask', 'ak.ones_like(part_energy)')
 - ('part_pt', 'np.hypot(part_px, part_py)')
 - ('part_pt_log', 'np.log(part_pt)')
 - ('part_e_log', 'np.log(part_energy)')
 - ('part_logptrel', 'np.log(part_pt/jet_pt)')
 - ('part_logerel', 'np.log(part_energy/jet_energy)')
 - ('part_deltaR', 'np.hypot(part_deta, part_dphi)')
 - ('_label_', 'np.argmax(np.stack([ak.to_numpy(label_QCD),ak.to_numpy(label_Hbb),ak.to_numpy(label_Hcc),ak.to_numpy(label_Hgg),ak.to_numpy(label_H4q),ak.to_numpy(label_Hqql),ak.to_numpy(label_Zqq),ak.to_numpy(label_Wqq),ak.to_numpy(label_Tbqq),ak.to_numpy(label_Tbl)], axis=1), axis=1)')
 - ('_labelcheck_', 'np.sum(np.stack([ak.to_numpy(label_QCD),ak.to_numpy(label_Hbb),ak.to_numpy(label_Hcc),ak.to_numpy(label_Hgg),ak.to_numpy(label_H4q),ak.to_numpy(label_Hqql),ak.to_numpy(label_Zqq),ak.to_numpy(label_Wqq),ak.to_numpy(label_Tbqq),ak.to_numpy(label_Tbl)], axis=1), axis=1)')[0m
[2026-06-17 21:51:20,571] INFO: [0;37minput_names: ('pf_points', 'pf_features', 'pf_vectors', 'pf_mask')[0m
[2026-06-17 21:51:20,571] INFO: [0;37minput_dicts:
 - ('pf_points', ['part_deta', 'part_dphi'])
 - ('pf_features', ['part_pt_log', 'part_e_log', 'part_logptrel', 'part_logerel', 'part_deltaR', 'part_charge', 'part_isChargedHadron', 'part_isNeutralHadron', 'part_isPhoton', 'part_isElectron', 'part_isMuon', 'part_deta', 'part_dphi'])
 - ('pf_vectors', ['part_px', 'part_py', 'part_pz', 'part_energy'])
 - ('pf_mask', ['part_mask'])[0m
[2026-06-17 21:51:20,571] INFO: [0;37minput_shapes:
 - ('pf_points', (-1, 2, 128))
 - ('pf_features', (-1, 13, 128))
 - ('pf_vectors', (-1, 4, 128))
 - ('pf_mask', (-1, 1, 128))[0m
[2026-06-17 21:51:20,571] INFO: [0;37mpreprocess_params:
 - ('part_deta', {'length': 128, 'pad_mode': 'wrap', 'center': None, 'scale': 1, 'min': -5, 'max': 5, 'pad_value': 0})
 - ('part_dphi', {'length': 128, 'pad_mode': 'wrap', 'center': None, 'scale': 1, 'min': -5, 'max': 5, 'pad_value': 0})
 - ('part_pt_log', {'length': 128, 'pad_mode': 'wrap', 'center': 1.7, 'scale': 0.7, 'min': -5, 'max': 5, 'pad_value': 0})
 - ('part_e_log', {'length': 128, 'pad_mode': 'wrap', 'center': 2.0, 'scale': 0.7, 'min': -5, 'max': 5, 'pad_value': 0})
 - ('part_logptrel', {'length': 128, 'pad_mode': 'wrap', 'center': -4.7, 'scale': 0.7, 'min': -5, 'max': 5, 'pad_value': 0})
 - ('part_logerel', {'length': 128, 'pad_mode': 'wrap', 'center': -4.7, 'scale': 0.7, 'min': -5, 'max': 5, 'pad_value': 0})
 - ('part_deltaR', {'length': 128, 'pad_mode': 'wrap', 'center': 0.2, 'scale': 4.0, 'min': -5, 'max': 5, 'pad_value': 0})
 - ('part_charge', {'length': 128, 'pad_mode': 'wrap', 'center': None, 'scale': 1, 'min': -5, 'max': 5, 'pad_value': 0})
 - ('part_isChargedHadron', {'length': 128, 'pad_mode': 'wrap', 'center': None, 'scale': 1, 'min': -5, 'max': 5, 'pad_value': 0})
 - ('part_isNeutralHadron', {'length': 128, 'pad_mode': 'wrap', 'center': None, 'scale': 1, 'min': -5, 'max': 5, 'pad_value': 0})
 - ('part_isPhoton', {'length': 128, 'pad_mode': 'wrap', 'center': None, 'scale': 1, 'min': -5, 'max': 5, 'pad_value': 0})
 - ('part_isElectron', {'length': 128, 'pad_mode': 'wrap', 'center': None, 'scale': 1, 'min': -5, 'max': 5, 'pad_value': 0})
 - ('part_isMuon', {'length': 128, 'pad_mode': 'wrap', 'center': None, 'scale': 1, 'min': -5, 'max': 5, 'pad_value': 0})
 - ('part_px', {'length': 128, 'pad_mode': 'wrap', 'center': None, 'scale': 1, 'min': -5, 'max': 5, 'pad_value': 0})
 - ('part_py', {'length': 128, 'pad_mode': 'wrap', 'center': None, 'scale': 1, 'min': -5, 'max': 5, 'pad_value': 0})
 - ('part_pz', {'length': 128, 'pad_mode': 'wrap', 'center': None, 'scale': 1, 'min': -5, 'max': 5, 'pad_value': 0})
 - ('part_energy', {'length': 128, 'pad_mode': 'wrap', 'center': None, 'scale': 1, 'min': -5, 'max': 5, 'pad_value': 0})
 - ('part_mask', {'length': 128, 'pad_mode': 'constant', 'center': None, 'scale': 1, 'min': -5, 'max': 5, 'pad_value': 0})[0m
[2026-06-17 21:51:20,572] INFO: [0;37mlabel_names: ('_label_',)[0m
[2026-06-17 21:51:20,572] INFO: [0;37mobserver_names: ('jet_pt', 'jet_eta', 'jet_phi', 'jet_energy', 'jet_nparticles', 'jet_sdmass', 'jet_tau1', 'jet_tau2', 'jet_tau3', 'jet_tau4')[0m
[2026-06-17 21:51:20,572] INFO: [0;37mmonitor_variables: ()[0m
[2026-06-17 21:51:20,574] INFO: Network options: {}
[2026-06-17 21:51:20,574] INFO: Model config: {'input_dim': 13, 'num_classes': 10, 'pair_input_dim': 4, 'use_pre_activation_pair': False, 'embed_dims': [128, 512, 128], 'pair_embed_dims': [64, 64, 64], 'num_heads': 8, 'num_layers': 8, 'num_cls_layers': 2, 'block_params': None, 'cls_block_params': {'dropout': 0, 'attn_dropout': 0, 'activation_dropout': 0}, 'fc_params': [], 'activation': 'gelu', 'trim': True, 'for_inference': False}
[2026-06-17 21:51:20,574] INFO: ParticleTransformer init-ed: {'self': ParticleTransformer(), 'input_dim': 13, 'num_classes': 10, 'pair_input_type': 'pp', 'pair_input_dim': 4, 'pair_extra_dim': 0, 'remove_self_pair': False, 'use_pre_activation_pair': False, 'use_conv_embed': False, 'embed_dims': [128, 512, 128], 'pair_embed_dims': [64, 64, 64], 'num_heads': 8, 'num_layers': 8, 'block_params': None, 'block_ids_with_attn_mask': None, 'include_global_token': False, 'num_cls_layers': 2, 'cls_block_params': {'dropout': 0, 'attn_dropout': 0, 'activation_dropout': 0}, 'fc_params': [], 'activation': 'gelu', 'version': 1, 'weight_init': 'moco', 'fix_init': True, 'trim': True, 'for_inference': False, 'for_segmentation': False, 'use_amp': False, 'compile_model': False, 'kwargs': {}, '__class__': <class 'weaver.nn.model.ParticleTransformer.ParticleTransformer'>}
[2026-06-17 21:51:20,574] INFO: cfg_block: {'embed_dim': 128, 'num_heads': 8, 'ffn_ratio': 4, 'dropout': 0.1, 'attn_dropout': 0.1, 'activation_dropout': 0.1, 'activation': 'gelu', 'use_rmsnorm': False, 'use_bias': True, 'use_qk_norm': False, 'headwise_attn_output_gate': False, 'elementwise_attn_output_gate': False, 'layer_scale_init_values': None, 'drop_path_rate': 0.0, 'scale_attn_mask': False, 'scale_fc': True, 'scale_attn': True, 'scale_heads': True, 'scale_resids': True}
[2026-06-17 21:51:20,574] INFO: cfg_cls_block: {'embed_dim': 128, 'num_heads': 8, 'ffn_ratio': 4, 'dropout': 0, 'attn_dropout': 0, 'activation_dropout': 0, 'activation': 'gelu', 'use_rmsnorm': False, 'use_bias': True, 'use_qk_norm': False, 'headwise_attn_output_gate': False, 'elementwise_attn_output_gate': False, 'layer_scale_init_values': None, 'drop_path_rate': 0.0, 'scale_attn_mask': False, 'scale_fc': True, 'scale_attn': True, 'scale_heads': True, 'scale_resids': True}
[2026-06-17 21:51:20,575] INFO: block w/ attn_mask: [True, True, True, True, True, True, True, True]
[2026-06-17 21:51:22,958] INFO: [0;37mWarning: module Identity is treated as a zero-op.[0m
[2026-06-17 21:51:22,958] INFO: [0;37mWarning: module Embed is treated as a zero-op.[0m
[2026-06-17 21:51:22,958] INFO: [0;37mWarning: module PairEmbed is treated as a zero-op.[0m
[2026-06-17 21:51:22,958] INFO: [0;37mWarning: module Attention is treated as a zero-op.[0m
[2026-06-17 21:51:22,959] INFO: [0;37mWarning: module Dropout is treated as a zero-op.[0m
[2026-06-17 21:51:22,959] INFO: [0;37mWarning: module Block is treated as a zero-op.[0m
[2026-06-17 21:51:22,960] INFO: [0;37mWarning: module SequenceTrimmer is treated as a zero-op.[0m
[2026-06-17 21:51:22,961] INFO: [0;37mWarning: module ParticleTransformer is treated as a zero-op.[0m
[2026-06-17 21:51:22,961] INFO: [0;37mWarning: module ParticleTransformerWrapper is treated as a zero-op.[0m
[2026-06-17 21:51:23,427] INFO: [0;37mParticleTransformerWrapper(
  |2.141 M, 99.931% Params, 251.475 MMac, 92.587% MACs|
  (mod): ParticleTransformer(
    |2.141 M, 99.931% Params, 251.475 MMac, 92.587% MACs|
    (embed): Embed(
      |0.135 M, 6.292% Params, 17.274 MMac, 6.360% MACs|
      (input_bn): BatchNorm1d(13, eps=1e-05, momentum=0.1, affine=True, track_running_stats=True, |0.0 M, 0.001% Params, 3.328 KMac, 0.001% MACs|)
      (conv_embed): Identity(|0.0 M, 0.000% Params, 0.0 Mac, 0.000% MACs|)
      (embed): Sequential(
        |0.135 M, 6.291% Params, 17.27 MMac, 6.359% MACs|
        (0): LayerNorm((13,), eps=1e-05, elementwise_affine=True, |0.0 M, 0.001% Params, 1.664 KMac, 0.001% MACs|)
        (1): Linear(in_features=13, out_features=128, bias=True, |0.002 M, 0.084% Params, 229.376 KMac, 0.084% MACs|)
        (2): GELU(approximate='none', |0.0 M, 0.000% Params, 16.384 KMac, 0.006% MACs|)
        (3): LayerNorm((128,), eps=1e-05, elementwise_affine=True, |0.0 M, 0.012% Params, 16.384 KMac, 0.006% MACs|)
        (4): Linear(in_features=128, out_features=512, bias=True, |0.066 M, 3.082% Params, 8.454 MMac, 3.113% MACs|)
        (5): GELU(approximate='none', |0.0 M, 0.000% Params, 65.536 KMac, 0.024% MACs|)
        (6): LayerNorm((512,), eps=1e-05, elementwise_affine=True, |0.001 M, 0.048% Params, 65.536 KMac, 0.024% MACs|)
        (7): Linear(in_features=512, out_features=128, bias=True, |0.066 M, 3.064% Params, 8.405 MMac, 3.095% MACs|)
        (8): GELU(approximate='none', |0.0 M, 0.000% Params, 16.384 KMac, 0.006% MACs|)
      )
    )
    (pair_embed): PairEmbed(
      |0.01 M, 0.446% Params, 80.645 MMac, 29.691% MACs|
      (embed): Sequential(
        |0.01 M, 0.446% Params, 80.645 MMac, 29.691% MACs|
        (0): BatchNorm1d(4, eps=1e-05, momentum=0.1, affine=True, track_running_stats=True, |0.0 M, 0.000% Params, 66.048 KMac, 0.024% MACs|)
        (1): Conv1d(4, 64, kernel_size=(1,), stride=(1,), |0.0 M, 0.015% Params, 2.642 MMac, 0.973% MACs|)
        (2): BatchNorm1d(64, eps=1e-05, momentum=0.1, affine=True, track_running_stats=True, |0.0 M, 0.006% Params, 1.057 MMac, 0.389% MACs|)
        (3): GELU(approximate='none', |0.0 M, 0.000% Params, 528.384 KMac, 0.195% MACs|)
        (4): Conv1d(64, 64, kernel_size=(1,), stride=(1,), |0.004 M, 0.194% Params, 34.345 MMac, 12.645% MACs|)
        (5): BatchNorm1d(64, eps=1e-05, momentum=0.1, affine=True, track_running_stats=True, |0.0 M, 0.006% Params, 1.057 MMac, 0.389% MACs|)
        (6): GELU(approximate='none', |0.0 M, 0.000% Params, 528.384 KMac, 0.195% MACs|)
        (7): Conv1d(64, 64, kernel_size=(1,), stride=(1,), |0.004 M, 0.194% Params, 34.345 MMac, 12.645% MACs|)
        (8): BatchNorm1d(64, eps=1e-05, momentum=0.1, affine=True, track_running_stats=True, |0.0 M, 0.006% Params, 1.057 MMac, 0.389% MACs|)
        (9): GELU(approximate='none', |0.0 M, 0.000% Params, 528.384 KMac, 0.195% MACs|)
        (10): Conv1d(64, 8, kernel_size=(1,), stride=(1,), |0.001 M, 0.024% Params, 4.293 MMac, 1.581% MACs|)
        (11): BatchNorm1d(8, eps=1e-05, momentum=0.1, affine=True, track_running_stats=True, |0.0 M, 0.001% Params, 132.096 KMac, 0.049% MACs|)
        (12): GELU(approximate='none', |0.0 M, 0.000% Params, 66.048 KMac, 0.024% MACs|)
      )
    )
    (blocks): ModuleList(
      (0-7): 8 x Block(
        |0.2 M, 9.312% Params, 19.153 MMac, 7.052% MACs|
        (pre_attn_norm): LayerNorm((128,), eps=1e-05, elementwise_affine=True, |0.0 M, 0.012% Params, 16.384 KMac, 0.006% MACs|)
        (attn): Attention(
          |0.066 M, 3.082% Params, 2.114 MMac, 0.778% MACs|
          (in_proj): Linear(in_features=128, out_features=384, bias=True, |0.05 M, 2.312% Params, 0.0 Mac, 0.000% MACs|)
          (out_proj): Linear(in_features=128, out_features=128, bias=True, |0.017 M, 0.771% Params, 2.114 MMac, 0.778% MACs|)
          (q_norm): Identity(|0.0 M, 0.000% Params, 0.0 Mac, 0.000% MACs|)
          (k_norm): Identity(|0.0 M, 0.000% Params, 0.0 Mac, 0.000% MACs|)
        )
        (post_attn_norm): LayerNorm((128,), eps=1e-05, elementwise_affine=True, |0.0 M, 0.012% Params, 16.384 KMac, 0.006% MACs|)
        (dropout): Dropout(p=0.1, inplace=False, |0.0 M, 0.000% Params, 0.0 Mac, 0.000% MACs|)
        (ls1): Identity(|0.0 M, 0.000% Params, 0.0 Mac, 0.000% MACs|)
        (drop_path1): Identity(|0.0 M, 0.000% Params, 0.0 Mac, 0.000% MACs|)
        (pre_fc_norm): LayerNorm((128,), eps=1e-05, elementwise_affine=True, |0.0 M, 0.012% Params, 16.384 KMac, 0.006% MACs|)
        (fc1): Linear(in_features=128, out_features=512, bias=True, |0.066 M, 3.082% Params, 8.454 MMac, 3.113% MACs|)
        (act): GELU(approximate='none', |0.0 M, 0.000% Params, 65.536 KMac, 0.024% MACs|)
        (act_dropout): Dropout(p=0.1, inplace=False, |0.0 M, 0.000% Params, 0.0 Mac, 0.000% MACs|)
        (post_fc_norm): LayerNorm((512,), eps=1e-05, elementwise_affine=True, |0.001 M, 0.048% Params, 65.536 KMac, 0.024% MACs|)
        (fc2): Linear(in_features=512, out_features=128, bias=True, |0.066 M, 3.064% Params, 8.405 MMac, 3.095% MACs|)
        (ls2): Identity(|0.0 M, 0.000% Params, 0.0 Mac, 0.000% MACs|)
        (drop_path2): Identity(|0.0 M, 0.000% Params, 0.0 Mac, 0.000% MACs|)
      )
    )
    (cls_blocks): ModuleList(
      (0-1): 2 x Block(
        |0.2 M, 9.312% Params, 166.016 KMac, 0.061% MACs|
        (pre_attn_norm): LayerNorm((128,), eps=1e-05, elementwise_affine=True, |0.0 M, 0.012% Params, 16.512 KMac, 0.006% MACs|)
        (attn): Attention(
          |0.066 M, 3.082% Params, 16.512 KMac, 0.006% MACs|
          (in_proj): Linear(in_features=128, out_features=384, bias=True, |0.05 M, 2.312% Params, 0.0 Mac, 0.000% MACs|)
          (out_proj): Linear(in_features=128, out_features=128, bias=True, |0.017 M, 0.771% Params, 16.512 KMac, 0.006% MACs|)
          (q_norm): Identity(|0.0 M, 0.000% Params, 0.0 Mac, 0.000% MACs|)
          (k_norm): Identity(|0.0 M, 0.000% Params, 0.0 Mac, 0.000% MACs|)
        )
        (post_attn_norm): LayerNorm((128,), eps=1e-05, elementwise_affine=True, |0.0 M, 0.012% Params, 128.0 Mac, 0.000% MACs|)
        (dropout): Dropout(p=0, inplace=False, |0.0 M, 0.000% Params, 0.0 Mac, 0.000% MACs|)
        (ls1): Identity(|0.0 M, 0.000% Params, 0.0 Mac, 0.000% MACs|)
        (drop_path1): Identity(|0.0 M, 0.000% Params, 0.0 Mac, 0.000% MACs|)
        (pre_fc_norm): LayerNorm((128,), eps=1e-05, elementwise_affine=True, |0.0 M, 0.012% Params, 128.0 Mac, 0.000% MACs|)
        (fc1): Linear(in_features=128, out_features=512, bias=True, |0.066 M, 3.082% Params, 66.048 KMac, 0.024% MACs|)
        (act): GELU(approximate='none', |0.0 M, 0.000% Params, 512.0 Mac, 0.000% MACs|)
        (act_dropout): Dropout(p=0, inplace=False, |0.0 M, 0.000% Params, 0.0 Mac, 0.000% MACs|)
        (post_fc_norm): LayerNorm((512,), eps=1e-05, elementwise_affine=True, |0.001 M, 0.048% Params, 512.0 Mac, 0.000% MACs|)
        (fc2): Linear(in_features=512, out_features=128, bias=True, |0.066 M, 3.064% Params, 65.664 KMac, 0.024% MACs|)
        (ls2): Identity(|0.0 M, 0.000% Params, 0.0 Mac, 0.000% MACs|)
        (drop_path2): Identity(|0.0 M, 0.000% Params, 0.0 Mac, 0.000% MACs|)
      )
    )
    (norm): LayerNorm((128,), eps=1e-05, elementwise_affine=True, |0.0 M, 0.012% Params, 128.0 Mac, 0.000% MACs|)
    (fc): Sequential(
      |0.001 M, 0.060% Params, 1.29 KMac, 0.000% MACs|
      (0): Linear(in_features=128, out_features=10, bias=True, |0.001 M, 0.060% Params, 1.29 KMac, 0.000% MACs|)
    )
    (trimmer): SequenceTrimmer(|0.0 M, 0.000% Params, 0.0 Mac, 0.000% MACs|)
  )
)[0m
[2026-06-17 21:51:23,432] INFO: Computational complexity:       271.61 MMac
[2026-06-17 21:51:23,432] INFO: Number of parameters:           2.14 M  
[2026-06-17 21:51:23,582] INFO: Total FLOPs:                    669.39 M
[2026-06-17 21:51:23,584] INFO: Using loss function CrossEntropyLoss() with options {}
[2026-06-17 21:51:23,584] INFO: Running in classification mode
[2026-06-17 21:51:23,698] INFO: Loading model external/particle_transformer/models/ParT_kinpid.pt for eval
[2026-06-17 21:51:23,717] INFO: Running on test file group HToBB with 10 files:
.../home/maxwelhelp/Рабочий стол/JetClassOfficial/test_20M/HToBB_100.root
.../home/maxwelhelp/Рабочий стол/JetClassOfficial/test_20M/HToBB_101.root
.../home/maxwelhelp/Рабочий стол/JetClassOfficial/test_20M/HToBB_102.root
.../home/maxwelhelp/Рабочий стол/JetClassOfficial/test_20M/HToBB_103.root
.../home/maxwelhelp/Рабочий стол/JetClassOfficial/test_20M/HToBB_104.root
.../home/maxwelhelp/Рабочий стол/JetClassOfficial/test_20M/HToBB_105.root
.../home/maxwelhelp/Рабочий стол/JetClassOfficial/test_20M/HToBB_106.root
.../home/maxwelhelp/Рабочий стол/JetClassOfficial/test_20M/HToBB_107.root
.../home/maxwelhelp/Рабочий стол/JetClassOfficial/test_20M/HToBB_108.root
.../home/maxwelhelp/Рабочий стол/JetClassOfficial/test_20M/HToBB_109.root
[2026-06-17 21:51:23,727] INFO: [0;37mpreprocess config: {'method': 'manual', 'data_fraction': 0.5, 'params': None}[0m
[2026-06-17 21:51:23,727] INFO: [0;37mselection: None[0m
[2026-06-17 21:51:23,727] INFO: [0;37mtest_time_selection: None[0m
[2026-06-17 21:51:23,727] INFO: [0;37mvar_funcs:
 - ('part_mask', 'ak.ones_like(part_energy)')
 - ('part_pt', 'np.hypot(part_px, part_py)')
 - ('part_pt_log', 'np.log(part_pt)')
 - ('part_e_log', 'np.log(part_energy)')
 - ('part_logptrel', 'np.log(part_pt/jet_pt)')
 - ('part_logerel', 'np.log(part_energy/jet_energy)')
 - ('part_deltaR', 'np.hypot(part_deta, part_dphi)')
 - ('_label_', 'np.argmax(np.stack([ak.to_numpy(label_QCD),ak.to_numpy(label_Hbb),ak.to_numpy(label_Hcc),ak.to_numpy(label_Hgg),ak.to_numpy(label_H4q),ak.to_numpy(label_Hqql),ak.to_numpy(label_Zqq),ak.to_numpy(label_Wqq),ak.to_numpy(label_Tbqq),ak.to_numpy(label_Tbl)], axis=1), axis=1)')
 - ('_labelcheck_', 'np.sum(np.stack([ak.to_numpy(label_QCD),ak.to_numpy(label_Hbb),ak.to_numpy(label_Hcc),ak.to_numpy(label_Hgg),ak.to_numpy(label_H4q),ak.to_numpy(label_Hqql),ak.to_numpy(label_Zqq),ak.to_numpy(label_Wqq),ak.to_numpy(label_Tbqq),ak.to_numpy(label_Tbl)], axis=1), axis=1)')[0m
[2026-06-17 21:51:23,727] INFO: [0;37minput_names: ('pf_points', 'pf_features', 'pf_vectors', 'pf_mask')[0m
[2026-06-17 21:51:23,727] INFO: [0;37minput_dicts:
 - ('pf_points', ['part_deta', 'part_dphi'])
 - ('pf_features', ['part_pt_log', 'part_e_log', 'part_logptrel', 'part_logerel', 'part_deltaR', 'part_charge', 'part_isChargedHadron', 'part_isNeutralHadron', 'part_isPhoton', 'part_isElectron', 'part_isMuon', 'part_deta', 'part_dphi'])
 - ('pf_vectors', ['part_px', 'part_py', 'part_pz', 'part_energy'])
 - ('pf_mask', ['part_mask'])[0m
[2026-06-17 21:51:23,728] INFO: [0;37minput_shapes:
 - ('pf_points', (-1, 2, 128))
 - ('pf_features', (-1, 13, 128))
 - ('pf_vectors', (-1, 4, 128))
 - ('pf_mask', (-1, 1, 128))[0m
[2026-06-17 21:51:23,728] INFO: [0;37mpreprocess_params:
 - ('part_deta', {'length': 128, 'pad_mode': 'wrap', 'center': None, 'scale': 1, 'min': -5, 'max': 5, 'pad_value': 0})
 - ('part_dphi', {'length': 128, 'pad_mode': 'wrap', 'center': None, 'scale': 1, 'min': -5, 'max': 5, 'pad_value': 0})
 - ('part_pt_log', {'length': 128, 'pad_mode': 'wrap', 'center': 1.7, 'scale': 0.7, 'min': -5, 'max': 5, 'pad_value': 0})
 - ('part_e_log', {'length': 128, 'pad_mode': 'wrap', 'center': 2.0, 'scale': 0.7, 'min': -5, 'max': 5, 'pad_value': 0})
 - ('part_logptrel', {'length': 128, 'pad_mode': 'wrap', 'center': -4.7, 'scale': 0.7, 'min': -5, 'max': 5, 'pad_value': 0})
 - ('part_logerel', {'length': 128, 'pad_mode': 'wrap', 'center': -4.7, 'scale': 0.7, 'min': -5, 'max': 5, 'pad_value': 0})
 - ('part_deltaR', {'length': 128, 'pad_mode': 'wrap', 'center': 0.2, 'scale': 4.0, 'min': -5, 'max': 5, 'pad_value': 0})
 - ('part_charge', {'length': 128, 'pad_mode': 'wrap', 'center': None, 'scale': 1, 'min': -5, 'max': 5, 'pad_value': 0})
 - ('part_isChargedHadron', {'length': 128, 'pad_mode': 'wrap', 'center': None, 'scale': 1, 'min': -5, 'max': 5, 'pad_value': 0})
 - ('part_isNeutralHadron', {'length': 128, 'pad_mode': 'wrap', 'center': None, 'scale': 1, 'min': -5, 'max': 5, 'pad_value': 0})
 - ('part_isPhoton', {'length': 128, 'pad_mode': 'wrap', 'center': None, 'scale': 1, 'min': -5, 'max': 5, 'pad_value': 0})
 - ('part_isElectron', {'length': 128, 'pad_mode': 'wrap', 'center': None, 'scale': 1, 'min': -5, 'max': 5, 'pad_value': 0})
 - ('part_isMuon', {'length': 128, 'pad_mode': 'wrap', 'center': None, 'scale': 1, 'min': -5, 'max': 5, 'pad_value': 0})
 - ('part_px', {'length': 128, 'pad_mode': 'wrap', 'center': None, 'scale': 1, 'min': -5, 'max': 5, 'pad_value': 0})
 - ('part_py', {'length': 128, 'pad_mode': 'wrap', 'center': None, 'scale': 1, 'min': -5, 'max': 5, 'pad_value': 0})
 - ('part_pz', {'length': 128, 'pad_mode': 'wrap', 'center': None, 'scale': 1, 'min': -5, 'max': 5, 'pad_value': 0})
 - ('part_energy', {'length': 128, 'pad_mode': 'wrap', 'center': None, 'scale': 1, 'min': -5, 'max': 5, 'pad_value': 0})
 - ('part_mask', {'length': 128, 'pad_mode': 'constant', 'center': None, 'scale': 1, 'min': -5, 'max': 5, 'pad_value': 0})[0m
[2026-06-17 21:51:23,728] INFO: [0;37mlabel_names: ('_label_',)[0m
[2026-06-17 21:51:23,728] INFO: [0;37mobserver_names: ('jet_pt', 'jet_eta', 'jet_phi', 'jet_energy', 'jet_nparticles', 'jet_sdmass', 'jet_tau1', 'jet_tau2', 'jet_tau3', 'jet_tau4')[0m
[2026-06-17 21:51:23,728] INFO: [0;37mmonitor_variables: ()[0m
[2026-06-17 21:51:23,738] INFO: [0;37mpreprocess config: {'method': 'manual', 'data_fraction': 0.5, 'params': None}[0m
[2026-06-17 21:51:23,739] INFO: [0;37mselection: None[0m
[2026-06-17 21:51:23,739] INFO: [0;37mtest_time_selection: None[0m
[2026-06-17 21:51:23,739] INFO: [0;37mvar_funcs:
 - ('part_mask', 'ak.ones_like(part_energy)')
 - ('part_pt', 'np.hypot(part_px, part_py)')
 - ('part_pt_log', 'np.log(part_pt)')
 - ('part_e_log', 'np.log(part_energy)')
 - ('part_logptrel', 'np.log(part_pt/jet_pt)')
 - ('part_logerel', 'np.log(part_energy/jet_energy)')
 - ('part_deltaR', 'np.hypot(part_deta, part_dphi)')
 - ('_label_', 'np.argmax(np.stack([ak.to_numpy(label_QCD),ak.to_numpy(label_Hbb),ak.to_numpy(label_Hcc),ak.to_numpy(label_Hgg),ak.to_numpy(label_H4q),ak.to_numpy(label_Hqql),ak.to_numpy(label_Zqq),ak.to_numpy(label_Wqq),ak.to_numpy(label_Tbqq),ak.to_numpy(label_Tbl)], axis=1), axis=1)')
 - ('_labelcheck_', 'np.sum(np.stack([ak.to_numpy(label_QCD),ak.to_numpy(label_Hbb),ak.to_numpy(label_Hcc),ak.to_numpy(label_Hgg),ak.to_numpy(label_H4q),ak.to_numpy(label_Hqql),ak.to_numpy(label_Zqq),ak.to_numpy(label_Wqq),ak.to_numpy(label_Tbqq),ak.to_numpy(label_Tbl)], axis=1), axis=1)')[0m
[2026-06-17 21:51:23,739] INFO: [0;37minput_names: ('pf_points', 'pf_features', 'pf_vectors', 'pf_mask')[0m
[2026-06-17 21:51:23,739] INFO: [0;37minput_dicts:
 - ('pf_points', ['part_deta', 'part_dphi'])
 - ('pf_features', ['part_pt_log', 'part_e_log', 'part_logptrel', 'part_logerel', 'part_deltaR', 'part_charge', 'part_isChargedHadron', 'part_isNeutralHadron', 'part_isPhoton', 'part_isElectron', 'part_isMuon', 'part_deta', 'part_dphi'])
 - ('pf_vectors', ['part_px', 'part_py', 'part_pz', 'part_energy'])
 - ('pf_mask', ['part_mask'])[0m
[2026-06-17 21:51:23,739] INFO: [0;37minput_shapes:
 - ('pf_points', (-1, 2, 128))
 - ('pf_features', (-1, 13, 128))
 - ('pf_vectors', (-1, 4, 128))
 - ('pf_mask', (-1, 1, 128))[0m
[2026-06-17 21:51:23,739] INFO: [0;37mpreprocess_params:
 - ('part_deta', {'length': 128, 'pad_mode': 'wrap', 'center': None, 'scale': 1, 'min': -5, 'max': 5, 'pad_value': 0})
 - ('part_dphi', {'length': 128, 'pad_mode': 'wrap', 'center': None, 'scale': 1, 'min': -5, 'max': 5, 'pad_value': 0})
 - ('part_pt_log', {'length': 128, 'pad_mode': 'wrap', 'center': 1.7, 'scale': 0.7, 'min': -5, 'max': 5, 'pad_value': 0})
 - ('part_e_log', {'length': 128, 'pad_mode': 'wrap', 'center': 2.0, 'scale': 0.7, 'min': -5, 'max': 5, 'pad_value': 0})
 - ('part_logptrel', {'length': 128, 'pad_mode': 'wrap', 'center': -4.7, 'scale': 0.7, 'min': -5, 'max': 5, 'pad_value': 0})
 - ('part_logerel', {'length': 128, 'pad_mode': 'wrap', 'center': -4.7, 'scale': 0.7, 'min': -5, 'max': 5, 'pad_value': 0})
 - ('part_deltaR', {'length': 128, 'pad_mode': 'wrap', 'center': 0.2, 'scale': 4.0, 'min': -5, 'max': 5, 'pad_value': 0})
 - ('part_charge', {'length': 128, 'pad_mode': 'wrap', 'center': None, 'scale': 1, 'min': -5, 'max': 5, 'pad_value': 0})
 - ('part_isChargedHadron', {'length': 128, 'pad_mode': 'wrap', 'center': None, 'scale': 1, 'min': -5, 'max': 5, 'pad_value': 0})
 - ('part_isNeutralHadron', {'length': 128, 'pad_mode': 'wrap', 'center': None, 'scale': 1, 'min': -5, 'max': 5, 'pad_value': 0})
 - ('part_isPhoton', {'length': 128, 'pad_mode': 'wrap', 'center': None, 'scale': 1, 'min': -5, 'max': 5, 'pad_value': 0})
 - ('part_isElectron', {'length': 128, 'pad_mode': 'wrap', 'center': None, 'scale': 1, 'min': -5, 'max': 5, 'pad_value': 0})
 - ('part_isMuon', {'length': 128, 'pad_mode': 'wrap', 'center': None, 'scale': 1, 'min': -5, 'max': 5, 'pad_value': 0})
 - ('part_px', {'length': 128, 'pad_mode': 'wrap', 'center': None, 'scale': 1, 'min': -5, 'max': 5, 'pad_value': 0})
 - ('part_py', {'length': 128, 'pad_mode': 'wrap', 'center': None, 'scale': 1, 'min': -5, 'max': 5, 'pad_value': 0})
 - ('part_pz', {'length': 128, 'pad_mode': 'wrap', 'center': None, 'scale': 1, 'min': -5, 'max': 5, 'pad_value': 0})
 - ('part_energy', {'length': 128, 'pad_mode': 'wrap', 'center': None, 'scale': 1, 'min': -5, 'max': 5, 'pad_value': 0})
 - ('part_mask', {'length': 128, 'pad_mode': 'constant', 'center': None, 'scale': 1, 'min': -5, 'max': 5, 'pad_value': 0})[0m
[2026-06-17 21:51:23,739] INFO: [0;37mlabel_names: ('_label_',)[0m
[2026-06-17 21:51:23,740] INFO: [0;37mobserver_names: ('jet_pt', 'jet_eta', 'jet_phi', 'jet_energy', 'jet_nparticles', 'jet_sdmass', 'jet_tau1', 'jet_tau2', 'jet_tau3', 'jet_tau4')[0m
[2026-06-17 21:51:23,740] INFO: [0;37mmonitor_variables: ()[0m
[2026-06-17 21:51:23,779] INFO: === Restarting DataIter test_HToBB_worker0, seed=3545948986 ===
[2026-06-17 21:51:23,780] INFO: Restarted DataIter test_HToBB_worker0, load_range=(0, 1), file_list:
{
  "HToBB": [
    "/home/maxwelhelp/\u0420\u0430\u0431\u043e\u0447\u0438\u0439 \u0441\u0442\u043e\u043b/JetClassOfficial/test_20M/HToBB_100.root",
    "/home/maxwelhelp/\u0420\u0430\u0431\u043e\u0447\u0438\u0439 \u0441\u0442\u043e\u043b/JetClassOfficial/test_20M/HToBB_101.root",
    "/home/maxwelhelp/\u0420\u0430\u0431\u043e\u0447\u0438\u0439 \u0441\u0442\u043e\u043b/JetClassOfficial/test_20M/HToBB_102.root",
    "/home/maxwelhelp/\u0420\u0430\u0431\u043e\u0447\u0438\u0439 \u0441\u0442\u043e\u043b/JetClassOfficial/test_20M/HToBB_103.root",
    "/home/maxwelhelp/\u0420\u0430\u0431\u043e\u0447\u0438\u0439 \u0441\u0442\u043e\u043b/JetClassOfficial/test_20M/HToBB_104.root",
    "/home/maxwelhelp/\u0420\u0430\u0431\u043e\u0447\u0438\u0439 \u0441\u0442\u043e\u043b/JetClassOfficial/test_20M/HToBB_105.root",
    "/home/maxwelhelp/\u0420\u0430\u0431\u043e\u0447\u0438\u0439 \u0441\u0442\u043e\u043b/JetClassOfficial/test_20M/HToBB_106.root",
    "/home/maxwelhelp/\u0420\u0430\u0431\u043e\u0447\u0438\u0439 \u0441\u0442\u043e\u043b/JetClassOfficial/test_20M/HToBB_107.root",
    "/home/maxwelhelp/\u0420\u0430\u0431\u043e\u0447\u0438\u0439 \u0441\u0442\u043e\u043b/JetClassOfficial/test_20M/HToBB_108.root",
    "/home/maxwelhelp/\u0420\u0430\u0431\u043e\u0447\u0438\u0439 \u0441\u0442\u043e\u043b/JetClassOfficial/test_20M/HToBB_109.root"
  ]
}
[2026-06-17 22:01:22,046] INFO: Processed 1000000 entries in total (avg. speed 1671.4 entries/s)
[2026-06-17 22:01:22,047] INFO: Eval AvgLoss: 0.00000, AvgAcc: 0.00303
[2026-06-17 22:01:22,047] INFO: Evaluation class distribution: 
    [(np.int64(1), 1000000)]
[2026-06-17 22:01:22,320] WARNING: Cannot compute metric roc_auc_score: Number of classes in y_true not equal to the number of columns in 'y_score'
[2026-06-17 22:01:29,361] INFO: Evaluation metrics: 
    - roc_auc_score: 
None
    - roc_auc_score_matrix: 
[[ 0. nan nan nan nan nan nan nan nan nan]
 [ 0.  0. nan nan nan nan nan nan nan nan]
 [ 0.  0.  0. nan nan nan nan nan nan nan]
 [ 0.  0.  0.  0. nan nan nan nan nan nan]
 [ 0.  0.  0.  0.  0. nan nan nan nan nan]
 [ 0.  0.  0.  0.  0.  0. nan nan nan nan]
 [ 0.  0.  0.  0.  0.  0.  0. nan nan nan]
 [ 0.  0.  0.  0.  0.  0.  0.  0. nan nan]
 [ 0.  0.  0.  0.  0.  0.  0.  0.  0. nan]
 [ 0.  0.  0.  0.  0.  0.  0.  0.  0.  0.]]
    - confusion_matrix: 
[[0.00000e+00 0.00000e+00 0.00000e+00 0.00000e+00 0.00000e+00 0.00000e+00
  0.00000e+00 0.00000e+00 0.00000e+00 0.00000e+00]
 [8.06778e-01 3.03500e-03 9.37900e-03 1.17800e-03 1.15620e-02 8.55000e-04
  1.34029e-01 2.77630e-02 2.05000e-04 5.21600e-03]
 [0.00000e+00 0.00000e+00 0.00000e+00 0.00000e+00 0.00000e+00 0.00000e+00
  0.00000e+00 0.00000e+00 0.00000e+00 0.00000e+00]
 [0.00000e+00 0.00000e+00 0.00000e+00 0.00000e+00 0.00000e+00 0.00000e+00
  0.00000e+00 0.00000e+00 0.00000e+00 0.00000e+00]
 [0.00000e+00 0.00000e+00 0.00000e+00 0.00000e+00 0.00000e+00 0.00000e+00
  0.00000e+00 0.00000e+00 0.00000e+00 0.00000e+00]
 [0.00000e+00 0.00000e+00 0.00000e+00 0.00000e+00 0.00000e+00 0.00000e+00
  0.00000e+00 0.00000e+00 0.00000e+00 0.00000e+00]
 [0.00000e+00 0.00000e+00 0.00000e+00 0.00000e+00 0.00000e+00 0.00000e+00
  0.00000e+00 0.00000e+00 0.00000e+00 0.00000e+00]
 [0.00000e+00 0.00000e+00 0.00000e+00 0.00000e+00 0.00000e+00 0.00000e+00
  0.00000e+00 0.00000e+00 0.00000e+00 0.00000e+00]
 [0.00000e+00 0.00000e+00 0.00000e+00 0.00000e+00 0.00000e+00 0.00000e+00
  0.00000e+00 0.00000e+00 0.00000e+00 0.00000e+00]
 [0.00000e+00 0.00000e+00 0.00000e+00 0.00000e+00 0.00000e+00 0.00000e+00
  0.00000e+00 0.00000e+00 0.00000e+00 0.00000e+00]]
[2026-06-17 22:01:47,393] INFO: [1mTest metric 0.00303[0m
[2026-06-17 22:01:47,753] INFO: [1mWritten output to reports/latest/part_weaver_predict_grouped_v1_HToBB.root[0m
[2026-06-17 22:01:47,754] INFO: Running on test file group HToCC with 10 files:
.../home/maxwelhelp/Рабочий стол/JetClassOfficial/test_20M/HToCC_100.root
.../home/maxwelhelp/Рабочий стол/JetClassOfficial/test_20M/HToCC_101.root
.../home/maxwelhelp/Рабочий стол/JetClassOfficial/test_20M/HToCC_102.root
.../home/maxwelhelp/Рабочий стол/JetClassOfficial/test_20M/HToCC_103.root
.../home/maxwelhelp/Рабочий стол/JetClassOfficial/test_20M/HToCC_104.root
.../home/maxwelhelp/Рабочий стол/JetClassOfficial/test_20M/HToCC_105.root
.../home/maxwelhelp/Рабочий стол/JetClassOfficial/test_20M/HToCC_106.root
.../home/maxwelhelp/Рабочий стол/JetClassOfficial/test_20M/HToCC_107.root
.../home/maxwelhelp/Рабочий стол/JetClassOfficial/test_20M/HToCC_108.root
.../home/maxwelhelp/Рабочий стол/JetClassOfficial/test_20M/HToCC_109.root
[2026-06-17 22:01:47,764] INFO: [0;37mpreprocess config: {'method': 'manual', 'data_fraction': 0.5, 'params': None}[0m
[2026-06-17 22:01:47,764] INFO: [0;37mselection: None[0m
[2026-06-17 22:01:47,764] INFO: [0;37mtest_time_selection: None[0m
[2026-06-17 22:01:47,764] INFO: [0;37mvar_funcs:
 - ('part_mask', 'ak.ones_like(part_energy)')
 - ('part_pt', 'np.hypot(part_px, part_py)')
 - ('part_pt_log', 'np.log(part_pt)')
 - ('part_e_log', 'np.log(part_energy)')
 - ('part_logptrel', 'np.log(part_pt/jet_pt)')
 - ('part_logerel', 'np.log(part_energy/jet_energy)')
 - ('part_deltaR', 'np.hypot(part_deta, part_dphi)')
 - ('_label_', 'np.argmax(np.stack([ak.to_numpy(label_QCD),ak.to_numpy(label_Hbb),ak.to_numpy(label_Hcc),ak.to_numpy(label_Hgg),ak.to_numpy(label_H4q),ak.to_numpy(label_Hqql),ak.to_numpy(label_Zqq),ak.to_numpy(label_Wqq),ak.to_numpy(label_Tbqq),ak.to_numpy(label_Tbl)], axis=1), axis=1)')
 - ('_labelcheck_', 'np.sum(np.stack([ak.to_numpy(label_QCD),ak.to_numpy(label_Hbb),ak.to_numpy(label_Hcc),ak.to_numpy(label_Hgg),ak.to_numpy(label_H4q),ak.to_numpy(label_Hqql),ak.to_numpy(label_Zqq),ak.to_numpy(label_Wqq),ak.to_numpy(label_Tbqq),ak.to_numpy(label_Tbl)], axis=1), axis=1)')[0m
[2026-06-17 22:01:47,764] INFO: [0;37minput_names: ('pf_points', 'pf_features', 'pf_vectors', 'pf_mask')[0m
[2026-06-17 22:01:47,764] INFO: [0;37minput_dicts:
 - ('pf_points', ['part_deta', 'part_dphi'])
 - ('pf_features', ['part_pt_log', 'part_e_log', 'part_logptrel', 'part_logerel', 'part_deltaR', 'part_charge', 'part_isChargedHadron', 'part_isNeutralHadron', 'part_isPhoton', 'part_isElectron', 'part_isMuon', 'part_deta', 'part_dphi'])
 - ('pf_vectors', ['part_px', 'part_py', 'part_pz', 'part_energy'])
 - ('pf_mask', ['part_mask'])[0m
[2026-06-17 22:01:47,764] INFO: [0;37minput_shapes:
 - ('pf_points', (-1, 2, 128))
 - ('pf_features', (-1, 13, 128))
 - ('pf_vectors', (-1, 4, 128))
 - ('pf_mask', (-1, 1, 128))[0m
[2026-06-17 22:01:47,765] INFO: [0;37mpreprocess_params:
 - ('part_deta', {'length': 128, 'pad_mode': 'wrap', 'center': None, 'scale': 1, 'min': -5, 'max': 5, 'pad_value': 0})
 - ('part_dphi', {'length': 128, 'pad_mode': 'wrap', 'center': None, 'scale': 1, 'min': -5, 'max': 5, 'pad_value': 0})
 - ('part_pt_log', {'length': 128, 'pad_mode': 'wrap', 'center': 1.7, 'scale': 0.7, 'min': -5, 'max': 5, 'pad_value': 0})
 - ('part_e_log', {'length': 128, 'pad_mode': 'wrap', 'center': 2.0, 'scale': 0.7, 'min': -5, 'max': 5, 'pad_value': 0})
 - ('part_logptrel', {'length': 128, 'pad_mode': 'wrap', 'center': -4.7, 'scale': 0.7, 'min': -5, 'max': 5, 'pad_value': 0})
 - ('part_logerel', {'length': 128, 'pad_mode': 'wrap', 'center': -4.7, 'scale': 0.7, 'min': -5, 'max': 5, 'pad_value': 0})
 - ('part_deltaR', {'length': 128, 'pad_mode': 'wrap', 'center': 0.2, 'scale': 4.0, 'min': -5, 'max': 5, 'pad_value': 0})
 - ('part_charge', {'length': 128, 'pad_mode': 'wrap', 'center': None, 'scale': 1, 'min': -5, 'max': 5, 'pad_value': 0})
 - ('part_isChargedHadron', {'length': 128, 'pad_mode': 'wrap', 'center': None, 'scale': 1, 'min': -5, 'max': 5, 'pad_value': 0})
 - ('part_isNeutralHadron', {'length': 128, 'pad_mode': 'wrap', 'center': None, 'scale': 1, 'min': -5, 'max': 5, 'pad_value': 0})
 - ('part_isPhoton', {'length': 128, 'pad_mode': 'wrap', 'center': None, 'scale': 1, 'min': -5, 'max': 5, 'pad_value': 0})
 - ('part_isElectron', {'length': 128, 'pad_mode': 'wrap', 'center': None, 'scale': 1, 'min': -5, 'max': 5, 'pad_value': 0})
 - ('part_isMuon', {'length': 128, 'pad_mode': 'wrap', 'center': None, 'scale': 1, 'min': -5, 'max': 5, 'pad_value': 0})
 - ('part_px', {'length': 128, 'pad_mode': 'wrap', 'center': None, 'scale': 1, 'min': -5, 'max': 5, 'pad_value': 0})
 - ('part_py', {'length': 128, 'pad_mode': 'wrap', 'center': None, 'scale': 1, 'min': -5, 'max': 5, 'pad_value': 0})
 - ('part_pz', {'length': 128, 'pad_mode': 'wrap', 'center': None, 'scale': 1, 'min': -5, 'max': 5, 'pad_value': 0})
 - ('part_energy', {'length': 128, 'pad_mode': 'wrap', 'center': None, 'scale': 1, 'min': -5, 'max': 5, 'pad_value': 0})
 - ('part_mask', {'length': 128, 'pad_mode': 'constant', 'center': None, 'scale': 1, 'min': -5, 'max': 5, 'pad_value': 0})[0m
[2026-06-17 22:01:47,765] INFO: [0;37mlabel_names: ('_label_',)[0m
[2026-06-17 22:01:47,765] INFO: [0;37mobserver_names: ('jet_pt', 'jet_eta', 'jet_phi', 'jet_energy', 'jet_nparticles', 'jet_sdmass', 'jet_tau1', 'jet_tau2', 'jet_tau3', 'jet_tau4')[0m
[2026-06-17 22:01:47,765] INFO: [0;37mmonitor_variables: ()[0m
[2026-06-17 22:01:47,774] INFO: [0;37mpreprocess config: {'method': 'manual', 'data_fraction': 0.5, 'params': None}[0m
[2026-06-17 22:01:47,775] INFO: [0;37mselection: None[0m
[2026-06-17 22:01:47,775] INFO: [0;37mtest_time_selection: None[0m
[2026-06-17 22:01:47,775] INFO: [0;37mvar_funcs:
 - ('part_mask', 'ak.ones_like(part_energy)')
 - ('part_pt', 'np.hypot(part_px, part_py)')
 - ('part_pt_log', 'np.log(part_pt)')
 - ('part_e_log', 'np.log(part_energy)')
 - ('part_logptrel', 'np.log(part_pt/jet_pt)')
 - ('part_logerel', 'np.log(part_energy/jet_energy)')
 - ('part_deltaR', 'np.hypot(part_deta, part_dphi)')
 - ('_label_', 'np.argmax(np.stack([ak.to_numpy(label_QCD),ak.to_numpy(label_Hbb),ak.to_numpy(label_Hcc),ak.to_numpy(label_Hgg),ak.to_numpy(label_H4q),ak.to_numpy(label_Hqql),ak.to_numpy(label_Zqq),ak.to_numpy(label_Wqq),ak.to_numpy(label_Tbqq),ak.to_numpy(label_Tbl)], axis=1), axis=1)')
 - ('_labelcheck_', 'np.sum(np.stack([ak.to_numpy(label_QCD),ak.to_numpy(label_Hbb),ak.to_numpy(label_Hcc),ak.to_numpy(label_Hgg),ak.to_numpy(label_H4q),ak.to_numpy(label_Hqql),ak.to_numpy(label_Zqq),ak.to_numpy(label_Wqq),ak.to_numpy(label_Tbqq),ak.to_numpy(label_Tbl)], axis=1), axis=1)')[0m
[2026-06-17 22:01:47,775] INFO: [0;37minput_names: ('pf_points', 'pf_features', 'pf_vectors', 'pf_mask')[0m
[2026-06-17 22:01:47,775] INFO: [0;37minput_dicts:
 - ('pf_points', ['part_deta', 'part_dphi'])
 - ('pf_features', ['part_pt_log', 'part_e_log', 'part_logptrel', 'part_logerel', 'part_deltaR', 'part_charge', 'part_isChargedHadron', 'part_isNeutralHadron', 'part_isPhoton', 'part_isElectron', 'part_isMuon', 'part_deta', 'part_dphi'])
 - ('pf_vectors', ['part_px', 'part_py', 'part_pz', 'part_energy'])
 - ('pf_mask', ['part_mask'])[0m
[2026-06-17 22:01:47,775] INFO: [0;37minput_shapes:
 - ('pf_points', (-1, 2, 128))
 - ('pf_features', (-1, 13, 128))
 - ('pf_vectors', (-1, 4, 128))
 - ('pf_mask', (-1, 1, 128))[0m
[2026-06-17 22:01:47,775] INFO: [0;37mpreprocess_params:
 - ('part_deta', {'length': 128, 'pad_mode': 'wrap', 'center': None, 'scale': 1, 'min': -5, 'max': 5, 'pad_value': 0})
 - ('part_dphi', {'length': 128, 'pad_mode': 'wrap', 'center': None, 'scale': 1, 'min': -5, 'max': 5, 'pad_value': 0})
 - ('part_pt_log', {'length': 128, 'pad_mode': 'wrap', 'center': 1.7, 'scale': 0.7, 'min': -5, 'max': 5, 'pad_value': 0})
 - ('part_e_log', {'length': 128, 'pad_mode': 'wrap', 'center': 2.0, 'scale': 0.7, 'min': -5, 'max': 5, 'pad_value': 0})
 - ('part_logptrel', {'length': 128, 'pad_mode': 'wrap', 'center': -4.7, 'scale': 0.7, 'min': -5, 'max': 5, 'pad_value': 0})
 - ('part_logerel', {'length': 128, 'pad_mode': 'wrap', 'center': -4.7, 'scale': 0.7, 'min': -5, 'max': 5, 'pad_value': 0})
 - ('part_deltaR', {'length': 128, 'pad_mode': 'wrap', 'center': 0.2, 'scale': 4.0, 'min': -5, 'max': 5, 'pad_value': 0})
 - ('part_charge', {'length': 128, 'pad_mode': 'wrap', 'center': None, 'scale': 1, 'min': -5, 'max': 5, 'pad_value': 0})
 - ('part_isChargedHadron', {'length': 128, 'pad_mode': 'wrap', 'center': None, 'scale': 1, 'min': -5, 'max': 5, 'pad_value': 0})
 - ('part_isNeutralHadron', {'length': 128, 'pad_mode': 'wrap', 'center': None, 'scale': 1, 'min': -5, 'max': 5, 'pad_value': 0})
 - ('part_isPhoton', {'length': 128, 'pad_mode': 'wrap', 'center': None, 'scale': 1, 'min': -5, 'max': 5, 'pad_value': 0})
 - ('part_isElectron', {'length': 128, 'pad_mode': 'wrap', 'center': None, 'scale': 1, 'min': -5, 'max': 5, 'pad_value': 0})
 - ('part_isMuon', {'length': 128, 'pad_mode': 'wrap', 'center': None, 'scale': 1, 'min': -5, 'max': 5, 'pad_value': 0})
 - ('part_px', {'length': 128, 'pad_mode': 'wrap', 'center': None, 'scale': 1, 'min': -5, 'max': 5, 'pad_value': 0})
 - ('part_py', {'length': 128, 'pad_mode': 'wrap', 'center': None, 'scale': 1, 'min': -5, 'max': 5, 'pad_value': 0})
 - ('part_pz', {'length': 128, 'pad_mode': 'wrap', 'center': None, 'scale': 1, 'min': -5, 'max': 5, 'pad_value': 0})
 - ('part_energy', {'length': 128, 'pad_mode': 'wrap', 'center': None, 'scale': 1, 'min': -5, 'max': 5, 'pad_value': 0})
 - ('part_mask', {'length': 128, 'pad_mode': 'constant', 'center': None, 'scale': 1, 'min': -5, 'max': 5, 'pad_value': 0})[0m
[2026-06-17 22:01:47,775] INFO: [0;37mlabel_names: ('_label_',)[0m
[2026-06-17 22:01:47,775] INFO: [0;37mobserver_names: ('jet_pt', 'jet_eta', 'jet_phi', 'jet_energy', 'jet_nparticles', 'jet_sdmass', 'jet_tau1', 'jet_tau2', 'jet_tau3', 'jet_tau4')[0m
[2026-06-17 22:01:47,776] INFO: [0;37mmonitor_variables: ()[0m
[2026-06-17 22:01:47,980] INFO: === Restarting DataIter test_HToCC_worker0, seed=3817098124 ===
[2026-06-17 22:01:47,981] INFO: Restarted DataIter test_HToCC_worker0, load_range=(0, 1), file_list:
{
  "HToCC": [
    "/home/maxwelhelp/\u0420\u0430\u0431\u043e\u0447\u0438\u0439 \u0441\u0442\u043e\u043b/JetClassOfficial/test_20M/HToCC_100.root",
    "/home/maxwelhelp/\u0420\u0430\u0431\u043e\u0447\u0438\u0439 \u0441\u0442\u043e\u043b/JetClassOfficial/test_20M/HToCC_101.root",
    "/home/maxwelhelp/\u0420\u0430\u0431\u043e\u0447\u0438\u0439 \u0441\u0442\u043e\u043b/JetClassOfficial/test_20M/HToCC_102.root",
    "/home/maxwelhelp/\u0420\u0430\u0431\u043e\u0447\u0438\u0439 \u0441\u0442\u043e\u043b/JetClassOfficial/test_20M/HToCC_103.root",
    "/home/maxwelhelp/\u0420\u0430\u0431\u043e\u0447\u0438\u0439 \u0441\u0442\u043e\u043b/JetClassOfficial/test_20M/HToCC_104.root",
    "/home/maxwelhelp/\u0420\u0430\u0431\u043e\u0447\u0438\u0439 \u0441\u0442\u043e\u043b/JetClassOfficial/test_20M/HToCC_105.root",
    "/home/maxwelhelp/\u0420\u0430\u0431\u043e\u0447\u0438\u0439 \u0441\u0442\u043e\u043b/JetClassOfficial/test_20M/HToCC_106.root",
    "/home/maxwelhelp/\u0420\u0430\u0431\u043e\u0447\u0438\u0439 \u0441\u0442\u043e\u043b/JetClassOfficial/test_20M/HToCC_107.root",
    "/home/maxwelhelp/\u0420\u0430\u0431\u043e\u0447\u0438\u0439 \u0441\u0442\u043e\u043b/JetClassOfficial/test_20M/HToCC_108.root",
    "/home/maxwelhelp/\u0420\u0430\u0431\u043e\u0447\u0438\u0439 \u0441\u0442\u043e\u043b/JetClassOfficial/test_20M/HToCC_109.root"
  ]
}
[2026-06-17 22:12:03,714] INFO: Processed 1000000 entries in total (avg. speed 1623.9 entries/s)
[2026-06-17 22:12:03,714] INFO: Eval AvgLoss: 0.00000, AvgAcc: 0.00868
[2026-06-17 22:12:03,714] INFO: Evaluation class distribution: 
    [(np.int64(2), 1000000)]
[2026-06-17 22:12:04,019] WARNING: Cannot compute metric roc_auc_score: Number of classes in y_true not equal to the number of columns in 'y_score'
[2026-06-17 22:12:10,930] INFO: Evaluation metrics: 
    - roc_auc_score: 
None
    - roc_auc_score_matrix: 
[[ 0. nan nan nan nan nan nan nan nan nan]
 [ 0.  0. nan nan nan nan nan nan nan nan]
 [ 0.  0.  0. nan nan nan nan nan nan nan]
 [ 0.  0.  0.  0. nan nan nan nan nan nan]
 [ 0.  0.  0.  0.  0. nan nan nan nan nan]
 [ 0.  0.  0.  0.  0.  0. nan nan nan nan]
 [ 0.  0.  0.  0.  0.  0.  0. nan nan nan]
 [ 0.  0.  0.  0.  0.  0.  0.  0. nan nan]
 [ 0.  0.  0.  0.  0.  0.  0.  0.  0. nan]
 [ 0.  0.  0.  0.  0.  0.  0.  0.  0.  0.]]
    - confusion_matrix: 
[[0.00000e+00 0.00000e+00 0.00000e+00 0.00000e+00 0.00000e+00 0.00000e+00
  0.00000e+00 0.00000e+00 0.00000e+00 0.00000e+00]
 [0.00000e+00 0.00000e+00 0.00000e+00 0.00000e+00 0.00000e+00 0.00000e+00
  0.00000e+00 0.00000e+00 0.00000e+00 0.00000e+00]
 [7.64839e-01 2.94400e-03 8.68400e-03 6.17000e-04 8.21800e-03 1.88000e-04
  1.76330e-01 3.67770e-02 1.25000e-04 1.27800e-03]
 [0.00000e+00 0.00000e+00 0.00000e+00 0.00000e+00 0.00000e+00 0.00000e+00
  0.00000e+00 0.00000e+00 0.00000e+00 0.00000e+00]
 [0.00000e+00 0.00000e+00 0.00000e+00 0.00000e+00 0.00000e+00 0.00000e+00
  0.00000e+00 0.00000e+00 0.00000e+00 0.00000e+00]
 [0.00000e+00 0.00000e+00 0.00000e+00 0.00000e+00 0.00000e+00 0.00000e+00
  0.00000e+00 0.00000e+00 0.00000e+00 0.00000e+00]
 [0.00000e+00 0.00000e+00 0.00000e+00 0.00000e+00 0.00000e+00 0.00000e+00
  0.00000e+00 0.00000e+00 0.00000e+00 0.00000e+00]
 [0.00000e+00 0.00000e+00 0.00000e+00 0.00000e+00 0.00000e+00 0.00000e+00
  0.00000e+00 0.00000e+00 0.00000e+00 0.00000e+00]
 [0.00000e+00 0.00000e+00 0.00000e+00 0.00000e+00 0.00000e+00 0.00000e+00
  0.00000e+00 0.00000e+00 0.00000e+00 0.00000e+00]
 [0.00000e+00 0.00000e+00 0.00000e+00 0.00000e+00 0.00000e+00 0.00000e+00
  0.00000e+00 0.00000e+00 0.00000e+00 0.00000e+00]]
[2026-06-17 22:12:28,468] INFO: [1mTest metric 0.00868[0m
[2026-06-17 22:12:28,750] INFO: [1mWritten output to reports/latest/part_weaver_predict_grouped_v1_HToCC.root[0m
[2026-06-17 22:12:28,750] INFO: Running on test file group HToGG with 10 files:
.../home/maxwelhelp/Рабочий стол/JetClassOfficial/test_20M/HToGG_100.root
.../home/maxwelhelp/Рабочий стол/JetClassOfficial/test_20M/HToGG_101.root
.../home/maxwelhelp/Рабочий стол/JetClassOfficial/test_20M/HToGG_102.root
.../home/maxwelhelp/Рабочий стол/JetClassOfficial/test_20M/HToGG_103.root
.../home/maxwelhelp/Рабочий стол/JetClassOfficial/test_20M/HToGG_104.root
.../home/maxwelhelp/Рабочий стол/JetClassOfficial/test_20M/HToGG_105.root
.../home/maxwelhelp/Рабочий стол/JetClassOfficial/test_20M/HToGG_106.root
.../home/maxwelhelp/Рабочий стол/JetClassOfficial/test_20M/HToGG_107.root
.../home/maxwelhelp/Рабочий стол/JetClassOfficial/test_20M/HToGG_108.root
.../home/maxwelhelp/Рабочий стол/JetClassOfficial/test_20M/HToGG_109.root
[2026-06-17 22:12:28,760] INFO: [0;37mpreprocess config: {'method': 'manual', 'data_fraction': 0.5, 'params': None}[0m
[2026-06-17 22:12:28,761] INFO: [0;37mselection: None[0m
[2026-06-17 22:12:28,761] INFO: [0;37mtest_time_selection: None[0m
[2026-06-17 22:12:28,761] INFO: [0;37mvar_funcs:
 - ('part_mask', 'ak.ones_like(part_energy)')
 - ('part_pt', 'np.hypot(part_px, part_py)')
 - ('part_pt_log', 'np.log(part_pt)')
 - ('part_e_log', 'np.log(part_energy)')
 - ('part_logptrel', 'np.log(part_pt/jet_pt)')
 - ('part_logerel', 'np.log(part_energy/jet_energy)')
 - ('part_deltaR', 'np.hypot(part_deta, part_dphi)')
 - ('_label_', 'np.argmax(np.stack([ak.to_numpy(label_QCD),ak.to_numpy(label_Hbb),ak.to_numpy(label_Hcc),ak.to_numpy(label_Hgg),ak.to_numpy(label_H4q),ak.to_numpy(label_Hqql),ak.to_numpy(label_Zqq),ak.to_numpy(label_Wqq),ak.to_numpy(label_Tbqq),ak.to_numpy(label_Tbl)], axis=1), axis=1)')
 - ('_labelcheck_', 'np.sum(np.stack([ak.to_numpy(label_QCD),ak.to_numpy(label_Hbb),ak.to_numpy(label_Hcc),ak.to_numpy(label_Hgg),ak.to_numpy(label_H4q),ak.to_numpy(label_Hqql),ak.to_numpy(label_Zqq),ak.to_numpy(label_Wqq),ak.to_numpy(label_Tbqq),ak.to_numpy(label_Tbl)], axis=1), axis=1)')[0m
[2026-06-17 22:12:28,761] INFO: [0;37minput_names: ('pf_points', 'pf_features', 'pf_vectors', 'pf_mask')[0m
[2026-06-17 22:12:28,761] INFO: [0;37minput_dicts:
 - ('pf_points', ['part_deta', 'part_dphi'])
 - ('pf_features', ['part_pt_log', 'part_e_log', 'part_logptrel', 'part_logerel', 'part_deltaR', 'part_charge', 'part_isChargedHadron', 'part_isNeutralHadron', 'part_isPhoton', 'part_isElectron', 'part_isMuon', 'part_deta', 'part_dphi'])
 - ('pf_vectors', ['part_px', 'part_py', 'part_pz', 'part_energy'])
 - ('pf_mask', ['part_mask'])[0m
[2026-06-17 22:12:28,761] INFO: [0;37minput_shapes:
 - ('pf_points', (-1, 2, 128))
 - ('pf_features', (-1, 13, 128))
 - ('pf_vectors', (-1, 4, 128))
 - ('pf_mask', (-1, 1, 128))[0m
[2026-06-17 22:12:28,761] INFO: [0;37mpreprocess_params:
 - ('part_deta', {'length': 128, 'pad_mode': 'wrap', 'center': None, 'scale': 1, 'min': -5, 'max': 5, 'pad_value': 0})
 - ('part_dphi', {'length': 128, 'pad_mode': 'wrap', 'center': None, 'scale': 1, 'min': -5, 'max': 5, 'pad_value': 0})
 - ('part_pt_log', {'length': 128, 'pad_mode': 'wrap', 'center': 1.7, 'scale': 0.7, 'min': -5, 'max': 5, 'pad_value': 0})
 - ('part_e_log', {'length': 128, 'pad_mode': 'wrap', 'center': 2.0, 'scale': 0.7, 'min': -5, 'max': 5, 'pad_value': 0})
 - ('part_logptrel', {'length': 128, 'pad_mode': 'wrap', 'center': -4.7, 'scale': 0.7, 'min': -5, 'max': 5, 'pad_value': 0})
 - ('part_logerel', {'length': 128, 'pad_mode': 'wrap', 'center': -4.7, 'scale': 0.7, 'min': -5, 'max': 5, 'pad_value': 0})
 - ('part_deltaR', {'length': 128, 'pad_mode': 'wrap', 'center': 0.2, 'scale': 4.0, 'min': -5, 'max': 5, 'pad_value': 0})
 - ('part_charge', {'length': 128, 'pad_mode': 'wrap', 'center': None, 'scale': 1, 'min': -5, 'max': 5, 'pad_value': 0})
 - ('part_isChargedHadron', {'length': 128, 'pad_mode': 'wrap', 'center': None, 'scale': 1, 'min': -5, 'max': 5, 'pad_value': 0})
 - ('part_isNeutralHadron', {'length': 128, 'pad_mode': 'wrap', 'center': None, 'scale': 1, 'min': -5, 'max': 5, 'pad_value': 0})
 - ('part_isPhoton', {'length': 128, 'pad_mode': 'wrap', 'center': None, 'scale': 1, 'min': -5, 'max': 5, 'pad_value': 0})
 - ('part_isElectron', {'length': 128, 'pad_mode': 'wrap', 'center': None, 'scale': 1, 'min': -5, 'max': 5, 'pad_value': 0})
 - ('part_isMuon', {'length': 128, 'pad_mode': 'wrap', 'center': None, 'scale': 1, 'min': -5, 'max': 5, 'pad_value': 0})
 - ('part_px', {'length': 128, 'pad_mode': 'wrap', 'center': None, 'scale': 1, 'min': -5, 'max': 5, 'pad_value': 0})
 - ('part_py', {'length': 128, 'pad_mode': 'wrap', 'center': None, 'scale': 1, 'min': -5, 'max': 5, 'pad_value': 0})
 - ('part_pz', {'length': 128, 'pad_mode': 'wrap', 'center': None, 'scale': 1, 'min': -5, 'max': 5, 'pad_value': 0})
 - ('part_energy', {'length': 128, 'pad_mode': 'wrap', 'center': None, 'scale': 1, 'min': -5, 'max': 5, 'pad_value': 0})
 - ('part_mask', {'length': 128, 'pad_mode': 'constant', 'center': None, 'scale': 1, 'min': -5, 'max': 5, 'pad_value': 0})[0m
[2026-06-17 22:12:28,761] INFO: [0;37mlabel_names: ('_label_',)[0m
[2026-06-17 22:12:28,761] INFO: [0;37mobserver_names: ('jet_pt', 'jet_eta', 'jet_phi', 'jet_energy', 'jet_nparticles', 'jet_sdmass', 'jet_tau1', 'jet_tau2', 'jet_tau3', 'jet_tau4')[0m
[2026-06-17 22:12:28,762] INFO: [0;37mmonitor_variables: ()[0m
[2026-06-17 22:12:28,771] INFO: [0;37mpreprocess config: {'method': 'manual', 'data_fraction': 0.5, 'params': None}[0m
[2026-06-17 22:12:28,771] INFO: [0;37mselection: None[0m
[2026-06-17 22:12:28,771] INFO: [0;37mtest_time_selection: None[0m
[2026-06-17 22:12:28,771] INFO: [0;37mvar_funcs:
 - ('part_mask', 'ak.ones_like(part_energy)')
 - ('part_pt', 'np.hypot(part_px, part_py)')
 - ('part_pt_log', 'np.log(part_pt)')
 - ('part_e_log', 'np.log(part_energy)')
 - ('part_logptrel', 'np.log(part_pt/jet_pt)')
 - ('part_logerel', 'np.log(part_energy/jet_energy)')
 - ('part_deltaR', 'np.hypot(part_deta, part_dphi)')
 - ('_label_', 'np.argmax(np.stack([ak.to_numpy(label_QCD),ak.to_numpy(label_Hbb),ak.to_numpy(label_Hcc),ak.to_numpy(label_Hgg),ak.to_numpy(label_H4q),ak.to_numpy(label_Hqql),ak.to_numpy(label_Zqq),ak.to_numpy(label_Wqq),ak.to_numpy(label_Tbqq),ak.to_numpy(label_Tbl)], axis=1), axis=1)')
 - ('_labelcheck_', 'np.sum(np.stack([ak.to_numpy(label_QCD),ak.to_numpy(label_Hbb),ak.to_numpy(label_Hcc),ak.to_numpy(label_Hgg),ak.to_numpy(label_H4q),ak.to_numpy(label_Hqql),ak.to_numpy(label_Zqq),ak.to_numpy(label_Wqq),ak.to_numpy(label_Tbqq),ak.to_numpy(label_Tbl)], axis=1), axis=1)')[0m
[2026-06-17 22:12:28,771] INFO: [0;37minput_names: ('pf_points', 'pf_features', 'pf_vectors', 'pf_mask')[0m
[2026-06-17 22:12:28,771] INFO: [0;37minput_dicts:
 - ('pf_points', ['part_deta', 'part_dphi'])
 - ('pf_features', ['part_pt_log', 'part_e_log', 'part_logptrel', 'part_logerel', 'part_deltaR', 'part_charge', 'part_isChargedHadron', 'part_isNeutralHadron', 'part_isPhoton', 'part_isElectron', 'part_isMuon', 'part_deta', 'part_dphi'])
 - ('pf_vectors', ['part_px', 'part_py', 'part_pz', 'part_energy'])
 - ('pf_mask', ['part_mask'])[0m
[2026-06-17 22:12:28,771] INFO: [0;37minput_shapes:
 - ('pf_points', (-1, 2, 128))
 - ('pf_features', (-1, 13, 128))
 - ('pf_vectors', (-1, 4, 128))
 - ('pf_mask', (-1, 1, 128))[0m
[2026-06-17 22:12:28,772] INFO: [0;37mpreprocess_params:
 - ('part_deta', {'length': 128, 'pad_mode': 'wrap', 'center': None, 'scale': 1, 'min': -5, 'max': 5, 'pad_value': 0})
 - ('part_dphi', {'length': 128, 'pad_mode': 'wrap', 'center': None, 'scale': 1, 'min': -5, 'max': 5, 'pad_value': 0})
 - ('part_pt_log', {'length': 128, 'pad_mode': 'wrap', 'center': 1.7, 'scale': 0.7, 'min': -5, 'max': 5, 'pad_value': 0})
 - ('part_e_log', {'length': 128, 'pad_mode': 'wrap', 'center': 2.0, 'scale': 0.7, 'min': -5, 'max': 5, 'pad_value': 0})
 - ('part_logptrel', {'length': 128, 'pad_mode': 'wrap', 'center': -4.7, 'scale': 0.7, 'min': -5, 'max': 5, 'pad_value': 0})
 - ('part_logerel', {'length': 128, 'pad_mode': 'wrap', 'center': -4.7, 'scale': 0.7, 'min': -5, 'max': 5, 'pad_value': 0})
 - ('part_deltaR', {'length': 128, 'pad_mode': 'wrap', 'center': 0.2, 'scale': 4.0, 'min': -5, 'max': 5, 'pad_value': 0})
 - ('part_charge', {'length': 128, 'pad_mode': 'wrap', 'center': None, 'scale': 1, 'min': -5, 'max': 5, 'pad_value': 0})
 - ('part_isChargedHadron', {'length': 128, 'pad_mode': 'wrap', 'center': None, 'scale': 1, 'min': -5, 'max': 5, 'pad_value': 0})
 - ('part_isNeutralHadron', {'length': 128, 'pad_mode': 'wrap', 'center': None, 'scale': 1, 'min': -5, 'max': 5, 'pad_value': 0})
 - ('part_isPhoton', {'length': 128, 'pad_mode': 'wrap', 'center': None, 'scale': 1, 'min': -5, 'max': 5, 'pad_value': 0})
 - ('part_isElectron', {'length': 128, 'pad_mode': 'wrap', 'center': None, 'scale': 1, 'min': -5, 'max': 5, 'pad_value': 0})
 - ('part_isMuon', {'length': 128, 'pad_mode': 'wrap', 'center': None, 'scale': 1, 'min': -5, 'max': 5, 'pad_value': 0})
 - ('part_px', {'length': 128, 'pad_mode': 'wrap', 'center': None, 'scale': 1, 'min': -5, 'max': 5, 'pad_value': 0})
 - ('part_py', {'length': 128, 'pad_mode': 'wrap', 'center': None, 'scale': 1, 'min': -5, 'max': 5, 'pad_value': 0})
 - ('part_pz', {'length': 128, 'pad_mode': 'wrap', 'center': None, 'scale': 1, 'min': -5, 'max': 5, 'pad_value': 0})
 - ('part_energy', {'length': 128, 'pad_mode': 'wrap', 'center': None, 'scale': 1, 'min': -5, 'max': 5, 'pad_value': 0})
 - ('part_mask', {'length': 128, 'pad_mode': 'constant', 'center': None, 'scale': 1, 'min': -5, 'max': 5, 'pad_value': 0})[0m
[2026-06-17 22:12:28,772] INFO: [0;37mlabel_names: ('_label_',)[0m
[2026-06-17 22:12:28,772] INFO: [0;37mobserver_names: ('jet_pt', 'jet_eta', 'jet_phi', 'jet_energy', 'jet_nparticles', 'jet_sdmass', 'jet_tau1', 'jet_tau2', 'jet_tau3', 'jet_tau4')[0m
[2026-06-17 22:12:28,772] INFO: [0;37mmonitor_variables: ()[0m
[2026-06-17 22:12:29,092] INFO: === Restarting DataIter test_HToGG_worker0, seed=3038587552 ===
[2026-06-17 22:12:29,093] INFO: Restarted DataIter test_HToGG_worker0, load_range=(0, 1), file_list:
{
  "HToGG": [
    "/home/maxwelhelp/\u0420\u0430\u0431\u043e\u0447\u0438\u0439 \u0441\u0442\u043e\u043b/JetClassOfficial/test_20M/HToGG_100.root",
    "/home/maxwelhelp/\u0420\u0430\u0431\u043e\u0447\u0438\u0439 \u0441\u0442\u043e\u043b/JetClassOfficial/test_20M/HToGG_101.root",
    "/home/maxwelhelp/\u0420\u0430\u0431\u043e\u0447\u0438\u0439 \u0441\u0442\u043e\u043b/JetClassOfficial/test_20M/HToGG_102.root",
    "/home/maxwelhelp/\u0420\u0430\u0431\u043e\u0447\u0438\u0439 \u0441\u0442\u043e\u043b/JetClassOfficial/test_20M/HToGG_103.root",
    "/home/maxwelhelp/\u0420\u0430\u0431\u043e\u0447\u0438\u0439 \u0441\u0442\u043e\u043b/JetClassOfficial/test_20M/HToGG_104.root",
    "/home/maxwelhelp/\u0420\u0430\u0431\u043e\u0447\u0438\u0439 \u0441\u0442\u043e\u043b/JetClassOfficial/test_20M/HToGG_105.root",
    "/home/maxwelhelp/\u0420\u0430\u0431\u043e\u0447\u0438\u0439 \u0441\u0442\u043e\u043b/JetClassOfficial/test_20M/HToGG_106.root",
    "/home/maxwelhelp/\u0420\u0430\u0431\u043e\u0447\u0438\u0439 \u0441\u0442\u043e\u043b/JetClassOfficial/test_20M/HToGG_107.root",
    "/home/maxwelhelp/\u0420\u0430\u0431\u043e\u0447\u0438\u0439 \u0441\u0442\u043e\u043b/JetClassOfficial/test_20M/HToGG_108.root",
    "/home/maxwelhelp/\u0420\u0430\u0431\u043e\u0447\u0438\u0439 \u0441\u0442\u043e\u043b/JetClassOfficial/test_20M/HToGG_109.root"
  ]
}
[2026-06-17 22:21:49,144] INFO: Processed 1000000 entries in total (avg. speed 1785.3 entries/s)
[2026-06-17 22:21:49,145] INFO: Eval AvgLoss: 0.00000, AvgAcc: 0.00009
[2026-06-17 22:21:49,145] INFO: Evaluation class distribution: 
    [(np.int64(3), 1000000)]
[2026-06-17 22:21:49,422] WARNING: Cannot compute metric roc_auc_score: Number of classes in y_true not equal to the number of columns in 'y_score'
[2026-06-17 22:21:56,327] INFO: Evaluation metrics: 
    - roc_auc_score: 
None
    - roc_auc_score_matrix: 
[[ 0. nan nan nan nan nan nan nan nan nan]
 [ 0.  0. nan nan nan nan nan nan nan nan]
 [ 0.  0.  0. nan nan nan nan nan nan nan]
 [ 0.  0.  0.  0. nan nan nan nan nan nan]
 [ 0.  0.  0.  0.  0. nan nan nan nan nan]
 [ 0.  0.  0.  0.  0.  0. nan nan nan nan]
 [ 0.  0.  0.  0.  0.  0.  0. nan nan nan]
 [ 0.  0.  0.  0.  0.  0.  0.  0. nan nan]
 [ 0.  0.  0.  0.  0.  0.  0.  0.  0. nan]
 [ 0.  0.  0.  0.  0.  0.  0.  0.  0.  0.]]
    - confusion_matrix: 
[[0.00000e+00 0.00000e+00 0.00000e+00 0.00000e+00 0.00000e+00 0.00000e+00
  0.00000e+00 0.00000e+00 0.00000e+00 0.00000e+00]
 [0.00000e+00 0.00000e+00 0.00000e+00 0.00000e+00 0.00000e+00 0.00000e+00
  0.00000e+00 0.00000e+00 0.00000e+00 0.00000e+00]
 [0.00000e+00 0.00000e+00 0.00000e+00 0.00000e+00 0.00000e+00 0.00000e+00
  0.00000e+00 0.00000e+00 0.00000e+00 0.00000e+00]
 [8.13043e-01 2.76000e-04 3.00940e-02 9.20000e-05 3.74610e-02 1.60000e-05
  1.14918e-01 3.76100e-03 2.66000e-04 7.30000e-05]
 [0.00000e+00 0.00000e+00 0.00000e+00 0.00000e+00 0.00000e+00 0.00000e+00
  0.00000e+00 0.00000e+00 0.00000e+00 0.00000e+00]
 [0.00000e+00 0.00000e+00 0.00000e+00 0.00000e+00 0.00000e+00 0.00000e+00
  0.00000e+00 0.00000e+00 0.00000e+00 0.00000e+00]
 [0.00000e+00 0.00000e+00 0.00000e+00 0.00000e+00 0.00000e+00 0.00000e+00
  0.00000e+00 0.00000e+00 0.00000e+00 0.00000e+00]
 [0.00000e+00 0.00000e+00 0.00000e+00 0.00000e+00 0.00000e+00 0.00000e+00
  0.00000e+00 0.00000e+00 0.00000e+00 0.00000e+00]
 [0.00000e+00 0.00000e+00 0.00000e+00 0.00000e+00 0.00000e+00 0.00000e+00
  0.00000e+00 0.00000e+00 0.00000e+00 0.00000e+00]
 [0.00000e+00 0.00000e+00 0.00000e+00 0.00000e+00 0.00000e+00 0.00000e+00
  0.00000e+00 0.00000e+00 0.00000e+00 0.00000e+00]]
[2026-06-17 22:22:13,859] INFO: [1mTest metric 0.00009[0m
[2026-06-17 22:22:14,146] INFO: [1mWritten output to reports/latest/part_weaver_predict_grouped_v1_HToGG.root[0m
[2026-06-17 22:22:14,146] INFO: Running on test file group HToWW2Q1L with 10 files:
.../home/maxwelhelp/Рабочий стол/JetClassOfficial/test_20M/HToWW2Q1L_100.root
.../home/maxwelhelp/Рабочий стол/JetClassOfficial/test_20M/HToWW2Q1L_101.root
.../home/maxwelhelp/Рабочий стол/JetClassOfficial/test_20M/HToWW2Q1L_102.root
.../home/maxwelhelp/Рабочий стол/JetClassOfficial/test_20M/HToWW2Q1L_103.root
.../home/maxwelhelp/Рабочий стол/JetClassOfficial/test_20M/HToWW2Q1L_104.root
.../home/maxwelhelp/Рабочий стол/JetClassOfficial/test_20M/HToWW2Q1L_105.root
.../home/maxwelhelp/Рабочий стол/JetClassOfficial/test_20M/HToWW2Q1L_106.root
.../home/maxwelhelp/Рабочий стол/JetClassOfficial/test_20M/HToWW2Q1L_107.root
.../home/maxwelhelp/Рабочий стол/JetClassOfficial/test_20M/HToWW2Q1L_108.root
.../home/maxwelhelp/Рабочий стол/JetClassOfficial/test_20M/HToWW2Q1L_109.root
[2026-06-17 22:22:14,156] INFO: [0;37mpreprocess config: {'method': 'manual', 'data_fraction': 0.5, 'params': None}[0m
[2026-06-17 22:22:14,156] INFO: [0;37mselection: None[0m
[2026-06-17 22:22:14,156] INFO: [0;37mtest_time_selection: None[0m
[2026-06-17 22:22:14,156] INFO: [0;37mvar_funcs:
 - ('part_mask', 'ak.ones_like(part_energy)')
 - ('part_pt', 'np.hypot(part_px, part_py)')
 - ('part_pt_log', 'np.log(part_pt)')
 - ('part_e_log', 'np.log(part_energy)')
 - ('part_logptrel', 'np.log(part_pt/jet_pt)')
 - ('part_logerel', 'np.log(part_energy/jet_energy)')
 - ('part_deltaR', 'np.hypot(part_deta, part_dphi)')
 - ('_label_', 'np.argmax(np.stack([ak.to_numpy(label_QCD),ak.to_numpy(label_Hbb),ak.to_numpy(label_Hcc),ak.to_numpy(label_Hgg),ak.to_numpy(label_H4q),ak.to_numpy(label_Hqql),ak.to_numpy(label_Zqq),ak.to_numpy(label_Wqq),ak.to_numpy(label_Tbqq),ak.to_numpy(label_Tbl)], axis=1), axis=1)')
 - ('_labelcheck_', 'np.sum(np.stack([ak.to_numpy(label_QCD),ak.to_numpy(label_Hbb),ak.to_numpy(label_Hcc),ak.to_numpy(label_Hgg),ak.to_numpy(label_H4q),ak.to_numpy(label_Hqql),ak.to_numpy(label_Zqq),ak.to_numpy(label_Wqq),ak.to_numpy(label_Tbqq),ak.to_numpy(label_Tbl)], axis=1), axis=1)')[0m
[2026-06-17 22:22:14,157] INFO: [0;37minput_names: ('pf_points', 'pf_features', 'pf_vectors', 'pf_mask')[0m
[2026-06-17 22:22:14,157] INFO: [0;37minput_dicts:
 - ('pf_points', ['part_deta', 'part_dphi'])
 - ('pf_features', ['part_pt_log', 'part_e_log', 'part_logptrel', 'part_logerel', 'part_deltaR', 'part_charge', 'part_isChargedHadron', 'part_isNeutralHadron', 'part_isPhoton', 'part_isElectron', 'part_isMuon', 'part_deta', 'part_dphi'])
 - ('pf_vectors', ['part_px', 'part_py', 'part_pz', 'part_energy'])
 - ('pf_mask', ['part_mask'])[0m
[2026-06-17 22:22:14,157] INFO: [0;37minput_shapes:
 - ('pf_points', (-1, 2, 128))
 - ('pf_features', (-1, 13, 128))
 - ('pf_vectors', (-1, 4, 128))
 - ('pf_mask', (-1, 1, 128))[0m
[2026-06-17 22:22:14,157] INFO: [0;37mpreprocess_params:
 - ('part_deta', {'length': 128, 'pad_mode': 'wrap', 'center': None, 'scale': 1, 'min': -5, 'max': 5, 'pad_value': 0})
 - ('part_dphi', {'length': 128, 'pad_mode': 'wrap', 'center': None, 'scale': 1, 'min': -5, 'max': 5, 'pad_value': 0})
 - ('part_pt_log', {'length': 128, 'pad_mode': 'wrap', 'center': 1.7, 'scale': 0.7, 'min': -5, 'max': 5, 'pad_value': 0})
 - ('part_e_log', {'length': 128, 'pad_mode': 'wrap', 'center': 2.0, 'scale': 0.7, 'min': -5, 'max': 5, 'pad_value': 0})
 - ('part_logptrel', {'length': 128, 'pad_mode': 'wrap', 'center': -4.7, 'scale': 0.7, 'min': -5, 'max': 5, 'pad_value': 0})
 - ('part_logerel', {'length': 128, 'pad_mode': 'wrap', 'center': -4.7, 'scale': 0.7, 'min': -5, 'max': 5, 'pad_value': 0})
 - ('part_deltaR', {'length': 128, 'pad_mode': 'wrap', 'center': 0.2, 'scale': 4.0, 'min': -5, 'max': 5, 'pad_value': 0})
 - ('part_charge', {'length': 128, 'pad_mode': 'wrap', 'center': None, 'scale': 1, 'min': -5, 'max': 5, 'pad_value': 0})
 - ('part_isChargedHadron', {'length': 128, 'pad_mode': 'wrap', 'center': None, 'scale': 1, 'min': -5, 'max': 5, 'pad_value': 0})
 - ('part_isNeutralHadron', {'length': 128, 'pad_mode': 'wrap', 'center': None, 'scale': 1, 'min': -5, 'max': 5, 'pad_value': 0})
 - ('part_isPhoton', {'length': 128, 'pad_mode': 'wrap', 'center': None, 'scale': 1, 'min': -5, 'max': 5, 'pad_value': 0})
 - ('part_isElectron', {'length': 128, 'pad_mode': 'wrap', 'center': None, 'scale': 1, 'min': -5, 'max': 5, 'pad_value': 0})
 - ('part_isMuon', {'length': 128, 'pad_mode': 'wrap', 'center': None, 'scale': 1, 'min': -5, 'max': 5, 'pad_value': 0})
 - ('part_px', {'length': 128, 'pad_mode': 'wrap', 'center': None, 'scale': 1, 'min': -5, 'max': 5, 'pad_value': 0})
 - ('part_py', {'length': 128, 'pad_mode': 'wrap', 'center': None, 'scale': 1, 'min': -5, 'max': 5, 'pad_value': 0})
 - ('part_pz', {'length': 128, 'pad_mode': 'wrap', 'center': None, 'scale': 1, 'min': -5, 'max': 5, 'pad_value': 0})
 - ('part_energy', {'length': 128, 'pad_mode': 'wrap', 'center': None, 'scale': 1, 'min': -5, 'max': 5, 'pad_value': 0})
 - ('part_mask', {'length': 128, 'pad_mode': 'constant', 'center': None, 'scale': 1, 'min': -5, 'max': 5, 'pad_value': 0})[0m
[2026-06-17 22:22:14,157] INFO: [0;37mlabel_names: ('_label_',)[0m
[2026-06-17 22:22:14,157] INFO: [0;37mobserver_names: ('jet_pt', 'jet_eta', 'jet_phi', 'jet_energy', 'jet_nparticles', 'jet_sdmass', 'jet_tau1', 'jet_tau2', 'jet_tau3', 'jet_tau4')[0m
[2026-06-17 22:22:14,157] INFO: [0;37mmonitor_variables: ()[0m
[2026-06-17 22:22:14,167] INFO: [0;37mpreprocess config: {'method': 'manual', 'data_fraction': 0.5, 'params': None}[0m
[2026-06-17 22:22:14,167] INFO: [0;37mselection: None[0m
[2026-06-17 22:22:14,167] INFO: [0;37mtest_time_selection: None[0m
[2026-06-17 22:22:14,167] INFO: [0;37mvar_funcs:
 - ('part_mask', 'ak.ones_like(part_energy)')
 - ('part_pt', 'np.hypot(part_px, part_py)')
 - ('part_pt_log', 'np.log(part_pt)')
 - ('part_e_log', 'np.log(part_energy)')
 - ('part_logptrel', 'np.log(part_pt/jet_pt)')
 - ('part_logerel', 'np.log(part_energy/jet_energy)')
 - ('part_deltaR', 'np.hypot(part_deta, part_dphi)')
 - ('_label_', 'np.argmax(np.stack([ak.to_numpy(label_QCD),ak.to_numpy(label_Hbb),ak.to_numpy(label_Hcc),ak.to_numpy(label_Hgg),ak.to_numpy(label_H4q),ak.to_numpy(label_Hqql),ak.to_numpy(label_Zqq),ak.to_numpy(label_Wqq),ak.to_numpy(label_Tbqq),ak.to_numpy(label_Tbl)], axis=1), axis=1)')
 - ('_labelcheck_', 'np.sum(np.stack([ak.to_numpy(label_QCD),ak.to_numpy(label_Hbb),ak.to_numpy(label_Hcc),ak.to_numpy(label_Hgg),ak.to_numpy(label_H4q),ak.to_numpy(label_Hqql),ak.to_numpy(label_Zqq),ak.to_numpy(label_Wqq),ak.to_numpy(label_Tbqq),ak.to_numpy(label_Tbl)], axis=1), axis=1)')[0m
[2026-06-17 22:22:14,167] INFO: [0;37minput_names: ('pf_points', 'pf_features', 'pf_vectors', 'pf_mask')[0m
[2026-06-17 22:22:14,167] INFO: [0;37minput_dicts:
 - ('pf_points', ['part_deta', 'part_dphi'])
 - ('pf_features', ['part_pt_log', 'part_e_log', 'part_logptrel', 'part_logerel', 'part_deltaR', 'part_charge', 'part_isChargedHadron', 'part_isNeutralHadron', 'part_isPhoton', 'part_isElectron', 'part_isMuon', 'part_deta', 'part_dphi'])
 - ('pf_vectors', ['part_px', 'part_py', 'part_pz', 'part_energy'])
 - ('pf_mask', ['part_mask'])[0m
[2026-06-17 22:22:14,167] INFO: [0;37minput_shapes:
 - ('pf_points', (-1, 2, 128))
 - ('pf_features', (-1, 13, 128))
 - ('pf_vectors', (-1, 4, 128))
 - ('pf_mask', (-1, 1, 128))[0m
[2026-06-17 22:22:14,167] INFO: [0;37mpreprocess_params:
 - ('part_deta', {'length': 128, 'pad_mode': 'wrap', 'center': None, 'scale': 1, 'min': -5, 'max': 5, 'pad_value': 0})
 - ('part_dphi', {'length': 128, 'pad_mode': 'wrap', 'center': None, 'scale': 1, 'min': -5, 'max': 5, 'pad_value': 0})
 - ('part_pt_log', {'length': 128, 'pad_mode': 'wrap', 'center': 1.7, 'scale': 0.7, 'min': -5, 'max': 5, 'pad_value': 0})
 - ('part_e_log', {'length': 128, 'pad_mode': 'wrap', 'center': 2.0, 'scale': 0.7, 'min': -5, 'max': 5, 'pad_value': 0})
 - ('part_logptrel', {'length': 128, 'pad_mode': 'wrap', 'center': -4.7, 'scale': 0.7, 'min': -5, 'max': 5, 'pad_value': 0})
 - ('part_logerel', {'length': 128, 'pad_mode': 'wrap', 'center': -4.7, 'scale': 0.7, 'min': -5, 'max': 5, 'pad_value': 0})
 - ('part_deltaR', {'length': 128, 'pad_mode': 'wrap', 'center': 0.2, 'scale': 4.0, 'min': -5, 'max': 5, 'pad_value': 0})
 - ('part_charge', {'length': 128, 'pad_mode': 'wrap', 'center': None, 'scale': 1, 'min': -5, 'max': 5, 'pad_value': 0})
 - ('part_isChargedHadron', {'length': 128, 'pad_mode': 'wrap', 'center': None, 'scale': 1, 'min': -5, 'max': 5, 'pad_value': 0})
 - ('part_isNeutralHadron', {'length': 128, 'pad_mode': 'wrap', 'center': None, 'scale': 1, 'min': -5, 'max': 5, 'pad_value': 0})
 - ('part_isPhoton', {'length': 128, 'pad_mode': 'wrap', 'center': None, 'scale': 1, 'min': -5, 'max': 5, 'pad_value': 0})
 - ('part_isElectron', {'length': 128, 'pad_mode': 'wrap', 'center': None, 'scale': 1, 'min': -5, 'max': 5, 'pad_value': 0})
 - ('part_isMuon', {'length': 128, 'pad_mode': 'wrap', 'center': None, 'scale': 1, 'min': -5, 'max': 5, 'pad_value': 0})
 - ('part_px', {'length': 128, 'pad_mode': 'wrap', 'center': None, 'scale': 1, 'min': -5, 'max': 5, 'pad_value': 0})
 - ('part_py', {'length': 128, 'pad_mode': 'wrap', 'center': None, 'scale': 1, 'min': -5, 'max': 5, 'pad_value': 0})
 - ('part_pz', {'length': 128, 'pad_mode': 'wrap', 'center': None, 'scale': 1, 'min': -5, 'max': 5, 'pad_value': 0})
 - ('part_energy', {'length': 128, 'pad_mode': 'wrap', 'center': None, 'scale': 1, 'min': -5, 'max': 5, 'pad_value': 0})
 - ('part_mask', {'length': 128, 'pad_mode': 'constant', 'center': None, 'scale': 1, 'min': -5, 'max': 5, 'pad_value': 0})[0m
[2026-06-17 22:22:14,167] INFO: [0;37mlabel_names: ('_label_',)[0m
[2026-06-17 22:22:14,168] INFO: [0;37mobserver_names: ('jet_pt', 'jet_eta', 'jet_phi', 'jet_energy', 'jet_nparticles', 'jet_sdmass', 'jet_tau1', 'jet_tau2', 'jet_tau3', 'jet_tau4')[0m
[2026-06-17 22:22:14,168] INFO: [0;37mmonitor_variables: ()[0m
[2026-06-17 22:22:14,510] INFO: === Restarting DataIter test_HToWW2Q1L_worker0, seed=3429452979 ===
[2026-06-17 22:22:14,511] INFO: Restarted DataIter test_HToWW2Q1L_worker0, load_range=(0, 1), file_list:
{
  "HToWW2Q1L": [
    "/home/maxwelhelp/\u0420\u0430\u0431\u043e\u0447\u0438\u0439 \u0441\u0442\u043e\u043b/JetClassOfficial/test_20M/HToWW2Q1L_100.root",
    "/home/maxwelhelp/\u0420\u0430\u0431\u043e\u0447\u0438\u0439 \u0441\u0442\u043e\u043b/JetClassOfficial/test_20M/HToWW2Q1L_101.root",
    "/home/maxwelhelp/\u0420\u0430\u0431\u043e\u0447\u0438\u0439 \u0441\u0442\u043e\u043b/JetClassOfficial/test_20M/HToWW2Q1L_102.root",
    "/home/maxwelhelp/\u0420\u0430\u0431\u043e\u0447\u0438\u0439 \u0441\u0442\u043e\u043b/JetClassOfficial/test_20M/HToWW2Q1L_103.root",
    "/home/maxwelhelp/\u0420\u0430\u0431\u043e\u0447\u0438\u0439 \u0441\u0442\u043e\u043b/JetClassOfficial/test_20M/HToWW2Q1L_104.root",
    "/home/maxwelhelp/\u0420\u0430\u0431\u043e\u0447\u0438\u0439 \u0441\u0442\u043e\u043b/JetClassOfficial/test_20M/HToWW2Q1L_105.root",
    "/home/maxwelhelp/\u0420\u0430\u0431\u043e\u0447\u0438\u0439 \u0441\u0442\u043e\u043b/JetClassOfficial/test_20M/HToWW2Q1L_106.root",
    "/home/maxwelhelp/\u0420\u0430\u0431\u043e\u0447\u0438\u0439 \u0441\u0442\u043e\u043b/JetClassOfficial/test_20M/HToWW2Q1L_107.root",
    "/home/maxwelhelp/\u0420\u0430\u0431\u043e\u0447\u0438\u0439 \u0441\u0442\u043e\u043b/JetClassOfficial/test_20M/HToWW2Q1L_108.root",
    "/home/maxwelhelp/\u0420\u0430\u0431\u043e\u0447\u0438\u0439 \u0441\u0442\u043e\u043b/JetClassOfficial/test_20M/HToWW2Q1L_109.root"
  ]
}
[2026-06-17 22:32:02,433] INFO: Processed 1000000 entries in total (avg. speed 1700.7 entries/s)
[2026-06-17 22:32:02,433] INFO: Eval AvgLoss: 0.00000, AvgAcc: 0.00405
[2026-06-17 22:32:02,433] INFO: Evaluation class distribution: 
    [(np.int64(5), 1000000)]
[2026-06-17 22:32:02,714] WARNING: Cannot compute metric roc_auc_score: Number of classes in y_true not equal to the number of columns in 'y_score'
[2026-06-17 22:32:09,695] INFO: Evaluation metrics: 
    - roc_auc_score: 
None
    - roc_auc_score_matrix: 
[[ 0. nan nan nan nan nan nan nan nan nan]
 [ 0.  0. nan nan nan nan nan nan nan nan]
 [ 0.  0.  0. nan nan nan nan nan nan nan]
 [ 0.  0.  0.  0. nan nan nan nan nan nan]
 [ 0.  0.  0.  0.  0. nan nan nan nan nan]
 [ 0.  0.  0.  0.  0.  0. nan nan nan nan]
 [ 0.  0.  0.  0.  0.  0.  0. nan nan nan]
 [ 0.  0.  0.  0.  0.  0.  0.  0. nan nan]
 [ 0.  0.  0.  0.  0.  0.  0.  0.  0. nan]
 [ 0.  0.  0.  0.  0.  0.  0.  0.  0.  0.]]
    - confusion_matrix: 
[[0.       0.       0.       0.       0.       0.       0.       0.
  0.       0.      ]
 [0.       0.       0.       0.       0.       0.       0.       0.
  0.       0.      ]
 [0.       0.       0.       0.       0.       0.       0.       0.
  0.       0.      ]
 [0.       0.       0.       0.       0.       0.       0.       0.
  0.       0.      ]
 [0.       0.       0.       0.       0.       0.       0.       0.
  0.       0.      ]
 [0.40094  0.033733 0.078799 0.002539 0.010193 0.004054 0.451485 0.010601
  0.000531 0.007125]
 [0.       0.       0.       0.       0.       0.       0.       0.
  0.       0.      ]
 [0.       0.       0.       0.       0.       0.       0.       0.
  0.       0.      ]
 [0.       0.       0.       0.       0.       0.       0.       0.
  0.       0.      ]
 [0.       0.       0.       0.       0.       0.       0.       0.
  0.       0.      ]]
[2026-06-17 22:32:27,435] INFO: [1mTest metric 0.00405[0m
[2026-06-17 22:32:27,737] INFO: [1mWritten output to reports/latest/part_weaver_predict_grouped_v1_HToWW2Q1L.root[0m
[2026-06-17 22:32:27,737] INFO: Running on test file group HToWW4Q with 10 files:
.../home/maxwelhelp/Рабочий стол/JetClassOfficial/test_20M/HToWW4Q_100.root
.../home/maxwelhelp/Рабочий стол/JetClassOfficial/test_20M/HToWW4Q_101.root
.../home/maxwelhelp/Рабочий стол/JetClassOfficial/test_20M/HToWW4Q_102.root
.../home/maxwelhelp/Рабочий стол/JetClassOfficial/test_20M/HToWW4Q_103.root
.../home/maxwelhelp/Рабочий стол/JetClassOfficial/test_20M/HToWW4Q_104.root
.../home/maxwelhelp/Рабочий стол/JetClassOfficial/test_20M/HToWW4Q_105.root
.../home/maxwelhelp/Рабочий стол/JetClassOfficial/test_20M/HToWW4Q_106.root
.../home/maxwelhelp/Рабочий стол/JetClassOfficial/test_20M/HToWW4Q_107.root
.../home/maxwelhelp/Рабочий стол/JetClassOfficial/test_20M/HToWW4Q_108.root
.../home/maxwelhelp/Рабочий стол/JetClassOfficial/test_20M/HToWW4Q_109.root
[2026-06-17 22:32:27,750] INFO: [0;37mpreprocess config: {'method': 'manual', 'data_fraction': 0.5, 'params': None}[0m
[2026-06-17 22:32:27,750] INFO: [0;37mselection: None[0m
[2026-06-17 22:32:27,750] INFO: [0;37mtest_time_selection: None[0m
[2026-06-17 22:32:27,750] INFO: [0;37mvar_funcs:
 - ('part_mask', 'ak.ones_like(part_energy)')
 - ('part_pt', 'np.hypot(part_px, part_py)')
 - ('part_pt_log', 'np.log(part_pt)')
 - ('part_e_log', 'np.log(part_energy)')
 - ('part_logptrel', 'np.log(part_pt/jet_pt)')
 - ('part_logerel', 'np.log(part_energy/jet_energy)')
 - ('part_deltaR', 'np.hypot(part_deta, part_dphi)')
 - ('_label_', 'np.argmax(np.stack([ak.to_numpy(label_QCD),ak.to_numpy(label_Hbb),ak.to_numpy(label_Hcc),ak.to_numpy(label_Hgg),ak.to_numpy(label_H4q),ak.to_numpy(label_Hqql),ak.to_numpy(label_Zqq),ak.to_numpy(label_Wqq),ak.to_numpy(label_Tbqq),ak.to_numpy(label_Tbl)], axis=1), axis=1)')
 - ('_labelcheck_', 'np.sum(np.stack([ak.to_numpy(label_QCD),ak.to_numpy(label_Hbb),ak.to_numpy(label_Hcc),ak.to_numpy(label_Hgg),ak.to_numpy(label_H4q),ak.to_numpy(label_Hqql),ak.to_numpy(label_Zqq),ak.to_numpy(label_Wqq),ak.to_numpy(label_Tbqq),ak.to_numpy(label_Tbl)], axis=1), axis=1)')[0m
[2026-06-17 22:32:27,751] INFO: [0;37minput_names: ('pf_points', 'pf_features', 'pf_vectors', 'pf_mask')[0m
[2026-06-17 22:32:27,751] INFO: [0;37minput_dicts:
 - ('pf_points', ['part_deta', 'part_dphi'])
 - ('pf_features', ['part_pt_log', 'part_e_log', 'part_logptrel', 'part_logerel', 'part_deltaR', 'part_charge', 'part_isChargedHadron', 'part_isNeutralHadron', 'part_isPhoton', 'part_isElectron', 'part_isMuon', 'part_deta', 'part_dphi'])
 - ('pf_vectors', ['part_px', 'part_py', 'part_pz', 'part_energy'])
 - ('pf_mask', ['part_mask'])[0m
[2026-06-17 22:32:27,751] INFO: [0;37minput_shapes:
 - ('pf_points', (-1, 2, 128))
 - ('pf_features', (-1, 13, 128))
 - ('pf_vectors', (-1, 4, 128))
 - ('pf_mask', (-1, 1, 128))[0m
[2026-06-17 22:32:27,751] INFO: [0;37mpreprocess_params:
 - ('part_deta', {'length': 128, 'pad_mode': 'wrap', 'center': None, 'scale': 1, 'min': -5, 'max': 5, 'pad_value': 0})
 - ('part_dphi', {'length': 128, 'pad_mode': 'wrap', 'center': None, 'scale': 1, 'min': -5, 'max': 5, 'pad_value': 0})
 - ('part_pt_log', {'length': 128, 'pad_mode': 'wrap', 'center': 1.7, 'scale': 0.7, 'min': -5, 'max': 5, 'pad_value': 0})
 - ('part_e_log', {'length': 128, 'pad_mode': 'wrap', 'center': 2.0, 'scale': 0.7, 'min': -5, 'max': 5, 'pad_value': 0})
 - ('part_logptrel', {'length': 128, 'pad_mode': 'wrap', 'center': -4.7, 'scale': 0.7, 'min': -5, 'max': 5, 'pad_value': 0})
 - ('part_logerel', {'length': 128, 'pad_mode': 'wrap', 'center': -4.7, 'scale': 0.7, 'min': -5, 'max': 5, 'pad_value': 0})
 - ('part_deltaR', {'length': 128, 'pad_mode': 'wrap', 'center': 0.2, 'scale': 4.0, 'min': -5, 'max': 5, 'pad_value': 0})
 - ('part_charge', {'length': 128, 'pad_mode': 'wrap', 'center': None, 'scale': 1, 'min': -5, 'max': 5, 'pad_value': 0})
 - ('part_isChargedHadron', {'length': 128, 'pad_mode': 'wrap', 'center': None, 'scale': 1, 'min': -5, 'max': 5, 'pad_value': 0})
 - ('part_isNeutralHadron', {'length': 128, 'pad_mode': 'wrap', 'center': None, 'scale': 1, 'min': -5, 'max': 5, 'pad_value': 0})
 - ('part_isPhoton', {'length': 128, 'pad_mode': 'wrap', 'center': None, 'scale': 1, 'min': -5, 'max': 5, 'pad_value': 0})
 - ('part_isElectron', {'length': 128, 'pad_mode': 'wrap', 'center': None, 'scale': 1, 'min': -5, 'max': 5, 'pad_value': 0})
 - ('part_isMuon', {'length': 128, 'pad_mode': 'wrap', 'center': None, 'scale': 1, 'min': -5, 'max': 5, 'pad_value': 0})
 - ('part_px', {'length': 128, 'pad_mode': 'wrap', 'center': None, 'scale': 1, 'min': -5, 'max': 5, 'pad_value': 0})
 - ('part_py', {'length': 128, 'pad_mode': 'wrap', 'center': None, 'scale': 1, 'min': -5, 'max': 5, 'pad_value': 0})
 - ('part_pz', {'length': 128, 'pad_mode': 'wrap', 'center': None, 'scale': 1, 'min': -5, 'max': 5, 'pad_value': 0})
 - ('part_energy', {'length': 128, 'pad_mode': 'wrap', 'center': None, 'scale': 1, 'min': -5, 'max': 5, 'pad_value': 0})
 - ('part_mask', {'length': 128, 'pad_mode': 'constant', 'center': None, 'scale': 1, 'min': -5, 'max': 5, 'pad_value': 0})[0m
[2026-06-17 22:32:27,751] INFO: [0;37mlabel_names: ('_label_',)[0m
[2026-06-17 22:32:27,752] INFO: [0;37mobserver_names: ('jet_pt', 'jet_eta', 'jet_phi', 'jet_energy', 'jet_nparticles', 'jet_sdmass', 'jet_tau1', 'jet_tau2', 'jet_tau3', 'jet_tau4')[0m
[2026-06-17 22:32:27,752] INFO: [0;37mmonitor_variables: ()[0m
[2026-06-17 22:32:27,763] INFO: [0;37mpreprocess config: {'method': 'manual', 'data_fraction': 0.5, 'params': None}[0m
[2026-06-17 22:32:27,763] INFO: [0;37mselection: None[0m
[2026-06-17 22:32:27,763] INFO: [0;37mtest_time_selection: None[0m
[2026-06-17 22:32:27,763] INFO: [0;37mvar_funcs:
 - ('part_mask', 'ak.ones_like(part_energy)')
 - ('part_pt', 'np.hypot(part_px, part_py)')
 - ('part_pt_log', 'np.log(part_pt)')
 - ('part_e_log', 'np.log(part_energy)')
 - ('part_logptrel', 'np.log(part_pt/jet_pt)')
 - ('part_logerel', 'np.log(part_energy/jet_energy)')
 - ('part_deltaR', 'np.hypot(part_deta, part_dphi)')
 - ('_label_', 'np.argmax(np.stack([ak.to_numpy(label_QCD),ak.to_numpy(label_Hbb),ak.to_numpy(label_Hcc),ak.to_numpy(label_Hgg),ak.to_numpy(label_H4q),ak.to_numpy(label_Hqql),ak.to_numpy(label_Zqq),ak.to_numpy(label_Wqq),ak.to_numpy(label_Tbqq),ak.to_numpy(label_Tbl)], axis=1), axis=1)')
 - ('_labelcheck_', 'np.sum(np.stack([ak.to_numpy(label_QCD),ak.to_numpy(label_Hbb),ak.to_numpy(label_Hcc),ak.to_numpy(label_Hgg),ak.to_numpy(label_H4q),ak.to_numpy(label_Hqql),ak.to_numpy(label_Zqq),ak.to_numpy(label_Wqq),ak.to_numpy(label_Tbqq),ak.to_numpy(label_Tbl)], axis=1), axis=1)')[0m
[2026-06-17 22:32:27,763] INFO: [0;37minput_names: ('pf_points', 'pf_features', 'pf_vectors', 'pf_mask')[0m
[2026-06-17 22:32:27,764] INFO: [0;37minput_dicts:
 - ('pf_points', ['part_deta', 'part_dphi'])
 - ('pf_features', ['part_pt_log', 'part_e_log', 'part_logptrel', 'part_logerel', 'part_deltaR', 'part_charge', 'part_isChargedHadron', 'part_isNeutralHadron', 'part_isPhoton', 'part_isElectron', 'part_isMuon', 'part_deta', 'part_dphi'])
 - ('pf_vectors', ['part_px', 'part_py', 'part_pz', 'part_energy'])
 - ('pf_mask', ['part_mask'])[0m
[2026-06-17 22:32:27,764] INFO: [0;37minput_shapes:
 - ('pf_points', (-1, 2, 128))
 - ('pf_features', (-1, 13, 128))
 - ('pf_vectors', (-1, 4, 128))
 - ('pf_mask', (-1, 1, 128))[0m
[2026-06-17 22:32:27,764] INFO: [0;37mpreprocess_params:
 - ('part_deta', {'length': 128, 'pad_mode': 'wrap', 'center': None, 'scale': 1, 'min': -5, 'max': 5, 'pad_value': 0})
 - ('part_dphi', {'length': 128, 'pad_mode': 'wrap', 'center': None, 'scale': 1, 'min': -5, 'max': 5, 'pad_value': 0})
 - ('part_pt_log', {'length': 128, 'pad_mode': 'wrap', 'center': 1.7, 'scale': 0.7, 'min': -5, 'max': 5, 'pad_value': 0})
 - ('part_e_log', {'length': 128, 'pad_mode': 'wrap', 'center': 2.0, 'scale': 0.7, 'min': -5, 'max': 5, 'pad_value': 0})
 - ('part_logptrel', {'length': 128, 'pad_mode': 'wrap', 'center': -4.7, 'scale': 0.7, 'min': -5, 'max': 5, 'pad_value': 0})
 - ('part_logerel', {'length': 128, 'pad_mode': 'wrap', 'center': -4.7, 'scale': 0.7, 'min': -5, 'max': 5, 'pad_value': 0})
 - ('part_deltaR', {'length': 128, 'pad_mode': 'wrap', 'center': 0.2, 'scale': 4.0, 'min': -5, 'max': 5, 'pad_value': 0})
 - ('part_charge', {'length': 128, 'pad_mode': 'wrap', 'center': None, 'scale': 1, 'min': -5, 'max': 5, 'pad_value': 0})
 - ('part_isChargedHadron', {'length': 128, 'pad_mode': 'wrap', 'center': None, 'scale': 1, 'min': -5, 'max': 5, 'pad_value': 0})
 - ('part_isNeutralHadron', {'length': 128, 'pad_mode': 'wrap', 'center': None, 'scale': 1, 'min': -5, 'max': 5, 'pad_value': 0})
 - ('part_isPhoton', {'length': 128, 'pad_mode': 'wrap', 'center': None, 'scale': 1, 'min': -5, 'max': 5, 'pad_value': 0})
 - ('part_isElectron', {'length': 128, 'pad_mode': 'wrap', 'center': None, 'scale': 1, 'min': -5, 'max': 5, 'pad_value': 0})
 - ('part_isMuon', {'length': 128, 'pad_mode': 'wrap', 'center': None, 'scale': 1, 'min': -5, 'max': 5, 'pad_value': 0})
 - ('part_px', {'length': 128, 'pad_mode': 'wrap', 'center': None, 'scale': 1, 'min': -5, 'max': 5, 'pad_value': 0})
 - ('part_py', {'length': 128, 'pad_mode': 'wrap', 'center': None, 'scale': 1, 'min': -5, 'max': 5, 'pad_value': 0})
 - ('part_pz', {'length': 128, 'pad_mode': 'wrap', 'center': None, 'scale': 1, 'min': -5, 'max': 5, 'pad_value': 0})
 - ('part_energy', {'length': 128, 'pad_mode': 'wrap', 'center': None, 'scale': 1, 'min': -5, 'max': 5, 'pad_value': 0})
 - ('part_mask', {'length': 128, 'pad_mode': 'constant', 'center': None, 'scale': 1, 'min': -5, 'max': 5, 'pad_value': 0})[0m
[2026-06-17 22:32:27,764] INFO: [0;37mlabel_names: ('_label_',)[0m
[2026-06-17 22:32:27,765] INFO: [0;37mobserver_names: ('jet_pt', 'jet_eta', 'jet_phi', 'jet_energy', 'jet_nparticles', 'jet_sdmass', 'jet_tau1', 'jet_tau2', 'jet_tau3', 'jet_tau4')[0m
[2026-06-17 22:32:27,765] INFO: [0;37mmonitor_variables: ()[0m
[2026-06-17 22:32:28,109] INFO: === Restarting DataIter test_HToWW4Q_worker0, seed=586267089 ===
[2026-06-17 22:32:28,110] INFO: Restarted DataIter test_HToWW4Q_worker0, load_range=(0, 1), file_list:
{
  "HToWW4Q": [
    "/home/maxwelhelp/\u0420\u0430\u0431\u043e\u0447\u0438\u0439 \u0441\u0442\u043e\u043b/JetClassOfficial/test_20M/HToWW4Q_100.root",
    "/home/maxwelhelp/\u0420\u0430\u0431\u043e\u0447\u0438\u0439 \u0441\u0442\u043e\u043b/JetClassOfficial/test_20M/HToWW4Q_101.root",
    "/home/maxwelhelp/\u0420\u0430\u0431\u043e\u0447\u0438\u0439 \u0441\u0442\u043e\u043b/JetClassOfficial/test_20M/HToWW4Q_102.root",
    "/home/maxwelhelp/\u0420\u0430\u0431\u043e\u0447\u0438\u0439 \u0441\u0442\u043e\u043b/JetClassOfficial/test_20M/HToWW4Q_103.root",
    "/home/maxwelhelp/\u0420\u0430\u0431\u043e\u0447\u0438\u0439 \u0441\u0442\u043e\u043b/JetClassOfficial/test_20M/HToWW4Q_104.root",
    "/home/maxwelhelp/\u0420\u0430\u0431\u043e\u0447\u0438\u0439 \u0441\u0442\u043e\u043b/JetClassOfficial/test_20M/HToWW4Q_105.root",
    "/home/maxwelhelp/\u0420\u0430\u0431\u043e\u0447\u0438\u0439 \u0441\u0442\u043e\u043b/JetClassOfficial/test_20M/HToWW4Q_106.root",
    "/home/maxwelhelp/\u0420\u0430\u0431\u043e\u0447\u0438\u0439 \u0441\u0442\u043e\u043b/JetClassOfficial/test_20M/HToWW4Q_107.root",
    "/home/maxwelhelp/\u0420\u0430\u0431\u043e\u0447\u0438\u0439 \u0441\u0442\u043e\u043b/JetClassOfficial/test_20M/HToWW4Q_108.root",
    "/home/maxwelhelp/\u0420\u0430\u0431\u043e\u0447\u0438\u0439 \u0441\u0442\u043e\u043b/JetClassOfficial/test_20M/HToWW4Q_109.root"
  ]
}
[2026-06-17 22:42:39,105] INFO: Processed 1000000 entries in total (avg. speed 1636.5 entries/s)
[2026-06-17 22:42:39,105] INFO: Eval AvgLoss: 0.00000, AvgAcc: 0.04053
[2026-06-17 22:42:39,106] INFO: Evaluation class distribution: 
    [(np.int64(4), 1000000)]
[2026-06-17 22:42:39,401] WARNING: Cannot compute metric roc_auc_score: Number of classes in y_true not equal to the number of columns in 'y_score'
[2026-06-17 22:42:46,069] INFO: Evaluation metrics: 
    - roc_auc_score: 
None
    - roc_auc_score_matrix: 
[[ 0. nan nan nan nan nan nan nan nan nan]
 [ 0.  0. nan nan nan nan nan nan nan nan]
 [ 0.  0.  0. nan nan nan nan nan nan nan]
 [ 0.  0.  0.  0. nan nan nan nan nan nan]
 [ 0.  0.  0.  0.  0. nan nan nan nan nan]
 [ 0.  0.  0.  0.  0.  0. nan nan nan nan]
 [ 0.  0.  0.  0.  0.  0.  0. nan nan nan]
 [ 0.  0.  0.  0.  0.  0.  0.  0. nan nan]
 [ 0.  0.  0.  0.  0.  0.  0.  0.  0. nan]
 [ 0.  0.  0.  0.  0.  0.  0.  0.  0.  0.]]
    - confusion_matrix: 
[[0.00000e+00 0.00000e+00 0.00000e+00 0.00000e+00 0.00000e+00 0.00000e+00
  0.00000e+00 0.00000e+00 0.00000e+00 0.00000e+00]
 [0.00000e+00 0.00000e+00 0.00000e+00 0.00000e+00 0.00000e+00 0.00000e+00
  0.00000e+00 0.00000e+00 0.00000e+00 0.00000e+00]
 [0.00000e+00 0.00000e+00 0.00000e+00 0.00000e+00 0.00000e+00 0.00000e+00
  0.00000e+00 0.00000e+00 0.00000e+00 0.00000e+00]
 [0.00000e+00 0.00000e+00 0.00000e+00 0.00000e+00 0.00000e+00 0.00000e+00
  0.00000e+00 0.00000e+00 0.00000e+00 0.00000e+00]
 [8.15817e-01 4.28000e-04 3.02130e-02 3.39000e-04 4.05280e-02 8.00000e-06
  1.07331e-01 5.25100e-03 3.10000e-05 5.40000e-05]
 [0.00000e+00 0.00000e+00 0.00000e+00 0.00000e+00 0.00000e+00 0.00000e+00
  0.00000e+00 0.00000e+00 0.00000e+00 0.00000e+00]
 [0.00000e+00 0.00000e+00 0.00000e+00 0.00000e+00 0.00000e+00 0.00000e+00
  0.00000e+00 0.00000e+00 0.00000e+00 0.00000e+00]
 [0.00000e+00 0.00000e+00 0.00000e+00 0.00000e+00 0.00000e+00 0.00000e+00
  0.00000e+00 0.00000e+00 0.00000e+00 0.00000e+00]
 [0.00000e+00 0.00000e+00 0.00000e+00 0.00000e+00 0.00000e+00 0.00000e+00
  0.00000e+00 0.00000e+00 0.00000e+00 0.00000e+00]
 [0.00000e+00 0.00000e+00 0.00000e+00 0.00000e+00 0.00000e+00 0.00000e+00
  0.00000e+00 0.00000e+00 0.00000e+00 0.00000e+00]]
[2026-06-17 22:43:04,520] INFO: [1mTest metric 0.04053[0m
[2026-06-17 22:43:04,815] INFO: [1mWritten output to reports/latest/part_weaver_predict_grouped_v1_HToWW4Q.root[0m
[2026-06-17 22:43:04,815] INFO: Running on test file group TTBarLep with 10 files:
.../home/maxwelhelp/Рабочий стол/JetClassOfficial/test_20M/TTBarLep_100.root
.../home/maxwelhelp/Рабочий стол/JetClassOfficial/test_20M/TTBarLep_101.root
.../home/maxwelhelp/Рабочий стол/JetClassOfficial/test_20M/TTBarLep_102.root
.../home/maxwelhelp/Рабочий стол/JetClassOfficial/test_20M/TTBarLep_103.root
.../home/maxwelhelp/Рабочий стол/JetClassOfficial/test_20M/TTBarLep_104.root
.../home/maxwelhelp/Рабочий стол/JetClassOfficial/test_20M/TTBarLep_105.root
.../home/maxwelhelp/Рабочий стол/JetClassOfficial/test_20M/TTBarLep_106.root
.../home/maxwelhelp/Рабочий стол/JetClassOfficial/test_20M/TTBarLep_107.root
.../home/maxwelhelp/Рабочий стол/JetClassOfficial/test_20M/TTBarLep_108.root
.../home/maxwelhelp/Рабочий стол/JetClassOfficial/test_20M/TTBarLep_109.root
[2026-06-17 22:43:04,826] INFO: [0;37mpreprocess config: {'method': 'manual', 'data_fraction': 0.5, 'params': None}[0m
[2026-06-17 22:43:04,827] INFO: [0;37mselection: None[0m
[2026-06-17 22:43:04,827] INFO: [0;37mtest_time_selection: None[0m
[2026-06-17 22:43:04,827] INFO: [0;37mvar_funcs:
 - ('part_mask', 'ak.ones_like(part_energy)')
 - ('part_pt', 'np.hypot(part_px, part_py)')
 - ('part_pt_log', 'np.log(part_pt)')
 - ('part_e_log', 'np.log(part_energy)')
 - ('part_logptrel', 'np.log(part_pt/jet_pt)')
 - ('part_logerel', 'np.log(part_energy/jet_energy)')
 - ('part_deltaR', 'np.hypot(part_deta, part_dphi)')
 - ('_label_', 'np.argmax(np.stack([ak.to_numpy(label_QCD),ak.to_numpy(label_Hbb),ak.to_numpy(label_Hcc),ak.to_numpy(label_Hgg),ak.to_numpy(label_H4q),ak.to_numpy(label_Hqql),ak.to_numpy(label_Zqq),ak.to_numpy(label_Wqq),ak.to_numpy(label_Tbqq),ak.to_numpy(label_Tbl)], axis=1), axis=1)')
 - ('_labelcheck_', 'np.sum(np.stack([ak.to_numpy(label_QCD),ak.to_numpy(label_Hbb),ak.to_numpy(label_Hcc),ak.to_numpy(label_Hgg),ak.to_numpy(label_H4q),ak.to_numpy(label_Hqql),ak.to_numpy(label_Zqq),ak.to_numpy(label_Wqq),ak.to_numpy(label_Tbqq),ak.to_numpy(label_Tbl)], axis=1), axis=1)')[0m
[2026-06-17 22:43:04,827] INFO: [0;37minput_names: ('pf_points', 'pf_features', 'pf_vectors', 'pf_mask')[0m
[2026-06-17 22:43:04,827] INFO: [0;37minput_dicts:
 - ('pf_points', ['part_deta', 'part_dphi'])
 - ('pf_features', ['part_pt_log', 'part_e_log', 'part_logptrel', 'part_logerel', 'part_deltaR', 'part_charge', 'part_isChargedHadron', 'part_isNeutralHadron', 'part_isPhoton', 'part_isElectron', 'part_isMuon', 'part_deta', 'part_dphi'])
 - ('pf_vectors', ['part_px', 'part_py', 'part_pz', 'part_energy'])
 - ('pf_mask', ['part_mask'])[0m
[2026-06-17 22:43:04,827] INFO: [0;37minput_shapes:
 - ('pf_points', (-1, 2, 128))
 - ('pf_features', (-1, 13, 128))
 - ('pf_vectors', (-1, 4, 128))
 - ('pf_mask', (-1, 1, 128))[0m
[2026-06-17 22:43:04,827] INFO: [0;37mpreprocess_params:
 - ('part_deta', {'length': 128, 'pad_mode': 'wrap', 'center': None, 'scale': 1, 'min': -5, 'max': 5, 'pad_value': 0})
 - ('part_dphi', {'length': 128, 'pad_mode': 'wrap', 'center': None, 'scale': 1, 'min': -5, 'max': 5, 'pad_value': 0})
 - ('part_pt_log', {'length': 128, 'pad_mode': 'wrap', 'center': 1.7, 'scale': 0.7, 'min': -5, 'max': 5, 'pad_value': 0})
 - ('part_e_log', {'length': 128, 'pad_mode': 'wrap', 'center': 2.0, 'scale': 0.7, 'min': -5, 'max': 5, 'pad_value': 0})
 - ('part_logptrel', {'length': 128, 'pad_mode': 'wrap', 'center': -4.7, 'scale': 0.7, 'min': -5, 'max': 5, 'pad_value': 0})
 - ('part_logerel', {'length': 128, 'pad_mode': 'wrap', 'center': -4.7, 'scale': 0.7, 'min': -5, 'max': 5, 'pad_value': 0})
 - ('part_deltaR', {'length': 128, 'pad_mode': 'wrap', 'center': 0.2, 'scale': 4.0, 'min': -5, 'max': 5, 'pad_value': 0})
 - ('part_charge', {'length': 128, 'pad_mode': 'wrap', 'center': None, 'scale': 1, 'min': -5, 'max': 5, 'pad_value': 0})
 - ('part_isChargedHadron', {'length': 128, 'pad_mode': 'wrap', 'center': None, 'scale': 1, 'min': -5, 'max': 5, 'pad_value': 0})
 - ('part_isNeutralHadron', {'length': 128, 'pad_mode': 'wrap', 'center': None, 'scale': 1, 'min': -5, 'max': 5, 'pad_value': 0})
 - ('part_isPhoton', {'length': 128, 'pad_mode': 'wrap', 'center': None, 'scale': 1, 'min': -5, 'max': 5, 'pad_value': 0})
 - ('part_isElectron', {'length': 128, 'pad_mode': 'wrap', 'center': None, 'scale': 1, 'min': -5, 'max': 5, 'pad_value': 0})
 - ('part_isMuon', {'length': 128, 'pad_mode': 'wrap', 'center': None, 'scale': 1, 'min': -5, 'max': 5, 'pad_value': 0})
 - ('part_px', {'length': 128, 'pad_mode': 'wrap', 'center': None, 'scale': 1, 'min': -5, 'max': 5, 'pad_value': 0})
 - ('part_py', {'length': 128, 'pad_mode': 'wrap', 'center': None, 'scale': 1, 'min': -5, 'max': 5, 'pad_value': 0})
 - ('part_pz', {'length': 128, 'pad_mode': 'wrap', 'center': None, 'scale': 1, 'min': -5, 'max': 5, 'pad_value': 0})
 - ('part_energy', {'length': 128, 'pad_mode': 'wrap', 'center': None, 'scale': 1, 'min': -5, 'max': 5, 'pad_value': 0})
 - ('part_mask', {'length': 128, 'pad_mode': 'constant', 'center': None, 'scale': 1, 'min': -5, 'max': 5, 'pad_value': 0})[0m
[2026-06-17 22:43:04,827] INFO: [0;37mlabel_names: ('_label_',)[0m
[2026-06-17 22:43:04,828] INFO: [0;37mobserver_names: ('jet_pt', 'jet_eta', 'jet_phi', 'jet_energy', 'jet_nparticles', 'jet_sdmass', 'jet_tau1', 'jet_tau2', 'jet_tau3', 'jet_tau4')[0m
[2026-06-17 22:43:04,828] INFO: [0;37mmonitor_variables: ()[0m
[2026-06-17 22:43:04,837] INFO: [0;37mpreprocess config: {'method': 'manual', 'data_fraction': 0.5, 'params': None}[0m
[2026-06-17 22:43:04,837] INFO: [0;37mselection: None[0m
[2026-06-17 22:43:04,837] INFO: [0;37mtest_time_selection: None[0m
[2026-06-17 22:43:04,838] INFO: [0;37mvar_funcs:
 - ('part_mask', 'ak.ones_like(part_energy)')
 - ('part_pt', 'np.hypot(part_px, part_py)')
 - ('part_pt_log', 'np.log(part_pt)')
 - ('part_e_log', 'np.log(part_energy)')
 - ('part_logptrel', 'np.log(part_pt/jet_pt)')
 - ('part_logerel', 'np.log(part_energy/jet_energy)')
 - ('part_deltaR', 'np.hypot(part_deta, part_dphi)')
 - ('_label_', 'np.argmax(np.stack([ak.to_numpy(label_QCD),ak.to_numpy(label_Hbb),ak.to_numpy(label_Hcc),ak.to_numpy(label_Hgg),ak.to_numpy(label_H4q),ak.to_numpy(label_Hqql),ak.to_numpy(label_Zqq),ak.to_numpy(label_Wqq),ak.to_numpy(label_Tbqq),ak.to_numpy(label_Tbl)], axis=1), axis=1)')
 - ('_labelcheck_', 'np.sum(np.stack([ak.to_numpy(label_QCD),ak.to_numpy(label_Hbb),ak.to_numpy(label_Hcc),ak.to_numpy(label_Hgg),ak.to_numpy(label_H4q),ak.to_numpy(label_Hqql),ak.to_numpy(label_Zqq),ak.to_numpy(label_Wqq),ak.to_numpy(label_Tbqq),ak.to_numpy(label_Tbl)], axis=1), axis=1)')[0m
[2026-06-17 22:43:04,838] INFO: [0;37minput_names: ('pf_points', 'pf_features', 'pf_vectors', 'pf_mask')[0m
[2026-06-17 22:43:04,838] INFO: [0;37minput_dicts:
 - ('pf_points', ['part_deta', 'part_dphi'])
 - ('pf_features', ['part_pt_log', 'part_e_log', 'part_logptrel', 'part_logerel', 'part_deltaR', 'part_charge', 'part_isChargedHadron', 'part_isNeutralHadron', 'part_isPhoton', 'part_isElectron', 'part_isMuon', 'part_deta', 'part_dphi'])
 - ('pf_vectors', ['part_px', 'part_py', 'part_pz', 'part_energy'])
 - ('pf_mask', ['part_mask'])[0m
[2026-06-17 22:43:04,838] INFO: [0;37minput_shapes:
 - ('pf_points', (-1, 2, 128))
 - ('pf_features', (-1, 13, 128))
 - ('pf_vectors', (-1, 4, 128))
 - ('pf_mask', (-1, 1, 128))[0m
[2026-06-17 22:43:04,838] INFO: [0;37mpreprocess_params:
 - ('part_deta', {'length': 128, 'pad_mode': 'wrap', 'center': None, 'scale': 1, 'min': -5, 'max': 5, 'pad_value': 0})
 - ('part_dphi', {'length': 128, 'pad_mode': 'wrap', 'center': None, 'scale': 1, 'min': -5, 'max': 5, 'pad_value': 0})
 - ('part_pt_log', {'length': 128, 'pad_mode': 'wrap', 'center': 1.7, 'scale': 0.7, 'min': -5, 'max': 5, 'pad_value': 0})
 - ('part_e_log', {'length': 128, 'pad_mode': 'wrap', 'center': 2.0, 'scale': 0.7, 'min': -5, 'max': 5, 'pad_value': 0})
 - ('part_logptrel', {'length': 128, 'pad_mode': 'wrap', 'center': -4.7, 'scale': 0.7, 'min': -5, 'max': 5, 'pad_value': 0})
 - ('part_logerel', {'length': 128, 'pad_mode': 'wrap', 'center': -4.7, 'scale': 0.7, 'min': -5, 'max': 5, 'pad_value': 0})
 - ('part_deltaR', {'length': 128, 'pad_mode': 'wrap', 'center': 0.2, 'scale': 4.0, 'min': -5, 'max': 5, 'pad_value': 0})
 - ('part_charge', {'length': 128, 'pad_mode': 'wrap', 'center': None, 'scale': 1, 'min': -5, 'max': 5, 'pad_value': 0})
 - ('part_isChargedHadron', {'length': 128, 'pad_mode': 'wrap', 'center': None, 'scale': 1, 'min': -5, 'max': 5, 'pad_value': 0})
 - ('part_isNeutralHadron', {'length': 128, 'pad_mode': 'wrap', 'center': None, 'scale': 1, 'min': -5, 'max': 5, 'pad_value': 0})
 - ('part_isPhoton', {'length': 128, 'pad_mode': 'wrap', 'center': None, 'scale': 1, 'min': -5, 'max': 5, 'pad_value': 0})
 - ('part_isElectron', {'length': 128, 'pad_mode': 'wrap', 'center': None, 'scale': 1, 'min': -5, 'max': 5, 'pad_value': 0})
 - ('part_isMuon', {'length': 128, 'pad_mode': 'wrap', 'center': None, 'scale': 1, 'min': -5, 'max': 5, 'pad_value': 0})
 - ('part_px', {'length': 128, 'pad_mode': 'wrap', 'center': None, 'scale': 1, 'min': -5, 'max': 5, 'pad_value': 0})
 - ('part_py', {'length': 128, 'pad_mode': 'wrap', 'center': None, 'scale': 1, 'min': -5, 'max': 5, 'pad_value': 0})
 - ('part_pz', {'length': 128, 'pad_mode': 'wrap', 'center': None, 'scale': 1, 'min': -5, 'max': 5, 'pad_value': 0})
 - ('part_energy', {'length': 128, 'pad_mode': 'wrap', 'center': None, 'scale': 1, 'min': -5, 'max': 5, 'pad_value': 0})
 - ('part_mask', {'length': 128, 'pad_mode': 'constant', 'center': None, 'scale': 1, 'min': -5, 'max': 5, 'pad_value': 0})[0m
[2026-06-17 22:43:04,838] INFO: [0;37mlabel_names: ('_label_',)[0m
[2026-06-17 22:43:04,838] INFO: [0;37mobserver_names: ('jet_pt', 'jet_eta', 'jet_phi', 'jet_energy', 'jet_nparticles', 'jet_sdmass', 'jet_tau1', 'jet_tau2', 'jet_tau3', 'jet_tau4')[0m
[2026-06-17 22:43:04,838] INFO: [0;37mmonitor_variables: ()[0m
[2026-06-17 22:43:05,211] INFO: === Restarting DataIter test_TTBarLep_worker0, seed=1038323892 ===
[2026-06-17 22:43:05,212] INFO: Restarted DataIter test_TTBarLep_worker0, load_range=(0, 1), file_list:
{
  "TTBarLep": [
    "/home/maxwelhelp/\u0420\u0430\u0431\u043e\u0447\u0438\u0439 \u0441\u0442\u043e\u043b/JetClassOfficial/test_20M/TTBarLep_100.root",
    "/home/maxwelhelp/\u0420\u0430\u0431\u043e\u0447\u0438\u0439 \u0441\u0442\u043e\u043b/JetClassOfficial/test_20M/TTBarLep_101.root",
    "/home/maxwelhelp/\u0420\u0430\u0431\u043e\u0447\u0438\u0439 \u0441\u0442\u043e\u043b/JetClassOfficial/test_20M/TTBarLep_102.root",
    "/home/maxwelhelp/\u0420\u0430\u0431\u043e\u0447\u0438\u0439 \u0441\u0442\u043e\u043b/JetClassOfficial/test_20M/TTBarLep_103.root",
    "/home/maxwelhelp/\u0420\u0430\u0431\u043e\u0447\u0438\u0439 \u0441\u0442\u043e\u043b/JetClassOfficial/test_20M/TTBarLep_104.root",
    "/home/maxwelhelp/\u0420\u0430\u0431\u043e\u0447\u0438\u0439 \u0441\u0442\u043e\u043b/JetClassOfficial/test_20M/TTBarLep_105.root",
    "/home/maxwelhelp/\u0420\u0430\u0431\u043e\u0447\u0438\u0439 \u0441\u0442\u043e\u043b/JetClassOfficial/test_20M/TTBarLep_106.root",
    "/home/maxwelhelp/\u0420\u0430\u0431\u043e\u0447\u0438\u0439 \u0441\u0442\u043e\u043b/JetClassOfficial/test_20M/TTBarLep_107.root",
    "/home/maxwelhelp/\u0420\u0430\u0431\u043e\u0447\u0438\u0439 \u0441\u0442\u043e\u043b/JetClassOfficial/test_20M/TTBarLep_108.root",
    "/home/maxwelhelp/\u0420\u0430\u0431\u043e\u0447\u0438\u0439 \u0441\u0442\u043e\u043b/JetClassOfficial/test_20M/TTBarLep_109.root"
  ]
}
[2026-06-17 22:52:28,347] INFO: Processed 1000000 entries in total (avg. speed 1775.5 entries/s)
[2026-06-17 22:52:28,347] INFO: Eval AvgLoss: 0.00000, AvgAcc: 0.03207
[2026-06-17 22:52:28,347] INFO: Evaluation class distribution: 
    [(np.int64(9), 1000000)]
[2026-06-17 22:52:28,613] WARNING: Cannot compute metric roc_auc_score: Number of classes in y_true not equal to the number of columns in 'y_score'
[2026-06-17 22:52:35,191] INFO: Evaluation metrics: 
    - roc_auc_score: 
None
    - roc_auc_score_matrix: 
[[ 0. nan nan nan nan nan nan nan nan nan]
 [ 0.  0. nan nan nan nan nan nan nan nan]
 [ 0.  0.  0. nan nan nan nan nan nan nan]
 [ 0.  0.  0.  0. nan nan nan nan nan nan]
 [ 0.  0.  0.  0.  0. nan nan nan nan nan]
 [ 0.  0.  0.  0.  0.  0. nan nan nan nan]
 [ 0.  0.  0.  0.  0.  0.  0. nan nan nan]
 [ 0.  0.  0.  0.  0.  0.  0.  0. nan nan]
 [ 0.  0.  0.  0.  0.  0.  0.  0.  0. nan]
 [ 0.  0.  0.  0.  0.  0.  0.  0.  0.  0.]]
    - confusion_matrix: 
[[0.00000e+00 0.00000e+00 0.00000e+00 0.00000e+00 0.00000e+00 0.00000e+00
  0.00000e+00 0.00000e+00 0.00000e+00 0.00000e+00]
 [0.00000e+00 0.00000e+00 0.00000e+00 0.00000e+00 0.00000e+00 0.00000e+00
  0.00000e+00 0.00000e+00 0.00000e+00 0.00000e+00]
 [0.00000e+00 0.00000e+00 0.00000e+00 0.00000e+00 0.00000e+00 0.00000e+00
  0.00000e+00 0.00000e+00 0.00000e+00 0.00000e+00]
 [0.00000e+00 0.00000e+00 0.00000e+00 0.00000e+00 0.00000e+00 0.00000e+00
  0.00000e+00 0.00000e+00 0.00000e+00 0.00000e+00]
 [0.00000e+00 0.00000e+00 0.00000e+00 0.00000e+00 0.00000e+00 0.00000e+00
  0.00000e+00 0.00000e+00 0.00000e+00 0.00000e+00]
 [0.00000e+00 0.00000e+00 0.00000e+00 0.00000e+00 0.00000e+00 0.00000e+00
  0.00000e+00 0.00000e+00 0.00000e+00 0.00000e+00]
 [0.00000e+00 0.00000e+00 0.00000e+00 0.00000e+00 0.00000e+00 0.00000e+00
  0.00000e+00 0.00000e+00 0.00000e+00 0.00000e+00]
 [0.00000e+00 0.00000e+00 0.00000e+00 0.00000e+00 0.00000e+00 0.00000e+00
  0.00000e+00 0.00000e+00 0.00000e+00 0.00000e+00]
 [0.00000e+00 0.00000e+00 0.00000e+00 0.00000e+00 0.00000e+00 0.00000e+00
  0.00000e+00 0.00000e+00 0.00000e+00 0.00000e+00]
 [5.15197e-01 9.54570e-02 8.88750e-02 2.33600e-03 2.51900e-03 1.79360e-02
  2.08954e-01 3.62000e-02 4.55000e-04 3.20710e-02]]
[2026-06-17 22:52:52,694] INFO: [1mTest metric 0.03207[0m
[2026-06-17 22:52:52,992] INFO: [1mWritten output to reports/latest/part_weaver_predict_grouped_v1_TTBarLep.root[0m
[2026-06-17 22:52:52,992] INFO: Running on test file group TTBar with 10 files:
.../home/maxwelhelp/Рабочий стол/JetClassOfficial/test_20M/TTBar_100.root
.../home/maxwelhelp/Рабочий стол/JetClassOfficial/test_20M/TTBar_101.root
.../home/maxwelhelp/Рабочий стол/JetClassOfficial/test_20M/TTBar_102.root
.../home/maxwelhelp/Рабочий стол/JetClassOfficial/test_20M/TTBar_103.root
.../home/maxwelhelp/Рабочий стол/JetClassOfficial/test_20M/TTBar_104.root
.../home/maxwelhelp/Рабочий стол/JetClassOfficial/test_20M/TTBar_105.root
.../home/maxwelhelp/Рабочий стол/JetClassOfficial/test_20M/TTBar_106.root
.../home/maxwelhelp/Рабочий стол/JetClassOfficial/test_20M/TTBar_107.root
.../home/maxwelhelp/Рабочий стол/JetClassOfficial/test_20M/TTBar_108.root
.../home/maxwelhelp/Рабочий стол/JetClassOfficial/test_20M/TTBar_109.root
[2026-06-17 22:52:53,002] INFO: [0;37mpreprocess config: {'method': 'manual', 'data_fraction': 0.5, 'params': None}[0m
[2026-06-17 22:52:53,003] INFO: [0;37mselection: None[0m
[2026-06-17 22:52:53,003] INFO: [0;37mtest_time_selection: None[0m
[2026-06-17 22:52:53,003] INFO: [0;37mvar_funcs:
 - ('part_mask', 'ak.ones_like(part_energy)')
 - ('part_pt', 'np.hypot(part_px, part_py)')
 - ('part_pt_log', 'np.log(part_pt)')
 - ('part_e_log', 'np.log(part_energy)')
 - ('part_logptrel', 'np.log(part_pt/jet_pt)')
 - ('part_logerel', 'np.log(part_energy/jet_energy)')
 - ('part_deltaR', 'np.hypot(part_deta, part_dphi)')
 - ('_label_', 'np.argmax(np.stack([ak.to_numpy(label_QCD),ak.to_numpy(label_Hbb),ak.to_numpy(label_Hcc),ak.to_numpy(label_Hgg),ak.to_numpy(label_H4q),ak.to_numpy(label_Hqql),ak.to_numpy(label_Zqq),ak.to_numpy(label_Wqq),ak.to_numpy(label_Tbqq),ak.to_numpy(label_Tbl)], axis=1), axis=1)')
 - ('_labelcheck_', 'np.sum(np.stack([ak.to_numpy(label_QCD),ak.to_numpy(label_Hbb),ak.to_numpy(label_Hcc),ak.to_numpy(label_Hgg),ak.to_numpy(label_H4q),ak.to_numpy(label_Hqql),ak.to_numpy(label_Zqq),ak.to_numpy(label_Wqq),ak.to_numpy(label_Tbqq),ak.to_numpy(label_Tbl)], axis=1), axis=1)')[0m
[2026-06-17 22:52:53,003] INFO: [0;37minput_names: ('pf_points', 'pf_features', 'pf_vectors', 'pf_mask')[0m
[2026-06-17 22:52:53,003] INFO: [0;37minput_dicts:
 - ('pf_points', ['part_deta', 'part_dphi'])
 - ('pf_features', ['part_pt_log', 'part_e_log', 'part_logptrel', 'part_logerel', 'part_deltaR', 'part_charge', 'part_isChargedHadron', 'part_isNeutralHadron', 'part_isPhoton', 'part_isElectron', 'part_isMuon', 'part_deta', 'part_dphi'])
 - ('pf_vectors', ['part_px', 'part_py', 'part_pz', 'part_energy'])
 - ('pf_mask', ['part_mask'])[0m
[2026-06-17 22:52:53,003] INFO: [0;37minput_shapes:
 - ('pf_points', (-1, 2, 128))
 - ('pf_features', (-1, 13, 128))
 - ('pf_vectors', (-1, 4, 128))
 - ('pf_mask', (-1, 1, 128))[0m
[2026-06-17 22:52:53,003] INFO: [0;37mpreprocess_params:
 - ('part_deta', {'length': 128, 'pad_mode': 'wrap', 'center': None, 'scale': 1, 'min': -5, 'max': 5, 'pad_value': 0})
 - ('part_dphi', {'length': 128, 'pad_mode': 'wrap', 'center': None, 'scale': 1, 'min': -5, 'max': 5, 'pad_value': 0})
 - ('part_pt_log', {'length': 128, 'pad_mode': 'wrap', 'center': 1.7, 'scale': 0.7, 'min': -5, 'max': 5, 'pad_value': 0})
 - ('part_e_log', {'length': 128, 'pad_mode': 'wrap', 'center': 2.0, 'scale': 0.7, 'min': -5, 'max': 5, 'pad_value': 0})
 - ('part_logptrel', {'length': 128, 'pad_mode': 'wrap', 'center': -4.7, 'scale': 0.7, 'min': -5, 'max': 5, 'pad_value': 0})
 - ('part_logerel', {'length': 128, 'pad_mode': 'wrap', 'center': -4.7, 'scale': 0.7, 'min': -5, 'max': 5, 'pad_value': 0})
 - ('part_deltaR', {'length': 128, 'pad_mode': 'wrap', 'center': 0.2, 'scale': 4.0, 'min': -5, 'max': 5, 'pad_value': 0})
 - ('part_charge', {'length': 128, 'pad_mode': 'wrap', 'center': None, 'scale': 1, 'min': -5, 'max': 5, 'pad_value': 0})
 - ('part_isChargedHadron', {'length': 128, 'pad_mode': 'wrap', 'center': None, 'scale': 1, 'min': -5, 'max': 5, 'pad_value': 0})
 - ('part_isNeutralHadron', {'length': 128, 'pad_mode': 'wrap', 'center': None, 'scale': 1, 'min': -5, 'max': 5, 'pad_value': 0})
 - ('part_isPhoton', {'length': 128, 'pad_mode': 'wrap', 'center': None, 'scale': 1, 'min': -5, 'max': 5, 'pad_value': 0})
 - ('part_isElectron', {'length': 128, 'pad_mode': 'wrap', 'center': None, 'scale': 1, 'min': -5, 'max': 5, 'pad_value': 0})
 - ('part_isMuon', {'length': 128, 'pad_mode': 'wrap', 'center': None, 'scale': 1, 'min': -5, 'max': 5, 'pad_value': 0})
 - ('part_px', {'length': 128, 'pad_mode': 'wrap', 'center': None, 'scale': 1, 'min': -5, 'max': 5, 'pad_value': 0})
 - ('part_py', {'length': 128, 'pad_mode': 'wrap', 'center': None, 'scale': 1, 'min': -5, 'max': 5, 'pad_value': 0})
 - ('part_pz', {'length': 128, 'pad_mode': 'wrap', 'center': None, 'scale': 1, 'min': -5, 'max': 5, 'pad_value': 0})
 - ('part_energy', {'length': 128, 'pad_mode': 'wrap', 'center': None, 'scale': 1, 'min': -5, 'max': 5, 'pad_value': 0})
 - ('part_mask', {'length': 128, 'pad_mode': 'constant', 'center': None, 'scale': 1, 'min': -5, 'max': 5, 'pad_value': 0})[0m
[2026-06-17 22:52:53,003] INFO: [0;37mlabel_names: ('_label_',)[0m
[2026-06-17 22:52:53,003] INFO: [0;37mobserver_names: ('jet_pt', 'jet_eta', 'jet_phi', 'jet_energy', 'jet_nparticles', 'jet_sdmass', 'jet_tau1', 'jet_tau2', 'jet_tau3', 'jet_tau4')[0m
[2026-06-17 22:52:53,004] INFO: [0;37mmonitor_variables: ()[0m
[2026-06-17 22:52:53,013] INFO: [0;37mpreprocess config: {'method': 'manual', 'data_fraction': 0.5, 'params': None}[0m
[2026-06-17 22:52:53,013] INFO: [0;37mselection: None[0m
[2026-06-17 22:52:53,013] INFO: [0;37mtest_time_selection: None[0m
[2026-06-17 22:52:53,013] INFO: [0;37mvar_funcs:
 - ('part_mask', 'ak.ones_like(part_energy)')
 - ('part_pt', 'np.hypot(part_px, part_py)')
 - ('part_pt_log', 'np.log(part_pt)')
 - ('part_e_log', 'np.log(part_energy)')
 - ('part_logptrel', 'np.log(part_pt/jet_pt)')
 - ('part_logerel', 'np.log(part_energy/jet_energy)')
 - ('part_deltaR', 'np.hypot(part_deta, part_dphi)')
 - ('_label_', 'np.argmax(np.stack([ak.to_numpy(label_QCD),ak.to_numpy(label_Hbb),ak.to_numpy(label_Hcc),ak.to_numpy(label_Hgg),ak.to_numpy(label_H4q),ak.to_numpy(label_Hqql),ak.to_numpy(label_Zqq),ak.to_numpy(label_Wqq),ak.to_numpy(label_Tbqq),ak.to_numpy(label_Tbl)], axis=1), axis=1)')
 - ('_labelcheck_', 'np.sum(np.stack([ak.to_numpy(label_QCD),ak.to_numpy(label_Hbb),ak.to_numpy(label_Hcc),ak.to_numpy(label_Hgg),ak.to_numpy(label_H4q),ak.to_numpy(label_Hqql),ak.to_numpy(label_Zqq),ak.to_numpy(label_Wqq),ak.to_numpy(label_Tbqq),ak.to_numpy(label_Tbl)], axis=1), axis=1)')[0m
[2026-06-17 22:52:53,013] INFO: [0;37minput_names: ('pf_points', 'pf_features', 'pf_vectors', 'pf_mask')[0m
[2026-06-17 22:52:53,013] INFO: [0;37minput_dicts:
 - ('pf_points', ['part_deta', 'part_dphi'])
 - ('pf_features', ['part_pt_log', 'part_e_log', 'part_logptrel', 'part_logerel', 'part_deltaR', 'part_charge', 'part_isChargedHadron', 'part_isNeutralHadron', 'part_isPhoton', 'part_isElectron', 'part_isMuon', 'part_deta', 'part_dphi'])
 - ('pf_vectors', ['part_px', 'part_py', 'part_pz', 'part_energy'])
 - ('pf_mask', ['part_mask'])[0m
[2026-06-17 22:52:53,014] INFO: [0;37minput_shapes:
 - ('pf_points', (-1, 2, 128))
 - ('pf_features', (-1, 13, 128))
 - ('pf_vectors', (-1, 4, 128))
 - ('pf_mask', (-1, 1, 128))[0m
[2026-06-17 22:52:53,014] INFO: [0;37mpreprocess_params:
 - ('part_deta', {'length': 128, 'pad_mode': 'wrap', 'center': None, 'scale': 1, 'min': -5, 'max': 5, 'pad_value': 0})
 - ('part_dphi', {'length': 128, 'pad_mode': 'wrap', 'center': None, 'scale': 1, 'min': -5, 'max': 5, 'pad_value': 0})
 - ('part_pt_log', {'length': 128, 'pad_mode': 'wrap', 'center': 1.7, 'scale': 0.7, 'min': -5, 'max': 5, 'pad_value': 0})
 - ('part_e_log', {'length': 128, 'pad_mode': 'wrap', 'center': 2.0, 'scale': 0.7, 'min': -5, 'max': 5, 'pad_value': 0})
 - ('part_logptrel', {'length': 128, 'pad_mode': 'wrap', 'center': -4.7, 'scale': 0.7, 'min': -5, 'max': 5, 'pad_value': 0})
 - ('part_logerel', {'length': 128, 'pad_mode': 'wrap', 'center': -4.7, 'scale': 0.7, 'min': -5, 'max': 5, 'pad_value': 0})
 - ('part_deltaR', {'length': 128, 'pad_mode': 'wrap', 'center': 0.2, 'scale': 4.0, 'min': -5, 'max': 5, 'pad_value': 0})
 - ('part_charge', {'length': 128, 'pad_mode': 'wrap', 'center': None, 'scale': 1, 'min': -5, 'max': 5, 'pad_value': 0})
 - ('part_isChargedHadron', {'length': 128, 'pad_mode': 'wrap', 'center': None, 'scale': 1, 'min': -5, 'max': 5, 'pad_value': 0})
 - ('part_isNeutralHadron', {'length': 128, 'pad_mode': 'wrap', 'center': None, 'scale': 1, 'min': -5, 'max': 5, 'pad_value': 0})
 - ('part_isPhoton', {'length': 128, 'pad_mode': 'wrap', 'center': None, 'scale': 1, 'min': -5, 'max': 5, 'pad_value': 0})
 - ('part_isElectron', {'length': 128, 'pad_mode': 'wrap', 'center': None, 'scale': 1, 'min': -5, 'max': 5, 'pad_value': 0})
 - ('part_isMuon', {'length': 128, 'pad_mode': 'wrap', 'center': None, 'scale': 1, 'min': -5, 'max': 5, 'pad_value': 0})
 - ('part_px', {'length': 128, 'pad_mode': 'wrap', 'center': None, 'scale': 1, 'min': -5, 'max': 5, 'pad_value': 0})
 - ('part_py', {'length': 128, 'pad_mode': 'wrap', 'center': None, 'scale': 1, 'min': -5, 'max': 5, 'pad_value': 0})
 - ('part_pz', {'length': 128, 'pad_mode': 'wrap', 'center': None, 'scale': 1, 'min': -5, 'max': 5, 'pad_value': 0})
 - ('part_energy', {'length': 128, 'pad_mode': 'wrap', 'center': None, 'scale': 1, 'min': -5, 'max': 5, 'pad_value': 0})
 - ('part_mask', {'length': 128, 'pad_mode': 'constant', 'center': None, 'scale': 1, 'min': -5, 'max': 5, 'pad_value': 0})[0m
[2026-06-17 22:52:53,014] INFO: [0;37mlabel_names: ('_label_',)[0m
[2026-06-17 22:52:53,014] INFO: [0;37mobserver_names: ('jet_pt', 'jet_eta', 'jet_phi', 'jet_energy', 'jet_nparticles', 'jet_sdmass', 'jet_tau1', 'jet_tau2', 'jet_tau3', 'jet_tau4')[0m
[2026-06-17 22:52:53,014] INFO: [0;37mmonitor_variables: ()[0m
[2026-06-17 22:52:53,350] INFO: === Restarting DataIter test_TTBar_worker0, seed=2664253562 ===
[2026-06-17 22:52:53,351] INFO: Restarted DataIter test_TTBar_worker0, load_range=(0, 1), file_list:
{
  "TTBar": [
    "/home/maxwelhelp/\u0420\u0430\u0431\u043e\u0447\u0438\u0439 \u0441\u0442\u043e\u043b/JetClassOfficial/test_20M/TTBar_100.root",
    "/home/maxwelhelp/\u0420\u0430\u0431\u043e\u0447\u0438\u0439 \u0441\u0442\u043e\u043b/JetClassOfficial/test_20M/TTBar_101.root",
    "/home/maxwelhelp/\u0420\u0430\u0431\u043e\u0447\u0438\u0439 \u0441\u0442\u043e\u043b/JetClassOfficial/test_20M/TTBar_102.root",
    "/home/maxwelhelp/\u0420\u0430\u0431\u043e\u0447\u0438\u0439 \u0441\u0442\u043e\u043b/JetClassOfficial/test_20M/TTBar_103.root",
    "/home/maxwelhelp/\u0420\u0430\u0431\u043e\u0447\u0438\u0439 \u0441\u0442\u043e\u043b/JetClassOfficial/test_20M/TTBar_104.root",
    "/home/maxwelhelp/\u0420\u0430\u0431\u043e\u0447\u0438\u0439 \u0441\u0442\u043e\u043b/JetClassOfficial/test_20M/TTBar_105.root",
    "/home/maxwelhelp/\u0420\u0430\u0431\u043e\u0447\u0438\u0439 \u0441\u0442\u043e\u043b/JetClassOfficial/test_20M/TTBar_106.root",
    "/home/maxwelhelp/\u0420\u0430\u0431\u043e\u0447\u0438\u0439 \u0441\u0442\u043e\u043b/JetClassOfficial/test_20M/TTBar_107.root",
    "/home/maxwelhelp/\u0420\u0430\u0431\u043e\u0447\u0438\u0439 \u0441\u0442\u043e\u043b/JetClassOfficial/test_20M/TTBar_108.root",
    "/home/maxwelhelp/\u0420\u0430\u0431\u043e\u0447\u0438\u0439 \u0441\u0442\u043e\u043b/JetClassOfficial/test_20M/TTBar_109.root"
  ]
}
[2026-06-17 23:03:22,737] INFO: Processed 1000000 entries in total (avg. speed 1588.6 entries/s)
[2026-06-17 23:03:22,737] INFO: Eval AvgLoss: 0.00000, AvgAcc: 0.00001
[2026-06-17 23:03:22,737] INFO: Evaluation class distribution: 
    [(np.int64(8), 1000000)]
[2026-06-17 23:03:23,016] WARNING: Cannot compute metric roc_auc_score: Number of classes in y_true not equal to the number of columns in 'y_score'
[2026-06-17 23:03:29,577] INFO: Evaluation metrics: 
    - roc_auc_score: 
None
    - roc_auc_score_matrix: 
[[ 0. nan nan nan nan nan nan nan nan nan]
 [ 0.  0. nan nan nan nan nan nan nan nan]
 [ 0.  0.  0. nan nan nan nan nan nan nan]
 [ 0.  0.  0.  0. nan nan nan nan nan nan]
 [ 0.  0.  0.  0.  0. nan nan nan nan nan]
 [ 0.  0.  0.  0.  0.  0. nan nan nan nan]
 [ 0.  0.  0.  0.  0.  0.  0. nan nan nan]
 [ 0.  0.  0.  0.  0.  0.  0.  0. nan nan]
 [ 0.  0.  0.  0.  0.  0.  0.  0.  0. nan]
 [ 0.  0.  0.  0.  0.  0.  0.  0.  0.  0.]]
    - confusion_matrix: 
[[0.00000e+00 0.00000e+00 0.00000e+00 0.00000e+00 0.00000e+00 0.00000e+00
  0.00000e+00 0.00000e+00 0.00000e+00 0.00000e+00]
 [0.00000e+00 0.00000e+00 0.00000e+00 0.00000e+00 0.00000e+00 0.00000e+00
  0.00000e+00 0.00000e+00 0.00000e+00 0.00000e+00]
 [0.00000e+00 0.00000e+00 0.00000e+00 0.00000e+00 0.00000e+00 0.00000e+00
  0.00000e+00 0.00000e+00 0.00000e+00 0.00000e+00]
 [0.00000e+00 0.00000e+00 0.00000e+00 0.00000e+00 0.00000e+00 0.00000e+00
  0.00000e+00 0.00000e+00 0.00000e+00 0.00000e+00]
 [0.00000e+00 0.00000e+00 0.00000e+00 0.00000e+00 0.00000e+00 0.00000e+00
  0.00000e+00 0.00000e+00 0.00000e+00 0.00000e+00]
 [0.00000e+00 0.00000e+00 0.00000e+00 0.00000e+00 0.00000e+00 0.00000e+00
  0.00000e+00 0.00000e+00 0.00000e+00 0.00000e+00]
 [0.00000e+00 0.00000e+00 0.00000e+00 0.00000e+00 0.00000e+00 0.00000e+00
  0.00000e+00 0.00000e+00 0.00000e+00 0.00000e+00]
 [0.00000e+00 0.00000e+00 0.00000e+00 0.00000e+00 0.00000e+00 0.00000e+00
  0.00000e+00 0.00000e+00 0.00000e+00 0.00000e+00]
 [9.80247e-01 1.09000e-04 6.14000e-04 4.00000e-05 3.18000e-03 4.60000e-05
  1.15220e-02 4.14600e-03 6.00000e-06 9.00000e-05]
 [0.00000e+00 0.00000e+00 0.00000e+00 0.00000e+00 0.00000e+00 0.00000e+00
  0.00000e+00 0.00000e+00 0.00000e+00 0.00000e+00]]
[2026-06-17 23:03:47,553] INFO: [1mTest metric 0.00001[0m
[2026-06-17 23:03:47,857] INFO: [1mWritten output to reports/latest/part_weaver_predict_grouped_v1_TTBar.root[0m
[2026-06-17 23:03:47,858] INFO: Running on test file group WToQQ with 10 files:
.../home/maxwelhelp/Рабочий стол/JetClassOfficial/test_20M/WToQQ_100.root
.../home/maxwelhelp/Рабочий стол/JetClassOfficial/test_20M/WToQQ_101.root
.../home/maxwelhelp/Рабочий стол/JetClassOfficial/test_20M/WToQQ_102.root
.../home/maxwelhelp/Рабочий стол/JetClassOfficial/test_20M/WToQQ_103.root
.../home/maxwelhelp/Рабочий стол/JetClassOfficial/test_20M/WToQQ_104.root
.../home/maxwelhelp/Рабочий стол/JetClassOfficial/test_20M/WToQQ_105.root
.../home/maxwelhelp/Рабочий стол/JetClassOfficial/test_20M/WToQQ_106.root
.../home/maxwelhelp/Рабочий стол/JetClassOfficial/test_20M/WToQQ_107.root
.../home/maxwelhelp/Рабочий стол/JetClassOfficial/test_20M/WToQQ_108.root
.../home/maxwelhelp/Рабочий стол/JetClassOfficial/test_20M/WToQQ_109.root
[2026-06-17 23:03:47,868] INFO: [0;37mpreprocess config: {'method': 'manual', 'data_fraction': 0.5, 'params': None}[0m
[2026-06-17 23:03:47,868] INFO: [0;37mselection: None[0m
[2026-06-17 23:03:47,868] INFO: [0;37mtest_time_selection: None[0m
[2026-06-17 23:03:47,868] INFO: [0;37mvar_funcs:
 - ('part_mask', 'ak.ones_like(part_energy)')
 - ('part_pt', 'np.hypot(part_px, part_py)')
 - ('part_pt_log', 'np.log(part_pt)')
 - ('part_e_log', 'np.log(part_energy)')
 - ('part_logptrel', 'np.log(part_pt/jet_pt)')
 - ('part_logerel', 'np.log(part_energy/jet_energy)')
 - ('part_deltaR', 'np.hypot(part_deta, part_dphi)')
 - ('_label_', 'np.argmax(np.stack([ak.to_numpy(label_QCD),ak.to_numpy(label_Hbb),ak.to_numpy(label_Hcc),ak.to_numpy(label_Hgg),ak.to_numpy(label_H4q),ak.to_numpy(label_Hqql),ak.to_numpy(label_Zqq),ak.to_numpy(label_Wqq),ak.to_numpy(label_Tbqq),ak.to_numpy(label_Tbl)], axis=1), axis=1)')
 - ('_labelcheck_', 'np.sum(np.stack([ak.to_numpy(label_QCD),ak.to_numpy(label_Hbb),ak.to_numpy(label_Hcc),ak.to_numpy(label_Hgg),ak.to_numpy(label_H4q),ak.to_numpy(label_Hqql),ak.to_numpy(label_Zqq),ak.to_numpy(label_Wqq),ak.to_numpy(label_Tbqq),ak.to_numpy(label_Tbl)], axis=1), axis=1)')[0m
[2026-06-17 23:03:47,868] INFO: [0;37minput_names: ('pf_points', 'pf_features', 'pf_vectors', 'pf_mask')[0m
[2026-06-17 23:03:47,868] INFO: [0;37minput_dicts:
 - ('pf_points', ['part_deta', 'part_dphi'])
 - ('pf_features', ['part_pt_log', 'part_e_log', 'part_logptrel', 'part_logerel', 'part_deltaR', 'part_charge', 'part_isChargedHadron', 'part_isNeutralHadron', 'part_isPhoton', 'part_isElectron', 'part_isMuon', 'part_deta', 'part_dphi'])
 - ('pf_vectors', ['part_px', 'part_py', 'part_pz', 'part_energy'])
 - ('pf_mask', ['part_mask'])[0m
[2026-06-17 23:03:47,868] INFO: [0;37minput_shapes:
 - ('pf_points', (-1, 2, 128))
 - ('pf_features', (-1, 13, 128))
 - ('pf_vectors', (-1, 4, 128))
 - ('pf_mask', (-1, 1, 128))[0m
[2026-06-17 23:03:47,869] INFO: [0;37mpreprocess_params:
 - ('part_deta', {'length': 128, 'pad_mode': 'wrap', 'center': None, 'scale': 1, 'min': -5, 'max': 5, 'pad_value': 0})
 - ('part_dphi', {'length': 128, 'pad_mode': 'wrap', 'center': None, 'scale': 1, 'min': -5, 'max': 5, 'pad_value': 0})
 - ('part_pt_log', {'length': 128, 'pad_mode': 'wrap', 'center': 1.7, 'scale': 0.7, 'min': -5, 'max': 5, 'pad_value': 0})
 - ('part_e_log', {'length': 128, 'pad_mode': 'wrap', 'center': 2.0, 'scale': 0.7, 'min': -5, 'max': 5, 'pad_value': 0})
 - ('part_logptrel', {'length': 128, 'pad_mode': 'wrap', 'center': -4.7, 'scale': 0.7, 'min': -5, 'max': 5, 'pad_value': 0})
 - ('part_logerel', {'length': 128, 'pad_mode': 'wrap', 'center': -4.7, 'scale': 0.7, 'min': -5, 'max': 5, 'pad_value': 0})
 - ('part_deltaR', {'length': 128, 'pad_mode': 'wrap', 'center': 0.2, 'scale': 4.0, 'min': -5, 'max': 5, 'pad_value': 0})
 - ('part_charge', {'length': 128, 'pad_mode': 'wrap', 'center': None, 'scale': 1, 'min': -5, 'max': 5, 'pad_value': 0})
 - ('part_isChargedHadron', {'length': 128, 'pad_mode': 'wrap', 'center': None, 'scale': 1, 'min': -5, 'max': 5, 'pad_value': 0})
 - ('part_isNeutralHadron', {'length': 128, 'pad_mode': 'wrap', 'center': None, 'scale': 1, 'min': -5, 'max': 5, 'pad_value': 0})
 - ('part_isPhoton', {'length': 128, 'pad_mode': 'wrap', 'center': None, 'scale': 1, 'min': -5, 'max': 5, 'pad_value': 0})
 - ('part_isElectron', {'length': 128, 'pad_mode': 'wrap', 'center': None, 'scale': 1, 'min': -5, 'max': 5, 'pad_value': 0})
 - ('part_isMuon', {'length': 128, 'pad_mode': 'wrap', 'center': None, 'scale': 1, 'min': -5, 'max': 5, 'pad_value': 0})
 - ('part_px', {'length': 128, 'pad_mode': 'wrap', 'center': None, 'scale': 1, 'min': -5, 'max': 5, 'pad_value': 0})
 - ('part_py', {'length': 128, 'pad_mode': 'wrap', 'center': None, 'scale': 1, 'min': -5, 'max': 5, 'pad_value': 0})
 - ('part_pz', {'length': 128, 'pad_mode': 'wrap', 'center': None, 'scale': 1, 'min': -5, 'max': 5, 'pad_value': 0})
 - ('part_energy', {'length': 128, 'pad_mode': 'wrap', 'center': None, 'scale': 1, 'min': -5, 'max': 5, 'pad_value': 0})
 - ('part_mask', {'length': 128, 'pad_mode': 'constant', 'center': None, 'scale': 1, 'min': -5, 'max': 5, 'pad_value': 0})[0m
[2026-06-17 23:03:47,869] INFO: [0;37mlabel_names: ('_label_',)[0m
[2026-06-17 23:03:47,869] INFO: [0;37mobserver_names: ('jet_pt', 'jet_eta', 'jet_phi', 'jet_energy', 'jet_nparticles', 'jet_sdmass', 'jet_tau1', 'jet_tau2', 'jet_tau3', 'jet_tau4')[0m
[2026-06-17 23:03:47,869] INFO: [0;37mmonitor_variables: ()[0m
[2026-06-17 23:03:47,878] INFO: [0;37mpreprocess config: {'method': 'manual', 'data_fraction': 0.5, 'params': None}[0m
[2026-06-17 23:03:47,879] INFO: [0;37mselection: None[0m
[2026-06-17 23:03:47,879] INFO: [0;37mtest_time_selection: None[0m
[2026-06-17 23:03:47,879] INFO: [0;37mvar_funcs:
 - ('part_mask', 'ak.ones_like(part_energy)')
 - ('part_pt', 'np.hypot(part_px, part_py)')
 - ('part_pt_log', 'np.log(part_pt)')
 - ('part_e_log', 'np.log(part_energy)')
 - ('part_logptrel', 'np.log(part_pt/jet_pt)')
 - ('part_logerel', 'np.log(part_energy/jet_energy)')
 - ('part_deltaR', 'np.hypot(part_deta, part_dphi)')
 - ('_label_', 'np.argmax(np.stack([ak.to_numpy(label_QCD),ak.to_numpy(label_Hbb),ak.to_numpy(label_Hcc),ak.to_numpy(label_Hgg),ak.to_numpy(label_H4q),ak.to_numpy(label_Hqql),ak.to_numpy(label_Zqq),ak.to_numpy(label_Wqq),ak.to_numpy(label_Tbqq),ak.to_numpy(label_Tbl)], axis=1), axis=1)')
 - ('_labelcheck_', 'np.sum(np.stack([ak.to_numpy(label_QCD),ak.to_numpy(label_Hbb),ak.to_numpy(label_Hcc),ak.to_numpy(label_Hgg),ak.to_numpy(label_H4q),ak.to_numpy(label_Hqql),ak.to_numpy(label_Zqq),ak.to_numpy(label_Wqq),ak.to_numpy(label_Tbqq),ak.to_numpy(label_Tbl)], axis=1), axis=1)')[0m
[2026-06-17 23:03:47,879] INFO: [0;37minput_names: ('pf_points', 'pf_features', 'pf_vectors', 'pf_mask')[0m
[2026-06-17 23:03:47,879] INFO: [0;37minput_dicts:
 - ('pf_points', ['part_deta', 'part_dphi'])
 - ('pf_features', ['part_pt_log', 'part_e_log', 'part_logptrel', 'part_logerel', 'part_deltaR', 'part_charge', 'part_isChargedHadron', 'part_isNeutralHadron', 'part_isPhoton', 'part_isElectron', 'part_isMuon', 'part_deta', 'part_dphi'])
 - ('pf_vectors', ['part_px', 'part_py', 'part_pz', 'part_energy'])
 - ('pf_mask', ['part_mask'])[0m
[2026-06-17 23:03:47,879] INFO: [0;37minput_shapes:
 - ('pf_points', (-1, 2, 128))
 - ('pf_features', (-1, 13, 128))
 - ('pf_vectors', (-1, 4, 128))
 - ('pf_mask', (-1, 1, 128))[0m
[2026-06-17 23:03:47,879] INFO: [0;37mpreprocess_params:
 - ('part_deta', {'length': 128, 'pad_mode': 'wrap', 'center': None, 'scale': 1, 'min': -5, 'max': 5, 'pad_value': 0})
 - ('part_dphi', {'length': 128, 'pad_mode': 'wrap', 'center': None, 'scale': 1, 'min': -5, 'max': 5, 'pad_value': 0})
 - ('part_pt_log', {'length': 128, 'pad_mode': 'wrap', 'center': 1.7, 'scale': 0.7, 'min': -5, 'max': 5, 'pad_value': 0})
 - ('part_e_log', {'length': 128, 'pad_mode': 'wrap', 'center': 2.0, 'scale': 0.7, 'min': -5, 'max': 5, 'pad_value': 0})
 - ('part_logptrel', {'length': 128, 'pad_mode': 'wrap', 'center': -4.7, 'scale': 0.7, 'min': -5, 'max': 5, 'pad_value': 0})
 - ('part_logerel', {'length': 128, 'pad_mode': 'wrap', 'center': -4.7, 'scale': 0.7, 'min': -5, 'max': 5, 'pad_value': 0})
 - ('part_deltaR', {'length': 128, 'pad_mode': 'wrap', 'center': 0.2, 'scale': 4.0, 'min': -5, 'max': 5, 'pad_value': 0})
 - ('part_charge', {'length': 128, 'pad_mode': 'wrap', 'center': None, 'scale': 1, 'min': -5, 'max': 5, 'pad_value': 0})
 - ('part_isChargedHadron', {'length': 128, 'pad_mode': 'wrap', 'center': None, 'scale': 1, 'min': -5, 'max': 5, 'pad_value': 0})
 - ('part_isNeutralHadron', {'length': 128, 'pad_mode': 'wrap', 'center': None, 'scale': 1, 'min': -5, 'max': 5, 'pad_value': 0})
 - ('part_isPhoton', {'length': 128, 'pad_mode': 'wrap', 'center': None, 'scale': 1, 'min': -5, 'max': 5, 'pad_value': 0})
 - ('part_isElectron', {'length': 128, 'pad_mode': 'wrap', 'center': None, 'scale': 1, 'min': -5, 'max': 5, 'pad_value': 0})
 - ('part_isMuon', {'length': 128, 'pad_mode': 'wrap', 'center': None, 'scale': 1, 'min': -5, 'max': 5, 'pad_value': 0})
 - ('part_px', {'length': 128, 'pad_mode': 'wrap', 'center': None, 'scale': 1, 'min': -5, 'max': 5, 'pad_value': 0})
 - ('part_py', {'length': 128, 'pad_mode': 'wrap', 'center': None, 'scale': 1, 'min': -5, 'max': 5, 'pad_value': 0})
 - ('part_pz', {'length': 128, 'pad_mode': 'wrap', 'center': None, 'scale': 1, 'min': -5, 'max': 5, 'pad_value': 0})
 - ('part_energy', {'length': 128, 'pad_mode': 'wrap', 'center': None, 'scale': 1, 'min': -5, 'max': 5, 'pad_value': 0})
 - ('part_mask', {'length': 128, 'pad_mode': 'constant', 'center': None, 'scale': 1, 'min': -5, 'max': 5, 'pad_value': 0})[0m
[2026-06-17 23:03:47,879] INFO: [0;37mlabel_names: ('_label_',)[0m
[2026-06-17 23:03:47,879] INFO: [0;37mobserver_names: ('jet_pt', 'jet_eta', 'jet_phi', 'jet_energy', 'jet_nparticles', 'jet_sdmass', 'jet_tau1', 'jet_tau2', 'jet_tau3', 'jet_tau4')[0m
[2026-06-17 23:03:47,879] INFO: [0;37mmonitor_variables: ()[0m
[2026-06-17 23:03:48,223] INFO: === Restarting DataIter test_WToQQ_worker0, seed=2848129943 ===
[2026-06-17 23:03:48,224] INFO: Restarted DataIter test_WToQQ_worker0, load_range=(0, 1), file_list:
{
  "WToQQ": [
    "/home/maxwelhelp/\u0420\u0430\u0431\u043e\u0447\u0438\u0439 \u0441\u0442\u043e\u043b/JetClassOfficial/test_20M/WToQQ_100.root",
    "/home/maxwelhelp/\u0420\u0430\u0431\u043e\u0447\u0438\u0439 \u0441\u0442\u043e\u043b/JetClassOfficial/test_20M/WToQQ_101.root",
    "/home/maxwelhelp/\u0420\u0430\u0431\u043e\u0447\u0438\u0439 \u0441\u0442\u043e\u043b/JetClassOfficial/test_20M/WToQQ_102.root",
    "/home/maxwelhelp/\u0420\u0430\u0431\u043e\u0447\u0438\u0439 \u0441\u0442\u043e\u043b/JetClassOfficial/test_20M/WToQQ_103.root",
    "/home/maxwelhelp/\u0420\u0430\u0431\u043e\u0447\u0438\u0439 \u0441\u0442\u043e\u043b/JetClassOfficial/test_20M/WToQQ_104.root",
    "/home/maxwelhelp/\u0420\u0430\u0431\u043e\u0447\u0438\u0439 \u0441\u0442\u043e\u043b/JetClassOfficial/test_20M/WToQQ_105.root",
    "/home/maxwelhelp/\u0420\u0430\u0431\u043e\u0447\u0438\u0439 \u0441\u0442\u043e\u043b/JetClassOfficial/test_20M/WToQQ_106.root",
    "/home/maxwelhelp/\u0420\u0430\u0431\u043e\u0447\u0438\u0439 \u0441\u0442\u043e\u043b/JetClassOfficial/test_20M/WToQQ_107.root",
    "/home/maxwelhelp/\u0420\u0430\u0431\u043e\u0447\u0438\u0439 \u0441\u0442\u043e\u043b/JetClassOfficial/test_20M/WToQQ_108.root",
    "/home/maxwelhelp/\u0420\u0430\u0431\u043e\u0447\u0438\u0439 \u0441\u0442\u043e\u043b/JetClassOfficial/test_20M/WToQQ_109.root"
  ]
}
[2026-06-17 23:13:17,905] INFO: Processed 1000000 entries in total (avg. speed 1755.1 entries/s)
[2026-06-17 23:13:17,905] INFO: Eval AvgLoss: 0.00000, AvgAcc: 0.00483
[2026-06-17 23:13:17,905] INFO: Evaluation class distribution: 
    [(np.int64(7), 1000000)]
[2026-06-17 23:13:18,187] WARNING: Cannot compute metric roc_auc_score: Number of classes in y_true not equal to the number of columns in 'y_score'
[2026-06-17 23:13:25,085] INFO: Evaluation metrics: 
    - roc_auc_score: 
None
    - roc_auc_score_matrix: 
[[ 0. nan nan nan nan nan nan nan nan nan]
 [ 0.  0. nan nan nan nan nan nan nan nan]
 [ 0.  0.  0. nan nan nan nan nan nan nan]
 [ 0.  0.  0.  0. nan nan nan nan nan nan]
 [ 0.  0.  0.  0.  0. nan nan nan nan nan]
 [ 0.  0.  0.  0.  0.  0. nan nan nan nan]
 [ 0.  0.  0.  0.  0.  0.  0. nan nan nan]
 [ 0.  0.  0.  0.  0.  0.  0.  0. nan nan]
 [ 0.  0.  0.  0.  0.  0.  0.  0.  0. nan]
 [ 0.  0.  0.  0.  0.  0.  0.  0.  0.  0.]]
    - confusion_matrix: 
[[0.00000e+00 0.00000e+00 0.00000e+00 0.00000e+00 0.00000e+00 0.00000e+00
  0.00000e+00 0.00000e+00 0.00000e+00 0.00000e+00]
 [0.00000e+00 0.00000e+00 0.00000e+00 0.00000e+00 0.00000e+00 0.00000e+00
  0.00000e+00 0.00000e+00 0.00000e+00 0.00000e+00]
 [0.00000e+00 0.00000e+00 0.00000e+00 0.00000e+00 0.00000e+00 0.00000e+00
  0.00000e+00 0.00000e+00 0.00000e+00 0.00000e+00]
 [0.00000e+00 0.00000e+00 0.00000e+00 0.00000e+00 0.00000e+00 0.00000e+00
  0.00000e+00 0.00000e+00 0.00000e+00 0.00000e+00]
 [0.00000e+00 0.00000e+00 0.00000e+00 0.00000e+00 0.00000e+00 0.00000e+00
  0.00000e+00 0.00000e+00 0.00000e+00 0.00000e+00]
 [0.00000e+00 0.00000e+00 0.00000e+00 0.00000e+00 0.00000e+00 0.00000e+00
  0.00000e+00 0.00000e+00 0.00000e+00 0.00000e+00]
 [0.00000e+00 0.00000e+00 0.00000e+00 0.00000e+00 0.00000e+00 0.00000e+00
  0.00000e+00 0.00000e+00 0.00000e+00 0.00000e+00]
 [2.92056e-01 1.08870e-02 7.28340e-02 1.58600e-03 4.84200e-03 5.20000e-05
  6.10612e-01 4.83200e-03 6.57000e-04 1.64200e-03]
 [0.00000e+00 0.00000e+00 0.00000e+00 0.00000e+00 0.00000e+00 0.00000e+00
  0.00000e+00 0.00000e+00 0.00000e+00 0.00000e+00]
 [0.00000e+00 0.00000e+00 0.00000e+00 0.00000e+00 0.00000e+00 0.00000e+00
  0.00000e+00 0.00000e+00 0.00000e+00 0.00000e+00]]
[2026-06-17 23:13:42,952] INFO: [1mTest metric 0.00483[0m
[2026-06-17 23:13:43,237] INFO: [1mWritten output to reports/latest/part_weaver_predict_grouped_v1_WToQQ.root[0m
[2026-06-17 23:13:43,237] INFO: Running on test file group ZToQQ with 10 files:
.../home/maxwelhelp/Рабочий стол/JetClassOfficial/test_20M/ZToQQ_100.root
.../home/maxwelhelp/Рабочий стол/JetClassOfficial/test_20M/ZToQQ_101.root
.../home/maxwelhelp/Рабочий стол/JetClassOfficial/test_20M/ZToQQ_102.root
.../home/maxwelhelp/Рабочий стол/JetClassOfficial/test_20M/ZToQQ_103.root
.../home/maxwelhelp/Рабочий стол/JetClassOfficial/test_20M/ZToQQ_104.root
.../home/maxwelhelp/Рабочий стол/JetClassOfficial/test_20M/ZToQQ_105.root
.../home/maxwelhelp/Рабочий стол/JetClassOfficial/test_20M/ZToQQ_106.root
.../home/maxwelhelp/Рабочий стол/JetClassOfficial/test_20M/ZToQQ_107.root
.../home/maxwelhelp/Рабочий стол/JetClassOfficial/test_20M/ZToQQ_108.root
.../home/maxwelhelp/Рабочий стол/JetClassOfficial/test_20M/ZToQQ_109.root
[2026-06-17 23:13:43,247] INFO: [0;37mpreprocess config: {'method': 'manual', 'data_fraction': 0.5, 'params': None}[0m
[2026-06-17 23:13:43,247] INFO: [0;37mselection: None[0m
[2026-06-17 23:13:43,247] INFO: [0;37mtest_time_selection: None[0m
[2026-06-17 23:13:43,247] INFO: [0;37mvar_funcs:
 - ('part_mask', 'ak.ones_like(part_energy)')
 - ('part_pt', 'np.hypot(part_px, part_py)')
 - ('part_pt_log', 'np.log(part_pt)')
 - ('part_e_log', 'np.log(part_energy)')
 - ('part_logptrel', 'np.log(part_pt/jet_pt)')
 - ('part_logerel', 'np.log(part_energy/jet_energy)')
 - ('part_deltaR', 'np.hypot(part_deta, part_dphi)')
 - ('_label_', 'np.argmax(np.stack([ak.to_numpy(label_QCD),ak.to_numpy(label_Hbb),ak.to_numpy(label_Hcc),ak.to_numpy(label_Hgg),ak.to_numpy(label_H4q),ak.to_numpy(label_Hqql),ak.to_numpy(label_Zqq),ak.to_numpy(label_Wqq),ak.to_numpy(label_Tbqq),ak.to_numpy(label_Tbl)], axis=1), axis=1)')
 - ('_labelcheck_', 'np.sum(np.stack([ak.to_numpy(label_QCD),ak.to_numpy(label_Hbb),ak.to_numpy(label_Hcc),ak.to_numpy(label_Hgg),ak.to_numpy(label_H4q),ak.to_numpy(label_Hqql),ak.to_numpy(label_Zqq),ak.to_numpy(label_Wqq),ak.to_numpy(label_Tbqq),ak.to_numpy(label_Tbl)], axis=1), axis=1)')[0m
[2026-06-17 23:13:43,247] INFO: [0;37minput_names: ('pf_points', 'pf_features', 'pf_vectors', 'pf_mask')[0m
[2026-06-17 23:13:43,247] INFO: [0;37minput_dicts:
 - ('pf_points', ['part_deta', 'part_dphi'])
 - ('pf_features', ['part_pt_log', 'part_e_log', 'part_logptrel', 'part_logerel', 'part_deltaR', 'part_charge', 'part_isChargedHadron', 'part_isNeutralHadron', 'part_isPhoton', 'part_isElectron', 'part_isMuon', 'part_deta', 'part_dphi'])
 - ('pf_vectors', ['part_px', 'part_py', 'part_pz', 'part_energy'])
 - ('pf_mask', ['part_mask'])[0m
[2026-06-17 23:13:43,248] INFO: [0;37minput_shapes:
 - ('pf_points', (-1, 2, 128))
 - ('pf_features', (-1, 13, 128))
 - ('pf_vectors', (-1, 4, 128))
 - ('pf_mask', (-1, 1, 128))[0m
[2026-06-17 23:13:43,248] INFO: [0;37mpreprocess_params:
 - ('part_deta', {'length': 128, 'pad_mode': 'wrap', 'center': None, 'scale': 1, 'min': -5, 'max': 5, 'pad_value': 0})
 - ('part_dphi', {'length': 128, 'pad_mode': 'wrap', 'center': None, 'scale': 1, 'min': -5, 'max': 5, 'pad_value': 0})
 - ('part_pt_log', {'length': 128, 'pad_mode': 'wrap', 'center': 1.7, 'scale': 0.7, 'min': -5, 'max': 5, 'pad_value': 0})
 - ('part_e_log', {'length': 128, 'pad_mode': 'wrap', 'center': 2.0, 'scale': 0.7, 'min': -5, 'max': 5, 'pad_value': 0})
 - ('part_logptrel', {'length': 128, 'pad_mode': 'wrap', 'center': -4.7, 'scale': 0.7, 'min': -5, 'max': 5, 'pad_value': 0})
 - ('part_logerel', {'length': 128, 'pad_mode': 'wrap', 'center': -4.7, 'scale': 0.7, 'min': -5, 'max': 5, 'pad_value': 0})
 - ('part_deltaR', {'length': 128, 'pad_mode': 'wrap', 'center': 0.2, 'scale': 4.0, 'min': -5, 'max': 5, 'pad_value': 0})
 - ('part_charge', {'length': 128, 'pad_mode': 'wrap', 'center': None, 'scale': 1, 'min': -5, 'max': 5, 'pad_value': 0})
 - ('part_isChargedHadron', {'length': 128, 'pad_mode': 'wrap', 'center': None, 'scale': 1, 'min': -5, 'max': 5, 'pad_value': 0})
 - ('part_isNeutralHadron', {'length': 128, 'pad_mode': 'wrap', 'center': None, 'scale': 1, 'min': -5, 'max': 5, 'pad_value': 0})
 - ('part_isPhoton', {'length': 128, 'pad_mode': 'wrap', 'center': None, 'scale': 1, 'min': -5, 'max': 5, 'pad_value': 0})
 - ('part_isElectron', {'length': 128, 'pad_mode': 'wrap', 'center': None, 'scale': 1, 'min': -5, 'max': 5, 'pad_value': 0})
 - ('part_isMuon', {'length': 128, 'pad_mode': 'wrap', 'center': None, 'scale': 1, 'min': -5, 'max': 5, 'pad_value': 0})
 - ('part_px', {'length': 128, 'pad_mode': 'wrap', 'center': None, 'scale': 1, 'min': -5, 'max': 5, 'pad_value': 0})
 - ('part_py', {'length': 128, 'pad_mode': 'wrap', 'center': None, 'scale': 1, 'min': -5, 'max': 5, 'pad_value': 0})
 - ('part_pz', {'length': 128, 'pad_mode': 'wrap', 'center': None, 'scale': 1, 'min': -5, 'max': 5, 'pad_value': 0})
 - ('part_energy', {'length': 128, 'pad_mode': 'wrap', 'center': None, 'scale': 1, 'min': -5, 'max': 5, 'pad_value': 0})
 - ('part_mask', {'length': 128, 'pad_mode': 'constant', 'center': None, 'scale': 1, 'min': -5, 'max': 5, 'pad_value': 0})[0m
[2026-06-17 23:13:43,248] INFO: [0;37mlabel_names: ('_label_',)[0m
[2026-06-17 23:13:43,248] INFO: [0;37mobserver_names: ('jet_pt', 'jet_eta', 'jet_phi', 'jet_energy', 'jet_nparticles', 'jet_sdmass', 'jet_tau1', 'jet_tau2', 'jet_tau3', 'jet_tau4')[0m
[2026-06-17 23:13:43,248] INFO: [0;37mmonitor_variables: ()[0m
[2026-06-17 23:13:43,257] INFO: [0;37mpreprocess config: {'method': 'manual', 'data_fraction': 0.5, 'params': None}[0m
[2026-06-17 23:13:43,257] INFO: [0;37mselection: None[0m
[2026-06-17 23:13:43,258] INFO: [0;37mtest_time_selection: None[0m
[2026-06-17 23:13:43,258] INFO: [0;37mvar_funcs:
 - ('part_mask', 'ak.ones_like(part_energy)')
 - ('part_pt', 'np.hypot(part_px, part_py)')
 - ('part_pt_log', 'np.log(part_pt)')
 - ('part_e_log', 'np.log(part_energy)')
 - ('part_logptrel', 'np.log(part_pt/jet_pt)')
 - ('part_logerel', 'np.log(part_energy/jet_energy)')
 - ('part_deltaR', 'np.hypot(part_deta, part_dphi)')
 - ('_label_', 'np.argmax(np.stack([ak.to_numpy(label_QCD),ak.to_numpy(label_Hbb),ak.to_numpy(label_Hcc),ak.to_numpy(label_Hgg),ak.to_numpy(label_H4q),ak.to_numpy(label_Hqql),ak.to_numpy(label_Zqq),ak.to_numpy(label_Wqq),ak.to_numpy(label_Tbqq),ak.to_numpy(label_Tbl)], axis=1), axis=1)')
 - ('_labelcheck_', 'np.sum(np.stack([ak.to_numpy(label_QCD),ak.to_numpy(label_Hbb),ak.to_numpy(label_Hcc),ak.to_numpy(label_Hgg),ak.to_numpy(label_H4q),ak.to_numpy(label_Hqql),ak.to_numpy(label_Zqq),ak.to_numpy(label_Wqq),ak.to_numpy(label_Tbqq),ak.to_numpy(label_Tbl)], axis=1), axis=1)')[0m
[2026-06-17 23:13:43,258] INFO: [0;37minput_names: ('pf_points', 'pf_features', 'pf_vectors', 'pf_mask')[0m
[2026-06-17 23:13:43,258] INFO: [0;37minput_dicts:
 - ('pf_points', ['part_deta', 'part_dphi'])
 - ('pf_features', ['part_pt_log', 'part_e_log', 'part_logptrel', 'part_logerel', 'part_deltaR', 'part_charge', 'part_isChargedHadron', 'part_isNeutralHadron', 'part_isPhoton', 'part_isElectron', 'part_isMuon', 'part_deta', 'part_dphi'])
 - ('pf_vectors', ['part_px', 'part_py', 'part_pz', 'part_energy'])
 - ('pf_mask', ['part_mask'])[0m
[2026-06-17 23:13:43,258] INFO: [0;37minput_shapes:
 - ('pf_points', (-1, 2, 128))
 - ('pf_features', (-1, 13, 128))
 - ('pf_vectors', (-1, 4, 128))
 - ('pf_mask', (-1, 1, 128))[0m
[2026-06-17 23:13:43,258] INFO: [0;37mpreprocess_params:
 - ('part_deta', {'length': 128, 'pad_mode': 'wrap', 'center': None, 'scale': 1, 'min': -5, 'max': 5, 'pad_value': 0})
 - ('part_dphi', {'length': 128, 'pad_mode': 'wrap', 'center': None, 'scale': 1, 'min': -5, 'max': 5, 'pad_value': 0})
 - ('part_pt_log', {'length': 128, 'pad_mode': 'wrap', 'center': 1.7, 'scale': 0.7, 'min': -5, 'max': 5, 'pad_value': 0})
 - ('part_e_log', {'length': 128, 'pad_mode': 'wrap', 'center': 2.0, 'scale': 0.7, 'min': -5, 'max': 5, 'pad_value': 0})
 - ('part_logptrel', {'length': 128, 'pad_mode': 'wrap', 'center': -4.7, 'scale': 0.7, 'min': -5, 'max': 5, 'pad_value': 0})
 - ('part_logerel', {'length': 128, 'pad_mode': 'wrap', 'center': -4.7, 'scale': 0.7, 'min': -5, 'max': 5, 'pad_value': 0})
 - ('part_deltaR', {'length': 128, 'pad_mode': 'wrap', 'center': 0.2, 'scale': 4.0, 'min': -5, 'max': 5, 'pad_value': 0})
 - ('part_charge', {'length': 128, 'pad_mode': 'wrap', 'center': None, 'scale': 1, 'min': -5, 'max': 5, 'pad_value': 0})
 - ('part_isChargedHadron', {'length': 128, 'pad_mode': 'wrap', 'center': None, 'scale': 1, 'min': -5, 'max': 5, 'pad_value': 0})
 - ('part_isNeutralHadron', {'length': 128, 'pad_mode': 'wrap', 'center': None, 'scale': 1, 'min': -5, 'max': 5, 'pad_value': 0})
 - ('part_isPhoton', {'length': 128, 'pad_mode': 'wrap', 'center': None, 'scale': 1, 'min': -5, 'max': 5, 'pad_value': 0})
 - ('part_isElectron', {'length': 128, 'pad_mode': 'wrap', 'center': None, 'scale': 1, 'min': -5, 'max': 5, 'pad_value': 0})
 - ('part_isMuon', {'length': 128, 'pad_mode': 'wrap', 'center': None, 'scale': 1, 'min': -5, 'max': 5, 'pad_value': 0})
 - ('part_px', {'length': 128, 'pad_mode': 'wrap', 'center': None, 'scale': 1, 'min': -5, 'max': 5, 'pad_value': 0})
 - ('part_py', {'length': 128, 'pad_mode': 'wrap', 'center': None, 'scale': 1, 'min': -5, 'max': 5, 'pad_value': 0})
 - ('part_pz', {'length': 128, 'pad_mode': 'wrap', 'center': None, 'scale': 1, 'min': -5, 'max': 5, 'pad_value': 0})
 - ('part_energy', {'length': 128, 'pad_mode': 'wrap', 'center': None, 'scale': 1, 'min': -5, 'max': 5, 'pad_value': 0})
 - ('part_mask', {'length': 128, 'pad_mode': 'constant', 'center': None, 'scale': 1, 'min': -5, 'max': 5, 'pad_value': 0})[0m
[2026-06-17 23:13:43,258] INFO: [0;37mlabel_names: ('_label_',)[0m
[2026-06-17 23:13:43,258] INFO: [0;37mobserver_names: ('jet_pt', 'jet_eta', 'jet_phi', 'jet_energy', 'jet_nparticles', 'jet_sdmass', 'jet_tau1', 'jet_tau2', 'jet_tau3', 'jet_tau4')[0m
[2026-06-17 23:13:43,258] INFO: [0;37mmonitor_variables: ()[0m
[2026-06-17 23:13:43,605] INFO: === Restarting DataIter test_ZToQQ_worker0, seed=3480697540 ===
[2026-06-17 23:13:43,606] INFO: Restarted DataIter test_ZToQQ_worker0, load_range=(0, 1), file_list:
{
  "ZToQQ": [
    "/home/maxwelhelp/\u0420\u0430\u0431\u043e\u0447\u0438\u0439 \u0441\u0442\u043e\u043b/JetClassOfficial/test_20M/ZToQQ_100.root",
    "/home/maxwelhelp/\u0420\u0430\u0431\u043e\u0447\u0438\u0439 \u0441\u0442\u043e\u043b/JetClassOfficial/test_20M/ZToQQ_101.root",
    "/home/maxwelhelp/\u0420\u0430\u0431\u043e\u0447\u0438\u0439 \u0441\u0442\u043e\u043b/JetClassOfficial/test_20M/ZToQQ_102.root",
    "/home/maxwelhelp/\u0420\u0430\u0431\u043e\u0447\u0438\u0439 \u0441\u0442\u043e\u043b/JetClassOfficial/test_20M/ZToQQ_103.root",
    "/home/maxwelhelp/\u0420\u0430\u0431\u043e\u0447\u0438\u0439 \u0441\u0442\u043e\u043b/JetClassOfficial/test_20M/ZToQQ_104.root",
    "/home/maxwelhelp/\u0420\u0430\u0431\u043e\u0447\u0438\u0439 \u0441\u0442\u043e\u043b/JetClassOfficial/test_20M/ZToQQ_105.root",
    "/home/maxwelhelp/\u0420\u0430\u0431\u043e\u0447\u0438\u0439 \u0441\u0442\u043e\u043b/JetClassOfficial/test_20M/ZToQQ_106.root",
    "/home/maxwelhelp/\u0420\u0430\u0431\u043e\u0447\u0438\u0439 \u0441\u0442\u043e\u043b/JetClassOfficial/test_20M/ZToQQ_107.root",
    "/home/maxwelhelp/\u0420\u0430\u0431\u043e\u0447\u0438\u0439 \u0441\u0442\u043e\u043b/JetClassOfficial/test_20M/ZToQQ_108.root",
    "/home/maxwelhelp/\u0420\u0430\u0431\u043e\u0447\u0438\u0439 \u0441\u0442\u043e\u043b/JetClassOfficial/test_20M/ZToQQ_109.root"
  ]
}
[2026-06-17 23:22:44,978] INFO: Processed 1000000 entries in total (avg. speed 1846.9 entries/s)
[2026-06-17 23:22:44,979] INFO: Eval AvgLoss: 0.00000, AvgAcc: 0.55021
[2026-06-17 23:22:44,979] INFO: Evaluation class distribution: 
    [(np.int64(6), 1000000)]
[2026-06-17 23:22:45,232] WARNING: Cannot compute metric roc_auc_score: Number of classes in y_true not equal to the number of columns in 'y_score'
[2026-06-17 23:22:51,724] INFO: Evaluation metrics: 
    - roc_auc_score: 
None
    - roc_auc_score_matrix: 
[[ 0. nan nan nan nan nan nan nan nan nan]
 [ 0.  0. nan nan nan nan nan nan nan nan]
 [ 0.  0.  0. nan nan nan nan nan nan nan]
 [ 0.  0.  0.  0. nan nan nan nan nan nan]
 [ 0.  0.  0.  0.  0. nan nan nan nan nan]
 [ 0.  0.  0.  0.  0.  0. nan nan nan nan]
 [ 0.  0.  0.  0.  0.  0.  0. nan nan nan]
 [ 0.  0.  0.  0.  0.  0.  0.  0. nan nan]
 [ 0.  0.  0.  0.  0.  0.  0.  0.  0. nan]
 [ 0.  0.  0.  0.  0.  0.  0.  0.  0.  0.]]
    - confusion_matrix: 
[[0.00000e+00 0.00000e+00 0.00000e+00 0.00000e+00 0.00000e+00 0.00000e+00
  0.00000e+00 0.00000e+00 0.00000e+00 0.00000e+00]
 [0.00000e+00 0.00000e+00 0.00000e+00 0.00000e+00 0.00000e+00 0.00000e+00
  0.00000e+00 0.00000e+00 0.00000e+00 0.00000e+00]
 [0.00000e+00 0.00000e+00 0.00000e+00 0.00000e+00 0.00000e+00 0.00000e+00
  0.00000e+00 0.00000e+00 0.00000e+00 0.00000e+00]
 [0.00000e+00 0.00000e+00 0.00000e+00 0.00000e+00 0.00000e+00 0.00000e+00
  0.00000e+00 0.00000e+00 0.00000e+00 0.00000e+00]
 [0.00000e+00 0.00000e+00 0.00000e+00 0.00000e+00 0.00000e+00 0.00000e+00
  0.00000e+00 0.00000e+00 0.00000e+00 0.00000e+00]
 [0.00000e+00 0.00000e+00 0.00000e+00 0.00000e+00 0.00000e+00 0.00000e+00
  0.00000e+00 0.00000e+00 0.00000e+00 0.00000e+00]
 [3.68927e-01 6.71300e-03 5.31270e-02 1.26200e-03 5.37700e-03 2.23000e-04
  5.50205e-01 9.42700e-03 4.48000e-04 4.29100e-03]
 [0.00000e+00 0.00000e+00 0.00000e+00 0.00000e+00 0.00000e+00 0.00000e+00
  0.00000e+00 0.00000e+00 0.00000e+00 0.00000e+00]
 [0.00000e+00 0.00000e+00 0.00000e+00 0.00000e+00 0.00000e+00 0.00000e+00
  0.00000e+00 0.00000e+00 0.00000e+00 0.00000e+00]
 [0.00000e+00 0.00000e+00 0.00000e+00 0.00000e+00 0.00000e+00 0.00000e+00
  0.00000e+00 0.00000e+00 0.00000e+00 0.00000e+00]]
[2026-06-17 23:23:08,832] INFO: [1mTest metric 0.55021[0m
[2026-06-17 23:23:09,119] INFO: [1mWritten output to reports/latest/part_weaver_predict_grouped_v1_ZToQQ.root[0m
[2026-06-17 23:23:09,119] INFO: Running on test file group ZJetsToNuNu with 10 files:
.../home/maxwelhelp/Рабочий стол/JetClassOfficial/test_20M/ZJetsToNuNu_100.root
.../home/maxwelhelp/Рабочий стол/JetClassOfficial/test_20M/ZJetsToNuNu_101.root
.../home/maxwelhelp/Рабочий стол/JetClassOfficial/test_20M/ZJetsToNuNu_102.root
.../home/maxwelhelp/Рабочий стол/JetClassOfficial/test_20M/ZJetsToNuNu_103.root
.../home/maxwelhelp/Рабочий стол/JetClassOfficial/test_20M/ZJetsToNuNu_104.root
.../home/maxwelhelp/Рабочий стол/JetClassOfficial/test_20M/ZJetsToNuNu_105.root
.../home/maxwelhelp/Рабочий стол/JetClassOfficial/test_20M/ZJetsToNuNu_106.root
.../home/maxwelhelp/Рабочий стол/JetClassOfficial/test_20M/ZJetsToNuNu_107.root
.../home/maxwelhelp/Рабочий стол/JetClassOfficial/test_20M/ZJetsToNuNu_108.root
.../home/maxwelhelp/Рабочий стол/JetClassOfficial/test_20M/ZJetsToNuNu_109.root
[2026-06-17 23:23:09,130] INFO: [0;37mpreprocess config: {'method': 'manual', 'data_fraction': 0.5, 'params': None}[0m
[2026-06-17 23:23:09,130] INFO: [0;37mselection: None[0m
[2026-06-17 23:23:09,130] INFO: [0;37mtest_time_selection: None[0m
[2026-06-17 23:23:09,131] INFO: [0;37mvar_funcs:
 - ('part_mask', 'ak.ones_like(part_energy)')
 - ('part_pt', 'np.hypot(part_px, part_py)')
 - ('part_pt_log', 'np.log(part_pt)')
 - ('part_e_log', 'np.log(part_energy)')
 - ('part_logptrel', 'np.log(part_pt/jet_pt)')
 - ('part_logerel', 'np.log(part_energy/jet_energy)')
 - ('part_deltaR', 'np.hypot(part_deta, part_dphi)')
 - ('_label_', 'np.argmax(np.stack([ak.to_numpy(label_QCD),ak.to_numpy(label_Hbb),ak.to_numpy(label_Hcc),ak.to_numpy(label_Hgg),ak.to_numpy(label_H4q),ak.to_numpy(label_Hqql),ak.to_numpy(label_Zqq),ak.to_numpy(label_Wqq),ak.to_numpy(label_Tbqq),ak.to_numpy(label_Tbl)], axis=1), axis=1)')
 - ('_labelcheck_', 'np.sum(np.stack([ak.to_numpy(label_QCD),ak.to_numpy(label_Hbb),ak.to_numpy(label_Hcc),ak.to_numpy(label_Hgg),ak.to_numpy(label_H4q),ak.to_numpy(label_Hqql),ak.to_numpy(label_Zqq),ak.to_numpy(label_Wqq),ak.to_numpy(label_Tbqq),ak.to_numpy(label_Tbl)], axis=1), axis=1)')[0m
[2026-06-17 23:23:09,131] INFO: [0;37minput_names: ('pf_points', 'pf_features', 'pf_vectors', 'pf_mask')[0m
[2026-06-17 23:23:09,131] INFO: [0;37minput_dicts:
 - ('pf_points', ['part_deta', 'part_dphi'])
 - ('pf_features', ['part_pt_log', 'part_e_log', 'part_logptrel', 'part_logerel', 'part_deltaR', 'part_charge', 'part_isChargedHadron', 'part_isNeutralHadron', 'part_isPhoton', 'part_isElectron', 'part_isMuon', 'part_deta', 'part_dphi'])
 - ('pf_vectors', ['part_px', 'part_py', 'part_pz', 'part_energy'])
 - ('pf_mask', ['part_mask'])[0m
[2026-06-17 23:23:09,131] INFO: [0;37minput_shapes:
 - ('pf_points', (-1, 2, 128))
 - ('pf_features', (-1, 13, 128))
 - ('pf_vectors', (-1, 4, 128))
 - ('pf_mask', (-1, 1, 128))[0m
[2026-06-17 23:23:09,131] INFO: [0;37mpreprocess_params:
 - ('part_deta', {'length': 128, 'pad_mode': 'wrap', 'center': None, 'scale': 1, 'min': -5, 'max': 5, 'pad_value': 0})
 - ('part_dphi', {'length': 128, 'pad_mode': 'wrap', 'center': None, 'scale': 1, 'min': -5, 'max': 5, 'pad_value': 0})
 - ('part_pt_log', {'length': 128, 'pad_mode': 'wrap', 'center': 1.7, 'scale': 0.7, 'min': -5, 'max': 5, 'pad_value': 0})
 - ('part_e_log', {'length': 128, 'pad_mode': 'wrap', 'center': 2.0, 'scale': 0.7, 'min': -5, 'max': 5, 'pad_value': 0})
 - ('part_logptrel', {'length': 128, 'pad_mode': 'wrap', 'center': -4.7, 'scale': 0.7, 'min': -5, 'max': 5, 'pad_value': 0})
 - ('part_logerel', {'length': 128, 'pad_mode': 'wrap', 'center': -4.7, 'scale': 0.7, 'min': -5, 'max': 5, 'pad_value': 0})
 - ('part_deltaR', {'length': 128, 'pad_mode': 'wrap', 'center': 0.2, 'scale': 4.0, 'min': -5, 'max': 5, 'pad_value': 0})
 - ('part_charge', {'length': 128, 'pad_mode': 'wrap', 'center': None, 'scale': 1, 'min': -5, 'max': 5, 'pad_value': 0})
 - ('part_isChargedHadron', {'length': 128, 'pad_mode': 'wrap', 'center': None, 'scale': 1, 'min': -5, 'max': 5, 'pad_value': 0})
 - ('part_isNeutralHadron', {'length': 128, 'pad_mode': 'wrap', 'center': None, 'scale': 1, 'min': -5, 'max': 5, 'pad_value': 0})
 - ('part_isPhoton', {'length': 128, 'pad_mode': 'wrap', 'center': None, 'scale': 1, 'min': -5, 'max': 5, 'pad_value': 0})
 - ('part_isElectron', {'length': 128, 'pad_mode': 'wrap', 'center': None, 'scale': 1, 'min': -5, 'max': 5, 'pad_value': 0})
 - ('part_isMuon', {'length': 128, 'pad_mode': 'wrap', 'center': None, 'scale': 1, 'min': -5, 'max': 5, 'pad_value': 0})
 - ('part_px', {'length': 128, 'pad_mode': 'wrap', 'center': None, 'scale': 1, 'min': -5, 'max': 5, 'pad_value': 0})
 - ('part_py', {'length': 128, 'pad_mode': 'wrap', 'center': None, 'scale': 1, 'min': -5, 'max': 5, 'pad_value': 0})
 - ('part_pz', {'length': 128, 'pad_mode': 'wrap', 'center': None, 'scale': 1, 'min': -5, 'max': 5, 'pad_value': 0})
 - ('part_energy', {'length': 128, 'pad_mode': 'wrap', 'center': None, 'scale': 1, 'min': -5, 'max': 5, 'pad_value': 0})
 - ('part_mask', {'length': 128, 'pad_mode': 'constant', 'center': None, 'scale': 1, 'min': -5, 'max': 5, 'pad_value': 0})[0m
[2026-06-17 23:23:09,131] INFO: [0;37mlabel_names: ('_label_',)[0m
[2026-06-17 23:23:09,131] INFO: [0;37mobserver_names: ('jet_pt', 'jet_eta', 'jet_phi', 'jet_energy', 'jet_nparticles', 'jet_sdmass', 'jet_tau1', 'jet_tau2', 'jet_tau3', 'jet_tau4')[0m
[2026-06-17 23:23:09,131] INFO: [0;37mmonitor_variables: ()[0m
[2026-06-17 23:23:09,141] INFO: [0;37mpreprocess config: {'method': 'manual', 'data_fraction': 0.5, 'params': None}[0m
[2026-06-17 23:23:09,141] INFO: [0;37mselection: None[0m
[2026-06-17 23:23:09,141] INFO: [0;37mtest_time_selection: None[0m
[2026-06-17 23:23:09,141] INFO: [0;37mvar_funcs:
 - ('part_mask', 'ak.ones_like(part_energy)')
 - ('part_pt', 'np.hypot(part_px, part_py)')
 - ('part_pt_log', 'np.log(part_pt)')
 - ('part_e_log', 'np.log(part_energy)')
 - ('part_logptrel', 'np.log(part_pt/jet_pt)')
 - ('part_logerel', 'np.log(part_energy/jet_energy)')
 - ('part_deltaR', 'np.hypot(part_deta, part_dphi)')
 - ('_label_', 'np.argmax(np.stack([ak.to_numpy(label_QCD),ak.to_numpy(label_Hbb),ak.to_numpy(label_Hcc),ak.to_numpy(label_Hgg),ak.to_numpy(label_H4q),ak.to_numpy(label_Hqql),ak.to_numpy(label_Zqq),ak.to_numpy(label_Wqq),ak.to_numpy(label_Tbqq),ak.to_numpy(label_Tbl)], axis=1), axis=1)')
 - ('_labelcheck_', 'np.sum(np.stack([ak.to_numpy(label_QCD),ak.to_numpy(label_Hbb),ak.to_numpy(label_Hcc),ak.to_numpy(label_Hgg),ak.to_numpy(label_H4q),ak.to_numpy(label_Hqql),ak.to_numpy(label_Zqq),ak.to_numpy(label_Wqq),ak.to_numpy(label_Tbqq),ak.to_numpy(label_Tbl)], axis=1), axis=1)')[0m
[2026-06-17 23:23:09,141] INFO: [0;37minput_names: ('pf_points', 'pf_features', 'pf_vectors', 'pf_mask')[0m
[2026-06-17 23:23:09,141] INFO: [0;37minput_dicts:
 - ('pf_points', ['part_deta', 'part_dphi'])
 - ('pf_features', ['part_pt_log', 'part_e_log', 'part_logptrel', 'part_logerel', 'part_deltaR', 'part_charge', 'part_isChargedHadron', 'part_isNeutralHadron', 'part_isPhoton', 'part_isElectron', 'part_isMuon', 'part_deta', 'part_dphi'])
 - ('pf_vectors', ['part_px', 'part_py', 'part_pz', 'part_energy'])
 - ('pf_mask', ['part_mask'])[0m
[2026-06-17 23:23:09,141] INFO: [0;37minput_shapes:
 - ('pf_points', (-1, 2, 128))
 - ('pf_features', (-1, 13, 128))
 - ('pf_vectors', (-1, 4, 128))
 - ('pf_mask', (-1, 1, 128))[0m
[2026-06-17 23:23:09,141] INFO: [0;37mpreprocess_params:
 - ('part_deta', {'length': 128, 'pad_mode': 'wrap', 'center': None, 'scale': 1, 'min': -5, 'max': 5, 'pad_value': 0})
 - ('part_dphi', {'length': 128, 'pad_mode': 'wrap', 'center': None, 'scale': 1, 'min': -5, 'max': 5, 'pad_value': 0})
 - ('part_pt_log', {'length': 128, 'pad_mode': 'wrap', 'center': 1.7, 'scale': 0.7, 'min': -5, 'max': 5, 'pad_value': 0})
 - ('part_e_log', {'length': 128, 'pad_mode': 'wrap', 'center': 2.0, 'scale': 0.7, 'min': -5, 'max': 5, 'pad_value': 0})
 - ('part_logptrel', {'length': 128, 'pad_mode': 'wrap', 'center': -4.7, 'scale': 0.7, 'min': -5, 'max': 5, 'pad_value': 0})
 - ('part_logerel', {'length': 128, 'pad_mode': 'wrap', 'center': -4.7, 'scale': 0.7, 'min': -5, 'max': 5, 'pad_value': 0})
 - ('part_deltaR', {'length': 128, 'pad_mode': 'wrap', 'center': 0.2, 'scale': 4.0, 'min': -5, 'max': 5, 'pad_value': 0})
 - ('part_charge', {'length': 128, 'pad_mode': 'wrap', 'center': None, 'scale': 1, 'min': -5, 'max': 5, 'pad_value': 0})
 - ('part_isChargedHadron', {'length': 128, 'pad_mode': 'wrap', 'center': None, 'scale': 1, 'min': -5, 'max': 5, 'pad_value': 0})
 - ('part_isNeutralHadron', {'length': 128, 'pad_mode': 'wrap', 'center': None, 'scale': 1, 'min': -5, 'max': 5, 'pad_value': 0})
 - ('part_isPhoton', {'length': 128, 'pad_mode': 'wrap', 'center': None, 'scale': 1, 'min': -5, 'max': 5, 'pad_value': 0})
 - ('part_isElectron', {'length': 128, 'pad_mode': 'wrap', 'center': None, 'scale': 1, 'min': -5, 'max': 5, 'pad_value': 0})
 - ('part_isMuon', {'length': 128, 'pad_mode': 'wrap', 'center': None, 'scale': 1, 'min': -5, 'max': 5, 'pad_value': 0})
 - ('part_px', {'length': 128, 'pad_mode': 'wrap', 'center': None, 'scale': 1, 'min': -5, 'max': 5, 'pad_value': 0})
 - ('part_py', {'length': 128, 'pad_mode': 'wrap', 'center': None, 'scale': 1, 'min': -5, 'max': 5, 'pad_value': 0})
 - ('part_pz', {'length': 128, 'pad_mode': 'wrap', 'center': None, 'scale': 1, 'min': -5, 'max': 5, 'pad_value': 0})
 - ('part_energy', {'length': 128, 'pad_mode': 'wrap', 'center': None, 'scale': 1, 'min': -5, 'max': 5, 'pad_value': 0})
 - ('part_mask', {'length': 128, 'pad_mode': 'constant', 'center': None, 'scale': 1, 'min': -5, 'max': 5, 'pad_value': 0})[0m
[2026-06-17 23:23:09,142] INFO: [0;37mlabel_names: ('_label_',)[0m
[2026-06-17 23:23:09,142] INFO: [0;37mobserver_names: ('jet_pt', 'jet_eta', 'jet_phi', 'jet_energy', 'jet_nparticles', 'jet_sdmass', 'jet_tau1', 'jet_tau2', 'jet_tau3', 'jet_tau4')[0m
[2026-06-17 23:23:09,142] INFO: [0;37mmonitor_variables: ()[0m
[2026-06-17 23:23:09,478] INFO: === Restarting DataIter test_ZJetsToNuNu_worker0, seed=3196964482 ===
[2026-06-17 23:23:09,478] INFO: Restarted DataIter test_ZJetsToNuNu_worker0, load_range=(0, 1), file_list:
{
  "ZJetsToNuNu": [
    "/home/maxwelhelp/\u0420\u0430\u0431\u043e\u0447\u0438\u0439 \u0441\u0442\u043e\u043b/JetClassOfficial/test_20M/ZJetsToNuNu_100.root",
    "/home/maxwelhelp/\u0420\u0430\u0431\u043e\u0447\u0438\u0439 \u0441\u0442\u043e\u043b/JetClassOfficial/test_20M/ZJetsToNuNu_101.root",
    "/home/maxwelhelp/\u0420\u0430\u0431\u043e\u0447\u0438\u0439 \u0441\u0442\u043e\u043b/JetClassOfficial/test_20M/ZJetsToNuNu_102.root",
    "/home/maxwelhelp/\u0420\u0430\u0431\u043e\u0447\u0438\u0439 \u0441\u0442\u043e\u043b/JetClassOfficial/test_20M/ZJetsToNuNu_103.root",
    "/home/maxwelhelp/\u0420\u0430\u0431\u043e\u0447\u0438\u0439 \u0441\u0442\u043e\u043b/JetClassOfficial/test_20M/ZJetsToNuNu_104.root",
    "/home/maxwelhelp/\u0420\u0430\u0431\u043e\u0447\u0438\u0439 \u0441\u0442\u043e\u043b/JetClassOfficial/test_20M/ZJetsToNuNu_105.root",
    "/home/maxwelhelp/\u0420\u0430\u0431\u043e\u0447\u0438\u0439 \u0441\u0442\u043e\u043b/JetClassOfficial/test_20M/ZJetsToNuNu_106.root",
    "/home/maxwelhelp/\u0420\u0430\u0431\u043e\u0447\u0438\u0439 \u0441\u0442\u043e\u043b/JetClassOfficial/test_20M/ZJetsToNuNu_107.root",
    "/home/maxwelhelp/\u0420\u0430\u0431\u043e\u0447\u0438\u0439 \u0441\u0442\u043e\u043b/JetClassOfficial/test_20M/ZJetsToNuNu_108.root",
    "/home/maxwelhelp/\u0420\u0430\u0431\u043e\u0447\u0438\u0439 \u0441\u0442\u043e\u043b/JetClassOfficial/test_20M/ZJetsToNuNu_109.root"
  ]
}
[2026-06-17 23:32:23,097] INFO: Processed 1000000 entries in total (avg. speed 1806.0 entries/s)
[2026-06-17 23:32:23,098] INFO: Eval AvgLoss: 0.00000, AvgAcc: 0.37378
[2026-06-17 23:32:23,098] INFO: Evaluation class distribution: 
    [(np.int64(0), 1000000)]
[2026-06-17 23:32:23,351] WARNING: Cannot compute metric roc_auc_score: Number of classes in y_true not equal to the number of columns in 'y_score'
[2026-06-17 23:32:29,892] INFO: Evaluation metrics: 
    - roc_auc_score: 
None
    - roc_auc_score_matrix: 
[[ 0. nan nan nan nan nan nan nan nan nan]
 [ 0.  0. nan nan nan nan nan nan nan nan]
 [ 0.  0.  0. nan nan nan nan nan nan nan]
 [ 0.  0.  0.  0. nan nan nan nan nan nan]
 [ 0.  0.  0.  0.  0. nan nan nan nan nan]
 [ 0.  0.  0.  0.  0.  0. nan nan nan nan]
 [ 0.  0.  0.  0.  0.  0.  0. nan nan nan]
 [ 0.  0.  0.  0.  0.  0.  0.  0. nan nan]
 [ 0.  0.  0.  0.  0.  0.  0.  0.  0. nan]
 [ 0.  0.  0.  0.  0.  0.  0.  0.  0.  0.]]
    - confusion_matrix: 
[[3.73778e-01 2.47700e-03 3.02020e-02 2.76900e-03 1.46370e-02 1.86000e-04
  5.62266e-01 8.20500e-03 4.55700e-03 9.23000e-04]
 [0.00000e+00 0.00000e+00 0.00000e+00 0.00000e+00 0.00000e+00 0.00000e+00
  0.00000e+00 0.00000e+00 0.00000e+00 0.00000e+00]
 [0.00000e+00 0.00000e+00 0.00000e+00 0.00000e+00 0.00000e+00 0.00000e+00
  0.00000e+00 0.00000e+00 0.00000e+00 0.00000e+00]
 [0.00000e+00 0.00000e+00 0.00000e+00 0.00000e+00 0.00000e+00 0.00000e+00
  0.00000e+00 0.00000e+00 0.00000e+00 0.00000e+00]
 [0.00000e+00 0.00000e+00 0.00000e+00 0.00000e+00 0.00000e+00 0.00000e+00
  0.00000e+00 0.00000e+00 0.00000e+00 0.00000e+00]
 [0.00000e+00 0.00000e+00 0.00000e+00 0.00000e+00 0.00000e+00 0.00000e+00
  0.00000e+00 0.00000e+00 0.00000e+00 0.00000e+00]
 [0.00000e+00 0.00000e+00 0.00000e+00 0.00000e+00 0.00000e+00 0.00000e+00
  0.00000e+00 0.00000e+00 0.00000e+00 0.00000e+00]
 [0.00000e+00 0.00000e+00 0.00000e+00 0.00000e+00 0.00000e+00 0.00000e+00
  0.00000e+00 0.00000e+00 0.00000e+00 0.00000e+00]
 [0.00000e+00 0.00000e+00 0.00000e+00 0.00000e+00 0.00000e+00 0.00000e+00
  0.00000e+00 0.00000e+00 0.00000e+00 0.00000e+00]
 [0.00000e+00 0.00000e+00 0.00000e+00 0.00000e+00 0.00000e+00 0.00000e+00
  0.00000e+00 0.00000e+00 0.00000e+00 0.00000e+00]]
[2026-06-17 23:32:47,712] INFO: [1mTest metric 0.37378[0m
[2026-06-17 23:32:48,000] INFO: [1mWritten output to reports/latest/part_weaver_predict_grouped_v1_ZJetsToNuNu.root[0m
