[2026-06-18 22:45:53,354] INFO: args:
 - ('run_mode', ['test'])
 - ('regression_mode', False)
 - ('data_config', 'external/particle_transformer/data/JetClass/JetClass_full.yaml')
 - ('data_config_val', 'external/particle_transformer/data/JetClass/JetClass_full.yaml')
 - ('data_config_test', 'external/particle_transformer/data/JetClass/JetClass_full.yaml')
 - ('extra_selection_train', None)
 - ('extra_selection_val', None)
 - ('extra_selection_test', None)
 - ('data_train', [])
 - ('data_val', [])
 - ('data_test', ['HToBB:/home/maxwelhelp/Рабочий стол/JetClassOfficial/val_5M/HToBB_*.root', 'HToCC:/home/maxwelhelp/Рабочий стол/JetClassOfficial/val_5M/HToCC_*.root', 'HToGG:/home/maxwelhelp/Рабочий стол/JetClassOfficial/val_5M/HToGG_*.root', 'HToWW2Q1L:/home/maxwelhelp/Рабочий стол/JetClassOfficial/val_5M/HToWW2Q1L_*.root', 'HToWW4Q:/home/maxwelhelp/Рабочий стол/JetClassOfficial/val_5M/HToWW4Q_*.root', 'TTBar:/home/maxwelhelp/Рабочий стол/JetClassOfficial/val_5M/TTBar_[0-9]*.root', 'TTBarLep:/home/maxwelhelp/Рабочий стол/JetClassOfficial/val_5M/TTBarLep_*.root', 'WToQQ:/home/maxwelhelp/Рабочий стол/JetClassOfficial/val_5M/WToQQ_*.root', 'ZToQQ:/home/maxwelhelp/Рабочий стол/JetClassOfficial/val_5M/ZToQQ_*.root', 'ZJetsToNuNu:/home/maxwelhelp/Рабочий стол/JetClassOfficial/val_5M/ZJetsToNuNu_*.root'])
 - ('data_fraction', 1)
 - ('data_fraction_val', None)
 - ('file_fraction', 1)
 - ('fetch_by_files', False)
 - ('fetch_step', 1.0)
 - ('fetch_step_val', 1.0)
 - ('data_split_num', 1)
 - ('data_split_val', 1)
 - ('in_memory', False)
 - ('in_memory_val', False)
 - ('train_val_split', 0.8)
 - ('no_remake_weights', False)
 - ('demo', False)
 - ('lr_finder', None)
 - ('tensorboard', None)
 - ('tensorboard_custom_fn', None)
 - ('custom_functions', None)
 - ('network_config', 'external/particle_transformer/networks/example_ParticleTransformer.py')
 - ('network_option', [])
 - ('model_prefix', 'reports/latest/weaver_eval_prefix/part_full/net')
 - ('load_model_weights', None)
 - ('exclude_model_weights', None)
 - ('freeze_model_weights', None)
 - ('num_epochs', 20)
 - ('steps_per_epoch', None)
 - ('steps_per_epoch_val', None)
 - ('samples_per_epoch', None)
 - ('samples_per_epoch_val', None)
 - ('optimizer', 'ranger')
 - ('optimizer_option', [])
 - ('lr_scheduler', 'flat+decay')
 - ('warmup_steps', 0.25)
 - ('load_epoch', None)
 - ('start_lr', 0.005)
 - ('batch_size', 32)
 - ('batch_size_val', 32)
 - ('batch_size_test', 32)
 - ('use_amp', True)
 - ('amp_dtype', 'bf16')
 - ('compile', False)
 - ('compiler_option', [])
 - ('gpus', '0')
 - ('predict_gpus', '0')
 - ('num_workers', 1)
 - ('prefetch_factor', None)
 - ('predict', True)
 - ('predict_output', 'reports/latest/part_weaver_predict_smoke_v3.root')
 - ('export_onnx', None)
 - ('onnx_opset', 15)
 - ('io_test', False)
 - ('copy_inputs', False)
 - ('log', 'runs/part_weaver_predict_smoke_v3_WRAPPED_MODEL_STATE_DICT.log')
 - ('print', False)
 - ('profile', False)
 - ('backend', None)
 - ('cross_validation', None)
 - ('auto_clean', False)
 - ('local_rank', None)
[2026-06-18 22:45:53,355] WARNING: The `--predict` flag is set. Overriding the `--run-mode` to `test`.
[2026-06-18 22:45:53,387] INFO: [0;37mpreprocess config: {'method': 'manual', 'data_fraction': 0.5, 'params': None}[0m
[2026-06-18 22:45:53,388] INFO: [0;37mselection: None[0m
[2026-06-18 22:45:53,388] INFO: [0;37mtest_time_selection: None[0m
[2026-06-18 22:45:53,388] INFO: [0;37mvar_funcs:
 - ('part_mask', 'ak.ones_like(part_energy)')
 - ('part_pt', 'np.hypot(part_px, part_py)')
 - ('part_pt_log', 'np.log(part_pt)')
 - ('part_e_log', 'np.log(part_energy)')
 - ('part_logptrel', 'np.log(part_pt/jet_pt)')
 - ('part_logerel', 'np.log(part_energy/jet_energy)')
 - ('part_deltaR', 'np.hypot(part_deta, part_dphi)')
 - ('part_d0', 'np.tanh(part_d0val)')
 - ('part_dz', 'np.tanh(part_dzval)')
 - ('_label_', 'np.argmax(np.stack([ak.to_numpy(label_QCD),ak.to_numpy(label_Hbb),ak.to_numpy(label_Hcc),ak.to_numpy(label_Hgg),ak.to_numpy(label_H4q),ak.to_numpy(label_Hqql),ak.to_numpy(label_Zqq),ak.to_numpy(label_Wqq),ak.to_numpy(label_Tbqq),ak.to_numpy(label_Tbl)], axis=1), axis=1)')
 - ('_labelcheck_', 'np.sum(np.stack([ak.to_numpy(label_QCD),ak.to_numpy(label_Hbb),ak.to_numpy(label_Hcc),ak.to_numpy(label_Hgg),ak.to_numpy(label_H4q),ak.to_numpy(label_Hqql),ak.to_numpy(label_Zqq),ak.to_numpy(label_Wqq),ak.to_numpy(label_Tbqq),ak.to_numpy(label_Tbl)], axis=1), axis=1)')[0m
[2026-06-18 22:45:53,388] INFO: [0;37minput_names: ('pf_points', 'pf_features', 'pf_vectors', 'pf_mask')[0m
[2026-06-18 22:45:53,388] INFO: [0;37minput_dicts:
 - ('pf_points', ['part_deta', 'part_dphi'])
 - ('pf_features', ['part_pt_log', 'part_e_log', 'part_logptrel', 'part_logerel', 'part_deltaR', 'part_charge', 'part_isChargedHadron', 'part_isNeutralHadron', 'part_isPhoton', 'part_isElectron', 'part_isMuon', 'part_d0', 'part_d0err', 'part_dz', 'part_dzerr', 'part_deta', 'part_dphi'])
 - ('pf_vectors', ['part_px', 'part_py', 'part_pz', 'part_energy'])
 - ('pf_mask', ['part_mask'])[0m
[2026-06-18 22:45:53,388] INFO: [0;37minput_shapes:
 - ('pf_points', (-1, 2, 128))
 - ('pf_features', (-1, 17, 128))
 - ('pf_vectors', (-1, 4, 128))
 - ('pf_mask', (-1, 1, 128))[0m
[2026-06-18 22:45:53,388] INFO: [0;37mpreprocess_params:
 - ('part_deta', {'length': 128, 'pad_mode': 'wrap', 'center': None, 'scale': 1, 'min': -5, 'max': 5, 'pad_value': 0})
 - ('part_dphi', {'length': 128, 'pad_mode': 'wrap', 'center': None, 'scale': 1, 'min': -5, 'max': 5, 'pad_value': 0})
 - ('part_pt_log', {'length': 128, 'pad_mode': 'wrap', 'center': 1.7, 'scale': 0.7, 'min': -5, 'max': 5, 'pad_value': 0})
 - ('part_e_log', {'length': 128, 'pad_mode': 'wrap', 'center': 2.0, 'scale': 0.7, 'min': -5, 'max': 5, 'pad_value': 0})
 - ('part_logptrel', {'length': 128, 'pad_mode': 'wrap', 'center': -4.7, 'scale': 0.7, 'min': -5, 'max': 5, 'pad_value': 0})
 - ('part_logerel', {'length': 128, 'pad_mode': 'wrap', 'center': -4.7, 'scale': 0.7, 'min': -5, 'max': 5, 'pad_value': 0})
 - ('part_deltaR', {'length': 128, 'pad_mode': 'wrap', 'center': 0.2, 'scale': 4.0, 'min': -5, 'max': 5, 'pad_value': 0})
 - ('part_charge', {'length': 128, 'pad_mode': 'wrap', 'center': None, 'scale': 1, 'min': -5, 'max': 5, 'pad_value': 0})
 - ('part_isChargedHadron', {'length': 128, 'pad_mode': 'wrap', 'center': None, 'scale': 1, 'min': -5, 'max': 5, 'pad_value': 0})
 - ('part_isNeutralHadron', {'length': 128, 'pad_mode': 'wrap', 'center': None, 'scale': 1, 'min': -5, 'max': 5, 'pad_value': 0})
 - ('part_isPhoton', {'length': 128, 'pad_mode': 'wrap', 'center': None, 'scale': 1, 'min': -5, 'max': 5, 'pad_value': 0})
 - ('part_isElectron', {'length': 128, 'pad_mode': 'wrap', 'center': None, 'scale': 1, 'min': -5, 'max': 5, 'pad_value': 0})
 - ('part_isMuon', {'length': 128, 'pad_mode': 'wrap', 'center': None, 'scale': 1, 'min': -5, 'max': 5, 'pad_value': 0})
 - ('part_d0', {'length': 128, 'pad_mode': 'wrap', 'center': None, 'scale': 1, 'min': -5, 'max': 5, 'pad_value': 0})
 - ('part_d0err', {'length': 128, 'pad_mode': 'wrap', 'center': 0, 'scale': 1, 'min': 0, 'max': 1, 'pad_value': 0})
 - ('part_dz', {'length': 128, 'pad_mode': 'wrap', 'center': None, 'scale': 1, 'min': -5, 'max': 5, 'pad_value': 0})
 - ('part_dzerr', {'length': 128, 'pad_mode': 'wrap', 'center': 0, 'scale': 1, 'min': 0, 'max': 1, 'pad_value': 0})
 - ('part_px', {'length': 128, 'pad_mode': 'wrap', 'center': None, 'scale': 1, 'min': -5, 'max': 5, 'pad_value': 0})
 - ('part_py', {'length': 128, 'pad_mode': 'wrap', 'center': None, 'scale': 1, 'min': -5, 'max': 5, 'pad_value': 0})
 - ('part_pz', {'length': 128, 'pad_mode': 'wrap', 'center': None, 'scale': 1, 'min': -5, 'max': 5, 'pad_value': 0})
 - ('part_energy', {'length': 128, 'pad_mode': 'wrap', 'center': None, 'scale': 1, 'min': -5, 'max': 5, 'pad_value': 0})
 - ('part_mask', {'length': 128, 'pad_mode': 'constant', 'center': None, 'scale': 1, 'min': -5, 'max': 5, 'pad_value': 0})[0m
[2026-06-18 22:45:53,388] INFO: [0;37mlabel_names: ('_label_',)[0m
[2026-06-18 22:45:53,389] INFO: [0;37mobserver_names: ('jet_pt', 'jet_eta', 'jet_phi', 'jet_energy', 'jet_nparticles', 'jet_sdmass', 'jet_tau1', 'jet_tau2', 'jet_tau3', 'jet_tau4')[0m
[2026-06-18 22:45:53,389] INFO: [0;37mmonitor_variables: ()[0m
[2026-06-18 22:45:53,400] INFO: [0;37mpreprocess config: {'method': 'manual', 'data_fraction': 0.5, 'params': None}[0m
[2026-06-18 22:45:53,400] INFO: [0;37mselection: None[0m
[2026-06-18 22:45:53,400] INFO: [0;37mtest_time_selection: None[0m
[2026-06-18 22:45:53,400] INFO: [0;37mvar_funcs:
 - ('part_mask', 'ak.ones_like(part_energy)')
 - ('part_pt', 'np.hypot(part_px, part_py)')
 - ('part_pt_log', 'np.log(part_pt)')
 - ('part_e_log', 'np.log(part_energy)')
 - ('part_logptrel', 'np.log(part_pt/jet_pt)')
 - ('part_logerel', 'np.log(part_energy/jet_energy)')
 - ('part_deltaR', 'np.hypot(part_deta, part_dphi)')
 - ('part_d0', 'np.tanh(part_d0val)')
 - ('part_dz', 'np.tanh(part_dzval)')
 - ('_label_', 'np.argmax(np.stack([ak.to_numpy(label_QCD),ak.to_numpy(label_Hbb),ak.to_numpy(label_Hcc),ak.to_numpy(label_Hgg),ak.to_numpy(label_H4q),ak.to_numpy(label_Hqql),ak.to_numpy(label_Zqq),ak.to_numpy(label_Wqq),ak.to_numpy(label_Tbqq),ak.to_numpy(label_Tbl)], axis=1), axis=1)')
 - ('_labelcheck_', 'np.sum(np.stack([ak.to_numpy(label_QCD),ak.to_numpy(label_Hbb),ak.to_numpy(label_Hcc),ak.to_numpy(label_Hgg),ak.to_numpy(label_H4q),ak.to_numpy(label_Hqql),ak.to_numpy(label_Zqq),ak.to_numpy(label_Wqq),ak.to_numpy(label_Tbqq),ak.to_numpy(label_Tbl)], axis=1), axis=1)')[0m
[2026-06-18 22:45:53,401] INFO: [0;37minput_names: ('pf_points', 'pf_features', 'pf_vectors', 'pf_mask')[0m
[2026-06-18 22:45:53,401] INFO: [0;37minput_dicts:
 - ('pf_points', ['part_deta', 'part_dphi'])
 - ('pf_features', ['part_pt_log', 'part_e_log', 'part_logptrel', 'part_logerel', 'part_deltaR', 'part_charge', 'part_isChargedHadron', 'part_isNeutralHadron', 'part_isPhoton', 'part_isElectron', 'part_isMuon', 'part_d0', 'part_d0err', 'part_dz', 'part_dzerr', 'part_deta', 'part_dphi'])
 - ('pf_vectors', ['part_px', 'part_py', 'part_pz', 'part_energy'])
 - ('pf_mask', ['part_mask'])[0m
[2026-06-18 22:45:53,401] INFO: [0;37minput_shapes:
 - ('pf_points', (-1, 2, 128))
 - ('pf_features', (-1, 17, 128))
 - ('pf_vectors', (-1, 4, 128))
 - ('pf_mask', (-1, 1, 128))[0m
[2026-06-18 22:45:53,401] INFO: [0;37mpreprocess_params:
 - ('part_deta', {'length': 128, 'pad_mode': 'wrap', 'center': None, 'scale': 1, 'min': -5, 'max': 5, 'pad_value': 0})
 - ('part_dphi', {'length': 128, 'pad_mode': 'wrap', 'center': None, 'scale': 1, 'min': -5, 'max': 5, 'pad_value': 0})
 - ('part_pt_log', {'length': 128, 'pad_mode': 'wrap', 'center': 1.7, 'scale': 0.7, 'min': -5, 'max': 5, 'pad_value': 0})
 - ('part_e_log', {'length': 128, 'pad_mode': 'wrap', 'center': 2.0, 'scale': 0.7, 'min': -5, 'max': 5, 'pad_value': 0})
 - ('part_logptrel', {'length': 128, 'pad_mode': 'wrap', 'center': -4.7, 'scale': 0.7, 'min': -5, 'max': 5, 'pad_value': 0})
 - ('part_logerel', {'length': 128, 'pad_mode': 'wrap', 'center': -4.7, 'scale': 0.7, 'min': -5, 'max': 5, 'pad_value': 0})
 - ('part_deltaR', {'length': 128, 'pad_mode': 'wrap', 'center': 0.2, 'scale': 4.0, 'min': -5, 'max': 5, 'pad_value': 0})
 - ('part_charge', {'length': 128, 'pad_mode': 'wrap', 'center': None, 'scale': 1, 'min': -5, 'max': 5, 'pad_value': 0})
 - ('part_isChargedHadron', {'length': 128, 'pad_mode': 'wrap', 'center': None, 'scale': 1, 'min': -5, 'max': 5, 'pad_value': 0})
 - ('part_isNeutralHadron', {'length': 128, 'pad_mode': 'wrap', 'center': None, 'scale': 1, 'min': -5, 'max': 5, 'pad_value': 0})
 - ('part_isPhoton', {'length': 128, 'pad_mode': 'wrap', 'center': None, 'scale': 1, 'min': -5, 'max': 5, 'pad_value': 0})
 - ('part_isElectron', {'length': 128, 'pad_mode': 'wrap', 'center': None, 'scale': 1, 'min': -5, 'max': 5, 'pad_value': 0})
 - ('part_isMuon', {'length': 128, 'pad_mode': 'wrap', 'center': None, 'scale': 1, 'min': -5, 'max': 5, 'pad_value': 0})
 - ('part_d0', {'length': 128, 'pad_mode': 'wrap', 'center': None, 'scale': 1, 'min': -5, 'max': 5, 'pad_value': 0})
 - ('part_d0err', {'length': 128, 'pad_mode': 'wrap', 'center': 0, 'scale': 1, 'min': 0, 'max': 1, 'pad_value': 0})
 - ('part_dz', {'length': 128, 'pad_mode': 'wrap', 'center': None, 'scale': 1, 'min': -5, 'max': 5, 'pad_value': 0})
 - ('part_dzerr', {'length': 128, 'pad_mode': 'wrap', 'center': 0, 'scale': 1, 'min': 0, 'max': 1, 'pad_value': 0})
 - ('part_px', {'length': 128, 'pad_mode': 'wrap', 'center': None, 'scale': 1, 'min': -5, 'max': 5, 'pad_value': 0})
 - ('part_py', {'length': 128, 'pad_mode': 'wrap', 'center': None, 'scale': 1, 'min': -5, 'max': 5, 'pad_value': 0})
 - ('part_pz', {'length': 128, 'pad_mode': 'wrap', 'center': None, 'scale': 1, 'min': -5, 'max': 5, 'pad_value': 0})
 - ('part_energy', {'length': 128, 'pad_mode': 'wrap', 'center': None, 'scale': 1, 'min': -5, 'max': 5, 'pad_value': 0})
 - ('part_mask', {'length': 128, 'pad_mode': 'constant', 'center': None, 'scale': 1, 'min': -5, 'max': 5, 'pad_value': 0})[0m
[2026-06-18 22:45:53,401] INFO: [0;37mlabel_names: ('_label_',)[0m
[2026-06-18 22:45:53,401] INFO: [0;37mobserver_names: ('jet_pt', 'jet_eta', 'jet_phi', 'jet_energy', 'jet_nparticles', 'jet_sdmass', 'jet_tau1', 'jet_tau2', 'jet_tau3', 'jet_tau4')[0m
[2026-06-18 22:45:53,401] INFO: [0;37mmonitor_variables: ()[0m
[2026-06-18 22:45:53,403] INFO: Network options: {}
[2026-06-18 22:45:53,403] INFO: Model config: {'input_dim': 17, 'num_classes': 10, 'pair_input_dim': 4, 'use_pre_activation_pair': False, 'embed_dims': [128, 512, 128], 'pair_embed_dims': [64, 64, 64], 'num_heads': 8, 'num_layers': 8, 'num_cls_layers': 2, 'block_params': None, 'cls_block_params': {'dropout': 0, 'attn_dropout': 0, 'activation_dropout': 0}, 'fc_params': [], 'activation': 'gelu', 'trim': True, 'for_inference': False, 'use_amp': True}
[2026-06-18 22:45:53,403] INFO: ParticleTransformer init-ed: {'self': ParticleTransformer(), 'input_dim': 17, 'num_classes': 10, 'pair_input_type': 'pp', 'pair_input_dim': 4, 'pair_extra_dim': 0, 'remove_self_pair': False, 'use_pre_activation_pair': False, 'use_conv_embed': False, 'embed_dims': [128, 512, 128], 'pair_embed_dims': [64, 64, 64], 'num_heads': 8, 'num_layers': 8, 'block_params': None, 'block_ids_with_attn_mask': None, 'include_global_token': False, 'num_cls_layers': 2, 'cls_block_params': {'dropout': 0, 'attn_dropout': 0, 'activation_dropout': 0}, 'fc_params': [], 'activation': 'gelu', 'version': 1, 'weight_init': 'moco', 'fix_init': True, 'trim': True, 'for_inference': False, 'for_segmentation': False, 'use_amp': True, 'compile_model': False, 'kwargs': {}, '__class__': <class 'weaver.nn.model.ParticleTransformer.ParticleTransformer'>}
[2026-06-18 22:45:53,404] INFO: cfg_block: {'embed_dim': 128, 'num_heads': 8, 'ffn_ratio': 4, 'dropout': 0.1, 'attn_dropout': 0.1, 'activation_dropout': 0.1, 'activation': 'gelu', 'use_rmsnorm': False, 'use_bias': True, 'use_qk_norm': False, 'headwise_attn_output_gate': False, 'elementwise_attn_output_gate': False, 'layer_scale_init_values': None, 'drop_path_rate': 0.0, 'scale_attn_mask': False, 'scale_fc': True, 'scale_attn': True, 'scale_heads': True, 'scale_resids': True}
[2026-06-18 22:45:53,404] INFO: cfg_cls_block: {'embed_dim': 128, 'num_heads': 8, 'ffn_ratio': 4, 'dropout': 0, 'attn_dropout': 0, 'activation_dropout': 0, 'activation': 'gelu', 'use_rmsnorm': False, 'use_bias': True, 'use_qk_norm': False, 'headwise_attn_output_gate': False, 'elementwise_attn_output_gate': False, 'layer_scale_init_values': None, 'drop_path_rate': 0.0, 'scale_attn_mask': False, 'scale_fc': True, 'scale_attn': True, 'scale_heads': True, 'scale_resids': True}
[2026-06-18 22:45:53,404] INFO: block w/ attn_mask: [True, True, True, True, True, True, True, True]
[2026-06-18 22:45:55,524] INFO: [0;37mWarning: module Identity is treated as a zero-op.[0m
[2026-06-18 22:45:55,524] INFO: [0;37mWarning: module Embed is treated as a zero-op.[0m
[2026-06-18 22:45:55,525] INFO: [0;37mWarning: module PairEmbed is treated as a zero-op.[0m
[2026-06-18 22:45:55,525] INFO: [0;37mWarning: module Attention is treated as a zero-op.[0m
[2026-06-18 22:45:55,525] INFO: [0;37mWarning: module Dropout is treated as a zero-op.[0m
[2026-06-18 22:45:55,525] INFO: [0;37mWarning: module Block is treated as a zero-op.[0m
[2026-06-18 22:45:55,527] INFO: [0;37mWarning: module SequenceTrimmer is treated as a zero-op.[0m
[2026-06-18 22:45:55,527] INFO: [0;37mWarning: module ParticleTransformer is treated as a zero-op.[0m
[2026-06-18 22:45:55,527] INFO: [0;37mWarning: module ParticleTransformerWrapper is treated as a zero-op.[0m
[2026-06-18 22:45:55,986] INFO: [0;37mParticleTransformerWrapper(
  |2.142 M, 99.931% Params, 251.542 MMac, 92.588% MACs|
  (mod): ParticleTransformer(
    |2.142 M, 99.931% Params, 251.542 MMac, 92.588% MACs|
    (embed): Embed(
      |0.135 M, 6.315% Params, 17.341 MMac, 6.383% MACs|
      (input_bn): BatchNorm1d(17, eps=1e-05, momentum=0.1, affine=True, track_running_stats=True, |0.0 M, 0.002% Params, 4.352 KMac, 0.002% MACs|)
      (conv_embed): Identity(|0.0 M, 0.000% Params, 0.0 Mac, 0.000% MACs|)
      (embed): Sequential(
        |0.135 M, 6.314% Params, 17.336 MMac, 6.381% MACs|
        (0): LayerNorm((17,), eps=1e-05, elementwise_affine=True, |0.0 M, 0.002% Params, 2.176 KMac, 0.001% MACs|)
        (1): Linear(in_features=17, out_features=128, bias=True, |0.002 M, 0.107% Params, 294.912 KMac, 0.109% MACs|)
        (2): GELU(approximate='none', |0.0 M, 0.000% Params, 16.384 KMac, 0.006% MACs|)
        (3): LayerNorm((128,), eps=1e-05, elementwise_affine=True, |0.0 M, 0.012% Params, 16.384 KMac, 0.006% MACs|)
        (4): Linear(in_features=128, out_features=512, bias=True, |0.066 M, 3.081% Params, 8.454 MMac, 3.112% MACs|)
        (5): GELU(approximate='none', |0.0 M, 0.000% Params, 65.536 KMac, 0.024% MACs|)
        (6): LayerNorm((512,), eps=1e-05, elementwise_affine=True, |0.001 M, 0.048% Params, 65.536 KMac, 0.024% MACs|)
        (7): Linear(in_features=512, out_features=128, bias=True, |0.066 M, 3.063% Params, 8.405 MMac, 3.094% MACs|)
        (8): GELU(approximate='none', |0.0 M, 0.000% Params, 16.384 KMac, 0.006% MACs|)
      )
    )
    (pair_embed): PairEmbed(
      |0.01 M, 0.446% Params, 80.645 MMac, 29.684% MACs|
      (embed): Sequential(
        |0.01 M, 0.446% Params, 80.645 MMac, 29.684% MACs|
        (0): BatchNorm1d(4, eps=1e-05, momentum=0.1, affine=True, track_running_stats=True, |0.0 M, 0.000% Params, 66.048 KMac, 0.024% MACs|)
        (1): Conv1d(4, 64, kernel_size=(1,), stride=(1,), |0.0 M, 0.015% Params, 2.642 MMac, 0.972% MACs|)
        (2): BatchNorm1d(64, eps=1e-05, momentum=0.1, affine=True, track_running_stats=True, |0.0 M, 0.006% Params, 1.057 MMac, 0.389% MACs|)
        (3): GELU(approximate='none', |0.0 M, 0.000% Params, 528.384 KMac, 0.194% MACs|)
        (4): Conv1d(64, 64, kernel_size=(1,), stride=(1,), |0.004 M, 0.194% Params, 34.345 MMac, 12.642% MACs|)
        (5): BatchNorm1d(64, eps=1e-05, momentum=0.1, affine=True, track_running_stats=True, |0.0 M, 0.006% Params, 1.057 MMac, 0.389% MACs|)
        (6): GELU(approximate='none', |0.0 M, 0.000% Params, 528.384 KMac, 0.194% MACs|)
        (7): Conv1d(64, 64, kernel_size=(1,), stride=(1,), |0.004 M, 0.194% Params, 34.345 MMac, 12.642% MACs|)
        (8): BatchNorm1d(64, eps=1e-05, momentum=0.1, affine=True, track_running_stats=True, |0.0 M, 0.006% Params, 1.057 MMac, 0.389% MACs|)
        (9): GELU(approximate='none', |0.0 M, 0.000% Params, 528.384 KMac, 0.194% MACs|)
        (10): Conv1d(64, 8, kernel_size=(1,), stride=(1,), |0.001 M, 0.024% Params, 4.293 MMac, 1.580% MACs|)
        (11): BatchNorm1d(8, eps=1e-05, momentum=0.1, affine=True, track_running_stats=True, |0.0 M, 0.001% Params, 132.096 KMac, 0.049% MACs|)
        (12): GELU(approximate='none', |0.0 M, 0.000% Params, 66.048 KMac, 0.024% MACs|)
      )
    )
    (blocks): ModuleList(
      (0-7): 8 x Block(
        |0.2 M, 9.310% Params, 19.153 MMac, 7.050% MACs|
        (pre_attn_norm): LayerNorm((128,), eps=1e-05, elementwise_affine=True, |0.0 M, 0.012% Params, 16.384 KMac, 0.006% MACs|)
        (attn): Attention(
          |0.066 M, 3.081% Params, 2.114 MMac, 0.778% MACs|
          (in_proj): Linear(in_features=128, out_features=384, bias=True, |0.05 M, 2.311% Params, 0.0 Mac, 0.000% MACs|)
          (out_proj): Linear(in_features=128, out_features=128, bias=True, |0.017 M, 0.770% Params, 2.114 MMac, 0.778% MACs|)
          (q_norm): Identity(|0.0 M, 0.000% Params, 0.0 Mac, 0.000% MACs|)
          (k_norm): Identity(|0.0 M, 0.000% Params, 0.0 Mac, 0.000% MACs|)
        )
        (post_attn_norm): LayerNorm((128,), eps=1e-05, elementwise_affine=True, |0.0 M, 0.012% Params, 16.384 KMac, 0.006% MACs|)
        (dropout): Dropout(p=0.1, inplace=False, |0.0 M, 0.000% Params, 0.0 Mac, 0.000% MACs|)
        (ls1): Identity(|0.0 M, 0.000% Params, 0.0 Mac, 0.000% MACs|)
        (drop_path1): Identity(|0.0 M, 0.000% Params, 0.0 Mac, 0.000% MACs|)
        (pre_fc_norm): LayerNorm((128,), eps=1e-05, elementwise_affine=True, |0.0 M, 0.012% Params, 16.384 KMac, 0.006% MACs|)
        (fc1): Linear(in_features=128, out_features=512, bias=True, |0.066 M, 3.081% Params, 8.454 MMac, 3.112% MACs|)
        (act): GELU(approximate='none', |0.0 M, 0.000% Params, 65.536 KMac, 0.024% MACs|)
        (act_dropout): Dropout(p=0.1, inplace=False, |0.0 M, 0.000% Params, 0.0 Mac, 0.000% MACs|)
        (post_fc_norm): LayerNorm((512,), eps=1e-05, elementwise_affine=True, |0.001 M, 0.048% Params, 65.536 KMac, 0.024% MACs|)
        (fc2): Linear(in_features=512, out_features=128, bias=True, |0.066 M, 3.063% Params, 8.405 MMac, 3.094% MACs|)
        (ls2): Identity(|0.0 M, 0.000% Params, 0.0 Mac, 0.000% MACs|)
        (drop_path2): Identity(|0.0 M, 0.000% Params, 0.0 Mac, 0.000% MACs|)
      )
    )
    (cls_blocks): ModuleList(
      (0-1): 2 x Block(
        |0.2 M, 9.310% Params, 166.016 KMac, 0.061% MACs|
        (pre_attn_norm): LayerNorm((128,), eps=1e-05, elementwise_affine=True, |0.0 M, 0.012% Params, 16.512 KMac, 0.006% MACs|)
        (attn): Attention(
          |0.066 M, 3.081% Params, 16.512 KMac, 0.006% MACs|
          (in_proj): Linear(in_features=128, out_features=384, bias=True, |0.05 M, 2.311% Params, 0.0 Mac, 0.000% MACs|)
          (out_proj): Linear(in_features=128, out_features=128, bias=True, |0.017 M, 0.770% Params, 16.512 KMac, 0.006% MACs|)
          (q_norm): Identity(|0.0 M, 0.000% Params, 0.0 Mac, 0.000% MACs|)
          (k_norm): Identity(|0.0 M, 0.000% Params, 0.0 Mac, 0.000% MACs|)
        )
        (post_attn_norm): LayerNorm((128,), eps=1e-05, elementwise_affine=True, |0.0 M, 0.012% Params, 128.0 Mac, 0.000% MACs|)
        (dropout): Dropout(p=0, inplace=False, |0.0 M, 0.000% Params, 0.0 Mac, 0.000% MACs|)
        (ls1): Identity(|0.0 M, 0.000% Params, 0.0 Mac, 0.000% MACs|)
        (drop_path1): Identity(|0.0 M, 0.000% Params, 0.0 Mac, 0.000% MACs|)
        (pre_fc_norm): LayerNorm((128,), eps=1e-05, elementwise_affine=True, |0.0 M, 0.012% Params, 128.0 Mac, 0.000% MACs|)
        (fc1): Linear(in_features=128, out_features=512, bias=True, |0.066 M, 3.081% Params, 66.048 KMac, 0.024% MACs|)
        (act): GELU(approximate='none', |0.0 M, 0.000% Params, 512.0 Mac, 0.000% MACs|)
        (act_dropout): Dropout(p=0, inplace=False, |0.0 M, 0.000% Params, 0.0 Mac, 0.000% MACs|)
        (post_fc_norm): LayerNorm((512,), eps=1e-05, elementwise_affine=True, |0.001 M, 0.048% Params, 512.0 Mac, 0.000% MACs|)
        (fc2): Linear(in_features=512, out_features=128, bias=True, |0.066 M, 3.063% Params, 65.664 KMac, 0.024% MACs|)
        (ls2): Identity(|0.0 M, 0.000% Params, 0.0 Mac, 0.000% MACs|)
        (drop_path2): Identity(|0.0 M, 0.000% Params, 0.0 Mac, 0.000% MACs|)
      )
    )
    (norm): LayerNorm((128,), eps=1e-05, elementwise_affine=True, |0.0 M, 0.012% Params, 128.0 Mac, 0.000% MACs|)
    (fc): Sequential(
      |0.001 M, 0.060% Params, 1.29 KMac, 0.000% MACs|
      (0): Linear(in_features=128, out_features=10, bias=True, |0.001 M, 0.060% Params, 1.29 KMac, 0.000% MACs|)
    )
    (trimmer): SequenceTrimmer(|0.0 M, 0.000% Params, 0.0 Mac, 0.000% MACs|)
  )
)[0m
[2026-06-18 22:45:55,991] INFO: Computational complexity:       271.68 MMac
[2026-06-18 22:45:55,991] INFO: Number of parameters:           2.14 M  
[2026-06-18 22:45:56,135] INFO: Total FLOPs:                    669.52 M
[2026-06-18 22:45:56,137] INFO: Using loss function CrossEntropyLoss() with options {'use_amp': True}
[2026-06-18 22:45:56,137] INFO: Running in classification mode
[2026-06-18 22:45:56,225] INFO: Loading model reports/latest/weaver_eval_prefix/part_full/net_best_epoch_state.pt for eval
[2026-06-18 22:45:56,244] INFO: Running on test file group HToBB with 5 files:
.../home/maxwelhelp/Рабочий стол/JetClassOfficial/val_5M/HToBB_120.root
.../home/maxwelhelp/Рабочий стол/JetClassOfficial/val_5M/HToBB_121.root
.../home/maxwelhelp/Рабочий стол/JetClassOfficial/val_5M/HToBB_122.root
.../home/maxwelhelp/Рабочий стол/JetClassOfficial/val_5M/HToBB_123.root
.../home/maxwelhelp/Рабочий стол/JetClassOfficial/val_5M/HToBB_124.root
[2026-06-18 22:45:56,254] INFO: [0;37mpreprocess config: {'method': 'manual', 'data_fraction': 0.5, 'params': None}[0m
[2026-06-18 22:45:56,254] INFO: [0;37mselection: None[0m
[2026-06-18 22:45:56,255] INFO: [0;37mtest_time_selection: None[0m
[2026-06-18 22:45:56,255] INFO: [0;37mvar_funcs:
 - ('part_mask', 'ak.ones_like(part_energy)')
 - ('part_pt', 'np.hypot(part_px, part_py)')
 - ('part_pt_log', 'np.log(part_pt)')
 - ('part_e_log', 'np.log(part_energy)')
 - ('part_logptrel', 'np.log(part_pt/jet_pt)')
 - ('part_logerel', 'np.log(part_energy/jet_energy)')
 - ('part_deltaR', 'np.hypot(part_deta, part_dphi)')
 - ('part_d0', 'np.tanh(part_d0val)')
 - ('part_dz', 'np.tanh(part_dzval)')
 - ('_label_', 'np.argmax(np.stack([ak.to_numpy(label_QCD),ak.to_numpy(label_Hbb),ak.to_numpy(label_Hcc),ak.to_numpy(label_Hgg),ak.to_numpy(label_H4q),ak.to_numpy(label_Hqql),ak.to_numpy(label_Zqq),ak.to_numpy(label_Wqq),ak.to_numpy(label_Tbqq),ak.to_numpy(label_Tbl)], axis=1), axis=1)')
 - ('_labelcheck_', 'np.sum(np.stack([ak.to_numpy(label_QCD),ak.to_numpy(label_Hbb),ak.to_numpy(label_Hcc),ak.to_numpy(label_Hgg),ak.to_numpy(label_H4q),ak.to_numpy(label_Hqql),ak.to_numpy(label_Zqq),ak.to_numpy(label_Wqq),ak.to_numpy(label_Tbqq),ak.to_numpy(label_Tbl)], axis=1), axis=1)')[0m
[2026-06-18 22:45:56,255] INFO: [0;37minput_names: ('pf_points', 'pf_features', 'pf_vectors', 'pf_mask')[0m
[2026-06-18 22:45:56,255] INFO: [0;37minput_dicts:
 - ('pf_points', ['part_deta', 'part_dphi'])
 - ('pf_features', ['part_pt_log', 'part_e_log', 'part_logptrel', 'part_logerel', 'part_deltaR', 'part_charge', 'part_isChargedHadron', 'part_isNeutralHadron', 'part_isPhoton', 'part_isElectron', 'part_isMuon', 'part_d0', 'part_d0err', 'part_dz', 'part_dzerr', 'part_deta', 'part_dphi'])
 - ('pf_vectors', ['part_px', 'part_py', 'part_pz', 'part_energy'])
 - ('pf_mask', ['part_mask'])[0m
[2026-06-18 22:45:56,255] INFO: [0;37minput_shapes:
 - ('pf_points', (-1, 2, 128))
 - ('pf_features', (-1, 17, 128))
 - ('pf_vectors', (-1, 4, 128))
 - ('pf_mask', (-1, 1, 128))[0m
[2026-06-18 22:45:56,255] INFO: [0;37mpreprocess_params:
 - ('part_deta', {'length': 128, 'pad_mode': 'wrap', 'center': None, 'scale': 1, 'min': -5, 'max': 5, 'pad_value': 0})
 - ('part_dphi', {'length': 128, 'pad_mode': 'wrap', 'center': None, 'scale': 1, 'min': -5, 'max': 5, 'pad_value': 0})
 - ('part_pt_log', {'length': 128, 'pad_mode': 'wrap', 'center': 1.7, 'scale': 0.7, 'min': -5, 'max': 5, 'pad_value': 0})
 - ('part_e_log', {'length': 128, 'pad_mode': 'wrap', 'center': 2.0, 'scale': 0.7, 'min': -5, 'max': 5, 'pad_value': 0})
 - ('part_logptrel', {'length': 128, 'pad_mode': 'wrap', 'center': -4.7, 'scale': 0.7, 'min': -5, 'max': 5, 'pad_value': 0})
 - ('part_logerel', {'length': 128, 'pad_mode': 'wrap', 'center': -4.7, 'scale': 0.7, 'min': -5, 'max': 5, 'pad_value': 0})
 - ('part_deltaR', {'length': 128, 'pad_mode': 'wrap', 'center': 0.2, 'scale': 4.0, 'min': -5, 'max': 5, 'pad_value': 0})
 - ('part_charge', {'length': 128, 'pad_mode': 'wrap', 'center': None, 'scale': 1, 'min': -5, 'max': 5, 'pad_value': 0})
 - ('part_isChargedHadron', {'length': 128, 'pad_mode': 'wrap', 'center': None, 'scale': 1, 'min': -5, 'max': 5, 'pad_value': 0})
 - ('part_isNeutralHadron', {'length': 128, 'pad_mode': 'wrap', 'center': None, 'scale': 1, 'min': -5, 'max': 5, 'pad_value': 0})
 - ('part_isPhoton', {'length': 128, 'pad_mode': 'wrap', 'center': None, 'scale': 1, 'min': -5, 'max': 5, 'pad_value': 0})
 - ('part_isElectron', {'length': 128, 'pad_mode': 'wrap', 'center': None, 'scale': 1, 'min': -5, 'max': 5, 'pad_value': 0})
 - ('part_isMuon', {'length': 128, 'pad_mode': 'wrap', 'center': None, 'scale': 1, 'min': -5, 'max': 5, 'pad_value': 0})
 - ('part_d0', {'length': 128, 'pad_mode': 'wrap', 'center': None, 'scale': 1, 'min': -5, 'max': 5, 'pad_value': 0})
 - ('part_d0err', {'length': 128, 'pad_mode': 'wrap', 'center': 0, 'scale': 1, 'min': 0, 'max': 1, 'pad_value': 0})
 - ('part_dz', {'length': 128, 'pad_mode': 'wrap', 'center': None, 'scale': 1, 'min': -5, 'max': 5, 'pad_value': 0})
 - ('part_dzerr', {'length': 128, 'pad_mode': 'wrap', 'center': 0, 'scale': 1, 'min': 0, 'max': 1, 'pad_value': 0})
 - ('part_px', {'length': 128, 'pad_mode': 'wrap', 'center': None, 'scale': 1, 'min': -5, 'max': 5, 'pad_value': 0})
 - ('part_py', {'length': 128, 'pad_mode': 'wrap', 'center': None, 'scale': 1, 'min': -5, 'max': 5, 'pad_value': 0})
 - ('part_pz', {'length': 128, 'pad_mode': 'wrap', 'center': None, 'scale': 1, 'min': -5, 'max': 5, 'pad_value': 0})
 - ('part_energy', {'length': 128, 'pad_mode': 'wrap', 'center': None, 'scale': 1, 'min': -5, 'max': 5, 'pad_value': 0})
 - ('part_mask', {'length': 128, 'pad_mode': 'constant', 'center': None, 'scale': 1, 'min': -5, 'max': 5, 'pad_value': 0})[0m
[2026-06-18 22:45:56,255] INFO: [0;37mlabel_names: ('_label_',)[0m
[2026-06-18 22:45:56,255] INFO: [0;37mobserver_names: ('jet_pt', 'jet_eta', 'jet_phi', 'jet_energy', 'jet_nparticles', 'jet_sdmass', 'jet_tau1', 'jet_tau2', 'jet_tau3', 'jet_tau4')[0m
[2026-06-18 22:45:56,255] INFO: [0;37mmonitor_variables: ()[0m
[2026-06-18 22:45:56,266] INFO: [0;37mpreprocess config: {'method': 'manual', 'data_fraction': 0.5, 'params': None}[0m
[2026-06-18 22:45:56,266] INFO: [0;37mselection: None[0m
[2026-06-18 22:45:56,266] INFO: [0;37mtest_time_selection: None[0m
[2026-06-18 22:45:56,266] INFO: [0;37mvar_funcs:
 - ('part_mask', 'ak.ones_like(part_energy)')
 - ('part_pt', 'np.hypot(part_px, part_py)')
 - ('part_pt_log', 'np.log(part_pt)')
 - ('part_e_log', 'np.log(part_energy)')
 - ('part_logptrel', 'np.log(part_pt/jet_pt)')
 - ('part_logerel', 'np.log(part_energy/jet_energy)')
 - ('part_deltaR', 'np.hypot(part_deta, part_dphi)')
 - ('part_d0', 'np.tanh(part_d0val)')
 - ('part_dz', 'np.tanh(part_dzval)')
 - ('_label_', 'np.argmax(np.stack([ak.to_numpy(label_QCD),ak.to_numpy(label_Hbb),ak.to_numpy(label_Hcc),ak.to_numpy(label_Hgg),ak.to_numpy(label_H4q),ak.to_numpy(label_Hqql),ak.to_numpy(label_Zqq),ak.to_numpy(label_Wqq),ak.to_numpy(label_Tbqq),ak.to_numpy(label_Tbl)], axis=1), axis=1)')
 - ('_labelcheck_', 'np.sum(np.stack([ak.to_numpy(label_QCD),ak.to_numpy(label_Hbb),ak.to_numpy(label_Hcc),ak.to_numpy(label_Hgg),ak.to_numpy(label_H4q),ak.to_numpy(label_Hqql),ak.to_numpy(label_Zqq),ak.to_numpy(label_Wqq),ak.to_numpy(label_Tbqq),ak.to_numpy(label_Tbl)], axis=1), axis=1)')[0m
[2026-06-18 22:45:56,266] INFO: [0;37minput_names: ('pf_points', 'pf_features', 'pf_vectors', 'pf_mask')[0m
[2026-06-18 22:45:56,267] INFO: [0;37minput_dicts:
 - ('pf_points', ['part_deta', 'part_dphi'])
 - ('pf_features', ['part_pt_log', 'part_e_log', 'part_logptrel', 'part_logerel', 'part_deltaR', 'part_charge', 'part_isChargedHadron', 'part_isNeutralHadron', 'part_isPhoton', 'part_isElectron', 'part_isMuon', 'part_d0', 'part_d0err', 'part_dz', 'part_dzerr', 'part_deta', 'part_dphi'])
 - ('pf_vectors', ['part_px', 'part_py', 'part_pz', 'part_energy'])
 - ('pf_mask', ['part_mask'])[0m
[2026-06-18 22:45:56,267] INFO: [0;37minput_shapes:
 - ('pf_points', (-1, 2, 128))
 - ('pf_features', (-1, 17, 128))
 - ('pf_vectors', (-1, 4, 128))
 - ('pf_mask', (-1, 1, 128))[0m
[2026-06-18 22:45:56,267] INFO: [0;37mpreprocess_params:
 - ('part_deta', {'length': 128, 'pad_mode': 'wrap', 'center': None, 'scale': 1, 'min': -5, 'max': 5, 'pad_value': 0})
 - ('part_dphi', {'length': 128, 'pad_mode': 'wrap', 'center': None, 'scale': 1, 'min': -5, 'max': 5, 'pad_value': 0})
 - ('part_pt_log', {'length': 128, 'pad_mode': 'wrap', 'center': 1.7, 'scale': 0.7, 'min': -5, 'max': 5, 'pad_value': 0})
 - ('part_e_log', {'length': 128, 'pad_mode': 'wrap', 'center': 2.0, 'scale': 0.7, 'min': -5, 'max': 5, 'pad_value': 0})
 - ('part_logptrel', {'length': 128, 'pad_mode': 'wrap', 'center': -4.7, 'scale': 0.7, 'min': -5, 'max': 5, 'pad_value': 0})
 - ('part_logerel', {'length': 128, 'pad_mode': 'wrap', 'center': -4.7, 'scale': 0.7, 'min': -5, 'max': 5, 'pad_value': 0})
 - ('part_deltaR', {'length': 128, 'pad_mode': 'wrap', 'center': 0.2, 'scale': 4.0, 'min': -5, 'max': 5, 'pad_value': 0})
 - ('part_charge', {'length': 128, 'pad_mode': 'wrap', 'center': None, 'scale': 1, 'min': -5, 'max': 5, 'pad_value': 0})
 - ('part_isChargedHadron', {'length': 128, 'pad_mode': 'wrap', 'center': None, 'scale': 1, 'min': -5, 'max': 5, 'pad_value': 0})
 - ('part_isNeutralHadron', {'length': 128, 'pad_mode': 'wrap', 'center': None, 'scale': 1, 'min': -5, 'max': 5, 'pad_value': 0})
 - ('part_isPhoton', {'length': 128, 'pad_mode': 'wrap', 'center': None, 'scale': 1, 'min': -5, 'max': 5, 'pad_value': 0})
 - ('part_isElectron', {'length': 128, 'pad_mode': 'wrap', 'center': None, 'scale': 1, 'min': -5, 'max': 5, 'pad_value': 0})
 - ('part_isMuon', {'length': 128, 'pad_mode': 'wrap', 'center': None, 'scale': 1, 'min': -5, 'max': 5, 'pad_value': 0})
 - ('part_d0', {'length': 128, 'pad_mode': 'wrap', 'center': None, 'scale': 1, 'min': -5, 'max': 5, 'pad_value': 0})
 - ('part_d0err', {'length': 128, 'pad_mode': 'wrap', 'center': 0, 'scale': 1, 'min': 0, 'max': 1, 'pad_value': 0})
 - ('part_dz', {'length': 128, 'pad_mode': 'wrap', 'center': None, 'scale': 1, 'min': -5, 'max': 5, 'pad_value': 0})
 - ('part_dzerr', {'length': 128, 'pad_mode': 'wrap', 'center': 0, 'scale': 1, 'min': 0, 'max': 1, 'pad_value': 0})
 - ('part_px', {'length': 128, 'pad_mode': 'wrap', 'center': None, 'scale': 1, 'min': -5, 'max': 5, 'pad_value': 0})
 - ('part_py', {'length': 128, 'pad_mode': 'wrap', 'center': None, 'scale': 1, 'min': -5, 'max': 5, 'pad_value': 0})
 - ('part_pz', {'length': 128, 'pad_mode': 'wrap', 'center': None, 'scale': 1, 'min': -5, 'max': 5, 'pad_value': 0})
 - ('part_energy', {'length': 128, 'pad_mode': 'wrap', 'center': None, 'scale': 1, 'min': -5, 'max': 5, 'pad_value': 0})
 - ('part_mask', {'length': 128, 'pad_mode': 'constant', 'center': None, 'scale': 1, 'min': -5, 'max': 5, 'pad_value': 0})[0m
[2026-06-18 22:45:56,267] INFO: [0;37mlabel_names: ('_label_',)[0m
[2026-06-18 22:45:56,267] INFO: [0;37mobserver_names: ('jet_pt', 'jet_eta', 'jet_phi', 'jet_energy', 'jet_nparticles', 'jet_sdmass', 'jet_tau1', 'jet_tau2', 'jet_tau3', 'jet_tau4')[0m
[2026-06-18 22:45:56,267] INFO: [0;37mmonitor_variables: ()[0m
[2026-06-18 22:45:56,316] INFO: === Restarting DataIter test_HToBB_worker0, seed=2459303371 ===
[2026-06-18 22:45:56,317] INFO: Restarted DataIter test_HToBB_worker0, load_range=(0, 1), file_list:
{
  "HToBB": [
    "/home/maxwelhelp/\u0420\u0430\u0431\u043e\u0447\u0438\u0439 \u0441\u0442\u043e\u043b/JetClassOfficial/val_5M/HToBB_120.root",
    "/home/maxwelhelp/\u0420\u0430\u0431\u043e\u0447\u0438\u0439 \u0441\u0442\u043e\u043b/JetClassOfficial/val_5M/HToBB_121.root",
    "/home/maxwelhelp/\u0420\u0430\u0431\u043e\u0447\u0438\u0439 \u0441\u0442\u043e\u043b/JetClassOfficial/val_5M/HToBB_122.root",
    "/home/maxwelhelp/\u0420\u0430\u0431\u043e\u0447\u0438\u0439 \u0441\u0442\u043e\u043b/JetClassOfficial/val_5M/HToBB_123.root",
    "/home/maxwelhelp/\u0420\u0430\u0431\u043e\u0447\u0438\u0439 \u0441\u0442\u043e\u043b/JetClassOfficial/val_5M/HToBB_124.root"
  ]
}
[2026-06-18 22:55:18,979] INFO: Processed 500000 entries in total (avg. speed 888.6 entries/s)
[2026-06-18 22:55:18,979] INFO: Eval AvgLoss: 0.00000, AvgAcc: 0.00038
[2026-06-18 22:55:18,979] INFO: Evaluation class distribution: 
    [(np.int64(1), 500000)]
[2026-06-18 22:55:19,131] WARNING: Cannot compute metric roc_auc_score: Number of classes in y_true not equal to the number of columns in 'y_score'
[2026-06-18 22:55:22,561] INFO: Evaluation metrics: 
    - roc_auc_score: 
None
    - roc_auc_score_matrix: 
[[ 0. nan nan nan nan nan nan nan nan nan]
 [ 0.  0. nan nan nan nan nan nan nan nan]
 [ 0.  0.  0. nan nan nan nan nan nan nan]
 [ 0.  0.  0.  0. nan nan nan nan nan nan]
 [ 0.  0.  0.  0.  0. nan nan nan nan nan]
 [ 0.  0.  0.  0.  0.  0. nan nan nan nan]
 [ 0.  0.  0.  0.  0.  0.  0. nan nan nan]
 [ 0.  0.  0.  0.  0.  0.  0.  0. nan nan]
 [ 0.  0.  0.  0.  0.  0.  0.  0.  0. nan]
 [ 0.  0.  0.  0.  0.  0.  0.  0.  0.  0.]]
    - confusion_matrix: 
[[0.00000e+00 0.00000e+00 0.00000e+00 0.00000e+00 0.00000e+00 0.00000e+00
  0.00000e+00 0.00000e+00 0.00000e+00]
 [3.71718e-01 3.78000e-04 5.31660e-02 9.60000e-05 1.38000e-04 4.42740e-02
  4.90982e-01 1.88000e-04 3.90600e-02]
 [0.00000e+00 0.00000e+00 0.00000e+00 0.00000e+00 0.00000e+00 0.00000e+00
  0.00000e+00 0.00000e+00 0.00000e+00]
 [0.00000e+00 0.00000e+00 0.00000e+00 0.00000e+00 0.00000e+00 0.00000e+00
  0.00000e+00 0.00000e+00 0.00000e+00]
 [0.00000e+00 0.00000e+00 0.00000e+00 0.00000e+00 0.00000e+00 0.00000e+00
  0.00000e+00 0.00000e+00 0.00000e+00]
 [0.00000e+00 0.00000e+00 0.00000e+00 0.00000e+00 0.00000e+00 0.00000e+00
  0.00000e+00 0.00000e+00 0.00000e+00]
 [0.00000e+00 0.00000e+00 0.00000e+00 0.00000e+00 0.00000e+00 0.00000e+00
  0.00000e+00 0.00000e+00 0.00000e+00]
 [0.00000e+00 0.00000e+00 0.00000e+00 0.00000e+00 0.00000e+00 0.00000e+00
  0.00000e+00 0.00000e+00 0.00000e+00]
 [0.00000e+00 0.00000e+00 0.00000e+00 0.00000e+00 0.00000e+00 0.00000e+00
  0.00000e+00 0.00000e+00 0.00000e+00]]
[2026-06-18 22:55:39,846] INFO: [1mTest metric 0.00038[0m
[2026-06-18 22:55:40,115] INFO: [1mWritten output to reports/latest/part_weaver_predict_smoke_v3_HToBB.root[0m
[2026-06-18 22:55:40,116] INFO: Running on test file group HToCC with 5 files:
.../home/maxwelhelp/Рабочий стол/JetClassOfficial/val_5M/HToCC_120.root
.../home/maxwelhelp/Рабочий стол/JetClassOfficial/val_5M/HToCC_121.root
.../home/maxwelhelp/Рабочий стол/JetClassOfficial/val_5M/HToCC_122.root
.../home/maxwelhelp/Рабочий стол/JetClassOfficial/val_5M/HToCC_123.root
.../home/maxwelhelp/Рабочий стол/JetClassOfficial/val_5M/HToCC_124.root
[2026-06-18 22:55:40,127] INFO: [0;37mpreprocess config: {'method': 'manual', 'data_fraction': 0.5, 'params': None}[0m
[2026-06-18 22:55:40,127] INFO: [0;37mselection: None[0m
[2026-06-18 22:55:40,127] INFO: [0;37mtest_time_selection: None[0m
[2026-06-18 22:55:40,127] INFO: [0;37mvar_funcs:
 - ('part_mask', 'ak.ones_like(part_energy)')
 - ('part_pt', 'np.hypot(part_px, part_py)')
 - ('part_pt_log', 'np.log(part_pt)')
 - ('part_e_log', 'np.log(part_energy)')
 - ('part_logptrel', 'np.log(part_pt/jet_pt)')
 - ('part_logerel', 'np.log(part_energy/jet_energy)')
 - ('part_deltaR', 'np.hypot(part_deta, part_dphi)')
 - ('part_d0', 'np.tanh(part_d0val)')
 - ('part_dz', 'np.tanh(part_dzval)')
 - ('_label_', 'np.argmax(np.stack([ak.to_numpy(label_QCD),ak.to_numpy(label_Hbb),ak.to_numpy(label_Hcc),ak.to_numpy(label_Hgg),ak.to_numpy(label_H4q),ak.to_numpy(label_Hqql),ak.to_numpy(label_Zqq),ak.to_numpy(label_Wqq),ak.to_numpy(label_Tbqq),ak.to_numpy(label_Tbl)], axis=1), axis=1)')
 - ('_labelcheck_', 'np.sum(np.stack([ak.to_numpy(label_QCD),ak.to_numpy(label_Hbb),ak.to_numpy(label_Hcc),ak.to_numpy(label_Hgg),ak.to_numpy(label_H4q),ak.to_numpy(label_Hqql),ak.to_numpy(label_Zqq),ak.to_numpy(label_Wqq),ak.to_numpy(label_Tbqq),ak.to_numpy(label_Tbl)], axis=1), axis=1)')[0m
[2026-06-18 22:55:40,127] INFO: [0;37minput_names: ('pf_points', 'pf_features', 'pf_vectors', 'pf_mask')[0m
[2026-06-18 22:55:40,127] INFO: [0;37minput_dicts:
 - ('pf_points', ['part_deta', 'part_dphi'])
 - ('pf_features', ['part_pt_log', 'part_e_log', 'part_logptrel', 'part_logerel', 'part_deltaR', 'part_charge', 'part_isChargedHadron', 'part_isNeutralHadron', 'part_isPhoton', 'part_isElectron', 'part_isMuon', 'part_d0', 'part_d0err', 'part_dz', 'part_dzerr', 'part_deta', 'part_dphi'])
 - ('pf_vectors', ['part_px', 'part_py', 'part_pz', 'part_energy'])
 - ('pf_mask', ['part_mask'])[0m
[2026-06-18 22:55:40,128] INFO: [0;37minput_shapes:
 - ('pf_points', (-1, 2, 128))
 - ('pf_features', (-1, 17, 128))
 - ('pf_vectors', (-1, 4, 128))
 - ('pf_mask', (-1, 1, 128))[0m
[2026-06-18 22:55:40,128] INFO: [0;37mpreprocess_params:
 - ('part_deta', {'length': 128, 'pad_mode': 'wrap', 'center': None, 'scale': 1, 'min': -5, 'max': 5, 'pad_value': 0})
 - ('part_dphi', {'length': 128, 'pad_mode': 'wrap', 'center': None, 'scale': 1, 'min': -5, 'max': 5, 'pad_value': 0})
 - ('part_pt_log', {'length': 128, 'pad_mode': 'wrap', 'center': 1.7, 'scale': 0.7, 'min': -5, 'max': 5, 'pad_value': 0})
 - ('part_e_log', {'length': 128, 'pad_mode': 'wrap', 'center': 2.0, 'scale': 0.7, 'min': -5, 'max': 5, 'pad_value': 0})
 - ('part_logptrel', {'length': 128, 'pad_mode': 'wrap', 'center': -4.7, 'scale': 0.7, 'min': -5, 'max': 5, 'pad_value': 0})
 - ('part_logerel', {'length': 128, 'pad_mode': 'wrap', 'center': -4.7, 'scale': 0.7, 'min': -5, 'max': 5, 'pad_value': 0})
 - ('part_deltaR', {'length': 128, 'pad_mode': 'wrap', 'center': 0.2, 'scale': 4.0, 'min': -5, 'max': 5, 'pad_value': 0})
 - ('part_charge', {'length': 128, 'pad_mode': 'wrap', 'center': None, 'scale': 1, 'min': -5, 'max': 5, 'pad_value': 0})
 - ('part_isChargedHadron', {'length': 128, 'pad_mode': 'wrap', 'center': None, 'scale': 1, 'min': -5, 'max': 5, 'pad_value': 0})
 - ('part_isNeutralHadron', {'length': 128, 'pad_mode': 'wrap', 'center': None, 'scale': 1, 'min': -5, 'max': 5, 'pad_value': 0})
 - ('part_isPhoton', {'length': 128, 'pad_mode': 'wrap', 'center': None, 'scale': 1, 'min': -5, 'max': 5, 'pad_value': 0})
 - ('part_isElectron', {'length': 128, 'pad_mode': 'wrap', 'center': None, 'scale': 1, 'min': -5, 'max': 5, 'pad_value': 0})
 - ('part_isMuon', {'length': 128, 'pad_mode': 'wrap', 'center': None, 'scale': 1, 'min': -5, 'max': 5, 'pad_value': 0})
 - ('part_d0', {'length': 128, 'pad_mode': 'wrap', 'center': None, 'scale': 1, 'min': -5, 'max': 5, 'pad_value': 0})
 - ('part_d0err', {'length': 128, 'pad_mode': 'wrap', 'center': 0, 'scale': 1, 'min': 0, 'max': 1, 'pad_value': 0})
 - ('part_dz', {'length': 128, 'pad_mode': 'wrap', 'center': None, 'scale': 1, 'min': -5, 'max': 5, 'pad_value': 0})
 - ('part_dzerr', {'length': 128, 'pad_mode': 'wrap', 'center': 0, 'scale': 1, 'min': 0, 'max': 1, 'pad_value': 0})
 - ('part_px', {'length': 128, 'pad_mode': 'wrap', 'center': None, 'scale': 1, 'min': -5, 'max': 5, 'pad_value': 0})
 - ('part_py', {'length': 128, 'pad_mode': 'wrap', 'center': None, 'scale': 1, 'min': -5, 'max': 5, 'pad_value': 0})
 - ('part_pz', {'length': 128, 'pad_mode': 'wrap', 'center': None, 'scale': 1, 'min': -5, 'max': 5, 'pad_value': 0})
 - ('part_energy', {'length': 128, 'pad_mode': 'wrap', 'center': None, 'scale': 1, 'min': -5, 'max': 5, 'pad_value': 0})
 - ('part_mask', {'length': 128, 'pad_mode': 'constant', 'center': None, 'scale': 1, 'min': -5, 'max': 5, 'pad_value': 0})[0m
[2026-06-18 22:55:40,128] INFO: [0;37mlabel_names: ('_label_',)[0m
[2026-06-18 22:55:40,128] INFO: [0;37mobserver_names: ('jet_pt', 'jet_eta', 'jet_phi', 'jet_energy', 'jet_nparticles', 'jet_sdmass', 'jet_tau1', 'jet_tau2', 'jet_tau3', 'jet_tau4')[0m
[2026-06-18 22:55:40,128] INFO: [0;37mmonitor_variables: ()[0m
[2026-06-18 22:55:40,139] INFO: [0;37mpreprocess config: {'method': 'manual', 'data_fraction': 0.5, 'params': None}[0m
[2026-06-18 22:55:40,139] INFO: [0;37mselection: None[0m
[2026-06-18 22:55:40,139] INFO: [0;37mtest_time_selection: None[0m
[2026-06-18 22:55:40,139] INFO: [0;37mvar_funcs:
 - ('part_mask', 'ak.ones_like(part_energy)')
 - ('part_pt', 'np.hypot(part_px, part_py)')
 - ('part_pt_log', 'np.log(part_pt)')
 - ('part_e_log', 'np.log(part_energy)')
 - ('part_logptrel', 'np.log(part_pt/jet_pt)')
 - ('part_logerel', 'np.log(part_energy/jet_energy)')
 - ('part_deltaR', 'np.hypot(part_deta, part_dphi)')
 - ('part_d0', 'np.tanh(part_d0val)')
 - ('part_dz', 'np.tanh(part_dzval)')
 - ('_label_', 'np.argmax(np.stack([ak.to_numpy(label_QCD),ak.to_numpy(label_Hbb),ak.to_numpy(label_Hcc),ak.to_numpy(label_Hgg),ak.to_numpy(label_H4q),ak.to_numpy(label_Hqql),ak.to_numpy(label_Zqq),ak.to_numpy(label_Wqq),ak.to_numpy(label_Tbqq),ak.to_numpy(label_Tbl)], axis=1), axis=1)')
 - ('_labelcheck_', 'np.sum(np.stack([ak.to_numpy(label_QCD),ak.to_numpy(label_Hbb),ak.to_numpy(label_Hcc),ak.to_numpy(label_Hgg),ak.to_numpy(label_H4q),ak.to_numpy(label_Hqql),ak.to_numpy(label_Zqq),ak.to_numpy(label_Wqq),ak.to_numpy(label_Tbqq),ak.to_numpy(label_Tbl)], axis=1), axis=1)')[0m
[2026-06-18 22:55:40,139] INFO: [0;37minput_names: ('pf_points', 'pf_features', 'pf_vectors', 'pf_mask')[0m
[2026-06-18 22:55:40,139] INFO: [0;37minput_dicts:
 - ('pf_points', ['part_deta', 'part_dphi'])
 - ('pf_features', ['part_pt_log', 'part_e_log', 'part_logptrel', 'part_logerel', 'part_deltaR', 'part_charge', 'part_isChargedHadron', 'part_isNeutralHadron', 'part_isPhoton', 'part_isElectron', 'part_isMuon', 'part_d0', 'part_d0err', 'part_dz', 'part_dzerr', 'part_deta', 'part_dphi'])
 - ('pf_vectors', ['part_px', 'part_py', 'part_pz', 'part_energy'])
 - ('pf_mask', ['part_mask'])[0m
[2026-06-18 22:55:40,139] INFO: [0;37minput_shapes:
 - ('pf_points', (-1, 2, 128))
 - ('pf_features', (-1, 17, 128))
 - ('pf_vectors', (-1, 4, 128))
 - ('pf_mask', (-1, 1, 128))[0m
[2026-06-18 22:55:40,140] INFO: [0;37mpreprocess_params:
 - ('part_deta', {'length': 128, 'pad_mode': 'wrap', 'center': None, 'scale': 1, 'min': -5, 'max': 5, 'pad_value': 0})
 - ('part_dphi', {'length': 128, 'pad_mode': 'wrap', 'center': None, 'scale': 1, 'min': -5, 'max': 5, 'pad_value': 0})
 - ('part_pt_log', {'length': 128, 'pad_mode': 'wrap', 'center': 1.7, 'scale': 0.7, 'min': -5, 'max': 5, 'pad_value': 0})
 - ('part_e_log', {'length': 128, 'pad_mode': 'wrap', 'center': 2.0, 'scale': 0.7, 'min': -5, 'max': 5, 'pad_value': 0})
 - ('part_logptrel', {'length': 128, 'pad_mode': 'wrap', 'center': -4.7, 'scale': 0.7, 'min': -5, 'max': 5, 'pad_value': 0})
 - ('part_logerel', {'length': 128, 'pad_mode': 'wrap', 'center': -4.7, 'scale': 0.7, 'min': -5, 'max': 5, 'pad_value': 0})
 - ('part_deltaR', {'length': 128, 'pad_mode': 'wrap', 'center': 0.2, 'scale': 4.0, 'min': -5, 'max': 5, 'pad_value': 0})
 - ('part_charge', {'length': 128, 'pad_mode': 'wrap', 'center': None, 'scale': 1, 'min': -5, 'max': 5, 'pad_value': 0})
 - ('part_isChargedHadron', {'length': 128, 'pad_mode': 'wrap', 'center': None, 'scale': 1, 'min': -5, 'max': 5, 'pad_value': 0})
 - ('part_isNeutralHadron', {'length': 128, 'pad_mode': 'wrap', 'center': None, 'scale': 1, 'min': -5, 'max': 5, 'pad_value': 0})
 - ('part_isPhoton', {'length': 128, 'pad_mode': 'wrap', 'center': None, 'scale': 1, 'min': -5, 'max': 5, 'pad_value': 0})
 - ('part_isElectron', {'length': 128, 'pad_mode': 'wrap', 'center': None, 'scale': 1, 'min': -5, 'max': 5, 'pad_value': 0})
 - ('part_isMuon', {'length': 128, 'pad_mode': 'wrap', 'center': None, 'scale': 1, 'min': -5, 'max': 5, 'pad_value': 0})
 - ('part_d0', {'length': 128, 'pad_mode': 'wrap', 'center': None, 'scale': 1, 'min': -5, 'max': 5, 'pad_value': 0})
 - ('part_d0err', {'length': 128, 'pad_mode': 'wrap', 'center': 0, 'scale': 1, 'min': 0, 'max': 1, 'pad_value': 0})
 - ('part_dz', {'length': 128, 'pad_mode': 'wrap', 'center': None, 'scale': 1, 'min': -5, 'max': 5, 'pad_value': 0})
 - ('part_dzerr', {'length': 128, 'pad_mode': 'wrap', 'center': 0, 'scale': 1, 'min': 0, 'max': 1, 'pad_value': 0})
 - ('part_px', {'length': 128, 'pad_mode': 'wrap', 'center': None, 'scale': 1, 'min': -5, 'max': 5, 'pad_value': 0})
 - ('part_py', {'length': 128, 'pad_mode': 'wrap', 'center': None, 'scale': 1, 'min': -5, 'max': 5, 'pad_value': 0})
 - ('part_pz', {'length': 128, 'pad_mode': 'wrap', 'center': None, 'scale': 1, 'min': -5, 'max': 5, 'pad_value': 0})
 - ('part_energy', {'length': 128, 'pad_mode': 'wrap', 'center': None, 'scale': 1, 'min': -5, 'max': 5, 'pad_value': 0})
 - ('part_mask', {'length': 128, 'pad_mode': 'constant', 'center': None, 'scale': 1, 'min': -5, 'max': 5, 'pad_value': 0})[0m
[2026-06-18 22:55:40,140] INFO: [0;37mlabel_names: ('_label_',)[0m
[2026-06-18 22:55:40,140] INFO: [0;37mobserver_names: ('jet_pt', 'jet_eta', 'jet_phi', 'jet_energy', 'jet_nparticles', 'jet_sdmass', 'jet_tau1', 'jet_tau2', 'jet_tau3', 'jet_tau4')[0m
[2026-06-18 22:55:40,140] INFO: [0;37mmonitor_variables: ()[0m
[2026-06-18 22:55:40,342] INFO: === Restarting DataIter test_HToCC_worker0, seed=1698747409 ===
[2026-06-18 22:55:40,343] INFO: Restarted DataIter test_HToCC_worker0, load_range=(0, 1), file_list:
{
  "HToCC": [
    "/home/maxwelhelp/\u0420\u0430\u0431\u043e\u0447\u0438\u0439 \u0441\u0442\u043e\u043b/JetClassOfficial/val_5M/HToCC_120.root",
    "/home/maxwelhelp/\u0420\u0430\u0431\u043e\u0447\u0438\u0439 \u0441\u0442\u043e\u043b/JetClassOfficial/val_5M/HToCC_121.root",
    "/home/maxwelhelp/\u0420\u0430\u0431\u043e\u0447\u0438\u0439 \u0441\u0442\u043e\u043b/JetClassOfficial/val_5M/HToCC_122.root",
    "/home/maxwelhelp/\u0420\u0430\u0431\u043e\u0447\u0438\u0439 \u0441\u0442\u043e\u043b/JetClassOfficial/val_5M/HToCC_123.root",
    "/home/maxwelhelp/\u0420\u0430\u0431\u043e\u0447\u0438\u0439 \u0441\u0442\u043e\u043b/JetClassOfficial/val_5M/HToCC_124.root"
  ]
}
[2026-06-18 23:04:56,708] INFO: Processed 500000 entries in total (avg. speed 898.6 entries/s)
[2026-06-18 23:04:56,708] INFO: Eval AvgLoss: 0.00000, AvgAcc: 0.03720
[2026-06-18 23:04:56,709] INFO: Evaluation class distribution: 
    [(np.int64(2), 500000)]
[2026-06-18 23:04:56,859] WARNING: Cannot compute metric roc_auc_score: Number of classes in y_true not equal to the number of columns in 'y_score'
[2026-06-18 23:05:00,318] INFO: Evaluation metrics: 
    - roc_auc_score: 
None
    - roc_auc_score_matrix: 
[[ 0. nan nan nan nan nan nan nan nan nan]
 [ 0.  0. nan nan nan nan nan nan nan nan]
 [ 0.  0.  0. nan nan nan nan nan nan nan]
 [ 0.  0.  0.  0. nan nan nan nan nan nan]
 [ 0.  0.  0.  0.  0. nan nan nan nan nan]
 [ 0.  0.  0.  0.  0.  0. nan nan nan nan]
 [ 0.  0.  0.  0.  0.  0.  0. nan nan nan]
 [ 0.  0.  0.  0.  0.  0.  0.  0. nan nan]
 [ 0.  0.  0.  0.  0.  0.  0.  0.  0. nan]
 [ 0.  0.  0.  0.  0.  0.  0.  0.  0.  0.]]
    - confusion_matrix: 
[[0.00000e+00 0.00000e+00 0.00000e+00 0.00000e+00 0.00000e+00 0.00000e+00
  0.00000e+00 0.00000e+00 0.00000e+00]
 [0.00000e+00 0.00000e+00 0.00000e+00 0.00000e+00 0.00000e+00 0.00000e+00
  0.00000e+00 0.00000e+00 0.00000e+00]
 [1.71124e-01 1.97800e-03 3.72040e-02 1.20000e-05 8.56000e-04 1.87624e-01
  4.57174e-01 1.02000e-04 1.43926e-01]
 [0.00000e+00 0.00000e+00 0.00000e+00 0.00000e+00 0.00000e+00 0.00000e+00
  0.00000e+00 0.00000e+00 0.00000e+00]
 [0.00000e+00 0.00000e+00 0.00000e+00 0.00000e+00 0.00000e+00 0.00000e+00
  0.00000e+00 0.00000e+00 0.00000e+00]
 [0.00000e+00 0.00000e+00 0.00000e+00 0.00000e+00 0.00000e+00 0.00000e+00
  0.00000e+00 0.00000e+00 0.00000e+00]
 [0.00000e+00 0.00000e+00 0.00000e+00 0.00000e+00 0.00000e+00 0.00000e+00
  0.00000e+00 0.00000e+00 0.00000e+00]
 [0.00000e+00 0.00000e+00 0.00000e+00 0.00000e+00 0.00000e+00 0.00000e+00
  0.00000e+00 0.00000e+00 0.00000e+00]
 [0.00000e+00 0.00000e+00 0.00000e+00 0.00000e+00 0.00000e+00 0.00000e+00
  0.00000e+00 0.00000e+00 0.00000e+00]]
[2026-06-18 23:05:17,588] INFO: [1mTest metric 0.03720[0m
[2026-06-18 23:05:17,777] INFO: [1mWritten output to reports/latest/part_weaver_predict_smoke_v3_HToCC.root[0m
[2026-06-18 23:05:17,777] INFO: Running on test file group HToGG with 5 files:
.../home/maxwelhelp/Рабочий стол/JetClassOfficial/val_5M/HToGG_120.root
.../home/maxwelhelp/Рабочий стол/JetClassOfficial/val_5M/HToGG_121.root
.../home/maxwelhelp/Рабочий стол/JetClassOfficial/val_5M/HToGG_122.root
.../home/maxwelhelp/Рабочий стол/JetClassOfficial/val_5M/HToGG_123.root
.../home/maxwelhelp/Рабочий стол/JetClassOfficial/val_5M/HToGG_124.root
[2026-06-18 23:05:17,789] INFO: [0;37mpreprocess config: {'method': 'manual', 'data_fraction': 0.5, 'params': None}[0m
[2026-06-18 23:05:17,789] INFO: [0;37mselection: None[0m
[2026-06-18 23:05:17,789] INFO: [0;37mtest_time_selection: None[0m
[2026-06-18 23:05:17,789] INFO: [0;37mvar_funcs:
 - ('part_mask', 'ak.ones_like(part_energy)')
 - ('part_pt', 'np.hypot(part_px, part_py)')
 - ('part_pt_log', 'np.log(part_pt)')
 - ('part_e_log', 'np.log(part_energy)')
 - ('part_logptrel', 'np.log(part_pt/jet_pt)')
 - ('part_logerel', 'np.log(part_energy/jet_energy)')
 - ('part_deltaR', 'np.hypot(part_deta, part_dphi)')
 - ('part_d0', 'np.tanh(part_d0val)')
 - ('part_dz', 'np.tanh(part_dzval)')
 - ('_label_', 'np.argmax(np.stack([ak.to_numpy(label_QCD),ak.to_numpy(label_Hbb),ak.to_numpy(label_Hcc),ak.to_numpy(label_Hgg),ak.to_numpy(label_H4q),ak.to_numpy(label_Hqql),ak.to_numpy(label_Zqq),ak.to_numpy(label_Wqq),ak.to_numpy(label_Tbqq),ak.to_numpy(label_Tbl)], axis=1), axis=1)')
 - ('_labelcheck_', 'np.sum(np.stack([ak.to_numpy(label_QCD),ak.to_numpy(label_Hbb),ak.to_numpy(label_Hcc),ak.to_numpy(label_Hgg),ak.to_numpy(label_H4q),ak.to_numpy(label_Hqql),ak.to_numpy(label_Zqq),ak.to_numpy(label_Wqq),ak.to_numpy(label_Tbqq),ak.to_numpy(label_Tbl)], axis=1), axis=1)')[0m
[2026-06-18 23:05:17,789] INFO: [0;37minput_names: ('pf_points', 'pf_features', 'pf_vectors', 'pf_mask')[0m
[2026-06-18 23:05:17,790] INFO: [0;37minput_dicts:
 - ('pf_points', ['part_deta', 'part_dphi'])
 - ('pf_features', ['part_pt_log', 'part_e_log', 'part_logptrel', 'part_logerel', 'part_deltaR', 'part_charge', 'part_isChargedHadron', 'part_isNeutralHadron', 'part_isPhoton', 'part_isElectron', 'part_isMuon', 'part_d0', 'part_d0err', 'part_dz', 'part_dzerr', 'part_deta', 'part_dphi'])
 - ('pf_vectors', ['part_px', 'part_py', 'part_pz', 'part_energy'])
 - ('pf_mask', ['part_mask'])[0m
[2026-06-18 23:05:17,790] INFO: [0;37minput_shapes:
 - ('pf_points', (-1, 2, 128))
 - ('pf_features', (-1, 17, 128))
 - ('pf_vectors', (-1, 4, 128))
 - ('pf_mask', (-1, 1, 128))[0m
[2026-06-18 23:05:17,790] INFO: [0;37mpreprocess_params:
 - ('part_deta', {'length': 128, 'pad_mode': 'wrap', 'center': None, 'scale': 1, 'min': -5, 'max': 5, 'pad_value': 0})
 - ('part_dphi', {'length': 128, 'pad_mode': 'wrap', 'center': None, 'scale': 1, 'min': -5, 'max': 5, 'pad_value': 0})
 - ('part_pt_log', {'length': 128, 'pad_mode': 'wrap', 'center': 1.7, 'scale': 0.7, 'min': -5, 'max': 5, 'pad_value': 0})
 - ('part_e_log', {'length': 128, 'pad_mode': 'wrap', 'center': 2.0, 'scale': 0.7, 'min': -5, 'max': 5, 'pad_value': 0})
 - ('part_logptrel', {'length': 128, 'pad_mode': 'wrap', 'center': -4.7, 'scale': 0.7, 'min': -5, 'max': 5, 'pad_value': 0})
 - ('part_logerel', {'length': 128, 'pad_mode': 'wrap', 'center': -4.7, 'scale': 0.7, 'min': -5, 'max': 5, 'pad_value': 0})
 - ('part_deltaR', {'length': 128, 'pad_mode': 'wrap', 'center': 0.2, 'scale': 4.0, 'min': -5, 'max': 5, 'pad_value': 0})
 - ('part_charge', {'length': 128, 'pad_mode': 'wrap', 'center': None, 'scale': 1, 'min': -5, 'max': 5, 'pad_value': 0})
 - ('part_isChargedHadron', {'length': 128, 'pad_mode': 'wrap', 'center': None, 'scale': 1, 'min': -5, 'max': 5, 'pad_value': 0})
 - ('part_isNeutralHadron', {'length': 128, 'pad_mode': 'wrap', 'center': None, 'scale': 1, 'min': -5, 'max': 5, 'pad_value': 0})
 - ('part_isPhoton', {'length': 128, 'pad_mode': 'wrap', 'center': None, 'scale': 1, 'min': -5, 'max': 5, 'pad_value': 0})
 - ('part_isElectron', {'length': 128, 'pad_mode': 'wrap', 'center': None, 'scale': 1, 'min': -5, 'max': 5, 'pad_value': 0})
 - ('part_isMuon', {'length': 128, 'pad_mode': 'wrap', 'center': None, 'scale': 1, 'min': -5, 'max': 5, 'pad_value': 0})
 - ('part_d0', {'length': 128, 'pad_mode': 'wrap', 'center': None, 'scale': 1, 'min': -5, 'max': 5, 'pad_value': 0})
 - ('part_d0err', {'length': 128, 'pad_mode': 'wrap', 'center': 0, 'scale': 1, 'min': 0, 'max': 1, 'pad_value': 0})
 - ('part_dz', {'length': 128, 'pad_mode': 'wrap', 'center': None, 'scale': 1, 'min': -5, 'max': 5, 'pad_value': 0})
 - ('part_dzerr', {'length': 128, 'pad_mode': 'wrap', 'center': 0, 'scale': 1, 'min': 0, 'max': 1, 'pad_value': 0})
 - ('part_px', {'length': 128, 'pad_mode': 'wrap', 'center': None, 'scale': 1, 'min': -5, 'max': 5, 'pad_value': 0})
 - ('part_py', {'length': 128, 'pad_mode': 'wrap', 'center': None, 'scale': 1, 'min': -5, 'max': 5, 'pad_value': 0})
 - ('part_pz', {'length': 128, 'pad_mode': 'wrap', 'center': None, 'scale': 1, 'min': -5, 'max': 5, 'pad_value': 0})
 - ('part_energy', {'length': 128, 'pad_mode': 'wrap', 'center': None, 'scale': 1, 'min': -5, 'max': 5, 'pad_value': 0})
 - ('part_mask', {'length': 128, 'pad_mode': 'constant', 'center': None, 'scale': 1, 'min': -5, 'max': 5, 'pad_value': 0})[0m
[2026-06-18 23:05:17,790] INFO: [0;37mlabel_names: ('_label_',)[0m
[2026-06-18 23:05:17,790] INFO: [0;37mobserver_names: ('jet_pt', 'jet_eta', 'jet_phi', 'jet_energy', 'jet_nparticles', 'jet_sdmass', 'jet_tau1', 'jet_tau2', 'jet_tau3', 'jet_tau4')[0m
[2026-06-18 23:05:17,790] INFO: [0;37mmonitor_variables: ()[0m
[2026-06-18 23:05:17,801] INFO: [0;37mpreprocess config: {'method': 'manual', 'data_fraction': 0.5, 'params': None}[0m
[2026-06-18 23:05:17,801] INFO: [0;37mselection: None[0m
[2026-06-18 23:05:17,801] INFO: [0;37mtest_time_selection: None[0m
[2026-06-18 23:05:17,801] INFO: [0;37mvar_funcs:
 - ('part_mask', 'ak.ones_like(part_energy)')
 - ('part_pt', 'np.hypot(part_px, part_py)')
 - ('part_pt_log', 'np.log(part_pt)')
 - ('part_e_log', 'np.log(part_energy)')
 - ('part_logptrel', 'np.log(part_pt/jet_pt)')
 - ('part_logerel', 'np.log(part_energy/jet_energy)')
 - ('part_deltaR', 'np.hypot(part_deta, part_dphi)')
 - ('part_d0', 'np.tanh(part_d0val)')
 - ('part_dz', 'np.tanh(part_dzval)')
 - ('_label_', 'np.argmax(np.stack([ak.to_numpy(label_QCD),ak.to_numpy(label_Hbb),ak.to_numpy(label_Hcc),ak.to_numpy(label_Hgg),ak.to_numpy(label_H4q),ak.to_numpy(label_Hqql),ak.to_numpy(label_Zqq),ak.to_numpy(label_Wqq),ak.to_numpy(label_Tbqq),ak.to_numpy(label_Tbl)], axis=1), axis=1)')
 - ('_labelcheck_', 'np.sum(np.stack([ak.to_numpy(label_QCD),ak.to_numpy(label_Hbb),ak.to_numpy(label_Hcc),ak.to_numpy(label_Hgg),ak.to_numpy(label_H4q),ak.to_numpy(label_Hqql),ak.to_numpy(label_Zqq),ak.to_numpy(label_Wqq),ak.to_numpy(label_Tbqq),ak.to_numpy(label_Tbl)], axis=1), axis=1)')[0m
[2026-06-18 23:05:17,801] INFO: [0;37minput_names: ('pf_points', 'pf_features', 'pf_vectors', 'pf_mask')[0m
[2026-06-18 23:05:17,802] INFO: [0;37minput_dicts:
 - ('pf_points', ['part_deta', 'part_dphi'])
 - ('pf_features', ['part_pt_log', 'part_e_log', 'part_logptrel', 'part_logerel', 'part_deltaR', 'part_charge', 'part_isChargedHadron', 'part_isNeutralHadron', 'part_isPhoton', 'part_isElectron', 'part_isMuon', 'part_d0', 'part_d0err', 'part_dz', 'part_dzerr', 'part_deta', 'part_dphi'])
 - ('pf_vectors', ['part_px', 'part_py', 'part_pz', 'part_energy'])
 - ('pf_mask', ['part_mask'])[0m
[2026-06-18 23:05:17,802] INFO: [0;37minput_shapes:
 - ('pf_points', (-1, 2, 128))
 - ('pf_features', (-1, 17, 128))
 - ('pf_vectors', (-1, 4, 128))
 - ('pf_mask', (-1, 1, 128))[0m
[2026-06-18 23:05:17,802] INFO: [0;37mpreprocess_params:
 - ('part_deta', {'length': 128, 'pad_mode': 'wrap', 'center': None, 'scale': 1, 'min': -5, 'max': 5, 'pad_value': 0})
 - ('part_dphi', {'length': 128, 'pad_mode': 'wrap', 'center': None, 'scale': 1, 'min': -5, 'max': 5, 'pad_value': 0})
 - ('part_pt_log', {'length': 128, 'pad_mode': 'wrap', 'center': 1.7, 'scale': 0.7, 'min': -5, 'max': 5, 'pad_value': 0})
 - ('part_e_log', {'length': 128, 'pad_mode': 'wrap', 'center': 2.0, 'scale': 0.7, 'min': -5, 'max': 5, 'pad_value': 0})
 - ('part_logptrel', {'length': 128, 'pad_mode': 'wrap', 'center': -4.7, 'scale': 0.7, 'min': -5, 'max': 5, 'pad_value': 0})
 - ('part_logerel', {'length': 128, 'pad_mode': 'wrap', 'center': -4.7, 'scale': 0.7, 'min': -5, 'max': 5, 'pad_value': 0})
 - ('part_deltaR', {'length': 128, 'pad_mode': 'wrap', 'center': 0.2, 'scale': 4.0, 'min': -5, 'max': 5, 'pad_value': 0})
 - ('part_charge', {'length': 128, 'pad_mode': 'wrap', 'center': None, 'scale': 1, 'min': -5, 'max': 5, 'pad_value': 0})
 - ('part_isChargedHadron', {'length': 128, 'pad_mode': 'wrap', 'center': None, 'scale': 1, 'min': -5, 'max': 5, 'pad_value': 0})
 - ('part_isNeutralHadron', {'length': 128, 'pad_mode': 'wrap', 'center': None, 'scale': 1, 'min': -5, 'max': 5, 'pad_value': 0})
 - ('part_isPhoton', {'length': 128, 'pad_mode': 'wrap', 'center': None, 'scale': 1, 'min': -5, 'max': 5, 'pad_value': 0})
 - ('part_isElectron', {'length': 128, 'pad_mode': 'wrap', 'center': None, 'scale': 1, 'min': -5, 'max': 5, 'pad_value': 0})
 - ('part_isMuon', {'length': 128, 'pad_mode': 'wrap', 'center': None, 'scale': 1, 'min': -5, 'max': 5, 'pad_value': 0})
 - ('part_d0', {'length': 128, 'pad_mode': 'wrap', 'center': None, 'scale': 1, 'min': -5, 'max': 5, 'pad_value': 0})
 - ('part_d0err', {'length': 128, 'pad_mode': 'wrap', 'center': 0, 'scale': 1, 'min': 0, 'max': 1, 'pad_value': 0})
 - ('part_dz', {'length': 128, 'pad_mode': 'wrap', 'center': None, 'scale': 1, 'min': -5, 'max': 5, 'pad_value': 0})
 - ('part_dzerr', {'length': 128, 'pad_mode': 'wrap', 'center': 0, 'scale': 1, 'min': 0, 'max': 1, 'pad_value': 0})
 - ('part_px', {'length': 128, 'pad_mode': 'wrap', 'center': None, 'scale': 1, 'min': -5, 'max': 5, 'pad_value': 0})
 - ('part_py', {'length': 128, 'pad_mode': 'wrap', 'center': None, 'scale': 1, 'min': -5, 'max': 5, 'pad_value': 0})
 - ('part_pz', {'length': 128, 'pad_mode': 'wrap', 'center': None, 'scale': 1, 'min': -5, 'max': 5, 'pad_value': 0})
 - ('part_energy', {'length': 128, 'pad_mode': 'wrap', 'center': None, 'scale': 1, 'min': -5, 'max': 5, 'pad_value': 0})
 - ('part_mask', {'length': 128, 'pad_mode': 'constant', 'center': None, 'scale': 1, 'min': -5, 'max': 5, 'pad_value': 0})[0m
[2026-06-18 23:05:17,802] INFO: [0;37mlabel_names: ('_label_',)[0m
[2026-06-18 23:05:17,802] INFO: [0;37mobserver_names: ('jet_pt', 'jet_eta', 'jet_phi', 'jet_energy', 'jet_nparticles', 'jet_sdmass', 'jet_tau1', 'jet_tau2', 'jet_tau3', 'jet_tau4')[0m
[2026-06-18 23:05:17,802] INFO: [0;37mmonitor_variables: ()[0m
[2026-06-18 23:05:18,114] INFO: === Restarting DataIter test_HToGG_worker0, seed=4138810658 ===
[2026-06-18 23:05:18,115] INFO: Restarted DataIter test_HToGG_worker0, load_range=(0, 1), file_list:
{
  "HToGG": [
    "/home/maxwelhelp/\u0420\u0430\u0431\u043e\u0447\u0438\u0439 \u0441\u0442\u043e\u043b/JetClassOfficial/val_5M/HToGG_120.root",
    "/home/maxwelhelp/\u0420\u0430\u0431\u043e\u0447\u0438\u0439 \u0441\u0442\u043e\u043b/JetClassOfficial/val_5M/HToGG_121.root",
    "/home/maxwelhelp/\u0420\u0430\u0431\u043e\u0447\u0438\u0439 \u0441\u0442\u043e\u043b/JetClassOfficial/val_5M/HToGG_122.root",
    "/home/maxwelhelp/\u0420\u0430\u0431\u043e\u0447\u0438\u0439 \u0441\u0442\u043e\u043b/JetClassOfficial/val_5M/HToGG_123.root",
    "/home/maxwelhelp/\u0420\u0430\u0431\u043e\u0447\u0438\u0439 \u0441\u0442\u043e\u043b/JetClassOfficial/val_5M/HToGG_124.root"
  ]
}
[2026-06-18 23:14:37,079] INFO: Processed 500000 entries in total (avg. speed 894.4 entries/s)
[2026-06-18 23:14:37,079] INFO: Eval AvgLoss: 0.00000, AvgAcc: 0.00000
[2026-06-18 23:14:37,079] INFO: Evaluation class distribution: 
    [(np.int64(3), 500000)]
[2026-06-18 23:14:37,234] WARNING: Cannot compute metric roc_auc_score: Number of classes in y_true not equal to the number of columns in 'y_score'
[2026-06-18 23:14:40,677] INFO: Evaluation metrics: 
    - roc_auc_score: 
None
    - roc_auc_score_matrix: 
[[ 0. nan nan nan nan nan nan nan nan nan]
 [ 0.  0. nan nan nan nan nan nan nan nan]
 [ 0.  0.  0. nan nan nan nan nan nan nan]
 [ 0.  0.  0.  0. nan nan nan nan nan nan]
 [ 0.  0.  0.  0.  0. nan nan nan nan nan]
 [ 0.  0.  0.  0.  0.  0. nan nan nan nan]
 [ 0.  0.  0.  0.  0.  0.  0. nan nan nan]
 [ 0.  0.  0.  0.  0.  0.  0.  0. nan nan]
 [ 0.  0.  0.  0.  0.  0.  0.  0.  0. nan]
 [ 0.  0.  0.  0.  0.  0.  0.  0.  0.  0.]]
    - confusion_matrix: 
[[0.00000e+00 0.00000e+00 0.00000e+00 0.00000e+00 0.00000e+00 0.00000e+00
  0.00000e+00 0.00000e+00 0.00000e+00]
 [0.00000e+00 0.00000e+00 0.00000e+00 0.00000e+00 0.00000e+00 0.00000e+00
  0.00000e+00 0.00000e+00 0.00000e+00]
 [0.00000e+00 0.00000e+00 0.00000e+00 0.00000e+00 0.00000e+00 0.00000e+00
  0.00000e+00 0.00000e+00 0.00000e+00]
 [2.84562e-01 6.80000e-04 2.24100e-02 0.00000e+00 1.34000e-04 6.10340e-02
  6.06798e-01 1.60000e-05 2.43660e-02]
 [0.00000e+00 0.00000e+00 0.00000e+00 0.00000e+00 0.00000e+00 0.00000e+00
  0.00000e+00 0.00000e+00 0.00000e+00]
 [0.00000e+00 0.00000e+00 0.00000e+00 0.00000e+00 0.00000e+00 0.00000e+00
  0.00000e+00 0.00000e+00 0.00000e+00]
 [0.00000e+00 0.00000e+00 0.00000e+00 0.00000e+00 0.00000e+00 0.00000e+00
  0.00000e+00 0.00000e+00 0.00000e+00]
 [0.00000e+00 0.00000e+00 0.00000e+00 0.00000e+00 0.00000e+00 0.00000e+00
  0.00000e+00 0.00000e+00 0.00000e+00]
 [0.00000e+00 0.00000e+00 0.00000e+00 0.00000e+00 0.00000e+00 0.00000e+00
  0.00000e+00 0.00000e+00 0.00000e+00]]
[2026-06-18 23:14:58,134] INFO: [1mTest metric 0.00000[0m
[2026-06-18 23:14:58,322] INFO: [1mWritten output to reports/latest/part_weaver_predict_smoke_v3_HToGG.root[0m
[2026-06-18 23:14:58,322] INFO: Running on test file group HToWW2Q1L with 5 files:
.../home/maxwelhelp/Рабочий стол/JetClassOfficial/val_5M/HToWW2Q1L_120.root
.../home/maxwelhelp/Рабочий стол/JetClassOfficial/val_5M/HToWW2Q1L_121.root
.../home/maxwelhelp/Рабочий стол/JetClassOfficial/val_5M/HToWW2Q1L_122.root
.../home/maxwelhelp/Рабочий стол/JetClassOfficial/val_5M/HToWW2Q1L_123.root
.../home/maxwelhelp/Рабочий стол/JetClassOfficial/val_5M/HToWW2Q1L_124.root
[2026-06-18 23:14:58,333] INFO: [0;37mpreprocess config: {'method': 'manual', 'data_fraction': 0.5, 'params': None}[0m
[2026-06-18 23:14:58,334] INFO: [0;37mselection: None[0m
[2026-06-18 23:14:58,334] INFO: [0;37mtest_time_selection: None[0m
[2026-06-18 23:14:58,334] INFO: [0;37mvar_funcs:
 - ('part_mask', 'ak.ones_like(part_energy)')
 - ('part_pt', 'np.hypot(part_px, part_py)')
 - ('part_pt_log', 'np.log(part_pt)')
 - ('part_e_log', 'np.log(part_energy)')
 - ('part_logptrel', 'np.log(part_pt/jet_pt)')
 - ('part_logerel', 'np.log(part_energy/jet_energy)')
 - ('part_deltaR', 'np.hypot(part_deta, part_dphi)')
 - ('part_d0', 'np.tanh(part_d0val)')
 - ('part_dz', 'np.tanh(part_dzval)')
 - ('_label_', 'np.argmax(np.stack([ak.to_numpy(label_QCD),ak.to_numpy(label_Hbb),ak.to_numpy(label_Hcc),ak.to_numpy(label_Hgg),ak.to_numpy(label_H4q),ak.to_numpy(label_Hqql),ak.to_numpy(label_Zqq),ak.to_numpy(label_Wqq),ak.to_numpy(label_Tbqq),ak.to_numpy(label_Tbl)], axis=1), axis=1)')
 - ('_labelcheck_', 'np.sum(np.stack([ak.to_numpy(label_QCD),ak.to_numpy(label_Hbb),ak.to_numpy(label_Hcc),ak.to_numpy(label_Hgg),ak.to_numpy(label_H4q),ak.to_numpy(label_Hqql),ak.to_numpy(label_Zqq),ak.to_numpy(label_Wqq),ak.to_numpy(label_Tbqq),ak.to_numpy(label_Tbl)], axis=1), axis=1)')[0m
[2026-06-18 23:14:58,334] INFO: [0;37minput_names: ('pf_points', 'pf_features', 'pf_vectors', 'pf_mask')[0m
[2026-06-18 23:14:58,334] INFO: [0;37minput_dicts:
 - ('pf_points', ['part_deta', 'part_dphi'])
 - ('pf_features', ['part_pt_log', 'part_e_log', 'part_logptrel', 'part_logerel', 'part_deltaR', 'part_charge', 'part_isChargedHadron', 'part_isNeutralHadron', 'part_isPhoton', 'part_isElectron', 'part_isMuon', 'part_d0', 'part_d0err', 'part_dz', 'part_dzerr', 'part_deta', 'part_dphi'])
 - ('pf_vectors', ['part_px', 'part_py', 'part_pz', 'part_energy'])
 - ('pf_mask', ['part_mask'])[0m
[2026-06-18 23:14:58,334] INFO: [0;37minput_shapes:
 - ('pf_points', (-1, 2, 128))
 - ('pf_features', (-1, 17, 128))
 - ('pf_vectors', (-1, 4, 128))
 - ('pf_mask', (-1, 1, 128))[0m
[2026-06-18 23:14:58,334] INFO: [0;37mpreprocess_params:
 - ('part_deta', {'length': 128, 'pad_mode': 'wrap', 'center': None, 'scale': 1, 'min': -5, 'max': 5, 'pad_value': 0})
 - ('part_dphi', {'length': 128, 'pad_mode': 'wrap', 'center': None, 'scale': 1, 'min': -5, 'max': 5, 'pad_value': 0})
 - ('part_pt_log', {'length': 128, 'pad_mode': 'wrap', 'center': 1.7, 'scale': 0.7, 'min': -5, 'max': 5, 'pad_value': 0})
 - ('part_e_log', {'length': 128, 'pad_mode': 'wrap', 'center': 2.0, 'scale': 0.7, 'min': -5, 'max': 5, 'pad_value': 0})
 - ('part_logptrel', {'length': 128, 'pad_mode': 'wrap', 'center': -4.7, 'scale': 0.7, 'min': -5, 'max': 5, 'pad_value': 0})
 - ('part_logerel', {'length': 128, 'pad_mode': 'wrap', 'center': -4.7, 'scale': 0.7, 'min': -5, 'max': 5, 'pad_value': 0})
 - ('part_deltaR', {'length': 128, 'pad_mode': 'wrap', 'center': 0.2, 'scale': 4.0, 'min': -5, 'max': 5, 'pad_value': 0})
 - ('part_charge', {'length': 128, 'pad_mode': 'wrap', 'center': None, 'scale': 1, 'min': -5, 'max': 5, 'pad_value': 0})
 - ('part_isChargedHadron', {'length': 128, 'pad_mode': 'wrap', 'center': None, 'scale': 1, 'min': -5, 'max': 5, 'pad_value': 0})
 - ('part_isNeutralHadron', {'length': 128, 'pad_mode': 'wrap', 'center': None, 'scale': 1, 'min': -5, 'max': 5, 'pad_value': 0})
 - ('part_isPhoton', {'length': 128, 'pad_mode': 'wrap', 'center': None, 'scale': 1, 'min': -5, 'max': 5, 'pad_value': 0})
 - ('part_isElectron', {'length': 128, 'pad_mode': 'wrap', 'center': None, 'scale': 1, 'min': -5, 'max': 5, 'pad_value': 0})
 - ('part_isMuon', {'length': 128, 'pad_mode': 'wrap', 'center': None, 'scale': 1, 'min': -5, 'max': 5, 'pad_value': 0})
 - ('part_d0', {'length': 128, 'pad_mode': 'wrap', 'center': None, 'scale': 1, 'min': -5, 'max': 5, 'pad_value': 0})
 - ('part_d0err', {'length': 128, 'pad_mode': 'wrap', 'center': 0, 'scale': 1, 'min': 0, 'max': 1, 'pad_value': 0})
 - ('part_dz', {'length': 128, 'pad_mode': 'wrap', 'center': None, 'scale': 1, 'min': -5, 'max': 5, 'pad_value': 0})
 - ('part_dzerr', {'length': 128, 'pad_mode': 'wrap', 'center': 0, 'scale': 1, 'min': 0, 'max': 1, 'pad_value': 0})
 - ('part_px', {'length': 128, 'pad_mode': 'wrap', 'center': None, 'scale': 1, 'min': -5, 'max': 5, 'pad_value': 0})
 - ('part_py', {'length': 128, 'pad_mode': 'wrap', 'center': None, 'scale': 1, 'min': -5, 'max': 5, 'pad_value': 0})
 - ('part_pz', {'length': 128, 'pad_mode': 'wrap', 'center': None, 'scale': 1, 'min': -5, 'max': 5, 'pad_value': 0})
 - ('part_energy', {'length': 128, 'pad_mode': 'wrap', 'center': None, 'scale': 1, 'min': -5, 'max': 5, 'pad_value': 0})
 - ('part_mask', {'length': 128, 'pad_mode': 'constant', 'center': None, 'scale': 1, 'min': -5, 'max': 5, 'pad_value': 0})[0m
[2026-06-18 23:14:58,334] INFO: [0;37mlabel_names: ('_label_',)[0m
[2026-06-18 23:14:58,335] INFO: [0;37mobserver_names: ('jet_pt', 'jet_eta', 'jet_phi', 'jet_energy', 'jet_nparticles', 'jet_sdmass', 'jet_tau1', 'jet_tau2', 'jet_tau3', 'jet_tau4')[0m
[2026-06-18 23:14:58,335] INFO: [0;37mmonitor_variables: ()[0m
[2026-06-18 23:14:58,345] INFO: [0;37mpreprocess config: {'method': 'manual', 'data_fraction': 0.5, 'params': None}[0m
[2026-06-18 23:14:58,345] INFO: [0;37mselection: None[0m
[2026-06-18 23:14:58,345] INFO: [0;37mtest_time_selection: None[0m
[2026-06-18 23:14:58,345] INFO: [0;37mvar_funcs:
 - ('part_mask', 'ak.ones_like(part_energy)')
 - ('part_pt', 'np.hypot(part_px, part_py)')
 - ('part_pt_log', 'np.log(part_pt)')
 - ('part_e_log', 'np.log(part_energy)')
 - ('part_logptrel', 'np.log(part_pt/jet_pt)')
 - ('part_logerel', 'np.log(part_energy/jet_energy)')
 - ('part_deltaR', 'np.hypot(part_deta, part_dphi)')
 - ('part_d0', 'np.tanh(part_d0val)')
 - ('part_dz', 'np.tanh(part_dzval)')
 - ('_label_', 'np.argmax(np.stack([ak.to_numpy(label_QCD),ak.to_numpy(label_Hbb),ak.to_numpy(label_Hcc),ak.to_numpy(label_Hgg),ak.to_numpy(label_H4q),ak.to_numpy(label_Hqql),ak.to_numpy(label_Zqq),ak.to_numpy(label_Wqq),ak.to_numpy(label_Tbqq),ak.to_numpy(label_Tbl)], axis=1), axis=1)')
 - ('_labelcheck_', 'np.sum(np.stack([ak.to_numpy(label_QCD),ak.to_numpy(label_Hbb),ak.to_numpy(label_Hcc),ak.to_numpy(label_Hgg),ak.to_numpy(label_H4q),ak.to_numpy(label_Hqql),ak.to_numpy(label_Zqq),ak.to_numpy(label_Wqq),ak.to_numpy(label_Tbqq),ak.to_numpy(label_Tbl)], axis=1), axis=1)')[0m
[2026-06-18 23:14:58,346] INFO: [0;37minput_names: ('pf_points', 'pf_features', 'pf_vectors', 'pf_mask')[0m
[2026-06-18 23:14:58,346] INFO: [0;37minput_dicts:
 - ('pf_points', ['part_deta', 'part_dphi'])
 - ('pf_features', ['part_pt_log', 'part_e_log', 'part_logptrel', 'part_logerel', 'part_deltaR', 'part_charge', 'part_isChargedHadron', 'part_isNeutralHadron', 'part_isPhoton', 'part_isElectron', 'part_isMuon', 'part_d0', 'part_d0err', 'part_dz', 'part_dzerr', 'part_deta', 'part_dphi'])
 - ('pf_vectors', ['part_px', 'part_py', 'part_pz', 'part_energy'])
 - ('pf_mask', ['part_mask'])[0m
[2026-06-18 23:14:58,346] INFO: [0;37minput_shapes:
 - ('pf_points', (-1, 2, 128))
 - ('pf_features', (-1, 17, 128))
 - ('pf_vectors', (-1, 4, 128))
 - ('pf_mask', (-1, 1, 128))[0m
[2026-06-18 23:14:58,346] INFO: [0;37mpreprocess_params:
 - ('part_deta', {'length': 128, 'pad_mode': 'wrap', 'center': None, 'scale': 1, 'min': -5, 'max': 5, 'pad_value': 0})
 - ('part_dphi', {'length': 128, 'pad_mode': 'wrap', 'center': None, 'scale': 1, 'min': -5, 'max': 5, 'pad_value': 0})
 - ('part_pt_log', {'length': 128, 'pad_mode': 'wrap', 'center': 1.7, 'scale': 0.7, 'min': -5, 'max': 5, 'pad_value': 0})
 - ('part_e_log', {'length': 128, 'pad_mode': 'wrap', 'center': 2.0, 'scale': 0.7, 'min': -5, 'max': 5, 'pad_value': 0})
 - ('part_logptrel', {'length': 128, 'pad_mode': 'wrap', 'center': -4.7, 'scale': 0.7, 'min': -5, 'max': 5, 'pad_value': 0})
 - ('part_logerel', {'length': 128, 'pad_mode': 'wrap', 'center': -4.7, 'scale': 0.7, 'min': -5, 'max': 5, 'pad_value': 0})
 - ('part_deltaR', {'length': 128, 'pad_mode': 'wrap', 'center': 0.2, 'scale': 4.0, 'min': -5, 'max': 5, 'pad_value': 0})
 - ('part_charge', {'length': 128, 'pad_mode': 'wrap', 'center': None, 'scale': 1, 'min': -5, 'max': 5, 'pad_value': 0})
 - ('part_isChargedHadron', {'length': 128, 'pad_mode': 'wrap', 'center': None, 'scale': 1, 'min': -5, 'max': 5, 'pad_value': 0})
 - ('part_isNeutralHadron', {'length': 128, 'pad_mode': 'wrap', 'center': None, 'scale': 1, 'min': -5, 'max': 5, 'pad_value': 0})
 - ('part_isPhoton', {'length': 128, 'pad_mode': 'wrap', 'center': None, 'scale': 1, 'min': -5, 'max': 5, 'pad_value': 0})
 - ('part_isElectron', {'length': 128, 'pad_mode': 'wrap', 'center': None, 'scale': 1, 'min': -5, 'max': 5, 'pad_value': 0})
 - ('part_isMuon', {'length': 128, 'pad_mode': 'wrap', 'center': None, 'scale': 1, 'min': -5, 'max': 5, 'pad_value': 0})
 - ('part_d0', {'length': 128, 'pad_mode': 'wrap', 'center': None, 'scale': 1, 'min': -5, 'max': 5, 'pad_value': 0})
 - ('part_d0err', {'length': 128, 'pad_mode': 'wrap', 'center': 0, 'scale': 1, 'min': 0, 'max': 1, 'pad_value': 0})
 - ('part_dz', {'length': 128, 'pad_mode': 'wrap', 'center': None, 'scale': 1, 'min': -5, 'max': 5, 'pad_value': 0})
 - ('part_dzerr', {'length': 128, 'pad_mode': 'wrap', 'center': 0, 'scale': 1, 'min': 0, 'max': 1, 'pad_value': 0})
 - ('part_px', {'length': 128, 'pad_mode': 'wrap', 'center': None, 'scale': 1, 'min': -5, 'max': 5, 'pad_value': 0})
 - ('part_py', {'length': 128, 'pad_mode': 'wrap', 'center': None, 'scale': 1, 'min': -5, 'max': 5, 'pad_value': 0})
 - ('part_pz', {'length': 128, 'pad_mode': 'wrap', 'center': None, 'scale': 1, 'min': -5, 'max': 5, 'pad_value': 0})
 - ('part_energy', {'length': 128, 'pad_mode': 'wrap', 'center': None, 'scale': 1, 'min': -5, 'max': 5, 'pad_value': 0})
 - ('part_mask', {'length': 128, 'pad_mode': 'constant', 'center': None, 'scale': 1, 'min': -5, 'max': 5, 'pad_value': 0})[0m
[2026-06-18 23:14:58,346] INFO: [0;37mlabel_names: ('_label_',)[0m
[2026-06-18 23:14:58,346] INFO: [0;37mobserver_names: ('jet_pt', 'jet_eta', 'jet_phi', 'jet_energy', 'jet_nparticles', 'jet_sdmass', 'jet_tau1', 'jet_tau2', 'jet_tau3', 'jet_tau4')[0m
[2026-06-18 23:14:58,346] INFO: [0;37mmonitor_variables: ()[0m
[2026-06-18 23:14:58,685] INFO: === Restarting DataIter test_HToWW2Q1L_worker0, seed=1014492993 ===
[2026-06-18 23:14:58,686] INFO: Restarted DataIter test_HToWW2Q1L_worker0, load_range=(0, 1), file_list:
{
  "HToWW2Q1L": [
    "/home/maxwelhelp/\u0420\u0430\u0431\u043e\u0447\u0438\u0439 \u0441\u0442\u043e\u043b/JetClassOfficial/val_5M/HToWW2Q1L_120.root",
    "/home/maxwelhelp/\u0420\u0430\u0431\u043e\u0447\u0438\u0439 \u0441\u0442\u043e\u043b/JetClassOfficial/val_5M/HToWW2Q1L_121.root",
    "/home/maxwelhelp/\u0420\u0430\u0431\u043e\u0447\u0438\u0439 \u0441\u0442\u043e\u043b/JetClassOfficial/val_5M/HToWW2Q1L_122.root",
    "/home/maxwelhelp/\u0420\u0430\u0431\u043e\u0447\u0438\u0439 \u0441\u0442\u043e\u043b/JetClassOfficial/val_5M/HToWW2Q1L_123.root",
    "/home/maxwelhelp/\u0420\u0430\u0431\u043e\u0447\u0438\u0439 \u0441\u0442\u043e\u043b/JetClassOfficial/val_5M/HToWW2Q1L_124.root"
  ]
}
[2026-06-18 23:24:15,358] INFO: Processed 500000 entries in total (avg. speed 898.1 entries/s)
[2026-06-18 23:24:15,359] INFO: Eval AvgLoss: 0.00000, AvgAcc: 0.25598
[2026-06-18 23:24:15,359] INFO: Evaluation class distribution: 
    [(np.int64(5), 500000)]
[2026-06-18 23:24:15,500] WARNING: Cannot compute metric roc_auc_score: Number of classes in y_true not equal to the number of columns in 'y_score'
[2026-06-18 23:24:18,887] INFO: Evaluation metrics: 
    - roc_auc_score: 
None
    - roc_auc_score_matrix: 
[[ 0. nan nan nan nan nan nan nan nan nan]
 [ 0.  0. nan nan nan nan nan nan nan nan]
 [ 0.  0.  0. nan nan nan nan nan nan nan]
 [ 0.  0.  0.  0. nan nan nan nan nan nan]
 [ 0.  0.  0.  0.  0. nan nan nan nan nan]
 [ 0.  0.  0.  0.  0.  0. nan nan nan nan]
 [ 0.  0.  0.  0.  0.  0.  0. nan nan nan]
 [ 0.  0.  0.  0.  0.  0.  0.  0. nan nan]
 [ 0.  0.  0.  0.  0.  0.  0.  0.  0. nan]
 [ 0.  0.  0.  0.  0.  0.  0.  0.  0.  0.]]
    - confusion_matrix: 
[[0.00000e+00 0.00000e+00 0.00000e+00 0.00000e+00 0.00000e+00 0.00000e+00
  0.00000e+00 0.00000e+00 0.00000e+00]
 [0.00000e+00 0.00000e+00 0.00000e+00 0.00000e+00 0.00000e+00 0.00000e+00
  0.00000e+00 0.00000e+00 0.00000e+00]
 [0.00000e+00 0.00000e+00 0.00000e+00 0.00000e+00 0.00000e+00 0.00000e+00
  0.00000e+00 0.00000e+00 0.00000e+00]
 [0.00000e+00 0.00000e+00 0.00000e+00 0.00000e+00 0.00000e+00 0.00000e+00
  0.00000e+00 0.00000e+00 0.00000e+00]
 [0.00000e+00 0.00000e+00 0.00000e+00 0.00000e+00 0.00000e+00 0.00000e+00
  0.00000e+00 0.00000e+00 0.00000e+00]
 [3.78280e-01 4.20000e-05 2.22158e-01 5.00000e-05 6.18200e-03 2.55976e-01
  9.13380e-02 1.24000e-04 4.58500e-02]
 [0.00000e+00 0.00000e+00 0.00000e+00 0.00000e+00 0.00000e+00 0.00000e+00
  0.00000e+00 0.00000e+00 0.00000e+00]
 [0.00000e+00 0.00000e+00 0.00000e+00 0.00000e+00 0.00000e+00 0.00000e+00
  0.00000e+00 0.00000e+00 0.00000e+00]
 [0.00000e+00 0.00000e+00 0.00000e+00 0.00000e+00 0.00000e+00 0.00000e+00
  0.00000e+00 0.00000e+00 0.00000e+00]]
[2026-06-18 23:24:36,385] INFO: [1mTest metric 0.25598[0m
[2026-06-18 23:24:36,574] INFO: [1mWritten output to reports/latest/part_weaver_predict_smoke_v3_HToWW2Q1L.root[0m
[2026-06-18 23:24:36,574] INFO: Running on test file group HToWW4Q with 5 files:
.../home/maxwelhelp/Рабочий стол/JetClassOfficial/val_5M/HToWW4Q_120.root
.../home/maxwelhelp/Рабочий стол/JetClassOfficial/val_5M/HToWW4Q_121.root
.../home/maxwelhelp/Рабочий стол/JetClassOfficial/val_5M/HToWW4Q_122.root
.../home/maxwelhelp/Рабочий стол/JetClassOfficial/val_5M/HToWW4Q_123.root
.../home/maxwelhelp/Рабочий стол/JetClassOfficial/val_5M/HToWW4Q_124.root
[2026-06-18 23:24:36,586] INFO: [0;37mpreprocess config: {'method': 'manual', 'data_fraction': 0.5, 'params': None}[0m
[2026-06-18 23:24:36,586] INFO: [0;37mselection: None[0m
[2026-06-18 23:24:36,586] INFO: [0;37mtest_time_selection: None[0m
[2026-06-18 23:24:36,586] INFO: [0;37mvar_funcs:
 - ('part_mask', 'ak.ones_like(part_energy)')
 - ('part_pt', 'np.hypot(part_px, part_py)')
 - ('part_pt_log', 'np.log(part_pt)')
 - ('part_e_log', 'np.log(part_energy)')
 - ('part_logptrel', 'np.log(part_pt/jet_pt)')
 - ('part_logerel', 'np.log(part_energy/jet_energy)')
 - ('part_deltaR', 'np.hypot(part_deta, part_dphi)')
 - ('part_d0', 'np.tanh(part_d0val)')
 - ('part_dz', 'np.tanh(part_dzval)')
 - ('_label_', 'np.argmax(np.stack([ak.to_numpy(label_QCD),ak.to_numpy(label_Hbb),ak.to_numpy(label_Hcc),ak.to_numpy(label_Hgg),ak.to_numpy(label_H4q),ak.to_numpy(label_Hqql),ak.to_numpy(label_Zqq),ak.to_numpy(label_Wqq),ak.to_numpy(label_Tbqq),ak.to_numpy(label_Tbl)], axis=1), axis=1)')
 - ('_labelcheck_', 'np.sum(np.stack([ak.to_numpy(label_QCD),ak.to_numpy(label_Hbb),ak.to_numpy(label_Hcc),ak.to_numpy(label_Hgg),ak.to_numpy(label_H4q),ak.to_numpy(label_Hqql),ak.to_numpy(label_Zqq),ak.to_numpy(label_Wqq),ak.to_numpy(label_Tbqq),ak.to_numpy(label_Tbl)], axis=1), axis=1)')[0m
[2026-06-18 23:24:36,586] INFO: [0;37minput_names: ('pf_points', 'pf_features', 'pf_vectors', 'pf_mask')[0m
[2026-06-18 23:24:36,586] INFO: [0;37minput_dicts:
 - ('pf_points', ['part_deta', 'part_dphi'])
 - ('pf_features', ['part_pt_log', 'part_e_log', 'part_logptrel', 'part_logerel', 'part_deltaR', 'part_charge', 'part_isChargedHadron', 'part_isNeutralHadron', 'part_isPhoton', 'part_isElectron', 'part_isMuon', 'part_d0', 'part_d0err', 'part_dz', 'part_dzerr', 'part_deta', 'part_dphi'])
 - ('pf_vectors', ['part_px', 'part_py', 'part_pz', 'part_energy'])
 - ('pf_mask', ['part_mask'])[0m
[2026-06-18 23:24:36,587] INFO: [0;37minput_shapes:
 - ('pf_points', (-1, 2, 128))
 - ('pf_features', (-1, 17, 128))
 - ('pf_vectors', (-1, 4, 128))
 - ('pf_mask', (-1, 1, 128))[0m
[2026-06-18 23:24:36,587] INFO: [0;37mpreprocess_params:
 - ('part_deta', {'length': 128, 'pad_mode': 'wrap', 'center': None, 'scale': 1, 'min': -5, 'max': 5, 'pad_value': 0})
 - ('part_dphi', {'length': 128, 'pad_mode': 'wrap', 'center': None, 'scale': 1, 'min': -5, 'max': 5, 'pad_value': 0})
 - ('part_pt_log', {'length': 128, 'pad_mode': 'wrap', 'center': 1.7, 'scale': 0.7, 'min': -5, 'max': 5, 'pad_value': 0})
 - ('part_e_log', {'length': 128, 'pad_mode': 'wrap', 'center': 2.0, 'scale': 0.7, 'min': -5, 'max': 5, 'pad_value': 0})
 - ('part_logptrel', {'length': 128, 'pad_mode': 'wrap', 'center': -4.7, 'scale': 0.7, 'min': -5, 'max': 5, 'pad_value': 0})
 - ('part_logerel', {'length': 128, 'pad_mode': 'wrap', 'center': -4.7, 'scale': 0.7, 'min': -5, 'max': 5, 'pad_value': 0})
 - ('part_deltaR', {'length': 128, 'pad_mode': 'wrap', 'center': 0.2, 'scale': 4.0, 'min': -5, 'max': 5, 'pad_value': 0})
 - ('part_charge', {'length': 128, 'pad_mode': 'wrap', 'center': None, 'scale': 1, 'min': -5, 'max': 5, 'pad_value': 0})
 - ('part_isChargedHadron', {'length': 128, 'pad_mode': 'wrap', 'center': None, 'scale': 1, 'min': -5, 'max': 5, 'pad_value': 0})
 - ('part_isNeutralHadron', {'length': 128, 'pad_mode': 'wrap', 'center': None, 'scale': 1, 'min': -5, 'max': 5, 'pad_value': 0})
 - ('part_isPhoton', {'length': 128, 'pad_mode': 'wrap', 'center': None, 'scale': 1, 'min': -5, 'max': 5, 'pad_value': 0})
 - ('part_isElectron', {'length': 128, 'pad_mode': 'wrap', 'center': None, 'scale': 1, 'min': -5, 'max': 5, 'pad_value': 0})
 - ('part_isMuon', {'length': 128, 'pad_mode': 'wrap', 'center': None, 'scale': 1, 'min': -5, 'max': 5, 'pad_value': 0})
 - ('part_d0', {'length': 128, 'pad_mode': 'wrap', 'center': None, 'scale': 1, 'min': -5, 'max': 5, 'pad_value': 0})
 - ('part_d0err', {'length': 128, 'pad_mode': 'wrap', 'center': 0, 'scale': 1, 'min': 0, 'max': 1, 'pad_value': 0})
 - ('part_dz', {'length': 128, 'pad_mode': 'wrap', 'center': None, 'scale': 1, 'min': -5, 'max': 5, 'pad_value': 0})
 - ('part_dzerr', {'length': 128, 'pad_mode': 'wrap', 'center': 0, 'scale': 1, 'min': 0, 'max': 1, 'pad_value': 0})
 - ('part_px', {'length': 128, 'pad_mode': 'wrap', 'center': None, 'scale': 1, 'min': -5, 'max': 5, 'pad_value': 0})
 - ('part_py', {'length': 128, 'pad_mode': 'wrap', 'center': None, 'scale': 1, 'min': -5, 'max': 5, 'pad_value': 0})
 - ('part_pz', {'length': 128, 'pad_mode': 'wrap', 'center': None, 'scale': 1, 'min': -5, 'max': 5, 'pad_value': 0})
 - ('part_energy', {'length': 128, 'pad_mode': 'wrap', 'center': None, 'scale': 1, 'min': -5, 'max': 5, 'pad_value': 0})
 - ('part_mask', {'length': 128, 'pad_mode': 'constant', 'center': None, 'scale': 1, 'min': -5, 'max': 5, 'pad_value': 0})[0m
[2026-06-18 23:24:36,587] INFO: [0;37mlabel_names: ('_label_',)[0m
[2026-06-18 23:24:36,587] INFO: [0;37mobserver_names: ('jet_pt', 'jet_eta', 'jet_phi', 'jet_energy', 'jet_nparticles', 'jet_sdmass', 'jet_tau1', 'jet_tau2', 'jet_tau3', 'jet_tau4')[0m
[2026-06-18 23:24:36,587] INFO: [0;37mmonitor_variables: ()[0m
[2026-06-18 23:24:36,598] INFO: [0;37mpreprocess config: {'method': 'manual', 'data_fraction': 0.5, 'params': None}[0m
[2026-06-18 23:24:36,598] INFO: [0;37mselection: None[0m
[2026-06-18 23:24:36,598] INFO: [0;37mtest_time_selection: None[0m
[2026-06-18 23:24:36,598] INFO: [0;37mvar_funcs:
 - ('part_mask', 'ak.ones_like(part_energy)')
 - ('part_pt', 'np.hypot(part_px, part_py)')
 - ('part_pt_log', 'np.log(part_pt)')
 - ('part_e_log', 'np.log(part_energy)')
 - ('part_logptrel', 'np.log(part_pt/jet_pt)')
 - ('part_logerel', 'np.log(part_energy/jet_energy)')
 - ('part_deltaR', 'np.hypot(part_deta, part_dphi)')
 - ('part_d0', 'np.tanh(part_d0val)')
 - ('part_dz', 'np.tanh(part_dzval)')
 - ('_label_', 'np.argmax(np.stack([ak.to_numpy(label_QCD),ak.to_numpy(label_Hbb),ak.to_numpy(label_Hcc),ak.to_numpy(label_Hgg),ak.to_numpy(label_H4q),ak.to_numpy(label_Hqql),ak.to_numpy(label_Zqq),ak.to_numpy(label_Wqq),ak.to_numpy(label_Tbqq),ak.to_numpy(label_Tbl)], axis=1), axis=1)')
 - ('_labelcheck_', 'np.sum(np.stack([ak.to_numpy(label_QCD),ak.to_numpy(label_Hbb),ak.to_numpy(label_Hcc),ak.to_numpy(label_Hgg),ak.to_numpy(label_H4q),ak.to_numpy(label_Hqql),ak.to_numpy(label_Zqq),ak.to_numpy(label_Wqq),ak.to_numpy(label_Tbqq),ak.to_numpy(label_Tbl)], axis=1), axis=1)')[0m
[2026-06-18 23:24:36,598] INFO: [0;37minput_names: ('pf_points', 'pf_features', 'pf_vectors', 'pf_mask')[0m
[2026-06-18 23:24:36,598] INFO: [0;37minput_dicts:
 - ('pf_points', ['part_deta', 'part_dphi'])
 - ('pf_features', ['part_pt_log', 'part_e_log', 'part_logptrel', 'part_logerel', 'part_deltaR', 'part_charge', 'part_isChargedHadron', 'part_isNeutralHadron', 'part_isPhoton', 'part_isElectron', 'part_isMuon', 'part_d0', 'part_d0err', 'part_dz', 'part_dzerr', 'part_deta', 'part_dphi'])
 - ('pf_vectors', ['part_px', 'part_py', 'part_pz', 'part_energy'])
 - ('pf_mask', ['part_mask'])[0m
[2026-06-18 23:24:36,599] INFO: [0;37minput_shapes:
 - ('pf_points', (-1, 2, 128))
 - ('pf_features', (-1, 17, 128))
 - ('pf_vectors', (-1, 4, 128))
 - ('pf_mask', (-1, 1, 128))[0m
[2026-06-18 23:24:36,599] INFO: [0;37mpreprocess_params:
 - ('part_deta', {'length': 128, 'pad_mode': 'wrap', 'center': None, 'scale': 1, 'min': -5, 'max': 5, 'pad_value': 0})
 - ('part_dphi', {'length': 128, 'pad_mode': 'wrap', 'center': None, 'scale': 1, 'min': -5, 'max': 5, 'pad_value': 0})
 - ('part_pt_log', {'length': 128, 'pad_mode': 'wrap', 'center': 1.7, 'scale': 0.7, 'min': -5, 'max': 5, 'pad_value': 0})
 - ('part_e_log', {'length': 128, 'pad_mode': 'wrap', 'center': 2.0, 'scale': 0.7, 'min': -5, 'max': 5, 'pad_value': 0})
 - ('part_logptrel', {'length': 128, 'pad_mode': 'wrap', 'center': -4.7, 'scale': 0.7, 'min': -5, 'max': 5, 'pad_value': 0})
 - ('part_logerel', {'length': 128, 'pad_mode': 'wrap', 'center': -4.7, 'scale': 0.7, 'min': -5, 'max': 5, 'pad_value': 0})
 - ('part_deltaR', {'length': 128, 'pad_mode': 'wrap', 'center': 0.2, 'scale': 4.0, 'min': -5, 'max': 5, 'pad_value': 0})
 - ('part_charge', {'length': 128, 'pad_mode': 'wrap', 'center': None, 'scale': 1, 'min': -5, 'max': 5, 'pad_value': 0})
 - ('part_isChargedHadron', {'length': 128, 'pad_mode': 'wrap', 'center': None, 'scale': 1, 'min': -5, 'max': 5, 'pad_value': 0})
 - ('part_isNeutralHadron', {'length': 128, 'pad_mode': 'wrap', 'center': None, 'scale': 1, 'min': -5, 'max': 5, 'pad_value': 0})
 - ('part_isPhoton', {'length': 128, 'pad_mode': 'wrap', 'center': None, 'scale': 1, 'min': -5, 'max': 5, 'pad_value': 0})
 - ('part_isElectron', {'length': 128, 'pad_mode': 'wrap', 'center': None, 'scale': 1, 'min': -5, 'max': 5, 'pad_value': 0})
 - ('part_isMuon', {'length': 128, 'pad_mode': 'wrap', 'center': None, 'scale': 1, 'min': -5, 'max': 5, 'pad_value': 0})
 - ('part_d0', {'length': 128, 'pad_mode': 'wrap', 'center': None, 'scale': 1, 'min': -5, 'max': 5, 'pad_value': 0})
 - ('part_d0err', {'length': 128, 'pad_mode': 'wrap', 'center': 0, 'scale': 1, 'min': 0, 'max': 1, 'pad_value': 0})
 - ('part_dz', {'length': 128, 'pad_mode': 'wrap', 'center': None, 'scale': 1, 'min': -5, 'max': 5, 'pad_value': 0})
 - ('part_dzerr', {'length': 128, 'pad_mode': 'wrap', 'center': 0, 'scale': 1, 'min': 0, 'max': 1, 'pad_value': 0})
 - ('part_px', {'length': 128, 'pad_mode': 'wrap', 'center': None, 'scale': 1, 'min': -5, 'max': 5, 'pad_value': 0})
 - ('part_py', {'length': 128, 'pad_mode': 'wrap', 'center': None, 'scale': 1, 'min': -5, 'max': 5, 'pad_value': 0})
 - ('part_pz', {'length': 128, 'pad_mode': 'wrap', 'center': None, 'scale': 1, 'min': -5, 'max': 5, 'pad_value': 0})
 - ('part_energy', {'length': 128, 'pad_mode': 'wrap', 'center': None, 'scale': 1, 'min': -5, 'max': 5, 'pad_value': 0})
 - ('part_mask', {'length': 128, 'pad_mode': 'constant', 'center': None, 'scale': 1, 'min': -5, 'max': 5, 'pad_value': 0})[0m
[2026-06-18 23:24:36,599] INFO: [0;37mlabel_names: ('_label_',)[0m
[2026-06-18 23:24:36,599] INFO: [0;37mobserver_names: ('jet_pt', 'jet_eta', 'jet_phi', 'jet_energy', 'jet_nparticles', 'jet_sdmass', 'jet_tau1', 'jet_tau2', 'jet_tau3', 'jet_tau4')[0m
[2026-06-18 23:24:36,599] INFO: [0;37mmonitor_variables: ()[0m
[2026-06-18 23:24:36,895] INFO: === Restarting DataIter test_HToWW4Q_worker0, seed=1829303615 ===
[2026-06-18 23:24:36,896] INFO: Restarted DataIter test_HToWW4Q_worker0, load_range=(0, 1), file_list:
{
  "HToWW4Q": [
    "/home/maxwelhelp/\u0420\u0430\u0431\u043e\u0447\u0438\u0439 \u0441\u0442\u043e\u043b/JetClassOfficial/val_5M/HToWW4Q_120.root",
    "/home/maxwelhelp/\u0420\u0430\u0431\u043e\u0447\u0438\u0439 \u0441\u0442\u043e\u043b/JetClassOfficial/val_5M/HToWW4Q_121.root",
    "/home/maxwelhelp/\u0420\u0430\u0431\u043e\u0447\u0438\u0439 \u0441\u0442\u043e\u043b/JetClassOfficial/val_5M/HToWW4Q_122.root",
    "/home/maxwelhelp/\u0420\u0430\u0431\u043e\u0447\u0438\u0439 \u0441\u0442\u043e\u043b/JetClassOfficial/val_5M/HToWW4Q_123.root",
    "/home/maxwelhelp/\u0420\u0430\u0431\u043e\u0447\u0438\u0439 \u0441\u0442\u043e\u043b/JetClassOfficial/val_5M/HToWW4Q_124.root"
  ]
}
[2026-06-18 23:33:54,841] INFO: Processed 500000 entries in total (avg. speed 896.0 entries/s)
[2026-06-18 23:33:54,842] INFO: Eval AvgLoss: 0.00000, AvgAcc: 0.00017
[2026-06-18 23:33:54,842] INFO: Evaluation class distribution: 
    [(np.int64(4), 500000)]
[2026-06-18 23:33:55,001] WARNING: Cannot compute metric roc_auc_score: Number of classes in y_true not equal to the number of columns in 'y_score'
[2026-06-18 23:33:58,455] INFO: Evaluation metrics: 
    - roc_auc_score: 
None
    - roc_auc_score_matrix: 
[[ 0. nan nan nan nan nan nan nan nan nan]
 [ 0.  0. nan nan nan nan nan nan nan nan]
 [ 0.  0.  0. nan nan nan nan nan nan nan]
 [ 0.  0.  0.  0. nan nan nan nan nan nan]
 [ 0.  0.  0.  0.  0. nan nan nan nan nan]
 [ 0.  0.  0.  0.  0.  0. nan nan nan nan]
 [ 0.  0.  0.  0.  0.  0.  0. nan nan nan]
 [ 0.  0.  0.  0.  0.  0.  0.  0. nan nan]
 [ 0.  0.  0.  0.  0.  0.  0.  0.  0. nan]
 [ 0.  0.  0.  0.  0.  0.  0.  0.  0.  0.]]
    - confusion_matrix: 
[[0.00000e+00 0.00000e+00 0.00000e+00 0.00000e+00 0.00000e+00 0.00000e+00
  0.00000e+00 0.00000e+00]
 [0.00000e+00 0.00000e+00 0.00000e+00 0.00000e+00 0.00000e+00 0.00000e+00
  0.00000e+00 0.00000e+00]
 [0.00000e+00 0.00000e+00 0.00000e+00 0.00000e+00 0.00000e+00 0.00000e+00
  0.00000e+00 0.00000e+00]
 [2.21190e-01 2.04000e-04 3.41700e-02 1.74000e-04 1.32944e-01 5.92346e-01
  3.40000e-05 1.89380e-02]
 [0.00000e+00 0.00000e+00 0.00000e+00 0.00000e+00 0.00000e+00 0.00000e+00
  0.00000e+00 0.00000e+00]
 [0.00000e+00 0.00000e+00 0.00000e+00 0.00000e+00 0.00000e+00 0.00000e+00
  0.00000e+00 0.00000e+00]
 [0.00000e+00 0.00000e+00 0.00000e+00 0.00000e+00 0.00000e+00 0.00000e+00
  0.00000e+00 0.00000e+00]
 [0.00000e+00 0.00000e+00 0.00000e+00 0.00000e+00 0.00000e+00 0.00000e+00
  0.00000e+00 0.00000e+00]]
[2026-06-18 23:34:15,481] INFO: [1mTest metric 0.00017[0m
[2026-06-18 23:34:15,714] INFO: [1mWritten output to reports/latest/part_weaver_predict_smoke_v3_HToWW4Q.root[0m
[2026-06-18 23:34:15,714] INFO: Running on test file group TTBar with 5 files:
.../home/maxwelhelp/Рабочий стол/JetClassOfficial/val_5M/TTBar_120.root
.../home/maxwelhelp/Рабочий стол/JetClassOfficial/val_5M/TTBar_121.root
.../home/maxwelhelp/Рабочий стол/JetClassOfficial/val_5M/TTBar_122.root
.../home/maxwelhelp/Рабочий стол/JetClassOfficial/val_5M/TTBar_123.root
.../home/maxwelhelp/Рабочий стол/JetClassOfficial/val_5M/TTBar_124.root
[2026-06-18 23:34:15,726] INFO: [0;37mpreprocess config: {'method': 'manual', 'data_fraction': 0.5, 'params': None}[0m
[2026-06-18 23:34:15,726] INFO: [0;37mselection: None[0m
[2026-06-18 23:34:15,726] INFO: [0;37mtest_time_selection: None[0m
[2026-06-18 23:34:15,726] INFO: [0;37mvar_funcs:
 - ('part_mask', 'ak.ones_like(part_energy)')
 - ('part_pt', 'np.hypot(part_px, part_py)')
 - ('part_pt_log', 'np.log(part_pt)')
 - ('part_e_log', 'np.log(part_energy)')
 - ('part_logptrel', 'np.log(part_pt/jet_pt)')
 - ('part_logerel', 'np.log(part_energy/jet_energy)')
 - ('part_deltaR', 'np.hypot(part_deta, part_dphi)')
 - ('part_d0', 'np.tanh(part_d0val)')
 - ('part_dz', 'np.tanh(part_dzval)')
 - ('_label_', 'np.argmax(np.stack([ak.to_numpy(label_QCD),ak.to_numpy(label_Hbb),ak.to_numpy(label_Hcc),ak.to_numpy(label_Hgg),ak.to_numpy(label_H4q),ak.to_numpy(label_Hqql),ak.to_numpy(label_Zqq),ak.to_numpy(label_Wqq),ak.to_numpy(label_Tbqq),ak.to_numpy(label_Tbl)], axis=1), axis=1)')
 - ('_labelcheck_', 'np.sum(np.stack([ak.to_numpy(label_QCD),ak.to_numpy(label_Hbb),ak.to_numpy(label_Hcc),ak.to_numpy(label_Hgg),ak.to_numpy(label_H4q),ak.to_numpy(label_Hqql),ak.to_numpy(label_Zqq),ak.to_numpy(label_Wqq),ak.to_numpy(label_Tbqq),ak.to_numpy(label_Tbl)], axis=1), axis=1)')[0m
[2026-06-18 23:34:15,726] INFO: [0;37minput_names: ('pf_points', 'pf_features', 'pf_vectors', 'pf_mask')[0m
[2026-06-18 23:34:15,726] INFO: [0;37minput_dicts:
 - ('pf_points', ['part_deta', 'part_dphi'])
 - ('pf_features', ['part_pt_log', 'part_e_log', 'part_logptrel', 'part_logerel', 'part_deltaR', 'part_charge', 'part_isChargedHadron', 'part_isNeutralHadron', 'part_isPhoton', 'part_isElectron', 'part_isMuon', 'part_d0', 'part_d0err', 'part_dz', 'part_dzerr', 'part_deta', 'part_dphi'])
 - ('pf_vectors', ['part_px', 'part_py', 'part_pz', 'part_energy'])
 - ('pf_mask', ['part_mask'])[0m
[2026-06-18 23:34:15,726] INFO: [0;37minput_shapes:
 - ('pf_points', (-1, 2, 128))
 - ('pf_features', (-1, 17, 128))
 - ('pf_vectors', (-1, 4, 128))
 - ('pf_mask', (-1, 1, 128))[0m
[2026-06-18 23:34:15,727] INFO: [0;37mpreprocess_params:
 - ('part_deta', {'length': 128, 'pad_mode': 'wrap', 'center': None, 'scale': 1, 'min': -5, 'max': 5, 'pad_value': 0})
 - ('part_dphi', {'length': 128, 'pad_mode': 'wrap', 'center': None, 'scale': 1, 'min': -5, 'max': 5, 'pad_value': 0})
 - ('part_pt_log', {'length': 128, 'pad_mode': 'wrap', 'center': 1.7, 'scale': 0.7, 'min': -5, 'max': 5, 'pad_value': 0})
 - ('part_e_log', {'length': 128, 'pad_mode': 'wrap', 'center': 2.0, 'scale': 0.7, 'min': -5, 'max': 5, 'pad_value': 0})
 - ('part_logptrel', {'length': 128, 'pad_mode': 'wrap', 'center': -4.7, 'scale': 0.7, 'min': -5, 'max': 5, 'pad_value': 0})
 - ('part_logerel', {'length': 128, 'pad_mode': 'wrap', 'center': -4.7, 'scale': 0.7, 'min': -5, 'max': 5, 'pad_value': 0})
 - ('part_deltaR', {'length': 128, 'pad_mode': 'wrap', 'center': 0.2, 'scale': 4.0, 'min': -5, 'max': 5, 'pad_value': 0})
 - ('part_charge', {'length': 128, 'pad_mode': 'wrap', 'center': None, 'scale': 1, 'min': -5, 'max': 5, 'pad_value': 0})
 - ('part_isChargedHadron', {'length': 128, 'pad_mode': 'wrap', 'center': None, 'scale': 1, 'min': -5, 'max': 5, 'pad_value': 0})
 - ('part_isNeutralHadron', {'length': 128, 'pad_mode': 'wrap', 'center': None, 'scale': 1, 'min': -5, 'max': 5, 'pad_value': 0})
 - ('part_isPhoton', {'length': 128, 'pad_mode': 'wrap', 'center': None, 'scale': 1, 'min': -5, 'max': 5, 'pad_value': 0})
 - ('part_isElectron', {'length': 128, 'pad_mode': 'wrap', 'center': None, 'scale': 1, 'min': -5, 'max': 5, 'pad_value': 0})
 - ('part_isMuon', {'length': 128, 'pad_mode': 'wrap', 'center': None, 'scale': 1, 'min': -5, 'max': 5, 'pad_value': 0})
 - ('part_d0', {'length': 128, 'pad_mode': 'wrap', 'center': None, 'scale': 1, 'min': -5, 'max': 5, 'pad_value': 0})
 - ('part_d0err', {'length': 128, 'pad_mode': 'wrap', 'center': 0, 'scale': 1, 'min': 0, 'max': 1, 'pad_value': 0})
 - ('part_dz', {'length': 128, 'pad_mode': 'wrap', 'center': None, 'scale': 1, 'min': -5, 'max': 5, 'pad_value': 0})
 - ('part_dzerr', {'length': 128, 'pad_mode': 'wrap', 'center': 0, 'scale': 1, 'min': 0, 'max': 1, 'pad_value': 0})
 - ('part_px', {'length': 128, 'pad_mode': 'wrap', 'center': None, 'scale': 1, 'min': -5, 'max': 5, 'pad_value': 0})
 - ('part_py', {'length': 128, 'pad_mode': 'wrap', 'center': None, 'scale': 1, 'min': -5, 'max': 5, 'pad_value': 0})
 - ('part_pz', {'length': 128, 'pad_mode': 'wrap', 'center': None, 'scale': 1, 'min': -5, 'max': 5, 'pad_value': 0})
 - ('part_energy', {'length': 128, 'pad_mode': 'wrap', 'center': None, 'scale': 1, 'min': -5, 'max': 5, 'pad_value': 0})
 - ('part_mask', {'length': 128, 'pad_mode': 'constant', 'center': None, 'scale': 1, 'min': -5, 'max': 5, 'pad_value': 0})[0m
[2026-06-18 23:34:15,727] INFO: [0;37mlabel_names: ('_label_',)[0m
[2026-06-18 23:34:15,727] INFO: [0;37mobserver_names: ('jet_pt', 'jet_eta', 'jet_phi', 'jet_energy', 'jet_nparticles', 'jet_sdmass', 'jet_tau1', 'jet_tau2', 'jet_tau3', 'jet_tau4')[0m
[2026-06-18 23:34:15,727] INFO: [0;37mmonitor_variables: ()[0m
[2026-06-18 23:34:15,738] INFO: [0;37mpreprocess config: {'method': 'manual', 'data_fraction': 0.5, 'params': None}[0m
[2026-06-18 23:34:15,738] INFO: [0;37mselection: None[0m
[2026-06-18 23:34:15,738] INFO: [0;37mtest_time_selection: None[0m
[2026-06-18 23:34:15,738] INFO: [0;37mvar_funcs:
 - ('part_mask', 'ak.ones_like(part_energy)')
 - ('part_pt', 'np.hypot(part_px, part_py)')
 - ('part_pt_log', 'np.log(part_pt)')
 - ('part_e_log', 'np.log(part_energy)')
 - ('part_logptrel', 'np.log(part_pt/jet_pt)')
 - ('part_logerel', 'np.log(part_energy/jet_energy)')
 - ('part_deltaR', 'np.hypot(part_deta, part_dphi)')
 - ('part_d0', 'np.tanh(part_d0val)')
 - ('part_dz', 'np.tanh(part_dzval)')
 - ('_label_', 'np.argmax(np.stack([ak.to_numpy(label_QCD),ak.to_numpy(label_Hbb),ak.to_numpy(label_Hcc),ak.to_numpy(label_Hgg),ak.to_numpy(label_H4q),ak.to_numpy(label_Hqql),ak.to_numpy(label_Zqq),ak.to_numpy(label_Wqq),ak.to_numpy(label_Tbqq),ak.to_numpy(label_Tbl)], axis=1), axis=1)')
 - ('_labelcheck_', 'np.sum(np.stack([ak.to_numpy(label_QCD),ak.to_numpy(label_Hbb),ak.to_numpy(label_Hcc),ak.to_numpy(label_Hgg),ak.to_numpy(label_H4q),ak.to_numpy(label_Hqql),ak.to_numpy(label_Zqq),ak.to_numpy(label_Wqq),ak.to_numpy(label_Tbqq),ak.to_numpy(label_Tbl)], axis=1), axis=1)')[0m
[2026-06-18 23:34:15,738] INFO: [0;37minput_names: ('pf_points', 'pf_features', 'pf_vectors', 'pf_mask')[0m
[2026-06-18 23:34:15,738] INFO: [0;37minput_dicts:
 - ('pf_points', ['part_deta', 'part_dphi'])
 - ('pf_features', ['part_pt_log', 'part_e_log', 'part_logptrel', 'part_logerel', 'part_deltaR', 'part_charge', 'part_isChargedHadron', 'part_isNeutralHadron', 'part_isPhoton', 'part_isElectron', 'part_isMuon', 'part_d0', 'part_d0err', 'part_dz', 'part_dzerr', 'part_deta', 'part_dphi'])
 - ('pf_vectors', ['part_px', 'part_py', 'part_pz', 'part_energy'])
 - ('pf_mask', ['part_mask'])[0m
[2026-06-18 23:34:15,738] INFO: [0;37minput_shapes:
 - ('pf_points', (-1, 2, 128))
 - ('pf_features', (-1, 17, 128))
 - ('pf_vectors', (-1, 4, 128))
 - ('pf_mask', (-1, 1, 128))[0m
[2026-06-18 23:34:15,738] INFO: [0;37mpreprocess_params:
 - ('part_deta', {'length': 128, 'pad_mode': 'wrap', 'center': None, 'scale': 1, 'min': -5, 'max': 5, 'pad_value': 0})
 - ('part_dphi', {'length': 128, 'pad_mode': 'wrap', 'center': None, 'scale': 1, 'min': -5, 'max': 5, 'pad_value': 0})
 - ('part_pt_log', {'length': 128, 'pad_mode': 'wrap', 'center': 1.7, 'scale': 0.7, 'min': -5, 'max': 5, 'pad_value': 0})
 - ('part_e_log', {'length': 128, 'pad_mode': 'wrap', 'center': 2.0, 'scale': 0.7, 'min': -5, 'max': 5, 'pad_value': 0})
 - ('part_logptrel', {'length': 128, 'pad_mode': 'wrap', 'center': -4.7, 'scale': 0.7, 'min': -5, 'max': 5, 'pad_value': 0})
 - ('part_logerel', {'length': 128, 'pad_mode': 'wrap', 'center': -4.7, 'scale': 0.7, 'min': -5, 'max': 5, 'pad_value': 0})
 - ('part_deltaR', {'length': 128, 'pad_mode': 'wrap', 'center': 0.2, 'scale': 4.0, 'min': -5, 'max': 5, 'pad_value': 0})
 - ('part_charge', {'length': 128, 'pad_mode': 'wrap', 'center': None, 'scale': 1, 'min': -5, 'max': 5, 'pad_value': 0})
 - ('part_isChargedHadron', {'length': 128, 'pad_mode': 'wrap', 'center': None, 'scale': 1, 'min': -5, 'max': 5, 'pad_value': 0})
 - ('part_isNeutralHadron', {'length': 128, 'pad_mode': 'wrap', 'center': None, 'scale': 1, 'min': -5, 'max': 5, 'pad_value': 0})
 - ('part_isPhoton', {'length': 128, 'pad_mode': 'wrap', 'center': None, 'scale': 1, 'min': -5, 'max': 5, 'pad_value': 0})
 - ('part_isElectron', {'length': 128, 'pad_mode': 'wrap', 'center': None, 'scale': 1, 'min': -5, 'max': 5, 'pad_value': 0})
 - ('part_isMuon', {'length': 128, 'pad_mode': 'wrap', 'center': None, 'scale': 1, 'min': -5, 'max': 5, 'pad_value': 0})
 - ('part_d0', {'length': 128, 'pad_mode': 'wrap', 'center': None, 'scale': 1, 'min': -5, 'max': 5, 'pad_value': 0})
 - ('part_d0err', {'length': 128, 'pad_mode': 'wrap', 'center': 0, 'scale': 1, 'min': 0, 'max': 1, 'pad_value': 0})
 - ('part_dz', {'length': 128, 'pad_mode': 'wrap', 'center': None, 'scale': 1, 'min': -5, 'max': 5, 'pad_value': 0})
 - ('part_dzerr', {'length': 128, 'pad_mode': 'wrap', 'center': 0, 'scale': 1, 'min': 0, 'max': 1, 'pad_value': 0})
 - ('part_px', {'length': 128, 'pad_mode': 'wrap', 'center': None, 'scale': 1, 'min': -5, 'max': 5, 'pad_value': 0})
 - ('part_py', {'length': 128, 'pad_mode': 'wrap', 'center': None, 'scale': 1, 'min': -5, 'max': 5, 'pad_value': 0})
 - ('part_pz', {'length': 128, 'pad_mode': 'wrap', 'center': None, 'scale': 1, 'min': -5, 'max': 5, 'pad_value': 0})
 - ('part_energy', {'length': 128, 'pad_mode': 'wrap', 'center': None, 'scale': 1, 'min': -5, 'max': 5, 'pad_value': 0})
 - ('part_mask', {'length': 128, 'pad_mode': 'constant', 'center': None, 'scale': 1, 'min': -5, 'max': 5, 'pad_value': 0})[0m
[2026-06-18 23:34:15,739] INFO: [0;37mlabel_names: ('_label_',)[0m
[2026-06-18 23:34:15,739] INFO: [0;37mobserver_names: ('jet_pt', 'jet_eta', 'jet_phi', 'jet_energy', 'jet_nparticles', 'jet_sdmass', 'jet_tau1', 'jet_tau2', 'jet_tau3', 'jet_tau4')[0m
[2026-06-18 23:34:15,739] INFO: [0;37mmonitor_variables: ()[0m
[2026-06-18 23:34:16,090] INFO: === Restarting DataIter test_TTBar_worker0, seed=840206363 ===
[2026-06-18 23:34:16,091] INFO: Restarted DataIter test_TTBar_worker0, load_range=(0, 1), file_list:
{
  "TTBar": [
    "/home/maxwelhelp/\u0420\u0430\u0431\u043e\u0447\u0438\u0439 \u0441\u0442\u043e\u043b/JetClassOfficial/val_5M/TTBar_120.root",
    "/home/maxwelhelp/\u0420\u0430\u0431\u043e\u0447\u0438\u0439 \u0441\u0442\u043e\u043b/JetClassOfficial/val_5M/TTBar_121.root",
    "/home/maxwelhelp/\u0420\u0430\u0431\u043e\u0447\u0438\u0439 \u0441\u0442\u043e\u043b/JetClassOfficial/val_5M/TTBar_122.root",
    "/home/maxwelhelp/\u0420\u0430\u0431\u043e\u0447\u0438\u0439 \u0441\u0442\u043e\u043b/JetClassOfficial/val_5M/TTBar_123.root",
    "/home/maxwelhelp/\u0420\u0430\u0431\u043e\u0447\u0438\u0439 \u0441\u0442\u043e\u043b/JetClassOfficial/val_5M/TTBar_124.root"
  ]
}
[2026-06-18 23:43:49,169] INFO: Processed 500000 entries in total (avg. speed 872.4 entries/s)
[2026-06-18 23:43:49,170] INFO: Eval AvgLoss: 0.00000, AvgAcc: 0.00000
[2026-06-18 23:43:49,170] INFO: Evaluation class distribution: 
    [(np.int64(8), 500000)]
[2026-06-18 23:43:49,338] WARNING: Cannot compute metric roc_auc_score: Number of classes in y_true not equal to the number of columns in 'y_score'
[2026-06-18 23:43:52,621] INFO: Evaluation metrics: 
    - roc_auc_score: 
None
    - roc_auc_score_matrix: 
[[ 0. nan nan nan nan nan nan nan nan nan]
 [ 0.  0. nan nan nan nan nan nan nan nan]
 [ 0.  0.  0. nan nan nan nan nan nan nan]
 [ 0.  0.  0.  0. nan nan nan nan nan nan]
 [ 0.  0.  0.  0.  0. nan nan nan nan nan]
 [ 0.  0.  0.  0.  0.  0. nan nan nan nan]
 [ 0.  0.  0.  0.  0.  0.  0. nan nan nan]
 [ 0.  0.  0.  0.  0.  0.  0.  0. nan nan]
 [ 0.  0.  0.  0.  0.  0.  0.  0.  0. nan]
 [ 0.  0.  0.  0.  0.  0.  0.  0.  0.  0.]]
    - confusion_matrix: 
[[0.0000e+00 0.0000e+00 0.0000e+00 0.0000e+00 0.0000e+00 0.0000e+00
  0.0000e+00 0.0000e+00 0.0000e+00 0.0000e+00]
 [0.0000e+00 0.0000e+00 0.0000e+00 0.0000e+00 0.0000e+00 0.0000e+00
  0.0000e+00 0.0000e+00 0.0000e+00 0.0000e+00]
 [0.0000e+00 0.0000e+00 0.0000e+00 0.0000e+00 0.0000e+00 0.0000e+00
  0.0000e+00 0.0000e+00 0.0000e+00 0.0000e+00]
 [0.0000e+00 0.0000e+00 0.0000e+00 0.0000e+00 0.0000e+00 0.0000e+00
  0.0000e+00 0.0000e+00 0.0000e+00 0.0000e+00]
 [0.0000e+00 0.0000e+00 0.0000e+00 0.0000e+00 0.0000e+00 0.0000e+00
  0.0000e+00 0.0000e+00 0.0000e+00 0.0000e+00]
 [0.0000e+00 0.0000e+00 0.0000e+00 0.0000e+00 0.0000e+00 0.0000e+00
  0.0000e+00 0.0000e+00 0.0000e+00 0.0000e+00]
 [0.0000e+00 0.0000e+00 0.0000e+00 0.0000e+00 0.0000e+00 0.0000e+00
  0.0000e+00 0.0000e+00 0.0000e+00 0.0000e+00]
 [0.0000e+00 0.0000e+00 0.0000e+00 0.0000e+00 0.0000e+00 0.0000e+00
  0.0000e+00 0.0000e+00 0.0000e+00 0.0000e+00]
 [4.5540e-02 5.7400e-04 1.0920e-03 2.0000e-06 8.0000e-06 3.0780e-02
  8.8725e-01 2.6400e-04 0.0000e+00 3.4490e-02]
 [0.0000e+00 0.0000e+00 0.0000e+00 0.0000e+00 0.0000e+00 0.0000e+00
  0.0000e+00 0.0000e+00 0.0000e+00 0.0000e+00]]
[2026-06-18 23:44:10,052] INFO: [1mTest metric 0.00000[0m
[2026-06-18 23:44:10,242] INFO: [1mWritten output to reports/latest/part_weaver_predict_smoke_v3_TTBar.root[0m
[2026-06-18 23:44:10,243] INFO: Running on test file group TTBarLep with 5 files:
.../home/maxwelhelp/Рабочий стол/JetClassOfficial/val_5M/TTBarLep_120.root
.../home/maxwelhelp/Рабочий стол/JetClassOfficial/val_5M/TTBarLep_121.root
.../home/maxwelhelp/Рабочий стол/JetClassOfficial/val_5M/TTBarLep_122.root
.../home/maxwelhelp/Рабочий стол/JetClassOfficial/val_5M/TTBarLep_123.root
.../home/maxwelhelp/Рабочий стол/JetClassOfficial/val_5M/TTBarLep_124.root
[2026-06-18 23:44:10,254] INFO: [0;37mpreprocess config: {'method': 'manual', 'data_fraction': 0.5, 'params': None}[0m
[2026-06-18 23:44:10,254] INFO: [0;37mselection: None[0m
[2026-06-18 23:44:10,254] INFO: [0;37mtest_time_selection: None[0m
[2026-06-18 23:44:10,254] INFO: [0;37mvar_funcs:
 - ('part_mask', 'ak.ones_like(part_energy)')
 - ('part_pt', 'np.hypot(part_px, part_py)')
 - ('part_pt_log', 'np.log(part_pt)')
 - ('part_e_log', 'np.log(part_energy)')
 - ('part_logptrel', 'np.log(part_pt/jet_pt)')
 - ('part_logerel', 'np.log(part_energy/jet_energy)')
 - ('part_deltaR', 'np.hypot(part_deta, part_dphi)')
 - ('part_d0', 'np.tanh(part_d0val)')
 - ('part_dz', 'np.tanh(part_dzval)')
 - ('_label_', 'np.argmax(np.stack([ak.to_numpy(label_QCD),ak.to_numpy(label_Hbb),ak.to_numpy(label_Hcc),ak.to_numpy(label_Hgg),ak.to_numpy(label_H4q),ak.to_numpy(label_Hqql),ak.to_numpy(label_Zqq),ak.to_numpy(label_Wqq),ak.to_numpy(label_Tbqq),ak.to_numpy(label_Tbl)], axis=1), axis=1)')
 - ('_labelcheck_', 'np.sum(np.stack([ak.to_numpy(label_QCD),ak.to_numpy(label_Hbb),ak.to_numpy(label_Hcc),ak.to_numpy(label_Hgg),ak.to_numpy(label_H4q),ak.to_numpy(label_Hqql),ak.to_numpy(label_Zqq),ak.to_numpy(label_Wqq),ak.to_numpy(label_Tbqq),ak.to_numpy(label_Tbl)], axis=1), axis=1)')[0m
[2026-06-18 23:44:10,255] INFO: [0;37minput_names: ('pf_points', 'pf_features', 'pf_vectors', 'pf_mask')[0m
[2026-06-18 23:44:10,255] INFO: [0;37minput_dicts:
 - ('pf_points', ['part_deta', 'part_dphi'])
 - ('pf_features', ['part_pt_log', 'part_e_log', 'part_logptrel', 'part_logerel', 'part_deltaR', 'part_charge', 'part_isChargedHadron', 'part_isNeutralHadron', 'part_isPhoton', 'part_isElectron', 'part_isMuon', 'part_d0', 'part_d0err', 'part_dz', 'part_dzerr', 'part_deta', 'part_dphi'])
 - ('pf_vectors', ['part_px', 'part_py', 'part_pz', 'part_energy'])
 - ('pf_mask', ['part_mask'])[0m
[2026-06-18 23:44:10,255] INFO: [0;37minput_shapes:
 - ('pf_points', (-1, 2, 128))
 - ('pf_features', (-1, 17, 128))
 - ('pf_vectors', (-1, 4, 128))
 - ('pf_mask', (-1, 1, 128))[0m
[2026-06-18 23:44:10,255] INFO: [0;37mpreprocess_params:
 - ('part_deta', {'length': 128, 'pad_mode': 'wrap', 'center': None, 'scale': 1, 'min': -5, 'max': 5, 'pad_value': 0})
 - ('part_dphi', {'length': 128, 'pad_mode': 'wrap', 'center': None, 'scale': 1, 'min': -5, 'max': 5, 'pad_value': 0})
 - ('part_pt_log', {'length': 128, 'pad_mode': 'wrap', 'center': 1.7, 'scale': 0.7, 'min': -5, 'max': 5, 'pad_value': 0})
 - ('part_e_log', {'length': 128, 'pad_mode': 'wrap', 'center': 2.0, 'scale': 0.7, 'min': -5, 'max': 5, 'pad_value': 0})
 - ('part_logptrel', {'length': 128, 'pad_mode': 'wrap', 'center': -4.7, 'scale': 0.7, 'min': -5, 'max': 5, 'pad_value': 0})
 - ('part_logerel', {'length': 128, 'pad_mode': 'wrap', 'center': -4.7, 'scale': 0.7, 'min': -5, 'max': 5, 'pad_value': 0})
 - ('part_deltaR', {'length': 128, 'pad_mode': 'wrap', 'center': 0.2, 'scale': 4.0, 'min': -5, 'max': 5, 'pad_value': 0})
 - ('part_charge', {'length': 128, 'pad_mode': 'wrap', 'center': None, 'scale': 1, 'min': -5, 'max': 5, 'pad_value': 0})
 - ('part_isChargedHadron', {'length': 128, 'pad_mode': 'wrap', 'center': None, 'scale': 1, 'min': -5, 'max': 5, 'pad_value': 0})
 - ('part_isNeutralHadron', {'length': 128, 'pad_mode': 'wrap', 'center': None, 'scale': 1, 'min': -5, 'max': 5, 'pad_value': 0})
 - ('part_isPhoton', {'length': 128, 'pad_mode': 'wrap', 'center': None, 'scale': 1, 'min': -5, 'max': 5, 'pad_value': 0})
 - ('part_isElectron', {'length': 128, 'pad_mode': 'wrap', 'center': None, 'scale': 1, 'min': -5, 'max': 5, 'pad_value': 0})
 - ('part_isMuon', {'length': 128, 'pad_mode': 'wrap', 'center': None, 'scale': 1, 'min': -5, 'max': 5, 'pad_value': 0})
 - ('part_d0', {'length': 128, 'pad_mode': 'wrap', 'center': None, 'scale': 1, 'min': -5, 'max': 5, 'pad_value': 0})
 - ('part_d0err', {'length': 128, 'pad_mode': 'wrap', 'center': 0, 'scale': 1, 'min': 0, 'max': 1, 'pad_value': 0})
 - ('part_dz', {'length': 128, 'pad_mode': 'wrap', 'center': None, 'scale': 1, 'min': -5, 'max': 5, 'pad_value': 0})
 - ('part_dzerr', {'length': 128, 'pad_mode': 'wrap', 'center': 0, 'scale': 1, 'min': 0, 'max': 1, 'pad_value': 0})
 - ('part_px', {'length': 128, 'pad_mode': 'wrap', 'center': None, 'scale': 1, 'min': -5, 'max': 5, 'pad_value': 0})
 - ('part_py', {'length': 128, 'pad_mode': 'wrap', 'center': None, 'scale': 1, 'min': -5, 'max': 5, 'pad_value': 0})
 - ('part_pz', {'length': 128, 'pad_mode': 'wrap', 'center': None, 'scale': 1, 'min': -5, 'max': 5, 'pad_value': 0})
 - ('part_energy', {'length': 128, 'pad_mode': 'wrap', 'center': None, 'scale': 1, 'min': -5, 'max': 5, 'pad_value': 0})
 - ('part_mask', {'length': 128, 'pad_mode': 'constant', 'center': None, 'scale': 1, 'min': -5, 'max': 5, 'pad_value': 0})[0m
[2026-06-18 23:44:10,255] INFO: [0;37mlabel_names: ('_label_',)[0m
[2026-06-18 23:44:10,255] INFO: [0;37mobserver_names: ('jet_pt', 'jet_eta', 'jet_phi', 'jet_energy', 'jet_nparticles', 'jet_sdmass', 'jet_tau1', 'jet_tau2', 'jet_tau3', 'jet_tau4')[0m
[2026-06-18 23:44:10,255] INFO: [0;37mmonitor_variables: ()[0m
[2026-06-18 23:44:10,266] INFO: [0;37mpreprocess config: {'method': 'manual', 'data_fraction': 0.5, 'params': None}[0m
[2026-06-18 23:44:10,266] INFO: [0;37mselection: None[0m
[2026-06-18 23:44:10,266] INFO: [0;37mtest_time_selection: None[0m
[2026-06-18 23:44:10,266] INFO: [0;37mvar_funcs:
 - ('part_mask', 'ak.ones_like(part_energy)')
 - ('part_pt', 'np.hypot(part_px, part_py)')
 - ('part_pt_log', 'np.log(part_pt)')
 - ('part_e_log', 'np.log(part_energy)')
 - ('part_logptrel', 'np.log(part_pt/jet_pt)')
 - ('part_logerel', 'np.log(part_energy/jet_energy)')
 - ('part_deltaR', 'np.hypot(part_deta, part_dphi)')
 - ('part_d0', 'np.tanh(part_d0val)')
 - ('part_dz', 'np.tanh(part_dzval)')
 - ('_label_', 'np.argmax(np.stack([ak.to_numpy(label_QCD),ak.to_numpy(label_Hbb),ak.to_numpy(label_Hcc),ak.to_numpy(label_Hgg),ak.to_numpy(label_H4q),ak.to_numpy(label_Hqql),ak.to_numpy(label_Zqq),ak.to_numpy(label_Wqq),ak.to_numpy(label_Tbqq),ak.to_numpy(label_Tbl)], axis=1), axis=1)')
 - ('_labelcheck_', 'np.sum(np.stack([ak.to_numpy(label_QCD),ak.to_numpy(label_Hbb),ak.to_numpy(label_Hcc),ak.to_numpy(label_Hgg),ak.to_numpy(label_H4q),ak.to_numpy(label_Hqql),ak.to_numpy(label_Zqq),ak.to_numpy(label_Wqq),ak.to_numpy(label_Tbqq),ak.to_numpy(label_Tbl)], axis=1), axis=1)')[0m
[2026-06-18 23:44:10,266] INFO: [0;37minput_names: ('pf_points', 'pf_features', 'pf_vectors', 'pf_mask')[0m
[2026-06-18 23:44:10,266] INFO: [0;37minput_dicts:
 - ('pf_points', ['part_deta', 'part_dphi'])
 - ('pf_features', ['part_pt_log', 'part_e_log', 'part_logptrel', 'part_logerel', 'part_deltaR', 'part_charge', 'part_isChargedHadron', 'part_isNeutralHadron', 'part_isPhoton', 'part_isElectron', 'part_isMuon', 'part_d0', 'part_d0err', 'part_dz', 'part_dzerr', 'part_deta', 'part_dphi'])
 - ('pf_vectors', ['part_px', 'part_py', 'part_pz', 'part_energy'])
 - ('pf_mask', ['part_mask'])[0m
[2026-06-18 23:44:10,266] INFO: [0;37minput_shapes:
 - ('pf_points', (-1, 2, 128))
 - ('pf_features', (-1, 17, 128))
 - ('pf_vectors', (-1, 4, 128))
 - ('pf_mask', (-1, 1, 128))[0m
[2026-06-18 23:44:10,267] INFO: [0;37mpreprocess_params:
 - ('part_deta', {'length': 128, 'pad_mode': 'wrap', 'center': None, 'scale': 1, 'min': -5, 'max': 5, 'pad_value': 0})
 - ('part_dphi', {'length': 128, 'pad_mode': 'wrap', 'center': None, 'scale': 1, 'min': -5, 'max': 5, 'pad_value': 0})
 - ('part_pt_log', {'length': 128, 'pad_mode': 'wrap', 'center': 1.7, 'scale': 0.7, 'min': -5, 'max': 5, 'pad_value': 0})
 - ('part_e_log', {'length': 128, 'pad_mode': 'wrap', 'center': 2.0, 'scale': 0.7, 'min': -5, 'max': 5, 'pad_value': 0})
 - ('part_logptrel', {'length': 128, 'pad_mode': 'wrap', 'center': -4.7, 'scale': 0.7, 'min': -5, 'max': 5, 'pad_value': 0})
 - ('part_logerel', {'length': 128, 'pad_mode': 'wrap', 'center': -4.7, 'scale': 0.7, 'min': -5, 'max': 5, 'pad_value': 0})
 - ('part_deltaR', {'length': 128, 'pad_mode': 'wrap', 'center': 0.2, 'scale': 4.0, 'min': -5, 'max': 5, 'pad_value': 0})
 - ('part_charge', {'length': 128, 'pad_mode': 'wrap', 'center': None, 'scale': 1, 'min': -5, 'max': 5, 'pad_value': 0})
 - ('part_isChargedHadron', {'length': 128, 'pad_mode': 'wrap', 'center': None, 'scale': 1, 'min': -5, 'max': 5, 'pad_value': 0})
 - ('part_isNeutralHadron', {'length': 128, 'pad_mode': 'wrap', 'center': None, 'scale': 1, 'min': -5, 'max': 5, 'pad_value': 0})
 - ('part_isPhoton', {'length': 128, 'pad_mode': 'wrap', 'center': None, 'scale': 1, 'min': -5, 'max': 5, 'pad_value': 0})
 - ('part_isElectron', {'length': 128, 'pad_mode': 'wrap', 'center': None, 'scale': 1, 'min': -5, 'max': 5, 'pad_value': 0})
 - ('part_isMuon', {'length': 128, 'pad_mode': 'wrap', 'center': None, 'scale': 1, 'min': -5, 'max': 5, 'pad_value': 0})
 - ('part_d0', {'length': 128, 'pad_mode': 'wrap', 'center': None, 'scale': 1, 'min': -5, 'max': 5, 'pad_value': 0})
 - ('part_d0err', {'length': 128, 'pad_mode': 'wrap', 'center': 0, 'scale': 1, 'min': 0, 'max': 1, 'pad_value': 0})
 - ('part_dz', {'length': 128, 'pad_mode': 'wrap', 'center': None, 'scale': 1, 'min': -5, 'max': 5, 'pad_value': 0})
 - ('part_dzerr', {'length': 128, 'pad_mode': 'wrap', 'center': 0, 'scale': 1, 'min': 0, 'max': 1, 'pad_value': 0})
 - ('part_px', {'length': 128, 'pad_mode': 'wrap', 'center': None, 'scale': 1, 'min': -5, 'max': 5, 'pad_value': 0})
 - ('part_py', {'length': 128, 'pad_mode': 'wrap', 'center': None, 'scale': 1, 'min': -5, 'max': 5, 'pad_value': 0})
 - ('part_pz', {'length': 128, 'pad_mode': 'wrap', 'center': None, 'scale': 1, 'min': -5, 'max': 5, 'pad_value': 0})
 - ('part_energy', {'length': 128, 'pad_mode': 'wrap', 'center': None, 'scale': 1, 'min': -5, 'max': 5, 'pad_value': 0})
 - ('part_mask', {'length': 128, 'pad_mode': 'constant', 'center': None, 'scale': 1, 'min': -5, 'max': 5, 'pad_value': 0})[0m
[2026-06-18 23:44:10,267] INFO: [0;37mlabel_names: ('_label_',)[0m
[2026-06-18 23:44:10,267] INFO: [0;37mobserver_names: ('jet_pt', 'jet_eta', 'jet_phi', 'jet_energy', 'jet_nparticles', 'jet_sdmass', 'jet_tau1', 'jet_tau2', 'jet_tau3', 'jet_tau4')[0m
[2026-06-18 23:44:10,267] INFO: [0;37mmonitor_variables: ()[0m
[2026-06-18 23:44:10,595] INFO: === Restarting DataIter test_TTBarLep_worker0, seed=1938004438 ===
[2026-06-18 23:44:10,596] INFO: Restarted DataIter test_TTBarLep_worker0, load_range=(0, 1), file_list:
{
  "TTBarLep": [
    "/home/maxwelhelp/\u0420\u0430\u0431\u043e\u0447\u0438\u0439 \u0441\u0442\u043e\u043b/JetClassOfficial/val_5M/TTBarLep_120.root",
    "/home/maxwelhelp/\u0420\u0430\u0431\u043e\u0447\u0438\u0439 \u0441\u0442\u043e\u043b/JetClassOfficial/val_5M/TTBarLep_121.root",
    "/home/maxwelhelp/\u0420\u0430\u0431\u043e\u0447\u0438\u0439 \u0441\u0442\u043e\u043b/JetClassOfficial/val_5M/TTBarLep_122.root",
    "/home/maxwelhelp/\u0420\u0430\u0431\u043e\u0447\u0438\u0439 \u0441\u0442\u043e\u043b/JetClassOfficial/val_5M/TTBarLep_123.root",
    "/home/maxwelhelp/\u0420\u0430\u0431\u043e\u0447\u0438\u0439 \u0441\u0442\u043e\u043b/JetClassOfficial/val_5M/TTBarLep_124.root"
  ]
}
[2026-06-18 23:53:33,276] INFO: Processed 500000 entries in total (avg. speed 888.5 entries/s)
[2026-06-18 23:53:33,276] INFO: Eval AvgLoss: 0.00000, AvgAcc: 0.14594
[2026-06-18 23:53:33,276] INFO: Evaluation class distribution: 
    [(np.int64(9), 500000)]
[2026-06-18 23:53:33,422] WARNING: Cannot compute metric roc_auc_score: Number of classes in y_true not equal to the number of columns in 'y_score'
[2026-06-18 23:53:36,838] INFO: Evaluation metrics: 
    - roc_auc_score: 
None
    - roc_auc_score_matrix: 
[[ 0. nan nan nan nan nan nan nan nan nan]
 [ 0.  0. nan nan nan nan nan nan nan nan]
 [ 0.  0.  0. nan nan nan nan nan nan nan]
 [ 0.  0.  0.  0. nan nan nan nan nan nan]
 [ 0.  0.  0.  0.  0. nan nan nan nan nan]
 [ 0.  0.  0.  0.  0.  0. nan nan nan nan]
 [ 0.  0.  0.  0.  0.  0.  0. nan nan nan]
 [ 0.  0.  0.  0.  0.  0.  0.  0. nan nan]
 [ 0.  0.  0.  0.  0.  0.  0.  0.  0. nan]
 [ 0.  0.  0.  0.  0.  0.  0.  0.  0.  0.]]
    - confusion_matrix: 
[[0.00000e+00 0.00000e+00 0.00000e+00 0.00000e+00 0.00000e+00 0.00000e+00
  0.00000e+00 0.00000e+00 0.00000e+00]
 [0.00000e+00 0.00000e+00 0.00000e+00 0.00000e+00 0.00000e+00 0.00000e+00
  0.00000e+00 0.00000e+00 0.00000e+00]
 [0.00000e+00 0.00000e+00 0.00000e+00 0.00000e+00 0.00000e+00 0.00000e+00
  0.00000e+00 0.00000e+00 0.00000e+00]
 [0.00000e+00 0.00000e+00 0.00000e+00 0.00000e+00 0.00000e+00 0.00000e+00
  0.00000e+00 0.00000e+00 0.00000e+00]
 [0.00000e+00 0.00000e+00 0.00000e+00 0.00000e+00 0.00000e+00 0.00000e+00
  0.00000e+00 0.00000e+00 0.00000e+00]
 [0.00000e+00 0.00000e+00 0.00000e+00 0.00000e+00 0.00000e+00 0.00000e+00
  0.00000e+00 0.00000e+00 0.00000e+00]
 [0.00000e+00 0.00000e+00 0.00000e+00 0.00000e+00 0.00000e+00 0.00000e+00
  0.00000e+00 0.00000e+00 0.00000e+00]
 [0.00000e+00 0.00000e+00 0.00000e+00 0.00000e+00 0.00000e+00 0.00000e+00
  0.00000e+00 0.00000e+00 0.00000e+00]
 [3.55136e-01 3.90000e-04 2.08480e-01 1.08800e-03 2.17400e-03 6.35460e-02
  2.22920e-01 3.30000e-04 1.45936e-01]]
[2026-06-18 23:53:54,137] INFO: [1mTest metric 0.14594[0m
[2026-06-18 23:53:54,319] INFO: [1mWritten output to reports/latest/part_weaver_predict_smoke_v3_TTBarLep.root[0m
[2026-06-18 23:53:54,319] INFO: Running on test file group WToQQ with 5 files:
.../home/maxwelhelp/Рабочий стол/JetClassOfficial/val_5M/WToQQ_120.root
.../home/maxwelhelp/Рабочий стол/JetClassOfficial/val_5M/WToQQ_121.root
.../home/maxwelhelp/Рабочий стол/JetClassOfficial/val_5M/WToQQ_122.root
.../home/maxwelhelp/Рабочий стол/JetClassOfficial/val_5M/WToQQ_123.root
.../home/maxwelhelp/Рабочий стол/JetClassOfficial/val_5M/WToQQ_124.root
[2026-06-18 23:53:54,331] INFO: [0;37mpreprocess config: {'method': 'manual', 'data_fraction': 0.5, 'params': None}[0m
[2026-06-18 23:53:54,331] INFO: [0;37mselection: None[0m
[2026-06-18 23:53:54,331] INFO: [0;37mtest_time_selection: None[0m
[2026-06-18 23:53:54,331] INFO: [0;37mvar_funcs:
 - ('part_mask', 'ak.ones_like(part_energy)')
 - ('part_pt', 'np.hypot(part_px, part_py)')
 - ('part_pt_log', 'np.log(part_pt)')
 - ('part_e_log', 'np.log(part_energy)')
 - ('part_logptrel', 'np.log(part_pt/jet_pt)')
 - ('part_logerel', 'np.log(part_energy/jet_energy)')
 - ('part_deltaR', 'np.hypot(part_deta, part_dphi)')
 - ('part_d0', 'np.tanh(part_d0val)')
 - ('part_dz', 'np.tanh(part_dzval)')
 - ('_label_', 'np.argmax(np.stack([ak.to_numpy(label_QCD),ak.to_numpy(label_Hbb),ak.to_numpy(label_Hcc),ak.to_numpy(label_Hgg),ak.to_numpy(label_H4q),ak.to_numpy(label_Hqql),ak.to_numpy(label_Zqq),ak.to_numpy(label_Wqq),ak.to_numpy(label_Tbqq),ak.to_numpy(label_Tbl)], axis=1), axis=1)')
 - ('_labelcheck_', 'np.sum(np.stack([ak.to_numpy(label_QCD),ak.to_numpy(label_Hbb),ak.to_numpy(label_Hcc),ak.to_numpy(label_Hgg),ak.to_numpy(label_H4q),ak.to_numpy(label_Hqql),ak.to_numpy(label_Zqq),ak.to_numpy(label_Wqq),ak.to_numpy(label_Tbqq),ak.to_numpy(label_Tbl)], axis=1), axis=1)')[0m
[2026-06-18 23:53:54,331] INFO: [0;37minput_names: ('pf_points', 'pf_features', 'pf_vectors', 'pf_mask')[0m
[2026-06-18 23:53:54,331] INFO: [0;37minput_dicts:
 - ('pf_points', ['part_deta', 'part_dphi'])
 - ('pf_features', ['part_pt_log', 'part_e_log', 'part_logptrel', 'part_logerel', 'part_deltaR', 'part_charge', 'part_isChargedHadron', 'part_isNeutralHadron', 'part_isPhoton', 'part_isElectron', 'part_isMuon', 'part_d0', 'part_d0err', 'part_dz', 'part_dzerr', 'part_deta', 'part_dphi'])
 - ('pf_vectors', ['part_px', 'part_py', 'part_pz', 'part_energy'])
 - ('pf_mask', ['part_mask'])[0m
[2026-06-18 23:53:54,331] INFO: [0;37minput_shapes:
 - ('pf_points', (-1, 2, 128))
 - ('pf_features', (-1, 17, 128))
 - ('pf_vectors', (-1, 4, 128))
 - ('pf_mask', (-1, 1, 128))[0m
[2026-06-18 23:53:54,331] INFO: [0;37mpreprocess_params:
 - ('part_deta', {'length': 128, 'pad_mode': 'wrap', 'center': None, 'scale': 1, 'min': -5, 'max': 5, 'pad_value': 0})
 - ('part_dphi', {'length': 128, 'pad_mode': 'wrap', 'center': None, 'scale': 1, 'min': -5, 'max': 5, 'pad_value': 0})
 - ('part_pt_log', {'length': 128, 'pad_mode': 'wrap', 'center': 1.7, 'scale': 0.7, 'min': -5, 'max': 5, 'pad_value': 0})
 - ('part_e_log', {'length': 128, 'pad_mode': 'wrap', 'center': 2.0, 'scale': 0.7, 'min': -5, 'max': 5, 'pad_value': 0})
 - ('part_logptrel', {'length': 128, 'pad_mode': 'wrap', 'center': -4.7, 'scale': 0.7, 'min': -5, 'max': 5, 'pad_value': 0})
 - ('part_logerel', {'length': 128, 'pad_mode': 'wrap', 'center': -4.7, 'scale': 0.7, 'min': -5, 'max': 5, 'pad_value': 0})
 - ('part_deltaR', {'length': 128, 'pad_mode': 'wrap', 'center': 0.2, 'scale': 4.0, 'min': -5, 'max': 5, 'pad_value': 0})
 - ('part_charge', {'length': 128, 'pad_mode': 'wrap', 'center': None, 'scale': 1, 'min': -5, 'max': 5, 'pad_value': 0})
 - ('part_isChargedHadron', {'length': 128, 'pad_mode': 'wrap', 'center': None, 'scale': 1, 'min': -5, 'max': 5, 'pad_value': 0})
 - ('part_isNeutralHadron', {'length': 128, 'pad_mode': 'wrap', 'center': None, 'scale': 1, 'min': -5, 'max': 5, 'pad_value': 0})
 - ('part_isPhoton', {'length': 128, 'pad_mode': 'wrap', 'center': None, 'scale': 1, 'min': -5, 'max': 5, 'pad_value': 0})
 - ('part_isElectron', {'length': 128, 'pad_mode': 'wrap', 'center': None, 'scale': 1, 'min': -5, 'max': 5, 'pad_value': 0})
 - ('part_isMuon', {'length': 128, 'pad_mode': 'wrap', 'center': None, 'scale': 1, 'min': -5, 'max': 5, 'pad_value': 0})
 - ('part_d0', {'length': 128, 'pad_mode': 'wrap', 'center': None, 'scale': 1, 'min': -5, 'max': 5, 'pad_value': 0})
 - ('part_d0err', {'length': 128, 'pad_mode': 'wrap', 'center': 0, 'scale': 1, 'min': 0, 'max': 1, 'pad_value': 0})
 - ('part_dz', {'length': 128, 'pad_mode': 'wrap', 'center': None, 'scale': 1, 'min': -5, 'max': 5, 'pad_value': 0})
 - ('part_dzerr', {'length': 128, 'pad_mode': 'wrap', 'center': 0, 'scale': 1, 'min': 0, 'max': 1, 'pad_value': 0})
 - ('part_px', {'length': 128, 'pad_mode': 'wrap', 'center': None, 'scale': 1, 'min': -5, 'max': 5, 'pad_value': 0})
 - ('part_py', {'length': 128, 'pad_mode': 'wrap', 'center': None, 'scale': 1, 'min': -5, 'max': 5, 'pad_value': 0})
 - ('part_pz', {'length': 128, 'pad_mode': 'wrap', 'center': None, 'scale': 1, 'min': -5, 'max': 5, 'pad_value': 0})
 - ('part_energy', {'length': 128, 'pad_mode': 'wrap', 'center': None, 'scale': 1, 'min': -5, 'max': 5, 'pad_value': 0})
 - ('part_mask', {'length': 128, 'pad_mode': 'constant', 'center': None, 'scale': 1, 'min': -5, 'max': 5, 'pad_value': 0})[0m
[2026-06-18 23:53:54,332] INFO: [0;37mlabel_names: ('_label_',)[0m
[2026-06-18 23:53:54,332] INFO: [0;37mobserver_names: ('jet_pt', 'jet_eta', 'jet_phi', 'jet_energy', 'jet_nparticles', 'jet_sdmass', 'jet_tau1', 'jet_tau2', 'jet_tau3', 'jet_tau4')[0m
[2026-06-18 23:53:54,332] INFO: [0;37mmonitor_variables: ()[0m
[2026-06-18 23:53:54,342] INFO: [0;37mpreprocess config: {'method': 'manual', 'data_fraction': 0.5, 'params': None}[0m
[2026-06-18 23:53:54,342] INFO: [0;37mselection: None[0m
[2026-06-18 23:53:54,342] INFO: [0;37mtest_time_selection: None[0m
[2026-06-18 23:53:54,343] INFO: [0;37mvar_funcs:
 - ('part_mask', 'ak.ones_like(part_energy)')
 - ('part_pt', 'np.hypot(part_px, part_py)')
 - ('part_pt_log', 'np.log(part_pt)')
 - ('part_e_log', 'np.log(part_energy)')
 - ('part_logptrel', 'np.log(part_pt/jet_pt)')
 - ('part_logerel', 'np.log(part_energy/jet_energy)')
 - ('part_deltaR', 'np.hypot(part_deta, part_dphi)')
 - ('part_d0', 'np.tanh(part_d0val)')
 - ('part_dz', 'np.tanh(part_dzval)')
 - ('_label_', 'np.argmax(np.stack([ak.to_numpy(label_QCD),ak.to_numpy(label_Hbb),ak.to_numpy(label_Hcc),ak.to_numpy(label_Hgg),ak.to_numpy(label_H4q),ak.to_numpy(label_Hqql),ak.to_numpy(label_Zqq),ak.to_numpy(label_Wqq),ak.to_numpy(label_Tbqq),ak.to_numpy(label_Tbl)], axis=1), axis=1)')
 - ('_labelcheck_', 'np.sum(np.stack([ak.to_numpy(label_QCD),ak.to_numpy(label_Hbb),ak.to_numpy(label_Hcc),ak.to_numpy(label_Hgg),ak.to_numpy(label_H4q),ak.to_numpy(label_Hqql),ak.to_numpy(label_Zqq),ak.to_numpy(label_Wqq),ak.to_numpy(label_Tbqq),ak.to_numpy(label_Tbl)], axis=1), axis=1)')[0m
[2026-06-18 23:53:54,343] INFO: [0;37minput_names: ('pf_points', 'pf_features', 'pf_vectors', 'pf_mask')[0m
[2026-06-18 23:53:54,343] INFO: [0;37minput_dicts:
 - ('pf_points', ['part_deta', 'part_dphi'])
 - ('pf_features', ['part_pt_log', 'part_e_log', 'part_logptrel', 'part_logerel', 'part_deltaR', 'part_charge', 'part_isChargedHadron', 'part_isNeutralHadron', 'part_isPhoton', 'part_isElectron', 'part_isMuon', 'part_d0', 'part_d0err', 'part_dz', 'part_dzerr', 'part_deta', 'part_dphi'])
 - ('pf_vectors', ['part_px', 'part_py', 'part_pz', 'part_energy'])
 - ('pf_mask', ['part_mask'])[0m
[2026-06-18 23:53:54,343] INFO: [0;37minput_shapes:
 - ('pf_points', (-1, 2, 128))
 - ('pf_features', (-1, 17, 128))
 - ('pf_vectors', (-1, 4, 128))
 - ('pf_mask', (-1, 1, 128))[0m
[2026-06-18 23:53:54,343] INFO: [0;37mpreprocess_params:
 - ('part_deta', {'length': 128, 'pad_mode': 'wrap', 'center': None, 'scale': 1, 'min': -5, 'max': 5, 'pad_value': 0})
 - ('part_dphi', {'length': 128, 'pad_mode': 'wrap', 'center': None, 'scale': 1, 'min': -5, 'max': 5, 'pad_value': 0})
 - ('part_pt_log', {'length': 128, 'pad_mode': 'wrap', 'center': 1.7, 'scale': 0.7, 'min': -5, 'max': 5, 'pad_value': 0})
 - ('part_e_log', {'length': 128, 'pad_mode': 'wrap', 'center': 2.0, 'scale': 0.7, 'min': -5, 'max': 5, 'pad_value': 0})
 - ('part_logptrel', {'length': 128, 'pad_mode': 'wrap', 'center': -4.7, 'scale': 0.7, 'min': -5, 'max': 5, 'pad_value': 0})
 - ('part_logerel', {'length': 128, 'pad_mode': 'wrap', 'center': -4.7, 'scale': 0.7, 'min': -5, 'max': 5, 'pad_value': 0})
 - ('part_deltaR', {'length': 128, 'pad_mode': 'wrap', 'center': 0.2, 'scale': 4.0, 'min': -5, 'max': 5, 'pad_value': 0})
 - ('part_charge', {'length': 128, 'pad_mode': 'wrap', 'center': None, 'scale': 1, 'min': -5, 'max': 5, 'pad_value': 0})
 - ('part_isChargedHadron', {'length': 128, 'pad_mode': 'wrap', 'center': None, 'scale': 1, 'min': -5, 'max': 5, 'pad_value': 0})
 - ('part_isNeutralHadron', {'length': 128, 'pad_mode': 'wrap', 'center': None, 'scale': 1, 'min': -5, 'max': 5, 'pad_value': 0})
 - ('part_isPhoton', {'length': 128, 'pad_mode': 'wrap', 'center': None, 'scale': 1, 'min': -5, 'max': 5, 'pad_value': 0})
 - ('part_isElectron', {'length': 128, 'pad_mode': 'wrap', 'center': None, 'scale': 1, 'min': -5, 'max': 5, 'pad_value': 0})
 - ('part_isMuon', {'length': 128, 'pad_mode': 'wrap', 'center': None, 'scale': 1, 'min': -5, 'max': 5, 'pad_value': 0})
 - ('part_d0', {'length': 128, 'pad_mode': 'wrap', 'center': None, 'scale': 1, 'min': -5, 'max': 5, 'pad_value': 0})
 - ('part_d0err', {'length': 128, 'pad_mode': 'wrap', 'center': 0, 'scale': 1, 'min': 0, 'max': 1, 'pad_value': 0})
 - ('part_dz', {'length': 128, 'pad_mode': 'wrap', 'center': None, 'scale': 1, 'min': -5, 'max': 5, 'pad_value': 0})
 - ('part_dzerr', {'length': 128, 'pad_mode': 'wrap', 'center': 0, 'scale': 1, 'min': 0, 'max': 1, 'pad_value': 0})
 - ('part_px', {'length': 128, 'pad_mode': 'wrap', 'center': None, 'scale': 1, 'min': -5, 'max': 5, 'pad_value': 0})
 - ('part_py', {'length': 128, 'pad_mode': 'wrap', 'center': None, 'scale': 1, 'min': -5, 'max': 5, 'pad_value': 0})
 - ('part_pz', {'length': 128, 'pad_mode': 'wrap', 'center': None, 'scale': 1, 'min': -5, 'max': 5, 'pad_value': 0})
 - ('part_energy', {'length': 128, 'pad_mode': 'wrap', 'center': None, 'scale': 1, 'min': -5, 'max': 5, 'pad_value': 0})
 - ('part_mask', {'length': 128, 'pad_mode': 'constant', 'center': None, 'scale': 1, 'min': -5, 'max': 5, 'pad_value': 0})[0m
[2026-06-18 23:53:54,343] INFO: [0;37mlabel_names: ('_label_',)[0m
[2026-06-18 23:53:54,343] INFO: [0;37mobserver_names: ('jet_pt', 'jet_eta', 'jet_phi', 'jet_energy', 'jet_nparticles', 'jet_sdmass', 'jet_tau1', 'jet_tau2', 'jet_tau3', 'jet_tau4')[0m
[2026-06-18 23:53:54,343] INFO: [0;37mmonitor_variables: ()[0m
[2026-06-18 23:53:54,634] INFO: === Restarting DataIter test_WToQQ_worker0, seed=2398858358 ===
[2026-06-18 23:53:54,635] INFO: Restarted DataIter test_WToQQ_worker0, load_range=(0, 1), file_list:
{
  "WToQQ": [
    "/home/maxwelhelp/\u0420\u0430\u0431\u043e\u0447\u0438\u0439 \u0441\u0442\u043e\u043b/JetClassOfficial/val_5M/WToQQ_120.root",
    "/home/maxwelhelp/\u0420\u0430\u0431\u043e\u0447\u0438\u0439 \u0441\u0442\u043e\u043b/JetClassOfficial/val_5M/WToQQ_121.root",
    "/home/maxwelhelp/\u0420\u0430\u0431\u043e\u0447\u0438\u0439 \u0441\u0442\u043e\u043b/JetClassOfficial/val_5M/WToQQ_122.root",
    "/home/maxwelhelp/\u0420\u0430\u0431\u043e\u0447\u0438\u0439 \u0441\u0442\u043e\u043b/JetClassOfficial/val_5M/WToQQ_123.root",
    "/home/maxwelhelp/\u0420\u0430\u0431\u043e\u0447\u0438\u0439 \u0441\u0442\u043e\u043b/JetClassOfficial/val_5M/WToQQ_124.root"
  ]
}
[2026-06-19 00:03:15,959] INFO: Processed 500000 entries in total (avg. speed 890.6 entries/s)
[2026-06-19 00:03:15,960] INFO: Eval AvgLoss: 0.00000, AvgAcc: 0.00010
[2026-06-19 00:03:15,960] INFO: Evaluation class distribution: 
    [(np.int64(7), 500000)]
[2026-06-19 00:03:16,119] WARNING: Cannot compute metric roc_auc_score: Number of classes in y_true not equal to the number of columns in 'y_score'
[2026-06-19 00:03:19,523] INFO: Evaluation metrics: 
    - roc_auc_score: 
None
    - roc_auc_score_matrix: 
[[ 0. nan nan nan nan nan nan nan nan nan]
 [ 0.  0. nan nan nan nan nan nan nan nan]
 [ 0.  0.  0. nan nan nan nan nan nan nan]
 [ 0.  0.  0.  0. nan nan nan nan nan nan]
 [ 0.  0.  0.  0.  0. nan nan nan nan nan]
 [ 0.  0.  0.  0.  0.  0. nan nan nan nan]
 [ 0.  0.  0.  0.  0.  0.  0. nan nan nan]
 [ 0.  0.  0.  0.  0.  0.  0.  0. nan nan]
 [ 0.  0.  0.  0.  0.  0.  0.  0.  0. nan]
 [ 0.  0.  0.  0.  0.  0.  0.  0.  0.  0.]]
    - confusion_matrix: 
[[0.00000e+00 0.00000e+00 0.00000e+00 0.00000e+00 0.00000e+00 0.00000e+00
  0.00000e+00 0.00000e+00 0.00000e+00]
 [0.00000e+00 0.00000e+00 0.00000e+00 0.00000e+00 0.00000e+00 0.00000e+00
  0.00000e+00 0.00000e+00 0.00000e+00]
 [0.00000e+00 0.00000e+00 0.00000e+00 0.00000e+00 0.00000e+00 0.00000e+00
  0.00000e+00 0.00000e+00 0.00000e+00]
 [0.00000e+00 0.00000e+00 0.00000e+00 0.00000e+00 0.00000e+00 0.00000e+00
  0.00000e+00 0.00000e+00 0.00000e+00]
 [0.00000e+00 0.00000e+00 0.00000e+00 0.00000e+00 0.00000e+00 0.00000e+00
  0.00000e+00 0.00000e+00 0.00000e+00]
 [0.00000e+00 0.00000e+00 0.00000e+00 0.00000e+00 0.00000e+00 0.00000e+00
  0.00000e+00 0.00000e+00 0.00000e+00]
 [0.00000e+00 0.00000e+00 0.00000e+00 0.00000e+00 0.00000e+00 0.00000e+00
  0.00000e+00 0.00000e+00 0.00000e+00]
 [4.64582e-01 3.36000e-04 1.16948e-01 8.00000e-06 2.91960e-02 3.10132e-01
  4.47740e-02 1.00000e-04 3.39240e-02]
 [0.00000e+00 0.00000e+00 0.00000e+00 0.00000e+00 0.00000e+00 0.00000e+00
  0.00000e+00 0.00000e+00 0.00000e+00]]
[2026-06-19 00:03:36,415] INFO: [1mTest metric 0.00010[0m
[2026-06-19 00:03:36,606] INFO: [1mWritten output to reports/latest/part_weaver_predict_smoke_v3_WToQQ.root[0m
[2026-06-19 00:03:36,606] INFO: Running on test file group ZToQQ with 5 files:
.../home/maxwelhelp/Рабочий стол/JetClassOfficial/val_5M/ZToQQ_120.root
.../home/maxwelhelp/Рабочий стол/JetClassOfficial/val_5M/ZToQQ_121.root
.../home/maxwelhelp/Рабочий стол/JetClassOfficial/val_5M/ZToQQ_122.root
.../home/maxwelhelp/Рабочий стол/JetClassOfficial/val_5M/ZToQQ_123.root
.../home/maxwelhelp/Рабочий стол/JetClassOfficial/val_5M/ZToQQ_124.root
[2026-06-19 00:03:36,618] INFO: [0;37mpreprocess config: {'method': 'manual', 'data_fraction': 0.5, 'params': None}[0m
[2026-06-19 00:03:36,618] INFO: [0;37mselection: None[0m
[2026-06-19 00:03:36,618] INFO: [0;37mtest_time_selection: None[0m
[2026-06-19 00:03:36,618] INFO: [0;37mvar_funcs:
 - ('part_mask', 'ak.ones_like(part_energy)')
 - ('part_pt', 'np.hypot(part_px, part_py)')
 - ('part_pt_log', 'np.log(part_pt)')
 - ('part_e_log', 'np.log(part_energy)')
 - ('part_logptrel', 'np.log(part_pt/jet_pt)')
 - ('part_logerel', 'np.log(part_energy/jet_energy)')
 - ('part_deltaR', 'np.hypot(part_deta, part_dphi)')
 - ('part_d0', 'np.tanh(part_d0val)')
 - ('part_dz', 'np.tanh(part_dzval)')
 - ('_label_', 'np.argmax(np.stack([ak.to_numpy(label_QCD),ak.to_numpy(label_Hbb),ak.to_numpy(label_Hcc),ak.to_numpy(label_Hgg),ak.to_numpy(label_H4q),ak.to_numpy(label_Hqql),ak.to_numpy(label_Zqq),ak.to_numpy(label_Wqq),ak.to_numpy(label_Tbqq),ak.to_numpy(label_Tbl)], axis=1), axis=1)')
 - ('_labelcheck_', 'np.sum(np.stack([ak.to_numpy(label_QCD),ak.to_numpy(label_Hbb),ak.to_numpy(label_Hcc),ak.to_numpy(label_Hgg),ak.to_numpy(label_H4q),ak.to_numpy(label_Hqql),ak.to_numpy(label_Zqq),ak.to_numpy(label_Wqq),ak.to_numpy(label_Tbqq),ak.to_numpy(label_Tbl)], axis=1), axis=1)')[0m
[2026-06-19 00:03:36,618] INFO: [0;37minput_names: ('pf_points', 'pf_features', 'pf_vectors', 'pf_mask')[0m
[2026-06-19 00:03:36,618] INFO: [0;37minput_dicts:
 - ('pf_points', ['part_deta', 'part_dphi'])
 - ('pf_features', ['part_pt_log', 'part_e_log', 'part_logptrel', 'part_logerel', 'part_deltaR', 'part_charge', 'part_isChargedHadron', 'part_isNeutralHadron', 'part_isPhoton', 'part_isElectron', 'part_isMuon', 'part_d0', 'part_d0err', 'part_dz', 'part_dzerr', 'part_deta', 'part_dphi'])
 - ('pf_vectors', ['part_px', 'part_py', 'part_pz', 'part_energy'])
 - ('pf_mask', ['part_mask'])[0m
[2026-06-19 00:03:36,618] INFO: [0;37minput_shapes:
 - ('pf_points', (-1, 2, 128))
 - ('pf_features', (-1, 17, 128))
 - ('pf_vectors', (-1, 4, 128))
 - ('pf_mask', (-1, 1, 128))[0m
[2026-06-19 00:03:36,619] INFO: [0;37mpreprocess_params:
 - ('part_deta', {'length': 128, 'pad_mode': 'wrap', 'center': None, 'scale': 1, 'min': -5, 'max': 5, 'pad_value': 0})
 - ('part_dphi', {'length': 128, 'pad_mode': 'wrap', 'center': None, 'scale': 1, 'min': -5, 'max': 5, 'pad_value': 0})
 - ('part_pt_log', {'length': 128, 'pad_mode': 'wrap', 'center': 1.7, 'scale': 0.7, 'min': -5, 'max': 5, 'pad_value': 0})
 - ('part_e_log', {'length': 128, 'pad_mode': 'wrap', 'center': 2.0, 'scale': 0.7, 'min': -5, 'max': 5, 'pad_value': 0})
 - ('part_logptrel', {'length': 128, 'pad_mode': 'wrap', 'center': -4.7, 'scale': 0.7, 'min': -5, 'max': 5, 'pad_value': 0})
 - ('part_logerel', {'length': 128, 'pad_mode': 'wrap', 'center': -4.7, 'scale': 0.7, 'min': -5, 'max': 5, 'pad_value': 0})
 - ('part_deltaR', {'length': 128, 'pad_mode': 'wrap', 'center': 0.2, 'scale': 4.0, 'min': -5, 'max': 5, 'pad_value': 0})
 - ('part_charge', {'length': 128, 'pad_mode': 'wrap', 'center': None, 'scale': 1, 'min': -5, 'max': 5, 'pad_value': 0})
 - ('part_isChargedHadron', {'length': 128, 'pad_mode': 'wrap', 'center': None, 'scale': 1, 'min': -5, 'max': 5, 'pad_value': 0})
 - ('part_isNeutralHadron', {'length': 128, 'pad_mode': 'wrap', 'center': None, 'scale': 1, 'min': -5, 'max': 5, 'pad_value': 0})
 - ('part_isPhoton', {'length': 128, 'pad_mode': 'wrap', 'center': None, 'scale': 1, 'min': -5, 'max': 5, 'pad_value': 0})
 - ('part_isElectron', {'length': 128, 'pad_mode': 'wrap', 'center': None, 'scale': 1, 'min': -5, 'max': 5, 'pad_value': 0})
 - ('part_isMuon', {'length': 128, 'pad_mode': 'wrap', 'center': None, 'scale': 1, 'min': -5, 'max': 5, 'pad_value': 0})
 - ('part_d0', {'length': 128, 'pad_mode': 'wrap', 'center': None, 'scale': 1, 'min': -5, 'max': 5, 'pad_value': 0})
 - ('part_d0err', {'length': 128, 'pad_mode': 'wrap', 'center': 0, 'scale': 1, 'min': 0, 'max': 1, 'pad_value': 0})
 - ('part_dz', {'length': 128, 'pad_mode': 'wrap', 'center': None, 'scale': 1, 'min': -5, 'max': 5, 'pad_value': 0})
 - ('part_dzerr', {'length': 128, 'pad_mode': 'wrap', 'center': 0, 'scale': 1, 'min': 0, 'max': 1, 'pad_value': 0})
 - ('part_px', {'length': 128, 'pad_mode': 'wrap', 'center': None, 'scale': 1, 'min': -5, 'max': 5, 'pad_value': 0})
 - ('part_py', {'length': 128, 'pad_mode': 'wrap', 'center': None, 'scale': 1, 'min': -5, 'max': 5, 'pad_value': 0})
 - ('part_pz', {'length': 128, 'pad_mode': 'wrap', 'center': None, 'scale': 1, 'min': -5, 'max': 5, 'pad_value': 0})
 - ('part_energy', {'length': 128, 'pad_mode': 'wrap', 'center': None, 'scale': 1, 'min': -5, 'max': 5, 'pad_value': 0})
 - ('part_mask', {'length': 128, 'pad_mode': 'constant', 'center': None, 'scale': 1, 'min': -5, 'max': 5, 'pad_value': 0})[0m
[2026-06-19 00:03:36,619] INFO: [0;37mlabel_names: ('_label_',)[0m
[2026-06-19 00:03:36,619] INFO: [0;37mobserver_names: ('jet_pt', 'jet_eta', 'jet_phi', 'jet_energy', 'jet_nparticles', 'jet_sdmass', 'jet_tau1', 'jet_tau2', 'jet_tau3', 'jet_tau4')[0m
[2026-06-19 00:03:36,619] INFO: [0;37mmonitor_variables: ()[0m
[2026-06-19 00:03:36,629] INFO: [0;37mpreprocess config: {'method': 'manual', 'data_fraction': 0.5, 'params': None}[0m
[2026-06-19 00:03:36,629] INFO: [0;37mselection: None[0m
[2026-06-19 00:03:36,630] INFO: [0;37mtest_time_selection: None[0m
[2026-06-19 00:03:36,630] INFO: [0;37mvar_funcs:
 - ('part_mask', 'ak.ones_like(part_energy)')
 - ('part_pt', 'np.hypot(part_px, part_py)')
 - ('part_pt_log', 'np.log(part_pt)')
 - ('part_e_log', 'np.log(part_energy)')
 - ('part_logptrel', 'np.log(part_pt/jet_pt)')
 - ('part_logerel', 'np.log(part_energy/jet_energy)')
 - ('part_deltaR', 'np.hypot(part_deta, part_dphi)')
 - ('part_d0', 'np.tanh(part_d0val)')
 - ('part_dz', 'np.tanh(part_dzval)')
 - ('_label_', 'np.argmax(np.stack([ak.to_numpy(label_QCD),ak.to_numpy(label_Hbb),ak.to_numpy(label_Hcc),ak.to_numpy(label_Hgg),ak.to_numpy(label_H4q),ak.to_numpy(label_Hqql),ak.to_numpy(label_Zqq),ak.to_numpy(label_Wqq),ak.to_numpy(label_Tbqq),ak.to_numpy(label_Tbl)], axis=1), axis=1)')
 - ('_labelcheck_', 'np.sum(np.stack([ak.to_numpy(label_QCD),ak.to_numpy(label_Hbb),ak.to_numpy(label_Hcc),ak.to_numpy(label_Hgg),ak.to_numpy(label_H4q),ak.to_numpy(label_Hqql),ak.to_numpy(label_Zqq),ak.to_numpy(label_Wqq),ak.to_numpy(label_Tbqq),ak.to_numpy(label_Tbl)], axis=1), axis=1)')[0m
[2026-06-19 00:03:36,630] INFO: [0;37minput_names: ('pf_points', 'pf_features', 'pf_vectors', 'pf_mask')[0m
[2026-06-19 00:03:36,630] INFO: [0;37minput_dicts:
 - ('pf_points', ['part_deta', 'part_dphi'])
 - ('pf_features', ['part_pt_log', 'part_e_log', 'part_logptrel', 'part_logerel', 'part_deltaR', 'part_charge', 'part_isChargedHadron', 'part_isNeutralHadron', 'part_isPhoton', 'part_isElectron', 'part_isMuon', 'part_d0', 'part_d0err', 'part_dz', 'part_dzerr', 'part_deta', 'part_dphi'])
 - ('pf_vectors', ['part_px', 'part_py', 'part_pz', 'part_energy'])
 - ('pf_mask', ['part_mask'])[0m
[2026-06-19 00:03:36,630] INFO: [0;37minput_shapes:
 - ('pf_points', (-1, 2, 128))
 - ('pf_features', (-1, 17, 128))
 - ('pf_vectors', (-1, 4, 128))
 - ('pf_mask', (-1, 1, 128))[0m
[2026-06-19 00:03:36,630] INFO: [0;37mpreprocess_params:
 - ('part_deta', {'length': 128, 'pad_mode': 'wrap', 'center': None, 'scale': 1, 'min': -5, 'max': 5, 'pad_value': 0})
 - ('part_dphi', {'length': 128, 'pad_mode': 'wrap', 'center': None, 'scale': 1, 'min': -5, 'max': 5, 'pad_value': 0})
 - ('part_pt_log', {'length': 128, 'pad_mode': 'wrap', 'center': 1.7, 'scale': 0.7, 'min': -5, 'max': 5, 'pad_value': 0})
 - ('part_e_log', {'length': 128, 'pad_mode': 'wrap', 'center': 2.0, 'scale': 0.7, 'min': -5, 'max': 5, 'pad_value': 0})
 - ('part_logptrel', {'length': 128, 'pad_mode': 'wrap', 'center': -4.7, 'scale': 0.7, 'min': -5, 'max': 5, 'pad_value': 0})
 - ('part_logerel', {'length': 128, 'pad_mode': 'wrap', 'center': -4.7, 'scale': 0.7, 'min': -5, 'max': 5, 'pad_value': 0})
 - ('part_deltaR', {'length': 128, 'pad_mode': 'wrap', 'center': 0.2, 'scale': 4.0, 'min': -5, 'max': 5, 'pad_value': 0})
 - ('part_charge', {'length': 128, 'pad_mode': 'wrap', 'center': None, 'scale': 1, 'min': -5, 'max': 5, 'pad_value': 0})
 - ('part_isChargedHadron', {'length': 128, 'pad_mode': 'wrap', 'center': None, 'scale': 1, 'min': -5, 'max': 5, 'pad_value': 0})
 - ('part_isNeutralHadron', {'length': 128, 'pad_mode': 'wrap', 'center': None, 'scale': 1, 'min': -5, 'max': 5, 'pad_value': 0})
 - ('part_isPhoton', {'length': 128, 'pad_mode': 'wrap', 'center': None, 'scale': 1, 'min': -5, 'max': 5, 'pad_value': 0})
 - ('part_isElectron', {'length': 128, 'pad_mode': 'wrap', 'center': None, 'scale': 1, 'min': -5, 'max': 5, 'pad_value': 0})
 - ('part_isMuon', {'length': 128, 'pad_mode': 'wrap', 'center': None, 'scale': 1, 'min': -5, 'max': 5, 'pad_value': 0})
 - ('part_d0', {'length': 128, 'pad_mode': 'wrap', 'center': None, 'scale': 1, 'min': -5, 'max': 5, 'pad_value': 0})
 - ('part_d0err', {'length': 128, 'pad_mode': 'wrap', 'center': 0, 'scale': 1, 'min': 0, 'max': 1, 'pad_value': 0})
 - ('part_dz', {'length': 128, 'pad_mode': 'wrap', 'center': None, 'scale': 1, 'min': -5, 'max': 5, 'pad_value': 0})
 - ('part_dzerr', {'length': 128, 'pad_mode': 'wrap', 'center': 0, 'scale': 1, 'min': 0, 'max': 1, 'pad_value': 0})
 - ('part_px', {'length': 128, 'pad_mode': 'wrap', 'center': None, 'scale': 1, 'min': -5, 'max': 5, 'pad_value': 0})
 - ('part_py', {'length': 128, 'pad_mode': 'wrap', 'center': None, 'scale': 1, 'min': -5, 'max': 5, 'pad_value': 0})
 - ('part_pz', {'length': 128, 'pad_mode': 'wrap', 'center': None, 'scale': 1, 'min': -5, 'max': 5, 'pad_value': 0})
 - ('part_energy', {'length': 128, 'pad_mode': 'wrap', 'center': None, 'scale': 1, 'min': -5, 'max': 5, 'pad_value': 0})
 - ('part_mask', {'length': 128, 'pad_mode': 'constant', 'center': None, 'scale': 1, 'min': -5, 'max': 5, 'pad_value': 0})[0m
[2026-06-19 00:03:36,630] INFO: [0;37mlabel_names: ('_label_',)[0m
[2026-06-19 00:03:36,630] INFO: [0;37mobserver_names: ('jet_pt', 'jet_eta', 'jet_phi', 'jet_energy', 'jet_nparticles', 'jet_sdmass', 'jet_tau1', 'jet_tau2', 'jet_tau3', 'jet_tau4')[0m
[2026-06-19 00:03:36,630] INFO: [0;37mmonitor_variables: ()[0m
[2026-06-19 00:03:36,948] INFO: === Restarting DataIter test_ZToQQ_worker0, seed=2583805206 ===
[2026-06-19 00:03:36,948] INFO: Restarted DataIter test_ZToQQ_worker0, load_range=(0, 1), file_list:
{
  "ZToQQ": [
    "/home/maxwelhelp/\u0420\u0430\u0431\u043e\u0447\u0438\u0439 \u0441\u0442\u043e\u043b/JetClassOfficial/val_5M/ZToQQ_120.root",
    "/home/maxwelhelp/\u0420\u0430\u0431\u043e\u0447\u0438\u0439 \u0441\u0442\u043e\u043b/JetClassOfficial/val_5M/ZToQQ_121.root",
    "/home/maxwelhelp/\u0420\u0430\u0431\u043e\u0447\u0438\u0439 \u0441\u0442\u043e\u043b/JetClassOfficial/val_5M/ZToQQ_122.root",
    "/home/maxwelhelp/\u0420\u0430\u0431\u043e\u0447\u0438\u0439 \u0441\u0442\u043e\u043b/JetClassOfficial/val_5M/ZToQQ_123.root",
    "/home/maxwelhelp/\u0420\u0430\u0431\u043e\u0447\u0438\u0439 \u0441\u0442\u043e\u043b/JetClassOfficial/val_5M/ZToQQ_124.root"
  ]
}
[2026-06-19 00:13:01,738] INFO: Processed 500000 entries in total (avg. speed 885.2 entries/s)
[2026-06-19 00:13:01,738] INFO: Eval AvgLoss: 0.00000, AvgAcc: 0.07867
[2026-06-19 00:13:01,738] INFO: Evaluation class distribution: 
    [(np.int64(6), 500000)]
[2026-06-19 00:13:01,898] WARNING: Cannot compute metric roc_auc_score: Number of classes in y_true not equal to the number of columns in 'y_score'
[2026-06-19 00:13:05,378] INFO: Evaluation metrics: 
    - roc_auc_score: 
None
    - roc_auc_score_matrix: 
[[ 0. nan nan nan nan nan nan nan nan nan]
 [ 0.  0. nan nan nan nan nan nan nan nan]
 [ 0.  0.  0. nan nan nan nan nan nan nan]
 [ 0.  0.  0.  0. nan nan nan nan nan nan]
 [ 0.  0.  0.  0.  0. nan nan nan nan nan]
 [ 0.  0.  0.  0.  0.  0. nan nan nan nan]
 [ 0.  0.  0.  0.  0.  0.  0. nan nan nan]
 [ 0.  0.  0.  0.  0.  0.  0.  0. nan nan]
 [ 0.  0.  0.  0.  0.  0.  0.  0.  0. nan]
 [ 0.  0.  0.  0.  0.  0.  0.  0.  0.  0.]]
    - confusion_matrix: 
[[0.00000e+00 0.00000e+00 0.00000e+00 0.00000e+00 0.00000e+00 0.00000e+00
  0.00000e+00 0.00000e+00 0.00000e+00]
 [0.00000e+00 0.00000e+00 0.00000e+00 0.00000e+00 0.00000e+00 0.00000e+00
  0.00000e+00 0.00000e+00 0.00000e+00]
 [0.00000e+00 0.00000e+00 0.00000e+00 0.00000e+00 0.00000e+00 0.00000e+00
  0.00000e+00 0.00000e+00 0.00000e+00]
 [0.00000e+00 0.00000e+00 0.00000e+00 0.00000e+00 0.00000e+00 0.00000e+00
  0.00000e+00 0.00000e+00 0.00000e+00]
 [0.00000e+00 0.00000e+00 0.00000e+00 0.00000e+00 0.00000e+00 0.00000e+00
  0.00000e+00 0.00000e+00 0.00000e+00]
 [0.00000e+00 0.00000e+00 0.00000e+00 0.00000e+00 0.00000e+00 0.00000e+00
  0.00000e+00 0.00000e+00 0.00000e+00]
 [4.61076e-01 5.46000e-04 8.31360e-02 2.80000e-05 1.02920e-02 2.98984e-01
  7.86740e-02 6.60000e-05 6.71980e-02]
 [0.00000e+00 0.00000e+00 0.00000e+00 0.00000e+00 0.00000e+00 0.00000e+00
  0.00000e+00 0.00000e+00 0.00000e+00]
 [0.00000e+00 0.00000e+00 0.00000e+00 0.00000e+00 0.00000e+00 0.00000e+00
  0.00000e+00 0.00000e+00 0.00000e+00]]
[2026-06-19 00:13:23,241] INFO: [1mTest metric 0.07867[0m
[2026-06-19 00:13:23,428] INFO: [1mWritten output to reports/latest/part_weaver_predict_smoke_v3_ZToQQ.root[0m
[2026-06-19 00:13:23,428] INFO: Running on test file group ZJetsToNuNu with 5 files:
.../home/maxwelhelp/Рабочий стол/JetClassOfficial/val_5M/ZJetsToNuNu_120.root
.../home/maxwelhelp/Рабочий стол/JetClassOfficial/val_5M/ZJetsToNuNu_121.root
.../home/maxwelhelp/Рабочий стол/JetClassOfficial/val_5M/ZJetsToNuNu_122.root
.../home/maxwelhelp/Рабочий стол/JetClassOfficial/val_5M/ZJetsToNuNu_123.root
.../home/maxwelhelp/Рабочий стол/JetClassOfficial/val_5M/ZJetsToNuNu_124.root
[2026-06-19 00:13:23,440] INFO: [0;37mpreprocess config: {'method': 'manual', 'data_fraction': 0.5, 'params': None}[0m
[2026-06-19 00:13:23,440] INFO: [0;37mselection: None[0m
[2026-06-19 00:13:23,440] INFO: [0;37mtest_time_selection: None[0m
[2026-06-19 00:13:23,441] INFO: [0;37mvar_funcs:
 - ('part_mask', 'ak.ones_like(part_energy)')
 - ('part_pt', 'np.hypot(part_px, part_py)')
 - ('part_pt_log', 'np.log(part_pt)')
 - ('part_e_log', 'np.log(part_energy)')
 - ('part_logptrel', 'np.log(part_pt/jet_pt)')
 - ('part_logerel', 'np.log(part_energy/jet_energy)')
 - ('part_deltaR', 'np.hypot(part_deta, part_dphi)')
 - ('part_d0', 'np.tanh(part_d0val)')
 - ('part_dz', 'np.tanh(part_dzval)')
 - ('_label_', 'np.argmax(np.stack([ak.to_numpy(label_QCD),ak.to_numpy(label_Hbb),ak.to_numpy(label_Hcc),ak.to_numpy(label_Hgg),ak.to_numpy(label_H4q),ak.to_numpy(label_Hqql),ak.to_numpy(label_Zqq),ak.to_numpy(label_Wqq),ak.to_numpy(label_Tbqq),ak.to_numpy(label_Tbl)], axis=1), axis=1)')
 - ('_labelcheck_', 'np.sum(np.stack([ak.to_numpy(label_QCD),ak.to_numpy(label_Hbb),ak.to_numpy(label_Hcc),ak.to_numpy(label_Hgg),ak.to_numpy(label_H4q),ak.to_numpy(label_Hqql),ak.to_numpy(label_Zqq),ak.to_numpy(label_Wqq),ak.to_numpy(label_Tbqq),ak.to_numpy(label_Tbl)], axis=1), axis=1)')[0m
[2026-06-19 00:13:23,441] INFO: [0;37minput_names: ('pf_points', 'pf_features', 'pf_vectors', 'pf_mask')[0m
[2026-06-19 00:13:23,441] INFO: [0;37minput_dicts:
 - ('pf_points', ['part_deta', 'part_dphi'])
 - ('pf_features', ['part_pt_log', 'part_e_log', 'part_logptrel', 'part_logerel', 'part_deltaR', 'part_charge', 'part_isChargedHadron', 'part_isNeutralHadron', 'part_isPhoton', 'part_isElectron', 'part_isMuon', 'part_d0', 'part_d0err', 'part_dz', 'part_dzerr', 'part_deta', 'part_dphi'])
 - ('pf_vectors', ['part_px', 'part_py', 'part_pz', 'part_energy'])
 - ('pf_mask', ['part_mask'])[0m
[2026-06-19 00:13:23,441] INFO: [0;37minput_shapes:
 - ('pf_points', (-1, 2, 128))
 - ('pf_features', (-1, 17, 128))
 - ('pf_vectors', (-1, 4, 128))
 - ('pf_mask', (-1, 1, 128))[0m
[2026-06-19 00:13:23,441] INFO: [0;37mpreprocess_params:
 - ('part_deta', {'length': 128, 'pad_mode': 'wrap', 'center': None, 'scale': 1, 'min': -5, 'max': 5, 'pad_value': 0})
 - ('part_dphi', {'length': 128, 'pad_mode': 'wrap', 'center': None, 'scale': 1, 'min': -5, 'max': 5, 'pad_value': 0})
 - ('part_pt_log', {'length': 128, 'pad_mode': 'wrap', 'center': 1.7, 'scale': 0.7, 'min': -5, 'max': 5, 'pad_value': 0})
 - ('part_e_log', {'length': 128, 'pad_mode': 'wrap', 'center': 2.0, 'scale': 0.7, 'min': -5, 'max': 5, 'pad_value': 0})
 - ('part_logptrel', {'length': 128, 'pad_mode': 'wrap', 'center': -4.7, 'scale': 0.7, 'min': -5, 'max': 5, 'pad_value': 0})
 - ('part_logerel', {'length': 128, 'pad_mode': 'wrap', 'center': -4.7, 'scale': 0.7, 'min': -5, 'max': 5, 'pad_value': 0})
 - ('part_deltaR', {'length': 128, 'pad_mode': 'wrap', 'center': 0.2, 'scale': 4.0, 'min': -5, 'max': 5, 'pad_value': 0})
 - ('part_charge', {'length': 128, 'pad_mode': 'wrap', 'center': None, 'scale': 1, 'min': -5, 'max': 5, 'pad_value': 0})
 - ('part_isChargedHadron', {'length': 128, 'pad_mode': 'wrap', 'center': None, 'scale': 1, 'min': -5, 'max': 5, 'pad_value': 0})
 - ('part_isNeutralHadron', {'length': 128, 'pad_mode': 'wrap', 'center': None, 'scale': 1, 'min': -5, 'max': 5, 'pad_value': 0})
 - ('part_isPhoton', {'length': 128, 'pad_mode': 'wrap', 'center': None, 'scale': 1, 'min': -5, 'max': 5, 'pad_value': 0})
 - ('part_isElectron', {'length': 128, 'pad_mode': 'wrap', 'center': None, 'scale': 1, 'min': -5, 'max': 5, 'pad_value': 0})
 - ('part_isMuon', {'length': 128, 'pad_mode': 'wrap', 'center': None, 'scale': 1, 'min': -5, 'max': 5, 'pad_value': 0})
 - ('part_d0', {'length': 128, 'pad_mode': 'wrap', 'center': None, 'scale': 1, 'min': -5, 'max': 5, 'pad_value': 0})
 - ('part_d0err', {'length': 128, 'pad_mode': 'wrap', 'center': 0, 'scale': 1, 'min': 0, 'max': 1, 'pad_value': 0})
 - ('part_dz', {'length': 128, 'pad_mode': 'wrap', 'center': None, 'scale': 1, 'min': -5, 'max': 5, 'pad_value': 0})
 - ('part_dzerr', {'length': 128, 'pad_mode': 'wrap', 'center': 0, 'scale': 1, 'min': 0, 'max': 1, 'pad_value': 0})
 - ('part_px', {'length': 128, 'pad_mode': 'wrap', 'center': None, 'scale': 1, 'min': -5, 'max': 5, 'pad_value': 0})
 - ('part_py', {'length': 128, 'pad_mode': 'wrap', 'center': None, 'scale': 1, 'min': -5, 'max': 5, 'pad_value': 0})
 - ('part_pz', {'length': 128, 'pad_mode': 'wrap', 'center': None, 'scale': 1, 'min': -5, 'max': 5, 'pad_value': 0})
 - ('part_energy', {'length': 128, 'pad_mode': 'wrap', 'center': None, 'scale': 1, 'min': -5, 'max': 5, 'pad_value': 0})
 - ('part_mask', {'length': 128, 'pad_mode': 'constant', 'center': None, 'scale': 1, 'min': -5, 'max': 5, 'pad_value': 0})[0m
[2026-06-19 00:13:23,441] INFO: [0;37mlabel_names: ('_label_',)[0m
[2026-06-19 00:13:23,441] INFO: [0;37mobserver_names: ('jet_pt', 'jet_eta', 'jet_phi', 'jet_energy', 'jet_nparticles', 'jet_sdmass', 'jet_tau1', 'jet_tau2', 'jet_tau3', 'jet_tau4')[0m
[2026-06-19 00:13:23,441] INFO: [0;37mmonitor_variables: ()[0m
[2026-06-19 00:13:23,452] INFO: [0;37mpreprocess config: {'method': 'manual', 'data_fraction': 0.5, 'params': None}[0m
[2026-06-19 00:13:23,452] INFO: [0;37mselection: None[0m
[2026-06-19 00:13:23,452] INFO: [0;37mtest_time_selection: None[0m
[2026-06-19 00:13:23,452] INFO: [0;37mvar_funcs:
 - ('part_mask', 'ak.ones_like(part_energy)')
 - ('part_pt', 'np.hypot(part_px, part_py)')
 - ('part_pt_log', 'np.log(part_pt)')
 - ('part_e_log', 'np.log(part_energy)')
 - ('part_logptrel', 'np.log(part_pt/jet_pt)')
 - ('part_logerel', 'np.log(part_energy/jet_energy)')
 - ('part_deltaR', 'np.hypot(part_deta, part_dphi)')
 - ('part_d0', 'np.tanh(part_d0val)')
 - ('part_dz', 'np.tanh(part_dzval)')
 - ('_label_', 'np.argmax(np.stack([ak.to_numpy(label_QCD),ak.to_numpy(label_Hbb),ak.to_numpy(label_Hcc),ak.to_numpy(label_Hgg),ak.to_numpy(label_H4q),ak.to_numpy(label_Hqql),ak.to_numpy(label_Zqq),ak.to_numpy(label_Wqq),ak.to_numpy(label_Tbqq),ak.to_numpy(label_Tbl)], axis=1), axis=1)')
 - ('_labelcheck_', 'np.sum(np.stack([ak.to_numpy(label_QCD),ak.to_numpy(label_Hbb),ak.to_numpy(label_Hcc),ak.to_numpy(label_Hgg),ak.to_numpy(label_H4q),ak.to_numpy(label_Hqql),ak.to_numpy(label_Zqq),ak.to_numpy(label_Wqq),ak.to_numpy(label_Tbqq),ak.to_numpy(label_Tbl)], axis=1), axis=1)')[0m
[2026-06-19 00:13:23,453] INFO: [0;37minput_names: ('pf_points', 'pf_features', 'pf_vectors', 'pf_mask')[0m
[2026-06-19 00:13:23,453] INFO: [0;37minput_dicts:
 - ('pf_points', ['part_deta', 'part_dphi'])
 - ('pf_features', ['part_pt_log', 'part_e_log', 'part_logptrel', 'part_logerel', 'part_deltaR', 'part_charge', 'part_isChargedHadron', 'part_isNeutralHadron', 'part_isPhoton', 'part_isElectron', 'part_isMuon', 'part_d0', 'part_d0err', 'part_dz', 'part_dzerr', 'part_deta', 'part_dphi'])
 - ('pf_vectors', ['part_px', 'part_py', 'part_pz', 'part_energy'])
 - ('pf_mask', ['part_mask'])[0m
[2026-06-19 00:13:23,453] INFO: [0;37minput_shapes:
 - ('pf_points', (-1, 2, 128))
 - ('pf_features', (-1, 17, 128))
 - ('pf_vectors', (-1, 4, 128))
 - ('pf_mask', (-1, 1, 128))[0m
[2026-06-19 00:13:23,453] INFO: [0;37mpreprocess_params:
 - ('part_deta', {'length': 128, 'pad_mode': 'wrap', 'center': None, 'scale': 1, 'min': -5, 'max': 5, 'pad_value': 0})
 - ('part_dphi', {'length': 128, 'pad_mode': 'wrap', 'center': None, 'scale': 1, 'min': -5, 'max': 5, 'pad_value': 0})
 - ('part_pt_log', {'length': 128, 'pad_mode': 'wrap', 'center': 1.7, 'scale': 0.7, 'min': -5, 'max': 5, 'pad_value': 0})
 - ('part_e_log', {'length': 128, 'pad_mode': 'wrap', 'center': 2.0, 'scale': 0.7, 'min': -5, 'max': 5, 'pad_value': 0})
 - ('part_logptrel', {'length': 128, 'pad_mode': 'wrap', 'center': -4.7, 'scale': 0.7, 'min': -5, 'max': 5, 'pad_value': 0})
 - ('part_logerel', {'length': 128, 'pad_mode': 'wrap', 'center': -4.7, 'scale': 0.7, 'min': -5, 'max': 5, 'pad_value': 0})
 - ('part_deltaR', {'length': 128, 'pad_mode': 'wrap', 'center': 0.2, 'scale': 4.0, 'min': -5, 'max': 5, 'pad_value': 0})
 - ('part_charge', {'length': 128, 'pad_mode': 'wrap', 'center': None, 'scale': 1, 'min': -5, 'max': 5, 'pad_value': 0})
 - ('part_isChargedHadron', {'length': 128, 'pad_mode': 'wrap', 'center': None, 'scale': 1, 'min': -5, 'max': 5, 'pad_value': 0})
 - ('part_isNeutralHadron', {'length': 128, 'pad_mode': 'wrap', 'center': None, 'scale': 1, 'min': -5, 'max': 5, 'pad_value': 0})
 - ('part_isPhoton', {'length': 128, 'pad_mode': 'wrap', 'center': None, 'scale': 1, 'min': -5, 'max': 5, 'pad_value': 0})
 - ('part_isElectron', {'length': 128, 'pad_mode': 'wrap', 'center': None, 'scale': 1, 'min': -5, 'max': 5, 'pad_value': 0})
 - ('part_isMuon', {'length': 128, 'pad_mode': 'wrap', 'center': None, 'scale': 1, 'min': -5, 'max': 5, 'pad_value': 0})
 - ('part_d0', {'length': 128, 'pad_mode': 'wrap', 'center': None, 'scale': 1, 'min': -5, 'max': 5, 'pad_value': 0})
 - ('part_d0err', {'length': 128, 'pad_mode': 'wrap', 'center': 0, 'scale': 1, 'min': 0, 'max': 1, 'pad_value': 0})
 - ('part_dz', {'length': 128, 'pad_mode': 'wrap', 'center': None, 'scale': 1, 'min': -5, 'max': 5, 'pad_value': 0})
 - ('part_dzerr', {'length': 128, 'pad_mode': 'wrap', 'center': 0, 'scale': 1, 'min': 0, 'max': 1, 'pad_value': 0})
 - ('part_px', {'length': 128, 'pad_mode': 'wrap', 'center': None, 'scale': 1, 'min': -5, 'max': 5, 'pad_value': 0})
 - ('part_py', {'length': 128, 'pad_mode': 'wrap', 'center': None, 'scale': 1, 'min': -5, 'max': 5, 'pad_value': 0})
 - ('part_pz', {'length': 128, 'pad_mode': 'wrap', 'center': None, 'scale': 1, 'min': -5, 'max': 5, 'pad_value': 0})
 - ('part_energy', {'length': 128, 'pad_mode': 'wrap', 'center': None, 'scale': 1, 'min': -5, 'max': 5, 'pad_value': 0})
 - ('part_mask', {'length': 128, 'pad_mode': 'constant', 'center': None, 'scale': 1, 'min': -5, 'max': 5, 'pad_value': 0})[0m
[2026-06-19 00:13:23,453] INFO: [0;37mlabel_names: ('_label_',)[0m
[2026-06-19 00:13:23,453] INFO: [0;37mobserver_names: ('jet_pt', 'jet_eta', 'jet_phi', 'jet_energy', 'jet_nparticles', 'jet_sdmass', 'jet_tau1', 'jet_tau2', 'jet_tau3', 'jet_tau4')[0m
[2026-06-19 00:13:23,453] INFO: [0;37mmonitor_variables: ()[0m
[2026-06-19 00:13:23,782] INFO: === Restarting DataIter test_ZJetsToNuNu_worker0, seed=1480622120 ===
[2026-06-19 00:13:23,783] INFO: Restarted DataIter test_ZJetsToNuNu_worker0, load_range=(0, 1), file_list:
{
  "ZJetsToNuNu": [
    "/home/maxwelhelp/\u0420\u0430\u0431\u043e\u0447\u0438\u0439 \u0441\u0442\u043e\u043b/JetClassOfficial/val_5M/ZJetsToNuNu_120.root",
    "/home/maxwelhelp/\u0420\u0430\u0431\u043e\u0447\u0438\u0439 \u0441\u0442\u043e\u043b/JetClassOfficial/val_5M/ZJetsToNuNu_121.root",
    "/home/maxwelhelp/\u0420\u0430\u0431\u043e\u0447\u0438\u0439 \u0441\u0442\u043e\u043b/JetClassOfficial/val_5M/ZJetsToNuNu_122.root",
    "/home/maxwelhelp/\u0420\u0430\u0431\u043e\u0447\u0438\u0439 \u0441\u0442\u043e\u043b/JetClassOfficial/val_5M/ZJetsToNuNu_123.root",
    "/home/maxwelhelp/\u0420\u0430\u0431\u043e\u0447\u0438\u0439 \u0441\u0442\u043e\u043b/JetClassOfficial/val_5M/ZJetsToNuNu_124.root"
  ]
}
[2026-06-19 00:22:51,513] INFO: Processed 500000 entries in total (avg. speed 880.6 entries/s)
[2026-06-19 00:22:51,513] INFO: Eval AvgLoss: 0.00000, AvgAcc: 0.71229
[2026-06-19 00:22:51,513] INFO: Evaluation class distribution: 
    [(np.int64(0), 500000)]
[2026-06-19 00:22:51,675] WARNING: Cannot compute metric roc_auc_score: Number of classes in y_true not equal to the number of columns in 'y_score'
[2026-06-19 00:22:55,159] INFO: Evaluation metrics: 
    - roc_auc_score: 
None
    - roc_auc_score_matrix: 
[[ 0. nan nan nan nan nan nan nan nan nan]
 [ 0.  0. nan nan nan nan nan nan nan nan]
 [ 0.  0.  0. nan nan nan nan nan nan nan]
 [ 0.  0.  0.  0. nan nan nan nan nan nan]
 [ 0.  0.  0.  0.  0. nan nan nan nan nan]
 [ 0.  0.  0.  0.  0.  0. nan nan nan nan]
 [ 0.  0.  0.  0.  0.  0.  0. nan nan nan]
 [ 0.  0.  0.  0.  0.  0.  0.  0. nan nan]
 [ 0.  0.  0.  0.  0.  0.  0.  0.  0. nan]
 [ 0.  0.  0.  0.  0.  0.  0.  0.  0.  0.]]
    - confusion_matrix: 
[[7.1229e-01 1.5600e-03 1.1142e-02 4.2500e-03 6.5750e-02 1.7818e-01
  2.0000e-04 2.6628e-02]
 [0.0000e+00 0.0000e+00 0.0000e+00 0.0000e+00 0.0000e+00 0.0000e+00
  0.0000e+00 0.0000e+00]
 [0.0000e+00 0.0000e+00 0.0000e+00 0.0000e+00 0.0000e+00 0.0000e+00
  0.0000e+00 0.0000e+00]
 [0.0000e+00 0.0000e+00 0.0000e+00 0.0000e+00 0.0000e+00 0.0000e+00
  0.0000e+00 0.0000e+00]
 [0.0000e+00 0.0000e+00 0.0000e+00 0.0000e+00 0.0000e+00 0.0000e+00
  0.0000e+00 0.0000e+00]
 [0.0000e+00 0.0000e+00 0.0000e+00 0.0000e+00 0.0000e+00 0.0000e+00
  0.0000e+00 0.0000e+00]
 [0.0000e+00 0.0000e+00 0.0000e+00 0.0000e+00 0.0000e+00 0.0000e+00
  0.0000e+00 0.0000e+00]
 [0.0000e+00 0.0000e+00 0.0000e+00 0.0000e+00 0.0000e+00 0.0000e+00
  0.0000e+00 0.0000e+00]]
[2026-06-19 00:23:12,830] INFO: [1mTest metric 0.71229[0m
[2026-06-19 00:23:13,023] INFO: [1mWritten output to reports/latest/part_weaver_predict_smoke_v3_ZJetsToNuNu.root[0m
