event_idx,rank,particle_idx,head_energy,true_label,pred_label,conf,part_pt_log,part_e_log,part_logptrel,part_logerel,part_deltaR,part_charge,part_isChargedHadron,part_isNeutralHadron,part_isPhoton,part_isElectron,part_isMuon,part_deta,part_dphi,px,py,pz,energy,pt,deta,dphi,deltaR_from_axis
2507,1,17,74.62555694580078,label_Zqq,label_Zqq,0.8236027359962463,-1.7561063766479492,-0.7945436835289001,-1.7078237533569336,-0.5831425189971924,5.0,1.0,1.0,0.0,0.0,0.0,0.0,-2.6483068466186523,0.2446652054786682,-0.44128677248954773,-0.060585349798202515,-2.279873847961426,2.3748576641082764,0.44542631285591155,-2.6483068466186523,0.2446652054786682,2.659584594747674
2507,2,12,28.352174758911133,label_Zqq,label_Zqq,0.8236027359962463,-0.2545850872993469,-0.41172319650650024,-0.2063024491071701,-0.2003220021724701,-0.5541982054710388,1.0,1.0,0.0,0.0,0.0,0.0,0.060703665018081665,0.009551048278808594,-3.786457061767578,0.37484484910964966,1.4548801183700562,4.103433132171631,3.8049659317152362,0.060703665018081665,0.009551048278808594,0.06145044727137146
2507,3,0,27.64487075805664,label_Zqq,label_Zqq,0.8236027359962463,2.8835551738739014,2.694692850112915,2.931837797164917,2.9060940742492676,-0.529400646686554,-1.0,1.0,0.0,0.0,0.0,0.0,-0.06592139601707458,0.015194416046142578,-335.3017578125,31.28386878967285,84.02266693115234,347.0821228027344,336.7579980321208,-0.06592139601707458,0.015194416046142578,0.06764983911158438
2507,4,14,26.860116958618164,label_Zqq,label_Zqq,0.8236027359962463,-0.6923921704292297,-0.717139720916748,-0.6441095471382141,-0.5057385563850403,2.1580588817596436,0.0,0.0,0.0,1.0,0.0,0.0,0.44709110260009766,0.5890598893165588,-1.8049224615097046,-0.9415766596794128,1.7004743814468384,2.652531862258911,2.0357582612174983,0.44709110260009766,0.5890598893165588,0.7395147106216398
2507,5,16,26.763181686401367,label_Zqq,label_Zqq,0.8236027359962463,-0.9720416069030762,-0.9605091214179993,-0.9237588047981262,-0.7491078972816467,1.8998067378997803,0.0,0.0,0.0,1.0,0.0,0.0,0.525225818157196,-0.4239075183868408,-1.1765094995498657,0.6927125453948975,1.2830541133880615,1.87356698513031,1.3652931088519247,0.525225818157196,-0.4239075183868408,0.6749516606422905
2507,6,15,26.529251098632812,label_Zqq,label_Zqq,0.8236027359962463,-0.8417150378227234,-0.8379166722297668,-0.793432354927063,-0.6265156865119934,1.483597755432129,0.0,0.0,0.0,1.0,0.0,0.0,0.5089889168739319,-0.25856614112854004,-1.5352866649627686,0.5898218154907227,1.5091743469238281,2.2321741580963135,1.644686875256586,0.5089889168739319,-0.25856614112854004,0.5708994367124585
2507,7,11,25.526582717895508,label_Zqq,label_Zqq,0.8236027359962463,-0.13029353320598602,-0.1555825024843216,-0.08201088756322861,0.055818699300289154,2.275296211242676,1.0,1.0,0.0,0.0,0.0,0.0,0.4454492926597595,0.6266301274299622,-3.947200059890747,-2.2516608238220215,3.7861225605010986,5.916465759277344,4.544267243278765,0.4454492926597595,0.6266301274299622,0.7688240298884854
2507,8,9,23.348339080810547,label_Zqq,label_Zqq,0.8236027359962463,0.37621521949768066,0.17992950975894928,0.4244980216026306,0.3913307189941406,0.009839355945587158,0.0,0.0,1.0,0.0,0.0,0.0,-0.11431244015693665,0.167100727558136,-9.353178977966309,-0.5513054728507996,1.8729716539382935,9.554784774780273,9.36941272003033,-0.11431244015693665,0.167100727558136,0.20245984077118012
2507,9,1,23.13799476623535,label_Zqq,label_Zqq,0.8236027359962463,1.580506443977356,1.3912668228149414,1.6287890672683716,1.602668046951294,-0.5256029963493347,1.0,1.0,0.0,0.0,0.0,0.0,-0.06816756725311279,0.007683753967285156,-52.08116912841797,5.254059791564941,12.939299583435059,53.92122268676758,52.3455186436835,-0.06816756725311279,0.007683753967285156,0.0685992514553725
2507,10,7,22.82356071472168,label_Zqq,label_Zqq,0.8236027359962463,0.6524513363838196,0.44546595215797424,0.7007341384887695,0.6568671464920044,0.6472579836845398,0.0,0.0,1.0,0.0,0.0,0.0,-0.22003388404846191,0.2872191071510315,-13.680450439453125,-2.475200653076172,1.293034553527832,13.962567329406738,13.902566040099284,-0.22003388404846191,0.2872191071510315,0.36181449064691656
2507,11,2,22.555904388427734,label_Zqq,label_Zqq,0.8236027359962463,1.4883688688278198,1.3003185987472534,1.5366514921188354,1.5117197036743164,-0.5442810654640198,-1.0,1.0,0.0,0.0,0.0,0.0,-0.06118735671043396,0.018523454666137695,-45.705223083496094,4.110894680023193,11.67372989654541,47.35147476196289,45.889725126463624,-0.06118735671043396,0.018523454666137695,0.0639297348186143
2507,12,3,21.884397506713867,label_Zqq,label_Zqq,0.8236027359962463,0.9766176342964172,0.7903149724006653,1.0249003171920776,1.001716136932373,-0.5914157032966614,1.0,1.0,0.0,0.0,0.0,0.0,-0.05214545130729675,-0.0002543926239013672,-21.961095809936523,2.3917317390441895,5.825979709625244,22.851604461669922,22.09095085967924,-0.05214545130729675,-0.0002543926239013672,0.0521460718333486
1616,1,54,72.34293365478516,label_Tbqq,label_Tbqq,0.9925463795661926,-2.139975070953369,-1.3590723276138306,-2.022468090057373,-1.0838432312011719,5.0,1.0,1.0,0.0,0.0,0.0,0.0,1.9056352376937866,0.021380186080932617,-0.01792852394282818,-0.25677910447120667,-0.9022587537765503,1.060211181640625,0.25740423552032593,1.9056352376937866,0.021380186080932617,1.9057551709223066
1616,2,24,38.65604782104492,label_Tbqq,label_Tbqq,0.9925463795661926,0.026931023225188255,-0.16810381412506104,0.1444382220506668,0.10712528228759766,1.1863346099853516,0.0,0.0,1.0,0.0,0.0,0.0,0.14599773287773132,0.47463667392730713,2.1287713050842285,-5.275326728820801,-1.1889784336090088,5.811575412750244,5.688650047696833,0.14599773287773132,0.47463667392730713,0.49658363871780375
1616,3,50,36.11902618408203,label_Tbqq,label_Tbqq,0.9925463795661926,-0.9533966183662415,-1.1579631567001343,-0.8358892798423767,-0.8827341198921204,0.49097663164138794,0.0,0.0,0.0,1.0,0.0,0.0,-0.18627551198005676,-0.26356256008148193,-0.48691326379776,-1.314888834953308,0.17538176476955414,1.413073182106018,1.4021473441643195,-0.18627551198005676,-0.26356256008148193,0.3227441547729982
1616,4,43,35.253822326660156,label_Tbqq,label_Tbqq,0.9925463795661926,-0.5342304110527039,-0.7430285215377808,-0.4167231619358063,-0.46779942512512207,2.876736640930176,0.0,0.0,1.0,0.0,0.0,0.0,-0.002902943640947342,-0.9191795587539673,-2.1613402366638184,-1.3566442728042603,-0.14966319501399994,2.556222677230835,2.551837632286704,-0.002902943640947342,-0.9191795587539673,0.919184142766247
1616,5,27,34.934356689453125,label_Tbqq,label_Tbqq,0.9925463795661926,-0.09279776364564896,-0.2178335040807724,0.024709509685635567,0.05739550665020943,0.9648327231407166,0.0,0.0,1.0,0.0,0.0,0.0,0.4412081241607666,-0.0002446174621582031,-0.43726858496665955,-4.774337291717529,-2.513047695159912,5.413031578063965,4.794319596197506,0.4412081241607666,-0.0002446174621582031,0.4412081919719592
1616,6,52,34.9084587097168,label_Tbqq,label_Tbqq,0.9925463795661926,-1.084435224533081,-1.2924917936325073,-0.9669280052185059,-1.0172629356384277,0.5453725457191467,0.0,0.0,0.0,1.0,0.0,0.0,-0.13606806099414825,-0.30759096145629883,-0.4513894021511078,-1.071581244468689,0.086764395236969,1.1660046577453613,1.1627720137118018,-0.13606806099414825,-0.30759096145629883,0.33634315333051984
1616,7,9,34.56288146972656,label_Tbqq,label_Tbqq,0.9925463795661926,0.8963709473609924,0.6903016567230225,1.0138781070709229,0.9655305743217468,0.5152128338813782,0.0,0.0,1.0,0.0,0.0,0.0,-0.16759127378463745,-0.2828863859176636,-7.196124076843262,-18.33676528930664,2.093367576599121,19.809173583984375,19.698252790652376,-0.16759127378463745,-0.2828863859176636,0.3288031970439378
1616,8,30,32.34773254394531,label_Tbqq,label_Tbqq,0.9925463795661926,-0.15753322839736938,-0.34660080075263977,-0.040025949478149414,-0.07137179374694824,-0.06181865930557251,0.0,0.0,1.0,0.0,0.0,0.0,0.18425649404525757,-0.01032114028930664,-0.442482054233551,-4.3483734130859375,-1.0850882530212402,4.503505229949951,4.370828492168434,0.18425649404525757,-0.01032114028930664,0.18454533734213277
1616,9,37,30.637941360473633,label_Tbqq,label_Tbqq,0.9925463795661926,-0.37543758749961853,-0.5833543539047241,-0.2579304575920105,-0.3081255257129669,0.6675178408622742,0.0,0.0,0.0,1.0,0.0,0.0,-0.13870427012443542,-0.3396493196487427,-1.336811900138855,-2.909189224243164,0.24736569821834564,3.2111737728118896,3.201632083610701,-0.13870427012443542,-0.3396493196487427,0.366879455528115
1616,10,34,30.606996536254883,label_Tbqq,label_Tbqq,0.9925463795661926,-0.34256014227867126,-0.5508754253387451,-0.2250528782606125,-0.27564647793769836,0.639705240726471,0.0,0.0,0.0,1.0,0.0,0.0,-0.1309252381324768,-0.33526933193206787,-1.3877283334732056,-3.05519437789917,0.23308758437633514,3.363678455352783,3.3555927366519045,-0.1309252381324768,-0.33526933193206787,0.3599263020594923
1616,11,45,30.09156036376953,label_Tbqq,label_Tbqq,0.9925463795661926,-0.6139513254165649,-0.8205253481864929,-0.4964439272880554,-0.5452964901924133,0.5729625821113586,0.0,0.0,0.0,1.0,0.0,0.0,-0.1605355590581894,-0.30338501930236816,-0.875159740447998,-2.1022675037384033,0.22584564983844757,2.2883267402648926,2.2771546343135123,-0.1605355590581894,-0.30338501930236816,0.34324063812320316
1616,12,39,29.554861068725586,label_Tbqq,label_Tbqq,0.9925463795661926,-0.4276193380355835,-0.6366907954216003,-0.31011223793029785,-0.361461877822876,0.49178415536880493,0.0,0.0,0.0,1.0,0.0,0.0,-0.1130344420671463,-0.302518367767334,-1.1396889686584473,-2.744408369064331,0.15315458178520203,2.975588083267212,2.971644030073605,-0.1130344420671463,-0.302518367767334,0.32294604492088613
1297,1,19,71.69532775878906,label_Tbl,label_Tbl,0.9999998807907104,-2.162541389465332,-1.2449990510940552,-2.0953099727630615,-1.0005345344543457,5.0,1.0,1.0,0.0,0.0,0.0,0.0,2.1961042881011963,-0.32537388801574707,-0.14782169461250305,0.2006703019142151,1.214723825454712,1.2478595972061157,0.24923848713321614,2.1961042881011963,-0.32537388801574707,2.220077073260959
1297,2,17,39.59377670288086,label_Tbl,label_Tbl,0.9999998807907104,-1.0917565822601318,-1.0906271934509277,-1.0245250463485718,-0.8461625576019287,2.1790409088134766,1.0,1.0,0.0,0.0,0.0,0.0,0.3023638129234314,0.6806202530860901,-1.1478484869003296,-0.08058851957321167,0.4647287428379059,1.5557551383972168,1.1506740017773835,0.3023638129234314,0.6806202530860901,0.7447602327437799
1297,3,16,37.94647979736328,label_Tbl,label_Tbl,0.9999998807907104,-0.9376366138458252,-0.9340936541557312,-0.8704050779342651,-0.6896288990974426,2.147019863128662,0.0,0.0,0.0,1.0,0.0,0.0,0.7300893664360046,0.09888052940368652,-1.2504255771636963,0.7021418213844299,1.3148643970489502,1.9456195831298828,1.4340736596710113,0.7300893664360046,0.09888052940368652,0.7367549403146748
1297,4,10,37.10183334350586,label_Tbl,label_Tbl,0.9999998807907104,-0.13111723959445953,-0.10755569487810135,-0.0638856366276741,0.13690900802612305,2.3166191577911377,0.0,0.0,0.0,1.0,0.0,0.0,0.7717222571372986,0.10736370086669922,-3.9763760566711426,2.188664674758911,4.421675205230713,6.336641788482666,4.538922735914886,0.7717222571372986,0.10736370086669922,0.7791548026065686
1297,5,18,36.6084098815918,label_Tbl,label_Tbl,0.9999998807907104,-1.1583201885223389,-1.3241769075393677,-1.0910886526107788,-1.0797122716903687,0.2713863253593445,0.0,0.0,0.0,1.0,0.0,0.0,0.26761555671691895,0.011121988296508789,-0.8638973236083984,0.5902696251869202,0.3836103677749634,1.1144028902053833,1.0462967151606952,0.26761555671691895,0.011121988296508789,0.2678465695516262
1297,6,12,34.09550094604492,label_Tbl,label_Tbl,0.9999998807907104,-0.384671688079834,-0.3485179841518402,-0.3174401819705963,-0.10405311733484268,2.2769343852996826,-1.0,1.0,0.0,0.0,0.0,0.0,0.7655112147331238,0.07558345794677734,-2.7182600498199463,1.6107782125473022,3.0507166385650635,4.491187572479248,3.159674690290793,0.7655112147331238,0.07558345794677734,0.7692335659585943
1297,7,15,30.79821014404297,label_Tbl,label_Tbl,0.9999998807907104,-0.604711651802063,-0.7491574883460999,-0.5374802350997925,-0.504692792892456,0.5944748520851135,0.0,0.0,0.0,1.0,0.0,0.0,0.3482974171638489,-0.014963626861572266,-1.8705627918243408,1.3509777784347534,1.047235131263733,2.5339391231536865,2.30741112851225,0.3482974171638489,-0.014963626861572266,0.3486187042197543
1297,8,4,29.941673278808594,label_Tbl,label_Tbl,0.9999998807907104,0.7637572884559631,0.6034864187240601,0.8309889435768127,0.8479511141777039,0.3664030432701111,0.0,0.0,1.0,0.0,0.0,0.0,0.2901504337787628,-0.029047012329101562,-13.07721996307373,9.727906227111816,6.3684210777282715,17.498645782470703,16.298645389298308,0.2901504337787628,-0.029047012329101562,0.2916007598536931
1297,9,14,28.32942771911621,label_Tbl,label_Tbl,0.9999998807907104,-0.46014344692230225,-0.6124379634857178,-0.3929118514060974,-0.36797335743904114,0.48398035764694214,0.0,0.0,0.0,1.0,0.0,0.0,0.3203790783882141,-0.019877195358276367,-2.291480779647827,1.6721712350845337,1.2009892463684082,3.0804896354675293,2.8367306539288406,0.3203790783882141,-0.019877195358276367,0.320995103956731
1297,10,7,24.29644203186035,label_Tbl,label_Tbl,0.9999998807907104,0.3054572641849518,0.15165984630584717,0.37268877029418945,0.39612454175949097,0.4593692421913147,0.0,0.0,0.0,1.0,0.0,0.0,0.3148384988307953,0.0015528202056884766,-6.946260929107666,4.844273567199707,3.5344691276550293,9.176600456237793,8.468620152605586,0.3148384988307953,0.0015528202056884766,0.31484232815271185
1297,11,9,23.506879806518555,label_Tbl,label_Tbl,0.9999998807907104,0.06282536685466766,-0.08689058572053909,0.1300567090511322,0.15757402777671814,0.51950603723526,0.0,0.0,0.0,1.0,0.0,0.0,0.3297326862812042,-0.00973963737487793,-4.872542858123779,3.480513572692871,2.5960609912872314,6.526498317718506,5.987958636626704,0.3297326862812042,-0.00973963737487793,0.32987649952431164
1297,12,3,22.365659713745117,label_Tbl,label_Tbl,0.9999998807907104,1.2753580808639526,1.1201374530792236,1.3425896167755127,1.3646020889282227,0.4432395100593567,-1.0,1.0,0.0,0.0,0.0,0.0,0.3092899024486542,-0.0307009220123291,-27.126131057739258,20.2484130859375,13.924370765686035,36.60542297363281,33.85004015744163,0.3092899024486542,-0.0307009220123291,0.31080989425870137
1549,1,49,70.53165435791016,label_Tbqq,label_Tbqq,0.82765132188797,-2.0557732582092285,-1.091549038887024,-1.9791854619979858,-0.9615634083747864,5.0,1.0,1.0,0.0,0.0,0.0,0.0,1.7085752487182617,0.6990736722946167,-0.0038908522110432386,-0.2902801036834717,1.5199507474899292,1.5537077188491821,0.2903061785863595,1.7085752487182617,0.6990736722946167,1.8460588776710647
1549,2,48,68.71468353271484,label_Tbqq,label_Tbqq,0.82765132188797,-1.9097459316253662,-0.9118543267250061,-1.8331581354141235,-0.7818686962127686,5.0,1.0,1.0,0.0,0.0,0.0,0.0,-3.0572900772094727,-0.01509547233581543,-0.2378562092781067,-0.2670876979827881,-1.9713904857635498,2.008425235748291,0.35764705326046725,-3.0572900772094727,-0.01509547233581543,3.057327344182913
1549,3,44,47.58931350708008,label_Tbqq,label_Tbqq,0.82765132188797,-0.9200115203857422,-1.0140249729156494,-0.8434234857559204,-0.8840392231941223,-0.5595149993896484,0.0,0.0,0.0,1.0,0.0,0.0,-0.05738043785095215,-0.01794576644897461,-0.981188178062439,-1.0954691171646118,0.9218264818191528,1.7356690168380737,1.470640278052693,-0.05738043785095215,-0.01794576644897461,0.06012125399064897
1549,4,32,38.15192413330078,label_Tbqq,label_Tbqq,0.82765132188797,-0.303403377532959,-0.4128391444683075,-0.22681526839733124,-0.28285327553749084,-0.32213684916496277,0.0,0.0,0.0,1.0,0.0,0.0,-0.1001165509223938,-0.06518244743347168,-2.489778518676758,-2.5286171436309814,2.047354221343994,4.096896648406982,3.5486478736455007,-0.1001165509223938,-0.06518244743347168,0.11946579101154259
1549,5,38,37.01294708251953,label_Tbqq,label_Tbqq,0.82765132188797,-0.6023069024085999,-0.5060041546821594,-0.5257189869880676,-0.3760182857513428,1.6778943538665771,0.0,0.0,1.0,0.0,0.0,0.0,0.3559088706970215,0.5070270299911499,-0.47234877943992615,-2.266658306121826,2.738814353942871,3.5863571166992188,2.315351646327066,0.3559088706970215,0.5070270299911499,0.619473593773355
1549,6,7,35.734344482421875,label_Tbqq,label_Tbqq,0.82765132188797,1.0485320091247559,0.9556604027748108,1.1251200437545776,1.085646152496338,-0.4797399342060089,-1.0,1.0,0.0,0.0,0.0,0.0,-0.05458861589431763,-0.05857038497924805,-17.060577392578125,-17.557418823242188,15.425989151000977,28.94013023376465,24.48114083744642,-0.05458861589431763,-0.05857038497924805,0.08006501721647646
1549,7,19,35.55162811279297,label_Tbqq,label_Tbqq,0.82765132188797,0.19117985665798187,0.10115818679332733,0.2677678167819977,0.2311438024044037,-0.566260576248169,1.0,1.0,0.0,0.0,0.0,0.0,-0.0498347282409668,-0.03051447868347168,-4.866047382354736,-5.297303676605225,4.572927474975586,8.537870407104492,7.193041315708997,-0.0498347282409668,-0.03051447868347168,0.058434865860845966
1549,8,22,34.329017639160156,label_Tbqq,label_Tbqq,0.82765132188797,0.07198195159435272,-0.02114042080938816,0.14856982231140137,0.10884527862071991,-0.48380136489868164,0.0,0.0,0.0,1.0,0.0,0.0,-0.05498749017715454,-0.056791067123413086,-4.220123291015625,-4.3585124015808105,3.8199355602264404,7.169238090515137,6.06680071752042,-0.05498749017715454,-0.056791067123413086,0.07904966401572291
1549,9,16,34.23749923706055,label_Tbqq,label_Tbqq,0.82765132188797,0.37752917408943176,0.27180927991867065,0.45411720871925354,0.4017949104309082,-0.4406692087650299,-1.0,1.0,0.0,0.0,0.0,0.0,-0.08973848819732666,-0.004113197326660156,-6.165552139282227,-7.078278541564941,5.528501033782959,10.894946098327637,9.387015515816854,-0.08973848819732666,-0.004113197326660156,0.0898327037118987
1549,10,40,33.90882873535156,label_Tbqq,label_Tbqq,0.82765132188797,-0.6701176762580872,-0.7526137828826904,-0.5935295820236206,-0.6226280331611633,-0.6627451777458191,1.0,1.0,0.0,0.0,0.0,0.0,-0.029799222946166992,-0.017012834548950195,-1.4006797075271606,-1.5667582750320435,1.3862311840057373,2.521458387374878,2.101579200377601,-0.029799222946166992,-0.017012834548950195,0.034313703204191165
1549,11,12,33.64889907836914,label_Tbqq,label_Tbqq,0.82765132188797,0.6542736291885376,0.5487052798271179,0.7308616638183594,0.6786910891532898,-0.41786083579063416,0.0,0.0,0.0,1.0,0.0,0.0,-0.08915042877197266,-0.03433799743652344,-9.468693733215332,-10.229080200195312,8.218799591064453,16.18143653869629,13.938803490811507,-0.08915042877197266,-0.03433799743652344,0.09553479480365916
1549,12,31,33.390708923339844,label_Tbqq,label_Tbqq,0.82765132188797,-0.23323364555835724,-0.3316446840763092,-0.15664543211460114,-0.20165881514549255,-0.5136281847953796,1.0,1.0,0.0,0.0,0.0,0.0,-0.07018733024597168,-0.014117002487182617,-2.6060328483581543,-2.9320743083953857,2.3998045921325684,4.600761890411377,3.922813653065105,-0.07018733024597168,-0.014117002487182617,0.07159295416645559
1791,1,44,70.34109497070312,label_Tbqq,label_Tbqq,0.9044356346130371,-1.4207905530929565,-0.5677631497383118,-1.4454973936080933,-0.5375233292579651,5.0,1.0,1.0,0.0,0.0,0.0,0.0,1.5455783605575562,0.5976990461349487,0.38451018929481506,-0.6077110767364502,3.2007386684417725,3.2834994792938232,0.7191389562940602,1.5455783605575562,0.5976990461349487,1.6571229943412198
1791,2,39,37.910579681396484,label_Tbqq,label_Tbqq,0.9044356346130371,-0.8060504794120789,-0.9151477813720703,-0.8307573199272156,-0.8849080801010132,-0.3826342225074768,0.0,0.0,0.0,1.0,0.0,0.0,-0.10312169790267944,0.015907645225524902,-0.0305631123483181,-1.730384111404419,1.0004148483276367,1.9989980459213257,1.7306540026352109,-0.10312169790267944,0.015907645225524902,0.10434144792436344
1791,3,26,35.985050201416016,label_Tbqq,label_Tbqq,0.9044356346130371,-0.37389999628067017,-0.465483695268631,-0.39860692620277405,-0.4352439343929291,-0.5550082325935364,0.0,0.0,0.0,1.0,0.0,0.0,-0.05484551191329956,0.027263164520263672,-0.02023138292133808,-3.2086081504821777,2.0359437465667725,3.8000845909118652,3.2086719327777296,-0.05484551191329956,0.027263164520263672,0.06124794132614457
1791,4,27,34.88677978515625,label_Tbqq,label_Tbqq,0.9044356346130371,-0.37993577122688293,-0.47832101583480835,-0.4046424329280853,-0.4480813443660736,-0.4738544821739197,0.0,0.0,0.0,1.0,0.0,0.0,-0.0732073187828064,-0.03590083122253418,-0.2208126336336136,-3.1734511852264404,1.9496233463287354,3.731029748916626,3.1811241164386077,-0.0732073187828064,-0.03590083122253418,0.08153637964636597
1791,5,37,32.02811050415039,label_Tbqq,label_Tbqq,0.9044356346130371,-0.792863667011261,-0.9132179617881775,-0.8175704479217529,-0.8829781413078308,-0.24485361576080322,0.0,0.0,0.0,1.0,0.0,0.0,-0.13607746362686157,-0.027288198471069336,-0.10725840926170349,-1.760300874710083,0.9528496861457825,2.004516363143921,1.7635655745853156,-0.13607746362686157,-0.027288198471069336,0.13878660556017755
1791,6,16,31.812143325805664,label_Tbqq,label_Tbqq,0.9044356346130371,0.05583906173706055,-0.04800610616803169,0.031132221221923828,-0.017766427248716354,-0.4466111660003662,0.0,0.0,0.0,1.0,0.0,0.0,-0.08829319477081299,-0.0030889511108398438,-0.21727435290813446,-5.924510478973389,3.5289227962493896,6.899299144744873,5.928493279063167,-0.08829319477081299,-0.0030889511108398438,0.08834721196394302
1791,7,17,31.63726043701172,label_Tbqq,label_Tbqq,0.9044356346130371,0.03768552467226982,-0.07361424714326859,0.012978601269423962,-0.04337448999285698,-0.3555137515068054,0.0,0.0,0.0,1.0,0.0,0.0,-0.10943871736526489,-0.01926577091217041,-0.3050665259361267,-5.768661975860596,3.2971854209899902,6.651463031768799,5.77672282327849,-0.10943871736526489,-0.01926577091217041,0.11112156760680873
1791,8,18,30.810993194580078,label_Tbqq,label_Tbqq,0.9044356346130371,0.023688793182373047,-0.08866465836763382,-0.0010180473327636719,-0.058424901217222214,-0.3407096862792969,0.0,0.0,0.0,1.0,0.0,0.0,-0.11248248815536499,0.023063302040100098,-0.05948272719979286,-5.662050247192383,3.2120821475982666,6.509978771209717,5.662362686773644,-0.11248248815536499,0.023063302040100098,0.11482258507199143
1791,9,13,30.426851272583008,label_Tbqq,label_Tbqq,0.9044356346130371,0.24422220885753632,0.14136838912963867,0.2195153683423996,0.1716080605983734,-0.45701587200164795,0.0,0.0,0.0,1.0,0.0,0.0,-0.08552998304367065,0.006083130836486816,-0.21323911845684052,-7.756344795227051,4.643661022186279,9.042673110961914,7.759275449685107,-0.08552998304367065,0.006083130836486816,0.08574603477843395
1791,10,0,30.00198745727539,label_Tbqq,label_Tbqq,0.9044356346130371,2.751199960708618,2.6630144119262695,2.7264928817749023,2.693254232406616,-0.6090875267982483,0.0,0.0,1.0,0.0,0.0,0.0,-0.045838117599487305,-0.0132981538772583,-13.05888843536377,-278.4356384277344,179.84593200683594,331.72503662109375,278.74170716602015,-0.045838117599487305,-0.0132981538772583,0.04772812505858226
1791,11,40,27.13206672668457,label_Tbqq,label_Tbqq,0.9044356346130371,-0.810543417930603,-0.9080221652984619,-0.8352504372596741,-0.87778240442276,1.5356993675231934,-1.0,1.0,0.0,0.0,0.0,0.0,-0.07531368732452393,-0.5790475606918335,-0.9887758493423462,-1.4068695306777954,1.0496381521224976,2.0194504261016846,1.7195812154685333,-0.07531368732452393,-0.5790475606918335,0.5839248487961262
1791,12,42,26.610591888427734,label_Tbqq,label_Tbqq,0.9044356346130371,-0.952475905418396,-0.8602304458618164,-0.9771825671195984,-0.8299906253814697,1.1156485080718994,0.0,0.0,0.0,1.0,0.0,0.0,0.34433096647262573,-0.33285582065582275,-0.5030216574668884,-1.3107880353927612,1.6442816257476807,2.162142038345337,1.4039928994156452,0.34433096647262573,-0.33285582065582275,0.47891211283118923
1601,1,81,70.07672119140625,label_Tbqq,label_QCD,0.39286649227142334,-1.9290598630905151,-0.945993185043335,-2.129652738571167,-1.1563832759857178,5.0,-1.0,1.0,0.0,0.0,0.0,0.0,1.5683224201202393,-0.6904971599578857,-0.14593753218650818,0.3158266544342041,-1.8757332563400269,1.9128248691558838,0.34791412582962233,1.5683224201202393,-0.6904971599578857,1.7135990024978744
1601,2,60,35.926448822021484,label_Tbqq,label_QCD,0.39286649227142334,-0.6619285941123962,-0.6627897620201111,-0.8625217080116272,-0.8731798529624939,-0.44823744893074036,0.0,0.0,0.0,1.0,0.0,0.0,-0.006104648113250732,-0.08772850036621094,-1.8290101289749146,1.0843955278396606,-1.9226828813552856,2.8666882514953613,2.1263094113255225,-0.006104648113250732,-0.08772850036621094,0.08794064194154423
1601,3,8,34.44813919067383,label_Tbqq,label_QCD,0.39286649227142334,1.033033013343811,1.0019060373306274,0.8324396014213562,0.7915159463882446,-0.3709586560726166,0.0,0.0,1.0,0.0,0.0,0.0,-0.07242763042449951,-0.07911396026611328,-20.701494216918945,12.033836364746094,-19.55692481994629,30.916637420654297,23.945042920542324,-0.07242763042449951,-0.07911396026611328,0.10726033916549042
1601,4,41,34.402687072753906,label_Tbqq,label_QCD,0.39286649227142334,0.06737212091684341,0.12423598766326904,-0.1332213431596756,-0.08615417033433914,0.6560477614402771,0.0,0.0,1.0,0.0,0.0,0.0,0.11147183179855347,0.3465237617492676,-5.996313095092773,0.6072129011154175,-6.445095539093018,8.824042320251465,6.026979197049055,0.11147183179855347,0.3465237617492676,0.36401193214150024
1601,5,61,32.36867904663086,label_Tbqq,label_QCD,0.39286649227142334,-0.6777722835540771,-0.706027090549469,-0.8783655762672424,-0.9164171814918518,-0.400188684463501,0.0,0.0,0.0,1.0,0.0,0.0,-0.06596153974533081,-0.07509756088256836,-1.8013249635696411,1.037458062171936,-1.715171217918396,2.6949775218963623,2.0787233714818134,-0.06596153974533081,-0.07509756088256836,0.09995283075574157
1601,6,77,32.06039047241211,label_Tbqq,label_QCD,0.39286649227142334,-1.0723880529403687,-1.0115079879760742,-1.2729814052581787,-1.221898078918457,-0.11311262845993042,0.0,0.0,0.0,1.0,0.0,0.0,0.11930704116821289,0.12350797653198242,-1.1214312314987183,0.37653571367263794,-1.2786327600479126,1.7419209480285645,1.1829569521549357,0.11930704116821289,0.12350797653198242,0.17172184001849725
1601,7,50,29.58039093017578,label_Tbqq,label_QCD,0.39286649227142334,-0.32798147201538086,-0.18306651711463928,-0.5285748243331909,-0.3934566080570221,1.1350724697113037,0.0,0.0,1.0,0.0,0.0,0.0,0.27573585510253906,0.397493839263916,-3.421937942504883,0.17106904089450836,-4.541149616241455,5.688669681549072,3.426211303919698,0.27573585510253906,0.397493839263916,0.48376814078843217
1601,8,39,28.931974411010742,label_Tbqq,label_QCD,0.39286649227142334,0.08746528625488281,0.17731346189975739,-0.11312808841466904,-0.03307652473449707,0.2566559910774231,0.0,0.0,0.0,1.0,0.0,0.0,0.1747448444366455,0.19810819625854492,-6.010685443878174,1.5305287837982178,-7.221027374267578,9.519144058227539,6.202488038141131,0.1747448444366455,0.19810819625854492,0.26416399845929345
1601,9,63,27.895978927612305,label_Tbqq,label_QCD,0.39286649227142334,-0.7255071401596069,-0.645094096660614,-0.9261003136634827,-0.8554841876029968,2.357793092727661,1.0,1.0,0.0,0.0,0.0,0.0,0.15538352727890015,0.7740054726600647,-1.8390783071517944,-0.6228724718093872,-2.2032735347747803,2.940080404281616,1.9416949132070789,0.15538352727890015,0.7740054726600647,0.7894482327913357
1601,10,66,27.752439498901367,label_Tbqq,label_QCD,0.39286649227142334,-0.8290337920188904,-0.8137515187263489,-1.0296269655227661,-1.024141550064087,-0.285117506980896,0.0,0.0,0.0,1.0,0.0,0.0,0.02781587839126587,-0.12567925453186035,-1.4071470499038696,0.9081501364707947,-1.5918455123901367,2.3105783462524414,1.674753561102375,0.02781587839126587,-0.12567925453186035,0.12872062037747423
1601,11,3,27.394840240478516,label_Tbqq,label_QCD,0.39286649227142334,1.3954429626464844,1.3844904899597168,1.1948497295379639,1.1741002798080444,-0.3965984284877777,0.0,0.0,0.0,1.0,0.0,0.0,-0.0277940034866333,-0.09694480895996094,-34.37588882446289,20.811552047729492,-35.16992950439453,53.4017448425293,40.184853254767354,-0.0277940034866333,-0.09694480895996094,0.10085039719355748
1601,12,74,27.39155387878418,label_Tbqq,label_QCD,0.39286649227142334,-0.9566382765769958,-0.834030270576477,-1.1572314500808716,-1.0444203615188599,0.2245381474494934,0.0,0.0,0.0,1.0,0.0,0.0,0.23543930053710938,0.10086250305175781,-1.312681794166565,0.4740873873233795,-1.757938027381897,2.2446019649505615,1.3956691382829456,0.23543930053710938,0.10086250305175781,0.2561345520605706
2053,1,44,69.52253723144531,label_QCD,label_QCD,0.5923488736152649,-0.8317113518714905,0.09894118458032608,-0.9894962906837463,0.11349024623632431,5.0,1.0,1.0,0.0,0.0,0.0,0.0,-2.372826099395752,0.7506948709487915,1.0393235683441162,-1.3050788640975952,8.331135749816895,8.510873794555664,1.6683597697228905,-2.372826099395752,0.7506948709487915,2.4887439577510744
2053,2,43,63.147830963134766,label_QCD,label_QCD,0.5923488736152649,-0.7537557482719421,0.01247107982635498,-0.9115405678749084,0.02702031098306179,5.0,1.0,1.0,0.0,0.0,0.0,0.0,-2.1334869861602783,-0.07471132278442383,-0.2840028405189514,-1.843145489692688,7.285693645477295,7.521878242492676,1.8648975600813391,-2.1334869861602783,-0.07471132278442383,2.1347947212477987
2053,3,19,46.287872314453125,label_QCD,label_QCD,0.5923488736152649,0.5701021552085876,0.3616783320903778,0.4123171865940094,0.37622755765914917,0.3685219883918762,-1.0,1.0,0.0,0.0,0.0,0.0,-0.12781864404678345,0.2626835107803345,2.267564535140991,-12.149791717529297,0.8185136914253235,12.387442588806152,12.35958282873547,-0.12781864404678345,0.2626835107803345,0.29213050611300495
2053,4,28,40.16218948364258,label_QCD,label_QCD,0.5923488736152649,0.24102136492729187,0.03244349732995033,0.08323655277490616,0.04699273034930229,0.30363112688064575,1.0,1.0,0.0,0.0,0.0,0.0,-0.12280070781707764,0.24707305431365967,1.298374891281128,-7.61396598815918,0.4726772904396057,7.739583969116211,7.723875673983501,-0.12280070781707764,0.24707305431365967,0.2759077889590214
2053,5,40,37.296146392822266,label_QCD,label_QCD,0.5923488736152649,-0.5737740397453308,-0.783770740032196,-0.7315590977668762,-0.7692215442657471,0.21962600946426392,0.0,0.0,0.0,1.0,0.0,0.0,-0.05857554450631142,0.2480851411819458,0.40780630707740784,-2.376948595046997,-0.007395150139927864,2.411689519882202,2.411677965149577,-0.05857554450631142,0.2480851411819458,0.25490651558851307
2053,6,52,36.33510971069336,label_QCD,label_QCD,0.5923488736152649,-1.2197396755218506,-1.427599549293518,-1.377524495124817,-1.4130502939224243,0.08685165643692017,0.0,0.0,0.0,1.0,0.0,0.0,-0.13987544178962708,0.172021746635437,0.08981381356716156,-0.9541870951652527,0.07505587488412857,0.9613391160964966,0.9584046815867396,-0.13987544178962708,0.172021746635437,0.2217129236904106
2053,7,4,33.55796432495117,label_QCD,label_QCD,0.5923488736152649,1.3601508140563965,1.1510695219039917,1.2023659944534302,1.1656187772750854,0.15215766429901123,0.0,0.0,1.0,0.0,0.0,0.0,-0.11288758367300034,0.20956897735595703,5.006111145019531,-37.87969207763672,1.9589053392410278,38.25924301147461,38.209059406021275,-0.11288758367300034,0.20956897735595703,0.238039414420281
2053,8,50,33.05453109741211,label_QCD,label_QCD,0.5923488736152649,-1.0076080560684204,-1.2174897193908691,-1.1653931140899658,-1.2029403448104858,1.6754908561706543,0.0,0.0,0.0,1.0,0.0,0.0,-0.08003292977809906,-0.6136759519577026,-0.8278548717498779,-0.999284029006958,0.02386654168367386,1.2978758811950684,1.297656448875582,-0.08003292977809906,-0.6136759519577026,0.6188727202422633
2053,9,25,32.403480529785156,label_QCD,label_QCD,0.5923488736152649,0.3301393985748291,0.12037358433008194,0.17235441505908966,0.13492263853549957,0.3235693573951721,-1.0,1.0,0.0,0.0,0.0,0.0,-0.0820402130484581,0.2686445713043213,1.6608432531356812,-8.613900184631348,0.17895740270614624,8.775487899780273,8.772552462212937,-0.0820402130484581,0.2686445713043213,0.2808923321280219
2053,10,8,32.099884033203125,label_QCD,label_QCD,0.5923488736152649,1.1250886917114258,0.9161894917488098,0.9673036932945251,0.9307387471199036,0.2341061234474182,1.0,1.0,0.0,0.0,0.0,0.0,-0.11750911176204681,0.2302771806716919,4.138054847717285,-26.995134353637695,1.5265517234802246,27.353439331054688,27.310451784869223,-0.11750911176204681,0.2302771806716919,0.25852653884119564
2053,11,47,31.92881965637207,label_QCD,label_QCD,0.5923488736152649,-0.9571784138679504,-1.1488428115844727,-1.114963412284851,-1.1342936754226685,0.24861973524093628,0.0,0.0,0.0,1.0,0.0,0.0,0.16824163496494293,-0.20104718208312988,-0.384357213973999,-1.3405811786651611,-0.3234250843524933,1.4316047430038452,1.3945925442670082,0.16824163496494293,-0.20104718208312988,0.2621549487597827
2053,12,48,30.756820678710938,label_QCD,label_QCD,0.5923488736152649,-0.9602727890014648,-1.1656378507614136,-1.1180576086044312,-1.1510887145996094,0.7483558058738708,0.0,0.0,0.0,1.0,0.0,0.0,0.05356237292289734,-0.383365273475647,-0.6183080077171326,-1.2431671619415283,-0.16030846536159515,1.39766526222229,1.3884413509172375,0.05356237292289734,-0.383365273475647,0.38708895708892177
709,1,41,68.98277282714844,label_Hgg,label_Hgg,0.2994091212749481,-2.295422077178955,-1.3240119218826294,-2.220437526702881,-1.26640784740448,5.0,-1.0,1.0,0.0,0.0,0.0,0.0,1.5392906665802002,-0.7327479720115662,-0.0030637867748737335,-0.2061224728822708,-1.0865098237991333,1.1146655082702637,0.20614524155678288,1.5392906665802002,-0.7327479720115662,1.7047977436364643
709,2,35,32.28696060180664,label_Hgg,label_Hgg,0.2994091212749481,-0.7136820554733276,-0.7168259024620056,-0.6386975049972534,-0.6592217087745667,-0.61848384141922,0.0,0.0,0.0,1.0,0.0,0.0,-0.017742037773132324,0.0417669415473938,1.359966516494751,-1.4318609237670898,-1.772710919380188,2.653721570968628,1.9747745772614178,-0.017742037773132324,0.0417669415473938,0.045379040432413996
709,3,32,32.04576873779297,label_Hgg,label_Hgg,0.2994091212749481,-0.6069064736366272,-0.6323593258857727,-0.5319220423698425,-0.5747551321983337,-0.5334417819976807,0.0,0.0,0.0,1.0,0.0,0.0,-0.06645607948303223,0.004941582679748535,1.5215908288955688,-1.7250001430511475,-1.9166420698165894,2.9940576553344727,2.300187849743056,-0.06645607948303223,0.004941582679748535,0.0666395508661027
709,4,20,27.635953903198242,label_Hgg,label_Hgg,0.2994091212749481,-0.10560046136379242,-0.09771660715341568,-0.030616188421845436,-0.04011239856481552,-0.7341689467430115,0.0,0.0,0.0,1.0,0.0,0.0,0.005617380142211914,-0.01546943187713623,3.0412986278533936,-3.593104839324951,-4.374690055847168,6.426337718963623,4.7074302682210085,0.005617380142211914,-0.01546943187713623,0.016457772700565386
709,5,39,27.582073211669922,label_Hgg,label_Hgg,0.2994091212749481,-0.9770255088806152,-0.9598821997642517,-0.9020410180091858,-0.9022780060768127,0.17267858982086182,0.0,0.0,0.0,1.0,0.0,0.0,0.024903476238250732,-0.24189108610153198,0.6211692094802856,-1.2049144506454468,-1.2957146167755127,1.8752456903457642,1.3556068826103613,0.024903476238250732,-0.24189108610153198,0.2431696540774113
709,6,34,27.46257972717285,label_Hgg,label_Hgg,0.2994091212749481,-0.711980402469635,-0.65311199426651,-0.6369958519935608,-0.5955076217651367,0.47642379999160767,0.0,0.0,0.0,1.0,0.0,0.0,0.10862153768539429,-0.30004996061325073,0.8032799959182739,-1.8092767000198364,-2.128277063369751,2.9065966606140137,1.979580998362313,0.10862153768539429,-0.30004996061325073,0.319105965649583
709,7,1,26.88475227355957,label_Hgg,label_Hgg,0.2994091212749481,1.9406059980392456,1.9060362577438354,2.0155904293060303,1.963640570640564,-0.29683321714401245,0.0,0.0,1.0,0.0,0.0,0.0,-0.08699780702590942,0.09085667133331299,63.34067916870117,-60.450416564941406,-70.63168334960938,112.4950180053711,87.55737833231005,-0.08699780702590942,0.09085667133331299,0.12579170542244442
709,8,36,26.6777400970459,label_Hgg,label_Hgg,0.2994091212749481,-0.8426505327224731,-0.45133599638938904,-0.7676661014556885,-0.39373162388801575,2.2770836353302,0.0,0.0,1.0,0.0,0.0,0.0,0.6790724396705627,-0.3614392876625061,0.5731399059295654,-1.5392481088638306,-3.5126264095306396,3.877669095993042,1.6424902107500763,0.6790724396705627,-0.3614392876625061,0.769270912608887
709,9,0,24.948156356811523,label_Hgg,label_Hgg,0.2994091212749481,2.16703462600708,2.1257221698760986,2.2420191764831543,2.1833267211914062,-0.19671553373336792,1.0,1.0,0.0,0.0,0.0,0.0,-0.10245579481124878,0.11067891120910645,89.16996002197266,-81.7859115600586,-95.21540069580078,153.96820068359375,120.99676483290753,-0.10245579481124878,0.11067891120910645,0.15082112344376028
709,10,21,24.83271598815918,label_Hgg,label_Hgg,0.2994091212749481,-0.20796169340610504,-0.20333541929721832,-0.13297733664512634,-0.14573097229003906,-0.7024117112159729,1.0,1.0,0.0,0.0,0.0,0.0,-0.023030102252960205,-0.008051812648773193,2.650510549545288,-3.084718942642212,-3.622027635574341,5.526312828063965,4.067025587372982,-0.023030102252960205,-0.008051812648773193,0.02439707557705937
709,11,28,24.40237808227539,label_Hgg,label_Hgg,0.2994091212749481,-0.40970587730407715,-0.45799580216407776,-0.33472126722335815,-0.4003913402557373,-0.27517199516296387,-1.0,1.0,0.0,0.0,0.0,0.0,-0.11979323625564575,0.05352437496185303,2.125370502471924,-2.1856801509857178,-2.332174062728882,3.840952157974243,3.0486714311632057,-0.11979323625564575,0.05352437496185303,0.13120700502510527
709,12,16,23.3064022064209,label_Hgg,label_Hgg,0.2994091212749481,0.036721885204315186,0.014463447965681553,0.11170616000890732,0.0720677375793457,-0.3486475348472595,1.0,1.0,0.0,0.0,0.0,0.0,-0.059616148471832275,0.09580373764038086,4.192894458770752,-3.9621214866638184,-4.858332633972168,7.543317794799805,5.768775486831983,-0.059616148471832275,0.09580373764038086,0.11283811990848872
401,1,39,68.77068328857422,label_Hcc,label_Hcc,0.8700016140937805,-1.6792807579040527,-0.8550361394882202,-1.7519252300262451,-0.9128663539886475,5.0,1.0,1.0,0.0,0.0,0.0,0.0,1.389700174331665,0.5577067136764526,-0.06868786364793777,-0.49232736229896545,2.116168737411499,2.1782455444335938,0.4970958200194148,1.389700174331665,0.5577067136764526,1.4974322532312603
401,2,6,40.89303970336914,label_Hcc,label_Hcc,0.8700016140937805,1.1632927656173706,1.139560580253601,1.0906482934951782,1.0817303657531738,-0.326205849647522,0.0,0.0,1.0,0.0,0.0,0.0,-0.0032858848571777344,-0.11840295791625977,-20.984050750732422,-19.78773307800293,24.177154541015625,37.63534927368164,28.842412629244546,-0.0032858848571777344,-0.11840295791625977,0.11844854360697818
401,3,27,37.83211898803711,label_Hcc,label_Hcc,0.8700016140937805,-0.28146103024482727,-0.31522783637046814,-0.35410556197166443,-0.37305793166160583,0.31729525327682495,0.0,0.0,0.0,1.0,0.0,0.0,-0.025835275650024414,0.27812647819519043,-1.4870609045028687,-3.346087694168091,2.962406635284424,4.70993709564209,3.6616462132166756,-0.025835275650024414,0.27812647819519043,0.2793238252300947
401,4,34,35.4339714050293,label_Hcc,label_Hcc,0.8700016140937805,-0.702623188495636,-0.7487646341323853,-0.7752677202224731,-0.8065949082374573,-0.21370893716812134,0.0,0.0,0.0,1.0,0.0,0.0,-0.05433690547943115,-0.13612890243530273,-1.4837759733200073,-1.3503073453903198,1.5502049922943115,2.5353612899780273,2.0062205925612435,-0.05433690547943115,-0.13612890243530273,0.14657277160278032
401,5,23,32.78740310668945,label_Hcc,label_Hcc,0.8700016140937805,-0.07205780595541,-0.045983027666807175,-0.1447022408246994,-0.10381311923265457,0.23283404111862183,0.0,0.0,0.0,1.0,0.0,0.0,0.1025804877281189,0.23695755004882812,-2.1896512508392334,-4.426527976989746,4.846395969390869,6.9192681312561035,4.938493953765131,0.1025804877281189,0.23695755004882812,0.25820851455302873
401,6,28,32.613704681396484,label_Hcc,label_Hcc,0.8700016140937805,-0.2820589244365692,-0.32815930247306824,-0.3547033667564392,-0.3859894573688507,0.40379077196121216,0.0,0.0,0.0,1.0,0.0,0.0,-0.05424094200134277,0.2960193157196045,-1.425736904144287,-3.369279623031616,2.8273792266845703,4.6237263679504395,3.658520315375467,-0.05424094200134277,0.2960193157196045,0.30094769490444
401,7,22,31.43460464477539,label_Hcc,label_Hcc,0.8700016140937805,0.09399472177028656,0.10793203860521317,0.02135028876364231,0.05010194703936577,0.20615142583847046,0.0,0.0,0.0,1.0,0.0,0.0,0.07759547233581543,0.23927021026611328,-2.762873649597168,-5.617990493774414,5.926594257354736,8.620893478393555,6.260614026737159,0.07759547233581543,0.23927021026611328,0.2515378517197926
401,8,36,30.50876808166504,label_Hcc,label_Hcc,0.8700016140937805,-0.7182130217552185,-0.7394694089889526,-0.7908575534820557,-0.7972996234893799,-0.5404410362243652,0.0,0.0,0.0,1.0,0.0,0.0,0.002206146717071533,-0.06485223770141602,-1.353365182876587,-1.4205553531646729,1.6587600708007812,2.5692527294158936,1.9620333406003543,0.002206146717071533,-0.06485223770141602,0.06488975125717628
401,9,12,29.5760555267334,label_Hcc,label_Hcc,0.8700016140937805,0.8637547492980957,0.8242892026901245,0.7911102175712585,0.7664589285850525,-0.3882483243942261,1.0,1.0,0.0,0.0,0.0,0.0,-0.03888791799545288,-0.09530973434448242,-13.377351760864258,-13.211432456970215,14.896706581115723,23.988056182861328,18.801475678759477,-0.03888791799545288,-0.09530973434448242,0.10293792122846118
401,10,31,29.353023529052734,label_Hcc,label_Hcc,0.8700016140937805,-0.598593533039093,-0.6729045510292053,-0.6712380051612854,-0.730734646320343,-0.05383026599884033,0.0,0.0,0.0,1.0,0.0,0.0,-0.12260591983795166,-0.14059114456176758,-1.7284873723983765,-1.5589628219604492,1.6018038988113403,2.825563430786133,2.327667002987225,-0.12260591983795166,-0.14059114456176758,0.18654243889393657
401,11,35,28.411865234375,label_Hcc,label_Hcc,0.8700016140937805,-0.7096795439720154,-0.7682558298110962,-0.782323956489563,-0.8260859847068787,-0.37024807929992676,0.0,0.0,0.0,1.0,0.0,0.0,-0.08384090662002563,-0.0671834945678711,-1.373313307762146,-1.4347813129425049,1.4612607955932617,2.4657392501831055,1.9860984006956013,-0.08384090662002563,-0.0671834945678711,0.1074379800872067
401,12,38,28.174327850341797,label_Hcc,label_Hcc,0.8700016140937805,-1.0418235063552856,-1.0687010288238525,-1.1144680976867676,-1.1265311241149902,-0.21767306327819824,0.0,0.0,0.0,1.0,0.0,0.0,-0.010302960872650146,0.145216703414917,-0.6470834016799927,-1.0527911186218262,1.024580717086792,1.6052576303482056,1.2357532391941146,-0.010302960872650146,0.145216703414917,0.14558173633199778
1487,1,38,68.68572998046875,label_Tbl,label_Tbl,0.997191846370697,-1.5682833194732666,-0.8954231142997742,-1.52217698097229,-0.7752824425697327,5.0,1.0,1.0,0.0,0.0,0.0,0.0,1.3671791553497314,-0.7764182090759277,0.30747732520103455,-0.4947507977485657,1.9669413566589355,2.0561270713806152,0.5825123667233383,1.3671791553497314,-0.7764182090759277,1.5722608174878225
1487,2,37,32.016632080078125,label_Tbl,label_Tbl,0.997191846370697,-1.1965488195419312,-1.4029204845428467,-1.1504422426223755,-1.2827796936035156,2.2843246459960938,0.0,0.0,0.0,1.0,0.0,0.0,-0.6659967303276062,-0.38860589265823364,0.8022968769073486,-0.5811908841133118,-0.10113148391246796,0.9958366751670837,0.9906882064866314,-0.6659967303276062,-0.38860589265823364,0.7710811790050155
1487,3,22,30.99956703186035,label_Tbl,label_Tbl,0.997191846370697,-0.35002604126930237,-0.4716757535934448,-0.3039194941520691,-0.3515350818634033,-0.13841593265533447,0.0,0.0,0.0,1.0,0.0,0.0,-0.05103534460067749,-0.15732525289058685,3.0635247230529785,-1.2795213460922241,1.7790591716766357,3.766617774963379,3.319993765636087,-0.05103534460067749,-0.15732525289058685,0.1653960144489492
1487,4,11,30.2979793548584,label_Tbl,label_Tbl,0.997191846370697,0.27093443274497986,0.1307673454284668,0.31704095005989075,0.2509082853794098,-0.19773763418197632,0.0,0.0,1.0,0.0,0.0,0.0,-0.10994893312454224,-0.10286511480808258,7.596456527709961,-2.6972343921661377,3.788026809692383,8.906760215759277,8.061093297045451,-0.10994893312454224,-0.10286511480808258,0.1505655994565328
1487,5,1,27.6456241607666,label_Tbl,label_Tbl,0.997191846370697,2.1206467151641846,1.999613881111145,2.1667532920837402,2.1197543144226074,-0.3000054955482483,0.0,0.0,1.0,0.0,0.0,0.0,-0.04917311668395996,-0.1149202436208725,106.2469253540039,-39.17311096191406,60.91954040527344,128.58511352539062,113.23842885528617,-0.04917311668395996,-0.1149202436208725,0.1249986311856855
1487,6,35,27.164581298828125,label_Tbl,label_Tbl,0.997191846370697,-1.0830745697021484,-0.7874398827552795,-1.0369679927825928,-0.6672993302345276,2.4130964279174805,-1.0,1.0,0.0,0.0,0.0,0.0,0.7615786194801331,0.25543543696403503,1.1648637056350708,0.019945334643125534,2.0382747650146484,2.399080991744995,1.1650344497395324,0.7615786194801331,0.25543543696403503,0.8032740852948468
1487,7,9,27.089614868164062,label_Tbl,label_Tbl,0.997191846370697,0.4801076054573059,0.5276674628257751,0.5262141227722168,0.6478081941604614,2.127229928970337,0.0,0.0,1.0,0.0,0.0,0.0,0.34719085693359375,0.6442054510116577,9.985440254211426,4.291287422180176,11.33312702178955,15.702354431152344,10.8684941371925,0.34719085693359375,0.6442054510116577,0.7318074570892377
1487,8,33,27.015077590942383,label_Tbl,label_Tbl,0.997191846370697,-1.0188096761703491,-0.8347724080085754,-0.9727031588554382,-0.7146314978599548,1.6071062088012695,0.0,0.0,0.0,1.0,0.0,0.0,0.5987306237220764,0.06046997010707855,1.2569135427474976,-0.22592230141162872,1.8430119752883911,2.2422235012054443,1.277056200884359,0.5987306237220764,0.06046997010707855,0.6017765175439946
1487,9,34,26.670297622680664,label_Tbl,label_Tbl,0.997191846370697,-1.0510265827178955,-0.8559373021125793,-1.0049201250076294,-0.7357965111732483,1.8585984706878662,0.0,0.0,0.0,1.0,0.0,0.0,0.6178675293922424,-0.24494649469852448,1.0799480676651,-0.566716730594635,1.8014154434204102,2.175443172454834,1.2196129228527615,0.6178675293922424,-0.24494649469852448,0.6646495837224062
1487,10,10,26.071250915527344,label_Tbl,label_Tbl,0.997191846370697,0.36261776089668274,0.23378388583660126,0.408724308013916,0.3539246618747711,-0.17839014530181885,0.0,0.0,0.0,1.0,0.0,0.0,-0.07317012548446655,-0.13709871470928192,8.549200057983398,-3.369274377822876,4.694552898406982,10.31889820098877,9.18916924778715,-0.07317012548446655,-0.13709871470928192,0.15540246085036638
1487,11,32,25.5318660736084,label_Tbl,label_Tbl,0.997191846370697,-0.9783042669296265,-0.7940738201141357,-0.9321978688240051,-0.6739329695701599,1.6792569160461426,0.0,0.0,0.0,1.0,0.0,0.0,0.5990663170814514,-0.15902592241764069,1.247714877128601,-0.5236184000968933,1.953601360321045,2.3764524459838867,1.3531328994330418,0.5990663170814514,-0.15902592241764069,0.6198142433522447
1487,12,31,24.96658706665039,label_Tbl,label_Tbl,0.997191846370697,-0.8930208683013916,-0.6586501002311707,-0.8469142317771912,-0.5385093092918396,1.9445397853851318,0.0,0.0,0.0,1.0,0.0,0.0,0.6848155856132507,0.04252946376800537,1.4992519617080688,-0.2973402738571167,2.445303440093994,2.8836915493011475,1.5284527088343027,0.6848155856132507,0.04252946376800537,0.6861349295781506
747,1,54,68.6409683227539,label_Hgg,label_Hgg,0.5892381072044373,-1.4436758756637573,-0.4560607373714447,-1.4940671920776367,-0.4441700279712677,5.0,1.0,1.0,0.0,0.0,0.0,0.0,1.7468318939208984,0.6560558080673218,0.34506291151046753,-0.6044492125511169,3.7856037616729736,3.8515846729278564,0.6960080915145643,1.7468318939208984,0.6560558080673218,1.8659664758291183
747,2,42,37.92607116699219,label_Hgg,label_Hgg,0.5892381072044373,-0.658352792263031,-0.7405919432640076,-0.7087441682815552,-0.7287012338638306,-0.6702428460121155,0.0,0.0,0.0,1.0,0.0,0.0,-0.025547146797180176,-0.019991278648376465,-0.3348408639431,-2.1108057498931885,1.4185569286346436,2.565135955810547,2.137198942061386,-0.025547146797180176,-0.019991278648376465,0.032439296100157694
747,3,39,36.61808776855469,label_Hgg,label_Hgg,0.5892381072044373,-0.5758416056632996,-0.6686977744102478,-0.626232922077179,-0.6568070650100708,-0.5381742715835571,0.0,0.0,0.0,1.0,0.0,0.0,-0.05346781015396118,-0.03775894641876221,-0.41886410117149353,-2.367802143096924,1.5160517692565918,2.842595100402832,2.4045652671750437,-0.05346781015396118,-0.03775894641876221,0.06545643404062727
747,4,37,34.074798583984375,label_Hgg,label_Hgg,0.5892381072044373,-0.48198023438453674,-0.5871679782867432,-0.5323716402053833,-0.5752775073051453,-0.44263115525245667,0.0,0.0,0.0,1.0,0.0,0.0,-0.08727467060089111,-0.019109249114990234,-0.42839255928993225,-2.716026544570923,1.6246757507324219,3.1937270164489746,2.7496036761084035,-0.08727467060089111,-0.019109249114990234,0.0893422158345807
747,5,24,33.29873275756836,label_Hgg,label_Hgg,0.5892381072044373,-0.14150948822498322,-0.24552614986896515,-0.19190092384815216,-0.23363551497459412,-0.4258878529071808,0.0,0.0,0.0,1.0,0.0,0.0,-0.08399403095245361,-0.041139960289001465,-0.7938921451568604,-4.401003837585449,2.6594748497009277,5.203067302703857,4.472035276759746,-0.08399403095245361,-0.041139960289001465,0.09352803626839576
747,6,43,31.976646423339844,label_Hgg,label_Hgg,0.5892381072044373,-0.7174797654151917,-0.8367212414741516,-0.7678713798522949,-0.8248305916786194,-0.23686271905899048,0.0,0.0,0.0,1.0,0.0,0.0,-0.12796348333358765,-0.05869901180267334,-0.3825567066669464,-1.9264731407165527,1.0686445236206055,2.235989570617676,1.964089711728606,-0.12796348333358765,-0.05869901180267334,0.14078432815294373
747,7,20,30.890304565429688,label_Hgg,label_Hgg,0.5892381072044373,-0.008990776725113392,-0.08734045177698135,-0.05938220024108887,-0.07544998824596405,-0.7075634002685547,0.0,0.0,0.0,1.0,0.0,0.0,-0.015562057495117188,0.01708376407623291,-0.6482545733451843,-5.365067958831787,3.6518871784210205,6.522305488586426,5.404089950652786,-0.015562057495117188,0.01708376407623291,0.023109145992306145
747,8,32,30.684410095214844,label_Hgg,label_Hgg,0.5892381072044373,-0.3554017245769501,-0.4607768952846527,-0.4057929813861847,-0.4488864243030548,-0.44868797063827515,0.0,0.0,0.0,1.0,0.0,0.0,-0.08780139684677124,-0.002161860466003418,-0.4580790400505066,-3.262594223022461,1.9446829557418823,3.8257222175598145,3.2945951907682267,-0.08780139684677124,-0.002161860466003418,0.08782800765654815
747,9,22,29.838441848754883,label_Hgg,label_Hgg,0.5892381072044373,-0.061969708651304245,-0.15495598316192627,-0.11236105114221573,-0.14306534826755524,-0.4664601981639862,0.0,0.0,0.0,1.0,0.0,0.0,-0.05381649732589722,-0.06369328498840332,-1.0003914833068848,-4.909289836883545,3.1567983627319336,5.9217634201049805,5.01018061774234,-0.05381649732589722,-0.06369328498840332,0.08338495030305089
747,10,1,28.314010620117188,label_Hgg,label_Hgg,0.5892381072044373,2.1858317852020264,2.0843210220336914,2.1354403495788574,2.0962114334106445,-0.48765742778778076,0.0,0.0,1.0,0.0,0.0,0.0,-0.07702583074569702,0.012821435928344727,-15.435162544250488,-123.32779693603516,74.92344665527344,145.1258544921875,124.28994223131393,-0.07702583074569702,0.012821435928344727,0.0780856441436543
747,11,21,28.10470199584961,label_Hgg,label_Hgg,0.5892381072044373,-0.03586221858859062,-0.12890055775642395,-0.08625364303588867,-0.11701001971960068,-0.580243706703186,-1.0,1.0,0.0,0.0,0.0,0.0,-0.05444014072418213,-0.007387399673461914,-0.7499868273735046,-5.146207809448242,3.272925853729248,6.146337032318115,5.200570647463588,-0.05444014072418213,-0.007387399673461914,0.05493908077138003
747,12,38,27.62890625,label_Hgg,label_Hgg,0.5892381072044373,-0.48532718420028687,-0.6043669581413269,-0.5357185006141663,-0.592476487159729,-0.286901593208313,0.0,0.0,0.0,1.0,0.0,0.0,-0.12736088037490845,-0.015283346176147461,-0.41600435972213745,-2.7046828269958496,1.490777611732483,3.11621356010437,2.7364884107107206,-0.12736088037490845,-0.015283346176147461,0.12827460590550144
1771,1,56,68.31487274169922,label_Tbqq,label_Tbqq,0.99489825963974,-1.7727361917495728,-0.906931459903717,-1.8676655292510986,-0.9733350276947021,5.0,1.0,1.0,0.0,0.0,0.0,0.0,1.495304822921753,0.7131432294845581,-0.0711050033569336,0.42911797761917114,1.9703377485275269,2.022599458694458,0.43496914858223795,1.495304822921753,0.7131432294845581,1.6566562042900512
1771,2,53,35.37528610229492,label_Tbqq,label_Tbqq,0.99489825963974,-1.0844190120697021,-1.165671706199646,-1.179348349571228,-1.2320752143859863,-0.25161123275756836,0.0,0.0,0.0,1.0,0.0,0.0,-0.09523683786392212,0.09861838817596436,0.5061088800430298,1.0468788146972656,0.7753564119338989,1.3975975513458252,1.1627989727895196,-0.09523683786392212,0.09861838817596436,0.13709719826730296
1771,3,22,33.38323974609375,label_Tbqq,label_Tbqq,0.99489825963974,0.17335151135921478,0.10980107635259628,0.07842235267162323,0.04339751973748207,-0.4806080162525177,0.0,0.0,0.0,1.0,0.0,0.0,-0.05086159706115723,0.061553239822387695,3.28389048576355,6.195674419403076,5.054442405700684,8.643940925598145,7.012155034918581,-0.05086159706115723,0.061553239822387695,0.07984800177990613
1771,4,35,32.13425827026367,label_Tbqq,label_Tbqq,0.99489825963974,-0.3678548038005829,-0.43964657187461853,-0.46278396248817444,-0.5060499310493469,-0.4665445387363434,0.0,0.0,0.0,1.0,0.0,0.0,-0.07123130559921265,0.04330861568450928,1.5676175355911255,2.8315231800079346,2.2521185874938965,3.9429666996002197,3.2365024728578597,-0.07123130559921265,0.04330861568450928,0.08336387161041015
1771,5,46,30.9381103515625,label_Tbqq,label_Tbqq,0.99489825963974,-0.7453097701072693,-0.3722389042377472,-0.8402391672134399,-0.4386422038078308,2.3152995109558105,0.0,0.0,1.0,0.0,0.0,0.0,0.7546051144599915,0.19271564483642578,0.6582464575767517,1.769039511680603,3.909759759902954,4.3415446281433105,1.8875352163070995,0.7546051144599915,0.19271564483642578,0.7788248830988236
1771,6,40,30.718280792236328,label_Tbqq,label_Tbqq,0.99489825963974,-0.478851318359375,-0.5575711727142334,-0.5737804770469666,-0.6239745616912842,-0.44490787386894226,0.0,0.0,0.0,1.0,0.0,0.0,-0.08874106407165527,0.0023823976516723633,1.4354952573776245,2.3595690727233887,1.863256812095642,3.3316569328308105,2.761921947287136,-0.08874106407165527,0.0023823976516723633,0.08877303797403985
1771,7,44,30.085323333740234,label_Tbqq,label_Tbqq,0.99489825963974,-0.6150510907173157,-0.731741189956665,-0.7099805474281311,-0.7981444001197815,0.036612510681152344,0.0,0.0,0.0,1.0,0.0,0.0,-0.19261741638183594,0.08150804042816162,1.02445387840271,2.0296945571899414,1.2566907405853271,2.597775459289551,2.2735799401958197,-0.19261741638183594,0.08150804042816162,0.2091531251214105
1771,8,20,29.78461456298828,label_Tbqq,label_Tbqq,0.99489825963974,0.2464914470911026,0.18036310374736786,0.15156221389770508,0.1139598861336708,-0.47756820917129517,0.0,0.0,0.0,1.0,0.0,0.0,-0.0571819543838501,0.05681431293487549,3.6781301498413086,6.860709190368652,5.550597667694092,9.560707092285156,7.78446992376363,-0.0571819543838501,0.05681431293487549,0.0806079528422517
1771,9,51,29.508398056030273,label_Tbqq,label_Tbqq,0.99489825963974,-0.9815140962600708,-1.0138962268829346,-1.0764435529708862,-1.0802993774414062,0.8578258156776428,0.0,0.0,0.0,1.0,0.0,0.0,0.022355318069458008,-0.41385310888290405,1.1055532693862915,0.7694190144538879,1.0951721668243408,1.7359883785247803,1.3469423340492013,0.022355318069458008,-0.41385310888290405,0.4144564584827114
1771,10,17,29.249162673950195,label_Tbqq,label_Tbqq,0.99489825963974,0.45556098222732544,0.4542602300643921,0.3606317341327667,0.38785699009895325,0.9136081337928772,0.0,0.0,1.0,0.0,0.0,0.0,0.09058040380477905,-0.4187164902687073,8.642375946044922,5.952554702758789,9.475772857666016,14.13908863067627,10.493977772137296,0.09058040380477905,-0.4187164902687073,0.42840204105067153
1771,11,54,27.433317184448242,label_Tbqq,label_Tbqq,0.99489825963974,-1.1126292943954468,-1.1054670810699463,-1.2075586318969727,-1.1718705892562866,0.7055179476737976,0.0,0.0,0.0,1.0,0.0,0.0,0.10848945379257202,0.36040472984313965,0.20931842923164368,1.0970793962478638,1.0356154441833496,1.523120641708374,1.116869467076426,0.10848945379257202,0.36040472984313965,0.3763795037957262
1771,12,32,27.35256576538086,label_Tbqq,label_Tbqq,0.99489825963974,-0.2553349435329437,-0.31048181653022766,-0.3502643406391144,-0.3768851161003113,0.2519373297691345,-1.0,1.0,0.0,0.0,0.0,0.0,-0.039718568325042725,0.2599676847457886,1.0831114053726196,3.6433022022247314,2.7921078205108643,4.741979122161865,3.8008921654243006,-0.039718568325042725,0.2599676847457886,0.262984337521984
1737,1,72,67.9469985961914,label_Tbqq,label_Tbqq,0.9822030067443848,-1.5659804344177246,-0.5136010050773621,-1.7785860300064087,-0.6975296139717102,5.0,-1.0,1.0,0.0,0.0,0.0,0.0,1.7694718837738037,0.01536107063293457,0.3829912543296814,-0.4414505064487457,-3.4963908195495605,3.5476458072662354,0.5844320752122327,1.7694718837738037,0.01536107063293457,1.769538558482692
1737,2,43,45.94820022583008,label_Tbqq,label_Tbqq,0.9822030067443848,-0.40288472175598145,0.13632003962993622,-0.615490734577179,-0.04760856553912163,5.0,-1.0,1.0,0.0,0.0,0.0,0.0,-2.451960802078247,0.18312722444534302,2.3773906230926514,-1.9558444023132324,8.432210922241211,8.977692604064941,3.0785245655717723,-2.451960802078247,0.18312722444534302,2.4587898151857663
1737,3,67,33.69436264038086,label_Tbqq,label_Tbqq,0.9822030067443848,-1.0883920192718506,-1.0735547542572021,-1.3009977340698242,-1.2574833631515503,0.09092950820922852,0.0,0.0,0.0,1.0,0.0,0.0,0.1255742311477661,-0.1839587688446045,0.5697686076164246,-1.0060834884643555,-1.0975075960159302,1.594165325164795,1.1562180814992327,0.1255742311477661,-0.1839587688446045,0.22273238687531552
1737,4,70,31.861894607543945,label_Tbqq,label_Tbqq,0.9822030067443848,-1.1213068962097168,-1.1565090417861938,-1.33391273021698,-1.3404375314712524,-0.2639636993408203,0.0,0.0,0.0,1.0,0.0,0.0,0.017009437084197998,0.13292521238327026,0.815635085105896,-0.7426912188529968,-0.8878275156021118,1.4160114526748657,1.103109622212159,0.017009437084197998,0.13292521238327026,0.13400907818897492
1737,5,19,30.123523712158203,label_Tbqq,label_Tbqq,0.9822030067443848,0.29102519154548645,0.13954190909862518,0.07841935008764267,-0.04438652843236923,1.318354606628418,0.0,0.0,1.0,0.0,0.0,0.0,-0.3048247694969177,-0.4330657720565796,2.1822118759155273,-8.003647804260254,-3.538914442062378,9.019109725952148,8.295807787432562,-0.3048247694969177,-0.4330657720565796,0.5295886167826971
1737,6,8,29.630292892456055,label_Tbqq,label_Tbqq,0.9822030067443848,0.7198821306228638,0.6748936176300049,0.5072762966156006,0.4909651577472687,-0.2608882784843445,0.0,0.0,1.0,0.0,0.0,0.0,-0.005536437034606934,0.13466417789459229,11.336894989013672,-10.28701114654541,-11.880892753601074,19.377910614013672,15.30842207156155,-0.005536437034606934,0.13466417789459229,0.1347779393783143
1737,7,66,29.474470138549805,label_Tbqq,label_Tbqq,0.9822030067443848,-1.0698893070220947,-1.200531244277954,-1.2824952602386475,-1.3844598531723022,0.1831960678100586,0.0,0.0,0.0,1.0,0.0,0.0,-0.23421916365623474,0.07455563545227051,0.8296785354614258,-0.849144697189331,-0.5989120006561279,1.3297024965286255,1.1871870909718387,-0.23421916365623474,0.07455563545227051,0.24579902237705895
1737,8,61,28.22983169555664,label_Tbqq,label_Tbqq,0.9822030067443848,-0.8873991370201111,-0.8490318655967712,-1.1000051498413086,-1.0329605340957642,0.45844656229019165,0.0,0.0,0.0,1.0,0.0,0.0,0.17354053258895874,-0.26241981983184814,0.6518528461456299,-1.3960953950881958,-1.5661604404449463,2.197010040283203,1.540777234130432,0.17354053258895874,-0.26241981983184814,0.31461163089091143
1737,9,68,28.14441680908203,label_Tbqq,label_Tbqq,0.9822030067443848,-1.1073557138442993,-1.242199420928955,-1.3199617862701416,-1.4261280298233032,0.25551146268844604,0.0,0.0,0.0,1.0,0.0,0.0,-0.24770763516426086,0.0909530520439148,0.799530565738678,-0.7918872237205505,-0.5507491230964661,1.252860426902771,1.1253152894376988,-0.24770763516426086,0.0909530520439148,0.2638778698465895
1737,10,71,27.98076820373535,label_Tbqq,label_Tbqq,0.9822030067443848,-1.2764731645584106,-1.3890448808670044,-1.4890791177749634,-1.5729732513427734,-0.07109051942825317,0.0,0.0,0.0,1.0,0.0,0.0,-0.1795099973678589,-0.031352460384368896,0.5473636388778687,-0.6938891410827637,-0.5007058382034302,1.0157732963562012,0.8837924492086348,-0.1795099973678589,-0.031352460384368896,0.1822273742530527
1737,11,64,27.74739646911621,label_Tbqq,label_Tbqq,0.9822030067443848,-1.0087344646453857,-1.105705738067627,-1.221340298652649,-1.289634346961975,-0.13582974672317505,0.0,0.0,0.0,1.0,0.0,0.0,-0.1357472538948059,0.09561806917190552,0.9247387051582336,-0.9073919057846069,-0.7998836636543274,1.52260160446167,1.2955700457718013,-0.1357472538948059,0.09561806917190552,0.16604256108644014
1737,12,34,27.73089599609375,label_Tbqq,label_Tbqq,0.9822030067443848,-0.2181997448205948,-0.2174505740404129,-0.43080559372901917,-0.4013790190219879,0.18401741981506348,0.0,0.0,0.0,1.0,0.0,0.0,0.09600216150283813,-0.22649884223937988,1.8249735832214355,-3.568380117416382,-3.6426799297332764,5.4159932136535645,4.007975204742245,0.09600216150283813,-0.22649884223937988,0.2460043506708703
2270,1,40,67.92430114746094,label_QCD,label_QCD,0.9658820033073425,-1.8669439554214478,-0.9258168339729309,-2.0400502681732178,-0.9455433487892151,5.0,-1.0,1.0,0.0,0.0,0.0,0.0,2.08050274848938,-0.03273570537567139,0.2573181986808777,0.2798892855644226,-1.9266526699066162,1.9687612056732178,0.3801981950853193,2.08050274848938,-0.03273570537567139,2.080760272803743
2270,2,30,37.20595169067383,label_QCD,label_QCD,0.9658820033073425,-0.6337812542915344,-0.8371357917785645,-0.8068876266479492,-0.8568623661994934,1.4590938091278076,0.0,0.0,0.0,1.0,0.0,0.0,-0.3830980062484741,0.4149758219718933,0.6450409889221191,2.1174826622009277,0.30646416544914246,2.234665632247925,2.213551603670254,-0.3830980062484741,0.4149758219718933,0.564773419357537
2270,3,31,36.663055419921875,label_QCD,label_QCD,0.9658820033073425,-0.6655431985855103,-0.768253743648529,-0.8386496901512146,-0.787980318069458,0.8765307068824768,0.0,0.0,0.0,1.0,0.0,0.0,0.3228200674057007,-0.2673189043998718,1.7544277906417847,1.1818300485610962,-1.2669521570205688,2.4657466411590576,2.1153579215485347,0.3228200674057007,-0.2673189043998718,0.41913266702724206
2270,4,18,32.82182312011719,label_QCD,label_QCD,0.9658820033073425,-0.115493044257164,-0.3249911665916443,-0.28859972953796387,-0.3447178304195404,1.122187614440918,0.0,0.0,0.0,1.0,0.0,0.0,-0.28295761346817017,0.3884074091911316,1.46999192237854,4.402437210083008,0.17581143975257874,4.644700527191162,4.641371525808036,-0.28295761346817017,0.3884074091911316,0.4805469035735945
2270,5,26,32.716880798339844,label_QCD,label_QCD,0.9658820033073425,-0.47659409046173096,-0.6818228363990784,-0.6497007608413696,-0.7015494108200073,1.0484857559204102,0.0,0.0,0.0,1.0,0.0,0.0,-0.36197733879089355,0.2872779965400696,1.1384191513061523,2.5261764526367188,0.32462143898010254,2.789793014526367,2.7708420442018804,-0.36197733879089355,0.2872779965400696,0.4621214570805099
2270,6,34,32.413818359375,label_QCD,label_QCD,0.9658820033073425,-0.9634068608283997,-1.1733890771865845,-1.136513352394104,-1.1931157112121582,0.8427925705909729,0.0,0.0,0.0,1.0,0.0,0.0,-0.23795484006404877,0.3347393870353699,0.5074747800827026,1.2857111692428589,-0.009859061799943447,1.3822739124298096,1.3822387142370982,-0.23795484006404877,0.3347393870353699,0.4106981411483648
2270,7,20,31.6729679107666,label_QCD,label_QCD,0.9658820033073425,-0.20523975789546967,-0.41033172607421875,-0.37834611535072327,-0.43005824089050293,1.1847007274627686,1.0,1.0,0.0,0.0,0.0,0.0,-0.35865384340286255,0.3428662419319153,1.4680713415145874,3.8098034858703613,0.46467429399490356,4.111598014831543,4.082871056588292,-0.35865384340286255,0.3428662419319153,0.4961752102273548
2270,8,27,31.634538650512695,label_QCD,label_QCD,0.9658820033073425,-0.48311367630958557,-0.6900771856307983,-0.6562202572822571,-0.7098036408424377,0.8746797442436218,0.0,0.0,0.0,1.0,0.0,0.0,-0.3382965624332428,0.24665755033493042,1.2285703420639038,2.4548916816711426,0.25624412298202515,2.7570888996124268,2.7451554152974995,-0.3382965624332428,0.24665755033493042,0.41866993120043583
2270,9,8,31.299049377441406,label_QCD,label_QCD,0.9658820033073425,0.626731276512146,0.41809001564979553,0.4536248743534088,0.3983635902404785,1.0207695960998535,1.0,1.0,0.0,0.0,0.0,0.0,-0.2953902781009674,0.34633034467697144,4.775235176086426,12.521355628967285,0.6743930578231812,13.42705249786377,13.401015550099324,-0.2953902781009674,0.34633034467697144,0.4551924033204384
2270,10,24,31.200523376464844,label_QCD,label_QCD,0.9658820033073425,-0.3704393804073334,-0.5782268643379211,-0.5435457825660706,-0.5979532599449158,0.9817017912864685,-1.0,1.0,0.0,0.0,0.0,0.0,-0.17829379439353943,0.4081851840019226,0.9605832695960999,3.078174352645874,-0.2155413031578064,3.2347822189331055,3.2245740126588474,-0.17829379439353943,0.4081851840019226,0.44542543883115737
2270,11,17,29.481252670288086,label_QCD,label_QCD,0.9658820033073425,-0.047719549387693405,-0.21496102213859558,-0.2208261489868164,-0.23468761146068573,-0.1818949580192566,0.0,0.0,1.0,0.0,0.0,0.0,0.10800553858280182,0.11051321029663086,2.8878092765808105,4.219665050506592,-1.8431921005249023,5.4352898597717285,5.113219685909552,0.10800553858280182,0.11051321029663086,0.1545262631872927
2270,12,38,29.276691436767578,label_QCD,label_QCD,0.9658820033073425,-1.1870968341827393,-1.3843635320663452,-1.3602033853530884,-1.4040898084640503,0.6053928732872009,0.0,0.0,0.0,1.0,0.0,0.0,-0.053770676255226135,-0.34720927476882935,0.8749387264251709,0.4927590787410736,-0.1932859867811203,1.0225892066955566,1.0041560061465806,-0.053770676255226135,-0.34720927476882935,0.3513482120495859
1651,1,79,67.88895416259766,label_Tbqq,label_Tbqq,0.8105021119117737,-2.5146281719207764,-1.4510513544082642,-2.623265027999878,-1.4155937433242798,5.0,1.0,1.0,0.0,0.0,0.0,0.0,2.1591732501983643,-0.40229129791259766,-0.135054811835289,0.06691012531518936,0.9066867828369141,0.9296652674674988,0.15072082493656827,2.1591732501983643,-0.40229129791259766,2.196330442521883
1651,2,57,32.79000473022461,label_Tbqq,label_Tbqq,0.8105021119117737,-0.3173801004886627,-0.47712215781211853,-0.42601707577705383,-0.4416646361351013,-0.6027480363845825,0.0,0.0,0.0,1.0,0.0,0.0,0.04830890893936157,0.009900569915771484,-3.4745237827301025,0.16618302464485168,1.3669004440307617,3.7374253273010254,3.478495697056015,0.04830890893936157,0.009900569915771484,0.04931299998548667
1651,3,53,32.352928161621094,label_Tbqq,label_Tbqq,0.8105021119117737,-0.2182234525680542,-0.38087186217308044,-0.32686060667037964,-0.3454144299030304,-0.6045733690261841,0.0,0.0,0.0,1.0,0.0,0.0,0.03679892420768738,0.032137393951416016,-4.006530284881592,0.10241223871707916,1.5254491567611694,4.288329601287842,4.007838967612398,0.03679892420768738,0.032137393951416016,0.04885665679138955
1651,4,58,31.801652908325195,label_Tbqq,label_Tbqq,0.8105021119117737,-0.3555682897567749,-0.5206776261329651,-0.46420520544052124,-0.4852200448513031,-0.6921766996383667,0.0,0.0,0.0,1.0,0.0,0.0,0.02679300308227539,-0.0029582977294921875,-3.287754535675049,0.19965197145938873,1.218476414680481,3.5119619369506836,3.293810983732897,0.02679300308227539,-0.0029582977294921875,0.026955825708427802
1651,5,35,28.324058532714844,label_Tbqq,label_Tbqq,0.8105021119117737,0.07343809306621552,-0.10686943680047989,-0.03519873693585396,-0.0714118480682373,1.0039334297180176,0.0,0.0,1.0,0.0,0.0,0.0,-0.041850775480270386,-0.4490373134613037,-5.315467834472656,2.9504783153533936,1.8089560270309448,6.342857837677002,6.079434232614416,-0.041850775480270386,-0.4490373134613037,0.45098336586712945
1651,6,68,28.067949295043945,label_Tbqq,label_Tbqq,0.8105021119117737,-0.658486008644104,-0.816847026348114,-0.7671230435371399,-0.7813893556594849,-0.4374813437461853,0.0,0.0,0.0,1.0,0.0,0.0,0.05366918444633484,0.07302982360124588,-2.1365408897399902,-0.032769981771707535,0.8519867062568665,2.3003830909729004,2.1367921857860366,0.05366918444633484,0.07302982360124588,0.09062966674529814
1651,7,69,27.8812255859375,label_Tbqq,label_Tbqq,0.8105021119117737,-0.7082098126411438,-0.9077383875846863,-0.8168467879295349,-0.8722809553146362,1.3024883270263672,0.0,0.0,0.0,1.0,0.0,0.0,-0.5085799098014832,0.13275939226150513,-1.9846680164337158,-0.14926202595233917,-0.3468460440635681,2.0202693939208984,1.990272917930186,-0.5085799098014832,0.13275939226150513,0.5256220894210297
1651,8,70,27.74338722229004,label_Tbqq,label_Tbqq,0.8105021119117737,-0.7147773504257202,-0.9094290137290955,-0.8234143853187561,-0.8739715814590454,1.4901740550994873,0.0,0.0,0.0,1.0,0.0,0.0,-0.5453547835350037,0.17433935403823853,-1.958288550376892,-0.22946861386299133,-0.4174574017524719,2.0153958797454834,1.9716870672815785,-0.5453547835350037,0.17433935403823853,0.5725434920518973
1651,9,46,27.508575439453125,label_Tbqq,label_Tbqq,0.8105021119117737,-0.08199770003557205,-0.2074032723903656,-0.1906348615884781,-0.17194585502147675,1.2768867015838623,0.0,0.0,1.0,0.0,0.0,0.0,0.16640806198120117,0.49183279275894165,-4.417189598083496,-2.047989845275879,2.5458614826202393,5.494291305541992,4.868862942389132,0.16640806198120117,0.49183279275894165,0.5192216666563515
1651,10,78,26.249597549438477,label_Tbqq,label_Tbqq,0.8105021119117737,-1.1388864517211914,-1.3089776039123535,-1.247523546218872,-1.2735201120376587,-0.4524744749069214,0.0,0.0,0.0,1.0,0.0,0.0,0.005713969469070435,-0.08669328689575195,-1.0645575523376465,0.15478479862213135,0.3738606870174408,1.1388647556304932,1.075751419298908,0.005713969469070435,-0.08669328689575195,0.08688138718898672
1651,11,77,26.22333526611328,label_Tbqq,label_Tbqq,0.8105021119117737,-1.0231698751449585,-1.1330506801605225,-1.1318069696426392,-1.0975931882858276,1.398127555847168,0.0,0.0,0.0,1.0,0.0,0.0,0.2124970555305481,0.5067842602729797,-1.143282413482666,-0.5509873628616333,0.7303434610366821,1.4642689228057861,1.2691263731449154,0.2124970555305481,0.5067842602729797,0.5495318781195356
1651,12,34,26.057632446289062,label_Tbqq,label_Tbqq,0.8105021119117737,0.07511787116527557,-0.09029954671859741,-0.03351912274956703,-0.05484204366803169,-0.6756817698478699,0.0,0.0,0.0,1.0,0.0,0.0,0.025522381067276,-0.01773548126220703,-6.076712608337402,0.45922940969467163,2.246108293533325,6.494792461395264,6.09404034898484,0.025522381067276,-0.01773548126220703,0.031079562914322737
550,1,47,67.38198852539062,label_Hgg,label_Hbb,0.5669053792953491,-1.3508857488632202,-0.5286859273910522,-1.4672921895980835,-0.5802048444747925,5.0,1.0,1.0,0.0,0.0,0.0,0.0,1.5024421215057373,-0.2701793909072876,0.017922449856996536,-0.7944611310958862,-3.343600034713745,3.472012519836426,0.794663263924432,1.5024421215057373,-0.2701793909072876,1.5265415918820207
550,2,44,34.922664642333984,label_Hgg,label_Hbb,0.5669053792953491,-1.212938904762268,-1.317832112312317,-1.3293451070785522,-1.3693510293960571,-0.40035581588745117,0.0,0.0,0.0,1.0,0.0,0.0,-0.079609215259552,-0.060370445251464844,0.2228551059961319,-0.9417524337768555,-0.5727563500404358,1.1245496273040771,0.9677613573568525,-0.079609215259552,-0.060370445251464844,0.09991104950956026
550,3,40,34.81161117553711,label_Hgg,label_Hbb,0.5669053792953491,-1.1582520008087158,-1.2639727592468262,-1.2746583223342896,-1.3154916763305664,-0.37885797023773193,0.0,0.0,0.0,1.0,0.0,0.0,-0.08193409442901611,-0.06611990928649902,0.23510511219501495,-1.0196447372436523,-0.6164714694023132,1.2144904136657715,1.0463984919565334,-0.08193409442901611,-0.06611990928649902,0.10528550818587423
550,4,39,33.813541412353516,label_Hgg,label_Hbb,0.5669053792953491,-1.1475064754486084,-1.142364263534546,-1.2639127969741821,-1.1938834190368652,0.17164212465286255,0.0,0.0,0.0,1.0,0.0,0.0,0.18331128358840942,0.15938162803649902,0.464212030172348,-0.955821692943573,-0.9791291356086731,1.444915771484375,1.0625854872236167,0.18331128358840942,0.15938162803649902,0.24291053918345165
550,5,29,33.04985427856445,label_Hgg,label_Hbb,0.5669053792953491,-0.39143601059913635,-0.4213053584098816,-0.5078423619270325,-0.4728245735168457,-0.14040124416351318,0.0,0.0,0.0,1.0,0.0,0.0,0.10710293054580688,0.1253829002380371,1.2706196308135986,-2.859715700149536,-2.5672900676727295,4.04764461517334,3.1292887581510653,0.10710293054580688,0.1253829002380371,0.1648996949772846
550,6,35,32.36800765991211,label_Hgg,label_Hbb,0.5669053792953491,-0.6079123020172119,-0.714719295501709,-0.7243186235427856,-0.7662385106086731,-0.305502325296402,0.0,0.0,0.0,1.0,0.0,0.0,-0.08499795198440552,-0.08976829051971436,0.46299654245376587,-2.2497365474700928,-1.3450171947479248,2.661719799041748,2.2968849190472724,-0.08499795198440552,-0.08976829051971436,0.12362442244303973
550,7,45,30.521596908569336,label_Hgg,label_Hbb,0.5669053792953491,-1.2242412567138672,-1.3056038618087769,-1.3406474590301514,-1.357122778892517,-0.6381751298904419,0.0,0.0,0.0,1.0,0.0,0.0,-0.01644730567932129,-0.036962032318115234,0.24091552197933197,-0.9212822914123535,-0.6346448659896851,1.1443668603897095,0.9522611769890499,-0.01644730567932129,-0.036962032318115234,0.040456219511892474
550,8,25,30.50818634033203,label_Hgg,label_Hbb,0.5669053792953491,-0.23703646659851074,-0.36131390929222107,-0.3534426689147949,-0.4128328859806061,-0.03162074089050293,0.0,0.0,0.0,1.0,0.0,0.0,-0.13636595010757446,-0.13529503345489502,0.6117262840270996,-3.8533055782318115,-2.055351734161377,4.409834861755371,3.9015603193853097,-0.13636595010757446,-0.13529503345489502,0.1920948162400606
550,9,27,29.04200553894043,label_Hgg,label_Hbb,0.5669053792953491,-0.2644574046134949,-0.38670578598976135,-0.38086384534835815,-0.4382249712944031,-0.024743258953094482,0.0,0.0,0.0,1.0,0.0,0.0,-0.13017863035202026,-0.14358782768249512,0.5574795603752136,-3.710029363632202,-2.002669095993042,4.2527384757995605,3.7516798023351225,-0.13017863035202026,-0.14358782768249512,0.1938141895189974
550,10,42,28.338077545166016,label_Hgg,label_Hbb,0.5669053792953491,-1.1936769485473633,-1.025249719619751,-1.310083031654358,-1.0767686367034912,1.4233522415161133,0.0,0.0,0.0,1.0,0.0,0.0,0.49412089586257935,-0.25455939769744873,0.03796619921922684,-0.9940363168716431,-1.3884938955307007,1.7080588340759277,0.9947610926965809,0.49412089586257935,-0.25455939769744873,0.55583805796664
550,11,24,28.263099670410156,label_Hgg,label_Hbb,0.5669053792953491,-0.2118668258190155,-0.22597704827785492,-0.328273206949234,-0.27749601006507874,-0.05268895626068115,0.0,0.0,0.0,1.0,0.0,0.0,0.1420312523841858,0.12137436866760254,1.6273635625839233,-3.702547311782837,-3.502835988998413,5.350423336029053,4.044399678668783,0.1420312523841858,0.12137436866760254,0.18682776566474102
550,12,21,27.69675064086914,label_Hgg,label_Hbb,0.5669053792953491,-0.05643269792199135,-0.15930020809173584,-0.17283906042575836,-0.21081924438476562,-0.2498687505722046,0.0,0.0,0.0,1.0,0.0,0.0,-0.07395058870315552,-0.11595940589904785,0.8880680203437805,-4.971269130706787,-3.0220084190368652,5.88512659072876,5.049968473037781,-0.07395058870315552,-0.11595940589904785,0.1375328083985905
1301,1,37,67.27069091796875,label_Tbl,label_Tbl,0.9999728202819824,-1.571174144744873,-0.6134225726127625,-1.4839946031570435,-0.38056644797325134,5.0,1.0,1.0,0.0,0.0,0.0,0.0,2.0862607955932617,-0.3942834436893463,0.4810151159763336,-0.3242746889591217,-3.0177390575408936,3.076159715652466,0.5801117269089299,2.0862607955932617,-0.3942834436893463,2.1231918286384204
1301,2,36,34.902462005615234,label_Tbl,label_Tbl,0.9999728202819824,-1.1090706586837769,-1.0782420635223389,-1.0218912363052368,-0.8453858494758606,1.99755859375,0.0,0.0,0.0,1.0,0.0,0.0,0.6127452850341797,0.33717817068099976,1.111843466758728,0.154754176735878,-1.116875410079956,1.5835262537002563,1.1225616908621396,0.6127452850341797,0.33717817068099976,0.6993896647187485
1301,3,34,32.150447845458984,label_Tbl,label_Tbl,0.9999728202819824,-0.7902776002883911,-0.7424752712249756,-0.7030978798866272,-0.5096191167831421,2.3115861415863037,0.0,0.0,0.0,1.0,0.0,0.0,0.6467199325561523,0.4322919249534607,1.722093105316162,0.4094200134277344,-1.84699285030365,2.558243989944458,1.770093051444649,0.6467199325561523,0.4322919249534607,0.7778965095341428
1301,4,16,31.087787628173828,label_Tbl,label_Tbl,0.9999728202819824,0.2383071929216385,0.06058749929070473,0.3254867494106293,0.29344362020492554,-0.4854245185852051,0.0,0.0,0.0,1.0,0.0,0.0,0.04099094867706299,-0.06711632013320923,7.423396110534668,-2.0225205421447754,-2.3915388584136963,8.057099342346191,7.693984608595135,0.04099094867706299,-0.06711632013320923,0.07864387008323687
1301,5,35,30.96561050415039,label_Tbl,label_Tbl,0.9999728202819824,-1.0291157960891724,-1.2335309982299805,-0.9419360756874084,-1.0006747245788574,2.3078560829162598,-1.0,1.0,0.0,0.0,0.0,0.0,-0.20357435941696167,0.749820351600647,1.072190761566162,0.6587542295455933,-0.07739903032779694,1.2684717178344727,1.2583918960848544,-0.20357435941696167,0.749820351600647,0.7769640142802909
1301,6,33,30.58766746520996,label_Tbl,label_Tbl,0.9999728202819824,-0.7173396944999695,-0.6636474132537842,-0.6301599144935608,-0.4307912290096283,2.2670323848724365,0.0,0.0,0.0,1.0,0.0,0.0,0.6583298444747925,0.39309006929397583,1.927551507949829,0.37912917137145996,-2.0829293727874756,2.863178014755249,1.9644830730715066,0.6583298444747925,0.39309006929397583,0.7667581018181335
1301,7,29,29.977046966552734,label_Tbl,label_Tbl,0.9999728202819824,-0.44754186272621155,-0.6248242855072021,-0.36036238074302673,-0.39196792244911194,-0.25231605768203735,0.0,0.0,0.0,1.0,0.0,0.0,0.043088048696517944,-0.12996453046798706,2.733496904373169,-0.932762086391449,-0.904109537601471,3.026460647583008,2.888260797785932,0.043088048696517944,-0.12996453046798706,0.13692099590726706
1301,8,22,29.676895141601562,label_Tbl,label_Tbl,0.9999728202819824,-0.09098122268915176,-0.2662928104400635,-0.003801488783210516,-0.03343667834997177,-0.3351294696331024,0.0,0.0,0.0,1.0,0.0,0.0,0.05238094925880432,-0.1037437915802002,4.588347434997559,-1.4325422048568726,-1.5515328645706177,5.050976753234863,4.806777439506105,0.05238094925880432,-0.1037437915802002,0.11621763264104741
1301,9,13,28.076618194580078,label_Tbl,label_Tbl,0.9999728202819824,0.4457565248012543,0.2753409147262573,0.5329360961914062,0.508197009563446,-0.4547088146209717,-1.0,1.0,0.0,0.0,0.0,0.0,0.074188232421875,-0.04413311183452606,10.043967247009277,-2.490022897720337,-3.578075647354126,10.950050354003906,10.348018751923805,0.074188232421875,-0.04413311183452606,0.08632279762658836
1301,10,18,27.87901496887207,label_Tbl,label_Tbl,0.9999728202819824,0.14430753886699677,-0.03533667325973511,0.23148727416992188,0.19751954078674316,-0.35310789942741394,0.0,0.0,0.0,1.0,0.0,0.0,0.03159189224243164,-0.10716336965560913,6.41457462310791,-2.026813507080078,-2.0248982906341553,7.025308132171631,6.727164379432261,0.03159189224243164,-0.10716336965560913,0.11172303008512677
1301,11,7,26.88738441467285,label_Tbl,label_Tbl,0.9999728202819824,0.9422314763069153,0.7668965458869934,1.0294110774993896,0.9997528195381165,-0.41204676032066345,0.0,0.0,0.0,1.0,0.0,0.0,0.05227309465408325,-0.08169612288475037,20.209566116333008,-5.823949337005615,-6.786330223083496,22.099756240844727,21.031998204888744,0.05227309465408325,-0.08169612288475037,0.0969883133120428
1301,12,32,26.72574234008789,label_Tbl,label_Tbl,0.9999728202819824,-0.6601892709732056,-0.6036636829376221,-0.5730097889900208,-0.37080755829811096,2.0754635334014893,0.0,0.0,0.0,1.0,0.0,0.0,0.6638838052749634,0.27572885155677795,2.12530779838562,0.16365042328834534,-2.277411460876465,3.1193456649780273,2.1315990943235987,0.6638838052749634,0.27572885155677795,0.718865847350662
1696,1,55,67.20712280273438,label_Tbqq,label_QCD,0.7210245132446289,-1.4944771528244019,-0.9297782182693481,-1.3909430503845215,-0.6738488674163818,5.0,1.0,1.0,0.0,0.0,0.0,0.0,1.4916515350341797,0.18358898162841797,-0.6144493818283081,0.20354582369327545,-1.8422647714614868,1.9576512575149536,0.6472858295777562,1.4916515350341797,0.18358898162841797,1.5029069219832558
1696,2,41,38.678409576416016,label_Tbqq,label_QCD,0.7210245132446289,-0.5739244818687439,-0.7144690155982971,-0.470390260219574,-0.45853951573371887,-0.06406992673873901,0.0,0.0,0.0,1.0,0.0,0.0,0.17588990926742554,-0.05396580696105957,-2.046135663986206,1.2755471467971802,-1.1296584606170654,2.6626715660095215,2.411159820322722,0.17588990926742554,-0.05396580696105957,0.18398252227606168
1696,3,52,38.35303497314453,label_Tbqq,label_QCD,0.7210245132446289,-1.1801868677139282,-1.2967382669448853,-1.0766527652740479,-1.0408087968826294,0.20862549543380737,0.0,0.0,0.0,1.0,0.0,0.0,0.25130343437194824,-0.020722389221191406,-0.877946674823761,0.5075863599777222,-0.5610142350196838,1.1589525938034058,1.0141174866205258,0.25130343437194824,-0.020722389221191406,0.2521563672449511
1696,4,35,35.71944046020508,label_Tbqq,label_QCD,0.7210245132446289,-0.2754833400249481,-0.4340033233165741,-0.17194919288158417,-0.17807383835315704,-0.2128085494041443,0.0,0.0,0.0,1.0,0.0,0.0,0.11125242710113525,-0.09577322006225586,-3.0495669841766357,2.0829670429229736,-1.470062255859375,3.9748828411102295,3.693048942660178,0.11125242710113525,-0.09577322006225586,0.1467978617589054
1696,5,30,34.61787033081055,label_Tbqq,label_QCD,0.7210245132446289,-0.19040964543819427,-0.35677385330200195,-0.08687548339366913,-0.10084442794322968,-0.27311915159225464,0.0,0.0,0.0,1.0,0.0,0.0,0.07978832721710205,-0.10480475425720215,-3.422271490097046,2.3831491470336914,-1.5196051597595215,4.4385294914245605,4.170292796547799,0.07978832721710205,-0.10480475425720215,0.13172020981996604
1696,6,21,34.24958801269531,label_Tbqq,label_QCD,0.7210245132446289,0.19767867028713226,0.042598605155944824,0.3012128174304962,0.29852819442749023,-0.1856309175491333,0.0,0.0,0.0,1.0,0.0,0.0,0.12434074282646179,-0.09016633033752441,-6.017982482910156,4.061208724975586,-2.9925074577331543,7.852683067321777,7.260132882560161,0.12434074282646179,-0.09016633033752441,0.15359227667162137
1696,7,54,33.5073356628418,label_Tbqq,label_QCD,0.7210245132446289,-1.236305594444275,-1.4390517473220825,-1.132771611213684,-1.1831225156784058,2.212219715118408,0.0,0.0,0.0,1.0,0.0,0.0,-0.42119452357292175,0.6242490410804749,-0.9291717410087585,-0.11276654154062271,0.13544897735118866,0.9457393288612366,0.935989539033573,-0.42119452357292175,0.6242490410804749,0.7530549063499373
1696,8,5,32.993675231933594,label_Tbqq,label_QCD,0.7210245132446289,1.0486124753952026,0.8866215944290161,1.1521464586257935,1.1425509452819824,-0.32383546233177185,0.0,0.0,1.0,0.0,0.0,0.0,0.0976283848285675,-0.06811380386352539,-20.59201431274414,13.24510383605957,-9.387994766235352,26.222095489501953,24.483950438690638,0.0976283848285675,-0.06811380386352539,0.11904113491139807
1696,9,23,32.78755187988281,label_Tbqq,label_QCD,0.7210245132446289,0.12973344326019287,-0.022542571648955345,0.233267679810524,0.2333868443965912,-0.11047869920730591,0.0,0.0,0.0,1.0,0.0,0.0,0.13473105430603027,-0.1075291633605957,-5.3964924812316895,3.7797999382019043,-2.7898852825164795,7.1548919677734375,6.588552092290177,0.13473105430603027,-0.1075291633605957,0.1723803294098377
1696,10,50,30.897502899169922,label_Tbqq,label_QCD,0.7210245132446289,-1.0927364826202393,-1.3020297288894653,-0.9892022013664246,-1.046100378036499,1.1930012702941895,0.0,0.0,0.0,1.0,0.0,0.0,-0.23204152286052704,0.4409196376800537,-1.1468164920806885,0.07183583080768585,-0.05165785178542137,1.1502248048782349,1.1490641640465888,-0.23204152286052704,0.4409196376800537,0.49825033389185236
1696,11,53,30.652278900146484,label_Tbqq,label_QCD,0.7210245132446289,-1.1921873092651367,-1.4017151594161987,-1.0886530876159668,-1.145785927772522,2.268764019012451,0.0,0.0,0.0,1.0,0.0,0.0,-0.3137179911136627,0.7001164555549622,-0.9776689410209656,-0.1947648674249649,0.03662876412272453,0.9975528120994568,0.9968800889876979,-0.3137179911136627,0.7001164555549622,0.76719099922199
1696,12,13,29.892215728759766,label_Tbqq,label_QCD,0.7210245132446289,0.42457881569862366,0.26451605558395386,0.528113067150116,0.5204452872276306,-0.34233686327934265,-1.0,1.0,0.0,0.0,0.0,0.0,0.10502058267593384,-0.04540538787841797,-8.564897537231445,5.238025188446045,-3.929135799407959,10.782020568847656,10.039640317166173,0.10502058267593384,-0.04540538787841797,0.11441578577269065
1653,1,78,67.1904067993164,label_Tbqq,label_Tbqq,0.9923842549324036,-1.6162291765213013,-0.6496196389198303,-1.6739678382873535,-0.7549214959144592,5.0,-1.0,1.0,0.0,0.0,0.0,0.0,1.4999675750732422,-0.16317564249038696,-0.5439382195472717,0.003511740593239665,2.8666467666625977,2.9211339950561523,0.5439495555713325,1.4999675750732422,-0.16317564249038696,1.508817091821687
1653,2,50,51.04377746582031,label_Tbqq,label_Tbqq,0.9923842549324036,-0.624792218208313,-0.6925759315490723,-0.68253093957901,-0.7978777289390564,0.6807505488395691,0.0,0.0,0.0,1.0,0.0,0.0,-0.2048739790916443,-0.3083270192146301,-2.2164416313171387,0.338627427816391,1.587508201599121,2.747264862060547,2.2421601280696533,-0.2048739790916443,-0.3083270192146301,0.37018765253128366
1653,3,75,47.00281524658203,label_Tbqq,label_Tbqq,0.9923842549324036,-1.154236912727356,-0.44491955637931824,-1.2119756937026978,-0.5502212047576904,3.736591100692749,-1.0,1.0,0.0,0.0,0.0,0.0,1.1231017112731934,-0.15790396928787231,-1.0524170398712158,0.00124645815230906,3.7666237354278564,3.913376808166504,1.052417778008913,1.1231017112731934,-0.15790396928787231,1.1341477493614494
1653,4,71,46.212303161621094,label_Tbqq,label_Tbqq,0.9923842549324036,-1.1234173774719238,-0.4493407905101776,-1.1811561584472656,-0.5546424984931946,3.621195077896118,-1.0,1.0,0.0,0.0,0.0,0.0,1.0707144737243652,-0.2743280529975891,-1.092191457748413,0.1290464848279953,3.7273666858673096,3.888737440109253,1.0997886958980192,1.0707144737243652,-0.2743280529975891,1.1052987672590124
1653,5,66,35.92580032348633,label_Tbqq,label_Tbqq,0.9923842549324036,-0.9577481150627136,-1.0449700355529785,-1.0154868364334106,-1.1502716541290283,0.8659884333610535,0.0,0.0,0.0,1.0,0.0,0.0,-0.25436800718307495,-0.32979804277420044,-1.3726387023925781,0.2399752289056778,0.9032743573188782,1.6606112718582153,1.393457971305311,-0.25436800718307495,-0.32979804277420044,0.41649709734400575
1653,6,76,35.89366912841797,label_Tbqq,label_Tbqq,0.9923842549324036,-1.1561567783355713,-1.212009072303772,-1.213895559310913,-1.3173108100891113,0.2963023781776428,0.0,0.0,0.0,1.0,0.0,0.0,-0.17585653066635132,-0.21021872758865356,-1.0480337142944336,0.05612244829535484,0.7807322144508362,1.3080775737762451,1.0495353236077627,-0.17585653066635132,-0.21021872758865356,0.2740755968834108
1653,7,59,34.472618103027344,label_Tbqq,label_Tbqq,0.9923842549324036,-0.7613774538040161,-0.8497442603111267,-0.8191161751747131,-0.9550458788871765,0.6950808167457581,0.0,0.0,0.0,1.0,0.0,0.0,-0.25738072395324707,-0.2710338234901428,-1.8326624631881714,0.2104167491197586,1.189164638519287,2.194775342941284,1.8447023912515164,-0.25738072395324707,-0.2710338234901428,0.37377021087612566
1653,8,24,34.30534362792969,label_Tbqq,label_Tbqq,0.9923842549324036,0.11126389354467392,-0.014474129304289818,0.05352525785565376,-0.11977577209472656,1.7553324699401855,0.0,0.0,1.0,0.0,0.0,0.0,-0.36354172229766846,0.5253047943115234,-4.981494426727295,-4.045048713684082,3.347926616668701,7.237839221954346,6.416985726927585,-0.36354172229766846,0.5253047943115234,0.6388330852247925
1653,9,43,32.954219818115234,label_Tbqq,label_Tbqq,0.9923842549324036,-0.43888577818870544,-0.5258737802505493,-0.49662449955940247,-0.6311756372451782,0.7053434252738953,0.0,0.0,0.0,1.0,0.0,0.0,-0.25375401973724365,-0.27791649103164673,-2.9027483463287354,0.35353678464889526,1.8976784944534302,3.4859890937805176,2.9241983893392196,-0.25375401973724365,-0.27791649103164673,0.37633585866902564
1653,10,52,32.684181213378906,label_Tbqq,label_Tbqq,0.9923842549324036,-0.6703786253929138,-0.7685928344726562,-0.7281174659729004,-0.8738948106765747,0.6841774582862854,0.0,0.0,0.0,1.0,0.0,0.0,-0.283804714679718,-0.2390163540840149,-2.0936858654022217,0.17269361019134521,1.2886713743209839,2.464552164077759,2.1007959410628083,-0.283804714679718,-0.2390163540840149,0.37104438224294856
1653,11,45,32.669334411621094,label_Tbqq,label_Tbqq,0.9923842549324036,-0.46925246715545654,-0.5671329498291016,-0.5269910097122192,-0.67243492603302,0.818458616733551,0.0,0.0,0.0,1.0,0.0,0.0,-0.28289347887039185,-0.2892823815345764,-2.775489330291748,0.3700970411300659,1.7206058502197266,3.286456823348999,2.8000558641599573,-0.28289347887039185,-0.2892823815345764,0.40461465205020575
1653,12,72,31.46700096130371,label_Tbqq,label_Tbqq,0.9923842549324036,-1.1316766738891602,-1.0880749225616455,-1.1894153356552124,-1.1933767795562744,0.8920593857765198,0.0,0.0,0.0,1.0,0.0,0.0,0.03932380676269531,0.42118310928344727,-0.9103888869285583,-0.5937328934669495,1.1210541725158691,1.5614382028579712,1.086888528887694,0.03932380676269531,0.42118310928344727,0.42301486182400505
1647,1,39,66.94712829589844,label_Tbqq,label_Tbqq,0.9957139492034912,-1.5571823120117188,-0.533531665802002,-1.5213595628738403,-0.413081556558609,5.0,1.0,1.0,0.0,0.0,0.0,0.0,1.8818395137786865,-0.5412871837615967,0.1810133308172226,-0.5634621977806091,-3.3940224647521973,3.4480607509613037,0.5918238540826988,1.8818395137786865,-0.5412871837615967,1.9581398752191743
1647,2,15,34.638916015625,label_Tbqq,label_Tbqq,0.9957139492034912,0.48134645819664,0.39119502902030945,0.517169177532196,0.5116450190544128,-0.5870371460914612,0.0,0.0,1.0,0.0,0.0,0.0,0.03661686182022095,0.03864943981170654,8.465865135192871,-6.846319675445557,-6.957584381103516,12.920949935913086,10.887743824395722,0.03661686182022095,0.03864943981170654,0.053240715315629274
1647,3,36,33.89818572998047,label_Tbqq,label_Tbqq,0.9957139492034912,-1.015163540840149,-1.2169424295425415,-0.9793408513069153,-1.0964924097061157,1.7794926166534424,-1.0,1.0,0.0,0.0,0.0,0.0,-0.4563027322292328,-0.4556853771209717,0.49569371342658997,-1.1841615438461304,-0.14031068980693817,1.2988909482955933,1.283725367613608,-0.4563027322292328,-0.4556853771209717,0.6448731242358803
1647,4,37,33.87200927734375,label_Tbqq,label_Tbqq,0.9957139492034912,-1.1661806106567383,-1.2105971574783325,-1.1303576231002808,-1.0901471376419067,-0.0310555100440979,0.0,0.0,0.0,1.0,0.0,0.0,0.14984405040740967,-0.1204221248626709,0.691264271736145,-0.7697910666465759,-0.804710328578949,1.3107186555862427,1.0346132512527453,0.14984405040740967,-0.1204221248626709,0.1922361245940498
1647,5,20,33.404876708984375,label_Tbqq,label_Tbqq,0.9957139492034912,0.2522626221179962,0.14885704219341278,0.2880856990814209,0.2693072259426117,-0.7746659517288208,-1.0,1.0,0.0,0.0,0.0,0.0,0.00035881996154785156,0.006323337554931641,5.940290451049805,-5.130147457122803,-4.681177139282227,9.139931678771973,7.848914802356887,0.00035881996154785156,0.006323337554931641,0.006333510053549616
1647,6,12,33.2758674621582,label_Tbqq,label_Tbqq,0.9957139492034912,0.7472492456436157,0.6224730014801025,0.7830721735954285,0.7429230213165283,-0.5386119484901428,0.0,0.0,1.0,0.0,0.0,0.0,-0.061861395835876465,-0.021057069301605225,11.758429527282715,-10.730636596679688,-8.358513832092285,17.979766845703125,15.918769635812795,-0.061861395835876465,-0.021057069301605225,0.06534701571101467
1647,7,18,31.777971267700195,label_Tbqq,label_Tbqq,0.9957139492034912,0.36623767018318176,0.260173499584198,0.4020605981349945,0.3806235194206238,-0.7653963565826416,1.0,1.0,0.0,0.0,0.0,0.0,-0.007032930850982666,0.005037486553192139,6.982922077178955,-6.0462775230407715,-5.4295854568481445,10.715341567993164,9.236810738646824,-0.007032930850982666,0.005037486553192139,0.008650918282372999
1647,8,33,30.5716552734375,label_Tbqq,label_Tbqq,0.9957139492034912,-0.5500989556312561,-0.7462273240089417,-0.5142760872840881,-0.6257773041725159,1.0790014266967773,0.0,0.0,1.0,0.0,0.0,0.0,-0.36564719676971436,-0.2949025630950928,1.319243311882019,-2.1172683238983154,-0.5015957951545715,2.5445680618286133,2.494639868062847,-0.36564719676971436,-0.2949025630950928,0.46975035308725993
1647,9,0,29.713977813720703,label_Tbqq,label_Tbqq,0.9957139492034912,1.8857035636901855,1.7752429246902466,1.921526312828064,1.8956931829452515,-0.721864640712738,0.0,0.0,0.0,1.0,0.0,0.0,-0.019371330738067627,0.002514481544494629,61.065242767333984,-53.14450454711914,-46.43049621582031,93.32252502441406,80.95246900368267,-0.019371330738067627,0.002514481544494629,0.019533844270936733
1647,10,13,28.793413162231445,label_Tbqq,label_Tbqq,0.9957139492034912,0.6609013080596924,0.5595824122428894,0.6967242360115051,0.6800325512886047,-0.7756398916244507,-1.0,1.0,0.0,0.0,0.0,0.0,0.005506157875061035,0.0026020407676696777,10.615355491638184,-9.236810684204102,-8.47678279876709,16.43484115600586,14.071405183196168,0.005506157875061035,0.0026020407676696777,0.006090023867088836
1647,11,11,27.79230499267578,label_Tbqq,label_Tbqq,0.9957139492034912,0.8394167423248291,0.7309154272079468,0.8752394914627075,0.8513654470443726,-0.6825056672096252,0.0,0.0,0.0,1.0,0.0,0.0,-0.01376950740814209,0.02594625949859619,13.973516464233398,-11.597000122070312,-10.532577514648438,20.99249267578125,18.159008073336516,-0.01376950740814209,0.02594625949859619,0.029373588753017106
1647,12,38,27.73912239074707,label_Tbqq,label_Tbqq,0.9957139492034912,-1.198535680770874,-1.2692289352416992,-1.162712812423706,-1.1487789154052734,1.9035556316375732,0.0,0.0,0.0,1.0,0.0,0.0,0.0866202712059021,-0.6703153848648071,0.1786186397075653,-0.9715980291366577,-0.6907199621200562,1.2054051160812378,0.9878802299232526,0.0866202712059021,-0.6703153848648071,0.6758888862603368
1687,1,43,66.90929412841797,label_Tbqq,label_Tbqq,0.7906858325004578,-0.8459771275520325,0.01801159419119358,-0.8953272104263306,0.016625547781586647,5.0,1.0,1.0,0.0,0.0,0.0,0.0,1.5495762825012207,0.49443429708480835,1.3594720363616943,-0.907794177532196,7.402004241943359,7.581649303436279,1.6347031799108878,1.5495762825012207,0.49443429708480835,1.626546012083289
1687,2,36,47.707420349121094,label_Tbqq,label_Tbqq,0.7906858325004578,-0.4225810170173645,-0.5616358518600464,-0.47193101048469543,-0.5630218982696533,0.1175769567489624,-1.0,1.0,0.0,0.0,0.0,0.0,-0.2100503146648407,0.09219861030578613,1.6398074626922607,-2.5039443969726562,1.4119452238082886,3.3123669624328613,2.993109763746059,-0.2100503146648407,0.09219861030578613,0.2293942423713307
1687,3,18,41.73838424682617,label_Tbqq,label_Tbqq,0.7906858325004578,0.4189892113208771,0.5401774048805237,0.3696393072605133,0.5387915372848511,1.0262196063995361,0.0,0.0,1.0,0.0,0.0,0.0,0.3851272463798523,-0.2451925277709961,2.3908135890960693,-9.668580055236816,12.503549575805664,15.985499382019043,9.959790655547414,0.3851272463798523,-0.2451925277709961,0.4565548943761945
1687,4,42,36.4063606262207,label_Tbqq,label_Tbqq,0.7906858325004578,-0.7905838489532471,-0.9996317028999329,-0.8399337530136108,-1.0010175704956055,2.4244072437286377,0.0,0.0,0.0,1.0,0.0,0.0,-0.7180045247077942,-0.3664281368255615,0.2138785719871521,-1.756344199180603,-0.0923437550663948,1.7717269659042358,1.7693187925160963,-0.7180045247077942,-0.3664281368255615,0.8061017782875298
1687,5,44,34.705772399902344,label_Tbqq,label_Tbqq,0.7906858325004578,-0.8918306231498718,-0.7549784779548645,-0.9411807656288147,-0.7563644051551819,0.8814212679862976,0.0,0.0,0.0,1.0,0.0,0.0,0.41353839635849,-0.07539629936218262,0.6133941411972046,-1.4028091430664062,1.9926908016204834,2.5129549503326416,1.531053841093043,0.41353839635849,-0.07539629936218262,0.4203553344734231
1687,6,45,34.26070022583008,label_Tbqq,label_Tbqq,0.7906858325004578,-0.9976734519004822,-1.1666884422302246,-1.0470236539840698,-1.1680744886398315,0.5542399287223816,0.0,0.0,0.0,1.0,0.0,0.0,-0.32028892636299133,0.10971724987030029,0.740274965763092,-1.0882956981658936,0.46391648054122925,1.395569086074829,1.316204600957593,-0.32028892636299133,0.10971724987030029,0.3385599965587482
1687,7,47,30.841815948486328,label_Tbqq,label_Tbqq,0.7906858325004578,-1.236897587776184,-1.417313814163208,-1.286247730255127,-1.4186999797821045,1.947861671447754,0.0,0.0,0.0,1.0,0.0,0.0,-0.3730529844760895,0.5768474340438843,0.8178536891937256,-0.4535543918609619,0.2777394652366638,0.9755692481994629,0.9351985047593661,-0.3730529844760895,0.5768474340438843,0.686965422266311
1687,8,37,30.010438919067383,label_Tbqq,label_Tbqq,0.7906858325004578,-0.5075575113296509,-0.6332027912139893,-0.556907594203949,-0.6345889568328857,0.3318670392036438,0.0,0.0,0.0,1.0,0.0,0.0,-0.16498863697052002,0.22988897562026978,1.7429982423782349,-1.9973708391189575,1.38393235206604,2.9904518127441406,2.6509494793180015,-0.16498863697052002,0.22988897562026978,0.2829667673793639
1687,9,33,29.659149169921875,label_Tbqq,label_Tbqq,0.7906858325004578,-0.2777119576931,-0.1427621990442276,-0.32706189155578613,-0.14414815604686737,1.0284700393676758,0.0,0.0,0.0,1.0,0.0,0.0,0.41010838747024536,-0.20190966129302979,1.0374888181686401,-3.532089948654175,4.7705864906311035,6.025822639465332,3.681309882801068,0.41010838747024536,-0.20190966129302979,0.45711749123929935
1687,10,0,28.96000099182129,label_Tbqq,label_Tbqq,0.7906858325004578,1.9765336513519287,1.8582981824874878,1.9271836280822754,1.8569121360778809,-0.1334419846534729,0.0,0.0,0.0,1.0,0.0,0.0,-0.14253991842269897,0.08631974458694458,50.041404724121094,-77.40097045898438,50.463138580322266,105.07892608642578,92.16860861896453,-0.14253991842269897,0.08631974458694458,0.16663951106956906
1687,11,40,28.477718353271484,label_Tbqq,label_Tbqq,0.7906858325004578,-0.6042401790618896,-0.46425560116767883,-0.6535900235176086,-0.46564149856567383,1.0050773620605469,0.0,0.0,0.0,1.0,0.0,0.0,0.4191742539405823,-0.1671435832977295,0.727337658405304,-2.191415786743164,3.026561975479126,3.8067572116851807,2.308965833381185,0.4191742539405823,-0.1671435832977295,0.4512693570410568
1687,12,1,28.374338150024414,label_Tbqq,label_Tbqq,0.7906858325004578,1.8800559043884277,1.7663905620574951,1.8307058811187744,1.7650045156478882,-0.20405209064483643,-1.0,1.0,0.0,0.0,0.0,0.0,-0.12911885976791382,0.0743333101272583,42.78718948364258,-67.95339965820312,45.19874572753906,92.1497573852539,80.30198072909917,-0.12911885976791382,0.0743333101272583,0.14898698245901001
808,1,26,66.80781555175781,label_Hqql,label_Hqql,0.539645791053772,-1.4136217832565308,-0.5492069125175476,-1.493902325630188,-0.5083287358283997,5.0,1.0,1.0,0.0,0.0,0.0,0.0,-2.72149395942688,-0.2714194655418396,0.5034542679786682,0.5238285660743713,3.2895374298095703,3.3717055320739746,0.7265415105700903,-2.72149395942688,-0.2714194655418396,2.7349950452371963
808,2,13,28.8035888671875,label_Hqql,label_Hqql,0.539645791053772,0.2557368278503418,0.14341148734092712,0.17545628547668457,0.1842895895242691,-0.5826623439788818,0.0,0.0,1.0,0.0,0.0,0.0,0.03447556495666504,-0.041996002197265625,4.029369831085205,6.781164646148682,-4.47533655166626,9.069104194641113,7.887966480268307,0.03447556495666504,-0.041996002197265625,0.054334416161710704
808,3,0,27.98457908630371,label_Hqql,label_Hqql,0.539645791053772,2.6068685054779053,2.4673802852630615,2.526587724685669,2.508258104324341,-0.5941794514656067,1.0,0.0,0.0,0.0,1.0,0.0,-0.04974547028541565,0.013153672218322754,104.9345932006836,201.0720977783203,-107.15007019042969,250.84336853027344,226.80665192001612,-0.04974547028541565,0.013153672218322754,0.05145513489190605
808,4,10,27.805086135864258,label_Hqql,label_Hqql,0.539645791053772,0.9292764067649841,0.7854732275009155,0.8489957451820374,0.8263511657714844,-0.5383284091949463,0.0,0.0,1.0,0.0,0.0,0.0,-0.0643816590309143,0.011597633361816406,9.58072280883789,18.288818359375,-9.420753479003906,22.694089889526367,20.646334457283178,-0.0643816590309143,0.011597633361816406,0.06541791130239505
808,5,1,26.01146125793457,label_Hqql,label_Hqql,0.539645791053772,2.1739981174468994,2.0537798404693604,2.093717336654663,2.094658136367798,-0.6693042516708374,0.0,0.0,0.0,1.0,0.0,0.0,0.011207938194274902,0.03069150447845459,54.63149642944336,109.31519317626953,-66.08458709716797,138.93014526367188,122.20643134174816,0.011207938194274902,0.03069150447845459,0.03267393955000964
808,6,5,25.901460647583008,label_Hqql,label_Hqql,0.539645791053772,1.1891382932662964,1.0798020362854004,1.1088577508926392,1.1206802129745483,-0.605225145816803,0.0,0.0,0.0,1.0,0.0,0.0,0.04307222366333008,0.0227125883102417,13.591924667358398,26.662694931030273,-17.27602195739746,34.555763244628906,29.927240386449487,0.04307222366333008,0.0227125883102417,0.04869371744952791
808,7,19,25.61773109436035,label_Hqql,label_Hqql,0.539645791053772,-0.44971898198127747,-0.547014594078064,-0.5299994349479675,-0.506136417388916,-0.4181552231311798,0.0,0.0,0.0,1.0,0.0,0.0,0.07664215564727783,0.05691063404083252,1.2192027568817139,2.608422040939331,-1.7746857404708862,3.38228178024292,2.8792917368766364,0.07664215564727783,0.05691063404083252,0.09546119781980072
808,8,16,25.192243576049805,label_Hqql,label_Hqql,0.539645791053772,0.10740307718515396,-0.007306408602744341,0.02712244912981987,0.033571530133485794,-0.6011074781417847,0.0,0.0,0.0,1.0,0.0,0.0,0.02753680944442749,0.04140186309814453,2.791585683822632,5.738729476928711,-3.569906711578369,7.3123321533203125,6.381689951689438,0.02753680944442749,0.04140186309814453,0.04972313488081994
808,9,3,24.8983211517334,label_Hqql,label_Hqql,0.539645791053772,1.3903961181640625,1.2744982242584229,1.3101154565811157,1.3153764009475708,-0.6931945085525513,-1.0,1.0,0.0,0.0,0.0,0.0,0.023929357528686523,0.01184689998626709,18.504602432250977,35.34520721435547,-22.153079986572266,45.636680603027344,39.89616503125826,0.023929357528686523,0.01184689998626709,0.02670137058318021
808,10,11,24.72170066833496,label_Hqql,label_Hqql,0.539645791053772,0.5804334878921509,0.4486212432384491,0.5001529455184937,0.48949918150901794,-0.5474309921264648,1.0,1.0,0.0,0.0,0.0,0.0,-0.026058048009872437,0.05751454830169678,5.304473400115967,11.36653995513916,-6.25614595413208,14.025646209716797,12.543351569828248,-0.026058048009872437,0.05751454830169678,0.06314226106525667
808,11,15,24.398527145385742,label_Hqql,label_Hqql,0.539645791053772,0.18470357358455658,0.06148571893572807,0.10442294925451279,0.10236382484436035,-0.7227309942245483,-1.0,1.0,0.0,0.0,0.0,0.0,0.0018125176429748535,-0.01923203468322754,3.500145435333252,6.208079814910889,-3.7779486179351807,8.06744384765625,7.126799636357698,0.0018125176429748535,-0.01923203468322754,0.019317255971357892
808,12,2,24.278114318847656,label_Hqql,label_Hqql,0.539645791053772,1.4054540395736694,1.3018945455551147,1.3251734972000122,1.3427727222442627,-0.559700071811676,1.0,1.0,0.0,0.0,0.0,0.0,0.059372663497924805,-0.009159207344055176,19.661357879638672,35.70866775512695,-24.30194091796875,47.45820999145508,40.763684162711215,0.059372663497924805,-0.009159207344055176,0.06007498855604724
517,1,52,66.58582305908203,label_Hgg,label_Hgg,0.8536363840103149,-1.7403767108917236,-0.9716687798500061,-2.0311899185180664,-1.2344934940338135,4.793934345245361,-1.0,1.0,0.0,0.0,0.0,0.0,1.2945082187652588,0.5291548371315002,0.2695760726928711,0.36722394824028015,1.717221736907959,1.8439346551895142,0.4555487757965025,1.2945082187652588,0.5291548371315002,1.3984835966540572
517,2,0,34.06938552856445,label_Hgg,label_Hgg,0.8536363840103149,2.490095853805542,2.45405650138855,2.199282646179199,2.1912317276000977,-0.3426132798194885,0.0,0.0,1.0,0.0,0.0,0.0,-0.00821143388748169,0.1140514612197876,166.35108947753906,95.7884521484375,154.02593994140625,246.11399841308594,191.9586219354518,-0.00821143388748169,0.1140514612197876,0.11434668098750045
517,3,17,33.24248504638672,label_Hgg,label_Hgg,0.8536363840103149,0.5715377926826477,0.53520667552948,0.2807247042655945,0.2723817229270935,-0.5124942064285278,-1.0,1.0,0.0,0.0,0.0,0.0,-0.00893932580947876,0.07131838798522949,10.987005233764648,5.716017246246338,9.926026344299316,15.87238597869873,12.384956082528406,-0.00893932580947876,0.07131838798522949,0.07187644962531009
517,4,38,32.0286865234375,label_Hgg,label_Hgg,0.8536363840103149,-0.5528566241264343,-0.5765098333358765,-0.8436698317527771,-0.8393346071243286,0.06052881479263306,0.0,0.0,0.0,1.0,0.0,0.0,0.01968836784362793,-0.21422939002513885,2.4381368160247803,0.4794543385505676,2.083479642868042,3.2427265644073486,2.4848315026195267,0.01968836784362793,-0.21422939002513885,0.2151321997723471
517,5,48,31.4200496673584,label_Hgg,label_Hgg,0.8536363840103149,-1.0683008432388306,-1.1067472696304321,-1.3591138124465942,-1.3695720434188843,0.09651178121566772,0.0,0.0,0.0,1.0,0.0,0.0,-0.013720870018005371,-0.22370757162570953,1.1696478128433228,0.21851493418216705,0.9463622570037842,1.5203375816345215,1.1898843567968298,-0.013720870018005371,-0.22370757162570953,0.22412795425096568
517,6,40,30.237567901611328,label_Hgg,label_Hgg,0.8536363840103149,-0.5809051394462585,-0.5980292558670044,-0.8717182278633118,-0.8608541488647461,-0.12723201513290405,0.0,0.0,0.0,1.0,0.0,0.0,0.034110844135284424,-0.16469669342041016,2.3166942596435547,0.576034426689148,2.0467875003814697,3.14455509185791,2.3872343733694215,0.034110844135284424,-0.16469669342041016,0.16819200489689823
517,7,4,30.216201782226562,label_Hgg,label_Hgg,0.8536363840103149,1.5139591693878174,1.4767787456512451,1.2231460809707642,1.213953971862793,-0.5693548917770386,-1.0,1.0,0.0,0.0,0.0,0.0,-0.010823726654052734,0.056636303663253784,42.543701171875,21.345733642578125,38.03324890136719,60.927452087402344,47.598391297833686,-0.010823726654052734,0.056636303663253784,0.05766128641747378
517,8,5,28.467239379882812,label_Hgg,label_Hgg,0.8536363840103149,1.471011757850647,1.4381871223449707,1.1801986694335938,1.175362467765808,-0.5355005264282227,-1.0,1.0,0.0,0.0,0.0,0.0,-0.0009036064147949219,0.06611868739128113,39.819801330566406,20.45396614074707,36.34012985229492,57.659393310546875,44.76584980643845,-0.0009036064147949219,0.06611868739128113,0.06612486163992191
517,9,11,27.98756217956543,label_Hgg,label_Hgg,0.8536363840103149,1.0721018314361572,1.0469940900802612,0.781288743019104,0.7841693162918091,-0.6514751315116882,0.0,0.0,0.0,1.0,0.0,0.0,0.016449451446533203,0.033288776874542236,22.88960075378418,10.82322883605957,21.122947692871094,32.97355270385742,25.319480743201442,0.016449451446533203,0.033288776874542236,0.03713121488309952
517,10,6,27.881145477294922,label_Hgg,label_Hgg,0.8536363840103149,1.4139959812164307,1.3781635761260986,1.1231828927993774,1.1153388023376465,-0.6269936561584473,1.0,1.0,0.0,0.0,0.0,0.0,-0.007744848728179932,0.04255253076553345,37.13909149169922,17.98386001586914,33.13469696044922,52.9212532043457,41.264165299920734,-0.007744848728179932,0.04255253076553345,0.04325159599799828
517,11,46,27.875640869140625,label_Hgg,label_Hgg,0.8536363840103149,-0.8247111439704895,-0.8475149869918823,-1.115524172782898,-1.1103397607803345,-0.5722110867500305,1.0,1.0,0.0,0.0,0.0,0.0,0.018442988395690918,0.05387803912162781,1.508254885673523,0.7515464425086975,1.41020667552948,2.2017760276794434,1.6851275487052992,0.018442988395690918,0.05387803912162781,0.05694722926144209
517,12,51,27.866233825683594,label_Hgg,label_Hgg,0.8536363840103149,-1.248145341873169,-1.3159213066101074,-1.5389584302902222,-1.5787460803985596,-0.37404677271842957,0.0,0.0,0.0,1.0,0.0,0.0,-0.08349722623825073,0.0660906434059143,0.8186230659484863,0.4204675257205963,0.6516122221946716,1.1276236772537231,0.9202916191558522,-0.08349722623825073,0.0660906434059143,0.10648830891365188
913,1,50,66.57282257080078,label_Hqql,label_Hqql,0.9601380228996277,-1.7662566900253296,-0.8657127022743225,-1.678626537322998,-0.6871429085731506,5.0,1.0,1.0,0.0,0.0,0.0,0.0,1.7097163200378418,-0.02021956443786621,-0.34031355381011963,-0.27734464406967163,2.0952303409576416,2.1452746391296387,0.4390140846271404,1.7097163200378418,-0.02021956443786621,1.7098358768577167
913,2,41,34.10365295410156,label_Hqql,label_Hqql,0.9601380228996277,-0.8482763171195984,-0.4890802800655365,-0.7606462240219116,-0.31051042675971985,2.7224905490875244,1.0,1.0,0.0,0.0,0.0,0.0,0.8581387400627136,-0.1977224349975586,-1.4249343872070312,-0.7901389598846436,3.1565892696380615,3.6741209030151367,1.6293426845733416,0.8581387400627136,-0.1977224349975586,0.8806226538636088
913,3,46,29.341175079345703,label_Hqql,label_Hqql,0.9601380228996277,-0.9936997890472412,-1.0810450315475464,-0.906069815158844,-0.9024752378463745,-0.584298849105835,0.0,0.0,0.0,1.0,0.0,0.0,0.052293598651885986,-0.013164997100830078,-1.0201748609542847,-0.8434560894966125,0.8575421571731567,1.5771980285644531,1.3236974434635778,0.052293598651885986,-0.013164997100830078,0.05392529655578536
913,4,26,27.528297424316406,label_Hqql,label_Hqql,0.9601380228996277,-0.2837902903556824,-0.3078440725803375,-0.19616003334522247,-0.12927398085594177,1.0824813842773438,-1.0,1.0,0.0,0.0,0.0,0.0,0.20375573635101318,-0.4242253303527832,-3.507561206817627,-1.0078380107879639,3.052584171295166,4.759881496429443,3.6494825764155894,0.20375573635101318,-0.4242253303527832,0.4706203682469254
913,5,49,25.965879440307617,label_Hqql,label_Hqql,0.9601380228996277,-1.285545825958252,-1.3652400970458984,-1.1979159116744995,-1.186669945716858,-0.3405131697654724,0.0,0.0,0.0,1.0,0.0,0.0,0.07214313745498657,-0.08939170837402344,-0.7127491235733032,-0.5030809640884399,0.5859277844429016,1.0509105920791626,0.8724114680485728,0.07214313745498657,-0.08939170837402344,0.11487171021568164
913,6,20,25.59844207763672,label_Hqql,label_Hqql,0.9601380228996277,0.0010762929450720549,-0.091211698949337,0.08870629966259003,0.08735847473144531,-0.10468727350234985,0.0,0.0,1.0,0.0,0.0,0.0,0.03919541835784912,-0.16935157775878906,-4.717235565185547,-2.7935779094696045,3.4664318561553955,6.486334800720215,5.482370738442263,0.03919541835784912,-0.16935157775878906,0.1738281844513081
913,7,31,25.33677864074707,label_Hqql,label_Hqql,0.9601380228996277,-0.3849799335002899,-0.3756597936153412,-0.2973499298095703,-0.19708995521068573,0.5624087452888489,1.0,1.0,0.0,0.0,0.0,0.0,0.2756268382072449,0.20009922981262207,-1.9530109167099,-2.4820363521575928,2.9447312355041504,4.320379257202148,3.158283726048028,0.2756268382072449,0.20009922981262207,0.34060219569422523
913,8,42,24.096446990966797,label_Hqql,label_Hqql,0.9601380228996277,-0.8805171251296997,-1.0183656215667725,-0.7928869724273682,-0.8397955894470215,1.4373230934143066,-1.0,1.0,0.0,0.0,0.0,0.0,-0.10290932655334473,-0.5497822761535645,-1.537528395652771,-0.23904484510421753,0.7313008308410645,1.7249395847320557,1.5560000017382658,-0.10290932655334473,-0.5497822761535645,0.559330743535752
913,9,43,24.092214584350586,label_Hqql,label_Hqql,0.9601380228996277,-0.8903865218162537,-0.8939723968505859,-0.8027563691139221,-0.7154025435447693,0.23534804582595825,0.0,0.0,0.0,1.0,0.0,0.0,0.24907654523849487,-0.07040929794311523,-1.2364158630371094,-0.90834641456604,1.3752819299697876,2.0603926181793213,1.5342155634801715,0.24907654523849487,-0.07040929794311523,0.25883700397119874
913,10,48,23.50414276123047,label_Hqql,label_Hqql,0.9601380228996277,-1.1699116230010986,-1.3228429555892944,-1.082281470298767,-1.1442731618881226,-0.1875748634338379,0.0,0.0,0.0,1.0,0.0,0.0,-0.14781087636947632,0.03991842269897461,-0.7572285532951355,-0.6969071626663208,0.43308329582214355,1.1165285110473633,1.0291135385860326,-0.14781087636947632,0.03991842269897461,0.15310628871436543
913,11,0,23.29977798461914,label_Hqql,label_Hqql,0.9601380228996277,2.51483416557312,2.3689918518066406,2.602464199066162,2.5475618839263916,-0.3073839843273163,-1.0,0.0,0.0,0.0,0.0,1.0,-0.1224038302898407,0.013572454452514648,-149.8220977783203,-130.76756286621094,89.19745635986328,217.9518585205078,198.86381390455378,-0.1224038302898407,0.013572454452514648,0.12315400598230537
913,12,45,23.22551727294922,label_Hqql,label_Hqql,0.9601380228996277,-0.9851496815681458,-0.9777191281318665,-0.8975195288658142,-0.7991490960121155,0.3385081887245178,-1.0,1.0,0.0,0.0,0.0,0.0,0.2681254744529724,-0.0955054759979248,-1.0994378328323364,-0.7659908533096313,1.235653042793274,1.8280656337738037,1.3399647516323263,0.2681254744529724,-0.0955054759979248,0.2846270647640905
2524,1,31,66.46255493164062,label_Zqq,label_Wqq,0.7628308534622192,-2.1963932514190674,-1.2209467887878418,-2.128732204437256,-1.149551272392273,5.0,1.0,1.0,0.0,0.0,0.0,0.0,1.5764877796173096,0.10184204578399658,0.17161212861537933,0.1641411930322647,-1.261765718460083,1.291481852531433,0.23747221719173106,1.5764877796173096,0.10184204578399658,1.5797738830516805
2524,2,15,30.577733993530273,label_Zqq,label_Wqq,0.7628308534622192,-0.41243016719818115,-0.44077709317207336,-0.3447692394256592,-0.3693816065788269,-0.6059446334838867,0.0,0.0,0.0,1.0,0.0,0.0,-0.04366856813430786,-0.02113407850265503,2.435511827468872,1.814005732536316,-2.5048983097076416,3.9366037845611572,3.036829705369628,-0.04366856813430786,-0.02113407850265503,0.04851384459159131
2524,3,18,30.287431716918945,label_Zqq,label_Wqq,0.7628308534622192,-0.6566504240036011,-0.6396856307983398,-0.5889894366264343,-0.5682900547981262,-0.5533562898635864,0.0,0.0,0.0,1.0,0.0,0.0,0.053799986839294434,0.03012692928314209,1.6503602266311646,1.3660893440246582,-2.0466551780700684,2.9628849029541016,2.1424026170409216,0.053799986839294434,0.03012692928314209,0.061660931325594644
2524,4,13,29.949420928955078,label_Zqq,label_Wqq,0.7628308534622192,-0.07139156758785248,-0.02635974809527397,-0.003730726195499301,0.04503574222326279,1.6839711666107178,0.0,0.0,1.0,0.0,0.0,0.0,0.11065369844436646,0.6110546588897705,1.4534132480621338,4.724699020385742,-5.1187896728515625,7.1159820556640625,4.943196425682123,0.11065369844436646,0.6110546588897705,0.6209927834768376
2524,5,23,29.874425888061523,label_Zqq,label_Wqq,0.7628308534622192,-0.7637564539909363,-0.7624144554138184,-0.69609534740448,-0.6910191178321838,-0.522286057472229,0.0,0.0,0.0,1.0,0.0,0.0,0.021078824996948242,-0.06615132093429565,1.522342324256897,1.030703067779541,-1.6740119457244873,2.486401319503784,1.8384436260473282,0.021078824996948242,-0.06615132093429565,0.06942848208483426
2524,6,0,29.337568283081055,label_Zqq,label_Wqq,0.7628308534622192,2.696918249130249,2.706051826477051,2.7645792961120605,2.77744722366333,-0.44527554512023926,0.0,0.0,1.0,0.0,0.0,0.0,0.03750252723693848,0.08036106824874878,190.19252014160156,174.2459716796875,-240.63430786132812,352.7601623535156,257.9435080873562,0.03750252723693848,0.08036106824874878,0.08868111884294971
2524,7,22,28.322877883911133,label_Zqq,label_Wqq,0.7628308534622192,-0.7569600939750671,-0.8169774413108826,-0.6892991662025452,-0.7455821633338928,-0.10797971487045288,0.0,0.0,0.0,1.0,0.0,0.0,-0.11739295721054077,-0.1270812749862671,1.5977166891098022,0.9452245235443115,-1.3578084707260132,2.299954652786255,1.8563803539602435,-0.11739295721054077,-0.1270812749862671,0.1730050775404326
2524,8,9,28.303030014038086,label_Zqq,label_Wqq,0.7628308534622192,0.06766676902770996,0.022114157676696777,0.13532786071300507,0.0935094803571701,-0.315516859292984,0.0,0.0,0.0,1.0,0.0,0.0,-0.08303344249725342,-0.08817988634109497,5.066051483154297,3.2695863246917725,-4.669485092163086,7.62621545791626,6.029516760452807,-0.08303344249725342,-0.08817988634109497,0.12112078652350768
2524,9,16,28.137298583984375,label_Zqq,label_Wqq,0.7628308534622192,-0.47516798973083496,-0.4503308832645416,-0.4075069725513458,-0.3789355754852295,-0.3017566204071045,0.0,0.0,0.0,1.0,0.0,0.0,0.06998217105865479,0.10304319858551025,2.0041592121124268,1.9215253591537476,-2.7148938179016113,3.8832411766052246,2.7764930854165732,0.06998217105865479,0.10304319858551025,0.12456084874797427
2524,10,21,27.050392150878906,label_Zqq,label_Wqq,0.7628308534622192,-0.755535364151001,-0.7219986319541931,-0.6878745555877686,-0.6506033539772034,-0.02200263738632202,0.0,0.0,0.0,1.0,0.0,0.0,0.08764559030532837,0.17363250255584717,1.248580813407898,1.378858208656311,-1.8651329278945923,2.634183883666992,1.860162360437717,0.08764559030532837,0.17363250255584717,0.19449934561271856
2524,11,10,26.557693481445312,label_Zqq,label_Wqq,0.7628308534622192,0.034555863589048386,0.03747982904314995,0.10221695899963379,0.1088753193616867,-0.5963230729103088,0.0,0.0,0.0,1.0,0.0,0.0,0.024431049823760986,0.04467540979385376,4.3763227462768555,3.7311196327209473,-5.262686252593994,7.795468330383301,5.750952485741461,0.024431049823760986,0.04467540979385376,0.050919234437880705
2524,12,14,26.469316482543945,label_Zqq,label_Wqq,0.7628308534622192,-0.2096390575170517,-0.2023106962442398,-0.1419782191514969,-0.13091520965099335,-0.4914335012435913,0.0,0.0,0.0,1.0,0.0,0.0,0.03371661901473999,0.06938314437866211,3.021517515182495,2.707775115966797,-3.7640485763549805,5.5344085693359375,4.057291482405916,0.03371661901473999,0.06938314437866211,0.07714163027610577
410,1,37,66.3296127319336,label_Hcc,label_Hbb,0.8018558621406555,-1.912514090538025,-0.8421805500984192,-1.9317137002944946,-0.7208712697029114,5.0,1.0,1.0,0.0,0.0,0.0,0.0,2.0882797241210938,-0.2027580738067627,-0.18094226717948914,0.3068610727787018,-2.1334588527679443,2.218618869781494,0.35623562713315093,2.0882797241210938,-0.2027580738067627,2.0980998647988853
410,2,31,37.357421875,label_Hcc,label_Hbb,0.8018558621406555,-0.6350342035293579,-0.8014594316482544,-0.6542335748672485,-0.6801500916481018,-0.5770496129989624,0.0,0.0,0.0,1.0,0.0,0.0,-0.045157432556152344,-0.03267240524291992,-1.4282933473587036,1.685906171798706,-0.8045493960380554,2.351510524749756,2.209593063488863,-0.045157432556152344,-0.03267240524291992,0.05573759753901337
410,3,30,37.07670593261719,label_Hcc,label_Hbb,0.8018558621406555,-0.5877699851989746,-0.7505813241004944,-0.6069694757461548,-0.6292720437049866,-0.4451131522655487,0.0,0.0,0.0,1.0,0.0,0.0,-0.030349791049957275,-0.08336925506591797,-1.4346978664398193,1.8787872791290283,-0.898097038269043,2.52878999710083,2.363937310544429,-0.030349791049957275,-0.08336925506591797,0.08872171384177695
410,4,34,36.8974494934082,label_Hcc,label_Hbb,0.8018558621406555,-1.1883833408355713,-1.0627492666244507,-1.2075830698013306,-0.9414401054382324,2.4737532138824463,1.0,1.0,0.0,0.0,0.0,0.0,0.6526389122009277,-0.49386608600616455,-0.23987819254398346,0.9731845259666443,-1.2636996507644653,1.6189645528793335,1.0023121613744346,0.6526389122009277,-0.49386608600616455,0.8184383059375084
410,5,20,35.63689422607422,label_Hcc,label_Hbb,0.8018558621406555,0.21235832571983337,0.04331958293914795,0.19315895438194275,0.16462893784046173,-0.4557281732559204,0.0,0.0,0.0,1.0,0.0,0.0,-0.05622851848602295,-0.06516170501708984,-4.606163501739502,5.80952262878418,-2.612368583679199,7.860774040222168,7.413993214126417,-0.05622851848602295,-0.06516170501708984,0.08606796205248068
410,6,19,34.86873245239258,label_Hcc,label_Hbb,0.8018558621406555,0.28150343894958496,0.11789105087518692,0.26230406761169434,0.2392003983259201,-0.5054175853729248,0.0,0.0,0.0,1.0,0.0,0.0,-0.0335845947265625,-0.06554198265075684,-5.081945896148682,6.414612293243408,-3.080825090408325,8.744421005249023,8.183729282180092,-0.0335845947265625,-0.06554198265075684,0.07364561421252157
410,7,16,34.007015228271484,label_Hcc,label_Hbb,0.8018558621406555,0.3198574483394623,0.15166234970092773,0.30065807700157166,0.2729715406894684,-0.45320063829421997,0.0,0.0,0.0,1.0,0.0,0.0,-0.05261892080307007,-0.06890654563903809,-5.345334529876709,6.79390811920166,-3.0790984630584717,9.176634788513184,8.644639308175124,-0.05261892080307007,-0.06890654563903809,0.08669984347381833
410,8,0,32.796592712402344,label_Hcc,label_Hbb,0.8018558621406555,2.5695736408233643,2.4086344242095947,2.5503740310668945,2.5299439430236816,-0.37225884199142456,0.0,0.0,1.0,0.0,0.0,0.0,-0.022886961698532104,-0.10445737838745117,-126.87657928466797,173.6206817626953,-83.41574096679688,230.65122985839844,215.03908367253092,-0.022886961698532104,-0.10445737838745117,0.10693529312331465
410,9,23,31.239364624023438,label_Hcc,label_Hbb,0.8018558621406555,-0.05993478372693062,-0.22451981902122498,-0.07913432270288467,-0.10321063548326492,-0.5839041471481323,0.0,0.0,0.0,1.0,0.0,0.0,-0.037547767162323,-0.03884267807006836,-3.2243192195892334,3.8538341522216797,-1.8703465461730957,5.361573219299316,5.0247658754058095,-0.037547767162323,-0.03884267807006836,0.0540239618922103
410,10,27,29.27115821838379,label_Hcc,label_Hbb,0.8018558621406555,-0.39804598689079285,-0.5149275660514832,-0.4172455370426178,-0.39361849427223206,0.6428890824317932,0.0,0.0,0.0,1.0,0.0,0.0,0.12563753128051758,0.3381357192993164,-2.7246620655059814,1.478331208229065,-1.7114120721817017,3.540929079055786,3.099878470590634,0.12563753128051758,0.3381357192993164,0.3607222670314783
410,11,35,29.038963317871094,label_Hcc,label_Hbb,0.8018558621406555,-1.2565622329711914,-1.3641318082809448,-1.2757618427276611,-1.242822527885437,0.8332400918006897,0.0,0.0,0.0,1.0,0.0,0.0,0.15259051322937012,0.3787257671356201,-0.8161677122116089,0.40085214376449585,-0.5301920175552368,1.0525758266448975,0.9092921288658138,0.15259051322937012,0.3787257671356201,0.40831001876033673
410,12,33,28.688343048095703,label_Hcc,label_Hbb,0.8018558621406555,-1.0754705667495728,-1.2334227561950684,-1.0946701765060425,-1.11211359500885,0.1544506549835205,0.0,0.0,0.0,1.0,0.0,0.0,-0.011250555515289307,0.23834729194641113,-0.9740950465202332,0.6620084643363953,-0.47159525752067566,1.2686679363250732,1.177759044333045,-0.011250555515289307,0.23834729194641113,0.23861267061409447
1711,1,42,66.25141143798828,label_Tbqq,label_Tbqq,0.8682659268379211,-0.6746735572814941,0.3359754681587219,-0.676568865776062,0.1517190933227539,4.993897438049316,-1.0,1.0,0.0,0.0,0.0,0.0,1.2868084907531738,-0.6649826765060425,0.9197442531585693,1.8744566440582275,11.756053924560547,11.940845489501953,2.0879456893492816,1.2868084907531738,-0.6649826765060425,1.4484743877361452
1711,2,48,39.245155334472656,label_Tbqq,label_Tbqq,0.8682659268379211,-1.1505614519119263,-0.9929117560386658,-1.1524566411972046,-1.1771681308746338,0.17297309637069702,0.0,0.0,0.0,1.0,0.0,0.0,-0.025794625282287598,0.24187171459197998,-0.4608388841152191,0.9523146152496338,1.4424256086349487,1.788817286491394,1.0579582239061325,-0.025794625282287598,0.24187171459197998,0.24324327125969558
1711,3,45,38.52976989746094,label_Tbqq,label_Tbqq,0.8682659268379211,-0.8401733636856079,-0.684081494808197,-0.8420686721801758,-0.8683376312255859,-0.2659722566604614,0.0,0.0,0.0,1.0,0.0,0.0,-0.028556108474731445,0.13041722774505615,-0.5485132932662964,1.5543709993362427,2.239630699157715,2.780805826187134,1.648313088119908,-0.028556108474731445,0.13041722774505615,0.13350694597632917
1711,4,38,34.86375427246094,label_Tbqq,label_Tbqq,0.8682659268379211,-0.6151711344718933,-0.44223466515541077,-0.617066502571106,-0.6264909505844116,-0.12324941158294678,0.0,0.0,0.0,1.0,0.0,0.0,0.001132965087890625,0.1691838502883911,-0.838967502117157,2.112705945968628,3.2039127349853516,3.928415536880493,2.273190023675957,0.001132965087890625,0.1691838502883911,0.16918764378137996
1711,5,30,33.59328079223633,label_Tbqq,label_Tbqq,0.8682659268379211,-0.27584508061408997,-0.04219973087310791,-0.27774032950401306,-0.22645612061023712,1.6771299839019775,0.0,0.0,1.0,0.0,0.0,0.0,0.10536372661590576,0.6102534532546997,-2.6964404582977295,2.520660877227783,5.89678430557251,6.956765651702881,3.69114107060833,0.10536372661590576,0.6102534532546997,0.6192824816638021
1711,6,23,33.39729690551758,label_Tbqq,label_Tbqq,0.8682659268379211,-0.09548849612474442,0.06825757026672363,-0.09738373756408691,-0.11599864810705185,-0.3099450170993805,0.0,0.0,0.0,1.0,0.0,0.0,-0.015019059181213379,0.12158966064453125,-1.549478530883789,4.5175862312316895,6.598917007446289,8.145868301391602,4.775925991290477,-0.015019059181213379,0.12158966064453125,0.12251374500169791
1711,7,39,32.011619567871094,label_Tbqq,label_Tbqq,0.8682659268379211,-0.6323883533477783,-0.49146953225135803,-0.6342835426330566,-0.6757257580757141,1.0253467559814453,0.0,0.0,0.0,1.0,0.0,0.0,-0.05563187599182129,-0.4529329538345337,0.5360608696937561,2.152205467224121,2.9134135246276855,3.6616017818450928,2.2179606915286447,-0.05563187599182129,-0.4529329538345337,0.45633668085706763
1711,8,0,30.107789993286133,label_Tbqq,label_Tbqq,0.8682659268379211,2.599567413330078,2.769402503967285,2.5976719856262207,2.585146188735962,-0.32178494334220886,0.0,0.0,0.0,1.0,0.0,0.0,-0.004305839538574219,0.11947619915008545,-72.37168884277344,212.4656219482422,314.247314453125,386.1744079589844,224.45334004155205,-0.004305839538574219,0.11947619915008545,0.11955376371107197
1711,9,50,30.024219512939453,label_Tbqq,label_Tbqq,0.8682659268379211,-1.2026832103729248,-1.3678916692733765,-1.2045786380767822,-1.5521479845046997,2.3802883625030518,0.0,0.0,0.0,1.0,0.0,0.0,-0.7807567119598389,-0.15019524097442627,-0.057543955743312836,0.9803569316864014,0.3628588616847992,1.0469372272491455,0.9820443067133803,-0.7807567119598389,-0.15019524097442627,0.7950721059637954
1711,10,41,27.868099212646484,label_Tbqq,label_Tbqq,0.8682659268379211,-0.6670294404029846,-0.42404448986053467,-0.668924868106842,-0.6083006262779236,-0.05992841720581055,0.0,0.0,0.0,1.0,0.0,0.0,0.12106382846832275,0.13991129398345947,-0.7213066220283508,1.9838080406188965,3.435102939605713,4.031836986541748,2.1108712857505396,0.12106382846832275,0.13991129398345947,0.18501789304695235
1711,11,47,27.865150451660156,label_Tbqq,label_Tbqq,0.8682659268379211,-1.114060401916504,-0.8944482207298279,-1.1159557104110718,-1.078704595565796,0.5278604626655579,0.0,0.0,0.0,1.0,0.0,0.0,0.08161795139312744,0.32177531719207764,-0.5640386343002319,0.9613362550735474,1.7312259674072266,2.058992624282837,1.114588254155813,0.08161795139312744,0.32177531719207764,0.3319651257943718
1711,12,49,27.849340438842773,label_Tbqq,label_Tbqq,0.8682659268379211,-1.1756080389022827,-0.7517330646514893,-1.177503228187561,-0.9359893798828125,2.018646478652954,0.0,0.0,1.0,0.0,0.0,0.0,0.4127316474914551,-0.5711396932601929,0.3618023991584778,0.9545031189918518,2.309067487716675,2.524632692337036,1.0207728347688352,0.4127316474914551,-0.5711396932601929,0.7046615939998134
1480,1,21,66.23424530029297,label_Tbl,label_Tbl,0.9999748468399048,-1.8290483951568604,-0.8802177906036377,-1.8429577350616455,-0.7084861397743225,5.0,1.0,1.0,0.0,0.0,0.0,0.0,2.156970262527466,-0.42066025733947754,0.33391764760017395,0.22266413271427155,2.057865619659424,2.10127854347229,0.4013481174444857,2.156970262527466,-0.42066025733947754,2.1976068268761635
1480,2,2,37.48380661010742,label_Tbl,label_Tbl,0.9999748468399048,1.7383079528808594,1.5449919700622559,1.7243986129760742,1.7167236804962158,-0.4004347622394562,0.0,0.0,1.0,0.0,0.0,0.0,0.0390506237745285,0.0919419527053833,29.705917358398438,58.4681282043457,14.490875244140625,67.1635971069336,65.58173176902089,0.0390506237745285,0.0919419527053833,0.099891310355099
1480,3,19,34.449893951416016,label_Tbl,label_Tbl,0.9999748468399048,-0.9866746068000793,-1.1839807033538818,-1.0005840063095093,-1.0122487545013428,-0.7228525876998901,0.0,0.0,0.0,1.0,0.0,0.0,0.01086975634098053,0.015932083129882812,0.6943994164466858,1.1425888538360596,0.25695717334747314,1.3615163564682007,1.337048928974515,0.01086975634098053,0.015932083129882812,0.019286857591888393
1480,4,10,34.253204345703125,label_Tbl,label_Tbl,0.9999748468399048,0.647692859172821,0.4507419466972351,0.6337835192680359,0.6224736571311951,-0.3551258444786072,-1.0,1.0,0.0,0.0,0.0,0.0,0.013281986117362976,0.11042261123657227,6.026083946228027,12.42407512664795,2.687652826309204,14.068201065063477,13.808378995362903,0.013281986117362976,0.11042261123657227,0.11121854264251532
1480,5,9,32.870933532714844,label_Tbl,label_Tbl,0.9999748468399048,0.9510549902915955,0.7596688866615295,0.9371455907821655,0.9314006567001343,-0.3938745856285095,1.0,1.0,0.0,0.0,0.0,0.0,0.04740677773952484,0.08978426456451416,9.688451766967773,18.967660903930664,4.888594150543213,21.872745513916016,21.298785359906343,0.04740677773952484,0.08978426456451416,0.101531358402394
1480,6,14,32.722373962402344,label_Tbl,label_Tbl,0.9999748468399048,-0.06346698850393295,-0.2579214572906494,-0.07737626880407333,-0.08618955314159393,-0.5347599387168884,-1.0,1.0,0.0,0.0,0.0,0.0,0.029586464166641235,0.059343576431274414,2.4086315631866455,4.381009578704834,1.056270718574524,5.1117448806762695,4.999475066032678,0.029586464166641235,0.059343576431274414,0.06631002130551952
1480,7,11,31.66411590576172,label_Tbl,label_Tbl,0.9999748468399048,0.27928024530410767,0.08006808906793594,0.2653708755970001,0.2517998218536377,-0.44122305512428284,0.0,0.0,0.0,1.0,0.0,0.0,-0.004134580492973328,0.0895988941192627,3.712179660797119,7.2642316818237305,1.4433106184005737,8.284472465515137,8.157777869079755,-0.004134580492973328,0.0895988941192627,0.08969423940949453
1480,8,17,31.62783432006836,label_Tbl,label_Tbl,0.9999748468399048,-0.3945291340351105,-0.5653885006904602,-0.4084385931491852,-0.3936568796634674,0.09411907196044922,0.0,0.0,0.0,1.0,0.0,0.0,0.1573864221572876,0.15872955322265625,1.2226791381835938,2.865544319152832,1.0716701745986938,3.294656991958618,3.1154916979472826,0.1573864221572876,0.15872955322265625,0.22352976747121625
1480,9,18,29.22306251525879,label_Tbl,label_Tbl,0.9999748468399048,-0.8586822152137756,-1.030850887298584,-0.8725913763046265,-0.8591191172599792,0.24845463037490845,0.0,0.0,0.0,1.0,0.0,0.0,0.1515895426273346,0.21383213996887207,0.5477280020713806,1.5089682340621948,0.5423614382743835,1.6944459676742554,1.6053009361680086,0.1515895426273346,0.21383213996887207,0.26211366526305296
1480,10,6,28.5396728515625,label_Tbl,label_Tbl,0.9999748468399048,1.276302695274353,1.0788459777832031,1.2623933553695679,1.250577688217163,-0.5007014274597168,-1.0,1.0,0.0,0.0,0.0,0.0,0.009681761264801025,0.07419562339782715,15.887260437011719,29.941892623901367,6.4731645584106445,34.50859832763672,33.89575162309691,0.009681761264801025,0.07419562339782715,0.0748246418807387
1480,11,13,28.51778221130371,label_Tbl,label_Tbl,0.9999748468399048,0.056735359132289886,-0.1385791003704071,0.042826078832149506,0.03315262869000435,-0.5521296858787537,0.0,0.0,0.0,1.0,0.0,0.0,0.0254058837890625,0.05652010440826416,2.874546527862549,5.193663597106934,1.228801965713501,6.061939716339111,5.936089563067624,0.0254058837890625,0.05652010440826416,0.061967581310104644
1480,12,16,27.909408569335938,label_Tbl,label_Tbl,0.9999748468399048,-0.21405363082885742,-0.4028380811214447,-0.2279631644487381,-0.23110641539096832,-0.2197495698928833,1.0,1.0,0.0,0.0,0.0,0.0,0.0649627298116684,0.12970352172851562,1.689236044883728,3.6608426570892334,0.9981621503829956,4.155850410461426,4.031784639002756,0.0649627298116684,0.12970352172851562,0.1450626065302956
96,1,65,66.18558502197266,label_Hbb,label_Tbqq,0.591644823551178,-1.3978307247161865,-0.6568955183029175,-1.292868971824646,-0.46478232741355896,5.0,-1.0,1.0,0.0,0.0,0.0,0.0,1.532796859741211,-0.41513514518737793,0.40076929330825806,-0.6257856488227844,-2.7902982234954834,2.8909287452697754,0.7431175578139396,1.532796859741211,-0.41513514518737793,1.5880187032910735
96,2,35,33.34910202026367,label_Hbb,label_Tbqq,0.591644823551178,-0.43203824758529663,-0.531859278678894,-0.32707658410072327,-0.3397460877895355,-0.45753660798072815,0.0,0.0,0.0,1.0,0.0,0.0,0.07521754503250122,-0.040894925594329834,2.3913705348968506,-1.7324039936065674,-1.7961595058441162,3.456308126449585,2.9529437231746956,0.07521754503250122,-0.040894925594329834,0.08561585145335017
96,3,60,31.945049285888672,label_Hbb,label_Tbqq,0.591644823551178,-1.1674104928970337,-1.3772708177566528,-1.0624488592147827,-1.1851576566696167,1.2852752208709717,0.0,0.0,0.0,1.0,0.0,0.0,-0.5206547975540161,0.026302874088287354,0.8751834034919739,-0.5483826994895935,0.020633500069379807,1.0330030918121338,1.0327969669045747,-0.5206547975540161,0.026302874088287354,0.5213187694696191
96,4,59,31.744112014770508,label_Hbb,label_Tbqq,0.591644823551178,-1.157073736190796,-1.225522518157959,-1.0521122217178345,-1.0334094762802124,-0.17146003246307373,0.0,0.0,0.0,1.0,0.0,0.0,0.15690600872039795,-0.00848013162612915,0.8683114647865295,-0.5870921611785889,-0.7400132417678833,1.283067226409912,1.048161249807049,0.15690600872039795,-0.00848013162612915,0.15713499993623978
96,5,58,31.497623443603516,label_Hbb,label_Tbqq,0.591644823551178,-1.1278904676437378,-1.337209939956665,-1.0229289531707764,-1.1450968980789185,1.1205415725708008,0.0,0.0,0.0,1.0,0.0,0.0,-0.45658010244369507,0.14854151010513306,0.9898560047149658,-0.46299079060554504,-0.0482049435377121,1.093846082687378,1.0927833189868073,-0.45658010244369507,0.14854151010513306,0.48013536650803845
96,6,56,30.531557083129883,label_Hbb,label_Tbqq,0.591644823551178,-0.9515060782432556,-1.0360658168792725,-0.8465443849563599,-0.8439528942108154,-0.33513566851615906,0.0,0.0,0.0,1.0,0.0,0.0,0.11601793766021729,0.006783604621887207,1.1765836477279663,-0.7696206569671631,-0.9230490922927856,1.681869387626648,1.4059392005813818,0.11601793766021729,0.006783604621887207,0.1162160881745559
96,7,48,29.998796463012695,label_Hbb,label_Tbqq,0.591644823551178,-0.7320592403411865,-0.9415284395217896,-0.6270974278450012,-0.7494153380393982,1.0914969444274902,0.0,0.0,0.0,1.0,0.0,0.0,-0.4617328941822052,0.10204300284385681,1.7026586532592773,-0.8951036930084229,-0.0749337300658226,1.925064206123352,1.9236052377647586,-0.4617328941822052,0.10204300284385681,0.4728742327503867
96,8,36,29.70878028869629,label_Hbb,label_Tbqq,0.591644823551178,-0.4554600119590759,-0.5428799986839294,-0.35049834847450256,-0.35076704621315,-0.24636149406433105,0.0,0.0,0.0,1.0,0.0,0.0,0.10853689908981323,-0.08588927984237671,2.2349812984466553,-1.7777241468429565,-1.849412202835083,3.4023184776306152,2.8557738962800987,0.10853689908981323,-0.08588927984237671,0.13840963425959335
96,9,64,29.64671516418457,label_Hbb,label_Tbqq,0.591644823551178,-1.279489517211914,-1.4756076335906982,-1.174527883529663,-1.2834945917129517,2.0233545303344727,0.0,0.0,0.0,1.0,0.0,0.0,-0.7004904747009277,0.08672505617141724,0.7725522518157959,-0.42136630415916443,0.17700590193271637,0.897617757320404,0.8799923545499758,-0.7004904747009277,0.08672505617141724,0.7058386079796617
96,10,12,29.123300552368164,label_Hbb,label_Tbqq,0.591644823551178,0.5128541588783264,0.3036177456378937,0.6178158521652222,0.4957309663295746,1.0182137489318848,0.0,0.0,1.0,0.0,0.0,0.0,-0.4539605677127838,0.023208141326904297,9.632190704345703,-6.0770440101623535,-0.5322576761245728,11.401440620422363,11.389010565731068,-0.4539605677127838,0.023208141326904297,0.4545534235510305
96,11,55,28.366687774658203,label_Hbb,label_Tbqq,0.591644823551178,-0.9443615674972534,-0.9997658729553223,-0.839400053024292,-0.8076526522636414,1.4646611213684082,0.0,0.0,0.0,1.0,0.0,0.0,0.18864059448242188,-0.5338144302368164,0.6190054416656494,-1.2783825397491455,-1.0584819316864014,1.7713874578475952,1.4203625082165332,0.18864059448242188,-0.5338144302368164,0.5661652760596843
96,12,62,28.16539764404297,label_Hbb,label_Tbqq,0.591644823551178,-1.2479571104049683,-1.003198504447937,-1.1429954767227173,-0.8110852837562561,2.2639548778533936,0.0,0.0,0.0,1.0,0.0,0.0,0.7656791806221008,-0.021773040294647217,0.7556663155555725,-0.525700032711029,-1.5032621622085571,1.762722134590149,0.9205390295135297,0.7656791806221008,-0.021773040294647217,0.76598868981324
1623,1,58,66.0370101928711,label_Tbqq,label_Tbqq,0.8459432721138,-1.562732458114624,-0.8240926265716553,-1.59303879737854,-0.6896018981933594,5.0,1.0,1.0,0.0,0.0,0.0,0.0,1.785001277923584,-0.40522122383117676,-0.19580262899398804,0.5535399317741394,-2.1952483654022217,2.2766950130462646,0.5871500026309088,1.785001277923584,-0.40522122383117676,1.8304190237298301
1623,2,57,30.884523391723633,label_Tbqq,label_Tbqq,0.8459432721138,-1.2956609725952148,-1.4608601331710815,-1.3259671926498413,-1.3263694047927856,-0.07699978351593018,0.0,0.0,0.0,1.0,0.0,0.0,0.11726301908493042,0.13754987716674805,-0.6642664670944214,0.5460500717163086,-0.3177604079246521,0.9167291522026062,0.8598957030521142,0.11726301908493042,0.13754987716674805,0.18075006045227268
1623,3,40,30.236879348754883,label_Tbqq,label_Tbqq,0.8459432721138,-0.4846680462360382,-0.6872737407684326,-0.5149744153022766,-0.5527830123901367,-0.18734651803970337,0.0,0.0,0.0,1.0,0.0,0.0,-0.09873312711715698,-0.11709308624267578,-1.6095435619354248,2.2162702083587646,-0.40023404359817505,2.768153190612793,2.739066285110015,-0.09873312711715698,-0.11709308624267578,0.1531633808590271
1623,4,52,29.98988151550293,label_Tbqq,label_Tbqq,0.8459432721138,-1.0743626356124878,-1.2049232721328735,-1.1046687364578247,-1.0704326629638672,1.314561128616333,0.0,0.0,0.0,1.0,0.0,0.0,0.24113419651985168,0.4704411029815674,-1.1060128211975098,0.41018301248550415,-0.5954374670982361,1.3213857412338257,1.1796247133664832,0.24113419651985168,0.4704411029815674,0.5286402672004736
1623,5,31,29.989837646484375,label_Tbqq,label_Tbqq,0.8459432721138,-0.38071122765541077,-0.5900420546531677,-0.41101741790771484,-0.4555511474609375,0.1516636610031128,0.0,0.0,0.0,1.0,0.0,0.0,-0.2006068378686905,-0.12790966033935547,-1.839318871498108,2.5911505222320557,-0.13900673389434814,3.1806411743164062,3.177602073877805,-0.2006068378686905,-0.12790966033935547,0.23791591919794766
1623,6,4,28.97210121154785,label_Tbqq,label_Tbqq,0.8459432721138,1.3046294450759888,1.1021648645401,1.2743229866027832,1.236655592918396,-0.0902566909790039,0.0,0.0,1.0,0.0,0.0,0.0,-0.09734420478343964,-0.14834952354431152,-19.837902069091797,29.193016052246094,-5.206953048706055,35.67753982543945,35.29553151221234,-0.09734420478343964,-0.14834952354431152,0.17743583443246314
1623,7,45,28.385995864868164,label_Tbqq,label_Tbqq,0.8459432721138,-0.6619851589202881,-0.8475421071052551,-0.6922915577888489,-0.7130513787269592,0.8138558268547058,0.0,0.0,0.0,1.0,0.0,0.0,0.021469056606292725,0.4028923511505127,-1.9390130043029785,0.8721749186515808,-0.5718222856521606,2.201690673828125,2.1261374648834335,0.021469056606292725,0.4028923511505127,0.4034639599854642
1623,8,36,28.032485961914062,label_Tbqq,label_Tbqq,0.8459432721138,-0.42663508653640747,-0.6325119733810425,-0.4569413661956787,-0.49802106618881226,-0.09428542852401733,0.0,0.0,0.0,1.0,0.0,0.0,-0.13569486141204834,-0.11275625228881836,-1.7590948343276978,2.400233268737793,-0.3239414393901825,2.9934048652648926,2.975824991580335,-0.13569486141204834,-0.11275625228881836,0.17642864802478836
1623,9,33,27.328920364379883,label_Tbqq,label_Tbqq,0.8459432721138,-0.38828006386756897,-0.47430190443992615,-0.4185863435268402,-0.33981117606163025,0.6810563206672668,0.0,0.0,0.0,1.0,0.0,0.0,0.36854201555252075,0.03566884994506836,-2.212679624557495,2.232754707336426,-2.0494415760040283,3.7525131702423096,3.143428813265041,0.36854201555252075,0.03566884994506836,0.3702640734447757
1623,10,46,26.854570388793945,label_Tbqq,label_Tbqq,0.8459432721138,-0.7907278537750244,-0.9823293685913086,-0.8210341334342957,-0.8478384613990784,0.3423197865486145,0.0,0.0,0.0,1.0,0.0,0.0,-0.01405787467956543,0.285233736038208,-1.5169302225112915,0.9100130200386047,-0.4109662175178528,1.8160655498504639,1.7689547751731638,-0.01405787467956543,0.285233736038208,0.2855799503025737
1623,11,48,25.876245498657227,label_Tbqq,label_Tbqq,0.8459432721138,-0.8057546615600586,-1.0124584436416626,-0.8360608220100403,-0.8779676556587219,1.711411952972412,0.0,0.0,0.0,1.0,0.0,0.0,-0.3414609432220459,-0.526881217956543,-0.3750211000442505,1.6902824640274048,0.16842053830623627,1.7395577430725098,1.7313854665200799,-0.3414609432220459,-0.526881217956543,0.6278530031635267
1623,12,50,25.591495513916016,label_Tbqq,label_Tbqq,0.8459432721138,-0.8651928305625916,-0.959178626537323,-0.8954991102218628,-0.8246877789497375,0.5900104641914368,0.0,0.0,0.0,1.0,0.0,0.0,0.34742212295532227,0.00747990608215332,-1.0872353315353394,1.1607825756072998,-0.9970587491989136,1.8771315813064575,1.5904392015956712,0.34742212295532227,0.00747990608215332,0.34750263382279695
155,1,54,65.99108123779297,label_Hbb,label_Hbb,0.490255206823349,-1.8437741994857788,-0.9089946150779724,-1.8707267045974731,-0.9372784495353699,5.0,1.0,1.0,0.0,0.0,0.0,0.0,1.5169076919555664,0.7374560832977295,-0.017114942893385887,-0.39262035489082336,-1.973054051399231,2.0166471004486084,0.392993211576027,1.5169076919555664,0.7374560832977295,1.686668438285009
155,2,48,36.61482620239258,label_Hbb,label_Hbb,0.490255206823349,-0.657428503036499,-0.648722767829895,-0.6843811273574829,-0.6770067811012268,-0.5699009299278259,0.0,0.0,0.0,1.0,0.0,0.0,0.032663822174072266,0.04735159873962402,-1.4329566955566406,-1.5894440412521362,-1.9937955141067505,2.9248790740966797,2.1400227222187453,0.032663822174072266,0.04735159873962402,0.0575247701622334
155,3,49,34.93767547607422,label_Hbb,label_Hbb,0.490255206823349,-0.709084153175354,-0.6783068180084229,-0.7360365390777588,-0.7065905928611755,-0.35318678617477417,0.0,0.0,0.0,1.0,0.0,0.0,0.0781245231628418,0.07983851432800293,-1.2823638916015625,-1.5188301801681519,-1.9774279594421387,2.8038408756256104,1.9877882851735305,0.0781245231628418,0.07983851432800293,0.11170331010997003
155,4,52,34.67864227294922,label_Hbb,label_Hbb,0.490255206823349,-1.2269015312194824,-1.3760721683502197,-1.2538541555404663,-1.4043558835983276,0.8228464722633362,0.0,0.0,0.0,1.0,0.0,0.0,-0.3766046464443207,-0.15090012550354004,-0.7615436315536499,-0.5656733512878418,-0.4133053719997406,1.034773588180542,0.9486490621495071,-0.3766046464443207,-0.15090012550354004,0.4057116064403826
155,5,21,31.575658798217773,label_Hbb,label_Hbb,0.490255206823349,0.22564101219177246,0.2385917454957962,0.19868846237659454,0.21030788123607635,-0.5642122626304626,0.0,0.0,1.0,0.0,0.0,0.0,0.04152911901473999,-0.04183387756347656,-5.539240837097168,-5.1390886306762695,-7.13154935836792,10.390015602111816,7.556018859512662,0.04152911901473999,-0.04183387756347656,0.05894693408597589
155,6,8,31.06728172302246,label_Hbb,label_Hbb,0.490255206823349,0.7201076149940491,0.763306200504303,0.69315505027771,0.7350221276283264,-0.2875048518180847,0.0,0.0,1.0,0.0,0.0,0.0,0.10306578874588013,0.07611274719238281,-9.922490119934082,-11.663745880126953,-15.777064323425293,21.986690521240234,15.313352935799786,0.10306578874588013,0.07611274719238281,0.12812379597476017
155,7,22,30.40505599975586,label_Hbb,label_Hbb,0.490255206823349,0.19637514650821686,0.19993647933006287,0.16942276060581207,0.17165279388427734,-0.6304736733436584,1.0,1.0,0.0,0.0,0.0,0.0,0.02168750762939453,-0.03641223907470703,-5.285628795623779,-4.957389831542969,-6.643157005310059,9.831815719604492,7.246625815302796,0.02168750762939453,-0.03641223907470703,0.042381589654101784
155,8,44,29.263330459594727,label_Hbb,label_Hbb,0.490255206823349,-0.35649654269218445,-0.5116021633148193,-0.3834490180015564,-0.5398861765861511,0.8963305354118347,0.0,0.0,0.0,1.0,0.0,0.0,-0.39833128452301025,-0.14552760124206543,-2.6300809383392334,-1.9756344556808472,-1.3555140495300293,3.557790756225586,3.2894463431843266,-0.39833128452301025,-0.14552760124206543,0.4240826510870504
155,9,50,28.188926696777344,label_Hbb,label_Hbb,0.490255206823349,-0.9171774983406067,-0.9516865611076355,-0.9441300630569458,-0.9799703359603882,-0.5385007858276367,0.0,0.0,0.0,1.0,0.0,0.0,-0.06153684854507446,0.022069931030273438,-1.0161415338516235,-1.0713648796081543,-1.1914258003234863,1.8973301649093628,1.4766063531206024,-0.06153684854507446,0.022069931030273438,0.06537480848568858
155,10,36,28.14786720275879,label_Hbb,label_Hbb,0.490255206823349,-0.10186005383729935,-0.2360963523387909,-0.12881268560886383,-0.26438021659851074,0.6308358311653137,0.0,0.0,0.0,1.0,0.0,0.0,-0.325861394405365,-0.14754676818847656,-3.789729356765747,-2.8347742557525635,-2.326631546020508,5.273633003234863,4.732651865350928,-0.325861394405365,-0.14754676818847656,0.35770895594976776
155,11,53,27.6019229888916,label_Hbb,label_Hbb,0.490255206823349,-1.2339473962783813,-1.1769167184829712,-1.2609000205993652,-1.205200433731079,-0.2751193046569824,0.0,0.0,0.0,1.0,0.0,0.0,0.13035500049591064,-0.015043497085571289,-0.6711228489875793,-0.656957745552063,-1.004749059677124,1.3753254413604736,0.9391482086838341,0.13035500049591064,-0.015043497085571289,0.13122016978670792
155,12,41,27.219127655029297,label_Hbb,label_Hbb,0.490255206823349,-0.2653612196445465,-0.23174060881137848,-0.29231375455856323,-0.26002463698387146,-0.45895203948020935,0.0,0.0,0.0,1.0,0.0,0.0,0.08387202024459839,0.015332698822021484,-2.596682071685791,-2.7011194229125977,-3.7577483654022217,5.3065505027771,3.74683919033765,0.08387202024459839,0.015332698822021484,0.08526199289881242
1691,1,39,65.98815155029297,label_Tbqq,label_Tbqq,0.9910508394241333,-2.226487398147583,-1.1846002340316772,-2.186976909637451,-1.01027512550354,5.0,-1.0,1.0,0.0,0.0,0.0,0.0,2.0568645000457764,0.49575209617614746,0.10001936554908752,-0.2043108195066452,-1.3338745832443237,1.36031174659729,0.22747919564724803,2.0568645000457764,0.49575209617614746,2.1157650418729403
1691,2,31,38.0798454284668,label_Tbqq,label_Tbqq,0.9910508394241333,-0.4844905436038971,-0.6014187932014465,-0.44497981667518616,-0.42709389328956604,-0.022972404956817627,0.0,0.0,0.0,1.0,0.0,0.0,0.11491307616233826,-0.15662288665771484,-0.536587655544281,-2.686701536178589,-1.5121631622314453,3.1293654441833496,2.739761204299911,0.11491307616233826,-0.15662288665771484,0.19425690128818265
1691,3,20,35.957923889160156,label_Tbqq,label_Tbqq,0.9910508394241333,0.2335897833108902,0.12004012614488602,0.2731003761291504,0.29436519742012024,0.19313740730285645,0.0,0.0,0.0,1.0,0.0,0.0,0.12482377886772156,-0.21462559700012207,-1.9286905527114868,-7.394933223724365,-4.304758548736572,8.771306991577148,7.642308854754627,0.12482377886772156,-0.21462559700012207,0.24828435846520147
1691,4,21,35.5792350769043,label_Tbqq,label_Tbqq,0.9910508394241333,0.1896810680627823,0.07480961829423904,0.2291918247938156,0.24913454055786133,-0.06535118818283081,0.0,0.0,1.0,0.0,0.0,0.0,0.12096467614173889,-0.13820040225982666,-1.2758578062057495,-7.063352584838867,-4.011268138885498,8.222471237182617,7.177657199909039,0.12096467614173889,-0.13820040225982666,0.18366220095287347
1691,5,37,33.651283264160156,label_Tbqq,label_Tbqq,0.9910508394241333,-1.2599109411239624,-1.3647050857543945,-1.2204004526138306,-1.1903799772262573,0.010405004024505615,0.0,0.0,0.0,1.0,0.0,0.0,0.14983049035072327,-0.136374831199646,-0.1592329889535904,-0.8908332586288452,-0.5358765721321106,1.0517141819000244,0.9049525067374427,0.14983049035072327,-0.136374831199646,0.20260125967888284
1691,6,24,32.21138000488281,label_Tbqq,label_Tbqq,0.9910508394241333,0.05801234021782875,-0.052254531532526016,0.09752292186021805,0.1220705509185791,0.1631736159324646,0.0,0.0,0.0,1.0,0.0,0.0,0.13431015610694885,-0.19985556602478027,-1.4156734943389893,-5.775969982147217,-3.4146854877471924,6.857553005218506,5.946928675983905,0.13431015610694885,-0.19985556602478027,0.24079340793418386
1691,7,27,30.983810424804688,label_Tbqq,label_Tbqq,0.9910508394241333,-0.19363193213939667,-0.3213841915130615,-0.15412135422229767,-0.1470590978860855,-0.44009146094322205,-1.0,1.0,0.0,0.0,0.0,0.0,0.08106964826583862,-0.03903329372406006,-0.32981958985328674,-4.138016700744629,-2.1319639682769775,4.668695449829102,4.1511399852922874,0.08106964826583862,-0.03903329372406006,0.08997714092421218
1691,8,6,30.72252655029297,label_Tbqq,label_Tbqq,0.9910508394241333,0.9957350492477417,0.8673741221427917,1.0352457761764526,1.0416991710662842,0.07985192537307739,0.0,0.0,1.0,0.0,0.0,0.0,0.08014419674873352,-0.2048429250717163,-5.514280796051025,-22.022716522216797,-11.636096000671387,25.510902404785156,22.70258434001772,0.08014419674873352,-0.2048429250717163,0.21996298830584315
1691,9,36,28.915752410888672,label_Tbqq,label_Tbqq,0.9910508394241333,-1.1047399044036865,-1.2491178512573242,-1.0652292966842651,-1.0747929811477661,0.08241033554077148,0.0,0.0,0.0,1.0,0.0,0.0,0.027538657188415527,-0.21887695789337158,-0.28970324993133545,-1.0917446613311768,-0.5129349231719971,1.2405388355255127,1.129528387675982,0.027538657188415527,-0.21887695789337158,0.2206025846095141
1691,10,28,28.529281616210938,label_Tbqq,label_Tbqq,0.9910508394241333,-0.2461262047290802,-0.4269419312477112,-0.20661553740501404,-0.25261691212654114,-0.0038509368896484375,0.0,0.0,0.0,1.0,0.0,0.0,-0.1214875876903534,0.15765976905822754,0.45016440749168396,-3.824824571609497,-1.135676622390747,4.015182971954346,3.8512246100896412,-0.1214875876903534,0.15765976905822754,0.19903727475604902
1691,11,19,27.53304672241211,label_Tbqq,label_Tbqq,0.9910508394241333,0.25472012162208557,0.13600744307041168,0.29423069953918457,0.3103325366973877,-0.043250203132629395,-1.0,1.0,0.0,0.0,0.0,0.0,0.10644444823265076,-0.1564016342163086,-1.5409226417541504,-7.72431755065918,-4.2712721824646,8.973684310913086,7.876517264076301,0.10644444823265076,-0.1564016342163086,0.18918745134148157
1691,12,35,26.721595764160156,label_Tbqq,label_Tbqq,0.9910508394241333,-0.7666912078857422,-0.9046744108200073,-0.727180540561676,-0.7303494811058044,0.49826985597610474,0.0,0.0,0.0,1.0,0.0,0.0,0.049166738986968994,0.3208218812942505,0.506499171257019,-1.7592930793762207,-0.8750555515289307,2.0291316509246826,1.8307521813793128,0.049166738986968994,0.3208218812942505,0.324567477945334
996,1,4,65.82160186767578,label_Hqql,label_Hqql,0.9545259475708008,-1.8189384937286377,-0.9526160955429077,-1.8560017347335815,-0.7831500768661499,5.0,1.0,1.0,0.0,0.0,0.0,0.0,2.146392822265625,-0.6745858788490295,-0.3787475824356079,0.1495034396648407,-1.8452733755111694,1.8948125839233398,0.4071867012470278,2.146392822265625,-0.6745858788490295,2.2499040547134252
996,2,0,27.810436248779297,label_Hqql,label_Hqql,0.9545259475708008,2.6622462272644043,2.4561429023742676,2.625183343887329,2.6256091594696045,-0.6558861136436462,0.0,0.0,0.0,1.0,0.0,0.0,0.035788871347904205,-0.004148244857788086,-234.9113006591797,-71.24862670898438,-25.973464965820312,246.8487548828125,245.4784837522501,0.035788871347904205,-0.004148244857788086,0.03602847828811264
996,3,2,23.88695526123047,label_Hqql,label_Hqql,0.9545259475708008,2.2824060916900635,2.0786664485931396,2.245342969894409,2.2481324672698975,-0.5063112378120422,0.0,0.0,0.0,1.0,0.0,0.0,0.06411978602409363,-0.03576970100402832,-137.7757110595703,-37.07358169555664,-19.167572021484375,143.9582977294922,142.67654683831998,0.06411978602409363,-0.03576970100402832,0.07342219330483894
996,4,1,21.604496002197266,label_Hqql,label_Hqql,0.9545259475708008,2.6110525131225586,2.4011290073394775,2.5739893913269043,2.5705950260162354,-0.4432929456233978,1.0,0.0,0.0,0.0,1.0,0.0,-0.0845930427312851,0.02822256088256836,-216.0867156982422,-73.2559585571289,3.3703343868255615,228.1912841796875,228.16639578469204,-0.0845930427312851,0.02822256088256836,0.08917676727324951
996,5,3,16.814693450927734,label_Hqql,label_Hqql,0.9545259475708008,0.8377030491828918,0.6346390247344971,0.8006399869918823,0.8041049838066101,-0.5149279236793518,0.0,0.0,1.0,0.0,0.0,0.0,0.07118159532546997,-0.0035088062286376953,-17.33146095275879,-5.268738269805908,-2.5627009868621826,18.294986724853516,18.11461127688695,0.07118159532546997,-0.0035088062286376953,0.07126802392538392
702,1,44,65.68682098388672,label_Hgg,label_Hgg,0.6790173053741455,-2.017260789871216,-0.9882599115371704,-1.9934231042861938,-0.786446213722229,5.0,1.0,1.0,0.0,0.0,0.0,0.0,2.2451624870300293,0.5624974370002747,-0.2967134714126587,-0.07772910594940186,1.7689317464828491,1.8007442951202393,0.30672577007718793,2.2451624870300293,0.5624974370002747,2.314553511975635
702,2,2,35.82139587402344,label_Hgg,label_Hgg,0.6790173053741455,1.753211498260498,1.5697561502456665,1.77704918384552,1.7715697288513184,-0.30473947525024414,0.0,0.0,1.0,0.0,0.0,0.0,0.06954251229763031,0.10244035720825195,-65.60589599609375,13.56197452545166,18.80484390258789,69.58219909667969,66.9929902488258,0.06954251229763031,0.10244035720825195,0.12381513559181818
702,3,38,32.75019454956055,label_Hgg,label_Hgg,0.6790173053741455,-0.8436285853385925,-1.0457299947738647,-0.8197911381721497,-0.8439164757728577,0.2858002781867981,0.0,0.0,0.0,1.0,0.0,0.0,-0.05708788335323334,-0.2653791904449463,-1.3794058561325073,0.8874036073684692,0.24779421091079712,1.6588090658187866,1.6401968413282682,-0.05708788335323334,-0.2653791904449463,0.27145007118615283
702,4,1,32.5839958190918,label_Hgg,label_Hgg,0.6790173053741455,1.8162877559661865,1.6241956949234009,1.840125322341919,1.8260093927383423,-0.5465893745422363,0.0,0.0,1.0,0.0,0.0,0.0,0.01956973969936371,0.06025433540344238,-71.10234069824219,17.855300903320312,16.797039031982422,75.20967102050781,73.30998992713761,0.01956973969936371,0.06025433540344238,0.06335266092920945
702,5,43,30.395658493041992,label_Hgg,label_Hgg,0.6790173053741455,-1.2521272897720337,-1.449563980102539,-1.2282897233963013,-1.2477505207061768,1.2400085926055908,0.0,0.0,0.0,1.0,0.0,0.0,-0.3976222276687622,-0.31937241554260254,-0.7417353987693787,0.5358956456184387,-0.17493696510791779,0.9316428899765015,0.9150713331650011,-0.3976222276687622,-0.31937241554260254,0.5100021330796428
702,6,33,30.049362182617188,label_Hgg,label_Hgg,0.6790173053741455,-0.5963262319564819,-0.7913296818733215,-0.5724887251853943,-0.5895161628723145,-0.5121052265167236,0.0,0.0,0.0,1.0,0.0,0.0,0.0001405477523803711,0.07197356224060059,-2.2714056968688965,0.5421819686889648,0.48860427737236023,2.385787010192871,2.335218432382701,0.0001405477523803711,0.07197356224060059,0.07197369946912766
702,7,27,29.77682876586914,label_Hgg,label_Hgg,0.6790173053741455,-0.31707844138145447,-0.5061041116714478,-0.293241024017334,-0.30429068207740784,-0.5183402299880981,0.0,0.0,0.0,1.0,0.0,0.0,0.03842821717262268,0.05900454521179199,-3.3741369247436523,0.8518013954162598,0.8648223280906677,3.5858447551727295,3.4799950580642554,0.03842821717262268,0.05900454521179199,0.07041494323449149
702,8,28,29.57143211364746,label_Hgg,label_Hgg,0.6790173053741455,-0.3819868862628937,-0.5645759701728821,-0.35814937949180603,-0.36276230216026306,-0.4436747133731842,0.0,0.0,0.0,1.0,0.0,0.0,0.07408593595027924,0.04946470260620117,-3.067786931991577,0.8056707978248596,0.9053018689155579,3.2984836101531982,3.1718168444230885,0.07408593595027924,0.04946470260620117,0.08908132637959991
702,9,6,28.643808364868164,label_Hgg,label_Hgg,0.6790173053741455,1.1696410179138184,0.9889447093009949,1.1934787034988403,1.190758228302002,-0.3433493673801422,-1.0,1.0,0.0,0.0,0.0,0.0,0.08374221622943878,0.0775909423828125,-28.34735107421875,6.598393440246582,8.599879264831543,30.34943962097168,29.105173232903116,0.08374221622943878,0.0775909423828125,0.11416266079095655
702,10,35,28.130277633666992,label_Hgg,label_Hgg,0.6790173053741455,-0.6191039085388184,-0.8271739482879639,-0.5952662825584412,-0.6253604292869568,1.2981626987457275,0.0,0.0,0.0,1.0,0.0,0.0,-0.2818845808506012,-0.44236183166503906,-1.6560282707214355,1.538578748703003,-0.16808289289474487,2.266695022583008,2.2604544232054593,-0.2818845808506012,-0.44236183166503906,0.5245406628998056
702,11,40,27.823740005493164,label_Hgg,label_Hgg,0.6790173053741455,-0.8821449875831604,-1.0741052627563477,-0.8583073616027832,-0.872291624546051,-0.5472229719161987,0.0,0.0,0.0,1.0,0.0,0.0,0.02041013538837433,-0.059807538986206055,-1.4495124816894531,0.5557112097740173,0.3570265471935272,1.592912197113037,1.5523857069820048,0.02041013538837433,-0.059807538986206055,0.06319426671904918
702,12,9,27.760318756103516,label_Hgg,label_Hgg,0.6790173053741455,0.5190097093582153,0.33020031452178955,0.5428473353385925,0.532014012336731,-0.45166730880737305,0.0,0.0,0.0,1.0,0.0,0.0,0.03970669209957123,0.07750391960144043,-11.190216064453125,2.6057655811309814,2.870448112487793,11.842737197875977,11.489601813507361,0.03970669209957123,0.07750391960144043,0.08708317260571467
1426,1,20,65.65247344970703,label_Tbl,label_Tbl,1.0,-1.532594084739685,-0.9796287417411804,-1.4855669736862183,-0.768375039100647,5.0,-1.0,1.0,0.0,0.0,0.0,0.0,-1.9710830450057983,-0.24063938856124878,0.6017205715179443,0.11695698648691177,-1.7112610340118408,1.8230854272842407,0.6129817149605534,-1.9710830450057983,-0.24063938856124878,1.98571792700687
1426,2,17,40.252017974853516,label_Tbl,label_Tbl,1.0,-0.9040930271148682,-1.0834463834762573,-0.8570659756660461,-0.8721925020217896,-0.43354877829551697,0.0,0.0,0.0,1.0,0.0,0.0,0.07742327451705933,-0.04897493124008179,1.3951036930084229,0.5631216764450073,0.4551105797290802,1.5717970132827759,1.5044667948239918,0.07742327451705933,-0.04897493124008179,0.09161281202383577
1426,3,19,39.21223068237305,label_Tbl,label_Tbl,1.0,-0.9456993937492371,-1.1213510036468506,-0.8986724019050598,-0.9100972414016724,-0.24644458293914795,0.0,0.0,0.0,1.0,0.0,0.0,0.09518888592720032,-0.10045173764228821,1.3401597738265991,0.4622820317745209,0.4552297294139862,1.4889482259750366,1.4176504845287292,0.09518888592720032,-0.10045173764228821,0.1383888564856891
1426,4,1,34.32050704956055,label_Tbl,label_Tbl,1.0,2.0189826488494873,1.8449524641036987,2.066009759902954,2.056205987930298,-0.1271744966506958,0.0,0.0,1.0,0.0,0.0,0.0,0.1026809811592102,-0.13322913646697998,93.57456970214844,28.88321304321289,32.218605041503906,103.09451293945312,97.93079235175145,0.1026809811592102,-0.13322913646697998,0.1682063812569406
1426,5,14,33.467315673828125,label_Tbl,label_Tbl,1.0,-0.3870026767253876,-0.5642610788345337,-0.3399757444858551,-0.35300740599632263,-0.23199677467346191,0.0,0.0,0.0,1.0,0.0,0.0,0.08759549260139465,-0.11176431179046631,2.9884586334228516,0.993170976638794,0.9861612319946289,3.2999680042266846,3.1491703022410893,0.08759549260139465,-0.11176431179046631,0.14200081589229532
1426,6,12,32.76216125488281,label_Tbl,label_Tbl,1.0,-0.13716143369674683,-0.31942427158355713,-0.09013424068689346,-0.10817069560289383,-0.4535476863384247,1.0,1.0,0.0,0.0,0.0,0.0,0.06111019849777222,-0.06137889623641968,4.193362712860107,1.6324244737625122,1.2847330570220947,4.681785583496094,4.499900054906141,0.06111019849777222,-0.06137889623641968,0.0866130779018867
1426,7,11,28.703258514404297,label_Tbl,label_Tbl,1.0,0.2098218947649002,0.02698676474392414,0.2568489909172058,0.23824043571949005,-0.4817271828651428,0.0,0.0,0.0,1.0,0.0,0.0,0.059748291969299316,-0.05254751443862915,6.860020160675049,2.7405285835266113,2.098597288131714,7.679484844207764,7.387176288812559,0.059748291969299316,-0.05254751443862915,0.07956820763927372
1426,8,13,28.670061111450195,label_Tbl,label_Tbl,1.0,-0.35378605127334595,-0.38795122504234314,-0.3067590296268463,-0.17669729888439178,2.36899995803833,1.0,1.0,0.0,0.0,0.0,0.0,0.5172937512397766,-0.600055992603302,3.256026029586792,-0.5503398180007935,2.6641106605529785,4.245179176330566,3.3022082642716337,0.5172937512397766,-0.600055992603302,0.7922499727553507
1426,9,7,28.624757766723633,label_Tbl,label_Tbl,1.0,0.6203249096870422,0.43786197900772095,0.667352020740509,0.6491156220436096,-0.40145233273506165,1.0,1.0,0.0,0.0,0.0,0.0,0.061501920223236084,-0.07839024066925049,12.454507827758789,4.605993270874023,3.7965781688690186,13.811714172363281,13.278928392119665,0.061501920223236084,-0.07839024066925049,0.09963692098478509
1426,10,5,27.45315170288086,label_Tbl,label_Tbl,1.0,1.251873254776001,1.072943091392517,1.2989004850387573,1.2841969728469849,-0.3662717342376709,0.0,0.0,0.0,1.0,0.0,0.0,0.0795036256313324,-0.07373389601707458,30.647785186767578,11.496834754943848,9.973169326782227,34.21882629394531,32.73322389005909,0.0795036256313324,-0.07373389601707458,0.10843207048831918
1426,11,16,26.691232681274414,label_Tbl,label_Tbl,1.0,-0.6364505887031555,-0.7836304306983948,-0.5894233584403992,-0.572376549243927,0.32538121938705444,-1.0,1.0,0.0,0.0,0.0,0.0,0.20521825551986694,-0.19245949387550354,2.141840696334839,0.5245007872581482,0.9677368998527527,2.412172794342041,2.205126446331485,0.20521825551986694,-0.19245949387550354,0.28134532016977354
1426,12,18,26.233722686767578,label_Tbl,label_Tbl,1.0,-0.9080445766448975,-1.0534344911575317,-0.8610173463821411,-0.8421807885169983,0.13667768239974976,0.0,0.0,0.0,1.0,0.0,0.0,0.21564045548439026,0.09129354357719421,1.2953393459320068,0.7484022974967957,0.673593282699585,1.6406517028808594,1.4959980013415932,0.21564045548439026,0.09129354357719421,0.23416941973792468
1688,1,35,65.2337417602539,label_Tbqq,label_Tbqq,0.7738682627677917,-1.9798293113708496,-0.9589734673500061,-1.9433776140213013,-0.7447800636291504,5.0,-1.0,1.0,0.0,0.0,0.0,0.0,-2.569253444671631,0.6619354486465454,-0.11787527799606323,0.3013395369052887,-1.8443180322647095,1.8776817321777344,0.3235739446632609,-2.569253444671631,0.6619354486465454,2.6531531808646
1688,2,34,30.541276931762695,label_Tbqq,label_Tbqq,0.7738682627677917,-1.2192912101745605,-1.3979672193527222,-1.1828391551971436,-1.1837741136550903,0.10355538129806519,0.0,0.0,0.0,1.0,0.0,0.0,0.1733347475528717,-0.14484763145446777,0.40319323539733887,0.8701451420783997,0.2934406101703644,1.0029081106185913,0.9590189535941468,0.1733347475528717,-0.14484763145446777,0.2258888466639889
1688,3,32,30.114980697631836,label_Tbqq,label_Tbqq,0.7738682627677917,-0.8592978715896606,-1.0633715391159058,-0.8228459358215332,-0.8491783142089844,-0.050206542015075684,0.0,0.0,0.0,1.0,0.0,0.0,0.0022462159395217896,0.18743491172790527,0.1627204418182373,1.595613956451416,0.20959092676639557,1.6175259351730347,1.603889597262874,0.0022462159395217896,0.18743491172790527,0.18744837054638433
1688,4,31,29.392513275146484,label_Tbqq,label_Tbqq,0.7738682627677917,-0.8545950055122375,-1.0360705852508545,-0.8181431889533997,-0.8218773007392883,0.3121568560600281,0.0,0.0,0.0,1.0,0.0,0.0,0.15936008095741272,-0.22783803939819336,0.7979673743247986,1.4037482738494873,0.47051623463630676,1.6818580627441406,1.6147015658697519,0.15936008095741272,-0.22783803939819336,0.27803921953488114
1688,5,23,28.394718170166016,label_Tbqq,label_Tbqq,0.7738682627677917,-0.35700973868370056,-0.5642800331115723,-0.3205580711364746,-0.3500867784023285,-0.130418062210083,0.0,0.0,0.0,1.0,0.0,0.0,-0.039690613746643066,0.16262197494506836,0.41451093554496765,3.2607948780059814,0.2908559739589691,3.2998785972595215,3.2870355264457376,-0.039690613746643066,0.16262197494506836,0.1673954944274775
1688,6,20,28.233562469482422,label_Tbqq,label_Tbqq,0.7738682627677917,-0.10430461913347244,-0.2983989417552948,-0.067852683365345,-0.08420553058385849,0.5758232474327087,0.0,0.0,1.0,0.0,0.0,0.0,0.08592464029788971,-0.33305037021636963,2.7483582496643066,3.8325746059417725,1.016910195350647,4.824542045593262,4.716153218313373,0.08592464029788971,-0.33305037021636963,0.3439558008110673
1688,7,30,28.091447830200195,label_Tbqq,label_Tbqq,0.7738682627677917,-0.8543591499328613,-1.0285505056381226,-0.8179072141647339,-0.8143573999404907,0.7334631085395813,0.0,0.0,0.0,1.0,0.0,0.0,0.19453191757202148,-0.33034324645996094,0.9377342462539673,1.315170168876648,0.5301520824432373,1.7000232934951782,1.6152455199444222,0.19453191757202148,-0.33034324645996094,0.3833657880353361
1688,8,25,28.0758056640625,label_Tbqq,label_Tbqq,0.7738682627677917,-0.4748392105102539,-0.6593469977378845,-0.43838754296302795,-0.44515371322631836,0.18779736757278442,0.0,0.0,0.0,1.0,0.0,0.0,0.14345887303352356,-0.20100629329681396,1.307474136352539,2.45085072517395,0.7635297179222107,2.880821943283081,2.777797309797188,0.14345887303352356,-0.20100629329681396,0.24694934338234922
1688,9,0,26.3476505279541,label_Tbqq,label_Tbqq,0.7738682627677917,2.4712862968444824,2.261629104614258,2.5077383518218994,2.4758222103118896,-0.06330972909927368,0.0,0.0,1.0,0.0,0.0,0.0,-0.09676258265972137,0.15670526027679443,24.66151237487793,185.23477172851562,5.849732875823975,186.9607696533203,186.8692346266007,-0.09676258265972137,0.15670526027679443,0.18417257125152295
1688,10,16,25.416044235229492,label_Tbqq,label_Tbqq,0.7738682627677917,0.2035795897245407,0.05678517743945122,0.24003152549266815,0.27097848057746887,1.4353036880493164,0.0,0.0,1.0,0.0,0.0,0.0,0.30331751704216003,-0.4693451523780823,5.035551071166992,5.314975261688232,3.2572522163391113,8.013452529907227,7.321593858080967,0.30331751704216003,-0.4693451523780823,0.5588259015162292
1688,11,3,25.052106857299805,label_Tbqq,label_Tbqq,0.7738682627677917,1.4064812660217285,1.2369579076766968,1.4429330825805664,1.4511511325836182,0.5039321780204773,0.0,0.0,1.0,0.0,0.0,0.0,0.21529540419578552,-0.24477100372314453,20.77256965637207,35.14345169067383,14.294088363647461,43.253700256347656,40.82354525103809,0.21529540419578552,-0.24477100372314453,0.32598305988419446
1688,12,8,24.73953628540039,label_Tbqq,label_Tbqq,0.7738682627677917,0.8134610056877136,0.6040286421775818,0.8499129414558411,0.8182219862937927,0.35255032777786255,0.0,0.0,1.0,0.0,0.0,0.0,-0.0877886712551117,0.27443838119506836,0.2558998167514801,17.49614143371582,0.7048823237419128,17.512205123901367,17.49801273815975,-0.0877886712551117,0.27443838119506836,0.28813759885462314
398,1,31,64.8652572631836,label_Hcc,label_Hcc,0.7346027493476868,-1.4949817657470703,-0.8353555798530579,-1.3708821535110474,-0.5361754894256592,5.0,1.0,1.0,0.0,0.0,0.0,0.0,1.695227861404419,-0.05783224105834961,-0.5642206072807312,0.3162759244441986,2.140407085418701,2.2403564453125,0.6468194137958984,1.695227861404419,-0.05783224105834961,1.6962140402047234
398,2,32,39.506752014160156,label_Hcc,label_Hcc,0.7346027493476868,-1.5871307849884033,-1.7765239477157593,-1.4630311727523804,-1.4773439168930054,2.2234878540039062,-1.0,1.0,0.0,0.0,0.0,0.0,-0.22442984580993652,-0.7217850685119629,-0.21868933737277985,0.523169755935669,-0.0043891132809221745,0.5839782953262329,0.5670375823579359,-0.22442984580993652,-0.7217850685119629,0.7558719738269775
398,3,1,36.504364013671875,label_Hcc,label_Hcc,0.7346027493476868,1.8432362079620361,1.6662870645523071,1.9673357009887695,1.9654672145843506,-0.3336791694164276,0.0,0.0,1.0,0.0,0.0,0.0,0.0930299460887909,-0.07025933265686035,-65.9901123046875,38.07636260986328,23.975759506225586,79.87078094482422,76.18729757369704,0.0930299460887909,-0.07025933265686035,0.11658020713084491
398,4,20,33.779659271240234,label_Hcc,label_Hcc,0.7346027493476868,-0.17782774567604065,-0.38179677724838257,-0.053728196769952774,-0.08261670917272568,1.2971971035003662,0.0,0.0,1.0,0.0,0.0,0.0,-0.34814590215682983,0.3920257091522217,-4.2380170822143555,0.2590603530406952,-0.5597634315490723,4.28266716003418,4.245927584834467,-0.34814590215682983,0.3920257091522217,0.5242992712420028
398,5,26,33.34526824951172,label_Hcc,label_Hcc,0.7346027493476868,-0.6853147745132446,-0.8681204915046692,-0.5612154603004456,-0.5689405798912048,-0.4135238230228424,0.0,0.0,0.0,1.0,0.0,0.0,0.06386184692382812,-0.07250452041625977,-1.7788912057876587,1.031752586364746,0.5845367312431335,2.1379079818725586,2.056445312061328,0.06386184692382812,-0.07250452041625977,0.0966190507783754
398,6,16,32.167236328125,label_Hcc,label_Hcc,0.7346027493476868,-0.004827630240470171,-0.19015179574489594,0.11927175521850586,0.10902819782495499,-0.5211068391799927,0.0,0.0,0.0,1.0,0.0,0.0,0.050395816564559937,-0.04818296432495117,-4.767536163330078,2.6123247146606445,1.4692870378494263,5.631380558013916,5.436326101650534,0.050395816564559937,-0.04818296432495117,0.06972328433420424
398,7,27,30.96888542175293,label_Hcc,label_Hcc,0.7346027493476868,-0.8150334358215332,-0.9833630919456482,-0.6909340023994446,-0.68418288230896,-0.2003607153892517,0.0,0.0,0.0,1.0,0.0,0.0,0.13179141283035278,0.0714421272277832,-1.5856655836105347,0.636343777179718,0.6075342893600464,1.8133854866027832,1.7085867685904301,0.13179141283035278,0.0714421272277832,0.14990981968720807
398,8,29,30.042896270751953,label_Hcc,label_Hcc,0.7346027493476868,-0.9214516282081604,-1.129632592201233,-0.7973520159721375,-0.830452561378479,1.0185024738311768,0.0,0.0,0.0,1.0,0.0,0.0,-0.28881123661994934,0.3511018753051758,-1.4599934816360474,0.1494019329547882,-0.10593891888856888,1.4714363813400269,1.4676177649477995,-0.28881123661994934,0.3511018753051758,0.4546256231678496
398,9,7,29.52399444580078,label_Hcc,label_Hcc,0.7346027493476868,0.46868762373924255,0.28637436032295227,0.5927870869636536,0.5855544209480286,-0.512845516204834,0.0,0.0,0.0,1.0,0.0,0.0,0.06642389297485352,-0.027230024337768555,-9.482781410217285,4.940545558929443,3.067826747894287,11.124013900756836,10.692620525101411,0.06642389297485352,-0.027230024337768555,0.07178863268909823
398,10,24,28.27723503112793,label_Hcc,label_Hcc,0.7346027493476868,-0.607335090637207,-0.8002058863639832,-0.4832356870174408,-0.5010257959365845,0.22101134061813354,0.0,0.0,0.0,1.0,0.0,0.0,0.005438476800918579,0.25519490242004395,-2.2539193630218506,0.4519255757331848,0.5148327946662903,2.3557252883911133,2.2987799418401482,0.005438476800918579,0.25519490242004395,0.25525284572574286
398,11,25,26.942609786987305,label_Hcc,label_Hcc,0.7346027493476868,-0.6079447269439697,-0.8070017695426941,-0.48384517431259155,-0.5078216791152954,-0.5315300226211548,1.0,1.0,0.0,0.0,0.0,0.0,-0.049932628870010376,-0.04484963417053223,-2.0178911685943604,1.0969538688659668,0.3847811818122864,2.332965612411499,2.2967787352531643,-0.049932628870010376,-0.04484963417053223,0.0671174873717779
398,12,13,26.87942886352539,label_Hcc,label_Hcc,0.7346027493476868,0.14897829294204712,-0.033370256423950195,0.27307766675949097,0.2658098042011261,-0.4246085584163666,0.0,0.0,0.0,1.0,0.0,0.0,0.06624150276184082,-0.06647920608520508,-5.878537178039551,3.3623664379119873,1.941731572151184,7.045071125030518,6.7722010761930385,0.06624150276184082,-0.06647920608520508,0.09384786374695021
1764,1,43,64.56568145751953,label_Tbqq,label_Tbqq,0.8808836340904236,-0.4469309449195862,0.10127518326044083,-0.3418853282928467,0.36116114258766174,5.0,1.0,1.0,0.0,0.0,0.0,0.0,1.5867434740066528,0.20433688163757324,-2.889413833618164,0.08894423395395279,-8.033897399902344,8.539298057556152,2.890782485531845,1.5867434740066528,0.20433688163757324,1.5998463718432683
1764,2,30,40.66086196899414,label_Tbqq,label_Tbqq,0.8808836340904236,-0.18272046744823456,-0.39258357882499695,-0.07767467200756073,-0.13269762694835663,0.18302488327026367,0.0,0.0,1.0,0.0,0.0,0.0,-0.13967633247375488,0.20220446586608887,-4.214071750640869,0.1387161761522293,-0.08336591720581055,4.2171783447265625,4.216354218643839,-0.13967633247375488,0.20220446586608887,0.24575622854672313
1764,3,53,35.160491943359375,label_Tbqq,label_Tbqq,0.8808836340904236,-1.0786691904067993,-1.274843454360962,-0.9736233949661255,-1.0149574279785156,0.7968706488609314,0.0,0.0,0.0,1.0,0.0,0.0,-0.35885342955589294,0.1749255657196045,-1.1702669858932495,0.07051696628332138,0.2353343367576599,1.1957757472991943,1.1723896369404987,-0.35885342955589294,0.1749255657196045,0.39921765673170057
1764,4,49,32.977943420410156,label_Tbqq,label_Tbqq,0.8808836340904236,-0.6633084416389465,-0.87043297290802,-0.5582627654075623,-0.6105470061302185,0.3748360276222229,0.0,0.0,0.0,1.0,0.0,0.0,-0.2501494288444519,0.1539163589477539,-2.11513090133667,0.17211347818374634,0.19274547696113586,2.130857229232788,2.122121999122996,-0.2501494288444519,0.1539163589477539,0.2937090095705941
1764,5,51,32.50724792480469,label_Tbqq,label_Tbqq,0.8808836340904236,-0.9692947864532471,-1.1689718961715698,-0.864249050617218,-0.9090862274169922,0.7345462441444397,0.0,0.0,0.0,1.0,0.0,0.0,-0.33160704374313354,0.19290876388549805,-1.3694407939910889,0.057826366275548935,0.23714037239551544,1.391023874282837,1.3706611459013411,-0.33160704374313354,0.19290876388549805,0.3836365762592135
1764,6,17,30.79196548461914,label_Tbqq,label_Tbqq,0.8808836340904236,0.22025653719902039,0.01627790927886963,0.3253021538257599,0.27616384625434875,-0.4071866571903229,0.0,0.0,1.0,0.0,0.0,0.0,-0.028096258640289307,0.09409832954406738,-7.4236955642700195,1.0538214445114136,-0.9877185821533203,7.56289529800415,7.498119462096779,-0.028096258640289307,0.09409832954406738,0.0982033368708311
1764,7,24,30.48883628845215,label_Tbqq,label_Tbqq,0.8808836340904236,0.02590913698077202,-0.17132851481437683,0.13095493614673615,0.08855742961168289,-0.5256048440933228,1.0,1.0,0.0,0.0,0.0,0.0,0.030543625354766846,0.06142377853393555,-5.594887733459473,0.9816456437110901,-1.0857183933258057,5.784864902496338,5.680351830637979,0.030543625354766846,0.06142377853393555,0.06859878730122215
1764,8,54,28.32828140258789,label_Tbqq,label_Tbqq,0.8808836340904236,-1.11890709400177,-1.263048768043518,-1.0138612985610962,-1.0031627416610718,1.4934563636779785,0.0,0.0,0.0,1.0,0.0,0.0,0.28116723895072937,-0.4996912479400635,-0.8212783932685852,0.7421082258224487,-0.5036498308181763,1.2160946130752563,1.1068978354316046,0.28116723895072937,-0.4996912479400635,0.5733640724069433
1764,9,47,28.181190490722656,label_Tbqq,label_Tbqq,0.8808836340904236,-0.48965179920196533,-0.6932371258735657,-0.38460591435432434,-0.4333513677120209,0.5232517123222351,0.0,0.0,0.0,1.0,0.0,0.0,-0.2950321435928345,0.1496436595916748,-2.709707736968994,0.2321542203426361,0.36987265944480896,2.744670867919922,2.719634461065039,-0.2950321435928345,0.1496436595916748,0.3308129238844395
1764,10,29,27.889286041259766,label_Tbqq,label_Tbqq,0.8808836340904236,-0.18143939971923828,-0.3785800039768219,-0.07639360427856445,-0.11869430541992188,-0.15083396434783936,0.0,0.0,0.0,1.0,0.0,0.0,0.032819464802742004,0.15893840789794922,-4.21182918548584,0.32144349813461304,-0.8171617388725281,4.302392959594727,4.224077533640136,0.032819464802742004,0.15893840789794922,0.16229151171602693
1764,11,36,27.6500244140625,label_Tbqq,label_Tbqq,0.8808836340904236,-0.3573978543281555,-0.5440130829811096,-0.25235190987586975,-0.2841273248195648,1.6220307350158691,0.0,0.0,1.0,0.0,0.0,0.0,0.10047733783721924,0.5971129536628723,-3.0722968578338623,-1.1634522676467896,-0.8635548949241638,3.396815538406372,3.2852137162973554,0.10047733783721924,0.5971129536628723,0.6055077000756094
1764,12,55,27.39858055114746,label_Tbqq,label_Tbqq,0.8808836340904236,-1.2257931232452393,-1.4242805242538452,-1.1207472085952759,-1.164394736289978,1.4228336811065674,0.0,0.0,0.0,1.0,0.0,0.0,0.022415101528167725,-0.5552561283111572,-0.6685130596160889,0.6751885414123535,-0.1737508326768875,0.9659081697463989,0.9501522390289915,0.022415101528167725,-0.5552561283111572,0.5557083810809537
1955,1,47,64.22089385986328,label_Wqq,label_Hgg,0.6526578664779663,-1.8289835453033447,-0.8145707845687866,-1.7564274072647095,-0.7109742164611816,5.0,-1.0,1.0,0.0,0.0,0.0,0.0,1.7027411460876465,-0.02083289623260498,-0.11448315531015396,0.38471248745918274,2.268413543701172,2.307875633239746,0.4013852150450994,1.7027411460876465,-0.02083289623260498,1.7028685856945363
1955,2,32,44.96156692504883,label_Wqq,label_Hgg,0.6526578664779663,-0.530514121055603,0.023900078609585762,-0.45795774459838867,0.12749691307544708,4.038262367248535,-1.0,1.0,0.0,0.0,0.0,0.0,1.0234771966934204,0.6446266174316406,-2.0937376022338867,1.4824471473693848,7.185512542724609,7.645697593688965,2.5654213478007333,1.0234771966934204,0.6446266174316406,1.2095656443751952
1955,3,27,36.38245391845703,label_Wqq,label_Hgg,0.6526578664779663,-0.29200810194015503,-0.3635995090007782,-0.21945194900035858,-0.2600029408931732,-0.4665994942188263,0.0,0.0,0.0,1.0,0.0,0.0,-0.08029323816299438,0.022366046905517578,-1.1770927906036377,3.4094133377075195,2.512054443359375,4.3954596519470215,3.6068887902219813,-0.08029323816299438,0.022366046905517578,0.08335012986720026
1955,4,15,32.77865982055664,label_Wqq,label_Hgg,0.6526578664779663,0.2020573616027832,0.1428757607936859,0.2746134102344513,0.24647259712219238,-0.5968111753463745,0.0,0.0,0.0,1.0,0.0,0.0,-0.04981410503387451,-0.009945392608642578,-2.159841537475586,6.979124546051025,5.361880779266357,9.062166213989258,7.305689214324466,-0.04981410503387451,-0.009945392608642578,0.050797203608721656
1955,5,21,32.44000244140625,label_Wqq,label_Hgg,0.6526578664779663,-0.010262668132781982,-0.08276282250881195,0.06229348108172417,0.020833920687437057,-0.46796149015426636,0.0,0.0,0.0,1.0,0.0,0.0,-0.08256804943084717,0.008550763130187988,-1.6897910833358765,5.12277889251709,3.741957187652588,6.565097332000732,5.394280071236574,-0.08256804943084717,0.008550763130187988,0.08300962797726179
1955,6,18,32.28436279296875,label_Wqq,label_Hgg,0.6526578664779663,0.1291247010231018,0.07474587112665176,0.20168085396289825,0.1783425360918045,-0.6191470623016357,0.0,0.0,0.0,1.0,0.0,0.0,-0.03829085826873779,0.024042606353759766,-2.158705949783325,6.218807697296143,4.925763130187988,8.221722602844238,6.582824663742737,-0.03829085826873779,0.024042606353759766,0.04521323641632409
1955,7,24,32.12226104736328,label_Wqq,label_Hgg,0.6526578664779663,-0.1027325764298439,-0.15157531201839447,-0.030176257714629173,-0.047978732734918594,-0.6946682333946228,-1.0,1.0,0.0,0.0,0.0,0.0,-0.02563464641571045,-0.006024003028869629,-1.4151064157485962,4.509955883026123,3.6119158267974854,5.950432300567627,4.7267566295224865,-0.02563464641571045,-0.006024003028869629,0.026332939626071507
1955,8,25,31.32229232788086,label_Wqq,label_Hgg,0.6526578664779663,-0.10999826341867447,-0.15206806361675262,-0.03744211047887802,-0.04847140237689018,-0.6477553248405457,0.0,0.0,0.0,1.0,0.0,0.0,-0.009382128715515137,-0.03688669204711914,-1.2620970010757446,4.504477024078369,3.6707804203033447,5.946245193481445,4.677948492723526,-0.009382128715515137,-0.03688669204711914,0.038061166422135514
1955,9,14,31.214099884033203,label_Wqq,label_Hgg,0.6526578664779663,0.3034902513027191,0.23778197169303894,0.3760463297367096,0.3413786292076111,-0.5358884334564209,0.0,0.0,0.0,1.0,0.0,0.0,-0.06571215391159058,-0.006449580192565918,-2.5248098373413086,8.05859375,6.032193183898926,10.37800407409668,8.4448563008659,-0.06571215391159058,-0.006449580192565918,0.06602790513382131
1955,10,17,30.805950164794922,label_Wqq,label_Hgg,0.6526578664779663,0.1666792929172516,0.10356094688177109,0.23923544585704803,0.20715761184692383,-0.5272361636161804,0.0,0.0,0.0,1.0,0.0,0.0,-0.059369444847106934,0.03354513645172119,-2.3399298191070557,6.539615154266357,5.01553201675415,8.567228317260742,6.945634450808405,-0.059369444847106934,0.03354513645172119,0.06819096099204253
1955,11,3,30.606704711914062,label_Wqq,label_Hgg,0.6526578664779663,0.9783870577812195,0.9168979525566101,1.0509432554244995,1.0204945802688599,-0.5171954035758972,1.0,1.0,0.0,0.0,0.0,0.0,-0.05542492866516113,-0.04389452934265137,-5.825568199157715,21.366945266723633,16.100414276123047,27.381132125854492,22.14686422214669,-0.05542492866516113,-0.04389452934265137,0.07070114867349103
1955,12,2,30.341745376586914,label_Wqq,label_Hgg,0.6526578664779663,1.2145626544952393,1.1457940340042114,1.287118911743164,1.249390721321106,-0.4651964008808136,0.0,0.0,1.0,0.0,0.0,0.0,-0.07326644659042358,-0.04047060012817383,-8.265783309936523,29.913175582885742,21.8803653717041,37.97198486328125,31.034194804753305,-0.07326644659042358,-0.04047060012817383,0.08370090603286165
1777,1,67,63.594635009765625,label_Tbqq,label_Tbqq,0.8987603783607483,-1.664042353630066,-0.6647148132324219,-1.7606583833694458,-0.6979004740715027,5.0,1.0,1.0,0.0,0.0,0.0,0.0,1.797864556312561,0.0772024393081665,-0.14385664463043213,0.4872429370880127,-2.809847831726074,2.8588154315948486,0.5080358392342803,1.797864556312561,0.0772024393081665,1.7995213751106411
1777,2,40,55.781856536865234,label_Tbqq,label_Tbqq,0.8987603783607483,-0.43886876106262207,0.2869030833244324,-0.5354848504066467,0.25371742248535156,4.802702903747559,1.0,1.0,0.0,0.0,0.0,0.0,1.3984776735305786,0.07843959331512451,-0.8315121531486511,2.803558111190796,-10.740574836730957,11.132420539855957,2.92426923241647,1.3984776735305786,0.07843959331512451,1.4006757558988954
1777,3,66,33.48532485961914,label_Tbqq,label_Tbqq,0.8987603783607483,-1.2530148029327393,-1.3868588209152222,-1.3496309518814087,-1.4200445413589478,-0.242861807346344,0.0,0.0,0.0,1.0,0.0,0.0,-0.13872453570365906,-0.012477517127990723,-0.179245725274086,0.8961617350578308,-0.450582891702652,1.018950343132019,0.9139118586663021,-0.13872453570365906,-0.012477517127990723,0.13928454774265192
1777,4,65,30.386531829833984,label_Tbqq,label_Tbqq,0.8987603783607483,-1.2261719703674316,-1.358213186264038,-1.3227882385253906,-1.3913990259170532,-0.14157772064208984,0.0,0.0,0.0,1.0,0.0,0.0,-0.13293102383613586,0.09707903861999512,-0.2869505286216736,0.905246913433075,-0.4743388295173645,1.061513066291809,0.9496381311617426,-0.13293102383613586,0.09707903861999512,0.1646055796062388
1777,5,64,29.13775062561035,label_Tbqq,label_Tbqq,0.8987603783607483,-1.1501113176345825,-1.129712462425232,-1.246727466583252,-1.162898063659668,0.26295751333236694,0.0,0.0,0.0,1.0,0.0,0.0,0.24280858039855957,0.10798799991607666,-0.3308766186237335,1.0056025981903076,-1.0217217206954956,1.4712685346603394,1.058638711855453,0.24280858039855957,0.10798799991607666,0.26573937390051616
1777,6,57,28.301658630371094,label_Tbqq,label_Tbqq,0.8987603783607483,-0.8753657937049866,-0.9887990951538086,-0.9719818234443665,-1.0219846963882446,-0.2901931405067444,0.0,0.0,0.0,1.0,0.0,0.0,-0.07626795768737793,0.10211336612701416,-0.48116305470466614,1.4918164014816284,-0.8835467100143433,1.7993578910827637,1.567492922134681,-0.07626795768737793,0.10211336612701416,0.1274517199240297
1777,7,12,27.558216094970703,label_Tbqq,label_Tbqq,0.8987603783607483,0.7393513321876526,0.6019391417503357,0.6427351832389832,0.5687536597251892,-0.13455933332443237,0.0,0.0,1.0,0.0,0.0,0.0,-0.15037551522254944,0.07115411758422852,-4.3656392097473145,15.122640609741211,-7.556380748748779,17.460010528564453,15.740173592469594,-0.15037551522254944,0.07115411758422852,0.16636016358382621
1777,8,51,27.087614059448242,label_Tbqq,label_Tbqq,0.8987603783607483,-0.7734166979789734,-0.8719606399536133,-0.8700329065322876,-0.9051461815834045,-0.2198989987373352,0.0,0.0,0.0,1.0,0.0,0.0,-0.03429305553436279,-0.14091241359710693,-0.12496957927942276,1.808935284614563,-1.1103659868240356,2.1262118816375732,1.8132468832646165,-0.03429305553436279,-0.14091241359710693,0.1450252459527134
1777,9,61,26.878936767578125,label_Tbqq,label_Tbqq,0.8987603783607483,-1.004180669784546,-1.1118760108947754,-1.1007968187332153,-1.1450616121292114,-0.005901336669921875,0.0,0.0,0.0,1.0,0.0,0.0,-0.05978339910507202,-0.1893092393875122,-0.026832593604922295,1.3037495613098145,-0.7598154544830322,1.5092390775680542,1.304025654155278,-0.05978339910507202,-0.1893092393875122,0.1985246657874903
1777,10,25,26.492727279663086,label_Tbqq,label_Tbqq,0.8987603783607483,0.20158948004245758,0.07197026908397675,0.10497336089611053,0.03878459706902504,-0.2470441460609436,0.0,0.0,0.0,1.0,0.0,0.0,-0.12524041533470154,0.05852222442626953,-1.9361623525619507,7.039394378662109,-3.709582805633545,8.189188003540039,7.3008080288292705,-0.12524041533470154,0.05852222442626953,0.13823896840257166
1777,11,37,26.491641998291016,label_Tbqq,label_Tbqq,0.8987603783607483,-0.3414248526096344,-0.5087622404098511,-0.4380410611629486,-0.5419479608535767,0.5093223452568054,-1.0,1.0,0.0,0.0,0.0,0.0,-0.29061707854270935,0.15062212944030762,-1.1856101751327515,3.144982099533081,-1.1048510074615479,3.572254180908203,3.361039109228249,-0.29061707854270935,0.15062212944030762,0.32733058552147565
1777,12,60,26.227502822875977,label_Tbqq,label_Tbqq,0.8987603783607483,-0.9224556684494019,-1.0555731058120728,-1.0190716981887817,-1.0887585878372192,-0.14638644456863403,0.0,0.0,0.0,1.0,0.0,0.0,-0.13638204336166382,-0.0900033712387085,-0.17527124285697937,1.4549955129623413,-0.7263669967651367,1.635646939277649,1.4655142276051696,-0.13638204336166382,-0.0900033712387085,0.16340339221030734
1666,1,42,63.42782211303711,label_Tbqq,label_Tbqq,0.8187083601951599,-0.42036810517311096,0.20034253597259521,-0.31272777915000916,0.3957754075527191,5.0,1.0,1.0,0.0,0.0,0.0,0.0,1.4533181190490723,-0.24244242906570435,2.858482599258423,0.9190240502357483,9.367057800292969,9.837518692016602,3.0025868805373324,1.4533181190490723,-0.24244242906570435,1.4734014682250092
1666,2,51,34.98599624633789,label_Tbqq,label_Tbqq,0.8187083601951599,-1.243819236755371,-1.4319980144500732,-1.1361792087554932,-1.2365649938583374,0.47861939668655396,0.0,0.0,0.0,1.0,0.0,0.0,-0.15131321549415588,-0.2815733253955841,0.8919680118560791,0.24872247874736786,0.23486532270908356,0.955317497253418,0.9259966552902452,-0.15131321549415588,-0.2815733253955841,0.3196548556764129
1666,3,41,34.165008544921875,label_Tbqq,label_Tbqq,0.8187083601951599,-0.41140711307525635,-0.617239773273468,-0.30376696586608887,-0.4218067228794098,0.5876273512840271,0.0,0.0,0.0,1.0,0.0,0.0,-0.2930789291858673,-0.18560466170310974,2.8377552032470703,1.093835711479187,0.33284637331962585,3.0594308376312256,3.0412713060927334,-0.2930789291858673,-0.18560466170310974,0.34690683068896244
1666,4,46,34.12516403198242,label_Tbqq,label_Tbqq,0.8187083601951599,-0.6300840377807617,-0.8288159370422363,-0.5224438309669495,-0.6333826184272766,0.4807872176170349,0.0,0.0,0.0,1.0,0.0,0.0,-0.2223946750164032,-0.23036187887191772,2.110092878341675,0.7066481113433838,0.4025125205516815,2.2613844871520996,2.2252738052863124,-0.2223946750164032,-0.23036187887191772,0.3201967937270011
1666,5,50,33.57484436035156,label_Tbqq,label_Tbqq,0.8187083601951599,-0.9402351379394531,-1.118154525756836,-0.8325948119163513,-0.9227213859558105,0.05944734811782837,0.0,0.0,0.0,1.0,0.0,0.0,-0.09723487496376038,-0.19160112738609314,1.336207628250122,0.5058701038360596,0.44266417622566223,1.4957629442214966,1.4287600875405646,-0.09723487496376038,-0.19160112738609314,0.21486184613569717
1666,6,49,32.401702880859375,label_Tbqq,label_Tbqq,0.8187083601951599,-0.9015278816223145,-0.9359847903251648,-0.7938876748085022,-0.7405516505241394,0.7390030026435852,0.0,0.0,0.0,1.0,0.0,0.0,0.33583584427833557,0.18774300813674927,1.1138010025024414,1.0195670127868652,1.2185922861099243,1.9403703212738037,1.5099899227274913,0.33583584427833557,0.18774300813674927,0.38475076530967156
1666,7,44,31.023279190063477,label_Tbqq,label_Tbqq,0.8187083601951599,-0.5091027617454529,-0.5058212280273438,-0.40146246552467346,-0.3103882670402527,1.3226087093353271,0.0,0.0,0.0,1.0,0.0,0.0,0.4184989631175995,0.3262673020362854,1.6857800483703613,2.038313150405884,2.4232428073883057,3.587294340133667,2.645103943250839,0.4184989631175995,0.3262673020362854,0.5306521784639564
1666,8,48,30.787443161010742,label_Tbqq,label_Tbqq,0.8187083601951599,-0.727830708026886,-0.9210774898529053,-0.620190441608429,-0.7256444096565247,1.8211147785186768,0.0,0.0,0.0,1.0,0.0,0.0,-0.621961772441864,-0.2062855362892151,1.8197641372680664,0.6585526466369629,-0.42852017283439636,1.9821358919143677,1.9352604743753588,-0.621961772441864,-0.2062855362892151,0.6552786955648369
1666,9,37,30.1569881439209,label_Tbqq,label_Tbqq,0.8187083601951599,-0.31087809801101685,-0.47809380292892456,-0.20323796570301056,-0.28266066312789917,0.0007125139236450195,0.0,0.0,0.0,1.0,0.0,0.0,-0.04910305142402649,-0.19406229257583618,3.2865726947784424,1.235012412071228,1.2660208940505981,3.732241153717041,3.510956527220641,-0.04910305142402649,-0.19406229257583618,0.20017812832310136
1666,10,34,29.994888305664062,label_Tbqq,label_Tbqq,0.8187083601951599,-0.2315247356891632,-0.44076016545295715,-0.12388434261083603,-0.24532704055309296,2.436983823776245,1.0,1.0,0.0,0.0,0.0,0.0,-0.4327470064163208,0.6838194727897644,1.287148356437683,3.7157819271087646,-0.11972951143980026,3.936699390411377,3.932402093035293,-0.4327470064163208,0.6838194727897644,0.8092459718335078
1666,11,7,27.96652603149414,label_Tbqq,label_Tbqq,0.8187083601951599,0.8406081795692444,0.833995521068573,0.9482483267784119,1.0294287204742432,1.7924656867980957,0.0,0.0,1.0,0.0,0.0,0.0,0.3973937928676605,0.5119892954826355,8.805119514465332,15.916780471801758,16.147266387939453,24.322998046875,18.189943107430214,0.3973937928676605,0.5119892954826355,0.6481163979552983
1666,12,38,27.842113494873047,label_Tbqq,label_Tbqq,0.8187083601951599,-0.32297250628471375,-0.5131244659423828,-0.21533235907554626,-0.3176911771297455,1.8313648700714111,0.0,0.0,0.0,1.0,0.0,0.0,-0.6415677666664124,-0.14541608095169067,3.1674280166625977,1.3695001602172852,-0.8335527181625366,3.5500619411468506,3.450815980253703,-0.6415677666664124,-0.14541608095169067,0.6578411934689684
2319,1,39,63.36103820800781,label_Zqq,label_Zqq,0.8343472480773926,-1.5181294679641724,-0.7170000672340393,-1.581438422203064,-0.7374745011329651,5.0,1.0,1.0,0.0,0.0,0.0,0.0,1.4130741357803345,0.45121318101882935,0.08718843758106232,0.6196763515472412,-2.574422836303711,2.6530611515045166,0.6257799967358552,1.4130741357803345,0.45121318101882935,1.4833650420366762
2319,2,28,32.46971893310547,label_Zqq,label_Zqq,0.8343472480773926,-0.11000393331050873,-0.1893700659275055,-0.173312708735466,-0.20984424650669098,-0.46318724751472473,0.0,0.0,0.0,1.0,0.0,0.0,-0.07880884408950806,0.029653728008270264,2.4901576042175293,3.9600460529327393,-3.146505832672119,5.637672424316406,4.677910819499507,-0.07880884408950806,0.029653728008270264,0.08420319169433461
2319,3,11,31.429790496826172,label_Zqq,label_Zqq,0.8343472480773926,0.5845713019371033,0.5109006762504578,0.5212625861167908,0.4904264509677887,-0.5393619537353516,1.0,1.0,0.0,0.0,0.0,0.0,-0.06443142890930176,0.009713530540466309,6.928336143493652,10.545374870300293,-8.706576347351074,15.33071231842041,12.61771662672773,-0.06443142890930176,0.009713530540466309,0.0651595097192649
2319,4,30,30.545682907104492,label_Zqq,label_Zqq,0.8343472480773926,-0.34806787967681885,-0.4315154552459717,-0.41137656569480896,-0.45198965072631836,-0.38036006689071655,0.0,0.0,0.0,1.0,0.0,0.0,-0.08932417631149292,-0.05502086877822876,2.0042693614959717,2.65840220451355,-2.1973166465759277,3.98903489112854,3.3292939122874046,-0.08932417631149292,-0.05502086877822876,0.10490998272251188
2319,5,25,30.29027557373047,label_Zqq,label_Zqq,0.8343472480773926,-0.03195758908987045,-0.09984215348958969,-0.09526652842760086,-0.1203165054321289,-0.5687791109085083,-1.0,1.0,0.0,0.0,0.0,0.0,-0.05034029483795166,0.028412997722625732,2.7893571853637695,4.4236674308776855,-3.6985058784484863,6.406853675842285,5.22966031846701,-0.05034029483795166,0.028412997722625732,0.057805222289667196
2319,6,15,30.23703384399414,label_Zqq,label_Zqq,0.8343472480773926,0.4884914755821228,0.4285859167575836,0.42518261075019836,0.4081118106842041,-0.6635141372680664,1.0,1.0,0.0,0.0,0.0,0.0,-0.031527936458587646,-0.013048529624938965,6.24741792678833,9.053045272827148,-8.033834457397461,13.62989616394043,10.999448143603122,-0.031527936458587646,-0.013048529624938965,0.034121472751181915
2319,7,37,29.495458602905273,label_Zqq,label_Zqq,0.8343472480773926,-1.0712484121322632,-1.1037808656692505,-1.1345573663711548,-1.1242552995681763,-0.4408922493457794,0.0,0.0,0.0,1.0,0.0,0.0,0.03359943628311157,-0.08325248956680298,0.7397353053092957,0.925603985786438,-0.9628856778144836,1.5267939567565918,1.1848844080435768,0.03359943628311157,-0.08325248956680298,0.08977694101278742
2319,8,17,29.05070686340332,label_Zqq,label_Zqq,0.8343472480773926,0.4501740038394928,0.39144402742385864,0.3868653178215027,0.3709697723388672,-0.6418026089668274,1.0,1.0,0.0,0.0,0.0,0.0,-0.02767467498779297,-0.028253555297851562,6.044260501861572,8.479887008666992,-7.655633449554443,12.92554759979248,10.413528157839837,-0.02767467498779297,-0.028253555297851562,0.03954934920638682
2319,9,38,28.696561813354492,label_Zqq,label_Zqq,0.8343472480773926,-1.0828074216842651,-1.131529688835144,-1.1461163759231567,-1.1520040035247803,-0.5064148902893066,0.0,0.0,0.0,1.0,0.0,0.0,-0.003750145435333252,0.07330042123794556,0.5767706632614136,1.0127571821212769,-0.8916725516319275,1.4674540758132935,1.1654790894465847,-0.003750145435333252,0.07330042123794556,0.07339628971853013
2319,10,36,28.692058563232422,label_Zqq,label_Zqq,0.8343472480773926,-1.0255000591278076,-1.1404401063919067,-1.0888088941574097,-1.160914421081543,-0.07562124729156494,0.0,0.0,0.0,1.0,0.0,0.0,-0.1758853793144226,0.04312330484390259,0.6588555574417114,1.0797698497772217,-0.7066095471382141,1.4488929510116577,1.26490852398889,-0.1758853793144226,0.04312330484390259,0.181094688153017
2319,11,20,28.56638526916504,label_Zqq,label_Zqq,0.8343472480773926,0.28906717896461487,0.21761246025562286,0.22575850784778595,0.19713802635669708,-0.5640798807144165,-1.0,1.0,0.0,0.0,0.0,0.0,-0.0589713454246521,0.0010121464729309082,4.602458477020264,6.874146461486816,-5.763314247131348,10.083242416381836,8.27263643626791,-0.0589713454246521,0.0010121464729309082,0.05898003070257172
2319,12,9,28.481813430786133,label_Zqq,label_Zqq,0.8343472480773926,0.7565905451774597,0.6981332898139954,0.6932817101478577,0.6776590347290039,-0.5075538754463196,0.0,0.0,1.0,0.0,0.0,0.0,-0.026919007301330566,-0.06797546148300171,9.878067016601562,12.75482177734375,-11.87523365020752,20.032045364379883,16.132628011464035,-0.026919007301330566,-0.06797546148300171,0.073111533412425
171,1,47,63.28929901123047,label_Hbb,label_Hcc,0.5345289707183838,-1.2940361499786377,-0.3546498715877533,-1.2499288320541382,-0.33181801438331604,5.0,-1.0,1.0,0.0,0.0,0.0,0.0,1.4648747444152832,-0.17081379890441895,-0.38801318407058716,-0.7696147561073303,-4.265822887420654,4.452017307281494,0.8618939052057051,1.4648747444152832,-0.17081379890441895,1.474800112124318
171,2,43,32.522640228271484,label_Hbb,label_Hcc,0.5345289707183838,-0.8369947671890259,-0.7878120541572571,-0.7928876280784607,-0.764980137348175,-0.33823713660240173,0.0,0.0,0.0,1.0,0.0,0.0,0.07690739631652832,0.08609187602996826,-0.34528231620788574,-1.6194143295288086,-1.7342872619628906,2.397806167602539,1.6558147989944778,0.07690739631652832,0.08609187602996826,0.1154407152028563
171,3,34,32.403076171875,label_Hbb,label_Hcc,0.5345289707183838,-0.4897817373275757,-0.44017520546913147,-0.44567441940307617,-0.4173433184623718,-0.4609546363353729,0.0,0.0,0.0,1.0,0.0,0.0,0.0777440071105957,0.03376913070678711,-0.7053176164627075,-2.6260604858398438,-2.851290225982666,3.939990282058716,2.7191297533185192,0.0777440071105957,0.03376913070678711,0.08476134042300433
171,4,41,30.99645233154297,label_Hbb,label_Hcc,0.5345289707183838,-0.7968822121620178,-0.7641757130622864,-0.7527748942375183,-0.7413437366485596,-0.6144970059394836,0.0,0.0,0.0,1.0,0.0,0.0,0.0440022349357605,-0.014646291732788086,-0.5362585186958313,-1.6694563627243042,-1.7539966106414795,2.4801535606384277,1.753470201034084,0.0440022349357605,-0.014646291732788086,0.04637575380372591
171,5,5,30.2203311920166,label_Hbb,label_Hcc,0.5345289707183838,1.1429471969604492,1.2101099491119385,1.1870545148849487,1.2329418659210205,-0.17147690057754517,0.0,0.0,1.0,0.0,0.0,0.0,0.11202055215835571,0.11018836498260498,-5.180249214172363,-27.5330867767334,-30.7868595123291,41.62615203857422,28.01617121192803,0.11202055215835571,0.11018836498260498,0.15713077319036733
171,6,45,29.380828857421875,label_Hbb,label_Hcc,0.5345289707183838,-0.9691105484962463,-0.9668475389480591,-0.9250031113624573,-0.9440159201622009,-0.5266129970550537,0.0,0.0,0.0,1.0,0.0,0.0,-0.018935978412628174,0.06567120552062988,-0.3132154941558838,-1.3347649574279785,-1.2520197629928589,1.8566784858703613,1.3710220411638274,-0.018935978412628174,0.06567120552062988,0.0683467520294588
171,7,35,28.770675659179688,label_Hbb,label_Hcc,0.5345289707183838,-0.5063623189926147,-0.46505510807037354,-0.46225523948669434,-0.4422233998775482,-0.4882110357284546,1.0,1.0,0.0,0.0,0.0,0.0,0.060328662395477295,0.04935812950134277,-0.6487458944320679,-2.57501482963562,-2.7179553508758545,3.8024115562438965,2.655479732249114,0.060328662395477295,0.04935812950134277,0.07794724147972652
171,8,38,28.718997955322266,label_Hbb,label_Hcc,0.5345289707183838,-0.6160118579864502,-0.4577554762363434,-0.5719045996665955,-0.4349234998226166,1.8684172630310059,0.0,0.0,1.0,0.0,0.0,0.0,0.2800169587135315,-0.6054904460906982,-1.7808414697647095,-1.4084031581878662,-3.0996856689453125,3.842271089553833,2.2704615822398946,0.2800169587135315,-0.6054904460906982,0.6671043227818932
171,9,18,28.607833862304688,label_Hbb,label_Hcc,0.5345289707183838,0.39125728607177734,0.3893183171749115,0.43536442518234253,0.4121502935886383,-0.6878211498260498,1.0,1.0,0.0,0.0,0.0,0.0,-0.027957379817962646,0.0022115707397460938,-2.773603677749634,-9.16231632232666,-8.625414848327637,12.886356353759766,9.572926289886485,-0.027957379817962646,0.0022115707397460938,0.028044716640086172
171,10,42,28.210105895996094,label_Hbb,label_Hcc,0.5345289707183838,-0.8077290654182434,-0.785834550857544,-0.7636219263076782,-0.7630027532577515,-0.6916829943656921,0.0,0.0,0.0,1.0,0.0,0.0,0.021988868713378906,-0.015804290771484375,-0.5299161672592163,-1.6431742906570435,-1.6736842393875122,2.4045896530151367,1.72650887452077,0.021988868713378906,-0.015804290771484375,0.027079253203953758
171,11,8,28.168289184570312,label_Hbb,label_Hcc,0.5345289707183838,0.9809533357620239,1.0233458280563354,1.0250606536865234,1.046177625656128,-0.42863261699676514,0.0,0.0,0.0,1.0,0.0,0.0,0.06343519687652588,0.06779074668884277,-5.0322442054748535,-21.651090621948242,-22.8500919342041,31.878204345703125,22.22820745951752,0.06343519687652588,0.06779074668884277,0.09284185230484389
171,12,4,26.92491912841797,label_Hbb,label_Hcc,0.5345289707183838,1.1579248905181885,1.1868268251419067,1.2020319700241089,1.2096586227416992,-0.6539162397384644,0.0,0.0,1.0,0.0,0.0,0.0,0.03629612922668457,-0.004046082496643066,-8.464054107666016,-27.34196662902832,-28.319543838500977,40.264373779296875,28.62207803567722,0.03629612922668457,-0.004046082496643066,0.036520949883728754
1112,1,55,63.2528190612793,label_H4q,label_Tbqq,0.4430278241634369,-1.5293238162994385,-0.8013661503791809,-1.6248061656951904,-0.7047610878944397,5.0,1.0,1.0,0.0,0.0,0.0,0.0,1.92872154712677,-0.5076087713241577,-0.4854935109615326,-0.37890625,-2.26546311378479,2.3518242835998535,0.6158521701470396,1.92872154712677,-0.5076087713241577,1.9944005292509082
1112,2,33,50.5548210144043,label_H4q,label_Tbqq,0.4430278241634369,-0.3549658954143524,0.4295652210712433,-0.450448215007782,0.5261702537536621,5.0,-1.0,1.0,0.0,0.0,0.0,0.0,-2.1838741302490234,0.3853480815887451,-0.04987586662173271,-3.296269655227661,13.244140625,13.648978233337402,3.2966469695807517,-2.1838741302490234,0.3853480815887451,2.2176111834032257
1112,3,29,31.628644943237305,label_H4q,label_Tbqq,0.4430278241634369,-0.27384254336357117,-0.48384183645248413,-0.36932486295700073,-0.3872368335723877,-0.40308263897895813,0.0,0.0,0.0,1.0,0.0,0.0,-0.08633461594581604,-0.04891622066497803,-1.6080989837646484,-3.3341739177703857,0.005177088547497988,3.701719045639038,3.7017155557288866,-0.08633461594581604,-0.04891622066497803,0.09922934321387186
1112,4,20,28.48661231994629,label_H4q,label_Tbqq,0.4430278241634369,0.014266096986830235,-0.19429132342338562,-0.08121614158153534,-0.09768647700548172,2.320584774017334,0.0,0.0,1.0,0.0,0.0,0.0,-0.020716339349746704,0.7798711061477661,2.0690550804138184,-5.189383029937744,-0.3590198755264282,5.5981764793396,5.586652410629471,-0.020716339349746704,0.7798711061477661,0.7801462099633595
1112,5,51,27.712501525878906,label_H4q,label_Tbqq,0.4430278241634369,-1.1182174682617188,-0.9955411553382874,-1.2136996984481812,-0.8989360928535461,2.1971049308776855,1.0,1.0,0.0,0.0,0.0,0.0,0.7480298280715942,-0.043199896812438965,-0.4756198823451996,-1.0007123947143555,-1.033406138420105,1.7821106910705566,1.1079889753138348,0.7480298280715942,-0.043199896812438965,0.7492762206085445
1112,6,48,27.28400421142578,label_H4q,label_Tbqq,0.4430278241634369,-0.9948456883430481,-1.2001465559005737,-1.0903279781341553,-1.103541612625122,-0.20159703493118286,0.0,0.0,0.0,1.0,0.0,0.0,0.031064197421073914,-0.146340012550354,-0.6871595978736877,-1.1288310289382935,-0.15364211797714233,1.3304336071014404,1.3215323699568673,0.031064197421073914,-0.146340012550354,0.1496007474401556
1112,7,46,27.243858337402344,label_H4q,label_Tbqq,0.4430278241634369,-0.8742086887359619,-1.0229673385620117,-0.96969074010849,-0.9263623356819153,1.9098141193389893,0.0,0.0,0.0,1.0,0.0,0.0,0.33948948979377747,-0.586250901222229,-1.3098077774047852,-0.8657796382904053,-0.6865724325180054,1.7136372327804565,1.570086238341171,0.33948948979377747,-0.586250901222229,0.6774534912924393
1112,8,45,26.992454528808594,label_H4q,label_Tbqq,0.4430278241634369,-0.8294492363929749,-1.020978569984436,-0.9249313473701477,-0.9243736267089844,-0.206071138381958,0.0,0.0,0.0,1.0,0.0,0.0,0.1457993984222412,0.028098106384277344,-0.6089693903923035,-1.5590473413467407,-0.3896316587924957,1.7185125350952148,1.6737599382812083,0.1457993984222412,0.028098106384277344,0.14848221497091696
1112,9,1,26.930709838867188,label_H4q,label_Tbqq,0.4430278241634369,1.9981944561004639,1.7886099815368652,1.9027122259140015,1.8852148056030273,-0.5783058404922485,0.0,0.0,0.0,1.0,0.0,0.0,-0.05048235505819321,-0.02287578582763672,-39.05474853515625,-86.67254638671875,-3.2759978771209717,95.12168884277344,95.06526011273625,-0.05048235505819321,-0.02287578582763672,0.0554235486905466
1112,10,49,26.890972137451172,label_H4q,label_Tbqq,0.4430278241634369,-1.015566110610962,-1.221477746963501,-1.1110484600067139,-1.1248728036880493,0.16564738750457764,0.0,0.0,0.0,1.0,0.0,0.0,-0.1931200623512268,-0.1448596715927124,-0.6654942035675049,-1.0968928337097168,0.13906961679458618,1.2905025482177734,1.2829873045457934,-0.1931200623512268,-0.1448596715927124,0.2414118533471176
1112,11,24,26.02886390686035,label_H4q,label_Tbqq,0.4430278241634369,-0.10616197437047958,-0.31579676270484924,-0.2016441375017166,-0.21919192373752594,-0.006575644016265869,-1.0,1.0,0.0,0.0,0.0,0.0,-0.09771550446748734,-0.17261755466461182,-2.550489664077759,-3.952136754989624,0.060111794620752335,4.70611047744751,4.703656285987252,-0.09771550446748734,-0.17261755466461182,0.19835609391124284
1112,12,50,25.857606887817383,label_H4q,label_Tbqq,0.4430278241634369,-1.0634448528289795,-1.2320730686187744,-1.158927083015442,-1.1354682445526123,0.2656920552253723,0.0,0.0,0.0,1.0,0.0,0.0,0.2622695863246918,-0.046860337257385254,-0.5182879567146301,-1.080269694328308,-0.42441943287849426,1.2711163759231567,1.1981673583267083,0.2622695863246918,-0.046860337257385254,0.26642302287677927
2239,1,31,63.103851318359375,label_QCD,label_Hcc,0.38987013697624207,-2.130385398864746,-1.3141261339187622,-2.182718515396118,-1.3018481731414795,5.0,1.0,1.0,0.0,0.0,0.0,0.0,-2.795766830444336,-0.15219688415527344,-0.2574138641357422,-0.04284326359629631,-1.091098666191101,1.1305190324783325,0.2609548671415731,-2.795766830444336,-0.15219688415527344,2.7999064380366967
2239,2,25,32.93046569824219,label_QCD,label_Hcc,0.38987013697624207,-0.49083462357521057,-0.5818700194358826,-0.5431676506996155,-0.5695918202400208,-0.5571256875991821,0.0,0.0,0.0,1.0,0.0,0.0,-0.05836993455886841,0.016724109649658203,-2.5651423931121826,-0.8896640539169312,1.7274277210235596,3.2179906368255615,2.7150428405042164,-0.05836993455886841,0.016724109649658203,0.0607185729738469
2239,3,3,32.00193405151367,label_QCD,label_Hcc,0.38987013697624207,1.176731824874878,1.092076063156128,1.1243990659713745,1.1043540239334106,-0.617867112159729,0.0,0.0,1.0,0.0,0.0,0.0,-0.04157835245132446,0.018561124801635742,-27.760465621948242,-9.685282707214355,19.294322967529297,35.167015075683594,29.40149915677831,-0.04157835245132446,0.018561124801635742,0.04553322684006105
2239,4,11,29.891767501831055,label_QCD,label_Hcc,0.38987013697624207,0.16271692514419556,0.0974673479795456,0.1103840321302414,0.10974550247192383,-0.7134381532669067,0.0,0.0,0.0,1.0,0.0,0.0,0.007448315620422363,0.020318269729614258,-6.516942024230957,-2.2865333557128906,4.942855358123779,8.492972373962402,6.906429477955678,0.007448315620422363,0.020318269729614258,0.021640459569676123
2239,5,16,28.993358612060547,label_QCD,label_Hcc,0.38987013697624207,-0.08019592612981796,-0.10085511207580566,-0.13252873718738556,-0.08857712894678116,0.752450168132782,0.0,0.0,1.0,0.0,0.0,0.0,0.11104756593704224,-0.3718867897987366,-4.874093532562256,0.26719406247138977,4.135332107543945,6.397589683532715,4.881411725227157,0.11104756593704224,-0.3718867897987366,0.3881125433780148
2239,6,17,28.194150924682617,label_QCD,label_Hcc,0.38987013697624207,-0.19775518774986267,-0.2657428979873657,-0.2500881552696228,-0.2534647285938263,-0.6366088390350342,1.0,1.0,0.0,0.0,0.0,0.0,4.076957702636719e-05,0.0408477783203125,-3.8651645183563232,-1.445908546447754,2.9159657955169678,5.054946422576904,4.1267600219362555,4.076957702636719e-05,0.0408477783203125,0.040847798666070155
2239,7,1,28.059438705444336,label_QCD,label_Hcc,0.38987013697624207,2.1596546173095703,2.0820486545562744,2.1073215007781982,2.0943264961242676,-0.6799072027206421,1.0,1.0,0.0,0.0,0.0,0.0,-0.023430943489074707,0.018771886825561523,-113.03692626953125,-39.46391296386719,81.18159484863281,144.655517578125,119.72780431830832,-0.023430943489074707,0.018771886825561523,0.030023205155011393
2239,8,5,27.58726692199707,label_QCD,label_Hcc,0.38987013697624207,0.5646532773971558,0.4907435476779938,0.5123204588890076,0.5030215382575989,-0.6187097430229187,0.0,0.0,0.0,1.0,0.0,0.0,-0.01407468318939209,0.04308176040649414,-11.47672176361084,-4.322545528411865,8.454449653625488,14.89554500579834,12.263749112099942,-0.01407468318939209,0.04308176040649414,0.045322563769102056
2239,9,19,27.41436195373535,label_QCD,label_Hcc,0.38987013697624207,-0.3332163095474243,-0.37949490547180176,-0.3855492174625397,-0.3672170042991638,-0.5885148048400879,0.0,0.0,0.0,1.0,0.0,0.0,0.052863478660583496,-0.0009090900421142578,-3.2320778369903564,-1.057510256767273,2.626329183578491,4.296773433685303,3.4006845027923784,0.052863478660583496,-0.0009090900421142578,0.05287129486595385
2239,10,2,26.606517791748047,label_QCD,label_Hcc,0.38987013697624207,2.120871067047119,2.043912649154663,2.068538188934326,2.0561904907226562,-0.669872522354126,-1.0,1.0,0.0,0.0,0.0,0.0,-0.021784484386444092,0.024161100387573242,-106.7416763305664,-37.912681579589844,77.031494140625,136.98550415039062,113.27469660261629,-0.021784484386444092,0.024161100387573242,0.032531869480889326
2239,11,0,26.19473648071289,label_QCD,label_Hcc,0.38987013697624207,2.6381893157958984,2.5614750385284424,2.5858564376831055,2.5737533569335938,-0.6835971474647522,1.0,0.0,0.0,0.0,0.0,1.0,-0.021162986755371094,0.019974470138549805,-223.8363037109375,-78.4487533569336,161.47418212890625,286.9334716796875,237.18536582646084,-0.021162986755371094,0.019974470138549805,0.029100712460759962
2239,12,23,25.61564826965332,label_QCD,label_Hcc,0.38987013697624207,-0.4594132900238037,-0.5514430403709412,-0.5117459893226624,-0.5391648411750793,-0.4797880947589874,0.0,0.0,0.0,1.0,0.0,0.0,-0.06102097034454346,-0.05181622505187988,-2.7403371334075928,-0.7445804476737976,1.7978181838989258,3.3609519004821777,2.8396914705282077,-0.06102097034454346,-0.05181622505187988,0.08005298245797414
278,1,36,63.07791519165039,label_Hcc,label_Hcc,0.9375209212303162,-2.022798538208008,-0.9936447143554688,-2.3334038257598877,-1.1125544309616089,5.0,1.0,1.0,0.0,0.0,0.0,0.0,2.2675719261169434,0.6914088726043701,-0.13772372901439667,0.2713595926761627,1.755303144454956,1.786945104598999,0.3043088136597491,2.2675719261169434,0.6914088726043701,2.370638873643506
278,2,33,44.29350280761719,label_Hcc,label_Hcc,0.9375209212303162,-1.1790690422058105,-1.3738309144973755,-1.4896745681762695,-1.4927407503128052,-0.5835188627243042,0.0,0.0,0.0,1.0,0.0,0.0,0.02405455708503723,-0.04848074913024902,0.2711588144302368,0.9788753986358643,0.21426816284656525,1.038092017173767,1.0157382284317815,0.02405455708503723,-0.04848074913024902,0.05412028042044365
278,3,23,38.8953971862793,label_Hcc,label_Hcc,0.9375209212303162,-0.290316641330719,-0.4883485436439514,-0.6009222865104675,-0.6072582006454468,-0.5345269441604614,0.0,0.0,0.0,1.0,0.0,0.0,8.535385131835938e-05,-0.0663682222366333,1.0273844003677368,3.46657657623291,0.674347460269928,3.6779634952545166,3.615615005086363,8.535385131835938e-05,-0.0663682222366333,0.06636827712191332
278,4,34,33.65293502807617,label_Hcc,label_Hcc,0.9375209212303162,-1.2409067153930664,-1.4321860074996948,-1.5515121221542358,-1.5510956048965454,-0.22096437215805054,0.0,0.0,0.0,1.0,0.0,0.0,0.046946585178375244,0.13693487644195557,0.07877486944198608,0.9265148043632507,0.21795988082885742,0.9550610780715942,0.9298576034855416,0.046946585178375244,0.13693487644195557,0.14475891076574207
278,5,32,33.322601318359375,label_Hcc,label_Hcc,0.9375209212303162,-1.115185260772705,-1.3155434131622314,-1.4257909059524536,-1.434453010559082,-0.6475235819816589,0.0,0.0,0.0,1.0,0.0,0.0,-0.01900176703929901,0.033045411109924316,0.2087501734495163,1.093043565750122,0.18597792088985443,1.1282325983047485,1.1127986662208689,-0.01900176703929901,0.033045411109924316,0.03811910736152802
278,6,28,32.00619888305664,label_Hcc,label_Hcc,0.9375209212303162,-0.7081597447395325,-0.9002639055252075,-1.0187653303146362,-1.019173502922058,-0.5265153646469116,0.0,0.0,0.0,1.0,0.0,0.0,0.041725754737854004,0.05416250228881836,0.3320167064666748,1.9625283479690552,0.4558890461921692,2.041956901550293,1.9904151853206724,0.041725754737854004,0.05416250228881836,0.0683711581197057
278,7,29,29.165082931518555,label_Hcc,label_Hcc,0.9375209212303162,-0.7216965556144714,-0.9027081727981567,-1.0323022603988647,-1.0216177701950073,-0.21244704723358154,0.0,0.0,0.0,1.0,0.0,0.0,0.10442240536212921,0.10330593585968018,0.2307044267654419,1.9386144876480103,0.5736908912658691,2.034839391708374,1.9522936931332664,0.10442240536212921,0.10330593585968018,0.14688824025583935
278,8,26,27.139188766479492,label_Hcc,label_Hcc,0.9375209212303162,-0.5455982685089111,-0.7328934073448181,-0.8562038540840149,-0.851803183555603,-0.5282790660858154,1.0,1.0,0.0,0.0,0.0,0.0,0.06486676633358002,-0.020169734954833984,0.6014969944953918,2.4376158714294434,0.6348279714584351,2.5935027599334717,2.5107309236618156,0.06486676633358002,-0.020169734954833984,0.0679302258403689
278,9,22,27.01799964904785,label_Hcc,label_Hcc,0.9375209212303162,-0.23604929447174072,-0.4319048225879669,-0.546654999256134,-0.550814688205719,-0.6008110642433167,1.0,1.0,0.0,0.0,0.0,0.0,0.013243034482002258,-0.04800403118133545,1.0412249565124512,3.7657690048217773,0.7810649871826172,3.986816644668579,3.907066112537738,0.013243034482002258,-0.04800403118133545,0.04979723859763839
278,10,1,26.99837303161621,label_Hcc,label_Hcc,0.9375209212303162,2.464815139770508,2.2694995403289795,2.154209852218628,2.1505894660949707,-0.540734052658081,0.0,0.0,0.0,1.0,0.0,0.0,0.020184889435768127,-0.06159341335296631,51.76245880126953,177.7668914794922,38.32505798339844,189.0746612548828,185.14972278519534,0.020184889435768127,-0.06159341335296631,0.06481649735988171
278,11,11,26.647262573242188,label_Hcc,label_Hcc,0.9375209212303162,0.7304304242134094,0.5350711345672607,0.41982501745224,0.4161613881587982,-0.6180826425552368,0.0,0.0,0.0,1.0,0.0,0.0,0.019878894090652466,-0.04090476036071777,4.035162448883057,15.007848739624023,3.212021589279175,15.869315147399902,15.540851320964057,0.019878894090652466,-0.04090476036071777,0.04547933432269129
278,12,15,26.324813842773438,label_Hcc,label_Hcc,0.9375209212303162,0.3301924765110016,0.13944944739341736,0.019586896523833275,0.02053985558450222,-0.402606338262558,0.0,0.0,0.0,1.0,0.0,0.0,0.05028025805950165,-0.08568549156188965,2.6549413204193115,8.361856460571289,2.08650541305542,9.017918586730957,8.773218159949497,0.05028025805950165,-0.08568549156188965,0.09934841626685723
106,1,30,62.804073333740234,label_Hbb,label_Hcc,0.33142587542533875,-1.5356382131576538,-0.9817706346511841,-1.4859702587127686,-0.7521213293075562,5.0,-1.0,1.0,0.0,0.0,0.0,0.0,1.545417308807373,-0.0957803726196289,-0.6048622727394104,0.08145147562026978,1.7062796354293823,1.81751549243927,0.6103218100839952,1.545417308807373,-0.0957803726196289,1.5483825554883324
106,2,19,33.47013473510742,label_Hbb,label_Hcc,0.33142587542533875,-0.34758713841438293,-0.5494988560676575,-0.297919362783432,-0.31984943151474,-0.5458681583404541,0.0,0.0,0.0,1.0,0.0,0.0,-0.05405572056770325,-0.03338289260864258,-3.3230783939361572,0.23786717653274536,0.5093979835510254,3.3702993392944336,3.3315808268623726,-0.05405572056770325,-0.03338289260864258,0.06353297132209211
106,3,17,31.244413375854492,label_Hbb,label_Hcc,0.33142587542533875,-0.2624019384384155,-0.46605730056762695,-0.21273383498191833,-0.23640795052051544,-0.4586062431335449,0.0,0.0,0.0,1.0,0.0,0.0,-0.0715247243642807,-0.04656791687011719,-3.749241590499878,0.31810903549194336,0.5089076161384583,3.796971559524536,3.762712567071217,-0.0715247243642807,-0.04656791687011719,0.08534844507668828
106,4,15,30.66315269470215,label_Hbb,label_Hcc,0.33142587542533875,0.010498737916350365,-0.1952420324087143,0.06016692891716957,0.03440732881426811,-0.36630743741989136,0.0,0.0,0.0,1.0,0.0,0.0,-0.09594030678272247,-0.05050778388977051,-5.534878730773926,0.49158474802970886,0.6148460507392883,5.590579032897949,5.556666098378507,-0.09594030678272247,-0.05050778388977051,0.10842314650949153
106,5,2,28.547712326049805,label_Hbb,label_Hcc,0.33142587542533875,1.4842028617858887,1.2791810035705566,1.533870816230774,1.5088304281234741,-0.19146060943603516,0.0,0.0,1.0,0.0,0.0,0.0,-0.08696389943361282,-0.12482905387878418,-45.01347351074219,7.398467063903809,5.459765434265137,45.942996978759766,45.61743211095905,-0.08696389943361282,-0.12482905387878418,0.15213484971225996
106,6,4,28.32391929626465,label_Hbb,label_Hcc,0.33142587542533875,1.3794041872024536,1.1746984720230103,1.4290722608566284,1.4043478965759277,-0.45129457116127014,1.0,1.0,0.0,0.0,0.0,0.0,-0.08553800731897354,0.016821622848510742,-39.26571273803711,0.8346781730651855,4.757021427154541,39.57274627685547,39.27458318656789,-0.08553800731897354,0.016821622848510742,0.08717635970467172
106,7,29,28.287052154541016,label_Hbb,label_Hcc,0.33142587542533875,-1.128082036972046,-1.2660207748413086,-1.0784142017364502,-1.036371111869812,0.23817747831344604,0.0,0.0,0.0,1.0,0.0,0.0,0.25520825386047363,0.047244373708963394,-1.0924383401870728,-0.010016602464020252,0.5223597884178162,1.2109423875808716,1.0924842604978842,0.25520825386047363,0.047244373708963394,0.25954437710276856
106,8,28,27.395339965820312,label_Hbb,label_Hcc,0.33142587542533875,-0.8687196373939514,-1.0146687030792236,-0.8190514445304871,-0.7850192785263062,0.24947863817214966,0.0,0.0,0.0,1.0,0.0,0.0,0.22797434031963348,0.12986737489700317,-1.57578444480896,-0.14505168795585632,0.7091356515884399,1.734073281288147,1.5824463999392602,0.22797434031963348,0.12986737489700317,0.26236965317431593
106,9,27,26.893898010253906,label_Hbb,label_Hcc,0.33142587542533875,-0.8388155102729797,-1.0481698513031006,-0.7891475558280945,-0.8185203671455383,-0.06879991292953491,0.0,0.0,0.0,1.0,0.0,0.0,-0.16341108083724976,-0.08193087577819824,-1.639635682106018,0.19771695137023926,0.0709623396396637,1.653037428855896,1.6515135975505648,-0.16341108083724976,-0.08193087577819824,0.18280002665804163
106,10,18,26.548372268676758,label_Hbb,label_Hcc,0.33142587542533875,-0.3231177031993866,-0.5318175554275513,-0.2734498381614685,-0.3021681308746338,-0.20547282695770264,0.0,0.0,0.0,1.0,0.0,0.0,-0.14540041983127594,-0.03082418441772461,-3.4419145584106445,0.2375231385231018,0.21046745777130127,3.4565141201019287,3.4501004432817615,-0.14540041983127594,-0.03082418441772461,0.1486318015504394
106,11,12,26.338947296142578,label_Hbb,label_Hcc,0.33142587542533875,0.3019792139530182,0.22404851019382477,0.3516472280025482,0.45369794964790344,1.9277644157409668,0.0,0.0,1.0,0.0,0.0,0.0,0.42740070819854736,0.5313871502876282,-7.421934127807617,-3.990398406982422,5.705289840698242,10.176380157470703,8.426647354907127,0.42740070819854736,0.5313871502876282,0.6819411036588322
106,12,0,26.116945266723633,label_Hbb,label_Hcc,0.33142587542533875,2.2706339359283447,2.066707134246826,2.3203020095825195,2.296356439590454,-0.42907780408859253,0.0,0.0,0.0,1.0,0.0,0.0,-0.07445168495178223,-0.055280208587646484,-139.686279296875,13.078540802001953,18.56092071533203,141.5196533203125,140.29720187271803,-0.07445168495178223,-0.055280208587646484,0.09273054973229232
1968,1,28,62.7673454284668,label_Wqq,label_Wqq,0.9745469689369202,-1.60672128200531,-0.7820178866386414,-1.5397799015045166,-0.5423428416252136,5.0,1.0,1.0,0.0,0.0,0.0,0.0,1.8690950870513916,-0.5026094913482666,-0.5386390089988708,-0.11788555234670639,2.3498804569244385,2.417736053466797,0.5513882347923047,1.8690950870513916,-0.5026094913482666,1.9354928946480305
1968,2,27,34.279903411865234,label_Wqq,label_Wqq,0.9745469689369202,-1.2814335823059082,-1.4370356798171997,-1.2144924402236938,-1.197360873222351,-0.31754663586616516,0.0,0.0,0.0,1.0,0.0,0.0,0.11214044690132141,-0.044408321380615234,-0.685843825340271,-0.5474626421928406,0.3598511219024658,0.9484671354293823,0.8775517633474064,0.11214044690132141,-0.044408321380615234,0.12061334436567164
1968,3,1,30.971017837524414,label_Wqq,label_Wqq,0.9745469689369202,2.069042205810547,1.8726602792739868,2.1359832286834717,2.112335443496704,-0.3861844837665558,0.0,0.0,1.0,0.0,0.0,0.0,-0.08932763338088989,0.05218505859375,-75.49878692626953,-73.2462158203125,20.95271873474121,107.25712585449219,105.19066003849412,-0.08932763338088989,0.05218505859375,0.1034538855039471
1968,4,10,30.471813201904297,label_Wqq,label_Wqq,0.9745469689369202,0.329749196767807,0.13727350533008575,0.396690309047699,0.3769485354423523,-0.3066371977329254,0.0,0.0,1.0,0.0,0.0,0.0,-0.06252530217170715,0.10631799697875977,-5.953297138214111,-6.436628341674805,1.9866797924041748,8.98992919921875,8.76766395482398,-0.06252530217170715,0.10631799697875977,0.12334070655399562
1968,5,24,30.30301856994629,label_Wqq,label_Wqq,0.9745469689369202,-0.9179328680038452,-1.0621342658996582,-0.8509917855262756,-0.8224593997001648,-0.1613573431968689,0.0,0.0,0.0,1.0,0.0,0.0,0.15318730473518372,0.045001983642578125,-1.0660159587860107,-1.0194486379623413,0.670813262462616,1.6203875541687012,1.4750137456409451,0.15318730473518372,0.045001983642578125,0.15966066786718922
1968,6,21,30.196775436401367,label_Wqq,label_Wqq,0.9745469689369202,-0.43748971819877625,-0.6202629208564758,-0.3705485165119171,-0.3805878162384033,-0.7257776856422424,0.0,0.0,0.0,1.0,0.0,0.0,-0.006499618291854858,-0.0173799991607666,-2.239711284637451,-1.8891277313232422,0.8333708643913269,3.046246290206909,2.9300358741467383,-0.006499618291854858,-0.0173799991607666,0.018555576217624232
1968,7,19,29.769277572631836,label_Wqq,label_Wqq,0.9745469689369202,-0.42748624086380005,-0.5773071646690369,-0.36054494976997375,-0.3376322090625763,-0.1872798204421997,0.0,0.0,0.0,1.0,0.0,0.0,0.1334010362625122,-0.07528805732727051,-2.3790483474731445,-1.781615972518921,1.287369728088379,3.23903489112854,2.9722090291817027,0.1334010362625122,-0.07528805732727051,0.15318005109029853
1968,8,0,29.033227920532227,label_Wqq,label_Wqq,0.9745469689369202,2.4527194499969482,2.2564196586608887,2.519660711288452,2.4960947036743164,-0.4281487464904785,1.0,1.0,0.0,0.0,0.0,0.0,-0.08872993290424347,0.027732372283935547,-133.670654296875,-123.48323059082031,36.358726501464844,185.5745849609375,181.97788892417773,-0.08872993290424347,0.027732372283935547,0.09296281765139407
1968,9,23,27.960094451904297,label_Wqq,label_Wqq,0.9745469689369202,-0.614334225654602,-0.8095250129699707,-0.5473930239677429,-0.5698501467704773,-0.433289498090744,1.0,1.0,0.0,0.0,0.0,0.0,-0.08986219763755798,0.018154144287109375,-1.6864694356918335,-1.5282620191574097,0.4520934224128723,2.324571371078491,2.275909479026311,-0.08986219763755798,0.018154144287109375,0.09167762823638446
1968,10,22,27.5297794342041,label_Wqq,label_Wqq,0.9745469689369202,-0.4941520690917969,-0.676072359085083,-0.42721104621887207,-0.4363974928855896,-0.5420836806297302,-1.0,1.0,0.0,0.0,0.0,0.0,-0.006552070379257202,-0.06414532661437988,-2.144747018814087,-1.643769383430481,0.7684233784675598,2.81280517578125,2.7022060544331805,-0.006552070379257202,-0.06414532661437988,0.06447908616536227
1968,11,20,26.425975799560547,label_Wqq,label_Wqq,0.9745469689369202,-0.43743181228637695,-0.5736476182937622,-0.37049078941345215,-0.33397260308265686,0.033257484436035156,0.0,0.0,0.0,1.0,0.0,0.0,0.18002817034721375,-0.10480809211730957,-2.3963077068328857,-1.6864875555038452,1.4195382595062256,3.2560129165649414,2.930278297482343,0.18002817034721375,-0.10480809211730957,0.20831437370435066
1968,12,14,26.206104278564453,label_Wqq,label_Wqq,0.9745469689369202,0.05253366008400917,-0.1295468509197235,0.11947469413280487,0.1101280227303505,-0.5501617193222046,0.0,0.0,0.0,1.0,0.0,0.0,-0.002904742956161499,0.06239199638366699,-4.192872524261475,-4.1516852378845215,1.7003229856491089,6.140665054321289,5.900565254208706,-0.002904742956161499,0.06239199638366699,0.06245957688281986
603,1,70,62.7510871887207,label_Hgg,label_Hbb,0.4073933959007263,-1.4706828594207764,-0.8612048029899597,-1.569901704788208,-0.8105732798576355,4.980350971221924,-1.0,1.0,0.0,0.0,0.0,0.0,1.4442543983459473,-0.049071311950683594,-0.6215282678604126,-0.249310702085495,-2.047908306121826,2.1591343879699707,0.6696664945507781,1.4442543983459473,-0.049071311950683594,1.445087803836907
603,2,39,37.41274642944336,label_Hgg,label_Hbb,0.4073933959007263,-0.20608247816562653,-0.365471214056015,-0.30530136823654175,-0.314839631319046,-0.4962874948978424,0.0,0.0,0.0,1.0,0.0,0.0,-0.00754120945930481,0.07555270195007324,-3.5667526721954346,-1.9768716096878052,-1.6085004806518555,4.383722305297852,4.077958556165441,-0.00754120945930481,0.07555270195007324,0.07592812793731786
603,3,20,37.14712905883789,label_Hgg,label_Hbb,0.4073933959007263,0.4413053095340729,0.27552348375320435,0.3420865833759308,0.3261549770832062,-0.08559751510620117,0.0,0.0,1.0,0.0,0.0,0.0,-0.03321370482444763,-0.17548513412475586,-9.9497652053833,-2.5943143367767334,-3.773313522338867,10.952908515930176,10.282426489903125,-0.03321370482444763,-0.17548513412475586,0.17860062286271314
603,4,68,33.39297866821289,label_Hgg,label_Hbb,0.4073933959007263,-1.2307853698730469,-1.3856672048568726,-1.330004096031189,-1.3350359201431274,-0.6799723505973816,0.0,0.0,0.0,1.0,0.0,0.0,0.009658634662628174,0.028409957885742188,-0.8457722067832947,-0.41793906688690186,-0.3896113932132721,1.020686388015747,0.9434000685803338,0.009658634662628174,0.028409957885742188,0.0300069147133751
603,5,61,33.2265510559082,label_Hgg,label_Hbb,0.4073933959007263,-0.9803460240364075,-1.1539428234100342,-1.0795646905899048,-1.10331130027771,-0.4415896236896515,0.0,0.0,0.0,1.0,0.0,0.0,-0.0671004056930542,0.05938148498535156,-1.190481424331665,-0.6348798871040344,-0.44668325781822205,1.4212123155593872,1.3491917924179577,-0.0671004056930542,0.05938148498535156,0.08960259596260586
603,6,53,31.143335342407227,label_Hgg,label_Hbb,0.4073933959007263,-0.5445279479026794,-0.7163047790527344,-0.6437466740608215,-0.6656730771064758,-0.5438482761383057,0.0,0.0,0.0,1.0,0.0,0.0,-0.05892333388328552,0.02507781982421875,-2.2580513954162598,-1.1064720153808594,-0.8541989326477051,2.65569806098938,2.514572811664498,-0.05892333388328552,0.02507781982421875,0.06403792878487813
603,7,58,29.40210723876953,label_Hgg,label_Hbb,0.4073933959007263,-0.7929906845092773,-0.9508078098297119,-0.8922093510627747,-0.9001761078834534,-0.47891777753829956,0.0,0.0,0.0,1.0,0.0,0.0,-0.001465529203414917,-0.08025717735290527,-1.6561692953109741,-0.6050937175750732,-0.707019567489624,1.8997135162353516,1.7632456271829149,-0.001465529203414917,-0.08025717735290527,0.08027055682192415
603,8,15,29.23613739013672,label_Hgg,label_Hbb,0.4073933959007263,0.5950489640235901,0.42278268933296204,0.4958302676677704,0.4734143614768982,-0.2798647880554199,0.0,0.0,1.0,0.0,0.0,0.0,-0.06110444664955139,0.11478257179260254,-10.95028018951416,-6.643513202667236,-4.321377277374268,13.517366409301758,12.808001557732577,-0.06110444664955139,0.11478257179260254,0.13003381170938513
603,9,14,28.869789123535156,label_Hgg,label_Hbb,0.4073933959007263,0.6033756136894226,0.4387339949607849,0.5041567087173462,0.48936566710472107,-0.24232202768325806,0.0,0.0,1.0,0.0,0.0,0.0,-0.028513103723526,0.1364727020263672,-10.932893753051758,-6.961764812469482,-4.821309566497803,13.82893180847168,12.96126286746999,-0.028513103723526,0.1364727020263672,0.13941949462799727
603,10,45,28.583843231201172,label_Hgg,label_Hbb,0.4073933959007263,-0.3139638602733612,-0.4806998372077942,-0.41318267583847046,-0.4300682544708252,-0.356087327003479,0.0,0.0,0.0,1.0,0.0,0.0,-0.03719049692153931,0.10456109046936035,-3.006887197494507,-1.782482385635376,-1.2679415941238403,3.718371868133545,3.4955134205945697,-0.03719049692153931,0.10456109046936035,0.11097817218450115
603,11,23,27.942119598388672,label_Hgg,label_Hbb,0.4073933959007263,0.31110841035842896,0.14960889518260956,0.21188969910144806,0.20024056732654572,-0.44311949610710144,-1.0,1.0,0.0,0.0,0.0,0.0,-0.016163647174835205,0.08774375915527344,-7.41603946685791,-4.229330062866211,-3.2884111404418945,9.149754524230957,8.537263856450616,-0.016163647174835205,0.08774375915527344,0.08922012531201236
603,12,59,27.378490447998047,label_Hgg,label_Hbb,0.4073933959007263,-0.8082602024078369,-0.9692763686180115,-0.9074790477752686,-0.9186448454856873,-0.20214390754699707,0.0,0.0,0.0,1.0,0.0,0.0,-0.013924717903137207,0.14881396293640137,-1.443668246269226,-0.9445286393165588,-0.6686587929725647,1.8502477407455444,1.7251992220538626,-0.013924717903137207,0.14881396293640137,0.14946402019723204
1579,1,47,62.716827392578125,label_Tbqq,label_QCD,0.5762433409690857,-1.6126079559326172,-0.9532153010368347,-1.703150749206543,-0.9207971096038818,5.0,-1.0,1.0,0.0,0.0,0.0,0.0,1.4959912300109863,0.44322729110717773,0.31655725836753845,0.4458135962486267,1.8071343898773193,1.8931910991668701,0.546770756739336,1.4959912300109863,0.44322729110717773,1.5602692690212132
1579,2,22,48.919490814208984,label_Tbqq,label_QCD,0.5762433409690857,0.3371662497520447,0.16473090648651123,0.2466234713792801,0.19714903831481934,-0.4337555766105652,0.0,0.0,0.0,1.0,0.0,0.0,-0.08421570062637329,-0.03593260049819946,7.883368968963623,4.046090126037598,2.9826197624206543,9.349565505981445,8.861058154015101,-0.08421570062637329,-0.03593260049819946,0.09156110533711427
1579,3,8,46.19389724731445,label_Tbqq,label_QCD,0.5762433409690857,0.8466153144836426,0.6758028268814087,0.7560725212097168,0.7082211375236511,-0.47326329350471497,0.0,0.0,0.0,1.0,0.0,0.0,-0.07702088356018066,-0.027204573154449463,16.24868392944336,8.519523620605469,6.314918041229248,19.40309715270996,18.34671665887402,-0.07702088356018066,-0.027204573154449463,0.08168418026097037
1579,4,9,41.928958892822266,label_Tbqq,label_QCD,0.5762433409690857,0.834077000617981,0.6614412069320679,0.7435342073440552,0.6938595175743103,-0.4197397232055664,0.0,0.0,0.0,1.0,0.0,0.0,-0.08511412143707275,-0.04234328866004944,16.085081100463867,8.125714302062988,6.048768043518066,19.00906753540039,18.02101736659867,-0.08511412143707275,-0.04234328866004944,0.09506507120153564
1579,5,45,40.34989547729492,label_Tbqq,label_QCD,0.5762433409690857,-0.9582458734512329,-1.13595449924469,-1.0487886667251587,-1.1035362482070923,-0.3459872305393219,0.0,0.0,0.0,1.0,0.0,0.0,-0.10867658257484436,-0.03274714946746826,1.2367972135543823,0.6397642493247986,0.43290048837661743,1.458207368850708,1.3924674653901281,-0.10867658257484436,-0.03274714946746826,0.11350319554264396
1579,6,0,36.61197280883789,label_Tbqq,label_QCD,0.5762433409690857,2.019275426864624,1.8566235303878784,1.9287325143814087,1.8890416622161865,-0.49859973788261414,0.0,0.0,1.0,0.0,0.0,0.0,-0.042798012495040894,-0.0620158314704895,88.29906463623047,42.446929931640625,37.28813552856445,104.82781982421875,97.97176468888786,-0.042798012495040894,-0.0620158314704895,0.07535007117781531
1579,7,31,33.519046783447266,label_Tbqq,label_QCD,0.5762433409690857,-0.34953662753105164,-0.5215585827827454,-0.4400794804096222,-0.4891403615474701,-0.3173673450946808,0.0,0.0,0.0,1.0,0.0,0.0,-0.0823691189289093,-0.08816871047019958,3.0309219360351562,1.360622763633728,1.1247618198394775,3.507544755935669,3.322315771755807,-0.0823691189289093,-0.08816871047019958,0.12065816698053508
1579,8,40,33.401824951171875,label_Tbqq,label_QCD,0.5762433409690857,-0.6436973214149475,-0.8049286007881165,-0.7342401146888733,-0.7725103497505188,-0.5026524066925049,0.0,0.0,0.0,1.0,0.0,0.0,-0.03713122010231018,-0.0643991231918335,1.9691948890686035,0.9408559203147888,0.8438754677772522,2.3398854732513428,2.1824157197759777,-0.03713122010231018,-0.0643991231918335,0.07433689914277532
1579,9,43,33.33281707763672,label_Tbqq,label_QCD,0.5762433409690857,-0.8182945847511292,-0.9937843084335327,-0.9088375568389893,-0.9613661170005798,-0.21954292058944702,0.0,0.0,0.0,1.0,0.0,0.0,-0.09816819429397583,-0.10686981678009033,1.5642379522323608,0.6673485040664673,0.5474533438682556,1.7865887880325317,1.7006452884372572,-0.09816819429397583,-0.10686981678009033,0.1451142725907754
1579,10,46,32.11025619506836,label_Tbqq,label_QCD,0.5762433409690857,-1.0229135751724243,-1.1735961437225342,-1.11345636844635,-1.141178011894226,-0.5798273086547852,0.0,0.0,0.0,1.0,0.0,0.0,0.0027535855770111084,-0.054974257946014404,1.140343427658081,0.558102548122406,0.5456092357635498,1.3818650245666504,1.2695911102491635,0.0027535855770111084,-0.054974257946014404,0.0550431764185612
1579,11,14,31.778181076049805,label_Tbqq,label_QCD,0.5762433409690857,0.5500854849815369,0.3796934187412262,0.45954254269599915,0.41211190819740295,-0.434552937746048,0.0,0.0,0.0,1.0,0.0,0.0,-0.07518020272254944,-0.051912516355514526,10.77217960357666,5.313022136688232,4.157617092132568,12.710383415222168,12.01116387518929,-0.07518020272254944,-0.051912516355514526,0.09136176572158176
1579,12,15,31.4464054107666,label_Tbqq,label_QCD,0.5762433409690857,0.5338730216026306,0.35837751626968384,0.44333022832870483,0.39079564809799194,-0.40640556812286377,0.0,0.0,0.0,1.0,0.0,0.0,-0.09819495677947998,-0.006327509880065918,10.278053283691406,5.66563081741333,3.777651786804199,12.329168319702148,11.736172794468533,-0.09819495677947998,-0.006327509880065918,0.09839861237947552
