src,dst,type,gate_abs_grad,patch_acc_drop,super_max_particle_score,conf,rank,super_score,score,pt,deltaR
run:all_head_supertrace:v1:latest,head:L1_ch112:128,run_has_head,0.8689268512214768,0.0,,,,,,,
run:all_head_supertrace:v1:latest,head:L1_ch16:32,run_has_head,0.748019616522652,0.0,,,,,,,
run:all_head_supertrace:v1:latest,head:L0_ch40:48,run_has_head,0.715566657370073,0.0,,,,,,,
run:all_head_supertrace:v1:latest,head:L2_ch224:256,run_has_head,0.7083240525222217,0.0,,,,,,,
run:all_head_supertrace:v1:latest,head:L0_ch48:56,run_has_head,0.3768698421619773,0.0,,,,,,,
run:all_head_supertrace:v1:latest,head:L0_ch8:16,run_has_head,0.3576639466715291,0.0,,,,,,,
run:all_head_supertrace:v1:latest,head:L2_ch128:160,run_has_head,0.3421113716471157,0.0,,,,,,,
run:all_head_supertrace:v1:latest,head:L2_ch64:96,run_has_head,0.3056455652433215,0.0,,,,,,,
run:all_head_supertrace:v1:latest,head:L2_ch0:32,run_has_head,0.2610779497063049,0.0,,,,,,,
run:all_head_supertrace:v1:latest,head:L0_ch24:32,run_has_head,0.22714711990847689,0.0,,,,,,,
run:all_head_supertrace:v1:latest,head:L1_ch32:48,run_has_head,0.21075477813137686,0.0,,,,,,,
run:all_head_supertrace:v1:latest,head:L0_ch0:8,run_has_head,0.20418599925615105,0.0,,,,,,,
run:all_head_supertrace:v1:latest,head:L1_ch64:80,run_has_head,0.183527687044989,0.0,,,,,,,
run:all_head_supertrace:v1:latest,head:L1_ch80:96,run_has_head,0.16921844155003798,0.0,,,,,,,
run:all_head_supertrace:v1:latest,head:L1_ch48:64,run_has_head,0.1365954355052964,0.0,,,,,,,
run:all_head_supertrace:v1:latest,head:L2_ch32:64,run_has_head,0.13062319853925153,0.0,,,,,,,
run:all_head_supertrace:v1:latest,head:L0_ch32:40,run_has_head,0.11246960707576363,0.0,,,,,,,
run:all_head_supertrace:v1:latest,head:L0_ch16:24,run_has_head,0.08959298154077243,0.0,,,,,,,
run:all_head_supertrace:v1:latest,head:L2_ch96:128,run_has_head,0.06664143828711544,0.0,,,,,,,
run:all_head_supertrace:v1:latest,head:L2_ch160:192,run_has_head,0.04230899697795393,0.0,,,,,,,
run:all_head_supertrace:v1:latest,head:L2_ch192:224,run_has_head,0.036883427306383984,0.0,,,,,,,
run:all_head_supertrace:v1:latest,head:L1_ch96:112,run_has_head,0.02857979802283812,0.0,,,,,,,
run:all_head_supertrace:v1:latest,head:L0_ch56:64,run_has_head,0.018621155667642587,0.0,,,,,,,
run:all_head_supertrace:v1:latest,head:L1_ch0:16,run_has_head,0.014614771667402222,0.0,,,,,,,
run:all_head_supertrace:v1:latest,event:3653,run_has_event,,,5.196718215942383,,,,,,
event:3653,class:label_Hqql,event_predicted_as,,,,0.9841899275779724,,,,,
run:all_head_supertrace:v1:latest,event:3458,run_has_event,,,5.164773464202881,,,,,,
event:3458,class:label_Hqql,event_predicted_as,,,,0.9996488094329834,,,,,
run:all_head_supertrace:v1:latest,event:4073,run_has_event,,,5.147113800048828,,,,,,
event:4073,class:label_Hqql,event_predicted_as,,,,0.9995704293251038,,,,,
run:all_head_supertrace:v1:latest,event:3346,run_has_event,,,5.1410956382751465,,,,,,
event:3346,class:label_Hqql,event_predicted_as,,,,0.9593855142593384,,,,,
run:all_head_supertrace:v1:latest,event:3282,run_has_event,,,5.117623805999756,,,,,,
event:3282,class:label_Hqql,event_predicted_as,,,,0.9999245405197144,,,,,
run:all_head_supertrace:v1:latest,event:3477,run_has_event,,,5.0932135581970215,,,,,,
event:3477,class:label_Hqql,event_predicted_as,,,,0.99908447265625,,,,,
run:all_head_supertrace:v1:latest,event:3931,run_has_event,,,5.086535930633545,,,,,,
event:3931,class:label_Hqql,event_predicted_as,,,,0.9999632835388184,,,,,
run:all_head_supertrace:v1:latest,event:3525,run_has_event,,,5.0709381103515625,,,,,,
event:3525,class:label_Hqql,event_predicted_as,,,,0.9992823004722595,,,,,
run:all_head_supertrace:v1:latest,event:3375,run_has_event,,,5.037026405334473,,,,,,
event:3375,class:label_Hqql,event_predicted_as,,,,0.9998637437820435,,,,,
run:all_head_supertrace:v1:latest,event:3192,run_has_event,,,5.036527156829834,,,,,,
event:3192,class:label_Hqql,event_predicted_as,,,,0.9937615990638733,,,,,
run:all_head_supertrace:v1:latest,event:7974,run_has_event,,,5.027756214141846,,,,,,
event:7974,class:label_Wqq,event_predicted_as,,,,0.6064655184745789,,,,,
run:all_head_supertrace:v1:latest,event:3329,run_has_event,,,5.021880149841309,,,,,,
event:3329,class:label_Hqql,event_predicted_as,,,,0.9999934434890747,,,,,
run:all_head_supertrace:v1:latest,event:3101,run_has_event,,,5.009812831878662,,,,,,
event:3101,class:label_Hqql,event_predicted_as,,,,0.9999512434005737,,,,,
run:all_head_supertrace:v1:latest,event:3330,run_has_event,,,4.989509105682373,,,,,,
event:3330,class:label_Hqql,event_predicted_as,,,,0.9999957084655762,,,,,
run:all_head_supertrace:v1:latest,event:5121,run_has_event,,,4.988543510437012,,,,,,
event:5121,class:label_Tbl,event_predicted_as,,,,0.9999911785125732,,,,,
run:all_head_supertrace:v1:latest,event:4063,run_has_event,,,4.987092018127441,,,,,,
event:4063,class:label_Hqql,event_predicted_as,,,,0.8149993419647217,,,,,
run:all_head_supertrace:v1:latest,event:5295,run_has_event,,,4.9861674308776855,,,,,,
event:5295,class:label_Tbl,event_predicted_as,,,,0.9999303817749023,,,,,
run:all_head_supertrace:v1:latest,event:3610,run_has_event,,,4.962615489959717,,,,,,
event:3610,class:label_Hqql,event_predicted_as,,,,0.9972230195999146,,,,,
run:all_head_supertrace:v1:latest,event:3209,run_has_event,,,4.9580230712890625,,,,,,
event:3209,class:label_Hqql,event_predicted_as,,,,0.9979046583175659,,,,,
run:all_head_supertrace:v1:latest,event:4069,run_has_event,,,4.954601764678955,,,,,,
event:4069,class:label_Hqql,event_predicted_as,,,,0.9998471736907959,,,,,
run:all_head_supertrace:v1:latest,event:3598,run_has_event,,,4.952511787414551,,,,,,
event:3598,class:label_Hqql,event_predicted_as,,,,0.9776914119720459,,,,,
run:all_head_supertrace:v1:latest,event:3486,run_has_event,,,4.949716567993164,,,,,,
event:3486,class:label_Hqql,event_predicted_as,,,,0.9999655485153198,,,,,
run:all_head_supertrace:v1:latest,event:3865,run_has_event,,,4.948277950286865,,,,,,
event:3865,class:label_Hqql,event_predicted_as,,,,0.8702153563499451,,,,,
run:all_head_supertrace:v1:latest,event:3715,run_has_event,,,4.945679664611816,,,,,,
event:3715,class:label_Hqql,event_predicted_as,,,,0.999832272529602,,,,,
run:all_head_supertrace:v1:latest,event:3969,run_has_event,,,4.944116592407227,,,,,,
event:3969,class:label_Hqql,event_predicted_as,,,,0.9999886751174927,,,,,
run:all_head_supertrace:v1:latest,event:3484,run_has_event,,,4.9357781410217285,,,,,,
event:3484,class:label_Hqql,event_predicted_as,,,,0.9995546936988831,,,,,
run:all_head_supertrace:v1:latest,event:3799,run_has_event,,,4.9342827796936035,,,,,,
event:3799,class:label_Hqql,event_predicted_as,,,,0.9997085928916931,,,,,
run:all_head_supertrace:v1:latest,event:3806,run_has_event,,,4.932669639587402,,,,,,
event:3806,class:label_Hqql,event_predicted_as,,,,0.9992566704750061,,,,,
run:all_head_supertrace:v1:latest,event:3941,run_has_event,,,4.929831027984619,,,,,,
event:3941,class:label_Hqql,event_predicted_as,,,,0.9466289281845093,,,,,
run:all_head_supertrace:v1:latest,event:3097,run_has_event,,,4.929346561431885,,,,,,
event:3097,class:label_Hqql,event_predicted_as,,,,0.9995713829994202,,,,,
run:all_head_supertrace:v1:latest,event:3585,run_has_event,,,4.9286909103393555,,,,,,
event:3585,class:label_Hqql,event_predicted_as,,,,0.9944092631340027,,,,,
run:all_head_supertrace:v1:latest,event:3189,run_has_event,,,4.927688121795654,,,,,,
event:3189,class:label_Hqql,event_predicted_as,,,,0.9972719550132751,,,,,
run:all_head_supertrace:v1:latest,event:3552,run_has_event,,,4.925191402435303,,,,,,
event:3552,class:label_Hqql,event_predicted_as,,,,0.9999440908432007,,,,,
run:all_head_supertrace:v1:latest,event:3606,run_has_event,,,4.913609981536865,,,,,,
event:3606,class:label_Hqql,event_predicted_as,,,,0.9996222257614136,,,,,
run:all_head_supertrace:v1:latest,event:3270,run_has_event,,,4.912517547607422,,,,,,
event:3270,class:label_Hqql,event_predicted_as,,,,0.9995831847190857,,,,,
run:all_head_supertrace:v1:latest,event:3697,run_has_event,,,4.911472320556641,,,,,,
event:3697,class:label_Hqql,event_predicted_as,,,,0.9789749383926392,,,,,
run:all_head_supertrace:v1:latest,event:3257,run_has_event,,,4.906546115875244,,,,,,
event:3257,class:label_Hqql,event_predicted_as,,,,0.9530163407325745,,,,,
run:all_head_supertrace:v1:latest,event:3078,run_has_event,,,4.9013872146606445,,,,,,
event:3078,class:label_Hqql,event_predicted_as,,,,0.9999284744262695,,,,,
run:all_head_supertrace:v1:latest,event:3622,run_has_event,,,4.897593021392822,,,,,,
event:3622,class:label_Hqql,event_predicted_as,,,,0.9993982315063477,,,,,
run:all_head_supertrace:v1:latest,event:8848,run_has_event,,,4.894215106964111,,,,,,
event:8848,class:label_Zqq,event_predicted_as,,,,0.4574590027332306,,,,,
run:all_head_supertrace:v1:latest,event:3703,run_has_event,,,4.894197940826416,,,,,,
event:3703,class:label_Hqql,event_predicted_as,,,,0.999998927116394,,,,,
run:all_head_supertrace:v1:latest,event:3961,run_has_event,,,4.8925395011901855,,,,,,
event:3961,class:label_Hqql,event_predicted_as,,,,0.8424596786499023,,,,,
run:all_head_supertrace:v1:latest,event:3528,run_has_event,,,4.889524936676025,,,,,,
event:3528,class:label_Hqql,event_predicted_as,,,,0.999998927116394,,,,,
run:all_head_supertrace:v1:latest,event:3938,run_has_event,,,4.889350891113281,,,,,,
event:3938,class:label_Hqql,event_predicted_as,,,,0.9998268485069275,,,,,
run:all_head_supertrace:v1:latest,event:3497,run_has_event,,,4.887000560760498,,,,,,
event:3497,class:label_Hqql,event_predicted_as,,,,0.9984768033027649,,,,,
run:all_head_supertrace:v1:latest,event:3361,run_has_event,,,4.879865646362305,,,,,,
event:3361,class:label_Tbl,event_predicted_as,,,,0.6459043025970459,,,,,
run:all_head_supertrace:v1:latest,event:4077,run_has_event,,,4.878639221191406,,,,,,
event:4077,class:label_Hqql,event_predicted_as,,,,0.995890200138092,,,,,
run:all_head_supertrace:v1:latest,event:4080,run_has_event,,,4.877249240875244,,,,,,
event:4080,class:label_Hqql,event_predicted_as,,,,0.9999879598617554,,,,,
run:all_head_supertrace:v1:latest,event:3456,run_has_event,,,4.874866962432861,,,,,,
event:3456,class:label_Hqql,event_predicted_as,,,,0.5879793763160706,,,,,
run:all_head_supertrace:v1:latest,event:3167,run_has_event,,,4.8742804527282715,,,,,,
event:3167,class:label_Hqql,event_predicted_as,,,,0.9997943043708801,,,,,
run:all_head_supertrace:v1:latest,event:3927,run_has_event,,,4.87052583694458,,,,,,
event:3927,class:label_Hqql,event_predicted_as,,,,0.9906222224235535,,,,,
run:all_head_supertrace:v1:latest,event:3213,run_has_event,,,4.867534637451172,,,,,,
event:3213,class:label_Hqql,event_predicted_as,,,,0.9999573230743408,,,,,
run:all_head_supertrace:v1:latest,event:3737,run_has_event,,,4.866183757781982,,,,,,
event:3737,class:label_Hqql,event_predicted_as,,,,0.9984390139579773,,,,,
run:all_head_supertrace:v1:latest,event:3508,run_has_event,,,4.86555814743042,,,,,,
event:3508,class:label_Hqql,event_predicted_as,,,,0.9999412298202515,,,,,
run:all_head_supertrace:v1:latest,event:3258,run_has_event,,,4.864280700683594,,,,,,
event:3258,class:label_Hqql,event_predicted_as,,,,0.9999850988388062,,,,,
run:all_head_supertrace:v1:latest,event:3113,run_has_event,,,4.863282203674316,,,,,,
event:3113,class:label_Hqql,event_predicted_as,,,,0.9980555772781372,,,,,
run:all_head_supertrace:v1:latest,event:3159,run_has_event,,,4.862974643707275,,,,,,
event:3159,class:label_Hqql,event_predicted_as,,,,0.999995231628418,,,,,
run:all_head_supertrace:v1:latest,event:3241,run_has_event,,,4.861419200897217,,,,,,
event:3241,class:label_Hqql,event_predicted_as,,,,0.9911550283432007,,,,,
run:all_head_supertrace:v1:latest,event:3673,run_has_event,,,4.8541364669799805,,,,,,
event:3673,class:label_Hqql,event_predicted_as,,,,0.9994537234306335,,,,,
run:all_head_supertrace:v1:latest,event:3381,run_has_event,,,4.853531837463379,,,,,,
event:3381,class:label_Hqql,event_predicted_as,,,,0.9977391958236694,,,,,
run:all_head_supertrace:v1:latest,event:3541,run_has_event,,,4.849453926086426,,,,,,
event:3541,class:label_Hqql,event_predicted_as,,,,0.9998433589935303,,,,,
run:all_head_supertrace:v1:latest,event:5730,run_has_event,,,4.846969127655029,,,,,,
event:5730,class:label_Tbl,event_predicted_as,,,,1.0,,,,,
run:all_head_supertrace:v1:latest,event:3313,run_has_event,,,4.845171928405762,,,,,,
event:3313,class:label_Hqql,event_predicted_as,,,,0.970779299736023,,,,,
run:all_head_supertrace:v1:latest,event:4008,run_has_event,,,4.84495210647583,,,,,,
event:4008,class:label_Hqql,event_predicted_as,,,,0.9982054233551025,,,,,
run:all_head_supertrace:v1:latest,event:3225,run_has_event,,,4.8418049812316895,,,,,,
event:3225,class:label_Hqql,event_predicted_as,,,,0.9999858140945435,,,,,
run:all_head_supertrace:v1:latest,event:5871,run_has_event,,,4.83908748626709,,,,,,
event:5871,class:label_Tbl,event_predicted_as,,,,0.8600504398345947,,,,,
run:all_head_supertrace:v1:latest,event:3531,run_has_event,,,4.838278770446777,,,,,,
event:3531,class:label_Hqql,event_predicted_as,,,,0.9921171069145203,,,,,
run:all_head_supertrace:v1:latest,event:3970,run_has_event,,,4.836788177490234,,,,,,
event:3970,class:label_Hqql,event_predicted_as,,,,0.9927840232849121,,,,,
run:all_head_supertrace:v1:latest,event:3507,run_has_event,,,4.834069728851318,,,,,,
event:3507,class:label_Hqql,event_predicted_as,,,,0.9999624490737915,,,,,
run:all_head_supertrace:v1:latest,event:3099,run_has_event,,,4.8318634033203125,,,,,,
event:3099,class:label_Hqql,event_predicted_as,,,,0.9999996423721313,,,,,
run:all_head_supertrace:v1:latest,event:3728,run_has_event,,,4.830503463745117,,,,,,
event:3728,class:label_Hqql,event_predicted_as,,,,0.9997215867042542,,,,,
run:all_head_supertrace:v1:latest,event:4028,run_has_event,,,4.830124855041504,,,,,,
event:4028,class:label_Hqql,event_predicted_as,,,,0.9999287128448486,,,,,
run:all_head_supertrace:v1:latest,event:5868,run_has_event,,,4.829768657684326,,,,,,
event:5868,class:label_Tbl,event_predicted_as,,,,0.998831570148468,,,,,
run:all_head_supertrace:v1:latest,event:9351,run_has_event,,,4.8282036781311035,,,,,,
event:9351,class:label_QCD,event_predicted_as,,,,0.5009703636169434,,,,,
run:all_head_supertrace:v1:latest,event:3543,run_has_event,,,4.82487154006958,,,,,,
event:3543,class:label_Hqql,event_predicted_as,,,,0.9105942249298096,,,,,
run:all_head_supertrace:v1:latest,event:3910,run_has_event,,,4.821401119232178,,,,,,
event:3910,class:label_Hqql,event_predicted_as,,,,0.997821569442749,,,,,
run:all_head_supertrace:v1:latest,event:5726,run_has_event,,,4.821256160736084,,,,,,
event:5726,class:label_Tbl,event_predicted_as,,,,0.9995372295379639,,,,,
run:all_head_supertrace:v1:latest,event:3196,run_has_event,,,4.821238040924072,,,,,,
event:3196,class:label_Hqql,event_predicted_as,,,,0.99868243932724,,,,,
run:all_head_supertrace:v1:latest,event:3739,run_has_event,,,4.820569038391113,,,,,,
event:3739,class:label_Hqql,event_predicted_as,,,,0.9999927282333374,,,,,
run:all_head_supertrace:v1:latest,event:3882,run_has_event,,,4.820165634155273,,,,,,
event:3882,class:label_Hqql,event_predicted_as,,,,0.795727014541626,,,,,
run:all_head_supertrace:v1:latest,event:5438,run_has_event,,,4.81794548034668,,,,,,
event:5438,class:label_Tbl,event_predicted_as,,,,0.9999618530273438,,,,,
run:all_head_supertrace:v1:latest,event:3626,run_has_event,,,4.817261695861816,,,,,,
event:3626,class:label_Hqql,event_predicted_as,,,,0.995578944683075,,,,,
run:all_head_supertrace:v1:latest,event:3158,run_has_event,,,4.815759658813477,,,,,,
event:3158,class:label_Hqql,event_predicted_as,,,,0.9999631643295288,,,,,
run:all_head_supertrace:v1:latest,event:3839,run_has_event,,,4.815083026885986,,,,,,
event:3839,class:label_Hqql,event_predicted_as,,,,0.9996527433395386,,,,,
run:all_head_supertrace:v1:latest,event:3549,run_has_event,,,4.813783168792725,,,,,,
event:3549,class:label_Hqql,event_predicted_as,,,,0.9982951283454895,,,,,
run:all_head_supertrace:v1:latest,event:3996,run_has_event,,,4.809891700744629,,,,,,
event:3996,class:label_Hqql,event_predicted_as,,,,0.9999376535415649,,,,,
run:all_head_supertrace:v1:latest,event:3594,run_has_event,,,4.80954122543335,,,,,,
event:3594,class:label_Hqql,event_predicted_as,,,,0.7662743926048279,,,,,
run:all_head_supertrace:v1:latest,event:3088,run_has_event,,,4.808630466461182,,,,,,
event:3088,class:label_Hqql,event_predicted_as,,,,0.9504872560501099,,,,,
run:all_head_supertrace:v1:latest,event:3831,run_has_event,,,4.807035446166992,,,,,,
event:3831,class:label_Hqql,event_predicted_as,,,,0.8058458566665649,,,,,
run:all_head_supertrace:v1:latest,event:5632,run_has_event,,,4.805167198181152,,,,,,
event:5632,class:label_Tbl,event_predicted_as,,,,0.9999996423721313,,,,,
run:all_head_supertrace:v1:latest,event:3833,run_has_event,,,4.800318241119385,,,,,,
event:3833,class:label_Hqql,event_predicted_as,,,,0.9998905658721924,,,,,
run:all_head_supertrace:v1:latest,event:3478,run_has_event,,,4.797427177429199,,,,,,
event:3478,class:label_Hqql,event_predicted_as,,,,0.9995436072349548,,,,,
run:all_head_supertrace:v1:latest,event:5423,run_has_event,,,4.7954864501953125,,,,,,
event:5423,class:label_Hqql,event_predicted_as,,,,0.9117431044578552,,,,,
run:all_head_supertrace:v1:latest,event:3569,run_has_event,,,4.792593479156494,,,,,,
event:3569,class:label_Hqql,event_predicted_as,,,,0.9988184571266174,,,,,
run:all_head_supertrace:v1:latest,event:3175,run_has_event,,,4.7924675941467285,,,,,,
event:3175,class:label_Hqql,event_predicted_as,,,,0.9998352527618408,,,,,
run:all_head_supertrace:v1:latest,event:3822,run_has_event,,,4.791172504425049,,,,,,
event:3822,class:label_Hqql,event_predicted_as,,,,0.9983615279197693,,,,,
run:all_head_supertrace:v1:latest,event:5540,run_has_event,,,4.785966873168945,,,,,,
event:5540,class:label_Tbl,event_predicted_as,,,,0.9999974966049194,,,,,
run:all_head_supertrace:v1:latest,event:5315,run_has_event,,,4.782288074493408,,,,,,
event:5315,class:label_Tbl,event_predicted_as,,,,0.9986506104469299,,,,,
run:all_head_supertrace:v1:latest,event:3114,run_has_event,,,4.781396865844727,,,,,,
event:3114,class:label_Hqql,event_predicted_as,,,,0.9612221717834473,,,,,
run:all_head_supertrace:v1:latest,event:3957,run_has_event,,,4.778062343597412,,,,,,
event:3957,class:label_Hqql,event_predicted_as,,,,0.8906029462814331,,,,,
run:all_head_supertrace:v1:latest,event:3729,run_has_event,,,4.775670528411865,,,,,,
event:3729,class:label_Hqql,event_predicted_as,,,,0.9974418878555298,,,,,
run:all_head_supertrace:v1:latest,event:3420,run_has_event,,,4.774644374847412,,,,,,
event:3420,class:label_Hqql,event_predicted_as,,,,0.9989284873008728,,,,,
run:all_head_supertrace:v1:latest,event:5791,run_has_event,,,4.773460865020752,,,,,,
event:5791,class:label_Tbl,event_predicted_as,,,,0.9999532699584961,,,,,
run:all_head_supertrace:v1:latest,event:3332,run_has_event,,,4.773301124572754,,,,,,
event:3332,class:label_Hqql,event_predicted_as,,,,0.9999923706054688,,,,,
run:all_head_supertrace:v1:latest,event:5672,run_has_event,,,4.772876262664795,,,,,,
event:5672,class:label_Tbl,event_predicted_as,,,,0.9999672174453735,,,,,
run:all_head_supertrace:v1:latest,event:3779,run_has_event,,,4.772729873657227,,,,,,
event:3779,class:label_Hqql,event_predicted_as,,,,0.9999314546585083,,,,,
run:all_head_supertrace:v1:latest,event:5131,run_has_event,,,4.770968914031982,,,,,,
event:5131,class:label_Tbl,event_predicted_as,,,,0.9998583793640137,,,,,
run:all_head_supertrace:v1:latest,event:4004,run_has_event,,,4.770216464996338,,,,,,
event:4004,class:label_Hqql,event_predicted_as,,,,0.9992128610610962,,,,,
run:all_head_supertrace:v1:latest,event:5660,run_has_event,,,4.768720626831055,,,,,,
event:5660,class:label_Tbl,event_predicted_as,,,,0.997798502445221,,,,,
run:all_head_supertrace:v1:latest,event:5274,run_has_event,,,4.768645763397217,,,,,,
event:5274,class:label_Tbl,event_predicted_as,,,,0.6718581914901733,,,,,
run:all_head_supertrace:v1:latest,event:4057,run_has_event,,,4.767242431640625,,,,,,
event:4057,class:label_Hqql,event_predicted_as,,,,0.9998869895935059,,,,,
run:all_head_supertrace:v1:latest,event:3481,run_has_event,,,4.765417098999023,,,,,,
event:3481,class:label_Hqql,event_predicted_as,,,,0.9413807392120361,,,,,
run:all_head_supertrace:v1:latest,event:3272,run_has_event,,,4.762994766235352,,,,,,
event:3272,class:label_Hqql,event_predicted_as,,,,0.8952941298484802,,,,,
run:all_head_supertrace:v1:latest,event:5768,run_has_event,,,4.761221408843994,,,,,,
event:5768,class:label_Tbl,event_predicted_as,,,,1.0,,,,,
run:all_head_supertrace:v1:latest,event:3462,run_has_event,,,4.75879430770874,,,,,,
event:3462,class:label_Hqql,event_predicted_as,,,,0.9998588562011719,,,,,
run:all_head_supertrace:v1:latest,event:9508,run_has_event,,,4.757246017456055,,,,,,
event:9508,class:label_Zqq,event_predicted_as,,,,0.7839041948318481,,,,,
run:all_head_supertrace:v1:latest,event:3907,run_has_event,,,4.753776550292969,,,,,,
event:3907,class:label_Hqql,event_predicted_as,,,,0.9999651908874512,,,,,
run:all_head_supertrace:v1:latest,event:3638,run_has_event,,,4.751429080963135,,,,,,
event:3638,class:label_Hqql,event_predicted_as,,,,0.9999326467514038,,,,,
run:all_head_supertrace:v1:latest,event:3150,run_has_event,,,4.748589038848877,,,,,,
event:3150,class:label_Hqql,event_predicted_as,,,,0.9993769526481628,,,,,
run:all_head_supertrace:v1:latest,event:3990,run_has_event,,,4.748533248901367,,,,,,
event:3990,class:label_Hqql,event_predicted_as,,,,0.9893519282341003,,,,,
event:3078,particle:3078:0,event_has_top_particle,,,,,1,4.9013872146606445,,,
event:3078,particle:3078:15,event_has_top_particle,,,,,2,2.7455689907073975,,,
event:3078,particle:3078:13,event_has_top_particle,,,,,3,2.5569541454315186,,,
event:3078,particle:3078:5,event_has_top_particle,,,,,4,2.4687559604644775,,,
event:3078,particle:3078:2,event_has_top_particle,,,,,5,2.4674954414367676,,,
event:3078,particle:3078:25,event_has_top_particle,,,,,6,2.4619762897491455,,,
event:3078,particle:3078:19,event_has_top_particle,,,,,7,2.446640729904175,,,
event:3078,particle:3078:1,event_has_top_particle,,,,,8,2.4012746810913086,,,
event:3078,particle:3078:17,event_has_top_particle,,,,,9,2.3390986919403076,,,
event:3078,particle:3078:18,event_has_top_particle,,,,,10,2.296177625656128,,,
event:3078,particle:3078:24,event_has_top_particle,,,,,11,2.2782142162323,,,
event:3078,particle:3078:3,event_has_top_particle,,,,,12,2.2779712677001953,,,
event:3078,particle:3078:21,event_has_top_particle,,,,,13,2.259671211242676,,,
event:3078,particle:3078:9,event_has_top_particle,,,,,14,2.2172727584838867,,,
event:3078,particle:3078:23,event_has_top_particle,,,,,15,2.1636946201324463,,,
event:3078,particle:3078:8,event_has_top_particle,,,,,16,2.110858201980591,,,
event:3088,particle:3088:0,event_has_top_particle,,,,,1,4.808630466461182,,,
event:3088,particle:3088:21,event_has_top_particle,,,,,2,2.7730212211608887,,,
event:3088,particle:3088:20,event_has_top_particle,,,,,3,2.621613025665283,,,
event:3088,particle:3088:18,event_has_top_particle,,,,,4,2.574530601501465,,,
event:3088,particle:3088:22,event_has_top_particle,,,,,5,2.5012431144714355,,,
event:3088,particle:3088:10,event_has_top_particle,,,,,6,2.4281017780303955,,,
event:3088,particle:3088:19,event_has_top_particle,,,,,7,2.2027552127838135,,,
event:3088,particle:3088:16,event_has_top_particle,,,,,8,2.1645169258117676,,,
event:3088,particle:3088:15,event_has_top_particle,,,,,9,2.126368761062622,,,
event:3088,particle:3088:14,event_has_top_particle,,,,,10,2.1037757396698,,,
event:3088,particle:3088:13,event_has_top_particle,,,,,11,2.0944292545318604,,,
event:3088,particle:3088:7,event_has_top_particle,,,,,12,2.0931320190429688,,,
event:3088,particle:3088:3,event_has_top_particle,,,,,13,2.078904390335083,,,
event:3088,particle:3088:9,event_has_top_particle,,,,,14,2.076725959777832,,,
event:3088,particle:3088:12,event_has_top_particle,,,,,15,2.073967933654785,,,
event:3088,particle:3088:6,event_has_top_particle,,,,,16,2.0658411979675293,,,
event:3097,particle:3097:0,event_has_top_particle,,,,,1,4.929346561431885,,,
event:3097,particle:3097:2,event_has_top_particle,,,,,2,2.822307586669922,,,
event:3097,particle:3097:9,event_has_top_particle,,,,,3,2.7962143421173096,,,
event:3097,particle:3097:1,event_has_top_particle,,,,,4,2.607978105545044,,,
event:3097,particle:3097:14,event_has_top_particle,,,,,5,2.607860803604126,,,
event:3097,particle:3097:26,event_has_top_particle,,,,,6,2.5856008529663086,,,
event:3097,particle:3097:31,event_has_top_particle,,,,,7,2.583784341812134,,,
event:3097,particle:3097:8,event_has_top_particle,,,,,8,2.546053409576416,,,
event:3097,particle:3097:29,event_has_top_particle,,,,,9,2.527230978012085,,,
event:3097,particle:3097:3,event_has_top_particle,,,,,10,2.4470415115356445,,,
event:3097,particle:3097:22,event_has_top_particle,,,,,11,2.3513262271881104,,,
event:3097,particle:3097:32,event_has_top_particle,,,,,12,2.2865145206451416,,,
event:3097,particle:3097:23,event_has_top_particle,,,,,13,2.27079701423645,,,
event:3097,particle:3097:5,event_has_top_particle,,,,,14,2.2354793548583984,,,
event:3097,particle:3097:10,event_has_top_particle,,,,,15,2.214010000228882,,,
event:3097,particle:3097:28,event_has_top_particle,,,,,16,2.2057061195373535,,,
event:3099,particle:3099:0,event_has_top_particle,,,,,1,4.8318634033203125,,,
event:3099,particle:3099:1,event_has_top_particle,,,,,2,2.816744804382324,,,
event:3099,particle:3099:10,event_has_top_particle,,,,,3,2.666247606277466,,,
event:3099,particle:3099:9,event_has_top_particle,,,,,4,2.6060445308685303,,,
event:3099,particle:3099:7,event_has_top_particle,,,,,5,2.5790114402770996,,,
event:3099,particle:3099:6,event_has_top_particle,,,,,6,2.52976131439209,,,
event:3099,particle:3099:5,event_has_top_particle,,,,,7,2.5268983840942383,,,
event:3099,particle:3099:12,event_has_top_particle,,,,,8,2.5169718265533447,,,
event:3099,particle:3099:3,event_has_top_particle,,,,,9,2.4859554767608643,,,
event:3099,particle:3099:11,event_has_top_particle,,,,,10,2.4341914653778076,,,
event:3099,particle:3099:2,event_has_top_particle,,,,,11,2.4276692867279053,,,
event:3099,particle:3099:4,event_has_top_particle,,,,,12,2.335550308227539,,,
event:3099,particle:3099:8,event_has_top_particle,,,,,13,2.3057150840759277,,,
event:3101,particle:3101:0,event_has_top_particle,,,,,1,5.009812831878662,,,
event:3101,particle:3101:1,event_has_top_particle,,,,,2,2.8584096431732178,,,
event:3101,particle:3101:13,event_has_top_particle,,,,,3,2.788682699203491,,,
event:3101,particle:3101:7,event_has_top_particle,,,,,4,2.7476117610931396,,,
event:3101,particle:3101:8,event_has_top_particle,,,,,5,2.5671565532684326,,,
event:3101,particle:3101:2,event_has_top_particle,,,,,6,2.339876413345337,,,
event:3101,particle:3101:20,event_has_top_particle,,,,,7,2.289537191390991,,,
event:3101,particle:3101:18,event_has_top_particle,,,,,8,2.2824790477752686,,,
event:3101,particle:3101:19,event_has_top_particle,,,,,9,2.264941930770874,,,
event:3101,particle:3101:16,event_has_top_particle,,,,,10,2.249873638153076,,,
event:3101,particle:3101:3,event_has_top_particle,,,,,11,2.2181057929992676,,,
event:3101,particle:3101:17,event_has_top_particle,,,,,12,2.17537522315979,,,
event:3101,particle:3101:14,event_has_top_particle,,,,,13,2.114621877670288,,,
event:3101,particle:3101:6,event_has_top_particle,,,,,14,2.089561700820923,,,
event:3101,particle:3101:4,event_has_top_particle,,,,,15,2.080098867416382,,,
event:3101,particle:3101:11,event_has_top_particle,,,,,16,2.0612473487854004,,,
event:3113,particle:3113:0,event_has_top_particle,,,,,1,4.863282203674316,,,
event:3113,particle:3113:31,event_has_top_particle,,,,,2,2.821786642074585,,,
event:3113,particle:3113:1,event_has_top_particle,,,,,3,2.7450432777404785,,,
event:3113,particle:3113:26,event_has_top_particle,,,,,4,2.724940061569214,,,
event:3113,particle:3113:21,event_has_top_particle,,,,,5,2.544504404067993,,,
event:3113,particle:3113:2,event_has_top_particle,,,,,6,2.5350255966186523,,,
event:3113,particle:3113:8,event_has_top_particle,,,,,7,2.3792099952697754,,,
event:3113,particle:3113:30,event_has_top_particle,,,,,8,2.36124849319458,,,
event:3113,particle:3113:24,event_has_top_particle,,,,,9,2.349860429763794,,,
event:3113,particle:3113:27,event_has_top_particle,,,,,10,2.329404592514038,,,
event:3113,particle:3113:17,event_has_top_particle,,,,,11,2.327785015106201,,,
event:3113,particle:3113:29,event_has_top_particle,,,,,12,2.322910785675049,,,
event:3113,particle:3113:7,event_has_top_particle,,,,,13,2.3142316341400146,,,
event:3113,particle:3113:15,event_has_top_particle,,,,,14,2.2886722087860107,,,
event:3113,particle:3113:19,event_has_top_particle,,,,,15,2.2577500343322754,,,
event:3113,particle:3113:22,event_has_top_particle,,,,,16,2.1986470222473145,,,
event:3114,particle:3114:0,event_has_top_particle,,,,,1,4.781396865844727,,,
event:3114,particle:3114:19,event_has_top_particle,,,,,2,2.757631540298462,,,
event:3114,particle:3114:6,event_has_top_particle,,,,,3,2.7566721439361572,,,
event:3114,particle:3114:9,event_has_top_particle,,,,,4,2.6872031688690186,,,
event:3114,particle:3114:4,event_has_top_particle,,,,,5,2.6215853691101074,,,
event:3114,particle:3114:14,event_has_top_particle,,,,,6,2.527010440826416,,,
event:3114,particle:3114:27,event_has_top_particle,,,,,7,2.5037922859191895,,,
event:3114,particle:3114:28,event_has_top_particle,,,,,8,2.485628128051758,,,
event:3114,particle:3114:26,event_has_top_particle,,,,,9,2.4792227745056152,,,
event:3114,particle:3114:2,event_has_top_particle,,,,,10,2.4341917037963867,,,
event:3114,particle:3114:24,event_has_top_particle,,,,,11,2.3013579845428467,,,
event:3114,particle:3114:25,event_has_top_particle,,,,,12,2.298003673553467,,,
event:3114,particle:3114:1,event_has_top_particle,,,,,13,2.2653610706329346,,,
event:3114,particle:3114:17,event_has_top_particle,,,,,14,2.2530410289764404,,,
event:3114,particle:3114:21,event_has_top_particle,,,,,15,2.2504374980926514,,,
event:3114,particle:3114:18,event_has_top_particle,,,,,16,2.243084669113159,,,
event:3150,particle:3150:0,event_has_top_particle,,,,,1,4.748589038848877,,,
event:3150,particle:3150:11,event_has_top_particle,,,,,2,2.7778890132904053,,,
event:3150,particle:3150:1,event_has_top_particle,,,,,3,2.6901485919952393,,,
event:3150,particle:3150:22,event_has_top_particle,,,,,4,2.418250799179077,,,
event:3150,particle:3150:20,event_has_top_particle,,,,,5,2.3028390407562256,,,
event:3150,particle:3150:14,event_has_top_particle,,,,,6,2.24564266204834,,,
event:3150,particle:3150:10,event_has_top_particle,,,,,7,2.193462610244751,,,
event:3150,particle:3150:6,event_has_top_particle,,,,,8,2.190244674682617,,,
event:3150,particle:3150:16,event_has_top_particle,,,,,9,2.185068130493164,,,
event:3150,particle:3150:5,event_has_top_particle,,,,,10,2.170375347137451,,,
event:3150,particle:3150:12,event_has_top_particle,,,,,11,2.163750648498535,,,
event:3150,particle:3150:13,event_has_top_particle,,,,,12,2.1069653034210205,,,
event:3150,particle:3150:7,event_has_top_particle,,,,,13,2.093301773071289,,,
event:3150,particle:3150:9,event_has_top_particle,,,,,14,2.085869073867798,,,
event:3150,particle:3150:3,event_has_top_particle,,,,,15,2.0548927783966064,,,
event:3150,particle:3150:23,event_has_top_particle,,,,,16,2.0519232749938965,,,
event:3158,particle:3158:0,event_has_top_particle,,,,,1,4.815759658813477,,,
event:3158,particle:3158:1,event_has_top_particle,,,,,2,3.0953171253204346,,,
event:3158,particle:3158:3,event_has_top_particle,,,,,3,2.83603572845459,,,
event:3158,particle:3158:15,event_has_top_particle,,,,,4,2.743720769882202,,,
event:3158,particle:3158:13,event_has_top_particle,,,,,5,2.733940601348877,,,
event:3158,particle:3158:14,event_has_top_particle,,,,,6,2.7000207901000977,,,
event:3158,particle:3158:16,event_has_top_particle,,,,,7,2.65378999710083,,,
event:3158,particle:3158:8,event_has_top_particle,,,,,8,2.532064437866211,,,
event:3158,particle:3158:7,event_has_top_particle,,,,,9,2.4727299213409424,,,
event:3158,particle:3158:2,event_has_top_particle,,,,,10,2.4245657920837402,,,
event:3158,particle:3158:11,event_has_top_particle,,,,,11,2.394442081451416,,,
event:3158,particle:3158:9,event_has_top_particle,,,,,12,2.3822643756866455,,,
event:3158,particle:3158:5,event_has_top_particle,,,,,13,2.367687225341797,,,
event:3158,particle:3158:12,event_has_top_particle,,,,,14,2.361429452896118,,,
event:3158,particle:3158:6,event_has_top_particle,,,,,15,2.3194284439086914,,,
event:3158,particle:3158:10,event_has_top_particle,,,,,16,2.2873737812042236,,,
event:3159,particle:3159:0,event_has_top_particle,,,,,1,4.862974643707275,,,
event:3159,particle:3159:1,event_has_top_particle,,,,,2,3.009075880050659,,,
event:3159,particle:3159:2,event_has_top_particle,,,,,3,2.8543694019317627,,,
event:3159,particle:3159:6,event_has_top_particle,,,,,4,2.6977059841156006,,,
event:3159,particle:3159:17,event_has_top_particle,,,,,5,2.5960276126861572,,,
event:3159,particle:3159:20,event_has_top_particle,,,,,6,2.585970401763916,,,
event:3159,particle:3159:22,event_has_top_particle,,,,,7,2.585862398147583,,,
event:3159,particle:3159:13,event_has_top_particle,,,,,8,2.580061912536621,,,
event:3159,particle:3159:15,event_has_top_particle,,,,,9,2.491497755050659,,,
event:3159,particle:3159:18,event_has_top_particle,,,,,10,2.4259181022644043,,,
event:3159,particle:3159:21,event_has_top_particle,,,,,11,2.363556385040283,,,
event:3159,particle:3159:12,event_has_top_particle,,,,,12,2.328996419906616,,,
event:3159,particle:3159:3,event_has_top_particle,,,,,13,2.123791456222534,,,
event:3159,particle:3159:19,event_has_top_particle,,,,,14,2.100135326385498,,,
event:3159,particle:3159:4,event_has_top_particle,,,,,15,2.087721586227417,,,
event:3159,particle:3159:16,event_has_top_particle,,,,,16,2.0313589572906494,,,
event:3167,particle:3167:0,event_has_top_particle,,,,,1,4.8742804527282715,,,
event:3167,particle:3167:2,event_has_top_particle,,,,,2,2.87880802154541,,,
event:3167,particle:3167:1,event_has_top_particle,,,,,3,2.8318960666656494,,,
event:3167,particle:3167:19,event_has_top_particle,,,,,4,2.720038414001465,,,
event:3167,particle:3167:17,event_has_top_particle,,,,,5,2.6568331718444824,,,
event:3167,particle:3167:7,event_has_top_particle,,,,,6,2.5304386615753174,,,
event:3167,particle:3167:6,event_has_top_particle,,,,,7,2.5231118202209473,,,
event:3167,particle:3167:18,event_has_top_particle,,,,,8,2.478527069091797,,,
event:3167,particle:3167:8,event_has_top_particle,,,,,9,2.424445390701294,,,
event:3167,particle:3167:15,event_has_top_particle,,,,,10,2.326357841491699,,,
event:3167,particle:3167:13,event_has_top_particle,,,,,11,2.1978180408477783,,,
event:3167,particle:3167:16,event_has_top_particle,,,,,12,2.143836259841919,,,
event:3167,particle:3167:14,event_has_top_particle,,,,,13,2.065356969833374,,,
event:3167,particle:3167:3,event_has_top_particle,,,,,14,2.0634467601776123,,,
event:3167,particle:3167:4,event_has_top_particle,,,,,15,2.0473837852478027,,,
event:3167,particle:3167:9,event_has_top_particle,,,,,16,2.014690399169922,,,
event:3175,particle:3175:0,event_has_top_particle,,,,,1,4.7924675941467285,,,
event:3175,particle:3175:1,event_has_top_particle,,,,,2,3.0683465003967285,,,
event:3175,particle:3175:26,event_has_top_particle,,,,,3,2.967402458190918,,,
event:3175,particle:3175:2,event_has_top_particle,,,,,4,2.68001651763916,,,
event:3175,particle:3175:24,event_has_top_particle,,,,,5,2.564323663711548,,,
event:3175,particle:3175:16,event_has_top_particle,,,,,6,2.5276734828948975,,,
event:3175,particle:3175:10,event_has_top_particle,,,,,7,2.4637820720672607,,,
event:3175,particle:3175:3,event_has_top_particle,,,,,8,2.3846943378448486,,,
event:3175,particle:3175:18,event_has_top_particle,,,,,9,2.3431594371795654,,,
event:3175,particle:3175:22,event_has_top_particle,,,,,10,2.324453592300415,,,
event:3175,particle:3175:20,event_has_top_particle,,,,,11,2.3182623386383057,,,
event:3175,particle:3175:7,event_has_top_particle,,,,,12,2.312962293624878,,,
event:3175,particle:3175:4,event_has_top_particle,,,,,13,2.2648000717163086,,,
event:3175,particle:3175:13,event_has_top_particle,,,,,14,2.2630810737609863,,,
event:3175,particle:3175:21,event_has_top_particle,,,,,15,2.1989336013793945,,,
event:3175,particle:3175:9,event_has_top_particle,,,,,16,2.184736728668213,,,
event:3189,particle:3189:0,event_has_top_particle,,,,,1,4.927688121795654,,,
event:3189,particle:3189:35,event_has_top_particle,,,,,2,2.798866033554077,,,
event:3189,particle:3189:1,event_has_top_particle,,,,,3,2.6894288063049316,,,
event:3189,particle:3189:16,event_has_top_particle,,,,,4,2.599722385406494,,,
event:3189,particle:3189:3,event_has_top_particle,,,,,5,2.5995357036590576,,,
event:3189,particle:3189:6,event_has_top_particle,,,,,6,2.5907273292541504,,,
event:3189,particle:3189:38,event_has_top_particle,,,,,7,2.5899710655212402,,,
event:3189,particle:3189:34,event_has_top_particle,,,,,8,2.581876516342163,,,
event:3189,particle:3189:10,event_has_top_particle,,,,,9,2.560373067855835,,,
event:3189,particle:3189:29,event_has_top_particle,,,,,10,2.550801992416382,,,
event:3189,particle:3189:31,event_has_top_particle,,,,,11,2.5157909393310547,,,
event:3189,particle:3189:37,event_has_top_particle,,,,,12,2.510235071182251,,,
event:3189,particle:3189:9,event_has_top_particle,,,,,13,2.5058300495147705,,,
event:3189,particle:3189:36,event_has_top_particle,,,,,14,2.4955780506134033,,,
event:3189,particle:3189:4,event_has_top_particle,,,,,15,2.485185384750366,,,
event:3189,particle:3189:32,event_has_top_particle,,,,,16,2.482219696044922,,,
event:3192,particle:3192:0,event_has_top_particle,,,,,1,5.036527156829834,,,
event:3192,particle:3192:13,event_has_top_particle,,,,,2,2.6483545303344727,,,
event:3192,particle:3192:15,event_has_top_particle,,,,,3,2.6242687702178955,,,
event:3192,particle:3192:16,event_has_top_particle,,,,,4,2.555786609649658,,,
event:3192,particle:3192:17,event_has_top_particle,,,,,5,2.417997360229492,,,
event:3192,particle:3192:6,event_has_top_particle,,,,,6,2.4106767177581787,,,
event:3192,particle:3192:8,event_has_top_particle,,,,,7,2.4089715480804443,,,
event:3192,particle:3192:11,event_has_top_particle,,,,,8,2.356280565261841,,,
event:3192,particle:3192:7,event_has_top_particle,,,,,9,2.310040235519409,,,
event:3192,particle:3192:14,event_has_top_particle,,,,,10,2.2874081134796143,,,
event:3192,particle:3192:12,event_has_top_particle,,,,,11,2.2795724868774414,,,
event:3192,particle:3192:3,event_has_top_particle,,,,,12,2.181739330291748,,,
event:3192,particle:3192:5,event_has_top_particle,,,,,13,2.1783297061920166,,,
event:3192,particle:3192:1,event_has_top_particle,,,,,14,2.1304562091827393,,,
event:3192,particle:3192:10,event_has_top_particle,,,,,15,2.01568603515625,,,
event:3192,particle:3192:9,event_has_top_particle,,,,,16,1.9963221549987793,,,
event:3196,particle:3196:0,event_has_top_particle,,,,,1,4.821238040924072,,,
event:3196,particle:3196:24,event_has_top_particle,,,,,2,2.8525137901306152,,,
event:3196,particle:3196:1,event_has_top_particle,,,,,3,2.711272716522217,,,
event:3196,particle:3196:20,event_has_top_particle,,,,,4,2.6579461097717285,,,
event:3196,particle:3196:15,event_has_top_particle,,,,,5,2.598841667175293,,,
event:3196,particle:3196:19,event_has_top_particle,,,,,6,2.5799856185913086,,,
event:3196,particle:3196:18,event_has_top_particle,,,,,7,2.518641471862793,,,
event:3196,particle:3196:22,event_has_top_particle,,,,,8,2.5055153369903564,,,
event:3196,particle:3196:23,event_has_top_particle,,,,,9,2.469442367553711,,,
event:3196,particle:3196:7,event_has_top_particle,,,,,10,2.437467098236084,,,
event:3196,particle:3196:2,event_has_top_particle,,,,,11,2.4326794147491455,,,
event:3196,particle:3196:17,event_has_top_particle,,,,,12,2.4223854541778564,,,
event:3196,particle:3196:12,event_has_top_particle,,,,,13,2.4012815952301025,,,
event:3196,particle:3196:11,event_has_top_particle,,,,,14,2.3884947299957275,,,
event:3196,particle:3196:6,event_has_top_particle,,,,,15,2.354008436203003,,,
event:3196,particle:3196:13,event_has_top_particle,,,,,16,2.320737361907959,,,
event:3209,particle:3209:0,event_has_top_particle,,,,,1,4.9580230712890625,,,
event:3209,particle:3209:16,event_has_top_particle,,,,,2,3.105440616607666,,,
event:3209,particle:3209:28,event_has_top_particle,,,,,3,2.987778425216675,,,
event:3209,particle:3209:2,event_has_top_particle,,,,,4,2.8232920169830322,,,
event:3209,particle:3209:1,event_has_top_particle,,,,,5,2.769026279449463,,,
event:3209,particle:3209:20,event_has_top_particle,,,,,6,2.766352891921997,,,
event:3209,particle:3209:4,event_has_top_particle,,,,,7,2.7177278995513916,,,
event:3209,particle:3209:22,event_has_top_particle,,,,,8,2.711960554122925,,,
event:3209,particle:3209:10,event_has_top_particle,,,,,9,2.6425185203552246,,,
event:3209,particle:3209:21,event_has_top_particle,,,,,10,2.6007230281829834,,,
event:3209,particle:3209:18,event_has_top_particle,,,,,11,2.5588786602020264,,,
event:3209,particle:3209:6,event_has_top_particle,,,,,12,2.5161244869232178,,,
event:3209,particle:3209:11,event_has_top_particle,,,,,13,2.49928617477417,,,
event:3209,particle:3209:15,event_has_top_particle,,,,,14,2.4206607341766357,,,
event:3209,particle:3209:14,event_has_top_particle,,,,,15,2.4150500297546387,,,
event:3209,particle:3209:17,event_has_top_particle,,,,,16,2.4123387336730957,,,
event:3213,particle:3213:0,event_has_top_particle,,,,,1,4.867534637451172,,,
event:3213,particle:3213:1,event_has_top_particle,,,,,2,2.7795538902282715,,,
event:3213,particle:3213:13,event_has_top_particle,,,,,3,2.7493553161621094,,,
event:3213,particle:3213:4,event_has_top_particle,,,,,4,2.546154737472534,,,
event:3213,particle:3213:7,event_has_top_particle,,,,,5,2.495849609375,,,
event:3213,particle:3213:14,event_has_top_particle,,,,,6,2.452404260635376,,,
event:3213,particle:3213:8,event_has_top_particle,,,,,7,2.4158613681793213,,,
event:3213,particle:3213:15,event_has_top_particle,,,,,8,2.3472206592559814,,,
event:3213,particle:3213:11,event_has_top_particle,,,,,9,2.337036609649658,,,
event:3213,particle:3213:5,event_has_top_particle,,,,,10,2.191326856613159,,,
event:3213,particle:3213:3,event_has_top_particle,,,,,11,2.1530466079711914,,,
event:3213,particle:3213:2,event_has_top_particle,,,,,12,2.1279072761535645,,,
event:3213,particle:3213:9,event_has_top_particle,,,,,13,2.0188183784484863,,,
event:3213,particle:3213:12,event_has_top_particle,,,,,14,1.9579734802246094,,,
event:3213,particle:3213:10,event_has_top_particle,,,,,15,1.947510004043579,,,
event:3213,particle:3213:6,event_has_top_particle,,,,,16,1.8448646068572998,,,
event:3225,particle:3225:0,event_has_top_particle,,,,,1,4.8418049812316895,,,
event:3225,particle:3225:11,event_has_top_particle,,,,,2,2.8160362243652344,,,
event:3225,particle:3225:2,event_has_top_particle,,,,,3,2.6110198497772217,,,
event:3225,particle:3225:13,event_has_top_particle,,,,,4,2.6095950603485107,,,
event:3225,particle:3225:10,event_has_top_particle,,,,,5,2.5436081886291504,,,
event:3225,particle:3225:22,event_has_top_particle,,,,,6,2.532579183578491,,,
event:3225,particle:3225:1,event_has_top_particle,,,,,7,2.5131306648254395,,,
event:3225,particle:3225:25,event_has_top_particle,,,,,8,2.5029563903808594,,,
event:3225,particle:3225:6,event_has_top_particle,,,,,9,2.367567777633667,,,
event:3225,particle:3225:18,event_has_top_particle,,,,,10,2.298003673553467,,,
event:3225,particle:3225:12,event_has_top_particle,,,,,11,2.2851529121398926,,,
event:3225,particle:3225:16,event_has_top_particle,,,,,12,2.272557020187378,,,
event:3225,particle:3225:4,event_has_top_particle,,,,,13,2.26311993598938,,,
event:3225,particle:3225:17,event_has_top_particle,,,,,14,2.2627382278442383,,,
event:3225,particle:3225:7,event_has_top_particle,,,,,15,2.2581734657287598,,,
event:3225,particle:3225:21,event_has_top_particle,,,,,16,2.2518506050109863,,,
event:3241,particle:3241:0,event_has_top_particle,,,,,1,4.861419200897217,,,
event:3241,particle:3241:2,event_has_top_particle,,,,,2,2.8217437267303467,,,
event:3241,particle:3241:4,event_has_top_particle,,,,,3,2.7444043159484863,,,
event:3241,particle:3241:5,event_has_top_particle,,,,,4,2.6182291507720947,,,
event:3241,particle:3241:8,event_has_top_particle,,,,,5,2.4557504653930664,,,
event:3241,particle:3241:7,event_has_top_particle,,,,,6,2.4270079135894775,,,
event:3241,particle:3241:12,event_has_top_particle,,,,,7,2.4109368324279785,,,
event:3241,particle:3241:3,event_has_top_particle,,,,,8,2.3635976314544678,,,
event:3241,particle:3241:11,event_has_top_particle,,,,,9,2.314788341522217,,,
event:3241,particle:3241:10,event_has_top_particle,,,,,10,2.226484775543213,,,
event:3241,particle:3241:9,event_has_top_particle,,,,,11,2.2162833213806152,,,
event:3241,particle:3241:1,event_has_top_particle,,,,,12,2.1018993854522705,,,
event:3241,particle:3241:6,event_has_top_particle,,,,,13,2.097896099090576,,,
event:3257,particle:3257:0,event_has_top_particle,,,,,1,4.906546115875244,,,
event:3257,particle:3257:3,event_has_top_particle,,,,,2,2.9733693599700928,,,
event:3257,particle:3257:4,event_has_top_particle,,,,,3,2.8491897583007812,,,
event:3257,particle:3257:13,event_has_top_particle,,,,,4,2.733795166015625,,,
event:3257,particle:3257:10,event_has_top_particle,,,,,5,2.6300370693206787,,,
event:3257,particle:3257:11,event_has_top_particle,,,,,6,2.583582639694214,,,
event:3257,particle:3257:1,event_has_top_particle,,,,,7,2.5455451011657715,,,
event:3257,particle:3257:12,event_has_top_particle,,,,,8,2.5061516761779785,,,
event:3257,particle:3257:9,event_has_top_particle,,,,,9,2.359959602355957,,,
event:3257,particle:3257:6,event_has_top_particle,,,,,10,2.2798843383789062,,,
event:3257,particle:3257:8,event_has_top_particle,,,,,11,2.2645771503448486,,,
event:3257,particle:3257:5,event_has_top_particle,,,,,12,2.1677820682525635,,,
event:3257,particle:3257:7,event_has_top_particle,,,,,13,2.1171178817749023,,,
event:3257,particle:3257:2,event_has_top_particle,,,,,14,2.1117894649505615,,,
event:3258,particle:3258:0,event_has_top_particle,,,,,1,4.864280700683594,,,
event:3258,particle:3258:1,event_has_top_particle,,,,,2,3.155158281326294,,,
event:3258,particle:3258:4,event_has_top_particle,,,,,3,2.797956705093384,,,
event:3258,particle:3258:2,event_has_top_particle,,,,,4,2.791402578353882,,,
event:3258,particle:3258:9,event_has_top_particle,,,,,5,2.5778889656066895,,,
event:3258,particle:3258:3,event_has_top_particle,,,,,6,2.5225918292999268,,,
event:3258,particle:3258:10,event_has_top_particle,,,,,7,2.5189197063446045,,,
event:3258,particle:3258:7,event_has_top_particle,,,,,8,2.462953567504883,,,
event:3258,particle:3258:8,event_has_top_particle,,,,,9,2.4615230560302734,,,
event:3258,particle:3258:5,event_has_top_particle,,,,,10,2.425034284591675,,,
event:3258,particle:3258:6,event_has_top_particle,,,,,11,2.3650829792022705,,,
event:3270,particle:3270:0,event_has_top_particle,,,,,1,4.912517547607422,,,
event:3270,particle:3270:22,event_has_top_particle,,,,,2,2.8803088665008545,,,
event:3270,particle:3270:18,event_has_top_particle,,,,,3,2.791726589202881,,,
event:3270,particle:3270:4,event_has_top_particle,,,,,4,2.6957719326019287,,,
event:3270,particle:3270:21,event_has_top_particle,,,,,5,2.6719086170196533,,,
event:3270,particle:3270:9,event_has_top_particle,,,,,6,2.654001235961914,,,
event:3270,particle:3270:7,event_has_top_particle,,,,,7,2.645535469055176,,,
event:3270,particle:3270:10,event_has_top_particle,,,,,8,2.6213481426239014,,,
event:3270,particle:3270:5,event_has_top_particle,,,,,9,2.61214017868042,,,
event:3270,particle:3270:8,event_has_top_particle,,,,,10,2.489058494567871,,,
event:3270,particle:3270:17,event_has_top_particle,,,,,11,2.455068588256836,,,
event:3270,particle:3270:23,event_has_top_particle,,,,,12,2.390789747238159,,,
event:3270,particle:3270:6,event_has_top_particle,,,,,13,2.246980905532837,,,
event:3270,particle:3270:20,event_has_top_particle,,,,,14,2.23406982421875,,,
event:3270,particle:3270:1,event_has_top_particle,,,,,15,2.13692569732666,,,
event:3270,particle:3270:13,event_has_top_particle,,,,,16,2.1122539043426514,,,
event:3272,particle:3272:0,event_has_top_particle,,,,,1,4.762994766235352,,,
event:3272,particle:3272:36,event_has_top_particle,,,,,2,2.970768690109253,,,
event:3272,particle:3272:20,event_has_top_particle,,,,,3,2.757927179336548,,,
event:3272,particle:3272:4,event_has_top_particle,,,,,4,2.7560720443725586,,,
event:3272,particle:3272:38,event_has_top_particle,,,,,5,2.742438554763794,,,
event:3272,particle:3272:6,event_has_top_particle,,,,,6,2.7060186862945557,,,
event:3272,particle:3272:1,event_has_top_particle,,,,,7,2.699652910232544,,,
event:3272,particle:3272:3,event_has_top_particle,,,,,8,2.626405954360962,,,
event:3272,particle:3272:7,event_has_top_particle,,,,,9,2.624981164932251,,,
event:3272,particle:3272:33,event_has_top_particle,,,,,10,2.6168975830078125,,,
event:3272,particle:3272:22,event_has_top_particle,,,,,11,2.59869122505188,,,
event:3272,particle:3272:25,event_has_top_particle,,,,,12,2.582944631576538,,,
event:3272,particle:3272:2,event_has_top_particle,,,,,13,2.570805311203003,,,
event:3272,particle:3272:30,event_has_top_particle,,,,,14,2.565131187438965,,,
event:3272,particle:3272:31,event_has_top_particle,,,,,15,2.557966470718384,,,
event:3272,particle:3272:5,event_has_top_particle,,,,,16,2.5411131381988525,,,
event:3282,particle:3282:0,event_has_top_particle,,,,,1,5.117623805999756,,,
event:3282,particle:3282:1,event_has_top_particle,,,,,2,2.9367733001708984,,,
event:3282,particle:3282:18,event_has_top_particle,,,,,3,2.709167957305908,,,
event:3282,particle:3282:13,event_has_top_particle,,,,,4,2.599689245223999,,,
event:3282,particle:3282:15,event_has_top_particle,,,,,5,2.521104097366333,,,
event:3282,particle:3282:16,event_has_top_particle,,,,,6,2.496731758117676,,,
event:3282,particle:3282:14,event_has_top_particle,,,,,7,2.4838409423828125,,,
event:3282,particle:3282:12,event_has_top_particle,,,,,8,2.4550158977508545,,,
event:3282,particle:3282:17,event_has_top_particle,,,,,9,2.418971061706543,,,
event:3282,particle:3282:2,event_has_top_particle,,,,,10,2.411313533782959,,,
event:3282,particle:3282:4,event_has_top_particle,,,,,11,2.404754161834717,,,
event:3282,particle:3282:8,event_has_top_particle,,,,,12,2.4044880867004395,,,
event:3282,particle:3282:6,event_has_top_particle,,,,,13,2.278519630432129,,,
event:3282,particle:3282:19,event_has_top_particle,,,,,14,2.2474098205566406,,,
event:3282,particle:3282:9,event_has_top_particle,,,,,15,2.2204341888427734,,,
event:3282,particle:3282:11,event_has_top_particle,,,,,16,2.2111237049102783,,,
event:3313,particle:3313:0,event_has_top_particle,,,,,1,4.845171928405762,,,
event:3313,particle:3313:31,event_has_top_particle,,,,,2,2.995652914047241,,,
event:3313,particle:3313:26,event_has_top_particle,,,,,3,2.9940826892852783,,,
event:3313,particle:3313:25,event_has_top_particle,,,,,4,2.9758193492889404,,,
event:3313,particle:3313:1,event_has_top_particle,,,,,5,2.887697696685791,,,
event:3313,particle:3313:27,event_has_top_particle,,,,,6,2.7621781826019287,,,
event:3313,particle:3313:21,event_has_top_particle,,,,,7,2.7614758014678955,,,
event:3313,particle:3313:29,event_has_top_particle,,,,,8,2.757802724838257,,,
event:3313,particle:3313:6,event_has_top_particle,,,,,9,2.7225968837738037,,,
event:3313,particle:3313:2,event_has_top_particle,,,,,10,2.69008207321167,,,
event:3313,particle:3313:14,event_has_top_particle,,,,,11,2.594604253768921,,,
event:3313,particle:3313:19,event_has_top_particle,,,,,12,2.571434497833252,,,
event:3313,particle:3313:3,event_has_top_particle,,,,,13,2.5388383865356445,,,
event:3313,particle:3313:23,event_has_top_particle,,,,,14,2.5190489292144775,,,
event:3313,particle:3313:22,event_has_top_particle,,,,,15,2.496553659439087,,,
event:3313,particle:3313:13,event_has_top_particle,,,,,16,2.4171547889709473,,,
event:3329,particle:3329:0,event_has_top_particle,,,,,1,5.021880149841309,,,
event:3329,particle:3329:16,event_has_top_particle,,,,,2,2.8059043884277344,,,
event:3329,particle:3329:14,event_has_top_particle,,,,,3,2.603384017944336,,,
event:3329,particle:3329:12,event_has_top_particle,,,,,4,2.3625900745391846,,,
event:3329,particle:3329:18,event_has_top_particle,,,,,5,2.3583567142486572,,,
event:3329,particle:3329:19,event_has_top_particle,,,,,6,2.3467299938201904,,,
event:3329,particle:3329:20,event_has_top_particle,,,,,7,2.333865165710449,,,
event:3329,particle:3329:5,event_has_top_particle,,,,,8,2.285386800765991,,,
event:3329,particle:3329:4,event_has_top_particle,,,,,9,2.276599884033203,,,
event:3329,particle:3329:6,event_has_top_particle,,,,,10,2.224350929260254,,,
event:3329,particle:3329:11,event_has_top_particle,,,,,11,2.218473196029663,,,
event:3329,particle:3329:17,event_has_top_particle,,,,,12,2.20560622215271,,,
event:3329,particle:3329:1,event_has_top_particle,,,,,13,2.1964006423950195,,,
event:3329,particle:3329:13,event_has_top_particle,,,,,14,2.142652988433838,,,
event:3329,particle:3329:2,event_has_top_particle,,,,,15,2.135762929916382,,,
event:3329,particle:3329:9,event_has_top_particle,,,,,16,2.1353976726531982,,,
event:3330,particle:3330:0,event_has_top_particle,,,,,1,4.989509105682373,,,
event:3330,particle:3330:1,event_has_top_particle,,,,,2,3.1380772590637207,,,
event:3330,particle:3330:8,event_has_top_particle,,,,,3,2.8149168491363525,,,
event:3330,particle:3330:14,event_has_top_particle,,,,,4,2.4481844902038574,,,
event:3330,particle:3330:11,event_has_top_particle,,,,,5,2.4213342666625977,,,
event:3330,particle:3330:10,event_has_top_particle,,,,,6,2.354679584503174,,,
event:3330,particle:3330:12,event_has_top_particle,,,,,7,2.2934420108795166,,,
event:3330,particle:3330:15,event_has_top_particle,,,,,8,2.288543701171875,,,
event:3330,particle:3330:13,event_has_top_particle,,,,,9,2.231858730316162,,,
event:3330,particle:3330:7,event_has_top_particle,,,,,10,2.205462694168091,,,
event:3330,particle:3330:2,event_has_top_particle,,,,,11,2.1415669918060303,,,
event:3330,particle:3330:3,event_has_top_particle,,,,,12,2.0341975688934326,,,
event:3330,particle:3330:9,event_has_top_particle,,,,,13,1.984006643295288,,,
event:3330,particle:3330:6,event_has_top_particle,,,,,14,1.9712542295455933,,,
event:3330,particle:3330:4,event_has_top_particle,,,,,15,1.925400972366333,,,
event:3330,particle:3330:5,event_has_top_particle,,,,,16,1.8840340375900269,,,
event:3332,particle:3332:0,event_has_top_particle,,,,,1,4.773301124572754,,,
event:3332,particle:3332:6,event_has_top_particle,,,,,2,3.0495998859405518,,,
event:3332,particle:3332:3,event_has_top_particle,,,,,3,2.7792696952819824,,,
event:3332,particle:3332:16,event_has_top_particle,,,,,4,2.5834245681762695,,,
event:3332,particle:3332:11,event_has_top_particle,,,,,5,2.5374271869659424,,,
event:3332,particle:3332:9,event_has_top_particle,,,,,6,2.4996767044067383,,,
event:3332,particle:3332:13,event_has_top_particle,,,,,7,2.4888055324554443,,,
event:3332,particle:3332:5,event_has_top_particle,,,,,8,2.432403087615967,,,
event:3332,particle:3332:4,event_has_top_particle,,,,,9,2.384943723678589,,,
event:3332,particle:3332:15,event_has_top_particle,,,,,10,2.3723669052124023,,,
event:3332,particle:3332:1,event_has_top_particle,,,,,11,2.3230113983154297,,,
event:3332,particle:3332:10,event_has_top_particle,,,,,12,2.26334547996521,,,
event:3332,particle:3332:8,event_has_top_particle,,,,,13,2.2164340019226074,,,
event:3332,particle:3332:14,event_has_top_particle,,,,,14,2.2024707794189453,,,
event:3332,particle:3332:2,event_has_top_particle,,,,,15,2.1757924556732178,,,
event:3332,particle:3332:7,event_has_top_particle,,,,,16,2.1539578437805176,,,
event:3346,particle:3346:0,event_has_top_particle,,,,,1,5.1410956382751465,,,
event:3346,particle:3346:2,event_has_top_particle,,,,,2,2.6036312580108643,,,
event:3346,particle:3346:1,event_has_top_particle,,,,,3,2.5900144577026367,,,
event:3346,particle:3346:26,event_has_top_particle,,,,,4,2.548222780227661,,,
event:3346,particle:3346:38,event_has_top_particle,,,,,5,2.520646572113037,,,
event:3346,particle:3346:24,event_has_top_particle,,,,,6,2.5080931186676025,,,
event:3346,particle:3346:34,event_has_top_particle,,,,,7,2.483386278152466,,,
event:3346,particle:3346:23,event_has_top_particle,,,,,8,2.4445998668670654,,,
event:3346,particle:3346:4,event_has_top_particle,,,,,9,2.4310617446899414,,,
event:3346,particle:3346:20,event_has_top_particle,,,,,10,2.3928093910217285,,,
event:3346,particle:3346:21,event_has_top_particle,,,,,11,2.38316011428833,,,
event:3346,particle:3346:16,event_has_top_particle,,,,,12,2.3689115047454834,,,
event:3346,particle:3346:25,event_has_top_particle,,,,,13,2.3554625511169434,,,
event:3346,particle:3346:3,event_has_top_particle,,,,,14,2.3370563983917236,,,
event:3346,particle:3346:14,event_has_top_particle,,,,,15,2.324659585952759,,,
event:3346,particle:3346:29,event_has_top_particle,,,,,16,2.3137319087982178,,,
event:3361,particle:3361:0,event_has_top_particle,,,,,1,4.879865646362305,,,
event:3361,particle:3361:17,event_has_top_particle,,,,,2,3.0414247512817383,,,
event:3361,particle:3361:32,event_has_top_particle,,,,,3,2.932116746902466,,,
event:3361,particle:3361:14,event_has_top_particle,,,,,4,2.746281147003174,,,
event:3361,particle:3361:36,event_has_top_particle,,,,,5,2.4877970218658447,,,
event:3361,particle:3361:10,event_has_top_particle,,,,,6,2.4576985836029053,,,
event:3361,particle:3361:16,event_has_top_particle,,,,,7,2.33909010887146,,,
event:3361,particle:3361:26,event_has_top_particle,,,,,8,2.283759593963623,,,
event:3361,particle:3361:35,event_has_top_particle,,,,,9,2.241530179977417,,,
event:3361,particle:3361:30,event_has_top_particle,,,,,10,2.2023043632507324,,,
event:3361,particle:3361:23,event_has_top_particle,,,,,11,2.1935291290283203,,,
event:3361,particle:3361:8,event_has_top_particle,,,,,12,2.1827125549316406,,,
event:3361,particle:3361:25,event_has_top_particle,,,,,13,2.1823196411132812,,,
event:3361,particle:3361:29,event_has_top_particle,,,,,14,2.178851366043091,,,
event:3361,particle:3361:33,event_has_top_particle,,,,,15,2.178478240966797,,,
event:3361,particle:3361:21,event_has_top_particle,,,,,16,2.160050868988037,,,
event:3375,particle:3375:0,event_has_top_particle,,,,,1,5.037026405334473,,,
event:3375,particle:3375:13,event_has_top_particle,,,,,2,2.5551857948303223,,,
event:3375,particle:3375:9,event_has_top_particle,,,,,3,2.5545918941497803,,,
event:3375,particle:3375:7,event_has_top_particle,,,,,4,2.4585723876953125,,,
event:3375,particle:3375:1,event_has_top_particle,,,,,5,2.4486987590789795,,,
event:3375,particle:3375:2,event_has_top_particle,,,,,6,2.4073944091796875,,,
event:3375,particle:3375:8,event_has_top_particle,,,,,7,2.406057834625244,,,
event:3375,particle:3375:12,event_has_top_particle,,,,,8,2.382136583328247,,,
event:3375,particle:3375:16,event_has_top_particle,,,,,9,2.353764772415161,,,
event:3375,particle:3375:14,event_has_top_particle,,,,,10,2.2504589557647705,,,
event:3375,particle:3375:15,event_has_top_particle,,,,,11,2.2475719451904297,,,
event:3375,particle:3375:5,event_has_top_particle,,,,,12,2.216999053955078,,,
event:3375,particle:3375:6,event_has_top_particle,,,,,13,2.2067830562591553,,,
event:3375,particle:3375:4,event_has_top_particle,,,,,14,2.189617872238159,,,
event:3375,particle:3375:10,event_has_top_particle,,,,,15,2.1865720748901367,,,
event:3375,particle:3375:11,event_has_top_particle,,,,,16,2.1497299671173096,,,
event:3381,particle:3381:0,event_has_top_particle,,,,,1,4.853531837463379,,,
event:3381,particle:3381:29,event_has_top_particle,,,,,2,3.016282558441162,,,
event:3381,particle:3381:16,event_has_top_particle,,,,,3,2.59934139251709,,,
event:3381,particle:3381:1,event_has_top_particle,,,,,4,2.540597677230835,,,
event:3381,particle:3381:9,event_has_top_particle,,,,,5,2.4270761013031006,,,
event:3381,particle:3381:19,event_has_top_particle,,,,,6,2.4000375270843506,,,
event:3381,particle:3381:12,event_has_top_particle,,,,,7,2.378077983856201,,,
event:3381,particle:3381:3,event_has_top_particle,,,,,8,2.3518197536468506,,,
event:3381,particle:3381:26,event_has_top_particle,,,,,9,2.302582025527954,,,
event:3381,particle:3381:28,event_has_top_particle,,,,,10,2.277893304824829,,,
event:3381,particle:3381:2,event_has_top_particle,,,,,11,2.2420339584350586,,,
event:3381,particle:3381:6,event_has_top_particle,,,,,12,2.2403793334960938,,,
event:3381,particle:3381:4,event_has_top_particle,,,,,13,2.198629856109619,,,
event:3381,particle:3381:20,event_has_top_particle,,,,,14,2.181471109390259,,,
event:3381,particle:3381:7,event_has_top_particle,,,,,15,2.1601197719573975,,,
event:3381,particle:3381:27,event_has_top_particle,,,,,16,2.1514980792999268,,,
event:3420,particle:3420:0,event_has_top_particle,,,,,1,4.774644374847412,,,
event:3420,particle:3420:11,event_has_top_particle,,,,,2,3.286794900894165,,,
event:3420,particle:3420:14,event_has_top_particle,,,,,3,3.0048959255218506,,,
event:3420,particle:3420:1,event_has_top_particle,,,,,4,2.7635746002197266,,,
event:3420,particle:3420:17,event_has_top_particle,,,,,5,2.601086139678955,,,
event:3420,particle:3420:15,event_has_top_particle,,,,,6,2.569953680038452,,,
event:3420,particle:3420:16,event_has_top_particle,,,,,7,2.464219331741333,,,
event:3420,particle:3420:2,event_has_top_particle,,,,,8,2.341731071472168,,,
event:3420,particle:3420:7,event_has_top_particle,,,,,9,2.337475538253784,,,
event:3420,particle:3420:12,event_has_top_particle,,,,,10,2.326064109802246,,,
event:3420,particle:3420:18,event_has_top_particle,,,,,11,2.319138765335083,,,
event:3420,particle:3420:6,event_has_top_particle,,,,,12,2.2967824935913086,,,
event:3420,particle:3420:5,event_has_top_particle,,,,,13,2.2777223587036133,,,
event:3420,particle:3420:3,event_has_top_particle,,,,,14,2.2731432914733887,,,
event:3420,particle:3420:8,event_has_top_particle,,,,,15,2.2590038776397705,,,
event:3420,particle:3420:13,event_has_top_particle,,,,,16,2.2031900882720947,,,
event:3456,particle:3456:0,event_has_top_particle,,,,,1,4.874866962432861,,,
event:3456,particle:3456:16,event_has_top_particle,,,,,2,2.9139935970306396,,,
event:3456,particle:3456:3,event_has_top_particle,,,,,3,2.483626127243042,,,
event:3456,particle:3456:20,event_has_top_particle,,,,,4,2.4530129432678223,,,
event:3456,particle:3456:1,event_has_top_particle,,,,,5,2.384883165359497,,,
event:3456,particle:3456:22,event_has_top_particle,,,,,6,2.340390920639038,,,
event:3456,particle:3456:9,event_has_top_particle,,,,,7,2.273616313934326,,,
event:3456,particle:3456:19,event_has_top_particle,,,,,8,2.2615137100219727,,,
event:3456,particle:3456:21,event_has_top_particle,,,,,9,2.2484352588653564,,,
event:3456,particle:3456:11,event_has_top_particle,,,,,10,2.2104246616363525,,,
event:3456,particle:3456:15,event_has_top_particle,,,,,11,2.119345188140869,,,
event:3456,particle:3456:13,event_has_top_particle,,,,,12,2.117804527282715,,,
event:3456,particle:3456:18,event_has_top_particle,,,,,13,2.1012516021728516,,,
event:3456,particle:3456:14,event_has_top_particle,,,,,14,2.08280086517334,,,
event:3456,particle:3456:2,event_has_top_particle,,,,,15,2.0769009590148926,,,
event:3456,particle:3456:17,event_has_top_particle,,,,,16,2.0397677421569824,,,
event:3458,particle:3458:0,event_has_top_particle,,,,,1,5.164773464202881,,,
event:3458,particle:3458:23,event_has_top_particle,,,,,2,2.6212573051452637,,,
event:3458,particle:3458:2,event_has_top_particle,,,,,3,2.6113107204437256,,,
event:3458,particle:3458:1,event_has_top_particle,,,,,4,2.5124146938323975,,,
event:3458,particle:3458:9,event_has_top_particle,,,,,5,2.4992971420288086,,,
event:3458,particle:3458:11,event_has_top_particle,,,,,6,2.4667232036590576,,,
event:3458,particle:3458:24,event_has_top_particle,,,,,7,2.418280839920044,,,
event:3458,particle:3458:25,event_has_top_particle,,,,,8,2.404694080352783,,,
event:3458,particle:3458:18,event_has_top_particle,,,,,9,2.3771262168884277,,,
event:3458,particle:3458:21,event_has_top_particle,,,,,10,2.376326084136963,,,
event:3458,particle:3458:17,event_has_top_particle,,,,,11,2.35349702835083,,,
event:3458,particle:3458:22,event_has_top_particle,,,,,12,2.341897487640381,,,
event:3458,particle:3458:6,event_has_top_particle,,,,,13,2.3283395767211914,,,
event:3458,particle:3458:19,event_has_top_particle,,,,,14,2.2902097702026367,,,
event:3458,particle:3458:16,event_has_top_particle,,,,,15,2.2634425163269043,,,
event:3458,particle:3458:4,event_has_top_particle,,,,,16,2.178973913192749,,,
event:3462,particle:3462:0,event_has_top_particle,,,,,1,4.75879430770874,,,
event:3462,particle:3462:1,event_has_top_particle,,,,,2,3.2136378288269043,,,
event:3462,particle:3462:23,event_has_top_particle,,,,,3,3.087446689605713,,,
event:3462,particle:3462:3,event_has_top_particle,,,,,4,3.067046642303467,,,
event:3462,particle:3462:4,event_has_top_particle,,,,,5,2.997924327850342,,,
event:3462,particle:3462:16,event_has_top_particle,,,,,6,2.924359083175659,,,
event:3462,particle:3462:2,event_has_top_particle,,,,,7,2.823460102081299,,,
event:3462,particle:3462:7,event_has_top_particle,,,,,8,2.729728937149048,,,
event:3462,particle:3462:22,event_has_top_particle,,,,,9,2.6910207271575928,,,
event:3462,particle:3462:15,event_has_top_particle,,,,,10,2.6877832412719727,,,
event:3462,particle:3462:19,event_has_top_particle,,,,,11,2.5936126708984375,,,
event:3462,particle:3462:6,event_has_top_particle,,,,,12,2.5392417907714844,,,
event:3462,particle:3462:5,event_has_top_particle,,,,,13,2.481529712677002,,,
event:3462,particle:3462:18,event_has_top_particle,,,,,14,2.4594173431396484,,,
event:3462,particle:3462:8,event_has_top_particle,,,,,15,2.390202522277832,,,
event:3462,particle:3462:12,event_has_top_particle,,,,,16,2.3670215606689453,,,
event:3477,particle:3477:0,event_has_top_particle,,,,,1,5.0932135581970215,,,
event:3477,particle:3477:7,event_has_top_particle,,,,,2,2.7957987785339355,,,
event:3477,particle:3477:20,event_has_top_particle,,,,,3,2.7776429653167725,,,
event:3477,particle:3477:24,event_has_top_particle,,,,,4,2.695890188217163,,,
event:3477,particle:3477:12,event_has_top_particle,,,,,5,2.5602471828460693,,,
event:3477,particle:3477:21,event_has_top_particle,,,,,6,2.498896360397339,,,
event:3477,particle:3477:23,event_has_top_particle,,,,,7,2.4600391387939453,,,
event:3477,particle:3477:16,event_has_top_particle,,,,,8,2.395807981491089,,,
event:3477,particle:3477:17,event_has_top_particle,,,,,9,2.331144332885742,,,
event:3477,particle:3477:18,event_has_top_particle,,,,,10,2.327085256576538,,,
event:3477,particle:3477:2,event_has_top_particle,,,,,11,2.3137245178222656,,,
event:3477,particle:3477:22,event_has_top_particle,,,,,12,2.309408664703369,,,
event:3477,particle:3477:14,event_has_top_particle,,,,,13,2.29388427734375,,,
event:3477,particle:3477:19,event_has_top_particle,,,,,14,2.2132439613342285,,,
event:3477,particle:3477:8,event_has_top_particle,,,,,15,2.2131428718566895,,,
event:3477,particle:3477:11,event_has_top_particle,,,,,16,2.2028064727783203,,,
event:3478,particle:3478:0,event_has_top_particle,,,,,1,4.797427177429199,,,
event:3478,particle:3478:20,event_has_top_particle,,,,,2,3.0426323413848877,,,
event:3478,particle:3478:1,event_has_top_particle,,,,,3,2.996340274810791,,,
event:3478,particle:3478:17,event_has_top_particle,,,,,4,2.8885066509246826,,,
event:3478,particle:3478:14,event_has_top_particle,,,,,5,2.572509527206421,,,
event:3478,particle:3478:3,event_has_top_particle,,,,,6,2.552510976791382,,,
event:3478,particle:3478:22,event_has_top_particle,,,,,7,2.466264009475708,,,
event:3478,particle:3478:2,event_has_top_particle,,,,,8,2.3847479820251465,,,
event:3478,particle:3478:21,event_has_top_particle,,,,,9,2.3767518997192383,,,
event:3478,particle:3478:24,event_has_top_particle,,,,,10,2.376523494720459,,,
event:3478,particle:3478:23,event_has_top_particle,,,,,11,2.358463764190674,,,
event:3478,particle:3478:15,event_has_top_particle,,,,,12,2.3297150135040283,,,
event:3478,particle:3478:6,event_has_top_particle,,,,,13,2.3223981857299805,,,
event:3478,particle:3478:9,event_has_top_particle,,,,,14,2.242522954940796,,,
event:3478,particle:3478:4,event_has_top_particle,,,,,15,2.2277724742889404,,,
event:3478,particle:3478:8,event_has_top_particle,,,,,16,2.1974387168884277,,,
event:3481,particle:3481:0,event_has_top_particle,,,,,1,4.765417098999023,,,
event:3481,particle:3481:1,event_has_top_particle,,,,,2,3.3526883125305176,,,
event:3481,particle:3481:2,event_has_top_particle,,,,,3,2.968003511428833,,,
event:3481,particle:3481:5,event_has_top_particle,,,,,4,2.8149003982543945,,,
event:3481,particle:3481:4,event_has_top_particle,,,,,5,2.739499807357788,,,
event:3481,particle:3481:3,event_has_top_particle,,,,,6,2.721651554107666,,,
event:3481,particle:3481:7,event_has_top_particle,,,,,7,2.661188840866089,,,
event:3481,particle:3481:19,event_has_top_particle,,,,,8,2.6160781383514404,,,
event:3481,particle:3481:16,event_has_top_particle,,,,,9,2.5938127040863037,,,
event:3481,particle:3481:18,event_has_top_particle,,,,,10,2.5568487644195557,,,
event:3481,particle:3481:21,event_has_top_particle,,,,,11,2.5539021492004395,,,
event:3481,particle:3481:20,event_has_top_particle,,,,,12,2.496349811553955,,,
event:3481,particle:3481:15,event_has_top_particle,,,,,13,2.3417587280273438,,,
event:3481,particle:3481:6,event_has_top_particle,,,,,14,2.3300180435180664,,,
event:3481,particle:3481:17,event_has_top_particle,,,,,15,2.3175902366638184,,,
event:3481,particle:3481:14,event_has_top_particle,,,,,16,2.311267614364624,,,
event:3484,particle:3484:0,event_has_top_particle,,,,,1,4.9357781410217285,,,
event:3484,particle:3484:6,event_has_top_particle,,,,,2,3.1277287006378174,,,
event:3484,particle:3484:18,event_has_top_particle,,,,,3,2.8095827102661133,,,
event:3484,particle:3484:5,event_has_top_particle,,,,,4,2.6821212768554688,,,
event:3484,particle:3484:2,event_has_top_particle,,,,,5,2.629711627960205,,,
event:3484,particle:3484:15,event_has_top_particle,,,,,6,2.5289676189422607,,,
event:3484,particle:3484:4,event_has_top_particle,,,,,7,2.514394521713257,,,
event:3484,particle:3484:11,event_has_top_particle,,,,,8,2.4884767532348633,,,
event:3484,particle:3484:14,event_has_top_particle,,,,,9,2.3598742485046387,,,
event:3484,particle:3484:22,event_has_top_particle,,,,,10,2.340034008026123,,,
event:3484,particle:3484:20,event_has_top_particle,,,,,11,2.309431791305542,,,
event:3484,particle:3484:8,event_has_top_particle,,,,,12,2.194575548171997,,,
event:3484,particle:3484:19,event_has_top_particle,,,,,13,2.147998571395874,,,
event:3484,particle:3484:3,event_has_top_particle,,,,,14,2.119658946990967,,,
event:3484,particle:3484:17,event_has_top_particle,,,,,15,2.0962283611297607,,,
event:3484,particle:3484:9,event_has_top_particle,,,,,16,2.0858123302459717,,,
event:3486,particle:3486:0,event_has_top_particle,,,,,1,4.949716567993164,,,
event:3486,particle:3486:24,event_has_top_particle,,,,,2,2.683621406555176,,,
event:3486,particle:3486:7,event_has_top_particle,,,,,3,2.588482618331909,,,
event:3486,particle:3486:25,event_has_top_particle,,,,,4,2.5701828002929688,,,
event:3486,particle:3486:18,event_has_top_particle,,,,,5,2.439974308013916,,,
event:3486,particle:3486:3,event_has_top_particle,,,,,6,2.4022529125213623,,,
event:3486,particle:3486:21,event_has_top_particle,,,,,7,2.3862690925598145,,,
event:3486,particle:3486:20,event_has_top_particle,,,,,8,2.332090377807617,,,
event:3486,particle:3486:28,event_has_top_particle,,,,,9,2.274142026901245,,,
event:3486,particle:3486:1,event_has_top_particle,,,,,10,2.237168788909912,,,
event:3486,particle:3486:26,event_has_top_particle,,,,,11,2.219193696975708,,,
event:3486,particle:3486:19,event_has_top_particle,,,,,12,2.1929526329040527,,,
event:3486,particle:3486:16,event_has_top_particle,,,,,13,2.1844937801361084,,,
event:3486,particle:3486:22,event_has_top_particle,,,,,14,2.1765475273132324,,,
event:3486,particle:3486:10,event_has_top_particle,,,,,15,2.1541755199432373,,,
event:3486,particle:3486:2,event_has_top_particle,,,,,16,2.138869047164917,,,
event:3497,particle:3497:0,event_has_top_particle,,,,,1,4.887000560760498,,,
event:3497,particle:3497:13,event_has_top_particle,,,,,2,2.7972536087036133,,,
event:3497,particle:3497:17,event_has_top_particle,,,,,3,2.719769239425659,,,
event:3497,particle:3497:20,event_has_top_particle,,,,,4,2.3898239135742188,,,
event:3497,particle:3497:19,event_has_top_particle,,,,,5,2.3803582191467285,,,
event:3497,particle:3497:1,event_has_top_particle,,,,,6,2.292823314666748,,,
event:3497,particle:3497:18,event_has_top_particle,,,,,7,2.271789073944092,,,
event:3497,particle:3497:7,event_has_top_particle,,,,,8,2.225278854370117,,,
event:3497,particle:3497:15,event_has_top_particle,,,,,9,2.1863231658935547,,,
event:3497,particle:3497:16,event_has_top_particle,,,,,10,2.1758220195770264,,,
event:3497,particle:3497:2,event_has_top_particle,,,,,11,2.103393077850342,,,
event:3497,particle:3497:8,event_has_top_particle,,,,,12,2.056410551071167,,,
event:3497,particle:3497:11,event_has_top_particle,,,,,13,2.0137345790863037,,,
event:3497,particle:3497:14,event_has_top_particle,,,,,14,2.012099504470825,,,
event:3497,particle:3497:12,event_has_top_particle,,,,,15,2.004844903945923,,,
event:3497,particle:3497:9,event_has_top_particle,,,,,16,1.9892324209213257,,,
event:3507,particle:3507:0,event_has_top_particle,,,,,1,4.834069728851318,,,
event:3507,particle:3507:2,event_has_top_particle,,,,,2,2.751343250274658,,,
event:3507,particle:3507:1,event_has_top_particle,,,,,3,2.751108407974243,,,
event:3507,particle:3507:9,event_has_top_particle,,,,,4,2.65409779548645,,,
event:3507,particle:3507:7,event_has_top_particle,,,,,5,2.6120638847351074,,,
event:3507,particle:3507:12,event_has_top_particle,,,,,6,2.4243643283843994,,,
event:3507,particle:3507:3,event_has_top_particle,,,,,7,2.3610427379608154,,,
event:3507,particle:3507:10,event_has_top_particle,,,,,8,2.309195041656494,,,
event:3507,particle:3507:5,event_has_top_particle,,,,,9,2.294581890106201,,,
event:3507,particle:3507:11,event_has_top_particle,,,,,10,2.281402349472046,,,
event:3507,particle:3507:20,event_has_top_particle,,,,,11,2.2790653705596924,,,
event:3507,particle:3507:8,event_has_top_particle,,,,,12,2.2661690711975098,,,
event:3507,particle:3507:17,event_has_top_particle,,,,,13,2.257354974746704,,,
event:3507,particle:3507:16,event_has_top_particle,,,,,14,2.2075717449188232,,,
event:3507,particle:3507:22,event_has_top_particle,,,,,15,2.1877167224884033,,,
event:3507,particle:3507:4,event_has_top_particle,,,,,16,2.1227645874023438,,,
event:3508,particle:3508:0,event_has_top_particle,,,,,1,4.86555814743042,,,
event:3508,particle:3508:1,event_has_top_particle,,,,,2,3.3420045375823975,,,
event:3508,particle:3508:9,event_has_top_particle,,,,,3,2.84415864944458,,,
event:3508,particle:3508:23,event_has_top_particle,,,,,4,2.801483154296875,,,
event:3508,particle:3508:3,event_has_top_particle,,,,,5,2.5569043159484863,,,
event:3508,particle:3508:4,event_has_top_particle,,,,,6,2.487881898880005,,,
event:3508,particle:3508:18,event_has_top_particle,,,,,7,2.4580695629119873,,,
event:3508,particle:3508:20,event_has_top_particle,,,,,8,2.454113721847534,,,
event:3508,particle:3508:2,event_has_top_particle,,,,,9,2.450040102005005,,,
event:3508,particle:3508:7,event_has_top_particle,,,,,10,2.3569552898406982,,,
event:3508,particle:3508:24,event_has_top_particle,,,,,11,2.343315601348877,,,
event:3508,particle:3508:11,event_has_top_particle,,,,,12,2.311980962753296,,,
event:3508,particle:3508:12,event_has_top_particle,,,,,13,2.3109023571014404,,,
event:3508,particle:3508:14,event_has_top_particle,,,,,14,2.3021183013916016,,,
event:3508,particle:3508:21,event_has_top_particle,,,,,15,2.254796266555786,,,
event:3508,particle:3508:22,event_has_top_particle,,,,,16,2.249730110168457,,,
event:3525,particle:3525:0,event_has_top_particle,,,,,1,5.0709381103515625,,,
event:3525,particle:3525:7,event_has_top_particle,,,,,2,2.8619437217712402,,,
event:3525,particle:3525:30,event_has_top_particle,,,,,3,2.663404703140259,,,
event:3525,particle:3525:27,event_has_top_particle,,,,,4,2.6484146118164062,,,
event:3525,particle:3525:23,event_has_top_particle,,,,,5,2.5554728507995605,,,
event:3525,particle:3525:6,event_has_top_particle,,,,,6,2.545280933380127,,,
event:3525,particle:3525:28,event_has_top_particle,,,,,7,2.4847869873046875,,,
event:3525,particle:3525:17,event_has_top_particle,,,,,8,2.4826834201812744,,,
event:3525,particle:3525:4,event_has_top_particle,,,,,9,2.473095655441284,,,
event:3525,particle:3525:9,event_has_top_particle,,,,,10,2.4268364906311035,,,
event:3525,particle:3525:18,event_has_top_particle,,,,,11,2.420645236968994,,,
event:3525,particle:3525:29,event_has_top_particle,,,,,12,2.4115054607391357,,,
event:3525,particle:3525:22,event_has_top_particle,,,,,13,2.349363327026367,,,
event:3525,particle:3525:15,event_has_top_particle,,,,,14,2.3402247428894043,,,
event:3525,particle:3525:12,event_has_top_particle,,,,,15,2.3340866565704346,,,
event:3525,particle:3525:31,event_has_top_particle,,,,,16,2.3268930912017822,,,
event:3528,particle:3528:0,event_has_top_particle,,,,,1,4.889524936676025,,,
event:3528,particle:3528:1,event_has_top_particle,,,,,2,3.2953524589538574,,,
event:3528,particle:3528:18,event_has_top_particle,,,,,3,2.7755537033081055,,,
event:3528,particle:3528:16,event_has_top_particle,,,,,4,2.528024196624756,,,
event:3528,particle:3528:9,event_has_top_particle,,,,,5,2.5103342533111572,,,
event:3528,particle:3528:15,event_has_top_particle,,,,,6,2.4669039249420166,,,
event:3528,particle:3528:2,event_has_top_particle,,,,,7,2.434030771255493,,,
event:3528,particle:3528:14,event_has_top_particle,,,,,8,2.4254629611968994,,,
event:3528,particle:3528:17,event_has_top_particle,,,,,9,2.4062070846557617,,,
event:3528,particle:3528:4,event_has_top_particle,,,,,10,2.363193988800049,,,
event:3528,particle:3528:3,event_has_top_particle,,,,,11,2.2628283500671387,,,
event:3528,particle:3528:13,event_has_top_particle,,,,,12,2.2419662475585938,,,
event:3528,particle:3528:10,event_has_top_particle,,,,,13,2.214613676071167,,,
event:3528,particle:3528:12,event_has_top_particle,,,,,14,2.1305739879608154,,,
event:3528,particle:3528:11,event_has_top_particle,,,,,15,2.0637221336364746,,,
event:3528,particle:3528:5,event_has_top_particle,,,,,16,2.061642646789551,,,
event:3531,particle:3531:0,event_has_top_particle,,,,,1,4.838278770446777,,,
event:3531,particle:3531:6,event_has_top_particle,,,,,2,2.8060905933380127,,,
event:3531,particle:3531:30,event_has_top_particle,,,,,3,2.76871919631958,,,
event:3531,particle:3531:9,event_has_top_particle,,,,,4,2.7588789463043213,,,
event:3531,particle:3531:16,event_has_top_particle,,,,,5,2.659489154815674,,,
event:3531,particle:3531:1,event_has_top_particle,,,,,6,2.6566927433013916,,,
event:3531,particle:3531:2,event_has_top_particle,,,,,7,2.6235063076019287,,,
event:3531,particle:3531:3,event_has_top_particle,,,,,8,2.608614683151245,,,
event:3531,particle:3531:4,event_has_top_particle,,,,,9,2.55354905128479,,,
event:3531,particle:3531:13,event_has_top_particle,,,,,10,2.4280385971069336,,,
event:3531,particle:3531:14,event_has_top_particle,,,,,11,2.4090826511383057,,,
event:3531,particle:3531:12,event_has_top_particle,,,,,12,2.383686065673828,,,
event:3531,particle:3531:21,event_has_top_particle,,,,,13,2.3079159259796143,,,
event:3531,particle:3531:18,event_has_top_particle,,,,,14,2.3007733821868896,,,
event:3531,particle:3531:19,event_has_top_particle,,,,,15,2.295614719390869,,,
event:3531,particle:3531:17,event_has_top_particle,,,,,16,2.2859725952148438,,,
event:3541,particle:3541:0,event_has_top_particle,,,,,1,4.849453926086426,,,
event:3541,particle:3541:22,event_has_top_particle,,,,,2,3.301194667816162,,,
event:3541,particle:3541:17,event_has_top_particle,,,,,3,2.684203863143921,,,
event:3541,particle:3541:21,event_has_top_particle,,,,,4,2.5706186294555664,,,
event:3541,particle:3541:3,event_has_top_particle,,,,,5,2.466181993484497,,,
event:3541,particle:3541:18,event_has_top_particle,,,,,6,2.4400320053100586,,,
event:3541,particle:3541:2,event_has_top_particle,,,,,7,2.428284168243408,,,
event:3541,particle:3541:20,event_has_top_particle,,,,,8,2.424222707748413,,,
event:3541,particle:3541:4,event_has_top_particle,,,,,9,2.2739346027374268,,,
event:3541,particle:3541:1,event_has_top_particle,,,,,10,2.269367218017578,,,
event:3541,particle:3541:5,event_has_top_particle,,,,,11,2.224134922027588,,,
event:3541,particle:3541:11,event_has_top_particle,,,,,12,2.2188103199005127,,,
event:3541,particle:3541:9,event_has_top_particle,,,,,13,2.121918201446533,,,
event:3541,particle:3541:15,event_has_top_particle,,,,,14,2.1118829250335693,,,
event:3541,particle:3541:6,event_has_top_particle,,,,,15,2.1008121967315674,,,
event:3541,particle:3541:10,event_has_top_particle,,,,,16,2.065040349960327,,,
event:3543,particle:3543:0,event_has_top_particle,,,,,1,4.82487154006958,,,
event:3543,particle:3543:7,event_has_top_particle,,,,,2,2.6134114265441895,,,
event:3543,particle:3543:6,event_has_top_particle,,,,,3,2.608402729034424,,,
event:3543,particle:3543:11,event_has_top_particle,,,,,4,2.603198766708374,,,
event:3543,particle:3543:9,event_has_top_particle,,,,,5,2.5345003604888916,,,
event:3543,particle:3543:14,event_has_top_particle,,,,,6,2.4833054542541504,,,
event:3543,particle:3543:19,event_has_top_particle,,,,,7,2.4781033992767334,,,
event:3543,particle:3543:18,event_has_top_particle,,,,,8,2.426666736602783,,,
event:3543,particle:3543:20,event_has_top_particle,,,,,9,2.404420852661133,,,
event:3543,particle:3543:15,event_has_top_particle,,,,,10,2.362365484237671,,,
event:3543,particle:3543:1,event_has_top_particle,,,,,11,2.307112216949463,,,
event:3543,particle:3543:13,event_has_top_particle,,,,,12,2.2870922088623047,,,
event:3543,particle:3543:2,event_has_top_particle,,,,,13,2.2048187255859375,,,
event:3543,particle:3543:17,event_has_top_particle,,,,,14,2.194622278213501,,,
event:3543,particle:3543:4,event_has_top_particle,,,,,15,2.161146640777588,,,
event:3543,particle:3543:16,event_has_top_particle,,,,,16,2.0897984504699707,,,
event:3549,particle:3549:0,event_has_top_particle,,,,,1,4.813783168792725,,,
event:3549,particle:3549:1,event_has_top_particle,,,,,2,3.089505910873413,,,
event:3549,particle:3549:14,event_has_top_particle,,,,,3,2.903592824935913,,,
event:3549,particle:3549:8,event_has_top_particle,,,,,4,2.70418119430542,,,
event:3549,particle:3549:23,event_has_top_particle,,,,,5,2.690990686416626,,,
event:3549,particle:3549:22,event_has_top_particle,,,,,6,2.6338934898376465,,,
event:3549,particle:3549:4,event_has_top_particle,,,,,7,2.6167659759521484,,,
event:3549,particle:3549:7,event_has_top_particle,,,,,8,2.607985496520996,,,
event:3549,particle:3549:5,event_has_top_particle,,,,,9,2.504744291305542,,,
event:3549,particle:3549:2,event_has_top_particle,,,,,10,2.48293137550354,,,
event:3549,particle:3549:24,event_has_top_particle,,,,,11,2.427595615386963,,,
event:3549,particle:3549:21,event_has_top_particle,,,,,12,2.365264892578125,,,
event:3549,particle:3549:9,event_has_top_particle,,,,,13,2.3396100997924805,,,
event:3549,particle:3549:19,event_has_top_particle,,,,,14,2.2637383937835693,,,
event:3549,particle:3549:10,event_has_top_particle,,,,,15,2.2480924129486084,,,
event:3549,particle:3549:11,event_has_top_particle,,,,,16,2.2250449657440186,,,
event:3552,particle:3552:0,event_has_top_particle,,,,,1,4.925191402435303,,,
event:3552,particle:3552:12,event_has_top_particle,,,,,2,3.0618033409118652,,,
event:3552,particle:3552:1,event_has_top_particle,,,,,3,3.0060629844665527,,,
event:3552,particle:3552:13,event_has_top_particle,,,,,4,2.7925000190734863,,,
event:3552,particle:3552:22,event_has_top_particle,,,,,5,2.719071388244629,,,
event:3552,particle:3552:8,event_has_top_particle,,,,,6,2.702676296234131,,,
event:3552,particle:3552:20,event_has_top_particle,,,,,7,2.5700273513793945,,,
event:3552,particle:3552:21,event_has_top_particle,,,,,8,2.5023868083953857,,,
event:3552,particle:3552:2,event_has_top_particle,,,,,9,2.4991769790649414,,,
event:3552,particle:3552:18,event_has_top_particle,,,,,10,2.4685018062591553,,,
event:3552,particle:3552:15,event_has_top_particle,,,,,11,2.423206090927124,,,
event:3552,particle:3552:17,event_has_top_particle,,,,,12,2.376124382019043,,,
event:3552,particle:3552:4,event_has_top_particle,,,,,13,2.3511316776275635,,,
event:3552,particle:3552:23,event_has_top_particle,,,,,14,2.3393001556396484,,,
event:3552,particle:3552:19,event_has_top_particle,,,,,15,2.229959726333618,,,
event:3552,particle:3552:3,event_has_top_particle,,,,,16,2.2251760959625244,,,
event:3569,particle:3569:0,event_has_top_particle,,,,,1,4.792593479156494,,,
event:3569,particle:3569:18,event_has_top_particle,,,,,2,2.925414562225342,,,
event:3569,particle:3569:15,event_has_top_particle,,,,,3,2.823944568634033,,,
event:3569,particle:3569:14,event_has_top_particle,,,,,4,2.74947452545166,,,
event:3569,particle:3569:17,event_has_top_particle,,,,,5,2.63911509513855,,,
event:3569,particle:3569:19,event_has_top_particle,,,,,6,2.467738389968872,,,
event:3569,particle:3569:16,event_has_top_particle,,,,,7,2.3758623600006104,,,
event:3569,particle:3569:3,event_has_top_particle,,,,,8,2.3628122806549072,,,
event:3569,particle:3569:2,event_has_top_particle,,,,,9,2.3457610607147217,,,
event:3569,particle:3569:7,event_has_top_particle,,,,,10,2.299293279647827,,,
event:3569,particle:3569:11,event_has_top_particle,,,,,11,2.2907443046569824,,,
event:3569,particle:3569:10,event_has_top_particle,,,,,12,2.1365668773651123,,,
event:3569,particle:3569:9,event_has_top_particle,,,,,13,2.1184916496276855,,,
event:3569,particle:3569:13,event_has_top_particle,,,,,14,2.1057636737823486,,,
event:3569,particle:3569:12,event_has_top_particle,,,,,15,1.9720499515533447,,,
event:3569,particle:3569:5,event_has_top_particle,,,,,16,1.9244974851608276,,,
event:3585,particle:3585:0,event_has_top_particle,,,,,1,4.9286909103393555,,,
event:3585,particle:3585:12,event_has_top_particle,,,,,2,2.8379275798797607,,,
event:3585,particle:3585:21,event_has_top_particle,,,,,3,2.6709842681884766,,,
event:3585,particle:3585:10,event_has_top_particle,,,,,4,2.5789310932159424,,,
event:3585,particle:3585:14,event_has_top_particle,,,,,5,2.552180767059326,,,
event:3585,particle:3585:18,event_has_top_particle,,,,,6,2.5316293239593506,,,
event:3585,particle:3585:20,event_has_top_particle,,,,,7,2.5278067588806152,,,
event:3585,particle:3585:1,event_has_top_particle,,,,,8,2.520502805709839,,,
event:3585,particle:3585:19,event_has_top_particle,,,,,9,2.448272705078125,,,
event:3585,particle:3585:6,event_has_top_particle,,,,,10,2.4377739429473877,,,
event:3585,particle:3585:5,event_has_top_particle,,,,,11,2.3920798301696777,,,
event:3585,particle:3585:9,event_has_top_particle,,,,,12,2.3804237842559814,,,
event:3585,particle:3585:3,event_has_top_particle,,,,,13,2.3756778240203857,,,
event:3585,particle:3585:17,event_has_top_particle,,,,,14,2.2726073265075684,,,
event:3585,particle:3585:7,event_has_top_particle,,,,,15,2.2669222354888916,,,
event:3585,particle:3585:8,event_has_top_particle,,,,,16,2.2511935234069824,,,
event:3594,particle:3594:0,event_has_top_particle,,,,,1,4.80954122543335,,,
event:3594,particle:3594:13,event_has_top_particle,,,,,2,3.006242036819458,,,
event:3594,particle:3594:22,event_has_top_particle,,,,,3,2.8021583557128906,,,
event:3594,particle:3594:20,event_has_top_particle,,,,,4,2.6740334033966064,,,
event:3594,particle:3594:1,event_has_top_particle,,,,,5,2.6090219020843506,,,
event:3594,particle:3594:17,event_has_top_particle,,,,,6,2.530299186706543,,,
event:3594,particle:3594:16,event_has_top_particle,,,,,7,2.3838539123535156,,,
event:3594,particle:3594:21,event_has_top_particle,,,,,8,2.3829102516174316,,,
event:3594,particle:3594:8,event_has_top_particle,,,,,9,2.3701751232147217,,,
event:3594,particle:3594:5,event_has_top_particle,,,,,10,2.3615968227386475,,,
event:3594,particle:3594:19,event_has_top_particle,,,,,11,2.33906888961792,,,
event:3594,particle:3594:6,event_has_top_particle,,,,,12,2.319070339202881,,,
event:3594,particle:3594:18,event_has_top_particle,,,,,13,2.3114397525787354,,,
event:3594,particle:3594:2,event_has_top_particle,,,,,14,2.2305493354797363,,,
event:3594,particle:3594:15,event_has_top_particle,,,,,15,2.2087838649749756,,,
event:3594,particle:3594:7,event_has_top_particle,,,,,16,2.1964049339294434,,,
event:3598,particle:3598:0,event_has_top_particle,,,,,1,4.952511787414551,,,
event:3598,particle:3598:6,event_has_top_particle,,,,,2,2.894904613494873,,,
event:3598,particle:3598:25,event_has_top_particle,,,,,3,2.6867382526397705,,,
event:3598,particle:3598:13,event_has_top_particle,,,,,4,2.5826361179351807,,,
event:3598,particle:3598:26,event_has_top_particle,,,,,5,2.4925882816314697,,,
event:3598,particle:3598:8,event_has_top_particle,,,,,6,2.465269088745117,,,
event:3598,particle:3598:10,event_has_top_particle,,,,,7,2.4521865844726562,,,
event:3598,particle:3598:18,event_has_top_particle,,,,,8,2.4364612102508545,,,
event:3598,particle:3598:12,event_has_top_particle,,,,,9,2.435170888900757,,,
event:3598,particle:3598:17,event_has_top_particle,,,,,10,2.3993587493896484,,,
event:3598,particle:3598:1,event_has_top_particle,,,,,11,2.389033794403076,,,
event:3598,particle:3598:2,event_has_top_particle,,,,,12,2.3137285709381104,,,
event:3598,particle:3598:24,event_has_top_particle,,,,,13,2.3097641468048096,,,
event:3598,particle:3598:22,event_has_top_particle,,,,,14,2.3010687828063965,,,
event:3598,particle:3598:20,event_has_top_particle,,,,,15,2.267263174057007,,,
event:3598,particle:3598:23,event_has_top_particle,,,,,16,2.2653918266296387,,,
event:3606,particle:3606:0,event_has_top_particle,,,,,1,4.913609981536865,,,
event:3606,particle:3606:18,event_has_top_particle,,,,,2,2.7436540126800537,,,
event:3606,particle:3606:20,event_has_top_particle,,,,,3,2.5541625022888184,,,
event:3606,particle:3606:11,event_has_top_particle,,,,,4,2.531825304031372,,,
event:3606,particle:3606:10,event_has_top_particle,,,,,5,2.4215781688690186,,,
event:3606,particle:3606:7,event_has_top_particle,,,,,6,2.3855209350585938,,,
event:3606,particle:3606:22,event_has_top_particle,,,,,7,2.313087224960327,,,
event:3606,particle:3606:1,event_has_top_particle,,,,,8,2.2807509899139404,,,
event:3606,particle:3606:19,event_has_top_particle,,,,,9,2.0887434482574463,,,
event:3606,particle:3606:12,event_has_top_particle,,,,,10,2.08461594581604,,,
event:3606,particle:3606:17,event_has_top_particle,,,,,11,2.048201560974121,,,
event:3606,particle:3606:8,event_has_top_particle,,,,,12,1.9715920686721802,,,
event:3606,particle:3606:21,event_has_top_particle,,,,,13,1.9665381908416748,,,
event:3606,particle:3606:4,event_has_top_particle,,,,,14,1.9633934497833252,,,
event:3606,particle:3606:5,event_has_top_particle,,,,,15,1.9300129413604736,,,
event:3606,particle:3606:14,event_has_top_particle,,,,,16,1.923993468284607,,,
event:3610,particle:3610:0,event_has_top_particle,,,,,1,4.962615489959717,,,
event:3610,particle:3610:23,event_has_top_particle,,,,,2,2.9079673290252686,,,
event:3610,particle:3610:17,event_has_top_particle,,,,,3,2.8331379890441895,,,
event:3610,particle:3610:27,event_has_top_particle,,,,,4,2.463547468185425,,,
event:3610,particle:3610:10,event_has_top_particle,,,,,5,2.373810052871704,,,
event:3610,particle:3610:20,event_has_top_particle,,,,,6,2.235344409942627,,,
event:3610,particle:3610:24,event_has_top_particle,,,,,7,2.208672046661377,,,
event:3610,particle:3610:11,event_has_top_particle,,,,,8,2.1948647499084473,,,
event:3610,particle:3610:21,event_has_top_particle,,,,,9,2.1943628787994385,,,
event:3610,particle:3610:16,event_has_top_particle,,,,,10,2.1837141513824463,,,
event:3610,particle:3610:2,event_has_top_particle,,,,,11,2.179612874984741,,,
event:3610,particle:3610:19,event_has_top_particle,,,,,12,2.1777617931365967,,,
event:3610,particle:3610:3,event_has_top_particle,,,,,13,2.174879312515259,,,
event:3610,particle:3610:12,event_has_top_particle,,,,,14,2.090527296066284,,,
event:3610,particle:3610:1,event_has_top_particle,,,,,15,2.087735652923584,,,
event:3610,particle:3610:26,event_has_top_particle,,,,,16,2.083587884902954,,,
event:3622,particle:3622:0,event_has_top_particle,,,,,1,4.897593021392822,,,
event:3622,particle:3622:23,event_has_top_particle,,,,,2,2.457169771194458,,,
event:3622,particle:3622:6,event_has_top_particle,,,,,3,2.4061484336853027,,,
event:3622,particle:3622:21,event_has_top_particle,,,,,4,2.3963699340820312,,,
event:3622,particle:3622:18,event_has_top_particle,,,,,5,2.3674118518829346,,,
event:3622,particle:3622:10,event_has_top_particle,,,,,6,2.3616929054260254,,,
event:3622,particle:3622:13,event_has_top_particle,,,,,7,2.3564553260803223,,,
event:3622,particle:3622:20,event_has_top_particle,,,,,8,2.3489017486572266,,,
event:3622,particle:3622:17,event_has_top_particle,,,,,9,2.323688507080078,,,
event:3622,particle:3622:4,event_has_top_particle,,,,,10,2.3071093559265137,,,
event:3622,particle:3622:1,event_has_top_particle,,,,,11,2.3017690181732178,,,
event:3622,particle:3622:16,event_has_top_particle,,,,,12,2.247237205505371,,,
event:3622,particle:3622:19,event_has_top_particle,,,,,13,2.2416346073150635,,,
event:3622,particle:3622:15,event_has_top_particle,,,,,14,2.1879801750183105,,,
event:3622,particle:3622:22,event_has_top_particle,,,,,15,2.1430089473724365,,,
event:3622,particle:3622:2,event_has_top_particle,,,,,16,2.1087920665740967,,,
event:3626,particle:3626:0,event_has_top_particle,,,,,1,4.817261695861816,,,
event:3626,particle:3626:36,event_has_top_particle,,,,,2,2.7604634761810303,,,
event:3626,particle:3626:22,event_has_top_particle,,,,,3,2.704941987991333,,,
event:3626,particle:3626:35,event_has_top_particle,,,,,4,2.6192469596862793,,,
event:3626,particle:3626:18,event_has_top_particle,,,,,5,2.4325597286224365,,,
event:3626,particle:3626:37,event_has_top_particle,,,,,6,2.4146738052368164,,,
event:3626,particle:3626:11,event_has_top_particle,,,,,7,2.407379150390625,,,
event:3626,particle:3626:14,event_has_top_particle,,,,,8,2.3862946033477783,,,
event:3626,particle:3626:17,event_has_top_particle,,,,,9,2.375702381134033,,,
event:3626,particle:3626:6,event_has_top_particle,,,,,10,2.3445115089416504,,,
event:3626,particle:3626:2,event_has_top_particle,,,,,11,2.337731122970581,,,
event:3626,particle:3626:21,event_has_top_particle,,,,,12,2.326721429824829,,,
event:3626,particle:3626:15,event_has_top_particle,,,,,13,2.2478630542755127,,,
event:3626,particle:3626:10,event_has_top_particle,,,,,14,2.2255704402923584,,,
event:3626,particle:3626:28,event_has_top_particle,,,,,15,2.216649055480957,,,
event:3626,particle:3626:26,event_has_top_particle,,,,,16,2.2137579917907715,,,
event:3638,particle:3638:0,event_has_top_particle,,,,,1,4.751429080963135,,,
event:3638,particle:3638:1,event_has_top_particle,,,,,2,3.803316831588745,,,
event:3638,particle:3638:12,event_has_top_particle,,,,,3,3.019597053527832,,,
event:3638,particle:3638:21,event_has_top_particle,,,,,4,2.638272762298584,,,
event:3638,particle:3638:23,event_has_top_particle,,,,,5,2.627291440963745,,,
event:3638,particle:3638:2,event_has_top_particle,,,,,6,2.5745487213134766,,,
event:3638,particle:3638:17,event_has_top_particle,,,,,7,2.5463454723358154,,,
event:3638,particle:3638:19,event_has_top_particle,,,,,8,2.4674038887023926,,,
event:3638,particle:3638:15,event_has_top_particle,,,,,9,2.435401439666748,,,
event:3638,particle:3638:8,event_has_top_particle,,,,,10,2.416645050048828,,,
event:3638,particle:3638:18,event_has_top_particle,,,,,11,2.3858535289764404,,,
event:3638,particle:3638:13,event_has_top_particle,,,,,12,2.3550171852111816,,,
event:3638,particle:3638:20,event_has_top_particle,,,,,13,2.341586112976074,,,
event:3638,particle:3638:14,event_has_top_particle,,,,,14,2.3086581230163574,,,
event:3638,particle:3638:22,event_has_top_particle,,,,,15,2.2658379077911377,,,
event:3638,particle:3638:3,event_has_top_particle,,,,,16,2.2527151107788086,,,
event:3653,particle:3653:0,event_has_top_particle,,,,,1,5.196718215942383,,,
event:3653,particle:3653:15,event_has_top_particle,,,,,2,2.8036344051361084,,,
event:3653,particle:3653:25,event_has_top_particle,,,,,3,2.7266151905059814,,,
event:3653,particle:3653:1,event_has_top_particle,,,,,4,2.71874737739563,,,
event:3653,particle:3653:21,event_has_top_particle,,,,,5,2.6647253036499023,,,
event:3653,particle:3653:23,event_has_top_particle,,,,,6,2.603632688522339,,,
event:3653,particle:3653:24,event_has_top_particle,,,,,7,2.596139430999756,,,
event:3653,particle:3653:13,event_has_top_particle,,,,,8,2.562936782836914,,,
event:3653,particle:3653:18,event_has_top_particle,,,,,9,2.5355701446533203,,,
event:3653,particle:3653:14,event_has_top_particle,,,,,10,2.5297563076019287,,,
event:3653,particle:3653:12,event_has_top_particle,,,,,11,2.52848482131958,,,
event:3653,particle:3653:5,event_has_top_particle,,,,,12,2.506225347518921,,,
event:3653,particle:3653:19,event_has_top_particle,,,,,13,2.483859062194824,,,
event:3653,particle:3653:8,event_has_top_particle,,,,,14,2.4217944145202637,,,
event:3653,particle:3653:22,event_has_top_particle,,,,,15,2.3981473445892334,,,
event:3653,particle:3653:16,event_has_top_particle,,,,,16,2.392646312713623,,,
event:3673,particle:3673:0,event_has_top_particle,,,,,1,4.8541364669799805,,,
event:3673,particle:3673:1,event_has_top_particle,,,,,2,2.956212043762207,,,
event:3673,particle:3673:2,event_has_top_particle,,,,,3,2.9462790489196777,,,
event:3673,particle:3673:7,event_has_top_particle,,,,,4,2.9191126823425293,,,
event:3673,particle:3673:17,event_has_top_particle,,,,,5,2.609206199645996,,,
event:3673,particle:3673:5,event_has_top_particle,,,,,6,2.5090620517730713,,,
event:3673,particle:3673:4,event_has_top_particle,,,,,7,2.4246251583099365,,,
event:3673,particle:3673:3,event_has_top_particle,,,,,8,2.3808159828186035,,,
event:3673,particle:3673:15,event_has_top_particle,,,,,9,2.3721086978912354,,,
event:3673,particle:3673:10,event_has_top_particle,,,,,10,2.338106870651245,,,
event:3673,particle:3673:13,event_has_top_particle,,,,,11,2.3347103595733643,,,
event:3673,particle:3673:16,event_has_top_particle,,,,,12,2.324477434158325,,,
event:3673,particle:3673:8,event_has_top_particle,,,,,13,2.3047730922698975,,,
event:3673,particle:3673:14,event_has_top_particle,,,,,14,2.2522075176239014,,,
event:3673,particle:3673:12,event_has_top_particle,,,,,15,2.2259018421173096,,,
event:3673,particle:3673:9,event_has_top_particle,,,,,16,2.2052674293518066,,,
event:3697,particle:3697:0,event_has_top_particle,,,,,1,4.911472320556641,,,
event:3697,particle:3697:8,event_has_top_particle,,,,,2,2.721583843231201,,,
event:3697,particle:3697:4,event_has_top_particle,,,,,3,2.6280734539031982,,,
event:3697,particle:3697:6,event_has_top_particle,,,,,4,2.439608573913574,,,
event:3697,particle:3697:10,event_has_top_particle,,,,,5,2.4138736724853516,,,
event:3697,particle:3697:11,event_has_top_particle,,,,,6,2.3348653316497803,,,
event:3697,particle:3697:2,event_has_top_particle,,,,,7,2.3294296264648438,,,
event:3697,particle:3697:9,event_has_top_particle,,,,,8,2.2617268562316895,,,
event:3697,particle:3697:7,event_has_top_particle,,,,,9,2.115821123123169,,,
event:3697,particle:3697:5,event_has_top_particle,,,,,10,2.0969176292419434,,,
event:3697,particle:3697:3,event_has_top_particle,,,,,11,2.0937016010284424,,,
event:3697,particle:3697:1,event_has_top_particle,,,,,12,2.059900999069214,,,
event:3703,particle:3703:0,event_has_top_particle,,,,,1,4.894197940826416,,,
event:3703,particle:3703:10,event_has_top_particle,,,,,2,2.606539487838745,,,
event:3703,particle:3703:20,event_has_top_particle,,,,,3,2.3223259449005127,,,
event:3703,particle:3703:19,event_has_top_particle,,,,,4,2.321497917175293,,,
event:3703,particle:3703:1,event_has_top_particle,,,,,5,2.284057378768921,,,
event:3703,particle:3703:16,event_has_top_particle,,,,,6,2.2364346981048584,,,
event:3703,particle:3703:8,event_has_top_particle,,,,,7,2.1978232860565186,,,
event:3703,particle:3703:21,event_has_top_particle,,,,,8,2.136965036392212,,,
event:3703,particle:3703:17,event_has_top_particle,,,,,9,2.1297552585601807,,,
event:3703,particle:3703:18,event_has_top_particle,,,,,10,2.0965633392333984,,,
event:3703,particle:3703:2,event_has_top_particle,,,,,11,2.07834529876709,,,
event:3703,particle:3703:15,event_has_top_particle,,,,,12,2.0404605865478516,,,
event:3703,particle:3703:3,event_has_top_particle,,,,,13,2.0073511600494385,,,
event:3703,particle:3703:14,event_has_top_particle,,,,,14,1.9576923847198486,,,
event:3703,particle:3703:6,event_has_top_particle,,,,,15,1.9507523775100708,,,
event:3703,particle:3703:13,event_has_top_particle,,,,,16,1.9379935264587402,,,
event:3715,particle:3715:0,event_has_top_particle,,,,,1,4.945679664611816,,,
event:3715,particle:3715:9,event_has_top_particle,,,,,2,2.6463773250579834,,,
event:3715,particle:3715:15,event_has_top_particle,,,,,3,2.5504541397094727,,,
event:3715,particle:3715:18,event_has_top_particle,,,,,4,2.3832225799560547,,,
event:3715,particle:3715:11,event_has_top_particle,,,,,5,2.2329437732696533,,,
event:3715,particle:3715:1,event_has_top_particle,,,,,6,2.1531219482421875,,,
event:3715,particle:3715:17,event_has_top_particle,,,,,7,2.140395402908325,,,
event:3715,particle:3715:16,event_has_top_particle,,,,,8,2.1262412071228027,,,
event:3715,particle:3715:8,event_has_top_particle,,,,,9,2.094774007797241,,,
event:3715,particle:3715:14,event_has_top_particle,,,,,10,2.0439863204956055,,,
event:3715,particle:3715:12,event_has_top_particle,,,,,11,2.02181077003479,,,
event:3715,particle:3715:2,event_has_top_particle,,,,,12,1.9631116390228271,,,
event:3715,particle:3715:7,event_has_top_particle,,,,,13,1.9383206367492676,,,
event:3715,particle:3715:5,event_has_top_particle,,,,,14,1.9220836162567139,,,
event:3715,particle:3715:6,event_has_top_particle,,,,,15,1.8889763355255127,,,
event:3715,particle:3715:13,event_has_top_particle,,,,,16,1.875260829925537,,,
event:3728,particle:3728:0,event_has_top_particle,,,,,1,4.830503463745117,,,
event:3728,particle:3728:13,event_has_top_particle,,,,,2,2.843268394470215,,,
event:3728,particle:3728:9,event_has_top_particle,,,,,3,2.821767807006836,,,
event:3728,particle:3728:18,event_has_top_particle,,,,,4,2.5065221786499023,,,
event:3728,particle:3728:1,event_has_top_particle,,,,,5,2.436403274536133,,,
event:3728,particle:3728:15,event_has_top_particle,,,,,6,2.393930673599243,,,
event:3728,particle:3728:7,event_has_top_particle,,,,,7,2.3260817527770996,,,
event:3728,particle:3728:2,event_has_top_particle,,,,,8,2.2616302967071533,,,
event:3728,particle:3728:14,event_has_top_particle,,,,,9,2.2383391857147217,,,
event:3728,particle:3728:17,event_has_top_particle,,,,,10,2.2028608322143555,,,
event:3728,particle:3728:6,event_has_top_particle,,,,,11,2.198519229888916,,,
event:3728,particle:3728:16,event_has_top_particle,,,,,12,2.193122148513794,,,
event:3728,particle:3728:11,event_has_top_particle,,,,,13,2.185443162918091,,,
event:3728,particle:3728:10,event_has_top_particle,,,,,14,2.152653455734253,,,
event:3728,particle:3728:4,event_has_top_particle,,,,,15,2.0666656494140625,,,
event:3728,particle:3728:3,event_has_top_particle,,,,,16,2.043050527572632,,,
event:3729,particle:3729:0,event_has_top_particle,,,,,1,4.775670528411865,,,
event:3729,particle:3729:19,event_has_top_particle,,,,,2,3.042086601257324,,,
event:3729,particle:3729:26,event_has_top_particle,,,,,3,2.7465503215789795,,,
event:3729,particle:3729:25,event_has_top_particle,,,,,4,2.601530075073242,,,
event:3729,particle:3729:24,event_has_top_particle,,,,,5,2.5850677490234375,,,
event:3729,particle:3729:14,event_has_top_particle,,,,,6,2.492485761642456,,,
event:3729,particle:3729:4,event_has_top_particle,,,,,7,2.391038656234741,,,
event:3729,particle:3729:1,event_has_top_particle,,,,,8,2.2986881732940674,,,
event:3729,particle:3729:11,event_has_top_particle,,,,,9,2.2316274642944336,,,
event:3729,particle:3729:9,event_has_top_particle,,,,,10,2.167532444000244,,,
event:3729,particle:3729:22,event_has_top_particle,,,,,11,2.13500714302063,,,
event:3729,particle:3729:7,event_has_top_particle,,,,,12,2.1121366024017334,,,
event:3729,particle:3729:8,event_has_top_particle,,,,,13,2.0791754722595215,,,
event:3729,particle:3729:3,event_has_top_particle,,,,,14,2.068284511566162,,,
event:3729,particle:3729:2,event_has_top_particle,,,,,15,2.048682928085327,,,
event:3729,particle:3729:12,event_has_top_particle,,,,,16,2.0365638732910156,,,
event:3737,particle:3737:0,event_has_top_particle,,,,,1,4.866183757781982,,,
event:3737,particle:3737:23,event_has_top_particle,,,,,2,3.003148078918457,,,
event:3737,particle:3737:10,event_has_top_particle,,,,,3,2.701195001602173,,,
event:3737,particle:3737:14,event_has_top_particle,,,,,4,2.277050495147705,,,
event:3737,particle:3737:9,event_has_top_particle,,,,,5,2.2714712619781494,,,
event:3737,particle:3737:26,event_has_top_particle,,,,,6,2.1777052879333496,,,
event:3737,particle:3737:15,event_has_top_particle,,,,,7,2.1748404502868652,,,
event:3737,particle:3737:1,event_has_top_particle,,,,,8,2.150228261947632,,,
event:3737,particle:3737:2,event_has_top_particle,,,,,9,2.1381359100341797,,,
event:3737,particle:3737:16,event_has_top_particle,,,,,10,2.1258063316345215,,,
event:3737,particle:3737:22,event_has_top_particle,,,,,11,2.112478017807007,,,
event:3737,particle:3737:24,event_has_top_particle,,,,,12,2.1038477420806885,,,
event:3737,particle:3737:20,event_has_top_particle,,,,,13,2.087087631225586,,,
event:3737,particle:3737:19,event_has_top_particle,,,,,14,2.0800890922546387,,,
event:3737,particle:3737:5,event_has_top_particle,,,,,15,2.0591678619384766,,,
event:3737,particle:3737:18,event_has_top_particle,,,,,16,2.057563543319702,,,
event:3739,particle:3739:0,event_has_top_particle,,,,,1,4.820569038391113,,,
event:3739,particle:3739:5,event_has_top_particle,,,,,2,3.058025598526001,,,
event:3739,particle:3739:26,event_has_top_particle,,,,,3,2.9586520195007324,,,
event:3739,particle:3739:3,event_has_top_particle,,,,,4,2.676532745361328,,,
event:3739,particle:3739:2,event_has_top_particle,,,,,5,2.6588802337646484,,,
event:3739,particle:3739:23,event_has_top_particle,,,,,6,2.5509815216064453,,,
event:3739,particle:3739:14,event_has_top_particle,,,,,7,2.54460072517395,,,
event:3739,particle:3739:15,event_has_top_particle,,,,,8,2.3939437866210938,,,
event:3739,particle:3739:24,event_has_top_particle,,,,,9,2.3759992122650146,,,
event:3739,particle:3739:1,event_has_top_particle,,,,,10,2.3481218814849854,,,
event:3739,particle:3739:17,event_has_top_particle,,,,,11,2.3302862644195557,,,
event:3739,particle:3739:21,event_has_top_particle,,,,,12,2.307988405227661,,,
event:3739,particle:3739:20,event_has_top_particle,,,,,13,2.2469844818115234,,,
event:3739,particle:3739:9,event_has_top_particle,,,,,14,2.2326250076293945,,,
event:3739,particle:3739:25,event_has_top_particle,,,,,15,2.221776247024536,,,
event:3739,particle:3739:11,event_has_top_particle,,,,,16,2.2030258178710938,,,
event:3779,particle:3779:0,event_has_top_particle,,,,,1,4.772729873657227,,,
event:3779,particle:3779:1,event_has_top_particle,,,,,2,3.021649122238159,,,
event:3779,particle:3779:15,event_has_top_particle,,,,,3,2.8027689456939697,,,
event:3779,particle:3779:2,event_has_top_particle,,,,,4,2.636828660964966,,,
event:3779,particle:3779:5,event_has_top_particle,,,,,5,2.5786049365997314,,,
event:3779,particle:3779:3,event_has_top_particle,,,,,6,2.5772502422332764,,,
event:3779,particle:3779:13,event_has_top_particle,,,,,7,2.4816999435424805,,,
event:3779,particle:3779:6,event_has_top_particle,,,,,8,2.4659066200256348,,,
event:3779,particle:3779:8,event_has_top_particle,,,,,9,2.4540398120880127,,,
event:3779,particle:3779:16,event_has_top_particle,,,,,10,2.3856236934661865,,,
event:3779,particle:3779:7,event_has_top_particle,,,,,11,2.3696584701538086,,,
event:3779,particle:3779:9,event_has_top_particle,,,,,12,2.3370885848999023,,,
event:3779,particle:3779:4,event_has_top_particle,,,,,13,2.3241710662841797,,,
event:3779,particle:3779:10,event_has_top_particle,,,,,14,2.3180441856384277,,,
event:3779,particle:3779:11,event_has_top_particle,,,,,15,2.2131896018981934,,,
event:3779,particle:3779:14,event_has_top_particle,,,,,16,2.1830132007598877,,,
event:3799,particle:3799:0,event_has_top_particle,,,,,1,4.9342827796936035,,,
event:3799,particle:3799:1,event_has_top_particle,,,,,2,3.0515003204345703,,,
event:3799,particle:3799:2,event_has_top_particle,,,,,3,2.889176368713379,,,
event:3799,particle:3799:10,event_has_top_particle,,,,,4,2.808462619781494,,,
event:3799,particle:3799:17,event_has_top_particle,,,,,5,2.7951202392578125,,,
event:3799,particle:3799:19,event_has_top_particle,,,,,6,2.764011859893799,,,
event:3799,particle:3799:18,event_has_top_particle,,,,,7,2.7434606552124023,,,
event:3799,particle:3799:15,event_has_top_particle,,,,,8,2.7298271656036377,,,
event:3799,particle:3799:20,event_has_top_particle,,,,,9,2.655613422393799,,,
event:3799,particle:3799:16,event_has_top_particle,,,,,10,2.649660348892212,,,
event:3799,particle:3799:3,event_has_top_particle,,,,,11,2.4868130683898926,,,
event:3799,particle:3799:4,event_has_top_particle,,,,,12,2.419605255126953,,,
event:3799,particle:3799:9,event_has_top_particle,,,,,13,2.3411855697631836,,,
event:3799,particle:3799:6,event_has_top_particle,,,,,14,2.3267204761505127,,,
event:3799,particle:3799:14,event_has_top_particle,,,,,15,2.2779653072357178,,,
event:3799,particle:3799:5,event_has_top_particle,,,,,16,2.2488794326782227,,,
event:3806,particle:3806:0,event_has_top_particle,,,,,1,4.932669639587402,,,
event:3806,particle:3806:13,event_has_top_particle,,,,,2,2.9604005813598633,,,
event:3806,particle:3806:16,event_has_top_particle,,,,,3,2.431966543197632,,,
event:3806,particle:3806:1,event_has_top_particle,,,,,4,2.429623603820801,,,
event:3806,particle:3806:20,event_has_top_particle,,,,,5,2.296999216079712,,,
event:3806,particle:3806:7,event_has_top_particle,,,,,6,2.2273173332214355,,,
event:3806,particle:3806:19,event_has_top_particle,,,,,7,2.20268177986145,,,
event:3806,particle:3806:15,event_has_top_particle,,,,,8,2.197445869445801,,,
event:3806,particle:3806:18,event_has_top_particle,,,,,9,2.1725265979766846,,,
event:3806,particle:3806:6,event_has_top_particle,,,,,10,2.164180278778076,,,
event:3806,particle:3806:5,event_has_top_particle,,,,,11,2.142777681350708,,,
event:3806,particle:3806:4,event_has_top_particle,,,,,12,2.124626398086548,,,
event:3806,particle:3806:17,event_has_top_particle,,,,,13,2.1208579540252686,,,
event:3806,particle:3806:9,event_has_top_particle,,,,,14,2.1032538414001465,,,
event:3806,particle:3806:2,event_has_top_particle,,,,,15,2.085136651992798,,,
event:3806,particle:3806:12,event_has_top_particle,,,,,16,2.0750088691711426,,,
event:3822,particle:3822:0,event_has_top_particle,,,,,1,4.791172504425049,,,
event:3822,particle:3822:26,event_has_top_particle,,,,,2,2.765916347503662,,,
event:3822,particle:3822:2,event_has_top_particle,,,,,3,2.7269108295440674,,,
event:3822,particle:3822:5,event_has_top_particle,,,,,4,2.6938905715942383,,,
event:3822,particle:3822:1,event_has_top_particle,,,,,5,2.6234731674194336,,,
event:3822,particle:3822:24,event_has_top_particle,,,,,6,2.606515407562256,,,
event:3822,particle:3822:20,event_has_top_particle,,,,,7,2.5778141021728516,,,
event:3822,particle:3822:25,event_has_top_particle,,,,,8,2.535215139389038,,,
event:3822,particle:3822:11,event_has_top_particle,,,,,9,2.4411349296569824,,,
event:3822,particle:3822:18,event_has_top_particle,,,,,10,2.354166030883789,,,
event:3822,particle:3822:23,event_has_top_particle,,,,,11,2.3492510318756104,,,
event:3822,particle:3822:3,event_has_top_particle,,,,,12,2.336388349533081,,,
event:3822,particle:3822:6,event_has_top_particle,,,,,13,2.3346431255340576,,,
event:3822,particle:3822:22,event_has_top_particle,,,,,14,2.329078197479248,,,
event:3822,particle:3822:9,event_has_top_particle,,,,,15,2.2861387729644775,,,
event:3822,particle:3822:4,event_has_top_particle,,,,,16,2.2854630947113037,,,
event:3831,particle:3831:0,event_has_top_particle,,,,,1,4.807035446166992,,,
event:3831,particle:3831:27,event_has_top_particle,,,,,2,2.8615260124206543,,,
event:3831,particle:3831:26,event_has_top_particle,,,,,3,2.7928342819213867,,,
event:3831,particle:3831:18,event_has_top_particle,,,,,4,2.698124408721924,,,
event:3831,particle:3831:30,event_has_top_particle,,,,,5,2.4772000312805176,,,
event:3831,particle:3831:32,event_has_top_particle,,,,,6,2.3860692977905273,,,
event:3831,particle:3831:31,event_has_top_particle,,,,,7,2.3605899810791016,,,
event:3831,particle:3831:23,event_has_top_particle,,,,,8,2.3510258197784424,,,
event:3831,particle:3831:28,event_has_top_particle,,,,,9,2.303457736968994,,,
event:3831,particle:3831:25,event_has_top_particle,,,,,10,2.226959228515625,,,
event:3831,particle:3831:21,event_has_top_particle,,,,,11,2.221893072128296,,,
event:3831,particle:3831:8,event_has_top_particle,,,,,12,2.2011585235595703,,,
event:3831,particle:3831:29,event_has_top_particle,,,,,13,2.181118965148926,,,
event:3831,particle:3831:7,event_has_top_particle,,,,,14,2.148881435394287,,,
event:3831,particle:3831:17,event_has_top_particle,,,,,15,2.1086883544921875,,,
event:3831,particle:3831:14,event_has_top_particle,,,,,16,2.100163698196411,,,
event:3833,particle:3833:0,event_has_top_particle,,,,,1,4.800318241119385,,,
event:3833,particle:3833:27,event_has_top_particle,,,,,2,2.8610117435455322,,,
event:3833,particle:3833:30,event_has_top_particle,,,,,3,2.7446022033691406,,,
event:3833,particle:3833:2,event_has_top_particle,,,,,4,2.5939154624938965,,,
event:3833,particle:3833:4,event_has_top_particle,,,,,5,2.5631017684936523,,,
event:3833,particle:3833:11,event_has_top_particle,,,,,6,2.4891977310180664,,,
event:3833,particle:3833:17,event_has_top_particle,,,,,7,2.437811851501465,,,
event:3833,particle:3833:3,event_has_top_particle,,,,,8,2.4076406955718994,,,
event:3833,particle:3833:29,event_has_top_particle,,,,,9,2.3692002296447754,,,
event:3833,particle:3833:8,event_has_top_particle,,,,,10,2.3594985008239746,,,
event:3833,particle:3833:25,event_has_top_particle,,,,,11,2.314763307571411,,,
event:3833,particle:3833:28,event_has_top_particle,,,,,12,2.313981056213379,,,
event:3833,particle:3833:7,event_has_top_particle,,,,,13,2.2873239517211914,,,
event:3833,particle:3833:16,event_has_top_particle,,,,,14,2.278743028640747,,,
event:3833,particle:3833:21,event_has_top_particle,,,,,15,2.2740302085876465,,,
event:3833,particle:3833:5,event_has_top_particle,,,,,16,2.269069194793701,,,
event:3839,particle:3839:0,event_has_top_particle,,,,,1,4.815083026885986,,,
event:3839,particle:3839:12,event_has_top_particle,,,,,2,3.1356327533721924,,,
event:3839,particle:3839:1,event_has_top_particle,,,,,3,2.8326289653778076,,,
event:3839,particle:3839:9,event_has_top_particle,,,,,4,2.678947687149048,,,
event:3839,particle:3839:2,event_has_top_particle,,,,,5,2.6683404445648193,,,
event:3839,particle:3839:30,event_has_top_particle,,,,,6,2.5981717109680176,,,
event:3839,particle:3839:3,event_has_top_particle,,,,,7,2.4892430305480957,,,
event:3839,particle:3839:31,event_has_top_particle,,,,,8,2.3604283332824707,,,
event:3839,particle:3839:32,event_has_top_particle,,,,,9,2.3534021377563477,,,
event:3839,particle:3839:14,event_has_top_particle,,,,,10,2.345698118209839,,,
event:3839,particle:3839:27,event_has_top_particle,,,,,11,2.2464449405670166,,,
event:3839,particle:3839:33,event_has_top_particle,,,,,12,2.209691047668457,,,
event:3839,particle:3839:24,event_has_top_particle,,,,,13,2.1949498653411865,,,
event:3839,particle:3839:22,event_has_top_particle,,,,,14,2.1840176582336426,,,
event:3839,particle:3839:28,event_has_top_particle,,,,,15,2.1766669750213623,,,
event:3839,particle:3839:23,event_has_top_particle,,,,,16,2.1445577144622803,,,
event:3865,particle:3865:0,event_has_top_particle,,,,,1,4.948277950286865,,,
event:3865,particle:3865:14,event_has_top_particle,,,,,2,2.7325069904327393,,,
event:3865,particle:3865:8,event_has_top_particle,,,,,3,2.492359161376953,,,
event:3865,particle:3865:15,event_has_top_particle,,,,,4,2.4707601070404053,,,
event:3865,particle:3865:16,event_has_top_particle,,,,,5,2.4365317821502686,,,
event:3865,particle:3865:10,event_has_top_particle,,,,,6,2.4189205169677734,,,
event:3865,particle:3865:11,event_has_top_particle,,,,,7,2.3915629386901855,,,
event:3865,particle:3865:4,event_has_top_particle,,,,,8,2.3257129192352295,,,
event:3865,particle:3865:12,event_has_top_particle,,,,,9,2.2588648796081543,,,
event:3865,particle:3865:1,event_has_top_particle,,,,,10,2.2026379108428955,,,
event:3865,particle:3865:13,event_has_top_particle,,,,,11,2.1552581787109375,,,
event:3865,particle:3865:7,event_has_top_particle,,,,,12,1.9936437606811523,,,
event:3865,particle:3865:2,event_has_top_particle,,,,,13,1.9825689792633057,,,
event:3865,particle:3865:9,event_has_top_particle,,,,,14,1.9393495321273804,,,
event:3865,particle:3865:6,event_has_top_particle,,,,,15,1.9258297681808472,,,
event:3865,particle:3865:5,event_has_top_particle,,,,,16,1.908056616783142,,,
event:3882,particle:3882:0,event_has_top_particle,,,,,1,4.820165634155273,,,
event:3882,particle:3882:37,event_has_top_particle,,,,,2,3.0288376808166504,,,
event:3882,particle:3882:35,event_has_top_particle,,,,,3,2.9966766834259033,,,
event:3882,particle:3882:45,event_has_top_particle,,,,,4,2.747545003890991,,,
event:3882,particle:3882:16,event_has_top_particle,,,,,5,2.688488721847534,,,
event:3882,particle:3882:33,event_has_top_particle,,,,,6,2.682732582092285,,,
event:3882,particle:3882:7,event_has_top_particle,,,,,7,2.6766297817230225,,,
event:3882,particle:3882:39,event_has_top_particle,,,,,8,2.6634297370910645,,,
event:3882,particle:3882:44,event_has_top_particle,,,,,9,2.638861656188965,,,
event:3882,particle:3882:43,event_has_top_particle,,,,,10,2.611130952835083,,,
event:3882,particle:3882:36,event_has_top_particle,,,,,11,2.581242799758911,,,
event:3882,particle:3882:15,event_has_top_particle,,,,,12,2.5534842014312744,,,
event:3882,particle:3882:40,event_has_top_particle,,,,,13,2.551109790802002,,,
event:3882,particle:3882:2,event_has_top_particle,,,,,14,2.531802177429199,,,
event:3882,particle:3882:17,event_has_top_particle,,,,,15,2.5274105072021484,,,
event:3882,particle:3882:6,event_has_top_particle,,,,,16,2.5249667167663574,,,
event:3907,particle:3907:0,event_has_top_particle,,,,,1,4.753776550292969,,,
event:3907,particle:3907:16,event_has_top_particle,,,,,2,3.1321446895599365,,,
event:3907,particle:3907:17,event_has_top_particle,,,,,3,2.921847343444824,,,
event:3907,particle:3907:3,event_has_top_particle,,,,,4,2.7661707401275635,,,
event:3907,particle:3907:8,event_has_top_particle,,,,,5,2.7011287212371826,,,
event:3907,particle:3907:19,event_has_top_particle,,,,,6,2.562974214553833,,,
event:3907,particle:3907:18,event_has_top_particle,,,,,7,2.502420425415039,,,
event:3907,particle:3907:5,event_has_top_particle,,,,,8,2.4931480884552,,,
event:3907,particle:3907:10,event_has_top_particle,,,,,9,2.481484889984131,,,
event:3907,particle:3907:9,event_has_top_particle,,,,,10,2.4251623153686523,,,
event:3907,particle:3907:1,event_has_top_particle,,,,,11,2.3722856044769287,,,
event:3907,particle:3907:21,event_has_top_particle,,,,,12,2.319397449493408,,,
event:3907,particle:3907:23,event_has_top_particle,,,,,13,2.3143374919891357,,,
event:3907,particle:3907:11,event_has_top_particle,,,,,14,2.280724287033081,,,
event:3907,particle:3907:13,event_has_top_particle,,,,,15,2.2703239917755127,,,
event:3907,particle:3907:6,event_has_top_particle,,,,,16,2.2453503608703613,,,
event:3910,particle:3910:0,event_has_top_particle,,,,,1,4.821401119232178,,,
event:3910,particle:3910:13,event_has_top_particle,,,,,2,2.612320899963379,,,
event:3910,particle:3910:19,event_has_top_particle,,,,,3,2.578481435775757,,,
event:3910,particle:3910:24,event_has_top_particle,,,,,4,2.5561983585357666,,,
event:3910,particle:3910:9,event_has_top_particle,,,,,5,2.525607109069824,,,
event:3910,particle:3910:20,event_has_top_particle,,,,,6,2.3766961097717285,,,
event:3910,particle:3910:16,event_has_top_particle,,,,,7,2.3595595359802246,,,
event:3910,particle:3910:17,event_has_top_particle,,,,,8,2.2658231258392334,,,
event:3910,particle:3910:6,event_has_top_particle,,,,,9,2.255406618118286,,,
event:3910,particle:3910:7,event_has_top_particle,,,,,10,2.22711181640625,,,
event:3910,particle:3910:10,event_has_top_particle,,,,,11,2.206347942352295,,,
event:3910,particle:3910:11,event_has_top_particle,,,,,12,2.16255259513855,,,
event:3910,particle:3910:3,event_has_top_particle,,,,,13,2.153475761413574,,,
event:3910,particle:3910:18,event_has_top_particle,,,,,14,2.1523396968841553,,,
event:3910,particle:3910:22,event_has_top_particle,,,,,15,2.1434357166290283,,,
event:3910,particle:3910:2,event_has_top_particle,,,,,16,2.1066274642944336,,,
event:3927,particle:3927:0,event_has_top_particle,,,,,1,4.87052583694458,,,
event:3927,particle:3927:11,event_has_top_particle,,,,,2,3.5716311931610107,,,
event:3927,particle:3927:16,event_has_top_particle,,,,,3,2.6934845447540283,,,
event:3927,particle:3927:12,event_has_top_particle,,,,,4,2.669130325317383,,,
event:3927,particle:3927:13,event_has_top_particle,,,,,5,2.4842915534973145,,,
event:3927,particle:3927:9,event_has_top_particle,,,,,6,2.390659809112549,,,
event:3927,particle:3927:20,event_has_top_particle,,,,,7,2.345998764038086,,,
event:3927,particle:3927:19,event_has_top_particle,,,,,8,2.2804391384124756,,,
event:3927,particle:3927:18,event_has_top_particle,,,,,9,2.269599437713623,,,
event:3927,particle:3927:17,event_has_top_particle,,,,,10,2.225287675857544,,,
event:3927,particle:3927:3,event_has_top_particle,,,,,11,2.101752281188965,,,
event:3927,particle:3927:1,event_has_top_particle,,,,,12,2.0744986534118652,,,
event:3927,particle:3927:5,event_has_top_particle,,,,,13,2.0219106674194336,,,
event:3927,particle:3927:14,event_has_top_particle,,,,,14,2.0218162536621094,,,
event:3927,particle:3927:8,event_has_top_particle,,,,,15,2.008471965789795,,,
event:3927,particle:3927:4,event_has_top_particle,,,,,16,1.973530650138855,,,
event:3931,particle:3931:0,event_has_top_particle,,,,,1,5.086535930633545,,,
event:3931,particle:3931:1,event_has_top_particle,,,,,2,3.0729329586029053,,,
event:3931,particle:3931:18,event_has_top_particle,,,,,3,2.7744743824005127,,,
event:3931,particle:3931:17,event_has_top_particle,,,,,4,2.4967730045318604,,,
event:3931,particle:3931:8,event_has_top_particle,,,,,5,2.457735300064087,,,
event:3931,particle:3931:15,event_has_top_particle,,,,,6,2.390958070755005,,,
event:3931,particle:3931:21,event_has_top_particle,,,,,7,2.3173046112060547,,,
event:3931,particle:3931:22,event_has_top_particle,,,,,8,2.253227710723877,,,
event:3931,particle:3931:2,event_has_top_particle,,,,,9,2.2202045917510986,,,
event:3931,particle:3931:20,event_has_top_particle,,,,,10,2.1896464824676514,,,
event:3931,particle:3931:11,event_has_top_particle,,,,,11,2.186295509338379,,,
event:3931,particle:3931:19,event_has_top_particle,,,,,12,2.16862154006958,,,
event:3931,particle:3931:12,event_has_top_particle,,,,,13,2.1037793159484863,,,
event:3931,particle:3931:3,event_has_top_particle,,,,,14,2.0630602836608887,,,
event:3931,particle:3931:6,event_has_top_particle,,,,,15,2.049058198928833,,,
event:3931,particle:3931:14,event_has_top_particle,,,,,16,2.0158989429473877,,,
event:3938,particle:3938:0,event_has_top_particle,,,,,1,4.889350891113281,,,
event:3938,particle:3938:13,event_has_top_particle,,,,,2,2.7274909019470215,,,
event:3938,particle:3938:12,event_has_top_particle,,,,,3,2.6736156940460205,,,
event:3938,particle:3938:16,event_has_top_particle,,,,,4,2.5085437297821045,,,
event:3938,particle:3938:21,event_has_top_particle,,,,,5,2.5026347637176514,,,
event:3938,particle:3938:15,event_has_top_particle,,,,,6,2.444223165512085,,,
event:3938,particle:3938:7,event_has_top_particle,,,,,7,2.38278865814209,,,
event:3938,particle:3938:1,event_has_top_particle,,,,,8,2.3308608531951904,,,
event:3938,particle:3938:17,event_has_top_particle,,,,,9,2.2693803310394287,,,
event:3938,particle:3938:14,event_has_top_particle,,,,,10,2.265374183654785,,,
event:3938,particle:3938:10,event_has_top_particle,,,,,11,2.2451415061950684,,,
event:3938,particle:3938:19,event_has_top_particle,,,,,12,2.226668119430542,,,
event:3938,particle:3938:11,event_has_top_particle,,,,,13,2.1582024097442627,,,
event:3938,particle:3938:18,event_has_top_particle,,,,,14,2.12827730178833,,,
event:3938,particle:3938:9,event_has_top_particle,,,,,15,2.122706174850464,,,
event:3938,particle:3938:20,event_has_top_particle,,,,,16,1.9986498355865479,,,
event:3941,particle:3941:0,event_has_top_particle,,,,,1,4.929831027984619,,,
event:3941,particle:3941:10,event_has_top_particle,,,,,2,2.51694655418396,,,
event:3941,particle:3941:19,event_has_top_particle,,,,,3,2.512418746948242,,,
event:3941,particle:3941:9,event_has_top_particle,,,,,4,2.4754247665405273,,,
event:3941,particle:3941:7,event_has_top_particle,,,,,5,2.433518886566162,,,
event:3941,particle:3941:25,event_has_top_particle,,,,,6,2.4274919033050537,,,
event:3941,particle:3941:11,event_has_top_particle,,,,,7,2.373556137084961,,,
event:3941,particle:3941:24,event_has_top_particle,,,,,8,2.309314489364624,,,
event:3941,particle:3941:14,event_has_top_particle,,,,,9,2.2387964725494385,,,
event:3941,particle:3941:15,event_has_top_particle,,,,,10,2.212747097015381,,,
event:3941,particle:3941:8,event_has_top_particle,,,,,11,2.1993367671966553,,,
event:3941,particle:3941:5,event_has_top_particle,,,,,12,2.1844472885131836,,,
event:3941,particle:3941:26,event_has_top_particle,,,,,13,2.14577317237854,,,
event:3941,particle:3941:23,event_has_top_particle,,,,,14,2.140030860900879,,,
event:3941,particle:3941:2,event_has_top_particle,,,,,15,2.0395517349243164,,,
event:3941,particle:3941:1,event_has_top_particle,,,,,16,2.0393552780151367,,,
event:3957,particle:3957:0,event_has_top_particle,,,,,1,4.778062343597412,,,
event:3957,particle:3957:1,event_has_top_particle,,,,,2,2.843310832977295,,,
event:3957,particle:3957:20,event_has_top_particle,,,,,3,2.6790971755981445,,,
event:3957,particle:3957:26,event_has_top_particle,,,,,4,2.668294668197632,,,
event:3957,particle:3957:3,event_has_top_particle,,,,,5,2.6214184761047363,,,
event:3957,particle:3957:4,event_has_top_particle,,,,,6,2.574857711791992,,,
event:3957,particle:3957:2,event_has_top_particle,,,,,7,2.5228593349456787,,,
event:3957,particle:3957:23,event_has_top_particle,,,,,8,2.5121142864227295,,,
event:3957,particle:3957:8,event_has_top_particle,,,,,9,2.500399351119995,,,
event:3957,particle:3957:28,event_has_top_particle,,,,,10,2.4873225688934326,,,
event:3957,particle:3957:21,event_has_top_particle,,,,,11,2.4685232639312744,,,
event:3957,particle:3957:24,event_has_top_particle,,,,,12,2.4462544918060303,,,
event:3957,particle:3957:9,event_has_top_particle,,,,,13,2.445298194885254,,,
event:3957,particle:3957:14,event_has_top_particle,,,,,14,2.4356493949890137,,,
event:3957,particle:3957:25,event_has_top_particle,,,,,15,2.4215574264526367,,,
event:3957,particle:3957:22,event_has_top_particle,,,,,16,2.413006544113159,,,
event:3961,particle:3961:0,event_has_top_particle,,,,,1,4.8925395011901855,,,
event:3961,particle:3961:12,event_has_top_particle,,,,,2,2.6467947959899902,,,
event:3961,particle:3961:8,event_has_top_particle,,,,,3,2.4469079971313477,,,
event:3961,particle:3961:4,event_has_top_particle,,,,,4,2.4293510913848877,,,
event:3961,particle:3961:14,event_has_top_particle,,,,,5,2.3877475261688232,,,
event:3961,particle:3961:5,event_has_top_particle,,,,,6,2.3096923828125,,,
event:3961,particle:3961:17,event_has_top_particle,,,,,7,2.3072071075439453,,,
event:3961,particle:3961:16,event_has_top_particle,,,,,8,2.2581958770751953,,,
event:3961,particle:3961:15,event_has_top_particle,,,,,9,2.2440295219421387,,,
event:3961,particle:3961:13,event_has_top_particle,,,,,10,2.2408065795898438,,,
event:3961,particle:3961:11,event_has_top_particle,,,,,11,2.1459083557128906,,,
event:3961,particle:3961:1,event_has_top_particle,,,,,12,2.058439254760742,,,
event:3961,particle:3961:9,event_has_top_particle,,,,,13,2.051238536834717,,,
event:3961,particle:3961:10,event_has_top_particle,,,,,14,2.0222644805908203,,,
event:3961,particle:3961:2,event_has_top_particle,,,,,15,1.9781911373138428,,,
event:3961,particle:3961:6,event_has_top_particle,,,,,16,1.903003215789795,,,
event:3969,particle:3969:0,event_has_top_particle,,,,,1,4.944116592407227,,,
event:3969,particle:3969:17,event_has_top_particle,,,,,2,2.775451421737671,,,
event:3969,particle:3969:11,event_has_top_particle,,,,,3,2.45418643951416,,,
event:3969,particle:3969:15,event_has_top_particle,,,,,4,2.4391863346099854,,,
event:3969,particle:3969:18,event_has_top_particle,,,,,5,2.4144961833953857,,,
event:3969,particle:3969:14,event_has_top_particle,,,,,6,2.375476121902466,,,
event:3969,particle:3969:1,event_has_top_particle,,,,,7,2.189182758331299,,,
event:3969,particle:3969:19,event_has_top_particle,,,,,8,2.1775991916656494,,,
event:3969,particle:3969:10,event_has_top_particle,,,,,9,2.172638416290283,,,
event:3969,particle:3969:2,event_has_top_particle,,,,,10,2.160122871398926,,,
event:3969,particle:3969:13,event_has_top_particle,,,,,11,2.113900661468506,,,
event:3969,particle:3969:5,event_has_top_particle,,,,,12,2.113152027130127,,,
event:3969,particle:3969:12,event_has_top_particle,,,,,13,2.029369592666626,,,
event:3969,particle:3969:7,event_has_top_particle,,,,,14,2.012009859085083,,,
event:3969,particle:3969:16,event_has_top_particle,,,,,15,1.9826949834823608,,,
event:3969,particle:3969:9,event_has_top_particle,,,,,16,1.9305630922317505,,,
event:3970,particle:3970:0,event_has_top_particle,,,,,1,4.836788177490234,,,
event:3970,particle:3970:23,event_has_top_particle,,,,,2,2.7865772247314453,,,
event:3970,particle:3970:9,event_has_top_particle,,,,,3,2.719114065170288,,,
event:3970,particle:3970:12,event_has_top_particle,,,,,4,2.6953818798065186,,,
event:3970,particle:3970:10,event_has_top_particle,,,,,5,2.6893234252929688,,,
event:3970,particle:3970:15,event_has_top_particle,,,,,6,2.6136255264282227,,,
event:3970,particle:3970:13,event_has_top_particle,,,,,7,2.4241883754730225,,,
event:3970,particle:3970:27,event_has_top_particle,,,,,8,2.2401692867279053,,,
event:3970,particle:3970:24,event_has_top_particle,,,,,9,2.205430746078491,,,
event:3970,particle:3970:3,event_has_top_particle,,,,,10,2.2039105892181396,,,
event:3970,particle:3970:26,event_has_top_particle,,,,,11,2.2024550437927246,,,
event:3970,particle:3970:2,event_has_top_particle,,,,,12,2.2012135982513428,,,
event:3970,particle:3970:29,event_has_top_particle,,,,,13,2.186868667602539,,,
event:3970,particle:3970:19,event_has_top_particle,,,,,14,2.148684501647949,,,
event:3970,particle:3970:17,event_has_top_particle,,,,,15,2.1451876163482666,,,
event:3970,particle:3970:1,event_has_top_particle,,,,,16,2.1300272941589355,,,
event:3990,particle:3990:0,event_has_top_particle,,,,,1,4.748533248901367,,,
event:3990,particle:3990:1,event_has_top_particle,,,,,2,3.0806283950805664,,,
event:3990,particle:3990:2,event_has_top_particle,,,,,3,2.97904896736145,,,
event:3990,particle:3990:35,event_has_top_particle,,,,,4,2.9699158668518066,,,
event:3990,particle:3990:6,event_has_top_particle,,,,,5,2.9657535552978516,,,
event:3990,particle:3990:17,event_has_top_particle,,,,,6,2.7894856929779053,,,
event:3990,particle:3990:32,event_has_top_particle,,,,,7,2.788641929626465,,,
event:3990,particle:3990:4,event_has_top_particle,,,,,8,2.772148370742798,,,
event:3990,particle:3990:23,event_has_top_particle,,,,,9,2.7452661991119385,,,
event:3990,particle:3990:3,event_has_top_particle,,,,,10,2.7126657962799072,,,
event:3990,particle:3990:13,event_has_top_particle,,,,,11,2.704545736312866,,,
event:3990,particle:3990:36,event_has_top_particle,,,,,12,2.670307159423828,,,
event:3990,particle:3990:5,event_has_top_particle,,,,,13,2.6366143226623535,,,
event:3990,particle:3990:14,event_has_top_particle,,,,,14,2.582583427429199,,,
event:3990,particle:3990:12,event_has_top_particle,,,,,15,2.573232650756836,,,
event:3990,particle:3990:26,event_has_top_particle,,,,,16,2.5485126972198486,,,
event:3996,particle:3996:0,event_has_top_particle,,,,,1,4.809891700744629,,,
event:3996,particle:3996:2,event_has_top_particle,,,,,2,3.1687724590301514,,,
event:3996,particle:3996:1,event_has_top_particle,,,,,3,2.9236512184143066,,,
event:3996,particle:3996:7,event_has_top_particle,,,,,4,2.9149227142333984,,,
event:3996,particle:3996:3,event_has_top_particle,,,,,5,2.9124879837036133,,,
event:3996,particle:3996:16,event_has_top_particle,,,,,6,2.9104514122009277,,,
event:3996,particle:3996:4,event_has_top_particle,,,,,7,2.7952003479003906,,,
event:3996,particle:3996:19,event_has_top_particle,,,,,8,2.776299238204956,,,
event:3996,particle:3996:13,event_has_top_particle,,,,,9,2.6078898906707764,,,
event:3996,particle:3996:15,event_has_top_particle,,,,,10,2.60490083694458,,,
event:3996,particle:3996:20,event_has_top_particle,,,,,11,2.5268502235412598,,,
event:3996,particle:3996:9,event_has_top_particle,,,,,12,2.4731173515319824,,,
event:3996,particle:3996:8,event_has_top_particle,,,,,13,2.447359085083008,,,
event:3996,particle:3996:10,event_has_top_particle,,,,,14,2.388599157333374,,,
event:3996,particle:3996:14,event_has_top_particle,,,,,15,2.292207717895508,,,
event:3996,particle:3996:5,event_has_top_particle,,,,,16,2.227457284927368,,,
event:4004,particle:4004:0,event_has_top_particle,,,,,1,4.770216464996338,,,
event:4004,particle:4004:16,event_has_top_particle,,,,,2,2.915910005569458,,,
event:4004,particle:4004:15,event_has_top_particle,,,,,3,2.5421853065490723,,,
event:4004,particle:4004:7,event_has_top_particle,,,,,4,2.5288870334625244,,,
event:4004,particle:4004:5,event_has_top_particle,,,,,5,2.4525716304779053,,,
event:4004,particle:4004:9,event_has_top_particle,,,,,6,2.3119335174560547,,,
event:4004,particle:4004:14,event_has_top_particle,,,,,7,2.2327046394348145,,,
event:4004,particle:4004:2,event_has_top_particle,,,,,8,2.1243505477905273,,,
event:4004,particle:4004:1,event_has_top_particle,,,,,9,2.0906550884246826,,,
event:4004,particle:4004:6,event_has_top_particle,,,,,10,2.0803537368774414,,,
event:4004,particle:4004:13,event_has_top_particle,,,,,11,2.0460076332092285,,,
event:4004,particle:4004:10,event_has_top_particle,,,,,12,2.0351102352142334,,,
event:4004,particle:4004:8,event_has_top_particle,,,,,13,1.9953842163085938,,,
event:4004,particle:4004:12,event_has_top_particle,,,,,14,1.990092396736145,,,
event:4004,particle:4004:11,event_has_top_particle,,,,,15,1.9305698871612549,,,
event:4004,particle:4004:3,event_has_top_particle,,,,,16,1.8093063831329346,,,
event:4008,particle:4008:0,event_has_top_particle,,,,,1,4.84495210647583,,,
event:4008,particle:4008:4,event_has_top_particle,,,,,2,2.83201265335083,,,
event:4008,particle:4008:24,event_has_top_particle,,,,,3,2.7914352416992188,,,
event:4008,particle:4008:10,event_has_top_particle,,,,,4,2.785181999206543,,,
event:4008,particle:4008:7,event_has_top_particle,,,,,5,2.7554595470428467,,,
event:4008,particle:4008:17,event_has_top_particle,,,,,6,2.7547497749328613,,,
event:4008,particle:4008:11,event_has_top_particle,,,,,7,2.5178723335266113,,,
event:4008,particle:4008:16,event_has_top_particle,,,,,8,2.4530656337738037,,,
event:4008,particle:4008:22,event_has_top_particle,,,,,9,2.4288737773895264,,,
event:4008,particle:4008:23,event_has_top_particle,,,,,10,2.4193274974823,,,
event:4008,particle:4008:21,event_has_top_particle,,,,,11,2.3791253566741943,,,
event:4008,particle:4008:19,event_has_top_particle,,,,,12,2.276677131652832,,,
event:4008,particle:4008:15,event_has_top_particle,,,,,13,2.2081351280212402,,,
event:4008,particle:4008:18,event_has_top_particle,,,,,14,2.1605844497680664,,,
event:4008,particle:4008:12,event_has_top_particle,,,,,15,2.136047840118408,,,
event:4008,particle:4008:14,event_has_top_particle,,,,,16,2.1296544075012207,,,
event:4028,particle:4028:0,event_has_top_particle,,,,,1,4.830124855041504,,,
event:4028,particle:4028:2,event_has_top_particle,,,,,2,3.2727108001708984,,,
event:4028,particle:4028:1,event_has_top_particle,,,,,3,3.213263511657715,,,
event:4028,particle:4028:18,event_has_top_particle,,,,,4,2.994992256164551,,,
event:4028,particle:4028:17,event_has_top_particle,,,,,5,2.843994379043579,,,
event:4028,particle:4028:19,event_has_top_particle,,,,,6,2.800092935562134,,,
event:4028,particle:4028:12,event_has_top_particle,,,,,7,2.696711540222168,,,
event:4028,particle:4028:4,event_has_top_particle,,,,,8,2.6847643852233887,,,
event:4028,particle:4028:8,event_has_top_particle,,,,,9,2.610060453414917,,,
event:4028,particle:4028:11,event_has_top_particle,,,,,10,2.6091408729553223,,,
event:4028,particle:4028:7,event_has_top_particle,,,,,11,2.535924196243286,,,
event:4028,particle:4028:3,event_has_top_particle,,,,,12,2.5196125507354736,,,
event:4028,particle:4028:5,event_has_top_particle,,,,,13,2.5034074783325195,,,
event:4028,particle:4028:10,event_has_top_particle,,,,,14,2.494999408721924,,,
event:4028,particle:4028:6,event_has_top_particle,,,,,15,2.437512159347534,,,
event:4028,particle:4028:16,event_has_top_particle,,,,,16,2.3955836296081543,,,
event:4057,particle:4057:0,event_has_top_particle,,,,,1,4.767242431640625,,,
event:4057,particle:4057:13,event_has_top_particle,,,,,2,2.815690279006958,,,
event:4057,particle:4057:14,event_has_top_particle,,,,,3,2.660303831100464,,,
event:4057,particle:4057:1,event_has_top_particle,,,,,4,2.6343865394592285,,,
event:4057,particle:4057:10,event_has_top_particle,,,,,5,2.5827274322509766,,,
event:4057,particle:4057:8,event_has_top_particle,,,,,6,2.5116899013519287,,,
event:4057,particle:4057:9,event_has_top_particle,,,,,7,2.4962823390960693,,,
event:4057,particle:4057:7,event_has_top_particle,,,,,8,2.4835784435272217,,,
event:4057,particle:4057:6,event_has_top_particle,,,,,9,2.476362466812134,,,
event:4057,particle:4057:2,event_has_top_particle,,,,,10,2.454087734222412,,,
event:4057,particle:4057:3,event_has_top_particle,,,,,11,2.42146635055542,,,
event:4057,particle:4057:4,event_has_top_particle,,,,,12,2.419632911682129,,,
event:4057,particle:4057:11,event_has_top_particle,,,,,13,2.3983852863311768,,,
event:4057,particle:4057:5,event_has_top_particle,,,,,14,2.346412420272827,,,
event:4057,particle:4057:12,event_has_top_particle,,,,,15,2.314434766769409,,,
event:4063,particle:4063:0,event_has_top_particle,,,,,1,4.987092018127441,,,
event:4063,particle:4063:46,event_has_top_particle,,,,,2,3.338574171066284,,,
event:4063,particle:4063:45,event_has_top_particle,,,,,3,3.0642852783203125,,,
event:4063,particle:4063:3,event_has_top_particle,,,,,4,2.8693885803222656,,,
event:4063,particle:4063:34,event_has_top_particle,,,,,5,2.8540163040161133,,,
event:4063,particle:4063:37,event_has_top_particle,,,,,6,2.845449209213257,,,
event:4063,particle:4063:1,event_has_top_particle,,,,,7,2.8411998748779297,,,
event:4063,particle:4063:26,event_has_top_particle,,,,,8,2.8136215209960938,,,
event:4063,particle:4063:20,event_has_top_particle,,,,,9,2.7931790351867676,,,
event:4063,particle:4063:31,event_has_top_particle,,,,,10,2.780952215194702,,,
event:4063,particle:4063:15,event_has_top_particle,,,,,11,2.776618719100952,,,
event:4063,particle:4063:36,event_has_top_particle,,,,,12,2.7728936672210693,,,
event:4063,particle:4063:12,event_has_top_particle,,,,,13,2.71372389793396,,,
event:4063,particle:4063:22,event_has_top_particle,,,,,14,2.709242105484009,,,
event:4063,particle:4063:40,event_has_top_particle,,,,,15,2.6966137886047363,,,
event:4063,particle:4063:23,event_has_top_particle,,,,,16,2.6805999279022217,,,
event:4069,particle:4069:0,event_has_top_particle,,,,,1,4.954601764678955,,,
event:4069,particle:4069:4,event_has_top_particle,,,,,2,2.7241270542144775,,,
event:4069,particle:4069:15,event_has_top_particle,,,,,3,2.618157386779785,,,
event:4069,particle:4069:22,event_has_top_particle,,,,,4,2.543259382247925,,,
event:4069,particle:4069:1,event_has_top_particle,,,,,5,2.4847466945648193,,,
event:4069,particle:4069:2,event_has_top_particle,,,,,6,2.454286813735962,,,
event:4069,particle:4069:3,event_has_top_particle,,,,,7,2.319978952407837,,,
event:4069,particle:4069:23,event_has_top_particle,,,,,8,2.2702367305755615,,,
event:4069,particle:4069:12,event_has_top_particle,,,,,9,2.2601776123046875,,,
event:4069,particle:4069:11,event_has_top_particle,,,,,10,2.2317147254943848,,,
event:4069,particle:4069:9,event_has_top_particle,,,,,11,2.1817169189453125,,,
event:4069,particle:4069:21,event_has_top_particle,,,,,12,2.1636550426483154,,,
event:4069,particle:4069:10,event_has_top_particle,,,,,13,2.123161554336548,,,
event:4069,particle:4069:19,event_has_top_particle,,,,,14,2.111917495727539,,,
event:4069,particle:4069:16,event_has_top_particle,,,,,15,2.0609543323516846,,,
event:4069,particle:4069:14,event_has_top_particle,,,,,16,2.0488946437835693,,,
event:4073,particle:4073:0,event_has_top_particle,,,,,1,5.147113800048828,,,
event:4073,particle:4073:10,event_has_top_particle,,,,,2,2.841825008392334,,,
event:4073,particle:4073:25,event_has_top_particle,,,,,3,2.692291259765625,,,
event:4073,particle:4073:29,event_has_top_particle,,,,,4,2.2647557258605957,,,
event:4073,particle:4073:28,event_has_top_particle,,,,,5,2.264477014541626,,,
event:4073,particle:4073:27,event_has_top_particle,,,,,6,2.2382426261901855,,,
event:4073,particle:4073:18,event_has_top_particle,,,,,7,2.227067470550537,,,
event:4073,particle:4073:8,event_has_top_particle,,,,,8,2.2263333797454834,,,
event:4073,particle:4073:13,event_has_top_particle,,,,,9,2.20334792137146,,,
event:4073,particle:4073:21,event_has_top_particle,,,,,10,2.1492578983306885,,,
event:4073,particle:4073:5,event_has_top_particle,,,,,11,2.145620822906494,,,
event:4073,particle:4073:23,event_has_top_particle,,,,,12,2.1081655025482178,,,
event:4073,particle:4073:24,event_has_top_particle,,,,,13,2.096173048019409,,,
event:4073,particle:4073:9,event_has_top_particle,,,,,14,2.0921027660369873,,,
event:4073,particle:4073:22,event_has_top_particle,,,,,15,2.080791711807251,,,
event:4073,particle:4073:20,event_has_top_particle,,,,,16,2.035801649093628,,,
event:4077,particle:4077:0,event_has_top_particle,,,,,1,4.878639221191406,,,
event:4077,particle:4077:29,event_has_top_particle,,,,,2,3.025052070617676,,,
event:4077,particle:4077:35,event_has_top_particle,,,,,3,3.018904685974121,,,
event:4077,particle:4077:10,event_has_top_particle,,,,,4,2.8961076736450195,,,
event:4077,particle:4077:33,event_has_top_particle,,,,,5,2.8741941452026367,,,
event:4077,particle:4077:1,event_has_top_particle,,,,,6,2.8692378997802734,,,
event:4077,particle:4077:31,event_has_top_particle,,,,,7,2.861682176589966,,,
event:4077,particle:4077:2,event_has_top_particle,,,,,8,2.8347766399383545,,,
event:4077,particle:4077:3,event_has_top_particle,,,,,9,2.707359552383423,,,
event:4077,particle:4077:21,event_has_top_particle,,,,,10,2.6349942684173584,,,
event:4077,particle:4077:28,event_has_top_particle,,,,,11,2.6305902004241943,,,
event:4077,particle:4077:26,event_has_top_particle,,,,,12,2.629539728164673,,,
event:4077,particle:4077:4,event_has_top_particle,,,,,13,2.5786092281341553,,,
event:4077,particle:4077:13,event_has_top_particle,,,,,14,2.5491535663604736,,,
event:4077,particle:4077:15,event_has_top_particle,,,,,15,2.5036239624023438,,,
event:4077,particle:4077:6,event_has_top_particle,,,,,16,2.4424197673797607,,,
event:4080,particle:4080:0,event_has_top_particle,,,,,1,4.877249240875244,,,
event:4080,particle:4080:22,event_has_top_particle,,,,,2,2.805804491043091,,,
event:4080,particle:4080:12,event_has_top_particle,,,,,3,2.427889108657837,,,
event:4080,particle:4080:1,event_has_top_particle,,,,,4,2.370657444000244,,,
event:4080,particle:4080:11,event_has_top_particle,,,,,5,2.35597825050354,,,
event:4080,particle:4080:18,event_has_top_particle,,,,,6,2.344090223312378,,,
event:4080,particle:4080:17,event_has_top_particle,,,,,7,2.3392481803894043,,,
event:4080,particle:4080:14,event_has_top_particle,,,,,8,2.1538712978363037,,,
event:4080,particle:4080:19,event_has_top_particle,,,,,9,2.153026819229126,,,
event:4080,particle:4080:24,event_has_top_particle,,,,,10,2.152958393096924,,,
event:4080,particle:4080:2,event_has_top_particle,,,,,11,2.1445116996765137,,,
event:4080,particle:4080:23,event_has_top_particle,,,,,12,2.1338844299316406,,,
event:4080,particle:4080:16,event_has_top_particle,,,,,13,2.122584819793701,,,
event:4080,particle:4080:3,event_has_top_particle,,,,,14,2.1217031478881836,,,
event:4080,particle:4080:15,event_has_top_particle,,,,,15,2.080071449279785,,,
event:4080,particle:4080:25,event_has_top_particle,,,,,16,2.0785083770751953,,,
event:5121,particle:5121:0,event_has_top_particle,,,,,1,4.988543510437012,,,
event:5121,particle:5121:25,event_has_top_particle,,,,,2,2.7246944904327393,,,
event:5121,particle:5121:1,event_has_top_particle,,,,,3,2.7010226249694824,,,
event:5121,particle:5121:7,event_has_top_particle,,,,,4,2.6547601222991943,,,
event:5121,particle:5121:9,event_has_top_particle,,,,,5,2.6511640548706055,,,
event:5121,particle:5121:8,event_has_top_particle,,,,,6,2.623563766479492,,,
event:5121,particle:5121:26,event_has_top_particle,,,,,7,2.621785879135132,,,
event:5121,particle:5121:24,event_has_top_particle,,,,,8,2.612663745880127,,,
event:5121,particle:5121:22,event_has_top_particle,,,,,9,2.558302402496338,,,
event:5121,particle:5121:18,event_has_top_particle,,,,,10,2.4765498638153076,,,
event:5121,particle:5121:23,event_has_top_particle,,,,,11,2.4563958644866943,,,
event:5121,particle:5121:15,event_has_top_particle,,,,,12,2.4373867511749268,,,
event:5121,particle:5121:17,event_has_top_particle,,,,,13,2.406750202178955,,,
event:5121,particle:5121:20,event_has_top_particle,,,,,14,2.3891255855560303,,,
event:5121,particle:5121:21,event_has_top_particle,,,,,15,2.3765313625335693,,,
event:5121,particle:5121:12,event_has_top_particle,,,,,16,2.3756232261657715,,,
event:5131,particle:5131:0,event_has_top_particle,,,,,1,4.770968914031982,,,
event:5131,particle:5131:9,event_has_top_particle,,,,,2,2.6837003231048584,,,
event:5131,particle:5131:24,event_has_top_particle,,,,,3,2.668876886367798,,,
event:5131,particle:5131:14,event_has_top_particle,,,,,4,2.4985697269439697,,,
event:5131,particle:5131:13,event_has_top_particle,,,,,5,2.473633050918579,,,
event:5131,particle:5131:15,event_has_top_particle,,,,,6,2.4379560947418213,,,
event:5131,particle:5131:26,event_has_top_particle,,,,,7,2.427722930908203,,,
event:5131,particle:5131:17,event_has_top_particle,,,,,8,2.4071359634399414,,,
event:5131,particle:5131:1,event_has_top_particle,,,,,9,2.3507866859436035,,,
event:5131,particle:5131:25,event_has_top_particle,,,,,10,2.313850164413452,,,
event:5131,particle:5131:19,event_has_top_particle,,,,,11,2.293743848800659,,,
event:5131,particle:5131:27,event_has_top_particle,,,,,12,2.282104730606079,,,
event:5131,particle:5131:5,event_has_top_particle,,,,,13,2.276747226715088,,,
event:5131,particle:5131:10,event_has_top_particle,,,,,14,2.238858461380005,,,
event:5131,particle:5131:28,event_has_top_particle,,,,,15,2.2264533042907715,,,
event:5131,particle:5131:29,event_has_top_particle,,,,,16,2.223618268966675,,,
event:5274,particle:5274:0,event_has_top_particle,,,,,1,4.768645763397217,,,
event:5274,particle:5274:23,event_has_top_particle,,,,,2,2.774482011795044,,,
event:5274,particle:5274:31,event_has_top_particle,,,,,3,2.7375028133392334,,,
event:5274,particle:5274:33,event_has_top_particle,,,,,4,2.7323527336120605,,,
event:5274,particle:5274:22,event_has_top_particle,,,,,5,2.662320613861084,,,
event:5274,particle:5274:43,event_has_top_particle,,,,,6,2.6170554161071777,,,
event:5274,particle:5274:44,event_has_top_particle,,,,,7,2.522106647491455,,,
event:5274,particle:5274:39,event_has_top_particle,,,,,8,2.5064072608947754,,,
event:5274,particle:5274:11,event_has_top_particle,,,,,9,2.4632532596588135,,,
event:5274,particle:5274:38,event_has_top_particle,,,,,10,2.430396318435669,,,
event:5274,particle:5274:37,event_has_top_particle,,,,,11,2.3951704502105713,,,
event:5274,particle:5274:1,event_has_top_particle,,,,,12,2.349738121032715,,,
event:5274,particle:5274:36,event_has_top_particle,,,,,13,2.2863850593566895,,,
event:5274,particle:5274:5,event_has_top_particle,,,,,14,2.2861275672912598,,,
event:5274,particle:5274:2,event_has_top_particle,,,,,15,2.2707064151763916,,,
event:5274,particle:5274:28,event_has_top_particle,,,,,16,2.270699977874756,,,
event:5295,particle:5295:0,event_has_top_particle,,,,,1,4.9861674308776855,,,
event:5295,particle:5295:32,event_has_top_particle,,,,,2,2.7869389057159424,,,
event:5295,particle:5295:2,event_has_top_particle,,,,,3,2.6826725006103516,,,
event:5295,particle:5295:33,event_has_top_particle,,,,,4,2.6523122787475586,,,
event:5295,particle:5295:31,event_has_top_particle,,,,,5,2.6473774909973145,,,
event:5295,particle:5295:19,event_has_top_particle,,,,,6,2.5895168781280518,,,
event:5295,particle:5295:30,event_has_top_particle,,,,,7,2.587818145751953,,,
event:5295,particle:5295:23,event_has_top_particle,,,,,8,2.5568735599517822,,,
event:5295,particle:5295:1,event_has_top_particle,,,,,9,2.5304853916168213,,,
event:5295,particle:5295:29,event_has_top_particle,,,,,10,2.528470039367676,,,
event:5295,particle:5295:28,event_has_top_particle,,,,,11,2.4369893074035645,,,
event:5295,particle:5295:21,event_has_top_particle,,,,,12,2.3733248710632324,,,
event:5295,particle:5295:6,event_has_top_particle,,,,,13,2.3665709495544434,,,
event:5295,particle:5295:3,event_has_top_particle,,,,,14,2.3463525772094727,,,
event:5295,particle:5295:18,event_has_top_particle,,,,,15,2.3442275524139404,,,
event:5295,particle:5295:8,event_has_top_particle,,,,,16,2.3335065841674805,,,
event:5315,particle:5315:0,event_has_top_particle,,,,,1,4.782288074493408,,,
event:5315,particle:5315:21,event_has_top_particle,,,,,2,2.8824853897094727,,,
event:5315,particle:5315:4,event_has_top_particle,,,,,3,2.7978804111480713,,,
event:5315,particle:5315:2,event_has_top_particle,,,,,4,2.7919578552246094,,,
event:5315,particle:5315:15,event_has_top_particle,,,,,5,2.746539831161499,,,
event:5315,particle:5315:1,event_has_top_particle,,,,,6,2.7321038246154785,,,
event:5315,particle:5315:3,event_has_top_particle,,,,,7,2.723684787750244,,,
event:5315,particle:5315:19,event_has_top_particle,,,,,8,2.718283176422119,,,
event:5315,particle:5315:20,event_has_top_particle,,,,,9,2.670130968093872,,,
event:5315,particle:5315:18,event_has_top_particle,,,,,10,2.5929760932922363,,,
event:5315,particle:5315:17,event_has_top_particle,,,,,11,2.5849101543426514,,,
event:5315,particle:5315:16,event_has_top_particle,,,,,12,2.570704221725464,,,
event:5315,particle:5315:11,event_has_top_particle,,,,,13,2.487727403640747,,,
event:5315,particle:5315:14,event_has_top_particle,,,,,14,2.4579787254333496,,,
event:5315,particle:5315:12,event_has_top_particle,,,,,15,2.4501991271972656,,,
event:5315,particle:5315:6,event_has_top_particle,,,,,16,2.4486451148986816,,,
event:5423,particle:5423:0,event_has_top_particle,,,,,1,4.7954864501953125,,,
event:5423,particle:5423:11,event_has_top_particle,,,,,2,2.6412901878356934,,,
event:5423,particle:5423:12,event_has_top_particle,,,,,3,2.4605178833007812,,,
event:5423,particle:5423:20,event_has_top_particle,,,,,4,2.417891502380371,,,
event:5423,particle:5423:22,event_has_top_particle,,,,,5,2.3707544803619385,,,
event:5423,particle:5423:17,event_has_top_particle,,,,,6,2.3214478492736816,,,
event:5423,particle:5423:18,event_has_top_particle,,,,,7,2.291365146636963,,,
event:5423,particle:5423:21,event_has_top_particle,,,,,8,2.290391445159912,,,
event:5423,particle:5423:1,event_has_top_particle,,,,,9,2.2649760246276855,,,
event:5423,particle:5423:13,event_has_top_particle,,,,,10,2.2167975902557373,,,
event:5423,particle:5423:15,event_has_top_particle,,,,,11,2.188706874847412,,,
event:5423,particle:5423:6,event_has_top_particle,,,,,12,2.182680130004883,,,
event:5423,particle:5423:19,event_has_top_particle,,,,,13,2.174004077911377,,,
event:5423,particle:5423:16,event_has_top_particle,,,,,14,2.148942232131958,,,
event:5423,particle:5423:10,event_has_top_particle,,,,,15,2.1264233589172363,,,
event:5423,particle:5423:2,event_has_top_particle,,,,,16,2.097357749938965,,,
event:5438,particle:5438:0,event_has_top_particle,,,,,1,4.81794548034668,,,
event:5438,particle:5438:23,event_has_top_particle,,,,,2,2.6072185039520264,,,
event:5438,particle:5438:26,event_has_top_particle,,,,,3,2.602247476577759,,,
event:5438,particle:5438:24,event_has_top_particle,,,,,4,2.513489007949829,,,
event:5438,particle:5438:25,event_has_top_particle,,,,,5,2.4890215396881104,,,
event:5438,particle:5438:20,event_has_top_particle,,,,,6,2.3073103427886963,,,
event:5438,particle:5438:1,event_has_top_particle,,,,,7,2.290151357650757,,,
event:5438,particle:5438:19,event_has_top_particle,,,,,8,2.271348476409912,,,
event:5438,particle:5438:2,event_has_top_particle,,,,,9,2.207796096801758,,,
event:5438,particle:5438:13,event_has_top_particle,,,,,10,2.1972010135650635,,,
event:5438,particle:5438:22,event_has_top_particle,,,,,11,2.178835868835449,,,
event:5438,particle:5438:12,event_has_top_particle,,,,,12,2.1649887561798096,,,
event:5438,particle:5438:15,event_has_top_particle,,,,,13,2.1643974781036377,,,
event:5438,particle:5438:16,event_has_top_particle,,,,,14,2.15354061126709,,,
event:5438,particle:5438:21,event_has_top_particle,,,,,15,2.136343240737915,,,
event:5438,particle:5438:9,event_has_top_particle,,,,,16,2.124302864074707,,,
event:5540,particle:5540:0,event_has_top_particle,,,,,1,4.785966873168945,,,
event:5540,particle:5540:9,event_has_top_particle,,,,,2,3.0218403339385986,,,
event:5540,particle:5540:1,event_has_top_particle,,,,,3,2.681891441345215,,,
event:5540,particle:5540:4,event_has_top_particle,,,,,4,2.641441822052002,,,
event:5540,particle:5540:29,event_has_top_particle,,,,,5,2.5587332248687744,,,
event:5540,particle:5540:25,event_has_top_particle,,,,,6,2.532459259033203,,,
event:5540,particle:5540:15,event_has_top_particle,,,,,7,2.466542959213257,,,
event:5540,particle:5540:13,event_has_top_particle,,,,,8,2.460716724395752,,,
event:5540,particle:5540:18,event_has_top_particle,,,,,9,2.4311602115631104,,,
event:5540,particle:5540:31,event_has_top_particle,,,,,10,2.3996965885162354,,,
event:5540,particle:5540:6,event_has_top_particle,,,,,11,2.3810105323791504,,,
event:5540,particle:5540:14,event_has_top_particle,,,,,12,2.3765504360198975,,,
event:5540,particle:5540:2,event_has_top_particle,,,,,13,2.330096483230591,,,
event:5540,particle:5540:23,event_has_top_particle,,,,,14,2.3006653785705566,,,
event:5540,particle:5540:8,event_has_top_particle,,,,,15,2.2750701904296875,,,
event:5540,particle:5540:3,event_has_top_particle,,,,,16,2.2748656272888184,,,
event:5632,particle:5632:0,event_has_top_particle,,,,,1,4.805167198181152,,,
event:5632,particle:5632:19,event_has_top_particle,,,,,2,2.8678736686706543,,,
event:5632,particle:5632:18,event_has_top_particle,,,,,3,2.6454033851623535,,,
event:5632,particle:5632:15,event_has_top_particle,,,,,4,2.61084246635437,,,
event:5632,particle:5632:20,event_has_top_particle,,,,,5,2.584774971008301,,,
event:5632,particle:5632:13,event_has_top_particle,,,,,6,2.561183452606201,,,
event:5632,particle:5632:11,event_has_top_particle,,,,,7,2.4996278285980225,,,
event:5632,particle:5632:14,event_has_top_particle,,,,,8,2.4462242126464844,,,
event:5632,particle:5632:17,event_has_top_particle,,,,,9,2.3585214614868164,,,
event:5632,particle:5632:1,event_has_top_particle,,,,,10,2.329169511795044,,,
event:5632,particle:5632:12,event_has_top_particle,,,,,11,2.2977280616760254,,,
event:5632,particle:5632:9,event_has_top_particle,,,,,12,2.2769668102264404,,,
event:5632,particle:5632:6,event_has_top_particle,,,,,13,2.2174882888793945,,,
event:5632,particle:5632:4,event_has_top_particle,,,,,14,2.19844388961792,,,
event:5632,particle:5632:16,event_has_top_particle,,,,,15,2.1929173469543457,,,
event:5632,particle:5632:10,event_has_top_particle,,,,,16,2.1758809089660645,,,
event:5660,particle:5660:0,event_has_top_particle,,,,,1,4.768720626831055,,,
event:5660,particle:5660:13,event_has_top_particle,,,,,2,3.343309164047241,,,
event:5660,particle:5660:33,event_has_top_particle,,,,,3,2.8558437824249268,,,
event:5660,particle:5660:29,event_has_top_particle,,,,,4,2.7908401489257812,,,
event:5660,particle:5660:19,event_has_top_particle,,,,,5,2.644364833831787,,,
event:5660,particle:5660:32,event_has_top_particle,,,,,6,2.6334292888641357,,,
event:5660,particle:5660:27,event_has_top_particle,,,,,7,2.5657663345336914,,,
event:5660,particle:5660:16,event_has_top_particle,,,,,8,2.4773330688476562,,,
event:5660,particle:5660:5,event_has_top_particle,,,,,9,2.4633123874664307,,,
event:5660,particle:5660:26,event_has_top_particle,,,,,10,2.4364378452301025,,,
event:5660,particle:5660:12,event_has_top_particle,,,,,11,2.3445188999176025,,,
event:5660,particle:5660:28,event_has_top_particle,,,,,12,2.303042411804199,,,
event:5660,particle:5660:25,event_has_top_particle,,,,,13,2.300544500350952,,,
event:5660,particle:5660:30,event_has_top_particle,,,,,14,2.286161422729492,,,
event:5660,particle:5660:34,event_has_top_particle,,,,,15,2.25752592086792,,,
event:5660,particle:5660:23,event_has_top_particle,,,,,16,2.2379915714263916,,,
event:5672,particle:5672:0,event_has_top_particle,,,,,1,4.772876262664795,,,
event:5672,particle:5672:12,event_has_top_particle,,,,,2,2.9009745121002197,,,
event:5672,particle:5672:11,event_has_top_particle,,,,,3,2.7673087120056152,,,
event:5672,particle:5672:14,event_has_top_particle,,,,,4,2.668339252471924,,,
event:5672,particle:5672:13,event_has_top_particle,,,,,5,2.4982540607452393,,,
event:5672,particle:5672:15,event_has_top_particle,,,,,6,2.4551188945770264,,,
event:5672,particle:5672:1,event_has_top_particle,,,,,7,2.3991618156433105,,,
event:5672,particle:5672:16,event_has_top_particle,,,,,8,2.3563172817230225,,,
event:5672,particle:5672:10,event_has_top_particle,,,,,9,2.332197666168213,,,
event:5672,particle:5672:7,event_has_top_particle,,,,,10,2.3226613998413086,,,
event:5672,particle:5672:9,event_has_top_particle,,,,,11,2.315009355545044,,,
event:5672,particle:5672:5,event_has_top_particle,,,,,12,2.3040146827697754,,,
event:5672,particle:5672:4,event_has_top_particle,,,,,13,2.25241756439209,,,
event:5672,particle:5672:8,event_has_top_particle,,,,,14,2.243922233581543,,,
event:5672,particle:5672:3,event_has_top_particle,,,,,15,2.181304931640625,,,
event:5672,particle:5672:6,event_has_top_particle,,,,,16,2.1689577102661133,,,
event:5726,particle:5726:0,event_has_top_particle,,,,,1,4.821256160736084,,,
event:5726,particle:5726:1,event_has_top_particle,,,,,2,2.9319777488708496,,,
event:5726,particle:5726:8,event_has_top_particle,,,,,3,2.757800579071045,,,
event:5726,particle:5726:14,event_has_top_particle,,,,,4,2.731936454772949,,,
event:5726,particle:5726:13,event_has_top_particle,,,,,5,2.654601812362671,,,
event:5726,particle:5726:9,event_has_top_particle,,,,,6,2.638137102127075,,,
event:5726,particle:5726:10,event_has_top_particle,,,,,7,2.6304571628570557,,,
event:5726,particle:5726:2,event_has_top_particle,,,,,8,2.6241207122802734,,,
event:5726,particle:5726:12,event_has_top_particle,,,,,9,2.5863699913024902,,,
event:5726,particle:5726:7,event_has_top_particle,,,,,10,2.572612762451172,,,
event:5726,particle:5726:5,event_has_top_particle,,,,,11,2.5182149410247803,,,
event:5726,particle:5726:11,event_has_top_particle,,,,,12,2.442750930786133,,,
event:5726,particle:5726:3,event_has_top_particle,,,,,13,2.4043221473693848,,,
event:5726,particle:5726:4,event_has_top_particle,,,,,14,2.3192315101623535,,,
event:5726,particle:5726:6,event_has_top_particle,,,,,15,2.3159518241882324,,,
event:5730,particle:5730:0,event_has_top_particle,,,,,1,4.846969127655029,,,
event:5730,particle:5730:12,event_has_top_particle,,,,,2,3.010488510131836,,,
event:5730,particle:5730:5,event_has_top_particle,,,,,3,3.006329298019409,,,
event:5730,particle:5730:8,event_has_top_particle,,,,,4,2.966320037841797,,,
event:5730,particle:5730:1,event_has_top_particle,,,,,5,2.830399751663208,,,
event:5730,particle:5730:2,event_has_top_particle,,,,,6,2.783088207244873,,,
event:5730,particle:5730:4,event_has_top_particle,,,,,7,2.7432262897491455,,,
event:5730,particle:5730:9,event_has_top_particle,,,,,8,2.718705892562866,,,
event:5730,particle:5730:3,event_has_top_particle,,,,,9,2.660792589187622,,,
event:5730,particle:5730:6,event_has_top_particle,,,,,10,2.648104429244995,,,
event:5730,particle:5730:11,event_has_top_particle,,,,,11,2.601625919342041,,,
event:5730,particle:5730:10,event_has_top_particle,,,,,12,2.5183122158050537,,,
event:5730,particle:5730:7,event_has_top_particle,,,,,13,2.477937698364258,,,
event:5768,particle:5768:0,event_has_top_particle,,,,,1,4.761221408843994,,,
event:5768,particle:5768:9,event_has_top_particle,,,,,2,3.04140043258667,,,
event:5768,particle:5768:8,event_has_top_particle,,,,,3,2.819838285446167,,,
event:5768,particle:5768:4,event_has_top_particle,,,,,4,2.7689340114593506,,,
event:5768,particle:5768:3,event_has_top_particle,,,,,5,2.72723388671875,,,
event:5768,particle:5768:11,event_has_top_particle,,,,,6,2.7011144161224365,,,
event:5768,particle:5768:6,event_has_top_particle,,,,,7,2.638923168182373,,,
event:5768,particle:5768:1,event_has_top_particle,,,,,8,2.6387789249420166,,,
event:5768,particle:5768:5,event_has_top_particle,,,,,9,2.519196033477783,,,
event:5768,particle:5768:7,event_has_top_particle,,,,,10,2.469533920288086,,,
event:5768,particle:5768:2,event_has_top_particle,,,,,11,2.4445128440856934,,,
event:5768,particle:5768:10,event_has_top_particle,,,,,12,2.4240660667419434,,,
event:5791,particle:5791:0,event_has_top_particle,,,,,1,4.773460865020752,,,
event:5791,particle:5791:18,event_has_top_particle,,,,,2,2.9284629821777344,,,
event:5791,particle:5791:3,event_has_top_particle,,,,,3,2.9140918254852295,,,
event:5791,particle:5791:1,event_has_top_particle,,,,,4,2.8690881729125977,,,
event:5791,particle:5791:17,event_has_top_particle,,,,,5,2.8396358489990234,,,
event:5791,particle:5791:19,event_has_top_particle,,,,,6,2.7645058631896973,,,
event:5791,particle:5791:2,event_has_top_particle,,,,,7,2.703667402267456,,,
event:5791,particle:5791:15,event_has_top_particle,,,,,8,2.6544480323791504,,,
event:5791,particle:5791:13,event_has_top_particle,,,,,9,2.5975615978240967,,,
event:5791,particle:5791:4,event_has_top_particle,,,,,10,2.5949530601501465,,,
event:5791,particle:5791:14,event_has_top_particle,,,,,11,2.5368101596832275,,,
event:5791,particle:5791:7,event_has_top_particle,,,,,12,2.4961531162261963,,,
event:5791,particle:5791:9,event_has_top_particle,,,,,13,2.4743571281433105,,,
event:5791,particle:5791:16,event_has_top_particle,,,,,14,2.4313647747039795,,,
event:5791,particle:5791:11,event_has_top_particle,,,,,15,2.399632453918457,,,
event:5791,particle:5791:10,event_has_top_particle,,,,,16,2.397486686706543,,,
event:5868,particle:5868:0,event_has_top_particle,,,,,1,4.829768657684326,,,
event:5868,particle:5868:7,event_has_top_particle,,,,,2,3.0097503662109375,,,
event:5868,particle:5868:38,event_has_top_particle,,,,,3,2.966111898422241,,,
event:5868,particle:5868:17,event_has_top_particle,,,,,4,2.4488279819488525,,,
event:5868,particle:5868:21,event_has_top_particle,,,,,5,2.3939034938812256,,,
event:5868,particle:5868:34,event_has_top_particle,,,,,6,2.296550989151001,,,
event:5868,particle:5868:31,event_has_top_particle,,,,,7,2.2741336822509766,,,
event:5868,particle:5868:8,event_has_top_particle,,,,,8,2.237274169921875,,,
event:5868,particle:5868:37,event_has_top_particle,,,,,9,2.2288167476654053,,,
event:5868,particle:5868:32,event_has_top_particle,,,,,10,2.205714464187622,,,
event:5868,particle:5868:35,event_has_top_particle,,,,,11,2.160601854324341,,,
event:5868,particle:5868:30,event_has_top_particle,,,,,12,2.1575980186462402,,,
event:5868,particle:5868:5,event_has_top_particle,,,,,13,2.1499831676483154,,,
event:5868,particle:5868:25,event_has_top_particle,,,,,14,2.1282362937927246,,,
event:5868,particle:5868:12,event_has_top_particle,,,,,15,2.118908166885376,,,
event:5868,particle:5868:26,event_has_top_particle,,,,,16,2.1170551776885986,,,
event:5871,particle:5871:0,event_has_top_particle,,,,,1,4.83908748626709,,,
event:5871,particle:5871:15,event_has_top_particle,,,,,2,2.840815544128418,,,
event:5871,particle:5871:9,event_has_top_particle,,,,,3,2.623262405395508,,,
event:5871,particle:5871:13,event_has_top_particle,,,,,4,2.537280559539795,,,
event:5871,particle:5871:12,event_has_top_particle,,,,,5,2.4836173057556152,,,
event:5871,particle:5871:14,event_has_top_particle,,,,,6,2.4042551517486572,,,
event:5871,particle:5871:7,event_has_top_particle,,,,,7,2.4038000106811523,,,
event:5871,particle:5871:5,event_has_top_particle,,,,,8,2.3902173042297363,,,
event:5871,particle:5871:10,event_has_top_particle,,,,,9,2.3853282928466797,,,
event:5871,particle:5871:8,event_has_top_particle,,,,,10,2.328338861465454,,,
event:5871,particle:5871:11,event_has_top_particle,,,,,11,2.320145845413208,,,
event:5871,particle:5871:2,event_has_top_particle,,,,,12,2.308452844619751,,,
event:5871,particle:5871:1,event_has_top_particle,,,,,13,2.2933056354522705,,,
event:5871,particle:5871:3,event_has_top_particle,,,,,14,2.2036209106445312,,,
event:5871,particle:5871:4,event_has_top_particle,,,,,15,2.1230108737945557,,,
event:5871,particle:5871:6,event_has_top_particle,,,,,16,2.0395381450653076,,,
event:7974,particle:7974:0,event_has_top_particle,,,,,1,5.027756214141846,,,
event:7974,particle:7974:46,event_has_top_particle,,,,,2,3.0395267009735107,,,
event:7974,particle:7974:44,event_has_top_particle,,,,,3,2.9496636390686035,,,
event:7974,particle:7974:1,event_has_top_particle,,,,,4,2.802022933959961,,,
event:7974,particle:7974:2,event_has_top_particle,,,,,5,2.6752989292144775,,,
event:7974,particle:7974:5,event_has_top_particle,,,,,6,2.6718761920928955,,,
event:7974,particle:7974:8,event_has_top_particle,,,,,7,2.614948272705078,,,
event:7974,particle:7974:45,event_has_top_particle,,,,,8,2.6143999099731445,,,
event:7974,particle:7974:4,event_has_top_particle,,,,,9,2.5566725730895996,,,
event:7974,particle:7974:41,event_has_top_particle,,,,,10,2.503300428390503,,,
event:7974,particle:7974:24,event_has_top_particle,,,,,11,2.435654401779175,,,
event:7974,particle:7974:43,event_has_top_particle,,,,,12,2.4194602966308594,,,
event:7974,particle:7974:31,event_has_top_particle,,,,,13,2.4136507511138916,,,
event:7974,particle:7974:17,event_has_top_particle,,,,,14,2.408709764480591,,,
event:7974,particle:7974:20,event_has_top_particle,,,,,15,2.4066288471221924,,,
event:7974,particle:7974:29,event_has_top_particle,,,,,16,2.400343179702759,,,
event:8848,particle:8848:0,event_has_top_particle,,,,,1,4.894215106964111,,,
event:8848,particle:8848:1,event_has_top_particle,,,,,2,3.6768696308135986,,,
event:8848,particle:8848:41,event_has_top_particle,,,,,3,3.573733329772949,,,
event:8848,particle:8848:40,event_has_top_particle,,,,,4,3.3365890979766846,,,
event:8848,particle:8848:2,event_has_top_particle,,,,,5,3.3117775917053223,,,
event:8848,particle:8848:29,event_has_top_particle,,,,,6,3.304117441177368,,,
event:8848,particle:8848:3,event_has_top_particle,,,,,7,3.292395830154419,,,
event:8848,particle:8848:44,event_has_top_particle,,,,,8,3.1533188819885254,,,
event:8848,particle:8848:7,event_has_top_particle,,,,,9,3.132286548614502,,,
event:8848,particle:8848:12,event_has_top_particle,,,,,10,3.1180145740509033,,,
event:8848,particle:8848:31,event_has_top_particle,,,,,11,3.0940163135528564,,,
event:8848,particle:8848:34,event_has_top_particle,,,,,12,3.075758934020996,,,
event:8848,particle:8848:25,event_has_top_particle,,,,,13,3.0480504035949707,,,
event:8848,particle:8848:4,event_has_top_particle,,,,,14,3.02227783203125,,,
event:8848,particle:8848:39,event_has_top_particle,,,,,15,3.0140228271484375,,,
event:8848,particle:8848:21,event_has_top_particle,,,,,16,3.006470203399658,,,
event:9351,particle:9351:0,event_has_top_particle,,,,,1,4.8282036781311035,,,
event:9351,particle:9351:6,event_has_top_particle,,,,,2,3.2681517601013184,,,
event:9351,particle:9351:2,event_has_top_particle,,,,,3,3.1553258895874023,,,
event:9351,particle:9351:21,event_has_top_particle,,,,,4,3.0502877235412598,,,
event:9351,particle:9351:40,event_has_top_particle,,,,,5,3.0298728942871094,,,
event:9351,particle:9351:3,event_has_top_particle,,,,,6,2.9688479900360107,,,
event:9351,particle:9351:7,event_has_top_particle,,,,,7,2.9159271717071533,,,
event:9351,particle:9351:28,event_has_top_particle,,,,,8,2.9044857025146484,,,
event:9351,particle:9351:4,event_has_top_particle,,,,,9,2.8975415229797363,,,
event:9351,particle:9351:9,event_has_top_particle,,,,,10,2.8852035999298096,,,
event:9351,particle:9351:15,event_has_top_particle,,,,,11,2.873462200164795,,,
event:9351,particle:9351:30,event_has_top_particle,,,,,12,2.8238584995269775,,,
event:9351,particle:9351:17,event_has_top_particle,,,,,13,2.8123862743377686,,,
event:9351,particle:9351:45,event_has_top_particle,,,,,14,2.7503890991210938,,,
event:9351,particle:9351:38,event_has_top_particle,,,,,15,2.742291212081909,,,
event:9351,particle:9351:18,event_has_top_particle,,,,,16,2.7233054637908936,,,
event:9508,particle:9508:0,event_has_top_particle,,,,,1,4.757246017456055,,,
event:9508,particle:9508:1,event_has_top_particle,,,,,2,3.3603570461273193,,,
event:9508,particle:9508:27,event_has_top_particle,,,,,3,3.3062572479248047,,,
event:9508,particle:9508:32,event_has_top_particle,,,,,4,3.1746742725372314,,,
event:9508,particle:9508:18,event_has_top_particle,,,,,5,3.12501859664917,,,
event:9508,particle:9508:14,event_has_top_particle,,,,,6,3.104891300201416,,,
event:9508,particle:9508:8,event_has_top_particle,,,,,7,3.0572500228881836,,,
event:9508,particle:9508:4,event_has_top_particle,,,,,8,3.0034570693969727,,,
event:9508,particle:9508:3,event_has_top_particle,,,,,9,2.986513614654541,,,
event:9508,particle:9508:5,event_has_top_particle,,,,,10,2.9346535205841064,,,
event:9508,particle:9508:13,event_has_top_particle,,,,,11,2.933432102203369,,,
event:9508,particle:9508:2,event_has_top_particle,,,,,12,2.8868489265441895,,,
event:9508,particle:9508:25,event_has_top_particle,,,,,13,2.869983673095703,,,
event:9508,particle:9508:7,event_has_top_particle,,,,,14,2.8520236015319824,,,
event:9508,particle:9508:34,event_has_top_particle,,,,,15,2.827422618865967,,,
event:9508,particle:9508:24,event_has_top_particle,,,,,16,2.814795970916748,,,
run:all_head_supertrace:v1:latest,hypothesis:H2,run_updates_hypothesis,,,,,,,78.0,,
run:all_head_supertrace:v1:latest,hypothesis:H4,run_updates_hypothesis,,,,,,,72.0,,
run:all_head_supertrace:v1:latest,hypothesis:H1,run_updates_hypothesis,,,,,,,34.0,,
run:all_head_supertrace:v1:latest,hypothesis:H5,run_updates_hypothesis,,,,,,,74.0,,
run:all_head_supertrace:v1:latest,hypothesis:H6,run_updates_hypothesis,,,,,,,66.0,,
run:all_head_supertrace:v1:latest,hypothesis:H3,run_updates_hypothesis,,,,,,,63.0,,
run:all_head_supertrace:v1:latest,hypothesis:H7,run_updates_hypothesis,,,,,,,35.0,,
run:all_head_supertrace:v1:latest,hypothesis:H8,run_updates_hypothesis,,,,,,,20.0,,
run:all_head_supertrace:v1:latest,hypothesis:AH1,run_updates_hypothesis,,,,,,,,,
run:all_head_supertrace:v1:latest,hypothesis:AH2,run_updates_hypothesis,,,,,,,,,
run:all_head_supertrace:v1:latest,hypothesis:AH3,run_updates_hypothesis,,,,,,,,,
run:all_head_supertrace:v1:latest,hypothesis:AH4,run_updates_hypothesis,,,,,,,,,
head:L1_ch112:128,hypothesis:AH4,head_supports_hypothesis,0.8689268512214768,,,,,,,,
head:L1_ch112:128,hypothesis:AH3,head_in_method_comparison,0.8689268512214768,0.0,,,,,,,
head:L1_ch16:32,hypothesis:AH4,head_supports_hypothesis,0.748019616522652,,,,,,,,
head:L1_ch16:32,hypothesis:AH3,head_in_method_comparison,0.748019616522652,0.0,,,,,,,
head:L0_ch40:48,hypothesis:AH4,head_supports_hypothesis,0.715566657370073,,,,,,,,
head:L0_ch40:48,hypothesis:AH3,head_in_method_comparison,0.715566657370073,0.0,,,,,,,
head:L2_ch224:256,hypothesis:AH4,head_supports_hypothesis,0.7083240525222217,,,,,,,,
head:L2_ch224:256,hypothesis:AH3,head_in_method_comparison,0.7083240525222217,0.0,,,,,,,
head:L0_ch48:56,hypothesis:AH4,head_supports_hypothesis,0.3768698421619773,,,,,,,,
head:L0_ch48:56,hypothesis:AH3,head_in_method_comparison,0.3768698421619773,0.0,,,,,,,
head:L0_ch8:16,hypothesis:AH4,head_supports_hypothesis,0.3576639466715291,,,,,,,,
head:L0_ch8:16,hypothesis:AH3,head_in_method_comparison,0.3576639466715291,0.0,,,,,,,
head:L2_ch128:160,hypothesis:AH4,head_supports_hypothesis,0.3421113716471157,,,,,,,,
head:L2_ch128:160,hypothesis:AH3,head_in_method_comparison,0.3421113716471157,0.0,,,,,,,
head:L2_ch64:96,hypothesis:AH4,head_supports_hypothesis,0.3056455652433215,,,,,,,,
head:L2_ch64:96,hypothesis:AH3,head_in_method_comparison,0.3056455652433215,0.0,,,,,,,
head:L2_ch0:32,hypothesis:AH4,head_supports_hypothesis,0.2610779497063049,,,,,,,,
head:L2_ch0:32,hypothesis:AH3,head_in_method_comparison,0.2610779497063049,0.0,,,,,,,
head:L0_ch24:32,hypothesis:AH4,head_supports_hypothesis,0.22714711990847689,,,,,,,,
head:L0_ch24:32,hypothesis:AH3,head_in_method_comparison,0.22714711990847689,0.0,,,,,,,
particle:3653:0,hypothesis:AH1,particle_supports_hypothesis,,,,,,5.196718215942383,,351.86825446691677,0.07314519261070655
particle:3458:0,hypothesis:AH1,particle_supports_hypothesis,,,,,,5.164773464202881,,493.3960364498031,0.03305219014599567
particle:4073:0,hypothesis:AH1,particle_supports_hypothesis,,,,,,5.147113800048828,,441.51278986879265,0.014705864595672543
particle:3346:0,hypothesis:AH1,particle_supports_hypothesis,,,,,,5.1410956382751465,,288.1587480613739,0.046738666836221264
particle:3282:0,hypothesis:AH1,particle_supports_hypothesis,,,,,,5.117623805999756,,379.5848678834499,0.06902843876076308
particle:3477:0,hypothesis:AH1,particle_supports_hypothesis,,,,,,5.0932135581970215,,596.0615952278525,0.039280466044420606
particle:3931:0,hypothesis:AH1,particle_supports_hypothesis,,,,,,5.086535930633545,,408.19333953112897,0.01990565338299143
particle:3525:0,hypothesis:AH1,particle_supports_hypothesis,,,,,,5.0709381103515625,,437.4169908443208,0.02723962785057632
particle:3375:0,hypothesis:AH1,particle_supports_hypothesis,,,,,,5.037026405334473,,444.0590294714343,0.01850632576990948
particle:3192:0,hypothesis:AH1,particle_supports_hypothesis,,,,,,5.036527156829834,,427.51772006537516,0.05384171291960546
particle:7974:0,hypothesis:AH1,particle_supports_hypothesis,,,,,,5.027756214141846,,201.70871276660114,0.05904387038416101
particle:3329:0,hypothesis:AH1,particle_supports_hypothesis,,,,,,5.021880149841309,,557.3921056864468,0.04135381016830831
particle:3101:0,hypothesis:AH1,particle_supports_hypothesis,,,,,,5.009812831878662,,423.72146530459173,0.02868935396274646
particle:3330:0,hypothesis:AH1,particle_supports_hypothesis,,,,,,4.989509105682373,,441.8409087272253,0.034907247541842386
particle:5121:0,hypothesis:AH1,particle_supports_hypothesis,,,,,,4.988543510437012,,498.7115827755219,0.10383665437944611
particle:4063:0,hypothesis:AH1,particle_supports_hypothesis,,,,,,4.987092018127441,,236.35154336824812,0.10353928602568499
particle:5295:0,hypothesis:AH1,particle_supports_hypothesis,,,,,,4.9861674308776855,,348.63069811282566,0.19239821973431928
particle:3610:0,hypothesis:AH1,particle_supports_hypothesis,,,,,,4.962615489959717,,412.56151584395764,0.06338389401247867
particle:3209:0,hypothesis:AH1,particle_supports_hypothesis,,,,,,4.9580230712890625,,309.6794597501644,0.08414474526621321
particle:4069:0,hypothesis:AH1,particle_supports_hypothesis,,,,,,4.954601764678955,,586.7033220636391,0.00841312933841492
particle:3598:0,hypothesis:AH1,particle_supports_hypothesis,,,,,,4.952511787414551,,353.9106187627165,0.08855695664867402
particle:3486:0,hypothesis:AH1,particle_supports_hypothesis,,,,,,4.949716567993164,,377.5677571039503,0.038831565485103865
particle:3865:0,hypothesis:AH1,particle_supports_hypothesis,,,,,,4.948277950286865,,536.1907094530704,0.03690761946736601
particle:3715:0,hypothesis:AH1,particle_supports_hypothesis,,,,,,4.945679664611816,,468.66794913064285,0.035981734875613236
particle:3969:0,hypothesis:AH1,particle_supports_hypothesis,,,,,,4.944116592407227,,470.6921951485989,0.0447816522850372
particle:3484:0,hypothesis:AH1,particle_supports_hypothesis,,,,,,4.9357781410217285,,466.7907705682986,0.031021405901605934
particle:3799:0,hypothesis:AH1,particle_supports_hypothesis,,,,,,4.9342827796936035,,261.35396540703107,0.07574537325496064
particle:3806:0,hypothesis:AH1,particle_supports_hypothesis,,,,,,4.932669639587402,,462.142578726477,0.0344304978799827
particle:3941:0,hypothesis:AH1,particle_supports_hypothesis,,,,,,4.929831027984619,,389.3240865882468,0.0303706586695484
particle:3097:0,hypothesis:AH1,particle_supports_hypothesis,,,,,,4.929346561431885,,372.72481123138226,0.01155972263180379
particle:3585:0,hypothesis:AH1,particle_supports_hypothesis,,,,,,4.9286909103393555,,451.9234458011915,0.04409975648684007
particle:3189:0,hypothesis:AH1,particle_supports_hypothesis,,,,,,4.927688121795654,,426.35845915135496,0.0282310011678446
particle:3552:0,hypothesis:AH1,particle_supports_hypothesis,,,,,,4.925191402435303,,277.6679200707444,0.03206438416423713
particle:3606:0,hypothesis:AH1,particle_supports_hypothesis,,,,,,4.913609981536865,,777.0128692826489,0.024070824884471542
particle:3270:0,hypothesis:AH1,particle_supports_hypothesis,,,,,,4.912517547607422,,526.2283827395551,0.04040516663791019
particle:3697:0,hypothesis:AH1,particle_supports_hypothesis,,,,,,4.911472320556641,,578.3086524658386,0.015471607612318403
particle:3257:0,hypothesis:AH1,particle_supports_hypothesis,,,,,,4.906546115875244,,513.1412346515395,0.06281769854543583
particle:3078:0,hypothesis:AH1,particle_supports_hypothesis,,,,,,4.9013872146606445,,445.1894392171144,0.03486495218939353
particle:3622:0,hypothesis:AH1,particle_supports_hypothesis,,,,,,4.897593021392822,,568.5727606572543,0.017402317788766275
particle:8848:0,hypothesis:AH1,particle_supports_hypothesis,,,,,,4.894215106964111,,100.56343915333464,0.05128421958103506
particle:3703:0,hypothesis:AH1,particle_supports_hypothesis,,,,,,4.894197940826416,,547.8277488738139,0.03300594949441901
particle:3961:0,hypothesis:AH1,particle_supports_hypothesis,,,,,,4.8925395011901855,,478.128714108367,0.0291795994515083
particle:3528:0,hypothesis:AH1,particle_supports_hypothesis,,,,,,4.889524936676025,,529.8818909635916,0.01375019270515707
particle:3938:0,hypothesis:AH1,particle_supports_hypothesis,,,,,,4.889350891113281,,437.48872263494013,0.003799686493882117
particle:3497:0,hypothesis:AH1,particle_supports_hypothesis,,,,,,4.887000560760498,,723.4746761625162,0.02313020686840289
particle:3361:0,hypothesis:AH1,particle_supports_hypothesis,,,,,,4.879865646362305,,484.4645495388509,0.06768225564891668
particle:4077:0,hypothesis:AH1,particle_supports_hypothesis,,,,,,4.878639221191406,,256.8801262991425,0.04918729204715793
particle:4080:0,hypothesis:AH1,particle_supports_hypothesis,,,,,,4.877249240875244,,412.714769106596,0.02245078610622166
particle:3456:0,hypothesis:AH1,particle_supports_hypothesis,,,,,,4.874866962432861,,514.3489489131185,0.05523644429740954
particle:3167:0,hypothesis:AH1,particle_supports_hypothesis,,,,,,4.8742804527282715,,380.17705874593213,0.06043915629752499
particle:3927:0,hypothesis:AH1,particle_supports_hypothesis,,,,,,4.87052583694458,,456.3521544111297,0.06349599267893484
particle:3213:0,hypothesis:AH1,particle_supports_hypothesis,,,,,,4.867534637451172,,776.4828720728908,0.03706787417767371
particle:3737:0,hypothesis:AH1,particle_supports_hypothesis,,,,,,4.866183757781982,,367.16632983988274,0.0168892309154011
particle:3508:0,hypothesis:AH1,particle_supports_hypothesis,,,,,,4.86555814743042,,357.37851182733334,0.029824840077349018
particle:3258:0,hypothesis:AH1,particle_supports_hypothesis,,,,,,4.864280700683594,,435.98971387827635,0.05988157830169766
particle:3113:0,hypothesis:AH1,particle_supports_hypothesis,,,,,,4.863282203674316,,345.65957358883014,0.04250629744621171
particle:3159:0,hypothesis:AH1,particle_supports_hypothesis,,,,,,4.862974643707275,,349.3761357695986,0.014419995484242111
particle:3241:0,hypothesis:AH1,particle_supports_hypothesis,,,,,,4.861419200897217,,471.4840818154266,0.03370026236111076
particle:3673:0,hypothesis:AH1,particle_supports_hypothesis,,,,,,4.8541364669799805,,435.6639552284339,0.038173236657641316
particle:3381:0,hypothesis:AH1,particle_supports_hypothesis,,,,,,4.853531837463379,,487.1414709855727,0.04756469377604124
particle:3541:0,hypothesis:AH1,particle_supports_hypothesis,,,,,,4.849453926086426,,425.7908930638243,0.06630299967335739
particle:5730:0,hypothesis:AH1,particle_supports_hypothesis,,,,,,4.846969127655029,,561.2569807405592,0.11134932195972537
particle:3313:0,hypothesis:AH1,particle_supports_hypothesis,,,,,,4.845171928405762,,291.698143966031,0.06090404584910197
particle:4008:0,hypothesis:AH1,particle_supports_hypothesis,,,,,,4.84495210647583,,407.65316154905537,0.05761899213515136
particle:3225:0,hypothesis:AH1,particle_supports_hypothesis,,,,,,4.8418049812316895,,394.90274863528646,0.0040018890596522595
particle:5871:0,hypothesis:AH1,particle_supports_hypothesis,,,,,,4.83908748626709,,446.6934280890023,0.060412365053712724
particle:3531:0,hypothesis:AH1,particle_supports_hypothesis,,,,,,4.838278770446777,,404.00897291572693,0.05713798273102242
particle:3970:0,hypothesis:AH1,particle_supports_hypothesis,,,,,,4.836788177490234,,432.3444497747722,0.03827679328322327
particle:3507:0,hypothesis:AH1,particle_supports_hypothesis,,,,,,4.834069728851318,,300.13089600236714,0.037734777278537135
particle:3099:0,hypothesis:AH1,particle_supports_hypothesis,,,,,,4.8318634033203125,,378.64829226926105,0.017136534664508634
particle:3728:0,hypothesis:AH1,particle_supports_hypothesis,,,,,,4.830503463745117,,569.9925582805698,0.03968831162504239
particle:4028:0,hypothesis:AH1,particle_supports_hypothesis,,,,,,4.830124855041504,,305.21764204905,0.053803314711213676
particle:5868:0,hypothesis:AH1,particle_supports_hypothesis,,,,,,4.829768657684326,,477.22696759666604,0.09301154093852677
particle:9351:0,hypothesis:AH1,particle_supports_hypothesis,,,,,,4.8282036781311035,,162.04790397561865,0.03910217399931169
particle:3543:0,hypothesis:AH1,particle_supports_hypothesis,,,,,,4.82487154006958,,383.76108561206445,0.0989962799388577
particle:3910:0,hypothesis:AH1,particle_supports_hypothesis,,,,,,4.821401119232178,,401.9314203790654,0.05204264475227848
particle:5726:0,hypothesis:AH1,particle_supports_hypothesis,,,,,,4.821256160736084,,400.2295851790337,0.11282962752442373
particle:3196:0,hypothesis:AH1,particle_supports_hypothesis,,,,,,4.821238040924072,,351.24162414409915,0.06891323444994665
particle:3739:0,hypothesis:AH1,particle_supports_hypothesis,,,,,,4.820569038391113,,416.91686936605817,0.015406319462407097
particle:3882:0,hypothesis:AH1,particle_supports_hypothesis,,,,,,4.820165634155273,,281.3509226352433,0.0655681730848761
