matrix_id,module_name,module_type,matrix_kind,shape,exact_target_kind,exact_reconstruction_error,accepted_exact,primitive_fit_kind,primitive_fit_rel_err,primitive_fit_quality,uses_target_mined_atoms,uses_shared_mined_atoms,tensor_path,honesty_note
mod.embed.embed.1.Linear.W,mod.embed.embed.1,Linear,Linear.W,128x13,linear_W,6.659028173316983e-08,True,APPROX_PATTERN_FIT_RECTANGULAR_SVD,0.10291833430528641,STRONG_INTERPRETATION,False,False,artifacts/latest/part_full_model_matrix_coverage_v1_4_6/linear/mod_embed_embed_1.pt,"SVD is compression/pattern fit, not human primitive interpretation."
mod.embed.embed.1.Linear.W_aug,mod.embed.embed.1,Linear,Linear.W_aug,128x14,linear_W_aug,6.659028173316983e-08,True,APPROX_PATTERN_FIT_RECTANGULAR_SVD,0.10291833430528641,STRONG_INTERPRETATION,False,False,artifacts/latest/part_full_model_matrix_coverage_v1_4_6/linear/mod_embed_embed_1.pt,"SVD is compression/pattern fit, not human primitive interpretation."
mod.embed.embed.4.Linear.W,mod.embed.embed.4,Linear,Linear.W,512x128,linear_W,7.357026987619975e-08,True,APPROX_PATTERN_FIT_RECTANGULAR_SVD,0.5217824578285217,PRIMITIVE_EXPLANATION_WEAK,False,False,artifacts/latest/part_full_model_matrix_coverage_v1_4_6/linear/mod_embed_embed_4.pt,"SVD is compression/pattern fit, not human primitive interpretation."
mod.embed.embed.4.Linear.W_aug,mod.embed.embed.4,Linear,Linear.W_aug,512x129,linear_W_aug,7.357026987619975e-08,True,APPROX_PATTERN_FIT_RECTANGULAR_SVD,0.5217824578285217,PRIMITIVE_EXPLANATION_WEAK,False,False,artifacts/latest/part_full_model_matrix_coverage_v1_4_6/linear/mod_embed_embed_4.pt,"SVD is compression/pattern fit, not human primitive interpretation."
mod.embed.embed.7.Linear.W,mod.embed.embed.7,Linear,Linear.W,128x512,linear_W,6.811891495317468e-08,True,APPROX_PATTERN_FIT_RECTANGULAR_SVD,0.6829969882965088,PRIMITIVE_EXPLANATION_WEAK,False,False,artifacts/latest/part_full_model_matrix_coverage_v1_4_6/linear/mod_embed_embed_7.pt,"SVD is compression/pattern fit, not human primitive interpretation."
mod.embed.embed.7.Linear.W_aug,mod.embed.embed.7,Linear,Linear.W_aug,128x513,linear_W_aug,6.811891495317468e-08,True,APPROX_PATTERN_FIT_RECTANGULAR_SVD,0.6829969882965088,PRIMITIVE_EXPLANATION_WEAK,False,False,artifacts/latest/part_full_model_matrix_coverage_v1_4_6/linear/mod_embed_embed_7.pt,"SVD is compression/pattern fit, not human primitive interpretation."
mod.blocks.0.fc1.Linear.W,mod.blocks.0.fc1,Linear,Linear.W,512x128,linear_W,9.311797555255907e-08,True,APPROX_PATTERN_FIT_RECTANGULAR_SVD,0.7707744836807251,PRIMITIVE_EXPLANATION_WEAK,False,False,artifacts/latest/part_full_model_matrix_coverage_v1_4_6/linear/mod_blocks_0_fc1.pt,"SVD is compression/pattern fit, not human primitive interpretation."
mod.blocks.0.fc1.Linear.W_aug,mod.blocks.0.fc1,Linear,Linear.W_aug,512x129,linear_W_aug,9.311797555255907e-08,True,APPROX_PATTERN_FIT_RECTANGULAR_SVD,0.7707744836807251,PRIMITIVE_EXPLANATION_WEAK,False,False,artifacts/latest/part_full_model_matrix_coverage_v1_4_6/linear/mod_blocks_0_fc1.pt,"SVD is compression/pattern fit, not human primitive interpretation."
mod.blocks.0.fc2.Linear.W,mod.blocks.0.fc2,Linear,Linear.W,128x512,linear_W,1.2687488037954608e-07,True,APPROX_PATTERN_FIT_RECTANGULAR_SVD,0.82787024974823,PRIMITIVE_EXPLANATION_WEAK,False,False,artifacts/latest/part_full_model_matrix_coverage_v1_4_6/linear/mod_blocks_0_fc2.pt,"SVD is compression/pattern fit, not human primitive interpretation."
mod.blocks.0.fc2.Linear.W_aug,mod.blocks.0.fc2,Linear,Linear.W_aug,128x513,linear_W_aug,1.2687488037954608e-07,True,APPROX_PATTERN_FIT_RECTANGULAR_SVD,0.82787024974823,PRIMITIVE_EXPLANATION_WEAK,False,False,artifacts/latest/part_full_model_matrix_coverage_v1_4_6/linear/mod_blocks_0_fc2.pt,"SVD is compression/pattern fit, not human primitive interpretation."
mod.blocks.1.fc1.Linear.W,mod.blocks.1.fc1,Linear,Linear.W,512x128,linear_W,1.0815636386496408e-07,True,APPROX_PATTERN_FIT_RECTANGULAR_SVD,0.7872896194458008,PRIMITIVE_EXPLANATION_WEAK,False,False,artifacts/latest/part_full_model_matrix_coverage_v1_4_6/linear/mod_blocks_1_fc1.pt,"SVD is compression/pattern fit, not human primitive interpretation."
mod.blocks.1.fc1.Linear.W_aug,mod.blocks.1.fc1,Linear,Linear.W_aug,512x129,linear_W_aug,1.0815636386496408e-07,True,APPROX_PATTERN_FIT_RECTANGULAR_SVD,0.7872896194458008,PRIMITIVE_EXPLANATION_WEAK,False,False,artifacts/latest/part_full_model_matrix_coverage_v1_4_6/linear/mod_blocks_1_fc1.pt,"SVD is compression/pattern fit, not human primitive interpretation."
mod.blocks.1.fc2.Linear.W,mod.blocks.1.fc2,Linear,Linear.W,128x512,linear_W,1.206899611361223e-07,True,APPROX_PATTERN_FIT_RECTANGULAR_SVD,0.838494062423706,PRIMITIVE_EXPLANATION_WEAK,False,False,artifacts/latest/part_full_model_matrix_coverage_v1_4_6/linear/mod_blocks_1_fc2.pt,"SVD is compression/pattern fit, not human primitive interpretation."
mod.blocks.1.fc2.Linear.W_aug,mod.blocks.1.fc2,Linear,Linear.W_aug,128x513,linear_W_aug,1.206899611361223e-07,True,APPROX_PATTERN_FIT_RECTANGULAR_SVD,0.838494062423706,PRIMITIVE_EXPLANATION_WEAK,False,False,artifacts/latest/part_full_model_matrix_coverage_v1_4_6/linear/mod_blocks_1_fc2.pt,"SVD is compression/pattern fit, not human primitive interpretation."
mod.blocks.2.fc1.Linear.W,mod.blocks.2.fc1,Linear,Linear.W,512x128,linear_W,1.0719793408497935e-07,True,APPROX_PATTERN_FIT_RECTANGULAR_SVD,0.7662627100944519,PRIMITIVE_EXPLANATION_WEAK,False,False,artifacts/latest/part_full_model_matrix_coverage_v1_4_6/linear/mod_blocks_2_fc1.pt,"SVD is compression/pattern fit, not human primitive interpretation."
mod.blocks.2.fc1.Linear.W_aug,mod.blocks.2.fc1,Linear,Linear.W_aug,512x129,linear_W_aug,1.0719793408497935e-07,True,APPROX_PATTERN_FIT_RECTANGULAR_SVD,0.7662627100944519,PRIMITIVE_EXPLANATION_WEAK,False,False,artifacts/latest/part_full_model_matrix_coverage_v1_4_6/linear/mod_blocks_2_fc1.pt,"SVD is compression/pattern fit, not human primitive interpretation."
mod.blocks.2.fc2.Linear.W,mod.blocks.2.fc2,Linear,Linear.W,128x512,linear_W,1.224548782374768e-07,True,APPROX_PATTERN_FIT_RECTANGULAR_SVD,0.8437349796295166,PRIMITIVE_EXPLANATION_WEAK,False,False,artifacts/latest/part_full_model_matrix_coverage_v1_4_6/linear/mod_blocks_2_fc2.pt,"SVD is compression/pattern fit, not human primitive interpretation."
mod.blocks.2.fc2.Linear.W_aug,mod.blocks.2.fc2,Linear,Linear.W_aug,128x513,linear_W_aug,1.224548782374768e-07,True,APPROX_PATTERN_FIT_RECTANGULAR_SVD,0.8437349796295166,PRIMITIVE_EXPLANATION_WEAK,False,False,artifacts/latest/part_full_model_matrix_coverage_v1_4_6/linear/mod_blocks_2_fc2.pt,"SVD is compression/pattern fit, not human primitive interpretation."
mod.blocks.3.fc1.Linear.W,mod.blocks.3.fc1,Linear,Linear.W,512x128,linear_W,1.1092285490121867e-07,True,APPROX_PATTERN_FIT_RECTANGULAR_SVD,0.7946984171867371,PRIMITIVE_EXPLANATION_WEAK,False,False,artifacts/latest/part_full_model_matrix_coverage_v1_4_6/linear/mod_blocks_3_fc1.pt,"SVD is compression/pattern fit, not human primitive interpretation."
mod.blocks.3.fc1.Linear.W_aug,mod.blocks.3.fc1,Linear,Linear.W_aug,512x129,linear_W_aug,1.1092285490121867e-07,True,APPROX_PATTERN_FIT_RECTANGULAR_SVD,0.7946984171867371,PRIMITIVE_EXPLANATION_WEAK,False,False,artifacts/latest/part_full_model_matrix_coverage_v1_4_6/linear/mod_blocks_3_fc1.pt,"SVD is compression/pattern fit, not human primitive interpretation."
mod.blocks.3.fc2.Linear.W,mod.blocks.3.fc2,Linear,Linear.W,128x512,linear_W,1.182736895088965e-07,True,APPROX_PATTERN_FIT_RECTANGULAR_SVD,0.8402003645896912,PRIMITIVE_EXPLANATION_WEAK,False,False,artifacts/latest/part_full_model_matrix_coverage_v1_4_6/linear/mod_blocks_3_fc2.pt,"SVD is compression/pattern fit, not human primitive interpretation."
mod.blocks.3.fc2.Linear.W_aug,mod.blocks.3.fc2,Linear,Linear.W_aug,128x513,linear_W_aug,1.182736895088965e-07,True,APPROX_PATTERN_FIT_RECTANGULAR_SVD,0.8402003645896912,PRIMITIVE_EXPLANATION_WEAK,False,False,artifacts/latest/part_full_model_matrix_coverage_v1_4_6/linear/mod_blocks_3_fc2.pt,"SVD is compression/pattern fit, not human primitive interpretation."
mod.blocks.4.fc1.Linear.W,mod.blocks.4.fc1,Linear,Linear.W,512x128,linear_W,1.0982397213865625e-07,True,APPROX_PATTERN_FIT_RECTANGULAR_SVD,0.8044952750205994,PRIMITIVE_EXPLANATION_WEAK,False,False,artifacts/latest/part_full_model_matrix_coverage_v1_4_6/linear/mod_blocks_4_fc1.pt,"SVD is compression/pattern fit, not human primitive interpretation."
mod.blocks.4.fc1.Linear.W_aug,mod.blocks.4.fc1,Linear,Linear.W_aug,512x129,linear_W_aug,1.0982397213865625e-07,True,APPROX_PATTERN_FIT_RECTANGULAR_SVD,0.8044952750205994,PRIMITIVE_EXPLANATION_WEAK,False,False,artifacts/latest/part_full_model_matrix_coverage_v1_4_6/linear/mod_blocks_4_fc1.pt,"SVD is compression/pattern fit, not human primitive interpretation."
mod.blocks.4.fc2.Linear.W,mod.blocks.4.fc2,Linear,Linear.W,128x512,linear_W,1.238152833593631e-07,True,APPROX_PATTERN_FIT_RECTANGULAR_SVD,0.8370866775512695,PRIMITIVE_EXPLANATION_WEAK,False,False,artifacts/latest/part_full_model_matrix_coverage_v1_4_6/linear/mod_blocks_4_fc2.pt,"SVD is compression/pattern fit, not human primitive interpretation."
mod.blocks.4.fc2.Linear.W_aug,mod.blocks.4.fc2,Linear,Linear.W_aug,128x513,linear_W_aug,1.238152833593631e-07,True,APPROX_PATTERN_FIT_RECTANGULAR_SVD,0.8370866775512695,PRIMITIVE_EXPLANATION_WEAK,False,False,artifacts/latest/part_full_model_matrix_coverage_v1_4_6/linear/mod_blocks_4_fc2.pt,"SVD is compression/pattern fit, not human primitive interpretation."
mod.blocks.5.fc1.Linear.W,mod.blocks.5.fc1,Linear,Linear.W,512x128,linear_W,1.0840516040389048e-07,True,APPROX_PATTERN_FIT_RECTANGULAR_SVD,0.8087092041969299,PRIMITIVE_EXPLANATION_WEAK,False,False,artifacts/latest/part_full_model_matrix_coverage_v1_4_6/linear/mod_blocks_5_fc1.pt,"SVD is compression/pattern fit, not human primitive interpretation."
mod.blocks.5.fc1.Linear.W_aug,mod.blocks.5.fc1,Linear,Linear.W_aug,512x129,linear_W_aug,1.0840516040389048e-07,True,APPROX_PATTERN_FIT_RECTANGULAR_SVD,0.8087092041969299,PRIMITIVE_EXPLANATION_WEAK,False,False,artifacts/latest/part_full_model_matrix_coverage_v1_4_6/linear/mod_blocks_5_fc1.pt,"SVD is compression/pattern fit, not human primitive interpretation."
mod.blocks.5.fc2.Linear.W,mod.blocks.5.fc2,Linear,Linear.W,128x512,linear_W,1.1611594885607701e-07,True,APPROX_PATTERN_FIT_RECTANGULAR_SVD,0.8373531103134155,PRIMITIVE_EXPLANATION_WEAK,False,False,artifacts/latest/part_full_model_matrix_coverage_v1_4_6/linear/mod_blocks_5_fc2.pt,"SVD is compression/pattern fit, not human primitive interpretation."
mod.blocks.5.fc2.Linear.W_aug,mod.blocks.5.fc2,Linear,Linear.W_aug,128x513,linear_W_aug,1.1611594885607701e-07,True,APPROX_PATTERN_FIT_RECTANGULAR_SVD,0.8373531103134155,PRIMITIVE_EXPLANATION_WEAK,False,False,artifacts/latest/part_full_model_matrix_coverage_v1_4_6/linear/mod_blocks_5_fc2.pt,"SVD is compression/pattern fit, not human primitive interpretation."
mod.blocks.6.fc1.Linear.W,mod.blocks.6.fc1,Linear,Linear.W,512x128,linear_W,1.0708652098401217e-07,True,APPROX_PATTERN_FIT_RECTANGULAR_SVD,0.8105601668357849,PRIMITIVE_EXPLANATION_WEAK,False,False,artifacts/latest/part_full_model_matrix_coverage_v1_4_6/linear/mod_blocks_6_fc1.pt,"SVD is compression/pattern fit, not human primitive interpretation."
mod.blocks.6.fc1.Linear.W_aug,mod.blocks.6.fc1,Linear,Linear.W_aug,512x129,linear_W_aug,1.0708652098401217e-07,True,APPROX_PATTERN_FIT_RECTANGULAR_SVD,0.8105601668357849,PRIMITIVE_EXPLANATION_WEAK,False,False,artifacts/latest/part_full_model_matrix_coverage_v1_4_6/linear/mod_blocks_6_fc1.pt,"SVD is compression/pattern fit, not human primitive interpretation."
mod.blocks.6.fc2.Linear.W,mod.blocks.6.fc2,Linear,Linear.W,128x512,linear_W,1.1760344875710871e-07,True,APPROX_PATTERN_FIT_RECTANGULAR_SVD,0.813011646270752,PRIMITIVE_EXPLANATION_WEAK,False,False,artifacts/latest/part_full_model_matrix_coverage_v1_4_6/linear/mod_blocks_6_fc2.pt,"SVD is compression/pattern fit, not human primitive interpretation."
mod.blocks.6.fc2.Linear.W_aug,mod.blocks.6.fc2,Linear,Linear.W_aug,128x513,linear_W_aug,1.1760344875710871e-07,True,APPROX_PATTERN_FIT_RECTANGULAR_SVD,0.813011646270752,PRIMITIVE_EXPLANATION_WEAK,False,False,artifacts/latest/part_full_model_matrix_coverage_v1_4_6/linear/mod_blocks_6_fc2.pt,"SVD is compression/pattern fit, not human primitive interpretation."
mod.blocks.7.fc1.Linear.W,mod.blocks.7.fc1,Linear,Linear.W,512x128,linear_W,1.0683521622922854e-07,True,APPROX_PATTERN_FIT_RECTANGULAR_SVD,0.8138210773468018,PRIMITIVE_EXPLANATION_WEAK,False,False,artifacts/latest/part_full_model_matrix_coverage_v1_4_6/linear/mod_blocks_7_fc1.pt,"SVD is compression/pattern fit, not human primitive interpretation."
mod.blocks.7.fc1.Linear.W_aug,mod.blocks.7.fc1,Linear,Linear.W_aug,512x129,linear_W_aug,1.0683521622922854e-07,True,APPROX_PATTERN_FIT_RECTANGULAR_SVD,0.8138210773468018,PRIMITIVE_EXPLANATION_WEAK,False,False,artifacts/latest/part_full_model_matrix_coverage_v1_4_6/linear/mod_blocks_7_fc1.pt,"SVD is compression/pattern fit, not human primitive interpretation."
mod.blocks.7.fc2.Linear.W,mod.blocks.7.fc2,Linear,Linear.W,128x512,linear_W,1.103774280863945e-07,True,APPROX_PATTERN_FIT_RECTANGULAR_SVD,0.7042940855026245,PRIMITIVE_EXPLANATION_WEAK,False,False,artifacts/latest/part_full_model_matrix_coverage_v1_4_6/linear/mod_blocks_7_fc2.pt,"SVD is compression/pattern fit, not human primitive interpretation."
mod.blocks.7.fc2.Linear.W_aug,mod.blocks.7.fc2,Linear,Linear.W_aug,128x513,linear_W_aug,1.103774280863945e-07,True,APPROX_PATTERN_FIT_RECTANGULAR_SVD,0.7042940855026245,PRIMITIVE_EXPLANATION_WEAK,False,False,artifacts/latest/part_full_model_matrix_coverage_v1_4_6/linear/mod_blocks_7_fc2.pt,"SVD is compression/pattern fit, not human primitive interpretation."
mod.cls_blocks.0.fc1.Linear.W,mod.cls_blocks.0.fc1,Linear,Linear.W,512x128,linear_W,1.7321400491709937e-07,True,APPROX_PATTERN_FIT_RECTANGULAR_SVD,0.5246680974960327,PRIMITIVE_EXPLANATION_WEAK,False,False,artifacts/latest/part_full_model_matrix_coverage_v1_4_6/linear/mod_cls_blocks_0_fc1.pt,"SVD is compression/pattern fit, not human primitive interpretation."
mod.cls_blocks.0.fc1.Linear.W_aug,mod.cls_blocks.0.fc1,Linear,Linear.W_aug,512x129,linear_W_aug,1.7321400491709937e-07,True,APPROX_PATTERN_FIT_RECTANGULAR_SVD,0.5246680974960327,PRIMITIVE_EXPLANATION_WEAK,False,False,artifacts/latest/part_full_model_matrix_coverage_v1_4_6/linear/mod_cls_blocks_0_fc1.pt,"SVD is compression/pattern fit, not human primitive interpretation."
mod.cls_blocks.0.fc2.Linear.W,mod.cls_blocks.0.fc2,Linear,Linear.W,128x512,linear_W,2.868467845473788e-07,True,APPROX_PATTERN_FIT_RECTANGULAR_SVD,0.7384593486785889,PRIMITIVE_EXPLANATION_WEAK,False,False,artifacts/latest/part_full_model_matrix_coverage_v1_4_6/linear/mod_cls_blocks_0_fc2.pt,"SVD is compression/pattern fit, not human primitive interpretation."
mod.cls_blocks.0.fc2.Linear.W_aug,mod.cls_blocks.0.fc2,Linear,Linear.W_aug,128x513,linear_W_aug,2.868467845473788e-07,True,APPROX_PATTERN_FIT_RECTANGULAR_SVD,0.7384593486785889,PRIMITIVE_EXPLANATION_WEAK,False,False,artifacts/latest/part_full_model_matrix_coverage_v1_4_6/linear/mod_cls_blocks_0_fc2.pt,"SVD is compression/pattern fit, not human primitive interpretation."
mod.cls_blocks.1.fc1.Linear.W,mod.cls_blocks.1.fc1,Linear,Linear.W,512x128,linear_W,1.68635381214699e-07,True,APPROX_PATTERN_FIT_RECTANGULAR_SVD,0.6703302264213562,PRIMITIVE_EXPLANATION_WEAK,False,False,artifacts/latest/part_full_model_matrix_coverage_v1_4_6/linear/mod_cls_blocks_1_fc1.pt,"SVD is compression/pattern fit, not human primitive interpretation."
mod.cls_blocks.1.fc1.Linear.W_aug,mod.cls_blocks.1.fc1,Linear,Linear.W_aug,512x129,linear_W_aug,1.68635381214699e-07,True,APPROX_PATTERN_FIT_RECTANGULAR_SVD,0.6703302264213562,PRIMITIVE_EXPLANATION_WEAK,False,False,artifacts/latest/part_full_model_matrix_coverage_v1_4_6/linear/mod_cls_blocks_1_fc1.pt,"SVD is compression/pattern fit, not human primitive interpretation."
mod.cls_blocks.1.fc2.Linear.W,mod.cls_blocks.1.fc2,Linear,Linear.W,128x512,linear_W,2.3074079535945202e-07,True,APPROX_PATTERN_FIT_RECTANGULAR_SVD,0.3613685369491577,PRIMITIVE_EXPLANATION_WEAK,False,False,artifacts/latest/part_full_model_matrix_coverage_v1_4_6/linear/mod_cls_blocks_1_fc2.pt,"SVD is compression/pattern fit, not human primitive interpretation."
mod.cls_blocks.1.fc2.Linear.W_aug,mod.cls_blocks.1.fc2,Linear,Linear.W_aug,128x513,linear_W_aug,2.3074079535945202e-07,True,APPROX_PATTERN_FIT_RECTANGULAR_SVD,0.3613685369491577,PRIMITIVE_EXPLANATION_WEAK,False,False,artifacts/latest/part_full_model_matrix_coverage_v1_4_6/linear/mod_cls_blocks_1_fc2.pt,"SVD is compression/pattern fit, not human primitive interpretation."
mod.fc.0.Linear.W,mod.fc.0,Linear,Linear.W,10x128,linear_W,1.8038177529433597e-07,True,APPROX_PATTERN_FIT_RECTANGULAR_SVD,5.2654331739177e-07,STRONG_INTERPRETATION,False,False,artifacts/latest/part_full_model_matrix_coverage_v1_4_6/linear/mod_fc_0.pt,"SVD is compression/pattern fit, not human primitive interpretation."
mod.fc.0.Linear.W_aug,mod.fc.0,Linear,Linear.W_aug,10x129,linear_W_aug,1.8038177529433597e-07,True,APPROX_PATTERN_FIT_RECTANGULAR_SVD,5.2654331739177e-07,STRONG_INTERPRETATION,False,False,artifacts/latest/part_full_model_matrix_coverage_v1_4_6/linear/mod_fc_0.pt,"SVD is compression/pattern fit, not human primitive interpretation."
mod.pair_embed.embed.1.Conv1d.W,mod.pair_embed.embed.1,Conv1d,Conv1d.W,64x4x1,conv1d_exact_convolution_operator,4.178942347721204e-08,True,APPROX_PATTERN_FIT_RECTANGULAR_SVD,3.431755146721116e-07,STRONG_INTERPRETATION,False,False,artifacts/latest/part_full_model_matrix_coverage_v1_4_6/conv1d/mod_pair_embed_embed_1.pt,"Exact Conv1d replay. Primitive fit only for 1x1 conv matrix W[:,:,0]; larger kernels are exact conv operators, not simple channel matrices."
mod.pair_embed.embed.1.Conv1d.W_1x1_matrix,mod.pair_embed.embed.1,Conv1d,Conv1d.W_1x1_matrix,64x4,conv1d_1x1_channel_matrix,4.178942347721204e-08,True,APPROX_PATTERN_FIT_RECTANGULAR_SVD,3.431755146721116e-07,STRONG_INTERPRETATION,False,False,artifacts/latest/part_full_model_matrix_coverage_v1_4_6/conv1d/mod_pair_embed_embed_1.pt,1x1 Conv1d exposed as channel matrix for primitive fitting.
mod.pair_embed.embed.4.Conv1d.W,mod.pair_embed.embed.4,Conv1d,Conv1d.W,64x64x1,conv1d_exact_convolution_operator,6.320010470517445e-08,True,SPARSE_OMP_BASE_PLUS_TARGET_MINED,0.6378163695335388,PRIMITIVE_EXPLANATION_WEAK,True,False,artifacts/latest/part_full_model_matrix_coverage_v1_4_6/conv1d/mod_pair_embed_embed_4.pt,"Exact Conv1d replay. Primitive fit only for 1x1 conv matrix W[:,:,0]; larger kernels are exact conv operators, not simple channel matrices."
mod.pair_embed.embed.4.Conv1d.W_1x1_matrix,mod.pair_embed.embed.4,Conv1d,Conv1d.W_1x1_matrix,64x64,conv1d_1x1_channel_matrix,6.320010470517445e-08,True,SPARSE_OMP_BASE_PLUS_TARGET_MINED,0.6378163695335388,PRIMITIVE_EXPLANATION_WEAK,True,False,artifacts/latest/part_full_model_matrix_coverage_v1_4_6/conv1d/mod_pair_embed_embed_4.pt,1x1 Conv1d exposed as channel matrix for primitive fitting.
mod.pair_embed.embed.7.Conv1d.W,mod.pair_embed.embed.7,Conv1d,Conv1d.W,64x64x1,conv1d_exact_convolution_operator,7.323984618778923e-08,True,SPARSE_OMP_BASE_PLUS_TARGET_MINED,0.7366929054260254,PRIMITIVE_EXPLANATION_WEAK,True,False,artifacts/latest/part_full_model_matrix_coverage_v1_4_6/conv1d/mod_pair_embed_embed_7.pt,"Exact Conv1d replay. Primitive fit only for 1x1 conv matrix W[:,:,0]; larger kernels are exact conv operators, not simple channel matrices."
mod.pair_embed.embed.7.Conv1d.W_1x1_matrix,mod.pair_embed.embed.7,Conv1d,Conv1d.W_1x1_matrix,64x64,conv1d_1x1_channel_matrix,7.323984618778923e-08,True,SPARSE_OMP_BASE_PLUS_TARGET_MINED,0.7366929054260254,PRIMITIVE_EXPLANATION_WEAK,True,False,artifacts/latest/part_full_model_matrix_coverage_v1_4_6/conv1d/mod_pair_embed_embed_7.pt,1x1 Conv1d exposed as channel matrix for primitive fitting.
mod.pair_embed.embed.10.Conv1d.W,mod.pair_embed.embed.10,Conv1d,Conv1d.W,8x64x1,conv1d_exact_convolution_operator,6.107749328521095e-08,True,APPROX_PATTERN_FIT_RECTANGULAR_SVD,6.305492661340395e-07,STRONG_INTERPRETATION,False,False,artifacts/latest/part_full_model_matrix_coverage_v1_4_6/conv1d/mod_pair_embed_embed_10.pt,"Exact Conv1d replay. Primitive fit only for 1x1 conv matrix W[:,:,0]; larger kernels are exact conv operators, not simple channel matrices."
mod.pair_embed.embed.10.Conv1d.W_1x1_matrix,mod.pair_embed.embed.10,Conv1d,Conv1d.W_1x1_matrix,8x64,conv1d_1x1_channel_matrix,6.107749328521095e-08,True,APPROX_PATTERN_FIT_RECTANGULAR_SVD,6.305492661340395e-07,STRONG_INTERPRETATION,False,False,artifacts/latest/part_full_model_matrix_coverage_v1_4_6/conv1d/mod_pair_embed_embed_10.pt,1x1 Conv1d exposed as channel matrix for primitive fitting.
mod.blocks.0.attn.h0.M_qk,mod.blocks.0.attn,MultiheadAttention,Attention.head.M_qk,,attention_exact_matrix_circuit,2.2585140868613962e-07,True,SPARSE_OMP_OR_TARGET_MINED,0.5316261649131775,PRIMITIVE_EXPLANATION_WEAK,True,False,artifacts/latest/part_full_model_matrix_coverage_v1_4_6/attention/mod_blocks_0_attn_h0.pt,Attention exact matrix target; primitive fit is approximate.
mod.blocks.0.attn.h0.M_qk_aug,mod.blocks.0.attn,MultiheadAttention,Attention.head.M_qk_aug,,attention_exact_matrix_circuit,2.2585140868613962e-07,True,AUGMENTED_EXACT_TARGET,,,False,False,artifacts/latest/part_full_model_matrix_coverage_v1_4_6/attention/mod_blocks_0_attn_h0.pt,Augmented exact target exported in tensor artifact.
mod.blocks.0.attn.h0.C_vo,mod.blocks.0.attn,MultiheadAttention,Attention.head.C_vo,,attention_exact_matrix_circuit,2.2585140868613962e-07,True,SPARSE_OMP_OR_TARGET_MINED,0.5950967669487,PRIMITIVE_EXPLANATION_WEAK,True,False,artifacts/latest/part_full_model_matrix_coverage_v1_4_6/attention/mod_blocks_0_attn_h0.pt,Attention exact matrix target; primitive fit is approximate.
mod.blocks.0.attn.h0.C_vo_aug,mod.blocks.0.attn,MultiheadAttention,Attention.head.C_vo_aug,,attention_exact_matrix_circuit,2.2585140868613962e-07,True,AUGMENTED_EXACT_TARGET,,,False,False,artifacts/latest/part_full_model_matrix_coverage_v1_4_6/attention/mod_blocks_0_attn_h0.pt,Augmented exact target exported in tensor artifact.
mod.blocks.0.attn.h1.M_qk,mod.blocks.0.attn,MultiheadAttention,Attention.head.M_qk,,attention_exact_matrix_circuit,2.2585140868613962e-07,True,SPARSE_OMP_OR_TARGET_MINED,0.4492568075656891,PRIMITIVE_EXPLANATION_WEAK,True,False,artifacts/latest/part_full_model_matrix_coverage_v1_4_6/attention/mod_blocks_0_attn_h1.pt,Attention exact matrix target; primitive fit is approximate.
mod.blocks.0.attn.h1.M_qk_aug,mod.blocks.0.attn,MultiheadAttention,Attention.head.M_qk_aug,,attention_exact_matrix_circuit,2.2585140868613962e-07,True,AUGMENTED_EXACT_TARGET,,,False,False,artifacts/latest/part_full_model_matrix_coverage_v1_4_6/attention/mod_blocks_0_attn_h1.pt,Augmented exact target exported in tensor artifact.
mod.blocks.0.attn.h1.C_vo,mod.blocks.0.attn,MultiheadAttention,Attention.head.C_vo,,attention_exact_matrix_circuit,2.2585140868613962e-07,True,SPARSE_OMP_OR_TARGET_MINED,0.5148299336433411,PRIMITIVE_EXPLANATION_WEAK,True,False,artifacts/latest/part_full_model_matrix_coverage_v1_4_6/attention/mod_blocks_0_attn_h1.pt,Attention exact matrix target; primitive fit is approximate.
mod.blocks.0.attn.h1.C_vo_aug,mod.blocks.0.attn,MultiheadAttention,Attention.head.C_vo_aug,,attention_exact_matrix_circuit,2.2585140868613962e-07,True,AUGMENTED_EXACT_TARGET,,,False,False,artifacts/latest/part_full_model_matrix_coverage_v1_4_6/attention/mod_blocks_0_attn_h1.pt,Augmented exact target exported in tensor artifact.
mod.blocks.0.attn.h2.M_qk,mod.blocks.0.attn,MultiheadAttention,Attention.head.M_qk,,attention_exact_matrix_circuit,2.2585140868613962e-07,True,SPARSE_OMP_OR_TARGET_MINED,0.3959214687347412,PRIMITIVE_EXPLANATION_WEAK,True,False,artifacts/latest/part_full_model_matrix_coverage_v1_4_6/attention/mod_blocks_0_attn_h2.pt,Attention exact matrix target; primitive fit is approximate.
mod.blocks.0.attn.h2.M_qk_aug,mod.blocks.0.attn,MultiheadAttention,Attention.head.M_qk_aug,,attention_exact_matrix_circuit,2.2585140868613962e-07,True,AUGMENTED_EXACT_TARGET,,,False,False,artifacts/latest/part_full_model_matrix_coverage_v1_4_6/attention/mod_blocks_0_attn_h2.pt,Augmented exact target exported in tensor artifact.
mod.blocks.0.attn.h2.C_vo,mod.blocks.0.attn,MultiheadAttention,Attention.head.C_vo,,attention_exact_matrix_circuit,2.2585140868613962e-07,True,SPARSE_OMP_OR_TARGET_MINED,0.6000787019729614,PRIMITIVE_EXPLANATION_WEAK,True,False,artifacts/latest/part_full_model_matrix_coverage_v1_4_6/attention/mod_blocks_0_attn_h2.pt,Attention exact matrix target; primitive fit is approximate.
mod.blocks.0.attn.h2.C_vo_aug,mod.blocks.0.attn,MultiheadAttention,Attention.head.C_vo_aug,,attention_exact_matrix_circuit,2.2585140868613962e-07,True,AUGMENTED_EXACT_TARGET,,,False,False,artifacts/latest/part_full_model_matrix_coverage_v1_4_6/attention/mod_blocks_0_attn_h2.pt,Augmented exact target exported in tensor artifact.
mod.blocks.0.attn.h3.M_qk,mod.blocks.0.attn,MultiheadAttention,Attention.head.M_qk,,attention_exact_matrix_circuit,2.2585140868613962e-07,True,SPARSE_OMP_OR_TARGET_MINED,0.5070363879203796,PRIMITIVE_EXPLANATION_WEAK,True,False,artifacts/latest/part_full_model_matrix_coverage_v1_4_6/attention/mod_blocks_0_attn_h3.pt,Attention exact matrix target; primitive fit is approximate.
mod.blocks.0.attn.h3.M_qk_aug,mod.blocks.0.attn,MultiheadAttention,Attention.head.M_qk_aug,,attention_exact_matrix_circuit,2.2585140868613962e-07,True,AUGMENTED_EXACT_TARGET,,,False,False,artifacts/latest/part_full_model_matrix_coverage_v1_4_6/attention/mod_blocks_0_attn_h3.pt,Augmented exact target exported in tensor artifact.
mod.blocks.0.attn.h3.C_vo,mod.blocks.0.attn,MultiheadAttention,Attention.head.C_vo,,attention_exact_matrix_circuit,2.2585140868613962e-07,True,SPARSE_OMP_OR_TARGET_MINED,0.49227699637413025,PRIMITIVE_EXPLANATION_WEAK,True,False,artifacts/latest/part_full_model_matrix_coverage_v1_4_6/attention/mod_blocks_0_attn_h3.pt,Attention exact matrix target; primitive fit is approximate.
mod.blocks.0.attn.h3.C_vo_aug,mod.blocks.0.attn,MultiheadAttention,Attention.head.C_vo_aug,,attention_exact_matrix_circuit,2.2585140868613962e-07,True,AUGMENTED_EXACT_TARGET,,,False,False,artifacts/latest/part_full_model_matrix_coverage_v1_4_6/attention/mod_blocks_0_attn_h3.pt,Augmented exact target exported in tensor artifact.
mod.blocks.0.attn.h4.M_qk,mod.blocks.0.attn,MultiheadAttention,Attention.head.M_qk,,attention_exact_matrix_circuit,2.2585140868613962e-07,True,SPARSE_OMP_OR_TARGET_MINED,0.5582700371742249,PRIMITIVE_EXPLANATION_WEAK,True,False,artifacts/latest/part_full_model_matrix_coverage_v1_4_6/attention/mod_blocks_0_attn_h4.pt,Attention exact matrix target; primitive fit is approximate.
mod.blocks.0.attn.h4.M_qk_aug,mod.blocks.0.attn,MultiheadAttention,Attention.head.M_qk_aug,,attention_exact_matrix_circuit,2.2585140868613962e-07,True,AUGMENTED_EXACT_TARGET,,,False,False,artifacts/latest/part_full_model_matrix_coverage_v1_4_6/attention/mod_blocks_0_attn_h4.pt,Augmented exact target exported in tensor artifact.
mod.blocks.0.attn.h4.C_vo,mod.blocks.0.attn,MultiheadAttention,Attention.head.C_vo,,attention_exact_matrix_circuit,2.2585140868613962e-07,True,SPARSE_OMP_OR_TARGET_MINED,0.4709368050098419,PRIMITIVE_EXPLANATION_WEAK,True,False,artifacts/latest/part_full_model_matrix_coverage_v1_4_6/attention/mod_blocks_0_attn_h4.pt,Attention exact matrix target; primitive fit is approximate.
mod.blocks.0.attn.h4.C_vo_aug,mod.blocks.0.attn,MultiheadAttention,Attention.head.C_vo_aug,,attention_exact_matrix_circuit,2.2585140868613962e-07,True,AUGMENTED_EXACT_TARGET,,,False,False,artifacts/latest/part_full_model_matrix_coverage_v1_4_6/attention/mod_blocks_0_attn_h4.pt,Augmented exact target exported in tensor artifact.
mod.blocks.0.attn.h5.M_qk,mod.blocks.0.attn,MultiheadAttention,Attention.head.M_qk,,attention_exact_matrix_circuit,2.2585140868613962e-07,True,SPARSE_OMP_OR_TARGET_MINED,0.5537932515144348,PRIMITIVE_EXPLANATION_WEAK,True,False,artifacts/latest/part_full_model_matrix_coverage_v1_4_6/attention/mod_blocks_0_attn_h5.pt,Attention exact matrix target; primitive fit is approximate.
mod.blocks.0.attn.h5.M_qk_aug,mod.blocks.0.attn,MultiheadAttention,Attention.head.M_qk_aug,,attention_exact_matrix_circuit,2.2585140868613962e-07,True,AUGMENTED_EXACT_TARGET,,,False,False,artifacts/latest/part_full_model_matrix_coverage_v1_4_6/attention/mod_blocks_0_attn_h5.pt,Augmented exact target exported in tensor artifact.
mod.blocks.0.attn.h5.C_vo,mod.blocks.0.attn,MultiheadAttention,Attention.head.C_vo,,attention_exact_matrix_circuit,2.2585140868613962e-07,True,SPARSE_OMP_OR_TARGET_MINED,0.5872421860694885,PRIMITIVE_EXPLANATION_WEAK,True,False,artifacts/latest/part_full_model_matrix_coverage_v1_4_6/attention/mod_blocks_0_attn_h5.pt,Attention exact matrix target; primitive fit is approximate.
mod.blocks.0.attn.h5.C_vo_aug,mod.blocks.0.attn,MultiheadAttention,Attention.head.C_vo_aug,,attention_exact_matrix_circuit,2.2585140868613962e-07,True,AUGMENTED_EXACT_TARGET,,,False,False,artifacts/latest/part_full_model_matrix_coverage_v1_4_6/attention/mod_blocks_0_attn_h5.pt,Augmented exact target exported in tensor artifact.
mod.blocks.0.attn.h6.M_qk,mod.blocks.0.attn,MultiheadAttention,Attention.head.M_qk,,attention_exact_matrix_circuit,2.2585140868613962e-07,True,SPARSE_OMP_OR_TARGET_MINED,0.5530377626419067,PRIMITIVE_EXPLANATION_WEAK,True,False,artifacts/latest/part_full_model_matrix_coverage_v1_4_6/attention/mod_blocks_0_attn_h6.pt,Attention exact matrix target; primitive fit is approximate.
mod.blocks.0.attn.h6.M_qk_aug,mod.blocks.0.attn,MultiheadAttention,Attention.head.M_qk_aug,,attention_exact_matrix_circuit,2.2585140868613962e-07,True,AUGMENTED_EXACT_TARGET,,,False,False,artifacts/latest/part_full_model_matrix_coverage_v1_4_6/attention/mod_blocks_0_attn_h6.pt,Augmented exact target exported in tensor artifact.
mod.blocks.0.attn.h6.C_vo,mod.blocks.0.attn,MultiheadAttention,Attention.head.C_vo,,attention_exact_matrix_circuit,2.2585140868613962e-07,True,SPARSE_OMP_OR_TARGET_MINED,0.6228928565979004,PRIMITIVE_EXPLANATION_WEAK,True,False,artifacts/latest/part_full_model_matrix_coverage_v1_4_6/attention/mod_blocks_0_attn_h6.pt,Attention exact matrix target; primitive fit is approximate.
mod.blocks.0.attn.h6.C_vo_aug,mod.blocks.0.attn,MultiheadAttention,Attention.head.C_vo_aug,,attention_exact_matrix_circuit,2.2585140868613962e-07,True,AUGMENTED_EXACT_TARGET,,,False,False,artifacts/latest/part_full_model_matrix_coverage_v1_4_6/attention/mod_blocks_0_attn_h6.pt,Augmented exact target exported in tensor artifact.
mod.blocks.0.attn.h7.M_qk,mod.blocks.0.attn,MultiheadAttention,Attention.head.M_qk,,attention_exact_matrix_circuit,2.2585140868613962e-07,True,SPARSE_OMP_OR_TARGET_MINED,0.5418083667755127,PRIMITIVE_EXPLANATION_WEAK,True,False,artifacts/latest/part_full_model_matrix_coverage_v1_4_6/attention/mod_blocks_0_attn_h7.pt,Attention exact matrix target; primitive fit is approximate.
mod.blocks.0.attn.h7.M_qk_aug,mod.blocks.0.attn,MultiheadAttention,Attention.head.M_qk_aug,,attention_exact_matrix_circuit,2.2585140868613962e-07,True,AUGMENTED_EXACT_TARGET,,,False,False,artifacts/latest/part_full_model_matrix_coverage_v1_4_6/attention/mod_blocks_0_attn_h7.pt,Augmented exact target exported in tensor artifact.
mod.blocks.0.attn.h7.C_vo,mod.blocks.0.attn,MultiheadAttention,Attention.head.C_vo,,attention_exact_matrix_circuit,2.2585140868613962e-07,True,SPARSE_OMP_OR_TARGET_MINED,0.5540748238563538,PRIMITIVE_EXPLANATION_WEAK,True,False,artifacts/latest/part_full_model_matrix_coverage_v1_4_6/attention/mod_blocks_0_attn_h7.pt,Attention exact matrix target; primitive fit is approximate.
mod.blocks.0.attn.h7.C_vo_aug,mod.blocks.0.attn,MultiheadAttention,Attention.head.C_vo_aug,,attention_exact_matrix_circuit,2.2585140868613962e-07,True,AUGMENTED_EXACT_TARGET,,,False,False,artifacts/latest/part_full_model_matrix_coverage_v1_4_6/attention/mod_blocks_0_attn_h7.pt,Augmented exact target exported in tensor artifact.
mod.blocks.1.attn.h0.M_qk,mod.blocks.1.attn,MultiheadAttention,Attention.head.M_qk,,attention_exact_matrix_circuit,3.088062499045918e-07,True,SPARSE_OMP_OR_TARGET_MINED,0.671886146068573,PRIMITIVE_EXPLANATION_WEAK,True,False,artifacts/latest/part_full_model_matrix_coverage_v1_4_6/attention/mod_blocks_1_attn_h0.pt,Attention exact matrix target; primitive fit is approximate.
mod.blocks.1.attn.h0.M_qk_aug,mod.blocks.1.attn,MultiheadAttention,Attention.head.M_qk_aug,,attention_exact_matrix_circuit,3.088062499045918e-07,True,AUGMENTED_EXACT_TARGET,,,False,False,artifacts/latest/part_full_model_matrix_coverage_v1_4_6/attention/mod_blocks_1_attn_h0.pt,Augmented exact target exported in tensor artifact.
mod.blocks.1.attn.h0.C_vo,mod.blocks.1.attn,MultiheadAttention,Attention.head.C_vo,,attention_exact_matrix_circuit,3.088062499045918e-07,True,SPARSE_OMP_OR_TARGET_MINED,0.6519380211830139,PRIMITIVE_EXPLANATION_WEAK,True,False,artifacts/latest/part_full_model_matrix_coverage_v1_4_6/attention/mod_blocks_1_attn_h0.pt,Attention exact matrix target; primitive fit is approximate.
mod.blocks.1.attn.h0.C_vo_aug,mod.blocks.1.attn,MultiheadAttention,Attention.head.C_vo_aug,,attention_exact_matrix_circuit,3.088062499045918e-07,True,AUGMENTED_EXACT_TARGET,,,False,False,artifacts/latest/part_full_model_matrix_coverage_v1_4_6/attention/mod_blocks_1_attn_h0.pt,Augmented exact target exported in tensor artifact.
mod.blocks.1.attn.h1.M_qk,mod.blocks.1.attn,MultiheadAttention,Attention.head.M_qk,,attention_exact_matrix_circuit,3.088062499045918e-07,True,SPARSE_OMP_OR_TARGET_MINED,0.5796706676483154,PRIMITIVE_EXPLANATION_WEAK,True,False,artifacts/latest/part_full_model_matrix_coverage_v1_4_6/attention/mod_blocks_1_attn_h1.pt,Attention exact matrix target; primitive fit is approximate.
mod.blocks.1.attn.h1.M_qk_aug,mod.blocks.1.attn,MultiheadAttention,Attention.head.M_qk_aug,,attention_exact_matrix_circuit,3.088062499045918e-07,True,AUGMENTED_EXACT_TARGET,,,False,False,artifacts/latest/part_full_model_matrix_coverage_v1_4_6/attention/mod_blocks_1_attn_h1.pt,Augmented exact target exported in tensor artifact.
mod.blocks.1.attn.h1.C_vo,mod.blocks.1.attn,MultiheadAttention,Attention.head.C_vo,,attention_exact_matrix_circuit,3.088062499045918e-07,True,SPARSE_OMP_OR_TARGET_MINED,0.5691954493522644,PRIMITIVE_EXPLANATION_WEAK,True,False,artifacts/latest/part_full_model_matrix_coverage_v1_4_6/attention/mod_blocks_1_attn_h1.pt,Attention exact matrix target; primitive fit is approximate.
mod.blocks.1.attn.h1.C_vo_aug,mod.blocks.1.attn,MultiheadAttention,Attention.head.C_vo_aug,,attention_exact_matrix_circuit,3.088062499045918e-07,True,AUGMENTED_EXACT_TARGET,,,False,False,artifacts/latest/part_full_model_matrix_coverage_v1_4_6/attention/mod_blocks_1_attn_h1.pt,Augmented exact target exported in tensor artifact.
mod.blocks.1.attn.h2.M_qk,mod.blocks.1.attn,MultiheadAttention,Attention.head.M_qk,,attention_exact_matrix_circuit,3.088062499045918e-07,True,SPARSE_OMP_OR_TARGET_MINED,0.6909328103065491,PRIMITIVE_EXPLANATION_WEAK,True,False,artifacts/latest/part_full_model_matrix_coverage_v1_4_6/attention/mod_blocks_1_attn_h2.pt,Attention exact matrix target; primitive fit is approximate.
mod.blocks.1.attn.h2.M_qk_aug,mod.blocks.1.attn,MultiheadAttention,Attention.head.M_qk_aug,,attention_exact_matrix_circuit,3.088062499045918e-07,True,AUGMENTED_EXACT_TARGET,,,False,False,artifacts/latest/part_full_model_matrix_coverage_v1_4_6/attention/mod_blocks_1_attn_h2.pt,Augmented exact target exported in tensor artifact.
mod.blocks.1.attn.h2.C_vo,mod.blocks.1.attn,MultiheadAttention,Attention.head.C_vo,,attention_exact_matrix_circuit,3.088062499045918e-07,True,SPARSE_OMP_OR_TARGET_MINED,0.6407756805419922,PRIMITIVE_EXPLANATION_WEAK,True,False,artifacts/latest/part_full_model_matrix_coverage_v1_4_6/attention/mod_blocks_1_attn_h2.pt,Attention exact matrix target; primitive fit is approximate.
mod.blocks.1.attn.h2.C_vo_aug,mod.blocks.1.attn,MultiheadAttention,Attention.head.C_vo_aug,,attention_exact_matrix_circuit,3.088062499045918e-07,True,AUGMENTED_EXACT_TARGET,,,False,False,artifacts/latest/part_full_model_matrix_coverage_v1_4_6/attention/mod_blocks_1_attn_h2.pt,Augmented exact target exported in tensor artifact.
mod.blocks.1.attn.h3.M_qk,mod.blocks.1.attn,MultiheadAttention,Attention.head.M_qk,,attention_exact_matrix_circuit,3.088062499045918e-07,True,SPARSE_OMP_OR_TARGET_MINED,0.6550976634025574,PRIMITIVE_EXPLANATION_WEAK,True,False,artifacts/latest/part_full_model_matrix_coverage_v1_4_6/attention/mod_blocks_1_attn_h3.pt,Attention exact matrix target; primitive fit is approximate.
mod.blocks.1.attn.h3.M_qk_aug,mod.blocks.1.attn,MultiheadAttention,Attention.head.M_qk_aug,,attention_exact_matrix_circuit,3.088062499045918e-07,True,AUGMENTED_EXACT_TARGET,,,False,False,artifacts/latest/part_full_model_matrix_coverage_v1_4_6/attention/mod_blocks_1_attn_h3.pt,Augmented exact target exported in tensor artifact.
mod.blocks.1.attn.h3.C_vo,mod.blocks.1.attn,MultiheadAttention,Attention.head.C_vo,,attention_exact_matrix_circuit,3.088062499045918e-07,True,SPARSE_OMP_OR_TARGET_MINED,0.5629401206970215,PRIMITIVE_EXPLANATION_WEAK,True,False,artifacts/latest/part_full_model_matrix_coverage_v1_4_6/attention/mod_blocks_1_attn_h3.pt,Attention exact matrix target; primitive fit is approximate.
mod.blocks.1.attn.h3.C_vo_aug,mod.blocks.1.attn,MultiheadAttention,Attention.head.C_vo_aug,,attention_exact_matrix_circuit,3.088062499045918e-07,True,AUGMENTED_EXACT_TARGET,,,False,False,artifacts/latest/part_full_model_matrix_coverage_v1_4_6/attention/mod_blocks_1_attn_h3.pt,Augmented exact target exported in tensor artifact.
mod.blocks.1.attn.h4.M_qk,mod.blocks.1.attn,MultiheadAttention,Attention.head.M_qk,,attention_exact_matrix_circuit,3.088062499045918e-07,True,SPARSE_OMP_OR_TARGET_MINED,0.5901337265968323,PRIMITIVE_EXPLANATION_WEAK,True,False,artifacts/latest/part_full_model_matrix_coverage_v1_4_6/attention/mod_blocks_1_attn_h4.pt,Attention exact matrix target; primitive fit is approximate.
mod.blocks.1.attn.h4.M_qk_aug,mod.blocks.1.attn,MultiheadAttention,Attention.head.M_qk_aug,,attention_exact_matrix_circuit,3.088062499045918e-07,True,AUGMENTED_EXACT_TARGET,,,False,False,artifacts/latest/part_full_model_matrix_coverage_v1_4_6/attention/mod_blocks_1_attn_h4.pt,Augmented exact target exported in tensor artifact.
mod.blocks.1.attn.h4.C_vo,mod.blocks.1.attn,MultiheadAttention,Attention.head.C_vo,,attention_exact_matrix_circuit,3.088062499045918e-07,True,SPARSE_OMP_OR_TARGET_MINED,0.5627337694168091,PRIMITIVE_EXPLANATION_WEAK,True,False,artifacts/latest/part_full_model_matrix_coverage_v1_4_6/attention/mod_blocks_1_attn_h4.pt,Attention exact matrix target; primitive fit is approximate.
mod.blocks.1.attn.h4.C_vo_aug,mod.blocks.1.attn,MultiheadAttention,Attention.head.C_vo_aug,,attention_exact_matrix_circuit,3.088062499045918e-07,True,AUGMENTED_EXACT_TARGET,,,False,False,artifacts/latest/part_full_model_matrix_coverage_v1_4_6/attention/mod_blocks_1_attn_h4.pt,Augmented exact target exported in tensor artifact.
mod.blocks.1.attn.h5.M_qk,mod.blocks.1.attn,MultiheadAttention,Attention.head.M_qk,,attention_exact_matrix_circuit,3.088062499045918e-07,True,SPARSE_OMP_OR_TARGET_MINED,0.7071942687034607,PRIMITIVE_EXPLANATION_WEAK,True,False,artifacts/latest/part_full_model_matrix_coverage_v1_4_6/attention/mod_blocks_1_attn_h5.pt,Attention exact matrix target; primitive fit is approximate.
mod.blocks.1.attn.h5.M_qk_aug,mod.blocks.1.attn,MultiheadAttention,Attention.head.M_qk_aug,,attention_exact_matrix_circuit,3.088062499045918e-07,True,AUGMENTED_EXACT_TARGET,,,False,False,artifacts/latest/part_full_model_matrix_coverage_v1_4_6/attention/mod_blocks_1_attn_h5.pt,Augmented exact target exported in tensor artifact.
mod.blocks.1.attn.h5.C_vo,mod.blocks.1.attn,MultiheadAttention,Attention.head.C_vo,,attention_exact_matrix_circuit,3.088062499045918e-07,True,SPARSE_OMP_OR_TARGET_MINED,0.6393589973449707,PRIMITIVE_EXPLANATION_WEAK,True,False,artifacts/latest/part_full_model_matrix_coverage_v1_4_6/attention/mod_blocks_1_attn_h5.pt,Attention exact matrix target; primitive fit is approximate.
mod.blocks.1.attn.h5.C_vo_aug,mod.blocks.1.attn,MultiheadAttention,Attention.head.C_vo_aug,,attention_exact_matrix_circuit,3.088062499045918e-07,True,AUGMENTED_EXACT_TARGET,,,False,False,artifacts/latest/part_full_model_matrix_coverage_v1_4_6/attention/mod_blocks_1_attn_h5.pt,Augmented exact target exported in tensor artifact.
mod.blocks.1.attn.h6.M_qk,mod.blocks.1.attn,MultiheadAttention,Attention.head.M_qk,,attention_exact_matrix_circuit,3.088062499045918e-07,True,SPARSE_OMP_OR_TARGET_MINED,0.7095016241073608,PRIMITIVE_EXPLANATION_WEAK,True,False,artifacts/latest/part_full_model_matrix_coverage_v1_4_6/attention/mod_blocks_1_attn_h6.pt,Attention exact matrix target; primitive fit is approximate.
mod.blocks.1.attn.h6.M_qk_aug,mod.blocks.1.attn,MultiheadAttention,Attention.head.M_qk_aug,,attention_exact_matrix_circuit,3.088062499045918e-07,True,AUGMENTED_EXACT_TARGET,,,False,False,artifacts/latest/part_full_model_matrix_coverage_v1_4_6/attention/mod_blocks_1_attn_h6.pt,Augmented exact target exported in tensor artifact.
mod.blocks.1.attn.h6.C_vo,mod.blocks.1.attn,MultiheadAttention,Attention.head.C_vo,,attention_exact_matrix_circuit,3.088062499045918e-07,True,SPARSE_OMP_OR_TARGET_MINED,0.6356740593910217,PRIMITIVE_EXPLANATION_WEAK,True,False,artifacts/latest/part_full_model_matrix_coverage_v1_4_6/attention/mod_blocks_1_attn_h6.pt,Attention exact matrix target; primitive fit is approximate.
mod.blocks.1.attn.h6.C_vo_aug,mod.blocks.1.attn,MultiheadAttention,Attention.head.C_vo_aug,,attention_exact_matrix_circuit,3.088062499045918e-07,True,AUGMENTED_EXACT_TARGET,,,False,False,artifacts/latest/part_full_model_matrix_coverage_v1_4_6/attention/mod_blocks_1_attn_h6.pt,Augmented exact target exported in tensor artifact.
mod.blocks.1.attn.h7.M_qk,mod.blocks.1.attn,MultiheadAttention,Attention.head.M_qk,,attention_exact_matrix_circuit,3.088062499045918e-07,True,SPARSE_OMP_OR_TARGET_MINED,0.5303288698196411,PRIMITIVE_EXPLANATION_WEAK,True,False,artifacts/latest/part_full_model_matrix_coverage_v1_4_6/attention/mod_blocks_1_attn_h7.pt,Attention exact matrix target; primitive fit is approximate.
mod.blocks.1.attn.h7.M_qk_aug,mod.blocks.1.attn,MultiheadAttention,Attention.head.M_qk_aug,,attention_exact_matrix_circuit,3.088062499045918e-07,True,AUGMENTED_EXACT_TARGET,,,False,False,artifacts/latest/part_full_model_matrix_coverage_v1_4_6/attention/mod_blocks_1_attn_h7.pt,Augmented exact target exported in tensor artifact.
mod.blocks.1.attn.h7.C_vo,mod.blocks.1.attn,MultiheadAttention,Attention.head.C_vo,,attention_exact_matrix_circuit,3.088062499045918e-07,True,SPARSE_OMP_OR_TARGET_MINED,0.6081031560897827,PRIMITIVE_EXPLANATION_WEAK,True,False,artifacts/latest/part_full_model_matrix_coverage_v1_4_6/attention/mod_blocks_1_attn_h7.pt,Attention exact matrix target; primitive fit is approximate.
mod.blocks.1.attn.h7.C_vo_aug,mod.blocks.1.attn,MultiheadAttention,Attention.head.C_vo_aug,,attention_exact_matrix_circuit,3.088062499045918e-07,True,AUGMENTED_EXACT_TARGET,,,False,False,artifacts/latest/part_full_model_matrix_coverage_v1_4_6/attention/mod_blocks_1_attn_h7.pt,Augmented exact target exported in tensor artifact.
mod.blocks.2.attn.h0.M_qk,mod.blocks.2.attn,MultiheadAttention,Attention.head.M_qk,,attention_exact_matrix_circuit,3.610848011703638e-07,True,SPARSE_OMP_OR_TARGET_MINED,0.704671323299408,PRIMITIVE_EXPLANATION_WEAK,True,False,artifacts/latest/part_full_model_matrix_coverage_v1_4_6/attention/mod_blocks_2_attn_h0.pt,Attention exact matrix target; primitive fit is approximate.
mod.blocks.2.attn.h0.M_qk_aug,mod.blocks.2.attn,MultiheadAttention,Attention.head.M_qk_aug,,attention_exact_matrix_circuit,3.610848011703638e-07,True,AUGMENTED_EXACT_TARGET,,,False,False,artifacts/latest/part_full_model_matrix_coverage_v1_4_6/attention/mod_blocks_2_attn_h0.pt,Augmented exact target exported in tensor artifact.
mod.blocks.2.attn.h0.C_vo,mod.blocks.2.attn,MultiheadAttention,Attention.head.C_vo,,attention_exact_matrix_circuit,3.610848011703638e-07,True,SPARSE_OMP_OR_TARGET_MINED,0.6932358741760254,PRIMITIVE_EXPLANATION_WEAK,True,False,artifacts/latest/part_full_model_matrix_coverage_v1_4_6/attention/mod_blocks_2_attn_h0.pt,Attention exact matrix target; primitive fit is approximate.
mod.blocks.2.attn.h0.C_vo_aug,mod.blocks.2.attn,MultiheadAttention,Attention.head.C_vo_aug,,attention_exact_matrix_circuit,3.610848011703638e-07,True,AUGMENTED_EXACT_TARGET,,,False,False,artifacts/latest/part_full_model_matrix_coverage_v1_4_6/attention/mod_blocks_2_attn_h0.pt,Augmented exact target exported in tensor artifact.
mod.blocks.2.attn.h1.M_qk,mod.blocks.2.attn,MultiheadAttention,Attention.head.M_qk,,attention_exact_matrix_circuit,3.610848011703638e-07,True,SPARSE_OMP_OR_TARGET_MINED,0.5460138916969299,PRIMITIVE_EXPLANATION_WEAK,True,False,artifacts/latest/part_full_model_matrix_coverage_v1_4_6/attention/mod_blocks_2_attn_h1.pt,Attention exact matrix target; primitive fit is approximate.
mod.blocks.2.attn.h1.M_qk_aug,mod.blocks.2.attn,MultiheadAttention,Attention.head.M_qk_aug,,attention_exact_matrix_circuit,3.610848011703638e-07,True,AUGMENTED_EXACT_TARGET,,,False,False,artifacts/latest/part_full_model_matrix_coverage_v1_4_6/attention/mod_blocks_2_attn_h1.pt,Augmented exact target exported in tensor artifact.
mod.blocks.2.attn.h1.C_vo,mod.blocks.2.attn,MultiheadAttention,Attention.head.C_vo,,attention_exact_matrix_circuit,3.610848011703638e-07,True,SPARSE_OMP_OR_TARGET_MINED,0.5819666385650635,PRIMITIVE_EXPLANATION_WEAK,True,False,artifacts/latest/part_full_model_matrix_coverage_v1_4_6/attention/mod_blocks_2_attn_h1.pt,Attention exact matrix target; primitive fit is approximate.
mod.blocks.2.attn.h1.C_vo_aug,mod.blocks.2.attn,MultiheadAttention,Attention.head.C_vo_aug,,attention_exact_matrix_circuit,3.610848011703638e-07,True,AUGMENTED_EXACT_TARGET,,,False,False,artifacts/latest/part_full_model_matrix_coverage_v1_4_6/attention/mod_blocks_2_attn_h1.pt,Augmented exact target exported in tensor artifact.
mod.blocks.2.attn.h2.M_qk,mod.blocks.2.attn,MultiheadAttention,Attention.head.M_qk,,attention_exact_matrix_circuit,3.610848011703638e-07,True,SPARSE_OMP_OR_TARGET_MINED,0.7091146111488342,PRIMITIVE_EXPLANATION_WEAK,True,False,artifacts/latest/part_full_model_matrix_coverage_v1_4_6/attention/mod_blocks_2_attn_h2.pt,Attention exact matrix target; primitive fit is approximate.
mod.blocks.2.attn.h2.M_qk_aug,mod.blocks.2.attn,MultiheadAttention,Attention.head.M_qk_aug,,attention_exact_matrix_circuit,3.610848011703638e-07,True,AUGMENTED_EXACT_TARGET,,,False,False,artifacts/latest/part_full_model_matrix_coverage_v1_4_6/attention/mod_blocks_2_attn_h2.pt,Augmented exact target exported in tensor artifact.
mod.blocks.2.attn.h2.C_vo,mod.blocks.2.attn,MultiheadAttention,Attention.head.C_vo,,attention_exact_matrix_circuit,3.610848011703638e-07,True,SPARSE_OMP_OR_TARGET_MINED,0.6678765416145325,PRIMITIVE_EXPLANATION_WEAK,True,False,artifacts/latest/part_full_model_matrix_coverage_v1_4_6/attention/mod_blocks_2_attn_h2.pt,Attention exact matrix target; primitive fit is approximate.
mod.blocks.2.attn.h2.C_vo_aug,mod.blocks.2.attn,MultiheadAttention,Attention.head.C_vo_aug,,attention_exact_matrix_circuit,3.610848011703638e-07,True,AUGMENTED_EXACT_TARGET,,,False,False,artifacts/latest/part_full_model_matrix_coverage_v1_4_6/attention/mod_blocks_2_attn_h2.pt,Augmented exact target exported in tensor artifact.
mod.blocks.2.attn.h3.M_qk,mod.blocks.2.attn,MultiheadAttention,Attention.head.M_qk,,attention_exact_matrix_circuit,3.610848011703638e-07,True,SPARSE_OMP_OR_TARGET_MINED,0.7121639847755432,PRIMITIVE_EXPLANATION_WEAK,True,False,artifacts/latest/part_full_model_matrix_coverage_v1_4_6/attention/mod_blocks_2_attn_h3.pt,Attention exact matrix target; primitive fit is approximate.
mod.blocks.2.attn.h3.M_qk_aug,mod.blocks.2.attn,MultiheadAttention,Attention.head.M_qk_aug,,attention_exact_matrix_circuit,3.610848011703638e-07,True,AUGMENTED_EXACT_TARGET,,,False,False,artifacts/latest/part_full_model_matrix_coverage_v1_4_6/attention/mod_blocks_2_attn_h3.pt,Augmented exact target exported in tensor artifact.
mod.blocks.2.attn.h3.C_vo,mod.blocks.2.attn,MultiheadAttention,Attention.head.C_vo,,attention_exact_matrix_circuit,3.610848011703638e-07,True,SPARSE_OMP_OR_TARGET_MINED,0.6381499767303467,PRIMITIVE_EXPLANATION_WEAK,True,False,artifacts/latest/part_full_model_matrix_coverage_v1_4_6/attention/mod_blocks_2_attn_h3.pt,Attention exact matrix target; primitive fit is approximate.
mod.blocks.2.attn.h3.C_vo_aug,mod.blocks.2.attn,MultiheadAttention,Attention.head.C_vo_aug,,attention_exact_matrix_circuit,3.610848011703638e-07,True,AUGMENTED_EXACT_TARGET,,,False,False,artifacts/latest/part_full_model_matrix_coverage_v1_4_6/attention/mod_blocks_2_attn_h3.pt,Augmented exact target exported in tensor artifact.
mod.blocks.2.attn.h4.M_qk,mod.blocks.2.attn,MultiheadAttention,Attention.head.M_qk,,attention_exact_matrix_circuit,3.610848011703638e-07,True,SPARSE_OMP_OR_TARGET_MINED,0.6039441227912903,PRIMITIVE_EXPLANATION_WEAK,True,False,artifacts/latest/part_full_model_matrix_coverage_v1_4_6/attention/mod_blocks_2_attn_h4.pt,Attention exact matrix target; primitive fit is approximate.
mod.blocks.2.attn.h4.M_qk_aug,mod.blocks.2.attn,MultiheadAttention,Attention.head.M_qk_aug,,attention_exact_matrix_circuit,3.610848011703638e-07,True,AUGMENTED_EXACT_TARGET,,,False,False,artifacts/latest/part_full_model_matrix_coverage_v1_4_6/attention/mod_blocks_2_attn_h4.pt,Augmented exact target exported in tensor artifact.
mod.blocks.2.attn.h4.C_vo,mod.blocks.2.attn,MultiheadAttention,Attention.head.C_vo,,attention_exact_matrix_circuit,3.610848011703638e-07,True,SPARSE_OMP_OR_TARGET_MINED,0.587337076663971,PRIMITIVE_EXPLANATION_WEAK,True,False,artifacts/latest/part_full_model_matrix_coverage_v1_4_6/attention/mod_blocks_2_attn_h4.pt,Attention exact matrix target; primitive fit is approximate.
mod.blocks.2.attn.h4.C_vo_aug,mod.blocks.2.attn,MultiheadAttention,Attention.head.C_vo_aug,,attention_exact_matrix_circuit,3.610848011703638e-07,True,AUGMENTED_EXACT_TARGET,,,False,False,artifacts/latest/part_full_model_matrix_coverage_v1_4_6/attention/mod_blocks_2_attn_h4.pt,Augmented exact target exported in tensor artifact.
mod.blocks.2.attn.h5.M_qk,mod.blocks.2.attn,MultiheadAttention,Attention.head.M_qk,,attention_exact_matrix_circuit,3.610848011703638e-07,True,SPARSE_OMP_OR_TARGET_MINED,0.7180335521697998,PRIMITIVE_EXPLANATION_WEAK,True,False,artifacts/latest/part_full_model_matrix_coverage_v1_4_6/attention/mod_blocks_2_attn_h5.pt,Attention exact matrix target; primitive fit is approximate.
mod.blocks.2.attn.h5.M_qk_aug,mod.blocks.2.attn,MultiheadAttention,Attention.head.M_qk_aug,,attention_exact_matrix_circuit,3.610848011703638e-07,True,AUGMENTED_EXACT_TARGET,,,False,False,artifacts/latest/part_full_model_matrix_coverage_v1_4_6/attention/mod_blocks_2_attn_h5.pt,Augmented exact target exported in tensor artifact.
mod.blocks.2.attn.h5.C_vo,mod.blocks.2.attn,MultiheadAttention,Attention.head.C_vo,,attention_exact_matrix_circuit,3.610848011703638e-07,True,SPARSE_OMP_OR_TARGET_MINED,0.6825218796730042,PRIMITIVE_EXPLANATION_WEAK,True,False,artifacts/latest/part_full_model_matrix_coverage_v1_4_6/attention/mod_blocks_2_attn_h5.pt,Attention exact matrix target; primitive fit is approximate.
mod.blocks.2.attn.h5.C_vo_aug,mod.blocks.2.attn,MultiheadAttention,Attention.head.C_vo_aug,,attention_exact_matrix_circuit,3.610848011703638e-07,True,AUGMENTED_EXACT_TARGET,,,False,False,artifacts/latest/part_full_model_matrix_coverage_v1_4_6/attention/mod_blocks_2_attn_h5.pt,Augmented exact target exported in tensor artifact.
mod.blocks.2.attn.h6.M_qk,mod.blocks.2.attn,MultiheadAttention,Attention.head.M_qk,,attention_exact_matrix_circuit,3.610848011703638e-07,True,SPARSE_OMP_OR_TARGET_MINED,0.7205389142036438,PRIMITIVE_EXPLANATION_WEAK,True,False,artifacts/latest/part_full_model_matrix_coverage_v1_4_6/attention/mod_blocks_2_attn_h6.pt,Attention exact matrix target; primitive fit is approximate.
mod.blocks.2.attn.h6.M_qk_aug,mod.blocks.2.attn,MultiheadAttention,Attention.head.M_qk_aug,,attention_exact_matrix_circuit,3.610848011703638e-07,True,AUGMENTED_EXACT_TARGET,,,False,False,artifacts/latest/part_full_model_matrix_coverage_v1_4_6/attention/mod_blocks_2_attn_h6.pt,Augmented exact target exported in tensor artifact.
mod.blocks.2.attn.h6.C_vo,mod.blocks.2.attn,MultiheadAttention,Attention.head.C_vo,,attention_exact_matrix_circuit,3.610848011703638e-07,True,SPARSE_OMP_OR_TARGET_MINED,0.5978288650512695,PRIMITIVE_EXPLANATION_WEAK,True,False,artifacts/latest/part_full_model_matrix_coverage_v1_4_6/attention/mod_blocks_2_attn_h6.pt,Attention exact matrix target; primitive fit is approximate.
mod.blocks.2.attn.h6.C_vo_aug,mod.blocks.2.attn,MultiheadAttention,Attention.head.C_vo_aug,,attention_exact_matrix_circuit,3.610848011703638e-07,True,AUGMENTED_EXACT_TARGET,,,False,False,artifacts/latest/part_full_model_matrix_coverage_v1_4_6/attention/mod_blocks_2_attn_h6.pt,Augmented exact target exported in tensor artifact.
mod.blocks.2.attn.h7.M_qk,mod.blocks.2.attn,MultiheadAttention,Attention.head.M_qk,,attention_exact_matrix_circuit,3.610848011703638e-07,True,SPARSE_OMP_OR_TARGET_MINED,0.6075465679168701,PRIMITIVE_EXPLANATION_WEAK,True,False,artifacts/latest/part_full_model_matrix_coverage_v1_4_6/attention/mod_blocks_2_attn_h7.pt,Attention exact matrix target; primitive fit is approximate.
mod.blocks.2.attn.h7.M_qk_aug,mod.blocks.2.attn,MultiheadAttention,Attention.head.M_qk_aug,,attention_exact_matrix_circuit,3.610848011703638e-07,True,AUGMENTED_EXACT_TARGET,,,False,False,artifacts/latest/part_full_model_matrix_coverage_v1_4_6/attention/mod_blocks_2_attn_h7.pt,Augmented exact target exported in tensor artifact.
mod.blocks.2.attn.h7.C_vo,mod.blocks.2.attn,MultiheadAttention,Attention.head.C_vo,,attention_exact_matrix_circuit,3.610848011703638e-07,True,SPARSE_OMP_OR_TARGET_MINED,0.5963084697723389,PRIMITIVE_EXPLANATION_WEAK,True,False,artifacts/latest/part_full_model_matrix_coverage_v1_4_6/attention/mod_blocks_2_attn_h7.pt,Attention exact matrix target; primitive fit is approximate.
mod.blocks.2.attn.h7.C_vo_aug,mod.blocks.2.attn,MultiheadAttention,Attention.head.C_vo_aug,,attention_exact_matrix_circuit,3.610848011703638e-07,True,AUGMENTED_EXACT_TARGET,,,False,False,artifacts/latest/part_full_model_matrix_coverage_v1_4_6/attention/mod_blocks_2_attn_h7.pt,Augmented exact target exported in tensor artifact.
mod.blocks.3.attn.h0.M_qk,mod.blocks.3.attn,MultiheadAttention,Attention.head.M_qk,,attention_exact_matrix_circuit,3.4853664487854985e-07,True,SPARSE_OMP_OR_TARGET_MINED,0.6897651553153992,PRIMITIVE_EXPLANATION_WEAK,True,False,artifacts/latest/part_full_model_matrix_coverage_v1_4_6/attention/mod_blocks_3_attn_h0.pt,Attention exact matrix target; primitive fit is approximate.
mod.blocks.3.attn.h0.M_qk_aug,mod.blocks.3.attn,MultiheadAttention,Attention.head.M_qk_aug,,attention_exact_matrix_circuit,3.4853664487854985e-07,True,AUGMENTED_EXACT_TARGET,,,False,False,artifacts/latest/part_full_model_matrix_coverage_v1_4_6/attention/mod_blocks_3_attn_h0.pt,Augmented exact target exported in tensor artifact.
mod.blocks.3.attn.h0.C_vo,mod.blocks.3.attn,MultiheadAttention,Attention.head.C_vo,,attention_exact_matrix_circuit,3.4853664487854985e-07,True,SPARSE_OMP_OR_TARGET_MINED,0.6911071538925171,PRIMITIVE_EXPLANATION_WEAK,True,False,artifacts/latest/part_full_model_matrix_coverage_v1_4_6/attention/mod_blocks_3_attn_h0.pt,Attention exact matrix target; primitive fit is approximate.
mod.blocks.3.attn.h0.C_vo_aug,mod.blocks.3.attn,MultiheadAttention,Attention.head.C_vo_aug,,attention_exact_matrix_circuit,3.4853664487854985e-07,True,AUGMENTED_EXACT_TARGET,,,False,False,artifacts/latest/part_full_model_matrix_coverage_v1_4_6/attention/mod_blocks_3_attn_h0.pt,Augmented exact target exported in tensor artifact.
mod.blocks.3.attn.h1.M_qk,mod.blocks.3.attn,MultiheadAttention,Attention.head.M_qk,,attention_exact_matrix_circuit,3.4853664487854985e-07,True,SPARSE_OMP_OR_TARGET_MINED,0.6355502009391785,PRIMITIVE_EXPLANATION_WEAK,True,False,artifacts/latest/part_full_model_matrix_coverage_v1_4_6/attention/mod_blocks_3_attn_h1.pt,Attention exact matrix target; primitive fit is approximate.
mod.blocks.3.attn.h1.M_qk_aug,mod.blocks.3.attn,MultiheadAttention,Attention.head.M_qk_aug,,attention_exact_matrix_circuit,3.4853664487854985e-07,True,AUGMENTED_EXACT_TARGET,,,False,False,artifacts/latest/part_full_model_matrix_coverage_v1_4_6/attention/mod_blocks_3_attn_h1.pt,Augmented exact target exported in tensor artifact.
mod.blocks.3.attn.h1.C_vo,mod.blocks.3.attn,MultiheadAttention,Attention.head.C_vo,,attention_exact_matrix_circuit,3.4853664487854985e-07,True,SPARSE_OMP_OR_TARGET_MINED,0.5541547536849976,PRIMITIVE_EXPLANATION_WEAK,True,False,artifacts/latest/part_full_model_matrix_coverage_v1_4_6/attention/mod_blocks_3_attn_h1.pt,Attention exact matrix target; primitive fit is approximate.
mod.blocks.3.attn.h1.C_vo_aug,mod.blocks.3.attn,MultiheadAttention,Attention.head.C_vo_aug,,attention_exact_matrix_circuit,3.4853664487854985e-07,True,AUGMENTED_EXACT_TARGET,,,False,False,artifacts/latest/part_full_model_matrix_coverage_v1_4_6/attention/mod_blocks_3_attn_h1.pt,Augmented exact target exported in tensor artifact.
mod.blocks.3.attn.h2.M_qk,mod.blocks.3.attn,MultiheadAttention,Attention.head.M_qk,,attention_exact_matrix_circuit,3.4853664487854985e-07,True,SPARSE_OMP_OR_TARGET_MINED,0.7323280572891235,PRIMITIVE_EXPLANATION_WEAK,True,False,artifacts/latest/part_full_model_matrix_coverage_v1_4_6/attention/mod_blocks_3_attn_h2.pt,Attention exact matrix target; primitive fit is approximate.
mod.blocks.3.attn.h2.M_qk_aug,mod.blocks.3.attn,MultiheadAttention,Attention.head.M_qk_aug,,attention_exact_matrix_circuit,3.4853664487854985e-07,True,AUGMENTED_EXACT_TARGET,,,False,False,artifacts/latest/part_full_model_matrix_coverage_v1_4_6/attention/mod_blocks_3_attn_h2.pt,Augmented exact target exported in tensor artifact.
mod.blocks.3.attn.h2.C_vo,mod.blocks.3.attn,MultiheadAttention,Attention.head.C_vo,,attention_exact_matrix_circuit,3.4853664487854985e-07,True,SPARSE_OMP_OR_TARGET_MINED,0.6956207156181335,PRIMITIVE_EXPLANATION_WEAK,True,False,artifacts/latest/part_full_model_matrix_coverage_v1_4_6/attention/mod_blocks_3_attn_h2.pt,Attention exact matrix target; primitive fit is approximate.
mod.blocks.3.attn.h2.C_vo_aug,mod.blocks.3.attn,MultiheadAttention,Attention.head.C_vo_aug,,attention_exact_matrix_circuit,3.4853664487854985e-07,True,AUGMENTED_EXACT_TARGET,,,False,False,artifacts/latest/part_full_model_matrix_coverage_v1_4_6/attention/mod_blocks_3_attn_h2.pt,Augmented exact target exported in tensor artifact.
mod.blocks.3.attn.h3.M_qk,mod.blocks.3.attn,MultiheadAttention,Attention.head.M_qk,,attention_exact_matrix_circuit,3.4853664487854985e-07,True,SPARSE_OMP_OR_TARGET_MINED,0.6877633333206177,PRIMITIVE_EXPLANATION_WEAK,True,False,artifacts/latest/part_full_model_matrix_coverage_v1_4_6/attention/mod_blocks_3_attn_h3.pt,Attention exact matrix target; primitive fit is approximate.
mod.blocks.3.attn.h3.M_qk_aug,mod.blocks.3.attn,MultiheadAttention,Attention.head.M_qk_aug,,attention_exact_matrix_circuit,3.4853664487854985e-07,True,AUGMENTED_EXACT_TARGET,,,False,False,artifacts/latest/part_full_model_matrix_coverage_v1_4_6/attention/mod_blocks_3_attn_h3.pt,Augmented exact target exported in tensor artifact.
mod.blocks.3.attn.h3.C_vo,mod.blocks.3.attn,MultiheadAttention,Attention.head.C_vo,,attention_exact_matrix_circuit,3.4853664487854985e-07,True,SPARSE_OMP_OR_TARGET_MINED,0.614955484867096,PRIMITIVE_EXPLANATION_WEAK,True,False,artifacts/latest/part_full_model_matrix_coverage_v1_4_6/attention/mod_blocks_3_attn_h3.pt,Attention exact matrix target; primitive fit is approximate.
mod.blocks.3.attn.h3.C_vo_aug,mod.blocks.3.attn,MultiheadAttention,Attention.head.C_vo_aug,,attention_exact_matrix_circuit,3.4853664487854985e-07,True,AUGMENTED_EXACT_TARGET,,,False,False,artifacts/latest/part_full_model_matrix_coverage_v1_4_6/attention/mod_blocks_3_attn_h3.pt,Augmented exact target exported in tensor artifact.
mod.blocks.3.attn.h4.M_qk,mod.blocks.3.attn,MultiheadAttention,Attention.head.M_qk,,attention_exact_matrix_circuit,3.4853664487854985e-07,True,SPARSE_OMP_OR_TARGET_MINED,0.6355756521224976,PRIMITIVE_EXPLANATION_WEAK,True,False,artifacts/latest/part_full_model_matrix_coverage_v1_4_6/attention/mod_blocks_3_attn_h4.pt,Attention exact matrix target; primitive fit is approximate.
mod.blocks.3.attn.h4.M_qk_aug,mod.blocks.3.attn,MultiheadAttention,Attention.head.M_qk_aug,,attention_exact_matrix_circuit,3.4853664487854985e-07,True,AUGMENTED_EXACT_TARGET,,,False,False,artifacts/latest/part_full_model_matrix_coverage_v1_4_6/attention/mod_blocks_3_attn_h4.pt,Augmented exact target exported in tensor artifact.
mod.blocks.3.attn.h4.C_vo,mod.blocks.3.attn,MultiheadAttention,Attention.head.C_vo,,attention_exact_matrix_circuit,3.4853664487854985e-07,True,SPARSE_OMP_OR_TARGET_MINED,0.6220235228538513,PRIMITIVE_EXPLANATION_WEAK,True,False,artifacts/latest/part_full_model_matrix_coverage_v1_4_6/attention/mod_blocks_3_attn_h4.pt,Attention exact matrix target; primitive fit is approximate.
mod.blocks.3.attn.h4.C_vo_aug,mod.blocks.3.attn,MultiheadAttention,Attention.head.C_vo_aug,,attention_exact_matrix_circuit,3.4853664487854985e-07,True,AUGMENTED_EXACT_TARGET,,,False,False,artifacts/latest/part_full_model_matrix_coverage_v1_4_6/attention/mod_blocks_3_attn_h4.pt,Augmented exact target exported in tensor artifact.
mod.blocks.3.attn.h5.M_qk,mod.blocks.3.attn,MultiheadAttention,Attention.head.M_qk,,attention_exact_matrix_circuit,3.4853664487854985e-07,True,SPARSE_OMP_OR_TARGET_MINED,0.7064998149871826,PRIMITIVE_EXPLANATION_WEAK,True,False,artifacts/latest/part_full_model_matrix_coverage_v1_4_6/attention/mod_blocks_3_attn_h5.pt,Attention exact matrix target; primitive fit is approximate.
mod.blocks.3.attn.h5.M_qk_aug,mod.blocks.3.attn,MultiheadAttention,Attention.head.M_qk_aug,,attention_exact_matrix_circuit,3.4853664487854985e-07,True,AUGMENTED_EXACT_TARGET,,,False,False,artifacts/latest/part_full_model_matrix_coverage_v1_4_6/attention/mod_blocks_3_attn_h5.pt,Augmented exact target exported in tensor artifact.
mod.blocks.3.attn.h5.C_vo,mod.blocks.3.attn,MultiheadAttention,Attention.head.C_vo,,attention_exact_matrix_circuit,3.4853664487854985e-07,True,SPARSE_OMP_OR_TARGET_MINED,0.7143158912658691,PRIMITIVE_EXPLANATION_WEAK,True,False,artifacts/latest/part_full_model_matrix_coverage_v1_4_6/attention/mod_blocks_3_attn_h5.pt,Attention exact matrix target; primitive fit is approximate.
mod.blocks.3.attn.h5.C_vo_aug,mod.blocks.3.attn,MultiheadAttention,Attention.head.C_vo_aug,,attention_exact_matrix_circuit,3.4853664487854985e-07,True,AUGMENTED_EXACT_TARGET,,,False,False,artifacts/latest/part_full_model_matrix_coverage_v1_4_6/attention/mod_blocks_3_attn_h5.pt,Augmented exact target exported in tensor artifact.
mod.blocks.3.attn.h6.M_qk,mod.blocks.3.attn,MultiheadAttention,Attention.head.M_qk,,attention_exact_matrix_circuit,3.4853664487854985e-07,True,SPARSE_OMP_OR_TARGET_MINED,0.696537971496582,PRIMITIVE_EXPLANATION_WEAK,True,False,artifacts/latest/part_full_model_matrix_coverage_v1_4_6/attention/mod_blocks_3_attn_h6.pt,Attention exact matrix target; primitive fit is approximate.
mod.blocks.3.attn.h6.M_qk_aug,mod.blocks.3.attn,MultiheadAttention,Attention.head.M_qk_aug,,attention_exact_matrix_circuit,3.4853664487854985e-07,True,AUGMENTED_EXACT_TARGET,,,False,False,artifacts/latest/part_full_model_matrix_coverage_v1_4_6/attention/mod_blocks_3_attn_h6.pt,Augmented exact target exported in tensor artifact.
mod.blocks.3.attn.h6.C_vo,mod.blocks.3.attn,MultiheadAttention,Attention.head.C_vo,,attention_exact_matrix_circuit,3.4853664487854985e-07,True,SPARSE_OMP_OR_TARGET_MINED,0.6690469980239868,PRIMITIVE_EXPLANATION_WEAK,True,False,artifacts/latest/part_full_model_matrix_coverage_v1_4_6/attention/mod_blocks_3_attn_h6.pt,Attention exact matrix target; primitive fit is approximate.
mod.blocks.3.attn.h6.C_vo_aug,mod.blocks.3.attn,MultiheadAttention,Attention.head.C_vo_aug,,attention_exact_matrix_circuit,3.4853664487854985e-07,True,AUGMENTED_EXACT_TARGET,,,False,False,artifacts/latest/part_full_model_matrix_coverage_v1_4_6/attention/mod_blocks_3_attn_h6.pt,Augmented exact target exported in tensor artifact.
mod.blocks.3.attn.h7.M_qk,mod.blocks.3.attn,MultiheadAttention,Attention.head.M_qk,,attention_exact_matrix_circuit,3.4853664487854985e-07,True,SPARSE_OMP_OR_TARGET_MINED,0.6627771854400635,PRIMITIVE_EXPLANATION_WEAK,True,False,artifacts/latest/part_full_model_matrix_coverage_v1_4_6/attention/mod_blocks_3_attn_h7.pt,Attention exact matrix target; primitive fit is approximate.
mod.blocks.3.attn.h7.M_qk_aug,mod.blocks.3.attn,MultiheadAttention,Attention.head.M_qk_aug,,attention_exact_matrix_circuit,3.4853664487854985e-07,True,AUGMENTED_EXACT_TARGET,,,False,False,artifacts/latest/part_full_model_matrix_coverage_v1_4_6/attention/mod_blocks_3_attn_h7.pt,Augmented exact target exported in tensor artifact.
mod.blocks.3.attn.h7.C_vo,mod.blocks.3.attn,MultiheadAttention,Attention.head.C_vo,,attention_exact_matrix_circuit,3.4853664487854985e-07,True,SPARSE_OMP_OR_TARGET_MINED,0.6991850137710571,PRIMITIVE_EXPLANATION_WEAK,True,False,artifacts/latest/part_full_model_matrix_coverage_v1_4_6/attention/mod_blocks_3_attn_h7.pt,Attention exact matrix target; primitive fit is approximate.
mod.blocks.3.attn.h7.C_vo_aug,mod.blocks.3.attn,MultiheadAttention,Attention.head.C_vo_aug,,attention_exact_matrix_circuit,3.4853664487854985e-07,True,AUGMENTED_EXACT_TARGET,,,False,False,artifacts/latest/part_full_model_matrix_coverage_v1_4_6/attention/mod_blocks_3_attn_h7.pt,Augmented exact target exported in tensor artifact.
mod.blocks.4.attn.h0.M_qk,mod.blocks.4.attn,MultiheadAttention,Attention.head.M_qk,,attention_exact_matrix_circuit,3.474266918601643e-07,True,SPARSE_OMP_OR_TARGET_MINED,0.7092289328575134,PRIMITIVE_EXPLANATION_WEAK,True,False,artifacts/latest/part_full_model_matrix_coverage_v1_4_6/attention/mod_blocks_4_attn_h0.pt,Attention exact matrix target; primitive fit is approximate.
mod.blocks.4.attn.h0.M_qk_aug,mod.blocks.4.attn,MultiheadAttention,Attention.head.M_qk_aug,,attention_exact_matrix_circuit,3.474266918601643e-07,True,AUGMENTED_EXACT_TARGET,,,False,False,artifacts/latest/part_full_model_matrix_coverage_v1_4_6/attention/mod_blocks_4_attn_h0.pt,Augmented exact target exported in tensor artifact.
mod.blocks.4.attn.h0.C_vo,mod.blocks.4.attn,MultiheadAttention,Attention.head.C_vo,,attention_exact_matrix_circuit,3.474266918601643e-07,True,SPARSE_OMP_OR_TARGET_MINED,0.7284660935401917,PRIMITIVE_EXPLANATION_WEAK,True,False,artifacts/latest/part_full_model_matrix_coverage_v1_4_6/attention/mod_blocks_4_attn_h0.pt,Attention exact matrix target; primitive fit is approximate.
mod.blocks.4.attn.h0.C_vo_aug,mod.blocks.4.attn,MultiheadAttention,Attention.head.C_vo_aug,,attention_exact_matrix_circuit,3.474266918601643e-07,True,AUGMENTED_EXACT_TARGET,,,False,False,artifacts/latest/part_full_model_matrix_coverage_v1_4_6/attention/mod_blocks_4_attn_h0.pt,Augmented exact target exported in tensor artifact.
mod.blocks.4.attn.h1.M_qk,mod.blocks.4.attn,MultiheadAttention,Attention.head.M_qk,,attention_exact_matrix_circuit,3.474266918601643e-07,True,SPARSE_OMP_OR_TARGET_MINED,0.7020964026451111,PRIMITIVE_EXPLANATION_WEAK,True,False,artifacts/latest/part_full_model_matrix_coverage_v1_4_6/attention/mod_blocks_4_attn_h1.pt,Attention exact matrix target; primitive fit is approximate.
mod.blocks.4.attn.h1.M_qk_aug,mod.blocks.4.attn,MultiheadAttention,Attention.head.M_qk_aug,,attention_exact_matrix_circuit,3.474266918601643e-07,True,AUGMENTED_EXACT_TARGET,,,False,False,artifacts/latest/part_full_model_matrix_coverage_v1_4_6/attention/mod_blocks_4_attn_h1.pt,Augmented exact target exported in tensor artifact.
mod.blocks.4.attn.h1.C_vo,mod.blocks.4.attn,MultiheadAttention,Attention.head.C_vo,,attention_exact_matrix_circuit,3.474266918601643e-07,True,SPARSE_OMP_OR_TARGET_MINED,0.6659873127937317,PRIMITIVE_EXPLANATION_WEAK,True,False,artifacts/latest/part_full_model_matrix_coverage_v1_4_6/attention/mod_blocks_4_attn_h1.pt,Attention exact matrix target; primitive fit is approximate.
mod.blocks.4.attn.h1.C_vo_aug,mod.blocks.4.attn,MultiheadAttention,Attention.head.C_vo_aug,,attention_exact_matrix_circuit,3.474266918601643e-07,True,AUGMENTED_EXACT_TARGET,,,False,False,artifacts/latest/part_full_model_matrix_coverage_v1_4_6/attention/mod_blocks_4_attn_h1.pt,Augmented exact target exported in tensor artifact.
mod.blocks.4.attn.h2.M_qk,mod.blocks.4.attn,MultiheadAttention,Attention.head.M_qk,,attention_exact_matrix_circuit,3.474266918601643e-07,True,SPARSE_OMP_OR_TARGET_MINED,0.7253058552742004,PRIMITIVE_EXPLANATION_WEAK,True,False,artifacts/latest/part_full_model_matrix_coverage_v1_4_6/attention/mod_blocks_4_attn_h2.pt,Attention exact matrix target; primitive fit is approximate.
mod.blocks.4.attn.h2.M_qk_aug,mod.blocks.4.attn,MultiheadAttention,Attention.head.M_qk_aug,,attention_exact_matrix_circuit,3.474266918601643e-07,True,AUGMENTED_EXACT_TARGET,,,False,False,artifacts/latest/part_full_model_matrix_coverage_v1_4_6/attention/mod_blocks_4_attn_h2.pt,Augmented exact target exported in tensor artifact.
mod.blocks.4.attn.h2.C_vo,mod.blocks.4.attn,MultiheadAttention,Attention.head.C_vo,,attention_exact_matrix_circuit,3.474266918601643e-07,True,SPARSE_OMP_OR_TARGET_MINED,0.7008993625640869,PRIMITIVE_EXPLANATION_WEAK,True,False,artifacts/latest/part_full_model_matrix_coverage_v1_4_6/attention/mod_blocks_4_attn_h2.pt,Attention exact matrix target; primitive fit is approximate.
mod.blocks.4.attn.h2.C_vo_aug,mod.blocks.4.attn,MultiheadAttention,Attention.head.C_vo_aug,,attention_exact_matrix_circuit,3.474266918601643e-07,True,AUGMENTED_EXACT_TARGET,,,False,False,artifacts/latest/part_full_model_matrix_coverage_v1_4_6/attention/mod_blocks_4_attn_h2.pt,Augmented exact target exported in tensor artifact.
mod.blocks.4.attn.h3.M_qk,mod.blocks.4.attn,MultiheadAttention,Attention.head.M_qk,,attention_exact_matrix_circuit,3.474266918601643e-07,True,SPARSE_OMP_OR_TARGET_MINED,0.616790771484375,PRIMITIVE_EXPLANATION_WEAK,True,False,artifacts/latest/part_full_model_matrix_coverage_v1_4_6/attention/mod_blocks_4_attn_h3.pt,Attention exact matrix target; primitive fit is approximate.
mod.blocks.4.attn.h3.M_qk_aug,mod.blocks.4.attn,MultiheadAttention,Attention.head.M_qk_aug,,attention_exact_matrix_circuit,3.474266918601643e-07,True,AUGMENTED_EXACT_TARGET,,,False,False,artifacts/latest/part_full_model_matrix_coverage_v1_4_6/attention/mod_blocks_4_attn_h3.pt,Augmented exact target exported in tensor artifact.
mod.blocks.4.attn.h3.C_vo,mod.blocks.4.attn,MultiheadAttention,Attention.head.C_vo,,attention_exact_matrix_circuit,3.474266918601643e-07,True,SPARSE_OMP_OR_TARGET_MINED,0.5942113995552063,PRIMITIVE_EXPLANATION_WEAK,True,False,artifacts/latest/part_full_model_matrix_coverage_v1_4_6/attention/mod_blocks_4_attn_h3.pt,Attention exact matrix target; primitive fit is approximate.
mod.blocks.4.attn.h3.C_vo_aug,mod.blocks.4.attn,MultiheadAttention,Attention.head.C_vo_aug,,attention_exact_matrix_circuit,3.474266918601643e-07,True,AUGMENTED_EXACT_TARGET,,,False,False,artifacts/latest/part_full_model_matrix_coverage_v1_4_6/attention/mod_blocks_4_attn_h3.pt,Augmented exact target exported in tensor artifact.
mod.blocks.4.attn.h4.M_qk,mod.blocks.4.attn,MultiheadAttention,Attention.head.M_qk,,attention_exact_matrix_circuit,3.474266918601643e-07,True,SPARSE_OMP_OR_TARGET_MINED,0.5479115843772888,PRIMITIVE_EXPLANATION_WEAK,True,False,artifacts/latest/part_full_model_matrix_coverage_v1_4_6/attention/mod_blocks_4_attn_h4.pt,Attention exact matrix target; primitive fit is approximate.
mod.blocks.4.attn.h4.M_qk_aug,mod.blocks.4.attn,MultiheadAttention,Attention.head.M_qk_aug,,attention_exact_matrix_circuit,3.474266918601643e-07,True,AUGMENTED_EXACT_TARGET,,,False,False,artifacts/latest/part_full_model_matrix_coverage_v1_4_6/attention/mod_blocks_4_attn_h4.pt,Augmented exact target exported in tensor artifact.
mod.blocks.4.attn.h4.C_vo,mod.blocks.4.attn,MultiheadAttention,Attention.head.C_vo,,attention_exact_matrix_circuit,3.474266918601643e-07,True,SPARSE_OMP_OR_TARGET_MINED,0.6202326416969299,PRIMITIVE_EXPLANATION_WEAK,True,False,artifacts/latest/part_full_model_matrix_coverage_v1_4_6/attention/mod_blocks_4_attn_h4.pt,Attention exact matrix target; primitive fit is approximate.
mod.blocks.4.attn.h4.C_vo_aug,mod.blocks.4.attn,MultiheadAttention,Attention.head.C_vo_aug,,attention_exact_matrix_circuit,3.474266918601643e-07,True,AUGMENTED_EXACT_TARGET,,,False,False,artifacts/latest/part_full_model_matrix_coverage_v1_4_6/attention/mod_blocks_4_attn_h4.pt,Augmented exact target exported in tensor artifact.
mod.blocks.4.attn.h5.M_qk,mod.blocks.4.attn,MultiheadAttention,Attention.head.M_qk,,attention_exact_matrix_circuit,3.474266918601643e-07,True,SPARSE_OMP_OR_TARGET_MINED,0.7450831532478333,PRIMITIVE_EXPLANATION_WEAK,True,False,artifacts/latest/part_full_model_matrix_coverage_v1_4_6/attention/mod_blocks_4_attn_h5.pt,Attention exact matrix target; primitive fit is approximate.
mod.blocks.4.attn.h5.M_qk_aug,mod.blocks.4.attn,MultiheadAttention,Attention.head.M_qk_aug,,attention_exact_matrix_circuit,3.474266918601643e-07,True,AUGMENTED_EXACT_TARGET,,,False,False,artifacts/latest/part_full_model_matrix_coverage_v1_4_6/attention/mod_blocks_4_attn_h5.pt,Augmented exact target exported in tensor artifact.
mod.blocks.4.attn.h5.C_vo,mod.blocks.4.attn,MultiheadAttention,Attention.head.C_vo,,attention_exact_matrix_circuit,3.474266918601643e-07,True,SPARSE_OMP_OR_TARGET_MINED,0.714666485786438,PRIMITIVE_EXPLANATION_WEAK,True,False,artifacts/latest/part_full_model_matrix_coverage_v1_4_6/attention/mod_blocks_4_attn_h5.pt,Attention exact matrix target; primitive fit is approximate.
mod.blocks.4.attn.h5.C_vo_aug,mod.blocks.4.attn,MultiheadAttention,Attention.head.C_vo_aug,,attention_exact_matrix_circuit,3.474266918601643e-07,True,AUGMENTED_EXACT_TARGET,,,False,False,artifacts/latest/part_full_model_matrix_coverage_v1_4_6/attention/mod_blocks_4_attn_h5.pt,Augmented exact target exported in tensor artifact.
mod.blocks.4.attn.h6.M_qk,mod.blocks.4.attn,MultiheadAttention,Attention.head.M_qk,,attention_exact_matrix_circuit,3.474266918601643e-07,True,SPARSE_OMP_OR_TARGET_MINED,0.7075660228729248,PRIMITIVE_EXPLANATION_WEAK,True,False,artifacts/latest/part_full_model_matrix_coverage_v1_4_6/attention/mod_blocks_4_attn_h6.pt,Attention exact matrix target; primitive fit is approximate.
mod.blocks.4.attn.h6.M_qk_aug,mod.blocks.4.attn,MultiheadAttention,Attention.head.M_qk_aug,,attention_exact_matrix_circuit,3.474266918601643e-07,True,AUGMENTED_EXACT_TARGET,,,False,False,artifacts/latest/part_full_model_matrix_coverage_v1_4_6/attention/mod_blocks_4_attn_h6.pt,Augmented exact target exported in tensor artifact.
mod.blocks.4.attn.h6.C_vo,mod.blocks.4.attn,MultiheadAttention,Attention.head.C_vo,,attention_exact_matrix_circuit,3.474266918601643e-07,True,SPARSE_OMP_OR_TARGET_MINED,0.6275394558906555,PRIMITIVE_EXPLANATION_WEAK,True,False,artifacts/latest/part_full_model_matrix_coverage_v1_4_6/attention/mod_blocks_4_attn_h6.pt,Attention exact matrix target; primitive fit is approximate.
mod.blocks.4.attn.h6.C_vo_aug,mod.blocks.4.attn,MultiheadAttention,Attention.head.C_vo_aug,,attention_exact_matrix_circuit,3.474266918601643e-07,True,AUGMENTED_EXACT_TARGET,,,False,False,artifacts/latest/part_full_model_matrix_coverage_v1_4_6/attention/mod_blocks_4_attn_h6.pt,Augmented exact target exported in tensor artifact.
mod.blocks.4.attn.h7.M_qk,mod.blocks.4.attn,MultiheadAttention,Attention.head.M_qk,,attention_exact_matrix_circuit,3.474266918601643e-07,True,SPARSE_OMP_OR_TARGET_MINED,0.5345616936683655,PRIMITIVE_EXPLANATION_WEAK,True,False,artifacts/latest/part_full_model_matrix_coverage_v1_4_6/attention/mod_blocks_4_attn_h7.pt,Attention exact matrix target; primitive fit is approximate.
mod.blocks.4.attn.h7.M_qk_aug,mod.blocks.4.attn,MultiheadAttention,Attention.head.M_qk_aug,,attention_exact_matrix_circuit,3.474266918601643e-07,True,AUGMENTED_EXACT_TARGET,,,False,False,artifacts/latest/part_full_model_matrix_coverage_v1_4_6/attention/mod_blocks_4_attn_h7.pt,Augmented exact target exported in tensor artifact.
mod.blocks.4.attn.h7.C_vo,mod.blocks.4.attn,MultiheadAttention,Attention.head.C_vo,,attention_exact_matrix_circuit,3.474266918601643e-07,True,SPARSE_OMP_OR_TARGET_MINED,0.660785973072052,PRIMITIVE_EXPLANATION_WEAK,True,False,artifacts/latest/part_full_model_matrix_coverage_v1_4_6/attention/mod_blocks_4_attn_h7.pt,Attention exact matrix target; primitive fit is approximate.
mod.blocks.4.attn.h7.C_vo_aug,mod.blocks.4.attn,MultiheadAttention,Attention.head.C_vo_aug,,attention_exact_matrix_circuit,3.474266918601643e-07,True,AUGMENTED_EXACT_TARGET,,,False,False,artifacts/latest/part_full_model_matrix_coverage_v1_4_6/attention/mod_blocks_4_attn_h7.pt,Augmented exact target exported in tensor artifact.
mod.blocks.5.attn.h0.M_qk,mod.blocks.5.attn,MultiheadAttention,Attention.head.M_qk,,attention_exact_matrix_circuit,3.202839025107096e-07,True,SPARSE_OMP_OR_TARGET_MINED,0.6545124650001526,PRIMITIVE_EXPLANATION_WEAK,True,False,artifacts/latest/part_full_model_matrix_coverage_v1_4_6/attention/mod_blocks_5_attn_h0.pt,Attention exact matrix target; primitive fit is approximate.
mod.blocks.5.attn.h0.M_qk_aug,mod.blocks.5.attn,MultiheadAttention,Attention.head.M_qk_aug,,attention_exact_matrix_circuit,3.202839025107096e-07,True,AUGMENTED_EXACT_TARGET,,,False,False,artifacts/latest/part_full_model_matrix_coverage_v1_4_6/attention/mod_blocks_5_attn_h0.pt,Augmented exact target exported in tensor artifact.
mod.blocks.5.attn.h0.C_vo,mod.blocks.5.attn,MultiheadAttention,Attention.head.C_vo,,attention_exact_matrix_circuit,3.202839025107096e-07,True,SPARSE_OMP_OR_TARGET_MINED,0.6584853529930115,PRIMITIVE_EXPLANATION_WEAK,True,False,artifacts/latest/part_full_model_matrix_coverage_v1_4_6/attention/mod_blocks_5_attn_h0.pt,Attention exact matrix target; primitive fit is approximate.
mod.blocks.5.attn.h0.C_vo_aug,mod.blocks.5.attn,MultiheadAttention,Attention.head.C_vo_aug,,attention_exact_matrix_circuit,3.202839025107096e-07,True,AUGMENTED_EXACT_TARGET,,,False,False,artifacts/latest/part_full_model_matrix_coverage_v1_4_6/attention/mod_blocks_5_attn_h0.pt,Augmented exact target exported in tensor artifact.
mod.blocks.5.attn.h1.M_qk,mod.blocks.5.attn,MultiheadAttention,Attention.head.M_qk,,attention_exact_matrix_circuit,3.202839025107096e-07,True,SPARSE_OMP_OR_TARGET_MINED,0.6092321276664734,PRIMITIVE_EXPLANATION_WEAK,True,False,artifacts/latest/part_full_model_matrix_coverage_v1_4_6/attention/mod_blocks_5_attn_h1.pt,Attention exact matrix target; primitive fit is approximate.
mod.blocks.5.attn.h1.M_qk_aug,mod.blocks.5.attn,MultiheadAttention,Attention.head.M_qk_aug,,attention_exact_matrix_circuit,3.202839025107096e-07,True,AUGMENTED_EXACT_TARGET,,,False,False,artifacts/latest/part_full_model_matrix_coverage_v1_4_6/attention/mod_blocks_5_attn_h1.pt,Augmented exact target exported in tensor artifact.
mod.blocks.5.attn.h1.C_vo,mod.blocks.5.attn,MultiheadAttention,Attention.head.C_vo,,attention_exact_matrix_circuit,3.202839025107096e-07,True,SPARSE_OMP_OR_TARGET_MINED,0.6566596031188965,PRIMITIVE_EXPLANATION_WEAK,True,False,artifacts/latest/part_full_model_matrix_coverage_v1_4_6/attention/mod_blocks_5_attn_h1.pt,Attention exact matrix target; primitive fit is approximate.
mod.blocks.5.attn.h1.C_vo_aug,mod.blocks.5.attn,MultiheadAttention,Attention.head.C_vo_aug,,attention_exact_matrix_circuit,3.202839025107096e-07,True,AUGMENTED_EXACT_TARGET,,,False,False,artifacts/latest/part_full_model_matrix_coverage_v1_4_6/attention/mod_blocks_5_attn_h1.pt,Augmented exact target exported in tensor artifact.
mod.blocks.5.attn.h2.M_qk,mod.blocks.5.attn,MultiheadAttention,Attention.head.M_qk,,attention_exact_matrix_circuit,3.202839025107096e-07,True,SPARSE_OMP_OR_TARGET_MINED,0.7115223407745361,PRIMITIVE_EXPLANATION_WEAK,True,False,artifacts/latest/part_full_model_matrix_coverage_v1_4_6/attention/mod_blocks_5_attn_h2.pt,Attention exact matrix target; primitive fit is approximate.
mod.blocks.5.attn.h2.M_qk_aug,mod.blocks.5.attn,MultiheadAttention,Attention.head.M_qk_aug,,attention_exact_matrix_circuit,3.202839025107096e-07,True,AUGMENTED_EXACT_TARGET,,,False,False,artifacts/latest/part_full_model_matrix_coverage_v1_4_6/attention/mod_blocks_5_attn_h2.pt,Augmented exact target exported in tensor artifact.
mod.blocks.5.attn.h2.C_vo,mod.blocks.5.attn,MultiheadAttention,Attention.head.C_vo,,attention_exact_matrix_circuit,3.202839025107096e-07,True,SPARSE_OMP_OR_TARGET_MINED,0.6539065837860107,PRIMITIVE_EXPLANATION_WEAK,True,False,artifacts/latest/part_full_model_matrix_coverage_v1_4_6/attention/mod_blocks_5_attn_h2.pt,Attention exact matrix target; primitive fit is approximate.
mod.blocks.5.attn.h2.C_vo_aug,mod.blocks.5.attn,MultiheadAttention,Attention.head.C_vo_aug,,attention_exact_matrix_circuit,3.202839025107096e-07,True,AUGMENTED_EXACT_TARGET,,,False,False,artifacts/latest/part_full_model_matrix_coverage_v1_4_6/attention/mod_blocks_5_attn_h2.pt,Augmented exact target exported in tensor artifact.
mod.blocks.5.attn.h3.M_qk,mod.blocks.5.attn,MultiheadAttention,Attention.head.M_qk,,attention_exact_matrix_circuit,3.202839025107096e-07,True,SPARSE_OMP_OR_TARGET_MINED,0.6675563454627991,PRIMITIVE_EXPLANATION_WEAK,True,False,artifacts/latest/part_full_model_matrix_coverage_v1_4_6/attention/mod_blocks_5_attn_h3.pt,Attention exact matrix target; primitive fit is approximate.
mod.blocks.5.attn.h3.M_qk_aug,mod.blocks.5.attn,MultiheadAttention,Attention.head.M_qk_aug,,attention_exact_matrix_circuit,3.202839025107096e-07,True,AUGMENTED_EXACT_TARGET,,,False,False,artifacts/latest/part_full_model_matrix_coverage_v1_4_6/attention/mod_blocks_5_attn_h3.pt,Augmented exact target exported in tensor artifact.
mod.blocks.5.attn.h3.C_vo,mod.blocks.5.attn,MultiheadAttention,Attention.head.C_vo,,attention_exact_matrix_circuit,3.202839025107096e-07,True,SPARSE_OMP_OR_TARGET_MINED,0.6270753741264343,PRIMITIVE_EXPLANATION_WEAK,True,False,artifacts/latest/part_full_model_matrix_coverage_v1_4_6/attention/mod_blocks_5_attn_h3.pt,Attention exact matrix target; primitive fit is approximate.
mod.blocks.5.attn.h3.C_vo_aug,mod.blocks.5.attn,MultiheadAttention,Attention.head.C_vo_aug,,attention_exact_matrix_circuit,3.202839025107096e-07,True,AUGMENTED_EXACT_TARGET,,,False,False,artifacts/latest/part_full_model_matrix_coverage_v1_4_6/attention/mod_blocks_5_attn_h3.pt,Augmented exact target exported in tensor artifact.
mod.blocks.5.attn.h4.M_qk,mod.blocks.5.attn,MultiheadAttention,Attention.head.M_qk,,attention_exact_matrix_circuit,3.202839025107096e-07,True,SPARSE_OMP_OR_TARGET_MINED,0.5970211029052734,PRIMITIVE_EXPLANATION_WEAK,True,False,artifacts/latest/part_full_model_matrix_coverage_v1_4_6/attention/mod_blocks_5_attn_h4.pt,Attention exact matrix target; primitive fit is approximate.
mod.blocks.5.attn.h4.M_qk_aug,mod.blocks.5.attn,MultiheadAttention,Attention.head.M_qk_aug,,attention_exact_matrix_circuit,3.202839025107096e-07,True,AUGMENTED_EXACT_TARGET,,,False,False,artifacts/latest/part_full_model_matrix_coverage_v1_4_6/attention/mod_blocks_5_attn_h4.pt,Augmented exact target exported in tensor artifact.
mod.blocks.5.attn.h4.C_vo,mod.blocks.5.attn,MultiheadAttention,Attention.head.C_vo,,attention_exact_matrix_circuit,3.202839025107096e-07,True,SPARSE_OMP_OR_TARGET_MINED,0.631603479385376,PRIMITIVE_EXPLANATION_WEAK,True,False,artifacts/latest/part_full_model_matrix_coverage_v1_4_6/attention/mod_blocks_5_attn_h4.pt,Attention exact matrix target; primitive fit is approximate.
mod.blocks.5.attn.h4.C_vo_aug,mod.blocks.5.attn,MultiheadAttention,Attention.head.C_vo_aug,,attention_exact_matrix_circuit,3.202839025107096e-07,True,AUGMENTED_EXACT_TARGET,,,False,False,artifacts/latest/part_full_model_matrix_coverage_v1_4_6/attention/mod_blocks_5_attn_h4.pt,Augmented exact target exported in tensor artifact.
mod.blocks.5.attn.h5.M_qk,mod.blocks.5.attn,MultiheadAttention,Attention.head.M_qk,,attention_exact_matrix_circuit,3.202839025107096e-07,True,SPARSE_OMP_OR_TARGET_MINED,0.7284911870956421,PRIMITIVE_EXPLANATION_WEAK,True,False,artifacts/latest/part_full_model_matrix_coverage_v1_4_6/attention/mod_blocks_5_attn_h5.pt,Attention exact matrix target; primitive fit is approximate.
mod.blocks.5.attn.h5.M_qk_aug,mod.blocks.5.attn,MultiheadAttention,Attention.head.M_qk_aug,,attention_exact_matrix_circuit,3.202839025107096e-07,True,AUGMENTED_EXACT_TARGET,,,False,False,artifacts/latest/part_full_model_matrix_coverage_v1_4_6/attention/mod_blocks_5_attn_h5.pt,Augmented exact target exported in tensor artifact.
mod.blocks.5.attn.h5.C_vo,mod.blocks.5.attn,MultiheadAttention,Attention.head.C_vo,,attention_exact_matrix_circuit,3.202839025107096e-07,True,SPARSE_OMP_OR_TARGET_MINED,0.643345296382904,PRIMITIVE_EXPLANATION_WEAK,True,False,artifacts/latest/part_full_model_matrix_coverage_v1_4_6/attention/mod_blocks_5_attn_h5.pt,Attention exact matrix target; primitive fit is approximate.
mod.blocks.5.attn.h5.C_vo_aug,mod.blocks.5.attn,MultiheadAttention,Attention.head.C_vo_aug,,attention_exact_matrix_circuit,3.202839025107096e-07,True,AUGMENTED_EXACT_TARGET,,,False,False,artifacts/latest/part_full_model_matrix_coverage_v1_4_6/attention/mod_blocks_5_attn_h5.pt,Augmented exact target exported in tensor artifact.
mod.blocks.5.attn.h6.M_qk,mod.blocks.5.attn,MultiheadAttention,Attention.head.M_qk,,attention_exact_matrix_circuit,3.202839025107096e-07,True,SPARSE_OMP_OR_TARGET_MINED,0.6600468754768372,PRIMITIVE_EXPLANATION_WEAK,True,False,artifacts/latest/part_full_model_matrix_coverage_v1_4_6/attention/mod_blocks_5_attn_h6.pt,Attention exact matrix target; primitive fit is approximate.
mod.blocks.5.attn.h6.M_qk_aug,mod.blocks.5.attn,MultiheadAttention,Attention.head.M_qk_aug,,attention_exact_matrix_circuit,3.202839025107096e-07,True,AUGMENTED_EXACT_TARGET,,,False,False,artifacts/latest/part_full_model_matrix_coverage_v1_4_6/attention/mod_blocks_5_attn_h6.pt,Augmented exact target exported in tensor artifact.
mod.blocks.5.attn.h6.C_vo,mod.blocks.5.attn,MultiheadAttention,Attention.head.C_vo,,attention_exact_matrix_circuit,3.202839025107096e-07,True,SPARSE_OMP_OR_TARGET_MINED,0.6150393486022949,PRIMITIVE_EXPLANATION_WEAK,True,False,artifacts/latest/part_full_model_matrix_coverage_v1_4_6/attention/mod_blocks_5_attn_h6.pt,Attention exact matrix target; primitive fit is approximate.
mod.blocks.5.attn.h6.C_vo_aug,mod.blocks.5.attn,MultiheadAttention,Attention.head.C_vo_aug,,attention_exact_matrix_circuit,3.202839025107096e-07,True,AUGMENTED_EXACT_TARGET,,,False,False,artifacts/latest/part_full_model_matrix_coverage_v1_4_6/attention/mod_blocks_5_attn_h6.pt,Augmented exact target exported in tensor artifact.
mod.blocks.5.attn.h7.M_qk,mod.blocks.5.attn,MultiheadAttention,Attention.head.M_qk,,attention_exact_matrix_circuit,3.202839025107096e-07,True,SPARSE_OMP_OR_TARGET_MINED,0.6407434940338135,PRIMITIVE_EXPLANATION_WEAK,True,False,artifacts/latest/part_full_model_matrix_coverage_v1_4_6/attention/mod_blocks_5_attn_h7.pt,Attention exact matrix target; primitive fit is approximate.
mod.blocks.5.attn.h7.M_qk_aug,mod.blocks.5.attn,MultiheadAttention,Attention.head.M_qk_aug,,attention_exact_matrix_circuit,3.202839025107096e-07,True,AUGMENTED_EXACT_TARGET,,,False,False,artifacts/latest/part_full_model_matrix_coverage_v1_4_6/attention/mod_blocks_5_attn_h7.pt,Augmented exact target exported in tensor artifact.
mod.blocks.5.attn.h7.C_vo,mod.blocks.5.attn,MultiheadAttention,Attention.head.C_vo,,attention_exact_matrix_circuit,3.202839025107096e-07,True,SPARSE_OMP_OR_TARGET_MINED,0.6567844152450562,PRIMITIVE_EXPLANATION_WEAK,True,False,artifacts/latest/part_full_model_matrix_coverage_v1_4_6/attention/mod_blocks_5_attn_h7.pt,Attention exact matrix target; primitive fit is approximate.
mod.blocks.5.attn.h7.C_vo_aug,mod.blocks.5.attn,MultiheadAttention,Attention.head.C_vo_aug,,attention_exact_matrix_circuit,3.202839025107096e-07,True,AUGMENTED_EXACT_TARGET,,,False,False,artifacts/latest/part_full_model_matrix_coverage_v1_4_6/attention/mod_blocks_5_attn_h7.pt,Augmented exact target exported in tensor artifact.
mod.blocks.6.attn.h0.M_qk,mod.blocks.6.attn,MultiheadAttention,Attention.head.M_qk,,attention_exact_matrix_circuit,3.2349061029890436e-07,True,SPARSE_OMP_OR_TARGET_MINED,0.627760648727417,PRIMITIVE_EXPLANATION_WEAK,True,False,artifacts/latest/part_full_model_matrix_coverage_v1_4_6/attention/mod_blocks_6_attn_h0.pt,Attention exact matrix target; primitive fit is approximate.
mod.blocks.6.attn.h0.M_qk_aug,mod.blocks.6.attn,MultiheadAttention,Attention.head.M_qk_aug,,attention_exact_matrix_circuit,3.2349061029890436e-07,True,AUGMENTED_EXACT_TARGET,,,False,False,artifacts/latest/part_full_model_matrix_coverage_v1_4_6/attention/mod_blocks_6_attn_h0.pt,Augmented exact target exported in tensor artifact.
mod.blocks.6.attn.h0.C_vo,mod.blocks.6.attn,MultiheadAttention,Attention.head.C_vo,,attention_exact_matrix_circuit,3.2349061029890436e-07,True,SPARSE_OMP_OR_TARGET_MINED,0.6429904699325562,PRIMITIVE_EXPLANATION_WEAK,True,False,artifacts/latest/part_full_model_matrix_coverage_v1_4_6/attention/mod_blocks_6_attn_h0.pt,Attention exact matrix target; primitive fit is approximate.
mod.blocks.6.attn.h0.C_vo_aug,mod.blocks.6.attn,MultiheadAttention,Attention.head.C_vo_aug,,attention_exact_matrix_circuit,3.2349061029890436e-07,True,AUGMENTED_EXACT_TARGET,,,False,False,artifacts/latest/part_full_model_matrix_coverage_v1_4_6/attention/mod_blocks_6_attn_h0.pt,Augmented exact target exported in tensor artifact.
mod.blocks.6.attn.h1.M_qk,mod.blocks.6.attn,MultiheadAttention,Attention.head.M_qk,,attention_exact_matrix_circuit,3.2349061029890436e-07,True,SPARSE_OMP_OR_TARGET_MINED,0.6846863627433777,PRIMITIVE_EXPLANATION_WEAK,True,False,artifacts/latest/part_full_model_matrix_coverage_v1_4_6/attention/mod_blocks_6_attn_h1.pt,Attention exact matrix target; primitive fit is approximate.
mod.blocks.6.attn.h1.M_qk_aug,mod.blocks.6.attn,MultiheadAttention,Attention.head.M_qk_aug,,attention_exact_matrix_circuit,3.2349061029890436e-07,True,AUGMENTED_EXACT_TARGET,,,False,False,artifacts/latest/part_full_model_matrix_coverage_v1_4_6/attention/mod_blocks_6_attn_h1.pt,Augmented exact target exported in tensor artifact.
mod.blocks.6.attn.h1.C_vo,mod.blocks.6.attn,MultiheadAttention,Attention.head.C_vo,,attention_exact_matrix_circuit,3.2349061029890436e-07,True,SPARSE_OMP_OR_TARGET_MINED,0.6716012358665466,PRIMITIVE_EXPLANATION_WEAK,True,False,artifacts/latest/part_full_model_matrix_coverage_v1_4_6/attention/mod_blocks_6_attn_h1.pt,Attention exact matrix target; primitive fit is approximate.
mod.blocks.6.attn.h1.C_vo_aug,mod.blocks.6.attn,MultiheadAttention,Attention.head.C_vo_aug,,attention_exact_matrix_circuit,3.2349061029890436e-07,True,AUGMENTED_EXACT_TARGET,,,False,False,artifacts/latest/part_full_model_matrix_coverage_v1_4_6/attention/mod_blocks_6_attn_h1.pt,Augmented exact target exported in tensor artifact.
mod.blocks.6.attn.h2.M_qk,mod.blocks.6.attn,MultiheadAttention,Attention.head.M_qk,,attention_exact_matrix_circuit,3.2349061029890436e-07,True,SPARSE_OMP_OR_TARGET_MINED,0.7241014838218689,PRIMITIVE_EXPLANATION_WEAK,True,False,artifacts/latest/part_full_model_matrix_coverage_v1_4_6/attention/mod_blocks_6_attn_h2.pt,Attention exact matrix target; primitive fit is approximate.
mod.blocks.6.attn.h2.M_qk_aug,mod.blocks.6.attn,MultiheadAttention,Attention.head.M_qk_aug,,attention_exact_matrix_circuit,3.2349061029890436e-07,True,AUGMENTED_EXACT_TARGET,,,False,False,artifacts/latest/part_full_model_matrix_coverage_v1_4_6/attention/mod_blocks_6_attn_h2.pt,Augmented exact target exported in tensor artifact.
mod.blocks.6.attn.h2.C_vo,mod.blocks.6.attn,MultiheadAttention,Attention.head.C_vo,,attention_exact_matrix_circuit,3.2349061029890436e-07,True,SPARSE_OMP_OR_TARGET_MINED,0.5477860569953918,PRIMITIVE_EXPLANATION_WEAK,True,False,artifacts/latest/part_full_model_matrix_coverage_v1_4_6/attention/mod_blocks_6_attn_h2.pt,Attention exact matrix target; primitive fit is approximate.
mod.blocks.6.attn.h2.C_vo_aug,mod.blocks.6.attn,MultiheadAttention,Attention.head.C_vo_aug,,attention_exact_matrix_circuit,3.2349061029890436e-07,True,AUGMENTED_EXACT_TARGET,,,False,False,artifacts/latest/part_full_model_matrix_coverage_v1_4_6/attention/mod_blocks_6_attn_h2.pt,Augmented exact target exported in tensor artifact.
mod.blocks.6.attn.h3.M_qk,mod.blocks.6.attn,MultiheadAttention,Attention.head.M_qk,,attention_exact_matrix_circuit,3.2349061029890436e-07,True,SPARSE_OMP_OR_TARGET_MINED,0.6490793824195862,PRIMITIVE_EXPLANATION_WEAK,True,False,artifacts/latest/part_full_model_matrix_coverage_v1_4_6/attention/mod_blocks_6_attn_h3.pt,Attention exact matrix target; primitive fit is approximate.
mod.blocks.6.attn.h3.M_qk_aug,mod.blocks.6.attn,MultiheadAttention,Attention.head.M_qk_aug,,attention_exact_matrix_circuit,3.2349061029890436e-07,True,AUGMENTED_EXACT_TARGET,,,False,False,artifacts/latest/part_full_model_matrix_coverage_v1_4_6/attention/mod_blocks_6_attn_h3.pt,Augmented exact target exported in tensor artifact.
mod.blocks.6.attn.h3.C_vo,mod.blocks.6.attn,MultiheadAttention,Attention.head.C_vo,,attention_exact_matrix_circuit,3.2349061029890436e-07,True,SPARSE_OMP_OR_TARGET_MINED,0.6252358555793762,PRIMITIVE_EXPLANATION_WEAK,True,False,artifacts/latest/part_full_model_matrix_coverage_v1_4_6/attention/mod_blocks_6_attn_h3.pt,Attention exact matrix target; primitive fit is approximate.
mod.blocks.6.attn.h3.C_vo_aug,mod.blocks.6.attn,MultiheadAttention,Attention.head.C_vo_aug,,attention_exact_matrix_circuit,3.2349061029890436e-07,True,AUGMENTED_EXACT_TARGET,,,False,False,artifacts/latest/part_full_model_matrix_coverage_v1_4_6/attention/mod_blocks_6_attn_h3.pt,Augmented exact target exported in tensor artifact.
mod.blocks.6.attn.h4.M_qk,mod.blocks.6.attn,MultiheadAttention,Attention.head.M_qk,,attention_exact_matrix_circuit,3.2349061029890436e-07,True,SPARSE_OMP_OR_TARGET_MINED,0.6722954511642456,PRIMITIVE_EXPLANATION_WEAK,True,False,artifacts/latest/part_full_model_matrix_coverage_v1_4_6/attention/mod_blocks_6_attn_h4.pt,Attention exact matrix target; primitive fit is approximate.
mod.blocks.6.attn.h4.M_qk_aug,mod.blocks.6.attn,MultiheadAttention,Attention.head.M_qk_aug,,attention_exact_matrix_circuit,3.2349061029890436e-07,True,AUGMENTED_EXACT_TARGET,,,False,False,artifacts/latest/part_full_model_matrix_coverage_v1_4_6/attention/mod_blocks_6_attn_h4.pt,Augmented exact target exported in tensor artifact.
mod.blocks.6.attn.h4.C_vo,mod.blocks.6.attn,MultiheadAttention,Attention.head.C_vo,,attention_exact_matrix_circuit,3.2349061029890436e-07,True,SPARSE_OMP_OR_TARGET_MINED,0.6486372351646423,PRIMITIVE_EXPLANATION_WEAK,True,False,artifacts/latest/part_full_model_matrix_coverage_v1_4_6/attention/mod_blocks_6_attn_h4.pt,Attention exact matrix target; primitive fit is approximate.
mod.blocks.6.attn.h4.C_vo_aug,mod.blocks.6.attn,MultiheadAttention,Attention.head.C_vo_aug,,attention_exact_matrix_circuit,3.2349061029890436e-07,True,AUGMENTED_EXACT_TARGET,,,False,False,artifacts/latest/part_full_model_matrix_coverage_v1_4_6/attention/mod_blocks_6_attn_h4.pt,Augmented exact target exported in tensor artifact.
mod.blocks.6.attn.h5.M_qk,mod.blocks.6.attn,MultiheadAttention,Attention.head.M_qk,,attention_exact_matrix_circuit,3.2349061029890436e-07,True,SPARSE_OMP_OR_TARGET_MINED,0.7297505736351013,PRIMITIVE_EXPLANATION_WEAK,True,False,artifacts/latest/part_full_model_matrix_coverage_v1_4_6/attention/mod_blocks_6_attn_h5.pt,Attention exact matrix target; primitive fit is approximate.
mod.blocks.6.attn.h5.M_qk_aug,mod.blocks.6.attn,MultiheadAttention,Attention.head.M_qk_aug,,attention_exact_matrix_circuit,3.2349061029890436e-07,True,AUGMENTED_EXACT_TARGET,,,False,False,artifacts/latest/part_full_model_matrix_coverage_v1_4_6/attention/mod_blocks_6_attn_h5.pt,Augmented exact target exported in tensor artifact.
mod.blocks.6.attn.h5.C_vo,mod.blocks.6.attn,MultiheadAttention,Attention.head.C_vo,,attention_exact_matrix_circuit,3.2349061029890436e-07,True,SPARSE_OMP_OR_TARGET_MINED,0.5804499387741089,PRIMITIVE_EXPLANATION_WEAK,True,False,artifacts/latest/part_full_model_matrix_coverage_v1_4_6/attention/mod_blocks_6_attn_h5.pt,Attention exact matrix target; primitive fit is approximate.
mod.blocks.6.attn.h5.C_vo_aug,mod.blocks.6.attn,MultiheadAttention,Attention.head.C_vo_aug,,attention_exact_matrix_circuit,3.2349061029890436e-07,True,AUGMENTED_EXACT_TARGET,,,False,False,artifacts/latest/part_full_model_matrix_coverage_v1_4_6/attention/mod_blocks_6_attn_h5.pt,Augmented exact target exported in tensor artifact.
mod.blocks.6.attn.h6.M_qk,mod.blocks.6.attn,MultiheadAttention,Attention.head.M_qk,,attention_exact_matrix_circuit,3.2349061029890436e-07,True,SPARSE_OMP_OR_TARGET_MINED,0.7226358652114868,PRIMITIVE_EXPLANATION_WEAK,True,False,artifacts/latest/part_full_model_matrix_coverage_v1_4_6/attention/mod_blocks_6_attn_h6.pt,Attention exact matrix target; primitive fit is approximate.
mod.blocks.6.attn.h6.M_qk_aug,mod.blocks.6.attn,MultiheadAttention,Attention.head.M_qk_aug,,attention_exact_matrix_circuit,3.2349061029890436e-07,True,AUGMENTED_EXACT_TARGET,,,False,False,artifacts/latest/part_full_model_matrix_coverage_v1_4_6/attention/mod_blocks_6_attn_h6.pt,Augmented exact target exported in tensor artifact.
mod.blocks.6.attn.h6.C_vo,mod.blocks.6.attn,MultiheadAttention,Attention.head.C_vo,,attention_exact_matrix_circuit,3.2349061029890436e-07,True,SPARSE_OMP_OR_TARGET_MINED,0.6500692367553711,PRIMITIVE_EXPLANATION_WEAK,True,False,artifacts/latest/part_full_model_matrix_coverage_v1_4_6/attention/mod_blocks_6_attn_h6.pt,Attention exact matrix target; primitive fit is approximate.
mod.blocks.6.attn.h6.C_vo_aug,mod.blocks.6.attn,MultiheadAttention,Attention.head.C_vo_aug,,attention_exact_matrix_circuit,3.2349061029890436e-07,True,AUGMENTED_EXACT_TARGET,,,False,False,artifacts/latest/part_full_model_matrix_coverage_v1_4_6/attention/mod_blocks_6_attn_h6.pt,Augmented exact target exported in tensor artifact.
mod.blocks.6.attn.h7.M_qk,mod.blocks.6.attn,MultiheadAttention,Attention.head.M_qk,,attention_exact_matrix_circuit,3.2349061029890436e-07,True,SPARSE_OMP_OR_TARGET_MINED,0.7044143080711365,PRIMITIVE_EXPLANATION_WEAK,True,False,artifacts/latest/part_full_model_matrix_coverage_v1_4_6/attention/mod_blocks_6_attn_h7.pt,Attention exact matrix target; primitive fit is approximate.
mod.blocks.6.attn.h7.M_qk_aug,mod.blocks.6.attn,MultiheadAttention,Attention.head.M_qk_aug,,attention_exact_matrix_circuit,3.2349061029890436e-07,True,AUGMENTED_EXACT_TARGET,,,False,False,artifacts/latest/part_full_model_matrix_coverage_v1_4_6/attention/mod_blocks_6_attn_h7.pt,Augmented exact target exported in tensor artifact.
mod.blocks.6.attn.h7.C_vo,mod.blocks.6.attn,MultiheadAttention,Attention.head.C_vo,,attention_exact_matrix_circuit,3.2349061029890436e-07,True,SPARSE_OMP_OR_TARGET_MINED,0.6571934819221497,PRIMITIVE_EXPLANATION_WEAK,True,False,artifacts/latest/part_full_model_matrix_coverage_v1_4_6/attention/mod_blocks_6_attn_h7.pt,Attention exact matrix target; primitive fit is approximate.
mod.blocks.6.attn.h7.C_vo_aug,mod.blocks.6.attn,MultiheadAttention,Attention.head.C_vo_aug,,attention_exact_matrix_circuit,3.2349061029890436e-07,True,AUGMENTED_EXACT_TARGET,,,False,False,artifacts/latest/part_full_model_matrix_coverage_v1_4_6/attention/mod_blocks_6_attn_h7.pt,Augmented exact target exported in tensor artifact.
mod.blocks.7.attn.h0.M_qk,mod.blocks.7.attn,MultiheadAttention,Attention.head.M_qk,,attention_exact_matrix_circuit,2.8633982651626866e-07,True,SPARSE_OMP_OR_TARGET_MINED,0.7160210013389587,PRIMITIVE_EXPLANATION_WEAK,True,False,artifacts/latest/part_full_model_matrix_coverage_v1_4_6/attention/mod_blocks_7_attn_h0.pt,Attention exact matrix target; primitive fit is approximate.
mod.blocks.7.attn.h0.M_qk_aug,mod.blocks.7.attn,MultiheadAttention,Attention.head.M_qk_aug,,attention_exact_matrix_circuit,2.8633982651626866e-07,True,AUGMENTED_EXACT_TARGET,,,False,False,artifacts/latest/part_full_model_matrix_coverage_v1_4_6/attention/mod_blocks_7_attn_h0.pt,Augmented exact target exported in tensor artifact.
mod.blocks.7.attn.h0.C_vo,mod.blocks.7.attn,MultiheadAttention,Attention.head.C_vo,,attention_exact_matrix_circuit,2.8633982651626866e-07,True,SPARSE_OMP_OR_TARGET_MINED,0.6306851506233215,PRIMITIVE_EXPLANATION_WEAK,True,False,artifacts/latest/part_full_model_matrix_coverage_v1_4_6/attention/mod_blocks_7_attn_h0.pt,Attention exact matrix target; primitive fit is approximate.
mod.blocks.7.attn.h0.C_vo_aug,mod.blocks.7.attn,MultiheadAttention,Attention.head.C_vo_aug,,attention_exact_matrix_circuit,2.8633982651626866e-07,True,AUGMENTED_EXACT_TARGET,,,False,False,artifacts/latest/part_full_model_matrix_coverage_v1_4_6/attention/mod_blocks_7_attn_h0.pt,Augmented exact target exported in tensor artifact.
mod.blocks.7.attn.h1.M_qk,mod.blocks.7.attn,MultiheadAttention,Attention.head.M_qk,,attention_exact_matrix_circuit,2.8633982651626866e-07,True,SPARSE_OMP_OR_TARGET_MINED,0.6843341588973999,PRIMITIVE_EXPLANATION_WEAK,True,False,artifacts/latest/part_full_model_matrix_coverage_v1_4_6/attention/mod_blocks_7_attn_h1.pt,Attention exact matrix target; primitive fit is approximate.
mod.blocks.7.attn.h1.M_qk_aug,mod.blocks.7.attn,MultiheadAttention,Attention.head.M_qk_aug,,attention_exact_matrix_circuit,2.8633982651626866e-07,True,AUGMENTED_EXACT_TARGET,,,False,False,artifacts/latest/part_full_model_matrix_coverage_v1_4_6/attention/mod_blocks_7_attn_h1.pt,Augmented exact target exported in tensor artifact.
mod.blocks.7.attn.h1.C_vo,mod.blocks.7.attn,MultiheadAttention,Attention.head.C_vo,,attention_exact_matrix_circuit,2.8633982651626866e-07,True,SPARSE_OMP_OR_TARGET_MINED,0.6044325828552246,PRIMITIVE_EXPLANATION_WEAK,True,False,artifacts/latest/part_full_model_matrix_coverage_v1_4_6/attention/mod_blocks_7_attn_h1.pt,Attention exact matrix target; primitive fit is approximate.
mod.blocks.7.attn.h1.C_vo_aug,mod.blocks.7.attn,MultiheadAttention,Attention.head.C_vo_aug,,attention_exact_matrix_circuit,2.8633982651626866e-07,True,AUGMENTED_EXACT_TARGET,,,False,False,artifacts/latest/part_full_model_matrix_coverage_v1_4_6/attention/mod_blocks_7_attn_h1.pt,Augmented exact target exported in tensor artifact.
mod.blocks.7.attn.h2.M_qk,mod.blocks.7.attn,MultiheadAttention,Attention.head.M_qk,,attention_exact_matrix_circuit,2.8633982651626866e-07,True,SPARSE_OMP_OR_TARGET_MINED,0.6911348700523376,PRIMITIVE_EXPLANATION_WEAK,True,False,artifacts/latest/part_full_model_matrix_coverage_v1_4_6/attention/mod_blocks_7_attn_h2.pt,Attention exact matrix target; primitive fit is approximate.
mod.blocks.7.attn.h2.M_qk_aug,mod.blocks.7.attn,MultiheadAttention,Attention.head.M_qk_aug,,attention_exact_matrix_circuit,2.8633982651626866e-07,True,AUGMENTED_EXACT_TARGET,,,False,False,artifacts/latest/part_full_model_matrix_coverage_v1_4_6/attention/mod_blocks_7_attn_h2.pt,Augmented exact target exported in tensor artifact.
mod.blocks.7.attn.h2.C_vo,mod.blocks.7.attn,MultiheadAttention,Attention.head.C_vo,,attention_exact_matrix_circuit,2.8633982651626866e-07,True,SPARSE_OMP_OR_TARGET_MINED,0.6068381071090698,PRIMITIVE_EXPLANATION_WEAK,True,False,artifacts/latest/part_full_model_matrix_coverage_v1_4_6/attention/mod_blocks_7_attn_h2.pt,Attention exact matrix target; primitive fit is approximate.
mod.blocks.7.attn.h2.C_vo_aug,mod.blocks.7.attn,MultiheadAttention,Attention.head.C_vo_aug,,attention_exact_matrix_circuit,2.8633982651626866e-07,True,AUGMENTED_EXACT_TARGET,,,False,False,artifacts/latest/part_full_model_matrix_coverage_v1_4_6/attention/mod_blocks_7_attn_h2.pt,Augmented exact target exported in tensor artifact.
mod.blocks.7.attn.h3.M_qk,mod.blocks.7.attn,MultiheadAttention,Attention.head.M_qk,,attention_exact_matrix_circuit,2.8633982651626866e-07,True,SPARSE_OMP_OR_TARGET_MINED,0.6390611529350281,PRIMITIVE_EXPLANATION_WEAK,True,False,artifacts/latest/part_full_model_matrix_coverage_v1_4_6/attention/mod_blocks_7_attn_h3.pt,Attention exact matrix target; primitive fit is approximate.
mod.blocks.7.attn.h3.M_qk_aug,mod.blocks.7.attn,MultiheadAttention,Attention.head.M_qk_aug,,attention_exact_matrix_circuit,2.8633982651626866e-07,True,AUGMENTED_EXACT_TARGET,,,False,False,artifacts/latest/part_full_model_matrix_coverage_v1_4_6/attention/mod_blocks_7_attn_h3.pt,Augmented exact target exported in tensor artifact.
mod.blocks.7.attn.h3.C_vo,mod.blocks.7.attn,MultiheadAttention,Attention.head.C_vo,,attention_exact_matrix_circuit,2.8633982651626866e-07,True,SPARSE_OMP_OR_TARGET_MINED,0.5483191013336182,PRIMITIVE_EXPLANATION_WEAK,True,False,artifacts/latest/part_full_model_matrix_coverage_v1_4_6/attention/mod_blocks_7_attn_h3.pt,Attention exact matrix target; primitive fit is approximate.
mod.blocks.7.attn.h3.C_vo_aug,mod.blocks.7.attn,MultiheadAttention,Attention.head.C_vo_aug,,attention_exact_matrix_circuit,2.8633982651626866e-07,True,AUGMENTED_EXACT_TARGET,,,False,False,artifacts/latest/part_full_model_matrix_coverage_v1_4_6/attention/mod_blocks_7_attn_h3.pt,Augmented exact target exported in tensor artifact.
mod.blocks.7.attn.h4.M_qk,mod.blocks.7.attn,MultiheadAttention,Attention.head.M_qk,,attention_exact_matrix_circuit,2.8633982651626866e-07,True,SPARSE_OMP_OR_TARGET_MINED,0.580698549747467,PRIMITIVE_EXPLANATION_WEAK,True,False,artifacts/latest/part_full_model_matrix_coverage_v1_4_6/attention/mod_blocks_7_attn_h4.pt,Attention exact matrix target; primitive fit is approximate.
mod.blocks.7.attn.h4.M_qk_aug,mod.blocks.7.attn,MultiheadAttention,Attention.head.M_qk_aug,,attention_exact_matrix_circuit,2.8633982651626866e-07,True,AUGMENTED_EXACT_TARGET,,,False,False,artifacts/latest/part_full_model_matrix_coverage_v1_4_6/attention/mod_blocks_7_attn_h4.pt,Augmented exact target exported in tensor artifact.
mod.blocks.7.attn.h4.C_vo,mod.blocks.7.attn,MultiheadAttention,Attention.head.C_vo,,attention_exact_matrix_circuit,2.8633982651626866e-07,True,SPARSE_OMP_OR_TARGET_MINED,0.5140517354011536,PRIMITIVE_EXPLANATION_WEAK,True,False,artifacts/latest/part_full_model_matrix_coverage_v1_4_6/attention/mod_blocks_7_attn_h4.pt,Attention exact matrix target; primitive fit is approximate.
mod.blocks.7.attn.h4.C_vo_aug,mod.blocks.7.attn,MultiheadAttention,Attention.head.C_vo_aug,,attention_exact_matrix_circuit,2.8633982651626866e-07,True,AUGMENTED_EXACT_TARGET,,,False,False,artifacts/latest/part_full_model_matrix_coverage_v1_4_6/attention/mod_blocks_7_attn_h4.pt,Augmented exact target exported in tensor artifact.
mod.blocks.7.attn.h5.M_qk,mod.blocks.7.attn,MultiheadAttention,Attention.head.M_qk,,attention_exact_matrix_circuit,2.8633982651626866e-07,True,SPARSE_OMP_OR_TARGET_MINED,0.6744840145111084,PRIMITIVE_EXPLANATION_WEAK,True,False,artifacts/latest/part_full_model_matrix_coverage_v1_4_6/attention/mod_blocks_7_attn_h5.pt,Attention exact matrix target; primitive fit is approximate.
mod.blocks.7.attn.h5.M_qk_aug,mod.blocks.7.attn,MultiheadAttention,Attention.head.M_qk_aug,,attention_exact_matrix_circuit,2.8633982651626866e-07,True,AUGMENTED_EXACT_TARGET,,,False,False,artifacts/latest/part_full_model_matrix_coverage_v1_4_6/attention/mod_blocks_7_attn_h5.pt,Augmented exact target exported in tensor artifact.
mod.blocks.7.attn.h5.C_vo,mod.blocks.7.attn,MultiheadAttention,Attention.head.C_vo,,attention_exact_matrix_circuit,2.8633982651626866e-07,True,SPARSE_OMP_OR_TARGET_MINED,0.5030601620674133,PRIMITIVE_EXPLANATION_WEAK,True,False,artifacts/latest/part_full_model_matrix_coverage_v1_4_6/attention/mod_blocks_7_attn_h5.pt,Attention exact matrix target; primitive fit is approximate.
mod.blocks.7.attn.h5.C_vo_aug,mod.blocks.7.attn,MultiheadAttention,Attention.head.C_vo_aug,,attention_exact_matrix_circuit,2.8633982651626866e-07,True,AUGMENTED_EXACT_TARGET,,,False,False,artifacts/latest/part_full_model_matrix_coverage_v1_4_6/attention/mod_blocks_7_attn_h5.pt,Augmented exact target exported in tensor artifact.
mod.blocks.7.attn.h6.M_qk,mod.blocks.7.attn,MultiheadAttention,Attention.head.M_qk,,attention_exact_matrix_circuit,2.8633982651626866e-07,True,SPARSE_OMP_OR_TARGET_MINED,0.6930100917816162,PRIMITIVE_EXPLANATION_WEAK,True,False,artifacts/latest/part_full_model_matrix_coverage_v1_4_6/attention/mod_blocks_7_attn_h6.pt,Attention exact matrix target; primitive fit is approximate.
mod.blocks.7.attn.h6.M_qk_aug,mod.blocks.7.attn,MultiheadAttention,Attention.head.M_qk_aug,,attention_exact_matrix_circuit,2.8633982651626866e-07,True,AUGMENTED_EXACT_TARGET,,,False,False,artifacts/latest/part_full_model_matrix_coverage_v1_4_6/attention/mod_blocks_7_attn_h6.pt,Augmented exact target exported in tensor artifact.
mod.blocks.7.attn.h6.C_vo,mod.blocks.7.attn,MultiheadAttention,Attention.head.C_vo,,attention_exact_matrix_circuit,2.8633982651626866e-07,True,SPARSE_OMP_OR_TARGET_MINED,0.5364447832107544,PRIMITIVE_EXPLANATION_WEAK,True,False,artifacts/latest/part_full_model_matrix_coverage_v1_4_6/attention/mod_blocks_7_attn_h6.pt,Attention exact matrix target; primitive fit is approximate.
mod.blocks.7.attn.h6.C_vo_aug,mod.blocks.7.attn,MultiheadAttention,Attention.head.C_vo_aug,,attention_exact_matrix_circuit,2.8633982651626866e-07,True,AUGMENTED_EXACT_TARGET,,,False,False,artifacts/latest/part_full_model_matrix_coverage_v1_4_6/attention/mod_blocks_7_attn_h6.pt,Augmented exact target exported in tensor artifact.
mod.blocks.7.attn.h7.M_qk,mod.blocks.7.attn,MultiheadAttention,Attention.head.M_qk,,attention_exact_matrix_circuit,2.8633982651626866e-07,True,SPARSE_OMP_OR_TARGET_MINED,0.6820265054702759,PRIMITIVE_EXPLANATION_WEAK,True,False,artifacts/latest/part_full_model_matrix_coverage_v1_4_6/attention/mod_blocks_7_attn_h7.pt,Attention exact matrix target; primitive fit is approximate.
mod.blocks.7.attn.h7.M_qk_aug,mod.blocks.7.attn,MultiheadAttention,Attention.head.M_qk_aug,,attention_exact_matrix_circuit,2.8633982651626866e-07,True,AUGMENTED_EXACT_TARGET,,,False,False,artifacts/latest/part_full_model_matrix_coverage_v1_4_6/attention/mod_blocks_7_attn_h7.pt,Augmented exact target exported in tensor artifact.
mod.blocks.7.attn.h7.C_vo,mod.blocks.7.attn,MultiheadAttention,Attention.head.C_vo,,attention_exact_matrix_circuit,2.8633982651626866e-07,True,SPARSE_OMP_OR_TARGET_MINED,0.558949887752533,PRIMITIVE_EXPLANATION_WEAK,True,False,artifacts/latest/part_full_model_matrix_coverage_v1_4_6/attention/mod_blocks_7_attn_h7.pt,Attention exact matrix target; primitive fit is approximate.
mod.blocks.7.attn.h7.C_vo_aug,mod.blocks.7.attn,MultiheadAttention,Attention.head.C_vo_aug,,attention_exact_matrix_circuit,2.8633982651626866e-07,True,AUGMENTED_EXACT_TARGET,,,False,False,artifacts/latest/part_full_model_matrix_coverage_v1_4_6/attention/mod_blocks_7_attn_h7.pt,Augmented exact target exported in tensor artifact.
mod.cls_blocks.0.attn.h0.M_qk,mod.cls_blocks.0.attn,MultiheadAttention,Attention.head.M_qk,,attention_exact_matrix_circuit,1.7761605874966335e-07,True,SPARSE_OMP_OR_TARGET_MINED,0.17455506324768066,PARTIAL_INTERPRETATION,True,False,artifacts/latest/part_full_model_matrix_coverage_v1_4_6/attention/mod_cls_blocks_0_attn_h0.pt,Attention exact matrix target; primitive fit is approximate.
mod.cls_blocks.0.attn.h0.M_qk_aug,mod.cls_blocks.0.attn,MultiheadAttention,Attention.head.M_qk_aug,,attention_exact_matrix_circuit,1.7761605874966335e-07,True,AUGMENTED_EXACT_TARGET,,,False,False,artifacts/latest/part_full_model_matrix_coverage_v1_4_6/attention/mod_cls_blocks_0_attn_h0.pt,Augmented exact target exported in tensor artifact.
mod.cls_blocks.0.attn.h0.C_vo,mod.cls_blocks.0.attn,MultiheadAttention,Attention.head.C_vo,,attention_exact_matrix_circuit,1.7761605874966335e-07,True,SPARSE_OMP_OR_TARGET_MINED,0.36680227518081665,PRIMITIVE_EXPLANATION_WEAK,True,False,artifacts/latest/part_full_model_matrix_coverage_v1_4_6/attention/mod_cls_blocks_0_attn_h0.pt,Attention exact matrix target; primitive fit is approximate.
mod.cls_blocks.0.attn.h0.C_vo_aug,mod.cls_blocks.0.attn,MultiheadAttention,Attention.head.C_vo_aug,,attention_exact_matrix_circuit,1.7761605874966335e-07,True,AUGMENTED_EXACT_TARGET,,,False,False,artifacts/latest/part_full_model_matrix_coverage_v1_4_6/attention/mod_cls_blocks_0_attn_h0.pt,Augmented exact target exported in tensor artifact.
mod.cls_blocks.0.attn.h1.M_qk,mod.cls_blocks.0.attn,MultiheadAttention,Attention.head.M_qk,,attention_exact_matrix_circuit,1.7761605874966335e-07,True,SPARSE_OMP_OR_TARGET_MINED,0.2286337912082672,PARTIAL_INTERPRETATION,True,False,artifacts/latest/part_full_model_matrix_coverage_v1_4_6/attention/mod_cls_blocks_0_attn_h1.pt,Attention exact matrix target; primitive fit is approximate.
mod.cls_blocks.0.attn.h1.M_qk_aug,mod.cls_blocks.0.attn,MultiheadAttention,Attention.head.M_qk_aug,,attention_exact_matrix_circuit,1.7761605874966335e-07,True,AUGMENTED_EXACT_TARGET,,,False,False,artifacts/latest/part_full_model_matrix_coverage_v1_4_6/attention/mod_cls_blocks_0_attn_h1.pt,Augmented exact target exported in tensor artifact.
mod.cls_blocks.0.attn.h1.C_vo,mod.cls_blocks.0.attn,MultiheadAttention,Attention.head.C_vo,,attention_exact_matrix_circuit,1.7761605874966335e-07,True,SPARSE_OMP_OR_TARGET_MINED,0.5537464618682861,PRIMITIVE_EXPLANATION_WEAK,True,False,artifacts/latest/part_full_model_matrix_coverage_v1_4_6/attention/mod_cls_blocks_0_attn_h1.pt,Attention exact matrix target; primitive fit is approximate.
mod.cls_blocks.0.attn.h1.C_vo_aug,mod.cls_blocks.0.attn,MultiheadAttention,Attention.head.C_vo_aug,,attention_exact_matrix_circuit,1.7761605874966335e-07,True,AUGMENTED_EXACT_TARGET,,,False,False,artifacts/latest/part_full_model_matrix_coverage_v1_4_6/attention/mod_cls_blocks_0_attn_h1.pt,Augmented exact target exported in tensor artifact.
mod.cls_blocks.0.attn.h2.M_qk,mod.cls_blocks.0.attn,MultiheadAttention,Attention.head.M_qk,,attention_exact_matrix_circuit,1.7761605874966335e-07,True,SPARSE_OMP_OR_TARGET_MINED,0.0884537547826767,STRONG_INTERPRETATION,True,False,artifacts/latest/part_full_model_matrix_coverage_v1_4_6/attention/mod_cls_blocks_0_attn_h2.pt,Attention exact matrix target; primitive fit is approximate.
mod.cls_blocks.0.attn.h2.M_qk_aug,mod.cls_blocks.0.attn,MultiheadAttention,Attention.head.M_qk_aug,,attention_exact_matrix_circuit,1.7761605874966335e-07,True,AUGMENTED_EXACT_TARGET,,,False,False,artifacts/latest/part_full_model_matrix_coverage_v1_4_6/attention/mod_cls_blocks_0_attn_h2.pt,Augmented exact target exported in tensor artifact.
mod.cls_blocks.0.attn.h2.C_vo,mod.cls_blocks.0.attn,MultiheadAttention,Attention.head.C_vo,,attention_exact_matrix_circuit,1.7761605874966335e-07,True,SPARSE_OMP_OR_TARGET_MINED,0.526590883731842,PRIMITIVE_EXPLANATION_WEAK,True,False,artifacts/latest/part_full_model_matrix_coverage_v1_4_6/attention/mod_cls_blocks_0_attn_h2.pt,Attention exact matrix target; primitive fit is approximate.
mod.cls_blocks.0.attn.h2.C_vo_aug,mod.cls_blocks.0.attn,MultiheadAttention,Attention.head.C_vo_aug,,attention_exact_matrix_circuit,1.7761605874966335e-07,True,AUGMENTED_EXACT_TARGET,,,False,False,artifacts/latest/part_full_model_matrix_coverage_v1_4_6/attention/mod_cls_blocks_0_attn_h2.pt,Augmented exact target exported in tensor artifact.
mod.cls_blocks.0.attn.h3.M_qk,mod.cls_blocks.0.attn,MultiheadAttention,Attention.head.M_qk,,attention_exact_matrix_circuit,1.7761605874966335e-07,True,SPARSE_OMP_OR_TARGET_MINED,0.11016417294740677,STRONG_INTERPRETATION,True,False,artifacts/latest/part_full_model_matrix_coverage_v1_4_6/attention/mod_cls_blocks_0_attn_h3.pt,Attention exact matrix target; primitive fit is approximate.
mod.cls_blocks.0.attn.h3.M_qk_aug,mod.cls_blocks.0.attn,MultiheadAttention,Attention.head.M_qk_aug,,attention_exact_matrix_circuit,1.7761605874966335e-07,True,AUGMENTED_EXACT_TARGET,,,False,False,artifacts/latest/part_full_model_matrix_coverage_v1_4_6/attention/mod_cls_blocks_0_attn_h3.pt,Augmented exact target exported in tensor artifact.
mod.cls_blocks.0.attn.h3.C_vo,mod.cls_blocks.0.attn,MultiheadAttention,Attention.head.C_vo,,attention_exact_matrix_circuit,1.7761605874966335e-07,True,SPARSE_OMP_OR_TARGET_MINED,0.4724460244178772,PRIMITIVE_EXPLANATION_WEAK,True,False,artifacts/latest/part_full_model_matrix_coverage_v1_4_6/attention/mod_cls_blocks_0_attn_h3.pt,Attention exact matrix target; primitive fit is approximate.
mod.cls_blocks.0.attn.h3.C_vo_aug,mod.cls_blocks.0.attn,MultiheadAttention,Attention.head.C_vo_aug,,attention_exact_matrix_circuit,1.7761605874966335e-07,True,AUGMENTED_EXACT_TARGET,,,False,False,artifacts/latest/part_full_model_matrix_coverage_v1_4_6/attention/mod_cls_blocks_0_attn_h3.pt,Augmented exact target exported in tensor artifact.
mod.cls_blocks.0.attn.h4.M_qk,mod.cls_blocks.0.attn,MultiheadAttention,Attention.head.M_qk,,attention_exact_matrix_circuit,1.7761605874966335e-07,True,SPARSE_OMP_OR_TARGET_MINED,0.13107839226722717,STRONG_INTERPRETATION,True,False,artifacts/latest/part_full_model_matrix_coverage_v1_4_6/attention/mod_cls_blocks_0_attn_h4.pt,Attention exact matrix target; primitive fit is approximate.
mod.cls_blocks.0.attn.h4.M_qk_aug,mod.cls_blocks.0.attn,MultiheadAttention,Attention.head.M_qk_aug,,attention_exact_matrix_circuit,1.7761605874966335e-07,True,AUGMENTED_EXACT_TARGET,,,False,False,artifacts/latest/part_full_model_matrix_coverage_v1_4_6/attention/mod_cls_blocks_0_attn_h4.pt,Augmented exact target exported in tensor artifact.
mod.cls_blocks.0.attn.h4.C_vo,mod.cls_blocks.0.attn,MultiheadAttention,Attention.head.C_vo,,attention_exact_matrix_circuit,1.7761605874966335e-07,True,SPARSE_OMP_OR_TARGET_MINED,0.35378560423851013,PRIMITIVE_EXPLANATION_WEAK,True,False,artifacts/latest/part_full_model_matrix_coverage_v1_4_6/attention/mod_cls_blocks_0_attn_h4.pt,Attention exact matrix target; primitive fit is approximate.
mod.cls_blocks.0.attn.h4.C_vo_aug,mod.cls_blocks.0.attn,MultiheadAttention,Attention.head.C_vo_aug,,attention_exact_matrix_circuit,1.7761605874966335e-07,True,AUGMENTED_EXACT_TARGET,,,False,False,artifacts/latest/part_full_model_matrix_coverage_v1_4_6/attention/mod_cls_blocks_0_attn_h4.pt,Augmented exact target exported in tensor artifact.
mod.cls_blocks.0.attn.h5.M_qk,mod.cls_blocks.0.attn,MultiheadAttention,Attention.head.M_qk,,attention_exact_matrix_circuit,1.7761605874966335e-07,True,SPARSE_OMP_OR_TARGET_MINED,0.15926805138587952,PARTIAL_INTERPRETATION,True,False,artifacts/latest/part_full_model_matrix_coverage_v1_4_6/attention/mod_cls_blocks_0_attn_h5.pt,Attention exact matrix target; primitive fit is approximate.
mod.cls_blocks.0.attn.h5.M_qk_aug,mod.cls_blocks.0.attn,MultiheadAttention,Attention.head.M_qk_aug,,attention_exact_matrix_circuit,1.7761605874966335e-07,True,AUGMENTED_EXACT_TARGET,,,False,False,artifacts/latest/part_full_model_matrix_coverage_v1_4_6/attention/mod_cls_blocks_0_attn_h5.pt,Augmented exact target exported in tensor artifact.
mod.cls_blocks.0.attn.h5.C_vo,mod.cls_blocks.0.attn,MultiheadAttention,Attention.head.C_vo,,attention_exact_matrix_circuit,1.7761605874966335e-07,True,SPARSE_OMP_OR_TARGET_MINED,0.5812851190567017,PRIMITIVE_EXPLANATION_WEAK,True,False,artifacts/latest/part_full_model_matrix_coverage_v1_4_6/attention/mod_cls_blocks_0_attn_h5.pt,Attention exact matrix target; primitive fit is approximate.
mod.cls_blocks.0.attn.h5.C_vo_aug,mod.cls_blocks.0.attn,MultiheadAttention,Attention.head.C_vo_aug,,attention_exact_matrix_circuit,1.7761605874966335e-07,True,AUGMENTED_EXACT_TARGET,,,False,False,artifacts/latest/part_full_model_matrix_coverage_v1_4_6/attention/mod_cls_blocks_0_attn_h5.pt,Augmented exact target exported in tensor artifact.
mod.cls_blocks.0.attn.h6.M_qk,mod.cls_blocks.0.attn,MultiheadAttention,Attention.head.M_qk,,attention_exact_matrix_circuit,1.7761605874966335e-07,True,SPARSE_OMP_OR_TARGET_MINED,0.15680083632469177,PARTIAL_INTERPRETATION,True,False,artifacts/latest/part_full_model_matrix_coverage_v1_4_6/attention/mod_cls_blocks_0_attn_h6.pt,Attention exact matrix target; primitive fit is approximate.
mod.cls_blocks.0.attn.h6.M_qk_aug,mod.cls_blocks.0.attn,MultiheadAttention,Attention.head.M_qk_aug,,attention_exact_matrix_circuit,1.7761605874966335e-07,True,AUGMENTED_EXACT_TARGET,,,False,False,artifacts/latest/part_full_model_matrix_coverage_v1_4_6/attention/mod_cls_blocks_0_attn_h6.pt,Augmented exact target exported in tensor artifact.
mod.cls_blocks.0.attn.h6.C_vo,mod.cls_blocks.0.attn,MultiheadAttention,Attention.head.C_vo,,attention_exact_matrix_circuit,1.7761605874966335e-07,True,SPARSE_OMP_OR_TARGET_MINED,0.41134896874427795,PRIMITIVE_EXPLANATION_WEAK,True,False,artifacts/latest/part_full_model_matrix_coverage_v1_4_6/attention/mod_cls_blocks_0_attn_h6.pt,Attention exact matrix target; primitive fit is approximate.
mod.cls_blocks.0.attn.h6.C_vo_aug,mod.cls_blocks.0.attn,MultiheadAttention,Attention.head.C_vo_aug,,attention_exact_matrix_circuit,1.7761605874966335e-07,True,AUGMENTED_EXACT_TARGET,,,False,False,artifacts/latest/part_full_model_matrix_coverage_v1_4_6/attention/mod_cls_blocks_0_attn_h6.pt,Augmented exact target exported in tensor artifact.
mod.cls_blocks.0.attn.h7.M_qk,mod.cls_blocks.0.attn,MultiheadAttention,Attention.head.M_qk,,attention_exact_matrix_circuit,1.7761605874966335e-07,True,SPARSE_OMP_OR_TARGET_MINED,0.17612160742282867,PARTIAL_INTERPRETATION,True,False,artifacts/latest/part_full_model_matrix_coverage_v1_4_6/attention/mod_cls_blocks_0_attn_h7.pt,Attention exact matrix target; primitive fit is approximate.
mod.cls_blocks.0.attn.h7.M_qk_aug,mod.cls_blocks.0.attn,MultiheadAttention,Attention.head.M_qk_aug,,attention_exact_matrix_circuit,1.7761605874966335e-07,True,AUGMENTED_EXACT_TARGET,,,False,False,artifacts/latest/part_full_model_matrix_coverage_v1_4_6/attention/mod_cls_blocks_0_attn_h7.pt,Augmented exact target exported in tensor artifact.
mod.cls_blocks.0.attn.h7.C_vo,mod.cls_blocks.0.attn,MultiheadAttention,Attention.head.C_vo,,attention_exact_matrix_circuit,1.7761605874966335e-07,True,SPARSE_OMP_OR_TARGET_MINED,0.49049606919288635,PRIMITIVE_EXPLANATION_WEAK,True,False,artifacts/latest/part_full_model_matrix_coverage_v1_4_6/attention/mod_cls_blocks_0_attn_h7.pt,Attention exact matrix target; primitive fit is approximate.
mod.cls_blocks.0.attn.h7.C_vo_aug,mod.cls_blocks.0.attn,MultiheadAttention,Attention.head.C_vo_aug,,attention_exact_matrix_circuit,1.7761605874966335e-07,True,AUGMENTED_EXACT_TARGET,,,False,False,artifacts/latest/part_full_model_matrix_coverage_v1_4_6/attention/mod_cls_blocks_0_attn_h7.pt,Augmented exact target exported in tensor artifact.
mod.cls_blocks.1.attn.h0.M_qk,mod.cls_blocks.1.attn,MultiheadAttention,Attention.head.M_qk,,attention_exact_matrix_circuit,1.271155127824386e-07,True,SPARSE_OMP_OR_TARGET_MINED,0.6391003727912903,PRIMITIVE_EXPLANATION_WEAK,True,False,artifacts/latest/part_full_model_matrix_coverage_v1_4_6/attention/mod_cls_blocks_1_attn_h0.pt,Attention exact matrix target; primitive fit is approximate.
mod.cls_blocks.1.attn.h0.M_qk_aug,mod.cls_blocks.1.attn,MultiheadAttention,Attention.head.M_qk_aug,,attention_exact_matrix_circuit,1.271155127824386e-07,True,AUGMENTED_EXACT_TARGET,,,False,False,artifacts/latest/part_full_model_matrix_coverage_v1_4_6/attention/mod_cls_blocks_1_attn_h0.pt,Augmented exact target exported in tensor artifact.
mod.cls_blocks.1.attn.h0.C_vo,mod.cls_blocks.1.attn,MultiheadAttention,Attention.head.C_vo,,attention_exact_matrix_circuit,1.271155127824386e-07,True,SPARSE_OMP_OR_TARGET_MINED,0.5377060770988464,PRIMITIVE_EXPLANATION_WEAK,True,False,artifacts/latest/part_full_model_matrix_coverage_v1_4_6/attention/mod_cls_blocks_1_attn_h0.pt,Attention exact matrix target; primitive fit is approximate.
mod.cls_blocks.1.attn.h0.C_vo_aug,mod.cls_blocks.1.attn,MultiheadAttention,Attention.head.C_vo_aug,,attention_exact_matrix_circuit,1.271155127824386e-07,True,AUGMENTED_EXACT_TARGET,,,False,False,artifacts/latest/part_full_model_matrix_coverage_v1_4_6/attention/mod_cls_blocks_1_attn_h0.pt,Augmented exact target exported in tensor artifact.
mod.cls_blocks.1.attn.h1.M_qk,mod.cls_blocks.1.attn,MultiheadAttention,Attention.head.M_qk,,attention_exact_matrix_circuit,1.271155127824386e-07,True,SPARSE_OMP_OR_TARGET_MINED,0.6344603300094604,PRIMITIVE_EXPLANATION_WEAK,True,False,artifacts/latest/part_full_model_matrix_coverage_v1_4_6/attention/mod_cls_blocks_1_attn_h1.pt,Attention exact matrix target; primitive fit is approximate.
mod.cls_blocks.1.attn.h1.M_qk_aug,mod.cls_blocks.1.attn,MultiheadAttention,Attention.head.M_qk_aug,,attention_exact_matrix_circuit,1.271155127824386e-07,True,AUGMENTED_EXACT_TARGET,,,False,False,artifacts/latest/part_full_model_matrix_coverage_v1_4_6/attention/mod_cls_blocks_1_attn_h1.pt,Augmented exact target exported in tensor artifact.
mod.cls_blocks.1.attn.h1.C_vo,mod.cls_blocks.1.attn,MultiheadAttention,Attention.head.C_vo,,attention_exact_matrix_circuit,1.271155127824386e-07,True,SPARSE_OMP_OR_TARGET_MINED,0.5541953444480896,PRIMITIVE_EXPLANATION_WEAK,True,False,artifacts/latest/part_full_model_matrix_coverage_v1_4_6/attention/mod_cls_blocks_1_attn_h1.pt,Attention exact matrix target; primitive fit is approximate.
mod.cls_blocks.1.attn.h1.C_vo_aug,mod.cls_blocks.1.attn,MultiheadAttention,Attention.head.C_vo_aug,,attention_exact_matrix_circuit,1.271155127824386e-07,True,AUGMENTED_EXACT_TARGET,,,False,False,artifacts/latest/part_full_model_matrix_coverage_v1_4_6/attention/mod_cls_blocks_1_attn_h1.pt,Augmented exact target exported in tensor artifact.
mod.cls_blocks.1.attn.h2.M_qk,mod.cls_blocks.1.attn,MultiheadAttention,Attention.head.M_qk,,attention_exact_matrix_circuit,1.271155127824386e-07,True,SPARSE_OMP_OR_TARGET_MINED,0.6640130281448364,PRIMITIVE_EXPLANATION_WEAK,True,False,artifacts/latest/part_full_model_matrix_coverage_v1_4_6/attention/mod_cls_blocks_1_attn_h2.pt,Attention exact matrix target; primitive fit is approximate.
mod.cls_blocks.1.attn.h2.M_qk_aug,mod.cls_blocks.1.attn,MultiheadAttention,Attention.head.M_qk_aug,,attention_exact_matrix_circuit,1.271155127824386e-07,True,AUGMENTED_EXACT_TARGET,,,False,False,artifacts/latest/part_full_model_matrix_coverage_v1_4_6/attention/mod_cls_blocks_1_attn_h2.pt,Augmented exact target exported in tensor artifact.
mod.cls_blocks.1.attn.h2.C_vo,mod.cls_blocks.1.attn,MultiheadAttention,Attention.head.C_vo,,attention_exact_matrix_circuit,1.271155127824386e-07,True,SPARSE_OMP_OR_TARGET_MINED,0.5092996954917908,PRIMITIVE_EXPLANATION_WEAK,True,False,artifacts/latest/part_full_model_matrix_coverage_v1_4_6/attention/mod_cls_blocks_1_attn_h2.pt,Attention exact matrix target; primitive fit is approximate.
mod.cls_blocks.1.attn.h2.C_vo_aug,mod.cls_blocks.1.attn,MultiheadAttention,Attention.head.C_vo_aug,,attention_exact_matrix_circuit,1.271155127824386e-07,True,AUGMENTED_EXACT_TARGET,,,False,False,artifacts/latest/part_full_model_matrix_coverage_v1_4_6/attention/mod_cls_blocks_1_attn_h2.pt,Augmented exact target exported in tensor artifact.
mod.cls_blocks.1.attn.h3.M_qk,mod.cls_blocks.1.attn,MultiheadAttention,Attention.head.M_qk,,attention_exact_matrix_circuit,1.271155127824386e-07,True,SPARSE_OMP_OR_TARGET_MINED,0.6016737818717957,PRIMITIVE_EXPLANATION_WEAK,True,False,artifacts/latest/part_full_model_matrix_coverage_v1_4_6/attention/mod_cls_blocks_1_attn_h3.pt,Attention exact matrix target; primitive fit is approximate.
mod.cls_blocks.1.attn.h3.M_qk_aug,mod.cls_blocks.1.attn,MultiheadAttention,Attention.head.M_qk_aug,,attention_exact_matrix_circuit,1.271155127824386e-07,True,AUGMENTED_EXACT_TARGET,,,False,False,artifacts/latest/part_full_model_matrix_coverage_v1_4_6/attention/mod_cls_blocks_1_attn_h3.pt,Augmented exact target exported in tensor artifact.
mod.cls_blocks.1.attn.h3.C_vo,mod.cls_blocks.1.attn,MultiheadAttention,Attention.head.C_vo,,attention_exact_matrix_circuit,1.271155127824386e-07,True,SPARSE_OMP_OR_TARGET_MINED,0.41048476099967957,PRIMITIVE_EXPLANATION_WEAK,True,False,artifacts/latest/part_full_model_matrix_coverage_v1_4_6/attention/mod_cls_blocks_1_attn_h3.pt,Attention exact matrix target; primitive fit is approximate.
mod.cls_blocks.1.attn.h3.C_vo_aug,mod.cls_blocks.1.attn,MultiheadAttention,Attention.head.C_vo_aug,,attention_exact_matrix_circuit,1.271155127824386e-07,True,AUGMENTED_EXACT_TARGET,,,False,False,artifacts/latest/part_full_model_matrix_coverage_v1_4_6/attention/mod_cls_blocks_1_attn_h3.pt,Augmented exact target exported in tensor artifact.
mod.cls_blocks.1.attn.h4.M_qk,mod.cls_blocks.1.attn,MultiheadAttention,Attention.head.M_qk,,attention_exact_matrix_circuit,1.271155127824386e-07,True,SPARSE_OMP_OR_TARGET_MINED,0.6118150949478149,PRIMITIVE_EXPLANATION_WEAK,True,False,artifacts/latest/part_full_model_matrix_coverage_v1_4_6/attention/mod_cls_blocks_1_attn_h4.pt,Attention exact matrix target; primitive fit is approximate.
mod.cls_blocks.1.attn.h4.M_qk_aug,mod.cls_blocks.1.attn,MultiheadAttention,Attention.head.M_qk_aug,,attention_exact_matrix_circuit,1.271155127824386e-07,True,AUGMENTED_EXACT_TARGET,,,False,False,artifacts/latest/part_full_model_matrix_coverage_v1_4_6/attention/mod_cls_blocks_1_attn_h4.pt,Augmented exact target exported in tensor artifact.
mod.cls_blocks.1.attn.h4.C_vo,mod.cls_blocks.1.attn,MultiheadAttention,Attention.head.C_vo,,attention_exact_matrix_circuit,1.271155127824386e-07,True,SPARSE_OMP_OR_TARGET_MINED,0.582275390625,PRIMITIVE_EXPLANATION_WEAK,True,False,artifacts/latest/part_full_model_matrix_coverage_v1_4_6/attention/mod_cls_blocks_1_attn_h4.pt,Attention exact matrix target; primitive fit is approximate.
mod.cls_blocks.1.attn.h4.C_vo_aug,mod.cls_blocks.1.attn,MultiheadAttention,Attention.head.C_vo_aug,,attention_exact_matrix_circuit,1.271155127824386e-07,True,AUGMENTED_EXACT_TARGET,,,False,False,artifacts/latest/part_full_model_matrix_coverage_v1_4_6/attention/mod_cls_blocks_1_attn_h4.pt,Augmented exact target exported in tensor artifact.
mod.cls_blocks.1.attn.h5.M_qk,mod.cls_blocks.1.attn,MultiheadAttention,Attention.head.M_qk,,attention_exact_matrix_circuit,1.271155127824386e-07,True,SPARSE_OMP_OR_TARGET_MINED,0.6327236294746399,PRIMITIVE_EXPLANATION_WEAK,True,False,artifacts/latest/part_full_model_matrix_coverage_v1_4_6/attention/mod_cls_blocks_1_attn_h5.pt,Attention exact matrix target; primitive fit is approximate.
mod.cls_blocks.1.attn.h5.M_qk_aug,mod.cls_blocks.1.attn,MultiheadAttention,Attention.head.M_qk_aug,,attention_exact_matrix_circuit,1.271155127824386e-07,True,AUGMENTED_EXACT_TARGET,,,False,False,artifacts/latest/part_full_model_matrix_coverage_v1_4_6/attention/mod_cls_blocks_1_attn_h5.pt,Augmented exact target exported in tensor artifact.
mod.cls_blocks.1.attn.h5.C_vo,mod.cls_blocks.1.attn,MultiheadAttention,Attention.head.C_vo,,attention_exact_matrix_circuit,1.271155127824386e-07,True,SPARSE_OMP_OR_TARGET_MINED,0.4062122106552124,PRIMITIVE_EXPLANATION_WEAK,True,False,artifacts/latest/part_full_model_matrix_coverage_v1_4_6/attention/mod_cls_blocks_1_attn_h5.pt,Attention exact matrix target; primitive fit is approximate.
mod.cls_blocks.1.attn.h5.C_vo_aug,mod.cls_blocks.1.attn,MultiheadAttention,Attention.head.C_vo_aug,,attention_exact_matrix_circuit,1.271155127824386e-07,True,AUGMENTED_EXACT_TARGET,,,False,False,artifacts/latest/part_full_model_matrix_coverage_v1_4_6/attention/mod_cls_blocks_1_attn_h5.pt,Augmented exact target exported in tensor artifact.
mod.cls_blocks.1.attn.h6.M_qk,mod.cls_blocks.1.attn,MultiheadAttention,Attention.head.M_qk,,attention_exact_matrix_circuit,1.271155127824386e-07,True,SPARSE_OMP_OR_TARGET_MINED,0.6240630745887756,PRIMITIVE_EXPLANATION_WEAK,True,False,artifacts/latest/part_full_model_matrix_coverage_v1_4_6/attention/mod_cls_blocks_1_attn_h6.pt,Attention exact matrix target; primitive fit is approximate.
mod.cls_blocks.1.attn.h6.M_qk_aug,mod.cls_blocks.1.attn,MultiheadAttention,Attention.head.M_qk_aug,,attention_exact_matrix_circuit,1.271155127824386e-07,True,AUGMENTED_EXACT_TARGET,,,False,False,artifacts/latest/part_full_model_matrix_coverage_v1_4_6/attention/mod_cls_blocks_1_attn_h6.pt,Augmented exact target exported in tensor artifact.
mod.cls_blocks.1.attn.h6.C_vo,mod.cls_blocks.1.attn,MultiheadAttention,Attention.head.C_vo,,attention_exact_matrix_circuit,1.271155127824386e-07,True,SPARSE_OMP_OR_TARGET_MINED,0.5402452349662781,PRIMITIVE_EXPLANATION_WEAK,True,False,artifacts/latest/part_full_model_matrix_coverage_v1_4_6/attention/mod_cls_blocks_1_attn_h6.pt,Attention exact matrix target; primitive fit is approximate.
mod.cls_blocks.1.attn.h6.C_vo_aug,mod.cls_blocks.1.attn,MultiheadAttention,Attention.head.C_vo_aug,,attention_exact_matrix_circuit,1.271155127824386e-07,True,AUGMENTED_EXACT_TARGET,,,False,False,artifacts/latest/part_full_model_matrix_coverage_v1_4_6/attention/mod_cls_blocks_1_attn_h6.pt,Augmented exact target exported in tensor artifact.
mod.cls_blocks.1.attn.h7.M_qk,mod.cls_blocks.1.attn,MultiheadAttention,Attention.head.M_qk,,attention_exact_matrix_circuit,1.271155127824386e-07,True,SPARSE_OMP_OR_TARGET_MINED,0.6373878121376038,PRIMITIVE_EXPLANATION_WEAK,True,False,artifacts/latest/part_full_model_matrix_coverage_v1_4_6/attention/mod_cls_blocks_1_attn_h7.pt,Attention exact matrix target; primitive fit is approximate.
mod.cls_blocks.1.attn.h7.M_qk_aug,mod.cls_blocks.1.attn,MultiheadAttention,Attention.head.M_qk_aug,,attention_exact_matrix_circuit,1.271155127824386e-07,True,AUGMENTED_EXACT_TARGET,,,False,False,artifacts/latest/part_full_model_matrix_coverage_v1_4_6/attention/mod_cls_blocks_1_attn_h7.pt,Augmented exact target exported in tensor artifact.
mod.cls_blocks.1.attn.h7.C_vo,mod.cls_blocks.1.attn,MultiheadAttention,Attention.head.C_vo,,attention_exact_matrix_circuit,1.271155127824386e-07,True,SPARSE_OMP_OR_TARGET_MINED,0.4998522400856018,PRIMITIVE_EXPLANATION_WEAK,True,False,artifacts/latest/part_full_model_matrix_coverage_v1_4_6/attention/mod_cls_blocks_1_attn_h7.pt,Attention exact matrix target; primitive fit is approximate.
mod.cls_blocks.1.attn.h7.C_vo_aug,mod.cls_blocks.1.attn,MultiheadAttention,Attention.head.C_vo_aug,,attention_exact_matrix_circuit,1.271155127824386e-07,True,AUGMENTED_EXACT_TARGET,,,False,False,artifacts/latest/part_full_model_matrix_coverage_v1_4_6/attention/mod_cls_blocks_1_attn_h7.pt,Augmented exact target exported in tensor artifact.
mod.blocks.0.attn.Attention.module.M_qk_aug_all,mod.blocks.0.attn,MultiheadAttention,Attention.module.M_qk_aug_all,all_heads,attention_all_heads_export,,True,GROUP_EXPORT,,,False,False,artifacts/latest/part_full_model_matrix_coverage_v1_4_6/attention/mod_blocks_0_attn_all_heads.pt,Group tensor export for simultaneous all-head analysis.
mod.blocks.0.attn.Attention.module.C_vo_aug_all,mod.blocks.0.attn,MultiheadAttention,Attention.module.C_vo_aug_all,all_heads,attention_all_heads_export,,True,GROUP_EXPORT,,,False,False,artifacts/latest/part_full_model_matrix_coverage_v1_4_6/attention/mod_blocks_0_attn_all_heads.pt,Group tensor export for simultaneous all-head analysis.
mod.blocks.1.attn.Attention.module.M_qk_aug_all,mod.blocks.1.attn,MultiheadAttention,Attention.module.M_qk_aug_all,all_heads,attention_all_heads_export,,True,GROUP_EXPORT,,,False,False,artifacts/latest/part_full_model_matrix_coverage_v1_4_6/attention/mod_blocks_1_attn_all_heads.pt,Group tensor export for simultaneous all-head analysis.
mod.blocks.1.attn.Attention.module.C_vo_aug_all,mod.blocks.1.attn,MultiheadAttention,Attention.module.C_vo_aug_all,all_heads,attention_all_heads_export,,True,GROUP_EXPORT,,,False,False,artifacts/latest/part_full_model_matrix_coverage_v1_4_6/attention/mod_blocks_1_attn_all_heads.pt,Group tensor export for simultaneous all-head analysis.
mod.blocks.2.attn.Attention.module.M_qk_aug_all,mod.blocks.2.attn,MultiheadAttention,Attention.module.M_qk_aug_all,all_heads,attention_all_heads_export,,True,GROUP_EXPORT,,,False,False,artifacts/latest/part_full_model_matrix_coverage_v1_4_6/attention/mod_blocks_2_attn_all_heads.pt,Group tensor export for simultaneous all-head analysis.
mod.blocks.2.attn.Attention.module.C_vo_aug_all,mod.blocks.2.attn,MultiheadAttention,Attention.module.C_vo_aug_all,all_heads,attention_all_heads_export,,True,GROUP_EXPORT,,,False,False,artifacts/latest/part_full_model_matrix_coverage_v1_4_6/attention/mod_blocks_2_attn_all_heads.pt,Group tensor export for simultaneous all-head analysis.
mod.blocks.3.attn.Attention.module.M_qk_aug_all,mod.blocks.3.attn,MultiheadAttention,Attention.module.M_qk_aug_all,all_heads,attention_all_heads_export,,True,GROUP_EXPORT,,,False,False,artifacts/latest/part_full_model_matrix_coverage_v1_4_6/attention/mod_blocks_3_attn_all_heads.pt,Group tensor export for simultaneous all-head analysis.
mod.blocks.3.attn.Attention.module.C_vo_aug_all,mod.blocks.3.attn,MultiheadAttention,Attention.module.C_vo_aug_all,all_heads,attention_all_heads_export,,True,GROUP_EXPORT,,,False,False,artifacts/latest/part_full_model_matrix_coverage_v1_4_6/attention/mod_blocks_3_attn_all_heads.pt,Group tensor export for simultaneous all-head analysis.
mod.blocks.4.attn.Attention.module.M_qk_aug_all,mod.blocks.4.attn,MultiheadAttention,Attention.module.M_qk_aug_all,all_heads,attention_all_heads_export,,True,GROUP_EXPORT,,,False,False,artifacts/latest/part_full_model_matrix_coverage_v1_4_6/attention/mod_blocks_4_attn_all_heads.pt,Group tensor export for simultaneous all-head analysis.
mod.blocks.4.attn.Attention.module.C_vo_aug_all,mod.blocks.4.attn,MultiheadAttention,Attention.module.C_vo_aug_all,all_heads,attention_all_heads_export,,True,GROUP_EXPORT,,,False,False,artifacts/latest/part_full_model_matrix_coverage_v1_4_6/attention/mod_blocks_4_attn_all_heads.pt,Group tensor export for simultaneous all-head analysis.
mod.blocks.5.attn.Attention.module.M_qk_aug_all,mod.blocks.5.attn,MultiheadAttention,Attention.module.M_qk_aug_all,all_heads,attention_all_heads_export,,True,GROUP_EXPORT,,,False,False,artifacts/latest/part_full_model_matrix_coverage_v1_4_6/attention/mod_blocks_5_attn_all_heads.pt,Group tensor export for simultaneous all-head analysis.
mod.blocks.5.attn.Attention.module.C_vo_aug_all,mod.blocks.5.attn,MultiheadAttention,Attention.module.C_vo_aug_all,all_heads,attention_all_heads_export,,True,GROUP_EXPORT,,,False,False,artifacts/latest/part_full_model_matrix_coverage_v1_4_6/attention/mod_blocks_5_attn_all_heads.pt,Group tensor export for simultaneous all-head analysis.
mod.blocks.6.attn.Attention.module.M_qk_aug_all,mod.blocks.6.attn,MultiheadAttention,Attention.module.M_qk_aug_all,all_heads,attention_all_heads_export,,True,GROUP_EXPORT,,,False,False,artifacts/latest/part_full_model_matrix_coverage_v1_4_6/attention/mod_blocks_6_attn_all_heads.pt,Group tensor export for simultaneous all-head analysis.
mod.blocks.6.attn.Attention.module.C_vo_aug_all,mod.blocks.6.attn,MultiheadAttention,Attention.module.C_vo_aug_all,all_heads,attention_all_heads_export,,True,GROUP_EXPORT,,,False,False,artifacts/latest/part_full_model_matrix_coverage_v1_4_6/attention/mod_blocks_6_attn_all_heads.pt,Group tensor export for simultaneous all-head analysis.
mod.blocks.7.attn.Attention.module.M_qk_aug_all,mod.blocks.7.attn,MultiheadAttention,Attention.module.M_qk_aug_all,all_heads,attention_all_heads_export,,True,GROUP_EXPORT,,,False,False,artifacts/latest/part_full_model_matrix_coverage_v1_4_6/attention/mod_blocks_7_attn_all_heads.pt,Group tensor export for simultaneous all-head analysis.
mod.blocks.7.attn.Attention.module.C_vo_aug_all,mod.blocks.7.attn,MultiheadAttention,Attention.module.C_vo_aug_all,all_heads,attention_all_heads_export,,True,GROUP_EXPORT,,,False,False,artifacts/latest/part_full_model_matrix_coverage_v1_4_6/attention/mod_blocks_7_attn_all_heads.pt,Group tensor export for simultaneous all-head analysis.
mod.cls_blocks.0.attn.Attention.module.M_qk_aug_all,mod.cls_blocks.0.attn,MultiheadAttention,Attention.module.M_qk_aug_all,all_heads,attention_all_heads_export,,True,GROUP_EXPORT,,,False,False,artifacts/latest/part_full_model_matrix_coverage_v1_4_6/attention/mod_cls_blocks_0_attn_all_heads.pt,Group tensor export for simultaneous all-head analysis.
mod.cls_blocks.0.attn.Attention.module.C_vo_aug_all,mod.cls_blocks.0.attn,MultiheadAttention,Attention.module.C_vo_aug_all,all_heads,attention_all_heads_export,,True,GROUP_EXPORT,,,False,False,artifacts/latest/part_full_model_matrix_coverage_v1_4_6/attention/mod_cls_blocks_0_attn_all_heads.pt,Group tensor export for simultaneous all-head analysis.
mod.cls_blocks.1.attn.Attention.module.M_qk_aug_all,mod.cls_blocks.1.attn,MultiheadAttention,Attention.module.M_qk_aug_all,all_heads,attention_all_heads_export,,True,GROUP_EXPORT,,,False,False,artifacts/latest/part_full_model_matrix_coverage_v1_4_6/attention/mod_cls_blocks_1_attn_all_heads.pt,Group tensor export for simultaneous all-head analysis.
mod.cls_blocks.1.attn.Attention.module.C_vo_aug_all,mod.cls_blocks.1.attn,MultiheadAttention,Attention.module.C_vo_aug_all,all_heads,attention_all_heads_export,,True,GROUP_EXPORT,,,False,False,artifacts/latest/part_full_model_matrix_coverage_v1_4_6/attention/mod_cls_blocks_1_attn_all_heads.pt,Group tensor export for simultaneous all-head analysis.
mod.embed.input_bn.dynamic,mod.embed.input_bn,BatchNorm1d,Norm.dynamic_samples,8x13x128,EXACT_DYNAMIC_OPERATOR,7.624907993886154e-08,True,BATCHNORM_CPU_STATE_REPLAY,,BATCHNORM_CPU_STATE_REPLAY,False,False,artifacts/latest/part_full_model_matrix_coverage_v1_4_6/dynamic/mod_embed_input_bn_batchnorm.pt,BatchNorm replayed on CPU from copied running stats/weight/bias; no CUDA module call on CPU tensors.
mod.embed.embed.0.dynamic,mod.embed.embed.0,LayerNorm,Norm.dynamic_samples,128x8x13,EXACT_DYNAMIC_OPERATOR,9.083674967769184e-08,True,NOT_CONSTANT_MATRIX,,NOT_CONSTANT_MATRIX,False,False,artifacts/latest/part_full_model_matrix_coverage_v1_4_6/dynamic/mod_embed_embed_0_layernorm.pt,"LayerNorm is exact dynamic affine per input, not global constant matrix."
mod.embed.embed.2.dynamic,mod.embed.embed.2,GELU,Activation.dynamic_ratio,128x8x128,EXACT_ELEMENTWISE_FORMULA,7.503888355131494e-08,True,ELEMENTWISE_FORMULA_NOT_CONSTANT_MATRIX,,ELEMENTWISE_FORMULA_NOT_CONSTANT_MATRIX,False,False,artifacts/latest/part_full_model_matrix_coverage_v1_4_6/dynamic/mod_embed_embed_2_activation.pt,Elementwise activation is exact formula/dynamic diagonal ratio. LOCAL_JACOBIAN is not claimed unless derivatives are computed.
mod.embed.embed.3.dynamic,mod.embed.embed.3,LayerNorm,Norm.dynamic_samples,128x8x128,EXACT_DYNAMIC_OPERATOR,9.708047343792714e-08,True,NOT_CONSTANT_MATRIX,,NOT_CONSTANT_MATRIX,False,False,artifacts/latest/part_full_model_matrix_coverage_v1_4_6/dynamic/mod_embed_embed_3_layernorm.pt,"LayerNorm is exact dynamic affine per input, not global constant matrix."
mod.embed.embed.5.dynamic,mod.embed.embed.5,GELU,Activation.dynamic_ratio,128x8x512,EXACT_ELEMENTWISE_FORMULA,9.15928310973868e-09,True,ELEMENTWISE_FORMULA_NOT_CONSTANT_MATRIX,,ELEMENTWISE_FORMULA_NOT_CONSTANT_MATRIX,False,False,artifacts/latest/part_full_model_matrix_coverage_v1_4_6/dynamic/mod_embed_embed_5_activation.pt,Elementwise activation is exact formula/dynamic diagonal ratio. LOCAL_JACOBIAN is not claimed unless derivatives are computed.
mod.embed.embed.6.dynamic,mod.embed.embed.6,LayerNorm,Norm.dynamic_samples,128x8x512,EXACT_DYNAMIC_OPERATOR,8.34058297982665e-08,True,NOT_CONSTANT_MATRIX,,NOT_CONSTANT_MATRIX,False,False,artifacts/latest/part_full_model_matrix_coverage_v1_4_6/dynamic/mod_embed_embed_6_layernorm.pt,"LayerNorm is exact dynamic affine per input, not global constant matrix."
mod.embed.embed.8.dynamic,mod.embed.embed.8,GELU,Activation.dynamic_ratio,128x8x128,EXACT_ELEMENTWISE_FORMULA,4.116841090251455e-09,True,ELEMENTWISE_FORMULA_NOT_CONSTANT_MATRIX,,ELEMENTWISE_FORMULA_NOT_CONSTANT_MATRIX,False,False,artifacts/latest/part_full_model_matrix_coverage_v1_4_6/dynamic/mod_embed_embed_8_activation.pt,Elementwise activation is exact formula/dynamic diagonal ratio. LOCAL_JACOBIAN is not claimed unless derivatives are computed.
mod.pair_embed.embed.0.dynamic,mod.pair_embed.embed.0,BatchNorm1d,Norm.dynamic_samples,8x4x8256,EXACT_DYNAMIC_OPERATOR,7.530393020260817e-08,True,BATCHNORM_CPU_STATE_REPLAY,,BATCHNORM_CPU_STATE_REPLAY,False,False,artifacts/latest/part_full_model_matrix_coverage_v1_4_6/dynamic/mod_pair_embed_embed_0_batchnorm.pt,BatchNorm replayed on CPU from copied running stats/weight/bias; no CUDA module call on CPU tensors.
mod.pair_embed.embed.2.dynamic,mod.pair_embed.embed.2,BatchNorm1d,Norm.dynamic_samples,8x64x8256,EXACT_DYNAMIC_OPERATOR,7.781939359574608e-08,True,BATCHNORM_CPU_STATE_REPLAY,,BATCHNORM_CPU_STATE_REPLAY,False,False,artifacts/latest/part_full_model_matrix_coverage_v1_4_6/dynamic/mod_pair_embed_embed_2_batchnorm.pt,BatchNorm replayed on CPU from copied running stats/weight/bias; no CUDA module call on CPU tensors.
mod.pair_embed.embed.3.dynamic,mod.pair_embed.embed.3,GELU,Activation.dynamic_ratio,8x64x8256,EXACT_ELEMENTWISE_FORMULA,1.0307697095868207e-07,True,ELEMENTWISE_FORMULA_NOT_CONSTANT_MATRIX,,ELEMENTWISE_FORMULA_NOT_CONSTANT_MATRIX,False,False,artifacts/latest/part_full_model_matrix_coverage_v1_4_6/dynamic/mod_pair_embed_embed_3_activation.pt,Elementwise activation is exact formula/dynamic diagonal ratio. LOCAL_JACOBIAN is not claimed unless derivatives are computed.
mod.pair_embed.embed.5.dynamic,mod.pair_embed.embed.5,BatchNorm1d,Norm.dynamic_samples,8x64x8256,EXACT_DYNAMIC_OPERATOR,9.996895045105703e-08,True,BATCHNORM_CPU_STATE_REPLAY,,BATCHNORM_CPU_STATE_REPLAY,False,False,artifacts/latest/part_full_model_matrix_coverage_v1_4_6/dynamic/mod_pair_embed_embed_5_batchnorm.pt,BatchNorm replayed on CPU from copied running stats/weight/bias; no CUDA module call on CPU tensors.
mod.pair_embed.embed.6.dynamic,mod.pair_embed.embed.6,GELU,Activation.dynamic_ratio,8x64x8256,EXACT_ELEMENTWISE_FORMULA,9.880933760086918e-08,True,ELEMENTWISE_FORMULA_NOT_CONSTANT_MATRIX,,ELEMENTWISE_FORMULA_NOT_CONSTANT_MATRIX,False,False,artifacts/latest/part_full_model_matrix_coverage_v1_4_6/dynamic/mod_pair_embed_embed_6_activation.pt,Elementwise activation is exact formula/dynamic diagonal ratio. LOCAL_JACOBIAN is not claimed unless derivatives are computed.
mod.pair_embed.embed.8.dynamic,mod.pair_embed.embed.8,BatchNorm1d,Norm.dynamic_samples,8x64x8256,EXACT_DYNAMIC_OPERATOR,8.165818599081831e-08,True,BATCHNORM_CPU_STATE_REPLAY,,BATCHNORM_CPU_STATE_REPLAY,False,False,artifacts/latest/part_full_model_matrix_coverage_v1_4_6/dynamic/mod_pair_embed_embed_8_batchnorm.pt,BatchNorm replayed on CPU from copied running stats/weight/bias; no CUDA module call on CPU tensors.
mod.pair_embed.embed.9.dynamic,mod.pair_embed.embed.9,GELU,Activation.dynamic_ratio,8x64x8256,EXACT_ELEMENTWISE_FORMULA,8.848696353425112e-08,True,ELEMENTWISE_FORMULA_NOT_CONSTANT_MATRIX,,ELEMENTWISE_FORMULA_NOT_CONSTANT_MATRIX,False,False,artifacts/latest/part_full_model_matrix_coverage_v1_4_6/dynamic/mod_pair_embed_embed_9_activation.pt,Elementwise activation is exact formula/dynamic diagonal ratio. LOCAL_JACOBIAN is not claimed unless derivatives are computed.
mod.pair_embed.embed.11.dynamic,mod.pair_embed.embed.11,BatchNorm1d,Norm.dynamic_samples,8x8x8256,EXACT_DYNAMIC_OPERATOR,5.77470551377246e-08,True,BATCHNORM_CPU_STATE_REPLAY,,BATCHNORM_CPU_STATE_REPLAY,False,False,artifacts/latest/part_full_model_matrix_coverage_v1_4_6/dynamic/mod_pair_embed_embed_11_batchnorm.pt,BatchNorm replayed on CPU from copied running stats/weight/bias; no CUDA module call on CPU tensors.
mod.pair_embed.embed.12.dynamic,mod.pair_embed.embed.12,GELU,Activation.dynamic_ratio,8x8x8256,EXACT_ELEMENTWISE_FORMULA,1.833181073607193e-08,True,ELEMENTWISE_FORMULA_NOT_CONSTANT_MATRIX,,ELEMENTWISE_FORMULA_NOT_CONSTANT_MATRIX,False,False,artifacts/latest/part_full_model_matrix_coverage_v1_4_6/dynamic/mod_pair_embed_embed_12_activation.pt,Elementwise activation is exact formula/dynamic diagonal ratio. LOCAL_JACOBIAN is not claimed unless derivatives are computed.
mod.blocks.0.pre_attn_norm.dynamic,mod.blocks.0.pre_attn_norm,LayerNorm,Norm.dynamic_samples,128x8x128,EXACT_DYNAMIC_OPERATOR,6.550345688083326e-08,True,NOT_CONSTANT_MATRIX,,NOT_CONSTANT_MATRIX,False,False,artifacts/latest/part_full_model_matrix_coverage_v1_4_6/dynamic/mod_blocks_0_pre_attn_norm_layernorm.pt,"LayerNorm is exact dynamic affine per input, not global constant matrix."
mod.blocks.0.attn.dynamic,mod.blocks.0.attn,MultiheadAttention,Activation.dynamic_ratio,"[128x8x128,8x128x128]",EXACT_DYNAMIC_OPERATOR,2.2585140868613962e-07,True,SEE_HEADS,,SEE_HEADS,False,False,artifacts/latest/part_full_model_matrix_coverage_v1_4_6/attention/mod_blocks_0_attn_all_heads.pt,MHA module acceptance aggregated from per-head exact checks.
mod.blocks.0.post_attn_norm.dynamic,mod.blocks.0.post_attn_norm,LayerNorm,Norm.dynamic_samples,128x8x128,EXACT_DYNAMIC_OPERATOR,9.325592031927954e-08,True,NOT_CONSTANT_MATRIX,,NOT_CONSTANT_MATRIX,False,False,artifacts/latest/part_full_model_matrix_coverage_v1_4_6/dynamic/mod_blocks_0_post_attn_norm_layernorm.pt,"LayerNorm is exact dynamic affine per input, not global constant matrix."
mod.blocks.0.pre_fc_norm.dynamic,mod.blocks.0.pre_fc_norm,LayerNorm,Norm.dynamic_samples,128x8x128,EXACT_DYNAMIC_OPERATOR,8.814343033236582e-08,True,NOT_CONSTANT_MATRIX,,NOT_CONSTANT_MATRIX,False,False,artifacts/latest/part_full_model_matrix_coverage_v1_4_6/dynamic/mod_blocks_0_pre_fc_norm_layernorm.pt,"LayerNorm is exact dynamic affine per input, not global constant matrix."
mod.blocks.0.act.dynamic,mod.blocks.0.act,GELU,Activation.dynamic_ratio,128x8x512,EXACT_ELEMENTWISE_FORMULA,4.392795105445657e-08,True,ELEMENTWISE_FORMULA_NOT_CONSTANT_MATRIX,,ELEMENTWISE_FORMULA_NOT_CONSTANT_MATRIX,False,False,artifacts/latest/part_full_model_matrix_coverage_v1_4_6/dynamic/mod_blocks_0_act_activation.pt,Elementwise activation is exact formula/dynamic diagonal ratio. LOCAL_JACOBIAN is not claimed unless derivatives are computed.
mod.blocks.0.post_fc_norm.dynamic,mod.blocks.0.post_fc_norm,LayerNorm,Norm.dynamic_samples,128x8x512,EXACT_DYNAMIC_OPERATOR,8.977495014050874e-08,True,NOT_CONSTANT_MATRIX,,NOT_CONSTANT_MATRIX,False,False,artifacts/latest/part_full_model_matrix_coverage_v1_4_6/dynamic/mod_blocks_0_post_fc_norm_layernorm.pt,"LayerNorm is exact dynamic affine per input, not global constant matrix."
mod.blocks.1.pre_attn_norm.dynamic,mod.blocks.1.pre_attn_norm,LayerNorm,Norm.dynamic_samples,128x8x128,EXACT_DYNAMIC_OPERATOR,8.429970677070742e-08,True,NOT_CONSTANT_MATRIX,,NOT_CONSTANT_MATRIX,False,False,artifacts/latest/part_full_model_matrix_coverage_v1_4_6/dynamic/mod_blocks_1_pre_attn_norm_layernorm.pt,"LayerNorm is exact dynamic affine per input, not global constant matrix."
mod.blocks.1.attn.dynamic,mod.blocks.1.attn,MultiheadAttention,Activation.dynamic_ratio,"[128x8x128,8x128x128]",EXACT_DYNAMIC_OPERATOR,3.088062499045918e-07,True,SEE_HEADS,,SEE_HEADS,False,False,artifacts/latest/part_full_model_matrix_coverage_v1_4_6/attention/mod_blocks_1_attn_all_heads.pt,MHA module acceptance aggregated from per-head exact checks.
mod.blocks.1.post_attn_norm.dynamic,mod.blocks.1.post_attn_norm,LayerNorm,Norm.dynamic_samples,128x8x128,EXACT_DYNAMIC_OPERATOR,8.068919754578019e-08,True,NOT_CONSTANT_MATRIX,,NOT_CONSTANT_MATRIX,False,False,artifacts/latest/part_full_model_matrix_coverage_v1_4_6/dynamic/mod_blocks_1_post_attn_norm_layernorm.pt,"LayerNorm is exact dynamic affine per input, not global constant matrix."
mod.blocks.1.pre_fc_norm.dynamic,mod.blocks.1.pre_fc_norm,LayerNorm,Norm.dynamic_samples,128x8x128,EXACT_DYNAMIC_OPERATOR,8.51960706427235e-08,True,NOT_CONSTANT_MATRIX,,NOT_CONSTANT_MATRIX,False,False,artifacts/latest/part_full_model_matrix_coverage_v1_4_6/dynamic/mod_blocks_1_pre_fc_norm_layernorm.pt,"LayerNorm is exact dynamic affine per input, not global constant matrix."
mod.blocks.1.act.dynamic,mod.blocks.1.act,GELU,Activation.dynamic_ratio,128x8x512,EXACT_ELEMENTWISE_FORMULA,7.492635489825261e-08,True,ELEMENTWISE_FORMULA_NOT_CONSTANT_MATRIX,,ELEMENTWISE_FORMULA_NOT_CONSTANT_MATRIX,False,False,artifacts/latest/part_full_model_matrix_coverage_v1_4_6/dynamic/mod_blocks_1_act_activation.pt,Elementwise activation is exact formula/dynamic diagonal ratio. LOCAL_JACOBIAN is not claimed unless derivatives are computed.
mod.blocks.1.post_fc_norm.dynamic,mod.blocks.1.post_fc_norm,LayerNorm,Norm.dynamic_samples,128x8x512,EXACT_DYNAMIC_OPERATOR,9.219593266607262e-08,True,NOT_CONSTANT_MATRIX,,NOT_CONSTANT_MATRIX,False,False,artifacts/latest/part_full_model_matrix_coverage_v1_4_6/dynamic/mod_blocks_1_post_fc_norm_layernorm.pt,"LayerNorm is exact dynamic affine per input, not global constant matrix."
mod.blocks.2.pre_attn_norm.dynamic,mod.blocks.2.pre_attn_norm,LayerNorm,Norm.dynamic_samples,128x8x128,EXACT_DYNAMIC_OPERATOR,8.632670756014704e-08,True,NOT_CONSTANT_MATRIX,,NOT_CONSTANT_MATRIX,False,False,artifacts/latest/part_full_model_matrix_coverage_v1_4_6/dynamic/mod_blocks_2_pre_attn_norm_layernorm.pt,"LayerNorm is exact dynamic affine per input, not global constant matrix."
mod.blocks.2.attn.dynamic,mod.blocks.2.attn,MultiheadAttention,Activation.dynamic_ratio,"[128x8x128,8x128x128]",EXACT_DYNAMIC_OPERATOR,3.610848011703638e-07,True,SEE_HEADS,,SEE_HEADS,False,False,artifacts/latest/part_full_model_matrix_coverage_v1_4_6/attention/mod_blocks_2_attn_all_heads.pt,MHA module acceptance aggregated from per-head exact checks.
mod.blocks.2.post_attn_norm.dynamic,mod.blocks.2.post_attn_norm,LayerNorm,Norm.dynamic_samples,128x8x128,EXACT_DYNAMIC_OPERATOR,8.472771639844723e-08,True,NOT_CONSTANT_MATRIX,,NOT_CONSTANT_MATRIX,False,False,artifacts/latest/part_full_model_matrix_coverage_v1_4_6/dynamic/mod_blocks_2_post_attn_norm_layernorm.pt,"LayerNorm is exact dynamic affine per input, not global constant matrix."
mod.blocks.2.pre_fc_norm.dynamic,mod.blocks.2.pre_fc_norm,LayerNorm,Norm.dynamic_samples,128x8x128,EXACT_DYNAMIC_OPERATOR,8.259821981937421e-08,True,NOT_CONSTANT_MATRIX,,NOT_CONSTANT_MATRIX,False,False,artifacts/latest/part_full_model_matrix_coverage_v1_4_6/dynamic/mod_blocks_2_pre_fc_norm_layernorm.pt,"LayerNorm is exact dynamic affine per input, not global constant matrix."
mod.blocks.2.act.dynamic,mod.blocks.2.act,GELU,Activation.dynamic_ratio,128x8x512,EXACT_ELEMENTWISE_FORMULA,8.134543350024614e-08,True,ELEMENTWISE_FORMULA_NOT_CONSTANT_MATRIX,,ELEMENTWISE_FORMULA_NOT_CONSTANT_MATRIX,False,False,artifacts/latest/part_full_model_matrix_coverage_v1_4_6/dynamic/mod_blocks_2_act_activation.pt,Elementwise activation is exact formula/dynamic diagonal ratio. LOCAL_JACOBIAN is not claimed unless derivatives are computed.
mod.blocks.2.post_fc_norm.dynamic,mod.blocks.2.post_fc_norm,LayerNorm,Norm.dynamic_samples,128x8x512,EXACT_DYNAMIC_OPERATOR,8.86826043711153e-08,True,NOT_CONSTANT_MATRIX,,NOT_CONSTANT_MATRIX,False,False,artifacts/latest/part_full_model_matrix_coverage_v1_4_6/dynamic/mod_blocks_2_post_fc_norm_layernorm.pt,"LayerNorm is exact dynamic affine per input, not global constant matrix."
mod.blocks.3.pre_attn_norm.dynamic,mod.blocks.3.pre_attn_norm,LayerNorm,Norm.dynamic_samples,128x8x128,EXACT_DYNAMIC_OPERATOR,8.597588418979285e-08,True,NOT_CONSTANT_MATRIX,,NOT_CONSTANT_MATRIX,False,False,artifacts/latest/part_full_model_matrix_coverage_v1_4_6/dynamic/mod_blocks_3_pre_attn_norm_layernorm.pt,"LayerNorm is exact dynamic affine per input, not global constant matrix."
mod.blocks.3.attn.dynamic,mod.blocks.3.attn,MultiheadAttention,Activation.dynamic_ratio,"[128x8x128,8x128x128]",EXACT_DYNAMIC_OPERATOR,3.4853664487854985e-07,True,SEE_HEADS,,SEE_HEADS,False,False,artifacts/latest/part_full_model_matrix_coverage_v1_4_6/attention/mod_blocks_3_attn_all_heads.pt,MHA module acceptance aggregated from per-head exact checks.
mod.blocks.3.post_attn_norm.dynamic,mod.blocks.3.post_attn_norm,LayerNorm,Norm.dynamic_samples,128x8x128,EXACT_DYNAMIC_OPERATOR,8.471739931792399e-08,True,NOT_CONSTANT_MATRIX,,NOT_CONSTANT_MATRIX,False,False,artifacts/latest/part_full_model_matrix_coverage_v1_4_6/dynamic/mod_blocks_3_post_attn_norm_layernorm.pt,"LayerNorm is exact dynamic affine per input, not global constant matrix."
mod.blocks.3.pre_fc_norm.dynamic,mod.blocks.3.pre_fc_norm,LayerNorm,Norm.dynamic_samples,128x8x128,EXACT_DYNAMIC_OPERATOR,8.479047153286956e-08,True,NOT_CONSTANT_MATRIX,,NOT_CONSTANT_MATRIX,False,False,artifacts/latest/part_full_model_matrix_coverage_v1_4_6/dynamic/mod_blocks_3_pre_fc_norm_layernorm.pt,"LayerNorm is exact dynamic affine per input, not global constant matrix."
mod.blocks.3.act.dynamic,mod.blocks.3.act,GELU,Activation.dynamic_ratio,128x8x512,EXACT_ELEMENTWISE_FORMULA,8.805849915916042e-08,True,ELEMENTWISE_FORMULA_NOT_CONSTANT_MATRIX,,ELEMENTWISE_FORMULA_NOT_CONSTANT_MATRIX,False,False,artifacts/latest/part_full_model_matrix_coverage_v1_4_6/dynamic/mod_blocks_3_act_activation.pt,Elementwise activation is exact formula/dynamic diagonal ratio. LOCAL_JACOBIAN is not claimed unless derivatives are computed.
mod.blocks.3.post_fc_norm.dynamic,mod.blocks.3.post_fc_norm,LayerNorm,Norm.dynamic_samples,128x8x512,EXACT_DYNAMIC_OPERATOR,8.95114951049436e-08,True,NOT_CONSTANT_MATRIX,,NOT_CONSTANT_MATRIX,False,False,artifacts/latest/part_full_model_matrix_coverage_v1_4_6/dynamic/mod_blocks_3_post_fc_norm_layernorm.pt,"LayerNorm is exact dynamic affine per input, not global constant matrix."
mod.blocks.4.pre_attn_norm.dynamic,mod.blocks.4.pre_attn_norm,LayerNorm,Norm.dynamic_samples,128x8x128,EXACT_DYNAMIC_OPERATOR,9.060527617066327e-08,True,NOT_CONSTANT_MATRIX,,NOT_CONSTANT_MATRIX,False,False,artifacts/latest/part_full_model_matrix_coverage_v1_4_6/dynamic/mod_blocks_4_pre_attn_norm_layernorm.pt,"LayerNorm is exact dynamic affine per input, not global constant matrix."
mod.blocks.4.attn.dynamic,mod.blocks.4.attn,MultiheadAttention,Activation.dynamic_ratio,"[128x8x128,8x128x128]",EXACT_DYNAMIC_OPERATOR,3.474266918601643e-07,True,SEE_HEADS,,SEE_HEADS,False,False,artifacts/latest/part_full_model_matrix_coverage_v1_4_6/attention/mod_blocks_4_attn_all_heads.pt,MHA module acceptance aggregated from per-head exact checks.
mod.blocks.4.post_attn_norm.dynamic,mod.blocks.4.post_attn_norm,LayerNorm,Norm.dynamic_samples,128x8x128,EXACT_DYNAMIC_OPERATOR,8.399742768006035e-08,True,NOT_CONSTANT_MATRIX,,NOT_CONSTANT_MATRIX,False,False,artifacts/latest/part_full_model_matrix_coverage_v1_4_6/dynamic/mod_blocks_4_post_attn_norm_layernorm.pt,"LayerNorm is exact dynamic affine per input, not global constant matrix."
mod.blocks.4.pre_fc_norm.dynamic,mod.blocks.4.pre_fc_norm,LayerNorm,Norm.dynamic_samples,128x8x128,EXACT_DYNAMIC_OPERATOR,8.359381098443919e-08,True,NOT_CONSTANT_MATRIX,,NOT_CONSTANT_MATRIX,False,False,artifacts/latest/part_full_model_matrix_coverage_v1_4_6/dynamic/mod_blocks_4_pre_fc_norm_layernorm.pt,"LayerNorm is exact dynamic affine per input, not global constant matrix."
mod.blocks.4.act.dynamic,mod.blocks.4.act,GELU,Activation.dynamic_ratio,128x8x512,EXACT_ELEMENTWISE_FORMULA,9.612971041406126e-08,True,ELEMENTWISE_FORMULA_NOT_CONSTANT_MATRIX,,ELEMENTWISE_FORMULA_NOT_CONSTANT_MATRIX,False,False,artifacts/latest/part_full_model_matrix_coverage_v1_4_6/dynamic/mod_blocks_4_act_activation.pt,Elementwise activation is exact formula/dynamic diagonal ratio. LOCAL_JACOBIAN is not claimed unless derivatives are computed.
mod.blocks.4.post_fc_norm.dynamic,mod.blocks.4.post_fc_norm,LayerNorm,Norm.dynamic_samples,128x8x512,EXACT_DYNAMIC_OPERATOR,8.545881513555287e-08,True,NOT_CONSTANT_MATRIX,,NOT_CONSTANT_MATRIX,False,False,artifacts/latest/part_full_model_matrix_coverage_v1_4_6/dynamic/mod_blocks_4_post_fc_norm_layernorm.pt,"LayerNorm is exact dynamic affine per input, not global constant matrix."
mod.blocks.5.pre_attn_norm.dynamic,mod.blocks.5.pre_attn_norm,LayerNorm,Norm.dynamic_samples,128x8x128,EXACT_DYNAMIC_OPERATOR,8.42495850861269e-08,True,NOT_CONSTANT_MATRIX,,NOT_CONSTANT_MATRIX,False,False,artifacts/latest/part_full_model_matrix_coverage_v1_4_6/dynamic/mod_blocks_5_pre_attn_norm_layernorm.pt,"LayerNorm is exact dynamic affine per input, not global constant matrix."
mod.blocks.5.attn.dynamic,mod.blocks.5.attn,MultiheadAttention,Activation.dynamic_ratio,"[128x8x128,8x128x128]",EXACT_DYNAMIC_OPERATOR,3.202839025107096e-07,True,SEE_HEADS,,SEE_HEADS,False,False,artifacts/latest/part_full_model_matrix_coverage_v1_4_6/attention/mod_blocks_5_attn_all_heads.pt,MHA module acceptance aggregated from per-head exact checks.
mod.blocks.5.post_attn_norm.dynamic,mod.blocks.5.post_attn_norm,LayerNorm,Norm.dynamic_samples,128x8x128,EXACT_DYNAMIC_OPERATOR,8.830230768808178e-08,True,NOT_CONSTANT_MATRIX,,NOT_CONSTANT_MATRIX,False,False,artifacts/latest/part_full_model_matrix_coverage_v1_4_6/dynamic/mod_blocks_5_post_attn_norm_layernorm.pt,"LayerNorm is exact dynamic affine per input, not global constant matrix."
mod.blocks.5.pre_fc_norm.dynamic,mod.blocks.5.pre_fc_norm,LayerNorm,Norm.dynamic_samples,128x8x128,EXACT_DYNAMIC_OPERATOR,8.884574498324582e-08,True,NOT_CONSTANT_MATRIX,,NOT_CONSTANT_MATRIX,False,False,artifacts/latest/part_full_model_matrix_coverage_v1_4_6/dynamic/mod_blocks_5_pre_fc_norm_layernorm.pt,"LayerNorm is exact dynamic affine per input, not global constant matrix."
mod.blocks.5.act.dynamic,mod.blocks.5.act,GELU,Activation.dynamic_ratio,128x8x512,EXACT_ELEMENTWISE_FORMULA,1.0601650046737632e-07,True,ELEMENTWISE_FORMULA_NOT_CONSTANT_MATRIX,,ELEMENTWISE_FORMULA_NOT_CONSTANT_MATRIX,False,False,artifacts/latest/part_full_model_matrix_coverage_v1_4_6/dynamic/mod_blocks_5_act_activation.pt,Elementwise activation is exact formula/dynamic diagonal ratio. LOCAL_JACOBIAN is not claimed unless derivatives are computed.
mod.blocks.5.post_fc_norm.dynamic,mod.blocks.5.post_fc_norm,LayerNorm,Norm.dynamic_samples,128x8x512,EXACT_DYNAMIC_OPERATOR,8.525729100483659e-08,True,NOT_CONSTANT_MATRIX,,NOT_CONSTANT_MATRIX,False,False,artifacts/latest/part_full_model_matrix_coverage_v1_4_6/dynamic/mod_blocks_5_post_fc_norm_layernorm.pt,"LayerNorm is exact dynamic affine per input, not global constant matrix."
mod.blocks.6.pre_attn_norm.dynamic,mod.blocks.6.pre_attn_norm,LayerNorm,Norm.dynamic_samples,128x8x128,EXACT_DYNAMIC_OPERATOR,8.923399974491986e-08,True,NOT_CONSTANT_MATRIX,,NOT_CONSTANT_MATRIX,False,False,artifacts/latest/part_full_model_matrix_coverage_v1_4_6/dynamic/mod_blocks_6_pre_attn_norm_layernorm.pt,"LayerNorm is exact dynamic affine per input, not global constant matrix."
mod.blocks.6.attn.dynamic,mod.blocks.6.attn,MultiheadAttention,Activation.dynamic_ratio,"[128x8x128,8x128x128]",EXACT_DYNAMIC_OPERATOR,3.2349061029890436e-07,True,SEE_HEADS,,SEE_HEADS,False,False,artifacts/latest/part_full_model_matrix_coverage_v1_4_6/attention/mod_blocks_6_attn_all_heads.pt,MHA module acceptance aggregated from per-head exact checks.
mod.blocks.6.post_attn_norm.dynamic,mod.blocks.6.post_attn_norm,LayerNorm,Norm.dynamic_samples,128x8x128,EXACT_DYNAMIC_OPERATOR,8.200691326010201e-08,True,NOT_CONSTANT_MATRIX,,NOT_CONSTANT_MATRIX,False,False,artifacts/latest/part_full_model_matrix_coverage_v1_4_6/dynamic/mod_blocks_6_post_attn_norm_layernorm.pt,"LayerNorm is exact dynamic affine per input, not global constant matrix."
mod.blocks.6.pre_fc_norm.dynamic,mod.blocks.6.pre_fc_norm,LayerNorm,Norm.dynamic_samples,128x8x128,EXACT_DYNAMIC_OPERATOR,7.927199163759724e-08,True,NOT_CONSTANT_MATRIX,,NOT_CONSTANT_MATRIX,False,False,artifacts/latest/part_full_model_matrix_coverage_v1_4_6/dynamic/mod_blocks_6_pre_fc_norm_layernorm.pt,"LayerNorm is exact dynamic affine per input, not global constant matrix."
mod.blocks.6.act.dynamic,mod.blocks.6.act,GELU,Activation.dynamic_ratio,128x8x512,EXACT_ELEMENTWISE_FORMULA,1.1214093831313221e-07,True,ELEMENTWISE_FORMULA_NOT_CONSTANT_MATRIX,,ELEMENTWISE_FORMULA_NOT_CONSTANT_MATRIX,False,False,artifacts/latest/part_full_model_matrix_coverage_v1_4_6/dynamic/mod_blocks_6_act_activation.pt,Elementwise activation is exact formula/dynamic diagonal ratio. LOCAL_JACOBIAN is not claimed unless derivatives are computed.
mod.blocks.6.post_fc_norm.dynamic,mod.blocks.6.post_fc_norm,LayerNorm,Norm.dynamic_samples,128x8x512,EXACT_DYNAMIC_OPERATOR,8.242339077924044e-08,True,NOT_CONSTANT_MATRIX,,NOT_CONSTANT_MATRIX,False,False,artifacts/latest/part_full_model_matrix_coverage_v1_4_6/dynamic/mod_blocks_6_post_fc_norm_layernorm.pt,"LayerNorm is exact dynamic affine per input, not global constant matrix."
mod.blocks.7.pre_attn_norm.dynamic,mod.blocks.7.pre_attn_norm,LayerNorm,Norm.dynamic_samples,128x8x128,EXACT_DYNAMIC_OPERATOR,9.178275917065548e-08,True,NOT_CONSTANT_MATRIX,,NOT_CONSTANT_MATRIX,False,False,artifacts/latest/part_full_model_matrix_coverage_v1_4_6/dynamic/mod_blocks_7_pre_attn_norm_layernorm.pt,"LayerNorm is exact dynamic affine per input, not global constant matrix."
mod.blocks.7.attn.dynamic,mod.blocks.7.attn,MultiheadAttention,Activation.dynamic_ratio,"[128x8x128,8x128x128]",EXACT_DYNAMIC_OPERATOR,2.8633982651626866e-07,True,SEE_HEADS,,SEE_HEADS,False,False,artifacts/latest/part_full_model_matrix_coverage_v1_4_6/attention/mod_blocks_7_attn_all_heads.pt,MHA module acceptance aggregated from per-head exact checks.
mod.blocks.7.post_attn_norm.dynamic,mod.blocks.7.post_attn_norm,LayerNorm,Norm.dynamic_samples,128x8x128,EXACT_DYNAMIC_OPERATOR,8.368974135919416e-08,True,NOT_CONSTANT_MATRIX,,NOT_CONSTANT_MATRIX,False,False,artifacts/latest/part_full_model_matrix_coverage_v1_4_6/dynamic/mod_blocks_7_post_attn_norm_layernorm.pt,"LayerNorm is exact dynamic affine per input, not global constant matrix."
mod.blocks.7.pre_fc_norm.dynamic,mod.blocks.7.pre_fc_norm,LayerNorm,Norm.dynamic_samples,128x8x128,EXACT_DYNAMIC_OPERATOR,8.61700897303308e-08,True,NOT_CONSTANT_MATRIX,,NOT_CONSTANT_MATRIX,False,False,artifacts/latest/part_full_model_matrix_coverage_v1_4_6/dynamic/mod_blocks_7_pre_fc_norm_layernorm.pt,"LayerNorm is exact dynamic affine per input, not global constant matrix."
mod.blocks.7.act.dynamic,mod.blocks.7.act,GELU,Activation.dynamic_ratio,128x8x512,EXACT_ELEMENTWISE_FORMULA,1.1660046794759182e-07,True,ELEMENTWISE_FORMULA_NOT_CONSTANT_MATRIX,,ELEMENTWISE_FORMULA_NOT_CONSTANT_MATRIX,False,False,artifacts/latest/part_full_model_matrix_coverage_v1_4_6/dynamic/mod_blocks_7_act_activation.pt,Elementwise activation is exact formula/dynamic diagonal ratio. LOCAL_JACOBIAN is not claimed unless derivatives are computed.
mod.blocks.7.post_fc_norm.dynamic,mod.blocks.7.post_fc_norm,LayerNorm,Norm.dynamic_samples,128x8x512,EXACT_DYNAMIC_OPERATOR,8.214743019152593e-08,True,NOT_CONSTANT_MATRIX,,NOT_CONSTANT_MATRIX,False,False,artifacts/latest/part_full_model_matrix_coverage_v1_4_6/dynamic/mod_blocks_7_post_fc_norm_layernorm.pt,"LayerNorm is exact dynamic affine per input, not global constant matrix."
mod.cls_blocks.0.pre_attn_norm.dynamic,mod.cls_blocks.0.pre_attn_norm,LayerNorm,Norm.dynamic_samples,129x8x128,EXACT_DYNAMIC_OPERATOR,8.853009347831176e-08,True,NOT_CONSTANT_MATRIX,,NOT_CONSTANT_MATRIX,False,False,artifacts/latest/part_full_model_matrix_coverage_v1_4_6/dynamic/mod_cls_blocks_0_pre_attn_norm_layernorm.pt,"LayerNorm is exact dynamic affine per input, not global constant matrix."
mod.cls_blocks.0.attn.dynamic,mod.cls_blocks.0.attn,MultiheadAttention,Activation.dynamic_ratio,"[1x8x128,8x1x129]",EXACT_DYNAMIC_OPERATOR,1.7761605874966335e-07,True,SEE_HEADS,,SEE_HEADS,False,False,artifacts/latest/part_full_model_matrix_coverage_v1_4_6/attention/mod_cls_blocks_0_attn_all_heads.pt,MHA module acceptance aggregated from per-head exact checks.
mod.cls_blocks.0.post_attn_norm.dynamic,mod.cls_blocks.0.post_attn_norm,LayerNorm,Norm.dynamic_samples,1x8x128,EXACT_DYNAMIC_OPERATOR,8.267611661949559e-08,True,NOT_CONSTANT_MATRIX,,NOT_CONSTANT_MATRIX,False,False,artifacts/latest/part_full_model_matrix_coverage_v1_4_6/dynamic/mod_cls_blocks_0_post_attn_norm_layernorm.pt,"LayerNorm is exact dynamic affine per input, not global constant matrix."
mod.cls_blocks.0.pre_fc_norm.dynamic,mod.cls_blocks.0.pre_fc_norm,LayerNorm,Norm.dynamic_samples,1x8x128,EXACT_DYNAMIC_OPERATOR,8.141853413690114e-08,True,NOT_CONSTANT_MATRIX,,NOT_CONSTANT_MATRIX,False,False,artifacts/latest/part_full_model_matrix_coverage_v1_4_6/dynamic/mod_cls_blocks_0_pre_fc_norm_layernorm.pt,"LayerNorm is exact dynamic affine per input, not global constant matrix."
mod.cls_blocks.0.act.dynamic,mod.cls_blocks.0.act,GELU,Activation.dynamic_ratio,1x8x512,EXACT_ELEMENTWISE_FORMULA,1.1403717081748255e-08,True,ELEMENTWISE_FORMULA_NOT_CONSTANT_MATRIX,,ELEMENTWISE_FORMULA_NOT_CONSTANT_MATRIX,False,False,artifacts/latest/part_full_model_matrix_coverage_v1_4_6/dynamic/mod_cls_blocks_0_act_activation.pt,Elementwise activation is exact formula/dynamic diagonal ratio. LOCAL_JACOBIAN is not claimed unless derivatives are computed.
mod.cls_blocks.0.post_fc_norm.dynamic,mod.cls_blocks.0.post_fc_norm,LayerNorm,Norm.dynamic_samples,1x8x512,EXACT_DYNAMIC_OPERATOR,9.413161450311236e-08,True,NOT_CONSTANT_MATRIX,,NOT_CONSTANT_MATRIX,False,False,artifacts/latest/part_full_model_matrix_coverage_v1_4_6/dynamic/mod_cls_blocks_0_post_fc_norm_layernorm.pt,"LayerNorm is exact dynamic affine per input, not global constant matrix."
mod.cls_blocks.1.pre_attn_norm.dynamic,mod.cls_blocks.1.pre_attn_norm,LayerNorm,Norm.dynamic_samples,129x8x128,EXACT_DYNAMIC_OPERATOR,8.685501029503939e-08,True,NOT_CONSTANT_MATRIX,,NOT_CONSTANT_MATRIX,False,False,artifacts/latest/part_full_model_matrix_coverage_v1_4_6/dynamic/mod_cls_blocks_1_pre_attn_norm_layernorm.pt,"LayerNorm is exact dynamic affine per input, not global constant matrix."
mod.cls_blocks.1.attn.dynamic,mod.cls_blocks.1.attn,MultiheadAttention,Activation.dynamic_ratio,"[1x8x128,8x1x129]",EXACT_DYNAMIC_OPERATOR,1.271155127824386e-07,True,SEE_HEADS,,SEE_HEADS,False,False,artifacts/latest/part_full_model_matrix_coverage_v1_4_6/attention/mod_cls_blocks_1_attn_all_heads.pt,MHA module acceptance aggregated from per-head exact checks.
mod.cls_blocks.1.post_attn_norm.dynamic,mod.cls_blocks.1.post_attn_norm,LayerNorm,Norm.dynamic_samples,1x8x128,EXACT_DYNAMIC_OPERATOR,9.974540660095954e-08,True,NOT_CONSTANT_MATRIX,,NOT_CONSTANT_MATRIX,False,False,artifacts/latest/part_full_model_matrix_coverage_v1_4_6/dynamic/mod_cls_blocks_1_post_attn_norm_layernorm.pt,"LayerNorm is exact dynamic affine per input, not global constant matrix."
mod.cls_blocks.1.pre_fc_norm.dynamic,mod.cls_blocks.1.pre_fc_norm,LayerNorm,Norm.dynamic_samples,1x8x128,EXACT_DYNAMIC_OPERATOR,9.474920403818032e-08,True,NOT_CONSTANT_MATRIX,,NOT_CONSTANT_MATRIX,False,False,artifacts/latest/part_full_model_matrix_coverage_v1_4_6/dynamic/mod_cls_blocks_1_pre_fc_norm_layernorm.pt,"LayerNorm is exact dynamic affine per input, not global constant matrix."
mod.cls_blocks.1.act.dynamic,mod.cls_blocks.1.act,GELU,Activation.dynamic_ratio,1x8x512,EXACT_ELEMENTWISE_FORMULA,3.2005619488018056e-08,True,ELEMENTWISE_FORMULA_NOT_CONSTANT_MATRIX,,ELEMENTWISE_FORMULA_NOT_CONSTANT_MATRIX,False,False,artifacts/latest/part_full_model_matrix_coverage_v1_4_6/dynamic/mod_cls_blocks_1_act_activation.pt,Elementwise activation is exact formula/dynamic diagonal ratio. LOCAL_JACOBIAN is not claimed unless derivatives are computed.
mod.cls_blocks.1.post_fc_norm.dynamic,mod.cls_blocks.1.post_fc_norm,LayerNorm,Norm.dynamic_samples,1x8x512,EXACT_DYNAMIC_OPERATOR,8.589823607962899e-08,True,NOT_CONSTANT_MATRIX,,NOT_CONSTANT_MATRIX,False,False,artifacts/latest/part_full_model_matrix_coverage_v1_4_6/dynamic/mod_cls_blocks_1_post_fc_norm_layernorm.pt,"LayerNorm is exact dynamic affine per input, not global constant matrix."
mod.norm.dynamic,mod.norm,LayerNorm,Norm.dynamic_samples,1x8x128,EXACT_DYNAMIC_OPERATOR,8.487062785889066e-08,True,NOT_CONSTANT_MATRIX,,NOT_CONSTANT_MATRIX,False,False,artifacts/latest/part_full_model_matrix_coverage_v1_4_6/dynamic/mod_norm_layernorm.pt,"LayerNorm is exact dynamic affine per input, not global constant matrix."
mod.cls_token,mod,ParticleTransformer,ExactConstantParameter,1x1x128,learned_class_token_constant,0.0,True,CONSTANT_PARAMETER,,CONSTANT_PARAMETER_NOT_PRIMITIVE_EXPLANATION,False,False,,Exact learned constant parameter target; container forward graph is still Stage 2.
mod.blocks.0.c_attn,mod.blocks.0,Block,ExactConstantParameter,8,block_direct_attention_residual_gate_parameter,0.0,True,CONSTANT_PARAMETER,,CONSTANT_PARAMETER_NOT_PRIMITIVE_EXPLANATION,False,False,,Exact learned constant parameter target; container forward graph is still Stage 2.
mod.blocks.0.w_resid,mod.blocks.0,Block,ExactConstantParameter,128,block_direct_attention_residual_gate_parameter,0.0,True,CONSTANT_PARAMETER,,CONSTANT_PARAMETER_NOT_PRIMITIVE_EXPLANATION,False,False,,Exact learned constant parameter target; container forward graph is still Stage 2.
mod.blocks.1.c_attn,mod.blocks.1,Block,ExactConstantParameter,8,block_direct_attention_residual_gate_parameter,0.0,True,CONSTANT_PARAMETER,,CONSTANT_PARAMETER_NOT_PRIMITIVE_EXPLANATION,False,False,,Exact learned constant parameter target; container forward graph is still Stage 2.
mod.blocks.1.w_resid,mod.blocks.1,Block,ExactConstantParameter,128,block_direct_attention_residual_gate_parameter,0.0,True,CONSTANT_PARAMETER,,CONSTANT_PARAMETER_NOT_PRIMITIVE_EXPLANATION,False,False,,Exact learned constant parameter target; container forward graph is still Stage 2.
mod.blocks.2.c_attn,mod.blocks.2,Block,ExactConstantParameter,8,block_direct_attention_residual_gate_parameter,0.0,True,CONSTANT_PARAMETER,,CONSTANT_PARAMETER_NOT_PRIMITIVE_EXPLANATION,False,False,,Exact learned constant parameter target; container forward graph is still Stage 2.
mod.blocks.2.w_resid,mod.blocks.2,Block,ExactConstantParameter,128,block_direct_attention_residual_gate_parameter,0.0,True,CONSTANT_PARAMETER,,CONSTANT_PARAMETER_NOT_PRIMITIVE_EXPLANATION,False,False,,Exact learned constant parameter target; container forward graph is still Stage 2.
mod.blocks.3.c_attn,mod.blocks.3,Block,ExactConstantParameter,8,block_direct_attention_residual_gate_parameter,0.0,True,CONSTANT_PARAMETER,,CONSTANT_PARAMETER_NOT_PRIMITIVE_EXPLANATION,False,False,,Exact learned constant parameter target; container forward graph is still Stage 2.
mod.blocks.3.w_resid,mod.blocks.3,Block,ExactConstantParameter,128,block_direct_attention_residual_gate_parameter,0.0,True,CONSTANT_PARAMETER,,CONSTANT_PARAMETER_NOT_PRIMITIVE_EXPLANATION,False,False,,Exact learned constant parameter target; container forward graph is still Stage 2.
mod.blocks.4.c_attn,mod.blocks.4,Block,ExactConstantParameter,8,block_direct_attention_residual_gate_parameter,0.0,True,CONSTANT_PARAMETER,,CONSTANT_PARAMETER_NOT_PRIMITIVE_EXPLANATION,False,False,,Exact learned constant parameter target; container forward graph is still Stage 2.
mod.blocks.4.w_resid,mod.blocks.4,Block,ExactConstantParameter,128,block_direct_attention_residual_gate_parameter,0.0,True,CONSTANT_PARAMETER,,CONSTANT_PARAMETER_NOT_PRIMITIVE_EXPLANATION,False,False,,Exact learned constant parameter target; container forward graph is still Stage 2.
mod.blocks.5.c_attn,mod.blocks.5,Block,ExactConstantParameter,8,block_direct_attention_residual_gate_parameter,0.0,True,CONSTANT_PARAMETER,,CONSTANT_PARAMETER_NOT_PRIMITIVE_EXPLANATION,False,False,,Exact learned constant parameter target; container forward graph is still Stage 2.
mod.blocks.5.w_resid,mod.blocks.5,Block,ExactConstantParameter,128,block_direct_attention_residual_gate_parameter,0.0,True,CONSTANT_PARAMETER,,CONSTANT_PARAMETER_NOT_PRIMITIVE_EXPLANATION,False,False,,Exact learned constant parameter target; container forward graph is still Stage 2.
mod.blocks.6.c_attn,mod.blocks.6,Block,ExactConstantParameter,8,block_direct_attention_residual_gate_parameter,0.0,True,CONSTANT_PARAMETER,,CONSTANT_PARAMETER_NOT_PRIMITIVE_EXPLANATION,False,False,,Exact learned constant parameter target; container forward graph is still Stage 2.
mod.blocks.6.w_resid,mod.blocks.6,Block,ExactConstantParameter,128,block_direct_attention_residual_gate_parameter,0.0,True,CONSTANT_PARAMETER,,CONSTANT_PARAMETER_NOT_PRIMITIVE_EXPLANATION,False,False,,Exact learned constant parameter target; container forward graph is still Stage 2.
mod.blocks.7.c_attn,mod.blocks.7,Block,ExactConstantParameter,8,block_direct_attention_residual_gate_parameter,0.0,True,CONSTANT_PARAMETER,,CONSTANT_PARAMETER_NOT_PRIMITIVE_EXPLANATION,False,False,,Exact learned constant parameter target; container forward graph is still Stage 2.
mod.blocks.7.w_resid,mod.blocks.7,Block,ExactConstantParameter,128,block_direct_attention_residual_gate_parameter,0.0,True,CONSTANT_PARAMETER,,CONSTANT_PARAMETER_NOT_PRIMITIVE_EXPLANATION,False,False,,Exact learned constant parameter target; container forward graph is still Stage 2.
mod.cls_blocks.0.c_attn,mod.cls_blocks.0,Block,ExactConstantParameter,8,block_direct_attention_residual_gate_parameter,0.0,True,CONSTANT_PARAMETER,,CONSTANT_PARAMETER_NOT_PRIMITIVE_EXPLANATION,False,False,,Exact learned constant parameter target; container forward graph is still Stage 2.
mod.cls_blocks.0.w_resid,mod.cls_blocks.0,Block,ExactConstantParameter,128,block_direct_attention_residual_gate_parameter,0.0,True,CONSTANT_PARAMETER,,CONSTANT_PARAMETER_NOT_PRIMITIVE_EXPLANATION,False,False,,Exact learned constant parameter target; container forward graph is still Stage 2.
mod.cls_blocks.1.c_attn,mod.cls_blocks.1,Block,ExactConstantParameter,8,block_direct_attention_residual_gate_parameter,0.0,True,CONSTANT_PARAMETER,,CONSTANT_PARAMETER_NOT_PRIMITIVE_EXPLANATION,False,False,,Exact learned constant parameter target; container forward graph is still Stage 2.
mod.cls_blocks.1.w_resid,mod.cls_blocks.1,Block,ExactConstantParameter,128,block_direct_attention_residual_gate_parameter,0.0,True,CONSTANT_PARAMETER,,CONSTANT_PARAMETER_NOT_PRIMITIVE_EXPLANATION,False,False,,Exact learned constant parameter target; container forward graph is still Stage 2.
