analysis_group,source_group,source_root,entry_idx,true_label,pred_label,src_label,tgt_label,score_src,score_tgt,margin_tgt_minus_src,margin_src_minus_tgt,atlas_rank,builder,pair_original_analysis_group,score_Hqql,score_Tbl,margin_Tbl_minus_Hqql,margin_Hqql_minus_Tbl,adapter_src_label,adapter_tgt_label
A_Hqql_correct,HToCC,/home/maxwelhelp/Рабочий стол/JetClassOfficial/val_5M/HToCC_120.root,0,label_Hcc,label_Hcc,label_Hcc,label_Tbqq,0.9720051884651184,5.684232291969238e-06,-0.9719995042328264,0.9719995042328264,22,pair_direct_legacy_replay,A_src_correct,0.9720051884651184,5.684232291969238e-06,-0.9719995042328264,0.9719995042328264,label_Hcc,label_Tbqq
A_Hqql_correct,HToCC,/home/maxwelhelp/Рабочий стол/JetClassOfficial/val_5M/HToCC_120.root,1,label_Hcc,label_Hcc,label_Hcc,label_Tbqq,0.9933212399482727,1.0796402420965023e-06,-0.9933201603080306,0.9933201603080306,22,pair_direct_legacy_replay,A_src_correct,0.9933212399482727,1.0796402420965023e-06,-0.9933201603080306,0.9933201603080306,label_Hcc,label_Tbqq
A_Hqql_correct,HToCC,/home/maxwelhelp/Рабочий стол/JetClassOfficial/val_5M/HToCC_120.root,2,label_Hcc,label_Hcc,label_Hcc,label_Tbqq,0.9979215264320374,0.00016151601448655128,-0.9977600104175508,0.9977600104175508,22,pair_direct_legacy_replay,A_src_correct,0.9979215264320374,0.00016151601448655128,-0.9977600104175508,0.9977600104175508,label_Hcc,label_Tbqq
A_Hqql_correct,HToCC,/home/maxwelhelp/Рабочий стол/JetClassOfficial/val_5M/HToCC_120.root,4,label_Hcc,label_Hcc,label_Hcc,label_Tbqq,0.44434085488319397,0.0011658695293590426,-0.4431749853538349,0.4431749853538349,22,pair_direct_legacy_replay,A_src_correct,0.44434085488319397,0.0011658695293590426,-0.4431749853538349,0.4431749853538349,label_Hcc,label_Tbqq
A_Hqql_correct,HToCC,/home/maxwelhelp/Рабочий стол/JetClassOfficial/val_5M/HToCC_120.root,5,label_Hcc,label_Hcc,label_Hcc,label_Tbqq,0.7880673408508301,0.0002112080983351916,-0.7878561327524949,0.7878561327524949,22,pair_direct_legacy_replay,A_src_correct,0.7880673408508301,0.0002112080983351916,-0.7878561327524949,0.7878561327524949,label_Hcc,label_Tbqq
A_Hqql_correct,HToCC,/home/maxwelhelp/Рабочий стол/JetClassOfficial/val_5M/HToCC_120.root,6,label_Hcc,label_Hcc,label_Hcc,label_Tbqq,0.9777000546455383,0.007893669418990612,-0.9698063852265477,0.9698063852265477,22,pair_direct_legacy_replay,A_src_correct,0.9777000546455383,0.007893669418990612,-0.9698063852265477,0.9698063852265477,label_Hcc,label_Tbqq
A_Hqql_correct,HToCC,/home/maxwelhelp/Рабочий стол/JetClassOfficial/val_5M/HToCC_120.root,7,label_Hcc,label_Hcc,label_Hcc,label_Tbqq,0.5768959522247314,0.013081979006528854,-0.5638139732182026,0.5638139732182026,22,pair_direct_legacy_replay,A_src_correct,0.5768959522247314,0.013081979006528854,-0.5638139732182026,0.5638139732182026,label_Hcc,label_Tbqq
A_Hqql_correct,HToCC,/home/maxwelhelp/Рабочий стол/JetClassOfficial/val_5M/HToCC_120.root,8,label_Hcc,label_Hcc,label_Hcc,label_Tbqq,0.9852334856987,1.0606418072711676e-05,-0.9852228792806272,0.9852228792806272,22,pair_direct_legacy_replay,A_src_correct,0.9852334856987,1.0606418072711676e-05,-0.9852228792806272,0.9852228792806272,label_Hcc,label_Tbqq
A_Hqql_correct,HToCC,/home/maxwelhelp/Рабочий стол/JetClassOfficial/val_5M/HToCC_120.root,10,label_Hcc,label_Hcc,label_Hcc,label_Tbqq,0.988732099533081,4.03529338655062e-06,-0.9887280642396945,0.9887280642396945,22,pair_direct_legacy_replay,A_src_correct,0.988732099533081,4.03529338655062e-06,-0.9887280642396945,0.9887280642396945,label_Hcc,label_Tbqq
A_Hqql_correct,HToCC,/home/maxwelhelp/Рабочий стол/JetClassOfficial/val_5M/HToCC_120.root,11,label_Hcc,label_Hcc,label_Hcc,label_Tbqq,0.9977333545684814,2.367044771744986e-06,-0.9977309875237097,0.9977309875237097,22,pair_direct_legacy_replay,A_src_correct,0.9977333545684814,2.367044771744986e-06,-0.9977309875237097,0.9977309875237097,label_Hcc,label_Tbqq
A_Hqql_correct,HToCC,/home/maxwelhelp/Рабочий стол/JetClassOfficial/val_5M/HToCC_120.root,12,label_Hcc,label_Hcc,label_Hcc,label_Tbqq,0.6544811725616455,0.00011770294804591686,-0.6543634696135996,0.6543634696135996,22,pair_direct_legacy_replay,A_src_correct,0.6544811725616455,0.00011770294804591686,-0.6543634696135996,0.6543634696135996,label_Hcc,label_Tbqq
A_Hqql_correct,HToCC,/home/maxwelhelp/Рабочий стол/JetClassOfficial/val_5M/HToCC_120.root,13,label_Hcc,label_Hcc,label_Hcc,label_Tbqq,0.9776623845100403,1.0018519787990954e-05,-0.9776523659902523,0.9776523659902523,22,pair_direct_legacy_replay,A_src_correct,0.9776623845100403,1.0018519787990954e-05,-0.9776523659902523,0.9776523659902523,label_Hcc,label_Tbqq
A_Hqql_correct,HToCC,/home/maxwelhelp/Рабочий стол/JetClassOfficial/val_5M/HToCC_120.root,14,label_Hcc,label_Hcc,label_Hcc,label_Tbqq,0.9017941355705261,2.528943468860234e-06,-0.9017916066270573,0.9017916066270573,22,pair_direct_legacy_replay,A_src_correct,0.9017941355705261,2.528943468860234e-06,-0.9017916066270573,0.9017916066270573,label_Hcc,label_Tbqq
A_Hqql_correct,HToCC,/home/maxwelhelp/Рабочий стол/JetClassOfficial/val_5M/HToCC_120.root,17,label_Hcc,label_Hcc,label_Hcc,label_Tbqq,0.9309424757957458,0.025151992216706276,-0.9057904835790396,0.9057904835790396,22,pair_direct_legacy_replay,A_src_correct,0.9309424757957458,0.025151992216706276,-0.9057904835790396,0.9057904835790396,label_Hcc,label_Tbqq
A_Hqql_correct,HToCC,/home/maxwelhelp/Рабочий стол/JetClassOfficial/val_5M/HToCC_120.root,18,label_Hcc,label_Hcc,label_Hcc,label_Tbqq,0.7384167313575745,6.448949716286734e-05,-0.7383522418604116,0.7383522418604116,22,pair_direct_legacy_replay,A_src_correct,0.7384167313575745,6.448949716286734e-05,-0.7383522418604116,0.7383522418604116,label_Hcc,label_Tbqq
A_Hqql_correct,HToCC,/home/maxwelhelp/Рабочий стол/JetClassOfficial/val_5M/HToCC_120.root,22,label_Hcc,label_Hcc,label_Hcc,label_Tbqq,0.9448079466819763,6.386052700690925e-05,-0.9447440861549694,0.9447440861549694,22,pair_direct_legacy_replay,A_src_correct,0.9448079466819763,6.386052700690925e-05,-0.9447440861549694,0.9447440861549694,label_Hcc,label_Tbqq
A_Hqql_correct,HToCC,/home/maxwelhelp/Рабочий стол/JetClassOfficial/val_5M/HToCC_120.root,25,label_Hcc,label_Hcc,label_Hcc,label_Tbqq,0.966971218585968,0.00016361370217055082,-0.9668076048837975,0.9668076048837975,22,pair_direct_legacy_replay,A_src_correct,0.966971218585968,0.00016361370217055082,-0.9668076048837975,0.9668076048837975,label_Hcc,label_Tbqq
A_Hqql_correct,HToCC,/home/maxwelhelp/Рабочий стол/JetClassOfficial/val_5M/HToCC_120.root,27,label_Hcc,label_Hcc,label_Hcc,label_Tbqq,0.6944212317466736,0.0002809714060276747,-0.6941402603406459,0.6941402603406459,22,pair_direct_legacy_replay,A_src_correct,0.6944212317466736,0.0002809714060276747,-0.6941402603406459,0.6941402603406459,label_Hcc,label_Tbqq
A_Hqql_correct,HToCC,/home/maxwelhelp/Рабочий стол/JetClassOfficial/val_5M/HToCC_120.root,29,label_Hcc,label_Hcc,label_Hcc,label_Tbqq,0.9364165663719177,0.0007258753175847232,-0.935690691054333,0.935690691054333,22,pair_direct_legacy_replay,A_src_correct,0.9364165663719177,0.0007258753175847232,-0.935690691054333,0.935690691054333,label_Hcc,label_Tbqq
A_Hqql_correct,HToCC,/home/maxwelhelp/Рабочий стол/JetClassOfficial/val_5M/HToCC_120.root,31,label_Hcc,label_Hcc,label_Hcc,label_Tbqq,0.4789559543132782,0.014256887137889862,-0.46469906717538834,0.46469906717538834,22,pair_direct_legacy_replay,A_src_correct,0.4789559543132782,0.014256887137889862,-0.46469906717538834,0.46469906717538834,label_Hcc,label_Tbqq
A_Hqql_correct,HToCC,/home/maxwelhelp/Рабочий стол/JetClassOfficial/val_5M/HToCC_120.root,34,label_Hcc,label_Hcc,label_Hcc,label_Tbqq,0.7063025832176208,3.440008731558919e-05,-0.7062681831303053,0.7062681831303053,22,pair_direct_legacy_replay,A_src_correct,0.7063025832176208,3.440008731558919e-05,-0.7062681831303053,0.7062681831303053,label_Hcc,label_Tbqq
A_Hqql_correct,HToCC,/home/maxwelhelp/Рабочий стол/JetClassOfficial/val_5M/HToCC_120.root,35,label_Hcc,label_Hcc,label_Hcc,label_Tbqq,0.9926041960716248,1.6407373095717048e-06,-0.9926025553343152,0.9926025553343152,22,pair_direct_legacy_replay,A_src_correct,0.9926041960716248,1.6407373095717048e-06,-0.9926025553343152,0.9926025553343152,label_Hcc,label_Tbqq
A_Hqql_correct,HToCC,/home/maxwelhelp/Рабочий стол/JetClassOfficial/val_5M/HToCC_120.root,36,label_Hcc,label_Hcc,label_Hcc,label_Tbqq,0.962911069393158,0.00011350603745086119,-0.9627975633557071,0.9627975633557071,22,pair_direct_legacy_replay,A_src_correct,0.962911069393158,0.00011350603745086119,-0.9627975633557071,0.9627975633557071,label_Hcc,label_Tbqq
A_Hqql_correct,HToCC,/home/maxwelhelp/Рабочий стол/JetClassOfficial/val_5M/HToCC_120.root,38,label_Hcc,label_Hcc,label_Hcc,label_Tbqq,0.9626540541648865,0.0005683540948666632,-0.9620857000700198,0.9620857000700198,22,pair_direct_legacy_replay,A_src_correct,0.9626540541648865,0.0005683540948666632,-0.9620857000700198,0.9620857000700198,label_Hcc,label_Tbqq
A_Hqql_correct,HToCC,/home/maxwelhelp/Рабочий стол/JetClassOfficial/val_5M/HToCC_120.root,40,label_Hcc,label_Hcc,label_Hcc,label_Tbqq,0.896258533000946,3.241101876483299e-05,-0.8962261219821812,0.8962261219821812,22,pair_direct_legacy_replay,A_src_correct,0.896258533000946,3.241101876483299e-05,-0.8962261219821812,0.8962261219821812,label_Hcc,label_Tbqq
A_Hqql_correct,HToCC,/home/maxwelhelp/Рабочий стол/JetClassOfficial/val_5M/HToCC_120.root,42,label_Hcc,label_Hcc,label_Hcc,label_Tbqq,0.9978978633880615,7.580268720630556e-05,-0.9978220607008552,0.9978220607008552,22,pair_direct_legacy_replay,A_src_correct,0.9978978633880615,7.580268720630556e-05,-0.9978220607008552,0.9978220607008552,label_Hcc,label_Tbqq
A_Hqql_correct,HToCC,/home/maxwelhelp/Рабочий стол/JetClassOfficial/val_5M/HToCC_120.root,43,label_Hcc,label_Hcc,label_Hcc,label_Tbqq,0.9638485312461853,0.00017888307047542185,-0.9636696481757099,0.9636696481757099,22,pair_direct_legacy_replay,A_src_correct,0.9638485312461853,0.00017888307047542185,-0.9636696481757099,0.9636696481757099,label_Hcc,label_Tbqq
A_Hqql_correct,HToCC,/home/maxwelhelp/Рабочий стол/JetClassOfficial/val_5M/HToCC_120.root,44,label_Hcc,label_Hcc,label_Hcc,label_Tbqq,0.7991822957992554,0.0002705954830162227,-0.7989117003162391,0.7989117003162391,22,pair_direct_legacy_replay,A_src_correct,0.7991822957992554,0.0002705954830162227,-0.7989117003162391,0.7989117003162391,label_Hcc,label_Tbqq
A_Hqql_correct,HToCC,/home/maxwelhelp/Рабочий стол/JetClassOfficial/val_5M/HToCC_120.root,45,label_Hcc,label_Hcc,label_Hcc,label_Tbqq,0.9478865265846252,0.0006975079886615276,-0.9471890185959637,0.9471890185959637,22,pair_direct_legacy_replay,A_src_correct,0.9478865265846252,0.0006975079886615276,-0.9471890185959637,0.9471890185959637,label_Hcc,label_Tbqq
A_Hqql_correct,HToCC,/home/maxwelhelp/Рабочий стол/JetClassOfficial/val_5M/HToCC_120.root,46,label_Hcc,label_Hcc,label_Hcc,label_Tbqq,0.8462189435958862,0.001970720710232854,-0.8442482228856534,0.8442482228856534,22,pair_direct_legacy_replay,A_src_correct,0.8462189435958862,0.001970720710232854,-0.8442482228856534,0.8442482228856534,label_Hcc,label_Tbqq
A_Hqql_correct,HToCC,/home/maxwelhelp/Рабочий стол/JetClassOfficial/val_5M/HToCC_120.root,47,label_Hcc,label_Hcc,label_Hcc,label_Tbqq,0.9827159643173218,1.1896244359377306e-05,-0.9827040680729624,0.9827040680729624,22,pair_direct_legacy_replay,A_src_correct,0.9827159643173218,1.1896244359377306e-05,-0.9827040680729624,0.9827040680729624,label_Hcc,label_Tbqq
A_Hqql_correct,HToCC,/home/maxwelhelp/Рабочий стол/JetClassOfficial/val_5M/HToCC_120.root,48,label_Hcc,label_Hcc,label_Hcc,label_Tbqq,0.9669194221496582,0.0038384664803743362,-0.9630809556692839,0.9630809556692839,22,pair_direct_legacy_replay,A_src_correct,0.9669194221496582,0.0038384664803743362,-0.9630809556692839,0.9630809556692839,label_Hcc,label_Tbqq
A_Hqql_correct,HToCC,/home/maxwelhelp/Рабочий стол/JetClassOfficial/val_5M/HToCC_120.root,49,label_Hcc,label_Hcc,label_Hcc,label_Tbqq,0.9861055016517639,0.00012143435014877468,-0.9859840673016151,0.9859840673016151,22,pair_direct_legacy_replay,A_src_correct,0.9861055016517639,0.00012143435014877468,-0.9859840673016151,0.9859840673016151,label_Hcc,label_Tbqq
A_Hqql_correct,HToCC,/home/maxwelhelp/Рабочий стол/JetClassOfficial/val_5M/HToCC_120.root,50,label_Hcc,label_Hcc,label_Hcc,label_Tbqq,0.8087542057037354,0.0029290546663105488,-0.8058251510374248,0.8058251510374248,22,pair_direct_legacy_replay,A_src_correct,0.8087542057037354,0.0029290546663105488,-0.8058251510374248,0.8058251510374248,label_Hcc,label_Tbqq
A_Hqql_correct,HToCC,/home/maxwelhelp/Рабочий стол/JetClassOfficial/val_5M/HToCC_120.root,52,label_Hcc,label_Hcc,label_Hcc,label_Tbqq,0.9601872563362122,0.00059956667246297,-0.9595876896637492,0.9595876896637492,22,pair_direct_legacy_replay,A_src_correct,0.9601872563362122,0.00059956667246297,-0.9595876896637492,0.9595876896637492,label_Hcc,label_Tbqq
A_Hqql_correct,HToCC,/home/maxwelhelp/Рабочий стол/JetClassOfficial/val_5M/HToCC_120.root,55,label_Hcc,label_Hcc,label_Hcc,label_Tbqq,0.7839857935905457,0.00048557971604168415,-0.783500213874504,0.783500213874504,22,pair_direct_legacy_replay,A_src_correct,0.7839857935905457,0.00048557971604168415,-0.783500213874504,0.783500213874504,label_Hcc,label_Tbqq
A_Hqql_correct,HToCC,/home/maxwelhelp/Рабочий стол/JetClassOfficial/val_5M/HToCC_120.root,56,label_Hcc,label_Hcc,label_Hcc,label_Tbqq,0.9750246405601501,2.741076059464831e-05,-0.9749972297995555,0.9749972297995555,22,pair_direct_legacy_replay,A_src_correct,0.9750246405601501,2.741076059464831e-05,-0.9749972297995555,0.9749972297995555,label_Hcc,label_Tbqq
A_Hqql_correct,HToCC,/home/maxwelhelp/Рабочий стол/JetClassOfficial/val_5M/HToCC_120.root,57,label_Hcc,label_Hcc,label_Hcc,label_Tbqq,0.9390237331390381,0.00011101798008894548,-0.9389127151589491,0.9389127151589491,22,pair_direct_legacy_replay,A_src_correct,0.9390237331390381,0.00011101798008894548,-0.9389127151589491,0.9389127151589491,label_Hcc,label_Tbqq
A_Hqql_correct,HToCC,/home/maxwelhelp/Рабочий стол/JetClassOfficial/val_5M/HToCC_120.root,58,label_Hcc,label_Hcc,label_Hcc,label_Tbqq,0.5081566572189331,0.00022541960061062127,-0.5079312376183225,0.5079312376183225,22,pair_direct_legacy_replay,A_src_correct,0.5081566572189331,0.00022541960061062127,-0.5079312376183225,0.5079312376183225,label_Hcc,label_Tbqq
A_Hqql_correct,HToCC,/home/maxwelhelp/Рабочий стол/JetClassOfficial/val_5M/HToCC_120.root,59,label_Hcc,label_Hcc,label_Hcc,label_Tbqq,0.9245437979698181,1.6453826901852153e-05,-0.9245273441429163,0.9245273441429163,22,pair_direct_legacy_replay,A_src_correct,0.9245437979698181,1.6453826901852153e-05,-0.9245273441429163,0.9245273441429163,label_Hcc,label_Tbqq
A_Hqql_correct,HToCC,/home/maxwelhelp/Рабочий стол/JetClassOfficial/val_5M/HToCC_120.root,61,label_Hcc,label_Hcc,label_Hcc,label_Tbqq,0.9656995534896851,0.00016783589671831578,-0.9655317175929667,0.9655317175929667,22,pair_direct_legacy_replay,A_src_correct,0.9656995534896851,0.00016783589671831578,-0.9655317175929667,0.9655317175929667,label_Hcc,label_Tbqq
A_Hqql_correct,HToCC,/home/maxwelhelp/Рабочий стол/JetClassOfficial/val_5M/HToCC_120.root,62,label_Hcc,label_Hcc,label_Hcc,label_Tbqq,0.929701030254364,0.004379586782306433,-0.9253214434720576,0.9253214434720576,22,pair_direct_legacy_replay,A_src_correct,0.929701030254364,0.004379586782306433,-0.9253214434720576,0.9253214434720576,label_Hcc,label_Tbqq
A_Hqql_correct,HToCC,/home/maxwelhelp/Рабочий стол/JetClassOfficial/val_5M/HToCC_120.root,63,label_Hcc,label_Hcc,label_Hcc,label_Tbqq,0.8541595935821533,0.0010754922404885292,-0.8530841013416648,0.8530841013416648,22,pair_direct_legacy_replay,A_src_correct,0.8541595935821533,0.0010754922404885292,-0.8530841013416648,0.8530841013416648,label_Hcc,label_Tbqq
A_Hqql_correct,HToCC,/home/maxwelhelp/Рабочий стол/JetClassOfficial/val_5M/HToCC_120.root,66,label_Hcc,label_Hcc,label_Hcc,label_Tbqq,0.995846688747406,1.4461388673225883e-06,-0.9958452426085387,0.9958452426085387,22,pair_direct_legacy_replay,A_src_correct,0.995846688747406,1.4461388673225883e-06,-0.9958452426085387,0.9958452426085387,label_Hcc,label_Tbqq
A_Hqql_correct,HToCC,/home/maxwelhelp/Рабочий стол/JetClassOfficial/val_5M/HToCC_120.root,69,label_Hcc,label_Hcc,label_Hcc,label_Tbqq,0.895576000213623,0.00035717879654839635,-0.8952188214170747,0.8952188214170747,22,pair_direct_legacy_replay,A_src_correct,0.895576000213623,0.00035717879654839635,-0.8952188214170747,0.8952188214170747,label_Hcc,label_Tbqq
A_Hqql_correct,HToCC,/home/maxwelhelp/Рабочий стол/JetClassOfficial/val_5M/HToCC_120.root,70,label_Hcc,label_Hcc,label_Hcc,label_Tbqq,0.8584550619125366,0.0002172753884224221,-0.8582377865241142,0.8582377865241142,22,pair_direct_legacy_replay,A_src_correct,0.8584550619125366,0.0002172753884224221,-0.8582377865241142,0.8582377865241142,label_Hcc,label_Tbqq
A_Hqql_correct,HToCC,/home/maxwelhelp/Рабочий стол/JetClassOfficial/val_5M/HToCC_120.root,71,label_Hcc,label_Hcc,label_Hcc,label_Tbqq,0.7961872816085815,0.00025626368005760014,-0.7959310179285239,0.7959310179285239,22,pair_direct_legacy_replay,A_src_correct,0.7961872816085815,0.00025626368005760014,-0.7959310179285239,0.7959310179285239,label_Hcc,label_Tbqq
A_Hqql_correct,HToCC,/home/maxwelhelp/Рабочий стол/JetClassOfficial/val_5M/HToCC_120.root,72,label_Hcc,label_Hcc,label_Hcc,label_Tbqq,0.6002621650695801,0.0001200222541228868,-0.6001421428154572,0.6001421428154572,22,pair_direct_legacy_replay,A_src_correct,0.6002621650695801,0.0001200222541228868,-0.6001421428154572,0.6001421428154572,label_Hcc,label_Tbqq
A_Hqql_correct,HToCC,/home/maxwelhelp/Рабочий стол/JetClassOfficial/val_5M/HToCC_120.root,74,label_Hcc,label_Hcc,label_Hcc,label_Tbqq,0.9838592410087585,6.263541581574827e-05,-0.9837966055929428,0.9837966055929428,22,pair_direct_legacy_replay,A_src_correct,0.9838592410087585,6.263541581574827e-05,-0.9837966055929428,0.9837966055929428,label_Hcc,label_Tbqq
A_Hqql_correct,HToCC,/home/maxwelhelp/Рабочий стол/JetClassOfficial/val_5M/HToCC_120.root,75,label_Hcc,label_Hcc,label_Hcc,label_Tbqq,0.5231497287750244,3.4922606573672965e-05,-0.5231148061684507,0.5231148061684507,22,pair_direct_legacy_replay,A_src_correct,0.5231497287750244,3.4922606573672965e-05,-0.5231148061684507,0.5231148061684507,label_Hcc,label_Tbqq
A_Hqql_correct,HToCC,/home/maxwelhelp/Рабочий стол/JetClassOfficial/val_5M/HToCC_120.root,76,label_Hcc,label_Hcc,label_Hcc,label_Tbqq,0.6966233253479004,5.381085065891966e-05,-0.6965695144972415,0.6965695144972415,22,pair_direct_legacy_replay,A_src_correct,0.6966233253479004,5.381085065891966e-05,-0.6965695144972415,0.6965695144972415,label_Hcc,label_Tbqq
A_Hqql_correct,HToCC,/home/maxwelhelp/Рабочий стол/JetClassOfficial/val_5M/HToCC_120.root,78,label_Hcc,label_Hcc,label_Hcc,label_Tbqq,0.9220977425575256,0.0071344212628901005,-0.9149633212946355,0.9149633212946355,22,pair_direct_legacy_replay,A_src_correct,0.9220977425575256,0.0071344212628901005,-0.9149633212946355,0.9149633212946355,label_Hcc,label_Tbqq
A_Hqql_correct,HToCC,/home/maxwelhelp/Рабочий стол/JetClassOfficial/val_5M/HToCC_120.root,80,label_Hcc,label_Hcc,label_Hcc,label_Tbqq,0.9396845102310181,6.492091051768512e-05,-0.9396195893205004,0.9396195893205004,22,pair_direct_legacy_replay,A_src_correct,0.9396845102310181,6.492091051768512e-05,-0.9396195893205004,0.9396195893205004,label_Hcc,label_Tbqq
A_Hqql_correct,HToCC,/home/maxwelhelp/Рабочий стол/JetClassOfficial/val_5M/HToCC_120.root,84,label_Hcc,label_Hcc,label_Hcc,label_Tbqq,0.4884308874607086,0.0001727163908071816,-0.48825817106990144,0.48825817106990144,22,pair_direct_legacy_replay,A_src_correct,0.4884308874607086,0.0001727163908071816,-0.48825817106990144,0.48825817106990144,label_Hcc,label_Tbqq
A_Hqql_correct,HToCC,/home/maxwelhelp/Рабочий стол/JetClassOfficial/val_5M/HToCC_120.root,85,label_Hcc,label_Hcc,label_Hcc,label_Tbqq,0.6263756155967712,0.007473427802324295,-0.618902187794447,0.618902187794447,22,pair_direct_legacy_replay,A_src_correct,0.6263756155967712,0.007473427802324295,-0.618902187794447,0.618902187794447,label_Hcc,label_Tbqq
A_Hqql_correct,HToCC,/home/maxwelhelp/Рабочий стол/JetClassOfficial/val_5M/HToCC_120.root,86,label_Hcc,label_Hcc,label_Hcc,label_Tbqq,0.43592166900634766,0.0003722494002431631,-0.4355494196061045,0.4355494196061045,22,pair_direct_legacy_replay,A_src_correct,0.43592166900634766,0.0003722494002431631,-0.4355494196061045,0.4355494196061045,label_Hcc,label_Tbqq
A_Hqql_correct,HToCC,/home/maxwelhelp/Рабочий стол/JetClassOfficial/val_5M/HToCC_120.root,87,label_Hcc,label_Hcc,label_Hcc,label_Tbqq,0.8332298994064331,0.011255890130996704,-0.8219740092754364,0.8219740092754364,22,pair_direct_legacy_replay,A_src_correct,0.8332298994064331,0.011255890130996704,-0.8219740092754364,0.8219740092754364,label_Hcc,label_Tbqq
A_Hqql_correct,HToCC,/home/maxwelhelp/Рабочий стол/JetClassOfficial/val_5M/HToCC_120.root,88,label_Hcc,label_Hcc,label_Hcc,label_Tbqq,0.990458607673645,6.565738294739276e-05,-0.9903929502906976,0.9903929502906976,22,pair_direct_legacy_replay,A_src_correct,0.990458607673645,6.565738294739276e-05,-0.9903929502906976,0.9903929502906976,label_Hcc,label_Tbqq
B_Hqql_to_Tbl,HToCC,/home/maxwelhelp/Рабочий стол/JetClassOfficial/val_5M/HToCC_120.root,89,label_Hcc,label_Tbqq,label_Hcc,label_Tbqq,0.1532278060913086,0.7369400262832642,0.5837122201919556,-0.5837122201919556,22,pair_direct_legacy_replay,B_src_to_tgt,0.1532278060913086,0.7369400262832642,0.5837122201919556,-0.5837122201919556,label_Hcc,label_Tbqq
A_Hqql_correct,HToCC,/home/maxwelhelp/Рабочий стол/JetClassOfficial/val_5M/HToCC_120.root,90,label_Hcc,label_Hcc,label_Hcc,label_Tbqq,0.9727899432182312,2.9240860385471024e-05,-0.9727607023578457,0.9727607023578457,22,pair_direct_legacy_replay,A_src_correct,0.9727899432182312,2.9240860385471024e-05,-0.9727607023578457,0.9727607023578457,label_Hcc,label_Tbqq
A_Hqql_correct,HToCC,/home/maxwelhelp/Рабочий стол/JetClassOfficial/val_5M/HToCC_120.root,91,label_Hcc,label_Hcc,label_Hcc,label_Tbqq,0.905990719795227,9.897143900161609e-05,-0.9058917483562254,0.9058917483562254,22,pair_direct_legacy_replay,A_src_correct,0.905990719795227,9.897143900161609e-05,-0.9058917483562254,0.9058917483562254,label_Hcc,label_Tbqq
A_Hqql_correct,HToCC,/home/maxwelhelp/Рабочий стол/JetClassOfficial/val_5M/HToCC_120.root,92,label_Hcc,label_Hcc,label_Hcc,label_Tbqq,0.9125018119812012,4.8014386266004294e-05,-0.9124537975949352,0.9124537975949352,22,pair_direct_legacy_replay,A_src_correct,0.9125018119812012,4.8014386266004294e-05,-0.9124537975949352,0.9124537975949352,label_Hcc,label_Tbqq
A_Hqql_correct,HToCC,/home/maxwelhelp/Рабочий стол/JetClassOfficial/val_5M/HToCC_120.root,93,label_Hcc,label_Hcc,label_Hcc,label_Tbqq,0.9018324017524719,0.035943403840065,-0.8658889979124069,0.8658889979124069,22,pair_direct_legacy_replay,A_src_correct,0.9018324017524719,0.035943403840065,-0.8658889979124069,0.8658889979124069,label_Hcc,label_Tbqq
A_Hqql_correct,HToCC,/home/maxwelhelp/Рабочий стол/JetClassOfficial/val_5M/HToCC_120.root,94,label_Hcc,label_Hcc,label_Hcc,label_Tbqq,0.9376354217529297,2.8720314730890095e-05,-0.9376067014381988,0.9376067014381988,22,pair_direct_legacy_replay,A_src_correct,0.9376354217529297,2.8720314730890095e-05,-0.9376067014381988,0.9376067014381988,label_Hcc,label_Tbqq
A_Hqql_correct,HToCC,/home/maxwelhelp/Рабочий стол/JetClassOfficial/val_5M/HToCC_120.root,95,label_Hcc,label_Hcc,label_Hcc,label_Tbqq,0.9306399822235107,0.0008550813654437661,-0.929784900858067,0.929784900858067,22,pair_direct_legacy_replay,A_src_correct,0.9306399822235107,0.0008550813654437661,-0.929784900858067,0.929784900858067,label_Hcc,label_Tbqq
A_Hqql_correct,HToCC,/home/maxwelhelp/Рабочий стол/JetClassOfficial/val_5M/HToCC_120.root,96,label_Hcc,label_Hcc,label_Hcc,label_Tbqq,0.7085705995559692,0.00022979063214734197,-0.7083408089238219,0.7083408089238219,22,pair_direct_legacy_replay,A_src_correct,0.7085705995559692,0.00022979063214734197,-0.7083408089238219,0.7083408089238219,label_Hcc,label_Tbqq
A_Hqql_correct,HToCC,/home/maxwelhelp/Рабочий стол/JetClassOfficial/val_5M/HToCC_120.root,97,label_Hcc,label_Hcc,label_Hcc,label_Tbqq,0.4818865656852722,0.018072301521897316,-0.4638142641633749,0.4638142641633749,22,pair_direct_legacy_replay,A_src_correct,0.4818865656852722,0.018072301521897316,-0.4638142641633749,0.4638142641633749,label_Hcc,label_Tbqq
A_Hqql_correct,HToCC,/home/maxwelhelp/Рабочий стол/JetClassOfficial/val_5M/HToCC_120.root,98,label_Hcc,label_Hcc,label_Hcc,label_Tbqq,0.7337315678596497,0.0006726446445100009,-0.7330589232151397,0.7330589232151397,22,pair_direct_legacy_replay,A_src_correct,0.7337315678596497,0.0006726446445100009,-0.7330589232151397,0.7330589232151397,label_Hcc,label_Tbqq
A_Hqql_correct,HToCC,/home/maxwelhelp/Рабочий стол/JetClassOfficial/val_5M/HToCC_120.root,99,label_Hcc,label_Hcc,label_Hcc,label_Tbqq,0.9942985773086548,6.9360116867756005e-06,-0.994291641296968,0.994291641296968,22,pair_direct_legacy_replay,A_src_correct,0.9942985773086548,6.9360116867756005e-06,-0.994291641296968,0.994291641296968,label_Hcc,label_Tbqq
A_Hqql_correct,HToCC,/home/maxwelhelp/Рабочий стол/JetClassOfficial/val_5M/HToCC_120.root,100,label_Hcc,label_Hcc,label_Hcc,label_Tbqq,0.9714375734329224,5.647408761433326e-05,-0.971381099345308,0.971381099345308,22,pair_direct_legacy_replay,A_src_correct,0.9714375734329224,5.647408761433326e-05,-0.971381099345308,0.971381099345308,label_Hcc,label_Tbqq
A_Hqql_correct,HToCC,/home/maxwelhelp/Рабочий стол/JetClassOfficial/val_5M/HToCC_120.root,101,label_Hcc,label_Hcc,label_Hcc,label_Tbqq,0.9771078824996948,8.252979569078889e-06,-0.9770996295201257,0.9770996295201257,22,pair_direct_legacy_replay,A_src_correct,0.9771078824996948,8.252979569078889e-06,-0.9770996295201257,0.9770996295201257,label_Hcc,label_Tbqq
A_Hqql_correct,HToCC,/home/maxwelhelp/Рабочий стол/JetClassOfficial/val_5M/HToCC_120.root,102,label_Hcc,label_Hcc,label_Hcc,label_Tbqq,0.997612476348877,1.0878741704800632e-05,-0.9976015976071722,0.9976015976071722,22,pair_direct_legacy_replay,A_src_correct,0.997612476348877,1.0878741704800632e-05,-0.9976015976071722,0.9976015976071722,label_Hcc,label_Tbqq
A_Hqql_correct,HToCC,/home/maxwelhelp/Рабочий стол/JetClassOfficial/val_5M/HToCC_120.root,103,label_Hcc,label_Hcc,label_Hcc,label_Tbqq,0.9288186430931091,3.931200262741186e-05,-0.9287793310904817,0.9287793310904817,22,pair_direct_legacy_replay,A_src_correct,0.9288186430931091,3.931200262741186e-05,-0.9287793310904817,0.9287793310904817,label_Hcc,label_Tbqq
A_Hqql_correct,HToCC,/home/maxwelhelp/Рабочий стол/JetClassOfficial/val_5M/HToCC_120.root,104,label_Hcc,label_Hcc,label_Hcc,label_Tbqq,0.9947992563247681,4.574299509840785e-06,-0.9947946820252582,0.9947946820252582,22,pair_direct_legacy_replay,A_src_correct,0.9947992563247681,4.574299509840785e-06,-0.9947946820252582,0.9947946820252582,label_Hcc,label_Tbqq
A_Hqql_correct,HToCC,/home/maxwelhelp/Рабочий стол/JetClassOfficial/val_5M/HToCC_120.root,106,label_Hcc,label_Hcc,label_Hcc,label_Tbqq,0.6672214865684509,2.109423621732276e-05,-0.6672003923322336,0.6672003923322336,22,pair_direct_legacy_replay,A_src_correct,0.6672214865684509,2.109423621732276e-05,-0.6672003923322336,0.6672003923322336,label_Hcc,label_Tbqq
A_Hqql_correct,HToCC,/home/maxwelhelp/Рабочий стол/JetClassOfficial/val_5M/HToCC_120.root,107,label_Hcc,label_Hcc,label_Hcc,label_Tbqq,0.7269728183746338,0.00019699639233294874,-0.7267758219823008,0.7267758219823008,22,pair_direct_legacy_replay,A_src_correct,0.7269728183746338,0.00019699639233294874,-0.7267758219823008,0.7267758219823008,label_Hcc,label_Tbqq
A_Hqql_correct,HToCC,/home/maxwelhelp/Рабочий стол/JetClassOfficial/val_5M/HToCC_120.root,108,label_Hcc,label_Hcc,label_Hcc,label_Tbqq,0.48696815967559814,0.04438813775777817,-0.44258002191782,0.44258002191782,22,pair_direct_legacy_replay,A_src_correct,0.48696815967559814,0.04438813775777817,-0.44258002191782,0.44258002191782,label_Hcc,label_Tbqq
A_Hqql_correct,HToCC,/home/maxwelhelp/Рабочий стол/JetClassOfficial/val_5M/HToCC_120.root,110,label_Hcc,label_Hcc,label_Hcc,label_Tbqq,0.7474279999732971,0.144710510969162,-0.6027174890041351,0.6027174890041351,22,pair_direct_legacy_replay,A_src_correct,0.7474279999732971,0.144710510969162,-0.6027174890041351,0.6027174890041351,label_Hcc,label_Tbqq
A_Hqql_correct,HToCC,/home/maxwelhelp/Рабочий стол/JetClassOfficial/val_5M/HToCC_120.root,111,label_Hcc,label_Hcc,label_Hcc,label_Tbqq,0.7487625479698181,0.0002187421196140349,-0.7485438058502041,0.7485438058502041,22,pair_direct_legacy_replay,A_src_correct,0.7487625479698181,0.0002187421196140349,-0.7485438058502041,0.7485438058502041,label_Hcc,label_Tbqq
A_Hqql_correct,HToCC,/home/maxwelhelp/Рабочий стол/JetClassOfficial/val_5M/HToCC_120.root,112,label_Hcc,label_Hcc,label_Hcc,label_Tbqq,0.9924989342689514,2.5568117052898742e-05,-0.9924733661518985,0.9924733661518985,22,pair_direct_legacy_replay,A_src_correct,0.9924989342689514,2.5568117052898742e-05,-0.9924733661518985,0.9924733661518985,label_Hcc,label_Tbqq
A_Hqql_correct,HToCC,/home/maxwelhelp/Рабочий стол/JetClassOfficial/val_5M/HToCC_120.root,114,label_Hcc,label_Hcc,label_Hcc,label_Tbqq,0.8253157138824463,0.005845113191753626,-0.8194706006906927,0.8194706006906927,22,pair_direct_legacy_replay,A_src_correct,0.8253157138824463,0.005845113191753626,-0.8194706006906927,0.8194706006906927,label_Hcc,label_Tbqq
A_Hqql_correct,HToCC,/home/maxwelhelp/Рабочий стол/JetClassOfficial/val_5M/HToCC_120.root,115,label_Hcc,label_Hcc,label_Hcc,label_Tbqq,0.8921844363212585,0.004674845840781927,-0.8875095904804766,0.8875095904804766,22,pair_direct_legacy_replay,A_src_correct,0.8921844363212585,0.004674845840781927,-0.8875095904804766,0.8875095904804766,label_Hcc,label_Tbqq
A_Hqql_correct,HToCC,/home/maxwelhelp/Рабочий стол/JetClassOfficial/val_5M/HToCC_120.root,116,label_Hcc,label_Hcc,label_Hcc,label_Tbqq,0.5150460004806519,0.0038879304192960262,-0.5111580700613558,0.5111580700613558,22,pair_direct_legacy_replay,A_src_correct,0.5150460004806519,0.0038879304192960262,-0.5111580700613558,0.5111580700613558,label_Hcc,label_Tbqq
A_Hqql_correct,HToCC,/home/maxwelhelp/Рабочий стол/JetClassOfficial/val_5M/HToCC_120.root,117,label_Hcc,label_Hcc,label_Hcc,label_Tbqq,0.46959155797958374,0.003610051702708006,-0.46598150627687573,0.46598150627687573,22,pair_direct_legacy_replay,A_src_correct,0.46959155797958374,0.003610051702708006,-0.46598150627687573,0.46598150627687573,label_Hcc,label_Tbqq
A_Hqql_correct,HToCC,/home/maxwelhelp/Рабочий стол/JetClassOfficial/val_5M/HToCC_120.root,118,label_Hcc,label_Hcc,label_Hcc,label_Tbqq,0.7726019620895386,0.00018324557458981872,-0.7724187165149488,0.7724187165149488,22,pair_direct_legacy_replay,A_src_correct,0.7726019620895386,0.00018324557458981872,-0.7724187165149488,0.7724187165149488,label_Hcc,label_Tbqq
A_Hqql_correct,HToCC,/home/maxwelhelp/Рабочий стол/JetClassOfficial/val_5M/HToCC_120.root,119,label_Hcc,label_Hcc,label_Hcc,label_Tbqq,0.997947633266449,6.862250756967114e-06,-0.997940771015692,0.997940771015692,22,pair_direct_legacy_replay,A_src_correct,0.997947633266449,6.862250756967114e-06,-0.997940771015692,0.997940771015692,label_Hcc,label_Tbqq
A_Hqql_correct,HToCC,/home/maxwelhelp/Рабочий стол/JetClassOfficial/val_5M/HToCC_120.root,120,label_Hcc,label_Hcc,label_Hcc,label_Tbqq,0.9120264053344727,0.0034069600515067577,-0.9086194452829659,0.9086194452829659,22,pair_direct_legacy_replay,A_src_correct,0.9120264053344727,0.0034069600515067577,-0.9086194452829659,0.9086194452829659,label_Hcc,label_Tbqq
A_Hqql_correct,HToCC,/home/maxwelhelp/Рабочий стол/JetClassOfficial/val_5M/HToCC_120.root,121,label_Hcc,label_Hcc,label_Hcc,label_Tbqq,0.691047191619873,0.00022620498202741146,-0.6908209866378456,0.6908209866378456,22,pair_direct_legacy_replay,A_src_correct,0.691047191619873,0.00022620498202741146,-0.6908209866378456,0.6908209866378456,label_Hcc,label_Tbqq
A_Hqql_correct,HToCC,/home/maxwelhelp/Рабочий стол/JetClassOfficial/val_5M/HToCC_120.root,122,label_Hcc,label_Hcc,label_Hcc,label_Tbqq,0.9889039397239685,5.86956139159156e-06,-0.9888980701625769,0.9888980701625769,22,pair_direct_legacy_replay,A_src_correct,0.9889039397239685,5.86956139159156e-06,-0.9888980701625769,0.9888980701625769,label_Hcc,label_Tbqq
A_Hqql_correct,HToCC,/home/maxwelhelp/Рабочий стол/JetClassOfficial/val_5M/HToCC_120.root,123,label_Hcc,label_Hcc,label_Hcc,label_Tbqq,0.9900279641151428,8.379366590816062e-06,-0.990019584748552,0.990019584748552,22,pair_direct_legacy_replay,A_src_correct,0.9900279641151428,8.379366590816062e-06,-0.990019584748552,0.990019584748552,label_Hcc,label_Tbqq
A_Hqql_correct,HToCC,/home/maxwelhelp/Рабочий стол/JetClassOfficial/val_5M/HToCC_120.root,125,label_Hcc,label_Hcc,label_Hcc,label_Tbqq,0.9182367920875549,0.06128013879060745,-0.8569566532969475,0.8569566532969475,22,pair_direct_legacy_replay,A_src_correct,0.9182367920875549,0.06128013879060745,-0.8569566532969475,0.8569566532969475,label_Hcc,label_Tbqq
A_Hqql_correct,HToCC,/home/maxwelhelp/Рабочий стол/JetClassOfficial/val_5M/HToCC_120.root,126,label_Hcc,label_Hcc,label_Hcc,label_Tbqq,0.5809822678565979,4.508825077209622e-05,-0.5809371796058258,0.5809371796058258,22,pair_direct_legacy_replay,A_src_correct,0.5809822678565979,4.508825077209622e-05,-0.5809371796058258,0.5809371796058258,label_Hcc,label_Tbqq
A_Hqql_correct,HToCC,/home/maxwelhelp/Рабочий стол/JetClassOfficial/val_5M/HToCC_120.root,127,label_Hcc,label_Hcc,label_Hcc,label_Tbqq,0.8016958832740784,0.002301383065059781,-0.7993945002090186,0.7993945002090186,22,pair_direct_legacy_replay,A_src_correct,0.8016958832740784,0.002301383065059781,-0.7993945002090186,0.7993945002090186,label_Hcc,label_Tbqq
A_Hqql_correct,HToCC,/home/maxwelhelp/Рабочий стол/JetClassOfficial/val_5M/HToCC_120.root,128,label_Hcc,label_Hcc,label_Hcc,label_Tbqq,0.8015212416648865,3.717770232469775e-05,-0.8014840639625618,0.8014840639625618,22,pair_direct_legacy_replay,A_src_correct,0.8015212416648865,3.717770232469775e-05,-0.8014840639625618,0.8014840639625618,label_Hcc,label_Tbqq
A_Hqql_correct,HToCC,/home/maxwelhelp/Рабочий стол/JetClassOfficial/val_5M/HToCC_120.root,131,label_Hcc,label_Hcc,label_Hcc,label_Tbqq,0.9128151535987854,0.0022485184017568827,-0.9105666351970285,0.9105666351970285,22,pair_direct_legacy_replay,A_src_correct,0.9128151535987854,0.0022485184017568827,-0.9105666351970285,0.9105666351970285,label_Hcc,label_Tbqq
A_Hqql_correct,HToCC,/home/maxwelhelp/Рабочий стол/JetClassOfficial/val_5M/HToCC_120.root,133,label_Hcc,label_Hcc,label_Hcc,label_Tbqq,0.894646167755127,0.00019997035269625485,-0.8944461974024307,0.8944461974024307,22,pair_direct_legacy_replay,A_src_correct,0.894646167755127,0.00019997035269625485,-0.8944461974024307,0.8944461974024307,label_Hcc,label_Tbqq
A_Hqql_correct,HToCC,/home/maxwelhelp/Рабочий стол/JetClassOfficial/val_5M/HToCC_120.root,134,label_Hcc,label_Hcc,label_Hcc,label_Tbqq,0.9269983172416687,0.0009193418663926423,-0.9260789753752761,0.9260789753752761,22,pair_direct_legacy_replay,A_src_correct,0.9269983172416687,0.0009193418663926423,-0.9260789753752761,0.9260789753752761,label_Hcc,label_Tbqq
A_Hqql_correct,HToCC,/home/maxwelhelp/Рабочий стол/JetClassOfficial/val_5M/HToCC_120.root,136,label_Hcc,label_Hcc,label_Hcc,label_Tbqq,0.9919501543045044,0.0013771213125437498,-0.9905730329919606,0.9905730329919606,22,pair_direct_legacy_replay,A_src_correct,0.9919501543045044,0.0013771213125437498,-0.9905730329919606,0.9905730329919606,label_Hcc,label_Tbqq
A_Hqql_correct,HToCC,/home/maxwelhelp/Рабочий стол/JetClassOfficial/val_5M/HToCC_120.root,137,label_Hcc,label_Hcc,label_Hcc,label_Tbqq,0.6736796498298645,0.0003574251604732126,-0.6733222246693913,0.6733222246693913,22,pair_direct_legacy_replay,A_src_correct,0.6736796498298645,0.0003574251604732126,-0.6733222246693913,0.6733222246693913,label_Hcc,label_Tbqq
A_Hqql_correct,HToCC,/home/maxwelhelp/Рабочий стол/JetClassOfficial/val_5M/HToCC_120.root,138,label_Hcc,label_Hcc,label_Hcc,label_Tbqq,0.6967764496803284,0.00018087228818330914,-0.6965955773921451,0.6965955773921451,22,pair_direct_legacy_replay,A_src_correct,0.6967764496803284,0.00018087228818330914,-0.6965955773921451,0.6965955773921451,label_Hcc,label_Tbqq
A_Hqql_correct,HToCC,/home/maxwelhelp/Рабочий стол/JetClassOfficial/val_5M/HToCC_120.root,139,label_Hcc,label_Hcc,label_Hcc,label_Tbqq,0.9818414449691772,3.916421519534197e-06,-0.9818375285476577,0.9818375285476577,22,pair_direct_legacy_replay,A_src_correct,0.9818414449691772,3.916421519534197e-06,-0.9818375285476577,0.9818375285476577,label_Hcc,label_Tbqq
A_Hqql_correct,HToCC,/home/maxwelhelp/Рабочий стол/JetClassOfficial/val_5M/HToCC_120.root,140,label_Hcc,label_Hcc,label_Hcc,label_Tbqq,0.9782077670097351,1.2206593964947388e-05,-0.9781955604157702,0.9781955604157702,22,pair_direct_legacy_replay,A_src_correct,0.9782077670097351,1.2206593964947388e-05,-0.9781955604157702,0.9781955604157702,label_Hcc,label_Tbqq
A_Hqql_correct,HToCC,/home/maxwelhelp/Рабочий стол/JetClassOfficial/val_5M/HToCC_120.root,141,label_Hcc,label_Hcc,label_Hcc,label_Tbqq,0.9668976664543152,0.00023284337657969445,-0.9666648230777355,0.9666648230777355,22,pair_direct_legacy_replay,A_src_correct,0.9668976664543152,0.00023284337657969445,-0.9666648230777355,0.9666648230777355,label_Hcc,label_Tbqq
A_Hqql_correct,HToCC,/home/maxwelhelp/Рабочий стол/JetClassOfficial/val_5M/HToCC_120.root,142,label_Hcc,label_Hcc,label_Hcc,label_Tbqq,0.9987194538116455,1.7048409063136205e-05,-0.9987024054025824,0.9987024054025824,22,pair_direct_legacy_replay,A_src_correct,0.9987194538116455,1.7048409063136205e-05,-0.9987024054025824,0.9987024054025824,label_Hcc,label_Tbqq
A_Hqql_correct,HToCC,/home/maxwelhelp/Рабочий стол/JetClassOfficial/val_5M/HToCC_120.root,143,label_Hcc,label_Hcc,label_Hcc,label_Tbqq,0.8804507255554199,0.00018124519556295127,-0.880269480359857,0.880269480359857,22,pair_direct_legacy_replay,A_src_correct,0.8804507255554199,0.00018124519556295127,-0.880269480359857,0.880269480359857,label_Hcc,label_Tbqq
A_Hqql_correct,HToCC,/home/maxwelhelp/Рабочий стол/JetClassOfficial/val_5M/HToCC_120.root,144,label_Hcc,label_Hcc,label_Hcc,label_Tbqq,0.9623712301254272,9.24862251849845e-06,-0.9623619815029087,0.9623619815029087,22,pair_direct_legacy_replay,A_src_correct,0.9623712301254272,9.24862251849845e-06,-0.9623619815029087,0.9623619815029087,label_Hcc,label_Tbqq
A_Hqql_correct,HToCC,/home/maxwelhelp/Рабочий стол/JetClassOfficial/val_5M/HToCC_120.root,145,label_Hcc,label_Hcc,label_Hcc,label_Tbqq,0.9945613741874695,7.0523706199310254e-06,-0.9945543218168496,0.9945543218168496,22,pair_direct_legacy_replay,A_src_correct,0.9945613741874695,7.0523706199310254e-06,-0.9945543218168496,0.9945543218168496,label_Hcc,label_Tbqq
A_Hqql_correct,HToCC,/home/maxwelhelp/Рабочий стол/JetClassOfficial/val_5M/HToCC_120.root,149,label_Hcc,label_Hcc,label_Hcc,label_Tbqq,0.9251403212547302,5.608161518466659e-05,-0.9250842396395456,0.9250842396395456,22,pair_direct_legacy_replay,A_src_correct,0.9251403212547302,5.608161518466659e-05,-0.9250842396395456,0.9250842396395456,label_Hcc,label_Tbqq
A_Hqql_correct,HToCC,/home/maxwelhelp/Рабочий стол/JetClassOfficial/val_5M/HToCC_120.root,150,label_Hcc,label_Hcc,label_Hcc,label_Tbqq,0.9155305027961731,0.0002957714023068547,-0.9152347313938662,0.9152347313938662,22,pair_direct_legacy_replay,A_src_correct,0.9155305027961731,0.0002957714023068547,-0.9152347313938662,0.9152347313938662,label_Hcc,label_Tbqq
A_Hqql_correct,HToCC,/home/maxwelhelp/Рабочий стол/JetClassOfficial/val_5M/HToCC_120.root,151,label_Hcc,label_Hcc,label_Hcc,label_Tbqq,0.9873850345611572,7.35622734282515e-06,-0.9873776783338144,0.9873776783338144,22,pair_direct_legacy_replay,A_src_correct,0.9873850345611572,7.35622734282515e-06,-0.9873776783338144,0.9873776783338144,label_Hcc,label_Tbqq
A_Hqql_correct,HToCC,/home/maxwelhelp/Рабочий стол/JetClassOfficial/val_5M/HToCC_120.root,152,label_Hcc,label_Hcc,label_Hcc,label_Tbqq,0.8139756917953491,0.00013729218335356563,-0.8138383996119956,0.8138383996119956,22,pair_direct_legacy_replay,A_src_correct,0.8139756917953491,0.00013729218335356563,-0.8138383996119956,0.8138383996119956,label_Hcc,label_Tbqq
A_Hqql_correct,HToCC,/home/maxwelhelp/Рабочий стол/JetClassOfficial/val_5M/HToCC_120.root,153,label_Hcc,label_Hcc,label_Hcc,label_Tbqq,0.9846891164779663,0.0071495347656309605,-0.9775395817123353,0.9775395817123353,22,pair_direct_legacy_replay,A_src_correct,0.9846891164779663,0.0071495347656309605,-0.9775395817123353,0.9775395817123353,label_Hcc,label_Tbqq
A_Hqql_correct,HToCC,/home/maxwelhelp/Рабочий стол/JetClassOfficial/val_5M/HToCC_120.root,154,label_Hcc,label_Hcc,label_Hcc,label_Tbqq,0.925327479839325,0.0001311710657319054,-0.925196308773593,0.925196308773593,22,pair_direct_legacy_replay,A_src_correct,0.925327479839325,0.0001311710657319054,-0.925196308773593,0.925196308773593,label_Hcc,label_Tbqq
A_Hqql_correct,HToCC,/home/maxwelhelp/Рабочий стол/JetClassOfficial/val_5M/HToCC_120.root,156,label_Hcc,label_Hcc,label_Hcc,label_Tbqq,0.7469116449356079,0.003040898824110627,-0.7438707461114973,0.7438707461114973,22,pair_direct_legacy_replay,A_src_correct,0.7469116449356079,0.003040898824110627,-0.7438707461114973,0.7438707461114973,label_Hcc,label_Tbqq
A_Hqql_correct,HToCC,/home/maxwelhelp/Рабочий стол/JetClassOfficial/val_5M/HToCC_120.root,157,label_Hcc,label_Hcc,label_Hcc,label_Tbqq,0.9935198426246643,1.6398009393014945e-05,-0.9935034446152713,0.9935034446152713,22,pair_direct_legacy_replay,A_src_correct,0.9935198426246643,1.6398009393014945e-05,-0.9935034446152713,0.9935034446152713,label_Hcc,label_Tbqq
A_Hqql_correct,HToCC,/home/maxwelhelp/Рабочий стол/JetClassOfficial/val_5M/HToCC_120.root,159,label_Hcc,label_Hcc,label_Hcc,label_Tbqq,0.9980772733688354,2.1844107322976924e-06,-0.9980750889581032,0.9980750889581032,22,pair_direct_legacy_replay,A_src_correct,0.9980772733688354,2.1844107322976924e-06,-0.9980750889581032,0.9980750889581032,label_Hcc,label_Tbqq
A_Hqql_correct,HToCC,/home/maxwelhelp/Рабочий стол/JetClassOfficial/val_5M/HToCC_120.root,160,label_Hcc,label_Hcc,label_Hcc,label_Tbqq,0.7286006808280945,0.028338328003883362,-0.7002623528242111,0.7002623528242111,22,pair_direct_legacy_replay,A_src_correct,0.7286006808280945,0.028338328003883362,-0.7002623528242111,0.7002623528242111,label_Hcc,label_Tbqq
A_Hqql_correct,HToCC,/home/maxwelhelp/Рабочий стол/JetClassOfficial/val_5M/HToCC_120.root,161,label_Hcc,label_Hcc,label_Hcc,label_Tbqq,0.9597615599632263,8.228289516409859e-05,-0.9596792770680622,0.9596792770680622,22,pair_direct_legacy_replay,A_src_correct,0.9597615599632263,8.228289516409859e-05,-0.9596792770680622,0.9596792770680622,label_Hcc,label_Tbqq
A_Hqql_correct,HToCC,/home/maxwelhelp/Рабочий стол/JetClassOfficial/val_5M/HToCC_120.root,163,label_Hcc,label_Hcc,label_Hcc,label_Tbqq,0.8244151473045349,0.0009414980886504054,-0.8234736492158845,0.8234736492158845,22,pair_direct_legacy_replay,A_src_correct,0.8244151473045349,0.0009414980886504054,-0.8234736492158845,0.8234736492158845,label_Hcc,label_Tbqq
A_Hqql_correct,HToCC,/home/maxwelhelp/Рабочий стол/JetClassOfficial/val_5M/HToCC_120.root,164,label_Hcc,label_Hcc,label_Hcc,label_Tbqq,0.7997047901153564,0.0001578491210239008,-0.7995469409943325,0.7995469409943325,22,pair_direct_legacy_replay,A_src_correct,0.7997047901153564,0.0001578491210239008,-0.7995469409943325,0.7995469409943325,label_Hcc,label_Tbqq
A_Hqql_correct,HToCC,/home/maxwelhelp/Рабочий стол/JetClassOfficial/val_5M/HToCC_120.root,166,label_Hcc,label_Hcc,label_Hcc,label_Tbqq,0.6285364031791687,0.0008299576002173126,-0.6277064455789514,0.6277064455789514,22,pair_direct_legacy_replay,A_src_correct,0.6285364031791687,0.0008299576002173126,-0.6277064455789514,0.6277064455789514,label_Hcc,label_Tbqq
A_Hqql_correct,HToCC,/home/maxwelhelp/Рабочий стол/JetClassOfficial/val_5M/HToCC_120.root,167,label_Hcc,label_Hcc,label_Hcc,label_Tbqq,0.4946424663066864,0.0021996365394443274,-0.4924428297672421,0.4924428297672421,22,pair_direct_legacy_replay,A_src_correct,0.4946424663066864,0.0021996365394443274,-0.4924428297672421,0.4924428297672421,label_Hcc,label_Tbqq
A_Hqql_correct,HToCC,/home/maxwelhelp/Рабочий стол/JetClassOfficial/val_5M/HToCC_120.root,168,label_Hcc,label_Hcc,label_Hcc,label_Tbqq,0.8292862772941589,0.00040454184636473656,-0.8288817354477942,0.8288817354477942,22,pair_direct_legacy_replay,A_src_correct,0.8292862772941589,0.00040454184636473656,-0.8288817354477942,0.8288817354477942,label_Hcc,label_Tbqq
A_Hqql_correct,HToCC,/home/maxwelhelp/Рабочий стол/JetClassOfficial/val_5M/HToCC_120.root,171,label_Hcc,label_Hcc,label_Hcc,label_Tbqq,0.9896843433380127,6.470076186815277e-05,-0.9896196425761445,0.9896196425761445,22,pair_direct_legacy_replay,A_src_correct,0.9896843433380127,6.470076186815277e-05,-0.9896196425761445,0.9896196425761445,label_Hcc,label_Tbqq
A_Hqql_correct,HToCC,/home/maxwelhelp/Рабочий стол/JetClassOfficial/val_5M/HToCC_120.root,172,label_Hcc,label_Hcc,label_Hcc,label_Tbqq,0.9975929856300354,2.8346205453999573e-06,-0.99759015100949,0.99759015100949,22,pair_direct_legacy_replay,A_src_correct,0.9975929856300354,2.8346205453999573e-06,-0.99759015100949,0.99759015100949,label_Hcc,label_Tbqq
A_Hqql_correct,HToCC,/home/maxwelhelp/Рабочий стол/JetClassOfficial/val_5M/HToCC_120.root,173,label_Hcc,label_Hcc,label_Hcc,label_Tbqq,0.9495312571525574,7.705636380705982e-05,-0.9494542007887503,0.9494542007887503,22,pair_direct_legacy_replay,A_src_correct,0.9495312571525574,7.705636380705982e-05,-0.9494542007887503,0.9494542007887503,label_Hcc,label_Tbqq
A_Hqql_correct,HToCC,/home/maxwelhelp/Рабочий стол/JetClassOfficial/val_5M/HToCC_120.root,174,label_Hcc,label_Hcc,label_Hcc,label_Tbqq,0.9786513447761536,0.00010112481686519459,-0.9785502199592884,0.9785502199592884,22,pair_direct_legacy_replay,A_src_correct,0.9786513447761536,0.00010112481686519459,-0.9785502199592884,0.9785502199592884,label_Hcc,label_Tbqq
B_Hqql_to_Tbl,HToCC,/home/maxwelhelp/Рабочий стол/JetClassOfficial/val_5M/HToCC_120.root,177,label_Hcc,label_Tbqq,label_Hcc,label_Tbqq,0.29341405630111694,0.5303862690925598,0.23697221279144287,-0.23697221279144287,22,pair_direct_legacy_replay,B_src_to_tgt,0.29341405630111694,0.5303862690925598,0.23697221279144287,-0.23697221279144287,label_Hcc,label_Tbqq
A_Hqql_correct,HToCC,/home/maxwelhelp/Рабочий стол/JetClassOfficial/val_5M/HToCC_120.root,179,label_Hcc,label_Hcc,label_Hcc,label_Tbqq,0.7542310357093811,0.0005819672369398177,-0.7536490684724413,0.7536490684724413,22,pair_direct_legacy_replay,A_src_correct,0.7542310357093811,0.0005819672369398177,-0.7536490684724413,0.7536490684724413,label_Hcc,label_Tbqq
A_Hqql_correct,HToCC,/home/maxwelhelp/Рабочий стол/JetClassOfficial/val_5M/HToCC_120.root,180,label_Hcc,label_Hcc,label_Hcc,label_Tbqq,0.9971778392791748,5.448277534014778e-06,-0.9971723910016408,0.9971723910016408,22,pair_direct_legacy_replay,A_src_correct,0.9971778392791748,5.448277534014778e-06,-0.9971723910016408,0.9971723910016408,label_Hcc,label_Tbqq
A_Hqql_correct,HToCC,/home/maxwelhelp/Рабочий стол/JetClassOfficial/val_5M/HToCC_120.root,181,label_Hcc,label_Hcc,label_Hcc,label_Tbqq,0.9979932308197021,1.3682653161595226e-06,-0.997991862554386,0.997991862554386,22,pair_direct_legacy_replay,A_src_correct,0.9979932308197021,1.3682653161595226e-06,-0.997991862554386,0.997991862554386,label_Hcc,label_Tbqq
A_Hqql_correct,HToCC,/home/maxwelhelp/Рабочий стол/JetClassOfficial/val_5M/HToCC_120.root,182,label_Hcc,label_Hcc,label_Hcc,label_Tbqq,0.9486733675003052,9.77285162662156e-06,-0.9486635946486786,0.9486635946486786,22,pair_direct_legacy_replay,A_src_correct,0.9486733675003052,9.77285162662156e-06,-0.9486635946486786,0.9486635946486786,label_Hcc,label_Tbqq
A_Hqql_correct,HToCC,/home/maxwelhelp/Рабочий стол/JetClassOfficial/val_5M/HToCC_120.root,183,label_Hcc,label_Hcc,label_Hcc,label_Tbqq,0.8480141758918762,0.0009322352125309408,-0.8470819406793453,0.8470819406793453,22,pair_direct_legacy_replay,A_src_correct,0.8480141758918762,0.0009322352125309408,-0.8470819406793453,0.8470819406793453,label_Hcc,label_Tbqq
A_Hqql_correct,HToCC,/home/maxwelhelp/Рабочий стол/JetClassOfficial/val_5M/HToCC_120.root,184,label_Hcc,label_Hcc,label_Hcc,label_Tbqq,0.3832782208919525,0.11414337158203125,-0.26913484930992126,0.26913484930992126,22,pair_direct_legacy_replay,A_src_correct,0.3832782208919525,0.11414337158203125,-0.26913484930992126,0.26913484930992126,label_Hcc,label_Tbqq
A_Hqql_correct,HToCC,/home/maxwelhelp/Рабочий стол/JetClassOfficial/val_5M/HToCC_120.root,185,label_Hcc,label_Hcc,label_Hcc,label_Tbqq,0.9249774813652039,0.00014414286124520004,-0.9248333385039587,0.9248333385039587,22,pair_direct_legacy_replay,A_src_correct,0.9249774813652039,0.00014414286124520004,-0.9248333385039587,0.9248333385039587,label_Hcc,label_Tbqq
A_Hqql_correct,HToCC,/home/maxwelhelp/Рабочий стол/JetClassOfficial/val_5M/HToCC_120.root,186,label_Hcc,label_Hcc,label_Hcc,label_Tbqq,0.982790470123291,0.000393588823499158,-0.9823968812997919,0.9823968812997919,22,pair_direct_legacy_replay,A_src_correct,0.982790470123291,0.000393588823499158,-0.9823968812997919,0.9823968812997919,label_Hcc,label_Tbqq
A_Hqql_correct,HToCC,/home/maxwelhelp/Рабочий стол/JetClassOfficial/val_5M/HToCC_120.root,187,label_Hcc,label_Hcc,label_Hcc,label_Tbqq,0.9886155724525452,1.5475685358978808e-05,-0.9886000967671862,0.9886000967671862,22,pair_direct_legacy_replay,A_src_correct,0.9886155724525452,1.5475685358978808e-05,-0.9886000967671862,0.9886000967671862,label_Hcc,label_Tbqq
A_Hqql_correct,HToCC,/home/maxwelhelp/Рабочий стол/JetClassOfficial/val_5M/HToCC_120.root,188,label_Hcc,label_Hcc,label_Hcc,label_Tbqq,0.8746325969696045,0.0023161114659160376,-0.8723164855036885,0.8723164855036885,22,pair_direct_legacy_replay,A_src_correct,0.8746325969696045,0.0023161114659160376,-0.8723164855036885,0.8723164855036885,label_Hcc,label_Tbqq
A_Hqql_correct,HToCC,/home/maxwelhelp/Рабочий стол/JetClassOfficial/val_5M/HToCC_120.root,189,label_Hcc,label_Hcc,label_Hcc,label_Tbqq,0.9693042635917664,0.0007891058339737356,-0.9685151577577926,0.9685151577577926,22,pair_direct_legacy_replay,A_src_correct,0.9693042635917664,0.0007891058339737356,-0.9685151577577926,0.9685151577577926,label_Hcc,label_Tbqq
A_Hqql_correct,HToCC,/home/maxwelhelp/Рабочий стол/JetClassOfficial/val_5M/HToCC_120.root,190,label_Hcc,label_Hcc,label_Hcc,label_Tbqq,0.8957973122596741,0.0021764282137155533,-0.8936208840459585,0.8936208840459585,22,pair_direct_legacy_replay,A_src_correct,0.8957973122596741,0.0021764282137155533,-0.8936208840459585,0.8936208840459585,label_Hcc,label_Tbqq
A_Hqql_correct,HToCC,/home/maxwelhelp/Рабочий стол/JetClassOfficial/val_5M/HToCC_120.root,191,label_Hcc,label_Hcc,label_Hcc,label_Tbqq,0.6654465198516846,2.34711969824275e-05,-0.6654230486547021,0.6654230486547021,22,pair_direct_legacy_replay,A_src_correct,0.6654465198516846,2.34711969824275e-05,-0.6654230486547021,0.6654230486547021,label_Hcc,label_Tbqq
A_Hqql_correct,HToCC,/home/maxwelhelp/Рабочий стол/JetClassOfficial/val_5M/HToCC_120.root,192,label_Hcc,label_Hcc,label_Hcc,label_Tbqq,0.9784115552902222,0.00023344275541603565,-0.9781781125348061,0.9781781125348061,22,pair_direct_legacy_replay,A_src_correct,0.9784115552902222,0.00023344275541603565,-0.9781781125348061,0.9781781125348061,label_Hcc,label_Tbqq
A_Hqql_correct,HToCC,/home/maxwelhelp/Рабочий стол/JetClassOfficial/val_5M/HToCC_120.root,194,label_Hcc,label_Hcc,label_Hcc,label_Tbqq,0.9867781400680542,1.6044345102272928e-05,-0.9867620957229519,0.9867620957229519,22,pair_direct_legacy_replay,A_src_correct,0.9867781400680542,1.6044345102272928e-05,-0.9867620957229519,0.9867620957229519,label_Hcc,label_Tbqq
A_Hqql_correct,HToCC,/home/maxwelhelp/Рабочий стол/JetClassOfficial/val_5M/HToCC_120.root,195,label_Hcc,label_Hcc,label_Hcc,label_Tbqq,0.6425827741622925,0.0030627837404608727,-0.6395199904218316,0.6395199904218316,22,pair_direct_legacy_replay,A_src_correct,0.6425827741622925,0.0030627837404608727,-0.6395199904218316,0.6395199904218316,label_Hcc,label_Tbqq
A_Hqql_correct,HToCC,/home/maxwelhelp/Рабочий стол/JetClassOfficial/val_5M/HToCC_120.root,196,label_Hcc,label_Hcc,label_Hcc,label_Tbqq,0.98014235496521,0.00013776266132481396,-0.9800045923038851,0.9800045923038851,22,pair_direct_legacy_replay,A_src_correct,0.98014235496521,0.00013776266132481396,-0.9800045923038851,0.9800045923038851,label_Hcc,label_Tbqq
A_Hqql_correct,HToCC,/home/maxwelhelp/Рабочий стол/JetClassOfficial/val_5M/HToCC_120.root,200,label_Hcc,label_Hcc,label_Hcc,label_Tbqq,0.6491318345069885,2.4017785108298995e-05,-0.6491078167218802,0.6491078167218802,22,pair_direct_legacy_replay,A_src_correct,0.6491318345069885,2.4017785108298995e-05,-0.6491078167218802,0.6491078167218802,label_Hcc,label_Tbqq
A_Hqql_correct,HToCC,/home/maxwelhelp/Рабочий стол/JetClassOfficial/val_5M/HToCC_120.root,201,label_Hcc,label_Hcc,label_Hcc,label_Tbqq,0.9676275253295898,1.0129865586350206e-05,-0.9676173954640035,0.9676173954640035,22,pair_direct_legacy_replay,A_src_correct,0.9676275253295898,1.0129865586350206e-05,-0.9676173954640035,0.9676173954640035,label_Hcc,label_Tbqq
A_Hqql_correct,HToCC,/home/maxwelhelp/Рабочий стол/JetClassOfficial/val_5M/HToCC_120.root,202,label_Hcc,label_Hcc,label_Hcc,label_Tbqq,0.9208722114562988,0.0009495299309492111,-0.9199226815253496,0.9199226815253496,22,pair_direct_legacy_replay,A_src_correct,0.9208722114562988,0.0009495299309492111,-0.9199226815253496,0.9199226815253496,label_Hcc,label_Tbqq
A_Hqql_correct,HToCC,/home/maxwelhelp/Рабочий стол/JetClassOfficial/val_5M/HToCC_120.root,205,label_Hcc,label_Hcc,label_Hcc,label_Tbqq,0.9928215146064758,6.781969568692148e-05,-0.9927536949107889,0.9927536949107889,22,pair_direct_legacy_replay,A_src_correct,0.9928215146064758,6.781969568692148e-05,-0.9927536949107889,0.9927536949107889,label_Hcc,label_Tbqq
A_Hqql_correct,HToCC,/home/maxwelhelp/Рабочий стол/JetClassOfficial/val_5M/HToCC_120.root,206,label_Hcc,label_Hcc,label_Hcc,label_Tbqq,0.6752704977989197,0.12542562186717987,-0.5498448759317398,0.5498448759317398,22,pair_direct_legacy_replay,A_src_correct,0.6752704977989197,0.12542562186717987,-0.5498448759317398,0.5498448759317398,label_Hcc,label_Tbqq
A_Hqql_correct,HToCC,/home/maxwelhelp/Рабочий стол/JetClassOfficial/val_5M/HToCC_120.root,208,label_Hcc,label_Hcc,label_Hcc,label_Tbqq,0.5251149535179138,0.0001621996780158952,-0.5249527538398979,0.5249527538398979,22,pair_direct_legacy_replay,A_src_correct,0.5251149535179138,0.0001621996780158952,-0.5249527538398979,0.5249527538398979,label_Hcc,label_Tbqq
A_Hqql_correct,HToCC,/home/maxwelhelp/Рабочий стол/JetClassOfficial/val_5M/HToCC_120.root,209,label_Hcc,label_Hcc,label_Hcc,label_Tbqq,0.9911348819732666,1.2510770829976536e-05,-0.9911223712024366,0.9911223712024366,22,pair_direct_legacy_replay,A_src_correct,0.9911348819732666,1.2510770829976536e-05,-0.9911223712024366,0.9911223712024366,label_Hcc,label_Tbqq
A_Hqql_correct,HToCC,/home/maxwelhelp/Рабочий стол/JetClassOfficial/val_5M/HToCC_120.root,210,label_Hcc,label_Hcc,label_Hcc,label_Tbqq,0.8768077492713928,0.06336969882249832,-0.8134380504488945,0.8134380504488945,22,pair_direct_legacy_replay,A_src_correct,0.8768077492713928,0.06336969882249832,-0.8134380504488945,0.8134380504488945,label_Hcc,label_Tbqq
A_Hqql_correct,HToCC,/home/maxwelhelp/Рабочий стол/JetClassOfficial/val_5M/HToCC_120.root,212,label_Hcc,label_Hcc,label_Hcc,label_Tbqq,0.9782227277755737,5.57920884602936e-06,-0.9782171485667277,0.9782171485667277,22,pair_direct_legacy_replay,A_src_correct,0.9782227277755737,5.57920884602936e-06,-0.9782171485667277,0.9782171485667277,label_Hcc,label_Tbqq
A_Hqql_correct,HToCC,/home/maxwelhelp/Рабочий стол/JetClassOfficial/val_5M/HToCC_120.root,213,label_Hcc,label_Hcc,label_Hcc,label_Tbqq,0.9117516875267029,0.00010651823686202988,-0.9116451692898409,0.9116451692898409,22,pair_direct_legacy_replay,A_src_correct,0.9117516875267029,0.00010651823686202988,-0.9116451692898409,0.9116451692898409,label_Hcc,label_Tbqq
A_Hqql_correct,HToCC,/home/maxwelhelp/Рабочий стол/JetClassOfficial/val_5M/HToCC_120.root,215,label_Hcc,label_Hcc,label_Hcc,label_Tbqq,0.9231339693069458,0.0022717094980180264,-0.9208622598089278,0.9208622598089278,22,pair_direct_legacy_replay,A_src_correct,0.9231339693069458,0.0022717094980180264,-0.9208622598089278,0.9208622598089278,label_Hcc,label_Tbqq
A_Hqql_correct,HToCC,/home/maxwelhelp/Рабочий стол/JetClassOfficial/val_5M/HToCC_120.root,216,label_Hcc,label_Hcc,label_Hcc,label_Tbqq,0.6003713607788086,2.352792398596648e-05,-0.6003478328548226,0.6003478328548226,22,pair_direct_legacy_replay,A_src_correct,0.6003713607788086,2.352792398596648e-05,-0.6003478328548226,0.6003478328548226,label_Hcc,label_Tbqq
A_Hqql_correct,HToCC,/home/maxwelhelp/Рабочий стол/JetClassOfficial/val_5M/HToCC_120.root,217,label_Hcc,label_Hcc,label_Hcc,label_Tbqq,0.7565321922302246,0.0005340392817743123,-0.7559981529484503,0.7559981529484503,22,pair_direct_legacy_replay,A_src_correct,0.7565321922302246,0.0005340392817743123,-0.7559981529484503,0.7559981529484503,label_Hcc,label_Tbqq
A_Hqql_correct,HToCC,/home/maxwelhelp/Рабочий стол/JetClassOfficial/val_5M/HToCC_120.root,218,label_Hcc,label_Hcc,label_Hcc,label_Tbqq,0.8629823923110962,0.006521709728986025,-0.8564606825821102,0.8564606825821102,22,pair_direct_legacy_replay,A_src_correct,0.8629823923110962,0.006521709728986025,-0.8564606825821102,0.8564606825821102,label_Hcc,label_Tbqq
A_Hqql_correct,HToCC,/home/maxwelhelp/Рабочий стол/JetClassOfficial/val_5M/HToCC_120.root,219,label_Hcc,label_Hcc,label_Hcc,label_Tbqq,0.9711410999298096,1.2627658179553691e-05,-0.97112847227163,0.97112847227163,22,pair_direct_legacy_replay,A_src_correct,0.9711410999298096,1.2627658179553691e-05,-0.97112847227163,0.97112847227163,label_Hcc,label_Tbqq
A_Hqql_correct,HToCC,/home/maxwelhelp/Рабочий стол/JetClassOfficial/val_5M/HToCC_120.root,220,label_Hcc,label_Hcc,label_Hcc,label_Tbqq,0.4824037253856659,5.561361467698589e-05,-0.4823481117709889,0.4823481117709889,22,pair_direct_legacy_replay,A_src_correct,0.4824037253856659,5.561361467698589e-05,-0.4823481117709889,0.4823481117709889,label_Hcc,label_Tbqq
A_Hqql_correct,HToCC,/home/maxwelhelp/Рабочий стол/JetClassOfficial/val_5M/HToCC_120.root,222,label_Hcc,label_Hcc,label_Hcc,label_Tbqq,0.8400446176528931,3.485746492515318e-05,-0.8400097601879679,0.8400097601879679,22,pair_direct_legacy_replay,A_src_correct,0.8400446176528931,3.485746492515318e-05,-0.8400097601879679,0.8400097601879679,label_Hcc,label_Tbqq
A_Hqql_correct,HToCC,/home/maxwelhelp/Рабочий стол/JetClassOfficial/val_5M/HToCC_120.root,224,label_Hcc,label_Hcc,label_Hcc,label_Tbqq,0.9986447691917419,2.6532745778240496e-06,-0.9986421159171641,0.9986421159171641,22,pair_direct_legacy_replay,A_src_correct,0.9986447691917419,2.6532745778240496e-06,-0.9986421159171641,0.9986421159171641,label_Hcc,label_Tbqq
A_Hqql_correct,HToCC,/home/maxwelhelp/Рабочий стол/JetClassOfficial/val_5M/HToCC_120.root,226,label_Hcc,label_Hcc,label_Hcc,label_Tbqq,0.9801558256149292,3.0786234219704056e-06,-0.9801527469915072,0.9801527469915072,22,pair_direct_legacy_replay,A_src_correct,0.9801558256149292,3.0786234219704056e-06,-0.9801527469915072,0.9801527469915072,label_Hcc,label_Tbqq
A_Hqql_correct,HToCC,/home/maxwelhelp/Рабочий стол/JetClassOfficial/val_5M/HToCC_120.root,227,label_Hcc,label_Hcc,label_Hcc,label_Tbqq,0.7313629388809204,9.671175939729437e-05,-0.7312662271215231,0.7312662271215231,22,pair_direct_legacy_replay,A_src_correct,0.7313629388809204,9.671175939729437e-05,-0.7312662271215231,0.7312662271215231,label_Hcc,label_Tbqq
A_Hqql_correct,HToCC,/home/maxwelhelp/Рабочий стол/JetClassOfficial/val_5M/HToCC_120.root,229,label_Hcc,label_Hcc,label_Hcc,label_Tbqq,0.9409511685371399,0.00011519672989379615,-0.9408359718072461,0.9408359718072461,22,pair_direct_legacy_replay,A_src_correct,0.9409511685371399,0.00011519672989379615,-0.9408359718072461,0.9408359718072461,label_Hcc,label_Tbqq
A_Hqql_correct,HToCC,/home/maxwelhelp/Рабочий стол/JetClassOfficial/val_5M/HToCC_120.root,233,label_Hcc,label_Hcc,label_Hcc,label_Tbqq,0.9684066772460938,0.0016725377645343542,-0.9667341394815594,0.9667341394815594,22,pair_direct_legacy_replay,A_src_correct,0.9684066772460938,0.0016725377645343542,-0.9667341394815594,0.9667341394815594,label_Hcc,label_Tbqq
A_Hqql_correct,HToCC,/home/maxwelhelp/Рабочий стол/JetClassOfficial/val_5M/HToCC_120.root,236,label_Hcc,label_Hcc,label_Hcc,label_Tbqq,0.858508288860321,0.005483642686158419,-0.8530246461741626,0.8530246461741626,22,pair_direct_legacy_replay,A_src_correct,0.858508288860321,0.005483642686158419,-0.8530246461741626,0.8530246461741626,label_Hcc,label_Tbqq
A_Hqql_correct,HToCC,/home/maxwelhelp/Рабочий стол/JetClassOfficial/val_5M/HToCC_120.root,237,label_Hcc,label_Hcc,label_Hcc,label_Tbqq,0.6300267577171326,0.0002330084244022146,-0.6297937492927304,0.6297937492927304,22,pair_direct_legacy_replay,A_src_correct,0.6300267577171326,0.0002330084244022146,-0.6297937492927304,0.6297937492927304,label_Hcc,label_Tbqq
A_Hqql_correct,HToCC,/home/maxwelhelp/Рабочий стол/JetClassOfficial/val_5M/HToCC_120.root,238,label_Hcc,label_Hcc,label_Hcc,label_Tbqq,0.9245201945304871,0.0008248657104559243,-0.9236953288200311,0.9236953288200311,22,pair_direct_legacy_replay,A_src_correct,0.9245201945304871,0.0008248657104559243,-0.9236953288200311,0.9236953288200311,label_Hcc,label_Tbqq
A_Hqql_correct,HToCC,/home/maxwelhelp/Рабочий стол/JetClassOfficial/val_5M/HToCC_120.root,239,label_Hcc,label_Hcc,label_Hcc,label_Tbqq,0.9810078740119934,0.0003101069014519453,-0.9806977671105415,0.9806977671105415,22,pair_direct_legacy_replay,A_src_correct,0.9810078740119934,0.0003101069014519453,-0.9806977671105415,0.9806977671105415,label_Hcc,label_Tbqq
A_Hqql_correct,HToCC,/home/maxwelhelp/Рабочий стол/JetClassOfficial/val_5M/HToCC_120.root,240,label_Hcc,label_Hcc,label_Hcc,label_Tbqq,0.9913349747657776,8.961209823610261e-05,-0.9912453626675415,0.9912453626675415,22,pair_direct_legacy_replay,A_src_correct,0.9913349747657776,8.961209823610261e-05,-0.9912453626675415,0.9912453626675415,label_Hcc,label_Tbqq
A_Hqql_correct,HToCC,/home/maxwelhelp/Рабочий стол/JetClassOfficial/val_5M/HToCC_120.root,242,label_Hcc,label_Hcc,label_Hcc,label_Tbqq,0.909844696521759,0.00016577490896452218,-0.9096789216127945,0.9096789216127945,22,pair_direct_legacy_replay,A_src_correct,0.909844696521759,0.00016577490896452218,-0.9096789216127945,0.9096789216127945,label_Hcc,label_Tbqq
A_Hqql_correct,HToCC,/home/maxwelhelp/Рабочий стол/JetClassOfficial/val_5M/HToCC_120.root,243,label_Hcc,label_Hcc,label_Hcc,label_Tbqq,0.7964430451393127,0.0002935528173111379,-0.7961494923220016,0.7961494923220016,22,pair_direct_legacy_replay,A_src_correct,0.7964430451393127,0.0002935528173111379,-0.7961494923220016,0.7961494923220016,label_Hcc,label_Tbqq
A_Hqql_correct,HToCC,/home/maxwelhelp/Рабочий стол/JetClassOfficial/val_5M/HToCC_120.root,244,label_Hcc,label_Hcc,label_Hcc,label_Tbqq,0.45101192593574524,0.0032986635342240334,-0.4477132624015212,0.4477132624015212,22,pair_direct_legacy_replay,A_src_correct,0.45101192593574524,0.0032986635342240334,-0.4477132624015212,0.4477132624015212,label_Hcc,label_Tbqq
A_Hqql_correct,HToCC,/home/maxwelhelp/Рабочий стол/JetClassOfficial/val_5M/HToCC_120.root,246,label_Hcc,label_Hcc,label_Hcc,label_Tbqq,0.7226051688194275,7.612284389324486e-05,-0.7225290459755342,0.7225290459755342,22,pair_direct_legacy_replay,A_src_correct,0.7226051688194275,7.612284389324486e-05,-0.7225290459755342,0.7225290459755342,label_Hcc,label_Tbqq
A_Hqql_correct,HToCC,/home/maxwelhelp/Рабочий стол/JetClassOfficial/val_5M/HToCC_120.root,247,label_Hcc,label_Hcc,label_Hcc,label_Tbqq,0.6109002232551575,3.04269833577564e-05,-0.6108697962717997,0.6108697962717997,22,pair_direct_legacy_replay,A_src_correct,0.6109002232551575,3.04269833577564e-05,-0.6108697962717997,0.6108697962717997,label_Hcc,label_Tbqq
A_Hqql_correct,HToCC,/home/maxwelhelp/Рабочий стол/JetClassOfficial/val_5M/HToCC_120.root,248,label_Hcc,label_Hcc,label_Hcc,label_Tbqq,0.5889195799827576,0.01674882136285305,-0.5721707586199045,0.5721707586199045,22,pair_direct_legacy_replay,A_src_correct,0.5889195799827576,0.01674882136285305,-0.5721707586199045,0.5721707586199045,label_Hcc,label_Tbqq
A_Hqql_correct,HToCC,/home/maxwelhelp/Рабочий стол/JetClassOfficial/val_5M/HToCC_120.root,249,label_Hcc,label_Hcc,label_Hcc,label_Tbqq,0.9106939435005188,0.0006200607167556882,-0.9100738827837631,0.9100738827837631,22,pair_direct_legacy_replay,A_src_correct,0.9106939435005188,0.0006200607167556882,-0.9100738827837631,0.9100738827837631,label_Hcc,label_Tbqq
A_Hqql_correct,HToCC,/home/maxwelhelp/Рабочий стол/JetClassOfficial/val_5M/HToCC_120.root,251,label_Hcc,label_Hcc,label_Hcc,label_Tbqq,0.7586243748664856,2.7337651772540994e-05,-0.758597037214713,0.758597037214713,22,pair_direct_legacy_replay,A_src_correct,0.7586243748664856,2.7337651772540994e-05,-0.758597037214713,0.758597037214713,label_Hcc,label_Tbqq
A_Hqql_correct,HToCC,/home/maxwelhelp/Рабочий стол/JetClassOfficial/val_5M/HToCC_120.root,252,label_Hcc,label_Hcc,label_Hcc,label_Tbqq,0.9669176340103149,5.880556636839174e-05,-0.9668588284439465,0.9668588284439465,22,pair_direct_legacy_replay,A_src_correct,0.9669176340103149,5.880556636839174e-05,-0.9668588284439465,0.9668588284439465,label_Hcc,label_Tbqq
A_Hqql_correct,HToCC,/home/maxwelhelp/Рабочий стол/JetClassOfficial/val_5M/HToCC_120.root,253,label_Hcc,label_Hcc,label_Hcc,label_Tbqq,0.6336484551429749,0.0002127083280356601,-0.6334357468149392,0.6334357468149392,22,pair_direct_legacy_replay,A_src_correct,0.6336484551429749,0.0002127083280356601,-0.6334357468149392,0.6334357468149392,label_Hcc,label_Tbqq
A_Hqql_correct,HToCC,/home/maxwelhelp/Рабочий стол/JetClassOfficial/val_5M/HToCC_120.root,254,label_Hcc,label_Hcc,label_Hcc,label_Tbqq,0.964762806892395,0.012192371301352978,-0.952570435591042,0.952570435591042,22,pair_direct_legacy_replay,A_src_correct,0.964762806892395,0.012192371301352978,-0.952570435591042,0.952570435591042,label_Hcc,label_Tbqq
A_Hqql_correct,HToCC,/home/maxwelhelp/Рабочий стол/JetClassOfficial/val_5M/HToCC_120.root,255,label_Hcc,label_Hcc,label_Hcc,label_Tbqq,0.35717350244522095,0.06390523165464401,-0.29326827079057693,0.29326827079057693,22,pair_direct_legacy_replay,A_src_correct,0.35717350244522095,0.06390523165464401,-0.29326827079057693,0.29326827079057693,label_Hcc,label_Tbqq
A_Hqql_correct,HToCC,/home/maxwelhelp/Рабочий стол/JetClassOfficial/val_5M/HToCC_120.root,256,label_Hcc,label_Hcc,label_Hcc,label_Tbqq,0.938640832901001,0.00019068380061071366,-0.9384501491003903,0.9384501491003903,22,pair_direct_legacy_replay,A_src_correct,0.938640832901001,0.00019068380061071366,-0.9384501491003903,0.9384501491003903,label_Hcc,label_Tbqq
A_Hqql_correct,HToCC,/home/maxwelhelp/Рабочий стол/JetClassOfficial/val_5M/HToCC_120.root,257,label_Hcc,label_Hcc,label_Hcc,label_Tbqq,0.5596544742584229,5.627145947073586e-05,-0.5595982027989521,0.5595982027989521,22,pair_direct_legacy_replay,A_src_correct,0.5596544742584229,5.627145947073586e-05,-0.5595982027989521,0.5595982027989521,label_Hcc,label_Tbqq
A_Hqql_correct,HToCC,/home/maxwelhelp/Рабочий стол/JetClassOfficial/val_5M/HToCC_120.root,260,label_Hcc,label_Hcc,label_Hcc,label_Tbqq,0.9336665868759155,0.00028923098579980433,-0.9333773558901157,0.9333773558901157,22,pair_direct_legacy_replay,A_src_correct,0.9336665868759155,0.00028923098579980433,-0.9333773558901157,0.9333773558901157,label_Hcc,label_Tbqq
A_Hqql_correct,HToCC,/home/maxwelhelp/Рабочий стол/JetClassOfficial/val_5M/HToCC_120.root,263,label_Hcc,label_Hcc,label_Hcc,label_Tbqq,0.9740152359008789,0.0013315201504155993,-0.9726837157504633,0.9726837157504633,22,pair_direct_legacy_replay,A_src_correct,0.9740152359008789,0.0013315201504155993,-0.9726837157504633,0.9726837157504633,label_Hcc,label_Tbqq
A_Hqql_correct,HToCC,/home/maxwelhelp/Рабочий стол/JetClassOfficial/val_5M/HToCC_120.root,264,label_Hcc,label_Hcc,label_Hcc,label_Tbqq,0.9931521415710449,3.982513953815214e-05,-0.9931123164315068,0.9931123164315068,22,pair_direct_legacy_replay,A_src_correct,0.9931521415710449,3.982513953815214e-05,-0.9931123164315068,0.9931123164315068,label_Hcc,label_Tbqq
A_Hqql_correct,HToCC,/home/maxwelhelp/Рабочий стол/JetClassOfficial/val_5M/HToCC_120.root,265,label_Hcc,label_Hcc,label_Hcc,label_Tbqq,0.5395203232765198,0.0001723898167256266,-0.5393479334597941,0.5393479334597941,22,pair_direct_legacy_replay,A_src_correct,0.5395203232765198,0.0001723898167256266,-0.5393479334597941,0.5393479334597941,label_Hcc,label_Tbqq
A_Hqql_correct,HToCC,/home/maxwelhelp/Рабочий стол/JetClassOfficial/val_5M/HToCC_120.root,266,label_Hcc,label_Hcc,label_Hcc,label_Tbqq,0.9837021827697754,5.662874173140153e-05,-0.983645554028044,0.983645554028044,22,pair_direct_legacy_replay,A_src_correct,0.9837021827697754,5.662874173140153e-05,-0.983645554028044,0.983645554028044,label_Hcc,label_Tbqq
A_Hqql_correct,HToCC,/home/maxwelhelp/Рабочий стол/JetClassOfficial/val_5M/HToCC_120.root,267,label_Hcc,label_Hcc,label_Hcc,label_Tbqq,0.9845582842826843,3.442469460424036e-05,-0.9845238595880801,0.9845238595880801,22,pair_direct_legacy_replay,A_src_correct,0.9845582842826843,3.442469460424036e-05,-0.9845238595880801,0.9845238595880801,label_Hcc,label_Tbqq
A_Hqql_correct,HToCC,/home/maxwelhelp/Рабочий стол/JetClassOfficial/val_5M/HToCC_120.root,268,label_Hcc,label_Hcc,label_Hcc,label_Tbqq,0.9884877800941467,0.00046792058856226504,-0.9880198595055845,0.9880198595055845,22,pair_direct_legacy_replay,A_src_correct,0.9884877800941467,0.00046792058856226504,-0.9880198595055845,0.9880198595055845,label_Hcc,label_Tbqq
A_Hqql_correct,HToCC,/home/maxwelhelp/Рабочий стол/JetClassOfficial/val_5M/HToCC_120.root,269,label_Hcc,label_Hcc,label_Hcc,label_Tbqq,0.7173409461975098,0.00013025201042182744,-0.7172106941870879,0.7172106941870879,22,pair_direct_legacy_replay,A_src_correct,0.7173409461975098,0.00013025201042182744,-0.7172106941870879,0.7172106941870879,label_Hcc,label_Tbqq
A_Hqql_correct,HToCC,/home/maxwelhelp/Рабочий стол/JetClassOfficial/val_5M/HToCC_120.root,272,label_Hcc,label_Hcc,label_Hcc,label_Tbqq,0.9081054925918579,3.763975837500766e-05,-0.9080678528334829,0.9080678528334829,22,pair_direct_legacy_replay,A_src_correct,0.9081054925918579,3.763975837500766e-05,-0.9080678528334829,0.9080678528334829,label_Hcc,label_Tbqq
A_Hqql_correct,HToCC,/home/maxwelhelp/Рабочий стол/JetClassOfficial/val_5M/HToCC_120.root,274,label_Hcc,label_Hcc,label_Hcc,label_Tbqq,0.3680875301361084,0.06547752767801285,-0.30261000245809555,0.30261000245809555,22,pair_direct_legacy_replay,A_src_correct,0.3680875301361084,0.06547752767801285,-0.30261000245809555,0.30261000245809555,label_Hcc,label_Tbqq
A_Hqql_correct,HToCC,/home/maxwelhelp/Рабочий стол/JetClassOfficial/val_5M/HToCC_120.root,275,label_Hcc,label_Hcc,label_Hcc,label_Tbqq,0.7908393740653992,0.000461024435935542,-0.7903783496294636,0.7903783496294636,22,pair_direct_legacy_replay,A_src_correct,0.7908393740653992,0.000461024435935542,-0.7903783496294636,0.7903783496294636,label_Hcc,label_Tbqq
A_Hqql_correct,HToCC,/home/maxwelhelp/Рабочий стол/JetClassOfficial/val_5M/HToCC_120.root,276,label_Hcc,label_Hcc,label_Hcc,label_Tbqq,0.8863580822944641,7.572938193334267e-05,-0.8862823529125308,0.8862823529125308,22,pair_direct_legacy_replay,A_src_correct,0.8863580822944641,7.572938193334267e-05,-0.8862823529125308,0.8862823529125308,label_Hcc,label_Tbqq
A_Hqql_correct,HToCC,/home/maxwelhelp/Рабочий стол/JetClassOfficial/val_5M/HToCC_120.root,277,label_Hcc,label_Hcc,label_Hcc,label_Tbqq,0.99745112657547,5.1142128540959675e-06,-0.9974460123626159,0.9974460123626159,22,pair_direct_legacy_replay,A_src_correct,0.99745112657547,5.1142128540959675e-06,-0.9974460123626159,0.9974460123626159,label_Hcc,label_Tbqq
A_Hqql_correct,HToCC,/home/maxwelhelp/Рабочий стол/JetClassOfficial/val_5M/HToCC_120.root,280,label_Hcc,label_Hcc,label_Hcc,label_Tbqq,0.9918459057807922,2.937084536824841e-05,-0.991816534935424,0.991816534935424,22,pair_direct_legacy_replay,A_src_correct,0.9918459057807922,2.937084536824841e-05,-0.991816534935424,0.991816534935424,label_Hcc,label_Tbqq
A_Hqql_correct,HToCC,/home/maxwelhelp/Рабочий стол/JetClassOfficial/val_5M/HToCC_120.root,284,label_Hcc,label_Hcc,label_Hcc,label_Tbqq,0.6313111186027527,0.0004875966114923358,-0.6308235219912603,0.6308235219912603,22,pair_direct_legacy_replay,A_src_correct,0.6313111186027527,0.0004875966114923358,-0.6308235219912603,0.6308235219912603,label_Hcc,label_Tbqq
A_Hqql_correct,HToCC,/home/maxwelhelp/Рабочий стол/JetClassOfficial/val_5M/HToCC_120.root,285,label_Hcc,label_Hcc,label_Hcc,label_Tbqq,0.9760028719902039,0.0002051139308605343,-0.9757977580593433,0.9757977580593433,22,pair_direct_legacy_replay,A_src_correct,0.9760028719902039,0.0002051139308605343,-0.9757977580593433,0.9757977580593433,label_Hcc,label_Tbqq
A_Hqql_correct,HToCC,/home/maxwelhelp/Рабочий стол/JetClassOfficial/val_5M/HToCC_120.root,286,label_Hcc,label_Hcc,label_Hcc,label_Tbqq,0.637126088142395,0.008901407942175865,-0.6282246802002192,0.6282246802002192,22,pair_direct_legacy_replay,A_src_correct,0.637126088142395,0.008901407942175865,-0.6282246802002192,0.6282246802002192,label_Hcc,label_Tbqq
A_Hqql_correct,HToCC,/home/maxwelhelp/Рабочий стол/JetClassOfficial/val_5M/HToCC_120.root,287,label_Hcc,label_Hcc,label_Hcc,label_Tbqq,0.965510904788971,3.5250206565251574e-05,-0.9654756545824057,0.9654756545824057,22,pair_direct_legacy_replay,A_src_correct,0.965510904788971,3.5250206565251574e-05,-0.9654756545824057,0.9654756545824057,label_Hcc,label_Tbqq
A_Hqql_correct,HToCC,/home/maxwelhelp/Рабочий стол/JetClassOfficial/val_5M/HToCC_120.root,288,label_Hcc,label_Hcc,label_Hcc,label_Tbqq,0.8012635707855225,0.008091513998806477,-0.793172056786716,0.793172056786716,22,pair_direct_legacy_replay,A_src_correct,0.8012635707855225,0.008091513998806477,-0.793172056786716,0.793172056786716,label_Hcc,label_Tbqq
A_Hqql_correct,HToCC,/home/maxwelhelp/Рабочий стол/JetClassOfficial/val_5M/HToCC_120.root,290,label_Hcc,label_Hcc,label_Hcc,label_Tbqq,0.9790942072868347,1.851125489338301e-05,-0.9790756960319413,0.9790756960319413,22,pair_direct_legacy_replay,A_src_correct,0.9790942072868347,1.851125489338301e-05,-0.9790756960319413,0.9790756960319413,label_Hcc,label_Tbqq
A_Hqql_correct,HToCC,/home/maxwelhelp/Рабочий стол/JetClassOfficial/val_5M/HToCC_120.root,291,label_Hcc,label_Hcc,label_Hcc,label_Tbqq,0.5197213888168335,0.00039353888132609427,-0.5193278499355074,0.5193278499355074,22,pair_direct_legacy_replay,A_src_correct,0.5197213888168335,0.00039353888132609427,-0.5193278499355074,0.5193278499355074,label_Hcc,label_Tbqq
A_Hqql_correct,HToCC,/home/maxwelhelp/Рабочий стол/JetClassOfficial/val_5M/HToCC_120.root,292,label_Hcc,label_Hcc,label_Hcc,label_Tbqq,0.8454699516296387,4.914037708658725e-05,-0.8454208112525521,0.8454208112525521,22,pair_direct_legacy_replay,A_src_correct,0.8454699516296387,4.914037708658725e-05,-0.8454208112525521,0.8454208112525521,label_Hcc,label_Tbqq
B_Hqql_to_Tbl,HToCC,/home/maxwelhelp/Рабочий стол/JetClassOfficial/val_5M/HToCC_120.root,293,label_Hcc,label_Tbqq,label_Hcc,label_Tbqq,0.1930578500032425,0.5674668550491333,0.3744090050458908,-0.3744090050458908,22,pair_direct_legacy_replay,B_src_to_tgt,0.1930578500032425,0.5674668550491333,0.3744090050458908,-0.3744090050458908,label_Hcc,label_Tbqq
A_Hqql_correct,HToCC,/home/maxwelhelp/Рабочий стол/JetClassOfficial/val_5M/HToCC_120.root,294,label_Hcc,label_Hcc,label_Hcc,label_Tbqq,0.5983814597129822,0.0014566616155207157,-0.5969247980974615,0.5969247980974615,22,pair_direct_legacy_replay,A_src_correct,0.5983814597129822,0.0014566616155207157,-0.5969247980974615,0.5969247980974615,label_Hcc,label_Tbqq
A_Hqql_correct,HToCC,/home/maxwelhelp/Рабочий стол/JetClassOfficial/val_5M/HToCC_120.root,297,label_Hcc,label_Hcc,label_Hcc,label_Tbqq,0.47441649436950684,0.00015948584768921137,-0.4742570085218176,0.4742570085218176,22,pair_direct_legacy_replay,A_src_correct,0.47441649436950684,0.00015948584768921137,-0.4742570085218176,0.4742570085218176,label_Hcc,label_Tbqq
A_Hqql_correct,HToCC,/home/maxwelhelp/Рабочий стол/JetClassOfficial/val_5M/HToCC_120.root,298,label_Hcc,label_Hcc,label_Hcc,label_Tbqq,0.5519024133682251,0.00021675876632798463,-0.5516856546018971,0.5516856546018971,22,pair_direct_legacy_replay,A_src_correct,0.5519024133682251,0.00021675876632798463,-0.5516856546018971,0.5516856546018971,label_Hcc,label_Tbqq
A_Hqql_correct,HToCC,/home/maxwelhelp/Рабочий стол/JetClassOfficial/val_5M/HToCC_120.root,299,label_Hcc,label_Hcc,label_Hcc,label_Tbqq,0.6927788853645325,0.006925836205482483,-0.68585304915905,0.68585304915905,22,pair_direct_legacy_replay,A_src_correct,0.6927788853645325,0.006925836205482483,-0.68585304915905,0.68585304915905,label_Hcc,label_Tbqq
A_Hqql_correct,HToCC,/home/maxwelhelp/Рабочий стол/JetClassOfficial/val_5M/HToCC_120.root,300,label_Hcc,label_Hcc,label_Hcc,label_Tbqq,0.9909493327140808,7.873953222770069e-07,-0.9909485453187585,0.9909485453187585,22,pair_direct_legacy_replay,A_src_correct,0.9909493327140808,7.873953222770069e-07,-0.9909485453187585,0.9909485453187585,label_Hcc,label_Tbqq
A_Hqql_correct,HToCC,/home/maxwelhelp/Рабочий стол/JetClassOfficial/val_5M/HToCC_120.root,301,label_Hcc,label_Hcc,label_Hcc,label_Tbqq,0.9983308911323547,4.189526862319326e-06,-0.9983267016054924,0.9983267016054924,22,pair_direct_legacy_replay,A_src_correct,0.9983308911323547,4.189526862319326e-06,-0.9983267016054924,0.9983267016054924,label_Hcc,label_Tbqq
A_Hqql_correct,HToCC,/home/maxwelhelp/Рабочий стол/JetClassOfficial/val_5M/HToCC_120.root,302,label_Hcc,label_Hcc,label_Hcc,label_Tbqq,0.9677069187164307,2.9953067496535368e-05,-0.9676769656489341,0.9676769656489341,22,pair_direct_legacy_replay,A_src_correct,0.9677069187164307,2.9953067496535368e-05,-0.9676769656489341,0.9676769656489341,label_Hcc,label_Tbqq
A_Hqql_correct,HToCC,/home/maxwelhelp/Рабочий стол/JetClassOfficial/val_5M/HToCC_120.root,304,label_Hcc,label_Hcc,label_Hcc,label_Tbqq,0.5827184915542603,8.763245568843558e-05,-0.5826308590985718,0.5826308590985718,22,pair_direct_legacy_replay,A_src_correct,0.5827184915542603,8.763245568843558e-05,-0.5826308590985718,0.5826308590985718,label_Hcc,label_Tbqq
A_Hqql_correct,HToCC,/home/maxwelhelp/Рабочий стол/JetClassOfficial/val_5M/HToCC_120.root,305,label_Hcc,label_Hcc,label_Hcc,label_Tbqq,0.9305153489112854,0.00024040922289714217,-0.9302749396883883,0.9302749396883883,22,pair_direct_legacy_replay,A_src_correct,0.9305153489112854,0.00024040922289714217,-0.9302749396883883,0.9302749396883883,label_Hcc,label_Tbqq
A_Hqql_correct,HToCC,/home/maxwelhelp/Рабочий стол/JetClassOfficial/val_5M/HToCC_120.root,306,label_Hcc,label_Hcc,label_Hcc,label_Tbqq,0.9562472105026245,6.776468944735825e-05,-0.9561794458131772,0.9561794458131772,22,pair_direct_legacy_replay,A_src_correct,0.9562472105026245,6.776468944735825e-05,-0.9561794458131772,0.9561794458131772,label_Hcc,label_Tbqq
A_Hqql_correct,HToCC,/home/maxwelhelp/Рабочий стол/JetClassOfficial/val_5M/HToCC_120.root,308,label_Hcc,label_Hcc,label_Hcc,label_Tbqq,0.9367683529853821,3.809183544944972e-05,-0.9367302611499326,0.9367302611499326,22,pair_direct_legacy_replay,A_src_correct,0.9367683529853821,3.809183544944972e-05,-0.9367302611499326,0.9367302611499326,label_Hcc,label_Tbqq
A_Hqql_correct,HToCC,/home/maxwelhelp/Рабочий стол/JetClassOfficial/val_5M/HToCC_120.root,310,label_Hcc,label_Hcc,label_Hcc,label_Tbqq,0.9190825819969177,4.66894380224403e-05,-0.9190358925588953,0.9190358925588953,22,pair_direct_legacy_replay,A_src_correct,0.9190825819969177,4.66894380224403e-05,-0.9190358925588953,0.9190358925588953,label_Hcc,label_Tbqq
A_Hqql_correct,HToCC,/home/maxwelhelp/Рабочий стол/JetClassOfficial/val_5M/HToCC_120.root,311,label_Hcc,label_Hcc,label_Hcc,label_Tbqq,0.9763256907463074,1.7148411643574946e-05,-0.9763085423346638,0.9763085423346638,22,pair_direct_legacy_replay,A_src_correct,0.9763256907463074,1.7148411643574946e-05,-0.9763085423346638,0.9763085423346638,label_Hcc,label_Tbqq
A_Hqql_correct,HToCC,/home/maxwelhelp/Рабочий стол/JetClassOfficial/val_5M/HToCC_120.root,312,label_Hcc,label_Hcc,label_Hcc,label_Tbqq,0.9781166315078735,7.545456901425496e-05,-0.9780411769388593,0.9780411769388593,22,pair_direct_legacy_replay,A_src_correct,0.9781166315078735,7.545456901425496e-05,-0.9780411769388593,0.9780411769388593,label_Hcc,label_Tbqq
A_Hqql_correct,HToCC,/home/maxwelhelp/Рабочий стол/JetClassOfficial/val_5M/HToCC_120.root,313,label_Hcc,label_Hcc,label_Hcc,label_Tbqq,0.9798939824104309,1.4634019862569403e-05,-0.9798793483905683,0.9798793483905683,22,pair_direct_legacy_replay,A_src_correct,0.9798939824104309,1.4634019862569403e-05,-0.9798793483905683,0.9798793483905683,label_Hcc,label_Tbqq
A_Hqql_correct,HToCC,/home/maxwelhelp/Рабочий стол/JetClassOfficial/val_5M/HToCC_120.root,315,label_Hcc,label_Hcc,label_Hcc,label_Tbqq,0.937201201915741,0.0003041728341486305,-0.9368970290815923,0.9368970290815923,22,pair_direct_legacy_replay,A_src_correct,0.937201201915741,0.0003041728341486305,-0.9368970290815923,0.9368970290815923,label_Hcc,label_Tbqq
A_Hqql_correct,HToCC,/home/maxwelhelp/Рабочий стол/JetClassOfficial/val_5M/HToCC_120.root,316,label_Hcc,label_Hcc,label_Hcc,label_Tbqq,0.9901919364929199,0.00031662575202062726,-0.9898753107408993,0.9898753107408993,22,pair_direct_legacy_replay,A_src_correct,0.9901919364929199,0.00031662575202062726,-0.9898753107408993,0.9898753107408993,label_Hcc,label_Tbqq
A_Hqql_correct,HToCC,/home/maxwelhelp/Рабочий стол/JetClassOfficial/val_5M/HToCC_120.root,317,label_Hcc,label_Hcc,label_Hcc,label_Tbqq,0.98976069688797,8.75447949510999e-05,-0.9896731520930189,0.9896731520930189,22,pair_direct_legacy_replay,A_src_correct,0.98976069688797,8.75447949510999e-05,-0.9896731520930189,0.9896731520930189,label_Hcc,label_Tbqq
A_Hqql_correct,HToCC,/home/maxwelhelp/Рабочий стол/JetClassOfficial/val_5M/HToCC_120.root,318,label_Hcc,label_Hcc,label_Hcc,label_Tbqq,0.9954804182052612,1.964763032447081e-05,-0.9954607705749368,0.9954607705749368,22,pair_direct_legacy_replay,A_src_correct,0.9954804182052612,1.964763032447081e-05,-0.9954607705749368,0.9954607705749368,label_Hcc,label_Tbqq
A_Hqql_correct,HToCC,/home/maxwelhelp/Рабочий стол/JetClassOfficial/val_5M/HToCC_120.root,319,label_Hcc,label_Hcc,label_Hcc,label_Tbqq,0.9910880327224731,5.948053058091318e-06,-0.991082084669415,0.991082084669415,22,pair_direct_legacy_replay,A_src_correct,0.9910880327224731,5.948053058091318e-06,-0.991082084669415,0.991082084669415,label_Hcc,label_Tbqq
A_Hqql_correct,HToCC,/home/maxwelhelp/Рабочий стол/JetClassOfficial/val_5M/HToCC_120.root,322,label_Hcc,label_Hcc,label_Hcc,label_Tbqq,0.5576556921005249,0.0004935737233608961,-0.557162118377164,0.557162118377164,22,pair_direct_legacy_replay,A_src_correct,0.5576556921005249,0.0004935737233608961,-0.557162118377164,0.557162118377164,label_Hcc,label_Tbqq
A_Hqql_correct,HToCC,/home/maxwelhelp/Рабочий стол/JetClassOfficial/val_5M/HToCC_120.root,323,label_Hcc,label_Hcc,label_Hcc,label_Tbqq,0.8907275199890137,4.8533609515288845e-05,-0.8906789863794984,0.8906789863794984,22,pair_direct_legacy_replay,A_src_correct,0.8907275199890137,4.8533609515288845e-05,-0.8906789863794984,0.8906789863794984,label_Hcc,label_Tbqq
A_Hqql_correct,HToCC,/home/maxwelhelp/Рабочий стол/JetClassOfficial/val_5M/HToCC_120.root,324,label_Hcc,label_Hcc,label_Hcc,label_Tbqq,0.9468279480934143,0.0007986137643456459,-0.9460293343290687,0.9460293343290687,22,pair_direct_legacy_replay,A_src_correct,0.9468279480934143,0.0007986137643456459,-0.9460293343290687,0.9460293343290687,label_Hcc,label_Tbqq
A_Hqql_correct,HToCC,/home/maxwelhelp/Рабочий стол/JetClassOfficial/val_5M/HToCC_120.root,325,label_Hcc,label_Hcc,label_Hcc,label_Tbqq,0.7342914938926697,0.002494434593245387,-0.7317970592994243,0.7317970592994243,22,pair_direct_legacy_replay,A_src_correct,0.7342914938926697,0.002494434593245387,-0.7317970592994243,0.7317970592994243,label_Hcc,label_Tbqq
A_Hqql_correct,HToCC,/home/maxwelhelp/Рабочий стол/JetClassOfficial/val_5M/HToCC_120.root,328,label_Hcc,label_Hcc,label_Hcc,label_Tbqq,0.9560858011245728,0.0002962633443530649,-0.9557895377802197,0.9557895377802197,22,pair_direct_legacy_replay,A_src_correct,0.9560858011245728,0.0002962633443530649,-0.9557895377802197,0.9557895377802197,label_Hcc,label_Tbqq
A_Hqql_correct,HToCC,/home/maxwelhelp/Рабочий стол/JetClassOfficial/val_5M/HToCC_120.root,329,label_Hcc,label_Hcc,label_Hcc,label_Tbqq,0.9522257447242737,0.00528633501380682,-0.9469394097104669,0.9469394097104669,22,pair_direct_legacy_replay,A_src_correct,0.9522257447242737,0.00528633501380682,-0.9469394097104669,0.9469394097104669,label_Hcc,label_Tbqq
A_Hqql_correct,HToCC,/home/maxwelhelp/Рабочий стол/JetClassOfficial/val_5M/HToCC_120.root,330,label_Hcc,label_Hcc,label_Hcc,label_Tbqq,0.8732332587242126,0.0006924011977389455,-0.8725408575264737,0.8725408575264737,22,pair_direct_legacy_replay,A_src_correct,0.8732332587242126,0.0006924011977389455,-0.8725408575264737,0.8725408575264737,label_Hcc,label_Tbqq
A_Hqql_correct,HToCC,/home/maxwelhelp/Рабочий стол/JetClassOfficial/val_5M/HToCC_120.root,331,label_Hcc,label_Hcc,label_Hcc,label_Tbqq,0.9966689944267273,0.0003276258066762239,-0.9963413686200511,0.9963413686200511,22,pair_direct_legacy_replay,A_src_correct,0.9966689944267273,0.0003276258066762239,-0.9963413686200511,0.9963413686200511,label_Hcc,label_Tbqq
A_Hqql_correct,HToCC,/home/maxwelhelp/Рабочий стол/JetClassOfficial/val_5M/HToCC_120.root,332,label_Hcc,label_Hcc,label_Hcc,label_Tbqq,0.7220059633255005,0.00028341959114186466,-0.7217225437343586,0.7217225437343586,22,pair_direct_legacy_replay,A_src_correct,0.7220059633255005,0.00028341959114186466,-0.7217225437343586,0.7217225437343586,label_Hcc,label_Tbqq
A_Hqql_correct,HToCC,/home/maxwelhelp/Рабочий стол/JetClassOfficial/val_5M/HToCC_120.root,333,label_Hcc,label_Hcc,label_Hcc,label_Tbqq,0.7665151357650757,6.679150101263076e-05,-0.766448344264063,0.766448344264063,22,pair_direct_legacy_replay,A_src_correct,0.7665151357650757,6.679150101263076e-05,-0.766448344264063,0.766448344264063,label_Hcc,label_Tbqq
A_Hqql_correct,HToCC,/home/maxwelhelp/Рабочий стол/JetClassOfficial/val_5M/HToCC_120.root,334,label_Hcc,label_Hcc,label_Hcc,label_Tbqq,0.4183269441127777,0.0024544468615204096,-0.4158724972512573,0.4158724972512573,22,pair_direct_legacy_replay,A_src_correct,0.4183269441127777,0.0024544468615204096,-0.4158724972512573,0.4158724972512573,label_Hcc,label_Tbqq
A_Hqql_correct,HToCC,/home/maxwelhelp/Рабочий стол/JetClassOfficial/val_5M/HToCC_120.root,336,label_Hcc,label_Hcc,label_Hcc,label_Tbqq,0.7304033637046814,0.0006752472254447639,-0.7297281164792366,0.7297281164792366,22,pair_direct_legacy_replay,A_src_correct,0.7304033637046814,0.0006752472254447639,-0.7297281164792366,0.7297281164792366,label_Hcc,label_Tbqq
A_Hqql_correct,HToCC,/home/maxwelhelp/Рабочий стол/JetClassOfficial/val_5M/HToCC_120.root,337,label_Hcc,label_Hcc,label_Hcc,label_Tbqq,0.8753067255020142,5.937199603067711e-05,-0.8752473535059835,0.8752473535059835,22,pair_direct_legacy_replay,A_src_correct,0.8753067255020142,5.937199603067711e-05,-0.8752473535059835,0.8752473535059835,label_Hcc,label_Tbqq
A_Hqql_correct,HToCC,/home/maxwelhelp/Рабочий стол/JetClassOfficial/val_5M/HToCC_120.root,338,label_Hcc,label_Hcc,label_Hcc,label_Tbqq,0.7535804510116577,0.00016865922953002155,-0.7534117917821277,0.7534117917821277,22,pair_direct_legacy_replay,A_src_correct,0.7535804510116577,0.00016865922953002155,-0.7534117917821277,0.7534117917821277,label_Hcc,label_Tbqq
A_Hqql_correct,HToCC,/home/maxwelhelp/Рабочий стол/JetClassOfficial/val_5M/HToCC_120.root,339,label_Hcc,label_Hcc,label_Hcc,label_Tbqq,0.9979872703552246,1.716428596409969e-05,-0.9979701060692605,0.9979701060692605,22,pair_direct_legacy_replay,A_src_correct,0.9979872703552246,1.716428596409969e-05,-0.9979701060692605,0.9979701060692605,label_Hcc,label_Tbqq
A_Hqql_correct,HToCC,/home/maxwelhelp/Рабочий стол/JetClassOfficial/val_5M/HToCC_120.root,341,label_Hcc,label_Hcc,label_Hcc,label_Tbqq,0.8836917281150818,4.917033038509544e-06,-0.8836868110820433,0.8836868110820433,22,pair_direct_legacy_replay,A_src_correct,0.8836917281150818,4.917033038509544e-06,-0.8836868110820433,0.8836868110820433,label_Hcc,label_Tbqq
A_Hqql_correct,HToCC,/home/maxwelhelp/Рабочий стол/JetClassOfficial/val_5M/HToCC_120.root,342,label_Hcc,label_Hcc,label_Hcc,label_Tbqq,0.623762309551239,0.24778546392917633,-0.3759768456220627,0.3759768456220627,22,pair_direct_legacy_replay,A_src_correct,0.623762309551239,0.24778546392917633,-0.3759768456220627,0.3759768456220627,label_Hcc,label_Tbqq
A_Hqql_correct,HToCC,/home/maxwelhelp/Рабочий стол/JetClassOfficial/val_5M/HToCC_120.root,343,label_Hcc,label_Hcc,label_Hcc,label_Tbqq,0.9962676167488098,0.0001257369585800916,-0.9961418797902297,0.9961418797902297,22,pair_direct_legacy_replay,A_src_correct,0.9962676167488098,0.0001257369585800916,-0.9961418797902297,0.9961418797902297,label_Hcc,label_Tbqq
A_Hqql_correct,HToCC,/home/maxwelhelp/Рабочий стол/JetClassOfficial/val_5M/HToCC_120.root,345,label_Hcc,label_Hcc,label_Hcc,label_Tbqq,0.8830300569534302,0.000483570562209934,-0.8825464863912202,0.8825464863912202,22,pair_direct_legacy_replay,A_src_correct,0.8830300569534302,0.000483570562209934,-0.8825464863912202,0.8825464863912202,label_Hcc,label_Tbqq
A_Hqql_correct,HToCC,/home/maxwelhelp/Рабочий стол/JetClassOfficial/val_5M/HToCC_120.root,346,label_Hcc,label_Hcc,label_Hcc,label_Tbqq,0.967184841632843,0.00019052853167522699,-0.9669943131011678,0.9669943131011678,22,pair_direct_legacy_replay,A_src_correct,0.967184841632843,0.00019052853167522699,-0.9669943131011678,0.9669943131011678,label_Hcc,label_Tbqq
A_Hqql_correct,HToCC,/home/maxwelhelp/Рабочий стол/JetClassOfficial/val_5M/HToCC_120.root,347,label_Hcc,label_Hcc,label_Hcc,label_Tbqq,0.8852683305740356,0.0006763946148566902,-0.884591935959179,0.884591935959179,22,pair_direct_legacy_replay,A_src_correct,0.8852683305740356,0.0006763946148566902,-0.884591935959179,0.884591935959179,label_Hcc,label_Tbqq
A_Hqql_correct,HToCC,/home/maxwelhelp/Рабочий стол/JetClassOfficial/val_5M/HToCC_120.root,348,label_Hcc,label_Hcc,label_Hcc,label_Tbqq,0.9915361404418945,0.0004392072733025998,-0.9910969331685919,0.9910969331685919,22,pair_direct_legacy_replay,A_src_correct,0.9915361404418945,0.0004392072733025998,-0.9910969331685919,0.9910969331685919,label_Hcc,label_Tbqq
A_Hqql_correct,HToCC,/home/maxwelhelp/Рабочий стол/JetClassOfficial/val_5M/HToCC_120.root,350,label_Hcc,label_Hcc,label_Hcc,label_Tbqq,0.4791204631328583,0.012556975707411766,-0.4665634874254465,0.4665634874254465,22,pair_direct_legacy_replay,A_src_correct,0.4791204631328583,0.012556975707411766,-0.4665634874254465,0.4665634874254465,label_Hcc,label_Tbqq
A_Hqql_correct,HToCC,/home/maxwelhelp/Рабочий стол/JetClassOfficial/val_5M/HToCC_120.root,352,label_Hcc,label_Hcc,label_Hcc,label_Tbqq,0.9945753812789917,3.587864193832502e-05,-0.9945395026370534,0.9945395026370534,22,pair_direct_legacy_replay,A_src_correct,0.9945753812789917,3.587864193832502e-05,-0.9945395026370534,0.9945395026370534,label_Hcc,label_Tbqq
B_Hqql_to_Tbl,HToCC,/home/maxwelhelp/Рабочий стол/JetClassOfficial/val_5M/HToCC_120.root,353,label_Hcc,label_Tbqq,label_Hcc,label_Tbqq,0.4229283034801483,0.45947855710983276,0.03655025362968445,-0.03655025362968445,22,pair_direct_legacy_replay,B_src_to_tgt,0.4229283034801483,0.45947855710983276,0.03655025362968445,-0.03655025362968445,label_Hcc,label_Tbqq
A_Hqql_correct,HToCC,/home/maxwelhelp/Рабочий стол/JetClassOfficial/val_5M/HToCC_120.root,355,label_Hcc,label_Hcc,label_Hcc,label_Tbqq,0.9946634769439697,7.420251495204866e-05,-0.9945892744290177,0.9945892744290177,22,pair_direct_legacy_replay,A_src_correct,0.9946634769439697,7.420251495204866e-05,-0.9945892744290177,0.9945892744290177,label_Hcc,label_Tbqq
A_Hqql_correct,HToCC,/home/maxwelhelp/Рабочий стол/JetClassOfficial/val_5M/HToCC_120.root,356,label_Hcc,label_Hcc,label_Hcc,label_Tbqq,0.8108152151107788,2.0025605408591218e-05,-0.8107951895053702,0.8107951895053702,22,pair_direct_legacy_replay,A_src_correct,0.8108152151107788,2.0025605408591218e-05,-0.8107951895053702,0.8107951895053702,label_Hcc,label_Tbqq
A_Hqql_correct,HToCC,/home/maxwelhelp/Рабочий стол/JetClassOfficial/val_5M/HToCC_120.root,357,label_Hcc,label_Hcc,label_Hcc,label_Tbqq,0.2751098871231079,0.014303682371973991,-0.2608062047511339,0.2608062047511339,22,pair_direct_legacy_replay,A_src_correct,0.2751098871231079,0.014303682371973991,-0.2608062047511339,0.2608062047511339,label_Hcc,label_Tbqq
A_Hqql_correct,HToCC,/home/maxwelhelp/Рабочий стол/JetClassOfficial/val_5M/HToCC_120.root,358,label_Hcc,label_Hcc,label_Hcc,label_Tbqq,0.8105289936065674,0.006041380576789379,-0.804487613029778,0.804487613029778,22,pair_direct_legacy_replay,A_src_correct,0.8105289936065674,0.006041380576789379,-0.804487613029778,0.804487613029778,label_Hcc,label_Tbqq
B_Hqql_to_Tbl,HToCC,/home/maxwelhelp/Рабочий стол/JetClassOfficial/val_5M/HToCC_120.root,359,label_Hcc,label_Tbqq,label_Hcc,label_Tbqq,0.13523690402507782,0.6493846774101257,0.5141477733850479,-0.5141477733850479,22,pair_direct_legacy_replay,B_src_to_tgt,0.13523690402507782,0.6493846774101257,0.5141477733850479,-0.5141477733850479,label_Hcc,label_Tbqq
A_Hqql_correct,HToCC,/home/maxwelhelp/Рабочий стол/JetClassOfficial/val_5M/HToCC_120.root,361,label_Hcc,label_Hcc,label_Hcc,label_Tbqq,0.9882219433784485,0.0005148633499629796,-0.9877070800284855,0.9877070800284855,22,pair_direct_legacy_replay,A_src_correct,0.9882219433784485,0.0005148633499629796,-0.9877070800284855,0.9877070800284855,label_Hcc,label_Tbqq
B_Hqql_to_Tbl,HToCC,/home/maxwelhelp/Рабочий стол/JetClassOfficial/val_5M/HToCC_120.root,362,label_Hcc,label_Tbqq,label_Hcc,label_Tbqq,0.3934934139251709,0.5857423543930054,0.19224894046783447,-0.19224894046783447,22,pair_direct_legacy_replay,B_src_to_tgt,0.3934934139251709,0.5857423543930054,0.19224894046783447,-0.19224894046783447,label_Hcc,label_Tbqq
A_Hqql_correct,HToCC,/home/maxwelhelp/Рабочий стол/JetClassOfficial/val_5M/HToCC_120.root,364,label_Hcc,label_Hcc,label_Hcc,label_Tbqq,0.8638427257537842,0.0015791011974215508,-0.8622636245563626,0.8622636245563626,22,pair_direct_legacy_replay,A_src_correct,0.8638427257537842,0.0015791011974215508,-0.8622636245563626,0.8622636245563626,label_Hcc,label_Tbqq
B_Hqql_to_Tbl,HToCC,/home/maxwelhelp/Рабочий стол/JetClassOfficial/val_5M/HToCC_120.root,376,label_Hcc,label_Tbqq,label_Hcc,label_Tbqq,0.004472911357879639,0.6783103346824646,0.673837423324585,-0.673837423324585,22,pair_direct_legacy_replay,B_src_to_tgt,0.004472911357879639,0.6783103346824646,0.673837423324585,-0.673837423324585,label_Hcc,label_Tbqq
B_Hqql_to_Tbl,HToCC,/home/maxwelhelp/Рабочий стол/JetClassOfficial/val_5M/HToCC_120.root,385,label_Hcc,label_Tbqq,label_Hcc,label_Tbqq,0.14221063256263733,0.3408970236778259,0.1986863911151886,-0.1986863911151886,22,pair_direct_legacy_replay,B_src_to_tgt,0.14221063256263733,0.3408970236778259,0.1986863911151886,-0.1986863911151886,label_Hcc,label_Tbqq
B_Hqql_to_Tbl,HToCC,/home/maxwelhelp/Рабочий стол/JetClassOfficial/val_5M/HToCC_120.root,459,label_Hcc,label_Tbqq,label_Hcc,label_Tbqq,0.002834587125107646,0.6717092394828796,0.668874652357772,-0.668874652357772,22,pair_direct_legacy_replay,B_src_to_tgt,0.002834587125107646,0.6717092394828796,0.668874652357772,-0.668874652357772,label_Hcc,label_Tbqq
B_Hqql_to_Tbl,HToCC,/home/maxwelhelp/Рабочий стол/JetClassOfficial/val_5M/HToCC_120.root,599,label_Hcc,label_Tbqq,label_Hcc,label_Tbqq,0.004716332070529461,0.6017904281616211,0.5970740960910916,-0.5970740960910916,22,pair_direct_legacy_replay,B_src_to_tgt,0.004716332070529461,0.6017904281616211,0.5970740960910916,-0.5970740960910916,label_Hcc,label_Tbqq
B_Hqql_to_Tbl,HToCC,/home/maxwelhelp/Рабочий стол/JetClassOfficial/val_5M/HToCC_120.root,683,label_Hcc,label_Tbqq,label_Hcc,label_Tbqq,0.12340833246707916,0.5311862230300903,0.40777789056301117,-0.40777789056301117,22,pair_direct_legacy_replay,B_src_to_tgt,0.12340833246707916,0.5311862230300903,0.40777789056301117,-0.40777789056301117,label_Hcc,label_Tbqq
B_Hqql_to_Tbl,HToCC,/home/maxwelhelp/Рабочий стол/JetClassOfficial/val_5M/HToCC_120.root,695,label_Hcc,label_Tbqq,label_Hcc,label_Tbqq,0.08382595330476761,0.45550093054771423,0.3716749772429466,-0.3716749772429466,22,pair_direct_legacy_replay,B_src_to_tgt,0.08382595330476761,0.45550093054771423,0.3716749772429466,-0.3716749772429466,label_Hcc,label_Tbqq
B_Hqql_to_Tbl,HToCC,/home/maxwelhelp/Рабочий стол/JetClassOfficial/val_5M/HToCC_120.root,703,label_Hcc,label_Tbqq,label_Hcc,label_Tbqq,0.1813107579946518,0.3781340718269348,0.19682331383228302,-0.19682331383228302,22,pair_direct_legacy_replay,B_src_to_tgt,0.1813107579946518,0.3781340718269348,0.19682331383228302,-0.19682331383228302,label_Hcc,label_Tbqq
B_Hqql_to_Tbl,HToCC,/home/maxwelhelp/Рабочий стол/JetClassOfficial/val_5M/HToCC_120.root,728,label_Hcc,label_Tbqq,label_Hcc,label_Tbqq,0.11630870401859283,0.7513301372528076,0.6350214332342148,-0.6350214332342148,22,pair_direct_legacy_replay,B_src_to_tgt,0.11630870401859283,0.7513301372528076,0.6350214332342148,-0.6350214332342148,label_Hcc,label_Tbqq
B_Hqql_to_Tbl,HToCC,/home/maxwelhelp/Рабочий стол/JetClassOfficial/val_5M/HToCC_120.root,739,label_Hcc,label_Tbqq,label_Hcc,label_Tbqq,0.029289355501532555,0.9601879119873047,0.9308985564857721,-0.9308985564857721,22,pair_direct_legacy_replay,B_src_to_tgt,0.029289355501532555,0.9601879119873047,0.9308985564857721,-0.9308985564857721,label_Hcc,label_Tbqq
B_Hqql_to_Tbl,HToCC,/home/maxwelhelp/Рабочий стол/JetClassOfficial/val_5M/HToCC_120.root,750,label_Hcc,label_Tbqq,label_Hcc,label_Tbqq,0.31826555728912354,0.49738436937332153,0.179118812084198,-0.179118812084198,22,pair_direct_legacy_replay,B_src_to_tgt,0.31826555728912354,0.49738436937332153,0.179118812084198,-0.179118812084198,label_Hcc,label_Tbqq
B_Hqql_to_Tbl,HToCC,/home/maxwelhelp/Рабочий стол/JetClassOfficial/val_5M/HToCC_120.root,782,label_Hcc,label_Tbqq,label_Hcc,label_Tbqq,0.006851985119283199,0.9613324403762817,0.9544804552569985,-0.9544804552569985,22,pair_direct_legacy_replay,B_src_to_tgt,0.006851985119283199,0.9613324403762817,0.9544804552569985,-0.9544804552569985,label_Hcc,label_Tbqq
B_Hqql_to_Tbl,HToCC,/home/maxwelhelp/Рабочий стол/JetClassOfficial/val_5M/HToCC_120.root,793,label_Hcc,label_Tbqq,label_Hcc,label_Tbqq,0.2854056656360626,0.5612848401069641,0.2758791744709015,-0.2758791744709015,22,pair_direct_legacy_replay,B_src_to_tgt,0.2854056656360626,0.5612848401069641,0.2758791744709015,-0.2758791744709015,label_Hcc,label_Tbqq
B_Hqql_to_Tbl,HToCC,/home/maxwelhelp/Рабочий стол/JetClassOfficial/val_5M/HToCC_120.root,825,label_Hcc,label_Tbqq,label_Hcc,label_Tbqq,0.023569807410240173,0.6950521469116211,0.6714823395013809,-0.6714823395013809,22,pair_direct_legacy_replay,B_src_to_tgt,0.023569807410240173,0.6950521469116211,0.6714823395013809,-0.6714823395013809,label_Hcc,label_Tbqq
B_Hqql_to_Tbl,HToCC,/home/maxwelhelp/Рабочий стол/JetClassOfficial/val_5M/HToCC_120.root,831,label_Hcc,label_Tbqq,label_Hcc,label_Tbqq,0.0669492855668068,0.798366904258728,0.7314176186919212,-0.7314176186919212,22,pair_direct_legacy_replay,B_src_to_tgt,0.0669492855668068,0.798366904258728,0.7314176186919212,-0.7314176186919212,label_Hcc,label_Tbqq
B_Hqql_to_Tbl,HToCC,/home/maxwelhelp/Рабочий стол/JetClassOfficial/val_5M/HToCC_120.root,838,label_Hcc,label_Tbqq,label_Hcc,label_Tbqq,0.08993911743164062,0.8851208686828613,0.7951817512512207,-0.7951817512512207,22,pair_direct_legacy_replay,B_src_to_tgt,0.08993911743164062,0.8851208686828613,0.7951817512512207,-0.7951817512512207,label_Hcc,label_Tbqq
B_Hqql_to_Tbl,HToCC,/home/maxwelhelp/Рабочий стол/JetClassOfficial/val_5M/HToCC_120.root,970,label_Hcc,label_Tbqq,label_Hcc,label_Tbqq,0.1413862705230713,0.5347009301185608,0.3933146595954895,-0.3933146595954895,22,pair_direct_legacy_replay,B_src_to_tgt,0.1413862705230713,0.5347009301185608,0.3933146595954895,-0.3933146595954895,label_Hcc,label_Tbqq
B_Hqql_to_Tbl,HToCC,/home/maxwelhelp/Рабочий стол/JetClassOfficial/val_5M/HToCC_120.root,1004,label_Hcc,label_Tbqq,label_Hcc,label_Tbqq,0.029678460210561752,0.8135107755661011,0.7838323153555393,-0.7838323153555393,22,pair_direct_legacy_replay,B_src_to_tgt,0.029678460210561752,0.8135107755661011,0.7838323153555393,-0.7838323153555393,label_Hcc,label_Tbqq
B_Hqql_to_Tbl,HToCC,/home/maxwelhelp/Рабочий стол/JetClassOfficial/val_5M/HToCC_120.root,1139,label_Hcc,label_Tbqq,label_Hcc,label_Tbqq,0.2530781626701355,0.6098217964172363,0.35674363374710083,-0.35674363374710083,22,pair_direct_legacy_replay,B_src_to_tgt,0.2530781626701355,0.6098217964172363,0.35674363374710083,-0.35674363374710083,label_Hcc,label_Tbqq
B_Hqql_to_Tbl,HToCC,/home/maxwelhelp/Рабочий стол/JetClassOfficial/val_5M/HToCC_120.root,1207,label_Hcc,label_Tbqq,label_Hcc,label_Tbqq,0.008215581066906452,0.9400532245635986,0.9318376434966922,-0.9318376434966922,22,pair_direct_legacy_replay,B_src_to_tgt,0.008215581066906452,0.9400532245635986,0.9318376434966922,-0.9318376434966922,label_Hcc,label_Tbqq
B_Hqql_to_Tbl,HToCC,/home/maxwelhelp/Рабочий стол/JetClassOfficial/val_5M/HToCC_120.root,1286,label_Hcc,label_Tbqq,label_Hcc,label_Tbqq,0.0608878992497921,0.3302609324455261,0.269373033195734,-0.269373033195734,22,pair_direct_legacy_replay,B_src_to_tgt,0.0608878992497921,0.3302609324455261,0.269373033195734,-0.269373033195734,label_Hcc,label_Tbqq
B_Hqql_to_Tbl,HToCC,/home/maxwelhelp/Рабочий стол/JetClassOfficial/val_5M/HToCC_120.root,1331,label_Hcc,label_Tbqq,label_Hcc,label_Tbqq,0.04659436643123627,0.3897325098514557,0.3431381434202194,-0.3431381434202194,22,pair_direct_legacy_replay,B_src_to_tgt,0.04659436643123627,0.3897325098514557,0.3431381434202194,-0.3431381434202194,label_Hcc,label_Tbqq
B_Hqql_to_Tbl,HToCC,/home/maxwelhelp/Рабочий стол/JetClassOfficial/val_5M/HToCC_120.root,1396,label_Hcc,label_Tbqq,label_Hcc,label_Tbqq,0.10102099180221558,0.6234554052352905,0.522434413433075,-0.522434413433075,22,pair_direct_legacy_replay,B_src_to_tgt,0.10102099180221558,0.6234554052352905,0.522434413433075,-0.522434413433075,label_Hcc,label_Tbqq
B_Hqql_to_Tbl,HToCC,/home/maxwelhelp/Рабочий стол/JetClassOfficial/val_5M/HToCC_120.root,1437,label_Hcc,label_Tbqq,label_Hcc,label_Tbqq,0.017445677891373634,0.6553658843040466,0.637920206412673,-0.637920206412673,22,pair_direct_legacy_replay,B_src_to_tgt,0.017445677891373634,0.6553658843040466,0.637920206412673,-0.637920206412673,label_Hcc,label_Tbqq
B_Hqql_to_Tbl,HToCC,/home/maxwelhelp/Рабочий стол/JetClassOfficial/val_5M/HToCC_120.root,1535,label_Hcc,label_Tbqq,label_Hcc,label_Tbqq,0.08496859669685364,0.792902410030365,0.7079338133335114,-0.7079338133335114,22,pair_direct_legacy_replay,B_src_to_tgt,0.08496859669685364,0.792902410030365,0.7079338133335114,-0.7079338133335114,label_Hcc,label_Tbqq
B_Hqql_to_Tbl,HToCC,/home/maxwelhelp/Рабочий стол/JetClassOfficial/val_5M/HToCC_120.root,1537,label_Hcc,label_Tbqq,label_Hcc,label_Tbqq,0.03633541613817215,0.5030961632728577,0.4667607471346855,-0.4667607471346855,22,pair_direct_legacy_replay,B_src_to_tgt,0.03633541613817215,0.5030961632728577,0.4667607471346855,-0.4667607471346855,label_Hcc,label_Tbqq
B_Hqql_to_Tbl,HToCC,/home/maxwelhelp/Рабочий стол/JetClassOfficial/val_5M/HToCC_120.root,1546,label_Hcc,label_Tbqq,label_Hcc,label_Tbqq,0.025351284071803093,0.8860815763473511,0.860730292275548,-0.860730292275548,22,pair_direct_legacy_replay,B_src_to_tgt,0.025351284071803093,0.8860815763473511,0.860730292275548,-0.860730292275548,label_Hcc,label_Tbqq
B_Hqql_to_Tbl,HToCC,/home/maxwelhelp/Рабочий стол/JetClassOfficial/val_5M/HToCC_120.root,1560,label_Hcc,label_Tbqq,label_Hcc,label_Tbqq,0.21089346706867218,0.4786224067211151,0.26772893965244293,-0.26772893965244293,22,pair_direct_legacy_replay,B_src_to_tgt,0.21089346706867218,0.4786224067211151,0.26772893965244293,-0.26772893965244293,label_Hcc,label_Tbqq
B_Hqql_to_Tbl,HToCC,/home/maxwelhelp/Рабочий стол/JetClassOfficial/val_5M/HToCC_120.root,1644,label_Hcc,label_Tbqq,label_Hcc,label_Tbqq,0.148024782538414,0.4778137505054474,0.3297889679670334,-0.3297889679670334,22,pair_direct_legacy_replay,B_src_to_tgt,0.148024782538414,0.4778137505054474,0.3297889679670334,-0.3297889679670334,label_Hcc,label_Tbqq
B_Hqql_to_Tbl,HToCC,/home/maxwelhelp/Рабочий стол/JetClassOfficial/val_5M/HToCC_120.root,1657,label_Hcc,label_Tbqq,label_Hcc,label_Tbqq,0.15727967023849487,0.7166629433631897,0.5593832731246948,-0.5593832731246948,22,pair_direct_legacy_replay,B_src_to_tgt,0.15727967023849487,0.7166629433631897,0.5593832731246948,-0.5593832731246948,label_Hcc,label_Tbqq
B_Hqql_to_Tbl,HToCC,/home/maxwelhelp/Рабочий стол/JetClassOfficial/val_5M/HToCC_120.root,1745,label_Hcc,label_Tbqq,label_Hcc,label_Tbqq,0.013778641819953918,0.921562135219574,0.9077834933996201,-0.9077834933996201,22,pair_direct_legacy_replay,B_src_to_tgt,0.013778641819953918,0.921562135219574,0.9077834933996201,-0.9077834933996201,label_Hcc,label_Tbqq
B_Hqql_to_Tbl,HToCC,/home/maxwelhelp/Рабочий стол/JetClassOfficial/val_5M/HToCC_120.root,1749,label_Hcc,label_Tbqq,label_Hcc,label_Tbqq,0.31064146757125854,0.49116989970207214,0.1805284321308136,-0.1805284321308136,22,pair_direct_legacy_replay,B_src_to_tgt,0.31064146757125854,0.49116989970207214,0.1805284321308136,-0.1805284321308136,label_Hcc,label_Tbqq
B_Hqql_to_Tbl,HToCC,/home/maxwelhelp/Рабочий стол/JetClassOfficial/val_5M/HToCC_120.root,1949,label_Hcc,label_Tbqq,label_Hcc,label_Tbqq,0.030547548085451126,0.5813061594963074,0.5507586114108562,-0.5507586114108562,22,pair_direct_legacy_replay,B_src_to_tgt,0.030547548085451126,0.5813061594963074,0.5507586114108562,-0.5507586114108562,label_Hcc,label_Tbqq
B_Hqql_to_Tbl,HToCC,/home/maxwelhelp/Рабочий стол/JetClassOfficial/val_5M/HToCC_120.root,1981,label_Hcc,label_Tbqq,label_Hcc,label_Tbqq,0.12991684675216675,0.4597752094268799,0.32985836267471313,-0.32985836267471313,22,pair_direct_legacy_replay,B_src_to_tgt,0.12991684675216675,0.4597752094268799,0.32985836267471313,-0.32985836267471313,label_Hcc,label_Tbqq
B_Hqql_to_Tbl,HToCC,/home/maxwelhelp/Рабочий стол/JetClassOfficial/val_5M/HToCC_120.root,2023,label_Hcc,label_Tbqq,label_Hcc,label_Tbqq,0.03219824656844139,0.8763883709907532,0.8441901244223118,-0.8441901244223118,22,pair_direct_legacy_replay,B_src_to_tgt,0.03219824656844139,0.8763883709907532,0.8441901244223118,-0.8441901244223118,label_Hcc,label_Tbqq
B_Hqql_to_Tbl,HToCC,/home/maxwelhelp/Рабочий стол/JetClassOfficial/val_5M/HToCC_120.root,2027,label_Hcc,label_Tbqq,label_Hcc,label_Tbqq,0.12302585691213608,0.5024663209915161,0.37944046407938004,-0.37944046407938004,22,pair_direct_legacy_replay,B_src_to_tgt,0.12302585691213608,0.5024663209915161,0.37944046407938004,-0.37944046407938004,label_Hcc,label_Tbqq
B_Hqql_to_Tbl,HToCC,/home/maxwelhelp/Рабочий стол/JetClassOfficial/val_5M/HToCC_120.root,2104,label_Hcc,label_Tbqq,label_Hcc,label_Tbqq,0.09243281930685043,0.4739951193332672,0.3815623000264168,-0.3815623000264168,22,pair_direct_legacy_replay,B_src_to_tgt,0.09243281930685043,0.4739951193332672,0.3815623000264168,-0.3815623000264168,label_Hcc,label_Tbqq
B_Hqql_to_Tbl,HToCC,/home/maxwelhelp/Рабочий стол/JetClassOfficial/val_5M/HToCC_120.root,2128,label_Hcc,label_Tbqq,label_Hcc,label_Tbqq,0.0278047826141119,0.31708863377571106,0.28928385116159916,-0.28928385116159916,22,pair_direct_legacy_replay,B_src_to_tgt,0.0278047826141119,0.31708863377571106,0.28928385116159916,-0.28928385116159916,label_Hcc,label_Tbqq
B_Hqql_to_Tbl,HToCC,/home/maxwelhelp/Рабочий стол/JetClassOfficial/val_5M/HToCC_120.root,2162,label_Hcc,label_Tbqq,label_Hcc,label_Tbqq,0.1459665596485138,0.8434529900550842,0.6974864304065704,-0.6974864304065704,22,pair_direct_legacy_replay,B_src_to_tgt,0.1459665596485138,0.8434529900550842,0.6974864304065704,-0.6974864304065704,label_Hcc,label_Tbqq
B_Hqql_to_Tbl,HToCC,/home/maxwelhelp/Рабочий стол/JetClassOfficial/val_5M/HToCC_120.root,2270,label_Hcc,label_Tbqq,label_Hcc,label_Tbqq,0.11095155030488968,0.5760748386383057,0.465123288333416,-0.465123288333416,22,pair_direct_legacy_replay,B_src_to_tgt,0.11095155030488968,0.5760748386383057,0.465123288333416,-0.465123288333416,label_Hcc,label_Tbqq
B_Hqql_to_Tbl,HToCC,/home/maxwelhelp/Рабочий стол/JetClassOfficial/val_5M/HToCC_120.root,2289,label_Hcc,label_Tbqq,label_Hcc,label_Tbqq,0.04363471642136574,0.9329251050949097,0.8892903886735439,-0.8892903886735439,22,pair_direct_legacy_replay,B_src_to_tgt,0.04363471642136574,0.9329251050949097,0.8892903886735439,-0.8892903886735439,label_Hcc,label_Tbqq
B_Hqql_to_Tbl,HToCC,/home/maxwelhelp/Рабочий стол/JetClassOfficial/val_5M/HToCC_120.root,2431,label_Hcc,label_Tbqq,label_Hcc,label_Tbqq,0.0009336327202618122,0.9912717938423157,0.9903381611220539,-0.9903381611220539,22,pair_direct_legacy_replay,B_src_to_tgt,0.0009336327202618122,0.9912717938423157,0.9903381611220539,-0.9903381611220539,label_Hcc,label_Tbqq
B_Hqql_to_Tbl,HToCC,/home/maxwelhelp/Рабочий стол/JetClassOfficial/val_5M/HToCC_120.root,2589,label_Hcc,label_Tbqq,label_Hcc,label_Tbqq,0.059168245643377304,0.3330392837524414,0.2738710381090641,-0.2738710381090641,22,pair_direct_legacy_replay,B_src_to_tgt,0.059168245643377304,0.3330392837524414,0.2738710381090641,-0.2738710381090641,label_Hcc,label_Tbqq
B_Hqql_to_Tbl,HToCC,/home/maxwelhelp/Рабочий стол/JetClassOfficial/val_5M/HToCC_120.root,2638,label_Hcc,label_Tbqq,label_Hcc,label_Tbqq,0.47047433257102966,0.4993264079093933,0.028852075338363647,-0.028852075338363647,22,pair_direct_legacy_replay,B_src_to_tgt,0.47047433257102966,0.4993264079093933,0.028852075338363647,-0.028852075338363647,label_Hcc,label_Tbqq
B_Hqql_to_Tbl,HToCC,/home/maxwelhelp/Рабочий стол/JetClassOfficial/val_5M/HToCC_120.root,2648,label_Hcc,label_Tbqq,label_Hcc,label_Tbqq,0.01797139272093773,0.9766365885734558,0.9586651958525181,-0.9586651958525181,22,pair_direct_legacy_replay,B_src_to_tgt,0.01797139272093773,0.9766365885734558,0.9586651958525181,-0.9586651958525181,label_Hcc,label_Tbqq
B_Hqql_to_Tbl,HToCC,/home/maxwelhelp/Рабочий стол/JetClassOfficial/val_5M/HToCC_120.root,2650,label_Hcc,label_Tbqq,label_Hcc,label_Tbqq,0.22828616201877594,0.4128608703613281,0.18457470834255219,-0.18457470834255219,22,pair_direct_legacy_replay,B_src_to_tgt,0.22828616201877594,0.4128608703613281,0.18457470834255219,-0.18457470834255219,label_Hcc,label_Tbqq
B_Hqql_to_Tbl,HToCC,/home/maxwelhelp/Рабочий стол/JetClassOfficial/val_5M/HToCC_120.root,2695,label_Hcc,label_Tbqq,label_Hcc,label_Tbqq,0.18976177275180817,0.7555236220359802,0.5657618492841721,-0.5657618492841721,22,pair_direct_legacy_replay,B_src_to_tgt,0.18976177275180817,0.7555236220359802,0.5657618492841721,-0.5657618492841721,label_Hcc,label_Tbqq
B_Hqql_to_Tbl,HToCC,/home/maxwelhelp/Рабочий стол/JetClassOfficial/val_5M/HToCC_120.root,2702,label_Hcc,label_Tbqq,label_Hcc,label_Tbqq,0.04509628191590309,0.35862842202186584,0.31353214010596275,-0.31353214010596275,22,pair_direct_legacy_replay,B_src_to_tgt,0.04509628191590309,0.35862842202186584,0.31353214010596275,-0.31353214010596275,label_Hcc,label_Tbqq
B_Hqql_to_Tbl,HToCC,/home/maxwelhelp/Рабочий стол/JetClassOfficial/val_5M/HToCC_120.root,2704,label_Hcc,label_Tbqq,label_Hcc,label_Tbqq,0.05511344596743584,0.41694942116737366,0.3618359751999378,-0.3618359751999378,22,pair_direct_legacy_replay,B_src_to_tgt,0.05511344596743584,0.41694942116737366,0.3618359751999378,-0.3618359751999378,label_Hcc,label_Tbqq
B_Hqql_to_Tbl,HToCC,/home/maxwelhelp/Рабочий стол/JetClassOfficial/val_5M/HToCC_120.root,2761,label_Hcc,label_Tbqq,label_Hcc,label_Tbqq,0.21338734030723572,0.6782973408699036,0.46491000056266785,-0.46491000056266785,22,pair_direct_legacy_replay,B_src_to_tgt,0.21338734030723572,0.6782973408699036,0.46491000056266785,-0.46491000056266785,label_Hcc,label_Tbqq
B_Hqql_to_Tbl,HToCC,/home/maxwelhelp/Рабочий стол/JetClassOfficial/val_5M/HToCC_120.root,2820,label_Hcc,label_Tbqq,label_Hcc,label_Tbqq,0.03799712285399437,0.7024049162864685,0.6644077934324741,-0.6644077934324741,22,pair_direct_legacy_replay,B_src_to_tgt,0.03799712285399437,0.7024049162864685,0.6644077934324741,-0.6644077934324741,label_Hcc,label_Tbqq
B_Hqql_to_Tbl,HToCC,/home/maxwelhelp/Рабочий стол/JetClassOfficial/val_5M/HToCC_120.root,2847,label_Hcc,label_Tbqq,label_Hcc,label_Tbqq,0.014881803654134274,0.705507218837738,0.6906254151836038,-0.6906254151836038,22,pair_direct_legacy_replay,B_src_to_tgt,0.014881803654134274,0.705507218837738,0.6906254151836038,-0.6906254151836038,label_Hcc,label_Tbqq
B_Hqql_to_Tbl,HToCC,/home/maxwelhelp/Рабочий стол/JetClassOfficial/val_5M/HToCC_120.root,2859,label_Hcc,label_Tbqq,label_Hcc,label_Tbqq,0.07454107701778412,0.7431938052177429,0.6686527281999588,-0.6686527281999588,22,pair_direct_legacy_replay,B_src_to_tgt,0.07454107701778412,0.7431938052177429,0.6686527281999588,-0.6686527281999588,label_Hcc,label_Tbqq
B_Hqql_to_Tbl,HToCC,/home/maxwelhelp/Рабочий стол/JetClassOfficial/val_5M/HToCC_120.root,2887,label_Hcc,label_Tbqq,label_Hcc,label_Tbqq,0.0642211064696312,0.2975150942802429,0.23329398781061172,-0.23329398781061172,22,pair_direct_legacy_replay,B_src_to_tgt,0.0642211064696312,0.2975150942802429,0.23329398781061172,-0.23329398781061172,label_Hcc,label_Tbqq
B_Hqql_to_Tbl,HToCC,/home/maxwelhelp/Рабочий стол/JetClassOfficial/val_5M/HToCC_120.root,2914,label_Hcc,label_Tbqq,label_Hcc,label_Tbqq,0.2082536369562149,0.39480525255203247,0.18655161559581757,-0.18655161559581757,22,pair_direct_legacy_replay,B_src_to_tgt,0.2082536369562149,0.39480525255203247,0.18655161559581757,-0.18655161559581757,label_Hcc,label_Tbqq
B_Hqql_to_Tbl,HToCC,/home/maxwelhelp/Рабочий стол/JetClassOfficial/val_5M/HToCC_120.root,2951,label_Hcc,label_Tbqq,label_Hcc,label_Tbqq,0.05616092309355736,0.7454624176025391,0.6893014945089817,-0.6893014945089817,22,pair_direct_legacy_replay,B_src_to_tgt,0.05616092309355736,0.7454624176025391,0.6893014945089817,-0.6893014945089817,label_Hcc,label_Tbqq
B_Hqql_to_Tbl,HToCC,/home/maxwelhelp/Рабочий стол/JetClassOfficial/val_5M/HToCC_120.root,2989,label_Hcc,label_Tbqq,label_Hcc,label_Tbqq,0.4034266769886017,0.5457608103752136,0.14233413338661194,-0.14233413338661194,22,pair_direct_legacy_replay,B_src_to_tgt,0.4034266769886017,0.5457608103752136,0.14233413338661194,-0.14233413338661194,label_Hcc,label_Tbqq
B_Hqql_to_Tbl,HToCC,/home/maxwelhelp/Рабочий стол/JetClassOfficial/val_5M/HToCC_120.root,3032,label_Hcc,label_Tbqq,label_Hcc,label_Tbqq,0.0023378964979201555,0.9894794821739197,0.9871415856759995,-0.9871415856759995,22,pair_direct_legacy_replay,B_src_to_tgt,0.0023378964979201555,0.9894794821739197,0.9871415856759995,-0.9871415856759995,label_Hcc,label_Tbqq
B_Hqql_to_Tbl,HToCC,/home/maxwelhelp/Рабочий стол/JetClassOfficial/val_5M/HToCC_120.root,3060,label_Hcc,label_Tbqq,label_Hcc,label_Tbqq,0.016334762796759605,0.9463031888008118,0.9299684260040522,-0.9299684260040522,22,pair_direct_legacy_replay,B_src_to_tgt,0.016334762796759605,0.9463031888008118,0.9299684260040522,-0.9299684260040522,label_Hcc,label_Tbqq
B_Hqql_to_Tbl,HToCC,/home/maxwelhelp/Рабочий стол/JetClassOfficial/val_5M/HToCC_120.root,3096,label_Hcc,label_Tbqq,label_Hcc,label_Tbqq,0.11192124336957932,0.5118920803070068,0.3999708369374275,-0.3999708369374275,22,pair_direct_legacy_replay,B_src_to_tgt,0.11192124336957932,0.5118920803070068,0.3999708369374275,-0.3999708369374275,label_Hcc,label_Tbqq
B_Hqql_to_Tbl,HToCC,/home/maxwelhelp/Рабочий стол/JetClassOfficial/val_5M/HToCC_120.root,3289,label_Hcc,label_Tbqq,label_Hcc,label_Tbqq,0.043145474046468735,0.6943467855453491,0.6512013114988804,-0.6512013114988804,22,pair_direct_legacy_replay,B_src_to_tgt,0.043145474046468735,0.6943467855453491,0.6512013114988804,-0.6512013114988804,label_Hcc,label_Tbqq
B_Hqql_to_Tbl,HToCC,/home/maxwelhelp/Рабочий стол/JetClassOfficial/val_5M/HToCC_120.root,3307,label_Hcc,label_Tbqq,label_Hcc,label_Tbqq,0.01171118300408125,0.6373502612113953,0.625639078207314,-0.625639078207314,22,pair_direct_legacy_replay,B_src_to_tgt,0.01171118300408125,0.6373502612113953,0.625639078207314,-0.625639078207314,label_Hcc,label_Tbqq
B_Hqql_to_Tbl,HToCC,/home/maxwelhelp/Рабочий стол/JetClassOfficial/val_5M/HToCC_120.root,3319,label_Hcc,label_Tbqq,label_Hcc,label_Tbqq,0.1802596002817154,0.7531142234802246,0.5728546231985092,-0.5728546231985092,22,pair_direct_legacy_replay,B_src_to_tgt,0.1802596002817154,0.7531142234802246,0.5728546231985092,-0.5728546231985092,label_Hcc,label_Tbqq
B_Hqql_to_Tbl,HToCC,/home/maxwelhelp/Рабочий стол/JetClassOfficial/val_5M/HToCC_120.root,3387,label_Hcc,label_Tbqq,label_Hcc,label_Tbqq,0.17170877754688263,0.5953570604324341,0.42364828288555145,-0.42364828288555145,22,pair_direct_legacy_replay,B_src_to_tgt,0.17170877754688263,0.5953570604324341,0.42364828288555145,-0.42364828288555145,label_Hcc,label_Tbqq
B_Hqql_to_Tbl,HToCC,/home/maxwelhelp/Рабочий стол/JetClassOfficial/val_5M/HToCC_120.root,3415,label_Hcc,label_Tbqq,label_Hcc,label_Tbqq,0.1793457567691803,0.7375732660293579,0.5582275092601776,-0.5582275092601776,22,pair_direct_legacy_replay,B_src_to_tgt,0.1793457567691803,0.7375732660293579,0.5582275092601776,-0.5582275092601776,label_Hcc,label_Tbqq
B_Hqql_to_Tbl,HToCC,/home/maxwelhelp/Рабочий стол/JetClassOfficial/val_5M/HToCC_120.root,3440,label_Hcc,label_Tbqq,label_Hcc,label_Tbqq,0.3287470042705536,0.5282124280929565,0.19946542382240295,-0.19946542382240295,22,pair_direct_legacy_replay,B_src_to_tgt,0.3287470042705536,0.5282124280929565,0.19946542382240295,-0.19946542382240295,label_Hcc,label_Tbqq
B_Hqql_to_Tbl,HToCC,/home/maxwelhelp/Рабочий стол/JetClassOfficial/val_5M/HToCC_120.root,3472,label_Hcc,label_Tbqq,label_Hcc,label_Tbqq,0.03724959120154381,0.950527012348175,0.9132774211466312,-0.9132774211466312,22,pair_direct_legacy_replay,B_src_to_tgt,0.03724959120154381,0.950527012348175,0.9132774211466312,-0.9132774211466312,label_Hcc,label_Tbqq
B_Hqql_to_Tbl,HToCC,/home/maxwelhelp/Рабочий стол/JetClassOfficial/val_5M/HToCC_120.root,3484,label_Hcc,label_Tbqq,label_Hcc,label_Tbqq,0.03229618817567825,0.9389320015907288,0.9066358134150505,-0.9066358134150505,22,pair_direct_legacy_replay,B_src_to_tgt,0.03229618817567825,0.9389320015907288,0.9066358134150505,-0.9066358134150505,label_Hcc,label_Tbqq
B_Hqql_to_Tbl,HToCC,/home/maxwelhelp/Рабочий стол/JetClassOfficial/val_5M/HToCC_120.root,3530,label_Hcc,label_Tbqq,label_Hcc,label_Tbqq,0.08570476621389389,0.823845386505127,0.7381406202912331,-0.7381406202912331,22,pair_direct_legacy_replay,B_src_to_tgt,0.08570476621389389,0.823845386505127,0.7381406202912331,-0.7381406202912331,label_Hcc,label_Tbqq
B_Hqql_to_Tbl,HToCC,/home/maxwelhelp/Рабочий стол/JetClassOfficial/val_5M/HToCC_120.root,3586,label_Hcc,label_Tbqq,label_Hcc,label_Tbqq,0.007813316769897938,0.35908278822898865,0.3512694714590907,-0.3512694714590907,22,pair_direct_legacy_replay,B_src_to_tgt,0.007813316769897938,0.35908278822898865,0.3512694714590907,-0.3512694714590907,label_Hcc,label_Tbqq
B_Hqql_to_Tbl,HToCC,/home/maxwelhelp/Рабочий стол/JetClassOfficial/val_5M/HToCC_120.root,3669,label_Hcc,label_Tbqq,label_Hcc,label_Tbqq,0.04065524414181709,0.5632872581481934,0.5226320140063763,-0.5226320140063763,22,pair_direct_legacy_replay,B_src_to_tgt,0.04065524414181709,0.5632872581481934,0.5226320140063763,-0.5226320140063763,label_Hcc,label_Tbqq
B_Hqql_to_Tbl,HToCC,/home/maxwelhelp/Рабочий стол/JetClassOfficial/val_5M/HToCC_120.root,3851,label_Hcc,label_Tbqq,label_Hcc,label_Tbqq,0.28926318883895874,0.6540519595146179,0.3647887706756592,-0.3647887706756592,22,pair_direct_legacy_replay,B_src_to_tgt,0.28926318883895874,0.6540519595146179,0.3647887706756592,-0.3647887706756592,label_Hcc,label_Tbqq
B_Hqql_to_Tbl,HToCC,/home/maxwelhelp/Рабочий стол/JetClassOfficial/val_5M/HToCC_120.root,3859,label_Hcc,label_Tbqq,label_Hcc,label_Tbqq,0.012442957609891891,0.9751569032669067,0.9627139456570148,-0.9627139456570148,22,pair_direct_legacy_replay,B_src_to_tgt,0.012442957609891891,0.9751569032669067,0.9627139456570148,-0.9627139456570148,label_Hcc,label_Tbqq
B_Hqql_to_Tbl,HToCC,/home/maxwelhelp/Рабочий стол/JetClassOfficial/val_5M/HToCC_120.root,3986,label_Hcc,label_Tbqq,label_Hcc,label_Tbqq,0.02911633439362049,0.9166377186775208,0.8875213842839003,-0.8875213842839003,22,pair_direct_legacy_replay,B_src_to_tgt,0.02911633439362049,0.9166377186775208,0.8875213842839003,-0.8875213842839003,label_Hcc,label_Tbqq
B_Hqql_to_Tbl,HToCC,/home/maxwelhelp/Рабочий стол/JetClassOfficial/val_5M/HToCC_120.root,3995,label_Hcc,label_Tbqq,label_Hcc,label_Tbqq,0.004076989833265543,0.9205150008201599,0.9164380109868944,-0.9164380109868944,22,pair_direct_legacy_replay,B_src_to_tgt,0.004076989833265543,0.9205150008201599,0.9164380109868944,-0.9164380109868944,label_Hcc,label_Tbqq
B_Hqql_to_Tbl,HToCC,/home/maxwelhelp/Рабочий стол/JetClassOfficial/val_5M/HToCC_120.root,4031,label_Hcc,label_Tbqq,label_Hcc,label_Tbqq,0.05991564691066742,0.5250661373138428,0.46515049040317535,-0.46515049040317535,22,pair_direct_legacy_replay,B_src_to_tgt,0.05991564691066742,0.5250661373138428,0.46515049040317535,-0.46515049040317535,label_Hcc,label_Tbqq
B_Hqql_to_Tbl,HToCC,/home/maxwelhelp/Рабочий стол/JetClassOfficial/val_5M/HToCC_120.root,4080,label_Hcc,label_Tbqq,label_Hcc,label_Tbqq,0.06353878974914551,0.6642854809761047,0.6007466912269592,-0.6007466912269592,22,pair_direct_legacy_replay,B_src_to_tgt,0.06353878974914551,0.6642854809761047,0.6007466912269592,-0.6007466912269592,label_Hcc,label_Tbqq
B_Hqql_to_Tbl,HToCC,/home/maxwelhelp/Рабочий стол/JetClassOfficial/val_5M/HToCC_120.root,4102,label_Hcc,label_Tbqq,label_Hcc,label_Tbqq,0.19689063727855682,0.3977448046207428,0.20085416734218597,-0.20085416734218597,22,pair_direct_legacy_replay,B_src_to_tgt,0.19689063727855682,0.3977448046207428,0.20085416734218597,-0.20085416734218597,label_Hcc,label_Tbqq
B_Hqql_to_Tbl,HToCC,/home/maxwelhelp/Рабочий стол/JetClassOfficial/val_5M/HToCC_120.root,4313,label_Hcc,label_Tbqq,label_Hcc,label_Tbqq,0.33904772996902466,0.5262523889541626,0.18720465898513794,-0.18720465898513794,22,pair_direct_legacy_replay,B_src_to_tgt,0.33904772996902466,0.5262523889541626,0.18720465898513794,-0.18720465898513794,label_Hcc,label_Tbqq
B_Hqql_to_Tbl,HToCC,/home/maxwelhelp/Рабочий стол/JetClassOfficial/val_5M/HToCC_120.root,4404,label_Hcc,label_Tbqq,label_Hcc,label_Tbqq,0.2727620303630829,0.6626483798027039,0.38988634943962097,-0.38988634943962097,22,pair_direct_legacy_replay,B_src_to_tgt,0.2727620303630829,0.6626483798027039,0.38988634943962097,-0.38988634943962097,label_Hcc,label_Tbqq
B_Hqql_to_Tbl,HToCC,/home/maxwelhelp/Рабочий стол/JetClassOfficial/val_5M/HToCC_120.root,4438,label_Hcc,label_Tbqq,label_Hcc,label_Tbqq,0.1462744027376175,0.40538984537124634,0.25911544263362885,-0.25911544263362885,22,pair_direct_legacy_replay,B_src_to_tgt,0.1462744027376175,0.40538984537124634,0.25911544263362885,-0.25911544263362885,label_Hcc,label_Tbqq
B_Hqql_to_Tbl,HToCC,/home/maxwelhelp/Рабочий стол/JetClassOfficial/val_5M/HToCC_120.root,4508,label_Hcc,label_Tbqq,label_Hcc,label_Tbqq,0.23841851949691772,0.4474860429763794,0.20906752347946167,-0.20906752347946167,22,pair_direct_legacy_replay,B_src_to_tgt,0.23841851949691772,0.4474860429763794,0.20906752347946167,-0.20906752347946167,label_Hcc,label_Tbqq
B_Hqql_to_Tbl,HToCC,/home/maxwelhelp/Рабочий стол/JetClassOfficial/val_5M/HToCC_120.root,4522,label_Hcc,label_Tbqq,label_Hcc,label_Tbqq,0.1659361571073532,0.4582769274711609,0.2923407703638077,-0.2923407703638077,22,pair_direct_legacy_replay,B_src_to_tgt,0.1659361571073532,0.4582769274711609,0.2923407703638077,-0.2923407703638077,label_Hcc,label_Tbqq
B_Hqql_to_Tbl,HToCC,/home/maxwelhelp/Рабочий стол/JetClassOfficial/val_5M/HToCC_120.root,4561,label_Hcc,label_Tbqq,label_Hcc,label_Tbqq,0.1885598599910736,0.4400532841682434,0.2514934241771698,-0.2514934241771698,22,pair_direct_legacy_replay,B_src_to_tgt,0.1885598599910736,0.4400532841682434,0.2514934241771698,-0.2514934241771698,label_Hcc,label_Tbqq
B_Hqql_to_Tbl,HToCC,/home/maxwelhelp/Рабочий стол/JetClassOfficial/val_5M/HToCC_120.root,4572,label_Hcc,label_Tbqq,label_Hcc,label_Tbqq,0.08347222954034805,0.8629029393196106,0.7794307097792625,-0.7794307097792625,22,pair_direct_legacy_replay,B_src_to_tgt,0.08347222954034805,0.8629029393196106,0.7794307097792625,-0.7794307097792625,label_Hcc,label_Tbqq
B_Hqql_to_Tbl,HToCC,/home/maxwelhelp/Рабочий стол/JetClassOfficial/val_5M/HToCC_120.root,4598,label_Hcc,label_Tbqq,label_Hcc,label_Tbqq,0.03726600110530853,0.8111258149147034,0.7738598138093948,-0.7738598138093948,22,pair_direct_legacy_replay,B_src_to_tgt,0.03726600110530853,0.8111258149147034,0.7738598138093948,-0.7738598138093948,label_Hcc,label_Tbqq
B_Hqql_to_Tbl,HToCC,/home/maxwelhelp/Рабочий стол/JetClassOfficial/val_5M/HToCC_120.root,4641,label_Hcc,label_Tbqq,label_Hcc,label_Tbqq,0.041016582399606705,0.2881920039653778,0.2471754215657711,-0.2471754215657711,22,pair_direct_legacy_replay,B_src_to_tgt,0.041016582399606705,0.2881920039653778,0.2471754215657711,-0.2471754215657711,label_Hcc,label_Tbqq
B_Hqql_to_Tbl,HToCC,/home/maxwelhelp/Рабочий стол/JetClassOfficial/val_5M/HToCC_120.root,4691,label_Hcc,label_Tbqq,label_Hcc,label_Tbqq,0.21851025521755219,0.7307927012443542,0.5122824460268021,-0.5122824460268021,22,pair_direct_legacy_replay,B_src_to_tgt,0.21851025521755219,0.7307927012443542,0.5122824460268021,-0.5122824460268021,label_Hcc,label_Tbqq
B_Hqql_to_Tbl,HToCC,/home/maxwelhelp/Рабочий стол/JetClassOfficial/val_5M/HToCC_120.root,4694,label_Hcc,label_Tbqq,label_Hcc,label_Tbqq,0.006025983951985836,0.8960986733436584,0.8900726893916726,-0.8900726893916726,22,pair_direct_legacy_replay,B_src_to_tgt,0.006025983951985836,0.8960986733436584,0.8900726893916726,-0.8900726893916726,label_Hcc,label_Tbqq
B_Hqql_to_Tbl,HToCC,/home/maxwelhelp/Рабочий стол/JetClassOfficial/val_5M/HToCC_120.root,4726,label_Hcc,label_Tbqq,label_Hcc,label_Tbqq,0.25410422682762146,0.38804203271865845,0.133937805891037,-0.133937805891037,22,pair_direct_legacy_replay,B_src_to_tgt,0.25410422682762146,0.38804203271865845,0.133937805891037,-0.133937805891037,label_Hcc,label_Tbqq
B_Hqql_to_Tbl,HToCC,/home/maxwelhelp/Рабочий стол/JetClassOfficial/val_5M/HToCC_120.root,4744,label_Hcc,label_Tbqq,label_Hcc,label_Tbqq,0.034517690539360046,0.37104663252830505,0.336528941988945,-0.336528941988945,22,pair_direct_legacy_replay,B_src_to_tgt,0.034517690539360046,0.37104663252830505,0.336528941988945,-0.336528941988945,label_Hcc,label_Tbqq
B_Hqql_to_Tbl,HToCC,/home/maxwelhelp/Рабочий стол/JetClassOfficial/val_5M/HToCC_120.root,4860,label_Hcc,label_Tbqq,label_Hcc,label_Tbqq,0.06496629118919373,0.49287012219429016,0.42790383100509644,-0.42790383100509644,22,pair_direct_legacy_replay,B_src_to_tgt,0.06496629118919373,0.49287012219429016,0.42790383100509644,-0.42790383100509644,label_Hcc,label_Tbqq
B_Hqql_to_Tbl,HToCC,/home/maxwelhelp/Рабочий стол/JetClassOfficial/val_5M/HToCC_120.root,4961,label_Hcc,label_Tbqq,label_Hcc,label_Tbqq,0.26065248250961304,0.4412889778614044,0.18063649535179138,-0.18063649535179138,22,pair_direct_legacy_replay,B_src_to_tgt,0.26065248250961304,0.4412889778614044,0.18063649535179138,-0.18063649535179138,label_Hcc,label_Tbqq
B_Hqql_to_Tbl,HToCC,/home/maxwelhelp/Рабочий стол/JetClassOfficial/val_5M/HToCC_120.root,4993,label_Hcc,label_Tbqq,label_Hcc,label_Tbqq,0.02428215742111206,0.5298743844032288,0.5055922269821167,-0.5055922269821167,22,pair_direct_legacy_replay,B_src_to_tgt,0.02428215742111206,0.5298743844032288,0.5055922269821167,-0.5055922269821167,label_Hcc,label_Tbqq
B_Hqql_to_Tbl,HToCC,/home/maxwelhelp/Рабочий стол/JetClassOfficial/val_5M/HToCC_120.root,5333,label_Hcc,label_Tbqq,label_Hcc,label_Tbqq,0.10408433526754379,0.39347243309020996,0.28938809782266617,-0.28938809782266617,22,pair_direct_legacy_replay,B_src_to_tgt,0.10408433526754379,0.39347243309020996,0.28938809782266617,-0.28938809782266617,label_Hcc,label_Tbqq
B_Hqql_to_Tbl,HToCC,/home/maxwelhelp/Рабочий стол/JetClassOfficial/val_5M/HToCC_120.root,5341,label_Hcc,label_Tbqq,label_Hcc,label_Tbqq,0.15875673294067383,0.5513469576835632,0.3925902247428894,-0.3925902247428894,22,pair_direct_legacy_replay,B_src_to_tgt,0.15875673294067383,0.5513469576835632,0.3925902247428894,-0.3925902247428894,label_Hcc,label_Tbqq
B_Hqql_to_Tbl,HToCC,/home/maxwelhelp/Рабочий стол/JetClassOfficial/val_5M/HToCC_120.root,5483,label_Hcc,label_Tbqq,label_Hcc,label_Tbqq,0.04629460349678993,0.8383975028991699,0.79210289940238,-0.79210289940238,22,pair_direct_legacy_replay,B_src_to_tgt,0.04629460349678993,0.8383975028991699,0.79210289940238,-0.79210289940238,label_Hcc,label_Tbqq
B_Hqql_to_Tbl,HToCC,/home/maxwelhelp/Рабочий стол/JetClassOfficial/val_5M/HToCC_120.root,5530,label_Hcc,label_Tbqq,label_Hcc,label_Tbqq,0.21200919151306152,0.5043755769729614,0.2923663854598999,-0.2923663854598999,22,pair_direct_legacy_replay,B_src_to_tgt,0.21200919151306152,0.5043755769729614,0.2923663854598999,-0.2923663854598999,label_Hcc,label_Tbqq
B_Hqql_to_Tbl,HToCC,/home/maxwelhelp/Рабочий стол/JetClassOfficial/val_5M/HToCC_120.root,5581,label_Hcc,label_Tbqq,label_Hcc,label_Tbqq,0.23841089010238647,0.5144452452659607,0.2760343551635742,-0.2760343551635742,22,pair_direct_legacy_replay,B_src_to_tgt,0.23841089010238647,0.5144452452659607,0.2760343551635742,-0.2760343551635742,label_Hcc,label_Tbqq
B_Hqql_to_Tbl,HToCC,/home/maxwelhelp/Рабочий стол/JetClassOfficial/val_5M/HToCC_120.root,5634,label_Hcc,label_Tbqq,label_Hcc,label_Tbqq,0.18732956051826477,0.3198542892932892,0.13252472877502441,-0.13252472877502441,22,pair_direct_legacy_replay,B_src_to_tgt,0.18732956051826477,0.3198542892932892,0.13252472877502441,-0.13252472877502441,label_Hcc,label_Tbqq
B_Hqql_to_Tbl,HToCC,/home/maxwelhelp/Рабочий стол/JetClassOfficial/val_5M/HToCC_120.root,5651,label_Hcc,label_Tbqq,label_Hcc,label_Tbqq,0.03615792840719223,0.5753979086875916,0.5392399802803993,-0.5392399802803993,22,pair_direct_legacy_replay,B_src_to_tgt,0.03615792840719223,0.5753979086875916,0.5392399802803993,-0.5392399802803993,label_Hcc,label_Tbqq
B_Hqql_to_Tbl,HToCC,/home/maxwelhelp/Рабочий стол/JetClassOfficial/val_5M/HToCC_120.root,5656,label_Hcc,label_Tbqq,label_Hcc,label_Tbqq,0.2951885759830475,0.6625187993049622,0.3673302233219147,-0.3673302233219147,22,pair_direct_legacy_replay,B_src_to_tgt,0.2951885759830475,0.6625187993049622,0.3673302233219147,-0.3673302233219147,label_Hcc,label_Tbqq
B_Hqql_to_Tbl,HToCC,/home/maxwelhelp/Рабочий стол/JetClassOfficial/val_5M/HToCC_120.root,5682,label_Hcc,label_Tbqq,label_Hcc,label_Tbqq,0.1940155029296875,0.7899376749992371,0.5959221720695496,-0.5959221720695496,22,pair_direct_legacy_replay,B_src_to_tgt,0.1940155029296875,0.7899376749992371,0.5959221720695496,-0.5959221720695496,label_Hcc,label_Tbqq
B_Hqql_to_Tbl,HToCC,/home/maxwelhelp/Рабочий стол/JetClassOfficial/val_5M/HToCC_120.root,5778,label_Hcc,label_Tbqq,label_Hcc,label_Tbqq,0.042352352291345596,0.8958292007446289,0.8534768484532833,-0.8534768484532833,22,pair_direct_legacy_replay,B_src_to_tgt,0.042352352291345596,0.8958292007446289,0.8534768484532833,-0.8534768484532833,label_Hcc,label_Tbqq
B_Hqql_to_Tbl,HToCC,/home/maxwelhelp/Рабочий стол/JetClassOfficial/val_5M/HToCC_120.root,5858,label_Hcc,label_Tbqq,label_Hcc,label_Tbqq,0.03306237608194351,0.4439461827278137,0.4108838066458702,-0.4108838066458702,22,pair_direct_legacy_replay,B_src_to_tgt,0.03306237608194351,0.4439461827278137,0.4108838066458702,-0.4108838066458702,label_Hcc,label_Tbqq
B_Hqql_to_Tbl,HToCC,/home/maxwelhelp/Рабочий стол/JetClassOfficial/val_5M/HToCC_120.root,6050,label_Hcc,label_Tbqq,label_Hcc,label_Tbqq,0.020256634801626205,0.5979296565055847,0.5776730217039585,-0.5776730217039585,22,pair_direct_legacy_replay,B_src_to_tgt,0.020256634801626205,0.5979296565055847,0.5776730217039585,-0.5776730217039585,label_Hcc,label_Tbqq
B_Hqql_to_Tbl,HToCC,/home/maxwelhelp/Рабочий стол/JetClassOfficial/val_5M/HToCC_120.root,6121,label_Hcc,label_Tbqq,label_Hcc,label_Tbqq,0.3023562431335449,0.3729151487350464,0.07055890560150146,-0.07055890560150146,22,pair_direct_legacy_replay,B_src_to_tgt,0.3023562431335449,0.3729151487350464,0.07055890560150146,-0.07055890560150146,label_Hcc,label_Tbqq
B_Hqql_to_Tbl,HToCC,/home/maxwelhelp/Рабочий стол/JetClassOfficial/val_5M/HToCC_120.root,6139,label_Hcc,label_Tbqq,label_Hcc,label_Tbqq,0.12170713394880295,0.7358235120773315,0.6141163781285286,-0.6141163781285286,22,pair_direct_legacy_replay,B_src_to_tgt,0.12170713394880295,0.7358235120773315,0.6141163781285286,-0.6141163781285286,label_Hcc,label_Tbqq
B_Hqql_to_Tbl,HToCC,/home/maxwelhelp/Рабочий стол/JetClassOfficial/val_5M/HToCC_120.root,6149,label_Hcc,label_Tbqq,label_Hcc,label_Tbqq,0.040836818516254425,0.9473106265068054,0.906473807990551,-0.906473807990551,22,pair_direct_legacy_replay,B_src_to_tgt,0.040836818516254425,0.9473106265068054,0.906473807990551,-0.906473807990551,label_Hcc,label_Tbqq
B_Hqql_to_Tbl,HToCC,/home/maxwelhelp/Рабочий стол/JetClassOfficial/val_5M/HToCC_120.root,6178,label_Hcc,label_Tbqq,label_Hcc,label_Tbqq,0.29066264629364014,0.36794599890708923,0.0772833526134491,-0.0772833526134491,22,pair_direct_legacy_replay,B_src_to_tgt,0.29066264629364014,0.36794599890708923,0.0772833526134491,-0.0772833526134491,label_Hcc,label_Tbqq
B_Hqql_to_Tbl,HToCC,/home/maxwelhelp/Рабочий стол/JetClassOfficial/val_5M/HToCC_120.root,6180,label_Hcc,label_Tbqq,label_Hcc,label_Tbqq,0.22851938009262085,0.36220216751098633,0.13368278741836548,-0.13368278741836548,22,pair_direct_legacy_replay,B_src_to_tgt,0.22851938009262085,0.36220216751098633,0.13368278741836548,-0.13368278741836548,label_Hcc,label_Tbqq
B_Hqql_to_Tbl,HToCC,/home/maxwelhelp/Рабочий стол/JetClassOfficial/val_5M/HToCC_120.root,6181,label_Hcc,label_Tbqq,label_Hcc,label_Tbqq,0.21975216269493103,0.7479977011680603,0.5282455384731293,-0.5282455384731293,22,pair_direct_legacy_replay,B_src_to_tgt,0.21975216269493103,0.7479977011680603,0.5282455384731293,-0.5282455384731293,label_Hcc,label_Tbqq
B_Hqql_to_Tbl,HToCC,/home/maxwelhelp/Рабочий стол/JetClassOfficial/val_5M/HToCC_120.root,6225,label_Hcc,label_Tbqq,label_Hcc,label_Tbqq,0.03761913999915123,0.7027865648269653,0.6651674248278141,-0.6651674248278141,22,pair_direct_legacy_replay,B_src_to_tgt,0.03761913999915123,0.7027865648269653,0.6651674248278141,-0.6651674248278141,label_Hcc,label_Tbqq
B_Hqql_to_Tbl,HToCC,/home/maxwelhelp/Рабочий стол/JetClassOfficial/val_5M/HToCC_120.root,6311,label_Hcc,label_Tbqq,label_Hcc,label_Tbqq,0.011921722441911697,0.7574428915977478,0.7455211691558361,-0.7455211691558361,22,pair_direct_legacy_replay,B_src_to_tgt,0.011921722441911697,0.7574428915977478,0.7455211691558361,-0.7455211691558361,label_Hcc,label_Tbqq
B_Hqql_to_Tbl,HToCC,/home/maxwelhelp/Рабочий стол/JetClassOfficial/val_5M/HToCC_120.root,6326,label_Hcc,label_Tbqq,label_Hcc,label_Tbqq,0.006530750542879105,0.43436089158058167,0.42783014103770256,-0.42783014103770256,22,pair_direct_legacy_replay,B_src_to_tgt,0.006530750542879105,0.43436089158058167,0.42783014103770256,-0.42783014103770256,label_Hcc,label_Tbqq
B_Hqql_to_Tbl,HToCC,/home/maxwelhelp/Рабочий стол/JetClassOfficial/val_5M/HToCC_120.root,6389,label_Hcc,label_Tbqq,label_Hcc,label_Tbqq,0.15650278329849243,0.7704873085021973,0.6139845252037048,-0.6139845252037048,22,pair_direct_legacy_replay,B_src_to_tgt,0.15650278329849243,0.7704873085021973,0.6139845252037048,-0.6139845252037048,label_Hcc,label_Tbqq
B_Hqql_to_Tbl,HToCC,/home/maxwelhelp/Рабочий стол/JetClassOfficial/val_5M/HToCC_120.root,6507,label_Hcc,label_Tbqq,label_Hcc,label_Tbqq,0.003213602816686034,0.8553152084350586,0.8521016056183726,-0.8521016056183726,22,pair_direct_legacy_replay,B_src_to_tgt,0.003213602816686034,0.8553152084350586,0.8521016056183726,-0.8521016056183726,label_Hcc,label_Tbqq
B_Hqql_to_Tbl,HToCC,/home/maxwelhelp/Рабочий стол/JetClassOfficial/val_5M/HToCC_120.root,6570,label_Hcc,label_Tbqq,label_Hcc,label_Tbqq,0.19676637649536133,0.7429687976837158,0.5462024211883545,-0.5462024211883545,22,pair_direct_legacy_replay,B_src_to_tgt,0.19676637649536133,0.7429687976837158,0.5462024211883545,-0.5462024211883545,label_Hcc,label_Tbqq
B_Hqql_to_Tbl,HToCC,/home/maxwelhelp/Рабочий стол/JetClassOfficial/val_5M/HToCC_120.root,6680,label_Hcc,label_Tbqq,label_Hcc,label_Tbqq,0.09315889328718185,0.37114477157592773,0.2779858782887459,-0.2779858782887459,22,pair_direct_legacy_replay,B_src_to_tgt,0.09315889328718185,0.37114477157592773,0.2779858782887459,-0.2779858782887459,label_Hcc,label_Tbqq
B_Hqql_to_Tbl,HToCC,/home/maxwelhelp/Рабочий стол/JetClassOfficial/val_5M/HToCC_120.root,6687,label_Hcc,label_Tbqq,label_Hcc,label_Tbqq,0.1797884851694107,0.574281632900238,0.39449314773082733,-0.39449314773082733,22,pair_direct_legacy_replay,B_src_to_tgt,0.1797884851694107,0.574281632900238,0.39449314773082733,-0.39449314773082733,label_Hcc,label_Tbqq
B_Hqql_to_Tbl,HToCC,/home/maxwelhelp/Рабочий стол/JetClassOfficial/val_5M/HToCC_120.root,6732,label_Hcc,label_Tbqq,label_Hcc,label_Tbqq,0.3736594617366791,0.47740480303764343,0.10374534130096436,-0.10374534130096436,22,pair_direct_legacy_replay,B_src_to_tgt,0.3736594617366791,0.47740480303764343,0.10374534130096436,-0.10374534130096436,label_Hcc,label_Tbqq
B_Hqql_to_Tbl,HToCC,/home/maxwelhelp/Рабочий стол/JetClassOfficial/val_5M/HToCC_120.root,6754,label_Hcc,label_Tbqq,label_Hcc,label_Tbqq,0.10828183591365814,0.7516710758209229,0.6433892399072647,-0.6433892399072647,22,pair_direct_legacy_replay,B_src_to_tgt,0.10828183591365814,0.7516710758209229,0.6433892399072647,-0.6433892399072647,label_Hcc,label_Tbqq
B_Hqql_to_Tbl,HToCC,/home/maxwelhelp/Рабочий стол/JetClassOfficial/val_5M/HToCC_120.root,6755,label_Hcc,label_Tbqq,label_Hcc,label_Tbqq,0.22054432332515717,0.22234006226062775,0.001795738935470581,-0.001795738935470581,22,pair_direct_legacy_replay,B_src_to_tgt,0.22054432332515717,0.22234006226062775,0.001795738935470581,-0.001795738935470581,label_Hcc,label_Tbqq
B_Hqql_to_Tbl,HToCC,/home/maxwelhelp/Рабочий стол/JetClassOfficial/val_5M/HToCC_120.root,6802,label_Hcc,label_Tbqq,label_Hcc,label_Tbqq,0.035340964794158936,0.933887779712677,0.8985468149185181,-0.8985468149185181,22,pair_direct_legacy_replay,B_src_to_tgt,0.035340964794158936,0.933887779712677,0.8985468149185181,-0.8985468149185181,label_Hcc,label_Tbqq
B_Hqql_to_Tbl,HToCC,/home/maxwelhelp/Рабочий стол/JetClassOfficial/val_5M/HToCC_120.root,7030,label_Hcc,label_Tbqq,label_Hcc,label_Tbqq,0.026670223101973534,0.5663849711418152,0.5397147480398417,-0.5397147480398417,22,pair_direct_legacy_replay,B_src_to_tgt,0.026670223101973534,0.5663849711418152,0.5397147480398417,-0.5397147480398417,label_Hcc,label_Tbqq
B_Hqql_to_Tbl,HToCC,/home/maxwelhelp/Рабочий стол/JetClassOfficial/val_5M/HToCC_120.root,7100,label_Hcc,label_Tbqq,label_Hcc,label_Tbqq,0.26888737082481384,0.3025597631931305,0.03367239236831665,-0.03367239236831665,22,pair_direct_legacy_replay,B_src_to_tgt,0.26888737082481384,0.3025597631931305,0.03367239236831665,-0.03367239236831665,label_Hcc,label_Tbqq
B_Hqql_to_Tbl,HToCC,/home/maxwelhelp/Рабочий стол/JetClassOfficial/val_5M/HToCC_120.root,7239,label_Hcc,label_Tbqq,label_Hcc,label_Tbqq,0.04112241044640541,0.5419967174530029,0.5008743070065975,-0.5008743070065975,22,pair_direct_legacy_replay,B_src_to_tgt,0.04112241044640541,0.5419967174530029,0.5008743070065975,-0.5008743070065975,label_Hcc,label_Tbqq
B_Hqql_to_Tbl,HToCC,/home/maxwelhelp/Рабочий стол/JetClassOfficial/val_5M/HToCC_120.root,7303,label_Hcc,label_Tbqq,label_Hcc,label_Tbqq,0.013261968269944191,0.6967108845710754,0.6834489163011312,-0.6834489163011312,22,pair_direct_legacy_replay,B_src_to_tgt,0.013261968269944191,0.6967108845710754,0.6834489163011312,-0.6834489163011312,label_Hcc,label_Tbqq
B_Hqql_to_Tbl,HToCC,/home/maxwelhelp/Рабочий стол/JetClassOfficial/val_5M/HToCC_120.root,7469,label_Hcc,label_Tbqq,label_Hcc,label_Tbqq,0.15305019915103912,0.7000759840011597,0.5470257848501205,-0.5470257848501205,22,pair_direct_legacy_replay,B_src_to_tgt,0.15305019915103912,0.7000759840011597,0.5470257848501205,-0.5470257848501205,label_Hcc,label_Tbqq
B_Hqql_to_Tbl,HToCC,/home/maxwelhelp/Рабочий стол/JetClassOfficial/val_5M/HToCC_120.root,7545,label_Hcc,label_Tbqq,label_Hcc,label_Tbqq,0.001490518799982965,0.9794279932975769,0.9779374744975939,-0.9779374744975939,22,pair_direct_legacy_replay,B_src_to_tgt,0.001490518799982965,0.9794279932975769,0.9779374744975939,-0.9779374744975939,label_Hcc,label_Tbqq
B_Hqql_to_Tbl,HToCC,/home/maxwelhelp/Рабочий стол/JetClassOfficial/val_5M/HToCC_120.root,7558,label_Hcc,label_Tbqq,label_Hcc,label_Tbqq,0.3338172137737274,0.4576002061367035,0.12378299236297607,-0.12378299236297607,22,pair_direct_legacy_replay,B_src_to_tgt,0.3338172137737274,0.4576002061367035,0.12378299236297607,-0.12378299236297607,label_Hcc,label_Tbqq
B_Hqql_to_Tbl,HToCC,/home/maxwelhelp/Рабочий стол/JetClassOfficial/val_5M/HToCC_120.root,7613,label_Hcc,label_Tbqq,label_Hcc,label_Tbqq,0.2316679209470749,0.25301846861839294,0.021350547671318054,-0.021350547671318054,22,pair_direct_legacy_replay,B_src_to_tgt,0.2316679209470749,0.25301846861839294,0.021350547671318054,-0.021350547671318054,label_Hcc,label_Tbqq
B_Hqql_to_Tbl,HToCC,/home/maxwelhelp/Рабочий стол/JetClassOfficial/val_5M/HToCC_120.root,7633,label_Hcc,label_Tbqq,label_Hcc,label_Tbqq,0.09197913855314255,0.5940545797348022,0.5020754411816597,-0.5020754411816597,22,pair_direct_legacy_replay,B_src_to_tgt,0.09197913855314255,0.5940545797348022,0.5020754411816597,-0.5020754411816597,label_Hcc,label_Tbqq
B_Hqql_to_Tbl,HToCC,/home/maxwelhelp/Рабочий стол/JetClassOfficial/val_5M/HToCC_120.root,7677,label_Hcc,label_Tbqq,label_Hcc,label_Tbqq,0.06819450110197067,0.8155614137649536,0.7473669126629829,-0.7473669126629829,22,pair_direct_legacy_replay,B_src_to_tgt,0.06819450110197067,0.8155614137649536,0.7473669126629829,-0.7473669126629829,label_Hcc,label_Tbqq
B_Hqql_to_Tbl,HToCC,/home/maxwelhelp/Рабочий стол/JetClassOfficial/val_5M/HToCC_120.root,7681,label_Hcc,label_Tbqq,label_Hcc,label_Tbqq,0.001130250166170299,0.8712155818939209,0.8700853317277506,-0.8700853317277506,22,pair_direct_legacy_replay,B_src_to_tgt,0.001130250166170299,0.8712155818939209,0.8700853317277506,-0.8700853317277506,label_Hcc,label_Tbqq
B_Hqql_to_Tbl,HToCC,/home/maxwelhelp/Рабочий стол/JetClassOfficial/val_5M/HToCC_120.root,7685,label_Hcc,label_Tbqq,label_Hcc,label_Tbqq,0.04679202288389206,0.7786293625831604,0.7318373396992683,-0.7318373396992683,22,pair_direct_legacy_replay,B_src_to_tgt,0.04679202288389206,0.7786293625831604,0.7318373396992683,-0.7318373396992683,label_Hcc,label_Tbqq
B_Hqql_to_Tbl,HToCC,/home/maxwelhelp/Рабочий стол/JetClassOfficial/val_5M/HToCC_120.root,7690,label_Hcc,label_Tbqq,label_Hcc,label_Tbqq,0.017299478873610497,0.6730479001998901,0.6557484213262796,-0.6557484213262796,22,pair_direct_legacy_replay,B_src_to_tgt,0.017299478873610497,0.6730479001998901,0.6557484213262796,-0.6557484213262796,label_Hcc,label_Tbqq
B_Hqql_to_Tbl,HToCC,/home/maxwelhelp/Рабочий стол/JetClassOfficial/val_5M/HToCC_120.root,7791,label_Hcc,label_Tbqq,label_Hcc,label_Tbqq,0.10176797956228256,0.35637515783309937,0.2546071782708168,-0.2546071782708168,22,pair_direct_legacy_replay,B_src_to_tgt,0.10176797956228256,0.35637515783309937,0.2546071782708168,-0.2546071782708168,label_Hcc,label_Tbqq
B_Hqql_to_Tbl,HToCC,/home/maxwelhelp/Рабочий стол/JetClassOfficial/val_5M/HToCC_120.root,7842,label_Hcc,label_Tbqq,label_Hcc,label_Tbqq,0.2501698434352875,0.3438275158405304,0.09365767240524292,-0.09365767240524292,22,pair_direct_legacy_replay,B_src_to_tgt,0.2501698434352875,0.3438275158405304,0.09365767240524292,-0.09365767240524292,label_Hcc,label_Tbqq
B_Hqql_to_Tbl,HToCC,/home/maxwelhelp/Рабочий стол/JetClassOfficial/val_5M/HToCC_120.root,7882,label_Hcc,label_Tbqq,label_Hcc,label_Tbqq,0.023385658860206604,0.9656977653503418,0.9423121064901352,-0.9423121064901352,22,pair_direct_legacy_replay,B_src_to_tgt,0.023385658860206604,0.9656977653503418,0.9423121064901352,-0.9423121064901352,label_Hcc,label_Tbqq
B_Hqql_to_Tbl,HToCC,/home/maxwelhelp/Рабочий стол/JetClassOfficial/val_5M/HToCC_120.root,7913,label_Hcc,label_Tbqq,label_Hcc,label_Tbqq,0.3860098421573639,0.5066967606544495,0.12068691849708557,-0.12068691849708557,22,pair_direct_legacy_replay,B_src_to_tgt,0.3860098421573639,0.5066967606544495,0.12068691849708557,-0.12068691849708557,label_Hcc,label_Tbqq
B_Hqql_to_Tbl,HToCC,/home/maxwelhelp/Рабочий стол/JetClassOfficial/val_5M/HToCC_120.root,7959,label_Hcc,label_Tbqq,label_Hcc,label_Tbqq,0.3281306326389313,0.49897629022598267,0.1708456575870514,-0.1708456575870514,22,pair_direct_legacy_replay,B_src_to_tgt,0.3281306326389313,0.49897629022598267,0.1708456575870514,-0.1708456575870514,label_Hcc,label_Tbqq
B_Hqql_to_Tbl,HToCC,/home/maxwelhelp/Рабочий стол/JetClassOfficial/val_5M/HToCC_120.root,8014,label_Hcc,label_Tbqq,label_Hcc,label_Tbqq,0.020226458087563515,0.9667624235153198,0.9465359654277563,-0.9465359654277563,22,pair_direct_legacy_replay,B_src_to_tgt,0.020226458087563515,0.9667624235153198,0.9465359654277563,-0.9465359654277563,label_Hcc,label_Tbqq
B_Hqql_to_Tbl,HToCC,/home/maxwelhelp/Рабочий стол/JetClassOfficial/val_5M/HToCC_120.root,8087,label_Hcc,label_Tbqq,label_Hcc,label_Tbqq,0.15911412239074707,0.6381018161773682,0.4789876937866211,-0.4789876937866211,22,pair_direct_legacy_replay,B_src_to_tgt,0.15911412239074707,0.6381018161773682,0.4789876937866211,-0.4789876937866211,label_Hcc,label_Tbqq
B_Hqql_to_Tbl,HToCC,/home/maxwelhelp/Рабочий стол/JetClassOfficial/val_5M/HToCC_120.root,8255,label_Hcc,label_Tbqq,label_Hcc,label_Tbqq,0.35139039158821106,0.40935638546943665,0.057965993881225586,-0.057965993881225586,22,pair_direct_legacy_replay,B_src_to_tgt,0.35139039158821106,0.40935638546943665,0.057965993881225586,-0.057965993881225586,label_Hcc,label_Tbqq
B_Hqql_to_Tbl,HToCC,/home/maxwelhelp/Рабочий стол/JetClassOfficial/val_5M/HToCC_120.root,8382,label_Hcc,label_Tbqq,label_Hcc,label_Tbqq,0.2572823464870453,0.7017574310302734,0.44447508454322815,-0.44447508454322815,22,pair_direct_legacy_replay,B_src_to_tgt,0.2572823464870453,0.7017574310302734,0.44447508454322815,-0.44447508454322815,label_Hcc,label_Tbqq
B_Hqql_to_Tbl,HToCC,/home/maxwelhelp/Рабочий стол/JetClassOfficial/val_5M/HToCC_120.root,8581,label_Hcc,label_Tbqq,label_Hcc,label_Tbqq,0.27591472864151,0.5793455243110657,0.30343079566955566,-0.30343079566955566,22,pair_direct_legacy_replay,B_src_to_tgt,0.27591472864151,0.5793455243110657,0.30343079566955566,-0.30343079566955566,label_Hcc,label_Tbqq
B_Hqql_to_Tbl,HToCC,/home/maxwelhelp/Рабочий стол/JetClassOfficial/val_5M/HToCC_120.root,8636,label_Hcc,label_Tbqq,label_Hcc,label_Tbqq,0.013870051130652428,0.982530415058136,0.9686603639274836,-0.9686603639274836,22,pair_direct_legacy_replay,B_src_to_tgt,0.013870051130652428,0.982530415058136,0.9686603639274836,-0.9686603639274836,label_Hcc,label_Tbqq
B_Hqql_to_Tbl,HToCC,/home/maxwelhelp/Рабочий стол/JetClassOfficial/val_5M/HToCC_120.root,8796,label_Hcc,label_Tbqq,label_Hcc,label_Tbqq,0.28763025999069214,0.6871938705444336,0.39956361055374146,-0.39956361055374146,22,pair_direct_legacy_replay,B_src_to_tgt,0.28763025999069214,0.6871938705444336,0.39956361055374146,-0.39956361055374146,label_Hcc,label_Tbqq
B_Hqql_to_Tbl,HToCC,/home/maxwelhelp/Рабочий стол/JetClassOfficial/val_5M/HToCC_120.root,8927,label_Hcc,label_Tbqq,label_Hcc,label_Tbqq,0.17091406881809235,0.6472881436347961,0.4763740748167038,-0.4763740748167038,22,pair_direct_legacy_replay,B_src_to_tgt,0.17091406881809235,0.6472881436347961,0.4763740748167038,-0.4763740748167038,label_Hcc,label_Tbqq
B_Hqql_to_Tbl,HToCC,/home/maxwelhelp/Рабочий стол/JetClassOfficial/val_5M/HToCC_120.root,8941,label_Hcc,label_Tbqq,label_Hcc,label_Tbqq,0.22285489737987518,0.507129430770874,0.28427453339099884,-0.28427453339099884,22,pair_direct_legacy_replay,B_src_to_tgt,0.22285489737987518,0.507129430770874,0.28427453339099884,-0.28427453339099884,label_Hcc,label_Tbqq
B_Hqql_to_Tbl,HToCC,/home/maxwelhelp/Рабочий стол/JetClassOfficial/val_5M/HToCC_120.root,8965,label_Hcc,label_Tbqq,label_Hcc,label_Tbqq,0.172794908285141,0.31504392623901367,0.14224901795387268,-0.14224901795387268,22,pair_direct_legacy_replay,B_src_to_tgt,0.172794908285141,0.31504392623901367,0.14224901795387268,-0.14224901795387268,label_Hcc,label_Tbqq
B_Hqql_to_Tbl,HToCC,/home/maxwelhelp/Рабочий стол/JetClassOfficial/val_5M/HToCC_120.root,9099,label_Hcc,label_Tbqq,label_Hcc,label_Tbqq,0.3866313695907593,0.5668076872825623,0.18017631769180298,-0.18017631769180298,22,pair_direct_legacy_replay,B_src_to_tgt,0.3866313695907593,0.5668076872825623,0.18017631769180298,-0.18017631769180298,label_Hcc,label_Tbqq
B_Hqql_to_Tbl,HToCC,/home/maxwelhelp/Рабочий стол/JetClassOfficial/val_5M/HToCC_120.root,9271,label_Hcc,label_Tbqq,label_Hcc,label_Tbqq,0.05058940872550011,0.35846078395843506,0.30787137523293495,-0.30787137523293495,22,pair_direct_legacy_replay,B_src_to_tgt,0.05058940872550011,0.35846078395843506,0.30787137523293495,-0.30787137523293495,label_Hcc,label_Tbqq
B_Hqql_to_Tbl,HToCC,/home/maxwelhelp/Рабочий стол/JetClassOfficial/val_5M/HToCC_120.root,9339,label_Hcc,label_Tbqq,label_Hcc,label_Tbqq,0.11655796319246292,0.8344830870628357,0.7179251238703728,-0.7179251238703728,22,pair_direct_legacy_replay,B_src_to_tgt,0.11655796319246292,0.8344830870628357,0.7179251238703728,-0.7179251238703728,label_Hcc,label_Tbqq
B_Hqql_to_Tbl,HToCC,/home/maxwelhelp/Рабочий стол/JetClassOfficial/val_5M/HToCC_120.root,9372,label_Hcc,label_Tbqq,label_Hcc,label_Tbqq,0.3077045977115631,0.5780051350593567,0.2703005373477936,-0.2703005373477936,22,pair_direct_legacy_replay,B_src_to_tgt,0.3077045977115631,0.5780051350593567,0.2703005373477936,-0.2703005373477936,label_Hcc,label_Tbqq
B_Hqql_to_Tbl,HToCC,/home/maxwelhelp/Рабочий стол/JetClassOfficial/val_5M/HToCC_120.root,9430,label_Hcc,label_Tbqq,label_Hcc,label_Tbqq,0.01745343953371048,0.6215881705284119,0.6041347309947014,-0.6041347309947014,22,pair_direct_legacy_replay,B_src_to_tgt,0.01745343953371048,0.6215881705284119,0.6041347309947014,-0.6041347309947014,label_Hcc,label_Tbqq
B_Hqql_to_Tbl,HToCC,/home/maxwelhelp/Рабочий стол/JetClassOfficial/val_5M/HToCC_120.root,9500,label_Hcc,label_Tbqq,label_Hcc,label_Tbqq,0.3500251770019531,0.5621322393417358,0.21210706233978271,-0.21210706233978271,22,pair_direct_legacy_replay,B_src_to_tgt,0.3500251770019531,0.5621322393417358,0.21210706233978271,-0.21210706233978271,label_Hcc,label_Tbqq
B_Hqql_to_Tbl,HToCC,/home/maxwelhelp/Рабочий стол/JetClassOfficial/val_5M/HToCC_120.root,9582,label_Hcc,label_Tbqq,label_Hcc,label_Tbqq,0.057965368032455444,0.5075607895851135,0.4495954215526581,-0.4495954215526581,22,pair_direct_legacy_replay,B_src_to_tgt,0.057965368032455444,0.5075607895851135,0.4495954215526581,-0.4495954215526581,label_Hcc,label_Tbqq
B_Hqql_to_Tbl,HToCC,/home/maxwelhelp/Рабочий стол/JetClassOfficial/val_5M/HToCC_120.root,9632,label_Hcc,label_Tbqq,label_Hcc,label_Tbqq,0.11824151873588562,0.8049850463867188,0.6867435276508331,-0.6867435276508331,22,pair_direct_legacy_replay,B_src_to_tgt,0.11824151873588562,0.8049850463867188,0.6867435276508331,-0.6867435276508331,label_Hcc,label_Tbqq
B_Hqql_to_Tbl,HToCC,/home/maxwelhelp/Рабочий стол/JetClassOfficial/val_5M/HToCC_120.root,9718,label_Hcc,label_Tbqq,label_Hcc,label_Tbqq,0.3819056749343872,0.5852845311164856,0.2033788561820984,-0.2033788561820984,22,pair_direct_legacy_replay,B_src_to_tgt,0.3819056749343872,0.5852845311164856,0.2033788561820984,-0.2033788561820984,label_Hcc,label_Tbqq
B_Hqql_to_Tbl,HToCC,/home/maxwelhelp/Рабочий стол/JetClassOfficial/val_5M/HToCC_120.root,9759,label_Hcc,label_Tbqq,label_Hcc,label_Tbqq,0.013470401987433434,0.6416819095611572,0.6282115075737238,-0.6282115075737238,22,pair_direct_legacy_replay,B_src_to_tgt,0.013470401987433434,0.6416819095611572,0.6282115075737238,-0.6282115075737238,label_Hcc,label_Tbqq
B_Hqql_to_Tbl,HToCC,/home/maxwelhelp/Рабочий стол/JetClassOfficial/val_5M/HToCC_120.root,9791,label_Hcc,label_Tbqq,label_Hcc,label_Tbqq,0.07449282705783844,0.8332726955413818,0.7587798684835434,-0.7587798684835434,22,pair_direct_legacy_replay,B_src_to_tgt,0.07449282705783844,0.8332726955413818,0.7587798684835434,-0.7587798684835434,label_Hcc,label_Tbqq
B_Hqql_to_Tbl,HToCC,/home/maxwelhelp/Рабочий стол/JetClassOfficial/val_5M/HToCC_120.root,9813,label_Hcc,label_Tbqq,label_Hcc,label_Tbqq,0.15504932403564453,0.7015935182571411,0.5465441942214966,-0.5465441942214966,22,pair_direct_legacy_replay,B_src_to_tgt,0.15504932403564453,0.7015935182571411,0.5465441942214966,-0.5465441942214966,label_Hcc,label_Tbqq
B_Hqql_to_Tbl,HToCC,/home/maxwelhelp/Рабочий стол/JetClassOfficial/val_5M/HToCC_120.root,9883,label_Hcc,label_Tbqq,label_Hcc,label_Tbqq,0.016664331778883934,0.9228705167770386,0.9062061849981546,-0.9062061849981546,22,pair_direct_legacy_replay,B_src_to_tgt,0.016664331778883934,0.9228705167770386,0.9062061849981546,-0.9062061849981546,label_Hcc,label_Tbqq
B_Hqql_to_Tbl,HToCC,/home/maxwelhelp/Рабочий стол/JetClassOfficial/val_5M/HToCC_120.root,9917,label_Hcc,label_Tbqq,label_Hcc,label_Tbqq,0.17459140717983246,0.7811027765274048,0.6065113693475723,-0.6065113693475723,22,pair_direct_legacy_replay,B_src_to_tgt,0.17459140717983246,0.7811027765274048,0.6065113693475723,-0.6065113693475723,label_Hcc,label_Tbqq
B_Hqql_to_Tbl,HToCC,/home/maxwelhelp/Рабочий стол/JetClassOfficial/val_5M/HToCC_120.root,9933,label_Hcc,label_Tbqq,label_Hcc,label_Tbqq,0.15807631611824036,0.564924418926239,0.40684810280799866,-0.40684810280799866,22,pair_direct_legacy_replay,B_src_to_tgt,0.15807631611824036,0.564924418926239,0.40684810280799866,-0.40684810280799866,label_Hcc,label_Tbqq
B_Hqql_to_Tbl,HToCC,/home/maxwelhelp/Рабочий стол/JetClassOfficial/val_5M/HToCC_120.root,9959,label_Hcc,label_Tbqq,label_Hcc,label_Tbqq,0.2811312973499298,0.560671865940094,0.2795405685901642,-0.2795405685901642,22,pair_direct_legacy_replay,B_src_to_tgt,0.2811312973499298,0.560671865940094,0.2795405685901642,-0.2795405685901642,label_Hcc,label_Tbqq
B_Hqql_to_Tbl,HToCC,/home/maxwelhelp/Рабочий стол/JetClassOfficial/val_5M/HToCC_120.root,9967,label_Hcc,label_Tbqq,label_Hcc,label_Tbqq,0.035313550382852554,0.3318316340446472,0.29651808366179466,-0.29651808366179466,22,pair_direct_legacy_replay,B_src_to_tgt,0.035313550382852554,0.3318316340446472,0.29651808366179466,-0.29651808366179466,label_Hcc,label_Tbqq
B_Hqql_to_Tbl,HToCC,/home/maxwelhelp/Рабочий стол/JetClassOfficial/val_5M/HToCC_120.root,10057,label_Hcc,label_Tbqq,label_Hcc,label_Tbqq,0.1152082085609436,0.5756242871284485,0.4604160785675049,-0.4604160785675049,22,pair_direct_legacy_replay,B_src_to_tgt,0.1152082085609436,0.5756242871284485,0.4604160785675049,-0.4604160785675049,label_Hcc,label_Tbqq
B_Hqql_to_Tbl,HToCC,/home/maxwelhelp/Рабочий стол/JetClassOfficial/val_5M/HToCC_120.root,10165,label_Hcc,label_Tbqq,label_Hcc,label_Tbqq,0.17728957533836365,0.5946721434593201,0.4173825681209564,-0.4173825681209564,22,pair_direct_legacy_replay,B_src_to_tgt,0.17728957533836365,0.5946721434593201,0.4173825681209564,-0.4173825681209564,label_Hcc,label_Tbqq
B_Hqql_to_Tbl,HToCC,/home/maxwelhelp/Рабочий стол/JetClassOfficial/val_5M/HToCC_120.root,10194,label_Hcc,label_Tbqq,label_Hcc,label_Tbqq,0.0014802302466705441,0.9183069467544556,0.916826716507785,-0.916826716507785,22,pair_direct_legacy_replay,B_src_to_tgt,0.0014802302466705441,0.9183069467544556,0.916826716507785,-0.916826716507785,label_Hcc,label_Tbqq
B_Hqql_to_Tbl,HToCC,/home/maxwelhelp/Рабочий стол/JetClassOfficial/val_5M/HToCC_120.root,10197,label_Hcc,label_Tbqq,label_Hcc,label_Tbqq,0.38008370995521545,0.4840921461582184,0.10400843620300293,-0.10400843620300293,22,pair_direct_legacy_replay,B_src_to_tgt,0.38008370995521545,0.4840921461582184,0.10400843620300293,-0.10400843620300293,label_Hcc,label_Tbqq
B_Hqql_to_Tbl,HToCC,/home/maxwelhelp/Рабочий стол/JetClassOfficial/val_5M/HToCC_120.root,10207,label_Hcc,label_Tbqq,label_Hcc,label_Tbqq,0.0012741427635774016,0.9361875057220459,0.9349133629584685,-0.9349133629584685,22,pair_direct_legacy_replay,B_src_to_tgt,0.0012741427635774016,0.9361875057220459,0.9349133629584685,-0.9349133629584685,label_Hcc,label_Tbqq
B_Hqql_to_Tbl,HToCC,/home/maxwelhelp/Рабочий стол/JetClassOfficial/val_5M/HToCC_120.root,10246,label_Hcc,label_Tbqq,label_Hcc,label_Tbqq,0.037022218108177185,0.6617905497550964,0.6247683316469193,-0.6247683316469193,22,pair_direct_legacy_replay,B_src_to_tgt,0.037022218108177185,0.6617905497550964,0.6247683316469193,-0.6247683316469193,label_Hcc,label_Tbqq
B_Hqql_to_Tbl,HToCC,/home/maxwelhelp/Рабочий стол/JetClassOfficial/val_5M/HToCC_120.root,10333,label_Hcc,label_Tbqq,label_Hcc,label_Tbqq,0.15744362771511078,0.828941822052002,0.6714981943368912,-0.6714981943368912,22,pair_direct_legacy_replay,B_src_to_tgt,0.15744362771511078,0.828941822052002,0.6714981943368912,-0.6714981943368912,label_Hcc,label_Tbqq
B_Hqql_to_Tbl,HToCC,/home/maxwelhelp/Рабочий стол/JetClassOfficial/val_5M/HToCC_120.root,10670,label_Hcc,label_Tbqq,label_Hcc,label_Tbqq,0.05846859887242317,0.8196401596069336,0.7611715607345104,-0.7611715607345104,22,pair_direct_legacy_replay,B_src_to_tgt,0.05846859887242317,0.8196401596069336,0.7611715607345104,-0.7611715607345104,label_Hcc,label_Tbqq
B_Hqql_to_Tbl,HToCC,/home/maxwelhelp/Рабочий стол/JetClassOfficial/val_5M/HToCC_120.root,10680,label_Hcc,label_Tbqq,label_Hcc,label_Tbqq,0.1438436061143875,0.35237154364585876,0.20852793753147125,-0.20852793753147125,22,pair_direct_legacy_replay,B_src_to_tgt,0.1438436061143875,0.35237154364585876,0.20852793753147125,-0.20852793753147125,label_Hcc,label_Tbqq
B_Hqql_to_Tbl,HToCC,/home/maxwelhelp/Рабочий стол/JetClassOfficial/val_5M/HToCC_120.root,10763,label_Hcc,label_Tbqq,label_Hcc,label_Tbqq,0.09912338107824326,0.7705526351928711,0.6714292541146278,-0.6714292541146278,22,pair_direct_legacy_replay,B_src_to_tgt,0.09912338107824326,0.7705526351928711,0.6714292541146278,-0.6714292541146278,label_Hcc,label_Tbqq
B_Hqql_to_Tbl,HToCC,/home/maxwelhelp/Рабочий стол/JetClassOfficial/val_5M/HToCC_120.root,10796,label_Hcc,label_Tbqq,label_Hcc,label_Tbqq,0.10105733573436737,0.5704897046089172,0.46943236887454987,-0.46943236887454987,22,pair_direct_legacy_replay,B_src_to_tgt,0.10105733573436737,0.5704897046089172,0.46943236887454987,-0.46943236887454987,label_Hcc,label_Tbqq
B_Hqql_to_Tbl,HToCC,/home/maxwelhelp/Рабочий стол/JetClassOfficial/val_5M/HToCC_120.root,10800,label_Hcc,label_Tbqq,label_Hcc,label_Tbqq,0.15645305812358856,0.31498944759368896,0.1585363894701004,-0.1585363894701004,22,pair_direct_legacy_replay,B_src_to_tgt,0.15645305812358856,0.31498944759368896,0.1585363894701004,-0.1585363894701004,label_Hcc,label_Tbqq
B_Hqql_to_Tbl,HToCC,/home/maxwelhelp/Рабочий стол/JetClassOfficial/val_5M/HToCC_120.root,10874,label_Hcc,label_Tbqq,label_Hcc,label_Tbqq,9.014950774144381e-05,0.9873924851417542,0.9873023356340127,-0.9873023356340127,22,pair_direct_legacy_replay,B_src_to_tgt,9.014950774144381e-05,0.9873924851417542,0.9873023356340127,-0.9873023356340127,label_Hcc,label_Tbqq
B_Hqql_to_Tbl,HToCC,/home/maxwelhelp/Рабочий стол/JetClassOfficial/val_5M/HToCC_120.root,10982,label_Hcc,label_Tbqq,label_Hcc,label_Tbqq,0.1387230008840561,0.35292303562164307,0.21420003473758698,-0.21420003473758698,22,pair_direct_legacy_replay,B_src_to_tgt,0.1387230008840561,0.35292303562164307,0.21420003473758698,-0.21420003473758698,label_Hcc,label_Tbqq
B_Hqql_to_Tbl,HToCC,/home/maxwelhelp/Рабочий стол/JetClassOfficial/val_5M/HToCC_120.root,11077,label_Hcc,label_Tbqq,label_Hcc,label_Tbqq,0.04839235171675682,0.7553504109382629,0.7069580592215061,-0.7069580592215061,22,pair_direct_legacy_replay,B_src_to_tgt,0.04839235171675682,0.7553504109382629,0.7069580592215061,-0.7069580592215061,label_Hcc,label_Tbqq
B_Hqql_to_Tbl,HToCC,/home/maxwelhelp/Рабочий стол/JetClassOfficial/val_5M/HToCC_120.root,11137,label_Hcc,label_Tbqq,label_Hcc,label_Tbqq,0.2881527543067932,0.5717577934265137,0.28360503911972046,-0.28360503911972046,22,pair_direct_legacy_replay,B_src_to_tgt,0.2881527543067932,0.5717577934265137,0.28360503911972046,-0.28360503911972046,label_Hcc,label_Tbqq
B_Hqql_to_Tbl,HToCC,/home/maxwelhelp/Рабочий стол/JetClassOfficial/val_5M/HToCC_120.root,11227,label_Hcc,label_Tbqq,label_Hcc,label_Tbqq,0.0520542748272419,0.48990532755851746,0.43785105273127556,-0.43785105273127556,22,pair_direct_legacy_replay,B_src_to_tgt,0.0520542748272419,0.48990532755851746,0.43785105273127556,-0.43785105273127556,label_Hcc,label_Tbqq
B_Hqql_to_Tbl,HToCC,/home/maxwelhelp/Рабочий стол/JetClassOfficial/val_5M/HToCC_120.root,11283,label_Hcc,label_Tbqq,label_Hcc,label_Tbqq,0.13529326021671295,0.6910310387611389,0.555737778544426,-0.555737778544426,22,pair_direct_legacy_replay,B_src_to_tgt,0.13529326021671295,0.6910310387611389,0.555737778544426,-0.555737778544426,label_Hcc,label_Tbqq
B_Hqql_to_Tbl,HToCC,/home/maxwelhelp/Рабочий стол/JetClassOfficial/val_5M/HToCC_120.root,11294,label_Hcc,label_Tbqq,label_Hcc,label_Tbqq,0.20511627197265625,0.6985100507736206,0.49339377880096436,-0.49339377880096436,22,pair_direct_legacy_replay,B_src_to_tgt,0.20511627197265625,0.6985100507736206,0.49339377880096436,-0.49339377880096436,label_Hcc,label_Tbqq
B_Hqql_to_Tbl,HToCC,/home/maxwelhelp/Рабочий стол/JetClassOfficial/val_5M/HToCC_120.root,11377,label_Hcc,label_Tbqq,label_Hcc,label_Tbqq,0.23192310333251953,0.520043134689331,0.2881200313568115,-0.2881200313568115,22,pair_direct_legacy_replay,B_src_to_tgt,0.23192310333251953,0.520043134689331,0.2881200313568115,-0.2881200313568115,label_Hcc,label_Tbqq
B_Hqql_to_Tbl,HToCC,/home/maxwelhelp/Рабочий стол/JetClassOfficial/val_5M/HToCC_120.root,11395,label_Hcc,label_Tbqq,label_Hcc,label_Tbqq,0.03876553848385811,0.46583327651023865,0.42706773802638054,-0.42706773802638054,22,pair_direct_legacy_replay,B_src_to_tgt,0.03876553848385811,0.46583327651023865,0.42706773802638054,-0.42706773802638054,label_Hcc,label_Tbqq
B_Hqql_to_Tbl,HToCC,/home/maxwelhelp/Рабочий стол/JetClassOfficial/val_5M/HToCC_120.root,11467,label_Hcc,label_Tbqq,label_Hcc,label_Tbqq,0.18994516134262085,0.4878498911857605,0.29790472984313965,-0.29790472984313965,22,pair_direct_legacy_replay,B_src_to_tgt,0.18994516134262085,0.4878498911857605,0.29790472984313965,-0.29790472984313965,label_Hcc,label_Tbqq
B_Hqql_to_Tbl,HToCC,/home/maxwelhelp/Рабочий стол/JetClassOfficial/val_5M/HToCC_120.root,11473,label_Hcc,label_Tbqq,label_Hcc,label_Tbqq,0.034029770642519,0.9124886989593506,0.8784589283168316,-0.8784589283168316,22,pair_direct_legacy_replay,B_src_to_tgt,0.034029770642519,0.9124886989593506,0.8784589283168316,-0.8784589283168316,label_Hcc,label_Tbqq
B_Hqql_to_Tbl,HToCC,/home/maxwelhelp/Рабочий стол/JetClassOfficial/val_5M/HToCC_120.root,11511,label_Hcc,label_Tbqq,label_Hcc,label_Tbqq,0.014699365012347698,0.9273258447647095,0.9126264797523618,-0.9126264797523618,22,pair_direct_legacy_replay,B_src_to_tgt,0.014699365012347698,0.9273258447647095,0.9126264797523618,-0.9126264797523618,label_Hcc,label_Tbqq
B_Hqql_to_Tbl,HToCC,/home/maxwelhelp/Рабочий стол/JetClassOfficial/val_5M/HToCC_120.root,12050,label_Hcc,label_Tbqq,label_Hcc,label_Tbqq,0.004667393863201141,0.9452784657478333,0.9406110718846321,-0.9406110718846321,22,pair_direct_legacy_replay,B_src_to_tgt,0.004667393863201141,0.9452784657478333,0.9406110718846321,-0.9406110718846321,label_Hcc,label_Tbqq
B_Hqql_to_Tbl,HToCC,/home/maxwelhelp/Рабочий стол/JetClassOfficial/val_5M/HToCC_120.root,12069,label_Hcc,label_Tbqq,label_Hcc,label_Tbqq,0.11441818624734879,0.3708231449127197,0.25640495866537094,-0.25640495866537094,22,pair_direct_legacy_replay,B_src_to_tgt,0.11441818624734879,0.3708231449127197,0.25640495866537094,-0.25640495866537094,label_Hcc,label_Tbqq
B_Hqql_to_Tbl,HToCC,/home/maxwelhelp/Рабочий стол/JetClassOfficial/val_5M/HToCC_120.root,12122,label_Hcc,label_Tbqq,label_Hcc,label_Tbqq,0.32311877608299255,0.3960327208042145,0.07291394472122192,-0.07291394472122192,22,pair_direct_legacy_replay,B_src_to_tgt,0.32311877608299255,0.3960327208042145,0.07291394472122192,-0.07291394472122192,label_Hcc,label_Tbqq
B_Hqql_to_Tbl,HToCC,/home/maxwelhelp/Рабочий стол/JetClassOfficial/val_5M/HToCC_120.root,12135,label_Hcc,label_Tbqq,label_Hcc,label_Tbqq,0.09891428798437119,0.8666374087333679,0.7677231207489967,-0.7677231207489967,22,pair_direct_legacy_replay,B_src_to_tgt,0.09891428798437119,0.8666374087333679,0.7677231207489967,-0.7677231207489967,label_Hcc,label_Tbqq
B_Hqql_to_Tbl,HToCC,/home/maxwelhelp/Рабочий стол/JetClassOfficial/val_5M/HToCC_120.root,12279,label_Hcc,label_Tbqq,label_Hcc,label_Tbqq,0.019242098554968834,0.9441482424736023,0.9249061439186335,-0.9249061439186335,22,pair_direct_legacy_replay,B_src_to_tgt,0.019242098554968834,0.9441482424736023,0.9249061439186335,-0.9249061439186335,label_Hcc,label_Tbqq
B_Hqql_to_Tbl,HToCC,/home/maxwelhelp/Рабочий стол/JetClassOfficial/val_5M/HToCC_120.root,12288,label_Hcc,label_Tbqq,label_Hcc,label_Tbqq,0.3104558289051056,0.32161271572113037,0.01115688681602478,-0.01115688681602478,22,pair_direct_legacy_replay,B_src_to_tgt,0.3104558289051056,0.32161271572113037,0.01115688681602478,-0.01115688681602478,label_Hcc,label_Tbqq
B_Hqql_to_Tbl,HToCC,/home/maxwelhelp/Рабочий стол/JetClassOfficial/val_5M/HToCC_120.root,12326,label_Hcc,label_Tbqq,label_Hcc,label_Tbqq,0.14767731726169586,0.34444862604141235,0.1967713087797165,-0.1967713087797165,22,pair_direct_legacy_replay,B_src_to_tgt,0.14767731726169586,0.34444862604141235,0.1967713087797165,-0.1967713087797165,label_Hcc,label_Tbqq
B_Hqql_to_Tbl,HToCC,/home/maxwelhelp/Рабочий стол/JetClassOfficial/val_5M/HToCC_120.root,12416,label_Hcc,label_Tbqq,label_Hcc,label_Tbqq,0.05903220176696777,0.3065207898616791,0.2474885880947113,-0.2474885880947113,22,pair_direct_legacy_replay,B_src_to_tgt,0.05903220176696777,0.3065207898616791,0.2474885880947113,-0.2474885880947113,label_Hcc,label_Tbqq
B_Hqql_to_Tbl,HToCC,/home/maxwelhelp/Рабочий стол/JetClassOfficial/val_5M/HToCC_120.root,12433,label_Hcc,label_Tbqq,label_Hcc,label_Tbqq,0.21243438124656677,0.6841129660606384,0.47167858481407166,-0.47167858481407166,22,pair_direct_legacy_replay,B_src_to_tgt,0.21243438124656677,0.6841129660606384,0.47167858481407166,-0.47167858481407166,label_Hcc,label_Tbqq
B_Hqql_to_Tbl,HToCC,/home/maxwelhelp/Рабочий стол/JetClassOfficial/val_5M/HToCC_120.root,12485,label_Hcc,label_Tbqq,label_Hcc,label_Tbqq,0.1207571029663086,0.3778528571128845,0.2570957541465759,-0.2570957541465759,22,pair_direct_legacy_replay,B_src_to_tgt,0.1207571029663086,0.3778528571128845,0.2570957541465759,-0.2570957541465759,label_Hcc,label_Tbqq
B_Hqql_to_Tbl,HToCC,/home/maxwelhelp/Рабочий стол/JetClassOfficial/val_5M/HToCC_120.root,12563,label_Hcc,label_Tbqq,label_Hcc,label_Tbqq,0.019294675439596176,0.949109673500061,0.9298149980604649,-0.9298149980604649,22,pair_direct_legacy_replay,B_src_to_tgt,0.019294675439596176,0.949109673500061,0.9298149980604649,-0.9298149980604649,label_Hcc,label_Tbqq
B_Hqql_to_Tbl,HToCC,/home/maxwelhelp/Рабочий стол/JetClassOfficial/val_5M/HToCC_120.root,12675,label_Hcc,label_Tbqq,label_Hcc,label_Tbqq,0.029364489018917084,0.7160918712615967,0.6867273822426796,-0.6867273822426796,22,pair_direct_legacy_replay,B_src_to_tgt,0.029364489018917084,0.7160918712615967,0.6867273822426796,-0.6867273822426796,label_Hcc,label_Tbqq
B_Hqql_to_Tbl,HToCC,/home/maxwelhelp/Рабочий стол/JetClassOfficial/val_5M/HToCC_120.root,12689,label_Hcc,label_Tbqq,label_Hcc,label_Tbqq,0.008073454722762108,0.7797167897224426,0.7716433349996805,-0.7716433349996805,22,pair_direct_legacy_replay,B_src_to_tgt,0.008073454722762108,0.7797167897224426,0.7716433349996805,-0.7716433349996805,label_Hcc,label_Tbqq
B_Hqql_to_Tbl,HToCC,/home/maxwelhelp/Рабочий стол/JetClassOfficial/val_5M/HToCC_120.root,12747,label_Hcc,label_Tbqq,label_Hcc,label_Tbqq,0.04916650429368019,0.8814312219619751,0.8322647176682949,-0.8322647176682949,22,pair_direct_legacy_replay,B_src_to_tgt,0.04916650429368019,0.8814312219619751,0.8322647176682949,-0.8322647176682949,label_Hcc,label_Tbqq
B_Hqql_to_Tbl,HToCC,/home/maxwelhelp/Рабочий стол/JetClassOfficial/val_5M/HToCC_120.root,12781,label_Hcc,label_Tbqq,label_Hcc,label_Tbqq,0.34083354473114014,0.513272225856781,0.17243868112564087,-0.17243868112564087,22,pair_direct_legacy_replay,B_src_to_tgt,0.34083354473114014,0.513272225856781,0.17243868112564087,-0.17243868112564087,label_Hcc,label_Tbqq
B_Hqql_to_Tbl,HToCC,/home/maxwelhelp/Рабочий стол/JetClassOfficial/val_5M/HToCC_120.root,12784,label_Hcc,label_Tbqq,label_Hcc,label_Tbqq,0.08989027142524719,0.792736828327179,0.7028465569019318,-0.7028465569019318,22,pair_direct_legacy_replay,B_src_to_tgt,0.08989027142524719,0.792736828327179,0.7028465569019318,-0.7028465569019318,label_Hcc,label_Tbqq
B_Hqql_to_Tbl,HToCC,/home/maxwelhelp/Рабочий стол/JetClassOfficial/val_5M/HToCC_120.root,12843,label_Hcc,label_Tbqq,label_Hcc,label_Tbqq,0.01837170124053955,0.5804164409637451,0.5620447397232056,-0.5620447397232056,22,pair_direct_legacy_replay,B_src_to_tgt,0.01837170124053955,0.5804164409637451,0.5620447397232056,-0.5620447397232056,label_Hcc,label_Tbqq
B_Hqql_to_Tbl,HToCC,/home/maxwelhelp/Рабочий стол/JetClassOfficial/val_5M/HToCC_120.root,12869,label_Hcc,label_Tbqq,label_Hcc,label_Tbqq,0.011777747422456741,0.965626060962677,0.9538483135402203,-0.9538483135402203,22,pair_direct_legacy_replay,B_src_to_tgt,0.011777747422456741,0.965626060962677,0.9538483135402203,-0.9538483135402203,label_Hcc,label_Tbqq
B_Hqql_to_Tbl,HToCC,/home/maxwelhelp/Рабочий стол/JetClassOfficial/val_5M/HToCC_120.root,12967,label_Hcc,label_Tbqq,label_Hcc,label_Tbqq,0.09528541564941406,0.8997080326080322,0.8044226169586182,-0.8044226169586182,22,pair_direct_legacy_replay,B_src_to_tgt,0.09528541564941406,0.8997080326080322,0.8044226169586182,-0.8044226169586182,label_Hcc,label_Tbqq
B_Hqql_to_Tbl,HToCC,/home/maxwelhelp/Рабочий стол/JetClassOfficial/val_5M/HToCC_120.root,12974,label_Hcc,label_Tbqq,label_Hcc,label_Tbqq,0.044326022267341614,0.8553809523582458,0.8110549300909042,-0.8110549300909042,22,pair_direct_legacy_replay,B_src_to_tgt,0.044326022267341614,0.8553809523582458,0.8110549300909042,-0.8110549300909042,label_Hcc,label_Tbqq
B_Hqql_to_Tbl,HToCC,/home/maxwelhelp/Рабочий стол/JetClassOfficial/val_5M/HToCC_120.root,13049,label_Hcc,label_Tbqq,label_Hcc,label_Tbqq,0.3636905252933502,0.4355274438858032,0.071836918592453,-0.071836918592453,22,pair_direct_legacy_replay,B_src_to_tgt,0.3636905252933502,0.4355274438858032,0.071836918592453,-0.071836918592453,label_Hcc,label_Tbqq
B_Hqql_to_Tbl,HToCC,/home/maxwelhelp/Рабочий стол/JetClassOfficial/val_5M/HToCC_120.root,13056,label_Hcc,label_Tbqq,label_Hcc,label_Tbqq,0.07122523337602615,0.504321813583374,0.43309658020734787,-0.43309658020734787,22,pair_direct_legacy_replay,B_src_to_tgt,0.07122523337602615,0.504321813583374,0.43309658020734787,-0.43309658020734787,label_Hcc,label_Tbqq
B_Hqql_to_Tbl,HToCC,/home/maxwelhelp/Рабочий стол/JetClassOfficial/val_5M/HToCC_120.root,13248,label_Hcc,label_Tbqq,label_Hcc,label_Tbqq,0.16936983168125153,0.5549629330635071,0.38559310138225555,-0.38559310138225555,22,pair_direct_legacy_replay,B_src_to_tgt,0.16936983168125153,0.5549629330635071,0.38559310138225555,-0.38559310138225555,label_Hcc,label_Tbqq
B_Hqql_to_Tbl,HToCC,/home/maxwelhelp/Рабочий стол/JetClassOfficial/val_5M/HToCC_120.root,13552,label_Hcc,label_Tbqq,label_Hcc,label_Tbqq,0.38291963934898376,0.39292770624160767,0.010008066892623901,-0.010008066892623901,22,pair_direct_legacy_replay,B_src_to_tgt,0.38291963934898376,0.39292770624160767,0.010008066892623901,-0.010008066892623901,label_Hcc,label_Tbqq
B_Hqql_to_Tbl,HToCC,/home/maxwelhelp/Рабочий стол/JetClassOfficial/val_5M/HToCC_120.root,13623,label_Hcc,label_Tbqq,label_Hcc,label_Tbqq,0.08148512989282608,0.4587000906467438,0.3772149607539177,-0.3772149607539177,22,pair_direct_legacy_replay,B_src_to_tgt,0.08148512989282608,0.4587000906467438,0.3772149607539177,-0.3772149607539177,label_Hcc,label_Tbqq
B_Hqql_to_Tbl,HToCC,/home/maxwelhelp/Рабочий стол/JetClassOfficial/val_5M/HToCC_120.root,13665,label_Hcc,label_Tbqq,label_Hcc,label_Tbqq,0.184757262468338,0.4827177822589874,0.2979605197906494,-0.2979605197906494,22,pair_direct_legacy_replay,B_src_to_tgt,0.184757262468338,0.4827177822589874,0.2979605197906494,-0.2979605197906494,label_Hcc,label_Tbqq
B_Hqql_to_Tbl,HToCC,/home/maxwelhelp/Рабочий стол/JetClassOfficial/val_5M/HToCC_120.root,13680,label_Hcc,label_Tbqq,label_Hcc,label_Tbqq,0.06738564372062683,0.44769763946533203,0.3803119957447052,-0.3803119957447052,22,pair_direct_legacy_replay,B_src_to_tgt,0.06738564372062683,0.44769763946533203,0.3803119957447052,-0.3803119957447052,label_Hcc,label_Tbqq
B_Hqql_to_Tbl,HToCC,/home/maxwelhelp/Рабочий стол/JetClassOfficial/val_5M/HToCC_120.root,13759,label_Hcc,label_Tbqq,label_Hcc,label_Tbqq,0.08893240243196487,0.5259597897529602,0.43702738732099533,-0.43702738732099533,22,pair_direct_legacy_replay,B_src_to_tgt,0.08893240243196487,0.5259597897529602,0.43702738732099533,-0.43702738732099533,label_Hcc,label_Tbqq
B_Hqql_to_Tbl,HToCC,/home/maxwelhelp/Рабочий стол/JetClassOfficial/val_5M/HToCC_120.root,13854,label_Hcc,label_Tbqq,label_Hcc,label_Tbqq,0.3537553548812866,0.40526294708251953,0.05150759220123291,-0.05150759220123291,22,pair_direct_legacy_replay,B_src_to_tgt,0.3537553548812866,0.40526294708251953,0.05150759220123291,-0.05150759220123291,label_Hcc,label_Tbqq
B_Hqql_to_Tbl,HToCC,/home/maxwelhelp/Рабочий стол/JetClassOfficial/val_5M/HToCC_120.root,13856,label_Hcc,label_Tbqq,label_Hcc,label_Tbqq,0.31830376386642456,0.33169418573379517,0.013390421867370605,-0.013390421867370605,22,pair_direct_legacy_replay,B_src_to_tgt,0.31830376386642456,0.33169418573379517,0.013390421867370605,-0.013390421867370605,label_Hcc,label_Tbqq
B_Hqql_to_Tbl,HToCC,/home/maxwelhelp/Рабочий стол/JetClassOfficial/val_5M/HToCC_120.root,13902,label_Hcc,label_Tbqq,label_Hcc,label_Tbqq,0.3168015778064728,0.4169187843799591,0.10011720657348633,-0.10011720657348633,22,pair_direct_legacy_replay,B_src_to_tgt,0.3168015778064728,0.4169187843799591,0.10011720657348633,-0.10011720657348633,label_Hcc,label_Tbqq
B_Hqql_to_Tbl,HToCC,/home/maxwelhelp/Рабочий стол/JetClassOfficial/val_5M/HToCC_120.root,13911,label_Hcc,label_Tbqq,label_Hcc,label_Tbqq,0.01297750324010849,0.548509418964386,0.5355319157242775,-0.5355319157242775,22,pair_direct_legacy_replay,B_src_to_tgt,0.01297750324010849,0.548509418964386,0.5355319157242775,-0.5355319157242775,label_Hcc,label_Tbqq
B_Hqql_to_Tbl,HToCC,/home/maxwelhelp/Рабочий стол/JetClassOfficial/val_5M/HToCC_120.root,13953,label_Hcc,label_Tbqq,label_Hcc,label_Tbqq,0.05948537588119507,0.8655271530151367,0.8060417771339417,-0.8060417771339417,22,pair_direct_legacy_replay,B_src_to_tgt,0.05948537588119507,0.8655271530151367,0.8060417771339417,-0.8060417771339417,label_Hcc,label_Tbqq
B_Hqql_to_Tbl,HToCC,/home/maxwelhelp/Рабочий стол/JetClassOfficial/val_5M/HToCC_120.root,14119,label_Hcc,label_Tbqq,label_Hcc,label_Tbqq,0.0014448051806539297,0.8815693855285645,0.8801245803479105,-0.8801245803479105,22,pair_direct_legacy_replay,B_src_to_tgt,0.0014448051806539297,0.8815693855285645,0.8801245803479105,-0.8801245803479105,label_Hcc,label_Tbqq
B_Hqql_to_Tbl,HToCC,/home/maxwelhelp/Рабочий стол/JetClassOfficial/val_5M/HToCC_120.root,14262,label_Hcc,label_Tbqq,label_Hcc,label_Tbqq,0.299351304769516,0.37816765904426575,0.07881635427474976,-0.07881635427474976,22,pair_direct_legacy_replay,B_src_to_tgt,0.299351304769516,0.37816765904426575,0.07881635427474976,-0.07881635427474976,label_Hcc,label_Tbqq
B_Hqql_to_Tbl,HToCC,/home/maxwelhelp/Рабочий стол/JetClassOfficial/val_5M/HToCC_120.root,14296,label_Hcc,label_Tbqq,label_Hcc,label_Tbqq,0.01598917506635189,0.9448952674865723,0.9289060924202204,-0.9289060924202204,22,pair_direct_legacy_replay,B_src_to_tgt,0.01598917506635189,0.9448952674865723,0.9289060924202204,-0.9289060924202204,label_Hcc,label_Tbqq
B_Hqql_to_Tbl,HToCC,/home/maxwelhelp/Рабочий стол/JetClassOfficial/val_5M/HToCC_120.root,14305,label_Hcc,label_Tbqq,label_Hcc,label_Tbqq,0.1341918259859085,0.6958348155021667,0.5616429895162582,-0.5616429895162582,22,pair_direct_legacy_replay,B_src_to_tgt,0.1341918259859085,0.6958348155021667,0.5616429895162582,-0.5616429895162582,label_Hcc,label_Tbqq
B_Hqql_to_Tbl,HToCC,/home/maxwelhelp/Рабочий стол/JetClassOfficial/val_5M/HToCC_120.root,14344,label_Hcc,label_Tbqq,label_Hcc,label_Tbqq,0.006656053476035595,0.9187824726104736,0.912126419134438,-0.912126419134438,22,pair_direct_legacy_replay,B_src_to_tgt,0.006656053476035595,0.9187824726104736,0.912126419134438,-0.912126419134438,label_Hcc,label_Tbqq
B_Hqql_to_Tbl,HToCC,/home/maxwelhelp/Рабочий стол/JetClassOfficial/val_5M/HToCC_120.root,14372,label_Hcc,label_Tbqq,label_Hcc,label_Tbqq,0.3966342806816101,0.46288180351257324,0.06624752283096313,-0.06624752283096313,22,pair_direct_legacy_replay,B_src_to_tgt,0.3966342806816101,0.46288180351257324,0.06624752283096313,-0.06624752283096313,label_Hcc,label_Tbqq
B_Hqql_to_Tbl,HToCC,/home/maxwelhelp/Рабочий стол/JetClassOfficial/val_5M/HToCC_120.root,14377,label_Hcc,label_Tbqq,label_Hcc,label_Tbqq,0.15833482146263123,0.8083040118217468,0.6499691903591156,-0.6499691903591156,22,pair_direct_legacy_replay,B_src_to_tgt,0.15833482146263123,0.8083040118217468,0.6499691903591156,-0.6499691903591156,label_Hcc,label_Tbqq
B_Hqql_to_Tbl,HToCC,/home/maxwelhelp/Рабочий стол/JetClassOfficial/val_5M/HToCC_120.root,14460,label_Hcc,label_Tbqq,label_Hcc,label_Tbqq,0.19068875908851624,0.4826807379722595,0.2919919788837433,-0.2919919788837433,22,pair_direct_legacy_replay,B_src_to_tgt,0.19068875908851624,0.4826807379722595,0.2919919788837433,-0.2919919788837433,label_Hcc,label_Tbqq
B_Hqql_to_Tbl,HToCC,/home/maxwelhelp/Рабочий стол/JetClassOfficial/val_5M/HToCC_120.root,14526,label_Hcc,label_Tbqq,label_Hcc,label_Tbqq,0.33502134680747986,0.6391242146492004,0.3041028678417206,-0.3041028678417206,22,pair_direct_legacy_replay,B_src_to_tgt,0.33502134680747986,0.6391242146492004,0.3041028678417206,-0.3041028678417206,label_Hcc,label_Tbqq
B_Hqql_to_Tbl,HToCC,/home/maxwelhelp/Рабочий стол/JetClassOfficial/val_5M/HToCC_120.root,14614,label_Hcc,label_Tbqq,label_Hcc,label_Tbqq,0.016265109181404114,0.8917310833930969,0.8754659742116928,-0.8754659742116928,22,pair_direct_legacy_replay,B_src_to_tgt,0.016265109181404114,0.8917310833930969,0.8754659742116928,-0.8754659742116928,label_Hcc,label_Tbqq
B_Hqql_to_Tbl,HToCC,/home/maxwelhelp/Рабочий стол/JetClassOfficial/val_5M/HToCC_120.root,14700,label_Hcc,label_Tbqq,label_Hcc,label_Tbqq,0.16950757801532745,0.40577152371406555,0.2362639456987381,-0.2362639456987381,22,pair_direct_legacy_replay,B_src_to_tgt,0.16950757801532745,0.40577152371406555,0.2362639456987381,-0.2362639456987381,label_Hcc,label_Tbqq
B_Hqql_to_Tbl,HToCC,/home/maxwelhelp/Рабочий стол/JetClassOfficial/val_5M/HToCC_120.root,14743,label_Hcc,label_Tbqq,label_Hcc,label_Tbqq,0.08634885400533676,0.8905107975006104,0.8041619434952736,-0.8041619434952736,22,pair_direct_legacy_replay,B_src_to_tgt,0.08634885400533676,0.8905107975006104,0.8041619434952736,-0.8041619434952736,label_Hcc,label_Tbqq
B_Hqql_to_Tbl,HToCC,/home/maxwelhelp/Рабочий стол/JetClassOfficial/val_5M/HToCC_120.root,14746,label_Hcc,label_Tbqq,label_Hcc,label_Tbqq,0.2099466621875763,0.4217189848423004,0.21177232265472412,-0.21177232265472412,22,pair_direct_legacy_replay,B_src_to_tgt,0.2099466621875763,0.4217189848423004,0.21177232265472412,-0.21177232265472412,label_Hcc,label_Tbqq
B_Hqql_to_Tbl,HToCC,/home/maxwelhelp/Рабочий стол/JetClassOfficial/val_5M/HToCC_120.root,14774,label_Hcc,label_Tbqq,label_Hcc,label_Tbqq,0.08253731578588486,0.8699539303779602,0.7874166145920753,-0.7874166145920753,22,pair_direct_legacy_replay,B_src_to_tgt,0.08253731578588486,0.8699539303779602,0.7874166145920753,-0.7874166145920753,label_Hcc,label_Tbqq
B_Hqql_to_Tbl,HToCC,/home/maxwelhelp/Рабочий стол/JetClassOfficial/val_5M/HToCC_120.root,14783,label_Hcc,label_Tbqq,label_Hcc,label_Tbqq,0.045844998210668564,0.5678263902664185,0.5219813920557499,-0.5219813920557499,22,pair_direct_legacy_replay,B_src_to_tgt,0.045844998210668564,0.5678263902664185,0.5219813920557499,-0.5219813920557499,label_Hcc,label_Tbqq
B_Hqql_to_Tbl,HToCC,/home/maxwelhelp/Рабочий стол/JetClassOfficial/val_5M/HToCC_120.root,14789,label_Hcc,label_Tbqq,label_Hcc,label_Tbqq,0.019380202516913414,0.6500243544578552,0.6306441519409418,-0.6306441519409418,22,pair_direct_legacy_replay,B_src_to_tgt,0.019380202516913414,0.6500243544578552,0.6306441519409418,-0.6306441519409418,label_Hcc,label_Tbqq
B_Hqql_to_Tbl,HToCC,/home/maxwelhelp/Рабочий стол/JetClassOfficial/val_5M/HToCC_120.root,14892,label_Hcc,label_Tbqq,label_Hcc,label_Tbqq,0.0029149316251277924,0.8959547877311707,0.8930398561060429,-0.8930398561060429,22,pair_direct_legacy_replay,B_src_to_tgt,0.0029149316251277924,0.8959547877311707,0.8930398561060429,-0.8930398561060429,label_Hcc,label_Tbqq
B_Hqql_to_Tbl,HToCC,/home/maxwelhelp/Рабочий стол/JetClassOfficial/val_5M/HToCC_120.root,14937,label_Hcc,label_Tbqq,label_Hcc,label_Tbqq,0.036492761224508286,0.7634245753288269,0.7269318141043186,-0.7269318141043186,22,pair_direct_legacy_replay,B_src_to_tgt,0.036492761224508286,0.7634245753288269,0.7269318141043186,-0.7269318141043186,label_Hcc,label_Tbqq
B_Hqql_to_Tbl,HToCC,/home/maxwelhelp/Рабочий стол/JetClassOfficial/val_5M/HToCC_120.root,14949,label_Hcc,label_Tbqq,label_Hcc,label_Tbqq,0.0703594908118248,0.5879019498825073,0.5175424590706825,-0.5175424590706825,22,pair_direct_legacy_replay,B_src_to_tgt,0.0703594908118248,0.5879019498825073,0.5175424590706825,-0.5175424590706825,label_Hcc,label_Tbqq
B_Hqql_to_Tbl,HToCC,/home/maxwelhelp/Рабочий стол/JetClassOfficial/val_5M/HToCC_120.root,14987,label_Hcc,label_Tbqq,label_Hcc,label_Tbqq,0.022991759702563286,0.49242258071899414,0.46943082101643085,-0.46943082101643085,22,pair_direct_legacy_replay,B_src_to_tgt,0.022991759702563286,0.49242258071899414,0.46943082101643085,-0.46943082101643085,label_Hcc,label_Tbqq
B_Hqql_to_Tbl,HToCC,/home/maxwelhelp/Рабочий стол/JetClassOfficial/val_5M/HToCC_120.root,15054,label_Hcc,label_Tbqq,label_Hcc,label_Tbqq,0.22556065022945404,0.5491172075271606,0.3235565572977066,-0.3235565572977066,22,pair_direct_legacy_replay,B_src_to_tgt,0.22556065022945404,0.5491172075271606,0.3235565572977066,-0.3235565572977066,label_Hcc,label_Tbqq
B_Hqql_to_Tbl,HToCC,/home/maxwelhelp/Рабочий стол/JetClassOfficial/val_5M/HToCC_120.root,15088,label_Hcc,label_Tbqq,label_Hcc,label_Tbqq,0.15454816818237305,0.8073020577430725,0.6527538895606995,-0.6527538895606995,22,pair_direct_legacy_replay,B_src_to_tgt,0.15454816818237305,0.8073020577430725,0.6527538895606995,-0.6527538895606995,label_Hcc,label_Tbqq
B_Hqql_to_Tbl,HToCC,/home/maxwelhelp/Рабочий стол/JetClassOfficial/val_5M/HToCC_120.root,15224,label_Hcc,label_Tbqq,label_Hcc,label_Tbqq,0.3632158935070038,0.5000640749931335,0.13684818148612976,-0.13684818148612976,22,pair_direct_legacy_replay,B_src_to_tgt,0.3632158935070038,0.5000640749931335,0.13684818148612976,-0.13684818148612976,label_Hcc,label_Tbqq
B_Hqql_to_Tbl,HToCC,/home/maxwelhelp/Рабочий стол/JetClassOfficial/val_5M/HToCC_120.root,15291,label_Hcc,label_Tbqq,label_Hcc,label_Tbqq,0.30388861894607544,0.6816744208335876,0.3777858018875122,-0.3777858018875122,22,pair_direct_legacy_replay,B_src_to_tgt,0.30388861894607544,0.6816744208335876,0.3777858018875122,-0.3777858018875122,label_Hcc,label_Tbqq
B_Hqql_to_Tbl,HToCC,/home/maxwelhelp/Рабочий стол/JetClassOfficial/val_5M/HToCC_120.root,15331,label_Hcc,label_Tbqq,label_Hcc,label_Tbqq,0.03832023963332176,0.7688853144645691,0.7305650748312473,-0.7305650748312473,22,pair_direct_legacy_replay,B_src_to_tgt,0.03832023963332176,0.7688853144645691,0.7305650748312473,-0.7305650748312473,label_Hcc,label_Tbqq
C_Tbl_correct,TTBar,/home/maxwelhelp/Рабочий стол/JetClassOfficial/val_5M/TTBar_120.root,0,label_Tbqq,label_Tbqq,label_Hcc,label_Tbqq,0.00013349436630960554,0.9974096417427063,0.9972761473763967,-0.9972761473763967,22,pair_direct_legacy_replay,C_tgt_correct,0.00013349436630960554,0.9974096417427063,0.9972761473763967,-0.9972761473763967,label_Hcc,label_Tbqq
C_Tbl_correct,TTBar,/home/maxwelhelp/Рабочий стол/JetClassOfficial/val_5M/TTBar_120.root,2,label_Tbqq,label_Tbqq,label_Hcc,label_Tbqq,9.647991419114987e-07,0.9979262351989746,0.9979252703998327,-0.9979252703998327,22,pair_direct_legacy_replay,C_tgt_correct,9.647991419114987e-07,0.9979262351989746,0.9979252703998327,-0.9979252703998327,label_Hcc,label_Tbqq
C_Tbl_correct,TTBar,/home/maxwelhelp/Рабочий стол/JetClassOfficial/val_5M/TTBar_120.root,3,label_Tbqq,label_Tbqq,label_Hcc,label_Tbqq,0.00013602344552055,0.9950692653656006,0.99493324192008,-0.99493324192008,22,pair_direct_legacy_replay,C_tgt_correct,0.00013602344552055,0.9950692653656006,0.99493324192008,-0.99493324192008,label_Hcc,label_Tbqq
C_Tbl_correct,TTBar,/home/maxwelhelp/Рабочий стол/JetClassOfficial/val_5M/TTBar_120.root,4,label_Tbqq,label_Tbqq,label_Hcc,label_Tbqq,5.145536124473438e-05,0.9989153146743774,0.9988638593131327,-0.9988638593131327,22,pair_direct_legacy_replay,C_tgt_correct,5.145536124473438e-05,0.9989153146743774,0.9988638593131327,-0.9988638593131327,label_Hcc,label_Tbqq
C_Tbl_correct,TTBar,/home/maxwelhelp/Рабочий стол/JetClassOfficial/val_5M/TTBar_120.root,5,label_Tbqq,label_Tbqq,label_Hcc,label_Tbqq,6.842936272732913e-05,0.9988331198692322,0.9987646905065048,-0.9987646905065048,22,pair_direct_legacy_replay,C_tgt_correct,6.842936272732913e-05,0.9988331198692322,0.9987646905065048,-0.9987646905065048,label_Hcc,label_Tbqq
C_Tbl_correct,TTBar,/home/maxwelhelp/Рабочий стол/JetClassOfficial/val_5M/TTBar_120.root,6,label_Tbqq,label_Tbqq,label_Hcc,label_Tbqq,0.003936936147511005,0.9040754437446594,0.9001385075971484,-0.9001385075971484,22,pair_direct_legacy_replay,C_tgt_correct,0.003936936147511005,0.9040754437446594,0.9001385075971484,-0.9001385075971484,label_Hcc,label_Tbqq
C_Tbl_correct,TTBar,/home/maxwelhelp/Рабочий стол/JetClassOfficial/val_5M/TTBar_120.root,7,label_Tbqq,label_Tbqq,label_Hcc,label_Tbqq,0.005067863967269659,0.8997781872749329,0.8947103233076632,-0.8947103233076632,22,pair_direct_legacy_replay,C_tgt_correct,0.005067863967269659,0.8997781872749329,0.8947103233076632,-0.8947103233076632,label_Hcc,label_Tbqq
C_Tbl_correct,TTBar,/home/maxwelhelp/Рабочий стол/JetClassOfficial/val_5M/TTBar_120.root,8,label_Tbqq,label_Tbqq,label_Hcc,label_Tbqq,0.002488864818587899,0.7554381489753723,0.7529492841567844,-0.7529492841567844,22,pair_direct_legacy_replay,C_tgt_correct,0.002488864818587899,0.7554381489753723,0.7529492841567844,-0.7529492841567844,label_Hcc,label_Tbqq
C_Tbl_correct,TTBar,/home/maxwelhelp/Рабочий стол/JetClassOfficial/val_5M/TTBar_120.root,9,label_Tbqq,label_Tbqq,label_Hcc,label_Tbqq,4.3881409510504454e-05,0.9992484450340271,0.9992045636245166,-0.9992045636245166,22,pair_direct_legacy_replay,C_tgt_correct,4.3881409510504454e-05,0.9992484450340271,0.9992045636245166,-0.9992045636245166,label_Hcc,label_Tbqq
C_Tbl_correct,TTBar,/home/maxwelhelp/Рабочий стол/JetClassOfficial/val_5M/TTBar_120.root,10,label_Tbqq,label_Tbqq,label_Hcc,label_Tbqq,0.002047504298388958,0.9826076626777649,0.9805601583793759,-0.9805601583793759,22,pair_direct_legacy_replay,C_tgt_correct,0.002047504298388958,0.9826076626777649,0.9805601583793759,-0.9805601583793759,label_Hcc,label_Tbqq
C_Tbl_correct,TTBar,/home/maxwelhelp/Рабочий стол/JetClassOfficial/val_5M/TTBar_120.root,11,label_Tbqq,label_Tbqq,label_Hcc,label_Tbqq,0.17064327001571655,0.49991822242736816,0.3292749524116516,-0.3292749524116516,22,pair_direct_legacy_replay,C_tgt_correct,0.17064327001571655,0.49991822242736816,0.3292749524116516,-0.3292749524116516,label_Hcc,label_Tbqq
C_Tbl_correct,TTBar,/home/maxwelhelp/Рабочий стол/JetClassOfficial/val_5M/TTBar_120.root,12,label_Tbqq,label_Tbqq,label_Hcc,label_Tbqq,5.19481000083033e-05,0.998930037021637,0.9988780889216287,-0.9988780889216287,22,pair_direct_legacy_replay,C_tgt_correct,5.19481000083033e-05,0.998930037021637,0.9988780889216287,-0.9988780889216287,label_Hcc,label_Tbqq
C_Tbl_correct,TTBar,/home/maxwelhelp/Рабочий стол/JetClassOfficial/val_5M/TTBar_120.root,13,label_Tbqq,label_Tbqq,label_Hcc,label_Tbqq,7.694649684708565e-05,0.9961825013160706,0.9961055548192235,-0.9961055548192235,22,pair_direct_legacy_replay,C_tgt_correct,7.694649684708565e-05,0.9961825013160706,0.9961055548192235,-0.9961055548192235,label_Hcc,label_Tbqq
C_Tbl_correct,TTBar,/home/maxwelhelp/Рабочий стол/JetClassOfficial/val_5M/TTBar_120.root,14,label_Tbqq,label_Tbqq,label_Hcc,label_Tbqq,0.01422143168747425,0.8205474019050598,0.8063259702175856,-0.8063259702175856,22,pair_direct_legacy_replay,C_tgt_correct,0.01422143168747425,0.8205474019050598,0.8063259702175856,-0.8063259702175856,label_Hcc,label_Tbqq
C_Tbl_correct,TTBar,/home/maxwelhelp/Рабочий стол/JetClassOfficial/val_5M/TTBar_120.root,15,label_Tbqq,label_Tbqq,label_Hcc,label_Tbqq,0.0004091521550435573,0.9683616161346436,0.9679524639796,-0.9679524639796,22,pair_direct_legacy_replay,C_tgt_correct,0.0004091521550435573,0.9683616161346436,0.9679524639796,-0.9679524639796,label_Hcc,label_Tbqq
C_Tbl_correct,TTBar,/home/maxwelhelp/Рабочий стол/JetClassOfficial/val_5M/TTBar_120.root,16,label_Tbqq,label_Tbqq,label_Hcc,label_Tbqq,4.175415597273968e-05,0.9990411400794983,0.9989993859235256,-0.9989993859235256,22,pair_direct_legacy_replay,C_tgt_correct,4.175415597273968e-05,0.9990411400794983,0.9989993859235256,-0.9989993859235256,label_Hcc,label_Tbqq
C_Tbl_correct,TTBar,/home/maxwelhelp/Рабочий стол/JetClassOfficial/val_5M/TTBar_120.root,17,label_Tbqq,label_Tbqq,label_Hcc,label_Tbqq,0.0006690248264931142,0.9883620142936707,0.9876929894671775,-0.9876929894671775,22,pair_direct_legacy_replay,C_tgt_correct,0.0006690248264931142,0.9883620142936707,0.9876929894671775,-0.9876929894671775,label_Hcc,label_Tbqq
C_Tbl_correct,TTBar,/home/maxwelhelp/Рабочий стол/JetClassOfficial/val_5M/TTBar_120.root,18,label_Tbqq,label_Tbqq,label_Hcc,label_Tbqq,0.001188424532301724,0.5875169634819031,0.5863285389496014,-0.5863285389496014,22,pair_direct_legacy_replay,C_tgt_correct,0.001188424532301724,0.5875169634819031,0.5863285389496014,-0.5863285389496014,label_Hcc,label_Tbqq
C_Tbl_correct,TTBar,/home/maxwelhelp/Рабочий стол/JetClassOfficial/val_5M/TTBar_120.root,19,label_Tbqq,label_Tbqq,label_Hcc,label_Tbqq,0.006271171383559704,0.7202211618423462,0.7139499904587865,-0.7139499904587865,22,pair_direct_legacy_replay,C_tgt_correct,0.006271171383559704,0.7202211618423462,0.7139499904587865,-0.7139499904587865,label_Hcc,label_Tbqq
C_Tbl_correct,TTBar,/home/maxwelhelp/Рабочий стол/JetClassOfficial/val_5M/TTBar_120.root,20,label_Tbqq,label_Tbqq,label_Hcc,label_Tbqq,0.08376438915729523,0.8084411025047302,0.724676713347435,-0.724676713347435,22,pair_direct_legacy_replay,C_tgt_correct,0.08376438915729523,0.8084411025047302,0.724676713347435,-0.724676713347435,label_Hcc,label_Tbqq
C_Tbl_correct,TTBar,/home/maxwelhelp/Рабочий стол/JetClassOfficial/val_5M/TTBar_120.root,21,label_Tbqq,label_Tbqq,label_Hcc,label_Tbqq,7.227637979667634e-06,0.999765932559967,0.9997587049219874,-0.9997587049219874,22,pair_direct_legacy_replay,C_tgt_correct,7.227637979667634e-06,0.999765932559967,0.9997587049219874,-0.9997587049219874,label_Hcc,label_Tbqq
C_Tbl_correct,TTBar,/home/maxwelhelp/Рабочий стол/JetClassOfficial/val_5M/TTBar_120.root,22,label_Tbqq,label_Tbqq,label_Hcc,label_Tbqq,4.500343493418768e-06,0.9995362758636475,0.999531775520154,-0.999531775520154,22,pair_direct_legacy_replay,C_tgt_correct,4.500343493418768e-06,0.9995362758636475,0.999531775520154,-0.999531775520154,label_Hcc,label_Tbqq
C_Tbl_correct,TTBar,/home/maxwelhelp/Рабочий стол/JetClassOfficial/val_5M/TTBar_120.root,24,label_Tbqq,label_Tbqq,label_Hcc,label_Tbqq,6.890725671837572e-06,0.9995593428611755,0.9995524521355037,-0.9995524521355037,22,pair_direct_legacy_replay,C_tgt_correct,6.890725671837572e-06,0.9995593428611755,0.9995524521355037,-0.9995524521355037,label_Hcc,label_Tbqq
C_Tbl_correct,TTBar,/home/maxwelhelp/Рабочий стол/JetClassOfficial/val_5M/TTBar_120.root,25,label_Tbqq,label_Tbqq,label_Hcc,label_Tbqq,0.006144841201603413,0.9834142327308655,0.9772693915292621,-0.9772693915292621,22,pair_direct_legacy_replay,C_tgt_correct,0.006144841201603413,0.9834142327308655,0.9772693915292621,-0.9772693915292621,label_Hcc,label_Tbqq
C_Tbl_correct,TTBar,/home/maxwelhelp/Рабочий стол/JetClassOfficial/val_5M/TTBar_120.root,26,label_Tbqq,label_Tbqq,label_Hcc,label_Tbqq,0.00048634965787641704,0.9467513561248779,0.9462650064670015,-0.9462650064670015,22,pair_direct_legacy_replay,C_tgt_correct,0.00048634965787641704,0.9467513561248779,0.9462650064670015,-0.9462650064670015,label_Hcc,label_Tbqq
C_Tbl_correct,TTBar,/home/maxwelhelp/Рабочий стол/JetClassOfficial/val_5M/TTBar_120.root,27,label_Tbqq,label_Tbqq,label_Hcc,label_Tbqq,0.010377803817391396,0.8989343047142029,0.8885565008968115,-0.8885565008968115,22,pair_direct_legacy_replay,C_tgt_correct,0.010377803817391396,0.8989343047142029,0.8885565008968115,-0.8885565008968115,label_Hcc,label_Tbqq
C_Tbl_correct,TTBar,/home/maxwelhelp/Рабочий стол/JetClassOfficial/val_5M/TTBar_120.root,28,label_Tbqq,label_Tbqq,label_Hcc,label_Tbqq,0.09716632962226868,0.7055814266204834,0.6084150969982147,-0.6084150969982147,22,pair_direct_legacy_replay,C_tgt_correct,0.09716632962226868,0.7055814266204834,0.6084150969982147,-0.6084150969982147,label_Hcc,label_Tbqq
C_Tbl_correct,TTBar,/home/maxwelhelp/Рабочий стол/JetClassOfficial/val_5M/TTBar_120.root,30,label_Tbqq,label_Tbqq,label_Hcc,label_Tbqq,0.12524493038654327,0.5882399678230286,0.4629950374364853,-0.4629950374364853,22,pair_direct_legacy_replay,C_tgt_correct,0.12524493038654327,0.5882399678230286,0.4629950374364853,-0.4629950374364853,label_Hcc,label_Tbqq
C_Tbl_correct,TTBar,/home/maxwelhelp/Рабочий стол/JetClassOfficial/val_5M/TTBar_120.root,31,label_Tbqq,label_Tbqq,label_Hcc,label_Tbqq,3.592583743738942e-05,0.9972617626190186,0.9972258367815812,-0.9972258367815812,22,pair_direct_legacy_replay,C_tgt_correct,3.592583743738942e-05,0.9972617626190186,0.9972258367815812,-0.9972258367815812,label_Hcc,label_Tbqq
C_Tbl_correct,TTBar,/home/maxwelhelp/Рабочий стол/JetClassOfficial/val_5M/TTBar_120.root,32,label_Tbqq,label_Tbqq,label_Hcc,label_Tbqq,0.004521657712757587,0.9480509757995605,0.943529318086803,-0.943529318086803,22,pair_direct_legacy_replay,C_tgt_correct,0.004521657712757587,0.9480509757995605,0.943529318086803,-0.943529318086803,label_Hcc,label_Tbqq
C_Tbl_correct,TTBar,/home/maxwelhelp/Рабочий стол/JetClassOfficial/val_5M/TTBar_120.root,34,label_Tbqq,label_Tbqq,label_Hcc,label_Tbqq,0.0014193847309798002,0.9650403261184692,0.9636209413874894,-0.9636209413874894,22,pair_direct_legacy_replay,C_tgt_correct,0.0014193847309798002,0.9650403261184692,0.9636209413874894,-0.9636209413874894,label_Hcc,label_Tbqq
C_Tbl_correct,TTBar,/home/maxwelhelp/Рабочий стол/JetClassOfficial/val_5M/TTBar_120.root,35,label_Tbqq,label_Tbqq,label_Hcc,label_Tbqq,0.0005970856873318553,0.9963057041168213,0.9957086184294894,-0.9957086184294894,22,pair_direct_legacy_replay,C_tgt_correct,0.0005970856873318553,0.9963057041168213,0.9957086184294894,-0.9957086184294894,label_Hcc,label_Tbqq
C_Tbl_correct,TTBar,/home/maxwelhelp/Рабочий стол/JetClassOfficial/val_5M/TTBar_120.root,36,label_Tbqq,label_Tbqq,label_Hcc,label_Tbqq,0.006903481669723988,0.979621171951294,0.97271769028157,-0.97271769028157,22,pair_direct_legacy_replay,C_tgt_correct,0.006903481669723988,0.979621171951294,0.97271769028157,-0.97271769028157,label_Hcc,label_Tbqq
C_Tbl_correct,TTBar,/home/maxwelhelp/Рабочий стол/JetClassOfficial/val_5M/TTBar_120.root,37,label_Tbqq,label_Tbqq,label_Hcc,label_Tbqq,0.000702138408087194,0.9965909719467163,0.9958888335386291,-0.9958888335386291,22,pair_direct_legacy_replay,C_tgt_correct,0.000702138408087194,0.9965909719467163,0.9958888335386291,-0.9958888335386291,label_Hcc,label_Tbqq
C_Tbl_correct,TTBar,/home/maxwelhelp/Рабочий стол/JetClassOfficial/val_5M/TTBar_120.root,38,label_Tbqq,label_Tbqq,label_Hcc,label_Tbqq,0.0006861278670839965,0.990858256816864,0.99017212894978,-0.99017212894978,22,pair_direct_legacy_replay,C_tgt_correct,0.0006861278670839965,0.990858256816864,0.99017212894978,-0.99017212894978,label_Hcc,label_Tbqq
C_Tbl_correct,TTBar,/home/maxwelhelp/Рабочий стол/JetClassOfficial/val_5M/TTBar_120.root,39,label_Tbqq,label_Tbqq,label_Hcc,label_Tbqq,0.055288683623075485,0.780633270740509,0.7253445871174335,-0.7253445871174335,22,pair_direct_legacy_replay,C_tgt_correct,0.055288683623075485,0.780633270740509,0.7253445871174335,-0.7253445871174335,label_Hcc,label_Tbqq
C_Tbl_correct,TTBar,/home/maxwelhelp/Рабочий стол/JetClassOfficial/val_5M/TTBar_120.root,40,label_Tbqq,label_Tbqq,label_Hcc,label_Tbqq,1.2427179171936586e-05,0.9991698265075684,0.9991573993283964,-0.9991573993283964,22,pair_direct_legacy_replay,C_tgt_correct,1.2427179171936586e-05,0.9991698265075684,0.9991573993283964,-0.9991573993283964,label_Hcc,label_Tbqq
C_Tbl_correct,TTBar,/home/maxwelhelp/Рабочий стол/JetClassOfficial/val_5M/TTBar_120.root,41,label_Tbqq,label_Tbqq,label_Hcc,label_Tbqq,2.4159608074114658e-05,0.9587240219116211,0.958699862303547,-0.958699862303547,22,pair_direct_legacy_replay,C_tgt_correct,2.4159608074114658e-05,0.9587240219116211,0.958699862303547,-0.958699862303547,label_Hcc,label_Tbqq
C_Tbl_correct,TTBar,/home/maxwelhelp/Рабочий стол/JetClassOfficial/val_5M/TTBar_120.root,42,label_Tbqq,label_Tbqq,label_Hcc,label_Tbqq,1.24175421660766e-05,0.9978600144386292,0.9978475968964631,-0.9978475968964631,22,pair_direct_legacy_replay,C_tgt_correct,1.24175421660766e-05,0.9978600144386292,0.9978475968964631,-0.9978475968964631,label_Hcc,label_Tbqq
C_Tbl_correct,TTBar,/home/maxwelhelp/Рабочий стол/JetClassOfficial/val_5M/TTBar_120.root,43,label_Tbqq,label_Tbqq,label_Hcc,label_Tbqq,0.0009676721529103816,0.8344263434410095,0.8334586712880991,-0.8334586712880991,22,pair_direct_legacy_replay,C_tgt_correct,0.0009676721529103816,0.8344263434410095,0.8334586712880991,-0.8334586712880991,label_Hcc,label_Tbqq
C_Tbl_correct,TTBar,/home/maxwelhelp/Рабочий стол/JetClassOfficial/val_5M/TTBar_120.root,44,label_Tbqq,label_Tbqq,label_Hcc,label_Tbqq,0.0007638689130544662,0.996950626373291,0.9961867574602365,-0.9961867574602365,22,pair_direct_legacy_replay,C_tgt_correct,0.0007638689130544662,0.996950626373291,0.9961867574602365,-0.9961867574602365,label_Hcc,label_Tbqq
C_Tbl_correct,TTBar,/home/maxwelhelp/Рабочий стол/JetClassOfficial/val_5M/TTBar_120.root,45,label_Tbqq,label_Tbqq,label_Hcc,label_Tbqq,6.071741722735169e-07,0.9998799562454224,0.9998793490712501,-0.9998793490712501,22,pair_direct_legacy_replay,C_tgt_correct,6.071741722735169e-07,0.9998799562454224,0.9998793490712501,-0.9998793490712501,label_Hcc,label_Tbqq
C_Tbl_correct,TTBar,/home/maxwelhelp/Рабочий стол/JetClassOfficial/val_5M/TTBar_120.root,46,label_Tbqq,label_Tbqq,label_Hcc,label_Tbqq,6.199516064953059e-06,0.9997290968894958,0.9997228973734309,-0.9997228973734309,22,pair_direct_legacy_replay,C_tgt_correct,6.199516064953059e-06,0.9997290968894958,0.9997228973734309,-0.9997228973734309,label_Hcc,label_Tbqq
C_Tbl_correct,TTBar,/home/maxwelhelp/Рабочий стол/JetClassOfficial/val_5M/TTBar_120.root,47,label_Tbqq,label_Tbqq,label_Hcc,label_Tbqq,0.0024282787926495075,0.9331093430519104,0.9306810642592609,-0.9306810642592609,22,pair_direct_legacy_replay,C_tgt_correct,0.0024282787926495075,0.9331093430519104,0.9306810642592609,-0.9306810642592609,label_Hcc,label_Tbqq
C_Tbl_correct,TTBar,/home/maxwelhelp/Рабочий стол/JetClassOfficial/val_5M/TTBar_120.root,48,label_Tbqq,label_Tbqq,label_Hcc,label_Tbqq,0.04235067218542099,0.8917117714881897,0.8493610993027687,-0.8493610993027687,22,pair_direct_legacy_replay,C_tgt_correct,0.04235067218542099,0.8917117714881897,0.8493610993027687,-0.8493610993027687,label_Hcc,label_Tbqq
C_Tbl_correct,TTBar,/home/maxwelhelp/Рабочий стол/JetClassOfficial/val_5M/TTBar_120.root,49,label_Tbqq,label_Tbqq,label_Hcc,label_Tbqq,0.001281233155168593,0.9414762258529663,0.9401949926977977,-0.9401949926977977,22,pair_direct_legacy_replay,C_tgt_correct,0.001281233155168593,0.9414762258529663,0.9401949926977977,-0.9401949926977977,label_Hcc,label_Tbqq
C_Tbl_correct,TTBar,/home/maxwelhelp/Рабочий стол/JetClassOfficial/val_5M/TTBar_120.root,50,label_Tbqq,label_Tbqq,label_Hcc,label_Tbqq,0.0039339312352240086,0.9166499972343445,0.9127160659991205,-0.9127160659991205,22,pair_direct_legacy_replay,C_tgt_correct,0.0039339312352240086,0.9166499972343445,0.9127160659991205,-0.9127160659991205,label_Hcc,label_Tbqq
C_Tbl_correct,TTBar,/home/maxwelhelp/Рабочий стол/JetClassOfficial/val_5M/TTBar_120.root,51,label_Tbqq,label_Tbqq,label_Hcc,label_Tbqq,0.015000550076365471,0.8631175756454468,0.8481170255690813,-0.8481170255690813,22,pair_direct_legacy_replay,C_tgt_correct,0.015000550076365471,0.8631175756454468,0.8481170255690813,-0.8481170255690813,label_Hcc,label_Tbqq
C_Tbl_correct,TTBar,/home/maxwelhelp/Рабочий стол/JetClassOfficial/val_5M/TTBar_120.root,52,label_Tbqq,label_Tbqq,label_Hcc,label_Tbqq,0.0004919555503875017,0.9771331548690796,0.9766411993186921,-0.9766411993186921,22,pair_direct_legacy_replay,C_tgt_correct,0.0004919555503875017,0.9771331548690796,0.9766411993186921,-0.9766411993186921,label_Hcc,label_Tbqq
C_Tbl_correct,TTBar,/home/maxwelhelp/Рабочий стол/JetClassOfficial/val_5M/TTBar_120.root,53,label_Tbqq,label_Tbqq,label_Hcc,label_Tbqq,2.5610075681470335e-05,0.9996970891952515,0.99967147911957,-0.99967147911957,22,pair_direct_legacy_replay,C_tgt_correct,2.5610075681470335e-05,0.9996970891952515,0.99967147911957,-0.99967147911957,label_Hcc,label_Tbqq
C_Tbl_correct,TTBar,/home/maxwelhelp/Рабочий стол/JetClassOfficial/val_5M/TTBar_120.root,54,label_Tbqq,label_Tbqq,label_Hcc,label_Tbqq,0.0004888988332822919,0.9907026290893555,0.9902137302560732,-0.9902137302560732,22,pair_direct_legacy_replay,C_tgt_correct,0.0004888988332822919,0.9907026290893555,0.9902137302560732,-0.9902137302560732,label_Hcc,label_Tbqq
C_Tbl_correct,TTBar,/home/maxwelhelp/Рабочий стол/JetClassOfficial/val_5M/TTBar_120.root,55,label_Tbqq,label_Tbqq,label_Hcc,label_Tbqq,0.0026836576871573925,0.9903891682624817,0.9877055105753243,-0.9877055105753243,22,pair_direct_legacy_replay,C_tgt_correct,0.0026836576871573925,0.9903891682624817,0.9877055105753243,-0.9877055105753243,label_Hcc,label_Tbqq
C_Tbl_correct,TTBar,/home/maxwelhelp/Рабочий стол/JetClassOfficial/val_5M/TTBar_120.root,56,label_Tbqq,label_Tbqq,label_Hcc,label_Tbqq,0.008410518988966942,0.977462649345398,0.969052130356431,-0.969052130356431,22,pair_direct_legacy_replay,C_tgt_correct,0.008410518988966942,0.977462649345398,0.969052130356431,-0.969052130356431,label_Hcc,label_Tbqq
C_Tbl_correct,TTBar,/home/maxwelhelp/Рабочий стол/JetClassOfficial/val_5M/TTBar_120.root,57,label_Tbqq,label_Tbqq,label_Hcc,label_Tbqq,0.001742227585054934,0.9948019981384277,0.9930597705533728,-0.9930597705533728,22,pair_direct_legacy_replay,C_tgt_correct,0.001742227585054934,0.9948019981384277,0.9930597705533728,-0.9930597705533728,label_Hcc,label_Tbqq
C_Tbl_correct,TTBar,/home/maxwelhelp/Рабочий стол/JetClassOfficial/val_5M/TTBar_120.root,58,label_Tbqq,label_Tbqq,label_Hcc,label_Tbqq,1.5005954992375337e-05,0.9996956586837769,0.9996806527287845,-0.9996806527287845,22,pair_direct_legacy_replay,C_tgt_correct,1.5005954992375337e-05,0.9996956586837769,0.9996806527287845,-0.9996806527287845,label_Hcc,label_Tbqq
C_Tbl_correct,TTBar,/home/maxwelhelp/Рабочий стол/JetClassOfficial/val_5M/TTBar_120.root,59,label_Tbqq,label_Tbqq,label_Hcc,label_Tbqq,4.332797834649682e-05,0.9994526505470276,0.9994093225686811,-0.9994093225686811,22,pair_direct_legacy_replay,C_tgt_correct,4.332797834649682e-05,0.9994526505470276,0.9994093225686811,-0.9994093225686811,label_Hcc,label_Tbqq
C_Tbl_correct,TTBar,/home/maxwelhelp/Рабочий стол/JetClassOfficial/val_5M/TTBar_120.root,60,label_Tbqq,label_Tbqq,label_Hcc,label_Tbqq,2.704706048461958e-06,0.99996018409729,0.9999574793912416,-0.9999574793912416,22,pair_direct_legacy_replay,C_tgt_correct,2.704706048461958e-06,0.99996018409729,0.9999574793912416,-0.9999574793912416,label_Hcc,label_Tbqq
C_Tbl_correct,TTBar,/home/maxwelhelp/Рабочий стол/JetClassOfficial/val_5M/TTBar_120.root,61,label_Tbqq,label_Tbqq,label_Hcc,label_Tbqq,0.0005445131682790816,0.9839163422584534,0.9833718290901743,-0.9833718290901743,22,pair_direct_legacy_replay,C_tgt_correct,0.0005445131682790816,0.9839163422584534,0.9833718290901743,-0.9833718290901743,label_Hcc,label_Tbqq
C_Tbl_correct,TTBar,/home/maxwelhelp/Рабочий стол/JetClassOfficial/val_5M/TTBar_120.root,62,label_Tbqq,label_Tbqq,label_Hcc,label_Tbqq,8.133955020639405e-07,0.9998995065689087,0.9998986931734066,-0.9998986931734066,22,pair_direct_legacy_replay,C_tgt_correct,8.133955020639405e-07,0.9998995065689087,0.9998986931734066,-0.9998986931734066,label_Hcc,label_Tbqq
C_Tbl_correct,TTBar,/home/maxwelhelp/Рабочий стол/JetClassOfficial/val_5M/TTBar_120.root,63,label_Tbqq,label_Tbqq,label_Hcc,label_Tbqq,0.002713344758376479,0.8731825351715088,0.8704691904131323,-0.8704691904131323,22,pair_direct_legacy_replay,C_tgt_correct,0.002713344758376479,0.8731825351715088,0.8704691904131323,-0.8704691904131323,label_Hcc,label_Tbqq
C_Tbl_correct,TTBar,/home/maxwelhelp/Рабочий стол/JetClassOfficial/val_5M/TTBar_120.root,64,label_Tbqq,label_Tbqq,label_Hcc,label_Tbqq,0.0004055863537359983,0.7851104736328125,0.7847048872790765,-0.7847048872790765,22,pair_direct_legacy_replay,C_tgt_correct,0.0004055863537359983,0.7851104736328125,0.7847048872790765,-0.7847048872790765,label_Hcc,label_Tbqq
C_Tbl_correct,TTBar,/home/maxwelhelp/Рабочий стол/JetClassOfficial/val_5M/TTBar_120.root,66,label_Tbqq,label_Tbqq,label_Hcc,label_Tbqq,0.15622760355472565,0.7138247489929199,0.5575971454381943,-0.5575971454381943,22,pair_direct_legacy_replay,C_tgt_correct,0.15622760355472565,0.7138247489929199,0.5575971454381943,-0.5575971454381943,label_Hcc,label_Tbqq
C_Tbl_correct,TTBar,/home/maxwelhelp/Рабочий стол/JetClassOfficial/val_5M/TTBar_120.root,67,label_Tbqq,label_Tbqq,label_Hcc,label_Tbqq,0.002940670121461153,0.6216215491294861,0.6186808790080249,-0.6186808790080249,22,pair_direct_legacy_replay,C_tgt_correct,0.002940670121461153,0.6216215491294861,0.6186808790080249,-0.6186808790080249,label_Hcc,label_Tbqq
C_Tbl_correct,TTBar,/home/maxwelhelp/Рабочий стол/JetClassOfficial/val_5M/TTBar_120.root,68,label_Tbqq,label_Tbqq,label_Hcc,label_Tbqq,0.0008763273363001645,0.9709195494651794,0.9700432221288793,-0.9700432221288793,22,pair_direct_legacy_replay,C_tgt_correct,0.0008763273363001645,0.9709195494651794,0.9700432221288793,-0.9700432221288793,label_Hcc,label_Tbqq
C_Tbl_correct,TTBar,/home/maxwelhelp/Рабочий стол/JetClassOfficial/val_5M/TTBar_120.root,69,label_Tbqq,label_Tbqq,label_Hcc,label_Tbqq,0.0734822005033493,0.5791788101196289,0.5056966096162796,-0.5056966096162796,22,pair_direct_legacy_replay,C_tgt_correct,0.0734822005033493,0.5791788101196289,0.5056966096162796,-0.5056966096162796,label_Hcc,label_Tbqq
C_Tbl_correct,TTBar,/home/maxwelhelp/Рабочий стол/JetClassOfficial/val_5M/TTBar_120.root,70,label_Tbqq,label_Tbqq,label_Hcc,label_Tbqq,0.0005748381954617798,0.9331226944923401,0.9325478562968783,-0.9325478562968783,22,pair_direct_legacy_replay,C_tgt_correct,0.0005748381954617798,0.9331226944923401,0.9325478562968783,-0.9325478562968783,label_Hcc,label_Tbqq
C_Tbl_correct,TTBar,/home/maxwelhelp/Рабочий стол/JetClassOfficial/val_5M/TTBar_120.root,72,label_Tbqq,label_Tbqq,label_Hcc,label_Tbqq,0.00013266911264508963,0.9969766139984131,0.996843944885768,-0.996843944885768,22,pair_direct_legacy_replay,C_tgt_correct,0.00013266911264508963,0.9969766139984131,0.996843944885768,-0.996843944885768,label_Hcc,label_Tbqq
C_Tbl_correct,TTBar,/home/maxwelhelp/Рабочий стол/JetClassOfficial/val_5M/TTBar_120.root,73,label_Tbqq,label_Tbqq,label_Hcc,label_Tbqq,0.01892218180000782,0.7794423699378967,0.7605201881378889,-0.7605201881378889,22,pair_direct_legacy_replay,C_tgt_correct,0.01892218180000782,0.7794423699378967,0.7605201881378889,-0.7605201881378889,label_Hcc,label_Tbqq
C_Tbl_correct,TTBar,/home/maxwelhelp/Рабочий стол/JetClassOfficial/val_5M/TTBar_120.root,74,label_Tbqq,label_Tbqq,label_Hcc,label_Tbqq,0.0005117754335515201,0.8439851403236389,0.8434733648900874,-0.8434733648900874,22,pair_direct_legacy_replay,C_tgt_correct,0.0005117754335515201,0.8439851403236389,0.8434733648900874,-0.8434733648900874,label_Hcc,label_Tbqq
C_Tbl_correct,TTBar,/home/maxwelhelp/Рабочий стол/JetClassOfficial/val_5M/TTBar_120.root,75,label_Tbqq,label_Tbqq,label_Hcc,label_Tbqq,0.02687200717628002,0.8841909766197205,0.8573189694434404,-0.8573189694434404,22,pair_direct_legacy_replay,C_tgt_correct,0.02687200717628002,0.8841909766197205,0.8573189694434404,-0.8573189694434404,label_Hcc,label_Tbqq
C_Tbl_correct,TTBar,/home/maxwelhelp/Рабочий стол/JetClassOfficial/val_5M/TTBar_120.root,76,label_Tbqq,label_Tbqq,label_Hcc,label_Tbqq,0.00176370854023844,0.9876714944839478,0.9859077859437093,-0.9859077859437093,22,pair_direct_legacy_replay,C_tgt_correct,0.00176370854023844,0.9876714944839478,0.9859077859437093,-0.9859077859437093,label_Hcc,label_Tbqq
C_Tbl_correct,TTBar,/home/maxwelhelp/Рабочий стол/JetClassOfficial/val_5M/TTBar_120.root,77,label_Tbqq,label_Tbqq,label_Hcc,label_Tbqq,0.00011180142610101029,0.9885326623916626,0.9884208609655616,-0.9884208609655616,22,pair_direct_legacy_replay,C_tgt_correct,0.00011180142610101029,0.9885326623916626,0.9884208609655616,-0.9884208609655616,label_Hcc,label_Tbqq
C_Tbl_correct,TTBar,/home/maxwelhelp/Рабочий стол/JetClassOfficial/val_5M/TTBar_120.root,78,label_Tbqq,label_Tbqq,label_Hcc,label_Tbqq,1.6107275087051676e-06,0.9997822642326355,0.9997806535051268,-0.9997806535051268,22,pair_direct_legacy_replay,C_tgt_correct,1.6107275087051676e-06,0.9997822642326355,0.9997806535051268,-0.9997806535051268,label_Hcc,label_Tbqq
C_Tbl_correct,TTBar,/home/maxwelhelp/Рабочий стол/JetClassOfficial/val_5M/TTBar_120.root,79,label_Tbqq,label_Tbqq,label_Hcc,label_Tbqq,0.005651539191603661,0.9174386858940125,0.9117871467024088,-0.9117871467024088,22,pair_direct_legacy_replay,C_tgt_correct,0.005651539191603661,0.9174386858940125,0.9117871467024088,-0.9117871467024088,label_Hcc,label_Tbqq
C_Tbl_correct,TTBar,/home/maxwelhelp/Рабочий стол/JetClassOfficial/val_5M/TTBar_120.root,80,label_Tbqq,label_Tbqq,label_Hcc,label_Tbqq,0.0012456479016691446,0.9829024076461792,0.98165675974451,-0.98165675974451,22,pair_direct_legacy_replay,C_tgt_correct,0.0012456479016691446,0.9829024076461792,0.98165675974451,-0.98165675974451,label_Hcc,label_Tbqq
C_Tbl_correct,TTBar,/home/maxwelhelp/Рабочий стол/JetClassOfficial/val_5M/TTBar_120.root,82,label_Tbqq,label_Tbqq,label_Hcc,label_Tbqq,0.00028616958297789097,0.9941294193267822,0.9938432497438043,-0.9938432497438043,22,pair_direct_legacy_replay,C_tgt_correct,0.00028616958297789097,0.9941294193267822,0.9938432497438043,-0.9938432497438043,label_Hcc,label_Tbqq
C_Tbl_correct,TTBar,/home/maxwelhelp/Рабочий стол/JetClassOfficial/val_5M/TTBar_120.root,84,label_Tbqq,label_Tbqq,label_Hcc,label_Tbqq,0.010666766203939915,0.6130115985870361,0.6023448323830962,-0.6023448323830962,22,pair_direct_legacy_replay,C_tgt_correct,0.010666766203939915,0.6130115985870361,0.6023448323830962,-0.6023448323830962,label_Hcc,label_Tbqq
C_Tbl_correct,TTBar,/home/maxwelhelp/Рабочий стол/JetClassOfficial/val_5M/TTBar_120.root,86,label_Tbqq,label_Tbqq,label_Hcc,label_Tbqq,0.005406954325735569,0.9655296802520752,0.9601227259263396,-0.9601227259263396,22,pair_direct_legacy_replay,C_tgt_correct,0.005406954325735569,0.9655296802520752,0.9601227259263396,-0.9601227259263396,label_Hcc,label_Tbqq
D_Tbl_to_Hqql,TTBar,/home/maxwelhelp/Рабочий стол/JetClassOfficial/val_5M/TTBar_120.root,87,label_Tbqq,label_Hcc,label_Hcc,label_Tbqq,0.7892323732376099,0.1470251828432083,-0.6422071903944016,0.6422071903944016,22,pair_direct_legacy_replay,D_tgt_to_src,0.7892323732376099,0.1470251828432083,-0.6422071903944016,0.6422071903944016,label_Hcc,label_Tbqq
C_Tbl_correct,TTBar,/home/maxwelhelp/Рабочий стол/JetClassOfficial/val_5M/TTBar_120.root,88,label_Tbqq,label_Tbqq,label_Hcc,label_Tbqq,0.0006249092984944582,0.9954366087913513,0.9948116994928569,-0.9948116994928569,22,pair_direct_legacy_replay,C_tgt_correct,0.0006249092984944582,0.9954366087913513,0.9948116994928569,-0.9948116994928569,label_Hcc,label_Tbqq
C_Tbl_correct,TTBar,/home/maxwelhelp/Рабочий стол/JetClassOfficial/val_5M/TTBar_120.root,90,label_Tbqq,label_Tbqq,label_Hcc,label_Tbqq,0.0019792558159679174,0.9944345355033875,0.9924552796874195,-0.9924552796874195,22,pair_direct_legacy_replay,C_tgt_correct,0.0019792558159679174,0.9944345355033875,0.9924552796874195,-0.9924552796874195,label_Hcc,label_Tbqq
C_Tbl_correct,TTBar,/home/maxwelhelp/Рабочий стол/JetClassOfficial/val_5M/TTBar_120.root,91,label_Tbqq,label_Tbqq,label_Hcc,label_Tbqq,3.267460851930082e-05,0.9956156015396118,0.9955829269310925,-0.9955829269310925,22,pair_direct_legacy_replay,C_tgt_correct,3.267460851930082e-05,0.9956156015396118,0.9955829269310925,-0.9955829269310925,label_Hcc,label_Tbqq
C_Tbl_correct,TTBar,/home/maxwelhelp/Рабочий стол/JetClassOfficial/val_5M/TTBar_120.root,92,label_Tbqq,label_Tbqq,label_Hcc,label_Tbqq,0.005466539412736893,0.9706311821937561,0.9651646427810192,-0.9651646427810192,22,pair_direct_legacy_replay,C_tgt_correct,0.005466539412736893,0.9706311821937561,0.9651646427810192,-0.9651646427810192,label_Hcc,label_Tbqq
C_Tbl_correct,TTBar,/home/maxwelhelp/Рабочий стол/JetClassOfficial/val_5M/TTBar_120.root,93,label_Tbqq,label_Tbqq,label_Hcc,label_Tbqq,0.0625067725777626,0.9092952609062195,0.8467884883284569,-0.8467884883284569,22,pair_direct_legacy_replay,C_tgt_correct,0.0625067725777626,0.9092952609062195,0.8467884883284569,-0.8467884883284569,label_Hcc,label_Tbqq
C_Tbl_correct,TTBar,/home/maxwelhelp/Рабочий стол/JetClassOfficial/val_5M/TTBar_120.root,94,label_Tbqq,label_Tbqq,label_Hcc,label_Tbqq,0.024799151346087456,0.944845974445343,0.9200468230992556,-0.9200468230992556,22,pair_direct_legacy_replay,C_tgt_correct,0.024799151346087456,0.944845974445343,0.9200468230992556,-0.9200468230992556,label_Hcc,label_Tbqq
C_Tbl_correct,TTBar,/home/maxwelhelp/Рабочий стол/JetClassOfficial/val_5M/TTBar_120.root,95,label_Tbqq,label_Tbqq,label_Hcc,label_Tbqq,0.15835338830947876,0.47720497846603394,0.3188515901565552,-0.3188515901565552,22,pair_direct_legacy_replay,C_tgt_correct,0.15835338830947876,0.47720497846603394,0.3188515901565552,-0.3188515901565552,label_Hcc,label_Tbqq
C_Tbl_correct,TTBar,/home/maxwelhelp/Рабочий стол/JetClassOfficial/val_5M/TTBar_120.root,96,label_Tbqq,label_Tbqq,label_Hcc,label_Tbqq,0.0033918796107172966,0.9605401158332825,0.9571482362225652,-0.9571482362225652,22,pair_direct_legacy_replay,C_tgt_correct,0.0033918796107172966,0.9605401158332825,0.9571482362225652,-0.9571482362225652,label_Hcc,label_Tbqq
C_Tbl_correct,TTBar,/home/maxwelhelp/Рабочий стол/JetClassOfficial/val_5M/TTBar_120.root,97,label_Tbqq,label_Tbqq,label_Hcc,label_Tbqq,0.02187124267220497,0.9575144648551941,0.9356432221829891,-0.9356432221829891,22,pair_direct_legacy_replay,C_tgt_correct,0.02187124267220497,0.9575144648551941,0.9356432221829891,-0.9356432221829891,label_Hcc,label_Tbqq
C_Tbl_correct,TTBar,/home/maxwelhelp/Рабочий стол/JetClassOfficial/val_5M/TTBar_120.root,98,label_Tbqq,label_Tbqq,label_Hcc,label_Tbqq,1.1155436823173659e-06,0.9994113445281982,0.9994102289845159,-0.9994102289845159,22,pair_direct_legacy_replay,C_tgt_correct,1.1155436823173659e-06,0.9994113445281982,0.9994102289845159,-0.9994102289845159,label_Hcc,label_Tbqq
C_Tbl_correct,TTBar,/home/maxwelhelp/Рабочий стол/JetClassOfficial/val_5M/TTBar_120.root,99,label_Tbqq,label_Tbqq,label_Hcc,label_Tbqq,0.00017074857896659523,0.9807698726654053,0.9805991240864387,-0.9805991240864387,22,pair_direct_legacy_replay,C_tgt_correct,0.00017074857896659523,0.9807698726654053,0.9805991240864387,-0.9805991240864387,label_Hcc,label_Tbqq
C_Tbl_correct,TTBar,/home/maxwelhelp/Рабочий стол/JetClassOfficial/val_5M/TTBar_120.root,100,label_Tbqq,label_Tbqq,label_Hcc,label_Tbqq,7.807952351868153e-05,0.9968255758285522,0.9967474963050336,-0.9967474963050336,22,pair_direct_legacy_replay,C_tgt_correct,7.807952351868153e-05,0.9968255758285522,0.9967474963050336,-0.9967474963050336,label_Hcc,label_Tbqq
C_Tbl_correct,TTBar,/home/maxwelhelp/Рабочий стол/JetClassOfficial/val_5M/TTBar_120.root,101,label_Tbqq,label_Tbqq,label_Hcc,label_Tbqq,0.0019183331169188023,0.9296610951423645,0.9277427620254457,-0.9277427620254457,22,pair_direct_legacy_replay,C_tgt_correct,0.0019183331169188023,0.9296610951423645,0.9277427620254457,-0.9277427620254457,label_Hcc,label_Tbqq
C_Tbl_correct,TTBar,/home/maxwelhelp/Рабочий стол/JetClassOfficial/val_5M/TTBar_120.root,102,label_Tbqq,label_Tbqq,label_Hcc,label_Tbqq,0.003359564347192645,0.8778561353683472,0.8744965710211545,-0.8744965710211545,22,pair_direct_legacy_replay,C_tgt_correct,0.003359564347192645,0.8778561353683472,0.8744965710211545,-0.8744965710211545,label_Hcc,label_Tbqq
C_Tbl_correct,TTBar,/home/maxwelhelp/Рабочий стол/JetClassOfficial/val_5M/TTBar_120.root,103,label_Tbqq,label_Tbqq,label_Hcc,label_Tbqq,9.214028978021815e-05,0.9981562495231628,0.9980641092333826,-0.9980641092333826,22,pair_direct_legacy_replay,C_tgt_correct,9.214028978021815e-05,0.9981562495231628,0.9980641092333826,-0.9980641092333826,label_Hcc,label_Tbqq
C_Tbl_correct,TTBar,/home/maxwelhelp/Рабочий стол/JetClassOfficial/val_5M/TTBar_120.root,104,label_Tbqq,label_Tbqq,label_Hcc,label_Tbqq,0.0016881845658645034,0.98764568567276,0.9859575011068955,-0.9859575011068955,22,pair_direct_legacy_replay,C_tgt_correct,0.0016881845658645034,0.98764568567276,0.9859575011068955,-0.9859575011068955,label_Hcc,label_Tbqq
C_Tbl_correct,TTBar,/home/maxwelhelp/Рабочий стол/JetClassOfficial/val_5M/TTBar_120.root,105,label_Tbqq,label_Tbqq,label_Hcc,label_Tbqq,0.0001377766311634332,0.9814540147781372,0.9813162381469738,-0.9813162381469738,22,pair_direct_legacy_replay,C_tgt_correct,0.0001377766311634332,0.9814540147781372,0.9813162381469738,-0.9813162381469738,label_Hcc,label_Tbqq
C_Tbl_correct,TTBar,/home/maxwelhelp/Рабочий стол/JetClassOfficial/val_5M/TTBar_120.root,106,label_Tbqq,label_Tbqq,label_Hcc,label_Tbqq,0.0011584678431972861,0.9951958060264587,0.9940373381832615,-0.9940373381832615,22,pair_direct_legacy_replay,C_tgt_correct,0.0011584678431972861,0.9951958060264587,0.9940373381832615,-0.9940373381832615,label_Hcc,label_Tbqq
C_Tbl_correct,TTBar,/home/maxwelhelp/Рабочий стол/JetClassOfficial/val_5M/TTBar_120.root,107,label_Tbqq,label_Tbqq,label_Hcc,label_Tbqq,0.000547223724424839,0.9964924454689026,0.9959452217444777,-0.9959452217444777,22,pair_direct_legacy_replay,C_tgt_correct,0.000547223724424839,0.9964924454689026,0.9959452217444777,-0.9959452217444777,label_Hcc,label_Tbqq
C_Tbl_correct,TTBar,/home/maxwelhelp/Рабочий стол/JetClassOfficial/val_5M/TTBar_120.root,108,label_Tbqq,label_Tbqq,label_Hcc,label_Tbqq,3.0130833692965098e-05,0.9952384233474731,0.9952082925137802,-0.9952082925137802,22,pair_direct_legacy_replay,C_tgt_correct,3.0130833692965098e-05,0.9952384233474731,0.9952082925137802,-0.9952082925137802,label_Hcc,label_Tbqq
C_Tbl_correct,TTBar,/home/maxwelhelp/Рабочий стол/JetClassOfficial/val_5M/TTBar_120.root,109,label_Tbqq,label_Tbqq,label_Hcc,label_Tbqq,0.00034481342299841344,0.9555397629737854,0.955194949550787,-0.955194949550787,22,pair_direct_legacy_replay,C_tgt_correct,0.00034481342299841344,0.9555397629737854,0.955194949550787,-0.955194949550787,label_Hcc,label_Tbqq
C_Tbl_correct,TTBar,/home/maxwelhelp/Рабочий стол/JetClassOfficial/val_5M/TTBar_120.root,110,label_Tbqq,label_Tbqq,label_Hcc,label_Tbqq,0.00013603614934254438,0.9847179055213928,0.9845818693720503,-0.9845818693720503,22,pair_direct_legacy_replay,C_tgt_correct,0.00013603614934254438,0.9847179055213928,0.9845818693720503,-0.9845818693720503,label_Hcc,label_Tbqq
C_Tbl_correct,TTBar,/home/maxwelhelp/Рабочий стол/JetClassOfficial/val_5M/TTBar_120.root,111,label_Tbqq,label_Tbqq,label_Hcc,label_Tbqq,4.674334832088789e-06,0.9967061877250671,0.996701513390235,-0.996701513390235,22,pair_direct_legacy_replay,C_tgt_correct,4.674334832088789e-06,0.9967061877250671,0.996701513390235,-0.996701513390235,label_Hcc,label_Tbqq
C_Tbl_correct,TTBar,/home/maxwelhelp/Рабочий стол/JetClassOfficial/val_5M/TTBar_120.root,112,label_Tbqq,label_Tbqq,label_Hcc,label_Tbqq,0.00048470328329131007,0.978428065776825,0.9779433624935336,-0.9779433624935336,22,pair_direct_legacy_replay,C_tgt_correct,0.00048470328329131007,0.978428065776825,0.9779433624935336,-0.9779433624935336,label_Hcc,label_Tbqq
C_Tbl_correct,TTBar,/home/maxwelhelp/Рабочий стол/JetClassOfficial/val_5M/TTBar_120.root,113,label_Tbqq,label_Tbqq,label_Hcc,label_Tbqq,8.57997019920731e-06,0.9994274377822876,0.9994188578120884,-0.9994188578120884,22,pair_direct_legacy_replay,C_tgt_correct,8.57997019920731e-06,0.9994274377822876,0.9994188578120884,-0.9994188578120884,label_Hcc,label_Tbqq
C_Tbl_correct,TTBar,/home/maxwelhelp/Рабочий стол/JetClassOfficial/val_5M/TTBar_120.root,114,label_Tbqq,label_Tbqq,label_Hcc,label_Tbqq,0.06634996086359024,0.732839822769165,0.6664898619055748,-0.6664898619055748,22,pair_direct_legacy_replay,C_tgt_correct,0.06634996086359024,0.732839822769165,0.6664898619055748,-0.6664898619055748,label_Hcc,label_Tbqq
C_Tbl_correct,TTBar,/home/maxwelhelp/Рабочий стол/JetClassOfficial/val_5M/TTBar_120.root,115,label_Tbqq,label_Tbqq,label_Hcc,label_Tbqq,0.00022748085029888898,0.9887950420379639,0.988567561187665,-0.988567561187665,22,pair_direct_legacy_replay,C_tgt_correct,0.00022748085029888898,0.9887950420379639,0.988567561187665,-0.988567561187665,label_Hcc,label_Tbqq
C_Tbl_correct,TTBar,/home/maxwelhelp/Рабочий стол/JetClassOfficial/val_5M/TTBar_120.root,116,label_Tbqq,label_Tbqq,label_Hcc,label_Tbqq,0.003352590138092637,0.942571759223938,0.9392191690858454,-0.9392191690858454,22,pair_direct_legacy_replay,C_tgt_correct,0.003352590138092637,0.942571759223938,0.9392191690858454,-0.9392191690858454,label_Hcc,label_Tbqq
C_Tbl_correct,TTBar,/home/maxwelhelp/Рабочий стол/JetClassOfficial/val_5M/TTBar_120.root,117,label_Tbqq,label_Tbqq,label_Hcc,label_Tbqq,0.033888835459947586,0.9619035720825195,0.928014736622572,-0.928014736622572,22,pair_direct_legacy_replay,C_tgt_correct,0.033888835459947586,0.9619035720825195,0.928014736622572,-0.928014736622572,label_Hcc,label_Tbqq
C_Tbl_correct,TTBar,/home/maxwelhelp/Рабочий стол/JetClassOfficial/val_5M/TTBar_120.root,119,label_Tbqq,label_Tbqq,label_Hcc,label_Tbqq,0.00013504691014532,0.9959141612052917,0.9957791142951464,-0.9957791142951464,22,pair_direct_legacy_replay,C_tgt_correct,0.00013504691014532,0.9959141612052917,0.9957791142951464,-0.9957791142951464,label_Hcc,label_Tbqq
C_Tbl_correct,TTBar,/home/maxwelhelp/Рабочий стол/JetClassOfficial/val_5M/TTBar_120.root,120,label_Tbqq,label_Tbqq,label_Hcc,label_Tbqq,1.6474952644784935e-05,0.9982473850250244,0.9982309100723796,-0.9982309100723796,22,pair_direct_legacy_replay,C_tgt_correct,1.6474952644784935e-05,0.9982473850250244,0.9982309100723796,-0.9982309100723796,label_Hcc,label_Tbqq
C_Tbl_correct,TTBar,/home/maxwelhelp/Рабочий стол/JetClassOfficial/val_5M/TTBar_120.root,121,label_Tbqq,label_Tbqq,label_Hcc,label_Tbqq,0.01830790564417839,0.526868462562561,0.5085605569183826,-0.5085605569183826,22,pair_direct_legacy_replay,C_tgt_correct,0.01830790564417839,0.526868462562561,0.5085605569183826,-0.5085605569183826,label_Hcc,label_Tbqq
C_Tbl_correct,TTBar,/home/maxwelhelp/Рабочий стол/JetClassOfficial/val_5M/TTBar_120.root,122,label_Tbqq,label_Tbqq,label_Hcc,label_Tbqq,0.03770866245031357,0.7415482401847839,0.7038395777344704,-0.7038395777344704,22,pair_direct_legacy_replay,C_tgt_correct,0.03770866245031357,0.7415482401847839,0.7038395777344704,-0.7038395777344704,label_Hcc,label_Tbqq
C_Tbl_correct,TTBar,/home/maxwelhelp/Рабочий стол/JetClassOfficial/val_5M/TTBar_120.root,123,label_Tbqq,label_Tbqq,label_Hcc,label_Tbqq,0.0005753459990955889,0.9852598905563354,0.9846845445572399,-0.9846845445572399,22,pair_direct_legacy_replay,C_tgt_correct,0.0005753459990955889,0.9852598905563354,0.9846845445572399,-0.9846845445572399,label_Hcc,label_Tbqq
C_Tbl_correct,TTBar,/home/maxwelhelp/Рабочий стол/JetClassOfficial/val_5M/TTBar_120.root,124,label_Tbqq,label_Tbqq,label_Hcc,label_Tbqq,0.0004718261188827455,0.9934428930282593,0.9929710669093765,-0.9929710669093765,22,pair_direct_legacy_replay,C_tgt_correct,0.0004718261188827455,0.9934428930282593,0.9929710669093765,-0.9929710669093765,label_Hcc,label_Tbqq
C_Tbl_correct,TTBar,/home/maxwelhelp/Рабочий стол/JetClassOfficial/val_5M/TTBar_120.root,125,label_Tbqq,label_Tbqq,label_Hcc,label_Tbqq,9.030800720211118e-05,0.9973190426826477,0.9972287346754456,-0.9972287346754456,22,pair_direct_legacy_replay,C_tgt_correct,9.030800720211118e-05,0.9973190426826477,0.9972287346754456,-0.9972287346754456,label_Hcc,label_Tbqq
C_Tbl_correct,TTBar,/home/maxwelhelp/Рабочий стол/JetClassOfficial/val_5M/TTBar_120.root,126,label_Tbqq,label_Tbqq,label_Hcc,label_Tbqq,0.003431879449635744,0.979945957660675,0.9765140782110393,-0.9765140782110393,22,pair_direct_legacy_replay,C_tgt_correct,0.003431879449635744,0.979945957660675,0.9765140782110393,-0.9765140782110393,label_Hcc,label_Tbqq
C_Tbl_correct,TTBar,/home/maxwelhelp/Рабочий стол/JetClassOfficial/val_5M/TTBar_120.root,127,label_Tbqq,label_Tbqq,label_Hcc,label_Tbqq,0.015247540548443794,0.7483919858932495,0.7331444453448057,-0.7331444453448057,22,pair_direct_legacy_replay,C_tgt_correct,0.015247540548443794,0.7483919858932495,0.7331444453448057,-0.7331444453448057,label_Hcc,label_Tbqq
C_Tbl_correct,TTBar,/home/maxwelhelp/Рабочий стол/JetClassOfficial/val_5M/TTBar_120.root,128,label_Tbqq,label_Tbqq,label_Hcc,label_Tbqq,0.008747962303459644,0.9350914359092712,0.9263434736058116,-0.9263434736058116,22,pair_direct_legacy_replay,C_tgt_correct,0.008747962303459644,0.9350914359092712,0.9263434736058116,-0.9263434736058116,label_Hcc,label_Tbqq
C_Tbl_correct,TTBar,/home/maxwelhelp/Рабочий стол/JetClassOfficial/val_5M/TTBar_120.root,129,label_Tbqq,label_Tbqq,label_Hcc,label_Tbqq,0.0012834812514483929,0.45991185307502747,0.4586283718235791,-0.4586283718235791,22,pair_direct_legacy_replay,C_tgt_correct,0.0012834812514483929,0.45991185307502747,0.4586283718235791,-0.4586283718235791,label_Hcc,label_Tbqq
C_Tbl_correct,TTBar,/home/maxwelhelp/Рабочий стол/JetClassOfficial/val_5M/TTBar_120.root,130,label_Tbqq,label_Tbqq,label_Hcc,label_Tbqq,0.002627241425216198,0.863004207611084,0.8603769661858678,-0.8603769661858678,22,pair_direct_legacy_replay,C_tgt_correct,0.002627241425216198,0.863004207611084,0.8603769661858678,-0.8603769661858678,label_Hcc,label_Tbqq
C_Tbl_correct,TTBar,/home/maxwelhelp/Рабочий стол/JetClassOfficial/val_5M/TTBar_120.root,131,label_Tbqq,label_Tbqq,label_Hcc,label_Tbqq,0.00022557291958946735,0.9789937734603882,0.9787682005407987,-0.9787682005407987,22,pair_direct_legacy_replay,C_tgt_correct,0.00022557291958946735,0.9789937734603882,0.9787682005407987,-0.9787682005407987,label_Hcc,label_Tbqq
C_Tbl_correct,TTBar,/home/maxwelhelp/Рабочий стол/JetClassOfficial/val_5M/TTBar_120.root,132,label_Tbqq,label_Tbqq,label_Hcc,label_Tbqq,0.012957610189914703,0.9288978576660156,0.9159402474761009,-0.9159402474761009,22,pair_direct_legacy_replay,C_tgt_correct,0.012957610189914703,0.9288978576660156,0.9159402474761009,-0.9159402474761009,label_Hcc,label_Tbqq
C_Tbl_correct,TTBar,/home/maxwelhelp/Рабочий стол/JetClassOfficial/val_5M/TTBar_120.root,133,label_Tbqq,label_Tbqq,label_Hcc,label_Tbqq,0.016782179474830627,0.8665398359298706,0.84975765645504,-0.84975765645504,22,pair_direct_legacy_replay,C_tgt_correct,0.016782179474830627,0.8665398359298706,0.84975765645504,-0.84975765645504,label_Hcc,label_Tbqq
C_Tbl_correct,TTBar,/home/maxwelhelp/Рабочий стол/JetClassOfficial/val_5M/TTBar_120.root,134,label_Tbqq,label_Tbqq,label_Hcc,label_Tbqq,0.00020375502936076373,0.9967221617698669,0.9965184067405062,-0.9965184067405062,22,pair_direct_legacy_replay,C_tgt_correct,0.00020375502936076373,0.9967221617698669,0.9965184067405062,-0.9965184067405062,label_Hcc,label_Tbqq
C_Tbl_correct,TTBar,/home/maxwelhelp/Рабочий стол/JetClassOfficial/val_5M/TTBar_120.root,136,label_Tbqq,label_Tbqq,label_Hcc,label_Tbqq,0.0030033623334020376,0.9886273741722107,0.9856240118388087,-0.9856240118388087,22,pair_direct_legacy_replay,C_tgt_correct,0.0030033623334020376,0.9886273741722107,0.9856240118388087,-0.9856240118388087,label_Hcc,label_Tbqq
C_Tbl_correct,TTBar,/home/maxwelhelp/Рабочий стол/JetClassOfficial/val_5M/TTBar_120.root,137,label_Tbqq,label_Tbqq,label_Hcc,label_Tbqq,9.08549627638422e-05,0.9944115281105042,0.9943206731477403,-0.9943206731477403,22,pair_direct_legacy_replay,C_tgt_correct,9.08549627638422e-05,0.9944115281105042,0.9943206731477403,-0.9943206731477403,label_Hcc,label_Tbqq
C_Tbl_correct,TTBar,/home/maxwelhelp/Рабочий стол/JetClassOfficial/val_5M/TTBar_120.root,138,label_Tbqq,label_Tbqq,label_Hcc,label_Tbqq,9.795289770409e-07,0.999908447265625,0.999907467736648,-0.999907467736648,22,pair_direct_legacy_replay,C_tgt_correct,9.795289770409e-07,0.999908447265625,0.999907467736648,-0.999907467736648,label_Hcc,label_Tbqq
C_Tbl_correct,TTBar,/home/maxwelhelp/Рабочий стол/JetClassOfficial/val_5M/TTBar_120.root,139,label_Tbqq,label_Tbqq,label_Hcc,label_Tbqq,7.76911256252788e-05,0.995070219039917,0.9949925279142917,-0.9949925279142917,22,pair_direct_legacy_replay,C_tgt_correct,7.76911256252788e-05,0.995070219039917,0.9949925279142917,-0.9949925279142917,label_Hcc,label_Tbqq
C_Tbl_correct,TTBar,/home/maxwelhelp/Рабочий стол/JetClassOfficial/val_5M/TTBar_120.root,140,label_Tbqq,label_Tbqq,label_Hcc,label_Tbqq,0.005353622604161501,0.8971067070960999,0.8917530844919384,-0.8917530844919384,22,pair_direct_legacy_replay,C_tgt_correct,0.005353622604161501,0.8971067070960999,0.8917530844919384,-0.8917530844919384,label_Hcc,label_Tbqq
C_Tbl_correct,TTBar,/home/maxwelhelp/Рабочий стол/JetClassOfficial/val_5M/TTBar_120.root,141,label_Tbqq,label_Tbqq,label_Hcc,label_Tbqq,2.2046528101782314e-05,0.9993102550506592,0.9992882085225574,-0.9992882085225574,22,pair_direct_legacy_replay,C_tgt_correct,2.2046528101782314e-05,0.9993102550506592,0.9992882085225574,-0.9992882085225574,label_Hcc,label_Tbqq
C_Tbl_correct,TTBar,/home/maxwelhelp/Рабочий стол/JetClassOfficial/val_5M/TTBar_120.root,142,label_Tbqq,label_Tbqq,label_Hcc,label_Tbqq,0.00450907601043582,0.9392037391662598,0.934694663155824,-0.934694663155824,22,pair_direct_legacy_replay,C_tgt_correct,0.00450907601043582,0.9392037391662598,0.934694663155824,-0.934694663155824,label_Hcc,label_Tbqq
C_Tbl_correct,TTBar,/home/maxwelhelp/Рабочий стол/JetClassOfficial/val_5M/TTBar_120.root,143,label_Tbqq,label_Tbqq,label_Hcc,label_Tbqq,0.022134214639663696,0.844046950340271,0.8219127357006073,-0.8219127357006073,22,pair_direct_legacy_replay,C_tgt_correct,0.022134214639663696,0.844046950340271,0.8219127357006073,-0.8219127357006073,label_Hcc,label_Tbqq
C_Tbl_correct,TTBar,/home/maxwelhelp/Рабочий стол/JetClassOfficial/val_5M/TTBar_120.root,144,label_Tbqq,label_Tbqq,label_Hcc,label_Tbqq,0.0013083318481221795,0.9505866765975952,0.949278344749473,-0.949278344749473,22,pair_direct_legacy_replay,C_tgt_correct,0.0013083318481221795,0.9505866765975952,0.949278344749473,-0.949278344749473,label_Hcc,label_Tbqq
C_Tbl_correct,TTBar,/home/maxwelhelp/Рабочий стол/JetClassOfficial/val_5M/TTBar_120.root,145,label_Tbqq,label_Tbqq,label_Hcc,label_Tbqq,1.1358787560311612e-05,0.9969397783279419,0.9969284195403816,-0.9969284195403816,22,pair_direct_legacy_replay,C_tgt_correct,1.1358787560311612e-05,0.9969397783279419,0.9969284195403816,-0.9969284195403816,label_Hcc,label_Tbqq
C_Tbl_correct,TTBar,/home/maxwelhelp/Рабочий стол/JetClassOfficial/val_5M/TTBar_120.root,146,label_Tbqq,label_Tbqq,label_Hcc,label_Tbqq,0.004149529151618481,0.9538312554359436,0.9496817262843251,-0.9496817262843251,22,pair_direct_legacy_replay,C_tgt_correct,0.004149529151618481,0.9538312554359436,0.9496817262843251,-0.9496817262843251,label_Hcc,label_Tbqq
C_Tbl_correct,TTBar,/home/maxwelhelp/Рабочий стол/JetClassOfficial/val_5M/TTBar_120.root,147,label_Tbqq,label_Tbqq,label_Hcc,label_Tbqq,0.00038901367224752903,0.9645211100578308,0.9641320963855833,-0.9641320963855833,22,pair_direct_legacy_replay,C_tgt_correct,0.00038901367224752903,0.9645211100578308,0.9641320963855833,-0.9641320963855833,label_Hcc,label_Tbqq
C_Tbl_correct,TTBar,/home/maxwelhelp/Рабочий стол/JetClassOfficial/val_5M/TTBar_120.root,148,label_Tbqq,label_Tbqq,label_Hcc,label_Tbqq,0.002997055882588029,0.98713219165802,0.984135135775432,-0.984135135775432,22,pair_direct_legacy_replay,C_tgt_correct,0.002997055882588029,0.98713219165802,0.984135135775432,-0.984135135775432,label_Hcc,label_Tbqq
C_Tbl_correct,TTBar,/home/maxwelhelp/Рабочий стол/JetClassOfficial/val_5M/TTBar_120.root,149,label_Tbqq,label_Tbqq,label_Hcc,label_Tbqq,0.0015914541436359286,0.979914128780365,0.9783226746367291,-0.9783226746367291,22,pair_direct_legacy_replay,C_tgt_correct,0.0015914541436359286,0.979914128780365,0.9783226746367291,-0.9783226746367291,label_Hcc,label_Tbqq
C_Tbl_correct,TTBar,/home/maxwelhelp/Рабочий стол/JetClassOfficial/val_5M/TTBar_120.root,150,label_Tbqq,label_Tbqq,label_Hcc,label_Tbqq,0.00014666641072835773,0.9974148273468018,0.9972681609360734,-0.9972681609360734,22,pair_direct_legacy_replay,C_tgt_correct,0.00014666641072835773,0.9974148273468018,0.9972681609360734,-0.9972681609360734,label_Hcc,label_Tbqq
C_Tbl_correct,TTBar,/home/maxwelhelp/Рабочий стол/JetClassOfficial/val_5M/TTBar_120.root,151,label_Tbqq,label_Tbqq,label_Hcc,label_Tbqq,0.02032054029405117,0.9002435207366943,0.8799229804426432,-0.8799229804426432,22,pair_direct_legacy_replay,C_tgt_correct,0.02032054029405117,0.9002435207366943,0.8799229804426432,-0.8799229804426432,label_Hcc,label_Tbqq
C_Tbl_correct,TTBar,/home/maxwelhelp/Рабочий стол/JetClassOfficial/val_5M/TTBar_120.root,152,label_Tbqq,label_Tbqq,label_Hcc,label_Tbqq,0.0037007913924753666,0.939805805683136,0.9361050142906606,-0.9361050142906606,22,pair_direct_legacy_replay,C_tgt_correct,0.0037007913924753666,0.939805805683136,0.9361050142906606,-0.9361050142906606,label_Hcc,label_Tbqq
C_Tbl_correct,TTBar,/home/maxwelhelp/Рабочий стол/JetClassOfficial/val_5M/TTBar_120.root,153,label_Tbqq,label_Tbqq,label_Hcc,label_Tbqq,0.005282213445752859,0.8878819346427917,0.8825997211970389,-0.8825997211970389,22,pair_direct_legacy_replay,C_tgt_correct,0.005282213445752859,0.8878819346427917,0.8825997211970389,-0.8825997211970389,label_Hcc,label_Tbqq
C_Tbl_correct,TTBar,/home/maxwelhelp/Рабочий стол/JetClassOfficial/val_5M/TTBar_120.root,154,label_Tbqq,label_Tbqq,label_Hcc,label_Tbqq,0.00042179436422884464,0.9902413487434387,0.9898195543792099,-0.9898195543792099,22,pair_direct_legacy_replay,C_tgt_correct,0.00042179436422884464,0.9902413487434387,0.9898195543792099,-0.9898195543792099,label_Hcc,label_Tbqq
C_Tbl_correct,TTBar,/home/maxwelhelp/Рабочий стол/JetClassOfficial/val_5M/TTBar_120.root,155,label_Tbqq,label_Tbqq,label_Hcc,label_Tbqq,0.0005967374891042709,0.9858375191688538,0.9852407816797495,-0.9852407816797495,22,pair_direct_legacy_replay,C_tgt_correct,0.0005967374891042709,0.9858375191688538,0.9852407816797495,-0.9852407816797495,label_Hcc,label_Tbqq
C_Tbl_correct,TTBar,/home/maxwelhelp/Рабочий стол/JetClassOfficial/val_5M/TTBar_120.root,156,label_Tbqq,label_Tbqq,label_Hcc,label_Tbqq,0.03172369673848152,0.8534483909606934,0.8217246942222118,-0.8217246942222118,22,pair_direct_legacy_replay,C_tgt_correct,0.03172369673848152,0.8534483909606934,0.8217246942222118,-0.8217246942222118,label_Hcc,label_Tbqq
C_Tbl_correct,TTBar,/home/maxwelhelp/Рабочий стол/JetClassOfficial/val_5M/TTBar_120.root,157,label_Tbqq,label_Tbqq,label_Hcc,label_Tbqq,0.00023343040084000677,0.9969980716705322,0.9967646412696922,-0.9967646412696922,22,pair_direct_legacy_replay,C_tgt_correct,0.00023343040084000677,0.9969980716705322,0.9967646412696922,-0.9967646412696922,label_Hcc,label_Tbqq
C_Tbl_correct,TTBar,/home/maxwelhelp/Рабочий стол/JetClassOfficial/val_5M/TTBar_120.root,158,label_Tbqq,label_Tbqq,label_Hcc,label_Tbqq,1.9047300156671554e-05,0.9922873973846436,0.9922683500844869,-0.9922683500844869,22,pair_direct_legacy_replay,C_tgt_correct,1.9047300156671554e-05,0.9922873973846436,0.9922683500844869,-0.9922683500844869,label_Hcc,label_Tbqq
C_Tbl_correct,TTBar,/home/maxwelhelp/Рабочий стол/JetClassOfficial/val_5M/TTBar_120.root,159,label_Tbqq,label_Tbqq,label_Hcc,label_Tbqq,0.004150469787418842,0.988403856754303,0.9842533869668841,-0.9842533869668841,22,pair_direct_legacy_replay,C_tgt_correct,0.004150469787418842,0.988403856754303,0.9842533869668841,-0.9842533869668841,label_Hcc,label_Tbqq
C_Tbl_correct,TTBar,/home/maxwelhelp/Рабочий стол/JetClassOfficial/val_5M/TTBar_120.root,160,label_Tbqq,label_Tbqq,label_Hcc,label_Tbqq,0.006625940557569265,0.98116135597229,0.9745354154147208,-0.9745354154147208,22,pair_direct_legacy_replay,C_tgt_correct,0.006625940557569265,0.98116135597229,0.9745354154147208,-0.9745354154147208,label_Hcc,label_Tbqq
C_Tbl_correct,TTBar,/home/maxwelhelp/Рабочий стол/JetClassOfficial/val_5M/TTBar_120.root,161,label_Tbqq,label_Tbqq,label_Hcc,label_Tbqq,4.3626398110063747e-05,0.9877326488494873,0.9876890224513772,-0.9876890224513772,22,pair_direct_legacy_replay,C_tgt_correct,4.3626398110063747e-05,0.9877326488494873,0.9876890224513772,-0.9876890224513772,label_Hcc,label_Tbqq
C_Tbl_correct,TTBar,/home/maxwelhelp/Рабочий стол/JetClassOfficial/val_5M/TTBar_120.root,162,label_Tbqq,label_Tbqq,label_Hcc,label_Tbqq,0.0017857616767287254,0.9858251214027405,0.9840393597260118,-0.9840393597260118,22,pair_direct_legacy_replay,C_tgt_correct,0.0017857616767287254,0.9858251214027405,0.9840393597260118,-0.9840393597260118,label_Hcc,label_Tbqq
C_Tbl_correct,TTBar,/home/maxwelhelp/Рабочий стол/JetClassOfficial/val_5M/TTBar_120.root,163,label_Tbqq,label_Tbqq,label_Hcc,label_Tbqq,7.343220204347745e-06,0.999729573726654,0.9997222305064497,-0.9997222305064497,22,pair_direct_legacy_replay,C_tgt_correct,7.343220204347745e-06,0.999729573726654,0.9997222305064497,-0.9997222305064497,label_Hcc,label_Tbqq
C_Tbl_correct,TTBar,/home/maxwelhelp/Рабочий стол/JetClassOfficial/val_5M/TTBar_120.root,164,label_Tbqq,label_Tbqq,label_Hcc,label_Tbqq,0.0016185733256861567,0.9808412790298462,0.97922270570416,-0.97922270570416,22,pair_direct_legacy_replay,C_tgt_correct,0.0016185733256861567,0.9808412790298462,0.97922270570416,-0.97922270570416,label_Hcc,label_Tbqq
C_Tbl_correct,TTBar,/home/maxwelhelp/Рабочий стол/JetClassOfficial/val_5M/TTBar_120.root,165,label_Tbqq,label_Tbqq,label_Hcc,label_Tbqq,0.06288086622953415,0.82728111743927,0.7644002512097359,-0.7644002512097359,22,pair_direct_legacy_replay,C_tgt_correct,0.06288086622953415,0.82728111743927,0.7644002512097359,-0.7644002512097359,label_Hcc,label_Tbqq
C_Tbl_correct,TTBar,/home/maxwelhelp/Рабочий стол/JetClassOfficial/val_5M/TTBar_120.root,166,label_Tbqq,label_Tbqq,label_Hcc,label_Tbqq,1.9947607142967172e-05,0.999404788017273,0.99938484041013,-0.99938484041013,22,pair_direct_legacy_replay,C_tgt_correct,1.9947607142967172e-05,0.999404788017273,0.99938484041013,-0.99938484041013,label_Hcc,label_Tbqq
C_Tbl_correct,TTBar,/home/maxwelhelp/Рабочий стол/JetClassOfficial/val_5M/TTBar_120.root,167,label_Tbqq,label_Tbqq,label_Hcc,label_Tbqq,0.007636351976543665,0.9862572550773621,0.9786209031008184,-0.9786209031008184,22,pair_direct_legacy_replay,C_tgt_correct,0.007636351976543665,0.9862572550773621,0.9786209031008184,-0.9786209031008184,label_Hcc,label_Tbqq
C_Tbl_correct,TTBar,/home/maxwelhelp/Рабочий стол/JetClassOfficial/val_5M/TTBar_120.root,168,label_Tbqq,label_Tbqq,label_Hcc,label_Tbqq,0.00024342881806660444,0.9945744872093201,0.9943310583912535,-0.9943310583912535,22,pair_direct_legacy_replay,C_tgt_correct,0.00024342881806660444,0.9945744872093201,0.9943310583912535,-0.9943310583912535,label_Hcc,label_Tbqq
C_Tbl_correct,TTBar,/home/maxwelhelp/Рабочий стол/JetClassOfficial/val_5M/TTBar_120.root,169,label_Tbqq,label_Tbqq,label_Hcc,label_Tbqq,0.00023019665968604386,0.999015212059021,0.998785015399335,-0.998785015399335,22,pair_direct_legacy_replay,C_tgt_correct,0.00023019665968604386,0.999015212059021,0.998785015399335,-0.998785015399335,label_Hcc,label_Tbqq
C_Tbl_correct,TTBar,/home/maxwelhelp/Рабочий стол/JetClassOfficial/val_5M/TTBar_120.root,170,label_Tbqq,label_Tbqq,label_Hcc,label_Tbqq,0.0002766263787634671,0.999383807182312,0.9991071808035485,-0.9991071808035485,22,pair_direct_legacy_replay,C_tgt_correct,0.0002766263787634671,0.999383807182312,0.9991071808035485,-0.9991071808035485,label_Hcc,label_Tbqq
C_Tbl_correct,TTBar,/home/maxwelhelp/Рабочий стол/JetClassOfficial/val_5M/TTBar_120.root,172,label_Tbqq,label_Tbqq,label_Hcc,label_Tbqq,9.846570173976943e-05,0.9821662306785583,0.9820677649768186,-0.9820677649768186,22,pair_direct_legacy_replay,C_tgt_correct,9.846570173976943e-05,0.9821662306785583,0.9820677649768186,-0.9820677649768186,label_Hcc,label_Tbqq
C_Tbl_correct,TTBar,/home/maxwelhelp/Рабочий стол/JetClassOfficial/val_5M/TTBar_120.root,173,label_Tbqq,label_Tbqq,label_Hcc,label_Tbqq,0.0007167254225350916,0.9760130643844604,0.9752963389619254,-0.9752963389619254,22,pair_direct_legacy_replay,C_tgt_correct,0.0007167254225350916,0.9760130643844604,0.9752963389619254,-0.9752963389619254,label_Hcc,label_Tbqq
C_Tbl_correct,TTBar,/home/maxwelhelp/Рабочий стол/JetClassOfficial/val_5M/TTBar_120.root,175,label_Tbqq,label_Tbqq,label_Hcc,label_Tbqq,1.5332067050621845e-05,0.9834356904029846,0.983420358335934,-0.983420358335934,22,pair_direct_legacy_replay,C_tgt_correct,1.5332067050621845e-05,0.9834356904029846,0.983420358335934,-0.983420358335934,label_Hcc,label_Tbqq
C_Tbl_correct,TTBar,/home/maxwelhelp/Рабочий стол/JetClassOfficial/val_5M/TTBar_120.root,176,label_Tbqq,label_Tbqq,label_Hcc,label_Tbqq,0.002317564794793725,0.9544615745544434,0.9521440097596496,-0.9521440097596496,22,pair_direct_legacy_replay,C_tgt_correct,0.002317564794793725,0.9544615745544434,0.9521440097596496,-0.9521440097596496,label_Hcc,label_Tbqq
C_Tbl_correct,TTBar,/home/maxwelhelp/Рабочий стол/JetClassOfficial/val_5M/TTBar_120.root,177,label_Tbqq,label_Tbqq,label_Hcc,label_Tbqq,0.00025813071988523006,0.9845100045204163,0.984251873800531,-0.984251873800531,22,pair_direct_legacy_replay,C_tgt_correct,0.00025813071988523006,0.9845100045204163,0.984251873800531,-0.984251873800531,label_Hcc,label_Tbqq
C_Tbl_correct,TTBar,/home/maxwelhelp/Рабочий стол/JetClassOfficial/val_5M/TTBar_120.root,178,label_Tbqq,label_Tbqq,label_Hcc,label_Tbqq,0.006319536827504635,0.9662033319473267,0.959883795119822,-0.959883795119822,22,pair_direct_legacy_replay,C_tgt_correct,0.006319536827504635,0.9662033319473267,0.959883795119822,-0.959883795119822,label_Hcc,label_Tbqq
C_Tbl_correct,TTBar,/home/maxwelhelp/Рабочий стол/JetClassOfficial/val_5M/TTBar_120.root,179,label_Tbqq,label_Tbqq,label_Hcc,label_Tbqq,9.899445103656035e-06,0.9999278783798218,0.9999179789347181,-0.9999179789347181,22,pair_direct_legacy_replay,C_tgt_correct,9.899445103656035e-06,0.9999278783798218,0.9999179789347181,-0.9999179789347181,label_Hcc,label_Tbqq
C_Tbl_correct,TTBar,/home/maxwelhelp/Рабочий стол/JetClassOfficial/val_5M/TTBar_120.root,180,label_Tbqq,label_Tbqq,label_Hcc,label_Tbqq,0.0011167832417413592,0.9079760313034058,0.9068592480616644,-0.9068592480616644,22,pair_direct_legacy_replay,C_tgt_correct,0.0011167832417413592,0.9079760313034058,0.9068592480616644,-0.9068592480616644,label_Hcc,label_Tbqq
D_Tbl_to_Hqql,TTBar,/home/maxwelhelp/Рабочий стол/JetClassOfficial/val_5M/TTBar_120.root,181,label_Tbqq,label_Hcc,label_Hcc,label_Tbqq,0.42800822854042053,0.2845875322818756,-0.14342069625854492,0.14342069625854492,22,pair_direct_legacy_replay,D_tgt_to_src,0.42800822854042053,0.2845875322818756,-0.14342069625854492,0.14342069625854492,label_Hcc,label_Tbqq
C_Tbl_correct,TTBar,/home/maxwelhelp/Рабочий стол/JetClassOfficial/val_5M/TTBar_120.root,183,label_Tbqq,label_Tbqq,label_Hcc,label_Tbqq,0.0008270951802842319,0.9369960427284241,0.9361689475481398,-0.9361689475481398,22,pair_direct_legacy_replay,C_tgt_correct,0.0008270951802842319,0.9369960427284241,0.9361689475481398,-0.9361689475481398,label_Hcc,label_Tbqq
C_Tbl_correct,TTBar,/home/maxwelhelp/Рабочий стол/JetClassOfficial/val_5M/TTBar_120.root,184,label_Tbqq,label_Tbqq,label_Hcc,label_Tbqq,0.004235101398080587,0.9197633862495422,0.9155282848514616,-0.9155282848514616,22,pair_direct_legacy_replay,C_tgt_correct,0.004235101398080587,0.9197633862495422,0.9155282848514616,-0.9155282848514616,label_Hcc,label_Tbqq
C_Tbl_correct,TTBar,/home/maxwelhelp/Рабочий стол/JetClassOfficial/val_5M/TTBar_120.root,185,label_Tbqq,label_Tbqq,label_Hcc,label_Tbqq,0.004448811057955027,0.9913569688796997,0.9869081578217447,-0.9869081578217447,22,pair_direct_legacy_replay,C_tgt_correct,0.004448811057955027,0.9913569688796997,0.9869081578217447,-0.9869081578217447,label_Hcc,label_Tbqq
C_Tbl_correct,TTBar,/home/maxwelhelp/Рабочий стол/JetClassOfficial/val_5M/TTBar_120.root,187,label_Tbqq,label_Tbqq,label_Hcc,label_Tbqq,0.0002580111613497138,0.998637855052948,0.9983798438915983,-0.9983798438915983,22,pair_direct_legacy_replay,C_tgt_correct,0.0002580111613497138,0.998637855052948,0.9983798438915983,-0.9983798438915983,label_Hcc,label_Tbqq
C_Tbl_correct,TTBar,/home/maxwelhelp/Рабочий стол/JetClassOfficial/val_5M/TTBar_120.root,188,label_Tbqq,label_Tbqq,label_Hcc,label_Tbqq,0.003095675725489855,0.9622993469238281,0.9592036711983383,-0.9592036711983383,22,pair_direct_legacy_replay,C_tgt_correct,0.003095675725489855,0.9622993469238281,0.9592036711983383,-0.9592036711983383,label_Hcc,label_Tbqq
C_Tbl_correct,TTBar,/home/maxwelhelp/Рабочий стол/JetClassOfficial/val_5M/TTBar_120.root,189,label_Tbqq,label_Tbqq,label_Hcc,label_Tbqq,0.0008088233298622072,0.9837378263473511,0.9829290030174889,-0.9829290030174889,22,pair_direct_legacy_replay,C_tgt_correct,0.0008088233298622072,0.9837378263473511,0.9829290030174889,-0.9829290030174889,label_Hcc,label_Tbqq
C_Tbl_correct,TTBar,/home/maxwelhelp/Рабочий стол/JetClassOfficial/val_5M/TTBar_120.root,190,label_Tbqq,label_Tbqq,label_Hcc,label_Tbqq,0.010299001820385456,0.9755145907402039,0.9652155889198184,-0.9652155889198184,22,pair_direct_legacy_replay,C_tgt_correct,0.010299001820385456,0.9755145907402039,0.9652155889198184,-0.9652155889198184,label_Hcc,label_Tbqq
C_Tbl_correct,TTBar,/home/maxwelhelp/Рабочий стол/JetClassOfficial/val_5M/TTBar_120.root,191,label_Tbqq,label_Tbqq,label_Hcc,label_Tbqq,0.0005660804454237223,0.9668715000152588,0.9663054195698351,-0.9663054195698351,22,pair_direct_legacy_replay,C_tgt_correct,0.0005660804454237223,0.9668715000152588,0.9663054195698351,-0.9663054195698351,label_Hcc,label_Tbqq
C_Tbl_correct,TTBar,/home/maxwelhelp/Рабочий стол/JetClassOfficial/val_5M/TTBar_120.root,192,label_Tbqq,label_Tbqq,label_Hcc,label_Tbqq,0.01847264915704727,0.8074010014533997,0.7889283522963524,-0.7889283522963524,22,pair_direct_legacy_replay,C_tgt_correct,0.01847264915704727,0.8074010014533997,0.7889283522963524,-0.7889283522963524,label_Hcc,label_Tbqq
C_Tbl_correct,TTBar,/home/maxwelhelp/Рабочий стол/JetClassOfficial/val_5M/TTBar_120.root,193,label_Tbqq,label_Tbqq,label_Hcc,label_Tbqq,0.02541165053844452,0.8681914210319519,0.8427797704935074,-0.8427797704935074,22,pair_direct_legacy_replay,C_tgt_correct,0.02541165053844452,0.8681914210319519,0.8427797704935074,-0.8427797704935074,label_Hcc,label_Tbqq
C_Tbl_correct,TTBar,/home/maxwelhelp/Рабочий стол/JetClassOfficial/val_5M/TTBar_120.root,194,label_Tbqq,label_Tbqq,label_Hcc,label_Tbqq,0.0009992889827117324,0.8049773573875427,0.803978068404831,-0.803978068404831,22,pair_direct_legacy_replay,C_tgt_correct,0.0009992889827117324,0.8049773573875427,0.803978068404831,-0.803978068404831,label_Hcc,label_Tbqq
C_Tbl_correct,TTBar,/home/maxwelhelp/Рабочий стол/JetClassOfficial/val_5M/TTBar_120.root,195,label_Tbqq,label_Tbqq,label_Hcc,label_Tbqq,0.004498911090195179,0.8726034164428711,0.8681045053526759,-0.8681045053526759,22,pair_direct_legacy_replay,C_tgt_correct,0.004498911090195179,0.8726034164428711,0.8681045053526759,-0.8681045053526759,label_Hcc,label_Tbqq
C_Tbl_correct,TTBar,/home/maxwelhelp/Рабочий стол/JetClassOfficial/val_5M/TTBar_120.root,196,label_Tbqq,label_Tbqq,label_Hcc,label_Tbqq,0.0009964946657419205,0.6496245265007019,0.64862803183496,-0.64862803183496,22,pair_direct_legacy_replay,C_tgt_correct,0.0009964946657419205,0.6496245265007019,0.64862803183496,-0.64862803183496,label_Hcc,label_Tbqq
C_Tbl_correct,TTBar,/home/maxwelhelp/Рабочий стол/JetClassOfficial/val_5M/TTBar_120.root,198,label_Tbqq,label_Tbqq,label_Hcc,label_Tbqq,0.00019338134734425694,0.9983892440795898,0.9981958627322456,-0.9981958627322456,22,pair_direct_legacy_replay,C_tgt_correct,0.00019338134734425694,0.9983892440795898,0.9981958627322456,-0.9981958627322456,label_Hcc,label_Tbqq
C_Tbl_correct,TTBar,/home/maxwelhelp/Рабочий стол/JetClassOfficial/val_5M/TTBar_120.root,199,label_Tbqq,label_Tbqq,label_Hcc,label_Tbqq,0.001436192891560495,0.9776707887649536,0.9762345958733931,-0.9762345958733931,22,pair_direct_legacy_replay,C_tgt_correct,0.001436192891560495,0.9776707887649536,0.9762345958733931,-0.9762345958733931,label_Hcc,label_Tbqq
C_Tbl_correct,TTBar,/home/maxwelhelp/Рабочий стол/JetClassOfficial/val_5M/TTBar_120.root,200,label_Tbqq,label_Tbqq,label_Hcc,label_Tbqq,0.010531512089073658,0.9587250351905823,0.9481935231015086,-0.9481935231015086,22,pair_direct_legacy_replay,C_tgt_correct,0.010531512089073658,0.9587250351905823,0.9481935231015086,-0.9481935231015086,label_Hcc,label_Tbqq
C_Tbl_correct,TTBar,/home/maxwelhelp/Рабочий стол/JetClassOfficial/val_5M/TTBar_120.root,201,label_Tbqq,label_Tbqq,label_Hcc,label_Tbqq,0.00014895851199980825,0.9979813694953918,0.997832410983392,-0.997832410983392,22,pair_direct_legacy_replay,C_tgt_correct,0.00014895851199980825,0.9979813694953918,0.997832410983392,-0.997832410983392,label_Hcc,label_Tbqq
C_Tbl_correct,TTBar,/home/maxwelhelp/Рабочий стол/JetClassOfficial/val_5M/TTBar_120.root,202,label_Tbqq,label_Tbqq,label_Hcc,label_Tbqq,0.01904585026204586,0.9180217981338501,0.8989759478718042,-0.8989759478718042,22,pair_direct_legacy_replay,C_tgt_correct,0.01904585026204586,0.9180217981338501,0.8989759478718042,-0.8989759478718042,label_Hcc,label_Tbqq
C_Tbl_correct,TTBar,/home/maxwelhelp/Рабочий стол/JetClassOfficial/val_5M/TTBar_120.root,203,label_Tbqq,label_Tbqq,label_Hcc,label_Tbqq,0.0010935881873592734,0.9905819892883301,0.9894884011009708,-0.9894884011009708,22,pair_direct_legacy_replay,C_tgt_correct,0.0010935881873592734,0.9905819892883301,0.9894884011009708,-0.9894884011009708,label_Hcc,label_Tbqq
C_Tbl_correct,TTBar,/home/maxwelhelp/Рабочий стол/JetClassOfficial/val_5M/TTBar_120.root,204,label_Tbqq,label_Tbqq,label_Hcc,label_Tbqq,0.0022800362203270197,0.9656684994697571,0.9633884632494301,-0.9633884632494301,22,pair_direct_legacy_replay,C_tgt_correct,0.0022800362203270197,0.9656684994697571,0.9633884632494301,-0.9633884632494301,label_Hcc,label_Tbqq
C_Tbl_correct,TTBar,/home/maxwelhelp/Рабочий стол/JetClassOfficial/val_5M/TTBar_120.root,205,label_Tbqq,label_Tbqq,label_Hcc,label_Tbqq,0.005098712630569935,0.9852073192596436,0.9801086066290736,-0.9801086066290736,22,pair_direct_legacy_replay,C_tgt_correct,0.005098712630569935,0.9852073192596436,0.9801086066290736,-0.9801086066290736,label_Hcc,label_Tbqq
C_Tbl_correct,TTBar,/home/maxwelhelp/Рабочий стол/JetClassOfficial/val_5M/TTBar_120.root,206,label_Tbqq,label_Tbqq,label_Hcc,label_Tbqq,1.4939012544346042e-05,0.9954049587249756,0.9953900197124312,-0.9953900197124312,22,pair_direct_legacy_replay,C_tgt_correct,1.4939012544346042e-05,0.9954049587249756,0.9953900197124312,-0.9953900197124312,label_Hcc,label_Tbqq
C_Tbl_correct,TTBar,/home/maxwelhelp/Рабочий стол/JetClassOfficial/val_5M/TTBar_120.root,207,label_Tbqq,label_Tbqq,label_Hcc,label_Tbqq,3.791367635130882e-05,0.99736088514328,0.9973229714669287,-0.9973229714669287,22,pair_direct_legacy_replay,C_tgt_correct,3.791367635130882e-05,0.99736088514328,0.9973229714669287,-0.9973229714669287,label_Hcc,label_Tbqq
C_Tbl_correct,TTBar,/home/maxwelhelp/Рабочий стол/JetClassOfficial/val_5M/TTBar_120.root,208,label_Tbqq,label_Tbqq,label_Hcc,label_Tbqq,0.0004234444641042501,0.9958261251449585,0.9954026806808542,-0.9954026806808542,22,pair_direct_legacy_replay,C_tgt_correct,0.0004234444641042501,0.9958261251449585,0.9954026806808542,-0.9954026806808542,label_Hcc,label_Tbqq
C_Tbl_correct,TTBar,/home/maxwelhelp/Рабочий стол/JetClassOfficial/val_5M/TTBar_120.root,209,label_Tbqq,label_Tbqq,label_Hcc,label_Tbqq,0.0014542154967784882,0.9741272330284119,0.9726730175316334,-0.9726730175316334,22,pair_direct_legacy_replay,C_tgt_correct,0.0014542154967784882,0.9741272330284119,0.9726730175316334,-0.9726730175316334,label_Hcc,label_Tbqq
C_Tbl_correct,TTBar,/home/maxwelhelp/Рабочий стол/JetClassOfficial/val_5M/TTBar_120.root,210,label_Tbqq,label_Tbqq,label_Hcc,label_Tbqq,0.0009508767398074269,0.9632183313369751,0.9622674545971677,-0.9622674545971677,22,pair_direct_legacy_replay,C_tgt_correct,0.0009508767398074269,0.9632183313369751,0.9622674545971677,-0.9622674545971677,label_Hcc,label_Tbqq
C_Tbl_correct,TTBar,/home/maxwelhelp/Рабочий стол/JetClassOfficial/val_5M/TTBar_120.root,212,label_Tbqq,label_Tbqq,label_Hcc,label_Tbqq,0.007338556926697493,0.7181858420372009,0.7108472851105034,-0.7108472851105034,22,pair_direct_legacy_replay,C_tgt_correct,0.007338556926697493,0.7181858420372009,0.7108472851105034,-0.7108472851105034,label_Hcc,label_Tbqq
C_Tbl_correct,TTBar,/home/maxwelhelp/Рабочий стол/JetClassOfficial/val_5M/TTBar_120.root,213,label_Tbqq,label_Tbqq,label_Hcc,label_Tbqq,5.628167127724737e-05,0.9973421692848206,0.9972858876135433,-0.9972858876135433,22,pair_direct_legacy_replay,C_tgt_correct,5.628167127724737e-05,0.9973421692848206,0.9972858876135433,-0.9972858876135433,label_Hcc,label_Tbqq
C_Tbl_correct,TTBar,/home/maxwelhelp/Рабочий стол/JetClassOfficial/val_5M/TTBar_120.root,214,label_Tbqq,label_Tbqq,label_Hcc,label_Tbqq,0.0007524500251747668,0.9180112481117249,0.9172587980865501,-0.9172587980865501,22,pair_direct_legacy_replay,C_tgt_correct,0.0007524500251747668,0.9180112481117249,0.9172587980865501,-0.9172587980865501,label_Hcc,label_Tbqq
C_Tbl_correct,TTBar,/home/maxwelhelp/Рабочий стол/JetClassOfficial/val_5M/TTBar_120.root,215,label_Tbqq,label_Tbqq,label_Hcc,label_Tbqq,0.004811102990061045,0.926552414894104,0.921741311904043,-0.921741311904043,22,pair_direct_legacy_replay,C_tgt_correct,0.004811102990061045,0.926552414894104,0.921741311904043,-0.921741311904043,label_Hcc,label_Tbqq
C_Tbl_correct,TTBar,/home/maxwelhelp/Рабочий стол/JetClassOfficial/val_5M/TTBar_120.root,216,label_Tbqq,label_Tbqq,label_Hcc,label_Tbqq,0.0020640434231609106,0.9832234978675842,0.9811594544444233,-0.9811594544444233,22,pair_direct_legacy_replay,C_tgt_correct,0.0020640434231609106,0.9832234978675842,0.9811594544444233,-0.9811594544444233,label_Hcc,label_Tbqq
C_Tbl_correct,TTBar,/home/maxwelhelp/Рабочий стол/JetClassOfficial/val_5M/TTBar_120.root,217,label_Tbqq,label_Tbqq,label_Hcc,label_Tbqq,4.991825335309841e-05,0.9837595224380493,0.9837096041846962,-0.9837096041846962,22,pair_direct_legacy_replay,C_tgt_correct,4.991825335309841e-05,0.9837595224380493,0.9837096041846962,-0.9837096041846962,label_Hcc,label_Tbqq
C_Tbl_correct,TTBar,/home/maxwelhelp/Рабочий стол/JetClassOfficial/val_5M/TTBar_120.root,218,label_Tbqq,label_Tbqq,label_Hcc,label_Tbqq,0.0023083938285708427,0.7270035147666931,0.7246951209381223,-0.7246951209381223,22,pair_direct_legacy_replay,C_tgt_correct,0.0023083938285708427,0.7270035147666931,0.7246951209381223,-0.7246951209381223,label_Hcc,label_Tbqq
C_Tbl_correct,TTBar,/home/maxwelhelp/Рабочий стол/JetClassOfficial/val_5M/TTBar_120.root,219,label_Tbqq,label_Tbqq,label_Hcc,label_Tbqq,0.008882485330104828,0.9775897860527039,0.968707300722599,-0.968707300722599,22,pair_direct_legacy_replay,C_tgt_correct,0.008882485330104828,0.9775897860527039,0.968707300722599,-0.968707300722599,label_Hcc,label_Tbqq
C_Tbl_correct,TTBar,/home/maxwelhelp/Рабочий стол/JetClassOfficial/val_5M/TTBar_120.root,220,label_Tbqq,label_Tbqq,label_Hcc,label_Tbqq,0.010100706480443478,0.6586255431175232,0.6485248366370797,-0.6485248366370797,22,pair_direct_legacy_replay,C_tgt_correct,0.010100706480443478,0.6586255431175232,0.6485248366370797,-0.6485248366370797,label_Hcc,label_Tbqq
C_Tbl_correct,TTBar,/home/maxwelhelp/Рабочий стол/JetClassOfficial/val_5M/TTBar_120.root,221,label_Tbqq,label_Tbqq,label_Hcc,label_Tbqq,0.04957539960741997,0.7278451323509216,0.6782697327435017,-0.6782697327435017,22,pair_direct_legacy_replay,C_tgt_correct,0.04957539960741997,0.7278451323509216,0.6782697327435017,-0.6782697327435017,label_Hcc,label_Tbqq
C_Tbl_correct,TTBar,/home/maxwelhelp/Рабочий стол/JetClassOfficial/val_5M/TTBar_120.root,223,label_Tbqq,label_Tbqq,label_Hcc,label_Tbqq,0.009391646832227707,0.9539507627487183,0.9445591159164906,-0.9445591159164906,22,pair_direct_legacy_replay,C_tgt_correct,0.009391646832227707,0.9539507627487183,0.9445591159164906,-0.9445591159164906,label_Hcc,label_Tbqq
C_Tbl_correct,TTBar,/home/maxwelhelp/Рабочий стол/JetClassOfficial/val_5M/TTBar_120.root,224,label_Tbqq,label_Tbqq,label_Hcc,label_Tbqq,0.0033449954353272915,0.9474884271621704,0.9441434317268431,-0.9441434317268431,22,pair_direct_legacy_replay,C_tgt_correct,0.0033449954353272915,0.9474884271621704,0.9441434317268431,-0.9441434317268431,label_Hcc,label_Tbqq
C_Tbl_correct,TTBar,/home/maxwelhelp/Рабочий стол/JetClassOfficial/val_5M/TTBar_120.root,225,label_Tbqq,label_Tbqq,label_Hcc,label_Tbqq,0.011158181354403496,0.7744881510734558,0.7633299697190523,-0.7633299697190523,22,pair_direct_legacy_replay,C_tgt_correct,0.011158181354403496,0.7744881510734558,0.7633299697190523,-0.7633299697190523,label_Hcc,label_Tbqq
C_Tbl_correct,TTBar,/home/maxwelhelp/Рабочий стол/JetClassOfficial/val_5M/TTBar_120.root,226,label_Tbqq,label_Tbqq,label_Hcc,label_Tbqq,0.0006526314537040889,0.9982490539550781,0.997596422501374,-0.997596422501374,22,pair_direct_legacy_replay,C_tgt_correct,0.0006526314537040889,0.9982490539550781,0.997596422501374,-0.997596422501374,label_Hcc,label_Tbqq
C_Tbl_correct,TTBar,/home/maxwelhelp/Рабочий стол/JetClassOfficial/val_5M/TTBar_120.root,227,label_Tbqq,label_Tbqq,label_Hcc,label_Tbqq,0.0071568270213902,0.9709148406982422,0.963758013676852,-0.963758013676852,22,pair_direct_legacy_replay,C_tgt_correct,0.0071568270213902,0.9709148406982422,0.963758013676852,-0.963758013676852,label_Hcc,label_Tbqq
C_Tbl_correct,TTBar,/home/maxwelhelp/Рабочий стол/JetClassOfficial/val_5M/TTBar_120.root,229,label_Tbqq,label_Tbqq,label_Hcc,label_Tbqq,0.003120881738141179,0.9949263334274292,0.991805451689288,-0.991805451689288,22,pair_direct_legacy_replay,C_tgt_correct,0.003120881738141179,0.9949263334274292,0.991805451689288,-0.991805451689288,label_Hcc,label_Tbqq
C_Tbl_correct,TTBar,/home/maxwelhelp/Рабочий стол/JetClassOfficial/val_5M/TTBar_120.root,230,label_Tbqq,label_Tbqq,label_Hcc,label_Tbqq,0.005657292436808348,0.965369462966919,0.9597121705301106,-0.9597121705301106,22,pair_direct_legacy_replay,C_tgt_correct,0.005657292436808348,0.965369462966919,0.9597121705301106,-0.9597121705301106,label_Hcc,label_Tbqq
C_Tbl_correct,TTBar,/home/maxwelhelp/Рабочий стол/JetClassOfficial/val_5M/TTBar_120.root,231,label_Tbqq,label_Tbqq,label_Hcc,label_Tbqq,7.934410677989945e-05,0.9988532066345215,0.9987738625277416,-0.9987738625277416,22,pair_direct_legacy_replay,C_tgt_correct,7.934410677989945e-05,0.9988532066345215,0.9987738625277416,-0.9987738625277416,label_Hcc,label_Tbqq
C_Tbl_correct,TTBar,/home/maxwelhelp/Рабочий стол/JetClassOfficial/val_5M/TTBar_120.root,232,label_Tbqq,label_Tbqq,label_Hcc,label_Tbqq,0.001826407853513956,0.8752878308296204,0.8734614229761064,-0.8734614229761064,22,pair_direct_legacy_replay,C_tgt_correct,0.001826407853513956,0.8752878308296204,0.8734614229761064,-0.8734614229761064,label_Hcc,label_Tbqq
C_Tbl_correct,TTBar,/home/maxwelhelp/Рабочий стол/JetClassOfficial/val_5M/TTBar_120.root,233,label_Tbqq,label_Tbqq,label_Hcc,label_Tbqq,0.0010177823714911938,0.9322095513343811,0.9311917689628899,-0.9311917689628899,22,pair_direct_legacy_replay,C_tgt_correct,0.0010177823714911938,0.9322095513343811,0.9311917689628899,-0.9311917689628899,label_Hcc,label_Tbqq
D_Tbl_to_Hqql,TTBar,/home/maxwelhelp/Рабочий стол/JetClassOfficial/val_5M/TTBar_120.root,234,label_Tbqq,label_Hcc,label_Hcc,label_Tbqq,0.7329612970352173,0.0003134178405161947,-0.7326478791947011,0.7326478791947011,22,pair_direct_legacy_replay,D_tgt_to_src,0.7329612970352173,0.0003134178405161947,-0.7326478791947011,0.7326478791947011,label_Hcc,label_Tbqq
C_Tbl_correct,TTBar,/home/maxwelhelp/Рабочий стол/JetClassOfficial/val_5M/TTBar_120.root,235,label_Tbqq,label_Tbqq,label_Hcc,label_Tbqq,0.001376013271510601,0.960246205329895,0.9588701920583844,-0.9588701920583844,22,pair_direct_legacy_replay,C_tgt_correct,0.001376013271510601,0.960246205329895,0.9588701920583844,-0.9588701920583844,label_Hcc,label_Tbqq
C_Tbl_correct,TTBar,/home/maxwelhelp/Рабочий стол/JetClassOfficial/val_5M/TTBar_120.root,236,label_Tbqq,label_Tbqq,label_Hcc,label_Tbqq,3.1749557820148766e-05,0.9917032122612,0.9916714627033798,-0.9916714627033798,22,pair_direct_legacy_replay,C_tgt_correct,3.1749557820148766e-05,0.9917032122612,0.9916714627033798,-0.9916714627033798,label_Hcc,label_Tbqq
C_Tbl_correct,TTBar,/home/maxwelhelp/Рабочий стол/JetClassOfficial/val_5M/TTBar_120.root,237,label_Tbqq,label_Tbqq,label_Hcc,label_Tbqq,7.340910815401003e-05,0.999119222164154,0.999045813056,-0.999045813056,22,pair_direct_legacy_replay,C_tgt_correct,7.340910815401003e-05,0.999119222164154,0.999045813056,-0.999045813056,label_Hcc,label_Tbqq
D_Tbl_to_Hqql,TTBar,/home/maxwelhelp/Рабочий стол/JetClassOfficial/val_5M/TTBar_120.root,238,label_Tbqq,label_Hcc,label_Hcc,label_Tbqq,0.44849589467048645,0.4166480302810669,-0.031847864389419556,0.031847864389419556,22,pair_direct_legacy_replay,D_tgt_to_src,0.44849589467048645,0.4166480302810669,-0.031847864389419556,0.031847864389419556,label_Hcc,label_Tbqq
C_Tbl_correct,TTBar,/home/maxwelhelp/Рабочий стол/JetClassOfficial/val_5M/TTBar_120.root,239,label_Tbqq,label_Tbqq,label_Hcc,label_Tbqq,0.0038043276872485876,0.8846761584281921,0.8808718307409436,-0.8808718307409436,22,pair_direct_legacy_replay,C_tgt_correct,0.0038043276872485876,0.8846761584281921,0.8808718307409436,-0.8808718307409436,label_Hcc,label_Tbqq
C_Tbl_correct,TTBar,/home/maxwelhelp/Рабочий стол/JetClassOfficial/val_5M/TTBar_120.root,240,label_Tbqq,label_Tbqq,label_Hcc,label_Tbqq,2.159473478968721e-05,0.9933559894561768,0.9933343947213871,-0.9933343947213871,22,pair_direct_legacy_replay,C_tgt_correct,2.159473478968721e-05,0.9933559894561768,0.9933343947213871,-0.9933343947213871,label_Hcc,label_Tbqq
C_Tbl_correct,TTBar,/home/maxwelhelp/Рабочий стол/JetClassOfficial/val_5M/TTBar_120.root,241,label_Tbqq,label_Tbqq,label_Hcc,label_Tbqq,0.00013419706374406815,0.9977132081985474,0.9975790111348033,-0.9975790111348033,22,pair_direct_legacy_replay,C_tgt_correct,0.00013419706374406815,0.9977132081985474,0.9975790111348033,-0.9975790111348033,label_Hcc,label_Tbqq
C_Tbl_correct,TTBar,/home/maxwelhelp/Рабочий стол/JetClassOfficial/val_5M/TTBar_120.root,242,label_Tbqq,label_Tbqq,label_Hcc,label_Tbqq,0.004088914953172207,0.9809827208518982,0.976893805898726,-0.976893805898726,22,pair_direct_legacy_replay,C_tgt_correct,0.004088914953172207,0.9809827208518982,0.976893805898726,-0.976893805898726,label_Hcc,label_Tbqq
C_Tbl_correct,TTBar,/home/maxwelhelp/Рабочий стол/JetClassOfficial/val_5M/TTBar_120.root,243,label_Tbqq,label_Tbqq,label_Hcc,label_Tbqq,0.0010578123619779944,0.9783404469490051,0.9772826345870271,-0.9772826345870271,22,pair_direct_legacy_replay,C_tgt_correct,0.0010578123619779944,0.9783404469490051,0.9772826345870271,-0.9772826345870271,label_Hcc,label_Tbqq
C_Tbl_correct,TTBar,/home/maxwelhelp/Рабочий стол/JetClassOfficial/val_5M/TTBar_120.root,244,label_Tbqq,label_Tbqq,label_Hcc,label_Tbqq,8.928467650548555e-06,0.9987807869911194,0.9987718585234688,-0.9987718585234688,22,pair_direct_legacy_replay,C_tgt_correct,8.928467650548555e-06,0.9987807869911194,0.9987718585234688,-0.9987718585234688,label_Hcc,label_Tbqq
C_Tbl_correct,TTBar,/home/maxwelhelp/Рабочий стол/JetClassOfficial/val_5M/TTBar_120.root,245,label_Tbqq,label_Tbqq,label_Hcc,label_Tbqq,0.01659751497209072,0.915084719657898,0.8984872046858072,-0.8984872046858072,22,pair_direct_legacy_replay,C_tgt_correct,0.01659751497209072,0.915084719657898,0.8984872046858072,-0.8984872046858072,label_Hcc,label_Tbqq
C_Tbl_correct,TTBar,/home/maxwelhelp/Рабочий стол/JetClassOfficial/val_5M/TTBar_120.root,246,label_Tbqq,label_Tbqq,label_Hcc,label_Tbqq,1.658028304518666e-05,0.999440610408783,0.9994240301257378,-0.9994240301257378,22,pair_direct_legacy_replay,C_tgt_correct,1.658028304518666e-05,0.999440610408783,0.9994240301257378,-0.9994240301257378,label_Hcc,label_Tbqq
C_Tbl_correct,TTBar,/home/maxwelhelp/Рабочий стол/JetClassOfficial/val_5M/TTBar_120.root,247,label_Tbqq,label_Tbqq,label_Hcc,label_Tbqq,0.007002329919487238,0.9792528748512268,0.9722505449317396,-0.9722505449317396,22,pair_direct_legacy_replay,C_tgt_correct,0.007002329919487238,0.9792528748512268,0.9722505449317396,-0.9722505449317396,label_Hcc,label_Tbqq
C_Tbl_correct,TTBar,/home/maxwelhelp/Рабочий стол/JetClassOfficial/val_5M/TTBar_120.root,248,label_Tbqq,label_Tbqq,label_Hcc,label_Tbqq,0.0006118615274317563,0.9983224272727966,0.9977105657453649,-0.9977105657453649,22,pair_direct_legacy_replay,C_tgt_correct,0.0006118615274317563,0.9983224272727966,0.9977105657453649,-0.9977105657453649,label_Hcc,label_Tbqq
C_Tbl_correct,TTBar,/home/maxwelhelp/Рабочий стол/JetClassOfficial/val_5M/TTBar_120.root,250,label_Tbqq,label_Tbqq,label_Hcc,label_Tbqq,0.08542513102293015,0.8670530319213867,0.7816279008984566,-0.7816279008984566,22,pair_direct_legacy_replay,C_tgt_correct,0.08542513102293015,0.8670530319213867,0.7816279008984566,-0.7816279008984566,label_Hcc,label_Tbqq
C_Tbl_correct,TTBar,/home/maxwelhelp/Рабочий стол/JetClassOfficial/val_5M/TTBar_120.root,251,label_Tbqq,label_Tbqq,label_Hcc,label_Tbqq,7.957719105888827e-08,0.9997351765632629,0.9997350969860719,-0.9997350969860719,22,pair_direct_legacy_replay,C_tgt_correct,7.957719105888827e-08,0.9997351765632629,0.9997350969860719,-0.9997350969860719,label_Hcc,label_Tbqq
C_Tbl_correct,TTBar,/home/maxwelhelp/Рабочий стол/JetClassOfficial/val_5M/TTBar_120.root,252,label_Tbqq,label_Tbqq,label_Hcc,label_Tbqq,8.491158223478124e-05,0.9964409470558167,0.9963560354735819,-0.9963560354735819,22,pair_direct_legacy_replay,C_tgt_correct,8.491158223478124e-05,0.9964409470558167,0.9963560354735819,-0.9963560354735819,label_Hcc,label_Tbqq
C_Tbl_correct,TTBar,/home/maxwelhelp/Рабочий стол/JetClassOfficial/val_5M/TTBar_120.root,253,label_Tbqq,label_Tbqq,label_Hcc,label_Tbqq,0.0010362715693190694,0.9934739470481873,0.9924376754788682,-0.9924376754788682,22,pair_direct_legacy_replay,C_tgt_correct,0.0010362715693190694,0.9934739470481873,0.9924376754788682,-0.9924376754788682,label_Hcc,label_Tbqq
C_Tbl_correct,TTBar,/home/maxwelhelp/Рабочий стол/JetClassOfficial/val_5M/TTBar_120.root,254,label_Tbqq,label_Tbqq,label_Hcc,label_Tbqq,0.008580202236771584,0.945239245891571,0.9366590436547995,-0.9366590436547995,22,pair_direct_legacy_replay,C_tgt_correct,0.008580202236771584,0.945239245891571,0.9366590436547995,-0.9366590436547995,label_Hcc,label_Tbqq
C_Tbl_correct,TTBar,/home/maxwelhelp/Рабочий стол/JetClassOfficial/val_5M/TTBar_120.root,255,label_Tbqq,label_Tbqq,label_Hcc,label_Tbqq,0.0012029065983369946,0.8871238827705383,0.8859209761722013,-0.8859209761722013,22,pair_direct_legacy_replay,C_tgt_correct,0.0012029065983369946,0.8871238827705383,0.8859209761722013,-0.8859209761722013,label_Hcc,label_Tbqq
C_Tbl_correct,TTBar,/home/maxwelhelp/Рабочий стол/JetClassOfficial/val_5M/TTBar_120.root,256,label_Tbqq,label_Tbqq,label_Hcc,label_Tbqq,0.00014202688180375844,0.9702440500259399,0.9701020231441362,-0.9701020231441362,22,pair_direct_legacy_replay,C_tgt_correct,0.00014202688180375844,0.9702440500259399,0.9701020231441362,-0.9701020231441362,label_Hcc,label_Tbqq
C_Tbl_correct,TTBar,/home/maxwelhelp/Рабочий стол/JetClassOfficial/val_5M/TTBar_120.root,257,label_Tbqq,label_Tbqq,label_Hcc,label_Tbqq,0.03209097683429718,0.5615395307540894,0.5294485539197922,-0.5294485539197922,22,pair_direct_legacy_replay,C_tgt_correct,0.03209097683429718,0.5615395307540894,0.5294485539197922,-0.5294485539197922,label_Hcc,label_Tbqq
C_Tbl_correct,TTBar,/home/maxwelhelp/Рабочий стол/JetClassOfficial/val_5M/TTBar_120.root,258,label_Tbqq,label_Tbqq,label_Hcc,label_Tbqq,0.00010590104648144916,0.9979318380355835,0.997825936989102,-0.997825936989102,22,pair_direct_legacy_replay,C_tgt_correct,0.00010590104648144916,0.9979318380355835,0.997825936989102,-0.997825936989102,label_Hcc,label_Tbqq
C_Tbl_correct,TTBar,/home/maxwelhelp/Рабочий стол/JetClassOfficial/val_5M/TTBar_120.root,260,label_Tbqq,label_Tbqq,label_Hcc,label_Tbqq,0.0001522141828900203,0.9907686114311218,0.9906163972482318,-0.9906163972482318,22,pair_direct_legacy_replay,C_tgt_correct,0.0001522141828900203,0.9907686114311218,0.9906163972482318,-0.9906163972482318,label_Hcc,label_Tbqq
C_Tbl_correct,TTBar,/home/maxwelhelp/Рабочий стол/JetClassOfficial/val_5M/TTBar_120.root,261,label_Tbqq,label_Tbqq,label_Hcc,label_Tbqq,0.011228254064917564,0.8637261986732483,0.8524979446083307,-0.8524979446083307,22,pair_direct_legacy_replay,C_tgt_correct,0.011228254064917564,0.8637261986732483,0.8524979446083307,-0.8524979446083307,label_Hcc,label_Tbqq
C_Tbl_correct,TTBar,/home/maxwelhelp/Рабочий стол/JetClassOfficial/val_5M/TTBar_120.root,262,label_Tbqq,label_Tbqq,label_Hcc,label_Tbqq,3.779676490012207e-06,0.9986401200294495,0.9986363403529595,-0.9986363403529595,22,pair_direct_legacy_replay,C_tgt_correct,3.779676490012207e-06,0.9986401200294495,0.9986363403529595,-0.9986363403529595,label_Hcc,label_Tbqq
C_Tbl_correct,TTBar,/home/maxwelhelp/Рабочий стол/JetClassOfficial/val_5M/TTBar_120.root,263,label_Tbqq,label_Tbqq,label_Hcc,label_Tbqq,0.0008742972859181464,0.9470752477645874,0.9462009504786693,-0.9462009504786693,22,pair_direct_legacy_replay,C_tgt_correct,0.0008742972859181464,0.9470752477645874,0.9462009504786693,-0.9462009504786693,label_Hcc,label_Tbqq
C_Tbl_correct,TTBar,/home/maxwelhelp/Рабочий стол/JetClassOfficial/val_5M/TTBar_120.root,264,label_Tbqq,label_Tbqq,label_Hcc,label_Tbqq,0.0018150300020352006,0.9724162220954895,0.9706011920934543,-0.9706011920934543,22,pair_direct_legacy_replay,C_tgt_correct,0.0018150300020352006,0.9724162220954895,0.9706011920934543,-0.9706011920934543,label_Hcc,label_Tbqq
C_Tbl_correct,TTBar,/home/maxwelhelp/Рабочий стол/JetClassOfficial/val_5M/TTBar_120.root,266,label_Tbqq,label_Tbqq,label_Hcc,label_Tbqq,0.00024444720475003123,0.9982942938804626,0.9980498466757126,-0.9980498466757126,22,pair_direct_legacy_replay,C_tgt_correct,0.00024444720475003123,0.9982942938804626,0.9980498466757126,-0.9980498466757126,label_Hcc,label_Tbqq
C_Tbl_correct,TTBar,/home/maxwelhelp/Рабочий стол/JetClassOfficial/val_5M/TTBar_120.root,267,label_Tbqq,label_Tbqq,label_Hcc,label_Tbqq,0.0007660367991775274,0.9869258403778076,0.9861598035786301,-0.9861598035786301,22,pair_direct_legacy_replay,C_tgt_correct,0.0007660367991775274,0.9869258403778076,0.9861598035786301,-0.9861598035786301,label_Hcc,label_Tbqq
C_Tbl_correct,TTBar,/home/maxwelhelp/Рабочий стол/JetClassOfficial/val_5M/TTBar_120.root,268,label_Tbqq,label_Tbqq,label_Hcc,label_Tbqq,0.0004697182448580861,0.9960559606552124,0.9955862424103543,-0.9955862424103543,22,pair_direct_legacy_replay,C_tgt_correct,0.0004697182448580861,0.9960559606552124,0.9955862424103543,-0.9955862424103543,label_Hcc,label_Tbqq
C_Tbl_correct,TTBar,/home/maxwelhelp/Рабочий стол/JetClassOfficial/val_5M/TTBar_120.root,269,label_Tbqq,label_Tbqq,label_Hcc,label_Tbqq,0.00011192361125722528,0.9955965876579285,0.9954846640466712,-0.9954846640466712,22,pair_direct_legacy_replay,C_tgt_correct,0.00011192361125722528,0.9955965876579285,0.9954846640466712,-0.9954846640466712,label_Hcc,label_Tbqq
C_Tbl_correct,TTBar,/home/maxwelhelp/Рабочий стол/JetClassOfficial/val_5M/TTBar_120.root,270,label_Tbqq,label_Tbqq,label_Hcc,label_Tbqq,0.001216159318573773,0.9796319603919983,0.9784158010734245,-0.9784158010734245,22,pair_direct_legacy_replay,C_tgt_correct,0.001216159318573773,0.9796319603919983,0.9784158010734245,-0.9784158010734245,label_Hcc,label_Tbqq
C_Tbl_correct,TTBar,/home/maxwelhelp/Рабочий стол/JetClassOfficial/val_5M/TTBar_120.root,271,label_Tbqq,label_Tbqq,label_Hcc,label_Tbqq,0.0001513314782641828,0.9937148690223694,0.9935635375441052,-0.9935635375441052,22,pair_direct_legacy_replay,C_tgt_correct,0.0001513314782641828,0.9937148690223694,0.9935635375441052,-0.9935635375441052,label_Hcc,label_Tbqq
C_Tbl_correct,TTBar,/home/maxwelhelp/Рабочий стол/JetClassOfficial/val_5M/TTBar_120.root,272,label_Tbqq,label_Tbqq,label_Hcc,label_Tbqq,0.00014089077012613416,0.9922060370445251,0.992065146274399,-0.992065146274399,22,pair_direct_legacy_replay,C_tgt_correct,0.00014089077012613416,0.9922060370445251,0.992065146274399,-0.992065146274399,label_Hcc,label_Tbqq
C_Tbl_correct,TTBar,/home/maxwelhelp/Рабочий стол/JetClassOfficial/val_5M/TTBar_120.root,273,label_Tbqq,label_Tbqq,label_Hcc,label_Tbqq,0.0004656251985579729,0.9960368275642395,0.9955712023656815,-0.9955712023656815,22,pair_direct_legacy_replay,C_tgt_correct,0.0004656251985579729,0.9960368275642395,0.9955712023656815,-0.9955712023656815,label_Hcc,label_Tbqq
C_Tbl_correct,TTBar,/home/maxwelhelp/Рабочий стол/JetClassOfficial/val_5M/TTBar_120.root,274,label_Tbqq,label_Tbqq,label_Hcc,label_Tbqq,0.014225197024643421,0.832449197769165,0.8182240007445216,-0.8182240007445216,22,pair_direct_legacy_replay,C_tgt_correct,0.014225197024643421,0.832449197769165,0.8182240007445216,-0.8182240007445216,label_Hcc,label_Tbqq
C_Tbl_correct,TTBar,/home/maxwelhelp/Рабочий стол/JetClassOfficial/val_5M/TTBar_120.root,275,label_Tbqq,label_Tbqq,label_Hcc,label_Tbqq,0.0003123162023257464,0.9662888050079346,0.9659764888056088,-0.9659764888056088,22,pair_direct_legacy_replay,C_tgt_correct,0.0003123162023257464,0.9662888050079346,0.9659764888056088,-0.9659764888056088,label_Hcc,label_Tbqq
C_Tbl_correct,TTBar,/home/maxwelhelp/Рабочий стол/JetClassOfficial/val_5M/TTBar_120.root,276,label_Tbqq,label_Tbqq,label_Hcc,label_Tbqq,0.000725884921848774,0.991963267326355,0.9912373824045062,-0.9912373824045062,22,pair_direct_legacy_replay,C_tgt_correct,0.000725884921848774,0.991963267326355,0.9912373824045062,-0.9912373824045062,label_Hcc,label_Tbqq
C_Tbl_correct,TTBar,/home/maxwelhelp/Рабочий стол/JetClassOfficial/val_5M/TTBar_120.root,278,label_Tbqq,label_Tbqq,label_Hcc,label_Tbqq,0.004320852924138308,0.9501264095306396,0.9458055566065013,-0.9458055566065013,22,pair_direct_legacy_replay,C_tgt_correct,0.004320852924138308,0.9501264095306396,0.9458055566065013,-0.9458055566065013,label_Hcc,label_Tbqq
C_Tbl_correct,TTBar,/home/maxwelhelp/Рабочий стол/JetClassOfficial/val_5M/TTBar_120.root,279,label_Tbqq,label_Tbqq,label_Hcc,label_Tbqq,0.0011708518723025918,0.9591161012649536,0.957945249392651,-0.957945249392651,22,pair_direct_legacy_replay,C_tgt_correct,0.0011708518723025918,0.9591161012649536,0.957945249392651,-0.957945249392651,label_Hcc,label_Tbqq
C_Tbl_correct,TTBar,/home/maxwelhelp/Рабочий стол/JetClassOfficial/val_5M/TTBar_120.root,280,label_Tbqq,label_Tbqq,label_Hcc,label_Tbqq,0.0009581373888067901,0.9885708689689636,0.9876127315801568,-0.9876127315801568,22,pair_direct_legacy_replay,C_tgt_correct,0.0009581373888067901,0.9885708689689636,0.9876127315801568,-0.9876127315801568,label_Hcc,label_Tbqq
C_Tbl_correct,TTBar,/home/maxwelhelp/Рабочий стол/JetClassOfficial/val_5M/TTBar_120.root,281,label_Tbqq,label_Tbqq,label_Hcc,label_Tbqq,1.98175275727408e-05,0.9923015832901001,0.9922817657625274,-0.9922817657625274,22,pair_direct_legacy_replay,C_tgt_correct,1.98175275727408e-05,0.9923015832901001,0.9922817657625274,-0.9922817657625274,label_Hcc,label_Tbqq
C_Tbl_correct,TTBar,/home/maxwelhelp/Рабочий стол/JetClassOfficial/val_5M/TTBar_120.root,282,label_Tbqq,label_Tbqq,label_Hcc,label_Tbqq,0.0035174924414604902,0.9764255881309509,0.9729080956894904,-0.9729080956894904,22,pair_direct_legacy_replay,C_tgt_correct,0.0035174924414604902,0.9764255881309509,0.9729080956894904,-0.9729080956894904,label_Hcc,label_Tbqq
C_Tbl_correct,TTBar,/home/maxwelhelp/Рабочий стол/JetClassOfficial/val_5M/TTBar_120.root,283,label_Tbqq,label_Tbqq,label_Hcc,label_Tbqq,0.0034541103523224592,0.9904780387878418,0.9870239284355193,-0.9870239284355193,22,pair_direct_legacy_replay,C_tgt_correct,0.0034541103523224592,0.9904780387878418,0.9870239284355193,-0.9870239284355193,label_Hcc,label_Tbqq
D_Tbl_to_Hqql,TTBar,/home/maxwelhelp/Рабочий стол/JetClassOfficial/val_5M/TTBar_120.root,365,label_Tbqq,label_Hcc,label_Hcc,label_Tbqq,0.42717865109443665,0.1287056803703308,-0.29847297072410583,0.29847297072410583,22,pair_direct_legacy_replay,D_tgt_to_src,0.42717865109443665,0.1287056803703308,-0.29847297072410583,0.29847297072410583,label_Hcc,label_Tbqq
D_Tbl_to_Hqql,TTBar,/home/maxwelhelp/Рабочий стол/JetClassOfficial/val_5M/TTBar_120.root,465,label_Tbqq,label_Hcc,label_Hcc,label_Tbqq,0.38145092129707336,0.36770036816596985,-0.013750553131103516,0.013750553131103516,22,pair_direct_legacy_replay,D_tgt_to_src,0.38145092129707336,0.36770036816596985,-0.013750553131103516,0.013750553131103516,label_Hcc,label_Tbqq
D_Tbl_to_Hqql,TTBar,/home/maxwelhelp/Рабочий стол/JetClassOfficial/val_5M/TTBar_120.root,593,label_Tbqq,label_Hcc,label_Hcc,label_Tbqq,0.4158415198326111,0.18215584754943848,-0.2336856722831726,0.2336856722831726,22,pair_direct_legacy_replay,D_tgt_to_src,0.4158415198326111,0.18215584754943848,-0.2336856722831726,0.2336856722831726,label_Hcc,label_Tbqq
D_Tbl_to_Hqql,TTBar,/home/maxwelhelp/Рабочий стол/JetClassOfficial/val_5M/TTBar_120.root,662,label_Tbqq,label_Hcc,label_Hcc,label_Tbqq,0.44556236267089844,0.18201568722724915,-0.2635466754436493,0.2635466754436493,22,pair_direct_legacy_replay,D_tgt_to_src,0.44556236267089844,0.18201568722724915,-0.2635466754436493,0.2635466754436493,label_Hcc,label_Tbqq
D_Tbl_to_Hqql,TTBar,/home/maxwelhelp/Рабочий стол/JetClassOfficial/val_5M/TTBar_120.root,710,label_Tbqq,label_Hcc,label_Hcc,label_Tbqq,0.4756056070327759,0.3725408613681793,-0.10306474566459656,0.10306474566459656,22,pair_direct_legacy_replay,D_tgt_to_src,0.4756056070327759,0.3725408613681793,-0.10306474566459656,0.10306474566459656,label_Hcc,label_Tbqq
D_Tbl_to_Hqql,TTBar,/home/maxwelhelp/Рабочий стол/JetClassOfficial/val_5M/TTBar_120.root,795,label_Tbqq,label_Hcc,label_Hcc,label_Tbqq,0.8433707356452942,0.04154185205698013,-0.8018288835883141,0.8018288835883141,22,pair_direct_legacy_replay,D_tgt_to_src,0.8433707356452942,0.04154185205698013,-0.8018288835883141,0.8018288835883141,label_Hcc,label_Tbqq
D_Tbl_to_Hqql,TTBar,/home/maxwelhelp/Рабочий стол/JetClassOfficial/val_5M/TTBar_120.root,804,label_Tbqq,label_Hcc,label_Hcc,label_Tbqq,0.2920779287815094,0.09201432764530182,-0.20006360113620758,0.20006360113620758,22,pair_direct_legacy_replay,D_tgt_to_src,0.2920779287815094,0.09201432764530182,-0.20006360113620758,0.20006360113620758,label_Hcc,label_Tbqq
D_Tbl_to_Hqql,TTBar,/home/maxwelhelp/Рабочий стол/JetClassOfficial/val_5M/TTBar_120.root,944,label_Tbqq,label_Hcc,label_Hcc,label_Tbqq,0.43530550599098206,0.3625265061855316,-0.07277899980545044,0.07277899980545044,22,pair_direct_legacy_replay,D_tgt_to_src,0.43530550599098206,0.3625265061855316,-0.07277899980545044,0.07277899980545044,label_Hcc,label_Tbqq
D_Tbl_to_Hqql,TTBar,/home/maxwelhelp/Рабочий стол/JetClassOfficial/val_5M/TTBar_120.root,1080,label_Tbqq,label_Hcc,label_Hcc,label_Tbqq,0.6551327705383301,0.0035137494560331106,-0.651619021082297,0.651619021082297,22,pair_direct_legacy_replay,D_tgt_to_src,0.6551327705383301,0.0035137494560331106,-0.651619021082297,0.651619021082297,label_Hcc,label_Tbqq
D_Tbl_to_Hqql,TTBar,/home/maxwelhelp/Рабочий стол/JetClassOfficial/val_5M/TTBar_120.root,1279,label_Tbqq,label_Hcc,label_Hcc,label_Tbqq,0.375082790851593,0.0971042588353157,-0.2779785320162773,0.2779785320162773,22,pair_direct_legacy_replay,D_tgt_to_src,0.375082790851593,0.0971042588353157,-0.2779785320162773,0.2779785320162773,label_Hcc,label_Tbqq
D_Tbl_to_Hqql,TTBar,/home/maxwelhelp/Рабочий стол/JetClassOfficial/val_5M/TTBar_120.root,1381,label_Tbqq,label_Hcc,label_Hcc,label_Tbqq,0.47628939151763916,0.0065099638886749744,-0.4697794276289642,0.4697794276289642,22,pair_direct_legacy_replay,D_tgt_to_src,0.47628939151763916,0.0065099638886749744,-0.4697794276289642,0.4697794276289642,label_Hcc,label_Tbqq
D_Tbl_to_Hqql,TTBar,/home/maxwelhelp/Рабочий стол/JetClassOfficial/val_5M/TTBar_120.root,1506,label_Tbqq,label_Hcc,label_Hcc,label_Tbqq,0.44839462637901306,0.25458836555480957,-0.1938062608242035,0.1938062608242035,22,pair_direct_legacy_replay,D_tgt_to_src,0.44839462637901306,0.25458836555480957,-0.1938062608242035,0.1938062608242035,label_Hcc,label_Tbqq
D_Tbl_to_Hqql,TTBar,/home/maxwelhelp/Рабочий стол/JetClassOfficial/val_5M/TTBar_120.root,1528,label_Tbqq,label_Hcc,label_Hcc,label_Tbqq,0.8742989301681519,0.011770504526793957,-0.8625284256413579,0.8625284256413579,22,pair_direct_legacy_replay,D_tgt_to_src,0.8742989301681519,0.011770504526793957,-0.8625284256413579,0.8625284256413579,label_Hcc,label_Tbqq
D_Tbl_to_Hqql,TTBar,/home/maxwelhelp/Рабочий стол/JetClassOfficial/val_5M/TTBar_120.root,1700,label_Tbqq,label_Hcc,label_Hcc,label_Tbqq,0.46161434054374695,0.45177796483039856,-0.009836375713348389,0.009836375713348389,22,pair_direct_legacy_replay,D_tgt_to_src,0.46161434054374695,0.45177796483039856,-0.009836375713348389,0.009836375713348389,label_Hcc,label_Tbqq
D_Tbl_to_Hqql,TTBar,/home/maxwelhelp/Рабочий стол/JetClassOfficial/val_5M/TTBar_120.root,1860,label_Tbqq,label_Hcc,label_Hcc,label_Tbqq,0.4882367253303528,0.442844957113266,-0.04539176821708679,0.04539176821708679,22,pair_direct_legacy_replay,D_tgt_to_src,0.4882367253303528,0.442844957113266,-0.04539176821708679,0.04539176821708679,label_Hcc,label_Tbqq
D_Tbl_to_Hqql,TTBar,/home/maxwelhelp/Рабочий стол/JetClassOfficial/val_5M/TTBar_120.root,1879,label_Tbqq,label_Hcc,label_Hcc,label_Tbqq,0.8948639631271362,0.04890285059809685,-0.8459611125290394,0.8459611125290394,22,pair_direct_legacy_replay,D_tgt_to_src,0.8948639631271362,0.04890285059809685,-0.8459611125290394,0.8459611125290394,label_Hcc,label_Tbqq
D_Tbl_to_Hqql,TTBar,/home/maxwelhelp/Рабочий стол/JetClassOfficial/val_5M/TTBar_120.root,1932,label_Tbqq,label_Hcc,label_Hcc,label_Tbqq,0.5026612281799316,0.22916831076145172,-0.2734929174184799,0.2734929174184799,22,pair_direct_legacy_replay,D_tgt_to_src,0.5026612281799316,0.22916831076145172,-0.2734929174184799,0.2734929174184799,label_Hcc,label_Tbqq
D_Tbl_to_Hqql,TTBar,/home/maxwelhelp/Рабочий стол/JetClassOfficial/val_5M/TTBar_120.root,2065,label_Tbqq,label_Hcc,label_Hcc,label_Tbqq,0.3713618516921997,0.03894973173737526,-0.33241211995482445,0.33241211995482445,22,pair_direct_legacy_replay,D_tgt_to_src,0.3713618516921997,0.03894973173737526,-0.33241211995482445,0.33241211995482445,label_Hcc,label_Tbqq
D_Tbl_to_Hqql,TTBar,/home/maxwelhelp/Рабочий стол/JetClassOfficial/val_5M/TTBar_120.root,2143,label_Tbqq,label_Hcc,label_Hcc,label_Tbqq,0.6549780368804932,0.016758978366851807,-0.6382190585136414,0.6382190585136414,22,pair_direct_legacy_replay,D_tgt_to_src,0.6549780368804932,0.016758978366851807,-0.6382190585136414,0.6382190585136414,label_Hcc,label_Tbqq
D_Tbl_to_Hqql,TTBar,/home/maxwelhelp/Рабочий стол/JetClassOfficial/val_5M/TTBar_120.root,2144,label_Tbqq,label_Hcc,label_Hcc,label_Tbqq,0.8888158798217773,0.07782479375600815,-0.8109910860657692,0.8109910860657692,22,pair_direct_legacy_replay,D_tgt_to_src,0.8888158798217773,0.07782479375600815,-0.8109910860657692,0.8109910860657692,label_Hcc,label_Tbqq
D_Tbl_to_Hqql,TTBar,/home/maxwelhelp/Рабочий стол/JetClassOfficial/val_5M/TTBar_120.root,2243,label_Tbqq,label_Hcc,label_Hcc,label_Tbqq,0.5291930437088013,0.27854397892951965,-0.2506490647792816,0.2506490647792816,22,pair_direct_legacy_replay,D_tgt_to_src,0.5291930437088013,0.27854397892951965,-0.2506490647792816,0.2506490647792816,label_Hcc,label_Tbqq
D_Tbl_to_Hqql,TTBar,/home/maxwelhelp/Рабочий стол/JetClassOfficial/val_5M/TTBar_120.root,2308,label_Tbqq,label_Hcc,label_Hcc,label_Tbqq,0.6398124694824219,0.02130565419793129,-0.6185068152844906,0.6185068152844906,22,pair_direct_legacy_replay,D_tgt_to_src,0.6398124694824219,0.02130565419793129,-0.6185068152844906,0.6185068152844906,label_Hcc,label_Tbqq
D_Tbl_to_Hqql,TTBar,/home/maxwelhelp/Рабочий стол/JetClassOfficial/val_5M/TTBar_120.root,2399,label_Tbqq,label_Hcc,label_Hcc,label_Tbqq,0.5443055033683777,0.02703269012272358,-0.5172728132456541,0.5172728132456541,22,pair_direct_legacy_replay,D_tgt_to_src,0.5443055033683777,0.02703269012272358,-0.5172728132456541,0.5172728132456541,label_Hcc,label_Tbqq
D_Tbl_to_Hqql,TTBar,/home/maxwelhelp/Рабочий стол/JetClassOfficial/val_5M/TTBar_120.root,2409,label_Tbqq,label_Hcc,label_Hcc,label_Tbqq,0.794559121131897,0.137245774269104,-0.657313346862793,0.657313346862793,22,pair_direct_legacy_replay,D_tgt_to_src,0.794559121131897,0.137245774269104,-0.657313346862793,0.657313346862793,label_Hcc,label_Tbqq
D_Tbl_to_Hqql,TTBar,/home/maxwelhelp/Рабочий стол/JetClassOfficial/val_5M/TTBar_120.root,2446,label_Tbqq,label_Hcc,label_Hcc,label_Tbqq,0.6104388236999512,0.001768587389960885,-0.6086702363099903,0.6086702363099903,22,pair_direct_legacy_replay,D_tgt_to_src,0.6104388236999512,0.001768587389960885,-0.6086702363099903,0.6086702363099903,label_Hcc,label_Tbqq
D_Tbl_to_Hqql,TTBar,/home/maxwelhelp/Рабочий стол/JetClassOfficial/val_5M/TTBar_120.root,2608,label_Tbqq,label_Hcc,label_Hcc,label_Tbqq,0.8941609859466553,0.0021279591601341963,-0.8920330267865211,0.8920330267865211,22,pair_direct_legacy_replay,D_tgt_to_src,0.8941609859466553,0.0021279591601341963,-0.8920330267865211,0.8920330267865211,label_Hcc,label_Tbqq
D_Tbl_to_Hqql,TTBar,/home/maxwelhelp/Рабочий стол/JetClassOfficial/val_5M/TTBar_120.root,2861,label_Tbqq,label_Hcc,label_Hcc,label_Tbqq,0.3931649327278137,0.03800840303301811,-0.3551565296947956,0.3551565296947956,22,pair_direct_legacy_replay,D_tgt_to_src,0.3931649327278137,0.03800840303301811,-0.3551565296947956,0.3551565296947956,label_Hcc,label_Tbqq
D_Tbl_to_Hqql,TTBar,/home/maxwelhelp/Рабочий стол/JetClassOfficial/val_5M/TTBar_120.root,2922,label_Tbqq,label_Hcc,label_Hcc,label_Tbqq,0.8257961869239807,0.130292609333992,-0.6955035775899887,0.6955035775899887,22,pair_direct_legacy_replay,D_tgt_to_src,0.8257961869239807,0.130292609333992,-0.6955035775899887,0.6955035775899887,label_Hcc,label_Tbqq
D_Tbl_to_Hqql,TTBar,/home/maxwelhelp/Рабочий стол/JetClassOfficial/val_5M/TTBar_120.root,2928,label_Tbqq,label_Hcc,label_Hcc,label_Tbqq,0.4272870421409607,0.39323341846466064,-0.03405362367630005,0.03405362367630005,22,pair_direct_legacy_replay,D_tgt_to_src,0.4272870421409607,0.39323341846466064,-0.03405362367630005,0.03405362367630005,label_Hcc,label_Tbqq
D_Tbl_to_Hqql,TTBar,/home/maxwelhelp/Рабочий стол/JetClassOfficial/val_5M/TTBar_120.root,2990,label_Tbqq,label_Hcc,label_Hcc,label_Tbqq,0.6476335525512695,0.004393215291202068,-0.6432403372600675,0.6432403372600675,22,pair_direct_legacy_replay,D_tgt_to_src,0.6476335525512695,0.004393215291202068,-0.6432403372600675,0.6432403372600675,label_Hcc,label_Tbqq
D_Tbl_to_Hqql,TTBar,/home/maxwelhelp/Рабочий стол/JetClassOfficial/val_5M/TTBar_120.root,3164,label_Tbqq,label_Hcc,label_Hcc,label_Tbqq,0.745353102684021,0.1463768035173416,-0.5989762991666794,0.5989762991666794,22,pair_direct_legacy_replay,D_tgt_to_src,0.745353102684021,0.1463768035173416,-0.5989762991666794,0.5989762991666794,label_Hcc,label_Tbqq
D_Tbl_to_Hqql,TTBar,/home/maxwelhelp/Рабочий стол/JetClassOfficial/val_5M/TTBar_120.root,3180,label_Tbqq,label_Hcc,label_Hcc,label_Tbqq,0.4828352630138397,0.06179564446210861,-0.4210396185517311,0.4210396185517311,22,pair_direct_legacy_replay,D_tgt_to_src,0.4828352630138397,0.06179564446210861,-0.4210396185517311,0.4210396185517311,label_Hcc,label_Tbqq
D_Tbl_to_Hqql,TTBar,/home/maxwelhelp/Рабочий стол/JetClassOfficial/val_5M/TTBar_120.root,3187,label_Tbqq,label_Hcc,label_Hcc,label_Tbqq,0.42998331785202026,0.34258773922920227,-0.087395578622818,0.087395578622818,22,pair_direct_legacy_replay,D_tgt_to_src,0.42998331785202026,0.34258773922920227,-0.087395578622818,0.087395578622818,label_Hcc,label_Tbqq
D_Tbl_to_Hqql,TTBar,/home/maxwelhelp/Рабочий стол/JetClassOfficial/val_5M/TTBar_120.root,3281,label_Tbqq,label_Hcc,label_Hcc,label_Tbqq,0.3141152858734131,0.173455610871315,-0.14065967500209808,0.14065967500209808,22,pair_direct_legacy_replay,D_tgt_to_src,0.3141152858734131,0.173455610871315,-0.14065967500209808,0.14065967500209808,label_Hcc,label_Tbqq
D_Tbl_to_Hqql,TTBar,/home/maxwelhelp/Рабочий стол/JetClassOfficial/val_5M/TTBar_120.root,3305,label_Tbqq,label_Hcc,label_Hcc,label_Tbqq,0.35094940662384033,0.007346702739596367,-0.34360270388424397,0.34360270388424397,22,pair_direct_legacy_replay,D_tgt_to_src,0.35094940662384033,0.007346702739596367,-0.34360270388424397,0.34360270388424397,label_Hcc,label_Tbqq
D_Tbl_to_Hqql,TTBar,/home/maxwelhelp/Рабочий стол/JetClassOfficial/val_5M/TTBar_120.root,3324,label_Tbqq,label_Hcc,label_Hcc,label_Tbqq,0.3101963996887207,0.18050411343574524,-0.12969228625297546,0.12969228625297546,22,pair_direct_legacy_replay,D_tgt_to_src,0.3101963996887207,0.18050411343574524,-0.12969228625297546,0.12969228625297546,label_Hcc,label_Tbqq
D_Tbl_to_Hqql,TTBar,/home/maxwelhelp/Рабочий стол/JetClassOfficial/val_5M/TTBar_120.root,3436,label_Tbqq,label_Hcc,label_Hcc,label_Tbqq,0.2551678717136383,0.20144477486610413,-0.05372309684753418,0.05372309684753418,22,pair_direct_legacy_replay,D_tgt_to_src,0.2551678717136383,0.20144477486610413,-0.05372309684753418,0.05372309684753418,label_Hcc,label_Tbqq
D_Tbl_to_Hqql,TTBar,/home/maxwelhelp/Рабочий стол/JetClassOfficial/val_5M/TTBar_120.root,3463,label_Tbqq,label_Hcc,label_Hcc,label_Tbqq,0.48869574069976807,0.2288670539855957,-0.25982868671417236,0.25982868671417236,22,pair_direct_legacy_replay,D_tgt_to_src,0.48869574069976807,0.2288670539855957,-0.25982868671417236,0.25982868671417236,label_Hcc,label_Tbqq
D_Tbl_to_Hqql,TTBar,/home/maxwelhelp/Рабочий стол/JetClassOfficial/val_5M/TTBar_120.root,3615,label_Tbqq,label_Hcc,label_Hcc,label_Tbqq,0.4526943862438202,0.13078485429286957,-0.3219095319509506,0.3219095319509506,22,pair_direct_legacy_replay,D_tgt_to_src,0.4526943862438202,0.13078485429286957,-0.3219095319509506,0.3219095319509506,label_Hcc,label_Tbqq
D_Tbl_to_Hqql,TTBar,/home/maxwelhelp/Рабочий стол/JetClassOfficial/val_5M/TTBar_120.root,3631,label_Tbqq,label_Hcc,label_Hcc,label_Tbqq,0.4669486880302429,0.2883405387401581,-0.17860814929008484,0.17860814929008484,22,pair_direct_legacy_replay,D_tgt_to_src,0.4669486880302429,0.2883405387401581,-0.17860814929008484,0.17860814929008484,label_Hcc,label_Tbqq
D_Tbl_to_Hqql,TTBar,/home/maxwelhelp/Рабочий стол/JetClassOfficial/val_5M/TTBar_120.root,3760,label_Tbqq,label_Hcc,label_Hcc,label_Tbqq,0.6698588132858276,0.12274739891290665,-0.547111414372921,0.547111414372921,22,pair_direct_legacy_replay,D_tgt_to_src,0.6698588132858276,0.12274739891290665,-0.547111414372921,0.547111414372921,label_Hcc,label_Tbqq
D_Tbl_to_Hqql,TTBar,/home/maxwelhelp/Рабочий стол/JetClassOfficial/val_5M/TTBar_120.root,3794,label_Tbqq,label_Hcc,label_Hcc,label_Tbqq,0.8043907284736633,0.08574872463941574,-0.7186420038342476,0.7186420038342476,22,pair_direct_legacy_replay,D_tgt_to_src,0.8043907284736633,0.08574872463941574,-0.7186420038342476,0.7186420038342476,label_Hcc,label_Tbqq
D_Tbl_to_Hqql,TTBar,/home/maxwelhelp/Рабочий стол/JetClassOfficial/val_5M/TTBar_120.root,3972,label_Tbqq,label_Hcc,label_Hcc,label_Tbqq,0.6242699027061462,0.20055654644966125,-0.423713356256485,0.423713356256485,22,pair_direct_legacy_replay,D_tgt_to_src,0.6242699027061462,0.20055654644966125,-0.423713356256485,0.423713356256485,label_Hcc,label_Tbqq
D_Tbl_to_Hqql,TTBar,/home/maxwelhelp/Рабочий стол/JetClassOfficial/val_5M/TTBar_120.root,4001,label_Tbqq,label_Hcc,label_Hcc,label_Tbqq,0.3498663902282715,0.2260313183069229,-0.12383507192134857,0.12383507192134857,22,pair_direct_legacy_replay,D_tgt_to_src,0.3498663902282715,0.2260313183069229,-0.12383507192134857,0.12383507192134857,label_Hcc,label_Tbqq
D_Tbl_to_Hqql,TTBar,/home/maxwelhelp/Рабочий стол/JetClassOfficial/val_5M/TTBar_120.root,4096,label_Tbqq,label_Hcc,label_Hcc,label_Tbqq,0.5853301286697388,0.13076096773147583,-0.45456916093826294,0.45456916093826294,22,pair_direct_legacy_replay,D_tgt_to_src,0.5853301286697388,0.13076096773147583,-0.45456916093826294,0.45456916093826294,label_Hcc,label_Tbqq
D_Tbl_to_Hqql,TTBar,/home/maxwelhelp/Рабочий стол/JetClassOfficial/val_5M/TTBar_120.root,4126,label_Tbqq,label_Hcc,label_Hcc,label_Tbqq,0.6267552375793457,0.19733628630638123,-0.4294189512729645,0.4294189512729645,22,pair_direct_legacy_replay,D_tgt_to_src,0.6267552375793457,0.19733628630638123,-0.4294189512729645,0.4294189512729645,label_Hcc,label_Tbqq
D_Tbl_to_Hqql,TTBar,/home/maxwelhelp/Рабочий стол/JetClassOfficial/val_5M/TTBar_120.root,4151,label_Tbqq,label_Hcc,label_Hcc,label_Tbqq,0.4390740394592285,0.018920842558145523,-0.420153196901083,0.420153196901083,22,pair_direct_legacy_replay,D_tgt_to_src,0.4390740394592285,0.018920842558145523,-0.420153196901083,0.420153196901083,label_Hcc,label_Tbqq
D_Tbl_to_Hqql,TTBar,/home/maxwelhelp/Рабочий стол/JetClassOfficial/val_5M/TTBar_120.root,4152,label_Tbqq,label_Hcc,label_Hcc,label_Tbqq,0.2732561528682709,0.09097310155630112,-0.18228305131196976,0.18228305131196976,22,pair_direct_legacy_replay,D_tgt_to_src,0.2732561528682709,0.09097310155630112,-0.18228305131196976,0.18228305131196976,label_Hcc,label_Tbqq
D_Tbl_to_Hqql,TTBar,/home/maxwelhelp/Рабочий стол/JetClassOfficial/val_5M/TTBar_120.root,4188,label_Tbqq,label_Hcc,label_Hcc,label_Tbqq,0.41767191886901855,0.22707730531692505,-0.1905946135520935,0.1905946135520935,22,pair_direct_legacy_replay,D_tgt_to_src,0.41767191886901855,0.22707730531692505,-0.1905946135520935,0.1905946135520935,label_Hcc,label_Tbqq
D_Tbl_to_Hqql,TTBar,/home/maxwelhelp/Рабочий стол/JetClassOfficial/val_5M/TTBar_120.root,4224,label_Tbqq,label_Hcc,label_Hcc,label_Tbqq,0.29524388909339905,0.21828693151474,-0.07695695757865906,0.07695695757865906,22,pair_direct_legacy_replay,D_tgt_to_src,0.29524388909339905,0.21828693151474,-0.07695695757865906,0.07695695757865906,label_Hcc,label_Tbqq
D_Tbl_to_Hqql,TTBar,/home/maxwelhelp/Рабочий стол/JetClassOfficial/val_5M/TTBar_120.root,4244,label_Tbqq,label_Hcc,label_Hcc,label_Tbqq,0.5972973704338074,0.12754864990711212,-0.46974872052669525,0.46974872052669525,22,pair_direct_legacy_replay,D_tgt_to_src,0.5972973704338074,0.12754864990711212,-0.46974872052669525,0.46974872052669525,label_Hcc,label_Tbqq
D_Tbl_to_Hqql,TTBar,/home/maxwelhelp/Рабочий стол/JetClassOfficial/val_5M/TTBar_120.root,4327,label_Tbqq,label_Hcc,label_Hcc,label_Tbqq,0.46344396471977234,0.13301564753055573,-0.3304283171892166,0.3304283171892166,22,pair_direct_legacy_replay,D_tgt_to_src,0.46344396471977234,0.13301564753055573,-0.3304283171892166,0.3304283171892166,label_Hcc,label_Tbqq
D_Tbl_to_Hqql,TTBar,/home/maxwelhelp/Рабочий стол/JetClassOfficial/val_5M/TTBar_120.root,4349,label_Tbqq,label_Hcc,label_Hcc,label_Tbqq,0.35882243514060974,0.025718016549944878,-0.33310441859066486,0.33310441859066486,22,pair_direct_legacy_replay,D_tgt_to_src,0.35882243514060974,0.025718016549944878,-0.33310441859066486,0.33310441859066486,label_Hcc,label_Tbqq
D_Tbl_to_Hqql,TTBar,/home/maxwelhelp/Рабочий стол/JetClassOfficial/val_5M/TTBar_120.root,4508,label_Tbqq,label_Hcc,label_Hcc,label_Tbqq,0.42417800426483154,0.367427259683609,-0.056750744581222534,0.056750744581222534,22,pair_direct_legacy_replay,D_tgt_to_src,0.42417800426483154,0.367427259683609,-0.056750744581222534,0.056750744581222534,label_Hcc,label_Tbqq
D_Tbl_to_Hqql,TTBar,/home/maxwelhelp/Рабочий стол/JetClassOfficial/val_5M/TTBar_120.root,4624,label_Tbqq,label_Hcc,label_Hcc,label_Tbqq,0.8889098167419434,0.04224581643939018,-0.8466640003025532,0.8466640003025532,22,pair_direct_legacy_replay,D_tgt_to_src,0.8889098167419434,0.04224581643939018,-0.8466640003025532,0.8466640003025532,label_Hcc,label_Tbqq
D_Tbl_to_Hqql,TTBar,/home/maxwelhelp/Рабочий стол/JetClassOfficial/val_5M/TTBar_120.root,4768,label_Tbqq,label_Hcc,label_Hcc,label_Tbqq,0.4408354163169861,0.015503475442528725,-0.42533194087445736,0.42533194087445736,22,pair_direct_legacy_replay,D_tgt_to_src,0.4408354163169861,0.015503475442528725,-0.42533194087445736,0.42533194087445736,label_Hcc,label_Tbqq
D_Tbl_to_Hqql,TTBar,/home/maxwelhelp/Рабочий стол/JetClassOfficial/val_5M/TTBar_120.root,5005,label_Tbqq,label_Hcc,label_Hcc,label_Tbqq,0.5607666969299316,0.02878078632056713,-0.5319859106093645,0.5319859106093645,22,pair_direct_legacy_replay,D_tgt_to_src,0.5607666969299316,0.02878078632056713,-0.5319859106093645,0.5319859106093645,label_Hcc,label_Tbqq
D_Tbl_to_Hqql,TTBar,/home/maxwelhelp/Рабочий стол/JetClassOfficial/val_5M/TTBar_120.root,5260,label_Tbqq,label_Hcc,label_Hcc,label_Tbqq,0.7540355920791626,0.16991542279720306,-0.5841201692819595,0.5841201692819595,22,pair_direct_legacy_replay,D_tgt_to_src,0.7540355920791626,0.16991542279720306,-0.5841201692819595,0.5841201692819595,label_Hcc,label_Tbqq
D_Tbl_to_Hqql,TTBar,/home/maxwelhelp/Рабочий стол/JetClassOfficial/val_5M/TTBar_120.root,5279,label_Tbqq,label_Hcc,label_Hcc,label_Tbqq,0.5931146144866943,0.3700925409793854,-0.22302207350730896,0.22302207350730896,22,pair_direct_legacy_replay,D_tgt_to_src,0.5931146144866943,0.3700925409793854,-0.22302207350730896,0.22302207350730896,label_Hcc,label_Tbqq
D_Tbl_to_Hqql,TTBar,/home/maxwelhelp/Рабочий стол/JetClassOfficial/val_5M/TTBar_120.root,5307,label_Tbqq,label_Hcc,label_Hcc,label_Tbqq,0.5945302844047546,0.01500153262168169,-0.579528751783073,0.579528751783073,22,pair_direct_legacy_replay,D_tgt_to_src,0.5945302844047546,0.01500153262168169,-0.579528751783073,0.579528751783073,label_Hcc,label_Tbqq
D_Tbl_to_Hqql,TTBar,/home/maxwelhelp/Рабочий стол/JetClassOfficial/val_5M/TTBar_120.root,5373,label_Tbqq,label_Hcc,label_Hcc,label_Tbqq,0.7319875359535217,0.028124863281846046,-0.7038626726716757,0.7038626726716757,22,pair_direct_legacy_replay,D_tgt_to_src,0.7319875359535217,0.028124863281846046,-0.7038626726716757,0.7038626726716757,label_Hcc,label_Tbqq
D_Tbl_to_Hqql,TTBar,/home/maxwelhelp/Рабочий стол/JetClassOfficial/val_5M/TTBar_120.root,5529,label_Tbqq,label_Hcc,label_Hcc,label_Tbqq,0.8326971530914307,0.010004107840359211,-0.8226930452510715,0.8226930452510715,22,pair_direct_legacy_replay,D_tgt_to_src,0.8326971530914307,0.010004107840359211,-0.8226930452510715,0.8226930452510715,label_Hcc,label_Tbqq
D_Tbl_to_Hqql,TTBar,/home/maxwelhelp/Рабочий стол/JetClassOfficial/val_5M/TTBar_120.root,5703,label_Tbqq,label_Hcc,label_Hcc,label_Tbqq,0.5142673254013062,0.008242445066571236,-0.5060248803347349,0.5060248803347349,22,pair_direct_legacy_replay,D_tgt_to_src,0.5142673254013062,0.008242445066571236,-0.5060248803347349,0.5060248803347349,label_Hcc,label_Tbqq
D_Tbl_to_Hqql,TTBar,/home/maxwelhelp/Рабочий стол/JetClassOfficial/val_5M/TTBar_120.root,5723,label_Tbqq,label_Hcc,label_Hcc,label_Tbqq,0.7393253445625305,0.09000806510448456,-0.649317279458046,0.649317279458046,22,pair_direct_legacy_replay,D_tgt_to_src,0.7393253445625305,0.09000806510448456,-0.649317279458046,0.649317279458046,label_Hcc,label_Tbqq
D_Tbl_to_Hqql,TTBar,/home/maxwelhelp/Рабочий стол/JetClassOfficial/val_5M/TTBar_120.root,5751,label_Tbqq,label_Hcc,label_Hcc,label_Tbqq,0.6833709478378296,0.09366472065448761,-0.589706227183342,0.589706227183342,22,pair_direct_legacy_replay,D_tgt_to_src,0.6833709478378296,0.09366472065448761,-0.589706227183342,0.589706227183342,label_Hcc,label_Tbqq
D_Tbl_to_Hqql,TTBar,/home/maxwelhelp/Рабочий стол/JetClassOfficial/val_5M/TTBar_120.root,5861,label_Tbqq,label_Hcc,label_Hcc,label_Tbqq,0.8230891227722168,0.038093451410532,-0.7849956713616848,0.7849956713616848,22,pair_direct_legacy_replay,D_tgt_to_src,0.8230891227722168,0.038093451410532,-0.7849956713616848,0.7849956713616848,label_Hcc,label_Tbqq
D_Tbl_to_Hqql,TTBar,/home/maxwelhelp/Рабочий стол/JetClassOfficial/val_5M/TTBar_120.root,5890,label_Tbqq,label_Hcc,label_Hcc,label_Tbqq,0.5630113482475281,0.03887268528342247,-0.5241386629641056,0.5241386629641056,22,pair_direct_legacy_replay,D_tgt_to_src,0.5630113482475281,0.03887268528342247,-0.5241386629641056,0.5241386629641056,label_Hcc,label_Tbqq
D_Tbl_to_Hqql,TTBar,/home/maxwelhelp/Рабочий стол/JetClassOfficial/val_5M/TTBar_120.root,5977,label_Tbqq,label_Hcc,label_Hcc,label_Tbqq,0.6542155146598816,0.046884685754776,-0.6073308289051056,0.6073308289051056,22,pair_direct_legacy_replay,D_tgt_to_src,0.6542155146598816,0.046884685754776,-0.6073308289051056,0.6073308289051056,label_Hcc,label_Tbqq
D_Tbl_to_Hqql,TTBar,/home/maxwelhelp/Рабочий стол/JetClassOfficial/val_5M/TTBar_120.root,5987,label_Tbqq,label_Hcc,label_Hcc,label_Tbqq,0.34040892124176025,0.03059536963701248,-0.30981355160474777,0.30981355160474777,22,pair_direct_legacy_replay,D_tgt_to_src,0.34040892124176025,0.03059536963701248,-0.30981355160474777,0.30981355160474777,label_Hcc,label_Tbqq
D_Tbl_to_Hqql,TTBar,/home/maxwelhelp/Рабочий стол/JetClassOfficial/val_5M/TTBar_120.root,5996,label_Tbqq,label_Hcc,label_Hcc,label_Tbqq,0.5630279779434204,0.030406076461076736,-0.5326219014823437,0.5326219014823437,22,pair_direct_legacy_replay,D_tgt_to_src,0.5630279779434204,0.030406076461076736,-0.5326219014823437,0.5326219014823437,label_Hcc,label_Tbqq
D_Tbl_to_Hqql,TTBar,/home/maxwelhelp/Рабочий стол/JetClassOfficial/val_5M/TTBar_120.root,6069,label_Tbqq,label_Hcc,label_Hcc,label_Tbqq,0.7748386859893799,0.01259402371942997,-0.7622446622699499,0.7622446622699499,22,pair_direct_legacy_replay,D_tgt_to_src,0.7748386859893799,0.01259402371942997,-0.7622446622699499,0.7622446622699499,label_Hcc,label_Tbqq
D_Tbl_to_Hqql,TTBar,/home/maxwelhelp/Рабочий стол/JetClassOfficial/val_5M/TTBar_120.root,6287,label_Tbqq,label_Hcc,label_Hcc,label_Tbqq,0.954222559928894,0.004765560384839773,-0.9494569995440543,0.9494569995440543,22,pair_direct_legacy_replay,D_tgt_to_src,0.954222559928894,0.004765560384839773,-0.9494569995440543,0.9494569995440543,label_Hcc,label_Tbqq
D_Tbl_to_Hqql,TTBar,/home/maxwelhelp/Рабочий стол/JetClassOfficial/val_5M/TTBar_120.root,6295,label_Tbqq,label_Hcc,label_Hcc,label_Tbqq,0.5048283338546753,0.37523582577705383,-0.12959250807762146,0.12959250807762146,22,pair_direct_legacy_replay,D_tgt_to_src,0.5048283338546753,0.37523582577705383,-0.12959250807762146,0.12959250807762146,label_Hcc,label_Tbqq
D_Tbl_to_Hqql,TTBar,/home/maxwelhelp/Рабочий стол/JetClassOfficial/val_5M/TTBar_120.root,6684,label_Tbqq,label_Hcc,label_Hcc,label_Tbqq,0.75108802318573,0.1166837066411972,-0.6344043165445328,0.6344043165445328,22,pair_direct_legacy_replay,D_tgt_to_src,0.75108802318573,0.1166837066411972,-0.6344043165445328,0.6344043165445328,label_Hcc,label_Tbqq
D_Tbl_to_Hqql,TTBar,/home/maxwelhelp/Рабочий стол/JetClassOfficial/val_5M/TTBar_120.root,6771,label_Tbqq,label_Hcc,label_Hcc,label_Tbqq,0.33553043007850647,0.23348160088062286,-0.1020488291978836,0.1020488291978836,22,pair_direct_legacy_replay,D_tgt_to_src,0.33553043007850647,0.23348160088062286,-0.1020488291978836,0.1020488291978836,label_Hcc,label_Tbqq
D_Tbl_to_Hqql,TTBar,/home/maxwelhelp/Рабочий стол/JetClassOfficial/val_5M/TTBar_120.root,6775,label_Tbqq,label_Hcc,label_Hcc,label_Tbqq,0.3883958160877228,0.307387113571167,-0.08100870251655579,0.08100870251655579,22,pair_direct_legacy_replay,D_tgt_to_src,0.3883958160877228,0.307387113571167,-0.08100870251655579,0.08100870251655579,label_Hcc,label_Tbqq
D_Tbl_to_Hqql,TTBar,/home/maxwelhelp/Рабочий стол/JetClassOfficial/val_5M/TTBar_120.root,6839,label_Tbqq,label_Hcc,label_Hcc,label_Tbqq,0.43521419167518616,0.01666896790266037,-0.4185452237725258,0.4185452237725258,22,pair_direct_legacy_replay,D_tgt_to_src,0.43521419167518616,0.01666896790266037,-0.4185452237725258,0.4185452237725258,label_Hcc,label_Tbqq
D_Tbl_to_Hqql,TTBar,/home/maxwelhelp/Рабочий стол/JetClassOfficial/val_5M/TTBar_120.root,7023,label_Tbqq,label_Hcc,label_Hcc,label_Tbqq,0.8408843874931335,0.06430728733539581,-0.7765771001577377,0.7765771001577377,22,pair_direct_legacy_replay,D_tgt_to_src,0.8408843874931335,0.06430728733539581,-0.7765771001577377,0.7765771001577377,label_Hcc,label_Tbqq
D_Tbl_to_Hqql,TTBar,/home/maxwelhelp/Рабочий стол/JetClassOfficial/val_5M/TTBar_120.root,7043,label_Tbqq,label_Hcc,label_Hcc,label_Tbqq,0.8544948697090149,0.1296411156654358,-0.7248537540435791,0.7248537540435791,22,pair_direct_legacy_replay,D_tgt_to_src,0.8544948697090149,0.1296411156654358,-0.7248537540435791,0.7248537540435791,label_Hcc,label_Tbqq
D_Tbl_to_Hqql,TTBar,/home/maxwelhelp/Рабочий стол/JetClassOfficial/val_5M/TTBar_120.root,7177,label_Tbqq,label_Hcc,label_Hcc,label_Tbqq,0.7196717858314514,0.15208369493484497,-0.5675880908966064,0.5675880908966064,22,pair_direct_legacy_replay,D_tgt_to_src,0.7196717858314514,0.15208369493484497,-0.5675880908966064,0.5675880908966064,label_Hcc,label_Tbqq
D_Tbl_to_Hqql,TTBar,/home/maxwelhelp/Рабочий стол/JetClassOfficial/val_5M/TTBar_120.root,7201,label_Tbqq,label_Hcc,label_Hcc,label_Tbqq,0.3936522305011749,0.29824477434158325,-0.09540745615959167,0.09540745615959167,22,pair_direct_legacy_replay,D_tgt_to_src,0.3936522305011749,0.29824477434158325,-0.09540745615959167,0.09540745615959167,label_Hcc,label_Tbqq
D_Tbl_to_Hqql,TTBar,/home/maxwelhelp/Рабочий стол/JetClassOfficial/val_5M/TTBar_120.root,7258,label_Tbqq,label_Hcc,label_Hcc,label_Tbqq,0.5924866199493408,0.08325035125017166,-0.5092362686991692,0.5092362686991692,22,pair_direct_legacy_replay,D_tgt_to_src,0.5924866199493408,0.08325035125017166,-0.5092362686991692,0.5092362686991692,label_Hcc,label_Tbqq
D_Tbl_to_Hqql,TTBar,/home/maxwelhelp/Рабочий стол/JetClassOfficial/val_5M/TTBar_120.root,7269,label_Tbqq,label_Hcc,label_Hcc,label_Tbqq,0.4191933870315552,0.2928448021411896,-0.1263485848903656,0.1263485848903656,22,pair_direct_legacy_replay,D_tgt_to_src,0.4191933870315552,0.2928448021411896,-0.1263485848903656,0.1263485848903656,label_Hcc,label_Tbqq
D_Tbl_to_Hqql,TTBar,/home/maxwelhelp/Рабочий стол/JetClassOfficial/val_5M/TTBar_120.root,7281,label_Tbqq,label_Hcc,label_Hcc,label_Tbqq,0.4979134500026703,0.11553515493869781,-0.3823782950639725,0.3823782950639725,22,pair_direct_legacy_replay,D_tgt_to_src,0.4979134500026703,0.11553515493869781,-0.3823782950639725,0.3823782950639725,label_Hcc,label_Tbqq
D_Tbl_to_Hqql,TTBar,/home/maxwelhelp/Рабочий стол/JetClassOfficial/val_5M/TTBar_120.root,7294,label_Tbqq,label_Hcc,label_Hcc,label_Tbqq,0.38679179549217224,0.02951139397919178,-0.35728040151298046,0.35728040151298046,22,pair_direct_legacy_replay,D_tgt_to_src,0.38679179549217224,0.02951139397919178,-0.35728040151298046,0.35728040151298046,label_Hcc,label_Tbqq
D_Tbl_to_Hqql,TTBar,/home/maxwelhelp/Рабочий стол/JetClassOfficial/val_5M/TTBar_120.root,7304,label_Tbqq,label_Hcc,label_Hcc,label_Tbqq,0.6100863218307495,0.2744680345058441,-0.3356182873249054,0.3356182873249054,22,pair_direct_legacy_replay,D_tgt_to_src,0.6100863218307495,0.2744680345058441,-0.3356182873249054,0.3356182873249054,label_Hcc,label_Tbqq
D_Tbl_to_Hqql,TTBar,/home/maxwelhelp/Рабочий стол/JetClassOfficial/val_5M/TTBar_120.root,7329,label_Tbqq,label_Hcc,label_Hcc,label_Tbqq,0.3071250021457672,0.03549404814839363,-0.2716309539973736,0.2716309539973736,22,pair_direct_legacy_replay,D_tgt_to_src,0.3071250021457672,0.03549404814839363,-0.2716309539973736,0.2716309539973736,label_Hcc,label_Tbqq
D_Tbl_to_Hqql,TTBar,/home/maxwelhelp/Рабочий стол/JetClassOfficial/val_5M/TTBar_120.root,7386,label_Tbqq,label_Hcc,label_Hcc,label_Tbqq,0.5393993258476257,0.3863668143749237,-0.15303251147270203,0.15303251147270203,22,pair_direct_legacy_replay,D_tgt_to_src,0.5393993258476257,0.3863668143749237,-0.15303251147270203,0.15303251147270203,label_Hcc,label_Tbqq
D_Tbl_to_Hqql,TTBar,/home/maxwelhelp/Рабочий стол/JetClassOfficial/val_5M/TTBar_120.root,7390,label_Tbqq,label_Hcc,label_Hcc,label_Tbqq,0.5160656571388245,0.45127150416374207,-0.0647941529750824,0.0647941529750824,22,pair_direct_legacy_replay,D_tgt_to_src,0.5160656571388245,0.45127150416374207,-0.0647941529750824,0.0647941529750824,label_Hcc,label_Tbqq
D_Tbl_to_Hqql,TTBar,/home/maxwelhelp/Рабочий стол/JetClassOfficial/val_5M/TTBar_120.root,7434,label_Tbqq,label_Hcc,label_Hcc,label_Tbqq,0.7217342257499695,0.015570065006613731,-0.7061641607433558,0.7061641607433558,22,pair_direct_legacy_replay,D_tgt_to_src,0.7217342257499695,0.015570065006613731,-0.7061641607433558,0.7061641607433558,label_Hcc,label_Tbqq
D_Tbl_to_Hqql,TTBar,/home/maxwelhelp/Рабочий стол/JetClassOfficial/val_5M/TTBar_120.root,7479,label_Tbqq,label_Hcc,label_Hcc,label_Tbqq,0.5990999937057495,0.276380717754364,-0.3227192759513855,0.3227192759513855,22,pair_direct_legacy_replay,D_tgt_to_src,0.5990999937057495,0.276380717754364,-0.3227192759513855,0.3227192759513855,label_Hcc,label_Tbqq
D_Tbl_to_Hqql,TTBar,/home/maxwelhelp/Рабочий стол/JetClassOfficial/val_5M/TTBar_120.root,7506,label_Tbqq,label_Hcc,label_Hcc,label_Tbqq,0.5095307230949402,0.3920418918132782,-0.11748883128166199,0.11748883128166199,22,pair_direct_legacy_replay,D_tgt_to_src,0.5095307230949402,0.3920418918132782,-0.11748883128166199,0.11748883128166199,label_Hcc,label_Tbqq
D_Tbl_to_Hqql,TTBar,/home/maxwelhelp/Рабочий стол/JetClassOfficial/val_5M/TTBar_120.root,7530,label_Tbqq,label_Hcc,label_Hcc,label_Tbqq,0.6666353344917297,0.21704359352588654,-0.4495917409658432,0.4495917409658432,22,pair_direct_legacy_replay,D_tgt_to_src,0.6666353344917297,0.21704359352588654,-0.4495917409658432,0.4495917409658432,label_Hcc,label_Tbqq
D_Tbl_to_Hqql,TTBar,/home/maxwelhelp/Рабочий стол/JetClassOfficial/val_5M/TTBar_120.root,7555,label_Tbqq,label_Hcc,label_Hcc,label_Tbqq,0.6348798871040344,0.03364751115441322,-0.6012323759496212,0.6012323759496212,22,pair_direct_legacy_replay,D_tgt_to_src,0.6348798871040344,0.03364751115441322,-0.6012323759496212,0.6012323759496212,label_Hcc,label_Tbqq
D_Tbl_to_Hqql,TTBar,/home/maxwelhelp/Рабочий стол/JetClassOfficial/val_5M/TTBar_120.root,7665,label_Tbqq,label_Hcc,label_Hcc,label_Tbqq,0.8107006549835205,0.018301650881767273,-0.7923990041017532,0.7923990041017532,22,pair_direct_legacy_replay,D_tgt_to_src,0.8107006549835205,0.018301650881767273,-0.7923990041017532,0.7923990041017532,label_Hcc,label_Tbqq
D_Tbl_to_Hqql,TTBar,/home/maxwelhelp/Рабочий стол/JetClassOfficial/val_5M/TTBar_120.root,7674,label_Tbqq,label_Hcc,label_Hcc,label_Tbqq,0.33703649044036865,0.2742549479007721,-0.06278154253959656,0.06278154253959656,22,pair_direct_legacy_replay,D_tgt_to_src,0.33703649044036865,0.2742549479007721,-0.06278154253959656,0.06278154253959656,label_Hcc,label_Tbqq
D_Tbl_to_Hqql,TTBar,/home/maxwelhelp/Рабочий стол/JetClassOfficial/val_5M/TTBar_120.root,7891,label_Tbqq,label_Hcc,label_Hcc,label_Tbqq,0.5835079550743103,0.03184327855706215,-0.5516646765172482,0.5516646765172482,22,pair_direct_legacy_replay,D_tgt_to_src,0.5835079550743103,0.03184327855706215,-0.5516646765172482,0.5516646765172482,label_Hcc,label_Tbqq
D_Tbl_to_Hqql,TTBar,/home/maxwelhelp/Рабочий стол/JetClassOfficial/val_5M/TTBar_120.root,8041,label_Tbqq,label_Hcc,label_Hcc,label_Tbqq,0.38256052136421204,0.1301567554473877,-0.25240376591682434,0.25240376591682434,22,pair_direct_legacy_replay,D_tgt_to_src,0.38256052136421204,0.1301567554473877,-0.25240376591682434,0.25240376591682434,label_Hcc,label_Tbqq
D_Tbl_to_Hqql,TTBar,/home/maxwelhelp/Рабочий стол/JetClassOfficial/val_5M/TTBar_120.root,8073,label_Tbqq,label_Hcc,label_Hcc,label_Tbqq,0.9285626411437988,0.0039059417322278023,-0.924656699411571,0.924656699411571,22,pair_direct_legacy_replay,D_tgt_to_src,0.9285626411437988,0.0039059417322278023,-0.924656699411571,0.924656699411571,label_Hcc,label_Tbqq
D_Tbl_to_Hqql,TTBar,/home/maxwelhelp/Рабочий стол/JetClassOfficial/val_5M/TTBar_120.root,8266,label_Tbqq,label_Hcc,label_Hcc,label_Tbqq,0.8731754422187805,0.05700909346342087,-0.8161663487553596,0.8161663487553596,22,pair_direct_legacy_replay,D_tgt_to_src,0.8731754422187805,0.05700909346342087,-0.8161663487553596,0.8161663487553596,label_Hcc,label_Tbqq
D_Tbl_to_Hqql,TTBar,/home/maxwelhelp/Рабочий стол/JetClassOfficial/val_5M/TTBar_120.root,8463,label_Tbqq,label_Hcc,label_Hcc,label_Tbqq,0.7143726944923401,0.0002929421898443252,-0.7140797523024958,0.7140797523024958,22,pair_direct_legacy_replay,D_tgt_to_src,0.7143726944923401,0.0002929421898443252,-0.7140797523024958,0.7140797523024958,label_Hcc,label_Tbqq
D_Tbl_to_Hqql,TTBar,/home/maxwelhelp/Рабочий стол/JetClassOfficial/val_5M/TTBar_120.root,8465,label_Tbqq,label_Hcc,label_Hcc,label_Tbqq,0.29325366020202637,0.16502001881599426,-0.1282336413860321,0.1282336413860321,22,pair_direct_legacy_replay,D_tgt_to_src,0.29325366020202637,0.16502001881599426,-0.1282336413860321,0.1282336413860321,label_Hcc,label_Tbqq
D_Tbl_to_Hqql,TTBar,/home/maxwelhelp/Рабочий стол/JetClassOfficial/val_5M/TTBar_120.root,8505,label_Tbqq,label_Hcc,label_Hcc,label_Tbqq,0.7015622854232788,0.04189646989107132,-0.6596658155322075,0.6596658155322075,22,pair_direct_legacy_replay,D_tgt_to_src,0.7015622854232788,0.04189646989107132,-0.6596658155322075,0.6596658155322075,label_Hcc,label_Tbqq
D_Tbl_to_Hqql,TTBar,/home/maxwelhelp/Рабочий стол/JetClassOfficial/val_5M/TTBar_120.root,8572,label_Tbqq,label_Hcc,label_Hcc,label_Tbqq,0.3785210847854614,0.3567013442516327,-0.021819740533828735,0.021819740533828735,22,pair_direct_legacy_replay,D_tgt_to_src,0.3785210847854614,0.3567013442516327,-0.021819740533828735,0.021819740533828735,label_Hcc,label_Tbqq
D_Tbl_to_Hqql,TTBar,/home/maxwelhelp/Рабочий стол/JetClassOfficial/val_5M/TTBar_120.root,8591,label_Tbqq,label_Hcc,label_Hcc,label_Tbqq,0.32928141951560974,0.30897775292396545,-0.020303666591644287,0.020303666591644287,22,pair_direct_legacy_replay,D_tgt_to_src,0.32928141951560974,0.30897775292396545,-0.020303666591644287,0.020303666591644287,label_Hcc,label_Tbqq
D_Tbl_to_Hqql,TTBar,/home/maxwelhelp/Рабочий стол/JetClassOfficial/val_5M/TTBar_120.root,8603,label_Tbqq,label_Hcc,label_Hcc,label_Tbqq,0.8198593854904175,0.09089615195989609,-0.7289632335305214,0.7289632335305214,22,pair_direct_legacy_replay,D_tgt_to_src,0.8198593854904175,0.09089615195989609,-0.7289632335305214,0.7289632335305214,label_Hcc,label_Tbqq
D_Tbl_to_Hqql,TTBar,/home/maxwelhelp/Рабочий стол/JetClassOfficial/val_5M/TTBar_120.root,8604,label_Tbqq,label_Hcc,label_Hcc,label_Tbqq,0.7563257217407227,0.09943892061710358,-0.6568868011236191,0.6568868011236191,22,pair_direct_legacy_replay,D_tgt_to_src,0.7563257217407227,0.09943892061710358,-0.6568868011236191,0.6568868011236191,label_Hcc,label_Tbqq
D_Tbl_to_Hqql,TTBar,/home/maxwelhelp/Рабочий стол/JetClassOfficial/val_5M/TTBar_120.root,8614,label_Tbqq,label_Hcc,label_Hcc,label_Tbqq,0.36552226543426514,0.07386786490678787,-0.29165440052747726,0.29165440052747726,22,pair_direct_legacy_replay,D_tgt_to_src,0.36552226543426514,0.07386786490678787,-0.29165440052747726,0.29165440052747726,label_Hcc,label_Tbqq
D_Tbl_to_Hqql,TTBar,/home/maxwelhelp/Рабочий стол/JetClassOfficial/val_5M/TTBar_120.root,8638,label_Tbqq,label_Hcc,label_Hcc,label_Tbqq,0.8912011981010437,0.03586027771234512,-0.8553409203886986,0.8553409203886986,22,pair_direct_legacy_replay,D_tgt_to_src,0.8912011981010437,0.03586027771234512,-0.8553409203886986,0.8553409203886986,label_Hcc,label_Tbqq
D_Tbl_to_Hqql,TTBar,/home/maxwelhelp/Рабочий стол/JetClassOfficial/val_5M/TTBar_120.root,8728,label_Tbqq,label_Hcc,label_Hcc,label_Tbqq,0.5863686203956604,0.3477957844734192,-0.2385728359222412,0.2385728359222412,22,pair_direct_legacy_replay,D_tgt_to_src,0.5863686203956604,0.3477957844734192,-0.2385728359222412,0.2385728359222412,label_Hcc,label_Tbqq
D_Tbl_to_Hqql,TTBar,/home/maxwelhelp/Рабочий стол/JetClassOfficial/val_5M/TTBar_120.root,8808,label_Tbqq,label_Hcc,label_Hcc,label_Tbqq,0.403414785861969,0.1695118546485901,-0.2339029312133789,0.2339029312133789,22,pair_direct_legacy_replay,D_tgt_to_src,0.403414785861969,0.1695118546485901,-0.2339029312133789,0.2339029312133789,label_Hcc,label_Tbqq
D_Tbl_to_Hqql,TTBar,/home/maxwelhelp/Рабочий стол/JetClassOfficial/val_5M/TTBar_120.root,8940,label_Tbqq,label_Hcc,label_Hcc,label_Tbqq,0.5140129923820496,0.4420948028564453,-0.07191818952560425,0.07191818952560425,22,pair_direct_legacy_replay,D_tgt_to_src,0.5140129923820496,0.4420948028564453,-0.07191818952560425,0.07191818952560425,label_Hcc,label_Tbqq
D_Tbl_to_Hqql,TTBar,/home/maxwelhelp/Рабочий стол/JetClassOfficial/val_5M/TTBar_120.root,8997,label_Tbqq,label_Hcc,label_Hcc,label_Tbqq,0.5194463729858398,0.34542521834373474,-0.1740211546421051,0.1740211546421051,22,pair_direct_legacy_replay,D_tgt_to_src,0.5194463729858398,0.34542521834373474,-0.1740211546421051,0.1740211546421051,label_Hcc,label_Tbqq
D_Tbl_to_Hqql,TTBar,/home/maxwelhelp/Рабочий стол/JetClassOfficial/val_5M/TTBar_120.root,9010,label_Tbqq,label_Hcc,label_Hcc,label_Tbqq,0.5614174604415894,0.0014037014916539192,-0.5600137589499354,0.5600137589499354,22,pair_direct_legacy_replay,D_tgt_to_src,0.5614174604415894,0.0014037014916539192,-0.5600137589499354,0.5600137589499354,label_Hcc,label_Tbqq
D_Tbl_to_Hqql,TTBar,/home/maxwelhelp/Рабочий стол/JetClassOfficial/val_5M/TTBar_120.root,9137,label_Tbqq,label_Hcc,label_Hcc,label_Tbqq,0.7409825325012207,0.15751829743385315,-0.5834642350673676,0.5834642350673676,22,pair_direct_legacy_replay,D_tgt_to_src,0.7409825325012207,0.15751829743385315,-0.5834642350673676,0.5834642350673676,label_Hcc,label_Tbqq
D_Tbl_to_Hqql,TTBar,/home/maxwelhelp/Рабочий стол/JetClassOfficial/val_5M/TTBar_120.root,9472,label_Tbqq,label_Hcc,label_Hcc,label_Tbqq,0.6464681625366211,0.2968495786190033,-0.3496185839176178,0.3496185839176178,22,pair_direct_legacy_replay,D_tgt_to_src,0.6464681625366211,0.2968495786190033,-0.3496185839176178,0.3496185839176178,label_Hcc,label_Tbqq
D_Tbl_to_Hqql,TTBar,/home/maxwelhelp/Рабочий стол/JetClassOfficial/val_5M/TTBar_120.root,9562,label_Tbqq,label_Hcc,label_Hcc,label_Tbqq,0.8674325346946716,0.0005808792193420231,-0.8668516554753296,0.8668516554753296,22,pair_direct_legacy_replay,D_tgt_to_src,0.8674325346946716,0.0005808792193420231,-0.8668516554753296,0.8668516554753296,label_Hcc,label_Tbqq
D_Tbl_to_Hqql,TTBar,/home/maxwelhelp/Рабочий стол/JetClassOfficial/val_5M/TTBar_120.root,9681,label_Tbqq,label_Hcc,label_Hcc,label_Tbqq,0.39295366406440735,0.2076495736837387,-0.18530409038066864,0.18530409038066864,22,pair_direct_legacy_replay,D_tgt_to_src,0.39295366406440735,0.2076495736837387,-0.18530409038066864,0.18530409038066864,label_Hcc,label_Tbqq
D_Tbl_to_Hqql,TTBar,/home/maxwelhelp/Рабочий стол/JetClassOfficial/val_5M/TTBar_120.root,9752,label_Tbqq,label_Hcc,label_Hcc,label_Tbqq,0.41940829157829285,0.05868223309516907,-0.3607260584831238,0.3607260584831238,22,pair_direct_legacy_replay,D_tgt_to_src,0.41940829157829285,0.05868223309516907,-0.3607260584831238,0.3607260584831238,label_Hcc,label_Tbqq
D_Tbl_to_Hqql,TTBar,/home/maxwelhelp/Рабочий стол/JetClassOfficial/val_5M/TTBar_120.root,9856,label_Tbqq,label_Hcc,label_Hcc,label_Tbqq,0.9049792885780334,0.04448869451880455,-0.8604905940592289,0.8604905940592289,22,pair_direct_legacy_replay,D_tgt_to_src,0.9049792885780334,0.04448869451880455,-0.8604905940592289,0.8604905940592289,label_Hcc,label_Tbqq
D_Tbl_to_Hqql,TTBar,/home/maxwelhelp/Рабочий стол/JetClassOfficial/val_5M/TTBar_120.root,9877,label_Tbqq,label_Hcc,label_Hcc,label_Tbqq,0.40834498405456543,0.00836863275617361,-0.3999763512983918,0.3999763512983918,22,pair_direct_legacy_replay,D_tgt_to_src,0.40834498405456543,0.00836863275617361,-0.3999763512983918,0.3999763512983918,label_Hcc,label_Tbqq
D_Tbl_to_Hqql,TTBar,/home/maxwelhelp/Рабочий стол/JetClassOfficial/val_5M/TTBar_120.root,9950,label_Tbqq,label_Hcc,label_Hcc,label_Tbqq,0.8366365432739258,0.029899606481194496,-0.8067369367927313,0.8067369367927313,22,pair_direct_legacy_replay,D_tgt_to_src,0.8366365432739258,0.029899606481194496,-0.8067369367927313,0.8067369367927313,label_Hcc,label_Tbqq
D_Tbl_to_Hqql,TTBar,/home/maxwelhelp/Рабочий стол/JetClassOfficial/val_5M/TTBar_120.root,9956,label_Tbqq,label_Hcc,label_Hcc,label_Tbqq,0.6841731667518616,0.09868782013654709,-0.5854853466153145,0.5854853466153145,22,pair_direct_legacy_replay,D_tgt_to_src,0.6841731667518616,0.09868782013654709,-0.5854853466153145,0.5854853466153145,label_Hcc,label_Tbqq
D_Tbl_to_Hqql,TTBar,/home/maxwelhelp/Рабочий стол/JetClassOfficial/val_5M/TTBar_120.root,10015,label_Tbqq,label_Hcc,label_Hcc,label_Tbqq,0.27769342064857483,0.26415663957595825,-0.013536781072616577,0.013536781072616577,22,pair_direct_legacy_replay,D_tgt_to_src,0.27769342064857483,0.26415663957595825,-0.013536781072616577,0.013536781072616577,label_Hcc,label_Tbqq
D_Tbl_to_Hqql,TTBar,/home/maxwelhelp/Рабочий стол/JetClassOfficial/val_5M/TTBar_120.root,10068,label_Tbqq,label_Hcc,label_Hcc,label_Tbqq,0.4836609661579132,0.02254585549235344,-0.46111511066555977,0.46111511066555977,22,pair_direct_legacy_replay,D_tgt_to_src,0.4836609661579132,0.02254585549235344,-0.46111511066555977,0.46111511066555977,label_Hcc,label_Tbqq
D_Tbl_to_Hqql,TTBar,/home/maxwelhelp/Рабочий стол/JetClassOfficial/val_5M/TTBar_120.root,10150,label_Tbqq,label_Hcc,label_Hcc,label_Tbqq,0.4796207845211029,0.3862236440181732,-0.09339714050292969,0.09339714050292969,22,pair_direct_legacy_replay,D_tgt_to_src,0.4796207845211029,0.3862236440181732,-0.09339714050292969,0.09339714050292969,label_Hcc,label_Tbqq
D_Tbl_to_Hqql,TTBar,/home/maxwelhelp/Рабочий стол/JetClassOfficial/val_5M/TTBar_120.root,10161,label_Tbqq,label_Hcc,label_Hcc,label_Tbqq,0.6331013441085815,0.1437886506319046,-0.48931269347667694,0.48931269347667694,22,pair_direct_legacy_replay,D_tgt_to_src,0.6331013441085815,0.1437886506319046,-0.48931269347667694,0.48931269347667694,label_Hcc,label_Tbqq
D_Tbl_to_Hqql,TTBar,/home/maxwelhelp/Рабочий стол/JetClassOfficial/val_5M/TTBar_120.root,10208,label_Tbqq,label_Hcc,label_Hcc,label_Tbqq,0.8297280669212341,0.138373002409935,-0.6913550645112991,0.6913550645112991,22,pair_direct_legacy_replay,D_tgt_to_src,0.8297280669212341,0.138373002409935,-0.6913550645112991,0.6913550645112991,label_Hcc,label_Tbqq
D_Tbl_to_Hqql,TTBar,/home/maxwelhelp/Рабочий стол/JetClassOfficial/val_5M/TTBar_120.root,10226,label_Tbqq,label_Hcc,label_Hcc,label_Tbqq,0.568827211856842,0.05441083386540413,-0.5144163779914379,0.5144163779914379,22,pair_direct_legacy_replay,D_tgt_to_src,0.568827211856842,0.05441083386540413,-0.5144163779914379,0.5144163779914379,label_Hcc,label_Tbqq
D_Tbl_to_Hqql,TTBar,/home/maxwelhelp/Рабочий стол/JetClassOfficial/val_5M/TTBar_120.root,10292,label_Tbqq,label_Hcc,label_Hcc,label_Tbqq,0.2647651731967926,0.08809761703014374,-0.17666755616664886,0.17666755616664886,22,pair_direct_legacy_replay,D_tgt_to_src,0.2647651731967926,0.08809761703014374,-0.17666755616664886,0.17666755616664886,label_Hcc,label_Tbqq
D_Tbl_to_Hqql,TTBar,/home/maxwelhelp/Рабочий стол/JetClassOfficial/val_5M/TTBar_120.root,10499,label_Tbqq,label_Hcc,label_Hcc,label_Tbqq,0.5024600625038147,0.19996733963489532,-0.3024927228689194,0.3024927228689194,22,pair_direct_legacy_replay,D_tgt_to_src,0.5024600625038147,0.19996733963489532,-0.3024927228689194,0.3024927228689194,label_Hcc,label_Tbqq
D_Tbl_to_Hqql,TTBar,/home/maxwelhelp/Рабочий стол/JetClassOfficial/val_5M/TTBar_120.root,10628,label_Tbqq,label_Hcc,label_Hcc,label_Tbqq,0.6088907122612,0.0684831514954567,-0.5404075607657433,0.5404075607657433,22,pair_direct_legacy_replay,D_tgt_to_src,0.6088907122612,0.0684831514954567,-0.5404075607657433,0.5404075607657433,label_Hcc,label_Tbqq
D_Tbl_to_Hqql,TTBar,/home/maxwelhelp/Рабочий стол/JetClassOfficial/val_5M/TTBar_120.root,10918,label_Tbqq,label_Hcc,label_Hcc,label_Tbqq,0.5469923615455627,0.018058866262435913,-0.5289334952831268,0.5289334952831268,22,pair_direct_legacy_replay,D_tgt_to_src,0.5469923615455627,0.018058866262435913,-0.5289334952831268,0.5289334952831268,label_Hcc,label_Tbqq
D_Tbl_to_Hqql,TTBar,/home/maxwelhelp/Рабочий стол/JetClassOfficial/val_5M/TTBar_120.root,10998,label_Tbqq,label_Hcc,label_Hcc,label_Tbqq,0.6787213087081909,0.1487973928451538,-0.5299239158630371,0.5299239158630371,22,pair_direct_legacy_replay,D_tgt_to_src,0.6787213087081909,0.1487973928451538,-0.5299239158630371,0.5299239158630371,label_Hcc,label_Tbqq
D_Tbl_to_Hqql,TTBar,/home/maxwelhelp/Рабочий стол/JetClassOfficial/val_5M/TTBar_120.root,11031,label_Tbqq,label_Hcc,label_Hcc,label_Tbqq,0.40980398654937744,0.19766022264957428,-0.21214376389980316,0.21214376389980316,22,pair_direct_legacy_replay,D_tgt_to_src,0.40980398654937744,0.19766022264957428,-0.21214376389980316,0.21214376389980316,label_Hcc,label_Tbqq
D_Tbl_to_Hqql,TTBar,/home/maxwelhelp/Рабочий стол/JetClassOfficial/val_5M/TTBar_120.root,11461,label_Tbqq,label_Hcc,label_Hcc,label_Tbqq,0.7970300912857056,0.0018240311183035374,-0.795206060167402,0.795206060167402,22,pair_direct_legacy_replay,D_tgt_to_src,0.7970300912857056,0.0018240311183035374,-0.795206060167402,0.795206060167402,label_Hcc,label_Tbqq
D_Tbl_to_Hqql,TTBar,/home/maxwelhelp/Рабочий стол/JetClassOfficial/val_5M/TTBar_120.root,11580,label_Tbqq,label_Hcc,label_Hcc,label_Tbqq,0.4446614682674408,0.28713053464889526,-0.15753093361854553,0.15753093361854553,22,pair_direct_legacy_replay,D_tgt_to_src,0.4446614682674408,0.28713053464889526,-0.15753093361854553,0.15753093361854553,label_Hcc,label_Tbqq
D_Tbl_to_Hqql,TTBar,/home/maxwelhelp/Рабочий стол/JetClassOfficial/val_5M/TTBar_120.root,11646,label_Tbqq,label_Hcc,label_Hcc,label_Tbqq,0.49939924478530884,0.09324197471141815,-0.4061572700738907,0.4061572700738907,22,pair_direct_legacy_replay,D_tgt_to_src,0.49939924478530884,0.09324197471141815,-0.4061572700738907,0.4061572700738907,label_Hcc,label_Tbqq
D_Tbl_to_Hqql,TTBar,/home/maxwelhelp/Рабочий стол/JetClassOfficial/val_5M/TTBar_120.root,11768,label_Tbqq,label_Hcc,label_Hcc,label_Tbqq,0.465038537979126,0.18602681159973145,-0.27901172637939453,0.27901172637939453,22,pair_direct_legacy_replay,D_tgt_to_src,0.465038537979126,0.18602681159973145,-0.27901172637939453,0.27901172637939453,label_Hcc,label_Tbqq
D_Tbl_to_Hqql,TTBar,/home/maxwelhelp/Рабочий стол/JetClassOfficial/val_5M/TTBar_120.root,11798,label_Tbqq,label_Hcc,label_Hcc,label_Tbqq,0.7175214886665344,0.0014222548343241215,-0.7160992338322103,0.7160992338322103,22,pair_direct_legacy_replay,D_tgt_to_src,0.7175214886665344,0.0014222548343241215,-0.7160992338322103,0.7160992338322103,label_Hcc,label_Tbqq
D_Tbl_to_Hqql,TTBar,/home/maxwelhelp/Рабочий стол/JetClassOfficial/val_5M/TTBar_120.root,11931,label_Tbqq,label_Hcc,label_Hcc,label_Tbqq,0.5373502373695374,0.21626077592372894,-0.3210894614458084,0.3210894614458084,22,pair_direct_legacy_replay,D_tgt_to_src,0.5373502373695374,0.21626077592372894,-0.3210894614458084,0.3210894614458084,label_Hcc,label_Tbqq
D_Tbl_to_Hqql,TTBar,/home/maxwelhelp/Рабочий стол/JetClassOfficial/val_5M/TTBar_120.root,11939,label_Tbqq,label_Hcc,label_Hcc,label_Tbqq,0.6569879651069641,0.29803985357284546,-0.35894811153411865,0.35894811153411865,22,pair_direct_legacy_replay,D_tgt_to_src,0.6569879651069641,0.29803985357284546,-0.35894811153411865,0.35894811153411865,label_Hcc,label_Tbqq
D_Tbl_to_Hqql,TTBar,/home/maxwelhelp/Рабочий стол/JetClassOfficial/val_5M/TTBar_120.root,12031,label_Tbqq,label_Hcc,label_Hcc,label_Tbqq,0.6854426264762878,0.2909408509731293,-0.39450177550315857,0.39450177550315857,22,pair_direct_legacy_replay,D_tgt_to_src,0.6854426264762878,0.2909408509731293,-0.39450177550315857,0.39450177550315857,label_Hcc,label_Tbqq
D_Tbl_to_Hqql,TTBar,/home/maxwelhelp/Рабочий стол/JetClassOfficial/val_5M/TTBar_120.root,12060,label_Tbqq,label_Hcc,label_Hcc,label_Tbqq,0.6597039103507996,0.032974060624837875,-0.6267298497259617,0.6267298497259617,22,pair_direct_legacy_replay,D_tgt_to_src,0.6597039103507996,0.032974060624837875,-0.6267298497259617,0.6267298497259617,label_Hcc,label_Tbqq
D_Tbl_to_Hqql,TTBar,/home/maxwelhelp/Рабочий стол/JetClassOfficial/val_5M/TTBar_120.root,12157,label_Tbqq,label_Hcc,label_Hcc,label_Tbqq,0.596408486366272,0.17156565189361572,-0.42484283447265625,0.42484283447265625,22,pair_direct_legacy_replay,D_tgt_to_src,0.596408486366272,0.17156565189361572,-0.42484283447265625,0.42484283447265625,label_Hcc,label_Tbqq
D_Tbl_to_Hqql,TTBar,/home/maxwelhelp/Рабочий стол/JetClassOfficial/val_5M/TTBar_120.root,12192,label_Tbqq,label_Hcc,label_Hcc,label_Tbqq,0.7485606670379639,0.11797646433115005,-0.6305842027068138,0.6305842027068138,22,pair_direct_legacy_replay,D_tgt_to_src,0.7485606670379639,0.11797646433115005,-0.6305842027068138,0.6305842027068138,label_Hcc,label_Tbqq
D_Tbl_to_Hqql,TTBar,/home/maxwelhelp/Рабочий стол/JetClassOfficial/val_5M/TTBar_120.root,12355,label_Tbqq,label_Hcc,label_Hcc,label_Tbqq,0.7794091105461121,0.15155181288719177,-0.6278572976589203,0.6278572976589203,22,pair_direct_legacy_replay,D_tgt_to_src,0.7794091105461121,0.15155181288719177,-0.6278572976589203,0.6278572976589203,label_Hcc,label_Tbqq
D_Tbl_to_Hqql,TTBar,/home/maxwelhelp/Рабочий стол/JetClassOfficial/val_5M/TTBar_120.root,12390,label_Tbqq,label_Hcc,label_Hcc,label_Tbqq,0.32686758041381836,0.30934208631515503,-0.01752549409866333,0.01752549409866333,22,pair_direct_legacy_replay,D_tgt_to_src,0.32686758041381836,0.30934208631515503,-0.01752549409866333,0.01752549409866333,label_Hcc,label_Tbqq
D_Tbl_to_Hqql,TTBar,/home/maxwelhelp/Рабочий стол/JetClassOfficial/val_5M/TTBar_120.root,12495,label_Tbqq,label_Hcc,label_Hcc,label_Tbqq,0.6006490588188171,0.23011697828769684,-0.3705320805311203,0.3705320805311203,22,pair_direct_legacy_replay,D_tgt_to_src,0.6006490588188171,0.23011697828769684,-0.3705320805311203,0.3705320805311203,label_Hcc,label_Tbqq
D_Tbl_to_Hqql,TTBar,/home/maxwelhelp/Рабочий стол/JetClassOfficial/val_5M/TTBar_120.root,12529,label_Tbqq,label_Hcc,label_Hcc,label_Tbqq,0.8474297523498535,0.028221577405929565,-0.819208174943924,0.819208174943924,22,pair_direct_legacy_replay,D_tgt_to_src,0.8474297523498535,0.028221577405929565,-0.819208174943924,0.819208174943924,label_Hcc,label_Tbqq
D_Tbl_to_Hqql,TTBar,/home/maxwelhelp/Рабочий стол/JetClassOfficial/val_5M/TTBar_120.root,12610,label_Tbqq,label_Hcc,label_Hcc,label_Tbqq,0.42389366030693054,0.10305541008710861,-0.32083825021982193,0.32083825021982193,22,pair_direct_legacy_replay,D_tgt_to_src,0.42389366030693054,0.10305541008710861,-0.32083825021982193,0.32083825021982193,label_Hcc,label_Tbqq
D_Tbl_to_Hqql,TTBar,/home/maxwelhelp/Рабочий стол/JetClassOfficial/val_5M/TTBar_120.root,12671,label_Tbqq,label_Hcc,label_Hcc,label_Tbqq,0.33543962240219116,0.27723968029022217,-0.058199942111968994,0.058199942111968994,22,pair_direct_legacy_replay,D_tgt_to_src,0.33543962240219116,0.27723968029022217,-0.058199942111968994,0.058199942111968994,label_Hcc,label_Tbqq
D_Tbl_to_Hqql,TTBar,/home/maxwelhelp/Рабочий стол/JetClassOfficial/val_5M/TTBar_120.root,12755,label_Tbqq,label_Hcc,label_Hcc,label_Tbqq,0.6878932118415833,0.13703306019306183,-0.5508601516485214,0.5508601516485214,22,pair_direct_legacy_replay,D_tgt_to_src,0.6878932118415833,0.13703306019306183,-0.5508601516485214,0.5508601516485214,label_Hcc,label_Tbqq
D_Tbl_to_Hqql,TTBar,/home/maxwelhelp/Рабочий стол/JetClassOfficial/val_5M/TTBar_120.root,12771,label_Tbqq,label_Hcc,label_Hcc,label_Tbqq,0.39023688435554504,0.10331454128026962,-0.2869223430752754,0.2869223430752754,22,pair_direct_legacy_replay,D_tgt_to_src,0.39023688435554504,0.10331454128026962,-0.2869223430752754,0.2869223430752754,label_Hcc,label_Tbqq
D_Tbl_to_Hqql,TTBar,/home/maxwelhelp/Рабочий стол/JetClassOfficial/val_5M/TTBar_120.root,12812,label_Tbqq,label_Hcc,label_Hcc,label_Tbqq,0.4388839900493622,0.021928099915385246,-0.41695589013397694,0.41695589013397694,22,pair_direct_legacy_replay,D_tgt_to_src,0.4388839900493622,0.021928099915385246,-0.41695589013397694,0.41695589013397694,label_Hcc,label_Tbqq
D_Tbl_to_Hqql,TTBar,/home/maxwelhelp/Рабочий стол/JetClassOfficial/val_5M/TTBar_120.root,12971,label_Tbqq,label_Hcc,label_Hcc,label_Tbqq,0.5930918455123901,0.22948473691940308,-0.36360710859298706,0.36360710859298706,22,pair_direct_legacy_replay,D_tgt_to_src,0.5930918455123901,0.22948473691940308,-0.36360710859298706,0.36360710859298706,label_Hcc,label_Tbqq
D_Tbl_to_Hqql,TTBar,/home/maxwelhelp/Рабочий стол/JetClassOfficial/val_5M/TTBar_120.root,12976,label_Tbqq,label_Hcc,label_Hcc,label_Tbqq,0.40939801931381226,0.09734303504228592,-0.31205498427152634,0.31205498427152634,22,pair_direct_legacy_replay,D_tgt_to_src,0.40939801931381226,0.09734303504228592,-0.31205498427152634,0.31205498427152634,label_Hcc,label_Tbqq
D_Tbl_to_Hqql,TTBar,/home/maxwelhelp/Рабочий стол/JetClassOfficial/val_5M/TTBar_120.root,13028,label_Tbqq,label_Hcc,label_Hcc,label_Tbqq,0.5848842263221741,0.1308998316526413,-0.4539843946695328,0.4539843946695328,22,pair_direct_legacy_replay,D_tgt_to_src,0.5848842263221741,0.1308998316526413,-0.4539843946695328,0.4539843946695328,label_Hcc,label_Tbqq
D_Tbl_to_Hqql,TTBar,/home/maxwelhelp/Рабочий стол/JetClassOfficial/val_5M/TTBar_120.root,13049,label_Tbqq,label_Hcc,label_Hcc,label_Tbqq,0.6934687495231628,0.04733944311738014,-0.6461293064057827,0.6461293064057827,22,pair_direct_legacy_replay,D_tgt_to_src,0.6934687495231628,0.04733944311738014,-0.6461293064057827,0.6461293064057827,label_Hcc,label_Tbqq
D_Tbl_to_Hqql,TTBar,/home/maxwelhelp/Рабочий стол/JetClassOfficial/val_5M/TTBar_120.root,13239,label_Tbqq,label_Hcc,label_Hcc,label_Tbqq,0.4843892753124237,0.4337628483772278,-0.05062642693519592,0.05062642693519592,22,pair_direct_legacy_replay,D_tgt_to_src,0.4843892753124237,0.4337628483772278,-0.05062642693519592,0.05062642693519592,label_Hcc,label_Tbqq
D_Tbl_to_Hqql,TTBar,/home/maxwelhelp/Рабочий стол/JetClassOfficial/val_5M/TTBar_120.root,13438,label_Tbqq,label_Hcc,label_Hcc,label_Tbqq,0.4214143455028534,0.39079272747039795,-0.030621618032455444,0.030621618032455444,22,pair_direct_legacy_replay,D_tgt_to_src,0.4214143455028534,0.39079272747039795,-0.030621618032455444,0.030621618032455444,label_Hcc,label_Tbqq
D_Tbl_to_Hqql,TTBar,/home/maxwelhelp/Рабочий стол/JetClassOfficial/val_5M/TTBar_120.root,13533,label_Tbqq,label_Hcc,label_Hcc,label_Tbqq,0.41387635469436646,0.23664353787899017,-0.17723281681537628,0.17723281681537628,22,pair_direct_legacy_replay,D_tgt_to_src,0.41387635469436646,0.23664353787899017,-0.17723281681537628,0.17723281681537628,label_Hcc,label_Tbqq
D_Tbl_to_Hqql,TTBar,/home/maxwelhelp/Рабочий стол/JetClassOfficial/val_5M/TTBar_120.root,13551,label_Tbqq,label_Hcc,label_Hcc,label_Tbqq,0.36627131700515747,0.2096605747938156,-0.15661074221134186,0.15661074221134186,22,pair_direct_legacy_replay,D_tgt_to_src,0.36627131700515747,0.2096605747938156,-0.15661074221134186,0.15661074221134186,label_Hcc,label_Tbqq
D_Tbl_to_Hqql,TTBar,/home/maxwelhelp/Рабочий стол/JetClassOfficial/val_5M/TTBar_120.root,13569,label_Tbqq,label_Hcc,label_Hcc,label_Tbqq,0.5077856183052063,0.1183091327548027,-0.3894764855504036,0.3894764855504036,22,pair_direct_legacy_replay,D_tgt_to_src,0.5077856183052063,0.1183091327548027,-0.3894764855504036,0.3894764855504036,label_Hcc,label_Tbqq
D_Tbl_to_Hqql,TTBar,/home/maxwelhelp/Рабочий стол/JetClassOfficial/val_5M/TTBar_120.root,13676,label_Tbqq,label_Hcc,label_Hcc,label_Tbqq,0.93002849817276,0.03612026572227478,-0.8939082324504852,0.8939082324504852,22,pair_direct_legacy_replay,D_tgt_to_src,0.93002849817276,0.03612026572227478,-0.8939082324504852,0.8939082324504852,label_Hcc,label_Tbqq
D_Tbl_to_Hqql,TTBar,/home/maxwelhelp/Рабочий стол/JetClassOfficial/val_5M/TTBar_120.root,13769,label_Tbqq,label_Hcc,label_Hcc,label_Tbqq,0.39143383502960205,0.019776757806539536,-0.3716570772230625,0.3716570772230625,22,pair_direct_legacy_replay,D_tgt_to_src,0.39143383502960205,0.019776757806539536,-0.3716570772230625,0.3716570772230625,label_Hcc,label_Tbqq
D_Tbl_to_Hqql,TTBar,/home/maxwelhelp/Рабочий стол/JetClassOfficial/val_5M/TTBar_120.root,13844,label_Tbqq,label_Hcc,label_Hcc,label_Tbqq,0.5180267691612244,0.35591116547584534,-0.16211560368537903,0.16211560368537903,22,pair_direct_legacy_replay,D_tgt_to_src,0.5180267691612244,0.35591116547584534,-0.16211560368537903,0.16211560368537903,label_Hcc,label_Tbqq
D_Tbl_to_Hqql,TTBar,/home/maxwelhelp/Рабочий стол/JetClassOfficial/val_5M/TTBar_120.root,13892,label_Tbqq,label_Hcc,label_Hcc,label_Tbqq,0.48448899388313293,0.15588504076004028,-0.32860395312309265,0.32860395312309265,22,pair_direct_legacy_replay,D_tgt_to_src,0.48448899388313293,0.15588504076004028,-0.32860395312309265,0.32860395312309265,label_Hcc,label_Tbqq
D_Tbl_to_Hqql,TTBar,/home/maxwelhelp/Рабочий стол/JetClassOfficial/val_5M/TTBar_120.root,13939,label_Tbqq,label_Hcc,label_Hcc,label_Tbqq,0.7024129033088684,0.23341885209083557,-0.46899405121803284,0.46899405121803284,22,pair_direct_legacy_replay,D_tgt_to_src,0.7024129033088684,0.23341885209083557,-0.46899405121803284,0.46899405121803284,label_Hcc,label_Tbqq
D_Tbl_to_Hqql,TTBar,/home/maxwelhelp/Рабочий стол/JetClassOfficial/val_5M/TTBar_120.root,13952,label_Tbqq,label_Hcc,label_Hcc,label_Tbqq,0.3476009964942932,0.22738972306251526,-0.12021127343177795,0.12021127343177795,22,pair_direct_legacy_replay,D_tgt_to_src,0.3476009964942932,0.22738972306251526,-0.12021127343177795,0.12021127343177795,label_Hcc,label_Tbqq
D_Tbl_to_Hqql,TTBar,/home/maxwelhelp/Рабочий стол/JetClassOfficial/val_5M/TTBar_120.root,13984,label_Tbqq,label_Hcc,label_Hcc,label_Tbqq,0.29585352540016174,0.255159854888916,-0.04069367051124573,0.04069367051124573,22,pair_direct_legacy_replay,D_tgt_to_src,0.29585352540016174,0.255159854888916,-0.04069367051124573,0.04069367051124573,label_Hcc,label_Tbqq
D_Tbl_to_Hqql,TTBar,/home/maxwelhelp/Рабочий стол/JetClassOfficial/val_5M/TTBar_120.root,14162,label_Tbqq,label_Hcc,label_Hcc,label_Tbqq,0.4434528648853302,0.2413860708475113,-0.2020667940378189,0.2020667940378189,22,pair_direct_legacy_replay,D_tgt_to_src,0.4434528648853302,0.2413860708475113,-0.2020667940378189,0.2020667940378189,label_Hcc,label_Tbqq
D_Tbl_to_Hqql,TTBar,/home/maxwelhelp/Рабочий стол/JetClassOfficial/val_5M/TTBar_120.root,14197,label_Tbqq,label_Hcc,label_Hcc,label_Tbqq,0.6181299090385437,0.010091559961438179,-0.6080383490771055,0.6080383490771055,22,pair_direct_legacy_replay,D_tgt_to_src,0.6181299090385437,0.010091559961438179,-0.6080383490771055,0.6080383490771055,label_Hcc,label_Tbqq
D_Tbl_to_Hqql,TTBar,/home/maxwelhelp/Рабочий стол/JetClassOfficial/val_5M/TTBar_120.root,14248,label_Tbqq,label_Hcc,label_Hcc,label_Tbqq,0.5157206058502197,0.061882928013801575,-0.45383767783641815,0.45383767783641815,22,pair_direct_legacy_replay,D_tgt_to_src,0.5157206058502197,0.061882928013801575,-0.45383767783641815,0.45383767783641815,label_Hcc,label_Tbqq
D_Tbl_to_Hqql,TTBar,/home/maxwelhelp/Рабочий стол/JetClassOfficial/val_5M/TTBar_120.root,14274,label_Tbqq,label_Hcc,label_Hcc,label_Tbqq,0.41941794753074646,0.4072217643260956,-0.012196183204650879,0.012196183204650879,22,pair_direct_legacy_replay,D_tgt_to_src,0.41941794753074646,0.4072217643260956,-0.012196183204650879,0.012196183204650879,label_Hcc,label_Tbqq
D_Tbl_to_Hqql,TTBar,/home/maxwelhelp/Рабочий стол/JetClassOfficial/val_5M/TTBar_120.root,14298,label_Tbqq,label_Hcc,label_Hcc,label_Tbqq,0.4401962161064148,0.3755285143852234,-0.0646677017211914,0.0646677017211914,22,pair_direct_legacy_replay,D_tgt_to_src,0.4401962161064148,0.3755285143852234,-0.0646677017211914,0.0646677017211914,label_Hcc,label_Tbqq
D_Tbl_to_Hqql,TTBar,/home/maxwelhelp/Рабочий стол/JetClassOfficial/val_5M/TTBar_120.root,14304,label_Tbqq,label_Hcc,label_Hcc,label_Tbqq,0.48559072613716125,0.2705177068710327,-0.21507301926612854,0.21507301926612854,22,pair_direct_legacy_replay,D_tgt_to_src,0.48559072613716125,0.2705177068710327,-0.21507301926612854,0.21507301926612854,label_Hcc,label_Tbqq
D_Tbl_to_Hqql,TTBar,/home/maxwelhelp/Рабочий стол/JetClassOfficial/val_5M/TTBar_120.root,14487,label_Tbqq,label_Hcc,label_Hcc,label_Tbqq,0.8795433044433594,0.007771641481667757,-0.8717716629616916,0.8717716629616916,22,pair_direct_legacy_replay,D_tgt_to_src,0.8795433044433594,0.007771641481667757,-0.8717716629616916,0.8717716629616916,label_Hcc,label_Tbqq
D_Tbl_to_Hqql,TTBar,/home/maxwelhelp/Рабочий стол/JetClassOfficial/val_5M/TTBar_120.root,14545,label_Tbqq,label_Hcc,label_Hcc,label_Tbqq,0.637212872505188,0.0333116240799427,-0.6039012484252453,0.6039012484252453,22,pair_direct_legacy_replay,D_tgt_to_src,0.637212872505188,0.0333116240799427,-0.6039012484252453,0.6039012484252453,label_Hcc,label_Tbqq
D_Tbl_to_Hqql,TTBar,/home/maxwelhelp/Рабочий стол/JetClassOfficial/val_5M/TTBar_120.root,14579,label_Tbqq,label_Hcc,label_Hcc,label_Tbqq,0.462502658367157,0.27135196328163147,-0.1911506950855255,0.1911506950855255,22,pair_direct_legacy_replay,D_tgt_to_src,0.462502658367157,0.27135196328163147,-0.1911506950855255,0.1911506950855255,label_Hcc,label_Tbqq
D_Tbl_to_Hqql,TTBar,/home/maxwelhelp/Рабочий стол/JetClassOfficial/val_5M/TTBar_120.root,14638,label_Tbqq,label_Hcc,label_Hcc,label_Tbqq,0.4609278738498688,0.4022931754589081,-0.05863469839096069,0.05863469839096069,22,pair_direct_legacy_replay,D_tgt_to_src,0.4609278738498688,0.4022931754589081,-0.05863469839096069,0.05863469839096069,label_Hcc,label_Tbqq
D_Tbl_to_Hqql,TTBar,/home/maxwelhelp/Рабочий стол/JetClassOfficial/val_5M/TTBar_120.root,14659,label_Tbqq,label_Hcc,label_Hcc,label_Tbqq,0.28526991605758667,0.012744302861392498,-0.27252561319619417,0.27252561319619417,22,pair_direct_legacy_replay,D_tgt_to_src,0.28526991605758667,0.012744302861392498,-0.27252561319619417,0.27252561319619417,label_Hcc,label_Tbqq
D_Tbl_to_Hqql,TTBar,/home/maxwelhelp/Рабочий стол/JetClassOfficial/val_5M/TTBar_120.root,14676,label_Tbqq,label_Hcc,label_Hcc,label_Tbqq,0.2994544506072998,0.2804664671421051,-0.018987983465194702,0.018987983465194702,22,pair_direct_legacy_replay,D_tgt_to_src,0.2994544506072998,0.2804664671421051,-0.018987983465194702,0.018987983465194702,label_Hcc,label_Tbqq
D_Tbl_to_Hqql,TTBar,/home/maxwelhelp/Рабочий стол/JetClassOfficial/val_5M/TTBar_120.root,14847,label_Tbqq,label_Hcc,label_Hcc,label_Tbqq,0.7588942646980286,0.1123502105474472,-0.6465440541505814,0.6465440541505814,22,pair_direct_legacy_replay,D_tgt_to_src,0.7588942646980286,0.1123502105474472,-0.6465440541505814,0.6465440541505814,label_Hcc,label_Tbqq
D_Tbl_to_Hqql,TTBar,/home/maxwelhelp/Рабочий стол/JetClassOfficial/val_5M/TTBar_120.root,14859,label_Tbqq,label_Hcc,label_Hcc,label_Tbqq,0.8630510568618774,0.033889103680849075,-0.8291619531810284,0.8291619531810284,22,pair_direct_legacy_replay,D_tgt_to_src,0.8630510568618774,0.033889103680849075,-0.8291619531810284,0.8291619531810284,label_Hcc,label_Tbqq
D_Tbl_to_Hqql,TTBar,/home/maxwelhelp/Рабочий стол/JetClassOfficial/val_5M/TTBar_120.root,14905,label_Tbqq,label_Hcc,label_Hcc,label_Tbqq,0.4649088680744171,0.3495306372642517,-0.1153782308101654,0.1153782308101654,22,pair_direct_legacy_replay,D_tgt_to_src,0.4649088680744171,0.3495306372642517,-0.1153782308101654,0.1153782308101654,label_Hcc,label_Tbqq
D_Tbl_to_Hqql,TTBar,/home/maxwelhelp/Рабочий стол/JetClassOfficial/val_5M/TTBar_120.root,15015,label_Tbqq,label_Hcc,label_Hcc,label_Tbqq,0.4211343228816986,0.13198283314704895,-0.28915148973464966,0.28915148973464966,22,pair_direct_legacy_replay,D_tgt_to_src,0.4211343228816986,0.13198283314704895,-0.28915148973464966,0.28915148973464966,label_Hcc,label_Tbqq
D_Tbl_to_Hqql,TTBar,/home/maxwelhelp/Рабочий стол/JetClassOfficial/val_5M/TTBar_120.root,15070,label_Tbqq,label_Hcc,label_Hcc,label_Tbqq,0.41577428579330444,0.017045823857188225,-0.3987284619361162,0.3987284619361162,22,pair_direct_legacy_replay,D_tgt_to_src,0.41577428579330444,0.017045823857188225,-0.3987284619361162,0.3987284619361162,label_Hcc,label_Tbqq
D_Tbl_to_Hqql,TTBar,/home/maxwelhelp/Рабочий стол/JetClassOfficial/val_5M/TTBar_120.root,15076,label_Tbqq,label_Hcc,label_Hcc,label_Tbqq,0.5991503596305847,0.14733552932739258,-0.45181483030319214,0.45181483030319214,22,pair_direct_legacy_replay,D_tgt_to_src,0.5991503596305847,0.14733552932739258,-0.45181483030319214,0.45181483030319214,label_Hcc,label_Tbqq
D_Tbl_to_Hqql,TTBar,/home/maxwelhelp/Рабочий стол/JetClassOfficial/val_5M/TTBar_120.root,15078,label_Tbqq,label_Hcc,label_Hcc,label_Tbqq,0.8132064342498779,0.12883496284484863,-0.6843714714050293,0.6843714714050293,22,pair_direct_legacy_replay,D_tgt_to_src,0.8132064342498779,0.12883496284484863,-0.6843714714050293,0.6843714714050293,label_Hcc,label_Tbqq
D_Tbl_to_Hqql,TTBar,/home/maxwelhelp/Рабочий стол/JetClassOfficial/val_5M/TTBar_120.root,15301,label_Tbqq,label_Hcc,label_Hcc,label_Tbqq,0.4279017448425293,0.3336333930492401,-0.09426835179328918,0.09426835179328918,22,pair_direct_legacy_replay,D_tgt_to_src,0.4279017448425293,0.3336333930492401,-0.09426835179328918,0.09426835179328918,label_Hcc,label_Tbqq
D_Tbl_to_Hqql,TTBar,/home/maxwelhelp/Рабочий стол/JetClassOfficial/val_5M/TTBar_120.root,15326,label_Tbqq,label_Hcc,label_Hcc,label_Tbqq,0.36502283811569214,0.33894672989845276,-0.02607610821723938,0.02607610821723938,22,pair_direct_legacy_replay,D_tgt_to_src,0.36502283811569214,0.33894672989845276,-0.02607610821723938,0.02607610821723938,label_Hcc,label_Tbqq
D_Tbl_to_Hqql,TTBar,/home/maxwelhelp/Рабочий стол/JetClassOfficial/val_5M/TTBar_120.root,15363,label_Tbqq,label_Hcc,label_Hcc,label_Tbqq,0.33107098937034607,0.011771874502301216,-0.31929911486804485,0.31929911486804485,22,pair_direct_legacy_replay,D_tgt_to_src,0.33107098937034607,0.011771874502301216,-0.31929911486804485,0.31929911486804485,label_Hcc,label_Tbqq
D_Tbl_to_Hqql,TTBar,/home/maxwelhelp/Рабочий стол/JetClassOfficial/val_5M/TTBar_120.root,15411,label_Tbqq,label_Hcc,label_Hcc,label_Tbqq,0.4479639530181885,0.24967461824417114,-0.19828933477401733,0.19828933477401733,22,pair_direct_legacy_replay,D_tgt_to_src,0.4479639530181885,0.24967461824417114,-0.19828933477401733,0.19828933477401733,label_Hcc,label_Tbqq
D_Tbl_to_Hqql,TTBar,/home/maxwelhelp/Рабочий стол/JetClassOfficial/val_5M/TTBar_120.root,15423,label_Tbqq,label_Hcc,label_Hcc,label_Tbqq,0.4725756347179413,0.4448578953742981,-0.02771773934364319,0.02771773934364319,22,pair_direct_legacy_replay,D_tgt_to_src,0.4725756347179413,0.4448578953742981,-0.02771773934364319,0.02771773934364319,label_Hcc,label_Tbqq
D_Tbl_to_Hqql,TTBar,/home/maxwelhelp/Рабочий стол/JetClassOfficial/val_5M/TTBar_120.root,15529,label_Tbqq,label_Hcc,label_Hcc,label_Tbqq,0.5664529800415039,0.3139644265174866,-0.25248855352401733,0.25248855352401733,22,pair_direct_legacy_replay,D_tgt_to_src,0.5664529800415039,0.3139644265174866,-0.25248855352401733,0.25248855352401733,label_Hcc,label_Tbqq
D_Tbl_to_Hqql,TTBar,/home/maxwelhelp/Рабочий стол/JetClassOfficial/val_5M/TTBar_120.root,15630,label_Tbqq,label_Hcc,label_Hcc,label_Tbqq,0.941591739654541,0.015706684440374374,-0.9258850552141666,0.9258850552141666,22,pair_direct_legacy_replay,D_tgt_to_src,0.941591739654541,0.015706684440374374,-0.9258850552141666,0.9258850552141666,label_Hcc,label_Tbqq
D_Tbl_to_Hqql,TTBar,/home/maxwelhelp/Рабочий стол/JetClassOfficial/val_5M/TTBar_120.root,15662,label_Tbqq,label_Hcc,label_Hcc,label_Tbqq,0.710650622844696,0.10731779038906097,-0.6033328324556351,0.6033328324556351,22,pair_direct_legacy_replay,D_tgt_to_src,0.710650622844696,0.10731779038906097,-0.6033328324556351,0.6033328324556351,label_Hcc,label_Tbqq
D_Tbl_to_Hqql,TTBar,/home/maxwelhelp/Рабочий стол/JetClassOfficial/val_5M/TTBar_120.root,15665,label_Tbqq,label_Hcc,label_Hcc,label_Tbqq,0.4421460032463074,0.19669874012470245,-0.24544726312160492,0.24544726312160492,22,pair_direct_legacy_replay,D_tgt_to_src,0.4421460032463074,0.19669874012470245,-0.24544726312160492,0.24544726312160492,label_Hcc,label_Tbqq
D_Tbl_to_Hqql,TTBar,/home/maxwelhelp/Рабочий стол/JetClassOfficial/val_5M/TTBar_120.root,15750,label_Tbqq,label_Hcc,label_Hcc,label_Tbqq,0.5732861161231995,0.303560733795166,-0.26972538232803345,0.26972538232803345,22,pair_direct_legacy_replay,D_tgt_to_src,0.5732861161231995,0.303560733795166,-0.26972538232803345,0.26972538232803345,label_Hcc,label_Tbqq
D_Tbl_to_Hqql,TTBar,/home/maxwelhelp/Рабочий стол/JetClassOfficial/val_5M/TTBar_120.root,15867,label_Tbqq,label_Hcc,label_Hcc,label_Tbqq,0.7970499992370605,0.11904406547546387,-0.6780059337615967,0.6780059337615967,22,pair_direct_legacy_replay,D_tgt_to_src,0.7970499992370605,0.11904406547546387,-0.6780059337615967,0.6780059337615967,label_Hcc,label_Tbqq
D_Tbl_to_Hqql,TTBar,/home/maxwelhelp/Рабочий стол/JetClassOfficial/val_5M/TTBar_120.root,16098,label_Tbqq,label_Hcc,label_Hcc,label_Tbqq,0.8287022113800049,0.15668615698814392,-0.672016054391861,0.672016054391861,22,pair_direct_legacy_replay,D_tgt_to_src,0.8287022113800049,0.15668615698814392,-0.672016054391861,0.672016054391861,label_Hcc,label_Tbqq
D_Tbl_to_Hqql,TTBar,/home/maxwelhelp/Рабочий стол/JetClassOfficial/val_5M/TTBar_120.root,16105,label_Tbqq,label_Hcc,label_Hcc,label_Tbqq,0.7413643002510071,0.14049603044986725,-0.6008682698011398,0.6008682698011398,22,pair_direct_legacy_replay,D_tgt_to_src,0.7413643002510071,0.14049603044986725,-0.6008682698011398,0.6008682698011398,label_Hcc,label_Tbqq
D_Tbl_to_Hqql,TTBar,/home/maxwelhelp/Рабочий стол/JetClassOfficial/val_5M/TTBar_120.root,16154,label_Tbqq,label_Hcc,label_Hcc,label_Tbqq,0.4091891050338745,0.10321822762489319,-0.3059708774089813,0.3059708774089813,22,pair_direct_legacy_replay,D_tgt_to_src,0.4091891050338745,0.10321822762489319,-0.3059708774089813,0.3059708774089813,label_Hcc,label_Tbqq
D_Tbl_to_Hqql,TTBar,/home/maxwelhelp/Рабочий стол/JetClassOfficial/val_5M/TTBar_120.root,16244,label_Tbqq,label_Hcc,label_Hcc,label_Tbqq,0.44701769948005676,0.11104749143123627,-0.3359702080488205,0.3359702080488205,22,pair_direct_legacy_replay,D_tgt_to_src,0.44701769948005676,0.11104749143123627,-0.3359702080488205,0.3359702080488205,label_Hcc,label_Tbqq
D_Tbl_to_Hqql,TTBar,/home/maxwelhelp/Рабочий стол/JetClassOfficial/val_5M/TTBar_120.root,16252,label_Tbqq,label_Hcc,label_Hcc,label_Tbqq,0.5065178871154785,0.07071968168020248,-0.43579820543527603,0.43579820543527603,22,pair_direct_legacy_replay,D_tgt_to_src,0.5065178871154785,0.07071968168020248,-0.43579820543527603,0.43579820543527603,label_Hcc,label_Tbqq
D_Tbl_to_Hqql,TTBar,/home/maxwelhelp/Рабочий стол/JetClassOfficial/val_5M/TTBar_120.root,16254,label_Tbqq,label_Hcc,label_Hcc,label_Tbqq,0.516133725643158,0.010139024816453457,-0.5059947008267045,0.5059947008267045,22,pair_direct_legacy_replay,D_tgt_to_src,0.516133725643158,0.010139024816453457,-0.5059947008267045,0.5059947008267045,label_Hcc,label_Tbqq
D_Tbl_to_Hqql,TTBar,/home/maxwelhelp/Рабочий стол/JetClassOfficial/val_5M/TTBar_120.root,16355,label_Tbqq,label_Hcc,label_Hcc,label_Tbqq,0.364298015832901,0.24641893804073334,-0.11787907779216766,0.11787907779216766,22,pair_direct_legacy_replay,D_tgt_to_src,0.364298015832901,0.24641893804073334,-0.11787907779216766,0.11787907779216766,label_Hcc,label_Tbqq
D_Tbl_to_Hqql,TTBar,/home/maxwelhelp/Рабочий стол/JetClassOfficial/val_5M/TTBar_120.root,16400,label_Tbqq,label_Hcc,label_Hcc,label_Tbqq,0.5375468134880066,0.38800013065338135,-0.14954668283462524,0.14954668283462524,22,pair_direct_legacy_replay,D_tgt_to_src,0.5375468134880066,0.38800013065338135,-0.14954668283462524,0.14954668283462524,label_Hcc,label_Tbqq
D_Tbl_to_Hqql,TTBar,/home/maxwelhelp/Рабочий стол/JetClassOfficial/val_5M/TTBar_120.root,16404,label_Tbqq,label_Hcc,label_Hcc,label_Tbqq,0.7176700234413147,0.07175656408071518,-0.6459134593605995,0.6459134593605995,22,pair_direct_legacy_replay,D_tgt_to_src,0.7176700234413147,0.07175656408071518,-0.6459134593605995,0.6459134593605995,label_Hcc,label_Tbqq
D_Tbl_to_Hqql,TTBar,/home/maxwelhelp/Рабочий стол/JetClassOfficial/val_5M/TTBar_120.root,16411,label_Tbqq,label_Hcc,label_Hcc,label_Tbqq,0.4707714021205902,0.12881781160831451,-0.3419535905122757,0.3419535905122757,22,pair_direct_legacy_replay,D_tgt_to_src,0.4707714021205902,0.12881781160831451,-0.3419535905122757,0.3419535905122757,label_Hcc,label_Tbqq
D_Tbl_to_Hqql,TTBar,/home/maxwelhelp/Рабочий стол/JetClassOfficial/val_5M/TTBar_120.root,16462,label_Tbqq,label_Hcc,label_Hcc,label_Tbqq,0.7005832195281982,0.20793020725250244,-0.4926530122756958,0.4926530122756958,22,pair_direct_legacy_replay,D_tgt_to_src,0.7005832195281982,0.20793020725250244,-0.4926530122756958,0.4926530122756958,label_Hcc,label_Tbqq
D_Tbl_to_Hqql,TTBar,/home/maxwelhelp/Рабочий стол/JetClassOfficial/val_5M/TTBar_120.root,16476,label_Tbqq,label_Hcc,label_Hcc,label_Tbqq,0.671912431716919,0.08175518363714218,-0.5901572480797768,0.5901572480797768,22,pair_direct_legacy_replay,D_tgt_to_src,0.671912431716919,0.08175518363714218,-0.5901572480797768,0.5901572480797768,label_Hcc,label_Tbqq
D_Tbl_to_Hqql,TTBar,/home/maxwelhelp/Рабочий стол/JetClassOfficial/val_5M/TTBar_120.root,16487,label_Tbqq,label_Hcc,label_Hcc,label_Tbqq,0.3398205041885376,0.17164884507656097,-0.16817165911197662,0.16817165911197662,22,pair_direct_legacy_replay,D_tgt_to_src,0.3398205041885376,0.17164884507656097,-0.16817165911197662,0.16817165911197662,label_Hcc,label_Tbqq
D_Tbl_to_Hqql,TTBar,/home/maxwelhelp/Рабочий стол/JetClassOfficial/val_5M/TTBar_120.root,16631,label_Tbqq,label_Hcc,label_Hcc,label_Tbqq,0.5176047086715698,0.4039744734764099,-0.11363023519515991,0.11363023519515991,22,pair_direct_legacy_replay,D_tgt_to_src,0.5176047086715698,0.4039744734764099,-0.11363023519515991,0.11363023519515991,label_Hcc,label_Tbqq
D_Tbl_to_Hqql,TTBar,/home/maxwelhelp/Рабочий стол/JetClassOfficial/val_5M/TTBar_120.root,16672,label_Tbqq,label_Hcc,label_Hcc,label_Tbqq,0.44861865043640137,0.2912852466106415,-0.1573334038257599,0.1573334038257599,22,pair_direct_legacy_replay,D_tgt_to_src,0.44861865043640137,0.2912852466106415,-0.1573334038257599,0.1573334038257599,label_Hcc,label_Tbqq
D_Tbl_to_Hqql,TTBar,/home/maxwelhelp/Рабочий стол/JetClassOfficial/val_5M/TTBar_120.root,16705,label_Tbqq,label_Hcc,label_Hcc,label_Tbqq,0.4299195408821106,0.24636529386043549,-0.1835542470216751,0.1835542470216751,22,pair_direct_legacy_replay,D_tgt_to_src,0.4299195408821106,0.24636529386043549,-0.1835542470216751,0.1835542470216751,label_Hcc,label_Tbqq
D_Tbl_to_Hqql,TTBar,/home/maxwelhelp/Рабочий стол/JetClassOfficial/val_5M/TTBar_120.root,16829,label_Tbqq,label_Hcc,label_Hcc,label_Tbqq,0.42461109161376953,0.33099332451820374,-0.0936177670955658,0.0936177670955658,22,pair_direct_legacy_replay,D_tgt_to_src,0.42461109161376953,0.33099332451820374,-0.0936177670955658,0.0936177670955658,label_Hcc,label_Tbqq
D_Tbl_to_Hqql,TTBar,/home/maxwelhelp/Рабочий стол/JetClassOfficial/val_5M/TTBar_120.root,16877,label_Tbqq,label_Hcc,label_Hcc,label_Tbqq,0.7797319293022156,0.007805644068866968,-0.7719262852333486,0.7719262852333486,22,pair_direct_legacy_replay,D_tgt_to_src,0.7797319293022156,0.007805644068866968,-0.7719262852333486,0.7719262852333486,label_Hcc,label_Tbqq
D_Tbl_to_Hqql,TTBar,/home/maxwelhelp/Рабочий стол/JetClassOfficial/val_5M/TTBar_120.root,17045,label_Tbqq,label_Hcc,label_Hcc,label_Tbqq,0.28096380829811096,0.041161153465509415,-0.23980265483260155,0.23980265483260155,22,pair_direct_legacy_replay,D_tgt_to_src,0.28096380829811096,0.041161153465509415,-0.23980265483260155,0.23980265483260155,label_Hcc,label_Tbqq
D_Tbl_to_Hqql,TTBar,/home/maxwelhelp/Рабочий стол/JetClassOfficial/val_5M/TTBar_120.root,17075,label_Tbqq,label_Hcc,label_Hcc,label_Tbqq,0.33420419692993164,0.11690326035022736,-0.21730093657970428,0.21730093657970428,22,pair_direct_legacy_replay,D_tgt_to_src,0.33420419692993164,0.11690326035022736,-0.21730093657970428,0.21730093657970428,label_Hcc,label_Tbqq
D_Tbl_to_Hqql,TTBar,/home/maxwelhelp/Рабочий стол/JetClassOfficial/val_5M/TTBar_120.root,17137,label_Tbqq,label_Hcc,label_Hcc,label_Tbqq,0.5261554718017578,0.2914029061794281,-0.2347525656223297,0.2347525656223297,22,pair_direct_legacy_replay,D_tgt_to_src,0.5261554718017578,0.2914029061794281,-0.2347525656223297,0.2347525656223297,label_Hcc,label_Tbqq
D_Tbl_to_Hqql,TTBar,/home/maxwelhelp/Рабочий стол/JetClassOfficial/val_5M/TTBar_120.root,17152,label_Tbqq,label_Hcc,label_Hcc,label_Tbqq,0.4284406304359436,0.14800962805747986,-0.28043100237846375,0.28043100237846375,22,pair_direct_legacy_replay,D_tgt_to_src,0.4284406304359436,0.14800962805747986,-0.28043100237846375,0.28043100237846375,label_Hcc,label_Tbqq
D_Tbl_to_Hqql,TTBar,/home/maxwelhelp/Рабочий стол/JetClassOfficial/val_5M/TTBar_120.root,17211,label_Tbqq,label_Hcc,label_Hcc,label_Tbqq,0.1914297640323639,0.12335530668497086,-0.06807445734739304,0.06807445734739304,22,pair_direct_legacy_replay,D_tgt_to_src,0.1914297640323639,0.12335530668497086,-0.06807445734739304,0.06807445734739304,label_Hcc,label_Tbqq
D_Tbl_to_Hqql,TTBar,/home/maxwelhelp/Рабочий стол/JetClassOfficial/val_5M/TTBar_120.root,17220,label_Tbqq,label_Hcc,label_Hcc,label_Tbqq,0.5891385674476624,0.033348843455314636,-0.5557897239923477,0.5557897239923477,22,pair_direct_legacy_replay,D_tgt_to_src,0.5891385674476624,0.033348843455314636,-0.5557897239923477,0.5557897239923477,label_Hcc,label_Tbqq
D_Tbl_to_Hqql,TTBar,/home/maxwelhelp/Рабочий стол/JetClassOfficial/val_5M/TTBar_120.root,17322,label_Tbqq,label_Hcc,label_Hcc,label_Tbqq,0.41472965478897095,0.013036257587373257,-0.4016933972015977,0.4016933972015977,22,pair_direct_legacy_replay,D_tgt_to_src,0.41472965478897095,0.013036257587373257,-0.4016933972015977,0.4016933972015977,label_Hcc,label_Tbqq
D_Tbl_to_Hqql,TTBar,/home/maxwelhelp/Рабочий стол/JetClassOfficial/val_5M/TTBar_120.root,17483,label_Tbqq,label_Hcc,label_Hcc,label_Tbqq,0.27113914489746094,0.12589938938617706,-0.14523975551128387,0.14523975551128387,22,pair_direct_legacy_replay,D_tgt_to_src,0.27113914489746094,0.12589938938617706,-0.14523975551128387,0.14523975551128387,label_Hcc,label_Tbqq
D_Tbl_to_Hqql,TTBar,/home/maxwelhelp/Рабочий стол/JetClassOfficial/val_5M/TTBar_120.root,17529,label_Tbqq,label_Hcc,label_Hcc,label_Tbqq,0.4273451268672943,0.3512793481349945,-0.0760657787322998,0.0760657787322998,22,pair_direct_legacy_replay,D_tgt_to_src,0.4273451268672943,0.3512793481349945,-0.0760657787322998,0.0760657787322998,label_Hcc,label_Tbqq
D_Tbl_to_Hqql,TTBar,/home/maxwelhelp/Рабочий стол/JetClassOfficial/val_5M/TTBar_120.root,17715,label_Tbqq,label_Hcc,label_Hcc,label_Tbqq,0.6319460272789001,0.19769690930843353,-0.4342491179704666,0.4342491179704666,22,pair_direct_legacy_replay,D_tgt_to_src,0.6319460272789001,0.19769690930843353,-0.4342491179704666,0.4342491179704666,label_Hcc,label_Tbqq
D_Tbl_to_Hqql,TTBar,/home/maxwelhelp/Рабочий стол/JetClassOfficial/val_5M/TTBar_120.root,17778,label_Tbqq,label_Hcc,label_Hcc,label_Tbqq,0.9436240196228027,0.0023033663164824247,-0.9413206533063203,0.9413206533063203,22,pair_direct_legacy_replay,D_tgt_to_src,0.9436240196228027,0.0023033663164824247,-0.9413206533063203,0.9413206533063203,label_Hcc,label_Tbqq
D_Tbl_to_Hqql,TTBar,/home/maxwelhelp/Рабочий стол/JetClassOfficial/val_5M/TTBar_120.root,17844,label_Tbqq,label_Hcc,label_Hcc,label_Tbqq,0.5987438559532166,0.08903229236602783,-0.5097115635871887,0.5097115635871887,22,pair_direct_legacy_replay,D_tgt_to_src,0.5987438559532166,0.08903229236602783,-0.5097115635871887,0.5097115635871887,label_Hcc,label_Tbqq
D_Tbl_to_Hqql,TTBar,/home/maxwelhelp/Рабочий стол/JetClassOfficial/val_5M/TTBar_120.root,17964,label_Tbqq,label_Hcc,label_Hcc,label_Tbqq,0.8835719227790833,0.09835953265428543,-0.7852123901247978,0.7852123901247978,22,pair_direct_legacy_replay,D_tgt_to_src,0.8835719227790833,0.09835953265428543,-0.7852123901247978,0.7852123901247978,label_Hcc,label_Tbqq
D_Tbl_to_Hqql,TTBar,/home/maxwelhelp/Рабочий стол/JetClassOfficial/val_5M/TTBar_120.root,17979,label_Tbqq,label_Hcc,label_Hcc,label_Tbqq,0.4849446713924408,0.4730795621871948,-0.011865109205245972,0.011865109205245972,22,pair_direct_legacy_replay,D_tgt_to_src,0.4849446713924408,0.4730795621871948,-0.011865109205245972,0.011865109205245972,label_Hcc,label_Tbqq
D_Tbl_to_Hqql,TTBar,/home/maxwelhelp/Рабочий стол/JetClassOfficial/val_5M/TTBar_120.root,18036,label_Tbqq,label_Hcc,label_Hcc,label_Tbqq,0.35487183928489685,0.14983011782169342,-0.20504172146320343,0.20504172146320343,22,pair_direct_legacy_replay,D_tgt_to_src,0.35487183928489685,0.14983011782169342,-0.20504172146320343,0.20504172146320343,label_Hcc,label_Tbqq
D_Tbl_to_Hqql,TTBar,/home/maxwelhelp/Рабочий стол/JetClassOfficial/val_5M/TTBar_120.root,18095,label_Tbqq,label_Hcc,label_Hcc,label_Tbqq,0.4091825485229492,0.017295990139245987,-0.39188655838370323,0.39188655838370323,22,pair_direct_legacy_replay,D_tgt_to_src,0.4091825485229492,0.017295990139245987,-0.39188655838370323,0.39188655838370323,label_Hcc,label_Tbqq
D_Tbl_to_Hqql,TTBar,/home/maxwelhelp/Рабочий стол/JetClassOfficial/val_5M/TTBar_120.root,18116,label_Tbqq,label_Hcc,label_Hcc,label_Tbqq,0.5174515843391418,0.0004914783639833331,-0.5169601059751585,0.5169601059751585,22,pair_direct_legacy_replay,D_tgt_to_src,0.5174515843391418,0.0004914783639833331,-0.5169601059751585,0.5169601059751585,label_Hcc,label_Tbqq
D_Tbl_to_Hqql,TTBar,/home/maxwelhelp/Рабочий стол/JetClassOfficial/val_5M/TTBar_120.root,18193,label_Tbqq,label_Hcc,label_Hcc,label_Tbqq,0.5796486735343933,0.10158497095108032,-0.478063702583313,0.478063702583313,22,pair_direct_legacy_replay,D_tgt_to_src,0.5796486735343933,0.10158497095108032,-0.478063702583313,0.478063702583313,label_Hcc,label_Tbqq
D_Tbl_to_Hqql,TTBar,/home/maxwelhelp/Рабочий стол/JetClassOfficial/val_5M/TTBar_120.root,18269,label_Tbqq,label_Hcc,label_Hcc,label_Tbqq,0.38919463753700256,0.3694619834423065,-0.019732654094696045,0.019732654094696045,22,pair_direct_legacy_replay,D_tgt_to_src,0.38919463753700256,0.3694619834423065,-0.019732654094696045,0.019732654094696045,label_Hcc,label_Tbqq
D_Tbl_to_Hqql,TTBar,/home/maxwelhelp/Рабочий стол/JetClassOfficial/val_5M/TTBar_120.root,18342,label_Tbqq,label_Hcc,label_Hcc,label_Tbqq,0.9706820249557495,0.008817870169878006,-0.9618641547858715,0.9618641547858715,22,pair_direct_legacy_replay,D_tgt_to_src,0.9706820249557495,0.008817870169878006,-0.9618641547858715,0.9618641547858715,label_Hcc,label_Tbqq
D_Tbl_to_Hqql,TTBar,/home/maxwelhelp/Рабочий стол/JetClassOfficial/val_5M/TTBar_120.root,18402,label_Tbqq,label_Hcc,label_Hcc,label_Tbqq,0.4933196008205414,0.39318737387657166,-0.10013222694396973,0.10013222694396973,22,pair_direct_legacy_replay,D_tgt_to_src,0.4933196008205414,0.39318737387657166,-0.10013222694396973,0.10013222694396973,label_Hcc,label_Tbqq
D_Tbl_to_Hqql,TTBar,/home/maxwelhelp/Рабочий стол/JetClassOfficial/val_5M/TTBar_120.root,18687,label_Tbqq,label_Hcc,label_Hcc,label_Tbqq,0.44278663396835327,0.3579815924167633,-0.08480504155158997,0.08480504155158997,22,pair_direct_legacy_replay,D_tgt_to_src,0.44278663396835327,0.3579815924167633,-0.08480504155158997,0.08480504155158997,label_Hcc,label_Tbqq
D_Tbl_to_Hqql,TTBar,/home/maxwelhelp/Рабочий стол/JetClassOfficial/val_5M/TTBar_120.root,18699,label_Tbqq,label_Hcc,label_Hcc,label_Tbqq,0.5404899716377258,0.3039918541908264,-0.23649811744689941,0.23649811744689941,22,pair_direct_legacy_replay,D_tgt_to_src,0.5404899716377258,0.3039918541908264,-0.23649811744689941,0.23649811744689941,label_Hcc,label_Tbqq
D_Tbl_to_Hqql,TTBar,/home/maxwelhelp/Рабочий стол/JetClassOfficial/val_5M/TTBar_120.root,18731,label_Tbqq,label_Hcc,label_Hcc,label_Tbqq,0.33153393864631653,0.24125570058822632,-0.09027823805809021,0.09027823805809021,22,pair_direct_legacy_replay,D_tgt_to_src,0.33153393864631653,0.24125570058822632,-0.09027823805809021,0.09027823805809021,label_Hcc,label_Tbqq
D_Tbl_to_Hqql,TTBar,/home/maxwelhelp/Рабочий стол/JetClassOfficial/val_5M/TTBar_120.root,18793,label_Tbqq,label_Hcc,label_Hcc,label_Tbqq,0.7657548785209656,0.13091136515140533,-0.6348435133695602,0.6348435133695602,22,pair_direct_legacy_replay,D_tgt_to_src,0.7657548785209656,0.13091136515140533,-0.6348435133695602,0.6348435133695602,label_Hcc,label_Tbqq
D_Tbl_to_Hqql,TTBar,/home/maxwelhelp/Рабочий стол/JetClassOfficial/val_5M/TTBar_120.root,18820,label_Tbqq,label_Hcc,label_Hcc,label_Tbqq,0.7894735336303711,0.00033444209839217365,-0.7891390915319789,0.7891390915319789,22,pair_direct_legacy_replay,D_tgt_to_src,0.7894735336303711,0.00033444209839217365,-0.7891390915319789,0.7891390915319789,label_Hcc,label_Tbqq
D_Tbl_to_Hqql,TTBar,/home/maxwelhelp/Рабочий стол/JetClassOfficial/val_5M/TTBar_120.root,18839,label_Tbqq,label_Hcc,label_Hcc,label_Tbqq,0.7068947553634644,0.10727521777153015,-0.5996195375919342,0.5996195375919342,22,pair_direct_legacy_replay,D_tgt_to_src,0.7068947553634644,0.10727521777153015,-0.5996195375919342,0.5996195375919342,label_Hcc,label_Tbqq
D_Tbl_to_Hqql,TTBar,/home/maxwelhelp/Рабочий стол/JetClassOfficial/val_5M/TTBar_120.root,18861,label_Tbqq,label_Hcc,label_Hcc,label_Tbqq,0.2971119284629822,0.1797456443309784,-0.11736628413200378,0.11736628413200378,22,pair_direct_legacy_replay,D_tgt_to_src,0.2971119284629822,0.1797456443309784,-0.11736628413200378,0.11736628413200378,label_Hcc,label_Tbqq
D_Tbl_to_Hqql,TTBar,/home/maxwelhelp/Рабочий стол/JetClassOfficial/val_5M/TTBar_120.root,18884,label_Tbqq,label_Hcc,label_Hcc,label_Tbqq,0.31992629170417786,0.007386867888271809,-0.31253942381590605,0.31253942381590605,22,pair_direct_legacy_replay,D_tgt_to_src,0.31992629170417786,0.007386867888271809,-0.31253942381590605,0.31253942381590605,label_Hcc,label_Tbqq
D_Tbl_to_Hqql,TTBar,/home/maxwelhelp/Рабочий стол/JetClassOfficial/val_5M/TTBar_120.root,18893,label_Tbqq,label_Hcc,label_Hcc,label_Tbqq,0.35993874073028564,0.0885467529296875,-0.27139198780059814,0.27139198780059814,22,pair_direct_legacy_replay,D_tgt_to_src,0.35993874073028564,0.0885467529296875,-0.27139198780059814,0.27139198780059814,label_Hcc,label_Tbqq
D_Tbl_to_Hqql,TTBar,/home/maxwelhelp/Рабочий стол/JetClassOfficial/val_5M/TTBar_120.root,18898,label_Tbqq,label_Hcc,label_Hcc,label_Tbqq,0.9112945795059204,0.055073417723178864,-0.8562211617827415,0.8562211617827415,22,pair_direct_legacy_replay,D_tgt_to_src,0.9112945795059204,0.055073417723178864,-0.8562211617827415,0.8562211617827415,label_Hcc,label_Tbqq
D_Tbl_to_Hqql,TTBar,/home/maxwelhelp/Рабочий стол/JetClassOfficial/val_5M/TTBar_120.root,18915,label_Tbqq,label_Hcc,label_Hcc,label_Tbqq,0.4753212332725525,0.2778661251068115,-0.19745510816574097,0.19745510816574097,22,pair_direct_legacy_replay,D_tgt_to_src,0.4753212332725525,0.2778661251068115,-0.19745510816574097,0.19745510816574097,label_Hcc,label_Tbqq
D_Tbl_to_Hqql,TTBar,/home/maxwelhelp/Рабочий стол/JetClassOfficial/val_5M/TTBar_120.root,18939,label_Tbqq,label_Hcc,label_Hcc,label_Tbqq,0.32516956329345703,0.06057373061776161,-0.2645958326756954,0.2645958326756954,22,pair_direct_legacy_replay,D_tgt_to_src,0.32516956329345703,0.06057373061776161,-0.2645958326756954,0.2645958326756954,label_Hcc,label_Tbqq
