objective,head_id,pair_role,B_mean_A,B_mean_AxGrad,A_mean_AxGrad,C_mean_AxGrad,D_mean_AxGrad,B_minus_A_AxGrad,B_minus_C_AxGrad,abs_B_mean_AxGrad,support_score
signed_hqql_tbl,mod.cls_blocks.0.attn.h4,neutral_hadron<-CLS,0.07247801870107651,-0.9472815990447998,0.3776716530323029,0.0,0.0,-1.3249532520771026,-0.9472815990447998,0.9472815990447998,1.609758225083351
signed_hqql_tbl,mod.cls_blocks.0.attn.h4,CLS<-CLS,0.08238575048744678,-0.6079392284154892,0.19130966998636723,0.0,0.0,-0.7992488984018564,-0.6079392284154892,0.6079392284154892,1.0075636776164174
signed_hqql_tbl,mod.cls_blocks.0.attn.h4,charged_hadron<-CLS,0.08348425850272179,-0.5027757436037064,0.22172602266073227,0.0,0.0,-0.7245017662644386,-0.5027757436037064,0.5027757436037064,0.8650266267359257
signed_hqql_tbl,mod.cls_blocks.0.attn.h4,photon<-CLS,0.09009646624326706,-0.47892382740974426,0.01247518757979075,0.0,0.0,-0.49139901498953503,-0.47892382740974426,0.47892382740974426,0.7246233349045118
signed_hqql_tbl,mod.cls_blocks.0.attn.h6,neutral_hadron<-CLS,0.05928464233875275,-0.25338008999824524,0.1975641168653965,0.0,0.0,-0.45094420686364173,-0.25338008999824524,0.25338008999824524,0.47885219343006613
signed_hqql_tbl,mod.cls_blocks.0.attn.h6,charged_hadron<-CLS,0.076466865837574,-0.21860304474830627,0.16898711770772934,0.0,0.0,-0.3875901624560356,-0.21860304474830627,0.21860304474830627,0.4123981259763241
signed_hqql_tbl,mod.cls_blocks.0.attn.h6,CLS<-CLS,0.07168903760612011,-0.21868734061717987,0.13595788010570686,0.0,0.0,-0.35464522072288673,-0.21868734061717987,0.21868734061717987,0.39600995097862324
signed_hqql_tbl,mod.cls_blocks.0.attn.h6,photon<-CLS,0.07453777641057968,-0.1841631829738617,0.06327951928445448,0.0,0.0,-0.24744270225831616,-0.1841631829738617,0.1841631829738617,0.30788453410301975
B_tbl_minus_hqql,mod.cls_blocks.0.attn.h4,neutral_hadron<-neutral_hadron,0.03761788261564154,-0.10338569942273591,0.0,0.0,0.0,-0.10338569942273591,-0.10338569942273591,0.10338569942273591,0.15507854913410388
signed_hqql_tbl,mod.cls_blocks.0.attn.h4,muon<-CLS,0.0,0.0,0.21084123849868774,0.0,0.0,-0.21084123849868774,0.0,0.0,0.10542061924934387
signed_hqql_tbl,mod.cls_blocks.0.attn.h1,neutral_hadron<-CLS,0.02237526699900627,-0.04949124902486801,0.019748130184598266,0.0,0.0,-0.06923937920946628,-0.04949124902486801,0.04949124902486801,0.08411093862960115
signed_hqql_tbl,mod.cls_blocks.0.attn.h4,neutral_hadron<-neutral_hadron,0.03552222369532836,-0.060160010268813686,-0.02082321537739557,-0.08482877303052831,0.08712089648752501,-0.039336794891418114,0.024668762761714626,0.060160010268813686,0.07982840771452274
signed_hqql_tbl,mod.cls_blocks.0.attn.h6,muon<-CLS,0.0,0.0,0.13187991082668304,0.0,0.0,-0.13187991082668304,0.0,0.0,0.06593995541334152
signed_hqql_tbl,mod.cls_blocks.0.attn.h0,neutral_hadron<-CLS,0.03723757341504097,-0.03348887339234352,0.028248633630573748,0.0,0.0,-0.06173750702291727,-0.03348887339234352,0.03348887339234352,0.06435762690380216
signed_hqql_tbl,mod.cls_blocks.0.attn.h6,muon<-muon,0.0,0.0,0.11670388281345367,0.0,0.0,-0.11670388281345367,0.0,0.0,0.05835194140672684
B_tbl_minus_hqql,mod.cls_blocks.0.attn.h6,neutral_hadron<-neutral_hadron,0.03192077773182016,-0.03819384739587182,0.0,0.0,0.0,-0.03819384739587182,-0.03819384739587182,0.03819384739587182,0.05729077109380773
signed_hqql_tbl,mod.cls_blocks.0.attn.h0,CLS<-CLS,0.043855443596839905,-0.02896677888929844,0.025538262110330834,0.0,0.0,-0.05450504099962927,-0.02896677888929844,0.02896677888929844,0.056219299389113075
signed_hqql_tbl,mod.cls_blocks.0.attn.h0,photon<-CLS,0.04938535392284393,-0.027168691158294678,0.027256740257143974,0.0,0.0,-0.05442543141543865,-0.027168691158294678,0.027168691158294678,0.054381406866014004
signed_hqql_tbl,mod.cls_blocks.0.attn.h0,charged_hadron<-CLS,0.04439942352473736,-0.02760477550327778,0.02369566313973337,0.0,0.0,-0.05130043864301115,-0.02760477550327778,0.02760477550327778,0.05325499482478335
B_tbl_minus_hqql,mod.cls_blocks.0.attn.h4,photon<-electron,0.01746567338705063,0.03207950294017792,0.0,0.0,0.0,0.03207950294017792,0.03207950294017792,0.03207950294017792,0.048119254410266876
signed_hqql_tbl,mod.cls_blocks.0.attn.h4,photon<-electron,0.01746566966176033,0.03207949921488762,0.0011071603803429753,0.0,0.0,0.030972338834544644,0.03207949921488762,0.03207949921488762,0.04756566863215994
signed_hqql_tbl,mod.cls_blocks.0.attn.h1,CLS<-CLS,0.025727982632815838,-0.0266452815849334,0.01094528356770752,0.0,0.0,-0.03759056515264092,-0.0266452815849334,0.0266452815849334,0.04544056416125386
signed_hqql_tbl,mod.cls_blocks.0.attn.h6,neutral_hadron<-neutral_hadron,0.029203637650138455,-0.025738003124531946,-0.0008386666684047035,-0.024842587610085804,0.037783368970408585,-0.02489933645612724,-0.000895415514446142,0.025738003124531946,0.03818767135259557
signed_hqql_tbl,mod.cls_blocks.0.attn.h1,charged_hadron<-CLS,0.028027747757732868,-0.022121237590909004,0.009746097028255463,0.0,0.0,-0.03186733461916447,-0.022121237590909004,0.022121237590909004,0.03805490490049124
B_tbl_minus_hqql,mod.cls_blocks.0.attn.h4,photon<-photon,0.01982325896040186,-0.02318124802081616,0.0,0.0,0.0,-0.02318124802081616,-0.02318124802081616,0.02318124802081616,0.03477187203122424
signed_hqql_tbl,mod.cls_blocks.0.attn.h6,CLS<-muon,0.038836732506752014,-0.00042186773498542607,0.0552400485612452,-0.0017799264751374722,-0.0012622333597391844,-0.05566191629623063,0.001358058740152046,0.00042186773498542607,0.02825282588310074
signed_hqql_tbl,mod.cls_blocks.1.attn.h3,muon<-muon,0.0,0.0,0.055179938673973083,0.0,0.0,-0.055179938673973083,0.0,0.0,0.027589969336986542
signed_hqql_tbl,mod.cls_blocks.0.attn.h4,photon<-photon,0.018937560645016758,-0.0166130041727772,0.0031836408574285138,-0.014545922954406204,0.02426093017709428,-0.019796645030205715,-0.002067081218370995,0.0166130041727772,0.026511326687880057
signed_hqql_tbl,mod.cls_blocks.0.attn.h0,photon<-electron,0.022943468764424324,0.003607827005907893,0.04918410725076683,0.0,0.0,-0.045576280244858935,0.003607827005907893,0.003607827005907893,0.02639596712833736
B_tbl_minus_hqql,mod.cls_blocks.0.attn.h4,CLS<-neutral_hadron,0.028074809217027256,-0.0166799792842496,0.0,0.0,0.0,-0.0166799792842496,-0.0166799792842496,0.0166799792842496,0.0250199689263744
signed_hqql_tbl,mod.cls_blocks.0.attn.h4,charged_hadron<-muon,0.02544630877673626,0.015715891495347023,0.0,0.0,0.0,0.015715891495347023,0.015715891495347023,0.015715891495347023,0.023573837243020535
B_tbl_minus_hqql,mod.cls_blocks.0.attn.h4,CLS<-muon,0.02544630691409111,0.015715887770056725,0.0,0.0,0.0,0.015715887770056725,0.015715887770056725,0.015715887770056725,0.023573831655085087
B_tbl_minus_hqql,mod.cls_blocks.0.attn.h4,charged_hadron<-muon,0.02544630691409111,0.015715887770056725,0.0,0.0,0.0,0.015715887770056725,0.015715887770056725,0.015715887770056725,0.023573831655085087
signed_hqql_tbl,mod.cls_blocks.0.attn.h1,photon<-CLS,0.024481168016791344,-0.01284740213304758,0.0027007642590130367,0.0,0.0,-0.015548166392060617,-0.01284740213304758,0.01284740213304758,0.02062148532907789
signed_hqql_tbl,mod.cls_blocks.0.attn.h3,muon<-CLS,0.0,0.0,0.040568191558122635,0.0,0.0,-0.040568191558122635,0.0,0.0,0.020284095779061317
signed_hqql_tbl,mod.cls_blocks.0.attn.h4,neutral_hadron<-charged_hadron,0.023137593722861748,0.010424744499766308,-0.0077955246266752185,0.015635311603546143,-0.009534074472529547,0.018220269126441528,-0.005210567103779835,0.010424744499766308,0.019534879062987072
signed_hqql_tbl,mod.cls_blocks.0.attn.h7,muon<-muon,0.0,0.0,0.03866972029209137,0.0,0.0,-0.03866972029209137,0.0,0.0,0.019334860146045685
B_tbl_minus_hqql,mod.cls_blocks.0.attn.h6,photon<-electron,0.018406590446829796,0.012879460118710995,0.0,0.0,0.0,0.012879460118710995,0.012879460118710995,0.012879460118710995,0.019319190178066492
signed_hqql_tbl,mod.cls_blocks.0.attn.h4,muon<-neutral_hadron,0.0,0.0,-0.03812427073717117,0.0,0.0,0.03812427073717117,0.0,0.0,0.019062135368585587
signed_hqql_tbl,mod.cls_blocks.0.attn.h1,muon<-muon,0.0,0.0,0.0354825034737587,0.0,0.0,-0.0354825034737587,0.0,0.0,0.01774125173687935
B_tbl_minus_hqql,mod.cls_blocks.0.attn.h4,photon<-charged_hadron,0.022802187294899662,0.011811495369559602,0.0,0.0,0.0,0.011811495369559602,0.011811495369559602,0.011811495369559602,0.0177172430543394
signed_hqql_tbl,mod.cls_blocks.0.attn.h7,neutral_hadron<-CLS,0.03969261422753334,-0.009901925921440125,0.005056048015831038,0.0,0.0,-0.014957973937271163,-0.009901925921440125,0.009901925921440125,0.017380912890075706
signed_hqql_tbl,mod.cls_blocks.0.attn.h4,charged_hadron<-neutral_hadron,0.025471918666974094,0.007674735254393174,-0.011364769656211138,0.008404178136327076,0.002545884344726801,0.019039504910604313,-0.0007294428819339021,0.007674735254393174,0.01719448770969533
signed_hqql_tbl,mod.cls_blocks.0.attn.h4,photon<-charged_hadron,0.02300500832026518,0.012153241170358054,0.0025028781853167407,0.00946041444937388,-0.010561776309053307,0.009650362985041313,0.002692826720984174,0.012153241170358054,0.01697842266287871
signed_hqql_tbl,mod.cls_blocks.1.attn.h3,CLS<-muon,0.0037581450305879116,0.00012339903332758695,0.03371920436620712,1.0751300578704104e-05,5.687324119207915e-06,-0.033595805332879536,0.00011264773274888285,0.00012339903332758695,0.016921301699767355
signed_hqql_tbl,mod.cls_blocks.0.attn.h4,CLS<-muon,0.02544630877673626,0.015715891495347023,0.013364453698159195,-0.017565390095114708,0.016117161139845848,0.0023514377971878275,0.03328128159046173,0.015715891495347023,0.016891610393940937
signed_hqql_tbl,mod.cls_blocks.0.attn.h1,charged_hadron<-muon,0.06570735573768616,0.011206291615962982,0.0,0.0,0.0,0.011206291615962982,0.011206291615962982,0.011206291615962982,0.016809437423944473
B_tbl_minus_hqql,mod.cls_blocks.0.attn.h1,CLS<-muon,0.06570736318826675,0.011206286959350109,0.0,0.0,0.0,0.011206286959350109,0.011206286959350109,0.011206286959350109,0.016809430439025164
B_tbl_minus_hqql,mod.cls_blocks.0.attn.h1,charged_hadron<-muon,0.06570736318826675,0.011206286959350109,0.0,0.0,0.0,0.011206286959350109,0.011206286959350109,0.011206286959350109,0.016809430439025164
signed_hqql_tbl,mod.cls_blocks.1.attn.h0,neutral_hadron<-muon,0.0,0.0,0.03297380357980728,-2.9117783924448304e-05,-2.8646460123127326e-05,-0.03297380357980728,2.9117783924448304e-05,0.0,0.01648690178990364
B_tbl_minus_hqql,mod.cls_blocks.0.attn.h4,charged_hadron<-charged_hadron,0.024202150834161183,-0.010884832634135734,0.0,0.0,0.0,-0.010884832634135734,-0.010884832634135734,0.010884832634135734,0.0163272489512036
B_tbl_minus_hqql,mod.cls_blocks.0.attn.h4,charged_hadron<-neutral_hadron,0.02647835646684353,0.010584541238271274,0.0,0.0,0.0,0.010584541238271274,0.010584541238271274,0.010584541238271274,0.01587681185740691
B_tbl_minus_hqql,mod.cls_blocks.0.attn.h4,CLS<-electron,0.01577453762292862,0.010167480818927288,0.0,0.0,0.0,0.010167480818927288,0.010167480818927288,0.010167480818927288,0.015251221228390933
signed_hqql_tbl,mod.cls_blocks.0.attn.h6,photon<-electron,0.018406590446829796,0.01287945918738842,0.01716492627747357,0.0,0.0,-0.004285467090085149,0.01287945918738842,0.01287945918738842,0.015022192732430995
signed_hqql_tbl,mod.cls_blocks.0.attn.h7,photon<-CLS,0.04576645791530609,-0.008286434225738049,0.0043324750537673635,0.0,0.0,-0.012618909279505413,-0.008286434225738049,0.008286434225738049,0.014595888865490755
signed_hqql_tbl,mod.cls_blocks.0.attn.h6,neutral_hadron<-charged_hadron,0.024109451343183933,0.007156186372689579,-0.007721387882633965,0.0053485160375513685,-0.005473693424747104,0.014877574255323545,0.0018076703351382105,0.007156186372689579,0.014594973500351351
signed_hqql_tbl,mod.cls_blocks.0.attn.h1,CLS<-muon,0.06570735573768616,0.011206291615962982,0.01767820257373387,0.0005515060038305819,-0.001565404498251155,-0.006471910957770888,0.0106547856121324,0.011206291615962982,0.014442247094848426
signed_hqql_tbl,mod.cls_blocks.0.attn.h3,photon<-CLS,0.010048355907201767,-0.0034493899438530207,0.01804346777498722,0.0,0.0,-0.02149285771884024,-0.0034493899438530207,0.0034493899438530207,0.014195818803273141
signed_hqql_tbl,mod.cls_blocks.0.attn.h7,CLS<-CLS,0.03991310205310583,-0.007696544751524925,0.00497434095996141,0.0,0.0,-0.012670885711486335,-0.007696544751524925,0.007696544751524925,0.014031987607268093
signed_hqql_tbl,mod.cls_blocks.0.attn.h7,charged_hadron<-CLS,0.037096668034791946,-0.006298909429460764,0.007781937281833962,0.0,0.0,-0.014080846711294726,-0.006298909429460764,0.006298909429460764,0.013339332785108127
signed_hqql_tbl,mod.cls_blocks.0.attn.h4,CLS<-neutral_hadron,0.026905249449468795,-0.008697031343000986,-0.01770911778692367,-0.018976774841963136,0.03789259020525675,0.009012086443922682,0.01027974349896215,0.008697031343000986,0.013203074564962327
signed_hqql_tbl,mod.cls_blocks.0.attn.h4,muon<-muon,0.0,0.0,0.02630998194217682,0.0,0.0,-0.02630998194217682,0.0,0.0,0.01315499097108841
B_tbl_minus_hqql,mod.cls_blocks.0.attn.h4,neutral_hadron<-charged_hadron,0.02284744608661403,0.00870755250039308,0.0,0.0,0.0,0.00870755250039308,0.00870755250039308,0.00870755250039308,0.013061328750589619
signed_hqql_tbl,mod.cls_blocks.1.attn.h3,photon<-electron,0.006641078740358353,-0.00014744936197530478,-0.025545233162119985,0.0,0.0,0.02539778380014468,-0.00014744936197530478,0.00014744936197530478,0.012846341262047645
signed_hqql_tbl,mod.cls_blocks.0.attn.h6,photon<-charged_hadron,0.022886098562916624,0.00685443851766707,-0.00465960879193013,0.006371574024810936,-0.005175020968176655,0.0115140473095972,0.0004828644928561339,0.00685443851766707,0.01261146217246567
signed_hqql_tbl,mod.cls_blocks.0.attn.h4,photon<-neutral_hadron,0.02275822598200578,0.004352880283617056,-0.012051134068957147,0.004367042532456773,0.0002837281053264936,0.016404014352574204,-1.4162248839716916e-05,0.004352880283617056,0.012554887459904157
signed_hqql_tbl,mod.cls_blocks.0.attn.h3,neutral_hadron<-CLS,0.008264906704425812,-0.005562406033277512,0.008151781396009028,0.0,0.0,-0.01371418742928654,-0.005562406033277512,0.005562406033277512,0.012419499747920781
signed_hqql_tbl,mod.cls_blocks.0.attn.h4,CLS<-electron,0.013867612183094024,0.008744165301322937,0.0022520586571772583,0.00619593053124845,-0.006610222160816193,0.006492106644145679,0.0025482347700744867,0.008744165301322937,0.011990218623395776
signed_hqql_tbl,mod.cls_blocks.0.attn.h7,CLS<-muon,0.018436826765537262,0.002345813438296318,0.02159743127413094,0.000935508229304105,0.0007448366959579289,-0.019251617835834622,0.001410305208992213,0.002345813438296318,0.01197162235621363
signed_hqql_tbl,mod.cls_blocks.0.attn.h6,photon<-neutral_hadron,0.02138039727623646,0.005487535417509766,-0.006684594318571994,0.003385634161531925,-0.004367446185400089,0.01217212973608176,0.002101901255977841,0.005487535417509766,0.011573600285550645
signed_hqql_tbl,mod.cls_blocks.0.attn.h0,muon<-muon,0.0,0.0,0.021824201568961143,0.0,0.0,-0.021824201568961143,0.0,0.0,0.010912100784480572
signed_hqql_tbl,mod.cls_blocks.0.attn.h1,muon<-CLS,0.0,0.0,0.021194912493228912,0.0,0.0,-0.021194912493228912,0.0,0.0,0.010597456246614456
B_tbl_minus_hqql,mod.cls_blocks.0.attn.h3,charged_hadron<-electron,0.02004187647253275,0.006641968990152236,0.0,0.0,0.0,0.006641968990152236,0.006641968990152236,0.006641968990152236,0.009962953485228354
signed_hqql_tbl,mod.cls_blocks.0.attn.h3,CLS<-CLS,0.00792346999514848,-0.0023877932981122285,0.012719609339910676,0.0,0.0,-0.015107402638022904,-0.0023877932981122285,0.0023877932981122285,0.00994149461712368
signed_hqql_tbl,mod.blocks.6.attn.h6,muon<-electron,0.0005148538621142507,5.345578756532632e-06,0.0198229793459177,0.0,0.0,-0.01981763376716117,5.345578756532632e-06,5.345578756532632e-06,0.009914162462337117
B_tbl_minus_hqql,mod.cls_blocks.0.attn.h6,neutral_hadron<-charged_hadron,0.023123765121335568,0.00651068046041157,0.0,0.0,0.0,0.00651068046041157,0.00651068046041157,0.00651068046041157,0.009766020690617355
signed_hqql_tbl,mod.cls_blocks.0.attn.h5,photon<-electron,0.03233671188354492,-0.005430614575743675,0.0031466086584259756,0.0,0.0,-0.00857722323416965,-0.005430614575743675,0.005430614575743675,0.0097192261928285
signed_hqql_tbl,mod.cls_blocks.0.attn.h4,neutral_hadron<-photon,0.019516233886991228,0.0056930652686527795,-0.002076873154957083,0.013448604215414096,-0.008668168457132756,0.007769938423609863,-0.007755538946761316,0.0056930652686527795,0.009578034480457711
signed_hqql_tbl,mod.cls_blocks.0.attn.h6,neutral_hadron<-photon,0.019925145166260854,0.0050315816687153915,-0.003998795948639701,0.005501943807571362,-0.0061604325650352065,0.009030377617355093,-0.00047036213885597034,0.0050315816687153915,0.009546770477392937
B_tbl_minus_hqql,mod.cls_blocks.0.attn.h4,neutral_hadron<-photon,0.020432165690830777,0.006200523647878852,0.0,0.0,0.0,0.006200523647878852,0.006200523647878852,0.006200523647878852,0.009300785471818278
B_tbl_minus_hqql,mod.cls_blocks.0.attn.h6,photon<-charged_hadron,0.021940242263335217,0.006177077470700952,0.0,0.0,0.0,0.006177077470700952,0.006177077470700952,0.006177077470700952,0.009265616206051427
B_tbl_minus_hqql,mod.cls_blocks.0.attn.h3,CLS<-electron,0.019284281879663467,0.005847773904679343,0.0,0.0,0.0,0.005847773904679343,0.005847773904679343,0.005847773904679343,0.008771660857019015
signed_hqql_tbl,mod.cls_blocks.0.attn.h4,CLS<-charged_hadron,0.023583294264429164,0.0040717834047430115,-0.005293453406733957,-0.0011905569035931417,-0.0030274090137990084,0.009365236811476968,0.005262340308336153,0.0040717834047430115,0.008754401810481496
signed_hqql_tbl,mod.cls_blocks.0.attn.h6,charged_hadron<-photon,0.01658673629075467,0.0035010264952204185,-0.006987042030540563,0.006622083184326657,-0.007781633877425225,0.010488068525760981,-0.0031210566891062387,0.0035010264952204185,0.008745060758100909
B_tbl_minus_hqql,mod.cls_blocks.0.attn.h4,photon<-neutral_hadron,0.02349570393562317,0.0057851123408629345,0.0,0.0,0.0,0.0057851123408629345,0.0057851123408629345,0.0057851123408629345,0.008677668511294402
B_tbl_minus_hqql,mod.cls_blocks.0.attn.h6,neutral_hadron<-photon,0.021405902558139393,0.005738025497911232,0.0,0.0,0.0,0.005738025497911232,0.005738025497911232,0.005738025497911232,0.008607038246866847
signed_hqql_tbl,mod.cls_blocks.0.attn.h2,muon<-CLS,0.0,0.0,0.017139950767159462,0.0,0.0,-0.017139950767159462,0.0,0.0,0.008569975383579731
B_tbl_minus_hqql,mod.cls_blocks.0.attn.h6,photon<-neutral_hadron,0.023758656703508817,0.005700151776321805,0.0,0.0,0.0,0.005700151776321805,0.005700151776321805,0.005700151776321805,0.008550227664482707
signed_hqql_tbl,mod.cls_blocks.1.attn.h3,neutral_hadron<-electron,0.0,0.0,0.01687589753419161,-0.0003724282723851502,-5.6601605592732085e-05,-0.01687589753419161,0.0003724282723851502,0.0,0.008437948767095804
signed_hqql_tbl,mod.cls_blocks.1.attn.h0,CLS<-muon,0.002086226362735033,-2.008654882956762e-05,0.016492317879055918,-2.9117783924448304e-05,6.423574268410448e-05,-0.016512404427885485,9.031235094880685e-06,2.008654882956762e-05,0.00827628876277231
signed_hqql_tbl,mod.cls_blocks.0.attn.h6,CLS<-charged_hadron,0.023373270173809618,0.0031058056057368354,-0.007002374201482935,0.001422154975708604,-0.002063127891982303,0.01010817980721977,0.0016836506300282313,0.0031058056057368354,0.008159895509346721
B_tbl_minus_hqql,mod.cls_blocks.0.attn.h5,photon<-electron,0.03233670815825462,-0.005430613644421101,0.0,0.0,0.0,-0.005430613644421101,-0.005430613644421101,0.005430613644421101,0.008145920466631651
B_tbl_minus_hqql,mod.cls_blocks.0.attn.h6,photon<-photon,0.020655295291504304,-0.005216698900058672,0.0,0.0,0.0,-0.005216698900058672,-0.005216698900058672,0.005216698900058672,0.007825048350088008
signed_hqql_tbl,mod.cls_blocks.0.attn.h1,photon<-electron,0.01655731163918972,0.0006486529600806534,0.014966704184189439,0.0,0.0,-0.014318051224108785,0.0006486529600806534,0.0006486529600806534,0.007807678572135046
signed_hqql_tbl,mod.cls_blocks.0.attn.h0,CLS<-muon,0.027830205857753754,0.003533068113029003,0.011865446169395,0.001149057294242084,-0.0008630295051261783,-0.008332378056365997,0.002384010818786919,0.003533068113029003,0.0076992571412120014
signed_hqql_tbl,mod.cls_blocks.0.attn.h6,photon<-photon,0.019708626069031752,-0.0033190134283784148,0.005021404191801274,-0.004528004290728733,0.006236859934701436,-0.008340417620179688,0.0012089908623503184,0.0033190134283784148,0.007489222238468259
signed_hqql_tbl,mod.cls_blocks.1.attn.h5,photon<-CLS,0.055257368832826614,-0.00468977028504014,0.000351634991299458,0.0,0.0,-0.0050414052763395984,-0.00468977028504014,0.00468977028504014,0.00721047292320994
signed_hqql_tbl,mod.cls_blocks.0.attn.h3,photon<-charged_hadron,0.02466111092627803,0.004305541279572475,-0.001370297099676836,-0.0009780014780434694,-0.004832689851983306,0.005675838379249311,0.005283542757615944,0.004305541279572475,0.00714346046919713
signed_hqql_tbl,mod.cls_blocks.0.attn.h4,charged_hadron<-charged_hadron,0.024087300307528918,-0.0030381444105228713,-0.011093514071682752,-0.010529952988262401,0.010569066955493046,0.00805536966115988,0.00749180857773953,0.0030381444105228713,0.007065829241102811
B_tbl_minus_hqql,mod.cls_blocks.0.attn.h6,CLS<-neutral_hadron,0.026189341963756652,-0.004700042196505126,0.0,0.0,0.0,-0.004700042196505126,-0.004700042196505126,0.004700042196505126,0.007050063294757689
B_tbl_minus_hqql,mod.cls_blocks.0.attn.h4,charged_hadron<-electron,0.015351753681898117,0.004689475288614631,0.0,0.0,0.0,0.004689475288614631,0.004689475288614631,0.004689475288614631,0.007034212932921946
B_tbl_minus_hqql,mod.cls_blocks.0.attn.h6,charged_hadron<-neutral_hadron,0.025017560865634527,0.0046839899956606906,0.0,0.0,0.0,0.0046839899956606906,0.0046839899956606906,0.0046839899956606906,0.007025984993491036
signed_hqql_tbl,mod.blocks.3.attn.h0,muon<-electron,0.000796573469415307,1.8308201106265187e-05,-0.013980912044644356,0.0,0.0,0.013999220245750621,1.8308201106265187e-05,1.8308201106265187e-05,0.007017918323981576
signed_hqql_tbl,mod.cls_blocks.0.attn.h3,neutral_hadron<-photon,0.026728310755320957,0.0038799611585480826,-0.0023115993465615222,0.0023414883046196057,-0.0031589366643145532,0.006191560505109605,0.001538472853928477,0.0038799611585480826,0.006975741411102885
signed_hqql_tbl,mod.cls_blocks.0.attn.h0,CLS<-electron,0.015084348991513253,0.0010059863736387343,0.012873793100879993,0.00027418837271397933,-0.005316911661793711,-0.011867806727241258,0.0007317980009247549,0.0010059863736387343,0.006939889737259363
signed_hqql_tbl,mod.cls_blocks.1.attn.h6,charged_hadron<-CLS,0.0011004368134308606,-1.0787628070829669e-05,0.013805133526375357,0.0,0.0,-0.013815921154446187,-1.0787628070829669e-05,1.0787628070829669e-05,0.006918748205293923
signed_hqql_tbl,mod.cls_blocks.0.attn.h6,charged_hadron<-neutral_hadron,0.02301423633709932,0.004103300555680807,-0.0011872119616277309,0.0034597989540757997,-0.004672411348049839,0.005290512517308538,0.000643501601605007,0.004103300555680807,0.006748556814335076
B_tbl_minus_hqql,mod.cls_blocks.0.attn.h0,neutral_hadron<-neutral_hadron,0.029493598953673716,-0.004313079444201369,0.0,0.0,0.0,-0.004313079444201369,-0.004313079444201369,0.004313079444201369,0.006469619166302054
B_tbl_minus_hqql,mod.cls_blocks.0.attn.h3,photon<-charged_hadron,0.024241949184031428,0.004240507990876331,0.0,0.0,0.0,0.004240507990876331,0.004240507990876331,0.004240507990876331,0.006360761986314497
signed_hqql_tbl,mod.blocks.3.attn.h7,electron<-muon,0.00022697610256727785,1.413654331372527e-07,0.012641546316444874,0.0,0.0,-0.012641404951011737,1.413654331372527e-07,1.413654331372527e-07,0.0063208438409390055
signed_hqql_tbl,mod.cls_blocks.1.attn.h3,neutral_hadron<-muon,0.0,0.0,0.012258470058441162,1.0751300578704104e-05,-1.9514916857588105e-05,-0.012258470058441162,-1.0751300578704104e-05,0.0,0.006129235029220581
signed_hqql_tbl,mod.cls_blocks.0.attn.h3,muon<-photon,0.0,0.0,-0.012201990593563427,0.0,0.0,0.012201990593563427,0.0,0.0,0.0061009952967817135
signed_hqql_tbl,mod.cls_blocks.0.attn.h6,CLS<-electron,0.018462692573666572,0.0015064479783177375,0.010601120826322585,0.005252178118098527,0.0014492605502406757,-0.009094672848004848,-0.0037457301397807894,0.0015064479783177375,0.006053784402320162
signed_hqql_tbl,mod.cls_blocks.0.attn.h7,photon<-electron,0.015582423657178879,0.0030695281457155943,0.009013644565129653,0.0,0.0,-0.005944116419414058,0.0030695281457155943,0.0030695281457155943,0.0060415863554226235
signed_hqql_tbl,mod.cls_blocks.0.attn.h2,neutral_hadron<-CLS,0.005172007251530886,-0.0022781090810894966,0.005161854275502265,0.0,0.0,-0.007439963356591761,-0.0022781090810894966,0.0022781090810894966,0.005998090759385377
B_tbl_minus_hqql,mod.cls_blocks.0.attn.h3,neutral_hadron<-photon,0.027532743023974553,0.0039673808163830215,0.0,0.0,0.0,0.0039673808163830215,0.0039673808163830215,0.0039673808163830215,0.005951071224574532
signed_hqql_tbl,mod.cls_blocks.0.attn.h3,photon<-photon,0.01807965280173661,0.0031409440743555496,-0.0024288174872462813,0.0001743768727214172,-0.0021949518282992253,0.0055697615616018305,0.0029665672016341324,0.0031409440743555496,0.005925824855156464
signed_hqql_tbl,mod.cls_blocks.0.attn.h1,charged_hadron<-charged_hadron,0.025138397202935328,-0.001750214756358155,0.006516267166678178,0.000580927703713355,0.0005873096659063146,-0.008266481923036334,-0.00233114246007151,0.001750214756358155,0.005883455717876322
B_tbl_minus_hqql,mod.blocks.4.attn.h0,charged_hadron<-muon,0.030027907341718674,0.003912368789315224,0.0,0.0,0.0,0.003912368789315224,0.003912368789315224,0.003912368789315224,0.0058685531839728355
signed_hqql_tbl,mod.cls_blocks.0.attn.h0,muon<-charged_hadron,0.0,0.0,0.011354755610227585,0.0,0.0,-0.011354755610227585,0.0,0.0,0.005677377805113792
signed_hqql_tbl,mod.blocks.4.attn.h0,charged_hadron<-muon,0.030027911067008972,0.003912370186299086,0.0003981465020049841,-6.750669563189149e-05,0.0004923507274890488,0.0035142236842941013,0.003979876881930977,0.003912370186299086,0.005669482028446136
B_tbl_minus_hqql,mod.cls_blocks.0.attn.h4,charged_hadron<-photon,0.01577719457135229,0.0037502924169965845,0.0,0.0,0.0,0.0037502924169965845,0.0037502924169965845,0.0037502924169965845,0.005625438625494876
signed_hqql_tbl,mod.cls_blocks.0.attn.h6,charged_hadron<-charged_hadron,0.023203257904496302,-0.000782432944275612,-0.010267255733073768,-0.001486469527932026,0.00428267027466343,0.009484822788798156,0.000704036583656414,0.000782432944275612,0.00552484433867469
signed_hqql_tbl,mod.cls_blocks.0.attn.h4,muon<-photon,0.0,0.0,-0.011022170158949766,0.0,0.0,0.011022170158949766,0.0,0.0,0.005511085079474883
signed_hqql_tbl,mod.cls_blocks.0.attn.h3,CLS<-charged_hadron,0.022946770006991683,0.0029248473324077124,-0.0021724269169533677,0.00034146407754675074,-0.0032439189993478112,0.00509727424936108,0.0025833832548609616,0.0029248473324077124,0.0054734844570882525
B_tbl_minus_hqql,mod.cls_blocks.0.attn.h6,charged_hadron<-charged_hadron,0.023200981318950653,-0.003636816906374554,0.0,0.0,0.0,-0.003636816906374554,-0.003636816906374554,0.003636816906374554,0.005455225359561831
B_tbl_minus_hqql,mod.cls_blocks.0.attn.h0,photon<-electron,0.022943466901779175,0.0036078246776014566,0.0,0.0,0.0,0.0036078246776014566,0.0036078246776014566,0.0036078246776014566,0.005411737016402185
B_tbl_minus_hqql,mod.cls_blocks.0.attn.h6,charged_hadron<-photon,0.016852507423497958,0.00360113265227058,0.0,0.0,0.0,0.00360113265227058,0.00360113265227058,0.00360113265227058,0.00540169897840587
signed_hqql_tbl,mod.cls_blocks.0.attn.h3,neutral_hadron<-charged_hadron,0.022652532419432766,0.0025555600371697674,-0.003121751946129716,0.0030831452913400604,-0.0036497706458682106,0.0056773119832994835,-0.000527585254170293,0.0025555600371697674,0.00539421602881951
B_tbl_minus_hqql,mod.cls_blocks.0.attn.h0,CLS<-muon,0.02783021330833435,0.003533069510012865,0.0,0.0,0.0,0.003533069510012865,0.003533069510012865,0.003533069510012865,0.005299604265019298
B_tbl_minus_hqql,mod.cls_blocks.0.attn.h0,charged_hadron<-muon,0.02783021330833435,0.003533069510012865,0.0,0.0,0.0,0.003533069510012865,0.003533069510012865,0.003533069510012865,0.005299604265019298
signed_hqql_tbl,mod.cls_blocks.0.attn.h0,charged_hadron<-muon,0.027830205857753754,0.003533068113029003,0.0,0.0,0.0,0.003533068113029003,0.003533068113029003,0.003533068113029003,0.005299602169543505
signed_hqql_tbl,mod.cls_blocks.0.attn.h5,neutral_hadron<-charged_hadron,0.024769226817981056,-0.0031348735741947007,0.0011453348774426054,-8.536082488007662e-05,0.0006524718832224607,-0.004280208451637306,-0.003049512749314624,0.0031348735741947007,0.005274977800013354
signed_hqql_tbl,mod.cls_blocks.0.attn.h4,muon<-charged_hadron,0.0,0.0,-0.010511728376150132,0.0,0.0,0.010511728376150132,0.0,0.0,0.005255864188075066
B_tbl_minus_hqql,mod.cls_blocks.0.attn.h1,neutral_hadron<-neutral_hadron,0.026744187270340166,-0.0034058543020173125,0.0,0.0,0.0,-0.0034058543020173125,-0.0034058543020173125,0.0034058543020173125,0.005108781453025969
signed_hqql_tbl,mod.cls_blocks.0.attn.h3,CLS<-photon,0.019867195188999175,0.002826925430757304,-0.0015575465549936209,0.00012372349003198172,-0.0027121510450928074,0.0043844719857509245,0.0027032019407253224,0.002826925430757304,0.005019161423632766
signed_hqql_tbl,mod.cls_blocks.0.attn.h6,muon<-photon,0.0,0.0,0.009989384900439869,0.0,0.0,-0.009989384900439869,0.0,0.0,0.0049946924502199345
B_tbl_minus_hqql,mod.cls_blocks.0.attn.h3,photon<-neutral_hadron,0.02403899310873105,0.003288556033602128,0.0,0.0,0.0,0.003288556033602128,0.003288556033602128,0.003288556033602128,0.004932834050403192
B_tbl_minus_hqql,mod.blocks.1.attn.h4,muon<-electron,0.1484421044588089,-0.0032854757737368345,0.0,0.0,0.0,-0.0032854757737368345,-0.0032854757737368345,0.0032854757737368345,0.004928213660605252
B_tbl_minus_hqql,mod.cls_blocks.0.attn.h3,charged_hadron<-neutral_hadron,0.026244219105977278,0.003273255131063753,0.0,0.0,0.0,0.003273255131063753,0.003273255131063753,0.003273255131063753,0.004909882696595629
signed_hqql_tbl,mod.cls_blocks.0.attn.h3,photon<-electron,0.01625390164554119,0.002670993097126484,-0.0017935852811206132,0.0,0.0,0.004464578378247097,0.002670993097126484,0.002670993097126484,0.0049032822862500325
signed_hqql_tbl,mod.cls_blocks.0.attn.h2,photon<-CLS,0.0067446245811879635,0.0015563141787424684,0.008247929159551859,0.0,0.0,-0.0066916149808093905,0.0015563141787424684,0.0015563141787424684,0.004902121669147164
B_tbl_minus_hqql,mod.cls_blocks.0.attn.h3,CLS<-neutral_hadron,0.024606786978741486,0.003256373079260638,0.0,0.0,0.0,0.003256373079260638,0.003256373079260638,0.003256373079260638,0.004884559618890957
B_tbl_minus_hqql,mod.cls_blocks.0.attn.h3,neutral_hadron<-neutral_hadron,0.022022723171271776,0.0031776806143553635,0.0,0.0,0.0,0.0031776806143553635,0.0031776806143553635,0.0031776806143553635,0.004766520921533045
signed_hqql_tbl,mod.cls_blocks.0.attn.h1,neutral_hadron<-photon,0.021217178287250654,0.002930918974535806,-0.0006951633958688265,-0.0010151509673167497,-1.76431869368742e-05,0.0036260823704046324,0.003946069941852556,0.002930918974535806,0.004743960159738122
B_tbl_minus_hqql,mod.cls_blocks.0.attn.h7,photon<-electron,0.01558241993188858,0.0030695272143930197,0.0,0.0,0.0,0.0030695272143930197,0.0030695272143930197,0.0030695272143930197,0.0046042908215895295
B_tbl_minus_hqql,mod.cls_blocks.0.attn.h6,CLS<-electron,0.019051416590809823,0.0030488282442092895,0.0,0.0,0.0,0.0030488282442092895,0.0030488282442092895,0.0030488282442092895,0.004573242366313934
signed_hqql_tbl,mod.cls_blocks.0.attn.h0,muon<-CLS,0.0,0.0,0.00904593151062727,0.0,0.0,-0.00904593151062727,0.0,0.0,0.004522965755313635
signed_hqql_tbl,mod.cls_blocks.0.attn.h1,muon<-photon,0.0,0.0,-0.008870453319766304,0.0,0.0,0.008870453319766304,0.0,0.0,0.004435226659883152
signed_hqql_tbl,mod.blocks.1.attn.h4,muon<-electron,0.1484421044588089,-0.0032854746095836163,-0.0010339956497773528,0.0,0.0,-0.0022514789598062634,-0.0032854746095836163,0.0032854746095836163,0.004411214089486748
signed_hqql_tbl,mod.cls_blocks.0.attn.h4,charged_hadron<-electron,0.012968097813427448,0.0029103318229317665,0.0,0.005219358019530773,0.0,0.0029103318229317665,-0.0023090261965990067,0.0029103318229317665,0.00436549773439765
signed_hqql_tbl,mod.cls_blocks.0.attn.h5,muon<-charged_hadron,0.0,0.0,-0.008724507689476014,0.0,0.0,0.008724507689476014,0.0,0.0,0.004362253844738007
B_tbl_minus_hqql,mod.cls_blocks.0.attn.h5,neutral_hadron<-charged_hadron,0.023447510664877685,-0.0028832950021909633,0.0,0.0,0.0,-0.0028832950021909633,-0.0028832950021909633,0.0028832950021909633,0.004324942503286445
signed_hqql_tbl,mod.cls_blocks.0.attn.h2,CLS<-CLS,0.005878050928004086,-0.0005308533436618745,0.006891066892421804,0.0,0.0,-0.007421920236083679,-0.0005308533436618745,0.0005308533436618745,0.004241813461703714
signed_hqql_tbl,mod.cls_blocks.0.attn.h3,charged_hadron<-charged_hadron,0.022316752131595168,0.002488217154127914,-0.0010163514417106823,-0.00027617328954785396,-0.0013523305802104564,0.0035045685958385964,0.002764390443675768,0.002488217154127914,0.004240501452047212
B_tbl_minus_hqql,mod.cls_blocks.0.attn.h5,photon<-neutral_hadron,0.02561526860182102,-0.0028147595182347754,0.0,0.0,0.0,-0.0028147595182347754,-0.0028147595182347754,0.0028147595182347754,0.0042221392773521636
signed_hqql_tbl,mod.cls_blocks.0.attn.h6,neutral_hadron<-electron,0.0,0.0,0.008413185675938925,0.007535196840763092,0.0014492605502406757,-0.008413185675938925,-0.007535196840763092,0.0,0.004206592837969462
signed_hqql_tbl,mod.cls_blocks.0.attn.h0,neutral_hadron<-neutral_hadron,0.026534368725199448,-0.0028964272687995903,-0.0003832316117199219,-0.002602669858822116,0.007241176610643213,-0.002513195657079668,-0.00029375740997747424,0.0028964272687995903,0.004153025097339424
signed_hqql_tbl,mod.cls_blocks.0.attn.h5,CLS<-electron,0.014171968773007393,-0.0020909046841552483,0.0019894439483323367,0.0007609699459862895,-0.001030394264186422,-0.004080348632487585,-0.002851874630141538,0.0020909046841552483,0.004131079000399041
B_tbl_minus_hqql,mod.cls_blocks.0.attn.h4,CLS<-photon,0.017684612373510995,-0.0027047597989439966,0.0,0.0,0.0,-0.0027047597989439966,-0.0027047597989439966,0.0027047597989439966,0.004057139698415995
B_tbl_minus_hqql,mod.cls_blocks.0.attn.h1,neutral_hadron<-photon,0.0232060719281435,0.0027025232557207346,0.0,0.0,0.0,0.0027025232557207346,0.0027025232557207346,0.0027025232557207346,0.004053784883581102
B_tbl_minus_hqql,mod.cls_blocks.0.attn.h3,CLS<-charged_hadron,0.02200662776958143,0.002688913441836052,0.0,0.0,0.0,0.002688913441836052,0.002688913441836052,0.002688913441836052,0.004033370162754078
B_tbl_minus_hqql,mod.cls_blocks.0.attn.h3,photon<-electron,0.01625390350818634,0.0026709935627877712,0.0,0.0,0.0,0.0026709935627877712,0.0026709935627877712,0.0026709935627877712,0.004006490344181657
B_tbl_minus_hqql,mod.cls_blocks.0.attn.h3,CLS<-photon,0.02027836491664251,0.0025434736100335914,0.0,0.0,0.0,0.0025434736100335914,0.0025434736100335914,0.0025434736100335914,0.003815210415050387
signed_hqql_tbl,mod.cls_blocks.0.attn.h2,photon<-photon,0.023364794331711607,0.0012236418090639757,-0.003939587748735337,-0.0011343408761353329,-0.00126073628232099,0.005163229557799313,0.0023579826851993085,0.0012236418090639757,0.003805256587963632
signed_hqql_tbl,mod.blocks.2.attn.h5,electron<-muon,0.3546714186668396,0.0024930424988269806,-8.251553663285449e-05,0.0,0.0,0.002575558035459835,0.0024930424988269806,0.0024930424988269806,0.003780821516556898
signed_hqql_tbl,mod.blocks.1.attn.h4,electron<-electron,0.15909811977245328,0.002463023126741367,-0.00015044422567456195,0.0014390947859889518,0.0012015284395602067,0.002613467352415929,0.0010239283407524151,0.002463023126741367,0.003769756802949331
B_tbl_minus_hqql,mod.blocks.2.attn.h5,electron<-muon,0.35467153787612915,0.0024930413346737623,0.0,0.0,0.0,0.0024930413346737623,0.0024930413346737623,0.0024930413346737623,0.0037395620020106435
signed_hqql_tbl,mod.cls_blocks.0.attn.h3,neutral_hadron<-neutral_hadron,0.020383032725045557,0.001988997921886805,-0.0015076751942219942,0.003221108819599505,-0.0013058816442604768,0.0034966731161087993,-0.0012321108977127,0.001988997921886805,0.0037373344799412045
B_tbl_minus_hqql,mod.blocks.1.attn.h4,electron<-electron,0.15909813301792988,0.0024630191292089876,0.0,0.0,0.0,0.0024630191292089876,0.0024630191292089876,0.0024630191292089876,0.0036945286938134814
signed_hqql_tbl,mod.cls_blocks.0.attn.h6,CLS<-photon,0.018011190990606944,0.0020362532138824465,-0.001106157917696398,0.004150447006077076,-0.0032026160410360285,0.0031424111315788445,-0.0021141937921946297,0.0020362532138824465,0.0036074587796718688
signed_hqql_tbl,mod.cls_blocks.0.attn.h2,neutral_hadron<-charged_hadron,0.022087577244509823,0.0017379466039331062,-0.001922672706665379,-0.001627684150618024,-0.0017241134352627254,0.0036606193105984852,0.0033656307545511304,0.0017379466039331062,0.003568256259232349
signed_hqql_tbl,mod.cls_blocks.0.attn.h7,charged_hadron<-muon,0.018436826765537262,0.002345813438296318,0.0,0.0,0.0,0.002345813438296318,0.002345813438296318,0.002345813438296318,0.003518720157444477
B_tbl_minus_hqql,mod.cls_blocks.0.attn.h7,CLS<-muon,0.018436824902892113,0.0023458132054656744,0.0,0.0,0.0,0.0023458132054656744,0.0023458132054656744,0.0023458132054656744,0.0035187198081985116
B_tbl_minus_hqql,mod.cls_blocks.0.attn.h7,charged_hadron<-muon,0.018436824902892113,0.0023458132054656744,0.0,0.0,0.0,0.0023458132054656744,0.0023458132054656744,0.0023458132054656744,0.0035187198081985116
signed_hqql_tbl,mod.cls_blocks.0.attn.h1,charged_hadron<-neutral_hadron,0.028414092098291103,-0.0011811655146093704,0.0034372383864441267,-0.001972040047271634,-0.0005083359079435468,-0.0046184039010534975,0.0007908745326622637,0.0011811655146093704,0.003490367465136119
B_tbl_minus_hqql,mod.cls_blocks.0.attn.h1,charged_hadron<-neutral_hadron,0.0359868701451864,-0.0023259310027918755,0.0,0.0,0.0,-0.0023259310027918755,-0.0023259310027918755,0.0023259310027918755,0.003488896504187813
signed_hqql_tbl,mod.cls_blocks.0.attn.h7,photon<-neutral_hadron,0.02082135356389559,-0.0015139246511702926,0.0024059095543206613,0.0016476743704905467,0.0006975544267334044,-0.003919834205490954,-0.003161599021660839,0.0015139246511702926,0.0034738417539157693
signed_hqql_tbl,mod.cls_blocks.0.attn.h2,photon<-electron,0.01729145459830761,0.0012871271464973688,-0.002973984053824097,0.0,0.0,0.004261111200321466,0.0012871271464973688,0.0012871271464973688,0.0034176827466581017
B_tbl_minus_hqql,mod.cls_blocks.0.attn.h3,charged_hadron<-photon,0.01893393347363272,0.0022639597370149845,0.0,0.0,0.0,0.0022639597370149845,0.0022639597370149845,0.0022639597370149845,0.0033959396055224765
signed_hqql_tbl,mod.cls_blocks.0.attn.h2,neutral_hadron<-photon,0.027318962450538362,0.0015960899597432996,-0.0019983763134554973,-0.0017060460880971872,-0.0025696146421798384,0.003594466273198797,0.0033021360478404866,0.0015960899597432996,0.003393323096342698
signed_hqql_tbl,mod.cls_blocks.0.attn.h4,charged_hadron<-photon,0.01533180270009412,0.0024676994827693096,0.0006788313641386517,0.008054508451626908,-0.010169228938009058,0.001788868118630658,-0.005586808968857599,0.0024676994827693096,0.0033621335420846387
B_tbl_minus_hqql,mod.cls_blocks.0.attn.h3,charged_hadron<-charged_hadron,0.021074076031529627,0.0022409678095691773,0.0,0.0,0.0,0.0022409678095691773,0.0022409678095691773,0.0022409678095691773,0.003361451714353766
signed_hqql_tbl,mod.cls_blocks.0.attn.h2,charged_hadron<-photon,0.022102154657512366,0.0006198747373537389,-0.004845306340415599,-0.0006727885987438979,-0.0013808326450986909,0.005465181077769338,0.0012926633360976368,0.0006198747373537389,0.003352465276238408
signed_hqql_tbl,mod.blocks.3.attn.h5,muon<-electron,0.09621277451515198,-0.0009253025054931641,0.0038837501779198647,0.0,0.0,-0.004809052683413029,-0.0009253025054931641,0.0009253025054931641,0.0033298288471996784
B_tbl_minus_hqql,mod.cls_blocks.0.attn.h3,neutral_hadron<-charged_hadron,0.021830633282661438,0.0021940295220069265,0.0,0.0,0.0,0.0021940295220069265,0.0021940295220069265,0.0021940295220069265,0.0032910442830103898
signed_hqql_tbl,mod.cls_blocks.0.attn.h2,muon<-charged_hadron,0.0,0.0,-0.006566128879785538,0.0,0.0,0.006566128879785538,0.0,0.0,0.003283064439892769
signed_hqql_tbl,mod.cls_blocks.0.attn.h3,CLS<-neutral_hadron,0.02352623353224425,0.001495128640055468,-0.002075636864833112,0.0014750072899760004,-0.0013003795988296564,0.0035707655048885798,2.0121350079467483e-05,0.001495128640055468,0.003280511392499758
signed_hqql_tbl,mod.cls_blocks.0.attn.h2,charged_hadron<-CLS,0.0057977859396487474,-0.0007008092361502349,0.004455068294191733,0.0,0.0,-0.005155877530341968,-0.0007008092361502349,0.0007008092361502349,0.003278748001321219
signed_hqql_tbl,mod.cls_blocks.0.attn.h5,neutral_hadron<-photon,0.023762382566928864,-0.0017350026506132313,0.0013066309539577629,-0.0014977650358699835,0.0005868018609425514,-0.003041633604570994,-0.0002372376147432478,0.0017350026506132313,0.003255819452898728
signed_hqql_tbl,mod.cls_blocks.0.attn.h5,muon<-photon,0.0,0.0,-0.006387541917237369,0.0,0.0,0.006387541917237369,0.0,0.0,0.0031937709586186843
signed_hqql_tbl,mod.cls_blocks.0.attn.h2,CLS<-photon,0.023400036295255024,0.0009570684606054177,-0.0035108606510632777,-0.0010342839396807995,-0.0018333845992425555,0.004467929111668696,0.0019913524002862174,0.0009570684606054177,0.0031910330164397656
B_tbl_minus_hqql,mod.cls_blocks.0.attn.h3,photon<-photon,0.017918298383811853,0.002114123132612024,0.0,0.0,0.0,0.002114123132612024,0.002114123132612024,0.002114123132612024,0.003171184698918036
signed_hqql_tbl,mod.cls_blocks.1.attn.h3,CLS<-electron,0.009959473833441734,2.0295553258620203e-05,0.00627061486011371,-0.000204372096050065,-5.6601605592732085e-05,-0.00625031930685509,0.00022466764930868522,2.0295553258620203e-05,0.0031454552066861653
B_tbl_minus_hqql,mod.cls_blocks.0.attn.h5,neutral_hadron<-photon,0.02561952280146735,-0.0020882243989035487,0.0,0.0,0.0,-0.0020882243989035487,-0.0020882243989035487,0.0020882243989035487,0.003132336598355323
signed_hqql_tbl,mod.cls_blocks.0.attn.h1,photon<-neutral_hadron,0.02010169095144822,0.0020794039233945883,1.352340297992615e-05,-0.0009408751502633095,0.0029493255851169428,0.0020658805204146623,0.0030202790736578978,0.0020794039233945883,0.0031123441836019197
signed_hqql_tbl,mod.cls_blocks.0.attn.h6,neutral_hadron<-muon,0.0,0.0,-0.006223785690963268,-0.0017799264751374722,0.0057025025598704815,0.006223785690963268,0.0017799264751374722,0.0,0.003111892845481634
signed_hqql_tbl,mod.blocks.2.attn.h3,muon<-electron,0.029939567670226097,-0.0009461536537855864,0.003298594616353512,0.0,0.0,-0.004244748270139098,-0.0009461536537855864,0.0009461536537855864,0.0030685277888551354
signed_hqql_tbl,mod.cls_blocks.0.attn.h3,charged_hadron<-neutral_hadron,0.025018363617933713,0.002621492943711555,0.003448729920718405,0.0012068814896750001,-0.0016515468926324198,-0.0008272369770068498,0.001414611454036555,0.002621492943711555,0.00303511143221498
signed_hqql_tbl,mod.cls_blocks.0.attn.h3,muon<-charged_hadron,0.0,0.0,-0.0060627669095993045,0.0,0.0,0.0060627669095993045,0.0,0.0,0.0030313834547996523
signed_hqql_tbl,mod.blocks.3.attn.h4,electron<-muon,0.35218942165374756,0.0019964296370744705,-4.5074768422637135e-05,0.0,0.0,0.0020415044054971077,0.0019964296370744705,0.0019964296370744705,0.0030171818398230243
B_tbl_minus_hqql,mod.blocks.3.attn.h4,electron<-muon,0.35218942165374756,0.001996427308768034,0.0,0.0,0.0,0.001996427308768034,0.001996427308768034,0.001996427308768034,0.002994640963152051
signed_hqql_tbl,mod.cls_blocks.0.attn.h3,photon<-neutral_hadron,0.023584992839739874,-0.0005553222906131011,-0.005237982882296338,-0.0008774265588726848,-0.0005859405112763246,0.004682660591683237,0.00032210426825958374,0.0005553222906131011,0.0028966525864547194
signed_hqql_tbl,mod.cls_blocks.0.attn.h0,muon<-photon,0.0,0.0,0.005779023874889721,0.0,0.0,-0.005779023874889721,0.0,0.0,0.0028895119374448604
B_tbl_minus_hqql,mod.cls_blocks.0.attn.h2,neutral_hadron<-photon,0.02625335061124393,0.0019124731687562807,0.0,0.0,0.0,0.0019124731687562807,0.0019124731687562807,0.0019124731687562807,0.002868709753134421
signed_hqql_tbl,mod.cls_blocks.0.attn.h6,muon<-neutral_hadron,0.0,0.0,0.005672987550497055,0.0,0.0,-0.005672987550497055,0.0,0.0,0.0028364937752485275
signed_hqql_tbl,mod.cls_blocks.0.attn.h0,photon<-charged_hadron,0.0249752873861337,0.0015885112689265721,-0.0008546003892299641,0.000499856552447785,-0.0028300200464184753,0.002443111658156536,0.001088654716478787,0.0015885112689265721,0.00281006709800484
signed_hqql_tbl,mod.cls_blocks.1.attn.h5,charged_hadron<-charged_hadron,0.02479904474214066,0.0012737632036035837,-0.0017151182233277015,0.0031895901957702207,0.0005939403602566856,0.002988881426931285,-0.001915826992166637,0.0012737632036035837,0.0027682039170692264
signed_hqql_tbl,mod.cls_blocks.0.attn.h3,muon<-muon,0.0,0.0,-0.005484686233103275,0.0,0.0,0.005484686233103275,0.0,0.0,0.0027423431165516376
signed_hqql_tbl,mod.cls_blocks.0.attn.h4,CLS<-photon,0.01703837439417839,-0.0018276128421227137,-4.339182536397547e-05,0.005057587401207649,6.270663895708347e-05,-0.0017842210167587382,-0.006885200243330363,0.0018276128421227137,0.002719723350502083
B_tbl_minus_hqql,mod.cls_blocks.0.attn.h5,neutral_hadron<-neutral_hadron,0.018452092220908718,-0.0018012237759601128,0.0,0.0,0.0,-0.0018012237759601128,-0.0018012237759601128,0.0018012237759601128,0.002701835663940169
B_tbl_minus_hqql,mod.cls_blocks.0.attn.h1,charged_hadron<-charged_hadron,0.02310058907714001,-0.001784573146683532,0.0,0.0,0.0,-0.001784573146683532,-0.001784573146683532,0.001784573146683532,0.0026768597200252982
B_tbl_minus_hqql,mod.cls_blocks.0.attn.h1,neutral_hadron<-charged_hadron,0.023587181516315624,0.0017790870902978856,0.0,0.0,0.0,0.0017790870902978856,0.0017790870902978856,0.0017790870902978856,0.0026686306354468284
signed_hqql_tbl,mod.blocks.6.attn.h3,muon<-electron,0.2471277415752411,0.0016992143355309963,-0.00023441162193194032,0.0,0.0,0.0019336259574629366,0.0016992143355309963,0.0016992143355309963,0.0026660273142624646
signed_hqql_tbl,mod.cls_blocks.1.attn.h5,photon<-charged_hadron,0.026530481969253925,0.0011073967701272119,0.0042239242929022714,0.0050112123629360485,-0.0017062899627790008,-0.0031165275227750594,-0.0039038155928088365,0.0011073967701272119,0.0026656605315147413
B_tbl_minus_hqql,mod.cls_blocks.0.attn.h0,charged_hadron<-neutral_hadron,0.02326198113270295,0.0017724953567943512,0.0,0.0,0.0,0.0017724953567943512,0.0017724953567943512,0.0017724953567943512,0.0026587430351915266
B_tbl_minus_hqql,mod.cls_blocks.0.attn.h5,photon<-charged_hadron,0.023284362841256057,-0.0017657767085334922,0.0,0.0,0.0,-0.0017657767085334922,-0.0017657767085334922,0.0017657767085334922,0.0026486650628002382
B_tbl_minus_hqql,mod.cls_blocks.0.attn.h6,CLS<-photon,0.01867852340141932,0.0017367758850256603,0.0,0.0,0.0,0.0017367758850256603,0.0017367758850256603,0.0017367758850256603,0.0026051638275384906
B_tbl_minus_hqql,mod.blocks.6.attn.h3,muon<-electron,0.24712781608104706,0.0016992150340229273,0.0,0.0,0.0,0.0016992150340229273,0.0016992150340229273,0.0016992150340229273,0.002548822551034391
B_tbl_minus_hqql,mod.cls_blocks.0.attn.h5,CLS<-electron,0.017606529965996744,-0.001695647230371833,0.0,0.0,0.0,-0.001695647230371833,-0.001695647230371833,0.001695647230371833,0.0025434708455577496
signed_hqql_tbl,mod.cls_blocks.0.attn.h7,CLS<-neutral_hadron,0.02521716102602936,-0.0012263958633411676,0.0013992202271628281,0.0012548183836538266,0.0022422717921495535,-0.0026256160905039957,-0.002481214246994994,0.0012263958633411676,0.0025392039085931654
signed_hqql_tbl,mod.cls_blocks.0.attn.h7,CLS<-electron,0.018627455085515977,0.0007121330825611949,0.004301545173802879,0.0010037350948550738,0.0007924035210938504,-0.0035894120912416836,-0.000291602012293879,0.0007121330825611949,0.0025068391281820365
B_tbl_minus_hqql,mod.cls_blocks.0.attn.h1,CLS<-neutral_hadron,0.030833286100200245,-0.0016635551721611548,0.0,0.0,0.0,-0.0016635551721611548,-0.0016635551721611548,0.0016635551721611548,0.0024953327582417323
signed_hqql_tbl,mod.cls_blocks.1.attn.h5,muon<-charged_hadron,0.0,0.0,0.004979193955659866,0.0,0.0,-0.004979193955659866,0.0,0.0,0.002489596977829933
signed_hqql_tbl,mod.cls_blocks.0.attn.h5,CLS<-charged_hadron,0.023177682571438936,-0.0015025186602232582,0.00045664538537325126,-0.00045466400379179465,0.0014603138099321062,-0.0019591640455965094,-0.0010478546564314636,0.0015025186602232582,0.0024821006830215127
signed_hqql_tbl,mod.cls_blocks.0.attn.h3,charged_hadron<-photon,0.01839065801597641,0.002329024614509708,0.0025294552067831413,-0.0009689693778799557,-0.002589571803759832,-0.00020043059227343313,0.003297993992389664,0.002329024614509708,0.0024292399106464247
signed_hqql_tbl,mod.cls_blocks.0.attn.h2,CLS<-charged_hadron,0.020445699073135332,0.0009617065737952557,-0.0019113871383042674,-0.0010538835096049984,-0.001084787670669018,0.002873093712099523,0.002015590083400254,0.0009617065737952557,0.002398253429845017
B_tbl_minus_hqql,mod.cls_blocks.0.attn.h5,CLS<-neutral_hadron,0.02508193225644174,-0.0015735352256645758,0.0,0.0,0.0,-0.0015735352256645758,-0.0015735352256645758,0.0015735352256645758,0.002360302838496864
B_tbl_minus_hqql,mod.cls_blocks.0.attn.h0,photon<-charged_hadron,0.022208033105995083,0.0015719692588229723,0.0,0.0,0.0,0.0015719692588229723,0.0015719692588229723,0.0015719692588229723,0.0023579538882344585
signed_hqql_tbl,mod.cls_blocks.1.attn.h1,photon<-neutral_hadron,0.028277594757337984,-0.0004448884540299612,0.0033725396170827,-0.001050452801531979,7.412443422557165e-05,-0.003817428071112661,0.0006055643475020177,0.0004448884540299612,0.002353602489586292
signed_hqql_tbl,mod.cls_blocks.0.attn.h1,photon<-photon,0.01786215893633954,0.0007337403888874627,-0.0025004113873315823,0.0002251436998104227,0.00036025363142075747,0.003234151776219045,0.00050859668907704,0.0007337403888874627,0.002350816276996985
signed_hqql_tbl,mod.cls_blocks.0.attn.h1,muon<-charged_hadron,0.0,0.0,0.0046864055097103115,0.0,0.0,-0.0046864055097103115,0.0,0.0,0.0023432027548551558
signed_hqql_tbl,mod.cls_blocks.1.attn.h2,photon<-CLS,0.0008176722330972552,-1.3358684554987121e-05,-0.004670228731508057,0.0,0.0,0.0046568700469530695,-1.3358684554987121e-05,1.3358684554987121e-05,0.002341793708031522
B_tbl_minus_hqql,mod.blocks.1.attn.h4,electron<-muon,0.11595804244279861,0.0015471201622858644,0.0,0.0,0.0,0.0015471201622858644,0.0015471201622858644,0.0015471201622858644,0.0023206802434287965
B_tbl_minus_hqql,mod.cls_blocks.0.attn.h2,neutral_hadron<-charged_hadron,0.022514096096805904,0.001540651727143837,0.0,0.0,0.0,0.001540651727143837,0.001540651727143837,0.001540651727143837,0.0023109775907157555
signed_hqql_tbl,mod.cls_blocks.0.attn.h7,neutral_hadron<-neutral_hadron,0.025470939906019913,-0.0012140769609495213,0.0009735506901051849,-0.0003603751150270303,0.0023429504503975763,-0.002187627651054706,-0.000853701845922491,0.0012140769609495213,0.002307890786476874
signed_hqql_tbl,mod.cls_blocks.0.attn.h5,photon<-charged_hadron,0.02461334912082817,-0.0017885200596779963,-0.0007939580603536353,-0.00025903696024959737,0.003286452848733086,-0.000994561999324361,-0.001529483099428399,0.0017885200596779963,0.002285801059340177
signed_hqql_tbl,mod.cls_blocks.0.attn.h3,CLS<-electron,0.007830392010509968,0.0009466447605518624,-0.001718843363050837,0.0008544410593458451,-0.019355935820688803,0.0026654881236026994,9.220370120601731e-05,0.0009466447605518624,0.0022793888223532122
signed_hqql_tbl,mod.cls_blocks.0.attn.h5,photon<-neutral_hadron,0.022086511724270307,-0.0019155716559348197,-0.002617515291443423,-0.0003299305390100926,0.007674618313709895,0.0007019436355086034,-0.0015856411169247271,0.0019155716559348197,0.0022665434736891216
signed_hqql_tbl,mod.cls_blocks.0.attn.h7,neutral_hadron<-muon,0.0,0.0,0.004525142256170511,0.000935508229304105,0.002773171290755272,-0.004525142256170511,-0.000935508229304105,0.0,0.0022625711280852556
signed_hqql_tbl,mod.cls_blocks.0.attn.h0,charged_hadron<-neutral_hadron,0.020390215114905283,0.0014419620319341237,-0.0001951768936123699,0.0006574521627593434,0.0009717040462419391,0.0016371389255464936,0.0007845098691747803,0.0014419620319341237,0.0022605314947073706
signed_hqql_tbl,mod.cls_blocks.0.attn.h6,CLS<-neutral_hadron,0.023908507877162526,-0.002218064486182162,-0.002281516872484782,-0.004680655772817579,0.013348296702576753,6.345238630261997e-05,0.002462591286635417,0.002218064486182162,0.002249790679333472
signed_hqql_tbl,mod.blocks.1.attn.h4,electron<-muon,0.1159580796957016,0.0015471240039914846,0.000145525045809336,0.0,0.0,0.0014015989581821486,0.0015471240039914846,0.0015471240039914846,0.002247923483082559
signed_hqql_tbl,mod.cls_blocks.1.attn.h0,muon<-photon,0.0,0.0,0.0044866282154213295,0.0,0.0,-0.0044866282154213295,0.0,0.0,0.0022433141077106648
signed_hqql_tbl,mod.cls_blocks.0.attn.h2,charged_hadron<-charged_hadron,0.019609331911386446,0.0009786654196051491,-0.0015315672666844674,-0.0007822500090762104,-0.0006167776345346982,0.0025102326862896165,0.0017609154286813596,0.0009786654196051491,0.0022337817627499576
signed_hqql_tbl,mod.cls_blocks.1.attn.h0,photon<-neutral_hadron,0.029812239110469818,0.0013983183218022953,-0.00026803083550048005,0.0005195887684489467,-0.00011417800463580837,0.0016663491573027753,0.0008787295533533486,0.0013983183218022953,0.002231492900453683
signed_hqql_tbl,mod.cls_blocks.1.attn.h5,photon<-electron,0.005536187905818224,-0.00038023910019546747,-0.004009942285620127,0.0,0.0,0.0036297031854246598,-0.00038023910019546747,0.00038023910019546747,0.0021950906929077973
signed_hqql_tbl,mod.cls_blocks.0.attn.h1,neutral_hadron<-charged_hadron,0.02500700885834901,0.0016408942072935727,0.0005604390534433988,0.001959870637553494,-0.0006518298493964331,0.0010804551538501738,-0.00031897643025992155,0.0016408942072935727,0.0021811217842186595
signed_hqql_tbl,mod.cls_blocks.0.attn.h2,muon<-photon,0.0,0.0,-0.004331602630290118,0.0,0.0,0.004331602630290118,0.0,0.0,0.002165801315145059
signed_hqql_tbl,mod.cls_blocks.0.attn.h3,muon<-neutral_hadron,0.0,0.0,-0.004331271164119244,0.0,0.0,0.004331271164119244,0.0,0.0,0.002165635582059622
signed_hqql_tbl,mod.cls_blocks.0.attn.h1,CLS<-electron,0.016912053897976877,0.0001301035867072642,0.004200009920168668,0.0003879059077007696,0.0038440050557255745,-0.004069906333461404,-0.00025780232099350544,0.0001301035867072642,0.0021650567534379664
signed_hqql_tbl,mod.blocks.3.attn.h5,electron<-muon,0.335204154253006,-0.0014132834039628506,8.08227778179571e-05,0.0,0.0,-0.0014941061817808077,-0.0014132834039628506,0.0014132834039628506,0.0021603364948532544
signed_hqql_tbl,mod.cls_blocks.0.attn.h5,neutral_hadron<-neutral_hadron,0.017982857988068934,-0.00174369443649132,-0.0009278972524359984,-0.00040318785856167477,0.0007459523445559722,-0.0008157971840553215,-0.001340506577929645,0.00174369443649132,0.002151593028518981
signed_hqql_tbl,mod.blocks.1.attn.h5,charged_hadron<-muon,0.10938047617673874,0.0013525593094527721,-0.00024398939254192205,2.8125481912866233e-05,-0.0005330136257477782,0.0015965487019946943,0.0013244338275399058,0.0013525593094527721,0.0021508336604501195
signed_hqql_tbl,mod.cls_blocks.0.attn.h3,charged_hadron<-CLS,0.0066903086844831705,-0.0002696886076591909,0.0034814610626199283,0.0,0.0,-0.003751149670279119,-0.0002696886076591909,0.0002696886076591909,0.0021452634427987505
B_tbl_minus_hqql,mod.blocks.3.attn.h5,electron<-muon,0.3352040946483612,-0.0014132821233943105,0.0,0.0,0.0,-0.0014132821233943105,-0.0014132821233943105,0.0014132821233943105,0.0021199231850914657
B_tbl_minus_hqql,mod.cls_blocks.0.attn.h5,CLS<-charged_hadron,0.021677799023275126,-0.0014060709636343463,0.0,0.0,0.0,-0.0014060709636343463,-0.0014060709636343463,0.0014060709636343463,0.0021091064454515193
signed_hqql_tbl,mod.cls_blocks.1.attn.h1,muon<-neutral_hadron,0.0,0.0,-0.00420598778873682,0.0,0.0,0.00420598778873682,0.0,0.0,0.00210299389436841
B_tbl_minus_hqql,mod.cls_blocks.1.attn.h0,photon<-charged_hadron,0.03237148553510256,0.0013995237495231477,0.0,0.0,0.0,0.0013995237495231477,0.0013995237495231477,0.0013995237495231477,0.0020992856242847214
signed_hqql_tbl,mod.cls_blocks.1.attn.h5,CLS<-muon,0.003872750559821725,-0.0007376967696473002,0.0019845078932121396,8.810452709440142e-05,-0.00013250538904685527,-0.00272220466285944,-0.0008258012967417017,0.0007376967696473002,0.00209879910107702
signed_hqql_tbl,mod.cls_blocks.0.attn.h1,CLS<-photon,0.016294282972812654,0.0008864899484130243,-0.0015267223838065238,0.001004243351288629,6.88958128816203e-05,0.002413212332219548,-0.00011775340287560469,0.0008864899484130243,0.0020930961145227984
signed_hqql_tbl,mod.cls_blocks.1.attn.h5,muon<-photon,0.0,0.0,0.004179657860235734,0.0,0.0,-0.004179657860235734,0.0,0.0,0.002089828930117867
signed_hqql_tbl,mod.blocks.4.attn.h5,electron<-muon,0.37613290548324585,-0.00048210122622549534,0.0027159012388437986,0.0,0.0,-0.003198002465069294,-0.00048210122622549534,0.00048210122622549534,0.0020811024587601423
signed_hqql_tbl,mod.cls_blocks.1.attn.h0,photon<-charged_hadron,0.03236640254153481,0.001400069422029619,0.0027354827756623187,0.0005606638803852327,-0.0011645262993718545,-0.0013354133536326997,0.0008394055416443863,0.001400069422029619,0.002067776098845969
signed_hqql_tbl,mod.cls_blocks.1.attn.h2,neutral_hadron<-CLS,0.13248665630817413,-0.001950459904037416,-0.0021788870108935044,0.0,0.0,0.00022842710685608844,-0.001950459904037416,0.001950459904037416,0.00206467345746546
signed_hqql_tbl,mod.cls_blocks.0.attn.h5,charged_hadron<-charged_hadron,0.021666986477929494,-0.0004980374820703684,0.0025931534878278185,-0.000648360172152987,0.0005726976132091994,-0.0030911909698981867,0.0001503226900826186,0.0004980374820703684,0.002043632967019462
B_tbl_minus_hqql,mod.cls_blocks.1.attn.h0,photon<-neutral_hadron,0.0287646144984487,0.0013548669707793475,0.0,0.0,0.0,0.0013548669707793475,0.0013548669707793475,0.0013548669707793475,0.0020323004561690213
B_tbl_minus_hqql,mod.blocks.1.attn.h5,charged_hadron<-muon,0.10938049107789993,0.0013525591930374503,0.0,0.0,0.0,0.0013525591930374503,0.0013525591930374503,0.0013525591930374503,0.0020288387895561755
B_tbl_minus_hqql,mod.cls_blocks.0.attn.h6,CLS<-charged_hadron,0.02288989596742235,0.0013453038327895517,0.0,0.0,0.0,0.0013453038327895517,0.0013453038327895517,0.0013453038327895517,0.0020179557491843275
signed_hqql_tbl,mod.cls_blocks.0.attn.h7,muon<-charged_hadron,0.0,0.0,0.004030447825789452,0.0,0.0,-0.004030447825789452,0.0,0.0,0.002015223912894726
signed_hqql_tbl,mod.cls_blocks.0.attn.h7,charged_hadron<-neutral_hadron,0.028024063469507754,-0.001040711521338194,0.0008964207437303332,0.001973879527968337,0.0029038839507848024,-0.001937132265068527,-0.0030145910493065307,0.001040711521338194,0.0020092776538724573
signed_hqql_tbl,mod.cls_blocks.1.attn.h5,charged_hadron<-neutral_hadron,0.02654562606356847,0.0013204690577157845,-5.043965807595264e-05,0.003352425331337694,0.001386172572771708,0.0013709087157917372,-0.0020319562736219095,0.0013204690577157845,0.0020059234156116533
signed_hqql_tbl,mod.cls_blocks.0.attn.h6,charged_hadron<-electron,0.018476718105375767,-0.001336804823949933,0.0,0.0029691593954339623,0.0,-0.001336804823949933,-0.004305964219383895,0.001336804823949933,0.0020052072359248996
B_tbl_minus_hqql,mod.cls_blocks.1.attn.h5,neutral_hadron<-charged_hadron,0.023073519377604775,0.0013293648219626882,0.0,0.0,0.0,0.0013293648219626882,0.0013293648219626882,0.0013293648219626882,0.001994047232944032
B_tbl_minus_hqql,mod.cls_blocks.1.attn.h5,charged_hadron<-charged_hadron,0.025067352105018703,0.001306556812270956,0.0,0.0,0.0,0.001306556812270956,0.001306556812270956,0.001306556812270956,0.001959835218406434
B_tbl_minus_hqql,mod.cls_blocks.1.attn.h0,neutral_hadron<-photon,0.030220965721777508,0.0013046755588480405,0.0,0.0,0.0,0.0013046755588480405,0.0013046755588480405,0.0013046755588480405,0.0019570133382720606
B_tbl_minus_hqql,mod.cls_blocks.1.attn.h5,CLS<-charged_hadron,0.025010537301833707,0.0013028920584686817,0.0,0.0,0.0,0.0013028920584686817,0.0013028920584686817,0.0013028920584686817,0.0019543380877030227
signed_hqql_tbl,mod.cls_blocks.1.attn.h6,CLS<-CLS,0.011528841700055636,-0.0001482451891661185,0.003444368156618971,0.0,0.0,-0.0035926133457850895,-0.0001482451891661185,0.0001482451891661185,0.0019445518620586633
B_tbl_minus_hqql,mod.cls_blocks.1.attn.h5,charged_hadron<-neutral_hadron,0.026852606031566095,0.0012909323708393062,0.0,0.0,0.0,0.0012909323708393062,0.0012909323708393062,0.0012909323708393062,0.0019363985562589592
B_tbl_minus_hqql,mod.cls_blocks.0.attn.h2,photon<-electron,0.01729145646095276,0.0012871271464973688,0.0,0.0,0.0,0.0012871271464973688,0.0012871271464973688,0.0012871271464973688,0.0019306907197460532
signed_hqql_tbl,mod.cls_blocks.1.attn.h0,neutral_hadron<-photon,0.028559929824301174,0.0013182880523215448,0.00010363119683829666,0.00023605624282469926,0.000981871452468383,0.0012146568554832482,0.0010822318094968455,0.0013182880523215448,0.001925616480063169
signed_hqql_tbl,mod.blocks.5.attn.h5,muon<-electron,0.14209739863872528,-0.001262927777133882,6.164614023873582e-05,0.0,0.0,-0.0013245739173726179,-0.001262927777133882,0.001262927777133882,0.001925214735820191
signed_hqql_tbl,mod.cls_blocks.0.attn.h2,charged_hadron<-neutral_hadron,0.016998907407889,0.0010882412838654066,-0.000585585522154967,-0.002456901413783923,-0.00027687611679236095,0.0016738268060203735,0.0035451426976493296,0.0010882412838654066,0.0019251546868755934
B_tbl_minus_hqql,mod.cls_blocks.1.attn.h5,photon<-charged_hadron,0.027142606958558288,0.0012640840597922288,0.0,0.0,0.0,0.0012640840597922288,0.0012640840597922288,0.0012640840597922288,0.0018961260896883433
B_tbl_minus_hqql,mod.blocks.5.attn.h5,muon<-electron,0.14209742844104767,-0.0012629283592104912,0.0,0.0,0.0,-0.0012629283592104912,-0.0012629283592104912,0.0012629283592104912,0.0018943925388157368
signed_hqql_tbl,mod.cls_blocks.0.attn.h5,charged_hadron<-electron,0.00963078299537301,-0.0012559772112581413,0.0,2.2654086933471262e-05,0.0,-0.0012559772112581413,-0.0012786312981916126,0.0012559772112581413,0.001883965816887212
B_tbl_minus_hqql,mod.blocks.1.attn.h5,electron<-muon,0.4239422678947449,-0.0012531442334875464,0.0,0.0,0.0,-0.0012531442334875464,-0.0012531442334875464,0.0012531442334875464,0.0018797163502313197
signed_hqql_tbl,mod.blocks.1.attn.h5,electron<-muon,0.42394232749938965,-0.0012531498214229941,-4.503467425820418e-05,0.0,0.0,-0.00120811514716479,-0.0012531498214229941,0.0012531498214229941,0.0018572073950053891
signed_hqql_tbl,mod.cls_blocks.0.attn.h0,neutral_hadron<-charged_hadron,0.025162677402081696,0.0010188714785845546,-0.0006255046326187578,-0.0021093346564689786,-0.0018185348826504888,0.0016443761112033123,0.003128206135053533,0.0010188714785845546,0.0018410595341862108
signed_hqql_tbl,mod.cls_blocks.1.attn.h5,photon<-photon,0.018594864126923797,0.00029362704266201365,0.003350533713347505,0.0006682836001032386,-0.0006303951663869447,-0.0030569066706854914,-0.0003746565574412249,0.00029362704266201365,0.0018220803780047592
signed_hqql_tbl,mod.cls_blocks.0.attn.h2,CLS<-muon,0.02835990861058235,0.0007278899429365993,-0.0014310853439383209,-0.002223274437710643,-0.00046629481948912144,0.00215897528687492,0.002951164380647242,0.0007278899429365993,0.0018073775863740593
signed_hqql_tbl,mod.cls_blocks.0.attn.h2,neutral_hadron<-electron,0.0,0.0,-0.0035954464110545814,-0.002652557799592614,-0.0005930896052935471,0.0035954464110545814,0.002652557799592614,0.0,0.0017977232055272907
signed_hqql_tbl,mod.cls_blocks.0.attn.h3,neutral_hadron<-muon,0.0,0.0,0.003590622916817665,-0.00039706722600385547,0.0009878274286165833,-0.003590622916817665,0.00039706722600385547,0.0,0.0017953114584088326
signed_hqql_tbl,mod.blocks.0.attn.h4,electron<-electron,0.11306453871818828,0.0009032402218357068,-0.0008739705296874067,-0.0005992845719902107,0.000801733295293161,0.0017772107515231137,0.0015025247938259176,0.0009032402218357068,0.0017918455975972636
signed_hqql_tbl,mod.cls_blocks.0.attn.h2,CLS<-electron,0.01441977433860302,-0.00012871625367552041,-0.0034400808217469603,-0.0016260954726021737,-0.0005930896052935471,0.00331136456807144,0.0014973792189266534,0.00012871625367552041,0.0017843985377112403
signed_hqql_tbl,mod.cls_blocks.0.attn.h5,CLS<-muon,0.023828784003853798,-0.0009005335159599781,0.0008467594016110525,0.00026519736275076866,-0.004094855845323764,-0.0017472929175710306,-0.0011657308787107468,0.0009005335159599781,0.0017741799747454934
signed_hqql_tbl,mod.cls_blocks.1.attn.h2,neutral_hadron<-electron,0.0,0.0,-0.0035458875548404953,6.714033224852756e-05,4.2195451290657125e-05,0.0035458875548404953,-6.714033224852756e-05,0.0,0.0017729437774202477
signed_hqql_tbl,mod.cls_blocks.0.attn.h1,CLS<-charged_hadron,0.025259600088825725,-0.00044464996850264666,0.002198166957515266,0.0010980296794656473,-0.0005010404240559129,-0.0026428169260179126,-0.001542679647968294,0.00044464996850264666,0.001766058431511603
B_tbl_minus_hqql,mod.blocks.7.attn.h5,muon<-electron,0.279067724943161,-0.0011638813884928823,0.0,0.0,0.0,-0.0011638813884928823,-0.0011638813884928823,0.0011638813884928823,0.0017458220827393234
signed_hqql_tbl,mod.blocks.7.attn.h5,muon<-electron,0.2790676951408386,-0.0011638810392469168,-6.289817065407988e-06,0.0,0.0,-0.0011575912221815088,-0.0011638810392469168,0.0011638810392469168,0.0017426766503376712
B_tbl_minus_hqql,mod.cls_blocks.0.attn.h0,CLS<-electron,0.01624867469072342,0.0011563243926502765,0.0,0.0,0.0,0.0011563243926502765,0.0011563243926502765,0.0011563243926502765,0.0017344865889754148
B_tbl_minus_hqql,mod.cls_blocks.1.attn.h0,charged_hadron<-photon,0.024164779992874513,0.0011528070035256713,0.0,0.0,0.0,0.0011528070035256713,0.0011528070035256713,0.0011528070035256713,0.001729210505288507
signed_hqql_tbl,mod.cls_blocks.1.attn.h4,muon<-charged_hadron,0.0,0.0,-0.003448358178138733,0.0,0.0,0.003448358178138733,0.0,0.0,0.0017241790890693664
B_tbl_minus_hqql,mod.cls_blocks.0.attn.h5,photon<-photon,0.01827616621921589,-0.001148745556688541,0.0,0.0,0.0,-0.001148745556688541,-0.001148745556688541,0.001148745556688541,0.0017231183350328114
signed_hqql_tbl,mod.cls_blocks.1.attn.h0,CLS<-neutral_hadron,0.025402723079813377,0.000992040077259541,-0.00045723519900453747,0.000701489817614895,-0.000759599523509025,0.0014492752762640785,0.00029055025964464605,0.000992040077259541,0.0017166777153915804
signed_hqql_tbl,mod.blocks.7.attn.h2,charged_hadron<-muon,0.054771605879068375,-0.0006787538295611739,0.0013329020390907924,0.0001995774917304516,1.6755393682449888e-05,-0.0020116558686519665,-0.0008783313212916255,0.0006787538295611739,0.0016845817638871572
B_tbl_minus_hqql,mod.cls_blocks.0.attn.h7,neutral_hadron<-neutral_hadron,0.02685283555796272,-0.0011220913208825024,0.0,0.0,0.0,-0.0011220913208825024,-0.0011220913208825024,0.0011220913208825024,0.0016831369813237536
signed_hqql_tbl,mod.cls_blocks.0.attn.h5,charged_hadron<-photon,0.019172009950626397,-0.00036222208570131284,0.0022764417453337523,-0.0004963527826927833,0.0006745074234612577,-0.0026386638310350653,0.0001341306969914705,0.00036222208570131284,0.0016815540012188454
signed_hqql_tbl,mod.cls_blocks.0.attn.h0,charged_hadron<-charged_hadron,0.023521606138972348,0.0001593250090927752,-0.0028826375255140207,1.7316514968604785e-05,0.001079213975642163,0.003041962534606796,0.00014200849412417043,0.0001593250090927752,0.0016803062763961732
signed_hqql_tbl,mod.cls_blocks.0.attn.h5,muon<-neutral_hadron,0.0,0.0,-0.0033259703777730465,0.0,0.0,0.0033259703777730465,0.0,0.0,0.0016629851888865232
signed_hqql_tbl,mod.blocks.4.attn.h7,muon<-electron,1.2827365480916342e-06,5.3442468228581674e-09,0.0033202574122697115,0.0,0.0,-0.0033202520680228886,5.3442468228581674e-09,5.3442468228581674e-09,0.0016601313782582672
B_tbl_minus_hqql,mod.cls_blocks.0.attn.h2,charged_hadron<-neutral_hadron,0.01833234450373894,0.0011040774003889125,0.0,0.0,0.0,0.0011040774003889125,0.0011040774003889125,0.0011040774003889125,0.001656116100583369
signed_hqql_tbl,mod.cls_blocks.1.attn.h5,CLS<-CLS,0.025569381832610816,-0.0011410538736527087,-0.0001389916527081425,0.0,0.0,-0.0010020622209445662,-0.0011410538736527087,0.0011410538736527087,0.0016420849841249918
signed_hqql_tbl,mod.cls_blocks.1.attn.h5,neutral_hadron<-charged_hadron,0.023812780561654465,0.001371220057911199,0.0008523522606488354,0.002788601863402419,-0.0011420456958668574,0.0005188677972623637,-0.0014173818054912198,0.001371220057911199,0.001630653956542381
signed_hqql_tbl,mod.cls_blocks.0.attn.h2,CLS<-neutral_hadron,0.017802498081610316,0.0007622187515066582,-0.00092647200283366,-0.0016800407982837566,-0.00016291149987433202,0.0016886907543403181,0.002442259549790415,0.0007622187515066582,0.0016065641286768172
signed_hqql_tbl,mod.cls_blocks.0.attn.h3,CLS<-muon,0.00689349602907896,0.0007510266732424498,-0.0009470316581428051,-0.00039706722600385547,0.0002434772322885692,0.0016980583313852549,0.0011480938992463052,0.0007510266732424498,0.0016000558389350772
signed_hqql_tbl,mod.blocks.1.attn.h6,electron<-electron,0.09645475841373102,-0.000995547832109583,0.0002080383265239405,-0.0004586765799672321,-0.00013470589977080394,-0.0012035861586335234,-0.0005368712521423508,0.000995547832109583,0.0015973409114263446
B_tbl_minus_hqql,mod.cls_blocks.0.attn.h0,neutral_hadron<-charged_hadron,0.02362443895443626,0.0010644068154405154,0.0,0.0,0.0,0.0010644068154405154,0.0010644068154405154,0.0010644068154405154,0.001596610223160773
signed_hqql_tbl,mod.blocks.3.attn.h4,muon<-electron,0.09247396886348724,0.001060816110111773,-8.451145731669385e-06,0.0,0.0,0.0010692672558434424,0.001060816110111773,0.001060816110111773,0.0015954497380334942
B_tbl_minus_hqql,mod.blocks.3.attn.h4,muon<-electron,0.09247401356697083,0.0010608183220028877,0.0,0.0,0.0,0.0010608183220028877,0.0010608183220028877,0.0010608183220028877,0.0015912274830043316
B_tbl_minus_hqql,mod.cls_blocks.0.attn.h2,photon<-photon,0.022402451409922017,0.0010577638077174688,0.0,0.0,0.0,0.0010577638077174688,0.0010577638077174688,0.0010577638077174688,0.0015866457115762032
signed_hqql_tbl,mod.blocks.3.attn.h3,electron<-muon,0.13680139183998108,-0.00090949353761971,0.0003689960576593876,0.0,0.0,-0.0012784895952790976,-0.00090949353761971,0.00090949353761971,0.0015487383352592587
signed_hqql_tbl,mod.cls_blocks.1.attn.h5,muon<-muon,0.0,0.0,0.0030692738946527243,0.0,0.0,-0.0030692738946527243,0.0,0.0,0.0015346369473263621
signed_hqql_tbl,mod.cls_blocks.1.attn.h0,neutral_hadron<-neutral_hadron,0.03301071120720161,0.000725742087907795,-0.0008789376741966091,0.0008931543065786913,0.0003920413418833932,0.0016046797621044042,-0.0001674122186708963,0.000725742087907795,0.001528081968959997
signed_hqql_tbl,mod.blocks.3.attn.h2,muon<-electron,9.608113487047376e-07,3.3673067889594677e-08,0.003054817207157612,0.0,0.0,-0.0030547835340897223,3.3673067889594677e-08,3.3673067889594677e-08,0.0015274254401127507
signed_hqql_tbl,mod.cls_blocks.0.attn.h5,photon<-photon,0.01851520600256982,-0.0014835335798077769,-0.0015617300617835812,-0.00031264209397265623,0.0011766971480371296,7.819648197580431e-05,-0.0011708914858351207,0.0014835335798077769,0.001522631820795679
B_tbl_minus_hqql,mod.cls_blocks.1.attn.h0,charged_hadron<-charged_hadron,0.017317396350378215,0.0010063131341540126,0.0,0.0,0.0,0.0010063131341540126,0.0010063131341540126,0.0010063131341540126,0.0015094697012310188
B_tbl_minus_hqql,mod.cls_blocks.1.attn.h0,CLS<-charged_hadron,0.021033645067201064,0.0010056490617031746,0.0,0.0,0.0,0.0010056490617031746,0.0010056490617031746,0.0010056490617031746,0.001508473592554762
signed_hqql_tbl,mod.cls_blocks.0.attn.h0,photon<-photon,0.017546130465222645,-0.00037298135023999525,0.001895192585810012,-0.0007497673725773549,0.0006836055629495262,-0.002268173936050007,0.0003767860223373596,0.00037298135023999525,0.0015070683182649989
B_tbl_minus_hqql,mod.cls_blocks.0.attn.h2,CLS<-photon,0.022549530267715456,0.0009990112530067563,0.0,0.0,0.0,0.0009990112530067563,0.0009990112530067563,0.0009990112530067563,0.0014985168795101345
signed_hqql_tbl,mod.cls_blocks.1.attn.h2,photon<-electron,0.00304592726752162,3.099628156633116e-05,0.0029657998865104673,0.0,0.0,-0.002934803604944136,3.099628156633116e-05,3.099628156633116e-05,0.0014983980840383992
signed_hqql_tbl,mod.blocks.4.attn.h3,muon<-electron,0.021425124257802963,8.657635044073686e-05,0.002908628201112151,0.0,0.0,-0.0028220518506714143,8.657635044073686e-05,8.657635044073686e-05,0.001497602275776444
signed_hqql_tbl,mod.blocks.2.attn.h3,electron<-muon,0.1353013962507248,0.00034886394860222936,0.002639367012307048,0.0,0.0,-0.0022905030637048185,0.00034886394860222936,0.00034886394860222936,0.0014941154804546386
B_tbl_minus_hqql,mod.blocks.1.attn.h6,electron<-electron,0.09645475841211414,-0.000995546271827013,0.0,0.0,0.0,-0.000995546271827013,-0.000995546271827013,0.000995546271827013,0.0014933194077405196
B_tbl_minus_hqql,mod.cls_blocks.1.attn.h0,CLS<-neutral_hadron,0.025377217598101458,0.0009935534383094776,0.0,0.0,0.0,0.0009935534383094776,0.0009935534383094776,0.0009935534383094776,0.0014903301574642164
B_tbl_minus_hqql,mod.cls_blocks.1.attn.h5,photon<-neutral_hadron,0.01684977114200592,-0.0009863666760233732,0.0,0.0,0.0,-0.0009863666760233732,-0.0009863666760233732,0.0009863666760233732,0.0014795500140350596
signed_hqql_tbl,mod.cls_blocks.0.attn.h5,CLS<-photon,0.019860299825668334,-0.00090627774130553,0.0002318516711917426,-0.000723473778659296,0.0007789318331023339,-0.0011381294124972725,-0.00018280396264623404,0.00090627774130553,0.0014753424475541662
signed_hqql_tbl,mod.cls_blocks.0.attn.h0,CLS<-charged_hadron,0.024296589738773536,0.0007190450957403369,-0.0007535014154293791,-0.0003668822817544571,-0.001154313247431727,0.0014725465111697159,0.0010859273774947939,0.0007190450957403369,0.0014553183513251948
B_tbl_minus_hqql,mod.blocks.2.attn.h3,muon<-electron,0.029939569532871246,-0.0009461530717089772,0.0,0.0,0.0,-0.0009461530717089772,-0.0009461530717089772,0.0009461530717089772,0.0014192296075634658
signed_hqql_tbl,mod.cls_blocks.0.attn.h7,muon<-CLS,0.0,0.0,-0.0028133841697126627,0.0,0.0,0.0028133841697126627,0.0,0.0,0.0014066920848563313
signed_hqql_tbl,mod.blocks.4.attn.h7,electron<-muon,2.4985638447105885e-05,5.345145126511852e-08,0.002795139094814658,0.0,0.0,-0.002795085643363393,5.345145126511852e-08,5.345145126511852e-08,0.0013975962731329616
signed_hqql_tbl,mod.cls_blocks.1.attn.h5,CLS<-charged_hadron,0.024933293244581527,0.0012615856011303104,0.0015228192055995462,0.0034250242113464603,-0.0007308991078068228,-0.00026123360446923577,-0.00216343861021615,0.0012615856011303104,0.0013922024033649282
B_tbl_minus_hqql,mod.cls_blocks.1.attn.h5,neutral_hadron<-neutral_hadron,0.02373384370615608,0.0009275658644343677,0.0,0.0,0.0,0.0009275658644343677,0.0009275658644343677,0.0009275658644343677,0.0013913487966515515
B_tbl_minus_hqql,mod.blocks.3.attn.h5,muon<-electron,0.09621284157037735,-0.0009253041353076696,0.0,0.0,0.0,-0.0009253041353076696,-0.0009253041353076696,0.0009253041353076696,0.0013879562029615045
signed_hqql_tbl,mod.cls_blocks.0.attn.h7,neutral_hadron<-electron,0.0,0.0,0.002730845376693954,0.0016248831525444984,0.0007924035210938504,-0.002730845376693954,-0.0016248831525444984,0.0,0.001365422688346977
B_tbl_minus_hqql,mod.blocks.3.attn.h3,electron<-muon,0.13680149614810944,-0.0009094928973354399,0.0,0.0,0.0,-0.0009094928973354399,-0.0009094928973354399,0.0009094928973354399,0.0013642393460031599
B_tbl_minus_hqql,mod.cls_blocks.1.attn.h0,CLS<-photon,0.02114054703464111,0.0009079713052293906,0.0,0.0,0.0,0.0009079713052293906,0.0009079713052293906,0.0009079713052293906,0.0013619569578440858
B_tbl_minus_hqql,mod.blocks.0.attn.h4,electron<-electron,0.1130645453409266,0.0009032381522299855,0.0,0.0,0.0,0.0009032381522299855,0.0009032381522299855,0.0009032381522299855,0.0013548572283449782
B_tbl_minus_hqql,mod.cls_blocks.0.attn.h2,CLS<-charged_hadron,0.020574572221878317,0.0009009540576552945,0.0,0.0,0.0,0.0009009540576552945,0.0009009540576552945,0.0009009540576552945,0.0013514310864829418
B_tbl_minus_hqql,mod.cls_blocks.0.attn.h5,CLS<-muon,0.0238287802785635,-0.000900536309927702,0.0,0.0,0.0,-0.000900536309927702,-0.000900536309927702,0.000900536309927702,0.001350804464891553
B_tbl_minus_hqql,mod.cls_blocks.0.attn.h5,charged_hadron<-muon,0.0238287802785635,-0.000900536309927702,0.0,0.0,0.0,-0.000900536309927702,-0.000900536309927702,0.000900536309927702,0.001350804464891553
signed_hqql_tbl,mod.cls_blocks.0.attn.h5,charged_hadron<-muon,0.023828784003853798,-0.0009005335159599781,0.0,0.0,0.0,-0.0009005335159599781,-0.0009005335159599781,0.0009005335159599781,0.0013508002739399672
signed_hqql_tbl,mod.cls_blocks.0.attn.h1,muon<-neutral_hadron,0.0,0.0,-0.0026985204312950373,0.0,0.0,0.0026985204312950373,0.0,0.0,0.0013492602156475186
signed_hqql_tbl,mod.cls_blocks.1.attn.h2,CLS<-CLS,0.035386726711294614,-0.0005695016409390519,-0.002126428485123455,0.0,0.0,0.001556926844184403,-0.0005695016409390519,0.0005695016409390519,0.0013479650630312534
signed_hqql_tbl,mod.cls_blocks.1.attn.h7,photon<-neutral_hadron,0.014426383476417799,-0.00028453240520320833,-0.002396510859184405,-0.0006985365512913891,0.00037247245005952816,0.002111978453981197,0.00041400414608818077,0.00028453240520320833,0.0013405216321938068
signed_hqql_tbl,mod.cls_blocks.0.attn.h4,neutral_hadron<-electron,0.0,0.0,0.0026336914161220193,0.007172503042966127,-0.006610222160816193,-0.0026336914161220193,-0.007172503042966127,0.0,0.0013168457080610096
signed_hqql_tbl,mod.cls_blocks.0.attn.h2,neutral_hadron<-neutral_hadron,0.01773693706644209,0.0005407663135740318,-0.0010014871975568974,-0.0002825853621794118,-0.00039986470911764735,0.0015422535111309292,0.0008233516757534436,0.0005407663135740318,0.0013118930691394964
B_tbl_minus_hqql,mod.cls_blocks.0.attn.h2,charged_hadron<-charged_hadron,0.019751521737076515,0.0008692329811733649,0.0,0.0,0.0,0.0008692329811733649,0.0008692329811733649,0.0008692329811733649,0.0013038494717600474
signed_hqql_tbl,mod.cls_blocks.1.attn.h4,muon<-CLS,0.0,0.0,-0.0026012880261987448,0.0,0.0,0.0026012880261987448,0.0,0.0,0.0013006440130993724
signed_hqql_tbl,mod.cls_blocks.1.attn.h5,neutral_hadron<-neutral_hadron,0.021512382124599657,0.0008233557056978737,-0.00012676183478501827,0.0030760689254815655,-0.000236580865792789,0.0009501175404828921,-0.0022527132197836916,0.0008233557056978737,0.0012984144759393198
B_tbl_minus_hqql,mod.cls_blocks.0.attn.h1,CLS<-photon,0.016846932619810105,0.0008642090604795764,0.0,0.0,0.0,0.0008642090604795764,0.0008642090604795764,0.0008642090604795764,0.0012963135907193646
signed_hqql_tbl,mod.cls_blocks.1.attn.h0,charged_hadron<-neutral_hadron,0.018756589971673794,0.0008509228321203502,-2.0818831166656713e-05,0.0006518987513186832,-0.002349115234877293,0.0008717416632870069,0.00019902408080166702,0.0008509228321203502,0.0012867936637638536
signed_hqql_tbl,mod.cls_blocks.1.attn.h5,CLS<-neutral_hadron,0.022052165708460268,0.0008907487972464878,0.00010257375581787992,0.003148812793215063,0.0003916591083860765,0.0007881750414286078,-0.0022580639959685752,0.0008907487972464878,0.0012848363179607917
B_tbl_minus_hqql,mod.cls_blocks.1.attn.h0,charged_hadron<-neutral_hadron,0.01967899219538921,0.0008513903241971723,0.0,0.0,0.0,0.0008513903241971723,0.0008513903241971723,0.0008513903241971723,0.0012770854862957585
signed_hqql_tbl,mod.cls_blocks.1.attn.h0,charged_hadron<-photon,0.02267924218834517,0.0012228239430839608,0.0011209355759971096,0.0005640982128159137,-0.00039898231474368216,0.00010188836708685122,0.0006587257302680471,0.0012228239430839608,0.0012737681266273863
B_tbl_minus_hqql,mod.cls_blocks.0.attn.h5,CLS<-photon,0.02038207580645879,-0.0008337548359607657,0.0,0.0,0.0,-0.0008337548359607657,-0.0008337548359607657,0.0008337548359607657,0.0012506322539411485
B_tbl_minus_hqql,mod.cls_blocks.1.attn.h5,neutral_hadron<-photon,0.024199503074799265,0.0008326517750642129,0.0,0.0,0.0,0.0008326517750642129,0.0008326517750642129,0.0008326517750642129,0.0012489776625963195
signed_hqql_tbl,mod.cls_blocks.1.attn.h6,muon<-photon,0.0,0.0,-0.0024968654933300886,0.0,0.0,0.0024968654933300886,0.0,0.0,0.0012484327466650443
B_tbl_minus_hqql,mod.cls_blocks.0.attn.h0,photon<-neutral_hadron,0.028215508334911786,0.000831730063789739,0.0,0.0,0.0,0.000831730063789739,0.000831730063789739,0.000831730063789739,0.0012475950956846085
signed_hqql_tbl,mod.cls_blocks.1.attn.h4,charged_hadron<-charged_hadron,0.02790033479416093,-0.0005000152133254952,0.0009786969334897348,-0.00037910293624840777,9.834888120307229e-05,-0.00147871214681523,-0.00012091227707708744,0.0005000152133254952,0.0012393712867331103
signed_hqql_tbl,mod.cls_blocks.0.attn.h5,CLS<-neutral_hadron,0.02189079217524046,-0.0009855176925027212,-0.0014893962789704707,-0.0006470599297206215,0.0021801298049141248,0.0005038785864677495,-0.00033845776278209965,0.0009855176925027212,0.001237456985736596
signed_hqql_tbl,mod.cls_blocks.0.attn.h1,neutral_hadron<-neutral_hadron,0.024924947635123606,-0.0007778984872857109,0.00011354741012758535,-0.005860191631924223,0.0025840548756109042,-0.0008914458974132963,0.005082293144638512,0.0007778984872857109,0.001223621435992359
signed_hqql_tbl,mod.cls_blocks.1.attn.h5,neutral_hadron<-CLS,0.031916745007038116,0.0007288350025191903,-0.00023405025640386157,0.0,0.0,0.0009628852589230519,0.0007288350025191903,0.0007288350025191903,0.0012102776319807163
B_tbl_minus_hqql,mod.cls_blocks.1.attn.h4,charged_hadron<-neutral_hadron,0.04568410553754522,-0.000804647394360449,0.0,0.0,0.0,-0.000804647394360449,-0.000804647394360449,0.000804647394360449,0.0012069710915406735
signed_hqql_tbl,mod.cls_blocks.1.attn.h0,neutral_hadron<-electron,0.0,0.0,0.0024127951207143874,0.00010396455763839185,-0.00026938876302059117,-0.0024127951207143874,-0.00010396455763839185,0.0,0.0012063975603571937
B_tbl_minus_hqql,mod.cls_blocks.1.attn.h0,neutral_hadron<-neutral_hadron,0.03243818977161458,0.0007909328912654402,0.0,0.0,0.0,0.0007909328912654402,0.0007909328912654402,0.0007909328912654402,0.0011863993368981603
signed_hqql_tbl,mod.blocks.6.attn.h6,electron<-muon,0.06882571429014206,-1.3630743524117861e-05,0.002327919937670231,0.0,0.0,-0.0023415506811943487,-1.3630743524117861e-05,1.3630743524117861e-05,0.0011844060841212922
signed_hqql_tbl,mod.cls_blocks.1.attn.h0,CLS<-photon,0.020147763167818387,0.0009579209026802952,0.0005108999244236041,0.000524669246918989,9.640700573588039e-05,0.00044702097825669116,0.0004332516557613062,0.0009579209026802952,0.0011814313918086408
signed_hqql_tbl,mod.cls_blocks.0.attn.h0,photon<-neutral_hadron,0.021701593811695393,0.0008975219053144639,0.00035777739899726035,-0.0004404308253599863,-0.0012391979495684307,0.0005397445063172035,0.00133795273067445,0.0008975219053144639,0.0011673941584730656
signed_hqql_tbl,mod.cls_blocks.0.attn.h2,muon<-muon,0.0,0.0,-0.0023327330127358437,0.0,0.0,0.0023327330127358437,0.0,0.0,0.0011663665063679218
signed_hqql_tbl,mod.blocks.4.attn.h5,muon<-electron,0.09914993494749069,-0.00048132234951481223,0.000869108596816659,0.0,0.0,-0.0013504309463314712,-0.00048132234951481223,0.00048132234951481223,0.0011565378226805478
B_tbl_minus_hqql,mod.cls_blocks.0.attn.h0,photon<-photon,0.018438961598780248,-0.0007692686185337506,0.0,0.0,0.0,-0.0007692686185337506,-0.0007692686185337506,0.0007692686185337506,0.0011539029278006259
signed_hqql_tbl,mod.blocks.0.attn.h5,electron<-electron,0.15123424428101215,0.0007405848192926593,-7.222879621338052e-05,-0.0006583395978244274,-0.000266939770335739,0.0008128136155060398,0.0013989244171170867,0.0007405848192926593,0.0011469916270456793
signed_hqql_tbl,mod.cls_blocks.0.attn.h2,photon<-neutral_hadron,0.019055794064815227,0.00043501558068853157,-0.0009815890807658434,-0.0014341610949486494,0.0005863147942970196,0.001416604661454375,0.001869176675637181,0.00043501558068853157,0.001143317911415719
B_tbl_minus_hqql,mod.cls_blocks.0.attn.h5,charged_hadron<-electron,0.013923985417932272,-0.0007619056268595159,0.0,0.0,0.0,-0.0007619056268595159,-0.0007619056268595159,0.0007619056268595159,0.0011428584402892739
signed_hqql_tbl,mod.cls_blocks.1.attn.h0,CLS<-charged_hadron,0.022512406501756118,0.0009807517723032374,0.0013033143301510984,0.0007442440268096597,-0.0004000599173451561,-0.000322562557847861,0.00023650774549357774,0.0009807517723032374,0.0011420330512271679
B_tbl_minus_hqql,mod.blocks.3.attn.h4,electron<-electron,0.05303862292526497,0.0007609378785168196,0.0,0.0,0.0,0.0007609378785168196,0.0007609378785168196,0.0007609378785168196,0.0011414068177752292
B_tbl_minus_hqql,mod.cls_blocks.0.attn.h1,photon<-photon,0.017376408948526753,0.0007591378533390242,0.0,0.0,0.0,0.0007591378533390242,0.0007591378533390242,0.0007591378533390242,0.0011387067800085362
signed_hqql_tbl,mod.blocks.2.attn.h4,muon<-electron,0.08417471498250961,-0.00018934920080937445,-0.002085501793771982,0.0,0.0,0.0018961525929626077,-0.00018934920080937445,0.00018934920080937445,0.0011374254972906783
signed_hqql_tbl,mod.blocks.3.attn.h4,electron<-electron,0.05303860504904555,0.0007609388612763723,2.4691668237153408e-05,-0.00019790418082266115,0.00023515238463005516,0.0007362471930392189,0.0009588430420990335,0.0007609388612763723,0.0011290624577959818
B_tbl_minus_hqql,mod.cls_blocks.0.attn.h3,CLS<-muon,0.006893498357385397,0.0007510275463573635,0.0,0.0,0.0,0.0007510275463573635,0.0007510275463573635,0.0007510275463573635,0.0011265413195360452
B_tbl_minus_hqql,mod.cls_blocks.0.attn.h3,charged_hadron<-muon,0.006893498357385397,0.0007510275463573635,0.0,0.0,0.0,0.0007510275463573635,0.0007510275463573635,0.0007510275463573635,0.0011265413195360452
signed_hqql_tbl,mod.cls_blocks.0.attn.h3,charged_hadron<-muon,0.00689349602907896,0.0007510266732424498,0.0,0.0,0.0,0.0007510266732424498,0.0007510266732424498,0.0007510266732424498,0.0011265400098636746
B_tbl_minus_hqql,mod.cls_blocks.0.attn.h7,photon<-photon,0.020961756443048454,-0.0007486122527292796,0.0,0.0,0.0,-0.0007486122527292796,-0.0007486122527292796,0.0007486122527292796,0.0011229183790939195
B_tbl_minus_hqql,mod.blocks.0.attn.h5,electron<-electron,0.1512342244127972,0.00074058394026603,0.0,0.0,0.0,0.00074058394026603,0.00074058394026603,0.00074058394026603,0.001110875910399045
signed_hqql_tbl,mod.cls_blocks.1.attn.h5,charged_hadron<-muon,0.003872750559821725,-0.0007376967696473002,0.0,0.0,0.0,-0.0007376967696473002,-0.0007376967696473002,0.0007376967696473002,0.0011065451544709504
B_tbl_minus_hqql,mod.cls_blocks.1.attn.h5,CLS<-muon,0.003872751025483012,-0.0007376966532319784,0.0,0.0,0.0,-0.0007376966532319784,-0.0007376966532319784,0.0007376966532319784,0.0011065449798479676
B_tbl_minus_hqql,mod.cls_blocks.1.attn.h5,charged_hadron<-muon,0.003872751025483012,-0.0007376966532319784,0.0,0.0,0.0,-0.0007376966532319784,-0.0007376966532319784,0.0007376966532319784,0.0011065449798479676
signed_hqql_tbl,mod.blocks.1.attn.h3,electron<-electron,0.0670997191272262,-0.0006169091289191581,0.0003565919681847163,0.0002385548591519182,-0.0004088216291052049,-0.0009735010971038744,-0.0008554639880710763,0.0006169091289191581,0.0011036596774710954
signed_hqql_tbl,mod.cls_blocks.1.attn.h1,charged_hadron<-charged_hadron,0.0229157141821329,-0.00025233824136342074,0.0014378273685983682,-0.000505491806666112,0.00020517880329862237,-0.001690165609961789,0.00025315356530269126,0.00025233824136342074,0.0010974210463443152
signed_hqql_tbl,mod.cls_blocks.1.attn.h2,neutral_hadron<-neutral_hadron,0.032767479258932565,-0.000493142197803153,0.0007074026861632972,1.4205712230048246e-05,0.0004639913112800004,-0.0012005448839664502,-0.0005073479100332013,0.000493142197803153,0.001093414639786378
signed_hqql_tbl,mod.cls_blocks.0.attn.h2,charged_hadron<-muon,0.02835990861058235,0.0007278899429365993,0.0,0.0,0.0,0.0007278899429365993,0.0007278899429365993,0.0007278899429365993,0.0010918349144048989
B_tbl_minus_hqql,mod.cls_blocks.0.attn.h2,CLS<-muon,0.0283599104732275,0.0007278875564225018,0.0,0.0,0.0,0.0007278875564225018,0.0007278875564225018,0.0007278875564225018,0.0010918313346337527
B_tbl_minus_hqql,mod.cls_blocks.0.attn.h2,charged_hadron<-muon,0.0283599104732275,0.0007278875564225018,0.0,0.0,0.0,0.0007278875564225018,0.0007278875564225018,0.0007278875564225018,0.0010918313346337527
B_tbl_minus_hqql,mod.cls_blocks.1.attn.h5,charged_hadron<-electron,0.011482814559713006,0.0007261548016685992,0.0,0.0,0.0,0.0007261548016685992,0.0007261548016685992,0.0007261548016685992,0.0010892322025028989
signed_hqql_tbl,mod.cls_blocks.0.attn.h7,photon<-charged_hadron,0.022844568083557903,-0.00034784871636878086,0.0011281350750969835,0.001679638344230074,0.0008841547178891823,-0.0014759837914657644,-0.0020274870605988546,0.00034784871636878086,0.001085840612101663
signed_hqql_tbl,mod.blocks.1.attn.h0,electron<-muon,1.656616950640455e-05,1.0204811928815616e-07,-0.0021637023892253637,0.0,0.0,0.002163804437344652,1.0204811928815616e-07,1.0204811928815616e-07,0.001082004266791614
B_tbl_minus_hqql,mod.blocks.7.attn.h3,charged_hadron<-muon,0.10171489417552948,0.0007202933193184435,0.0,0.0,0.0,0.0007202933193184435,0.0007202933193184435,0.0007202933193184435,0.0010804399789776653
signed_hqql_tbl,mod.blocks.3.attn.h5,muon<-charged_hadron,0.03929766267538071,-0.000692895264364779,3.891647793352604e-05,7.034079171717167e-05,-0.00023892591178247875,-0.000731811742298305,-0.0007632360560819506,0.000692895264364779,0.0010588011355139315
signed_hqql_tbl,mod.cls_blocks.0.attn.h0,muon<-neutral_hadron,0.0,0.0,0.002096723299473524,0.0,0.0,-0.002096723299473524,0.0,0.0,0.001048361649736762
signed_hqql_tbl,mod.blocks.7.attn.h3,charged_hadron<-muon,0.1017148569226265,0.0007202938431873918,7.336805962647001e-05,-8.659792365506291e-05,-0.00029028761623935264,0.0006469257835609218,0.0008068917668424547,0.0007202938431873918,0.0010437567349678527
B_tbl_minus_hqql,mod.blocks.3.attn.h5,muon<-charged_hadron,0.039297670125961304,-0.0006928950315341353,0.0,0.0,0.0,-0.0006928950315341353,-0.0006928950315341353,0.0006928950315341353,0.001039342547301203
signed_hqql_tbl,mod.cls_blocks.1.attn.h2,CLS<-electron,0.0041000260040164,5.31194091308862e-05,-0.0019179656945027546,-1.0626418770698365e-05,4.2195451290657125e-05,0.0019710851036336408,6.374582790158456e-05,5.31194091308862e-05,0.0010386619609477066
B_tbl_minus_hqql,mod.cls_blocks.0.attn.h2,CLS<-neutral_hadron,0.019317108960378738,0.0006863642587891913,0.0,0.0,0.0,0.0006863642587891913,0.0006863642587891913,0.0006863642587891913,0.0010295463881837869
B_tbl_minus_hqql,mod.blocks.0.attn.h6,muon<-electron,0.11232307553291321,0.0006815657252445817,0.0,0.0,0.0,0.0006815657252445817,0.0006815657252445817,0.0006815657252445817,0.0010223485878668725
signed_hqql_tbl,mod.cls_blocks.1.attn.h6,charged_hadron<-neutral_hadron,0.026174107805276528,-0.0006626012092545772,5.089797687299027e-05,-0.0003251687794888638,-4.916162385294835e-05,-0.0007134991861275675,-0.0003374324297657134,0.0006626012092545772,0.0010193508023183609
B_tbl_minus_hqql,mod.blocks.7.attn.h2,charged_hadron<-muon,0.054771605879068375,-0.0006787534221075475,0.0,0.0,0.0,-0.0006787534221075475,-0.0006787534221075475,0.0006787534221075475,0.0010181301331613213
signed_hqql_tbl,mod.cls_blocks.0.attn.h0,charged_hadron<-photon,0.01732511131349438,0.0003082965874297176,-0.001101643123300904,0.0001577269806532386,-0.0010335137099995242,0.0014099397107306217,0.00015056960677647903,0.0003082965874297176,0.0010132664427950286
B_tbl_minus_hqql,mod.cls_blocks.1.attn.h4,neutral_hadron<-neutral_hadron,0.03295494635638438,-0.0006720118261383552,0.0,0.0,0.0,-0.0006720118261383552,-0.0006720118261383552,0.0006720118261383552,0.0010080177392075328
B_tbl_minus_hqql,mod.cls_blocks.1.attn.h0,neutral_hadron<-charged_hadron,0.018245660092519676,0.0006661890530148926,0.0,0.0,0.0,0.0006661890530148926,0.0006661890530148926,0.0006661890530148926,0.0009992835795223389
B_tbl_minus_hqql,mod.cls_blocks.0.attn.h2,charged_hadron<-photon,0.02137534543425737,0.0006656111692061682,0.0,0.0,0.0,0.0006656111692061682,0.0006656111692061682,0.0006656111692061682,0.0009984167538092522
signed_hqql_tbl,mod.cls_blocks.1.attn.h0,charged_hadron<-charged_hadron,0.019787398448517155,0.0009530720459689862,0.0008893990588287618,0.0008787600161202854,-0.0002520520334096196,6.367298714022446e-05,7.431202984870087e-05,0.0009530720459689862,0.0009849085395390983
signed_hqql_tbl,mod.blocks.0.attn.h6,muon<-electron,0.11232307553291321,0.0006815646775066853,9.196239989250898e-05,0.0,0.0,0.0005896022776141763,0.0006815646775066853,0.0006815646775066853,0.0009763658163137734
B_tbl_minus_hqql,mod.cls_blocks.0.attn.h1,photon<-electron,0.01655731536448002,0.0006486526690423489,0.0,0.0,0.0,0.0006486526690423489,0.0006486526690423489,0.0006486526690423489,0.0009729790035635233
signed_hqql_tbl,mod.cls_blocks.1.attn.h1,muon<-photon,0.0,0.0,-0.0019440964202989232,0.0,0.0,0.0019440964202989232,0.0,0.0,0.0009720482101494616
B_tbl_minus_hqql,mod.cls_blocks.1.attn.h4,CLS<-neutral_hadron,0.03808664607571527,-0.000645458488655831,0.0,0.0,0.0,-0.000645458488655831,-0.000645458488655831,0.000645458488655831,0.0009681877329837465
signed_hqql_tbl,mod.blocks.1.attn.h5,electron<-electron,0.11097842570112941,0.0004977854348706185,0.0014355080730865666,0.0013355095191703488,-0.0011129954935313435,-0.0009377226382159481,-0.0008377240842997303,0.0004977854348706185,0.0009666467539785925
signed_hqql_tbl,mod.cls_blocks.1.attn.h4,photon<-electron,0.0062409997917711735,-1.4443743566516787e-05,-0.001901884315884672,0.0,0.0,0.0018874405723181553,-1.4443743566516787e-05,1.4443743566516787e-05,0.0009581640297255944
signed_hqql_tbl,mod.cls_blocks.1.attn.h1,muon<-charged_hadron,0.0,0.0,-0.0019073199480772018,0.0,0.0,0.0019073199480772018,0.0,0.0,0.0009536599740386009
signed_hqql_tbl,mod.cls_blocks.0.attn.h0,neutral_hadron<-muon,0.0,0.0,0.001906690769828856,0.001149057294242084,-0.0011069048196077347,-0.001906690769828856,-0.001149057294242084,0.0,0.000953345384914428
B_tbl_minus_hqql,mod.cls_blocks.0.attn.h5,charged_hadron<-neutral_hadron,0.027956296761448566,-0.0006351271727814889,0.0,0.0,0.0,-0.0006351271727814889,-0.0006351271727814889,0.0006351271727814889,0.0009526907591722333
signed_hqql_tbl,mod.cls_blocks.1.attn.h5,neutral_hadron<-photon,0.023810847529343197,0.0007709114579483867,0.00041726547517353973,0.001430128641331043,-6.768521898896387e-05,0.00035364598277484694,-0.0006592171833826564,0.0007709114579483867,0.0009477344493358101
signed_hqql_tbl,mod.blocks.5.attn.h5,charged_hadron<-muon,0.062002457678318024,0.0005733498255722225,-0.00015795469069137023,7.217047968879342e-05,-0.0003251836566381495,0.0007313045162635928,0.000501179345883429,0.0005733498255722225,0.0009390020837040188
signed_hqql_tbl,mod.blocks.5.attn.h7,charged_hadron<-muon,0.12420011311769485,-0.0005391684244386852,0.0002481851514834815,-0.002743486315011978,0.0004739028147675774,-0.0007873535759221667,0.002204317890573293,0.0005391684244386852,0.0009328452123997685
signed_hqql_tbl,mod.cls_blocks.0.attn.h7,charged_hadron<-photon,0.018088824556259337,-0.00039948517816353166,-0.0014586897124930964,0.0005717239825645034,0.0019381280819123442,0.0010592045343295648,-0.000971209160728035,0.00039948517816353166,0.000929087445328314
B_tbl_minus_hqql,mod.blocks.1.attn.h3,electron<-electron,0.06709970008685356,-0.000616908394830615,0.0,0.0,0.0,-0.000616908394830615,-0.000616908394830615,0.000616908394830615,0.0009253625922459225
B_tbl_minus_hqql,mod.cls_blocks.1.attn.h0,charged_hadron<-electron,0.03243971196934581,0.0006140955401860992,0.0,0.0,0.0,0.0006140955401860992,0.0006140955401860992,0.0006140955401860992,0.0009211433102791489
signed_hqql_tbl,mod.blocks.1.attn.h0,charged_hadron<-muon,0.051329854875802994,0.000574819219764322,-0.00011240062602341939,-0.0010538986884057523,0.0004984044512225823,0.0006872198457877415,0.0016287179081700743,0.000574819219764322,0.0009184291426581928
signed_hqql_tbl,mod.blocks.2.attn.h4,electron<-muon,0.08930426836013794,0.0005153397214598954,-0.00028408298385329545,0.0,0.0,0.0007994227053131908,0.0005153397214598954,0.0005153397214598954,0.0009150510741164908
signed_hqql_tbl,mod.cls_blocks.1.attn.h0,CLS<-electron,0.0012326516211032868,1.1761787391151302e-05,0.0018006200232321135,4.286566763767041e-06,-0.00026938876302059117,-0.0017888582358409622,7.47522062738426e-06,1.1761787391151302e-05,0.0009061909053116324
B_tbl_minus_hqql,mod.cls_blocks.0.attn.h1,photon<-neutral_hadron,0.02609109763915722,0.0006032271686798105,0.0,0.0,0.0,0.0006032271686798105,0.0006032271686798105,0.0006032271686798105,0.0009048407530197157
signed_hqql_tbl,mod.cls_blocks.1.attn.h5,CLS<-photon,0.017911998232205708,0.00044761730513225,0.001345378440186682,0.0018795214731384207,-8.540923437593799e-05,-0.000897761135054432,-0.0014319041680061707,0.00044761730513225,0.000896497872659466
signed_hqql_tbl,mod.cls_blocks.1.attn.h4,muon<-muon,0.0,0.0,-0.0017787578981369734,0.0,0.0,0.0017787578981369734,0.0,0.0,0.0008893789490684867
signed_hqql_tbl,mod.blocks.2.attn.h5,muon<-photon,0.009900695085525513,0.0004887844994664192,-0.00030874513628843586,8.600026679535707e-06,-0.00014614064275519922,0.0007975296357548551,0.0004801844727868835,0.0004887844994664192,0.0008875493173438468
B_tbl_minus_hqql,mod.cls_blocks.0.attn.h6,charged_hadron<-electron,0.01921262312680483,0.0005911702755838633,0.0,0.0,0.0,0.0005911702755838633,0.0005911702755838633,0.0005911702755838633,0.0008867554133757949
B_tbl_minus_hqql,mod.cls_blocks.1.attn.h6,charged_hadron<-neutral_hadron,0.023240303047574483,-0.00058903307086812,0.0,0.0,0.0,-0.00058903307086812,-0.00058903307086812,0.00058903307086812,0.0008835496063021799
signed_hqql_tbl,mod.cls_blocks.1.attn.h3,photon<-CLS,0.02666649967432022,-0.0005845787818543613,-7.240456739054935e-06,0.0,0.0,-0.0005773383251153064,-0.0005845787818543613,0.0005845787818543613,0.0008732479444120145
signed_hqql_tbl,mod.cls_blocks.0.attn.h7,charged_hadron<-charged_hadron,0.02089902931867644,-0.0002837928653651372,-0.0014566603606030093,0.0006407763842376359,0.0009739779544850955,0.0011728674952378722,-0.000924569249602773,0.0002837928653651372,0.0008702266129840732
signed_hqql_tbl,mod.blocks.4.attn.h2,charged_hadron<-muon,0.05373262241482735,0.000503998773638159,-0.00022399465505702374,2.3855741892475636e-05,-0.00010596639417185956,0.0007279934286951828,0.0004801430317456834,0.000503998773638159,0.0008679954879857504
signed_hqql_tbl,mod.cls_blocks.1.attn.h4,neutral_hadron<-neutral_hadron,0.033994382541430626,-0.0006742521164644705,-0.0002872795174010642,-0.0006303161649999243,-0.0005970336355720506,-0.0003869725990634063,-4.3935951464546194e-05,0.0006742521164644705,0.0008677384159961737
B_tbl_minus_hqql,mod.blocks.1.attn.h0,charged_hadron<-muon,0.051329854875802994,0.0005748191615566611,0.0,0.0,0.0,0.0005748191615566611,0.0005748191615566611,0.0005748191615566611,0.0008622287423349917
B_tbl_minus_hqql,mod.blocks.5.attn.h5,charged_hadron<-muon,0.062002457678318024,0.0005733494181185961,0.0,0.0,0.0,0.0005733494181185961,0.0005733494181185961,0.0005733494181185961,0.0008600241271778941
signed_hqql_tbl,mod.cls_blocks.0.attn.h3,neutral_hadron<-electron,0.0,0.0,-0.0016939293903609116,0.0008727308013476431,-0.019355935820688803,0.0016939293903609116,-0.0008727308013476431,0.0,0.0008469646951804558
signed_hqql_tbl,mod.cls_blocks.1.attn.h5,charged_hadron<-photon,0.015619086648175816,0.000410208788081379,-0.0004552595191082712,0.002533586302436657,0.00037970639880166037,0.0008654683071896501,-0.002123377514355278,0.000410208788081379,0.000842942941676204
signed_hqql_tbl,mod.cls_blocks.1.attn.h2,charged_hadron<-CLS,0.004121289151953533,-0.00015709398758190218,0.0012034048204441206,0.0,0.0,-0.0013604988080260227,-0.00015709398758190218,0.00015709398758190218,0.0008373433915949136
signed_hqql_tbl,mod.blocks.7.attn.h4,muon<-electron,0.03145674616098404,-8.220378367695957e-05,-0.0015921304002404213,0.0,0.0,0.0015099266165634617,-8.220378367695957e-05,8.220378367695957e-05,0.0008371670919586904
signed_hqql_tbl,mod.cls_blocks.0.attn.h2,photon<-charged_hadron,0.020354589706734767,2.0807785795459266e-05,-0.0016068342781390052,-0.0012587716619512348,-0.0008945179642322138,0.0016276420639344644,0.0012795794477466942,2.0807785795459266e-05,0.0008346288177626915
signed_hqql_tbl,mod.cls_blocks.1.attn.h4,charged_hadron<-neutral_hadron,0.02492228373646354,-0.00041742030197593314,0.0004088429344619726,-0.000551426732684222,1.398771795114347e-05,-0.0008262632364379058,0.0001340064307082889,0.00041742030197593314,0.000830551920194886
B_tbl_minus_hqql,mod.blocks.1.attn.h3,muon<-electron,0.021361688151955605,-0.0005511040217243135,0.0,0.0,0.0,-0.0005511040217243135,-0.0005511040217243135,0.0005511040217243135,0.0008266560325864702
signed_hqql_tbl,mod.cls_blocks.1.attn.h0,neutral_hadron<-charged_hadron,0.01914540321930595,0.0006724345831848357,0.00038466278675685424,0.0005261857834894483,0.0001595631219624054,0.00028777179642798143,0.00014624879969538736,0.0006724345831848357,0.0008163204813988263
signed_hqql_tbl,mod.blocks.1.attn.h3,muon<-electron,0.021361688151955605,-0.0005511039053089917,-2.2633033950114623e-05,0.0,0.0,-0.000528470871358877,-0.0005511039053089917,0.0005511039053089917,0.0008153393409884302
B_tbl_minus_hqql,mod.cls_blocks.0.attn.h0,charged_hadron<-electron,0.01457497663795948,0.0005434493214124814,0.0,0.0,0.0,0.0005434493214124814,0.0005434493214124814,0.0005434493214124814,0.000815173982118722
B_tbl_minus_hqql,mod.blocks.5.attn.h7,charged_hadron<-muon,0.12420018017292023,-0.0005391687154769897,0.0,0.0,0.0,-0.0005391687154769897,-0.0005391687154769897,0.0005391687154769897,0.0008087530732154846
B_tbl_minus_hqql,mod.cls_blocks.0.attn.h7,charged_hadron<-charged_hadron,0.02060553899338079,-0.0005375307972467137,0.0,0.0,0.0,-0.0005375307972467137,-0.0005375307972467137,0.0005375307972467137,0.0008062961958700706
signed_hqql_tbl,mod.cls_blocks.0.attn.h5,neutral_hadron<-electron,0.0,0.0,0.0016037223783011239,0.0014992858050391078,-0.001030394264186422,-0.0016037223783011239,-0.0014992858050391078,0.0,0.0008018611891505619
B_tbl_minus_hqql,mod.cls_blocks.1.attn.h2,neutral_hadron<-neutral_hadron,0.042225898390537815,-0.0005320761449279656,0.0,0.0,0.0,-0.0005320761449279656,-0.0005320761449279656,0.0005320761449279656,0.0007981142173919484
B_tbl_minus_hqql,mod.cls_blocks.1.attn.h2,charged_hadron<-charged_hadron,0.023340479232544124,-0.0005314663028192901,0.0,0.0,0.0,-0.0005314663028192901,-0.0005314663028192901,0.0005314663028192901,0.0007971994542289352
B_tbl_minus_hqql,mod.blocks.2.attn.h0,muon<-neutral_hadron,0.019923117756843568,-0.0005291491746902466,0.0,0.0,0.0,-0.0005291491746902466,-0.0005291491746902466,0.0005291491746902466,0.0007937237620353698
B_tbl_minus_hqql,mod.blocks.5.attn.h5,electron<-muon,0.11982901394367218,0.0005251674447208643,0.0,0.0,0.0,0.0005251674447208643,0.0005251674447208643,0.0005251674447208643,0.0007877511670812964
signed_hqql_tbl,mod.cls_blocks.1.attn.h4,photon<-neutral_hadron,0.030632482698330514,-0.0005573537200689316,-0.00010270839993609115,-0.0011662574584728905,0.000379608459964705,-0.0004546453201328404,0.0006089037384039589,0.0005573537200689316,0.0007846763801353518
signed_hqql_tbl,mod.blocks.6.attn.h1,muon<-electron,5.329573468770832e-05,8.269934141935664e-07,0.0015607152599841356,0.0,0.0,-0.001559888266569942,8.269934141935664e-07,8.269934141935664e-07,0.0007807711266991646
B_tbl_minus_hqql,mod.blocks.4.attn.h1,muon<-charged_hadron,0.050871916115283966,-0.0005202741594985127,0.0,0.0,0.0,-0.0005202741594985127,-0.0005202741594985127,0.0005202741594985127,0.0007804112392477691
B_tbl_minus_hqql,mod.blocks.5.attn.h6,muon<-charged_hadron,0.05596347898244858,0.0005175538826733828,0.0,0.0,0.0,0.0005175538826733828,0.0005175538826733828,0.0005175538826733828,0.0007763308240100741
signed_hqql_tbl,mod.cls_blocks.0.attn.h3,charged_hadron<-electron,0.005724514601752162,0.000515557676408207,0.0,0.0008361513173440471,0.0,0.000515557676408207,-0.0003205936409358401,0.000515557676408207,0.0007733365146123106
B_tbl_minus_hqql,mod.blocks.2.attn.h4,electron<-muon,0.08930426836013794,0.0005153387901373208,0.0,0.0,0.0,0.0005153387901373208,0.0005153387901373208,0.0005153387901373208,0.0007730081852059811
signed_hqql_tbl,mod.blocks.7.attn.h1,muon<-charged_hadron,0.05929120257496834,0.00050534144975245,-2.916363808207023e-05,-0.00039180610328912733,-3.3256629566577345e-05,0.0005345050878345203,0.0008971475530415773,0.00050534144975245,0.0007725939936697101
B_tbl_minus_hqql,mod.cls_blocks.0.attn.h7,photon<-charged_hadron,0.0225528671017176,-0.0005131254821449895,0.0,0.0,0.0,-0.0005131254821449895,-0.0005131254821449895,0.0005131254821449895,0.0007696882232174844
signed_hqql_tbl,mod.cls_blocks.0.attn.h0,neutral_hadron<-photon,0.019606608365263258,0.0006450671977030911,0.0008801342676322954,-0.0009105889222178704,-0.0004996524358371107,-0.0002350670699292043,0.0015556561199209615,0.0006450671977030911,0.0007626007326676932
signed_hqql_tbl,mod.cls_blocks.0.attn.h7,photon<-photon,0.02008386246569745,-0.00036962136819765167,0.0004130618841815236,0.0012575258613275043,0.0020166655489500017,-0.0007826832523791752,-0.001627147229525156,0.00036962136819765167,0.0007609629943872392
signed_hqql_tbl,mod.cls_blocks.1.attn.h7,photon<-photon,0.02442484668322972,-0.0002436869756572626,-0.0012751680506217118,-0.0005890670521505948,0.0003417935559823029,0.0010314810749644493,0.00034538007649333223,0.0002436869756572626,0.0007594275131394872
B_tbl_minus_hqql,mod.blocks.7.attn.h1,muon<-charged_hadron,0.05929120257496834,0.0005053412751294672,0.0,0.0,0.0,0.0005053412751294672,0.0005053412751294672,0.0005053412751294672,0.0007580119126942009
B_tbl_minus_hqql,mod.cls_blocks.1.attn.h5,CLS<-electron,0.01029348848387599,0.000504876091144979,0.0,0.0,0.0,0.000504876091144979,0.000504876091144979,0.000504876091144979,0.0007573141367174684
B_tbl_minus_hqql,mod.blocks.4.attn.h2,charged_hadron<-muon,0.053732652217149734,0.00050399883184582,0.0,0.0,0.0,0.00050399883184582,0.00050399883184582,0.00050399883184582,0.0007559982477687299
B_tbl_minus_hqql,mod.cls_blocks.1.attn.h5,CLS<-neutral_hadron,0.023051056135002346,0.0005038640513140265,0.0,0.0,0.0,0.0005038640513140265,0.0005038640513140265,0.0005038640513140265,0.0007557960769710398
B_tbl_minus_hqql,mod.cls_blocks.1.attn.h0,CLS<-electron,0.026266216742806138,0.0005030799344240222,0.0,0.0,0.0,0.0005030799344240222,0.0005030799344240222,0.0005030799344240222,0.0007546199016360334
signed_hqql_tbl,mod.cls_blocks.1.attn.h2,CLS<-neutral_hadron,0.02251904916816524,-0.0003121110024992612,0.0005714056433992842,7.323655386534619e-06,0.00017883651619344257,-0.0008835166458985455,-0.00031943465788579587,0.0003121110024992612,0.0007538693254485339
B_tbl_minus_hqql,mod.cls_blocks.0.attn.h0,CLS<-charged_hadron,0.022937482717085858,0.0005018071908878473,0.0,0.0,0.0,0.0005018071908878473,0.0005018071908878473,0.0005018071908878473,0.0007527107863317709
B_tbl_minus_hqql,mod.blocks.1.attn.h5,electron<-electron,0.11097839258743786,0.0004977848754366379,0.0,0.0,0.0,0.0004977848754366379,0.0004977848754366379,0.0004977848754366379,0.0007466773131549569
B_tbl_minus_hqql,mod.cls_blocks.0.attn.h2,neutral_hadron<-neutral_hadron,0.01767183389318617,0.0004970289423669639,0.0,0.0,0.0,0.0004970289423669639,0.0004970289423669639,0.0004970289423669639,0.0007455434135504458
B_tbl_minus_hqql,mod.blocks.2.attn.h5,muon<-photon,0.009900694489479065,0.0004887842014431954,0.0,0.0,0.0,0.0004887842014431954,0.0004887842014431954,0.0004887842014431954,0.0007331763021647931
signed_hqql_tbl,mod.cls_blocks.1.attn.h4,CLS<-neutral_hadron,0.02874174862102206,-0.0005188259370437923,-0.0001044491510725184,-0.0006656569968710871,-0.00017420963507529217,-0.0004143767859712739,0.00014683105982729486,0.0005188259370437923,0.0007260143300294292
B_tbl_minus_hqql,mod.cls_blocks.1.attn.h5,photon<-photon,0.018169785087758846,0.0004839898576935777,0.0,0.0,0.0,0.0004839898576935777,0.0004839898576935777,0.0004839898576935777,0.0007259847865403665
B_tbl_minus_hqql,mod.cls_blocks.1.attn.h1,neutral_hadron<-neutral_hadron,0.03764991344589936,-0.0004827313891598207,0.0,0.0,0.0,-0.0004827313891598207,-0.0004827313891598207,0.0004827313891598207,0.000724097083739731
signed_hqql_tbl,mod.cls_blocks.0.attn.h2,charged_hadron<-electron,0.013701854273676872,-0.00048267710371874273,0.0,-0.0005996331456117332,0.0,-0.00048267710371874273,0.00011695604189299047,0.00048267710371874273,0.0007240156555781141
B_tbl_minus_hqql,mod.blocks.4.attn.h5,electron<-muon,0.3761329650878906,-0.0004821003240067512,0.0,0.0,0.0,-0.0004821003240067512,-0.0004821003240067512,0.0004821003240067512,0.0007231504860101268
B_tbl_minus_hqql,mod.blocks.4.attn.h5,muon<-electron,0.0991499274969101,-0.0004813223786186427,0.0,0.0,0.0,-0.0004813223786186427,-0.0004813223786186427,0.0004813223786186427,0.000721983567927964
signed_hqql_tbl,mod.blocks.4.attn.h1,muon<-charged_hadron,0.05087190493941307,-0.0005202737520448864,-0.00011740583413017866,-5.6778197176754475e-05,8.04760070009665e-06,-0.0004028679179147077,-0.0004634955548681319,0.0005202737520448864,0.0007217077110022402
B_tbl_minus_hqql,mod.cls_blocks.1.attn.h5,CLS<-photon,0.017578327258427937,0.0004797802205818395,0.0,0.0,0.0,0.0004797802205818395,0.0004797802205818395,0.0004797802205818395,0.0007196703308727593
B_tbl_minus_hqql,mod.cls_blocks.0.attn.h0,neutral_hadron<-photon,0.021555756883961812,0.00047798589054894237,0.0,0.0,0.0,0.00047798589054894237,0.00047798589054894237,0.00047798589054894237,0.0007169788358234136
signed_hqql_tbl,mod.blocks.5.attn.h6,muon<-charged_hadron,0.05596346780657768,0.0005175539990887046,0.00012552753711740175,1.5621694910805672e-05,-0.00010075149211016569,0.00039202646197130286,0.0005019323041778989,0.0005175539990887046,0.0007135672300743561
B_tbl_minus_hqql,mod.cls_blocks.0.attn.h7,charged_hadron<-electron,0.020415328908711672,-0.00046950233809184283,0.0,0.0,0.0,-0.00046950233809184283,-0.00046950233809184283,0.00046950233809184283,0.0007042535071377642
signed_hqql_tbl,mod.blocks.5.attn.h5,electron<-muon,0.11982898414134979,0.0005251675611361861,0.00018091934907715768,0.0,0.0,0.00034424821205902845,0.0005251675611361861,0.0005251675611361861,0.0006972916671657003
B_tbl_minus_hqql,mod.cls_blocks.0.attn.h7,CLS<-photon,0.02057258993387222,-0.00045891303530273337,0.0,0.0,0.0,-0.00045891303530273337,-0.00045891303530273337,0.00045891303530273337,0.0006883695529541
signed_hqql_tbl,mod.blocks.1.attn.h6,electron<-muon,0.015926746651530266,-0.000363251194357872,0.0002849255397450179,0.0,0.0,-0.0006481767341028899,-0.000363251194357872,0.000363251194357872,0.000687339561409317
signed_hqql_tbl,mod.cls_blocks.1.attn.h2,photon<-photon,0.02262492071498524,-0.00043674167729430385,5.6403135068968687e-05,0.00017167861846371972,0.00045377658882542795,-0.0004931448123632725,-0.0006084202957580236,0.00043674167729430385,0.0006833140834759401
signed_hqql_tbl,mod.cls_blocks.1.attn.h1,photon<-charged_hadron,0.021067044402979598,-0.0002947736095306994,-0.0010697478304167137,-0.0006074250153632778,0.001187089249760527,0.0007749742208860142,0.00031265140583257837,0.0002947736095306994,0.0006822607199737066
signed_hqql_tbl,mod.blocks.2.attn.h0,muon<-neutral_hadron,0.019923129677772523,-0.0005291508510708809,-0.00022820721884878972,-0.00028494634898379445,-0.0005266652701215611,-0.0003009436322220912,-0.00024420450208708646,0.0005291508510708809,0.0006796226671819265
B_tbl_minus_hqql,mod.cls_blocks.0.attn.h5,charged_hadron<-charged_hadron,0.01999331057764763,-0.00045071418808643207,0.0,0.0,0.0,-0.00045071418808643207,-0.00045071418808643207,0.00045071418808643207,0.0006760712821296481
B_tbl_minus_hqql,mod.cls_blocks.0.attn.h2,charged_hadron<-electron,0.015436280984431505,-0.00044784406782127917,0.0,0.0,0.0,-0.00044784406782127917,-0.00044784406782127917,0.00044784406782127917,0.0006717661017319188
signed_hqql_tbl,mod.blocks.3.attn.h0,electron<-muon,0.014337161555886269,6.755439972039312e-05,0.0012618526816368103,0.0,0.0,-0.0011942982819164172,6.755439972039312e-05,6.755439972039312e-05,0.0006647035406786017
B_tbl_minus_hqql,mod.cls_blocks.1.attn.h7,neutral_hadron<-photon,0.026972718802945956,-0.0004423453106677958,0.0,0.0,0.0,-0.0004423453106677958,-0.0004423453106677958,0.0004423453106677958,0.0006635179660016938
signed_hqql_tbl,mod.blocks.4.attn.h1,charged_hadron<-muon,0.03475391864776611,0.00031037520966492593,-0.0003896883975427884,-5.437408690340817e-05,-0.00010705640306696296,0.0007000636072077143,0.0003647492965683341,0.00031037520966492593,0.0006604070132687831
signed_hqql_tbl,mod.blocks.4.attn.h4,electron<-muon,0.6435871124267578,-0.0004174141795374453,6.84140031808056e-05,0.0,0.0,-0.0004858281827182509,-0.0004174141795374453,0.0004174141795374453,0.0006603282708965708
B_tbl_minus_hqql,mod.blocks.6.attn.h5,electron<-muon,0.41400328278541565,-0.00043911475222557783,0.0,0.0,0.0,-0.00043911475222557783,-0.00043911475222557783,0.00043911475222557783,0.0006586721283383667
signed_hqql_tbl,mod.blocks.6.attn.h5,electron<-muon,0.4140033721923828,-0.0004391149850562215,-5.095874939797795e-07,0.0,0.0,-0.0004386053975622417,-0.0004391149850562215,0.0004391149850562215,0.0006584176838373423
signed_hqql_tbl,mod.cls_blocks.0.attn.h5,muon<-muon,0.0,0.0,0.0013166877906769514,0.0,0.0,-0.0013166877906769514,0.0,0.0,0.0006583438953384757
signed_hqql_tbl,mod.cls_blocks.1.attn.h7,neutral_hadron<-photon,0.027652439528277943,-0.0004565095711898591,-5.638658119176951e-05,-0.0004572147228874457,-0.0001305194945065397,-0.00040012298999808957,7.051516975866085e-07,0.0004565095711898591,0.0006565710661889039
signed_hqql_tbl,mod.blocks.2.attn.h4,electron<-electron,0.06090821594827705,0.000419567761127837,-4.855916336055088e-05,-0.00013541390975054432,8.521342315361835e-05,0.0004681269244883879,0.0005549816708783813,0.000419567761127837,0.0006536312233720309
signed_hqql_tbl,mod.blocks.1.attn.h0,muon<-electron,5.864615559403319e-06,1.736832899723595e-08,-0.0013068923726677895,0.0,0.0,0.0013069097409967867,1.736832899723595e-08,1.736832899723595e-08,0.0006534722388273906
signed_hqql_tbl,mod.blocks.5.attn.h6,muon<-neutral_hadron,0.0010624381713569165,-3.497512443573214e-06,-0.0013008944176059838,-0.00012420561688486487,0.0011936297960346565,0.0012973969051624107,0.00012070810444129166,3.497512443573214e-06,0.0006521959650247786
signed_hqql_tbl,mod.cls_blocks.1.attn.h2,photon<-neutral_hadron,0.01625571199334585,-0.0001361770040463083,0.0008948970396030584,-4.962741305852043e-05,9.291435271734372e-05,-0.0010310740436493668,-8.654959098778788e-05,0.0001361770040463083,0.0006517140258709917
signed_hqql_tbl,mod.cls_blocks.1.attn.h4,photon<-CLS,0.030061589553952217,-0.000468950456706807,-0.00010791853856062517,0.0,0.0,-0.00036103191814618185,-0.000468950456706807,0.000468950456706807,0.0006494664157798979
signed_hqql_tbl,mod.cls_blocks.1.attn.h6,muon<-charged_hadron,0.0,0.0,-0.001298328209668398,0.0,0.0,0.001298328209668398,0.0,0.0,0.000649164104834199
signed_hqql_tbl,mod.cls_blocks.1.attn.h4,muon<-photon,0.0,0.0,-0.0012721360915086486,0.0,0.0,0.0012721360915086486,0.0,0.0,0.0006360680457543243
signed_hqql_tbl,mod.blocks.7.attn.h2,photon<-muon,0.022822158336639406,-5.135723389685154e-05,0.0011179700836931403,4.592166251746849e-06,3.5659244531416334e-05,-0.0011693273175899918,-5.5949400148598395e-05,5.135723389685154e-05,0.0006360208926918475
B_tbl_minus_hqql,mod.cls_blocks.0.attn.h6,CLS<-muon,0.038836728781461716,-0.00042187399230897427,0.0,0.0,0.0,-0.00042187399230897427,-0.00042187399230897427,0.00042187399230897427,0.0006328109884634614
B_tbl_minus_hqql,mod.cls_blocks.0.attn.h6,charged_hadron<-muon,0.038836728781461716,-0.00042187399230897427,0.0,0.0,0.0,-0.00042187399230897427,-0.00042187399230897427,0.00042187399230897427,0.0006328109884634614
signed_hqql_tbl,mod.cls_blocks.0.attn.h6,charged_hadron<-muon,0.038836732506752014,-0.00042186773498542607,0.0,0.0,0.0,-0.00042186773498542607,-0.00042186773498542607,0.00042186773498542607,0.0006328016024781391
signed_hqql_tbl,mod.blocks.0.attn.h2,neutral_hadron<-photon,0.017784925338084557,0.0003267941097236466,-0.0002793288152180368,0.0003873806363443717,-0.0004060378175141257,0.0006061229249416834,-6.0586526620725115e-05,0.0003267941097236466,0.0006298555721944883
B_tbl_minus_hqql,mod.blocks.2.attn.h4,electron<-electron,0.06090823312600454,0.00041956732618725963,0.0,0.0,0.0,0.00041956732618725963,0.00041956732618725963,0.00041956732618725963,0.0006293509892808895
signed_hqql_tbl,mod.blocks.3.attn.h2,electron<-muon,6.310297612799332e-05,-6.974057242814524e-08,0.0012582915369421244,0.0,0.0,-0.0012583612775145525,-6.974057242814524e-08,6.974057242814524e-08,0.0006292503793297044
B_tbl_minus_hqql,mod.blocks.4.attn.h4,electron<-muon,0.6435872912406921,-0.00041741342283785343,0.0,0.0,0.0,-0.00041741342283785343,-0.00041741342283785343,0.00041741342283785343,0.0006261201342567801
signed_hqql_tbl,mod.blocks.0.attn.h0,charged_hadron<-muon,0.03623391315340996,0.00040933903073892,-2.4199593239105663e-05,-0.0007786448579281569,-9.206478187645024e-06,0.00043353862397802563,0.0011879838886670769,0.00040933903073892,0.0006261083427279328
B_tbl_minus_hqql,mod.blocks.3.attn.h0,muon<-neutral_hadron,0.015409007668495178,-0.00041554938070476055,0.0,0.0,0.0,-0.00041554938070476055,-0.00041554938070476055,0.00041554938070476055,0.0006233240710571408
B_tbl_minus_hqql,mod.cls_blocks.1.attn.h4,charged_hadron<-charged_hadron,0.022831269041743388,-0.0004140108358114958,0.0,0.0,0.0,-0.0004140108358114958,-0.0004140108358114958,0.0004140108358114958,0.0006210162537172437
B_tbl_minus_hqql,mod.cls_blocks.0.attn.h7,charged_hadron<-photon,0.01874428666280415,-0.00041116446376538384,0.0,0.0,0.0,-0.00041116446376538384,-0.00041116446376538384,0.00041116446376538384,0.0006167466956480758
B_tbl_minus_hqql,mod.blocks.0.attn.h0,charged_hadron<-muon,0.03623391315340996,0.0004093388270121068,0.0,0.0,0.0,0.0004093388270121068,0.0004093388270121068,0.0004093388270121068,0.0006140082405181602
signed_hqql_tbl,mod.blocks.2.attn.h1,muon<-electron,0.00051507429452613,-8.170662113116123e-06,-0.001206058426760137,0.0,0.0,0.001197887764647021,-8.170662113116123e-06,8.170662113116123e-06,0.0006071145444366266
B_tbl_minus_hqql,mod.cls_blocks.0.attn.h4,CLS<-charged_hadron,0.023516349212073722,-0.0004022981015742694,0.0,0.0,0.0,-0.0004022981015742694,-0.0004022981015742694,0.0004022981015742694,0.0006034471523614041
signed_hqql_tbl,mod.cls_blocks.1.attn.h7,CLS<-muon,0.04364746809005737,-0.0003471433592494577,0.0001596669812897744,-0.00020707376825157553,6.596079765586182e-05,-0.0005068103405392321,-0.0001400695909978822,0.0003471433592494577,0.0006005485295190738
signed_hqql_tbl,mod.cls_blocks.1.attn.h2,charged_hadron<-muon,0.009554101154208183,0.0004002118657808751,0.0,0.0,0.0,0.0004002118657808751,0.0004002118657808751,0.0004002118657808751,0.0006003177986713126
B_tbl_minus_hqql,mod.cls_blocks.1.attn.h2,CLS<-muon,0.009554099291563034,0.00040021174936555326,0.0,0.0,0.0,0.00040021174936555326,0.00040021174936555326,0.00040021174936555326,0.0006003176240483299
B_tbl_minus_hqql,mod.cls_blocks.1.attn.h2,charged_hadron<-muon,0.009554099291563034,0.00040021174936555326,0.0,0.0,0.0,0.00040021174936555326,0.00040021174936555326,0.00040021174936555326,0.0006003176240483299
signed_hqql_tbl,mod.blocks.6.attn.h4,photon<-muon,0.044853835105895995,-0.0002913019247353077,0.0003251783935794313,-3.813715219231588e-05,0.0002145828475477174,-0.0006164803183147389,-0.0002531647725429918,0.0002913019247353077,0.0005995420838926771
B_tbl_minus_hqql,mod.cls_blocks.1.attn.h3,neutral_hadron<-photon,0.0238203156207289,-0.00039937320564474376,0.0,0.0,0.0,-0.00039937320564474376,-0.00039937320564474376,0.00039937320564474376,0.0005990598084671156
B_tbl_minus_hqql,mod.blocks.0.attn.h3,electron<-electron,0.36184266046620905,-0.00039635868754178064,0.0,0.0,0.0,-0.00039635868754178064,-0.00039635868754178064,0.00039635868754178064,0.0005945380313126709
signed_hqql_tbl,mod.cls_blocks.0.attn.h5,photon<-CLS,0.0008942970307543874,0.0004527951532509178,0.00017535587054832527,0.0,0.0,0.00027743928270259255,0.0004527951532509178,0.0004527951532509178,0.0005915147946022141
B_tbl_minus_hqql,mod.blocks.4.attn.h0,muon<-charged_hadron,0.037586700171232224,0.0003924986522179097,0.0,0.0,0.0,0.0003924986522179097,0.0003924986522179097,0.0003924986522179097,0.0005887479783268645
B_tbl_minus_hqql,mod.blocks.3.attn.h3,muon<-charged_hadron,0.03126157447695732,0.00039091845974326134,0.0,0.0,0.0,0.00039091845974326134,0.00039091845974326134,0.00039091845974326134,0.000586377689614892
B_tbl_minus_hqql,mod.cls_blocks.1.attn.h4,photon<-neutral_hadron,0.030440545139404442,-0.00038727076809244376,0.0,0.0,0.0,-0.00038727076809244376,-0.00038727076809244376,0.00038727076809244376,0.0005809061521386657
signed_hqql_tbl,mod.blocks.5.attn.h7,photon<-muon,0.04802544116973877,-0.00032054733484983446,0.00019894118304364383,-2.3430216103969586e-05,0.00014938928507035598,-0.0005194885178934783,-0.0002971171187458649,0.00032054733484983446,0.0005802915937965737
signed_hqql_tbl,mod.blocks.2.attn.h7,muon<-electron,2.8578836008819053e-07,2.956346278892852e-11,-0.0011493755737319589,0.0,0.0,0.0011493756032954217,2.956346278892852e-11,2.956346278892852e-11,0.0005746878312111736
signed_hqql_tbl,mod.blocks.3.attn.h3,muon<-charged_hadron,0.031261563301086426,0.000390918692573905,2.3441257862708506e-05,0.0001231553847901523,-0.0002643092143857344,0.00036747743471119646,0.00026776330778375266,0.000390918692573905,0.0005746574099295032
B_tbl_minus_hqql,mod.cls_blocks.1.attn.h5,photon<-electron,0.0055361841805279255,-0.000380238750949502,0.0,0.0,0.0,-0.000380238750949502,-0.000380238750949502,0.000380238750949502,0.000570358126424253
B_tbl_minus_hqql,mod.cls_blocks.1.attn.h7,neutral_hadron<-charged_hadron,0.023478647936945377,-0.00038013697611977875,0.0,0.0,0.0,-0.00038013697611977875,-0.00038013697611977875,0.00038013697611977875,0.0005702054641796681
signed_hqql_tbl,mod.blocks.4.attn.h0,photon<-muon,0.0241196346282959,-0.00031732115894556046,0.00018747485132495823,1.647834627268215e-05,0.00030857174715492874,-0.0005047960102705187,-0.0003337995052182426,0.00031732115894556046,0.0005697191640808198
B_tbl_minus_hqql,mod.blocks.2.attn.h3,charged_hadron<-muon,0.05460545793175697,0.0003797314711846411,0.0,0.0,0.0,0.0003797314711846411,0.0003797314711846411,0.0003797314711846411,0.0005695972067769617
signed_hqql_tbl,mod.cls_blocks.1.attn.h1,CLS<-neutral_hadron,0.024522709954042165,-0.00020610550924564968,0.0005200375979620651,-0.0005498487069494428,-0.00022316808182063725,-0.0007261431072077148,0.0003437431977037931,0.00020610550924564968,0.0005691770628495071
signed_hqql_tbl,mod.cls_blocks.1.attn.h0,muon<-charged_hadron,0.0,0.0,0.0011367969214916228,0.0,0.0,-0.0011367969214916228,0.0,0.0,0.0005683984607458114
signed_hqql_tbl,mod.cls_blocks.1.attn.h7,CLS<-neutral_hadron,0.016536063459214,-0.0002724686379668215,-0.00085903554683236,-0.0005738639950497135,7.721089134112191e-06,0.0005865669088655384,0.000301395357082892,0.0002724686379668215,0.0005657520923995907
signed_hqql_tbl,mod.blocks.4.attn.h3,electron<-muon,0.12493391335010529,0.00037055567372590303,0.000760522554628551,0.0,0.0,-0.00038996688090264797,0.00037055567372590303,0.00037055567372590303,0.000565539114177227
signed_hqql_tbl,mod.blocks.2.attn.h3,charged_hadron<-muon,0.05460545793175697,0.0003797320241574198,8.194928224652242e-06,-0.00010147634893655776,0.00018921139152635905,0.00037153709593276755,0.0004812083730939776,0.0003797320241574198,0.0005655005721238035
signed_hqql_tbl,mod.cls_blocks.0.attn.h0,CLS<-photon,0.01780771901210149,0.00019629909734552106,0.0009342922728337481,-0.0003000619517081113,-0.0003355330682024058,-0.000737993175488227,0.0004963610490536323,0.00019629909734552106,0.0005652956850896345
signed_hqql_tbl,mod.cls_blocks.1.attn.h4,neutral_hadron<-electron,0.0,0.0,0.0011297547704695414,-0.0008570742793381214,0.00013121355732437223,-0.0011297547704695414,0.0008570742793381214,0.0,0.0005648773852347707
B_tbl_minus_hqql,mod.blocks.1.attn.h5,muon<-electron,0.16039656102657318,0.0003716715727932751,0.0,0.0,0.0,0.0003716715727932751,0.0003716715727932751,0.0003716715727932751,0.0005575073591899127
signed_hqql_tbl,mod.cls_blocks.1.attn.h5,CLS<-electron,0.005254067201167345,-0.00010000912006944418,-0.001014205033413873,0.006001920279231854,-0.0017762441808978717,0.0009141959133444289,-0.006101929399301298,0.00010000912006944418,0.0005571070767416586
B_tbl_minus_hqql,mod.blocks.4.attn.h3,electron<-muon,0.12493385374546051,0.00037055512075312436,0.0,0.0,0.0,0.00037055512075312436,0.00037055512075312436,0.00037055512075312436,0.0005558326811296865
signed_hqql_tbl,mod.blocks.1.attn.h6,charged_hadron<-muon,0.12023001909255981,0.0002904387074522674,-0.00023493214319340693,-0.0002860314678400755,0.00021524093542459676,0.0005253708506456744,0.0005764701752923429,0.0002904387074522674,0.0005531241327751046
B_tbl_minus_hqql,mod.cls_blocks.0.attn.h1,CLS<-charged_hadron,0.02355585544867001,-0.00036772648442764673,0.0,0.0,0.0,-0.00036772648442764673,-0.00036772648442764673,0.00036772648442764673,0.0005515897266414701
signed_hqql_tbl,mod.cls_blocks.1.attn.h5,charged_hadron<-CLS,0.007551706745289266,-0.0003016401060449425,-0.0007990215751902952,0.0,0.0,0.0004973814691453526,-0.0003016401060449425,0.0003016401060449425,0.0005503308406176188
B_tbl_minus_hqql,mod.cls_blocks.1.attn.h6,CLS<-neutral_hadron,0.019417752667019766,-0.0003661497879268912,0.0,0.0,0.0,-0.0003661497879268912,-0.0003661497879268912,0.0003661497879268912,0.0005492246818903368
signed_hqql_tbl,mod.blocks.1.attn.h6,muon<-photon,0.01336115002632141,0.00035219743847846984,-3.933176202209372e-05,0.00010452294234363806,0.0002733465516939759,0.0003915292005005636,0.0002476744961348318,0.00035219743847846984,0.0005479620387287517
B_tbl_minus_hqql,mod.blocks.1.attn.h6,electron<-muon,0.015926748514175415,-0.0003632506122812629,0.0,0.0,0.0,-0.0003632506122812629,-0.0003632506122812629,0.0003632506122812629,0.0005448759184218943
B_tbl_minus_hqql,mod.cls_blocks.1.attn.h5,charged_hadron<-photon,0.015085344632228692,0.000359511064242817,0.0,0.0,0.0,0.000359511064242817,0.000359511064242817,0.000359511064242817,0.0005392665963642254
signed_hqql_tbl,mod.blocks.2.attn.h0,charged_hadron<-muon,0.025682173669338226,-0.00021122612815815955,0.00043971012704647507,-0.0003293105401098728,0.00016529061196541244,-0.0006509362552046346,0.00011808441195171326,0.00021122612815815955,0.0005366942557604769
signed_hqql_tbl,mod.cls_blocks.1.attn.h6,photon<-CLS,0.008976567536592484,-0.0003651160513982177,-2.2931513077158645e-05,0.0,0.0,-0.00034218453832105905,-0.0003651160513982177,0.0003651160513982177,0.0005362083205587472
signed_hqql_tbl,mod.cls_blocks.1.attn.h2,charged_hadron<-photon,0.016421248455961306,-0.0002943760391971665,0.0001883300177168922,-0.0001684789626637867,0.00023283820535818285,-0.0004827060569140587,-0.00012589707653337982,0.0002943760391971665,0.0005357290676541958
B_tbl_minus_hqql,mod.cls_blocks.0.attn.h0,charged_hadron<-photon,0.017623984528158953,0.0003560891062645855,0.0,0.0,0.0,0.0003560891062645855,0.0003560891062645855,0.0003560891062645855,0.0005341336593968782
signed_hqql_tbl,mod.cls_blocks.0.attn.h0,charged_hadron<-electron,0.013119569048285484,0.0003555262155714445,0.0,0.001037454159813933,0.0,0.0003555262155714445,-0.0006819279442424886,0.0003555262155714445,0.0005332893233571667
B_tbl_minus_hqql,mod.blocks.1.attn.h6,muon<-photon,0.013361146450042724,0.00035219721496105195,0.0,0.0,0.0,0.00035219721496105195,0.00035219721496105195,0.00035219721496105195,0.000528295822441578
B_tbl_minus_hqql,mod.blocks.3.attn.h3,electron<-electron,0.05133556431165845,-0.0003519443460315112,0.0,0.0,0.0,-0.0003519443460315112,-0.0003519443460315112,0.0003519443460315112,0.0005279165190472668
B_tbl_minus_hqql,mod.cls_blocks.1.attn.h2,charged_hadron<-neutral_hadron,0.025591682738218553,-0.000351158693098487,0.0,0.0,0.0,-0.000351158693098487,-0.000351158693098487,0.000351158693098487,0.0005267380396477305
signed_hqql_tbl,mod.cls_blocks.1.attn.h2,CLS<-photon,0.020377000520626704,-0.0003175190473363424,9.946753207544954e-05,-5.688855238533218e-05,0.0002704025507783932,-0.0004169865794117919,-0.0002606304949510102,0.0003175190473363424,0.0005260123370422384
B_tbl_minus_hqql,mod.blocks.2.attn.h3,electron<-muon,0.1353013664484024,0.0003488632501102984,0.0,0.0,0.0,0.0003488632501102984,0.0003488632501102984,0.0003488632501102984,0.0005232948751654476
B_tbl_minus_hqql,mod.cls_blocks.1.attn.h1,photon<-charged_hadron,0.019757474713687655,-0.0003477980388634944,0.0,0.0,0.0,-0.0003477980388634944,-0.0003477980388634944,0.0003477980388634944,0.0005216970582952417
signed_hqql_tbl,mod.cls_blocks.1.attn.h4,CLS<-charged_hadron,0.025235906981865796,-0.00038230768935218636,-0.00010400283515725741,-0.00040736836331050513,0.0002179324959429115,-0.0002783048541949289,2.5060673958318767e-05,0.00038230768935218636,0.0005214601164496508
signed_hqql_tbl,mod.blocks.0.attn.h3,electron<-electron,0.36184264722073245,-0.0003963582734690539,-0.0001476430294644615,-0.0003291670532613959,0.00030969204926805104,-0.0002487152440045924,-6.719122020765802e-05,0.0003963582734690539,0.0005207158954713501
B_tbl_minus_hqql,mod.cls_blocks.1.attn.h7,CLS<-muon,0.043647442013025284,-0.00034714359208010137,0.0,0.0,0.0,-0.00034714359208010137,-0.00034714359208010137,0.00034714359208010137,0.0005207153881201521
B_tbl_minus_hqql,mod.cls_blocks.1.attn.h7,charged_hadron<-muon,0.043647442013025284,-0.00034714359208010137,0.0,0.0,0.0,-0.00034714359208010137,-0.00034714359208010137,0.00034714359208010137,0.0005207153881201521
signed_hqql_tbl,mod.cls_blocks.1.attn.h7,charged_hadron<-muon,0.04364746809005737,-0.0003471433592494577,0.0,0.0,0.0,-0.0003471433592494577,-0.0003471433592494577,0.0003471433592494577,0.0005207150388741866
B_tbl_minus_hqql,mod.cls_blocks.1.attn.h4,neutral_hadron<-charged_hadron,0.023482113428737805,-0.0003457434941083193,0.0,0.0,0.0,-0.0003457434941083193,-0.0003457434941083193,0.0003457434941083193,0.0005186152411624789
signed_hqql_tbl,mod.cls_blocks.1.attn.h2,CLS<-charged_hadron,0.022256052876352916,-0.0003206579190469822,7.122130905786021e-05,-7.960039718974648e-05,8.7113773594443e-05,-0.0003918792281048424,-0.00024105752185723573,0.0003206579190469822,0.0005165975330994034
B_tbl_minus_hqql,mod.cls_blocks.1.attn.h4,CLS<-charged_hadron,0.022299740604687014,-0.00034297020418933287,0.0,0.0,0.0,-0.00034297020418933287,-0.00034297020418933287,0.00034297020418933287,0.0005144553062839993
signed_hqql_tbl,mod.cls_blocks.0.attn.h2,muon<-neutral_hadron,0.0,0.0,-0.001027881633490324,0.0,0.0,0.001027881633490324,0.0,0.0,0.000513940816745162
B_tbl_minus_hqql,mod.cls_blocks.1.attn.h1,neutral_hadron<-photon,0.022892987355589867,-0.00034258100536784956,0.0,0.0,0.0,-0.00034258100536784956,-0.00034258100536784956,0.00034258100536784956,0.0005138715080517743
signed_hqql_tbl,mod.blocks.0.attn.h5,charged_hadron<-muon,0.0372239388525486,0.00026681346935220063,-0.00022717999392905488,-6.133246934041381e-05,1.4020558658309959e-05,0.0004939934632812555,0.0003281459386926144,0.00026681346935220063,0.0005138102009928284
signed_hqql_tbl,mod.cls_blocks.0.attn.h5,charged_hadron<-CLS,0.0008339503256138414,0.00024190345720853657,-0.0003014702069776831,0.0,0.0,0.0005433736641862197,0.00024190345720853657,0.00024190345720853657,0.0005135902893016464
B_tbl_minus_hqql,mod.blocks.6.attn.h6,charged_hadron<-muon,0.15826541185379028,-0.0003423674497753382,0.0,0.0,0.0,-0.0003423674497753382,-0.0003423674497753382,0.0003423674497753382,0.0005135511746630073
B_tbl_minus_hqql,mod.blocks.0.attn.h4,muon<-electron,0.023993300274014473,-0.00034125507227145135,0.0,0.0,0.0,-0.00034125507227145135,-0.00034125507227145135,0.00034125507227145135,0.000511882608407177
B_tbl_minus_hqql,mod.cls_blocks.1.attn.h2,photon<-photon,0.0205025536479888,-0.00034117368473248047,0.0,0.0,0.0,-0.00034117368473248047,-0.00034117368473248047,0.00034117368473248047,0.0005117605270987207
signed_hqql_tbl,mod.blocks.6.attn.h6,muon<-charged_hadron,0.06082317978143692,0.00016060308553278446,0.000860207463026596,3.369412443134934e-05,-0.0005418612748723139,-0.0006996043774938115,0.00012690896110143513,0.00016060308553278446,0.0005104052742796902
signed_hqql_tbl,mod.cls_blocks.1.attn.h2,charged_hadron<-charged_hadron,0.024631817846797233,-0.0005021214601583779,-0.0005167666960791764,-0.00021099027453356885,0.0001264083514867637,1.4645235920798501e-05,-0.00029113118562480906,0.0005021214601583779,0.0005094440781187771
signed_hqql_tbl,mod.cls_blocks.1.attn.h4,CLS<-muon,0.019040416926145554,-0.00015206215903162956,-0.0008636887559987372,-0.000722520228009671,-2.532125222387549e-06,0.0007116265969671076,0.0005704580689780414,0.00015206215903162956,0.0005078754575151834
signed_hqql_tbl,mod.blocks.3.attn.h3,electron<-electron,0.05133555603646932,-0.00035194477287505934,-4.0463587247074884e-05,-0.00020628211162450802,-0.0001022432727040723,-0.00031148118562798445,-0.00014566266125055132,0.00035194477287505934,0.0005076853656890515
signed_hqql_tbl,mod.cls_blocks.1.attn.h7,neutral_hadron<-charged_hadron,0.023339601314586143,-0.00037196750813366276,-0.00010362510467962463,-0.0003504402802053203,-8.437857697052615e-05,-0.00026834240345403816,-2.152722792834246e-05,0.00037196750813366276,0.0005061387098606819
B_tbl_minus_hqql,mod.cls_blocks.1.attn.h3,charged_hadron<-electron,0.029012939427047968,0.00033725416142260656,0.0,0.0,0.0,0.00033725416142260656,0.00033725416142260656,0.00033725416142260656,0.0005058812421339098
signed_hqql_tbl,mod.blocks.0.attn.h4,muon<-electron,0.023993300274014473,-0.0003412550431676209,-1.7307038433500566e-05,0.0,0.0,-0.00032394800473412033,-0.0003412550431676209,0.0003412550431676209,0.0005032290455346811
B_tbl_minus_hqql,mod.blocks.6.attn.h5,muon<-electron,0.04703511670231819,-0.0003354671353008598,0.0,0.0,0.0,-0.0003354671353008598,-0.0003354671353008598,0.0003354671353008598,0.0005032007029512897
signed_hqql_tbl,mod.blocks.6.attn.h5,muon<-electron,0.047035135328769684,-0.0003354670770931989,-1.3066027122476953e-06,0.0,0.0,-0.0003341604743809512,-0.0003354670770931989,0.0003354670770931989,0.0005025473142836745
signed_hqql_tbl,mod.cls_blocks.1.attn.h1,neutral_hadron<-neutral_hadron,0.036304028214592686,-0.00039776152497276936,-0.0006063509790692478,-0.0003445897363471212,-0.000298067814913917,0.00020858945409647848,-5.317178862564815e-05,0.00039776152497276936,0.0005020562520210086
B_tbl_minus_hqql,mod.cls_blocks.1.attn.h2,CLS<-charged_hadron,0.021581794708185224,-0.0003342673266659499,0.0,0.0,0.0,-0.0003342673266659499,-0.0003342673266659499,0.0003342673266659499,0.0005014009899989248
signed_hqql_tbl,mod.blocks.2.attn.h6,muon<-charged_hadron,0.04199575260281563,-0.00032667943742126226,2.218391268681257e-05,-6.271052407100797e-05,-0.00015999215909025887,-0.00034886335010807484,-0.0002639689133502543,0.00032667943742126226,0.0005011111124752997
signed_hqql_tbl,mod.blocks.5.attn.h4,photon<-muon,0.14357312202453612,-0.00027908705174922943,0.0001616992054838001,-9.140547453647568e-05,0.0001260574244952295,-0.00044078625723302956,-0.00018768157721275376,0.00027908705174922943,0.0004994801803657442
B_tbl_minus_hqql,mod.cls_blocks.0.attn.h7,CLS<-charged_hadron,0.02137075177782131,-0.00033060955284190506,0.0,0.0,0.0,-0.00033060955284190506,-0.00033060955284190506,0.00033060955284190506,0.0004959143292628576
B_tbl_minus_hqql,mod.cls_blocks.1.attn.h3,neutral_hadron<-charged_hadron,0.024309575233770454,-0.00033026681352487725,0.0,0.0,0.0,-0.00033026681352487725,-0.00033026681352487725,0.00033026681352487725,0.0004954002202873158
signed_hqql_tbl,mod.blocks.1.attn.h5,muon<-electron,0.16039660573005676,0.00037166973925195634,0.00012731540482491255,0.0,0.0,0.0002443543344270438,0.00037166973925195634,0.00037166973925195634,0.0004938469064654782
signed_hqql_tbl,mod.cls_blocks.1.attn.h6,CLS<-neutral_hadron,0.020697883507680325,-0.00037471790901257745,-0.00013702263943554565,-0.0002699697745017747,0.0003590087304846981,-0.0002376952695770318,-0.00010474813451080277,0.00037471790901257745,0.0004935655438010933
signed_hqql_tbl,mod.blocks.3.attn.h0,muon<-neutral_hadron,0.01540900468826294,-0.00041554979979991914,-0.0002600781305469961,-0.0003018969146069139,-7.138364405060808e-06,-0.00015547166925292306,-0.00011365288519300522,0.00041554979979991914,0.0004932856344263807
B_tbl_minus_hqql,mod.blocks.0.attn.h2,neutral_hadron<-photon,0.01778492522569365,0.00032679425336778784,0.0,0.0,0.0,0.00032679425336778784,0.00032679425336778784,0.00032679425336778784,0.0004901913800516818
B_tbl_minus_hqql,mod.blocks.2.attn.h6,muon<-charged_hadron,0.04199574887752533,-0.0003266794665250927,0.0,0.0,0.0,-0.0003266794665250927,-0.0003266794665250927,0.0003266794665250927,0.0004900191997876391
signed_hqql_tbl,mod.blocks.4.attn.h0,muon<-charged_hadron,0.03758669272065163,0.00039249862311407924,0.000586593308700965,-0.0001365747069939971,-8.857206822457638e-05,-0.00019409468558688578,0.0005290733301080763,0.00039249862311407924,0.0004895459659075221
B_tbl_minus_hqql,mod.cls_blocks.1.attn.h6,charged_hadron<-photon,0.01860851825711256,-0.00032196845231901206,0.0,0.0,0.0,-0.00032196845231901206,-0.00032196845231901206,0.00032196845231901206,0.0004829526784785181
signed_hqql_tbl,mod.blocks.2.attn.h1,electron<-muon,0.0004960823571309447,-1.8245765431856853e-06,-0.0009627117542549968,0.0,0.0,0.0009608871777118111,-1.8245765431856853e-06,1.8245765431856853e-06,0.00048226816539909123
B_tbl_minus_hqql,mod.blocks.5.attn.h7,photon<-muon,0.0480254602432251,-0.0003205474466085434,0.0,0.0,0.0,-0.0003205474466085434,-0.0003205474466085434,0.0003205474466085434,0.00048082116991281514
signed_hqql_tbl,mod.blocks.3.attn.h7,muon<-electron,9.749659284352674e-07,-2.5278379389703787e-09,0.0009588731918483973,0.0,0.0,-0.0009588757196863362,-2.5278379389703787e-09,2.5278379389703787e-09,0.0004794403876811071
B_tbl_minus_hqql,mod.blocks.4.attn.h0,photon<-muon,0.0241196346282959,-0.00031732123345136644,0.0,0.0,0.0,-0.00031732123345136644,-0.00031732123345136644,0.00031732123345136644,0.00047598185017704963
signed_hqql_tbl,mod.blocks.0.attn.h3,charged_hadron<-muon,0.03388136997818947,0.0002810826408676803,-0.00010851112034661361,2.0549116015899926e-05,-3.369370956947519e-05,0.0003895937612142939,0.0002605335248517804,0.0002810826408676803,0.00047587952147482726
signed_hqql_tbl,mod.cls_blocks.1.attn.h6,charged_hadron<-photon,0.019834361301210825,-0.00031948536718096916,-0.0006284561530943794,-0.000604997485910791,2.01652261924434e-05,0.00030897078591341024,0.00028551211872982185,0.00031948536718096916,0.00047397076013767426
signed_hqql_tbl,mod.blocks.2.attn.h5,charged_hadron<-electron,0.019313912306513106,0.00026903856113286953,-0.00013743029893234824,7.573379459255643e-05,-0.00017389516346156598,0.0004064688600652178,0.0001933047665403131,0.00026903856113286953,0.0004722729911654784
signed_hqql_tbl,mod.cls_blocks.1.attn.h3,neutral_hadron<-charged_hadron,0.025643434537493664,-0.0003646971941318201,-0.00015861416651849068,-6.920872923418334e-05,1.569027032625551e-05,-0.0002060830276133294,-0.00029548846489763677,0.0003646971941318201,0.0004677387079384848
B_tbl_minus_hqql,mod.blocks.2.attn.h3,muon<-charged_hadron,0.0334504134953022,0.0003115498402621597,0.0,0.0,0.0,0.0003115498402621597,0.0003115498402621597,0.0003115498402621597,0.00046732476039323956
B_tbl_minus_hqql,mod.cls_blocks.1.attn.h7,CLS<-photon,0.02337291568517685,-0.0003107509585485483,0.0,0.0,0.0,-0.0003107509585485483,-0.0003107509585485483,0.0003107509585485483,0.00046612643782282246
signed_hqql_tbl,mod.blocks.3.attn.h3,charged_hadron<-muon,0.07791709899902344,0.0002974393137264997,-3.884579443062345e-05,5.457549705170095e-05,0.00037916022120043635,0.00033628510815712315,0.00024286381667479873,0.0002974393137264997,0.0004655818678050613
B_tbl_minus_hqql,mod.blocks.4.attn.h1,charged_hadron<-muon,0.03475392982363701,0.0003103750932496041,0.0,0.0,0.0,0.0003103750932496041,0.0003103750932496041,0.0003103750932496041,0.00046556263987440616
signed_hqql_tbl,mod.cls_blocks.1.attn.h7,photon<-charged_hadron,0.020794362961491453,-0.00025964359409482324,-0.0006714812479913235,-0.0005760255312039094,0.0003679134599749268,0.00041183765389650023,0.00031638193710908615,0.00025964359409482324,0.00046556242104307333
signed_hqql_tbl,mod.blocks.3.attn.h5,charged_hadron<-muon,0.09829685837030411,0.0001958490611286834,-0.00034231907174659846,-0.0002626473782584071,0.0002357850898988545,0.0005381681328752819,0.0004584964393870905,0.0001958490611286834,0.0004649331275663243
signed_hqql_tbl,mod.blocks.5.attn.h1,muon<-photon,0.02996333122253418,-0.00027330601587891577,0.00010848411751028739,-5.930922703728789e-05,0.0001128506992245093,-0.00038179013338920313,-0.00021399678884162786,0.00027330601587891577,0.00046420108257351733
B_tbl_minus_hqql,mod.cls_blocks.1.attn.h6,charged_hadron<-electron,0.007837382843717933,-0.00030856668308842927,0.0,0.0,0.0,-0.00030856668308842927,-0.00030856668308842927,0.00030856668308842927,0.0004628500246326439
B_tbl_minus_hqql,mod.cls_blocks.1.attn.h2,CLS<-neutral_hadron,0.02537592073938521,-0.00030565995689357806,0.0,0.0,0.0,-0.00030565995689357806,-0.00030565995689357806,0.00030565995689357806,0.0004584899353403671
signed_hqql_tbl,mod.cls_blocks.0.attn.h1,photon<-charged_hadron,0.02581764172904099,-3.088947055460531e-05,0.0008217840713549809,0.0017744354677922797,-0.0015047055755540268,-0.0008526735419095863,-0.001805324938346885,3.088947055460531e-05,0.00045722624150939845
signed_hqql_tbl,mod.blocks.1.attn.h4,neutral_hadron<-muon,0.057057976722717285,-0.0001492004725150764,0.00046651126952686656,2.9392525902949274e-05,0.0001589064166991092,-0.000615711742041943,-0.00017859299841802568,0.0001492004725150764,0.00045705634353604787
signed_hqql_tbl,mod.cls_blocks.1.attn.h2,CLS<-muon,0.009554101154208183,0.0004002118657808751,0.0002885299727495294,-8.472177796647884e-06,-3.491507413855288e-05,0.00011168189303134568,0.00040868404357752297,0.0004002118657808751,0.0004560528122965479
signed_hqql_tbl,mod.cls_blocks.1.attn.h2,photon<-charged_hadron,0.022968618930140627,-0.00025349083839903904,0.0001502442492749991,-5.534704718174356e-05,7.120960694497701e-05,-0.0004037350876740381,-0.00019814379121729547,0.00025349083839903904,0.0004553583822360581
signed_hqql_tbl,mod.blocks.0.attn.h5,muon<-photon,0.018838515281677248,0.0002561445161700249,-0.00014123081621762954,-0.00020478958530085429,-0.00037773892654513475,0.00039737533238765445,0.0004609341014708792,0.0002561445161700249,0.0004548321823638521
signed_hqql_tbl,mod.blocks.5.attn.h3,muon<-neutral_hadron,0.052935284376144406,0.0002520985435694456,-0.00015142720803851262,-8.713047282071784e-05,-0.00018275479346306788,0.00040352575160795823,0.00033922901639016345,0.0002520985435694456,0.0004538614193734247
signed_hqql_tbl,mod.cls_blocks.1.attn.h5,neutral_hadron<-muon,0.0,0.0,0.000899741891771555,8.810452709440142e-05,-0.0005147206829860806,-0.000899741891771555,-8.810452709440142e-05,0.0,0.0004498709458857775
B_tbl_minus_hqql,mod.blocks.7.attn.h3,electron<-muon,0.7180238962173462,-0.0002997386618517339,0.0,0.0,0.0,-0.0002997386618517339,-0.0002997386618517339,0.0002997386618517339,0.0004496079927776009
B_tbl_minus_hqql,mod.cls_blocks.1.attn.h3,photon<-neutral_hadron,0.01884749474433752,-0.00029948063400717307,0.0,0.0,0.0,-0.00029948063400717307,-0.00029948063400717307,0.00029948063400717307,0.0004492209510107596
B_tbl_minus_hqql,mod.blocks.2.attn.h2,charged_hadron<-muon,0.04400505870580673,-0.00029803073266521096,0.0,0.0,0.0,-0.00029803073266521096,-0.00029803073266521096,0.00029803073266521096,0.00044704609899781644
signed_hqql_tbl,mod.cls_blocks.0.attn.h7,CLS<-photon,0.019546421865622204,-0.00034765245276503266,-0.00014988382215373587,0.0007979094924135541,0.001290972044760727,-0.0001977686306112968,-0.0011455619451785867,0.00034765245276503266,0.00044653676807068104
B_tbl_minus_hqql,mod.cls_blocks.1.attn.h7,charged_hadron<-photon,0.021355979010730445,-0.00029763341100585316,0.0,0.0,0.0,-0.00029763341100585316,-0.00029763341100585316,0.00029763341100585316,0.00044645011650877977
B_tbl_minus_hqql,mod.blocks.3.attn.h3,charged_hadron<-muon,0.07791710644960403,0.0002974390226881951,0.0,0.0,0.0,0.0002974390226881951,0.0002974390226881951,0.0002974390226881951,0.00044615853403229266
B_tbl_minus_hqql,mod.cls_blocks.0.attn.h1,charged_hadron<-photon,0.014470396819942725,0.00029621437794255637,0.0,0.0,0.0,0.00029621437794255637,0.00029621437794255637,0.00029621437794255637,0.0004443215669138346
signed_hqql_tbl,mod.cls_blocks.1.attn.h6,CLS<-electron,0.006772242672741413,-0.00012889407571492484,-0.000757454978156602,-0.0003000710712512955,0.0057588399019247545,0.0006285609024416772,0.00017117699553637067,0.00012889407571492484,0.0004431745269357634
signed_hqql_tbl,mod.blocks.2.attn.h2,charged_hadron<-muon,0.04400504752993584,-0.00029803061624988914,-7.952903755582296e-06,-0.0002064668806269765,-0.00023545919049700552,-0.00029007771249430685,-9.156373562291265e-05,0.00029803061624988914,0.00044306947249704256
B_tbl_minus_hqql,mod.cls_blocks.1.attn.h4,neutral_hadron<-photon,0.021172149372952326,-0.00029489168082363904,0.0,0.0,0.0,-0.00029489168082363904,-0.00029489168082363904,0.00029489168082363904,0.00044233752123545855
signed_hqql_tbl,mod.blocks.1.attn.h0,neutral_hadron<-muon,0.03374346792697906,-0.0002300655236467719,0.0001938239292940125,0.00015542781329713762,-2.3614715448477203e-05,-0.0004238894529407844,-0.0003854933369439095,0.0002300655236467719,0.0004420102501171641
signed_hqql_tbl,mod.blocks.6.attn.h6,charged_hadron<-muon,0.15826542675495148,-0.0003423675079829991,-0.00014569900667993352,-0.0012301468290388585,8.138313106345859e-05,-0.00019666850130306557,0.0008877793210558594,0.0003423675079829991,0.00044070175863453187
B_tbl_minus_hqql,mod.cls_blocks.1.attn.h1,neutral_hadron<-charged_hadron,0.020931597961031872,-0.00029342896785870516,0.0,0.0,0.0,-0.00029342896785870516,-0.00029342896785870516,0.00029342896785870516,0.00044014345178805775
signed_hqql_tbl,mod.cls_blocks.1.attn.h2,charged_hadron<-neutral_hadron,0.021701782368696652,-0.00034120564990959025,-0.0001457587958510784,1.8861380357400708e-05,-9.18726766637216e-05,-0.00019544685405851184,-0.00036006703026699095,0.00034120564990959025,0.00043892907693884615
signed_hqql_tbl,mod.cls_blocks.0.attn.h5,muon<-CLS,0.0,0.0,0.0008765052771195769,0.0,0.0,-0.0008765052771195769,0.0,0.0,0.00043825263855978847
signed_hqql_tbl,mod.blocks.1.attn.h1,electron<-neutral_hadron,0.02029527668599729,-6.633989148583539e-05,0.0006767077392827272,-5.324173951521516e-05,0.00013119341383571737,-0.0007430476307685625,-1.3098151970620233e-05,6.633989148583539e-05,0.00043786370687011667
B_tbl_minus_hqql,mod.blocks.3.attn.h7,charged_hadron<-muon,0.039581842720508575,0.0002914084470830858,0.0,0.0,0.0,0.0002914084470830858,0.0002914084470830858,0.0002914084470830858,0.00043711267062462866
B_tbl_minus_hqql,mod.blocks.6.attn.h4,photon<-muon,0.04485384941101074,-0.00029130205512046815,0.0,0.0,0.0,-0.00029130205512046815,-0.00029130205512046815,0.00029130205512046815,0.00043695308268070225
B_tbl_minus_hqql,mod.cls_blocks.0.attn.h0,charged_hadron<-charged_hadron,0.02290507891150408,-0.00029064611623843395,0.0,0.0,0.0,-0.00029064611623843395,-0.00029064611623843395,0.00029064611623843395,0.00043596917435765096
B_tbl_minus_hqql,mod.blocks.1.attn.h6,charged_hadron<-muon,0.1202300414443016,0.0002904398425016552,0.0,0.0,0.0,0.0002904398425016552,0.0002904398425016552,0.0002904398425016552,0.00043565976375248283
signed_hqql_tbl,mod.blocks.7.attn.h3,electron<-muon,0.7180237770080566,-0.00029973930213600397,-2.8381711672409438e-05,0.0,0.0,-0.00027135759046359453,-0.00029973930213600397,0.00029973930213600397,0.00043541809736780124
B_tbl_minus_hqql,mod.cls_blocks.1.attn.h6,photon<-neutral_hadron,0.014001420197578577,-0.00029003451793239667,0.0,0.0,0.0,-0.00029003451793239667,-0.00029003451793239667,0.00029003451793239667,0.00043505177689859504
B_tbl_minus_hqql,mod.cls_blocks.0.attn.h7,CLS<-neutral_hadron,0.024512660822698047,-0.0002894761495380884,0.0,0.0,0.0,-0.0002894761495380884,-0.0002894761495380884,0.0002894761495380884,0.0004342142243071326
B_tbl_minus_hqql,mod.cls_blocks.1.attn.h7,CLS<-charged_hadron,0.02066765265110283,-0.00028885440107057574,0.0,0.0,0.0,-0.00028885440107057574,-0.00028885440107057574,0.00028885440107057574,0.00043328160160586364
B_tbl_minus_hqql,mod.blocks.0.attn.h4,muon<-photon,0.024556202888488768,-0.0002881777472794056,0.0,0.0,0.0,-0.0002881777472794056,-0.0002881777472794056,0.0002881777472794056,0.0004322666209191084
signed_hqql_tbl,mod.cls_blocks.0.attn.h1,charged_hadron<-photon,0.013920578860237212,0.00027136234733872786,-4.975854466527195e-05,0.0022632528956175453,-7.86788689045163e-05,0.0003211208920039998,-0.0019918905482788174,0.00027136234733872786,0.00043192279334072775
B_tbl_minus_hqql,mod.cls_blocks.1.attn.h7,charged_hadron<-neutral_hadron,0.01722503725725871,-0.0002864159445823297,0.0,0.0,0.0,-0.0002864159445823297,-0.0002864159445823297,0.0002864159445823297,0.00042962391687349457
signed_hqql_tbl,mod.cls_blocks.1.attn.h7,CLS<-photon,0.024064744313557943,-0.00031951224547810853,-0.0005364647221797451,-0.000671223618140325,-0.00010578234400505931,0.00021695247670163657,0.0003517113726622165,0.00031951224547810853,0.0004279884838289268
B_tbl_minus_hqql,mod.cls_blocks.1.attn.h1,photon<-neutral_hadron,0.03183608405435315,-0.00028511499858023645,0.0,0.0,0.0,-0.00028511499858023645,-0.00028511499858023645,0.00028511499858023645,0.0004276724978703547
signed_hqql_tbl,mod.blocks.7.attn.h1,charged_hadron<-muon,0.10363006591796875,-0.00025206690770573914,9.710707341489465e-05,5.07639160787221e-06,5.252873862363313e-05,-0.0003491739811206338,-0.00025714329931361137,0.00025206690770573914,0.00042665389826605603
B_tbl_minus_hqql,mod.blocks.0.attn.h3,charged_hadron<-muon,0.03388136997818947,0.0002810823207255453,0.0,0.0,0.0,0.0002810823207255453,0.0002810823207255453,0.0002810823207255453,0.00042162348108831793
B_tbl_minus_hqql,mod.cls_blocks.1.attn.h1,CLS<-charged_hadron,0.020374893577383837,-0.00028098968119678186,0.0,0.0,0.0,-0.00028098968119678186,-0.00028098968119678186,0.00028098968119678186,0.0004214845217951728
signed_hqql_tbl,mod.cls_blocks.1.attn.h4,neutral_hadron<-charged_hadron,0.02493956296340279,-0.0003470699707775012,-0.00020089856231363842,-0.00046508122099245464,0.0002804893695394553,-0.0001461714084638628,0.00011801125021495342,0.0003470699707775012,0.00042015567500943264
signed_hqql_tbl,mod.cls_blocks.1.attn.h4,neutral_hadron<-photon,0.018476123256342753,-0.0002914158436137119,-3.600286031023988e-05,-0.0005005683439473311,2.3039206683792467e-05,-0.000255412983303472,0.0002091525003336192,0.0002914158436137119,0.00041912233526544785
B_tbl_minus_hqql,mod.blocks.5.attn.h4,photon<-muon,0.14357316017150878,-0.00027908727526664733,0.0,0.0,0.0,-0.00027908727526664733,-0.00027908727526664733,0.00027908727526664733,0.000418630912899971
signed_hqql_tbl,mod.blocks.6.attn.h3,charged_hadron<-muon,0.02734590321779251,-0.00024348532315343618,0.00010512331620049782,-0.0001701419590972364,0.0002179227832874114,-0.000348608639353934,-7.334336405619978e-05,0.00024348532315343618,0.0004177896428304032
B_tbl_minus_hqql,mod.cls_blocks.1.attn.h2,CLS<-photon,0.019850515350699423,-0.0002781152197470268,0.0,0.0,0.0,-0.0002781152197470268,-0.0002781152197470268,0.0002781152197470268,0.0004171728296205402
B_tbl_minus_hqql,mod.cls_blocks.1.attn.h7,photon<-neutral_hadron,0.016071979887783527,-0.0002775863232762696,0.0,0.0,0.0,-0.0002775863232762696,-0.0002775863232762696,0.0002775863232762696,0.0004163794849144044
signed_hqql_tbl,mod.blocks.2.attn.h0,electron<-electron,2.1834029515351478e-05,-1.8530663837957996e-07,0.0008287436904685919,-9.033468938805337e-06,-3.0743339038963315e-07,-0.0008289289971069715,8.848162300425756e-06,1.8530663837957996e-07,0.00041464980519186534
signed_hqql_tbl,mod.blocks.7.attn.h5,charged_hadron<-muon,0.1066785529255867,7.079733040882275e-05,-0.0006139139728381848,-1.6344508912879975e-05,-9.779140799020587e-05,0.0006847113032470075,8.714183932170271e-05,7.079733040882275e-05,0.0004131529820323265
B_tbl_minus_hqql,mod.cls_blocks.1.attn.h6,CLS<-electron,0.009185597114264966,-0.00027503244346007707,0.0,0.0,0.0,-0.00027503244346007707,-0.00027503244346007707,0.00027503244346007707,0.0004125486651901156
signed_hqql_tbl,mod.cls_blocks.1.attn.h7,neutral_hadron<-electron,0.0,0.0,-0.0008243755097889031,-0.0001995955390157178,-7.008427564869635e-05,0.0008243755097889031,0.0001995955390157178,0.0,0.00041218775489445153
B_tbl_minus_hqql,mod.blocks.5.attn.h1,muon<-photon,0.0299633264541626,-0.00027330584824085234,0.0,0.0,0.0,-0.00027330584824085234,-0.00027330584824085234,0.00027330584824085234,0.00040995877236127854
signed_hqql_tbl,mod.blocks.5.attn.h4,charged_hadron<-muon,0.09899090975522995,-0.0001446789101464674,0.0003856515220085828,-0.00036454314831644294,-0.00010331640739671208,-0.0005303304321550501,0.00021986423816997556,0.0001446789101464674,0.00040984412622399244
B_tbl_minus_hqql,mod.blocks.1.attn.h1,muon<-neutral_hadron,0.01944984346628189,0.0002723843324929476,0.0,0.0,0.0,0.0002723843324929476,0.0002723843324929476,0.0002723843324929476,0.0004085764987394214
signed_hqql_tbl,mod.blocks.1.attn.h7,neutral_hadron<-muon,0.059536445140838626,-0.00014523332938551903,0.00037425242286796373,-9.30451788008213e-05,0.00020719920091020563,-0.0005194857522534828,-5.218815058469773e-05,0.00014523332938551903,0.00040497620551226046
B_tbl_minus_hqql,mod.blocks.2.attn.h6,muon<-photon,0.010425050258636475,0.00026948314160108567,0.0,0.0,0.0,0.00026948314160108567,0.00026948314160108567,0.00026948314160108567,0.0004042247124016285
B_tbl_minus_hqql,mod.blocks.2.attn.h5,charged_hadron<-electron,0.019313914790039972,0.0002690382673227716,0.0,0.0,0.0,0.0002690382673227716,0.0002690382673227716,0.0002690382673227716,0.00040355740098415736
B_tbl_minus_hqql,mod.cls_blocks.0.attn.h5,charged_hadron<-photon,0.019596794408238576,-0.0002678591412252295,0.0,0.0,0.0,-0.0002678591412252295,-0.0002678591412252295,0.0002678591412252295,0.00040178871183784424
signed_hqql_tbl,mod.cls_blocks.1.attn.h6,photon<-electron,0.014578464441001415,-0.00014089557225815952,-0.000662575061141979,0.0,0.0,0.0005216794888838194,-0.00014089557225815952,0.00014089557225815952,0.00040173531670006923
signed_hqql_tbl,mod.cls_blocks.0.attn.h0,CLS<-neutral_hadron,0.022185867075763997,0.0002921425080525556,7.355075224109416e-05,-0.0004424803523084228,0.003198999747371253,0.00021859175581146145,0.0007346228603609784,0.0002921425080525556,0.00040143838595828633
signed_hqql_tbl,mod.cls_blocks.1.attn.h4,photon<-photon,0.020670808754958116,-0.00016142399497813992,-0.0006394784620686158,-0.00043448666913499095,0.0003316311715710638,0.00047805446709047584,0.000273062674156851,0.00016142399497813992,0.00040045122852337787
B_tbl_minus_hqql,mod.blocks.0.attn.h5,charged_hadron<-muon,0.0372239388525486,0.00026681312010623515,0.0,0.0,0.0,0.00026681312010623515,0.00026681312010623515,0.00026681312010623515,0.0004002196801593527
signed_hqql_tbl,mod.cls_blocks.1.attn.h7,charged_hadron<-neutral_hadron,0.018854756361972064,-0.00029002202629085217,-7.596225865806143e-05,-0.0007118371157151348,2.5059765903279184e-06,-0.00021405976763279072,0.0004218150894242827,0.00029002202629085217,0.00039705191010724753
B_tbl_minus_hqql,mod.cls_blocks.1.attn.h7,CLS<-neutral_hadron,0.016188941336059498,-0.0002642640463526342,0.0,0.0,0.0,-0.0002642640463526342,-0.0002642640463526342,0.0002642640463526342,0.0003963960695289513
signed_hqql_tbl,mod.blocks.4.attn.h5,neutral_hadron<-muon,0.005213388428092003,7.3502611485309895e-06,-0.0007690022272678713,-4.02220166506595e-06,-0.0006039697262975904,0.0007763524884164023,1.137246281359694e-05,7.3502611485309895e-06,0.00039552650535673215
signed_hqql_tbl,mod.cls_blocks.1.attn.h6,neutral_hadron<-electron,0.0,0.0,-0.0007890816171614764,-0.0016439983155578375,0.0057588399019247545,0.0007890816171614764,0.0016439983155578375,0.0,0.0003945408085807382
signed_hqql_tbl,mod.cls_blocks.0.attn.h7,neutral_hadron<-photon,0.02315420444522585,-0.00016287260223180056,0.000295535768853807,0.0009230135653454524,0.0003018248502089006,-0.00045840837108560755,-0.001085886167577253,0.00016287260223180056,0.00039207678777460433
B_tbl_minus_hqql,mod.cls_blocks.1.attn.h7,photon<-charged_hadron,0.019490026031868366,-0.0002613578605483274,0.0,0.0,0.0,-0.0002613578605483274,-0.0002613578605483274,0.0002613578605483274,0.0003920367908224911
signed_hqql_tbl,mod.cls_blocks.1.attn.h6,charged_hadron<-charged_hadron,0.020061996960362722,-0.00024564259856137946,-0.0005332239630019087,-0.0004614749693650034,-0.00018261585025286948,0.0002875813644405292,0.00021583237080362392,0.00024564259856137946,0.00038943328078164404
signed_hqql_tbl,mod.blocks.3.attn.h2,charged_hadron<-muon,0.029357267543673515,-1.1431525308580603e-05,0.000742439049272201,-0.0003821484511718154,-0.0003417208420366726,-0.0007538705745807816,0.0003707169258632348,1.1431525308580603e-05,0.0003883668125989714
signed_hqql_tbl,mod.cls_blocks.1.attn.h5,photon<-neutral_hadron,0.015706432410157643,0.0002954172042126839,0.0004812312305576223,0.0025182856438082774,-0.00021523987719168264,-0.0001858140263449384,-0.0022228684395955937,0.0002954172042126839,0.00038832421738515307
signed_hqql_tbl,mod.blocks.3.attn.h1,muon<-photon,0.027395803928375245,0.00021072767674922943,-0.00014326785764607944,-0.0002159584491025834,2.6996676751878113e-06,0.0003539955343953089,0.0004266861258518128,0.00021072767674922943,0.00038772544394688387
B_tbl_minus_hqql,mod.cls_blocks.1.attn.h2,charged_hadron<-photon,0.016748772320633164,-0.0002583429972992507,0.0,0.0,0.0,-0.0002583429972992507,-0.0002583429972992507,0.0002583429972992507,0.0003875144959488761
signed_hqql_tbl,mod.cls_blocks.0.attn.h0,neutral_hadron<-electron,0.0,0.0,0.0007703550509177148,-0.0004890774143859744,-0.005316911661793711,-0.0007703550509177148,0.0004890774143859744,0.0,0.0003851775254588574
signed_hqql_tbl,mod.blocks.2.attn.h3,muon<-charged_hadron,0.0334504134953022,0.00031154946191236377,0.00016453325485762878,0.000423841318115592,0.0001653999471190301,0.000147016207054735,-0.00011229185620322826,0.00031154946191236377,0.00038505756543973123
B_tbl_minus_hqql,mod.blocks.0.attn.h5,muon<-photon,0.018838515281677248,0.0002561444416642189,0.0,0.0,0.0,0.0002561444416642189,0.0002561444416642189,0.0002561444416642189,0.00038421666249632835
B_tbl_minus_hqql,mod.blocks.6.attn.h4,muon<-charged_hadron,0.05687423795461655,-0.0002557227562647313,0.0,0.0,0.0,-0.0002557227562647313,-0.0002557227562647313,0.0002557227562647313,0.00038358413439709693
B_tbl_minus_hqql,mod.blocks.2.attn.h3,muon<-neutral_hadron,0.010280318558216095,0.000255623459815979,0.0,0.0,0.0,0.000255623459815979,0.000255623459815979,0.000255623459815979,0.0003834351897239685
signed_hqql_tbl,mod.cls_blocks.1.attn.h1,neutral_hadron<-charged_hadron,0.022991385148919147,-0.0003227782827984218,-0.00020576593475324094,-0.0006144194545724043,0.00015338208980947022,-0.00011701234804518086,0.0002916411717739825,0.0003227782827984218,0.00038128445682101224
signed_hqql_tbl,mod.blocks.2.attn.h5,muon<-electron,0.11063393205404282,0.00024959584698081017,-1.3264836525195278e-05,0.0,0.0,0.00026286068350600544,0.00024959584698081017,0.00024959584698081017,0.0003810261887338129
signed_hqql_tbl,mod.blocks.1.attn.h0,photon<-muon,0.058752527236938475,-0.00019177783280611039,0.00018532093197695519,-9.246663900003546e-06,0.0005647186189889908,-0.00037709876478306557,-0.00018253116890610684,0.00019177783280611039,0.0003803272151976432
B_tbl_minus_hqql,mod.cls_blocks.1.attn.h2,photon<-charged_hadron,0.022967205771917028,-0.00025353182543399214,0.0,0.0,0.0,-0.00025353182543399214,-0.00025353182543399214,0.00025353182543399214,0.0003802977381509882
B_tbl_minus_hqql,mod.cls_blocks.1.attn.h7,charged_hadron<-charged_hadron,0.019704983677974967,-0.0002526580626794765,0.0,0.0,0.0,-0.0002526580626794765,-0.0002526580626794765,0.0002526580626794765,0.0003789870940192148
B_tbl_minus_hqql,mod.blocks.5.attn.h3,muon<-neutral_hadron,0.05293529033660889,0.0002520979614928365,0.0,0.0,0.0,0.0002520979614928365,0.0002520979614928365,0.0002520979614928365,0.0003781469422392547
B_tbl_minus_hqql,mod.blocks.7.attn.h1,charged_hadron<-muon,0.10363008081912994,-0.0002520668494980782,0.0,0.0,0.0,-0.0002520668494980782,-0.0002520668494980782,0.0002520668494980782,0.00037810027424711734
B_tbl_minus_hqql,mod.cls_blocks.1.attn.h2,neutral_hadron<-photon,0.028203803513731276,-0.00025037342233450284,0.0,0.0,0.0,-0.00025037342233450284,-0.00025037342233450284,0.00025037342233450284,0.0003755601335017543
signed_hqql_tbl,mod.blocks.3.attn.h0,electron<-electron,0.024545843707326438,0.00016469917960648672,-0.0002554678910831054,-3.994943067908707e-06,-1.169257643596211e-07,0.00042016707068959214,0.00016869412267439543,0.00016469917960648672,0.0003747827149512828
signed_hqql_tbl,mod.blocks.2.attn.h0,muon<-charged_hadron,0.02580954134464264,-0.00019511992286425084,0.00016356192720242037,-0.00011772005818784237,-0.00028645465764301747,-0.0003586818500666712,-7.739986467640847e-05,0.00019511992286425084,0.0003744608478975864
B_tbl_minus_hqql,mod.blocks.2.attn.h5,muon<-electron,0.1106339693069458,0.000249593926128,0.0,0.0,0.0,0.000249593926128,0.000249593926128,0.000249593926128,0.00037439088919200003
signed_hqql_tbl,mod.blocks.0.attn.h4,muon<-photon,0.024556202888488768,-0.0002881777472794056,-0.00011606952543125341,0.0001305608256232171,-1.980697561521083e-06,-0.00017210822184815218,-0.0004187385729026227,0.0002881777472794056,0.0003742318582034817
B_tbl_minus_hqql,mod.cls_blocks.1.attn.h6,charged_hadron<-charged_hadron,0.021498915761016136,-0.0002488191659172434,0.0,0.0,0.0,-0.0002488191659172434,-0.0002488191659172434,0.0002488191659172434,0.00037322874887586505
signed_hqql_tbl,mod.cls_blocks.1.attn.h3,photon<-charged_hadron,0.020761329916459095,6.53992397077028e-05,-0.0005475425769621225,-0.00044507447940607864,-0.00027637431258815774,0.0006129418166698254,0.0005104737191137814,6.53992397077028e-05,0.0003718701480426155
signed_hqql_tbl,mod.blocks.2.attn.h0,electron<-muon,4.5351604057941586e-05,-1.0168730568693718e-07,-0.0007421468617394567,0.0,0.0,0.0007420451744337697,-1.0168730568693718e-07,1.0168730568693718e-07,0.0003711242745225718
B_tbl_minus_hqql,mod.blocks.4.attn.h3,charged_hadron<-muon,0.05727418139576912,-0.0002473877393640578,0.0,0.0,0.0,-0.0002473877393640578,-0.0002473877393640578,0.0002473877393640578,0.00037108160904608667
signed_hqql_tbl,mod.cls_blocks.1.attn.h6,neutral_hadron<-charged_hadron,0.022078138654646667,3.6399482506448806e-05,-0.0006301080010425632,-0.00029352900043993097,-5.105337505007074e-05,0.000666507483549012,0.0003299284829463798,3.6399482506448806e-05,0.0003696532242809548
signed_hqql_tbl,mod.blocks.4.attn.h5,photon<-muon,0.08296766281127929,-7.853389717638493e-05,0.000501104005563416,-0.00042618105986288616,-0.00031415943522006273,-0.0005796379027398009,0.00034764716268650123,7.853389717638493e-05,0.0003683528485462854
signed_hqql_tbl,mod.cls_blocks.0.attn.h7,CLS<-charged_hadron,0.02197156390365289,-0.00013765594351808634,0.0003214714746819183,0.0008572235018155485,0.0009552954682422912,-0.00045912741820000467,-0.0009948794453336347,0.00013765594351808634,0.0003672196526180887
B_tbl_minus_hqql,mod.cls_blocks.1.attn.h1,charged_hadron<-charged_hadron,0.020360703385153483,-0.0002436508752167398,0.0,0.0,0.0,-0.0002436508752167398,-0.0002436508752167398,0.0002436508752167398,0.0003654763128251097
B_tbl_minus_hqql,mod.cls_blocks.1.attn.h7,photon<-photon,0.02512927217917009,-0.00024349572115831754,0.0,0.0,0.0,-0.00024349572115831754,-0.00024349572115831754,0.00024349572115831754,0.0003652435817374763
B_tbl_minus_hqql,mod.blocks.6.attn.h3,charged_hadron<-muon,0.027345901355147362,-0.0002434850757708773,0.0,0.0,0.0,-0.0002434850757708773,-0.0002434850757708773,0.0002434850757708773,0.00036522761365631595
signed_hqql_tbl,mod.blocks.6.attn.h1,neutral_hadron<-muon,0.09437671899795533,-0.00022508976981043815,5.260091590268227e-05,9.773320925887674e-05,0.00038263861622706626,-0.00027769068571312043,-0.0003228229790693149,0.00022508976981043815,0.00036393511266699836
signed_hqql_tbl,mod.blocks.4.attn.h4,charged_hadron<-muon,0.02592225931584835,-7.521797670051455e-05,0.000501242365153769,3.333908534841612e-06,0.00012315490312175825,-0.0005764603418542836,-7.855188523535617e-05,7.521797670051455e-05,0.00036344814762765635
signed_hqql_tbl,mod.blocks.0.attn.h1,muon<-neutral_hadron,0.02089105248451233,0.00014381837099790572,-0.0002932482069203009,0.00014979165280237794,-0.00027594025919420854,0.0004370665779182066,-5.973281804472219e-06,0.00014381837099790572,0.00036235165995700903
signed_hqql_tbl,mod.blocks.5.attn.h7,muon<-charged_hadron,0.05638992413878441,-0.00017545255832374096,-0.0005456086767550844,2.8782662411686035e-06,-0.00013459753774275833,0.00037015611843134347,-0.00017833082456490955,0.00017545255832374096,0.0003605306175394127
B_tbl_minus_hqql,mod.cls_blocks.1.attn.h3,CLS<-electron,0.024538564402610062,0.00024031352950260043,0.0,0.0,0.0,0.00024031352950260043,0.00024031352950260043,0.00024031352950260043,0.00036047029425390065
signed_hqql_tbl,mod.blocks.6.attn.h7,muon<-neutral_hadron,0.021401137113571167,-0.00017271661199629306,0.00020251124563704556,0.00010362095054006204,2.19743103823728e-05,-0.0003752278576333386,-0.0002763375625363551,0.00017271661199629306,0.00036033054081296235
B_tbl_minus_hqql,mod.blocks.1.attn.h2,muon<-photon,0.019714722633361815,0.0002400728315114975,0.0,0.0,0.0,0.0002400728315114975,0.0002400728315114975,0.0002400728315114975,0.00036010924726724623
signed_hqql_tbl,mod.cls_blocks.1.attn.h3,neutral_hadron<-neutral_hadron,0.019212308094689722,-0.00026294252663654715,-7.32249957618954e-05,-0.0011831483333716514,0.00010787152462977578,-0.00018971753087465175,0.0009202058067351043,0.00026294252663654715,0.00035780129207387305
B_tbl_minus_hqql,mod.cls_blocks.0.attn.h7,CLS<-electron,0.019448747113347053,0.00023830357240512968,0.0,0.0,0.0,0.00023830357240512968,0.00023830357240512968,0.00023830357240512968,0.00035745535860769455
B_tbl_minus_hqql,mod.blocks.2.attn.h0,muon<-photon,0.019495832920074462,-0.00023729762062430382,0.0,0.0,0.0,-0.00023729762062430382,-0.00023729762062430382,0.00023729762062430382,0.00035594643093645573
signed_hqql_tbl,mod.blocks.1.attn.h5,photon<-muon,0.04239649772644043,0.00011153148487210274,-0.00037502220488692587,-0.0018906080651850928,-0.0004610157193383202,0.0004865536897590286,0.0020021395500571955,0.00011153148487210274,0.00035480832975161704
signed_hqql_tbl,mod.blocks.7.attn.h4,neutral_hadron<-muon,0.11501219272613525,-6.225038086995482e-05,-0.0006442680557180817,1.167584559880197e-05,0.00016284050959964387,0.0005820176748481268,-7.392622646875679e-05,6.225038086995482e-05,0.00035325921829401825
signed_hqql_tbl,mod.blocks.3.attn.h7,charged_hadron<-muon,0.039581842720508575,0.00029140838887542486,0.00016861785656939715,-4.718962300103158e-05,0.0006527162305164067,0.00012279053230602772,0.00033859801187645643,0.00029140838887542486,0.0003528036550284387
B_tbl_minus_hqql,mod.cls_blocks.1.attn.h3,neutral_hadron<-neutral_hadron,0.020069682088337447,-0.00023475609908162274,0.0,0.0,0.0,-0.00023475609908162274,-0.00023475609908162274,0.00023475609908162274,0.0003521341486224341
signed_hqql_tbl,mod.blocks.1.attn.h2,muon<-photon,0.019714725017547608,0.00024007301777601242,1.65964838264412e-05,-0.00023132079236564182,-0.0007009184409980662,0.00022347653394957123,0.00047139381014165425,0.00024007301777601242,0.000351811284750798
B_tbl_minus_hqql,mod.blocks.0.attn.h0,muon<-neutral_hadron,0.01995716392993927,-0.00023348438553512097,0.0,0.0,0.0,-0.00023348438553512097,-0.00023348438553512097,0.00023348438553512097,0.0003502265783026815
signed_hqql_tbl,mod.cls_blocks.0.attn.h7,muon<-neutral_hadron,0.0,0.0,0.0006996892625465989,0.0,0.0,-0.0006996892625465989,0.0,0.0,0.00034984463127329946
B_tbl_minus_hqql,mod.blocks.5.attn.h0,muon<-charged_hadron,0.02540847659111023,0.00023281521862372756,0.0,0.0,0.0,0.00023281521862372756,0.00023281521862372756,0.00023281521862372756,0.00034922282793559134
signed_hqql_tbl,mod.blocks.6.attn.h1,electron<-muon,0.00016062174108810723,-5.377501679504348e-07,0.0006961805047467351,0.0,0.0,-0.0006967182549146855,-5.377501679504348e-07,5.377501679504348e-07,0.0003488968776252932
signed_hqql_tbl,mod.cls_blocks.1.attn.h6,CLS<-photon,0.02228712817033132,-0.00020327421293283503,-0.0004935073129574954,-0.0005610182776307116,-4.157671885874107e-07,0.0002902331000246604,0.0003577440646978766,0.00020327421293283503,0.00034839076294516523
B_tbl_minus_hqql,mod.blocks.1.attn.h1,muon<-photon,0.025011670589447022,-0.00023046690970659255,0.0,0.0,0.0,-0.00023046690970659255,-0.00023046690970659255,0.00023046690970659255,0.00034570036455988884
signed_hqql_tbl,mod.cls_blocks.1.attn.h3,neutral_hadron<-photon,0.02205030620098114,-0.0003353571394524936,-0.00035548104787788167,-0.00010230428037735132,1.6828830711806358e-06,2.0123908425388065e-05,-0.00023305285907514227,0.0003353571394524936,0.0003454190936651876
signed_hqql_tbl,mod.cls_blocks.1.attn.h2,neutral_hadron<-photon,0.029082728017653738,-0.00022260368755918795,2.295174967509376e-05,3.48529563500331e-06,0.0001737653821854308,-0.0002455554372342817,-0.00022608898319419126,0.00022260368755918795,0.0003453814061763288
B_tbl_minus_hqql,mod.blocks.1.attn.h0,neutral_hadron<-muon,0.03374346494674683,-0.0002300654537975788,0.0,0.0,0.0,-0.0002300654537975788,-0.0002300654537975788,0.0002300654537975788,0.0003450981806963682
signed_hqql_tbl,mod.blocks.2.attn.h3,muon<-muon,0.002872732700780034,-4.156235263508279e-06,0.0006756788397979108,0.00015489790530409664,-0.0005703524420823669,-0.000679835075061419,-0.00015905414056760492,4.156235263508279e-06,0.0003440737727942178
signed_hqql_tbl,mod.blocks.2.attn.h3,muon<-neutral_hadron,0.010280316323041916,0.0002556235995143652,7.957984538127978e-05,0.0002846441639121622,5.9824027832494015e-05,0.00017604375413308543,-2.902056439779699e-05,0.0002556235995143652,0.00034364547658090794
B_tbl_minus_hqql,mod.blocks.4.attn.h5,muon<-charged_hadron,0.04122789204120636,0.00022827996872365475,0.0,0.0,0.0,0.00022827996872365475,0.00022827996872365475,0.00022827996872365475,0.0003424199530854821
signed_hqql_tbl,mod.cls_blocks.0.attn.h1,CLS<-neutral_hadron,0.02505199478140899,-8.072647999922213e-05,0.00043363305729075845,-0.0029352717943727335,0.0014649181722257382,-0.0005143595372899806,0.0028545453143735116,8.072647999922213e-05,0.00033790624864421244
signed_hqql_tbl,mod.cls_blocks.1.attn.h1,neutral_hadron<-photon,0.01994819167469229,-0.0003225058732953455,-0.00029203474309436885,-0.0005288139744572198,9.303264225381288e-05,-3.047113020097664e-05,0.00020630810116187433,0.0003225058732953455,0.0003377414383958338
B_tbl_minus_hqql,mod.blocks.6.attn.h1,neutral_hadron<-muon,0.09437673091888428,-0.00022508990950882436,0.0,0.0,0.0,-0.00022508990950882436,-0.00022508990950882436,0.00022508990950882436,0.00033763486426323657
B_tbl_minus_hqql,mod.cls_blocks.0.attn.h2,photon<-charged_hadron,0.020107844207860246,0.00022505329261663593,0.0,0.0,0.0,0.00022505329261663593,0.00022505329261663593,0.00022505329261663593,0.0003375799389249539
signed_hqql_tbl,mod.cls_blocks.1.attn.h7,CLS<-electron,0.020211825519800185,-5.175642090762267e-05,-0.0006222874361583308,-0.0004258792832843028,-7.008427564869635e-05,0.0005705310152507081,0.0003741228623766801,5.175642090762267e-05,0.00033702192853297676
signed_hqql_tbl,mod.cls_blocks.1.attn.h1,CLS<-charged_hadron,0.022510223850911976,-0.0002810055238626485,-0.00017317317813491252,-0.0005477011298529824,0.0004986646150320987,-0.00010783234572773597,0.0002666956059903339,0.0002810055238626485,0.0003349216967265165
signed_hqql_tbl,mod.blocks.1.attn.h1,muon<-photon,0.02501166582107544,-0.0002304668724536896,-2.2638788275224597e-05,4.230990418277326e-05,0.00018250175344292074,-0.000207828084178465,-0.00027277677663646284,0.0002304668724536896,0.0003343809145429221
signed_hqql_tbl,mod.cls_blocks.1.attn.h6,photon<-charged_hadron,0.022022432541545435,0.00014411986369309546,-0.00023591923471315797,-0.0003377656420608136,0.00014535223311485396,0.0003800390984062534,0.00048188550575390906,0.00014411986369309546,0.00033413941289622216
B_tbl_minus_hqql,mod.blocks.3.attn.h2,muon<-photon,0.01888553738594055,0.00022157667204737665,0.0,0.0,0.0,0.00022157667204737665,0.00022157667204737665,0.00022157667204737665,0.00033236500807106497
signed_hqql_tbl,mod.blocks.6.attn.h7,charged_hadron<-muon,0.04897407442331314,0.00019415128917898983,-8.211829490625323e-05,5.9467967366799714e-05,-2.042028328022835e-05,0.00027626958408524306,0.00013468332181219012,0.00019415128917898983,0.00033228608122161136
signed_hqql_tbl,mod.blocks.0.attn.h4,neutral_hadron<-electron,0.01658972932232751,-0.0002128003591982027,2.591428385226448e-05,-6.56805036123842e-05,-0.00012596525630215183,-0.00023871464305046718,-0.0001471198555858185,0.0002128003591982027,0.0003321576807234363
B_tbl_minus_hqql,mod.blocks.0.attn.h5,electron<-muon,0.040069662034511566,0.00022141667432151735,0.0,0.0,0.0,0.00022141667432151735,0.00022141667432151735,0.00022141667432151735,0.000332125011482276
signed_hqql_tbl,mod.blocks.0.attn.h5,electron<-muon,0.040069662034511566,0.00022141648514661938,4.688495778282231e-07,0.0,0.0,0.00022094763556879116,0.00022141648514661938,0.00022141648514661938,0.00033189030293101496
signed_hqql_tbl,mod.blocks.1.attn.h1,muon<-neutral_hadron,0.019449841976165772,0.0002723843790590763,0.00015472078909321377,0.00028105912497267127,0.00017313452877311243,0.00011766358996586254,-8.674745913594961e-06,0.0002723843790590763,0.0003312161740420076
signed_hqql_tbl,mod.blocks.1.attn.h4,muon<-photon,0.012692254781723023,-0.0001988338679075241,6.408189993204647e-05,0.0002873841717484451,-0.00012959232662979048,-0.0002629157678395706,-0.0004862180396559692,0.0001988338679075241,0.0003302917518273094
signed_hqql_tbl,mod.cls_blocks.1.attn.h7,charged_hadron<-photon,0.02269564961601874,-0.0003085343744382708,-0.0003511561554367259,-0.0008045017216007532,-0.0004744094206086759,4.26217809984551e-05,0.0004959673471624824,0.0003085343744382708,0.00032984526493749837
B_tbl_minus_hqql,mod.blocks.3.attn.h0,muon<-photon,0.018117798566818236,-0.0002198781818151474,0.0,0.0,0.0,-0.0002198781818151474,-0.0002198781818151474,0.0002198781818151474,0.0003298172727227211
signed_hqql_tbl,mod.blocks.3.attn.h7,photon<-muon,0.07674272537231445,-0.00020594874396920204,4.0670256375482206e-05,4.1547087242915516e-05,5.1299964979989454e-05,-0.00024661900034468425,-0.00024749583121211756,0.00020594874396920204,0.00032925824414154414
signed_hqql_tbl,mod.blocks.1.attn.h7,charged_hadron<-muon,0.03456820547580719,-0.0001802164042601362,0.00011704836446696367,0.0003103496739640832,0.00017959750469096682,-0.00029726476872709987,-0.0004905660782242194,0.0001802164042601362,0.0003288487886236861
signed_hqql_tbl,mod.cls_blocks.0.attn.h5,CLS<-CLS,0.0008140970749082044,0.00023693715866102139,5.6834214092305047e-05,0.0,0.0,0.00018010294456871634,0.00023693715866102139,0.00023693715866102139,0.00032698863094537955
signed_hqql_tbl,mod.blocks.6.attn.h1,muon<-photon,0.01223373532295227,0.00020829392597079276,-2.7942088452523183e-05,4.633051243477634e-06,3.322277348161151e-05,0.00023623601442331594,0.00020366087472731514,0.00020829392597079276,0.0003264119331824507
B_tbl_minus_hqql,mod.cls_blocks.0.attn.h1,photon<-charged_hadron,0.024510587318034113,0.00021696689574024345,0.0,0.0,0.0,0.00021696689574024345,0.00021696689574024345,0.00021696689574024345,0.0003254503436103652
signed_hqql_tbl,mod.blocks.0.attn.h7,muon<-neutral_hadron,0.022336959838867188,-0.0001786248991265893,0.00011468460434116423,0.0003154980659019202,0.0010596864287638003,-0.00029330950346775355,-0.0004941229650285095,0.0001786248991265893,0.00032527965086046604
B_tbl_minus_hqql,mod.blocks.1.attn.h5,muon<-charged_hadron,0.03448285534977913,-0.00021619537437800318,0.0,0.0,0.0,-0.00021619537437800318,-0.00021619537437800318,0.00021619537437800318,0.00032429306156700477
signed_hqql_tbl,mod.cls_blocks.0.attn.h7,neutral_hadron<-charged_hadron,0.02322709236456,0.00031604818270906156,0.00033005499880355184,0.0007839104240169613,0.0010025114131470521,-1.4006816094490272e-05,-0.0004678622413078997,0.00031604818270906156,0.0003230515907563067
signed_hqql_tbl,mod.blocks.0.attn.h3,muon<-neutral_hadron,0.023326918482780457,0.0001991252414882183,0.0004440407598546396,-0.00019203266128897667,0.001285994244325492,-0.00024491551836642125,0.00039115790277719496,0.0001991252414882183,0.0003215830006714289
signed_hqql_tbl,mod.blocks.5.attn.h5,photon<-muon,0.03587206125259399,0.00015755606815218926,-0.00016764599192691478,0.00041266242485670814,-0.0007695822569075972,0.00032520206007910404,-0.00025510635670451885,0.00015755606815218926,0.00032015709819174126
B_tbl_minus_hqql,mod.cls_blocks.0.attn.h7,neutral_hadron<-charged_hadron,0.021786289694516556,0.00021296884338168994,0.0,0.0,0.0,0.00021296884338168994,0.00021296884338168994,0.00021296884338168994,0.0003194532650725349
B_tbl_minus_hqql,mod.blocks.0.attn.h4,neutral_hadron<-electron,0.01658972821853779,-0.00021280046699016734,0.0,0.0,0.0,-0.00021280046699016734,-0.00021280046699016734,0.00021280046699016734,0.00031920070048525103
B_tbl_minus_hqql,mod.blocks.5.attn.h3,muon<-electron,0.03889237344264984,0.00021274329628795385,0.0,0.0,0.0,0.00021274329628795385,0.00021274329628795385,0.00021274329628795385,0.0003191149444319308
signed_hqql_tbl,mod.blocks.2.attn.h5,charged_hadron<-muon,0.055795952677726746,3.0855153454467654e-05,-0.000544732335047462,0.00024025300517678262,-0.0002320254517888481,0.0005755874885019297,-0.00020939785172231496,3.0855153454467654e-05,0.0003186488977054325
B_tbl_minus_hqql,mod.blocks.2.attn.h0,charged_hadron<-muon,0.02568216808140278,-0.000211225327802822,0.0,0.0,0.0,-0.000211225327802822,-0.000211225327802822,0.000211225327802822,0.000316837991704233
B_tbl_minus_hqql,mod.cls_blocks.1.attn.h6,photon<-charged_hadron,0.023152387594874903,0.00021103613043227528,0.0,0.0,0.0,0.00021103613043227528,0.00021103613043227528,0.00021103613043227528,0.0003165541956484129
B_tbl_minus_hqql,mod.blocks.3.attn.h1,muon<-photon,0.027395808696746828,0.00021072767674922943,0.0,0.0,0.0,0.00021072767674922943,0.00021072767674922943,0.00021072767674922943,0.00031609151512384414
B_tbl_minus_hqql,mod.blocks.6.attn.h1,muon<-photon,0.012233736515045167,0.00020829400047659875,0.0,0.0,0.0,0.00020829400047659875,0.00020829400047659875,0.00020829400047659875,0.00031244100071489814
signed_hqql_tbl,mod.cls_blocks.1.attn.h6,neutral_hadron<-CLS,0.03493792563676834,-0.000206289449124597,5.370106350710557e-06,0.0,0.0,-0.00021165955547530757,-0.000206289449124597,0.000206289449124597,0.0003121192268622508
signed_hqql_tbl,mod.cls_blocks.1.attn.h3,photon<-photon,0.02219290276626488,-7.610014252751679e-05,-0.0005427245219785569,-0.0005011905048941744,-0.00044405595732657105,0.00046662437945104015,0.00042509036236665766,7.610014252751679e-05,0.00030941233225303684
signed_hqql_tbl,mod.blocks.0.attn.h2,muon<-photon,0.01255550742149353,0.00018291205167770386,-6.948764884758643e-05,-3.614880898523898e-05,-0.0008150026842486113,0.0002523997005252903,0.00021906086066294286,0.00018291205167770386,0.000309111901940349
B_tbl_minus_hqql,mod.blocks.3.attn.h7,photon<-muon,0.0767427158355713,-0.00020594889298081398,0.0,0.0,0.0,-0.00020594889298081398,-0.00020594889298081398,0.00020594889298081398,0.000308923339471221
signed_hqql_tbl,mod.blocks.1.attn.h5,muon<-charged_hadron,0.03448285162448883,-0.00021619530161842704,-3.2404284679498043e-05,-0.00014676018618047236,-0.00011063530837418512,-0.00018379101693892898,-6.943511543795468e-05,0.00021619530161842704,0.00030809081008789153
signed_hqql_tbl,mod.blocks.2.attn.h2,neutral_hadron<-electron,0.009674911283784442,3.414484995624257e-05,-0.0005132872653647562,7.983343239175156e-06,5.2319841415737756e-05,0.0005474321153209988,2.6161506717067417e-05,3.414484995624257e-05,0.00030786090761674193
B_tbl_minus_hqql,mod.cls_blocks.1.attn.h4,photon<-photon,0.021029230836149933,-0.00020511041383271093,0.0,0.0,0.0,-0.00020511041383271093,-0.00020511041383271093,0.00020511041383271093,0.0003076656207490664
signed_hqql_tbl,mod.blocks.7.attn.h4,photon<-muon,0.09150867462158203,-5.97308948636055e-05,-0.0005555239291233624,6.98462307419894e-07,6.943196422071196e-05,0.0004957930342597569,-6.042935717102539e-05,5.97308948636055e-05,0.00030762741199348397
signed_hqql_tbl,mod.blocks.0.attn.h4,neutral_hadron<-muon,0.031279566884040835,-4.195055807940662e-05,0.00048676239991133724,-5.268543100100942e-05,1.0733638191595674e-05,-0.0005287129579907439,1.0734872921602802e-05,4.195055807940662e-05,0.00030630703707477854
B_tbl_minus_hqql,mod.blocks.0.attn.h6,electron<-muon,0.09039165079593658,0.00020394689636304975,0.0,0.0,0.0,0.00020394689636304975,0.00020394689636304975,0.00020394689636304975,0.0003059203445445746
signed_hqql_tbl,mod.cls_blocks.0.attn.h1,neutral_hadron<-electron,0.0,0.0,0.0006111118321617445,-0.0004210032057017088,0.0038440050557255745,-0.0006111118321617445,0.0004210032057017088,0.0,0.00030555591608087224
signed_hqql_tbl,mod.blocks.2.attn.h6,muon<-photon,0.010425049066543578,0.0002694832347333431,0.00019879744841570131,-0.00014300368327115263,0.00016990416406770237,7.06857863176418e-05,0.00041248691800449577,0.0002694832347333431,0.000304826127892164
signed_hqql_tbl,mod.blocks.5.attn.h4,electron<-muon,0.09640916436910629,-0.00016104892711155117,0.0001265037280973047,0.0,0.0,-0.00028755265520885587,-0.00016104892711155117,0.00016104892711155117,0.0003048252547159791
B_tbl_minus_hqql,mod.cls_blocks.0.attn.h7,neutral_hadron<-photon,0.025489747524261475,-0.00020296967289011394,0.0,0.0,0.0,-0.00020296967289011394,-0.00020296967289011394,0.00020296967289011394,0.0003044545093351709
B_tbl_minus_hqql,mod.cls_blocks.1.attn.h6,CLS<-photon,0.02137552191813787,-0.00020154506938221554,0.0,0.0,0.0,-0.00020154506938221554,-0.00020154506938221554,0.00020154506938221554,0.00030231760407332334
B_tbl_minus_hqql,mod.cls_blocks.0.attn.h7,charged_hadron<-neutral_hadron,0.027181848119466733,-0.00020147631398569315,0.0,0.0,0.0,-0.00020147631398569315,-0.00020147631398569315,0.00020147631398569315,0.00030221447097853973
B_tbl_minus_hqql,mod.blocks.0.attn.h6,muon<-photon,0.010171130895614625,0.00020115680992603303,0.0,0.0,0.0,0.00020115680992603303,0.00020115680992603303,0.00020115680992603303,0.00030173521488904956
signed_hqql_tbl,mod.blocks.7.attn.h5,photon<-muon,0.1319233226776123,-2.370517933741212e-05,-0.0005786108147156866,-7.507070854661011e-05,-6.890199802001007e-05,0.0005549056353782745,5.136552920919799e-05,2.370517933741212e-05,0.00030115799702654935
B_tbl_minus_hqql,mod.cls_blocks.1.attn.h7,neutral_hadron<-neutral_hadron,0.014222270637554558,-0.0002005638763014423,0.0,0.0,0.0,-0.0002005638763014423,-0.0002005638763014423,0.0002005638763014423,0.0003008458144521635
signed_hqql_tbl,mod.blocks.2.attn.h0,muon<-photon,0.01949583172798157,-0.0002372981049120426,-0.00011122049641256269,-0.00027261705448230106,0.0003694184670166578,-0.0001260776084994799,3.5318949570258446e-05,0.0002372981049120426,0.00030033690916178254
signed_hqql_tbl,mod.blocks.0.attn.h7,muon<-photon,0.02704204797744751,-0.00016214022412896155,0.00011322534287740525,-1.6251050900401814e-05,7.527383286287659e-05,-0.0002753655670063668,-0.00014588917322855974,0.00016214022412896155,0.000299823007632145
signed_hqql_tbl,mod.blocks.1.attn.h3,charged_hadron<-muon,0.029046358540654182,0.00015113106928765774,-0.00014582523223138056,3.8126690196804705e-05,-7.63233825141056e-05,0.0002969563015190383,0.00011300437909085303,0.00015113106928765774,0.0002996092200471769
signed_hqql_tbl,mod.blocks.6.attn.h1,photon<-muon,0.05824723243713379,-0.0001564478687942028,0.00012953859052351234,7.646204072183796e-06,3.538129317348648e-05,-0.00028598645931771517,-0.0001640940728663866,0.0001564478687942028,0.0002994410984530604
B_tbl_minus_hqql,mod.blocks.0.attn.h3,muon<-neutral_hadron,0.023326918482780457,0.00019912493880838155,0.0,0.0,0.0,0.00019912493880838155,0.00019912493880838155,0.00019912493880838155,0.0002986874082125723
B_tbl_minus_hqql,mod.blocks.1.attn.h4,muon<-photon,0.012692253589630127,-0.00019883399829268456,0.0,0.0,0.0,-0.00019883399829268456,-0.00019883399829268456,0.00019883399829268456,0.00029825099743902684
B_tbl_minus_hqql,mod.cls_blocks.0.attn.h2,photon<-neutral_hadron,0.02199657204059454,0.00019815496992892944,0.0,0.0,0.0,0.00019815496992892944,0.00019815496992892944,0.00019815496992892944,0.00029723245489339414
signed_hqql_tbl,mod.cls_blocks.1.attn.h7,CLS<-charged_hadron,0.02037734944514561,-0.0002837978688146072,-0.00030798764656419337,-0.0006447471505673627,7.108615449206673e-05,2.4189777749586178e-05,0.0003609492817527555,0.0002837978688146072,0.0002958927576894003
signed_hqql_tbl,mod.blocks.5.attn.h3,muon<-electron,0.03889239579439163,0.00021274299069773406,4.650825940188952e-05,0.0,0.0,0.00016623473129584454,0.00021274299069773406,0.00021274299069773406,0.00029586035634565633
B_tbl_minus_hqql,mod.blocks.0.attn.h5,muon<-electron,0.010027173906564713,0.00019700379925779998,0.0,0.0,0.0,0.00019700379925779998,0.00019700379925779998,0.00019700379925779998,0.0002955056988867
signed_hqql_tbl,mod.blocks.0.attn.h5,muon<-electron,0.010027173906564713,0.00019700378470588475,2.3023391193532916e-08,0.0,0.0,0.00019698076131469122,0.00019700378470588475,0.00019700378470588475,0.00029549416536323037
B_tbl_minus_hqql,mod.blocks.3.attn.h5,charged_hadron<-muon,0.0982968732714653,0.00019584933761507273,0.0,0.0,0.0,0.00019584933761507273,0.00019584933761507273,0.00019584933761507273,0.0002937740064226091
signed_hqql_tbl,mod.cls_blocks.1.attn.h6,muon<-neutral_hadron,0.0,0.0,-0.0005871017347089946,0.0,0.0,0.0005871017347089946,0.0,0.0,0.0002935508673544973
B_tbl_minus_hqql,mod.cls_blocks.1.attn.h6,CLS<-muon,0.004175879061222076,-0.0001954833569470793,0.0,0.0,0.0,-0.0001954833569470793,-0.0001954833569470793,0.0001954833569470793,0.00029322503542061895
B_tbl_minus_hqql,mod.cls_blocks.1.attn.h6,charged_hadron<-muon,0.004175879061222076,-0.0001954833569470793,0.0,0.0,0.0,-0.0001954833569470793,-0.0001954833569470793,0.0001954833569470793,0.00029322503542061895
signed_hqql_tbl,mod.cls_blocks.1.attn.h6,charged_hadron<-muon,0.004175874870270491,-0.00019548316777218133,0.0,0.0,0.0,-0.00019548316777218133,-0.00019548316777218133,0.00019548316777218133,0.000293224751658272
B_tbl_minus_hqql,mod.blocks.2.attn.h0,muon<-charged_hadron,0.02580954134464264,-0.00019511957361828536,0.0,0.0,0.0,-0.00019511957361828536,-0.00019511957361828536,0.00019511957361828536,0.00029267936042742804
signed_hqql_tbl,mod.cls_blocks.1.attn.h6,CLS<-charged_hadron,0.021054298554495542,-8.022246451956103e-05,-0.0005046075118588442,-0.0004023472468476652,-3.350812481834973e-05,0.00042438504733928315,0.0003221247823281042,8.022246451956103e-05,0.0002924149881892026
signed_hqql_tbl,mod.cls_blocks.1.attn.h1,CLS<-photon,0.0200371083120505,-0.00013451286084697738,-0.0004481918287409716,-0.0006298646257338914,0.0001495574416709604,0.0003136789678939942,0.000495351764886914,0.00013451286084697738,0.00029135234479397444
B_tbl_minus_hqql,mod.blocks.6.attn.h7,charged_hadron<-muon,0.04897407442331314,0.00019415124552324414,0.0,0.0,0.0,0.00019415124552324414,0.00019415124552324414,0.00019415124552324414,0.0002912268682848662
B_tbl_minus_hqql,mod.blocks.6.attn.h2,charged_hadron<-muon,0.018932491540908813,0.00019345569307915866,0.0,0.0,0.0,0.00019345569307915866,0.00019345569307915866,0.00019345569307915866,0.000290183539618738
signed_hqql_tbl,mod.blocks.7.attn.h3,muon<-electron,2.3325419533648528e-05,1.2734503229694383e-07,0.0005794556345790625,0.0,0.0,-0.0005793282895467655,1.2734503229694383e-07,1.2734503229694383e-07,0.0002897914898056797
signed_hqql_tbl,mod.blocks.4.attn.h3,charged_hadron<-muon,0.05727417394518852,-0.00024738756474107504,-0.00016315840035438156,1.58139067934826e-05,-1.4213411883578043e-05,-8.422916438669348e-05,-0.0002632014715345576,0.00024738756474107504,0.0002895021469344218
signed_hqql_tbl,mod.cls_blocks.1.attn.h1,photon<-photon,0.020480343080186224,-7.251459738926043e-05,-0.0005057801216615779,-0.00043773073060759184,0.00035205936781468165,0.00043326552427231746,0.0003652161332183314,7.251459738926043e-05,0.00028914735952541916
signed_hqql_tbl,mod.blocks.6.attn.h5,muon<-charged_hadron,0.03285485506057739,-0.0001500864455010742,0.00012675923510239675,7.0405585574917495e-06,-2.4500754079781473e-05,-0.00027684568060347094,-0.00015712700405856594,0.0001500864455010742,0.00028850928580280964
B_tbl_minus_hqql,mod.blocks.1.attn.h0,photon<-muon,0.05875250816345215,-0.00019177764654159545,0.0,0.0,0.0,-0.00019177764654159545,-0.00019177764654159545,0.00019177764654159545,0.0002876664698123932
signed_hqql_tbl,mod.blocks.3.attn.h6,electron<-electron,0.0244766198702564,-0.00016992106101870123,6.078180704616187e-05,2.0773349386142097e-05,-1.8516632720277925e-05,-0.0002307028680648631,-0.00019069441040484332,0.00016992106101870123,0.0002852724950511328
B_tbl_minus_hqql,mod.blocks.3.attn.h3,neutral_hadron<-muon,0.0352145105600357,0.00018988267984241248,0.0,0.0,0.0,0.00018988267984241248,0.00018988267984241248,0.00018988267984241248,0.00028482401976361873
signed_hqql_tbl,mod.blocks.2.attn.h0,photon<-muon,0.022213773727416994,-0.00014919527806341647,0.00012112798561391078,-4.916844911695946e-05,0.0008882239053491503,-0.00027032326367732725,-0.00010002682894645702,0.00014919527806341647,0.0002843569099020801
B_tbl_minus_hqql,mod.blocks.2.attn.h4,muon<-electron,0.08417471498250961,-0.0001893489679787308,0.0,0.0,0.0,-0.0001893489679787308,-0.0001893489679787308,0.0001893489679787308,0.0002840234519680962
signed_hqql_tbl,mod.cls_blocks.1.attn.h0,charged_hadron<-CLS,0.002522318041883409,-2.3248145225807093e-05,0.0004924437222353362,0.0,0.0,-0.0005156918674611433,-2.3248145225807093e-05,2.3248145225807093e-05,0.0002810940789563787
B_tbl_minus_hqql,mod.cls_blocks.1.attn.h1,CLS<-neutral_hadron,0.02653299049208207,-0.00018738265293904988,0.0,0.0,0.0,-0.00018738265293904988,-0.00018738265293904988,0.00018738265293904988,0.0002810739794085748
signed_hqql_tbl,mod.cls_blocks.1.attn.h2,muon<-charged_hadron,0.0,0.0,0.0005613384768366813,0.0,0.0,-0.0005613384768366813,0.0,0.0,0.00028066923841834067
B_tbl_minus_hqql,mod.cls_blocks.0.attn.h7,photon<-neutral_hadron,0.01879875218639007,0.00018697364542346733,0.0,0.0,0.0,0.00018697364542346733,0.00018697364542346733,0.00018697364542346733,0.000280460468135201
signed_hqql_tbl,mod.blocks.4.attn.h4,photon<-muon,0.029843153953552245,-2.9495495837181807e-05,0.00046895941034706895,6.784076547427546e-06,3.533169706315675e-05,-0.0004984549061842507,-3.627957238460935e-05,2.9495495837181807e-05,0.00027872294892930717
B_tbl_minus_hqql,mod.cls_blocks.1.attn.h4,photon<-charged_hadron,0.019765548313720318,-0.00018506980784048762,0.0,0.0,0.0,-0.00018506980784048762,-0.00018506980784048762,0.00018506980784048762,0.00027760471176073144
B_tbl_minus_hqql,mod.blocks.0.attn.h1,neutral_hadron<-muon,0.031760063767433164,-0.00018473459640517832,0.0,0.0,0.0,-0.00018473459640517832,-0.00018473459640517832,0.00018473459640517832,0.0002771018946077675
signed_hqql_tbl,mod.blocks.4.attn.h5,muon<-charged_hadron,0.04122789576649666,0.00022827941575087607,0.0001313839979374256,-0.0005357849877327681,-0.00011701194505969232,9.689541781345048e-05,0.0007640644034836441,0.00022827941575087607,0.0002767271246576013
signed_hqql_tbl,mod.blocks.1.attn.h1,charged_hadron<-muon,0.015654586255550385,2.027676600846462e-05,0.0005302762967916444,0.0002501086099073291,0.00011394857640632175,-0.0005099995307831798,-0.00022983184389886447,2.027676600846462e-05,0.0002752765314000545
B_tbl_minus_hqql,mod.blocks.0.attn.h2,muon<-photon,0.01255550742149353,0.00018291182816028594,0.0,0.0,0.0,0.00018291182816028594,0.00018291182816028594,0.00018291182816028594,0.0002743677422404289
signed_hqql_tbl,mod.blocks.3.attn.h0,photon<-electron,0.007547224197930437,2.0203861711751216e-05,0.0005284177529608348,-2.7519072838393705e-05,3.358307708367647e-05,-0.0005082138912490836,4.772293455014492e-05,2.0203861711751216e-05,0.00027431080733629303
B_tbl_minus_hqql,mod.blocks.1.attn.h4,electron<-neutral_hadron,0.026221316997651702,-0.0001822484234623887,0.0,0.0,0.0,-0.0001822484234623887,-0.0001822484234623887,0.0001822484234623887,0.00027337263519358303
signed_hqql_tbl,mod.blocks.6.attn.h3,neutral_hadron<-muon,0.23587920665740966,-0.0001693202299065888,3.798520386529466e-05,-7.261063001351431e-05,0.00040661449181950756,-0.00020730543377188345,-9.670959989307448e-05,0.0001693202299065888,0.0002729729467925305
signed_hqql_tbl,mod.blocks.5.attn.h4,neutral_hadron<-muon,0.14327350854873658,-0.00013871671399101615,0.0001259584241779521,-7.927963451948017e-06,-0.00014002992086009018,-0.00026467513816896826,-0.00013078875053906813,0.00013871671399101615,0.0002710542830755003
signed_hqql_tbl,mod.blocks.6.attn.h1,muon<-charged_hadron,0.04207383841276169,5.417197826318443e-05,-0.00037907507533255295,-0.0002551369136199355,0.00022810795979404992,0.0004332470535957374,0.00030930889188311993,5.417197826318443e-05,0.0002707955050610531
B_tbl_minus_hqql,mod.blocks.1.attn.h7,charged_hadron<-muon,0.03456820547580719,-0.00018021654977928847,0.0,0.0,0.0,-0.00018021654977928847,-0.00018021654977928847,0.00018021654977928847,0.0002703248246689327
B_tbl_minus_hqql,mod.blocks.0.attn.h2,neutral_hadron<-electron,0.012516503946648704,0.00017996558621975796,0.0,0.0,0.0,0.00017996558621975796,0.00017996558621975796,0.00017996558621975796,0.0002699483793296369
signed_hqql_tbl,mod.blocks.0.attn.h4,electron<-neutral_hadron,0.02501088822329486,-0.00012158681002566246,0.000175049411298364,-0.00012185201921965927,-9.632984438212588e-05,-0.00029663622132402646,2.6520919399681316e-07,0.00012158681002566246,0.0002699049206876757
signed_hqql_tbl,mod.blocks.5.attn.h0,muon<-charged_hadron,0.02540847472846508,0.00023281526227947325,0.00016024963369067662,5.6127295829355715e-05,0.00012834422655445948,7.256562858879662e-05,0.00017668796645011752,0.00023281526227947325,0.00026909807657387154
signed_hqql_tbl,mod.blocks.1.attn.h6,muon<-electron,0.014358562417328358,0.00015735648048575968,0.0003795291413553059,0.0,0.0,-0.00022217266086954623,0.00015735648048575968,0.00015735648048575968,0.0002684428109205328
B_tbl_minus_hqql,mod.cls_blocks.1.attn.h7,photon<-electron,0.08417696505784988,-0.00017877724894788116,0.0,0.0,0.0,-0.00017877724894788116,-0.00017877724894788116,0.00017877724894788116,0.00026816587342182174
B_tbl_minus_hqql,mod.blocks.0.attn.h7,muon<-neutral_hadron,0.022336959838867188,-0.00017862479435279966,0.0,0.0,0.0,-0.00017862479435279966,-0.00017862479435279966,0.00017862479435279966,0.0002679371915291995
signed_hqql_tbl,mod.blocks.6.attn.h5,neutral_hadron<-muon,0.04747585356235504,-0.0001653402461670339,3.589348246653875e-05,-0.00014358169573824853,-1.076637191646215e-05,-0.00020123372863357266,-2.1758550428785373e-05,0.0001653402461670339,0.0002659571104838202
B_tbl_minus_hqql,mod.blocks.1.attn.h2,muon<-charged_hadron,0.029338309541344643,0.00017705590289551765,0.0,0.0,0.0,0.00017705590289551765,0.00017705590289551765,0.00017705590289551765,0.00026558385434327647
signed_hqql_tbl,mod.blocks.6.attn.h2,charged_hadron<-muon,0.018932508304715157,0.0001934560132212937,5.05852214514445e-05,0.00014816556358709931,0.00010954642758323726,0.0001428707917698492,4.5290449634194374e-05,0.0001934560132212937,0.00026489140910621826
signed_hqql_tbl,mod.cls_blocks.0.attn.h2,neutral_hadron<-muon,0.0,0.0,-0.0005294376751407981,-0.002223274437710643,0.005779120605438948,0.0005294376751407981,0.002223274437710643,0.0,0.00026471883757039905
signed_hqql_tbl,mod.cls_blocks.1.attn.h6,photon<-neutral_hadron,0.013046772290880863,-0.00019606618130078109,-0.00033130516808074285,-0.0002661382459336892,0.001792232581647113,0.00013523898677996176,7.007206463290809e-05,0.00019606618130078109,0.00026368567469076197
B_tbl_minus_hqql,mod.blocks.5.attn.h7,muon<-charged_hadron,0.056389931589365005,-0.00017545284936204553,0.0,0.0,0.0,-0.00017545284936204553,-0.00017545284936204553,0.00017545284936204553,0.0002631792740430683
signed_hqql_tbl,mod.cls_blocks.1.attn.h6,neutral_hadron<-muon,0.0,0.0,-0.000525657320395112,-0.00013788801152259111,-4.880757842329331e-06,0.000525657320395112,0.00013788801152259111,0.0,0.000262828660197556
signed_hqql_tbl,mod.cls_blocks.1.attn.h7,charged_hadron<-charged_hadron,0.0186013538650302,-0.0002477314786140829,-0.00027547112934417643,-0.0007733067480905708,-4.88028053950984e-05,2.773965073009355e-05,0.0005255752694764879,0.0002477314786140829,0.00026160130397912966
signed_hqql_tbl,mod.blocks.3.attn.h0,muon<-photon,0.018117796182632446,-0.00021987823769450187,-0.0003023704653299463,-0.00015448940740454766,0.00014480674508376978,8.249222763544441e-05,-6.538883028995421e-05,0.00021987823769450187,0.00026112435151222406
signed_hqql_tbl,mod.cls_blocks.1.attn.h7,photon<-electron,0.08417703211307526,-0.00017877857317216694,-1.6023215266613988e-05,0.0,0.0,-0.00016275535790555296,-0.00017877857317216694,0.00017877857317216694,0.0002601562521249434
signed_hqql_tbl,mod.cls_blocks.1.attn.h4,photon<-charged_hadron,0.019779983766471283,-0.00016706941068714745,-0.00035278915416404427,-0.0004311673921730482,0.00027842965269864525,0.00018571974347689682,0.0002640979814859007,0.00016706941068714745,0.0002599292824255959
signed_hqql_tbl,mod.blocks.5.attn.h2,muon<-charged_hadron,0.03610403090715408,-0.00015640891797374934,5.0108772344314137e-05,-0.00019498725887387991,-9.264292946847326e-05,-0.00020651769031806348,3.8578340900130575e-05,0.00015640891797374934,0.0002596677631327811
signed_hqql_tbl,mod.blocks.7.attn.h1,photon<-muon,0.10489652633666992,-0.00014834141358733178,7.326627532596544e-05,-4.357985051770118e-06,1.1706226587193669e-05,-0.0002216076889132972,-0.00014398342853556167,0.00014834141358733178,0.0002591452580439804
signed_hqql_tbl,mod.blocks.2.attn.h1,muon<-charged_hadron,0.017270073294639587,0.00015650835121050477,-4.871247354178475e-05,7.180467946454883e-05,0.000149681783196601,0.0002052208247522895,8.470367174595594e-05,0.00015650835121050477,0.00025911876358664955
B_tbl_minus_hqql,mod.blocks.6.attn.h7,muon<-neutral_hadron,0.021401144564151764,-0.00017271661199629306,0.0,0.0,0.0,-0.00017271661199629306,-0.00017271661199629306,0.00017271661199629306,0.00025907491799443956
signed_hqql_tbl,mod.blocks.1.attn.h6,muon<-charged_hadron,0.0390411913394928,0.00010094951721839607,-0.00021435271721715346,-0.00012444672174751758,-0.00018784311462447724,0.00031530223443554953,0.00022539623896591365,0.00010094951721839607,0.0002586006344361708
B_tbl_minus_hqql,mod.blocks.0.attn.h4,muon<-muon,0.014990543015301228,-0.0001707814517430961,0.0,0.0,0.0,-0.0001707814517430961,-0.0001707814517430961,0.0001707814517430961,0.00025617217761464417
signed_hqql_tbl,mod.blocks.1.attn.h2,muon<-neutral_hadron,0.007538799941539764,-1.646644523134455e-05,-0.0004957398778060451,-0.0006052232929505408,-2.8622242098208517e-05,0.00047927343257470056,0.0005887568477191962,1.646644523134455e-05,0.00025610316151869483
signed_hqql_tbl,mod.blocks.6.attn.h4,muon<-charged_hadron,0.056874245405197144,-0.00025572258164174855,-0.0002550554822963209,-5.126037285663187e-06,6.224195716309954e-05,-6.670993454276487e-07,-0.00025059654435608534,0.00025572258164174855,0.0002560561313144624
B_tbl_minus_hqql,mod.blocks.3.attn.h6,electron<-electron,0.024476670368636003,-0.00016992124490558227,0.0,0.0,0.0,-0.00016992124490558227,-0.00016992124490558227,0.00016992124490558227,0.00025488186735837337
signed_hqql_tbl,mod.blocks.2.attn.h6,charged_hadron<-muon,0.025108855217695236,0.00011380191426724195,-0.0001675644083521687,9.107897058129311e-05,-2.4555385276802223e-05,0.0002813663226194107,2.2722943685948846e-05,0.00011380191426724195,0.0002544850755769473
signed_hqql_tbl,mod.blocks.3.attn.h2,muon<-charged_hadron,0.031327296048402786,-8.661229367135093e-05,0.000249086750838428,-0.0001665632938966155,0.00016003724886104465,-0.0003356990445097789,7.995100022526458e-05,8.661229367135093e-05,0.0002544618159262404
signed_hqql_tbl,mod.blocks.3.attn.h1,muon<-charged_hadron,0.016805890947580338,0.0001549196313135326,-4.394212588429069e-05,-1.2494620750658215e-05,7.954212328927083e-05,0.0001988617571978233,0.00016741425206419082,0.0001549196313135326,0.0002543505099124442
B_tbl_minus_hqql,mod.blocks.7.attn.h5,electron<-muon,0.8274321556091309,-0.0001695586834102869,0.0,0.0,0.0,-0.0001695586834102869,-0.0001695586834102869,0.0001695586834102869,0.00025433802511543036
signed_hqql_tbl,mod.blocks.1.attn.h4,electron<-neutral_hadron,0.026221314514124835,-0.00018224867569558597,-3.826346590741243e-05,-0.0001303301705047488,-0.00018278064817423,-0.00014398520978817355,-5.191850519083716e-05,0.00018224867569558597,0.00025424128058967275
signed_hqql_tbl,mod.blocks.6.attn.h2,muon<-charged_hadron,0.024441799148917198,-6.174795998958871e-05,-0.00044661836746411445,1.3766231131739914e-05,-2.218304474478249e-05,0.00038487040747452574,-7.551419112132862e-05,6.174795998958871e-05,0.0002541831637268516
B_tbl_minus_hqql,mod.blocks.6.attn.h3,neutral_hadron<-muon,0.23587918281555176,-0.00016931995050981641,0.0,0.0,0.0,-0.00016931995050981641,-0.00016931995050981641,0.00016931995050981641,0.00025397992576472463
signed_hqql_tbl,mod.cls_blocks.1.attn.h7,neutral_hadron<-neutral_hadron,0.014663571687905412,-0.00021992968571507126,-0.00015207925666207143,-0.00023838284013672146,-0.0001533339726103639,-6.785042905299983e-05,1.8453154421650198e-05,0.00021992968571507126,0.00025385490024157115
signed_hqql_tbl,mod.blocks.5.attn.h0,electron<-muon,4.765420271723997e-06,2.965595768955609e-08,-0.0005057027447037399,0.0,0.0,0.0005057324006614294,2.965595768955609e-08,2.965595768955609e-08,0.0002528958562884043
signed_hqql_tbl,mod.blocks.0.attn.h1,neutral_hadron<-muon,0.031760063767433164,-0.00018473458476364613,-4.949326845841521e-05,-1.0117784768226556e-05,-0.0003032713624027868,-0.00013524131630523092,-0.00017461679999541957,0.00018473458476364613,0.0002523552429162616
signed_hqql_tbl,mod.blocks.3.attn.h2,muon<-photon,0.01888554811477661,0.00022157683968544007,0.00016026191205080402,0.000808702249612127,-0.00024181002663681284,6.131492763463605e-05,-0.000587125409926687,0.00022157683968544007,0.0002522343035027581
signed_hqql_tbl,mod.blocks.7.attn.h4,charged_hadron<-muon,0.10063652694225311,-7.493906014133245e-05,-0.00042447374345591437,-4.282247755327262e-06,0.0002240652763496407,0.0003495346833145819,-7.065681238600518e-05,7.493906014133245e-05,0.0002497064017986234
B_tbl_minus_hqql,mod.blocks.6.attn.h5,neutral_hadron<-muon,0.04747588336467743,-0.00016534043243154883,0.0,0.0,0.0,-0.00016534043243154883,-0.00016534043243154883,0.00016534043243154883,0.00024801064864732325
signed_hqql_tbl,mod.cls_blocks.1.attn.h0,photon<-photon,0.008539473178324762,0.00012130573219559215,-0.00013167960482737603,0.0008033546057112258,-0.000646881855757691,0.0002529853370229682,-0.0006820488735156336,0.00012130573219559215,0.00024779840070707627
signed_hqql_tbl,mod.blocks.5.attn.h4,muon<-charged_hadron,0.028405290096998215,0.00015597741003148258,-2.7525193917636687e-05,-4.2227230733260515e-05,6.903608234345235e-05,0.00018350260394911928,0.00019820464076474308,0.00015597741003148258,0.00024772871200604224
signed_hqql_tbl,mod.blocks.2.attn.h5,photon<-muon,0.05178012371063232,0.00012792056426405907,-0.00011152216144469811,-0.0011852704698131198,-0.00041109569428954273,0.00023944272570875717,0.0013131910340771788,0.00012792056426405907,0.00024764192711843763
signed_hqql_tbl,mod.cls_blocks.1.attn.h2,neutral_hadron<-muon,0.0,0.0,0.0004947503912262619,-8.472177796647884e-06,-9.799710096558556e-05,-0.0004947503912262619,8.472177796647884e-06,0.0,0.0002473751956131309
B_tbl_minus_hqql,mod.blocks.3.attn.h0,electron<-electron,0.024545855389280606,0.0001646991014657336,0.0,0.0,0.0,0.0001646991014657336,0.0001646991014657336,0.0001646991014657336,0.0002470486521986004
signed_hqql_tbl,mod.blocks.7.attn.h5,muon<-photon,0.011318652629852296,-3.673931118100882e-05,0.0003781477234473354,-1.2129001940290133e-05,0.0002504832809790969,-0.0004148870346283442,-2.4610309240718688e-05,3.673931118100882e-05,0.0002441828284951809
signed_hqql_tbl,mod.blocks.0.attn.h6,muon<-photon,0.010171130895614625,0.00020115690305829047,0.00011667336251488642,-3.26001124146084e-05,1.6554768080823123e-05,8.448354054340405e-05,0.00023375701547289886,0.00020115690305829047,0.0002433986733299925
B_tbl_minus_hqql,mod.blocks.0.attn.h7,muon<-photon,0.02704204797744751,-0.0001621401123702526,0.0,0.0,0.0,-0.0001621401123702526,-0.0001621401123702526,0.0001621401123702526,0.0002432101685553789
signed_hqql_tbl,mod.blocks.6.attn.h3,electron<-electron,0.25021410902910346,6.727559247742142e-05,-0.00028377041768168354,0.00010768401837424335,6.143093053196935e-05,0.00035104601015910493,-4.040842589682193e-05,6.727559247742142e-05,0.0002427985975569739
B_tbl_minus_hqql,mod.blocks.5.attn.h4,electron<-muon,0.09640918672084808,-0.00016104908718261868,0.0,0.0,0.0,-0.00016104908718261868,-0.00016104908718261868,0.00016104908718261868,0.00024157363077392802
B_tbl_minus_hqql,mod.blocks.6.attn.h6,muon<-charged_hadron,0.06082318350672722,0.00016060280904639512,0.0,0.0,0.0,0.00016060280904639512,0.00016060280904639512,0.00016060280904639512,0.00024090421356959268
signed_hqql_tbl,mod.blocks.2.attn.h5,photon<-electron,0.014360593586433225,5.449730584897646e-05,-0.0003179337047320722,9.631956917084088e-05,-0.0001137410972660291,0.0003724310105810486,-4.182226332186442e-05,5.449730584897646e-05,0.00024071281113950078
signed_hqql_tbl,mod.blocks.0.attn.h2,neutral_hadron<-electron,0.012516503808674988,0.0001799656992665809,5.847852730168693e-05,9.428035011893598e-07,-2.596571195567776e-05,0.00012148717196489397,0.00017902289576539153,0.0001799656992665809,0.00024070928524902788
signed_hqql_tbl,mod.cls_blocks.1.attn.h1,charged_hadron<-electron,0.0053428622195497155,-0.00015971823449945077,0.0,-0.00047499374522885773,0.0,-0.00015971823449945077,0.00031527551072940696,0.00015971823449945077,0.00023957735174917616
signed_hqql_tbl,mod.blocks.0.attn.h0,muon<-photon,0.02437407970428467,-0.00011184100061655045,0.00013747640983446648,-4.63978254369327e-05,4.6380897401832044e-05,-0.0002493174104510169,-6.544317517961774e-05,0.00011184100061655045,0.0002364997058420589
B_tbl_minus_hqql,mod.blocks.5.attn.h5,photon<-muon,0.03587207078933716,0.00015755612403154374,0.0,0.0,0.0,0.00015755612403154374,0.00015755612403154374,0.00015755612403154374,0.00023633418604731562
B_tbl_minus_hqql,mod.blocks.1.attn.h6,muon<-electron,0.014358562417328358,0.0001573565969010815,0.0,0.0,0.0,0.0001573565969010815,0.0001573565969010815,0.0001573565969010815,0.00023603489535162225
signed_hqql_tbl,mod.blocks.2.attn.h6,muon<-neutral_hadron,0.010702623426914215,8.335693273693323e-05,-0.00022009130528507134,9.325484279543161e-05,-0.000993053037695467,0.00030344823802200456,-9.897910058498385e-06,8.335693273693323e-05,0.00023508105174793552
B_tbl_minus_hqql,mod.blocks.2.attn.h1,muon<-charged_hadron,0.017270077019929886,0.00015650838031433523,0.0,0.0,0.0,0.00015650838031433523,0.00015650838031433523,0.00015650838031433523,0.00023476257047150284
B_tbl_minus_hqql,mod.blocks.6.attn.h1,photon<-muon,0.05824723243713379,-0.00015644777566194533,0.0,0.0,0.0,-0.00015644777566194533,-0.00015644777566194533,0.00015644777566194533,0.00023467166349291799
B_tbl_minus_hqql,mod.blocks.5.attn.h2,muon<-charged_hadron,0.03610401973128319,-0.00015640885976608843,0.0,0.0,0.0,-0.00015640885976608843,-0.00015640885976608843,0.00015640885976608843,0.00023461328964913264
signed_hqql_tbl,mod.blocks.0.attn.h4,electron<-photon,0.017944376643111066,-0.00015211602052052817,1.2335159677874159e-05,-1.4635649547147165e-05,-3.854974147543544e-05,-0.00016445118019840232,-0.000137480370973381,0.00015211602052052817,0.0002343416106197293
B_tbl_minus_hqql,mod.blocks.5.attn.h4,muon<-charged_hadron,0.02840530499815941,0.00015597755555063486,0.0,0.0,0.0,0.00015597755555063486,0.00015597755555063486,0.00015597755555063486,0.0002339663333259523
signed_hqql_tbl,mod.blocks.0.attn.h0,muon<-neutral_hadron,0.01995716392993927,-0.00023348454851657152,-0.00023280742182881417,4.594025813275948e-05,-0.00013637842817438973,-6.771266877573514e-07,-0.000279424806649331,0.00023348454851657152,0.00023382311186045018
B_tbl_minus_hqql,mod.cls_blocks.1.attn.h3,CLS<-neutral_hadron,0.021603284093240898,-0.00015581244501628957,0.0,0.0,0.0,-0.00015581244501628957,-0.00015581244501628957,0.00015581244501628957,0.00023371866752443436
signed_hqql_tbl,mod.blocks.6.attn.h1,charged_hadron<-muon,0.03353680297732353,3.079860834986903e-05,0.00043561547247988457,-0.001004874799400568,0.00041365076322108507,-0.00040481686413001554,0.0010356734077504371,3.079860834986903e-05,0.0002332070404148768
B_tbl_minus_hqql,mod.blocks.3.attn.h1,muon<-charged_hadron,0.016805892810225487,0.00015491960220970213,0.0,0.0,0.0,0.00015491960220970213,0.00015491960220970213,0.00015491960220970213,0.0002323794033145532
signed_hqql_tbl,mod.blocks.2.attn.h4,neutral_hadron<-muon,0.03736543655395508,3.178463957738131e-05,0.000432627965589442,-9.3276692496147e-05,8.404530914655577e-05,-0.0004008433260120607,0.00012506133207352833,3.178463957738131e-05,0.00023220630258341166
signed_hqql_tbl,mod.blocks.1.attn.h2,neutral_hadron<-neutral_hadron,0.012535833781705568,0.00012646457236023306,-8.283613194847503e-05,4.984224014172752e-05,-2.6916668081591748e-05,0.00020930070430870808,7.662233221850554e-05,0.00012646457236023306,0.0002311149245145871
signed_hqql_tbl,mod.cls_blocks.1.attn.h2,muon<-photon,0.0,0.0,0.0004620698534629562,0.0,0.0,-0.0004620698534629562,0.0,0.0,0.0002310349267314781
signed_hqql_tbl,mod.blocks.6.attn.h4,neutral_hadron<-muon,0.017964302003383635,9.56401345320046e-06,0.00045094788462544483,-9.291289461543784e-05,0.00022788023205875006,-0.00044138387117224437,0.0001024769080686383,9.56401345320046e-06,0.00023025594903932264
signed_hqql_tbl,mod.cls_blocks.1.attn.h6,CLS<-muon,0.004175874870270491,-0.00019548316777218133,-0.0002640786777874382,-0.00013788801152259111,0.0004347091662566527,6.859551001525688e-05,-5.759515624959022e-05,0.00019548316777218133,0.00022978092277980977
signed_hqql_tbl,mod.blocks.1.attn.h6,neutral_hadron<-muon,0.015358904004096985,4.453620931599289e-05,-0.0003253392642363906,-0.0005666278302669525,8.301937001912545e-05,0.0003698754735523835,0.0006111640395829454,4.453620931599289e-05,0.00022947394609218463
B_tbl_minus_hqql,mod.blocks.4.attn.h6,muon<-electron,0.02381138876080513,-0.00015290785813704133,0.0,0.0,0.0,-0.00015290785813704133,-0.00015290785813704133,0.00015290785813704133,0.000229361787205562
signed_hqql_tbl,mod.blocks.5.attn.h6,electron<-neutral_hadron,0.021445816313778912,-2.7337763135114477e-05,-0.00042934255892951593,5.2532951231114565e-05,0.0001845284550654469,0.0004020047957944015,-7.987071436622905e-05,2.7337763135114477e-05,0.00022834016103231522
B_tbl_minus_hqql,mod.blocks.0.attn.h4,electron<-photon,0.017944376643111066,-0.00015211578011815625,0.0,0.0,0.0,-0.00015211578011815625,-0.00015211578011815625,0.00015211578011815625,0.00022817367017723437
signed_hqql_tbl,mod.cls_blocks.1.attn.h4,charged_hadron<-muon,0.019040416926145554,-0.00015206215903162956,0.0,0.0,0.0,-0.00015206215903162956,-0.00015206215903162956,0.00015206215903162956,0.00022809323854744434
B_tbl_minus_hqql,mod.cls_blocks.1.attn.h4,CLS<-muon,0.019040418788790703,-0.00015206211537588388,0.0,0.0,0.0,-0.00015206211537588388,-0.00015206211537588388,0.00015206211537588388,0.00022809317306382582
B_tbl_minus_hqql,mod.cls_blocks.1.attn.h4,charged_hadron<-muon,0.019040418788790703,-0.00015206211537588388,0.0,0.0,0.0,-0.00015206211537588388,-0.00015206211537588388,0.00015206211537588388,0.00022809317306382582
signed_hqql_tbl,mod.blocks.2.attn.h4,muon<-photon,0.009338465929031372,-8.878523483872413e-05,0.00018723729667008708,4.207269687737737e-05,-3.952547558583319e-05,-0.0002760225315088112,-0.0001308579317161015,8.878523483872413e-05,0.00022679650059312975
signed_hqql_tbl,mod.blocks.4.attn.h6,muon<-electron,0.023811394348740578,-0.0001529078872408718,-5.151639470568625e-06,0.0,0.0,-0.00014775624777030316,-0.0001529078872408718,0.0001529078872408718,0.00022678601112602337
B_tbl_minus_hqql,mod.blocks.1.attn.h3,charged_hadron<-muon,0.029046358540654182,0.00015113057452253997,0.0,0.0,0.0,0.00015113057452253997,0.00015113057452253997,0.00015113057452253997,0.00022669586178380996
signed_hqql_tbl,mod.cls_blocks.1.attn.h7,muon<-charged_hadron,0.0,0.0,0.0004531001206487417,0.0,0.0,-0.0004531001206487417,0.0,0.0,0.00022655006032437086
signed_hqql_tbl,mod.blocks.0.attn.h6,electron<-muon,0.09039165079593658,0.00020394704188220203,0.00024832927738316357,0.0,0.0,-4.438223550096154e-05,0.00020394704188220203,0.00020394704188220203,0.0002261381596326828
B_tbl_minus_hqql,mod.cls_blocks.1.attn.h3,CLS<-photon,0.020171096523602803,-0.00015059865235040584,0.0,0.0,0.0,-0.00015059865235040584,-0.00015059865235040584,0.00015059865235040584,0.00022589797852560876
signed_hqql_tbl,mod.blocks.7.attn.h2,neutral_hadron<-muon,0.01588609367609024,-2.6011213776655495e-05,0.0003736215900668564,-3.7523313949350268e-06,3.1742001611847727e-06,-0.0003996328038435119,-2.225888238172047e-05,2.6011213776655495e-05,0.00022582761569841145
B_tbl_minus_hqql,mod.blocks.1.attn.h6,neutral_hadron<-electron,0.017606850023622864,-0.0001503278617747128,0.0,0.0,0.0,-0.0001503278617747128,-0.0001503278617747128,0.0001503278617747128,0.0002254917926620692
B_tbl_minus_hqql,mod.blocks.6.attn.h5,muon<-charged_hadron,0.0328548401594162,-0.0001500864455010742,0.0,0.0,0.0,-0.0001500864455010742,-0.0001500864455010742,0.0001500864455010742,0.0002251296682516113
B_tbl_minus_hqql,mod.blocks.1.attn.h4,neutral_hadron<-muon,0.057057976722717285,-0.0001492007402703166,0.0,0.0,0.0,-0.0001492007402703166,-0.0001492007402703166,0.0001492007402703166,0.00022380111040547492
B_tbl_minus_hqql,mod.blocks.2.attn.h0,photon<-muon,0.02221376895904541,-0.0001491951383650303,0.0,0.0,0.0,-0.0001491951383650303,-0.0001491951383650303,0.0001491951383650303,0.00022379270754754543
B_tbl_minus_hqql,mod.cls_blocks.0.attn.h1,CLS<-electron,0.01624590642750263,0.0001490885391831398,0.0,0.0,0.0,0.0001490885391831398,0.0001490885391831398,0.0001490885391831398,0.00022363280877470972
signed_hqql_tbl,mod.blocks.7.attn.h2,muon<-photon,0.020349082946777345,0.00010849110782146454,-0.00011999588949899924,0.0002859576738306454,-0.0002536706524551846,0.00022848699732046378,-0.00017746656600918086,0.00010849110782146454,0.00022273460648169645
B_tbl_minus_hqql,mod.blocks.7.attn.h1,photon<-muon,0.10489654541015625,-0.00014834129251539707,0.0,0.0,0.0,-0.00014834129251539707,-0.00014834129251539707,0.00014834129251539707,0.0002225119387730956
signed_hqql_tbl,mod.blocks.1.attn.h0,muon<-photon,0.023905606269836427,-0.00011474801227450371,9.971281121435918e-05,-6.707681764271997e-06,3.729650779860094e-05,-0.0002144608234888629,-0.00010804033051023172,0.00011474801227450371,0.00022197842401893515
signed_hqql_tbl,mod.blocks.0.attn.h6,neutral_hadron<-neutral_hadron,0.009507103218147378,0.00011079144271251772,-0.00011000476388117573,6.417922464647759e-05,-8.755563722843884e-05,0.00022079620659369345,4.6612218066040126e-05,0.00011079144271251772,0.00022118954600936446
B_tbl_minus_hqql,mod.cls_blocks.1.attn.h3,photon<-electron,0.006641064304858446,-0.00014744899817742407,0.0,0.0,0.0,-0.00014744899817742407,-0.00014744899817742407,0.00014744899817742407,0.0002211734972661361
signed_hqql_tbl,mod.blocks.3.attn.h6,muon<-charged_hadron,0.056515611708164215,-0.00011393346358090639,9.576655112397976e-05,-0.0002443436533212662,-9.221036188219759e-05,-0.00020970001470488615,0.00013041018974035978,0.00011393346358090639,0.00021878347093334945
B_tbl_minus_hqql,mod.cls_blocks.1.attn.h4,CLS<-photon,0.016745346697668233,-0.0001455302208584423,0.0,0.0,0.0,-0.0001455302208584423,-0.0001455302208584423,0.0001455302208584423,0.00021829533128766345
signed_hqql_tbl,mod.blocks.7.attn.h5,electron<-muon,0.8274322748184204,-0.00016955930914264172,-7.265877502504736e-05,0.0,0.0,-9.690053411759436e-05,-0.00016955930914264172,0.00016955930914264172,0.0002180095762014389
B_tbl_minus_hqql,mod.blocks.1.attn.h7,neutral_hadron<-muon,0.059536445140838626,-0.0001452338299714029,0.0,0.0,0.0,-0.0001452338299714029,-0.0001452338299714029,0.0001452338299714029,0.00021785074495710434
B_tbl_minus_hqql,mod.blocks.5.attn.h7,neutral_hadron<-muon,0.05469801425933838,0.00014488642336800693,0.0,0.0,0.0,0.00014488642336800693,0.00014488642336800693,0.00014488642336800693,0.0002173296350520104
B_tbl_minus_hqql,mod.blocks.5.attn.h4,charged_hadron<-muon,0.09899090975522995,-0.00014467885193880647,0.0,0.0,0.0,-0.00014467885193880647,-0.00014467885193880647,0.00014467885193880647,0.0002170182779082097
signed_hqql_tbl,mod.blocks.3.attn.h3,muon<-electron,0.12902520596981049,-0.00014269100211095065,5.188509931031149e-06,0.0,0.0,-0.0001478795120419818,-0.00014269100211095065,0.00014269100211095065,0.00021663075813194155
signed_hqql_tbl,mod.blocks.3.attn.h4,photon<-muon,0.012279223203659057,6.821551360189915e-06,0.00042538074807165876,-1.3284325610757583e-06,-9.26574102777522e-06,-0.0004185591967114688,8.149983921265673e-06,6.821551360189915e-06,0.00021610114971592432
signed_hqql_tbl,mod.blocks.0.attn.h2,photon<-muon,0.04771728038787842,-4.454229027032852e-05,0.0002982213914755879,3.624816946241827e-05,-0.00018760990224109264,-0.0003427636817459164,-8.079045973274679e-05,4.454229027032852e-05,0.0002159241311432867
B_tbl_minus_hqql,mod.blocks.0.attn.h1,muon<-neutral_hadron,0.02089105248451233,0.00014381827786564828,0.0,0.0,0.0,0.00014381827786564828,0.00014381827786564828,0.00014381827786564828,0.00021572741679847242
signed_hqql_tbl,mod.blocks.2.attn.h4,charged_hadron<-muon,0.02853003889322281,1.3138458598405123e-05,0.0004176751304513369,0.00012139448663219809,3.4772920612753793e-05,-0.0004045366718529318,-0.00010825602803379297,1.3138458598405123e-05,0.00021540679452487102
B_tbl_minus_hqql,mod.blocks.3.attn.h3,muon<-electron,0.12902510166168213,-0.0001426897943019867,0.0,0.0,0.0,-0.0001426897943019867,-0.0001426897943019867,0.0001426897943019867,0.00021403469145298004
signed_hqql_tbl,mod.blocks.3.attn.h3,neutral_hadron<-muon,0.0352145105600357,0.00018988257506862282,0.0001417082433666413,-0.00013902236241847277,-0.00018140980217948608,4.8174331701981505e-05,0.0003289049374870956,0.00018988257506862282,0.00021396974091961358
signed_hqql_tbl,mod.blocks.5.attn.h7,neutral_hadron<-muon,0.054698008298873904,0.00014488613232970237,6.7959275232472765e-06,0.000720854033716023,-0.00010132990670778479,0.00013809020480645508,-0.0005759679013863205,0.00014488613232970237,0.00021393123473292992
B_tbl_minus_hqql,mod.cls_blocks.1.attn.h6,photon<-electron,0.014578454196453094,-0.00014089548494666815,0.0,0.0,0.0,-0.00014089548494666815,-0.00014089548494666815,0.00014089548494666815,0.00021134322742000222
signed_hqql_tbl,mod.blocks.2.attn.h6,electron<-neutral_hadron,0.00911707017156813,1.987394339435182e-06,-0.00041610285380126077,-7.532748160883784e-05,0.00010636918523232453,0.00041809024814069596,7.731487594827302e-05,1.987394339435182e-06,0.00021103251840978317
signed_hqql_tbl,mod.blocks.5.attn.h3,electron<-electron,0.1840467533903494,-0.00010486090371762834,0.00010740408695442127,0.00010728662778092257,-0.00011641866902891706,-0.00021226499067204962,-0.00021214753149855091,0.00010486090371762834,0.00021099339905365316
B_tbl_minus_hqql,mod.cls_blocks.1.attn.h1,CLS<-photon,0.021870434333880744,-0.00014051590814536516,0.0,0.0,0.0,-0.00014051590814536516,-0.00014051590814536516,0.00014051590814536516,0.00021077386221804776
signed_hqql_tbl,mod.cls_blocks.0.attn.h4,neutral_hadron<-muon,0.0,0.0,0.0004189254541415721,-0.017565390095114708,0.023384686559438705,-0.0004189254541415721,0.017565390095114708,0.0,0.00020946272707078606
signed_hqql_tbl,mod.cls_blocks.1.attn.h2,neutral_hadron<-charged_hadron,0.01720252795063931,-3.9076074482063234e-05,0.00030123335447641885,0.0002581949875315242,6.288585039631774e-05,-0.0003403094289584821,-0.00029727106201358746,3.9076074482063234e-05,0.00020923078896130427
B_tbl_minus_hqql,mod.cls_blocks.1.attn.h3,photon<-photon,0.0209721957708334,-0.0001393019784145154,0.0,0.0,0.0,-0.0001393019784145154,-0.0001393019784145154,0.0001393019784145154,0.0002089529676217731
signed_hqql_tbl,mod.blocks.3.attn.h4,muon<-neutral_hadron,0.027814650535583497,-0.00013729482889175416,-0.0002792367255703236,2.33009359362768e-05,6.463526773990857e-05,0.00014194189667856942,-0.00016059576482803096,0.00013729482889175416,0.00020826577723103887
B_tbl_minus_hqql,mod.blocks.0.attn.h5,muon<-charged_hadron,0.031712476164102554,0.00013879220932722092,0.0,0.0,0.0,0.00013879220932722092,0.00013879220932722092,0.00013879220932722092,0.00020818831399083138
B_tbl_minus_hqql,mod.blocks.5.attn.h4,neutral_hadron<-muon,0.14327356815338135,-0.00013871681876480578,0.0,0.0,0.0,-0.00013871681876480578,-0.00013871681876480578,0.00013871681876480578,0.00020807522814720867
signed_hqql_tbl,mod.blocks.1.attn.h2,muon<-charged_hadron,0.02933831326663494,0.00017705588834360242,0.00011572685952369984,-0.0003795002354308963,-5.279477177695795e-06,6.132902881990258e-05,0.0005565561237744987,0.00017705588834360242,0.0002077204027535537
signed_hqql_tbl,mod.blocks.5.attn.h7,electron<-electron,1.5844057694872998e-05,2.107010092326315e-08,0.00041503958321553736,-2.1213624902260975e-06,3.05059031902033e-07,-0.0004150185131146141,2.1424325911493605e-06,2.107010092326315e-08,0.0002075303266582303
B_tbl_minus_hqql,mod.blocks.3.attn.h2,photon<-muon,0.04899251937866211,0.0001382859516888857,0.0,0.0,0.0,0.0001382859516888857,0.0001382859516888857,0.0001382859516888857,0.00020742892753332852
signed_hqql_tbl,mod.blocks.1.attn.h3,electron<-muon,0.015065111219882965,-3.748558083316311e-05,0.0003005489124916494,0.0,0.0,-0.0003380344933248125,-3.748558083316311e-05,3.748558083316311e-05,0.00020650282749556936
signed_hqql_tbl,mod.blocks.0.attn.h3,neutral_hadron<-neutral_hadron,0.030832584290841562,0.00013528469380766123,-6.92210313606618e-06,8.199422044324943e-05,-0.00010628459297992084,0.0001422067969437274,5.3290473364411796e-05,0.00013528469380766123,0.00020638809227952493
B_tbl_minus_hqql,mod.blocks.0.attn.h5,photon<-muon,0.031742255687713626,0.00013744701631367205,0.0,0.0,0.0,0.00013744701631367205,0.00013744701631367205,0.00013744701631367205,0.00020617052447050808
B_tbl_minus_hqql,mod.blocks.3.attn.h4,muon<-neutral_hadron,0.027814647555351256,-0.00013729475904256105,0.0,0.0,0.0,-0.00013729475904256105,-0.00013729475904256105,0.00013729475904256105,0.00020594213856384158
signed_hqql_tbl,mod.blocks.3.attn.h1,photon<-muon,0.012696386575698852,-3.687191754579544e-05,0.00029753734098018247,-5.64877852974903e-05,-2.8015810585202416e-05,-0.0003344092585259779,1.9615867751694862e-05,3.687191754579544e-05,0.00020407654680878437
signed_hqql_tbl,mod.cls_blocks.1.attn.h1,charged_hadron<-photon,0.019862558938072112,-0.0001000593134765318,-0.0003061566691277391,-0.0007480367792550451,4.2237595401026986e-05,0.0002060973556512073,0.0006479774657785133,0.0001000593134765318,0.00020310799130213544
signed_hqql_tbl,mod.blocks.3.attn.h2,photon<-muon,0.04899252891540527,0.00013828586786985398,0.00026787440047452326,-0.0001221391416731335,0.000235058232647134,-0.00012958853260466928,0.0002604250095429875,0.00013828586786985398,0.00020308013417218862
signed_hqql_tbl,mod.cls_blocks.1.attn.h4,CLS<-photon,0.015875753896931806,-0.00013623718550661578,-0.0002698806124152574,-0.000439744912870291,0.00011767187719842953,0.00013364342690864162,0.0003035077273636752,0.00013623718550661578,0.0002030588989609366
B_tbl_minus_hqql,mod.blocks.0.attn.h3,neutral_hadron<-neutral_hadron,0.03083258455039048,0.00013528473138022925,0.0,0.0,0.0,0.00013528473138022925,0.00013528473138022925,0.00013528473138022925,0.00020292709707034389
signed_hqql_tbl,mod.blocks.0.attn.h5,photon<-muon,0.031742255687713626,0.00013744722120463847,6.858385045473513e-06,-0.0003019695037177631,0.00042743885569507256,0.00013058883615916497,0.0004394167249224016,0.00013744722120463847,0.00020274163928422095
signed_hqql_tbl,mod.blocks.6.attn.h4,charged_hadron<-muon,0.04334428906440735,-6.393228250090033e-05,0.0002099885724675961,-0.00022624761331826448,0.00015865439623170957,-0.0002739208549684964,0.00016231533081736415,6.393228250090033e-05,0.00020089270998514854
signed_hqql_tbl,mod.blocks.6.attn.h3,muon<-neutral_hadron,0.003567123040556908,-1.133948826463893e-05,-0.000390085086110048,5.0346648095001e-06,-9.345767062364353e-05,0.0003787455978454091,-1.637415307413903e-05,1.133948826463893e-05,0.00020071228718734346
signed_hqql_tbl,mod.blocks.0.attn.h5,muon<-charged_hadron,0.031712476164102554,0.00013879236939828843,1.5445395360867948e-05,5.4330338025465606e-05,-0.0001644965126284991,0.00012334697403742047,8.446203137282282e-05,0.00013879236939828843,0.00020046585641699866
signed_hqql_tbl,mod.cls_blocks.1.attn.h4,CLS<-electron,0.0020298536299378613,-9.391750290888013e-06,0.000371844998880988,-0.0005332804157660576,0.00013121355732437223,-0.000381236749171876,0.0005238886654751696,9.391750290888013e-06,0.000200010124876826
signed_hqql_tbl,mod.cls_blocks.1.attn.h6,photon<-photon,0.02427485507804078,-4.143091281513115e-05,-0.00035784487467812925,-0.00045633976797348466,0.0003321144925565391,0.0003164139618629981,0.0004149088551583535,4.143091281513115e-05,0.00019963789374663018
signed_hqql_tbl,mod.blocks.5.attn.h6,muon<-photon,0.003941181898117065,-2.148643834516406e-05,0.0003339641384388271,0.00014788853669805185,-5.5264887123485096e-05,-0.00035545057678399117,-0.00016937497504321592,2.148643834516406e-05,0.00019921172673715966
B_tbl_minus_hqql,mod.blocks.2.attn.h2,photon<-muon,0.027993488311767577,0.00013242414221167564,0.0,0.0,0.0,0.00013242414221167564,0.00013242414221167564,0.00013242414221167564,0.00019863621331751347
signed_hqql_tbl,mod.blocks.0.attn.h2,muon<-neutral_hadron,0.0022460252046585085,9.106559446081519e-06,-0.0003696043277159333,2.133096131728962e-05,1.882666000104412e-05,0.00037871088716201484,-1.2224401871208102e-05,9.106559446081519e-06,0.00019846200302708894
signed_hqql_tbl,mod.blocks.1.attn.h4,muon<-neutral_hadron,0.01056518331170082,-6.19497208390385e-05,0.0002098350232699886,0.0003000017604790628,-8.775364484689716e-05,-0.00027178474410902707,-0.00036195148131810127,6.19497208390385e-05,0.00019784209289355203
signed_hqql_tbl,mod.blocks.0.attn.h4,muon<-muon,0.014990543015301228,-0.00017078132077585906,-0.00011785833703470416,0.00017655723786447197,-0.00014427192536459188,-5.2922983741154894e-05,-0.00034733855864033103,0.00017078132077585906,0.0001972428126464365
signed_hqql_tbl,mod.blocks.4.attn.h6,muon<-photon,0.0087659353017807,-5.1004462875425816e-06,-0.0003892460372298956,-9.566584291557471e-05,-2.1517162167583592e-05,0.000384145590942353,9.056539662803213e-05,5.1004462875425816e-06,0.0001971732417587191
signed_hqql_tbl,mod.blocks.2.attn.h2,electron<-muon,1.6931175196077675e-05,-5.5005333621238606e-08,0.00039307866245508194,0.0,0.0,-0.0003931336677887032,-5.5005333621238606e-08,5.5005333621238606e-08,0.00019662183922797283
signed_hqql_tbl,mod.blocks.3.attn.h0,charged_hadron<-muon,0.01950104348361492,0.00010977801139233634,0.0002833610185636924,-0.0007053659297525883,-7.225490513850342e-05,-0.00017358300717135606,0.0008151439411449246,0.00010977801139233634,0.00019656951497801437
signed_hqql_tbl,mod.cls_blocks.1.attn.h3,CLS<-CLS,0.009359323143144138,-0.00013095098938720184,-4.332944257611729e-06,0.0,0.0,-0.00012661804512959011,-0.00013095098938720184,0.00013095098938720184,0.0001942600119519969
signed_hqql_tbl,mod.blocks.2.attn.h2,photon<-muon,0.027993483543395994,0.00013242409564554692,8.891646039525145e-06,0.00015400896691495464,-0.00023973803035914898,0.00012353244960602177,-2.1584871269407724e-05,0.00013242409564554692,0.0001941903204485578
B_tbl_minus_hqql,mod.blocks.3.attn.h7,muon<-neutral_hadron,0.01321445107460022,0.0001291226828470826,0.0,0.0,0.0,0.0001291226828470826,0.0001291226828470826,0.0001291226828470826,0.0001936840242706239
B_tbl_minus_hqql,mod.blocks.4.attn.h0,muon<-neutral_hadron,0.028209039568901063,-0.00012842309661209583,0.0,0.0,0.0,-0.00012842309661209583,-0.00012842309661209583,0.00012842309661209583,0.00019263464491814375
B_tbl_minus_hqql,mod.blocks.2.attn.h5,photon<-muon,0.05178011417388916,0.00012792045250535012,0.0,0.0,0.0,0.00012792045250535012,0.00012792045250535012,0.00012792045250535012,0.00019188067875802517
signed_hqql_tbl,mod.cls_blocks.1.attn.h3,CLS<-charged_hadron,0.022412207270850245,-0.00014130925855893945,-0.00024185461024043246,-0.00022163650875166183,-7.26875224524692e-05,0.00010054535168149302,8.032725019272238e-05,0.00014130925855893945,0.00019158193439968596
B_tbl_minus_hqql,mod.blocks.1.attn.h4,muon<-muon,0.004760761745274067,-0.00012769563181791455,0.0,0.0,0.0,-0.00012769563181791455,-0.00012769563181791455,0.00012769563181791455,0.00019154344772687182
signed_hqql_tbl,mod.blocks.0.attn.h1,charged_hadron<-muon,0.026039937511086464,5.697078086086549e-05,0.00032252557456302335,0.0001704870373941958,-3.9205854673954576e-05,-0.00026555479370215786,-0.0001135162565333303,5.697078086086549e-05,0.00018974817771194442
B_tbl_minus_hqql,mod.blocks.1.attn.h2,neutral_hadron<-neutral_hadron,0.012535834179110023,0.0001264645903157645,0.0,0.0,0.0,0.0001264645903157645,0.0001264645903157645,0.0001264645903157645,0.00018969688547364674
signed_hqql_tbl,mod.cls_blocks.1.attn.h6,charged_hadron<-electron,0.004820687230676413,-0.00012589370157911617,0.0,0.0010438561730552465,0.0,-0.00012589370157911617,-0.0011697498746343626,0.00012589370157911617,0.00018884055236867425
signed_hqql_tbl,mod.cls_blocks.0.attn.h5,neutral_hadron<-muon,0.0,0.0,0.0003768310125451535,0.00026519736275076866,-0.00014791448484174907,-0.0003768310125451535,-0.00026519736275076866,0.0,0.00018841550627257675
signed_hqql_tbl,mod.blocks.6.attn.h7,muon<-photon,0.012890316247940063,-0.0001077057234942913,5.365810380010915e-05,1.5846528445503543e-05,-9.903480531647801e-06,-0.00016136382729440045,-0.00012355225193979484,0.0001077057234942913,0.00018838763714149151
signed_hqql_tbl,mod.cls_blocks.1.attn.h3,photon<-neutral_hadron,0.02313008775504736,-0.0001709135596264297,-0.00020353426439482172,-0.001661227982757347,0.0001944914518389851,3.2620704768392025e-05,0.0014903144231309174,0.0001709135596264297,0.0001872239120106257
signed_hqql_tbl,mod.blocks.4.attn.h0,muon<-neutral_hadron,0.028209039568901063,-0.00012842316646128894,-1.2857639376306906e-05,-2.9120190447429195e-05,-2.3329427575744274e-05,-0.00011556552708498203,-9.930297601385974e-05,0.00012842316646128894,0.00018620593000377996
signed_hqql_tbl,mod.blocks.0.attn.h1,photon<-muon,0.042209563255310056,-6.507586687803268e-05,0.00017578269073151444,4.971429838665894e-05,-2.3741453333059326e-05,-0.00024085855760954712,-0.00011479016526469161,6.507586687803268e-05,0.00018550514568280624
signed_hqql_tbl,mod.cls_blocks.1.attn.h3,charged_hadron<-muon,0.0037581450305879116,0.00012339903332758695,0.0,0.0,0.0,0.00012339903332758695,0.00012339903332758695,0.00012339903332758695,0.00018509854999138042
B_tbl_minus_hqql,mod.cls_blocks.1.attn.h3,CLS<-muon,0.0037581410724669695,0.00012339884415268898,0.0,0.0,0.0,0.00012339884415268898,0.00012339884415268898,0.00012339884415268898,0.00018509826622903347
B_tbl_minus_hqql,mod.cls_blocks.1.attn.h3,charged_hadron<-muon,0.0037581410724669695,0.00012339884415268898,0.0,0.0,0.0,0.00012339884415268898,0.00012339884415268898,0.00012339884415268898,0.00018509826622903347
signed_hqql_tbl,mod.blocks.6.attn.h2,photon<-electron,0.006243666194803346,2.1770745335994818e-06,0.0003662289445788634,-4.3464342525112443e-07,1.6266857016944414e-06,-0.0003640518700452639,2.611717958850606e-06,2.1770745335994818e-06,0.00018420300955623143
signed_hqql_tbl,mod.cls_blocks.0.attn.h7,charged_hadron<-electron,0.01938871294260025,0.00012278431677259505,0.0,0.00038258703716564924,0.0,0.00012278431677259505,-0.0002598027203930542,0.00012278431677259505,0.00018417647515889257
signed_hqql_tbl,mod.blocks.1.attn.h5,muon<-photon,0.005012606382369995,5.23241376504302e-05,-0.00020906504390663221,0.00014771618658588047,-1.5554862329736352e-05,0.0002613891815570624,-9.539204893545028e-05,5.23241376504302e-05,0.0001830187284289614
B_tbl_minus_hqql,mod.blocks.6.attn.h7,muon<-charged_hadron,0.03567085415124893,0.0001219701225636527,0.0,0.0,0.0,0.0001219701225636527,0.0001219701225636527,0.0001219701225636527,0.00018295518384547904
B_tbl_minus_hqql,mod.blocks.0.attn.h4,electron<-neutral_hadron,0.025010888775189716,-0.00012158649527312566,0.0,0.0,0.0,-0.00012158649527312566,-0.00012158649527312566,0.00012158649527312566,0.0001823797429096885
signed_hqql_tbl,mod.blocks.2.attn.h3,photon<-muon,0.051813645362854,0.00010249869897961616,-5.5454116878344827e-05,0.00021041288883203552,-0.0005209130758885294,0.000157952815857961,-0.00010791418985241936,0.00010249869897961616,0.00018147510690859667
signed_hqql_tbl,mod.cls_blocks.1.attn.h3,CLS<-photon,0.02066590721408526,-0.00010966734184573094,-0.0002531064184306197,-0.0004007094041899047,-0.00010746739815526099,0.00014343907658488875,0.00029104206234417375,0.00010966734184573094,0.0001813868801381753
B_tbl_minus_hqql,mod.blocks.5.attn.h0,charged_hadron<-muon,0.03273847699165344,0.00012075866834493354,0.0,0.0,0.0,0.00012075866834493354,0.00012075866834493354,0.00012075866834493354,0.0001811380025174003
B_tbl_minus_hqql,mod.blocks.7.attn.h3,photon<-muon,0.13367656707763673,0.00012019405141472817,0.0,0.0,0.0,0.00012019405141472817,0.00012019405141472817,0.00012019405141472817,0.00018029107712209225
signed_hqql_tbl,mod.blocks.2.attn.h1,neutral_hadron<-muon,0.0030853038653731344,-2.5435843781451696e-06,0.0003523168543324573,-6.16564866504632e-05,0.0001221005966524697,-0.0003548604387106025,5.911290227231802e-05,2.5435843781451696e-06,0.0001799738037334464
signed_hqql_tbl,mod.blocks.4.attn.h5,photon<-electron,0.021769092819555018,6.019754173911775e-05,-0.00017624352034612524,-6.035196656739572e-05,1.6571057130931877e-06,0.00023644106208524297,0.00012054950830651347,6.019754173911775e-05,0.00017841807278173925
signed_hqql_tbl,mod.blocks.6.attn.h2,muon<-photon,0.02402994632720947,-2.5640260428190232e-05,-0.00033067216434957167,0.00014024781107547737,0.00038776383735239506,0.0003050319039213814,-0.0001658880715036676,2.5640260428190232e-05,0.00017815621238888093
signed_hqql_tbl,mod.cls_blocks.1.attn.h3,charged_hadron<-charged_hadron,0.021442128215418306,-0.00011676438234010062,4.698029103673111e-06,-0.0002115565619231494,2.8062000637874007e-05,-0.00012146241144377373,9.479217958304879e-05,0.00011676438234010062,0.00017749558806198749
signed_hqql_tbl,mod.blocks.2.attn.h0,neutral_hadron<-muon,0.017445994913578032,-9.486711351200939e-05,6.990961264818907e-05,-0.0001723068271530792,0.00011009012410391329,-0.00016477672616019846,7.743971364106982e-05,9.486711351200939e-05,0.00017725547659210863
signed_hqql_tbl,mod.blocks.1.attn.h4,muon<-muon,0.004760761745274067,-0.00012769557361025363,-0.00022602328681387007,-0.0001368243247270584,-0.00012650051576201804,9.832771320361644e-05,9.128751116804779e-06,0.00012769557361025363,0.00017685943021206185
signed_hqql_tbl,mod.blocks.2.attn.h7,photon<-muon,0.03388504981994629,-8.063566870987415e-05,0.0001117517025896201,-3.678359678902087e-05,0.0001378715423925314,-0.00019238737129949427,-4.3852071920853285e-05,8.063566870987415e-05,0.00017682935435962127
signed_hqql_tbl,mod.blocks.1.attn.h0,neutral_hadron<-neutral_hadron,0.02166697957942293,9.795934576433238e-05,-5.9354355651860936e-05,0.00010531896539210264,-3.8331661876285695e-05,0.00015731370141619332,-7.359619627770258e-06,9.795934576433238e-05,0.00017661619647242903
signed_hqql_tbl,mod.blocks.6.attn.h7,muon<-charged_hadron,0.03567085042595863,0.00012196989700896665,1.2773178661098847e-05,7.460067281499505e-05,0.0001396356436254626,0.0001091967183478678,4.73692241939716e-05,0.00012196989700896665,0.00017656825618290057
signed_hqql_tbl,mod.blocks.0.attn.h1,muon<-photon,0.025688924789428712,-9.048671461641788e-05,7.945436434391395e-05,-0.00013769567678017275,0.00033317434827040415,-0.00016994107896033182,4.7208962163754865e-05,9.048671461641788e-05,0.0001754572540965838
signed_hqql_tbl,mod.blocks.5.attn.h5,electron<-electron,0.031705041754422486,4.629138367641241e-06,-0.0003355017809702765,0.000583529264711539,0.00012914583680796455,0.00034013091933791776,-0.0005789001263438977,4.629138367641241e-06,0.00017469459803660012
signed_hqql_tbl,mod.blocks.2.attn.h0,photon<-electron,0.0082029740257961,-1.6698099831800634e-05,0.00029881992312665614,6.890365797776862e-05,0.00011793279736593831,-0.0003155180229584568,-8.560175780956926e-05,1.6698099831800634e-05,0.00017445711131102904
signed_hqql_tbl,mod.cls_blocks.1.attn.h3,charged_hadron<-photon,0.019497613796217,-4.9464022573418245e-05,0.00020005310869823068,-0.0005090801856590446,5.097977299993108e-05,-0.0002495171312716489,0.0004596161630856264,4.9464022573418245e-05,0.0001742225882092427
signed_hqql_tbl,mod.blocks.0.attn.h6,neutral_hadron<-charged_hadron,0.031074876077368814,-8.954958421509472e-05,7.968396150818128e-05,-4.4684627786925215e-05,6.842073665677283e-05,-0.000169233545723276,-4.486495642816951e-05,8.954958421509472e-05,0.00017416635707673272
B_tbl_minus_hqql,mod.cls_blocks.1.attn.h3,CLS<-charged_hadron,0.02205738155904386,-0.00011605169072050774,0.0,0.0,0.0,-0.00011605169072050774,-0.00011605169072050774,0.00011605169072050774,0.00017407753608076162
B_tbl_minus_hqql,mod.blocks.2.attn.h7,muon<-photon,0.022844343185424804,-0.00011587163433432579,0.0,0.0,0.0,-0.00011587163433432579,-0.00011587163433432579,0.00011587163433432579,0.0001738074515014887
B_tbl_minus_hqql,mod.blocks.5.attn.h1,charged_hadron<-muon,0.014788045547902584,0.00011582566366996616,0.0,0.0,0.0,0.00011582566366996616,0.00011582566366996616,0.00011582566366996616,0.00017373849550494924
signed_hqql_tbl,mod.blocks.2.attn.h5,muon<-charged_hadron,0.032781932502985,-3.0999981390777975e-05,0.0002540860814639391,2.149522624677047e-05,-4.5924741160971195e-05,-0.0002850860628547171,-5.249520763754845e-05,3.0999981390777975e-05,0.00017354301281813651
signed_hqql_tbl,mod.blocks.5.attn.h0,muon<-neutral_hadron,0.02171248644590378,-3.6264152731746437e-05,0.00023749420809811758,3.4901240724138916e-05,6.57699678817557e-05,-0.000273758360829864,-7.116539345588535e-05,3.6264152731746437e-05,0.00017314333314667844
signed_hqql_tbl,mod.blocks.7.attn.h4,muon<-photon,0.03289417028427124,-9.132768027484418e-05,7.205949881800304e-05,-2.52726715102437e-06,-2.095409088553879e-05,-0.00016338717909284721,-8.880041312381981e-05,9.132768027484418e-05,0.0001730212698212678
signed_hqql_tbl,mod.blocks.5.attn.h0,electron<-charged_hadron,0.031078743083136424,-4.8976649677137e-05,0.00019861808598789415,0.00014904399145523021,9.81349652283825e-05,-0.00024759473566503113,-0.00019802064113236723,4.8976649677137e-05,0.00017277401750965258
signed_hqql_tbl,mod.blocks.2.attn.h4,muon<-charged_hadron,0.0341537706553936,-7.283502054633573e-05,0.00012661270403231567,5.5938836885616185e-05,5.6390613529153846e-05,-0.0001994477245786514,-0.0001287738574319519,7.283502054633573e-05,0.0001725588828356614
signed_hqql_tbl,mod.blocks.2.attn.h0,charged_hadron<-neutral_hadron,0.015923876789103703,-6.801386243801991e-05,0.0001409385954172157,-1.2797194684688998e-05,8.116360491505642e-05,-0.00020895245785523562,-5.5216667753330916e-05,6.801386243801991e-05,0.00017249009136563774
B_tbl_minus_hqql,mod.blocks.1.attn.h0,muon<-photon,0.023905603885650634,-0.00011474791914224625,0.0,0.0,0.0,-0.00011474791914224625,-0.00011474791914224625,0.00011474791914224625,0.00017212187871336936
signed_hqql_tbl,mod.blocks.1.attn.h6,neutral_hadron<-electron,0.017606844780621706,-0.00015032784452799846,-0.00010705632111670351,4.569009986880701e-05,-0.00014785357416258194,-4.327152341129495e-05,-0.00019601794439680549,0.00015032784452799846,0.00017196360623364593
signed_hqql_tbl,mod.blocks.2.attn.h1,muon<-neutral_hadron,0.010036377608776093,1.1631951201707124e-05,-0.00030697866653402645,0.00026826575049199164,0.0004986742363447169,0.0003186106177357336,-0.0002566337992902845,1.1631951201707124e-05,0.00017093726006957392
B_tbl_minus_hqql,mod.blocks.3.attn.h6,muon<-charged_hadron,0.056515611708164215,-0.00011393343447707593,0.0,0.0,0.0,-0.00011393343447707593,-0.00011393343447707593,0.00011393343447707593,0.0001709001517156139
B_tbl_minus_hqql,mod.blocks.2.attn.h6,charged_hadron<-muon,0.025108853355050087,0.00011380210344213992,0.0,0.0,0.0,0.00011380210344213992,0.00011380210344213992,0.00011380210344213992,0.00017070315516320989
signed_hqql_tbl,mod.blocks.2.attn.h5,electron<-electron,0.010056525983802404,1.9371890560806707e-05,-0.00028324117027611617,0.0008426579443039373,3.995286178337665e-06,0.00030261306083692287,-0.0008232860537431305,1.9371890560806707e-05,0.00017067842097926814
signed_hqql_tbl,mod.blocks.5.attn.h1,charged_hadron<-muon,0.014788046479225159,0.00011582569277379662,7.949526218745188e-06,5.9309363132342695e-05,3.267143487887965e-05,0.00010787616655505143,5.651632964145392e-05,0.00011582569277379662,0.00016976377605132235
signed_hqql_tbl,mod.blocks.2.attn.h2,charged_hadron<-neutral_hadron,0.011457038526775456,9.657573287508317e-05,-4.764352684992182e-05,4.438605519815627e-05,-2.527401823012841e-05,0.000144219259725005,5.21896776769269e-05,9.657573287508317e-05,0.00016868536273758567
B_tbl_minus_hqql,mod.blocks.0.attn.h3,muon<-electron,0.009149250574409962,-0.00011227517097722739,0.0,0.0,0.0,-0.00011227517097722739,-0.00011227517097722739,0.00011227517097722739,0.00016841275646584108
signed_hqql_tbl,mod.cls_blocks.1.attn.h4,CLS<-CLS,0.017032229952747002,-8.385518879094889e-05,-0.00025205775439601785,0.0,0.0,0.00016820256560506897,-8.385518879094889e-05,8.385518879094889e-05,0.00016795647159348337
B_tbl_minus_hqql,mod.blocks.0.attn.h0,muon<-photon,0.02437407970428467,-0.00011184102855622768,0.0,0.0,0.0,-0.00011184102855622768,-0.00011184102855622768,0.00011184102855622768,0.00016776154283434152
signed_hqql_tbl,mod.blocks.1.attn.h0,electron<-neutral_hadron,0.017346495831454242,-2.289998250220109e-05,-0.0003125975513524425,-4.9569284892641005e-05,9.531913201499265e-05,0.00028969756885024144,2.6669302390439916e-05,2.289998250220109e-05,0.00016774876692732181
B_tbl_minus_hqql,mod.blocks.1.attn.h5,photon<-muon,0.04239649772644043,0.00011153164319694042,0.0,0.0,0.0,0.00011153164319694042,0.00011153164319694042,0.00011153164319694042,0.00016729746479541064
signed_hqql_tbl,mod.blocks.2.attn.h1,charged_hadron<-muon,0.005490495823323727,1.806993350328412e-05,0.0003163553580331306,0.00021122845355421306,-3.346752121367238e-05,-0.00029828542452984647,-0.00019315852005092894,1.806993350328412e-05,0.00016721264576820735
signed_hqql_tbl,mod.blocks.3.attn.h0,charged_hadron<-electron,0.008782100287221727,1.898321646703629e-05,0.0003153607646130364,7.902232805620236e-05,8.02814937196672e-05,-0.0002963775481460001,-6.0039111589166075e-05,1.898321646703629e-05,0.00016717199054003636
signed_hqql_tbl,mod.blocks.6.attn.h2,electron<-photon,0.022164286636724706,3.1966880736191096e-05,-0.0002371150426269095,0.00023216967903343693,-2.1496912268048618e-05,0.0002690819233631006,-0.00020020279829724584,3.1966880736191096e-05,0.0001665078424177414
B_tbl_minus_hqql,mod.blocks.0.attn.h6,neutral_hadron<-neutral_hadron,0.009507103521590595,0.00011079147063475055,0.0,0.0,0.0,0.00011079147063475055,0.00011079147063475055,0.00011079147063475055,0.00016618720595212584
signed_hqql_tbl,mod.blocks.2.attn.h0,electron<-neutral_hadron,0.019726348144036752,-1.4884880834466054e-05,-0.0003167548217645258,0.00011331602232530713,1.1463766895758454e-05,0.00030186994093005974,-0.00012820090315977318,1.4884880834466054e-05,0.00016581985129949592
signed_hqql_tbl,mod.cls_blocks.1.attn.h1,photon<-electron,0.012139246799051762,0.00010387638758402318,0.00022733370398064778,0.0,0.0,-0.0001234573163966246,0.00010387638758402318,0.00010387638758402318,0.00016560504578233548
signed_hqql_tbl,mod.blocks.0.attn.h7,neutral_hadron<-neutral_hadron,0.02747695554108893,-7.967697468406871e-05,9.167907115930343e-05,-1.8517081531710246e-05,8.178173214327459e-05,-0.00017135604584337213,-6.115989315235847e-05,7.967697468406871e-05,0.00016535499760575478
B_tbl_minus_hqql,mod.blocks.3.attn.h0,charged_hadron<-muon,0.019501034170389175,0.0001097780404961668,0.0,0.0,0.0,0.0001097780404961668,0.0001097780404961668,0.0001097780404961668,0.0001646670607442502
signed_hqql_tbl,mod.blocks.0.attn.h3,muon<-electron,0.009149250574409962,-0.00011227515642531216,-7.966291377670132e-06,0.0,0.0,-0.00010430886504764203,-0.00011227515642531216,0.00011227515642531216,0.00016442958894913318
signed_hqql_tbl,mod.blocks.3.attn.h4,neutral_hadron<-muon,0.016143280267715453,7.193738711066544e-05,0.0002567643856915917,-9.378890354128089e-06,-9.458460024486865e-06,-0.00018482699858092628,8.131627746479352e-05,7.193738711066544e-05,0.00016435088640112856
signed_hqql_tbl,mod.blocks.0.attn.h0,neutral_hadron<-neutral_hadron,0.015333491820292394,0.00010407941597238322,-1.638134366070561e-05,5.6331593443529615e-05,7.577747088996373e-06,0.00012046075963308884,4.774782252885361e-05,0.00010407941597238322,0.00016430979578892764
signed_hqql_tbl,mod.blocks.1.attn.h3,electron<-neutral_hadron,0.005349363096886211,3.723277606897884e-05,-0.00021539697914512974,-1.3933086884208023e-05,-7.263699944815016e-05,0.00025262975521410857,5.1165862953186864e-05,3.723277606897884e-05,0.0001635476536760331
signed_hqql_tbl,mod.blocks.7.attn.h0,photon<-muon,0.03813424587249756,-6.832316052168607e-05,0.00012195211724917356,-2.761188495372023e-05,0.00035540917633625213,-0.00019027527777085965,-4.071127556796585e-05,6.832316052168607e-05,0.0001634607994071159
signed_hqql_tbl,mod.cls_blocks.1.attn.h7,neutral_hadron<-muon,0.0,0.0,0.00032582931453362107,-0.00020707376825157553,-7.073399319779128e-05,-0.00032582931453362107,0.00020707376825157553,0.0,0.00016291465726681054
B_tbl_minus_hqql,mod.blocks.7.attn.h2,muon<-photon,0.020349087715148925,0.00010849110782146454,0.0,0.0,0.0,0.00010849110782146454,0.00010849110782146454,0.00010849110782146454,0.0001627366617321968
signed_hqql_tbl,mod.blocks.3.attn.h7,muon<-neutral_hadron,0.013214458525180817,0.00012912267120555044,0.00019497543704953083,0.0007182753179222345,0.0005686192663334724,-6.585276584398039e-05,-0.0005891526467166841,0.00012912267120555044,0.00016204905412754063
signed_hqql_tbl,mod.blocks.4.attn.h7,muon<-neutral_hadron,0.03447151184082031,-0.00010563660180196166,7.107812659038852e-06,0.00013265741290524602,0.00031962171973039705,-0.00011274441446100052,-0.00023829401470720768,0.00010563660180196166,0.00016200880903246193
signed_hqql_tbl,mod.blocks.0.attn.h0,photon<-muon,0.0660247802734375,-5.3926873952150346e-05,0.0001621318415824422,8.38883819856814e-05,0.00032113497582031414,-0.00021605871553459255,-0.00013781525593783175,5.3926873952150346e-05,0.00016195623171944663
B_tbl_minus_hqql,mod.blocks.6.attn.h7,muon<-photon,0.012890311479568482,-0.00010770568624138833,0.0,0.0,0.0,-0.00010770568624138833,-0.00010770568624138833,0.00010770568624138833,0.0001615585293620825
signed_hqql_tbl,mod.blocks.6.attn.h6,photon<-electron,0.010184841306228948,-1.793333075607453e-07,0.0003222141321910183,-2.1318287557343346e-05,3.0751692747799098e-06,-0.00032239346549857906,2.11389542497826e-05,1.793333075607453e-07,0.00016137606605685028
signed_hqql_tbl,mod.cls_blocks.1.attn.h6,neutral_hadron<-photon,0.02686850487121514,-7.925048703327775e-05,-0.00024085033676127278,-0.000548078547207973,-0.00024328036533465775,0.00016159984972799503,0.0004688280601746952,7.925048703327775e-05,0.00016005041189727525
signed_hqql_tbl,mod.blocks.7.attn.h3,photon<-muon,0.13367652893066406,0.00012019366025924683,4.10339933679145e-05,-1.858711697249895e-05,-6.211034269654192e-05,7.915966689133234e-05,0.00013878077723174578,0.00012019366025924683,0.000159773493704913
signed_hqql_tbl,mod.blocks.0.attn.h0,muon<-electron,1.8398552583676064e-06,9.316649673962729e-09,-0.00031935377046465874,0.0,0.0,0.0003193630871143327,9.316649673962729e-09,9.316649673962729e-09,0.0001596908602068403
B_tbl_minus_hqql,mod.blocks.2.attn.h4,electron<-photon,0.019561967714046075,-0.00010609826971246762,0.0,0.0,0.0,-0.00010609826971246762,-0.00010609826971246762,0.00010609826971246762,0.00015914740456870143
signed_hqql_tbl,mod.blocks.7.attn.h2,electron<-muon,9.70595283433795e-06,-3.337385479085242e-09,0.0003174089069943875,0.0,0.0,-0.0003174122443798666,-3.337385479085242e-09,3.337385479085242e-09,0.00015870945957541238
signed_hqql_tbl,mod.blocks.6.attn.h4,electron<-electron,0.001709271516625045,1.6707400050108845e-06,0.00031523899471608274,-1.8243031036035973e-05,7.743234164081514e-06,-0.00031356825471107186,1.9913771041046857e-05,1.6707400050108845e-06,0.00015845486736054681
B_tbl_minus_hqql,mod.blocks.4.attn.h7,muon<-neutral_hadron,0.03447151184082031,-0.00010563652031123639,0.0,0.0,0.0,-0.00010563652031123639,-0.00010563652031123639,0.00010563652031123639,0.0001584547804668546
B_tbl_minus_hqql,mod.blocks.5.attn.h3,electron<-electron,0.18404680720009814,-0.00010486047363676853,0.0,0.0,0.0,-0.00010486047363676853,-0.00010486047363676853,0.00010486047363676853,0.0001572907104551528
signed_hqql_tbl,mod.blocks.6.attn.h3,photon<-muon,0.12458866119384765,-5.270515102893114e-05,0.0001563193861664714,-0.0008843565980593363,0.00052308538579382,-0.00020902453719540254,0.0008316514470304052,5.270515102893114e-05,0.0001572174196266324
B_tbl_minus_hqql,mod.cls_blocks.0.attn.h0,CLS<-neutral_hadron,0.026204748345272883,0.00010480703730579643,0.0,0.0,0.0,0.00010480703730579643,0.00010480703730579643,0.00010480703730579643,0.00015721055595869466
signed_hqql_tbl,mod.blocks.1.attn.h3,electron<-photon,0.019504641856604474,-9.261906843602173e-05,3.4954397415276615e-05,9.952052745835058e-06,-1.7811016732593998e-06,-0.00012757346585129834,-0.00010257112118185679,9.261906843602173e-05,0.0001564058013616709
B_tbl_minus_hqql,mod.cls_blocks.1.attn.h1,charged_hadron<-photon,0.022084133710689888,-0.00010420790522130663,0.0,0.0,0.0,-0.00010420790522130663,-0.00010420790522130663,0.00010420790522130663,0.00015631185783195994
B_tbl_minus_hqql,mod.blocks.0.attn.h0,neutral_hadron<-neutral_hadron,0.015333491929073925,0.00010407941737389965,0.0,0.0,0.0,0.00010407941737389965,0.00010407941737389965,0.00010407941737389965,0.00015611912606084948
B_tbl_minus_hqql,mod.cls_blocks.1.attn.h1,photon<-electron,0.012139242142438889,0.00010387638758402318,0.0,0.0,0.0,0.00010387638758402318,0.00010387638758402318,0.00010387638758402318,0.00015581458137603477
signed_hqql_tbl,mod.blocks.3.attn.h1,neutral_hadron<-muon,0.00803297758102417,-1.686541654635221e-05,0.0002606283730225793,-7.740915316389874e-05,-2.431750181131065e-05,-0.0002774937895689315,6.054373661754653e-05,1.686541654635221e-05,0.00015561231133081796
signed_hqql_tbl,mod.blocks.3.attn.h0,electron<-charged_hadron,0.03031041934376671,-5.1877711528158256e-05,-0.0002593129607813546,5.7869003389844264e-05,-3.6406117724254725e-05,0.00020743524925319632,-0.00010974671491800251,5.1877711528158256e-05,0.00015559533615475642
signed_hqql_tbl,mod.blocks.4.attn.h4,electron<-electron,0.03560791025584978,9.799221965699366e-05,-1.677653094134257e-05,1.0324461385380346e-05,2.990402645082213e-05,0.00011476875059833624,8.766775827161332e-05,9.799221965699366e-05,0.0001553765949561618
signed_hqql_tbl,mod.blocks.6.attn.h5,muon<-photon,0.01519970178604126,-1.7352859722450375e-05,0.0002580201728146915,-0.000176862148301942,-1.5585119399474934e-05,-0.0002753730325371419,0.00015950928857949164,1.7352859722450375e-05,0.00015503937599102132
B_tbl_minus_hqql,mod.blocks.2.attn.h3,photon<-muon,0.05181365489959717,0.0001024987269192934,0.0,0.0,0.0,0.0001024987269192934,0.0001024987269192934,0.0001024987269192934,0.0001537480903789401
signed_hqql_tbl,mod.blocks.1.attn.h0,electron<-electron,1.2663445482353887e-05,6.709496129057395e-08,-0.0003071411904360666,-5.637162902398055e-07,-2.2616851538259653e-07,0.00030720828539735717,6.308112515303794e-07,6.709496129057395e-08,0.00015367123765996915
signed_hqql_tbl,mod.blocks.3.attn.h0,neutral_hadron<-neutral_hadron,0.027198039357871063,7.476204966045114e-05,-8.285103033194661e-05,0.00014908966518320155,-8.006444814456883e-05,0.00015761307999239777,-7.432761552275041e-05,7.476204966045114e-05,0.00015356858965665004
signed_hqql_tbl,mod.blocks.0.attn.h6,electron<-electron,0.0024605055675945347,5.13460877805806e-06,-0.0002911184530667299,-5.657652218360454e-05,-3.722332164102227e-06,0.000296253061844788,6.17111309616626e-05,5.13460877805806e-06,0.00015326113970045205
signed_hqql_tbl,mod.blocks.0.attn.h1,electron<-muon,0.0009727985598146915,-2.1264966107992223e-06,-0.00030433369101956487,0.0,0.0,0.00030220719440876564,-2.1264966107992223e-06,2.1264966107992223e-06,0.00015323009381518204
B_tbl_minus_hqql,mod.blocks.1.attn.h6,muon<-charged_hadron,0.0390411913394928,0.00010094935714732856,0.0,0.0,0.0,0.00010094935714732856,0.00010094935714732856,0.00010094935714732856,0.00015142403572099283
signed_hqql_tbl,mod.blocks.0.attn.h6,neutral_hadron<-muon,0.02573769986629486,1.823421334847808e-05,-0.00024791124481756316,-0.0005602443707175553,-0.00016543591239800057,0.00026614545816604126,0.0005784785840660334,1.823421334847808e-05,0.0001513069424314987
B_tbl_minus_hqql,mod.cls_blocks.0.attn.h2,CLS<-electron,0.015807316079735755,-0.00010084982495754957,0.0,0.0,0.0,-0.00010084982495754957,-0.00010084982495754957,0.00010084982495754957,0.00015127473743632437
B_tbl_minus_hqql,mod.blocks.4.attn.h5,charged_hadron<-muon,0.04525550454854965,0.00010063946683658287,0.0,0.0,0.0,0.00010063946683658287,0.00010063946683658287,0.00010063946683658287,0.0001509592002548743
signed_hqql_tbl,mod.blocks.2.attn.h2,muon<-photon,0.01569244861602783,8.388972841203213e-05,-5.0177019530613174e-05,0.0003091676737226191,-0.0005110694764880463,0.0001340667479426453,-0.00022527794531058696,8.388972841203213e-05,0.0001509231023833548
signed_hqql_tbl,mod.blocks.2.attn.h7,muon<-photon,0.022844338417053224,-0.0001158718578517437,-4.983947177319542e-05,-1.3768697889255626e-05,-5.788278940599412e-05,-6.603238607854828e-05,-0.00010210315996248807,0.0001158718578517437,0.00014888805089101784
signed_hqql_tbl,mod.blocks.2.attn.h4,electron<-photon,0.019561968925522595,-0.00010609837406034756,-2.3711431788763514e-05,-3.371277853148058e-05,-3.384371848369483e-05,-8.238694227158405e-05,-7.238559552886698e-05,0.00010609837406034756,0.00014729184519613958
signed_hqql_tbl,mod.blocks.3.attn.h4,electron<-neutral_hadron,0.023932557966974046,-3.891467780771631e-07,-0.00029385424166225436,-3.923117066733539e-05,0.00011503379209898412,0.0002934650948841772,3.8842023889258225e-05,3.891467780771631e-07,0.00014712169422016576
signed_hqql_tbl,mod.blocks.7.attn.h5,electron<-photon,0.01266240189230539,-4.012793670711297e-06,0.00028219142372512985,-2.571431286924053e-05,-9.929683523068888e-05,-0.00028620421739584116,2.1701519198529233e-05,4.012793670711297e-06,0.00014711490236863188
B_tbl_minus_hqql,mod.blocks.4.attn.h4,electron<-electron,0.03560788987023342,9.799193631781438e-05,0.0,0.0,0.0,9.799193631781438e-05,9.799193631781438e-05,9.799193631781438e-05,0.00014698790447672158
B_tbl_minus_hqql,mod.blocks.1.attn.h0,neutral_hadron<-neutral_hadron,0.02166697925116989,9.795934911902595e-05,0.0,0.0,0.0,9.795934911902595e-05,9.795934911902595e-05,9.795934911902595e-05,0.00014693902367853893
signed_hqql_tbl,mod.blocks.1.attn.h3,electron<-charged_hadron,0.02169605450970786,7.463076950183936e-05,-6.587144356065741e-05,-2.9733713619924825e-05,1.8774718046188355e-05,0.00014050221306249677,0.00010436448312176418,7.463076950183936e-05,0.00014488187603308773
B_tbl_minus_hqql,mod.blocks.2.attn.h2,charged_hadron<-neutral_hadron,0.011457038192855878,9.65757238422977e-05,0.0,0.0,0.0,9.65757238422977e-05,9.65757238422977e-05,9.65757238422977e-05,0.00014486358576344655
B_tbl_minus_hqql,mod.blocks.3.attn.h3,charged_hadron<-electron,0.022874149538221814,-9.612991319348414e-05,0.0,0.0,0.0,-9.612991319348414e-05,-9.612991319348414e-05,9.612991319348414e-05,0.00014419486979022622
signed_hqql_tbl,mod.blocks.2.attn.h6,electron<-photon,0.011306552382988659,6.044789868581101e-06,0.00028137134504504504,-8.991948977511908e-05,2.1228309378784616e-05,-0.00027532655517646394,9.596427964370018e-05,6.044789868581101e-06,0.00014370806745681307
signed_hqql_tbl,mod.cls_blocks.1.attn.h4,charged_hadron<-photon,0.01279288019516511,-7.258814848083892e-05,6.738563721320766e-05,-0.0004121719346879201,5.00706877213721e-05,-0.00013997378569404658,0.00033958378620708117,7.258814848083892e-05,0.0001425750413278622
B_tbl_minus_hqql,mod.blocks.2.attn.h0,neutral_hadron<-muon,0.017445990443229677,-9.486706112511456e-05,0.0,0.0,0.0,-9.486706112511456e-05,-9.486706112511456e-05,9.486706112511456e-05,0.00014230059168767183
signed_hqql_tbl,mod.blocks.4.attn.h3,neutral_hadron<-muon,0.06654790043830872,7.22324417438358e-05,-6.787723426289934e-05,9.95976006379351e-05,0.00011137990057048025,0.00014010967600673515,-2.73651588940993e-05,7.22324417438358e-05,0.00014228727974720338
signed_hqql_tbl,mod.blocks.5.attn.h0,muon<-photon,0.01939578652381897,2.930090297013521e-05,0.0002543207385889745,-2.4591786010811727e-05,0.00014288962449882092,-0.00022501983561883925,5.389268898094694e-05,2.930090297013521e-05,0.00014181082077955484
signed_hqql_tbl,mod.blocks.6.attn.h2,photon<-muon,0.021963880062103272,3.49062867462635e-05,0.0002478541634780796,2.463297208859807e-05,0.0005593398527707905,-0.00021294787673181609,1.027331465766543e-05,3.49062867462635e-05,0.00014138022511217156
signed_hqql_tbl,mod.blocks.6.attn.h1,muon<-neutral_hadron,0.004173437505960465,7.162070251069963e-05,-6.758306274908439e-05,2.7147742002853192e-05,-3.975908516117165e-05,0.00013920376525978402,4.447296050784644e-05,7.162070251069963e-05,0.00014122258514059164
signed_hqql_tbl,mod.blocks.0.attn.h3,muon<-photon,0.019742801189422607,2.4684271775186062e-05,-0.0002062413902757199,-0.00013726443007943176,0.00020774425502168015,0.00023092566205090598,0.00016194870185461783,2.4684271775186062e-05,0.00014014710280063904
B_tbl_minus_hqql,mod.blocks.1.attn.h3,electron<-photon,0.0195046433103763,-9.261902300565224e-05,0.0,0.0,0.0,-9.261902300565224e-05,-9.261902300565224e-05,9.261902300565224e-05,0.00013892853450847835
signed_hqql_tbl,mod.blocks.7.attn.h2,muon<-charged_hadron,0.0289724450558424,-5.5803571740398183e-05,-0.00022154604084789753,-0.0005122337955981493,-0.00011302231723675504,0.00016574246910749935,0.0004564302238577511,5.5803571740398183e-05,0.00013867480629414786
B_tbl_minus_hqql,mod.cls_blocks.1.attn.h3,charged_hadron<-charged_hadron,0.02124001640220021,-9.227531852449701e-05,0.0,0.0,0.0,-9.227531852449701e-05,-9.227531852449701e-05,9.227531852449701e-05,0.00013841297778674553
signed_hqql_tbl,mod.blocks.1.attn.h2,electron<-neutral_hadron,0.014933329075574875,1.936997230384602e-05,-0.00021690813742967103,-6.789417238906025e-07,6.707452303089667e-05,0.00023627810973351706,2.0048914027736625e-05,1.936997230384602e-05,0.00013750902717060454
signed_hqql_tbl,mod.blocks.7.attn.h3,muon<-charged_hadron,0.05849941447377205,-6.997401942498982e-05,6.465508695094823e-05,0.00040959259495139123,8.37313789154657e-05,-0.00013462910637593805,-0.00047956661437638105,6.997401942498982e-05,0.00013728857261295884
B_tbl_minus_hqql,mod.blocks.6.attn.h3,charged_hadron<-electron,0.0843717200415475,9.144015937289667e-05,0.0,0.0,0.0,9.144015937289667e-05,9.144015937289667e-05,9.144015937289667e-05,0.00013716023905934501
B_tbl_minus_hqql,mod.blocks.7.attn.h4,muon<-photon,0.032894179821014405,-9.132761508226395e-05,0.0,0.0,0.0,-9.132761508226395e-05,-9.132761508226395e-05,9.132761508226395e-05,0.0001369914226233959
signed_hqql_tbl,mod.blocks.0.attn.h6,charged_hadron<-muon,0.05405784025788307,3.1120569474296644e-05,-0.0001788912639499475,-1.2414019147399813e-05,-0.00010220445851287381,0.00021001183342424413,4.3534588621696456e-05,3.1120569474296644e-05,0.0001361264861864187
signed_hqql_tbl,mod.blocks.6.attn.h1,neutral_hadron<-electron,0.006190289846724934,3.576878649861707e-06,0.00026836566547373017,6.299250169831794e-05,-0.0016470720452161913,-0.00026478878682386844,-5.941562304845623e-05,3.576878649861707e-06,0.00013597127206179592
signed_hqql_tbl,mod.blocks.2.attn.h1,muon<-photon,0.026886405944824218,-5.74113754555583e-05,-0.00021451749642820736,-0.00011042315912033831,0.0001420955049979966,0.00015710612097264906,5.3011783664780005e-05,5.74113754555583e-05,0.00013596443594188283
signed_hqql_tbl,mod.blocks.1.attn.h4,charged_hadron<-muon,0.04848148673772812,-4.014355727122165e-05,0.0001514777794886285,0.000256775482557714,7.658298074437136e-05,-0.00019162133675985015,-0.00029691903982893565,4.014355727122165e-05,0.00013595422565114673
B_tbl_minus_hqql,mod.blocks.0.attn.h1,muon<-photon,0.025688924789428712,-9.048656560480595e-05,0.0,0.0,0.0,-9.048656560480595e-05,-9.048656560480595e-05,9.048656560480595e-05,0.00013572984840720892
signed_hqql_tbl,mod.blocks.4.attn.h5,charged_hadron<-muon,0.04525553435087204,0.00010063975059892982,3.188384774451455e-05,-0.00045035569928586483,0.0003818077966570854,6.875590285441527e-05,0.0005509954498847947,0.00010063975059892982,0.00013501770202613744
B_tbl_minus_hqql,mod.cls_blocks.0.attn.h0,CLS<-photon,0.018567092816034952,9.000135663275918e-05,0.0,0.0,0.0,9.000135663275918e-05,9.000135663275918e-05,9.000135663275918e-05,0.00013500203494913878
signed_hqql_tbl,mod.blocks.7.attn.h1,electron<-neutral_hadron,0.028945022849021135,1.6512274972531789e-06,-0.0002641913130278944,-6.221299699973314e-05,-1.937506294780178e-05,0.00026584254052514756,6.386422449698632e-05,1.6512274972531789e-06,0.00013457249775982697
B_tbl_minus_hqql,mod.blocks.0.attn.h6,neutral_hadron<-charged_hadron,0.0310748760105849,-8.95495800411e-05,0.0,0.0,0.0,-8.95495800411e-05,-8.95495800411e-05,8.95495800411e-05,0.00013432437006165
signed_hqql_tbl,mod.blocks.3.attn.h3,charged_hadron<-electron,0.022874149538221814,-9.612997971652519e-05,-1.977595966309309e-05,7.74566587274787e-05,0.00022063292097300292,-7.635402005343211e-05,-0.0001735866384440039,9.612997971652519e-05,0.00013430698974324125
signed_hqql_tbl,mod.blocks.6.attn.h2,charged_hadron<-electron,0.005788300807277362,1.905094887617798e-05,0.0002495619406655544,-1.2193184249616903e-05,1.643095340114087e-05,-0.0002305109917893764,3.124413312579488e-05,1.905094887617798e-05,0.00013430644477086619
signed_hqql_tbl,mod.blocks.5.attn.h5,muon<-photon,0.012292588949203492,5.2359290421009064e-05,0.00021604655653630433,-3.7754885852336884e-05,-3.7488607631530613e-06,-0.00016368726611529525,9.011417627334595e-05,5.2359290421009064e-05,0.0001342029234786567
B_tbl_minus_hqql,mod.blocks.2.attn.h5,electron<-charged_hadron,0.02731482826528095,8.931902608483575e-05,0.0,0.0,0.0,8.931902608483575e-05,8.931902608483575e-05,8.931902608483575e-05,0.00013397853912725362
signed_hqql_tbl,mod.blocks.0.attn.h2,neutral_hadron<-neutral_hadron,0.002123183267437272,8.313714036900329e-05,-1.8112559925649038e-05,3.190402894923857e-05,-4.19869939868454e-05,0.00010124970029465232,5.123311141976471e-05,8.313714036900329e-05,0.00013376199051632945
B_tbl_minus_hqql,mod.blocks.1.attn.h3,muon<-neutral_hadron,0.00869930386543274,8.912281482480467e-05,0.0,0.0,0.0,8.912281482480467e-05,8.912281482480467e-05,8.912281482480467e-05,0.000133684222237207
signed_hqql_tbl,mod.blocks.1.attn.h0,muon<-neutral_hadron,0.018277956545352934,-7.484968518838287e-05,-0.00019241593448289981,-7.843540515750647e-05,-0.00093673079714386,0.00011756624929451695,3.585719969123599e-06,7.484968518838287e-05,0.00013363280983564135
signed_hqql_tbl,mod.blocks.6.attn.h7,neutral_hadron<-muon,0.042663559317588806,6.570462137460709e-05,-6.97907720071574e-05,0.0001250424684258178,-3.2309399102814496e-05,0.0001354953933817645,-5.93378470512107e-05,6.570462137460709e-05,0.00013345231806548933
signed_hqql_tbl,mod.blocks.5.attn.h1,muon<-neutral_hadron,0.00806233063340187,4.510704602580518e-05,-0.00013142132290037503,0.0001345060591120273,-0.00034281260741408914,0.0001765283689261802,-8.939901308622212e-05,4.510704602580518e-05,0.00013337123048889527
B_tbl_minus_hqql,mod.blocks.2.attn.h4,muon<-photon,0.009338465929031372,-8.87853093445301e-05,0.0,0.0,0.0,-8.87853093445301e-05,-8.87853093445301e-05,8.87853093445301e-05,0.00013317796401679516
signed_hqql_tbl,mod.blocks.5.attn.h1,muon<-charged_hadron,0.013150840997695923,-8.469490421703085e-05,1.189495639827771e-05,8.415712509304285e-05,0.000215422203340991,-9.658986061530857e-05,-0.0001688520293100737,8.469490421703085e-05,0.00013298983452468514
signed_hqql_tbl,mod.blocks.6.attn.h5,photon<-electron,0.01340758994342835,2.2889351296215886e-05,-0.00019723179985130964,-1.1802327727699386e-05,-4.184861791145522e-05,0.00022012115114752553,3.469167902391527e-05,2.2889351296215886e-05,0.00013294992686997865
signed_hqql_tbl,mod.blocks.1.attn.h3,muon<-neutral_hadron,0.00869930386543274,8.912289631552994e-05,0.00017652690682249764,0.00024582157493568957,0.0002928265328389696,-8.74040105069677e-05,-0.00015669867862015962,8.912289631552994e-05,0.00013282490156901378
B_tbl_minus_hqql,mod.cls_blocks.1.attn.h0,photon<-photon,0.007977555469646081,8.845182707194577e-05,0.0,0.0,0.0,8.845182707194577e-05,8.845182707194577e-05,8.845182707194577e-05,0.00013267774060791865
B_tbl_minus_hqql,mod.blocks.3.attn.h2,electron<-photon,0.021990805137448194,8.839802301632679e-05,0.0,0.0,0.0,8.839802301632679e-05,8.839802301632679e-05,8.839802301632679e-05,0.00013259703452449018
B_tbl_minus_hqql,mod.blocks.0.attn.h4,photon<-muon,0.039105751514434815,8.819174021482468e-05,0.0,0.0,0.0,8.819174021482468e-05,8.819174021482468e-05,8.819174021482468e-05,0.000132287610322237
signed_hqql_tbl,mod.blocks.3.attn.h6,muon<-photon,0.003282703459262848,3.302034456282854e-05,0.00023108544931011764,-5.913765857084876e-05,0.0005302040208334802,-0.0001980651047472891,9.21580031336773e-05,3.302034456282854e-05,0.00013205289693647308
B_tbl_minus_hqql,mod.cls_blocks.1.attn.h1,charged_hadron<-electron,0.002309959992999211,-8.767672443354968e-05,0.0,0.0,0.0,-8.767672443354968e-05,-8.767672443354968e-05,8.767672443354968e-05,0.00013151508665032452
signed_hqql_tbl,mod.blocks.0.attn.h0,electron<-muon,4.1261127989855595e-06,-2.3799190174145224e-08,-0.0002622833417262882,0.0,0.0,0.00026225954253611405,-2.3799190174145224e-08,2.3799190174145224e-08,0.00013115357045823117
signed_hqql_tbl,mod.blocks.4.attn.h0,neutral_hadron<-muon,0.07402097582817077,-5.9846130898222325e-05,8.215132402256131e-05,-8.943735156208277e-05,-0.00024735350113284465,-0.00014199745492078365,2.9591220663860443e-05,5.9846130898222325e-05,0.00013084485835861414
signed_hqql_tbl,mod.blocks.3.attn.h7,charged_hadron<-electron,0.007156918091433389,-5.920746064345751e-06,0.00024255480609347368,2.3811288852373073e-06,0.0005986463685985655,-0.0002484755521578194,-8.301874949583058e-06,5.920746064345751e-06,0.00013015852214325545
B_tbl_minus_hqql,mod.blocks.3.attn.h2,muon<-charged_hadron,0.03132731467485428,-8.661244646646082e-05,0.0,0.0,0.0,-8.661244646646082e-05,-8.661244646646082e-05,8.661244646646082e-05,0.00012991866969969124
B_tbl_minus_hqql,mod.blocks.4.attn.h3,muon<-electron,0.02142510935664177,8.657645958010107e-05,0.0,0.0,0.0,8.657645958010107e-05,8.657645958010107e-05,8.657645958010107e-05,0.0001298646893701516
signed_hqql_tbl,mod.blocks.1.attn.h4,electron<-photon,0.01240419469228605,-6.535446980676607e-05,-0.00019424900766117155,3.712377760426274e-05,-6.523809497593902e-05,0.0001288945378544055,-0.00010247824741102882,6.535446980676607e-05,0.00012980173873396883
signed_hqql_tbl,mod.cls_blocks.1.attn.h4,neutral_hadron<-CLS,0.0033879480324685574,-6.295194907579571e-05,-0.00019552428420865908,0.0,0.0,0.00013257233513286337,-6.295194907579571e-05,6.295194907579571e-05,0.0001292381166422274
signed_hqql_tbl,mod.blocks.5.attn.h5,muon<-charged_hadron,0.02552655152976513,-1.679680099186953e-05,0.00020659819934875346,7.73260195273906e-05,-0.00011328390312635086,-0.000223395000340623,-9.412282051926013e-05,1.679680099186953e-05,0.00012849430116218102
signed_hqql_tbl,mod.blocks.6.attn.h1,charged_hadron<-electron,0.00925799086689949,3.355584617349363e-05,0.0002225667162223765,0.00012965516412052615,-0.0005748091056011617,-0.00018901087004888286,-9.609931794703251e-05,3.355584617349363e-05,0.00012806128119793506
signed_hqql_tbl,mod.blocks.1.attn.h7,electron<-muon,8.812120313450578e-07,-5.139912495621957e-09,-0.00025608116993680596,0.0,0.0,0.00025607603002431034,-5.139912495621957e-09,5.139912495621957e-09,0.0001280431549246508
B_tbl_minus_hqql,mod.blocks.5.attn.h1,muon<-charged_hadron,0.013150842860341072,-8.469495514873415e-05,0.0,0.0,0.0,-8.469495514873415e-05,-8.469495514873415e-05,8.469495514873415e-05,0.00012704243272310123
signed_hqql_tbl,mod.blocks.4.attn.h2,electron<-neutral_hadron,0.016113111542330846,2.4626786465954933e-05,-0.00017923818545808134,7.27510522119701e-05,-1.1869158129229618e-05,0.00020386497192403626,-4.812426574601516e-05,2.4626786465954933e-05,0.00012655927242797308
B_tbl_minus_hqql,mod.blocks.2.attn.h2,muon<-photon,0.015692449808120727,8.388957008719445e-05,0.0,0.0,0.0,8.388957008719445e-05,8.388957008719445e-05,8.388957008719445e-05,0.00012583435513079168
B_tbl_minus_hqql,mod.blocks.0.attn.h3,photon<-muon,0.014177377223968507,8.371037431061268e-05,0.0,0.0,0.0,8.371037431061268e-05,8.371037431061268e-05,8.371037431061268e-05,0.000125565561465919
signed_hqql_tbl,mod.blocks.5.attn.h0,photon<-muon,0.03361407279968262,-4.698441363871097e-05,-0.00020382864596812347,-0.0001964102765279157,-4.500358045333996e-06,0.0001568442323294125,0.0001494258628892047,4.698441363871097e-05,0.00012540652980341723
signed_hqql_tbl,mod.blocks.3.attn.h5,muon<-photon,0.00713617742061615,2.1493695676326752e-05,-0.00018579095577527034,-0.00012666403892494383,-0.0001695403357189207,0.00020728465145159708,0.00014815773460127057,2.1493695676326752e-05,0.0001251360214021253
B_tbl_minus_hqql,mod.blocks.2.attn.h6,muon<-neutral_hadron,0.010702626407146454,8.335682796314358e-05,0.0,0.0,0.0,8.335682796314358e-05,8.335682796314358e-05,8.335682796314358e-05,0.00012503524194471536
B_tbl_minus_hqql,mod.blocks.0.attn.h2,neutral_hadron<-neutral_hadron,0.002123183196917886,8.313715384779514e-05,0.0,0.0,0.0,8.313715384779514e-05,8.313715384779514e-05,8.313715384779514e-05,0.00012470573077169272
signed_hqql_tbl,mod.blocks.1.attn.h6,photon<-muon,0.0203688383102417,2.861062763258815e-05,0.0002207795838139167,0.00013718786205919016,-0.00013981046140543185,-0.00019216895618132855,-0.000108577234426602,2.861062763258815e-05,0.00012469510572325242
signed_hqql_tbl,mod.blocks.5.attn.h0,charged_hadron<-muon,0.03273846581578255,0.00012075831182301044,0.00012789851723191066,0.0001816963660530746,-0.0002037643994712694,-7.140205408900219e-06,-6.093805423006414e-05,0.00012075831182301044,0.00012432841452746055
B_tbl_minus_hqql,mod.blocks.3.attn.h3,muon<-neutral_hadron,0.01071714386343956,8.260017493739724e-05,0.0,0.0,0.0,8.260017493739724e-05,8.260017493739724e-05,8.260017493739724e-05,0.00012390026240609585
signed_hqql_tbl,mod.blocks.2.attn.h0,muon<-electron,1.0361050954088569e-05,1.2028233697947144e-07,0.00024743142421357334,0.0,0.0,-0.00024731114187659387,1.2028233697947144e-07,1.2028233697947144e-07,0.0001237758532752764
B_tbl_minus_hqql,mod.blocks.7.attn.h4,muon<-electron,0.03145669400691986,-8.220353629440069e-05,0.0,0.0,0.0,-8.220353629440069e-05,-8.220353629440069e-05,8.220353629440069e-05,0.00012330530444160104
B_tbl_minus_hqql,mod.blocks.2.attn.h6,electron<-charged_hadron,0.039736197817893254,-8.219897946608918e-05,0.0,0.0,0.0,-8.219897946608918e-05,-8.219897946608918e-05,8.219897946608918e-05,0.00012329846919913377
signed_hqql_tbl,mod.blocks.0.attn.h7,neutral_hadron<-muon,0.012231016159057617,-7.06452876329422e-05,3.45600928994827e-05,-0.00015286676352843642,-0.00013341935846256092,-0.0001052053805324249,8.222147589549422e-05,7.06452876329422e-05,0.00012324797789915466
signed_hqql_tbl,mod.cls_blocks.1.attn.h4,charged_hadron<-CLS,0.017339691112283617,9.824082530940359e-05,4.8374152067376386e-05,0.0,0.0,4.9866673242027204e-05,9.824082530940359e-05,9.824082530940359e-05,0.0001231741619304172
signed_hqql_tbl,mod.blocks.6.attn.h4,electron<-neutral_hadron,0.04458782490756777,-1.0655846751803808e-05,-0.00023439905367252467,1.81518727549701e-05,6.151124352982151e-06,0.00022374320692072086,-2.8807719506773907e-05,1.0655846751803808e-05,0.00012252745021216425
B_tbl_minus_hqql,mod.cls_blocks.1.attn.h3,photon<-charged_hadron,0.021214153570464894,8.164774320719033e-05,0.0,0.0,0.0,8.164774320719033e-05,8.164774320719033e-05,8.164774320719033e-05,0.00012247161481078548
B_tbl_minus_hqql,mod.cls_blocks.1.attn.h2,charged_hadron<-electron,0.007740929257124662,-8.162872109096497e-05,0.0,0.0,0.0,-8.162872109096497e-05,-8.162872109096497e-05,8.162872109096497e-05,0.00012244308163644746
signed_hqql_tbl,mod.blocks.4.attn.h4,neutral_hadron<-muon,0.0041261564940214155,-3.865234975819476e-06,0.00023265652653966148,3.6881197047478054e-06,-4.190092163803962e-06,-0.00023652176151548097,-7.553354680567281e-06,3.865234975819476e-06,0.00012212611573355996
signed_hqql_tbl,mod.blocks.1.attn.h3,photon<-muon,0.01188980221748352,2.6766774244606494e-05,-0.00016394724623655508,-5.216994101092929e-05,2.70311429630965e-05,0.00019071402048116158,7.893671525553578e-05,2.6766774244606494e-05,0.00012212378448518728
signed_hqql_tbl,mod.blocks.6.attn.h6,muon<-neutral_hadron,0.00015253759920597076,3.611153942983947e-07,-0.0002412329672552005,-8.72649070515763e-06,-2.0459985130906312e-05,0.00024159408264949888,9.087606099456024e-06,3.611153942983947e-07,0.00012115815671904784
B_tbl_minus_hqql,mod.blocks.2.attn.h7,photon<-muon,0.033885045051574705,-8.063565939664841e-05,0.0,0.0,0.0,-8.063565939664841e-05,-8.063565939664841e-05,8.063565939664841e-05,0.00012095348909497262
signed_hqql_tbl,mod.blocks.5.attn.h5,charged_hadron<-electron,0.029499486975726626,-1.0353360613364549e-05,-0.00023054986253775883,7.469081952124192e-05,0.00015322176041081547,0.00022019650192439428,-8.504418013460647e-05,1.0353360613364549e-05,0.0001204516115755617
signed_hqql_tbl,mod.blocks.7.attn.h3,neutral_hadron<-muon,0.1035713791847229,-5.323220975697041e-05,8.110304618943094e-05,-1.5905938198557124e-05,-0.00031952914145626384,-0.00013433525594640136,-3.7326271558413283e-05,5.323220975697041e-05,0.00012039983773017108
signed_hqql_tbl,mod.cls_blocks.1.attn.h1,CLS<-electron,0.006702139135450124,-0.00010699931008275598,-8.058524578880011e-05,-0.0005295882701830124,0.0016698618419468403,-2.641406429395587e-05,0.00042258896010025635,0.00010699931008275598,0.00012020634222973391
B_tbl_minus_hqql,mod.blocks.0.attn.h7,neutral_hadron<-neutral_hadron,0.02747695453342844,-7.967696439634177e-05,0.0,0.0,0.0,-7.967696439634177e-05,-7.967696439634177e-05,7.967696439634177e-05,0.00011951544659451266
signed_hqql_tbl,mod.blocks.3.attn.h2,electron<-photon,0.021990800776132722,8.83981081982696e-05,2.6342827671517927e-05,8.612330462450959e-05,-4.929023543809308e-05,6.205528052675168e-05,2.2748035737600087e-06,8.83981081982696e-05,0.00011942574846164543
signed_hqql_tbl,mod.blocks.3.attn.h1,neutral_hadron<-electron,0.010105609617851398,-7.556289239329528e-05,1.2156645760497716e-05,1.884661614894867e-05,-2.795473665173631e-05,-8.771953815379299e-05,-9.440950854224396e-05,7.556289239329528e-05,0.00011942266147019177
signed_hqql_tbl,mod.blocks.0.attn.h3,photon<-muon,0.014177377223968507,8.371047675609589e-05,1.2325593209090202e-05,-1.3350024043271938e-05,0.0001033165208355058,7.138488354700568e-05,9.706050079936783e-05,8.371047675609589e-05,0.00011940291852959873
B_tbl_minus_hqql,mod.blocks.3.attn.h0,muon<-charged_hadron,0.029275771230459213,7.956792251206934e-05,0.0,0.0,0.0,7.956792251206934e-05,7.956792251206934e-05,7.956792251206934e-05,0.00011935188376810402
signed_hqql_tbl,mod.blocks.3.attn.h3,photon<-muon,0.029925367832183837,2.203501760959625e-05,-0.00017243754241223397,0.0003798994280043102,0.0004491540603339672,0.00019447256002183024,-0.000357864410394714,2.203501760959625e-05,0.00011927129762051137
B_tbl_minus_hqql,mod.blocks.1.attn.h7,muon<-photon,0.023606016635894775,7.92501587420702e-05,0.0,0.0,0.0,7.92501587420702e-05,7.92501587420702e-05,7.92501587420702e-05,0.0001188752381131053
signed_hqql_tbl,mod.blocks.3.attn.h2,electron<-neutral_hadron,0.004440048261097184,1.245369404151225e-05,-0.00019991958776556298,3.2019862264860424e-05,4.109073188374168e-07,0.00021237328180707523,-1.9566168223348173e-05,1.245369404151225e-05,0.00011864033494504986
signed_hqql_tbl,mod.cls_blocks.1.attn.h0,neutral_hadron<-CLS,0.006477998569607735,-6.421065336326137e-05,4.454379310345757e-05,0.0,0.0,-0.00010875444646671895,-6.421065336326137e-05,6.421065336326137e-05,0.00011858787659662085
B_tbl_minus_hqql,mod.blocks.2.attn.h6,electron<-muon,0.010585849173367023,7.891211134847254e-05,0.0,0.0,0.0,7.891211134847254e-05,7.891211134847254e-05,7.891211134847254e-05,0.0001183681670227088
signed_hqql_tbl,mod.blocks.0.attn.h3,charged_hadron<-electron,0.016327849456242154,-5.5766959641394874e-05,6.89098409290609e-05,-1.7363656360399106e-05,-7.606389874126763e-05,-0.00012467680057045576,-3.840330328099577e-05,5.5766959641394874e-05,0.00011810535992662276
signed_hqql_tbl,mod.blocks.4.attn.h7,charged_hadron<-muon,0.009666768833994865,3.477928112260997e-05,0.00020137824153957458,8.731550769880414e-05,3.3894225701012395e-05,-0.0001665989604169646,-5.253622657619417e-05,3.477928112260997e-05,0.00011807876133109228
signed_hqql_tbl,mod.blocks.0.attn.h6,neutral_hadron<-electron,0.01058979994720883,-1.13212138078072e-05,0.00020181049125025501,-2.7326968220222624e-05,1.2704962500720285e-05,-0.0002131317050580622,1.6005754412415425e-05,1.13212138078072e-05,0.0001178870663368383
B_tbl_minus_hqql,mod.blocks.4.attn.h5,photon<-muon,0.08296765327453613,-7.853372953832149e-05,0.0,0.0,0.0,-7.853372953832149e-05,-7.853372953832149e-05,7.853372953832149e-05,0.00011780059430748223
signed_hqql_tbl,mod.blocks.2.attn.h5,neutral_hadron<-electron,0.0025593646353593577,3.193835490728142e-08,-0.00023518608079604362,1.8030887804343366e-05,-5.475498892337782e-05,0.0002352180191509509,-1.7998949449436084e-05,3.193835490728142e-08,0.00011764094793038274
signed_hqql_tbl,mod.blocks.0.attn.h6,charged_hadron<-electron,0.027881712430999392,3.317959393219402e-05,-0.00013538967556969234,5.448327183016929e-05,-0.00023695302195847034,0.00016856926950188636,-2.130367789797527e-05,3.317959393219402e-05,0.00011746422868313719
signed_hqql_tbl,mod.blocks.4.attn.h7,charged_hadron<-neutral_hadron,0.023981108919245188,-5.239068746699818e-05,7.701736499626067e-05,-1.8705168193020493e-05,3.873097662288234e-05,-0.00012940805246325885,-3.3685519273977686e-05,5.239068746699818e-05,0.00011709471369862761
signed_hqql_tbl,mod.blocks.3.attn.h4,charged_hadron<-muon,0.020075729116797447,-3.0952622182667255e-05,0.000140154860370482,1.6725492969271726e-06,-2.8267560330939226e-05,-0.00017110748255314925,-3.262517147959443e-05,3.0952622182667255e-05,0.00011650636345924188
signed_hqql_tbl,mod.blocks.3.attn.h4,muon<-charged_hadron,0.02360164374113083,-2.792249506455846e-05,0.00014891969756438182,-4.573401529341936e-05,7.45362247636711e-05,-0.00017684219262894028,1.78115202288609e-05,2.792249506455846e-05,0.0001163435913790286
signed_hqql_tbl,mod.blocks.0.attn.h1,charged_hadron<-neutral_hadron,0.028417836985334295,-6.332551363949515e-05,4.2620414270095924e-05,-3.6719192101623785e-05,3.5328525786096585e-05,-0.00010594592790959107,-2.6606321537871363e-05,6.332551363949515e-05,0.00011629847759429068
signed_hqql_tbl,mod.blocks.6.attn.h6,photon<-muon,0.03630697250366211,6.511830724775791e-05,-3.7102689307893776e-05,-0.0006300238448949088,-6.195816240506247e-05,0.00010222099655565169,0.0006951421521426667,6.511830724775791e-05,0.00011622880552558375
signed_hqql_tbl,mod.blocks.3.attn.h1,muon<-neutral_hadron,0.009186329692602158,4.313337849453092e-05,-0.00010261970116213585,-0.00021213119907770306,-0.00029420899793169357,0.00014575307965666677,0.00025526457757223396,4.313337849453092e-05,0.0001160099183228643
B_tbl_minus_hqql,mod.blocks.3.attn.h7,muon<-photon,0.026001636981964112,7.724542636424303e-05,0.0,0.0,0.0,7.724542636424303e-05,7.724542636424303e-05,7.724542636424303e-05,0.00011586813954636454
B_tbl_minus_hqql,mod.cls_blocks.1.attn.h7,CLS<-electron,0.024914364330470562,-7.711114740232006e-05,0.0,0.0,0.0,-7.711114740232006e-05,-7.711114740232006e-05,7.711114740232006e-05,0.0001156667211034801
signed_hqql_tbl,mod.blocks.1.attn.h7,muon<-electron,8.5351103962239e-08,-1.4016605653921488e-09,-0.0002309931442141533,0.0,0.0,0.0002309917425535879,-1.4016605653921488e-09,1.4016605653921488e-09,0.00011549727293735934
signed_hqql_tbl,mod.blocks.1.attn.h6,charged_hadron<-electron,0.018500015139579773,7.403731190909942e-05,0.000156614520749303,1.216351473436359e-05,0.0001676183333620429,-8.257720884020357e-05,6.187379717473583e-05,7.403731190909942e-05,0.00011532591632920121
signed_hqql_tbl,mod.blocks.1.attn.h0,charged_hadron<-neutral_hadron,0.01809964907937357,-4.2147191270079766e-05,0.00010119129107966706,-1.5021984713353966e-05,6.290400159303788e-05,-0.00014333848234974683,-2.71252065567258e-05,4.2147191270079766e-05,0.00011381643244495317
signed_hqql_tbl,mod.cls_blocks.1.attn.h3,CLS<-neutral_hadron,0.021414880485584337,-0.00010746012689889453,-9.554920122898716e-05,-0.0007526460021255573,2.3513545620983514e-05,-1.191092566990737e-05,0.0006451858752266628,0.00010746012689889453,0.00011341558973384822
B_tbl_minus_hqql,mod.blocks.3.attn.h1,neutral_hadron<-electron,0.010105607341285105,-7.55629066757306e-05,0.0,0.0,0.0,-7.55629066757306e-05,-7.55629066757306e-05,7.55629066757306e-05,0.0001133443600135959
signed_hqql_tbl,mod.blocks.3.attn.h6,muon<-electron,0.006063863635063171,6.815240340074524e-05,-2.1811769329360686e-05,0.0,0.0,8.996417273010593e-05,6.815240340074524e-05,6.815240340074524e-05,0.00011313448976579821
B_tbl_minus_hqql,mod.blocks.4.attn.h4,charged_hadron<-muon,0.025922266766428947,-7.521792576881126e-05,0.0,0.0,0.0,-7.521792576881126e-05,-7.521792576881126e-05,7.521792576881126e-05,0.00011282688865321688
signed_hqql_tbl,mod.blocks.3.attn.h2,neutral_hadron<-photon,0.023866818731944565,-6.4372248718741e-05,3.2225303896908185e-05,-3.826748577896565e-05,9.4097533476228e-05,-9.659755261564917e-05,-2.6104762939775348e-05,6.4372248718741e-05,0.00011267102502656558
signed_hqql_tbl,mod.blocks.0.attn.h6,photon<-electron,0.03228608670273447,-4.5843924986334836e-05,-0.00017902475217986783,4.700335661514795e-05,-8.65019846969517e-05,0.00013318082719353299,-9.284728160148279e-05,4.5843924986334836e-05,0.00011243433858310132
B_tbl_minus_hqql,mod.blocks.7.attn.h4,charged_hadron<-muon,0.1006365716457367,-7.493916200473905e-05,0.0,0.0,0.0,-7.493916200473905e-05,-7.493916200473905e-05,7.493916200473905e-05,0.00011240874300710857
signed_hqql_tbl,mod.blocks.3.attn.h7,muon<-photon,0.026001636981964112,7.724556140601634e-05,7.0071002578754956e-06,-9.047407435164565e-05,7.536945850006305e-05,7.023846114814085e-05,0.000167719635757662,7.724556140601634e-05,0.00011236479198008676
B_tbl_minus_hqql,mod.blocks.1.attn.h0,muon<-neutral_hadron,0.018277956545352934,-7.484948728233575e-05,0.0,0.0,0.0,-7.484948728233575e-05,-7.484948728233575e-05,7.484948728233575e-05,0.00011227423092350363
signed_hqql_tbl,mod.cls_blocks.1.attn.h0,CLS<-CLS,0.0029816233000019565,-2.825099227266037e-05,0.00013959200403546035,0.0,0.0,-0.00016784299630812072,-2.825099227266037e-05,2.825099227266037e-05,0.00011217249042672073
B_tbl_minus_hqql,mod.blocks.3.attn.h0,neutral_hadron<-neutral_hadron,0.027198037039106865,7.476205655621015e-05,0.0,0.0,0.0,7.476205655621015e-05,7.476205655621015e-05,7.476205655621015e-05,0.00011214308483431523
signed_hqql_tbl,mod.blocks.4.attn.h0,electron<-photon,0.016346617806248548,-2.45714517205204e-05,-0.0001996421633521095,3.482482939684165e-05,-2.3555959614895983e-05,0.0001750707116315891,-5.939628111736205e-05,2.45714517205204e-05,0.00011210680753631494
signed_hqql_tbl,mod.blocks.0.attn.h6,photon<-muon,0.03545510292053223,6.283860187977552e-05,-3.551561875562919e-05,-7.376130781180801e-05,4.5123102609068155e-05,9.835422063540471e-05,0.00013659990969158353,6.283860187977552e-05,0.00011201571219747788
signed_hqql_tbl,mod.blocks.2.attn.h6,electron<-charged_hadron,0.03973619852747236,-8.219900371928123e-05,-2.2684163978379786e-05,-8.965904681258246e-05,2.7161826146766543e-05,-5.951483974090145e-05,7.460043093301225e-06,8.219900371928123e-05,0.00011195642358973196
B_tbl_minus_hqql,mod.blocks.1.attn.h3,electron<-charged_hadron,0.02169605450970786,7.463075841466586e-05,0.0,0.0,0.0,7.463075841466586e-05,7.463075841466586e-05,7.463075841466586e-05,0.00011194613762199879
signed_hqql_tbl,mod.blocks.0.attn.h2,electron<-photon,0.021273561609469777,4.805548673086777e-05,-7.967554998618585e-05,0.00012615632710679035,1.2491764209698886e-05,0.00012773103671705362,-7.810084037592258e-05,4.805548673086777e-05,0.00011192100508939458
signed_hqql_tbl,mod.blocks.3.attn.h0,muon<-charged_hadron,0.02927577495574951,7.956822810228914e-05,1.544387300665944e-05,0.0003921310417354107,-0.00022711098426952958,6.41243550956297e-05,-0.00031256281363312155,7.956822810228914e-05,0.00011163040565010399
B_tbl_minus_hqql,mod.cls_blocks.1.attn.h6,CLS<-charged_hadron,0.021896237360840287,-7.441339460432356e-05,0.0,0.0,0.0,-7.441339460432356e-05,-7.441339460432356e-05,7.441339460432356e-05,0.00011162009190648534
B_tbl_minus_hqql,mod.blocks.0.attn.h6,electron<-charged_hadron,0.037921716059957235,-7.422072147684438e-05,0.0,0.0,0.0,-7.422072147684438e-05,-7.422072147684438e-05,7.422072147684438e-05,0.00011133108221526657
signed_hqql_tbl,mod.blocks.2.attn.h5,electron<-charged_hadron,0.027314830748807816,8.931906623253045e-05,4.57491686878105e-05,4.2655039578676224e-05,-4.939279519021511e-05,4.356989754471995e-05,4.6664026653854226e-05,8.931906623253045e-05,0.00011110401500489042
B_tbl_minus_hqql,mod.blocks.1.attn.h6,charged_hadron<-electron,0.018500017268317088,7.403740129943582e-05,0.0,0.0,0.0,7.403740129943582e-05,7.403740129943582e-05,7.403740129943582e-05,0.00011105610194915372
signed_hqql_tbl,mod.blocks.0.attn.h4,neutral_hadron<-photon,0.015754611517632255,-6.345390275736543e-05,3.156938008171494e-05,-9.084364551502067e-05,0.0001024304108475061,-9.502328283908038e-05,2.738974275765523e-05,6.345390275736543e-05,0.00011096554417690562
signed_hqql_tbl,mod.blocks.7.attn.h2,electron<-photon,0.021486094812067542,1.0511011634839744e-05,-0.00018783911321036242,8.094255151393424e-05,-1.604254066478461e-05,0.00019835012484520215,-7.043153987909449e-05,1.0511011634839744e-05,0.00010968607405744082
signed_hqql_tbl,mod.blocks.0.attn.h1,neutral_hadron<-charged_hadron,0.0264795143731168,-6.839698143666989e-05,1.362401884008941e-05,-1.217536448580519e-05,2.4557738506329148e-05,-8.20210002767593e-05,-5.62216169508647e-05,6.839698143666989e-05,0.00010940748157504954
B_tbl_minus_hqql,mod.blocks.2.attn.h4,muon<-charged_hadron,0.0341537706553936,-7.283499871846288e-05,0.0,0.0,0.0,-7.283499871846288e-05,-7.283499871846288e-05,7.283499871846288e-05,0.00010925249807769433
signed_hqql_tbl,mod.blocks.5.attn.h5,photon<-electron,0.018032065615421387,1.7529378580762362e-05,-0.0001652694272774237,-2.633268455351104e-07,-4.157418879913166e-05,0.00018279880585818608,1.7792705426297473e-05,1.7529378580762362e-05,0.0001089287815098554
signed_hqql_tbl,mod.blocks.5.attn.h4,muon<-muon,0.004735469818115234,-6.925415800651535e-05,9.658024325176484e-06,-7.000970799708739e-05,4.8623073212183954e-05,-7.891218233169184e-05,7.555499905720353e-07,6.925415800651535e-05,0.00010871024917236127
B_tbl_minus_hqql,mod.cls_blocks.1.attn.h3,charged_hadron<-photon,0.01857803717344821,-7.238589132394262e-05,0.0,0.0,0.0,-7.238589132394262e-05,-7.238589132394262e-05,7.238589132394262e-05,0.00010857883698591394
B_tbl_minus_hqql,mod.cls_blocks.1.attn.h1,photon<-photon,0.020663281539817908,-7.230540222145145e-05,0.0,0.0,0.0,-7.230540222145145e-05,-7.230540222145145e-05,7.230540222145145e-05,0.00010845810333217718
B_tbl_minus_hqql,mod.blocks.4.attn.h3,neutral_hadron<-muon,0.06654790043830872,7.223247666843235e-05,0.0,0.0,0.0,7.223247666843235e-05,7.223247666843235e-05,7.223247666843235e-05,0.00010834871500264853
B_tbl_minus_hqql,mod.cls_blocks.1.attn.h2,photon<-neutral_hadron,0.01273883253452368,-7.195386902262377e-05,0.0,0.0,0.0,-7.195386902262377e-05,-7.195386902262377e-05,7.195386902262377e-05,0.00010793080353393566
B_tbl_minus_hqql,mod.blocks.3.attn.h4,neutral_hadron<-muon,0.016143280267715453,7.193738128989935e-05,0.0,0.0,0.0,7.193738128989935e-05,7.193738128989935e-05,7.193738128989935e-05,0.00010790607193484903
signed_hqql_tbl,mod.blocks.7.attn.h0,charged_hadron<-muon,0.04578382894396782,3.6454810469876975e-05,0.00017907088383650169,-0.00023735112044960261,4.724953627869995e-05,-0.0001426160733666247,0.0002738059309194796,3.6454810469876975e-05,0.00010776284715318933
signed_hqql_tbl,mod.cls_blocks.1.attn.h4,muon<-neutral_hadron,0.0,0.0,-0.00021547992946580052,0.0,0.0,0.00021547992946580052,0.0,0.0,0.00010773996473290026
signed_hqql_tbl,mod.blocks.2.attn.h6,electron<-muon,0.010585847310721874,7.89122495916672e-05,2.1850357370567508e-05,0.0,0.0,5.70618922210997e-05,7.89122495916672e-05,7.89122495916672e-05,0.00010744319570221705
B_tbl_minus_hqql,mod.blocks.6.attn.h1,muon<-neutral_hadron,0.0041734367609024044,7.162074325606227e-05,0.0,0.0,0.0,7.162074325606227e-05,7.162074325606227e-05,7.162074325606227e-05,0.0001074311148840934
B_tbl_minus_hqql,mod.blocks.2.attn.h7,neutral_hadron<-muon,0.039224207401275635,-7.153362967073917e-05,0.0,0.0,0.0,-7.153362967073917e-05,-7.153362967073917e-05,7.153362967073917e-05,0.00010730044450610875
signed_hqql_tbl,mod.blocks.7.attn.h2,photon<-electron,0.008181396417501496,1.8672353024424121e-06,0.00021240966369212537,-4.441512101038825e-05,-7.5274523680946e-07,-0.00021054242838968294,4.628235631283066e-05,1.8672353024424121e-06,0.00010713844949728388
signed_hqql_tbl,mod.blocks.1.attn.h1,charged_hadron<-neutral_hadron,0.02110977944205789,-5.962619458844348e-05,3.455729973679104e-05,-3.70138899372906e-05,3.374648322963832e-05,-9.418349432523452e-05,-2.2612304651152876e-05,5.962619458844348e-05,0.00010671794175106074
signed_hqql_tbl,mod.blocks.4.attn.h3,muon<-photon,0.015250836610794067,5.641502793878317e-05,-4.3865584685638746e-05,5.0948444931280046e-05,-4.820067260880023e-06,0.00010028061262442192,5.466583007503126e-06,5.641502793878317e-05,0.00010655533425099414
signed_hqql_tbl,mod.cls_blocks.1.attn.h0,photon<-electron,0.0015722347889095545,5.9017445892095566e-05,-3.5905269214708824e-05,0.0,0.0,9.492271510680439e-05,5.9017445892095566e-05,5.9017445892095566e-05,0.00010647880344549776
B_tbl_minus_hqql,mod.blocks.7.attn.h5,charged_hadron<-muon,0.10667857527732849,7.079749047989026e-05,0.0,0.0,0.0,7.079749047989026e-05,7.079749047989026e-05,7.079749047989026e-05,0.00010619623571983539
B_tbl_minus_hqql,mod.blocks.2.attn.h7,charged_hadron<-muon,0.022298792377114296,7.068442937452346e-05,0.0,0.0,0.0,7.068442937452346e-05,7.068442937452346e-05,7.068442937452346e-05,0.00010602664406178519
B_tbl_minus_hqql,mod.blocks.0.attn.h7,neutral_hadron<-muon,0.012231016159057617,-7.06452876329422e-05,0.0,0.0,0.0,-7.06452876329422e-05,-7.06452876329422e-05,7.06452876329422e-05,0.00010596793144941331
B_tbl_minus_hqql,mod.blocks.4.attn.h2,charged_hadron<-electron,0.01450403637829281,-7.029269943900762e-05,0.0,0.0,0.0,-7.029269943900762e-05,-7.029269943900762e-05,7.029269943900762e-05,0.00010543904915851143
signed_hqql_tbl,mod.blocks.7.attn.h0,muon<-electron,1.7009921066346578e-05,1.427250992946938e-07,0.00020982290152460337,0.0,0.0,-0.00020968017642530867,1.427250992946938e-07,1.427250992946938e-07,0.00010498281331194903
B_tbl_minus_hqql,mod.blocks.7.attn.h3,muon<-charged_hadron,0.05849941819906235,-6.997400487307459e-05,0.0,0.0,0.0,-6.997400487307459e-05,-6.997400487307459e-05,6.997400487307459e-05,0.00010496100730961189
B_tbl_minus_hqql,mod.blocks.2.attn.h6,neutral_hadron<-muon,0.005331254377961159,6.992780254222453e-05,0.0,0.0,0.0,6.992780254222453e-05,6.992780254222453e-05,6.992780254222453e-05,0.00010489170381333679
signed_hqql_tbl,mod.blocks.6.attn.h5,electron<-charged_hadron,0.024525277671359834,2.9820854251738638e-05,0.00017880883251288624,-1.2102756306700324e-05,1.2294606240175198e-05,-0.0001489879782611476,4.192361055843896e-05,2.9820854251738638e-05,0.00010431484338231244
signed_hqql_tbl,mod.blocks.1.attn.h4,charged_hadron<-electron,0.013823488993304116,-4.409163306090271e-05,7.628213656558231e-05,3.4528767727529524e-05,5.670080718118697e-05,-0.00012037376962648503,-7.862040078843223e-05,4.409163306090271e-05,0.00010427851787414523
signed_hqql_tbl,mod.blocks.4.attn.h5,electron<-electron,0.06304792542798371,2.4421989562897454e-05,0.00018361998241574196,0.0002860649028472532,1.673425715864596e-05,-0.0001591979928528445,-0.0002616429132843558,2.4421989562897454e-05,0.0001040209859893197
signed_hqql_tbl,mod.blocks.3.attn.h1,charged_hadron<-muon,0.0074964058585464954,3.465667396085337e-05,0.00017335047148383007,0.00017337755998596548,4.332900359506973e-05,-0.0001386937975229767,-0.0001387208860251121,3.465667396085337e-05,0.00010400357272234172
signed_hqql_tbl,mod.blocks.2.attn.h1,electron<-neutral_hadron,0.021491471815992286,-6.2229819444905e-05,2.1203766759993558e-05,-0.00012498169642640277,4.845835610467475e-05,-8.343358620489856e-05,6.275187698149777e-05,6.2229819444905e-05,0.00010394661254735428
B_tbl_minus_hqql,mod.blocks.5.attn.h4,muon<-muon,0.004735477268695831,-6.925426714587957e-05,0.0,0.0,0.0,-6.925426714587957e-05,-6.925426714587957e-05,6.925426714587957e-05,0.00010388140071881935
signed_hqql_tbl,mod.blocks.0.attn.h5,neutral_hadron<-charged_hadron,0.02642715665138736,-6.218475390079559e-05,2.0833411746515103e-05,-5.040269373021258e-06,-3.2411918646535843e-06,-8.30181656473107e-05,-5.7144484527774335e-05,6.218475390079559e-05,0.00010369383672445094
signed_hqql_tbl,mod.blocks.6.attn.h5,electron<-electron,0.02815831448166111,4.219234124983965e-05,-8.032061218458605e-05,0.000336209737090698,2.5403759598541243e-05,0.0001225129534344257,-0.00029401739584085834,4.219234124983965e-05,0.0001034488179670525
B_tbl_minus_hqql,mod.blocks.4.attn.h2,muon<-charged_hadron,0.0358571857213974,-6.894279067637399e-05,0.0,0.0,0.0,-6.894279067637399e-05,-6.894279067637399e-05,6.894279067637399e-05,0.00010341418601456098
signed_hqql_tbl,mod.blocks.5.attn.h5,neutral_hadron<-electron,0.007853342703095189,-3.2003674143062973e-06,-0.00020346537336847273,4.569559569063131e-06,-1.635905528019066e-05,0.00020026500595416642,-7.769926983369428e-06,3.2003674143062973e-06,0.0001033328703913895
signed_hqql_tbl,mod.blocks.2.attn.h6,neutral_hadron<-muon,0.0053312528878450395,6.992776761762797e-05,4.106421329197474e-06,-0.0003205880057066679,-1.7801490078757826e-05,6.58213462884305e-05,0.0003905157733242959,6.992776761762797e-05,0.00010283844076184322
B_tbl_minus_hqql,mod.blocks.0.attn.h1,neutral_hadron<-charged_hadron,0.026479514172765055,-6.839698097402497e-05,0.0,0.0,0.0,-6.839698097402497e-05,-6.839698097402497e-05,6.839698097402497e-05,0.00010259547146103745
signed_hqql_tbl,mod.blocks.5.attn.h3,charged_hadron<-muon,0.01619245484471321,4.4736625568475574e-05,-7.092936833102543e-05,-1.2781641271430998e-05,-2.0476503943262454e-05,0.000115665993899501,5.7518266839906576e-05,4.4736625568475574e-05,0.00010256962251822607
B_tbl_minus_hqql,mod.blocks.7.attn.h0,photon<-muon,0.038134255409240723,-6.832324899733066e-05,0.0,0.0,0.0,-6.832324899733066e-05,-6.832324899733066e-05,6.832324899733066e-05,0.000102484873495996
signed_hqql_tbl,mod.blocks.2.attn.h3,electron<-electron,0.03518667330596751,-2.2138289055975394e-05,-0.00018261539842368002,0.00015116832817814915,3.365333977853879e-05,0.00016047710936770463,-0.00017330661723412454,2.2138289055975394e-05,0.0001023768437398277
B_tbl_minus_hqql,mod.blocks.3.attn.h6,muon<-electron,0.006063863635063171,6.81523306411691e-05,0.0,0.0,0.0,6.81523306411691e-05,6.81523306411691e-05,6.81523306411691e-05,0.00010222849596175365
signed_hqql_tbl,mod.blocks.1.attn.h1,muon<-charged_hadron,0.01696484535932541,-4.897043982055038e-05,5.718912535275404e-05,-0.00010041233617812395,0.0001601532038131898,-0.00010615956517330442,5.144189635757357e-05,4.897043982055038e-05,0.00010205022240720259
signed_hqql_tbl,mod.blocks.0.attn.h2,neutral_hadron<-charged_hadron,0.030436807587033227,-5.182766333399784e-05,4.859636281347109e-05,-0.00017942407422463468,0.00022440271695604785,-0.00010042402614746893,0.00012759641089063684,5.182766333399784e-05,0.0001020396764077323
B_tbl_minus_hqql,mod.blocks.2.attn.h0,charged_hadron<-neutral_hadron,0.015923876188048462,-6.801383465486748e-05,0.0,0.0,0.0,-6.801383465486748e-05,-6.801383465486748e-05,6.801383465486748e-05,0.00010202075198230122
B_tbl_minus_hqql,mod.cls_blocks.1.attn.h4,charged_hadron<-photon,0.013285705808572426,-6.797383392988119e-05,0.0,0.0,0.0,-6.797383392988119e-05,-6.797383392988119e-05,6.797383392988119e-05,0.00010196075089482178
signed_hqql_tbl,mod.blocks.2.attn.h0,neutral_hadron<-neutral_hadron,0.014360617512272151,2.8647872903519088e-05,-0.0001176099215866538,0.000219521748912575,3.670864228072145e-05,0.00014625779449017288,-0.00019087387600905592,2.8647872903519088e-05,0.00010177677014860553
signed_hqql_tbl,mod.blocks.4.attn.h5,muon<-neutral_hadron,7.954505272209645e-05,1.2295205351620097e-07,-0.00020252158098325404,-0.00018065303447656333,1.2084651542762811e-05,0.00020264453303677025,0.00018077598653007954,1.2295205351620097e-07,0.00010144521857190133
B_tbl_minus_hqql,mod.blocks.3.attn.h0,electron<-muon,0.014337148517370224,6.755417416570708e-05,0.0,0.0,0.0,6.755417416570708e-05,6.755417416570708e-05,6.755417416570708e-05,0.00010133126124856062
signed_hqql_tbl,mod.blocks.3.attn.h5,photon<-electron,0.015105065533785315,-1.1379320275727508e-05,-0.00019105560344609396,7.68937575880305e-05,6.039626896381378e-07,0.00017967628317036645,-8.8273077863758e-05,1.1379320275727508e-05,0.00010121746186091073
B_tbl_minus_hqql,mod.blocks.6.attn.h3,electron<-electron,0.2502141059893701,6.727547351046168e-05,0.0,0.0,0.0,6.727547351046168e-05,6.727547351046168e-05,6.727547351046168e-05,0.00010091321026569253
signed_hqql_tbl,mod.blocks.3.attn.h6,charged_hadron<-muon,0.006187118124216795,4.81765964650549e-05,-5.70834168824009e-05,2.873332778108306e-06,3.268154316835783e-05,0.0001052600133474558,4.5303263686946596e-05,4.81765964650549e-05,0.0001008066031387828
signed_hqql_tbl,mod.blocks.2.attn.h4,photon<-muon,0.03947154521942139,-7.399801397696137e-06,0.0001793335326702187,1.1024359818769708e-05,0.00012181657803012058,-0.00018673333406791484,-1.8424161216465845e-05,7.399801397696137e-06,0.00010076646843165356
signed_hqql_tbl,mod.blocks.1.attn.h5,photon<-electron,0.01840139453004046,5.094746669103217e-05,-4.868492143470104e-05,0.00014314742644013938,-5.9330692238290794e-05,9.963238812573321e-05,-9.21999597491072e-05,5.094746669103217e-05,0.00010076366075389878
signed_hqql_tbl,mod.blocks.7.attn.h6,charged_hadron<-muon,0.01833818294107914,6.025830589351244e-05,-2.0459070816659965e-05,6.87865074723959e-05,-2.7188323491083626e-05,8.071737671017241e-05,-8.528201578883451e-06,6.025830589351244e-05,0.00010061699424859864
signed_hqql_tbl,mod.blocks.6.attn.h5,neutral_hadron<-electron,0.028466601338651445,-2.381950253038667e-05,-0.00017712428425990142,2.370767353568226e-05,-0.00010309660865459591,0.00015330478172951475,-4.752717606606893e-05,2.381950253038667e-05,0.00010047189339514404
signed_hqql_tbl,mod.blocks.1.attn.h1,neutral_hadron<-muon,0.023891401290893555,-4.329722141847014e-05,-0.00015743753707890087,4.173085108050145e-05,-0.00010926414203519623,0.00011414031566043072,-8.50280724989716e-05,4.329722141847014e-05,0.00010036737924868551
signed_hqql_tbl,mod.blocks.2.attn.h2,photon<-neutral_hadron,0.014351432706334169,4.99785109613346e-05,-5.0048746781354866e-05,2.3121296716662204e-05,-3.271911165182415e-05,0.00010002725774268947,2.6857214244672395e-05,4.99785109613346e-05,9.999213983267933e-05
B_tbl_minus_hqql,mod.blocks.1.attn.h1,electron<-neutral_hadron,0.020295281101156165,-6.633983435609412e-05,0.0,0.0,0.0,-6.633983435609412e-05,-6.633983435609412e-05,6.633983435609412e-05,9.950975153414118e-05
signed_hqql_tbl,mod.blocks.1.attn.h4,charged_hadron<-neutral_hadron,0.023594516332076043,5.4622307049334885e-05,-3.512559060666816e-05,1.6400920297921314e-05,-5.505589121836089e-05,8.974789765600304e-05,3.822138675141357e-05,5.4622307049334885e-05,9.94962558773364e-05
signed_hqql_tbl,mod.blocks.3.attn.h5,electron<-electron,0.028849650793341022,-3.770611254832406e-05,8.54943082044396e-05,0.0013613356531057736,8.464980392322019e-05,-0.00012320042075276364,-0.0013990417656540978,3.770611254832406e-05,9.930632292470588e-05
signed_hqql_tbl,mod.blocks.0.attn.h2,charged_hadron<-muon,0.030421413481235504,-3.700568413478322e-05,8.72883963613556e-05,0.00011709262616932392,7.062335763211277e-05,-0.00012429408049613883,-0.00015409831030410714,3.700568413478322e-05,9.915272438285264e-05
signed_hqql_tbl,mod.blocks.4.attn.h2,charged_hadron<-neutral_hadron,0.01567106213556284,5.183538855040441e-05,-4.264547450819276e-05,2.4886155371466214e-05,-5.4317504737887765e-05,9.448086305859717e-05,2.6949233178938197e-05,5.183538855040441e-05,9.9075820079703e-05
signed_hqql_tbl,mod.cls_blocks.1.attn.h7,muon<-CLS,0.0,0.0,-0.00019811342644970864,0.0,0.0,0.00019811342644970864,0.0,0.0,9.905671322485432e-05
signed_hqql_tbl,mod.blocks.0.attn.h6,electron<-neutral_hadron,0.012238247251069104,5.37309485177199e-05,-3.688755168695934e-05,-2.319964609341696e-05,0.0005106397700274101,9.061850020467924e-05,7.693059461113687e-05,5.37309485177199e-05,9.904019862005953e-05
B_tbl_minus_hqql,mod.cls_blocks.1.attn.h6,photon<-photon,0.02239657299859183,-6.596500949039088e-05,0.0,0.0,0.0,-6.596500949039088e-05,-6.596500949039088e-05,6.596500949039088e-05,9.894751423558632e-05
signed_hqql_tbl,mod.blocks.0.attn.h1,muon<-charged_hadron,0.015667811036109924,-5.5633059673709795e-05,3.096643866648754e-05,5.035422509536147e-05,0.0002657869005237113,-8.659949834019734e-05,-0.00010598728476907127,5.5633059673709795e-05,9.893280884380847e-05
signed_hqql_tbl,mod.blocks.3.attn.h2,charged_hadron<-photon,0.017238133494940747,3.75473681433263e-05,-8.474263638100811e-05,5.839410886880556e-06,-6.902765396483643e-05,0.0001222900045243344,3.170795725644574e-05,3.75473681433263e-05,9.86923704054935e-05
B_tbl_minus_hqql,mod.blocks.6.attn.h7,neutral_hadron<-muon,0.042663547396659854,6.570462137460709e-05,0.0,0.0,0.0,6.570462137460709e-05,6.570462137460709e-05,6.570462137460709e-05,9.855693206191064e-05
signed_hqql_tbl,mod.blocks.1.attn.h2,neutral_hadron<-electron,0.009562691466675865,-4.421301936316821e-05,6.432569276320895e-05,-2.0054480992257594e-05,6.724104468958103e-05,-0.00010853871212637716,-2.4158538370910618e-05,4.421301936316821e-05,9.84823754263568e-05
B_tbl_minus_hqql,mod.blocks.1.attn.h4,electron<-photon,0.012404194934581354,-6.535438237696643e-05,0.0,0.0,0.0,-6.535438237696643e-05,-6.535438237696643e-05,6.535438237696643e-05,9.803157356544965e-05
signed_hqql_tbl,mod.blocks.0.attn.h1,photon<-neutral_hadron,0.027987397144156982,-4.660657577457797e-05,5.618838293792034e-05,-2.705380986833113e-05,1.0956012313628403e-05,-0.00010279495871249831,-1.9552765906246843e-05,4.660657577457797e-05,9.800405513082713e-05
B_tbl_minus_hqql,mod.blocks.6.attn.h6,photon<-muon,0.03630695581436157,6.511832121759653e-05,0.0,0.0,0.0,6.511832121759653e-05,6.511832121759653e-05,6.511832121759653e-05,9.767748182639479e-05
B_tbl_minus_hqql,mod.blocks.0.attn.h1,photon<-muon,0.04220956802368164,-6.507587153464556e-05,0.0,0.0,0.0,-6.507587153464556e-05,-6.507587153464556e-05,6.507587153464556e-05,9.761380730196833e-05
signed_hqql_tbl,mod.blocks.0.attn.h7,muon<-electron,1.22745714179473e-05,-1.681563901456684e-07,0.00019471134874038398,0.0,0.0,-0.00019487950513052965,-1.681563901456684e-07,1.681563901456684e-07,9.76079089554105e-05
signed_hqql_tbl,mod.blocks.6.attn.h3,charged_hadron<-electron,0.08437172217028481,9.144017842897614e-05,0.00010249495980767251,0.00010071639185664298,-7.653341162949801e-07,-1.1054781378696372e-05,-9.27621342766684e-06,9.144017842897614e-05,9.696756911832432e-05
signed_hqql_tbl,mod.blocks.4.attn.h6,charged_hadron<-muon,0.012111670337617397,7.744260074105114e-06,-0.00017054777783461107,-1.2856752437073738e-05,-5.362789141310548e-05,0.00017829203790871618,2.0601012511178852e-05,7.744260074105114e-06,9.68902790284632e-05
B_tbl_minus_hqql,mod.blocks.3.attn.h2,neutral_hadron<-photon,0.02386681775789003,-6.437225867001928e-05,0.0,0.0,0.0,-6.437225867001928e-05,-6.437225867001928e-05,6.437225867001928e-05,9.655838800502892e-05
signed_hqql_tbl,mod.blocks.1.attn.h0,muon<-charged_hadron,0.01943299174308777,-9.361150659970008e-06,0.0001638724008957163,0.00015596055891364813,-5.9644334462725304e-05,-0.0001732335515556863,-0.00016532170957361814,9.361150659970008e-06,9.597792643781316e-05
B_tbl_minus_hqql,mod.blocks.6.attn.h4,charged_hadron<-muon,0.04334428161382675,-6.39323698123917e-05,0.0,0.0,0.0,-6.39323698123917e-05,-6.39323698123917e-05,6.39323698123917e-05,9.589855471858755e-05
signed_hqql_tbl,mod.blocks.1.attn.h7,photon<-muon,0.06198784828186035,3.0608486849814655e-06,0.00018840583997141374,2.7158580321286407e-05,0.00014054807616048492,-0.00018534499128643227,-2.4097731636304943e-05,3.0608486849814655e-06,9.57333443281976e-05
signed_hqql_tbl,mod.blocks.0.attn.h7,charged_hadron<-muon,0.019464515149593353,-2.7830201361211948e-05,0.0001078396005770908,-1.347997022094205e-05,-4.948866659436714e-05,-0.00013566980193830276,-1.4350231140269898e-05,2.7830201361211948e-05,9.566510233036333e-05
signed_hqql_tbl,mod.blocks.1.attn.h7,neutral_hadron<-electron,0.008776379749178886,-3.709843979406826e-05,7.952821627106077e-05,-0.00014168436697218568,-0.0003600238742365036,-0.00011662665606512903,0.00010458592717811742,3.709843979406826e-05,9.541176782663277e-05
signed_hqql_tbl,mod.blocks.4.attn.h3,charged_hadron<-electron,0.01604032392303149,-5.448628819846947e-05,2.7252375642119934e-05,-4.473882633657462e-07,-7.993868784978986e-06,-8.17386638405894e-05,-5.4038899935103726e-05,5.448628819846947e-05,9.535562011876417e-05
signed_hqql_tbl,mod.blocks.0.attn.h4,photon<-muon,0.039105751514434815,8.819175884127616e-05,7.396161795201663e-05,6.65195541278947e-05,0.00010980552997352788,1.4230140889259533e-05,2.1672204713381465e-05,8.819175884127616e-05,9.530682928590592e-05
B_tbl_minus_hqql,mod.blocks.2.attn.h2,electron<-photon,0.019213749625818517,6.348104878684612e-05,0.0,0.0,0.0,6.348104878684612e-05,6.348104878684612e-05,6.348104878684612e-05,9.522157318026917e-05
B_tbl_minus_hqql,mod.blocks.0.attn.h4,neutral_hadron<-photon,0.015754611405241346,-6.345392997703843e-05,0.0,0.0,0.0,-6.345392997703843e-05,-6.345392997703843e-05,6.345392997703843e-05,9.518089496555764e-05
signed_hqql_tbl,mod.blocks.6.attn.h2,muon<-electron,1.9208209778298624e-05,7.469448348729202e-08,0.00019001257896889,0.0,0.0,-0.00018993788448540272,7.469448348729202e-08,7.469448348729202e-08,9.504363672618865e-05
signed_hqql_tbl,mod.blocks.4.attn.h6,photon<-muon,0.005985633730888367,1.6603915719315408e-05,-0.00014016570639796555,2.961362423818736e-05,3.1434145967068616e-05,0.00015676962211728097,-1.300970851887195e-05,1.6603915719315408e-05,9.498872677795588e-05
B_tbl_minus_hqql,mod.blocks.0.attn.h1,charged_hadron<-neutral_hadron,0.02841783738603779,-6.332551468299384e-05,0.0,0.0,0.0,-6.332551468299384e-05,-6.332551468299384e-05,6.332551468299384e-05,9.498827202449075e-05
signed_hqql_tbl,mod.blocks.1.attn.h2,electron<-photon,0.0206653928853632,6.09771513694337e-05,-6.995360470480389e-06,0.00011382387934385665,3.6449147955863737e-05,6.797251183991409e-05,-5.284672797442295e-05,6.09771513694337e-05,9.496340728939074e-05
B_tbl_minus_hqql,mod.blocks.0.attn.h6,photon<-muon,0.035455100536346436,6.283854134380817e-05,0.0,0.0,0.0,6.283854134380817e-05,6.283854134380817e-05,6.283854134380817e-05,9.425781201571225e-05
B_tbl_minus_hqql,mod.blocks.3.attn.h2,neutral_hadron<-muon,0.011996974796056747,-6.274695042520761e-05,0.0,0.0,0.0,-6.274695042520761e-05,-6.274695042520761e-05,6.274695042520761e-05,9.412042563781141e-05
signed_hqql_tbl,mod.blocks.2.attn.h2,charged_hadron<-photon,0.01892549622478959,4.685106454551616e-05,-4.728232020519707e-05,3.2249394200587926e-05,-6.921248524126404e-05,9.413338475071324e-05,1.4601670344928232e-05,4.685106454551616e-05,9.391775692087277e-05
signed_hqql_tbl,mod.blocks.2.attn.h2,electron<-photon,0.019213749141227907,6.348114154051717e-05,2.7525838150823904e-06,0.0002642198815010488,-0.0001435721405869117,6.072855772543478e-05,-0.00020073873996053165,6.348114154051717e-05,9.384542040323456e-05
B_tbl_minus_hqql,mod.blocks.0.attn.h2,muon<-charged_hadron,0.042179182171821594,6.230596773093566e-05,0.0,0.0,0.0,6.230596773093566e-05,6.230596773093566e-05,6.230596773093566e-05,9.34589515964035e-05
B_tbl_minus_hqql,mod.blocks.7.attn.h4,neutral_hadron<-muon,0.11501225233078002,-6.225043907761573e-05,0.0,0.0,0.0,-6.225043907761573e-05,-6.225043907761573e-05,6.225043907761573e-05,9.33756586164236e-05
signed_hqql_tbl,mod.cls_blocks.1.attn.h3,charged_hadron<-electron,0.01078907260671258,6.223178206710145e-05,0.0,-3.631591971497983e-05,0.0,6.223178206710145e-05,9.854770178208128e-05,6.223178206710145e-05,9.334767310065217e-05
B_tbl_minus_hqql,mod.blocks.2.attn.h1,electron<-neutral_hadron,0.021491476783046016,-6.22298877580626e-05,0.0,0.0,0.0,-6.22298877580626e-05,-6.22298877580626e-05,6.22298877580626e-05,9.334483163709389e-05
B_tbl_minus_hqql,mod.blocks.0.attn.h5,neutral_hadron<-charged_hadron,0.02642715711887477,-6.218475817261833e-05,0.0,0.0,0.0,-6.218475817261833e-05,-6.218475817261833e-05,6.218475817261833e-05,9.327713725892749e-05
B_tbl_minus_hqql,mod.blocks.1.attn.h4,muon<-neutral_hadron,0.010565181821584701,-6.194980232976377e-05,0.0,0.0,0.0,-6.194980232976377e-05,-6.194980232976377e-05,6.194980232976377e-05,9.292470349464566e-05
B_tbl_minus_hqql,mod.blocks.4.attn.h5,charged_hadron<-electron,0.02486265344279153,6.179394230933948e-05,0.0,0.0,0.0,6.179394230933948e-05,6.179394230933948e-05,6.179394230933948e-05,9.269091346400922e-05
B_tbl_minus_hqql,mod.blocks.6.attn.h2,muon<-charged_hadron,0.024441799148917198,-6.17480618529953e-05,0.0,0.0,0.0,-6.17480618529953e-05,-6.17480618529953e-05,6.17480618529953e-05,9.262209277949296e-05
signed_hqql_tbl,mod.blocks.7.attn.h6,muon<-charged_hadron,0.05464038625359535,-5.759354098699987e-05,1.2006725927886482e-05,-0.00028466787189245223,7.692134452306412e-06,-6.960026691488635e-05,0.00022707433090545236,5.759354098699987e-05,9.239367444444305e-05
B_tbl_minus_hqql,mod.blocks.1.attn.h7,electron<-charged_hadron,0.025278352555774507,-6.152793953550004e-05,0.0,0.0,0.0,-6.152793953550004e-05,-6.152793953550004e-05,6.152793953550004e-05,9.229190930325006e-05
signed_hqql_tbl,mod.blocks.2.attn.h4,electron<-charged_hadron,0.018519544175692966,-4.560132150626963e-05,4.72645733900594e-05,-1.883676848320783e-05,-2.2919223411008716e-05,-9.286589489632902e-05,-2.6764553023061803e-05,4.560132150626963e-05,9.203426895443414e-05
signed_hqql_tbl,mod.blocks.0.attn.h0,muon<-charged_hadron,0.01817849650979042,-4.297028499422595e-05,5.462915839579625e-05,0.000176974106580019,-9.185286365788092e-05,-9.75994433900222e-05,-0.00021994439157424495,4.297028499422595e-05,9.177000668923705e-05
signed_hqql_tbl,mod.blocks.0.attn.h2,charged_hadron<-electron,0.014173256676821481,3.3384278400002844e-05,-8.327903271878534e-05,-7.92253192449952e-05,-4.60868061054498e-05,0.00011666331111878818,0.00011260959764499804,3.3384278400002844e-05,9.171593395939693e-05
signed_hqql_tbl,mod.cls_blocks.1.attn.h1,neutral_hadron<-electron,0.0,0.0,-0.00018322489571194941,-0.000584182795137167,0.0016698618419468403,0.00018322489571194941,0.000584182795137167,0.0,9.161244785597471e-05
signed_hqql_tbl,mod.blocks.7.attn.h2,charged_hadron<-electron,0.00617147795855999,1.1514840826705386e-05,0.00017170501988871502,-0.00019217352228120086,-2.270701588713564e-06,-0.00016019017906200963,0.00020368836310790626,1.1514840826705386e-05,9.16099303577102e-05
B_tbl_minus_hqql,mod.blocks.1.attn.h2,electron<-photon,0.020665395792906847,6.0977170062137816e-05,0.0,0.0,0.0,6.0977170062137816e-05,6.0977170062137816e-05,6.0977170062137816e-05,9.146575509320673e-05
signed_hqql_tbl,mod.blocks.2.attn.h2,photon<-electron,0.016546572126993318,2.5792757230924397e-05,0.0001565579417661798,-9.967941358419402e-06,2.0688988342953962e-05,-0.0001307651845352554,3.57606985893438e-05,2.5792757230924397e-05,9.11753494985521e-05
signed_hqql_tbl,mod.blocks.7.attn.h6,electron<-neutral_hadron,0.007985254542695152,1.2222882880316186e-05,-0.0001452565518200955,2.391329438978573e-05,0.00010690266276469629,0.00015747943470041168,-1.1690411509469546e-05,1.2222882880316186e-05,9.096260023052202e-05
signed_hqql_tbl,mod.blocks.0.attn.h1,electron<-electron,0.010412424906260438,-1.9577027665541715e-05,0.0001229090490113549,1.6579124680523212e-06,-4.1123503251583316e-07,-0.00014248607667689662,-2.1234940133594035e-05,1.9577027665541715e-05,9.082006600399002e-05
signed_hqql_tbl,mod.blocks.5.attn.h2,muon<-photon,0.01620071053504944,1.5182059723883867e-05,-0.0001360695367973102,4.2598007158154536e-05,-0.00018186944089393364,0.00015125159652119405,-2.741594743427067e-05,1.5182059723883867e-05,9.080785798448089e-05
signed_hqql_tbl,mod.cls_blocks.1.attn.h0,muon<-neutral_hadron,0.0,0.0,0.00018149866082239896,0.0,0.0,-0.00018149866082239896,0.0,0.0,9.074933041119948e-05
signed_hqql_tbl,mod.blocks.3.attn.h3,muon<-neutral_hadron,0.010717140883207322,8.260018657892942e-05,9.888869044516468e-05,0.00019087790860794485,0.00032410805579274893,-1.6288503866235265e-05,-0.00010827772202901543,8.260018657892942e-05,9.074443851204705e-05
signed_hqql_tbl,mod.blocks.5.attn.h3,muon<-photon,0.01413805603981018,-1.3469444820657372e-05,-0.00016793604376480768,7.982613862536492e-06,-4.038610313727986e-05,0.00015446659894415032,-2.1452058683193864e-05,1.3469444820657372e-05,9.070274429273254e-05
B_tbl_minus_hqql,mod.blocks.7.attn.h6,charged_hadron<-muon,0.01833817921578884,6.025824768585153e-05,0.0,0.0,0.0,6.025824768585153e-05,6.025824768585153e-05,6.025824768585153e-05,9.03873715287773e-05
B_tbl_minus_hqql,mod.blocks.4.attn.h5,photon<-electron,0.021769092819555018,6.01975335166941e-05,0.0,0.0,0.0,6.01975335166941e-05,6.01975335166941e-05,6.01975335166941e-05,9.029630027504115e-05
signed_hqql_tbl,mod.blocks.1.attn.h7,muon<-photon,0.023606019020080568,7.92501587420702e-05,5.7511756925745625e-05,3.6759942304342985e-05,7.859684683353407e-05,2.173840181632458e-05,4.249021643772722e-05,7.92501587420702e-05,9.01193596502325e-05
signed_hqql_tbl,mod.blocks.7.attn.h3,photon<-electron,0.01291182237427409,-2.7606676356787454e-05,-0.00015243718393052134,0.00016600070473974223,6.016064617142547e-05,0.0001248305075737339,-0.00019360738109652968,2.7606676356787454e-05,9.00219301436544e-05
B_tbl_minus_hqql,mod.blocks.4.attn.h0,neutral_hadron<-muon,0.07402095794677735,-5.98460843320936e-05,0.0,0.0,0.0,-5.98460843320936e-05,-5.98460843320936e-05,5.98460843320936e-05,8.97691264981404e-05
B_tbl_minus_hqql,mod.blocks.7.attn.h4,photon<-muon,0.09150873184204102,-5.9731006622314453e-05,0.0,0.0,0.0,-5.9731006622314453e-05,-5.9731006622314453e-05,5.9731006622314453e-05,8.959650993347168e-05
B_tbl_minus_hqql,mod.blocks.1.attn.h1,charged_hadron<-neutral_hadron,0.02110977884100265,-5.962619432756881e-05,0.0,0.0,0.0,-5.962619432756881e-05,-5.962619432756881e-05,5.962619432756881e-05,8.943929149135321e-05
B_tbl_minus_hqql,mod.blocks.1.attn.h0,electron<-photon,0.022403736424639942,-5.960443063745109e-05,0.0,0.0,0.0,-5.960443063745109e-05,-5.960443063745109e-05,5.960443063745109e-05,8.940664595617663e-05
signed_hqql_tbl,mod.blocks.0.attn.h1,electron<-neutral_hadron,0.029570260533580073,2.8604219820678095e-05,0.00014987477908633942,-0.00010355420992709696,9.558661622577347e-05,-0.00012127055926566132,0.00013215842974777505,2.8604219820678095e-05,8.923949945350876e-05
signed_hqql_tbl,mod.blocks.2.attn.h0,charged_hadron<-electron,0.007777052621046702,2.768867541038032e-05,0.00015045009521682832,-1.9400305617814778e-05,-1.8354687199462205e-05,-0.000122761419806448,4.70889810281951e-05,2.768867541038032e-05,8.906938531360432e-05
signed_hqql_tbl,mod.blocks.0.attn.h6,electron<-charged_hadron,0.037921715350378124,-7.422082819088938e-05,-4.483473374310768e-05,4.9285266826721444e-05,-0.00013718629954382778,-2.93860944477817e-05,-0.0001235060950176108,7.422082819088938e-05,8.891387541478022e-05
signed_hqql_tbl,mod.blocks.4.attn.h7,electron<-neutral_hadron,0.04128644146301128,-4.719196348796012e-05,3.579007094039729e-05,-3.7473675911314788e-06,0.0001741931337164715,-8.298203442835741e-05,-4.344459589682864e-05,4.719196348796012e-05,8.868298070213883e-05
B_tbl_minus_hqql,mod.cls_blocks.1.attn.h2,CLS<-electron,0.006801928859204054,-5.91037176491227e-05,0.0,0.0,0.0,-5.91037176491227e-05,-5.91037176491227e-05,5.91037176491227e-05,8.865557647368404e-05
signed_hqql_tbl,mod.blocks.4.attn.h2,electron<-photon,0.012314132498047217,3.1707010149569593e-06,0.00017411596652689495,-1.0041271317667061e-05,2.91286949050118e-06,-0.000170945265511938,1.3211972332624021e-05,3.1707010149569593e-06,8.864333377092596e-05
B_tbl_minus_hqql,mod.cls_blocks.1.attn.h0,photon<-electron,0.001572235836647451,5.9017511375714093e-05,0.0,0.0,0.0,5.9017511375714093e-05,5.9017511375714093e-05,5.9017511375714093e-05,8.852626706357114e-05
signed_hqql_tbl,mod.blocks.2.attn.h7,neutral_hadron<-muon,0.03922421634197235,-7.153353071771562e-05,-0.00010490474718001981,-0.00011766883835662156,0.00017731468607154157,3.337121646230419e-05,4.6135307638905945e-05,7.153353071771562e-05,8.821913894886771e-05
signed_hqql_tbl,mod.blocks.6.attn.h2,electron<-muon,0.0002105926541844383,4.524199539446272e-07,0.00017596657562535256,0.0,0.0,-0.00017551415567140793,4.524199539446272e-07,4.524199539446272e-07,8.82094977896486e-05
signed_hqql_tbl,mod.blocks.6.attn.h6,electron<-charged_hadron,0.04209216293834504,-5.346949356386349e-05,1.592636787487815e-05,0.00040265508718660166,-3.335907822474837e-05,-6.939586143874164e-05,-0.00045612458075046516,5.346949356386349e-05,8.81674242832343e-05
signed_hqql_tbl,mod.blocks.4.attn.h3,electron<-electron,0.027966906204432637,-4.183133706137099e-05,-0.00013433937948859054,0.0003592337226715851,8.037614497879985e-06,9.250804242721955e-05,-0.0004010650597329561,4.183133706137099e-05,8.808535827498076e-05
B_tbl_minus_hqql,mod.blocks.4.attn.h1,muon<-photon,0.006477376222610473,-5.8683585375547406e-05,0.0,0.0,0.0,-5.8683585375547406e-05,-5.8683585375547406e-05,5.8683585375547406e-05,8.802537806332111e-05
signed_hqql_tbl,mod.blocks.0.attn.h7,electron<-electron,0.003965870580739445,1.3091575157078398e-05,0.0001628945117477798,5.886607178003563e-07,3.871137927546897e-07,-0.0001498029365907014,1.250291443927804e-05,1.3091575157078398e-05,8.79930434524291e-05
signed_hqql_tbl,mod.cls_blocks.1.attn.h2,charged_hadron<-electron,0.004363550688140094,5.8650191022024956e-05,0.0,-8.839316978992429e-05,0.0,5.8650191022024956e-05,0.00014704336081194924,5.8650191022024956e-05,8.797528653303743e-05
B_tbl_minus_hqql,mod.blocks.4.attn.h4,muon<-electron,0.020711036399006844,5.8118825108977035e-05,0.0,0.0,0.0,5.8118825108977035e-05,5.8118825108977035e-05,5.8118825108977035e-05,8.717823766346555e-05
signed_hqql_tbl,mod.blocks.3.attn.h7,electron<-neutral_hadron,0.01809673742563636,-1.3837278216939282e-05,0.00013257219708114127,-0.00013167386001441627,5.2712452543346444e-05,-0.00014640947529808056,0.00011783658179747699,1.3837278216939282e-05,8.704201586597956e-05
signed_hqql_tbl,mod.blocks.5.attn.h2,electron<-photon,0.018773658004233508,2.0614438794356416e-05,0.000153331504272366,3.0281763819013057e-05,-2.1653101612173487e-05,-0.0001327170654780096,-9.667325024656641e-06,2.0614438794356416e-05,8.697297153336121e-05
signed_hqql_tbl,mod.blocks.5.attn.h7,electron<-charged_hadron,0.030574294782820203,1.2369473725335584e-05,-0.0001366434753766622,-0.00011785597481561461,-0.000127443220699206,0.00014901294910199777,0.00013022544854095018,1.2369473725335584e-05,8.687594827633447e-05
signed_hqql_tbl,mod.blocks.0.attn.h6,muon<-charged_hadron,0.03224608674645424,4.3520900362636894e-05,-4.3105060915247755e-05,5.472360062412918e-05,-6.425532575866038e-05,8.662596127788465e-05,-1.1202700261492285e-05,4.3520900362636894e-05,8.683388100157923e-05
signed_hqql_tbl,mod.blocks.4.attn.h5,charged_hadron<-electron,0.024862651668843768,6.179392429268254e-05,0.00011154481555532777,9.809292842173714e-05,4.413095535710454e-05,-4.975089126264523e-05,-3.62990041290546e-05,6.179392429268254e-05,8.666936992400516e-05
B_tbl_minus_hqql,mod.blocks.7.attn.h6,muon<-charged_hadron,0.05464038625359535,-5.7593610108597204e-05,0.0,0.0,0.0,-5.7593610108597204e-05,-5.7593610108597204e-05,5.7593610108597204e-05,8.63904151628958e-05
signed_hqql_tbl,mod.blocks.0.attn.h3,neutral_hadron<-photon,0.016328605988878336,-5.281076457292617e-05,1.422979373801766e-05,-2.928676508009825e-05,2.0477826924656627e-06,-6.704055831094383e-05,-2.3523999492827917e-05,5.281076457292617e-05,8.633104372839808e-05
signed_hqql_tbl,mod.blocks.0.attn.h0,charged_hadron<-electron,0.01732443929428146,3.1119259628689e-05,-7.926837764292335e-05,-8.934407813431716e-05,-6.211351603269577e-05,0.00011038763727161235,0.00012046333776300616,3.1119259628689e-05,8.631307826449517e-05
signed_hqql_tbl,mod.blocks.2.attn.h7,charged_hadron<-muon,0.022298797965049744,7.068435661494732e-05,3.962002348345824e-05,8.802191587164998e-05,0.0001935078590494496,3.106433313148908e-05,-1.733755925670266e-05,7.068435661494732e-05,8.621652318069186e-05
B_tbl_minus_hqql,mod.blocks.2.attn.h1,muon<-photon,0.026886405944824218,-5.741139408200979e-05,0.0,0.0,0.0,-5.741139408200979e-05,-5.741139408200979e-05,5.741139408200979e-05,8.611709112301468e-05
B_tbl_minus_hqql,mod.blocks.0.attn.h1,charged_hadron<-muon,0.026039937511086464,5.697081724065356e-05,0.0,0.0,0.0,5.697081724065356e-05,5.697081724065356e-05,5.697081724065356e-05,8.545622586098034e-05
signed_hqql_tbl,mod.blocks.1.attn.h6,neutral_hadron<-neutral_hadron,0.0117110397812689,-5.165647199333523e-05,1.588096793508596e-05,-7.469271237430371e-05,1.952623076933645e-05,-6.75374399284212e-05,2.3036240380968475e-05,5.165647199333523e-05,8.542519195754584e-05
signed_hqql_tbl,mod.blocks.4.attn.h1,muon<-photon,0.006477378606796265,-5.868355743587017e-05,-6.555272480718007e-06,0.00013952589194689478,3.234202131352504e-05,-5.212828495515216e-05,-0.00019820944938276494,5.868355743587017e-05,8.474769991344624e-05
B_tbl_minus_hqql,mod.blocks.4.attn.h3,muon<-photon,0.015250835418701172,5.6415004655718805e-05,0.0,0.0,0.0,5.6415004655718805e-05,5.6415004655718805e-05,5.6415004655718805e-05,8.462250698357821e-05
B_tbl_minus_hqql,mod.blocks.7.attn.h2,muon<-charged_hadron,0.028972439467906952,-5.580355355050415e-05,0.0,0.0,0.0,-5.580355355050415e-05,-5.580355355050415e-05,5.580355355050415e-05,8.370533032575622e-05
B_tbl_minus_hqql,mod.blocks.0.attn.h3,charged_hadron<-electron,0.016327849456242154,-5.5766859856833306e-05,0.0,0.0,0.0,-5.5766859856833306e-05,-5.5766859856833306e-05,5.5766859856833306e-05,8.365028978524996e-05
signed_hqql_tbl,mod.blocks.7.attn.h0,photon<-electron,0.010214280670251303,1.5207681434827182e-05,0.00015205005833599392,-6.169724656501785e-06,1.7276447579206433e-05,-0.00013684237690116675,2.137740609132897e-05,1.5207681434827182e-05,8.362886988541055e-05
B_tbl_minus_hqql,mod.blocks.4.attn.h6,muon<-charged_hadron,0.04476413503289223,-5.570333814830519e-05,0.0,0.0,0.0,-5.570333814830519e-05,-5.570333814830519e-05,5.570333814830519e-05,8.355500722245779e-05
signed_hqql_tbl,mod.blocks.2.attn.h3,charged_hadron<-electron,0.011652638160047076,-4.8151253611736355e-05,2.261649435350784e-05,-3.550481854070877e-05,-6.762110744602978e-05,-7.076774796524419e-05,-1.2646435071027586e-05,4.8151253611736355e-05,8.353512759435845e-05
B_tbl_minus_hqql,mod.blocks.1.attn.h0,charged_hadron<-electron,0.015198999927157448,5.567830383023691e-05,0.0,0.0,0.0,5.567830383023691e-05,5.567830383023691e-05,5.567830383023691e-05,8.351745574535536e-05
B_tbl_minus_hqql,mod.blocks.0.attn.h1,muon<-charged_hadron,0.015667811036109924,-5.563297963817604e-05,0.0,0.0,0.0,-5.563297963817604e-05,-5.563297963817604e-05,5.563297963817604e-05,8.344946945726406e-05
signed_hqql_tbl,mod.blocks.4.attn.h0,electron<-charged_hadron,0.032230137359528316,1.4531750778024572e-05,-0.00012262808441212682,-0.00029009570660010707,3.574473084881902e-05,0.0001371598351901514,0.00030462745737813165,1.4531750778024572e-05,8.311166837310027e-05
signed_hqql_tbl,mod.blocks.5.attn.h2,electron<-electron,0.00027926515807052965,-6.096785137731252e-07,-0.000165455792961261,1.6299521626628177e-05,-2.2167296185315876e-07,0.00016484611444748788,-1.6909200140401302e-05,6.096785137731252e-07,8.303273573751707e-05
signed_hqql_tbl,mod.blocks.6.attn.h2,charged_hadron<-photon,0.018417724634718163,3.137524416729386e-05,-7.180142498096626e-05,1.3068142112914872e-05,-2.2671754135937922e-05,0.00010317666914826012,1.8307102054378992e-05,3.137524416729386e-05,8.296357874142392e-05
signed_hqql_tbl,mod.blocks.3.attn.h2,electron<-charged_hadron,0.025841004082134793,9.405247207420567e-06,0.00015610508818292258,-5.1364416374300406e-05,-5.365109711419791e-05,-0.00014669984097550202,6.076966358172097e-05,9.405247207420567e-06,8.275516769517158e-05
B_tbl_minus_hqql,mod.blocks.1.attn.h4,photon<-muon,0.04361185073852539,5.477606784552336e-05,0.0,0.0,0.0,5.477606784552336e-05,5.477606784552336e-05,5.477606784552336e-05,8.216410176828504e-05
signed_hqql_tbl,mod.blocks.1.attn.h1,photon<-neutral_hadron,0.020923235819521078,-3.799287059960745e-05,5.027341010621765e-05,-2.1824725095793378e-05,3.2626838306992836e-05,-8.82662807058251e-05,-1.6168145503814074e-05,3.799287059960745e-05,8.212601095252e-05
signed_hqql_tbl,mod.blocks.3.attn.h1,muon<-electron,7.64405558584258e-05,-1.1626523246377474e-06,-0.00016297026013489813,0.0,0.0,0.00016180760781026038,-1.1626523246377474e-06,1.1626523246377474e-06,8.206645622976794e-05
signed_hqql_tbl,mod.blocks.2.attn.h2,photon<-photon,0.016781587259600314,3.686976594394934e-05,-5.341973138314222e-05,1.9052650834118464e-05,-5.831201771263686e-05,9.028949732709155e-05,1.7817115109830876e-05,3.686976594394934e-05,8.201451460749512e-05
B_tbl_minus_hqql,mod.blocks.1.attn.h4,charged_hadron<-neutral_hadron,0.023594516265292128,5.4622323892055815e-05,0.0,0.0,0.0,5.4622323892055815e-05,5.4622323892055815e-05,5.4622323892055815e-05,8.193348583808373e-05
signed_hqql_tbl,mod.blocks.4.attn.h1,neutral_hadron<-electron,0.008239955813796431,2.3520827838823337e-06,-0.00015655692052525026,-2.1527590870391578e-05,-0.0002822210226440802,0.00015890900330913258,2.387967365427391e-05,2.3520827838823337e-06,8.180658443844863e-05
B_tbl_minus_hqql,mod.blocks.2.attn.h5,photon<-electron,0.014360594071023832,5.4497319099500895e-05,0.0,0.0,0.0,5.4497319099500895e-05,5.4497319099500895e-05,5.4497319099500895e-05,8.174597864925134e-05
B_tbl_minus_hqql,mod.blocks.4.attn.h3,charged_hadron<-electron,0.016040323745636714,-5.448626515793703e-05,0.0,0.0,0.0,-5.448626515793703e-05,-5.448626515793703e-05,5.448626515793703e-05,8.172939773690555e-05
signed_hqql_tbl,mod.blocks.4.attn.h2,electron<-electron,0.00040748761522182677,-2.248404911142643e-06,-0.00016094318098591742,0.0017930540637690247,4.5053402573103087e-07,0.00015869477607477478,-0.0017953024686801673,2.248404911142643e-06,8.159579294853003e-05
signed_hqql_tbl,mod.blocks.2.attn.h0,neutral_hadron<-electron,0.006691718405043638,7.700673045797481e-06,0.00015538568827890375,-5.4383621900342405e-05,5.010731274524005e-05,-0.00014768501523310627,6.208429494613988e-05,7.700673045797481e-06,8.154318066235061e-05
signed_hqql_tbl,mod.blocks.6.attn.h5,charged_hadron<-electron,0.02199074590489978,-1.0908919475263074e-06,-0.0001615807828563971,5.77052926708912e-05,3.425262169912458e-05,0.00016048989090887078,-5.879618461841751e-05,1.0908919475263074e-06,8.13358374019617e-05
B_tbl_minus_hqql,mod.blocks.6.attn.h1,muon<-charged_hadron,0.042073845863342285,5.417232750914991e-05,0.0,0.0,0.0,5.417232750914991e-05,5.417232750914991e-05,5.417232750914991e-05,8.125849126372486e-05
signed_hqql_tbl,mod.blocks.7.attn.h5,neutral_hadron<-electron,0.017869790567568055,1.0637038064521253e-06,-0.0001590944913531482,4.211383073197794e-05,1.4607620414608391e-05,0.00016015819515960032,-4.1050126925525816e-05,1.0637038064521253e-06,8.114280138625228e-05
B_tbl_minus_hqql,mod.blocks.1.attn.h7,muon<-charged_hadron,0.021355364471673965,5.39390675839968e-05,0.0,0.0,0.0,5.39390675839968e-05,5.39390675839968e-05,5.39390675839968e-05,8.09086013759952e-05
B_tbl_minus_hqql,mod.blocks.0.attn.h0,photon<-muon,0.0660247802734375,-5.3926631808280944e-05,0.0,0.0,0.0,-5.3926631808280944e-05,-5.3926631808280944e-05,5.3926631808280944e-05,8.088994771242142e-05
signed_hqql_tbl,mod.blocks.0.attn.h2,electron<-electron,1.685271374501301e-06,1.4251230812729116e-09,-0.00016155814555195158,-1.6701478644520762e-07,4.050252400134013e-09,0.00016155957067503287,1.6843990952648053e-07,1.4251230812729116e-09,8.07812104605977e-05
B_tbl_minus_hqql,mod.blocks.0.attn.h6,electron<-neutral_hadron,0.012238243387805091,5.373090162821528e-05,0.0,0.0,0.0,5.373090162821528e-05,5.373090162821528e-05,5.373090162821528e-05,8.059635244232292e-05
signed_hqql_tbl,mod.blocks.0.attn.h0,neutral_hadron<-muon,0.009432743489742278,-3.821575955953449e-05,4.6136673518049065e-05,9.316245268564671e-05,0.00012749563554987416,-8.435243307758356e-05,-0.0001313782122451812,3.821575955953449e-05,8.039197609832627e-05
signed_hqql_tbl,mod.blocks.0.attn.h0,electron<-neutral_hadron,0.020751791419806303,-2.0003050815796962e-05,-0.00014041042442458043,-9.542961342958734e-06,-0.00010252610491079395,0.00012040737360878348,-1.0460089472838228e-05,2.0003050815796962e-05,8.020673762018871e-05
B_tbl_minus_hqql,mod.blocks.6.attn.h6,electron<-charged_hadron,0.04209216293834504,-5.346948420906085e-05,0.0,0.0,0.0,-5.346948420906085e-05,-5.346948420906085e-05,5.346948420906085e-05,8.020422631359127e-05
signed_hqql_tbl,mod.blocks.7.attn.h6,electron<-electron,0.00030190690368827846,4.1423520732071967e-07,-0.00015883206979694364,9.957424888185074e-06,-4.876879344806184e-07,0.00015924630500426437,-9.543189680864353e-06,4.1423520732071967e-07,8.00373877094529e-05
signed_hqql_tbl,mod.blocks.6.attn.h2,charged_hadron<-neutral_hadron,0.011567129207258465,4.2477188597978496e-05,-3.248155874071851e-05,1.256355570970224e-05,-3.8642556323892275e-05,7.4958747338697e-05,2.9913632888276254e-05,4.2477188597978496e-05,7.9956562267327e-05
signed_hqql_tbl,mod.blocks.6.attn.h7,muon<-electron,1.101328280128655e-06,-1.0933948857427822e-08,-0.00015977240400388837,0.0,0.0,0.00015976147005503094,-1.0933948857427822e-08,1.0933948857427822e-08,7.98916689763729e-05
B_tbl_minus_hqql,mod.blocks.7.attn.h3,neutral_hadron<-muon,0.10357142686843872,-5.323229706846178e-05,0.0,0.0,0.0,-5.323229706846178e-05,-5.323229706846178e-05,5.323229706846178e-05,7.984844560269267e-05
signed_hqql_tbl,mod.blocks.4.attn.h2,photon<-muon,0.023187332153320313,5.587592022493482e-06,0.00015348708563435234,1.940571209637537e-05,-0.00041097166831605136,-0.00014789949361185885,-1.3818120073881889e-05,5.587592022493482e-06,7.953733882842291e-05
signed_hqql_tbl,mod.blocks.0.attn.h3,photon<-electron,0.021648919679285065,5.15386710185709e-05,-4.338740607771022e-06,1.4721264863380514e-05,3.58737088390626e-06,5.5877411626341926e-05,3.681740615519039e-05,5.15386710185709e-05,7.947737683174186e-05
signed_hqql_tbl,mod.blocks.4.attn.h0,charged_hadron<-electron,0.010677325672336988,3.269911290512287e-05,0.00012609151026205808,-0.00013197602399078937,0.0003299581765895709,-9.33923973569352e-05,0.00016467513689591225,3.269911290512287e-05,7.939531158359048e-05
signed_hqql_tbl,mod.blocks.4.attn.h7,muon<-photon,0.019213862419128418,1.2206148821860552e-05,-0.00012202574764255827,0.00012172850602794261,1.1319914847263135e-05,0.00013423189646441882,-0.00010952235720608205,1.2206148821860552e-05,7.932209705406996e-05
B_tbl_minus_hqql,mod.blocks.0.attn.h3,neutral_hadron<-photon,0.01632860576409652,-5.281077359127212e-05,0.0,0.0,0.0,-5.281077359127212e-05,-5.281077359127212e-05,5.281077359127212e-05,7.921616038690818e-05
signed_hqql_tbl,mod.blocks.6.attn.h2,photon<-neutral_hadron,0.018466050204505417,4.272659230622563e-05,-2.9944961448852193e-05,1.2504717442607792e-05,-3.5174074703318244e-05,7.267155375507783e-05,3.0221874863617837e-05,4.272659230622563e-05,7.906236918376454e-05
B_tbl_minus_hqql,mod.blocks.6.attn.h3,photon<-muon,0.12458859443664551,-5.27049507945776e-05,0.0,0.0,0.0,-5.27049507945776e-05,-5.27049507945776e-05,5.27049507945776e-05,7.90574261918664e-05
signed_hqql_tbl,mod.blocks.4.attn.h7,charged_hadron<-electron,0.0036314650483074643,-1.1656047977989406e-05,0.00012312825688930002,6.830823827192359e-05,6.553100887686014e-05,-0.00013478430486728944,-7.9964286249913e-05,1.1656047977989406e-05,7.904820041163413e-05
signed_hqql_tbl,mod.cls_blocks.1.attn.h1,charged_hadron<-neutral_hadron,0.01627983683003829,4.645400006735984e-05,0.00011098254168039211,-0.0005221795537816537,-0.00028942463344113395,-6.452854161303227e-05,0.0005686335538490136,4.645400006735984e-05,7.871827087387598e-05
B_tbl_minus_hqql,mod.blocks.4.attn.h7,charged_hadron<-neutral_hadron,0.023981109386732598,-5.2390674048257305e-05,0.0,0.0,0.0,-5.2390674048257305e-05,-5.2390674048257305e-05,5.2390674048257305e-05,7.858601107238596e-05
B_tbl_minus_hqql,mod.blocks.5.attn.h5,muon<-photon,0.012292590141296387,5.235932767391205e-05,0.0,0.0,0.0,5.235932767391205e-05,5.235932767391205e-05,5.235932767391205e-05,7.853899151086808e-05
signed_hqql_tbl,mod.blocks.4.attn.h2,charged_hadron<-electron,0.014504039216609229,-7.02926301441732e-05,-8.669237281675592e-05,-2.7183231886947294e-05,-2.8489230608101934e-05,1.6399742672582724e-05,-4.31093982572259e-05,7.02926301441732e-05,7.849250148046456e-05
B_tbl_minus_hqql,mod.blocks.1.attn.h5,muon<-photon,0.005012608170509338,5.2324114367365834e-05,0.0,0.0,0.0,5.2324114367365834e-05,5.2324114367365834e-05,5.2324114367365834e-05,7.848617155104875e-05
signed_hqql_tbl,mod.cls_blocks.1.attn.h5,muon<-neutral_hadron,0.0,0.0,0.00015623931540176272,0.0,0.0,-0.00015623931540176272,0.0,0.0,7.811965770088136e-05
signed_hqql_tbl,mod.blocks.1.attn.h4,photon<-muon,0.04361185073852539,5.477608181536198e-05,8.137625531832638e-06,0.00014008263436456522,0.00018657062901183963,4.663845628352934e-05,-8.530655254920325e-05,5.477608181536198e-05,7.809530995712665e-05
signed_hqql_tbl,mod.blocks.4.attn.h1,electron<-neutral_hadron,0.023151048355632357,1.5363268849560648e-05,-0.00011007109270921271,-4.174408211838454e-05,-1.6587195204920135e-05,0.00012543436155877335,5.7107350967945184e-05,1.5363268849560648e-05,7.808044962894733e-05
signed_hqql_tbl,mod.blocks.6.attn.h3,neutral_hadron<-electron,0.049871085970490066,4.689201253953528e-05,-1.5354710692343743e-05,0.00012013443338219077,-0.000248229374847142,6.224672323187902e-05,-7.324242084265548e-05,4.689201253953528e-05,7.80153741554748e-05
signed_hqql_tbl,mod.blocks.7.attn.h4,charged_hadron<-electron,0.012630165510234378,1.5101727989358118e-05,-0.00011069136773144375,-6.130486629748096e-05,-0.00014269004575908183,0.00012579309572080188,7.640659428683907e-05,1.5101727989358118e-05,7.799827584975906e-05
B_tbl_minus_hqql,mod.blocks.1.attn.h6,electron<-photon,0.01872541167871739,5.18962397330963e-05,0.0,0.0,0.0,5.18962397330963e-05,5.18962397330963e-05,5.18962397330963e-05,7.784435959964445e-05
B_tbl_minus_hqql,mod.blocks.3.attn.h0,electron<-charged_hadron,0.030310420053345815,-5.187769766919137e-05,0.0,0.0,0.0,-5.187769766919137e-05,-5.187769766919137e-05,5.187769766919137e-05,7.781654650378705e-05
signed_hqql_tbl,mod.blocks.1.attn.h5,electron<-photon,0.014055934378771277,3.0059008234430378e-05,0.00012550276824859556,-0.0001580314087082765,-1.3538773146137828e-05,-9.544376001416518e-05,0.00018809041694270686,3.0059008234430378e-05,7.778088824151297e-05
B_tbl_minus_hqql,mod.blocks.4.attn.h2,charged_hadron<-neutral_hadron,0.015671061668075432,5.1835391680900456e-05,0.0,0.0,0.0,5.1835391680900456e-05,5.1835391680900456e-05,5.1835391680900456e-05,7.775308752135068e-05
signed_hqql_tbl,mod.blocks.3.attn.h3,electron<-neutral_hadron,0.0035702168113655513,-7.819145712009803e-06,0.0001320400136610021,-4.589707241393626e-06,2.623250281885703e-05,-0.0001398591593730119,-3.2294384706161766e-06,7.819145712009803e-06,7.774872539851575e-05
B_tbl_minus_hqql,mod.blocks.0.attn.h2,neutral_hadron<-charged_hadron,0.030436807453465393,-5.182768055172611e-05,0.0,0.0,0.0,-5.182768055172611e-05,-5.182768055172611e-05,5.182768055172611e-05,7.774152082758916e-05
signed_hqql_tbl,mod.blocks.5.attn.h3,photon<-muon,0.008217158317565918,9.014362585730851e-06,-0.0001281744916923344,-1.327764420282273e-05,-5.734726755690644e-07,0.00013718885427806525,2.229200678855358e-05,9.014362585730851e-06,7.760878972476348e-05
B_tbl_minus_hqql,mod.cls_blocks.1.attn.h7,charged_hadron<-electron,0.010098714148625731,-5.169462201592978e-05,0.0,0.0,0.0,-5.169462201592978e-05,-5.169462201592978e-05,5.169462201592978e-05,7.754193302389467e-05
signed_hqql_tbl,mod.blocks.1.attn.h7,electron<-charged_hadron,0.025278356813249133,-6.152792290473978e-05,-2.954838293424638e-05,-3.4882780699723065e-05,-2.2148049902170895e-05,-3.19795399704934e-05,-2.6645142205016717e-05,6.152792290473978e-05,7.751769288998649e-05
B_tbl_minus_hqql,mod.blocks.1.attn.h6,neutral_hadron<-neutral_hadron,0.01171104086383597,-5.165646806648003e-05,0.0,0.0,0.0,-5.165646806648003e-05,-5.165646806648003e-05,5.165646806648003e-05,7.748470209972006e-05
signed_hqql_tbl,mod.blocks.5.attn.h0,charged_hadron<-neutral_hadron,0.012988569956867634,-3.380274666451747e-05,5.3445584696588876e-05,-1.359823996168316e-05,5.57198289854364e-05,-8.724833136110635e-05,-2.020450670283431e-05,3.380274666451747e-05,7.742691234507065e-05
signed_hqql_tbl,mod.blocks.2.attn.h4,muon<-muon,0.0023025490809231997,1.3148313882993534e-05,-0.00011537003592820838,-0.0001130288583226502,-0.0001597762675373815,0.00012851834981120192,0.00012617717220564373,1.3148313882993534e-05,7.740748878859449e-05
signed_hqql_tbl,mod.blocks.2.attn.h1,photon<-neutral_hadron,0.018779264951486546,-4.107907481497712e-05,3.1399708565910646e-05,-2.9654302288249033e-05,3.950934662638339e-05,-7.247878338088777e-05,-1.1424772526728088e-05,4.107907481497712e-05,7.731846650542101e-05
B_tbl_minus_hqql,mod.blocks.0.attn.h3,photon<-electron,0.02164891871010385,5.153866912563884e-05,0.0,0.0,0.0,5.153866912563884e-05,5.153866912563884e-05,5.153866912563884e-05,7.730800368845826e-05
signed_hqql_tbl,mod.blocks.4.attn.h3,muon<-charged_hadron,0.031754422932863235,-1.6748161215218715e-05,-0.00013785955991643743,-1.6693645738996567e-05,6.580728024180809e-05,0.00012111139870121871,-5.451547622214867e-08,1.6748161215218715e-05,7.730386056582807e-05
signed_hqql_tbl,mod.blocks.1.attn.h1,electron<-muon,0.0012832575011998415,-6.010734523442807e-06,0.00013648488675244153,0.0,0.0,-0.00014249562127588433,-6.010734523442807e-06,6.010734523442807e-06,7.725854516138497e-05
B_tbl_minus_hqql,mod.blocks.7.attn.h2,photon<-muon,0.022822155952453613,-5.1357238553464414e-05,0.0,0.0,0.0,-5.1357238553464414e-05,-5.1357238553464414e-05,5.1357238553464414e-05,7.703585783019662e-05
signed_hqql_tbl,mod.blocks.1.attn.h2,neutral_hadron<-charged_hadron,0.029905540402196035,-4.549269239660822e-05,1.7268310847630366e-05,-8.297936251313207e-06,5.344485303227662e-05,-6.276100324423858e-05,-3.7194756145295015e-05,4.549269239660822e-05,7.687319401872751e-05
B_tbl_minus_hqql,mod.blocks.1.attn.h6,electron<-charged_hadron,0.01641143716516949,-5.1176271101992044e-05,0.0,0.0,0.0,-5.1176271101992044e-05,-5.1176271101992044e-05,5.1176271101992044e-05,7.676440665298807e-05
B_tbl_minus_hqql,mod.blocks.1.attn.h5,photon<-electron,0.018401395983812286,5.0947482307721686e-05,0.0,0.0,0.0,5.0947482307721686e-05,5.0947482307721686e-05,5.0947482307721686e-05,7.642122346158254e-05
signed_hqql_tbl,mod.blocks.6.attn.h0,muon<-electron,9.429058991372585e-07,-6.884877667978628e-10,-0.00015267565322574228,0.0,0.0,0.00015267496473797548,-6.884877667978628e-10,6.884877667978628e-10,7.633817085675454e-05
signed_hqql_tbl,mod.blocks.3.attn.h2,neutral_hadron<-muon,0.011996964365243912,-6.274689803831279e-05,-3.616912848277328e-05,-8.698034434928559e-06,-0.00010874068458280008,-2.657776955553951e-05,-5.4048863603384234e-05,6.274689803831279e-05,7.603578281608255e-05
signed_hqql_tbl,mod.cls_blocks.1.attn.h7,muon<-neutral_hadron,0.0,0.0,-0.00015167903620749712,0.0,0.0,0.00015167903620749712,0.0,0.0,7.583951810374856e-05
signed_hqql_tbl,mod.blocks.6.attn.h1,photon<-electron,0.00789825170020747,-4.578558292724495e-06,0.00013717481180922024,6.273198648289378e-06,-0.00019855000027746428,-0.00014175337010194475,-1.0851756941013873e-05,4.578558292724495e-06,7.545524334369687e-05
signed_hqql_tbl,mod.blocks.2.attn.h2,electron<-charged_hadron,0.029396080190227145,3.121695460452299e-05,-5.723350887737152e-05,8.392644157611776e-06,2.1560746245086192e-05,8.845046348189451e-05,2.2824310446911217e-05,3.121695460452299e-05,7.544218634547025e-05
signed_hqql_tbl,mod.blocks.7.attn.h4,muon<-neutral_hadron,0.006526841223239899,-2.2130651632323862e-05,8.443520588722701e-05,3.3016585803125054e-05,7.387424961456822e-05,-0.00010656585751955087,-5.514723743544891e-05,2.2130651632323862e-05,7.54135803920993e-05
signed_hqql_tbl,mod.blocks.2.attn.h1,photon<-muon,0.0073459970951080325,-7.3453295044600965e-06,0.00012854137381318172,0.00015063629308271977,7.244907465064898e-06,-0.0001358867033176418,-0.00015798162258717985,7.3453295044600965e-06,7.5288681163281e-05
signed_hqql_tbl,mod.blocks.4.attn.h2,neutral_hadron<-electron,0.008879038746710177,2.914239060676967e-05,-6.280657951145641e-05,-2.411444438621402e-07,-0.00024852763817762025,9.194897011822608e-05,2.938353505063181e-05,2.914239060676967e-05,7.51168756658827e-05
signed_hqql_tbl,mod.blocks.1.attn.h0,photon<-electron,0.0168099975198265,-8.294015282356158e-06,0.00012512591891680603,5.2679525521982994e-05,-3.279349493823247e-05,-0.0001334199341991622,-6.097354080433915e-05,8.294015282356158e-06,7.500398238193726e-05
B_tbl_minus_hqql,mod.blocks.2.attn.h2,photon<-neutral_hadron,0.01435143279999326,4.9978522961405485e-05,0.0,0.0,0.0,4.9978522961405485e-05,4.9978522961405485e-05,4.9978522961405485e-05,7.496778444210822e-05
signed_hqql_tbl,mod.blocks.4.attn.h2,muon<-charged_hadron,0.03585716336965561,-6.894242687849328e-05,-8.077179201138325e-05,4.87968500237912e-06,0.00015288155555026606,1.1829365132889972e-05,-7.38221118808724e-05,6.894242687849328e-05,7.485710944493827e-05
signed_hqql_tbl,mod.blocks.3.attn.h0,photon<-muon,0.03380845308303833,-5.838531069457531e-06,-0.00014335617896377747,-0.00010873344061630113,0.0005491055271704681,0.00013751764789431993,0.0001028949095468436,5.838531069457531e-06,7.45973550166175e-05
signed_hqql_tbl,mod.blocks.5.attn.h0,electron<-neutral_hadron,0.026121168776794716,-4.811659191209064e-05,4.6315405454247655e-06,-4.463711840799078e-05,0.0004342051252024248,-5.2748132457515405e-05,-3.47947350409986e-06,4.811659191209064e-05,7.449065814084835e-05
signed_hqql_tbl,mod.blocks.5.attn.h6,neutral_hadron<-muon,0.006923943012952805,-3.949745587306097e-06,-0.00014494158197445964,-8.662503387313336e-05,1.4599807198262877e-06,0.00014099183638715355,8.267528828582726e-05,3.949745587306097e-06,7.444566378088288e-05
B_tbl_minus_hqql,mod.blocks.4.attn.h3,muon<-neutral_hadron,0.013383272290229797,4.945428809151053e-05,0.0,0.0,0.0,4.945428809151053e-05,4.945428809151053e-05,4.945428809151053e-05,7.418143213726579e-05
signed_hqql_tbl,mod.blocks.1.attn.h7,muon<-charged_hadron,0.021355364471673965,5.39390675839968e-05,9.430413737367743e-05,-9.894643444567919e-05,0.00022851856986314735,-4.0365069789680624e-05,0.00015288550202967598,5.39390675839968e-05,7.412160247883711e-05
B_tbl_minus_hqql,mod.blocks.4.attn.h6,electron<-muon,0.008698142133653164,4.937182166031562e-05,0.0,0.0,0.0,4.937182166031562e-05,4.937182166031562e-05,4.937182166031562e-05,7.405773249047343e-05
B_tbl_minus_hqql,mod.cls_blocks.1.attn.h1,CLS<-electron,0.004275816422887146,-4.936610203003511e-05,0.0,0.0,0.0,-4.936610203003511e-05,-4.936610203003511e-05,4.936610203003511e-05,7.404915304505267e-05
signed_hqql_tbl,mod.blocks.7.attn.h6,muon<-neutral_hadron,0.00044152322225272657,1.4752695278730243e-06,-0.0001433512467580537,0.00015458134294021875,-2.3301515036501364e-06,0.00014482651628592672,-0.00015310607341234572,1.4752695278730243e-06,7.388852767083638e-05
signed_hqql_tbl,mod.blocks.0.attn.h2,muon<-charged_hadron,0.042179182171821594,6.2306244217325e-05,8.539316686204611e-05,-0.00023306207731366158,-0.00017450811256739226,-2.308692264472111e-05,0.0002953683215309866,6.2306244217325e-05,7.384970553968556e-05
B_tbl_minus_hqql,mod.blocks.5.attn.h7,muon<-neutral_hadron,0.008910280466079713,-4.9146485980600116e-05,0.0,0.0,0.0,-4.9146485980600116e-05,-4.9146485980600116e-05,4.9146485980600116e-05,7.371972897090017e-05
B_tbl_minus_hqql,mod.blocks.5.attn.h0,electron<-charged_hadron,0.031078740244820005,-4.8976666307897264e-05,0.0,0.0,0.0,-4.8976666307897264e-05,-4.8976666307897264e-05,4.8976666307897264e-05,7.34649994618459e-05
B_tbl_minus_hqql,mod.blocks.1.attn.h1,muon<-charged_hadron,0.01696484535932541,-4.8970334319164976e-05,0.0,0.0,0.0,-4.8970334319164976e-05,-4.8970334319164976e-05,4.8970334319164976e-05,7.345550147874746e-05
signed_hqql_tbl,mod.blocks.1.attn.h1,photon<-muon,0.02386216640472412,2.224368043243885e-05,0.00012448691383102223,0.00015351992277871994,3.891269807354547e-05,-0.00010224323339858338,-0.00013127624234628109,2.224368043243885e-05,7.336529713173054e-05
signed_hqql_tbl,mod.cls_blocks.1.attn.h1,neutral_hadron<-CLS,0.00429405365139246,-6.771139305783436e-05,-7.820387606898294e-05,0.0,0.0,1.0492483011148582e-05,-6.771139305783436e-05,6.771139305783436e-05,7.295763456340864e-05
B_tbl_minus_hqql,mod.blocks.6.attn.h0,photon<-electron,0.02485417059766568,4.863190560268495e-05,0.0,0.0,0.0,4.863190560268495e-05,4.863190560268495e-05,4.863190560268495e-05,7.294785840402743e-05
signed_hqql_tbl,mod.blocks.5.attn.h1,muon<-electron,2.7680318453349173e-05,1.0486644441698445e-07,-0.00014554298832081258,0.0,0.0,0.00014564785476522957,1.0486644441698445e-07,1.0486644441698445e-07,7.292879382703177e-05
signed_hqql_tbl,mod.blocks.1.attn.h2,photon<-photon,0.01850915900678272,3.562027900553604e-05,-3.87335696644118e-05,1.339997262097056e-05,-4.939246049316225e-05,7.435384866994785e-05,2.2220306384565482e-05,3.562027900553604e-05,7.279720334050997e-05
signed_hqql_tbl,mod.blocks.2.attn.h2,muon<-charged_hadron,0.037112195044755936,-2.7996387871098705e-05,6.153151237716277e-05,-0.00023941402323544026,-5.636008890261027e-05,-8.952790024826147e-05,0.00021141763536434155,2.7996387871098705e-05,7.276033799522944e-05
signed_hqql_tbl,mod.blocks.4.attn.h1,electron<-electron,0.0016022357611089116,-2.0621768928524234e-06,0.0001390064458348661,-2.6255906012314276e-06,-3.152553063046071e-09,-0.0001410686227277185,5.634137083790042e-07,2.0621768928524234e-06,7.259648825671168e-05
signed_hqql_tbl,mod.blocks.7.attn.h1,muon<-neutral_hadron,0.001353227999061346,-1.9744952442124487e-05,-0.00012539193752066544,1.1487101801321842e-05,-0.0001629888138268143,0.00010564698507854095,-3.1232054243446325e-05,1.9744952442124487e-05,7.256844498139497e-05
signed_hqql_tbl,mod.blocks.4.attn.h6,electron<-muon,0.008698145858943462,4.937189805787057e-05,3.2550719879509415e-06,0.0,0.0,4.6116826069919625e-05,4.937189805787057e-05,4.937189805787057e-05,7.243031109283038e-05
signed_hqql_tbl,mod.blocks.3.attn.h0,electron<-photon,0.01550899046223338,-6.017040431014891e-06,0.0001267081714036909,0.0003069634466165943,5.6026728998403996e-05,-0.00013272521183470577,-0.0003129804870476092,6.017040431014891e-06,7.237964634836778e-05
signed_hqql_tbl,mod.blocks.7.attn.h0,electron<-muon,8.08115946711041e-05,3.713689622486527e-08,0.0001446206879336387,0.0,0.0,-0.00014458355103741383,3.713689622486527e-08,3.713689622486527e-08,7.232891241493178e-05
B_tbl_minus_hqql,mod.blocks.3.attn.h6,charged_hadron<-muon,0.006187113933265209,4.817648732569069e-05,0.0,0.0,0.0,4.817648732569069e-05,4.817648732569069e-05,4.817648732569069e-05,7.226473098853603e-05
signed_hqql_tbl,mod.blocks.0.attn.h6,electron<-photon,0.0104163845137852,4.756028150639883e-05,-1.8481783896546673e-06,-5.2066637311197284e-05,4.404764194987365e-05,4.9408459896053496e-05,9.962691881759612e-05,4.756028150639883e-05,7.226451145442558e-05
B_tbl_minus_hqql,mod.blocks.2.attn.h3,charged_hadron<-electron,0.011652637273073196,-4.815121350735093e-05,0.0,0.0,0.0,-4.815121350735093e-05,-4.815121350735093e-05,4.815121350735093e-05,7.22268202610264e-05
signed_hqql_tbl,mod.blocks.7.attn.h6,muon<-electron,0.007371645420789719,1.86075885721948e-05,-8.855421765474603e-05,0.0,0.0,0.00010716180622694083,1.86075885721948e-05,1.86075885721948e-05,7.218849168566521e-05
B_tbl_minus_hqql,mod.blocks.5.attn.h0,electron<-neutral_hadron,0.02612116601732042,-4.811655768814186e-05,0.0,0.0,0.0,-4.811655768814186e-05,-4.811655768814186e-05,4.811655768814186e-05,7.21748365322128e-05
signed_hqql_tbl,mod.blocks.5.attn.h7,photon<-electron,0.003968310428828728,-6.0110194873579635e-06,0.00012629216728749236,-0.00012115248838589261,-8.352271834155545e-05,-0.00013230318677485032,0.00011514146889853464,6.0110194873579635e-06,7.216261287478313e-05
signed_hqql_tbl,mod.blocks.5.attn.h2,photon<-muon,0.0036207401752471925,-2.1481313742697237e-05,7.985933801759721e-05,1.611770546462919e-05,4.298424755688757e-05,-0.00010134065176029445,-3.759901920732643e-05,2.1481313742697237e-05,7.215163962284446e-05
signed_hqql_tbl,mod.blocks.0.attn.h2,electron<-neutral_hadron,0.0177711994835624,-3.46866844564728e-05,-0.00010949488425563016,3.214098531316267e-05,-1.1518886822159402e-06,7.480819979915735e-05,-6.682766976963547e-05,3.46866844564728e-05,7.209078435605149e-05
B_tbl_minus_hqql,mod.blocks.0.attn.h2,electron<-photon,0.021273562578650995,4.8055456443954776e-05,0.0,0.0,0.0,4.8055456443954776e-05,4.8055456443954776e-05,4.8055456443954776e-05,7.208318466593217e-05
signed_hqql_tbl,mod.blocks.4.attn.h7,photon<-neutral_hadron,0.025043827231615162,-3.187826036394818e-05,4.7929127002273676e-05,-2.6011317284259486e-05,3.7090107248810546e-05,-7.980738736622185e-05,-5.866943079688691e-06,3.187826036394818e-05,7.178195404705911e-05
signed_hqql_tbl,mod.blocks.4.attn.h1,neutral_hadron<-muon,0.016951878368854523,6.993993883952498e-06,-0.00012254840597355118,0.0003241184167563915,-0.0021881609330497063,0.00012954239985750368,-0.000317124422872439,6.993993883952498e-06,7.176519381270433e-05
signed_hqql_tbl,mod.blocks.6.attn.h2,muon<-neutral_hadron,0.001623511128127575,1.6348824374290417e-07,-0.00014303705847851234,6.250751175684854e-05,-5.190160133376291e-06,0.00014320054672225523,-6.234402351310565e-05,1.6348824374290417e-07,7.176376160487052e-05
signed_hqql_tbl,mod.blocks.3.attn.h2,charged_hadron<-neutral_hadron,0.018374306748227244,3.5575130592095105e-05,-3.6068955535160864e-05,4.425229469024725e-05,-2.563395671246723e-05,7.164408612725597e-05,-8.677164098152145e-06,3.5575130592095105e-05,7.139717365572308e-05
B_tbl_minus_hqql,mod.blocks.0.attn.h6,electron<-photon,0.010416385482966415,4.7560247433621706e-05,0.0,0.0,0.0,4.7560247433621706e-05,4.7560247433621706e-05,4.7560247433621706e-05,7.134037115043256e-05
signed_hqql_tbl,mod.blocks.7.attn.h6,photon<-electron,0.0070361761542839735,4.7133281345221755e-06,-0.0001285302268418794,1.6217251348799827e-06,-9.513252507531433e-06,0.00013324355497640157,3.091602999642193e-06,4.7133281345221755e-06,7.133510562272296e-05
B_tbl_minus_hqql,mod.blocks.3.attn.h0,neutral_hadron<-electron,0.025064752885588893,4.737212509132439e-05,0.0,0.0,0.0,4.737212509132439e-05,4.737212509132439e-05,4.737212509132439e-05,7.105818763698658e-05
signed_hqql_tbl,mod.blocks.7.attn.h5,photon<-electron,0.02668199009769331,-8.691392713074943e-06,-0.0001331489005005332,-2.749852813264754e-06,-0.0001359715688522556,0.00012445750778745826,-5.941539899810189e-06,8.691392713074943e-06,7.092014660680407e-05
B_tbl_minus_hqql,mod.blocks.4.attn.h7,electron<-neutral_hadron,0.04128643980732671,-4.7191931150370726e-05,0.0,0.0,0.0,-4.7191931150370726e-05,-4.7191931150370726e-05,4.7191931150370726e-05,7.078789672555609e-05
B_tbl_minus_hqql,mod.blocks.5.attn.h0,photon<-muon,0.033614068031311034,-4.698446020483971e-05,0.0,0.0,0.0,-4.698446020483971e-05,-4.698446020483971e-05,4.698446020483971e-05,7.047669030725956e-05
signed_hqql_tbl,mod.blocks.4.attn.h6,muon<-charged_hadron,0.04476412758231163,-5.5703261750750244e-05,-2.6387034151225518e-05,-0.0001285150647163391,-0.00018276148264042357,-2.9316227599524726e-05,7.281180296558887e-05,5.5703261750750244e-05,7.03613755505126e-05
B_tbl_minus_hqql,mod.blocks.6.attn.h3,neutral_hadron<-electron,0.049871085970490066,4.689202830411011e-05,0.0,0.0,0.0,4.689202830411011e-05,4.689202830411011e-05,4.689202830411011e-05,7.033804245616516e-05
B_tbl_minus_hqql,mod.blocks.2.attn.h2,charged_hadron<-photon,0.018925495811585813,4.6851076651095555e-05,0.0,0.0,0.0,4.6851076651095555e-05,4.6851076651095555e-05,4.6851076651095555e-05,7.027661497664333e-05
signed_hqql_tbl,mod.blocks.5.attn.h1,electron<-neutral_hadron,0.02980401615301768,-1.3945530722762837e-05,-0.00012633068007217893,-0.00011739393463358283,-0.00012470957153709605,0.0001123851493494161,0.00010344840391082,1.3945530722762837e-05,7.013810539747089e-05
signed_hqql_tbl,mod.blocks.1.attn.h6,electron<-photon,0.018725415070851643,5.189635283578702e-05,8.834675644282942e-05,-4.1796217763996015e-05,2.3705852072453126e-05,-3.64504036070424e-05,9.369257059978304e-05,5.189635283578702e-05,7.012155463930822e-05
B_tbl_minus_hqql,mod.blocks.0.attn.h1,photon<-neutral_hadron,0.027987398005820608,-4.6606570433083006e-05,0.0,0.0,0.0,-4.6606570433083006e-05,-4.6606570433083006e-05,4.6606570433083006e-05,6.99098556496245e-05
signed_hqql_tbl,mod.blocks.5.attn.h3,neutral_hadron<-neutral_hadron,0.044246432447775465,3.057907020983756e-05,-4.7846361569756356e-05,1.7519645898047404e-05,-4.212645364361312e-05,7.842543177959391e-05,1.3059424311790153e-05,3.057907020983756e-05,6.979178609963451e-05
signed_hqql_tbl,mod.blocks.0.attn.h2,photon<-photon,0.018640387204549014,3.800653135144748e-05,-2.552080940261965e-05,1.933152600134335e-05,-1.6701317538016113e-05,6.352734075406712e-05,1.8675005350104132e-05,3.800653135144748e-05,6.977020172848104e-05
signed_hqql_tbl,mod.blocks.3.attn.h0,charged_hadron<-neutral_hadron,0.01668223352993236,-3.191495303805469e-05,4.22414117348903e-05,-1.3531065368793765e-06,5.796833296046541e-05,-7.415636477294499e-05,-3.0561846501175316e-05,3.191495303805469e-05,6.899313542452719e-05
signed_hqql_tbl,mod.blocks.3.attn.h3,neutral_hadron<-neutral_hadron,0.021032758118187795,3.047468060715607e-05,-4.635089668164015e-05,5.4814175811794235e-05,-7.743948189180703e-05,7.682557728879622e-05,-2.4339495204638165e-05,3.047468060715607e-05,6.888746925155418e-05
B_tbl_minus_hqql,mod.blocks.0.attn.h6,photon<-electron,0.03228608573355326,-4.584390747671326e-05,0.0,0.0,0.0,-4.584390747671326e-05,-4.584390747671326e-05,4.584390747671326e-05,6.876586121506989e-05
signed_hqql_tbl,mod.blocks.3.attn.h7,neutral_hadron<-electron,0.017750498597268707,7.61508083626352e-06,0.0001298386644186011,4.74685407243669e-05,-0.0003516145297908224,-0.00012222358358233756,-3.985345988810338e-05,7.61508083626352e-06,6.87268726274323e-05
signed_hqql_tbl,mod.blocks.6.attn.h0,photon<-electron,0.02485417980488723,4.86319283178697e-05,8.463749179133662e-06,-4.831451120220923e-05,3.2220813181993435e-05,4.016817913873604e-05,9.694643952007893e-05,4.86319283178697e-05,6.871601788723772e-05
signed_hqql_tbl,mod.blocks.2.attn.h1,charged_hadron<-neutral_hadron,0.018299620525509704,-4.149899878004352e-05,1.255554228702617e-05,-3.9738443061591015e-05,5.8952837990356624e-05,-5.405454106706969e-05,-1.7605557184525072e-06,4.149899878004352e-05,6.852626931357837e-05
B_tbl_minus_hqql,mod.blocks.2.attn.h4,electron<-charged_hadron,0.018519543466113862,-4.560126607040209e-05,0.0,0.0,0.0,-4.560126607040209e-05,-4.560126607040209e-05,4.560126607040209e-05,6.840189910560315e-05
signed_hqql_tbl,mod.blocks.2.attn.h0,electron<-charged_hadron,0.02659944338457925,-8.205749465906548e-06,-0.00012859410295883815,-7.273813698911804e-05,-4.596957005560398e-06,0.0001203883534929316,6.453238752321149e-05,8.205749465906548e-06,6.839992621237235e-05
signed_hqql_tbl,mod.blocks.4.attn.h4,muon<-electron,0.02071104571223259,5.811866867588833e-05,7.864760118536651e-05,0.0,0.0,-2.052893250947818e-05,5.811866867588833e-05,5.811866867588833e-05,6.838313493062742e-05
B_tbl_minus_hqql,mod.blocks.1.attn.h2,neutral_hadron<-charged_hadron,0.02990554060254778,-4.549267491800528e-05,0.0,0.0,0.0,-4.549267491800528e-05,-4.549267491800528e-05,4.549267491800528e-05,6.823901237700792e-05
B_tbl_minus_hqql,mod.blocks.2.attn.h3,charged_hadron<-neutral_hadron,0.017914154950310204,-4.5438010456870085e-05,0.0,0.0,0.0,-4.5438010456870085e-05,-4.5438010456870085e-05,4.5438010456870085e-05,6.815701568530512e-05
B_tbl_minus_hqql,mod.blocks.6.attn.h3,photon<-electron,0.10262659797823526,4.541427673151096e-05,0.0,0.0,0.0,4.541427673151096e-05,4.541427673151096e-05,4.541427673151096e-05,6.812141509726644e-05
signed_hqql_tbl,mod.blocks.0.attn.h3,electron<-neutral_hadron,0.0017194826742289243,1.0320339512233019e-05,0.00012567443120228985,-5.714481230825185e-06,0.00011267075547038985,-0.00011535409169005683,1.6034820743058205e-05,1.0320339512233019e-05,6.799738535726143e-05
B_tbl_minus_hqql,mod.blocks.5.attn.h1,muon<-neutral_hadron,0.008062329143285751,4.510703147388995e-05,0.0,0.0,0.0,4.510703147388995e-05,4.510703147388995e-05,4.510703147388995e-05,6.766054721083493e-05
signed_hqql_tbl,mod.blocks.1.attn.h7,muon<-neutral_hadron,0.013632437586784363,-2.6809345581568777e-05,5.44891469568635e-05,2.042740561591927e-05,0.0006712086550477478,-8.129849253843227e-05,-4.723675119748805e-05,2.6809345581568777e-05,6.745859185078491e-05
signed_hqql_tbl,mod.blocks.7.attn.h5,charged_hadron<-electron,0.04825548189026969,-2.483574679077026e-06,-0.00013206623764496975,8.93021398491558e-05,-5.8995264116674664e-05,0.00012958266296589274,-9.178571452823282e-05,2.483574679077026e-06,6.72749061620234e-05
B_tbl_minus_hqql,mod.blocks.5.attn.h3,charged_hadron<-muon,0.016192451119422913,4.4736560084857047e-05,0.0,0.0,0.0,4.4736560084857047e-05,4.4736560084857047e-05,4.4736560084857047e-05,6.710484012728557e-05
signed_hqql_tbl,mod.blocks.3.attn.h1,charged_hadron<-photon,0.016811280357982298,-3.134304238456409e-05,4.01239748974015e-05,-2.3542203421901024e-05,2.1350249429750553e-05,-7.146701728196558e-05,-7.800838962663064e-06,3.134304238456409e-05,6.707655102554688e-05
B_tbl_minus_hqql,mod.blocks.0.attn.h2,photon<-muon,0.04771728038787842,-4.454246256500483e-05,0.0,0.0,0.0,-4.454246256500483e-05,-4.454246256500483e-05,4.454246256500483e-05,6.681369384750724e-05
B_tbl_minus_hqql,mod.blocks.1.attn.h6,neutral_hadron<-muon,0.015358904004096985,4.45361336460337e-05,0.0,0.0,0.0,4.45361336460337e-05,4.45361336460337e-05,4.45361336460337e-05,6.680420046905055e-05
signed_hqql_tbl,mod.blocks.0.attn.h4,charged_hadron<-muon,0.016110068187117577,2.2372092644218355e-05,0.00011061820595596846,1.4547069440595806e-05,3.388115047445436e-05,-8.82461133117501e-05,7.82502320362255e-06,2.2372092644218355e-05,6.649514930009341e-05
signed_hqql_tbl,mod.blocks.0.attn.h2,charged_hadron<-neutral_hadron,0.016936320884554993,3.603895233796664e-05,-2.479629969058482e-05,2.7117613408249076e-05,-3.741539647210375e-05,6.083525202855146e-05,8.921338929717565e-06,3.603895233796664e-05,6.645657835224237e-05
signed_hqql_tbl,mod.blocks.0.attn.h1,muon<-electron,0.00043580427882261574,-3.821630343736615e-06,-0.00012908963253721595,0.0,0.0,0.00012526800219347933,-3.821630343736615e-06,3.821630343736615e-06,6.645563144047628e-05
signed_hqql_tbl,mod.blocks.6.attn.h4,photon<-electron,0.016804009675979614,-6.475070835946779e-06,0.00011330829497806176,-5.502690068429469e-06,4.0366180655837525e-05,-0.00011978336581400854,-9.723807675173097e-07,6.475070835946779e-06,6.636675374295105e-05
B_tbl_minus_hqql,mod.blocks.1.attn.h2,neutral_hadron<-electron,0.009562692294518152,-4.42130075060521e-05,0.0,0.0,0.0,-4.42130075060521e-05,-4.42130075060521e-05,4.42130075060521e-05,6.631951125907815e-05
B_tbl_minus_hqql,mod.blocks.1.attn.h4,charged_hadron<-electron,0.013823488461119788,-4.4091592869898745e-05,0.0,0.0,0.0,-4.4091592869898745e-05,-4.4091592869898745e-05,4.4091592869898745e-05,6.613738930484812e-05
signed_hqql_tbl,mod.blocks.2.attn.h7,muon<-charged_hadron,0.02025563456118107,-3.299840318504721e-05,3.290779363268461e-05,-3.433057572692633e-05,0.00015234553145339967,-6.590619681773182e-05,1.3321725418791202e-06,3.299840318504721e-05,6.595150159391313e-05
signed_hqql_tbl,mod.blocks.4.attn.h1,muon<-muon,0.00022559950593858957,6.339647370623425e-06,0.0001252800372526508,-1.3027753311689594e-06,6.698710467389901e-05,-0.00011894038988202738,7.642422701792384e-06,6.339647370623425e-06,6.580984231163711e-05
signed_hqql_tbl,mod.blocks.3.attn.h0,neutral_hadron<-electron,0.02506474819448259,4.7372111347848896e-05,1.1349287026525034e-05,-4.9319679528707636e-05,1.1475458904897096e-05,3.602282432132386e-05,9.669179087655653e-05,4.7372111347848896e-05,6.538352350851083e-05
signed_hqql_tbl,mod.blocks.0.attn.h5,neutral_hadron<-neutral_hadron,0.009524472368061428,3.0297794926466806e-05,-3.9829985089598524e-05,7.969635307189554e-05,-6.210142319856175e-05,7.012778001606533e-05,-4.939855814542873e-05,3.0297794926466806e-05,6.536168493449947e-05
B_tbl_minus_hqql,mod.blocks.0.attn.h6,muon<-charged_hadron,0.03224608674645424,4.35208530689124e-05,0.0,0.0,0.0,4.35208530689124e-05,4.35208530689124e-05,4.35208530689124e-05,6.52812796033686e-05
signed_hqql_tbl,mod.blocks.3.attn.h7,photon<-electron,0.006418753203337755,-9.145701258647733e-06,0.0001027047252541201,-3.2927157527800386e-05,0.00017175911852973513,-0.00011185042651276783,2.3781456269152653e-05,9.145701258647733e-06,6.507091451503165e-05
signed_hqql_tbl,mod.blocks.6.attn.h7,electron<-charged_hadron,0.03275311773731595,2.100902357986862e-05,-6.702990424607626e-05,-0.00010841531443527376,-3.615303488913924e-05,8.803892782594489e-05,0.00012942433801514238,2.100902357986862e-05,6.502848749284106e-05
B_tbl_minus_hqql,mod.blocks.1.attn.h1,neutral_hadron<-muon,0.023891398310661317,-4.329722723923623e-05,0.0,0.0,0.0,-4.329722723923623e-05,-4.329722723923623e-05,4.329722723923623e-05,6.494584085885434e-05
signed_hqql_tbl,mod.blocks.6.attn.h2,neutral_hadron<-electron,0.003368170362793737,-2.550508994587559e-06,0.00012200490136879843,2.0800806832994568e-05,2.4919889369812154e-06,-0.00012455541036338597,-2.3351315827582125e-05,2.550508994587559e-06,6.482821417628055e-05
signed_hqql_tbl,mod.blocks.4.attn.h3,muon<-neutral_hadron,0.013383272290229797,4.945435211993754e-05,1.8715642909228336e-05,6.337620288832113e-05,-2.714852477462652e-05,3.0738709210709206e-05,-1.392185076838359e-05,4.945435211993754e-05,6.482370672529215e-05
B_tbl_minus_hqql,mod.blocks.3.attn.h1,muon<-neutral_hadron,0.009186327457427979,4.313330864533782e-05,0.0,0.0,0.0,4.313330864533782e-05,4.313330864533782e-05,4.313330864533782e-05,6.469996296800672e-05
B_tbl_minus_hqql,mod.blocks.0.attn.h0,muon<-charged_hadron,0.01817849650979042,-4.2970277718268335e-05,0.0,0.0,0.0,-4.2970277718268335e-05,-4.2970277718268335e-05,4.2970277718268335e-05,6.44554165774025e-05
B_tbl_minus_hqql,mod.blocks.6.attn.h6,neutral_hadron<-muon,0.030851617455482483,-4.2739775381051004e-05,0.0,0.0,0.0,-4.2739775381051004e-05,-4.2739775381051004e-05,4.2739775381051004e-05,6.41096630715765e-05
B_tbl_minus_hqql,mod.blocks.6.attn.h2,photon<-neutral_hadron,0.018466050522946323,4.272658923303674e-05,0.0,0.0,0.0,4.272658923303674e-05,4.272658923303674e-05,4.272658923303674e-05,6.408988384955511e-05
signed_hqql_tbl,mod.blocks.0.attn.h0,electron<-photon,0.022892070979606813,-3.978602798292186e-05,8.528899248900685e-06,3.972758089990488e-05,-0.00012167465456514037,-4.8314927231822544e-05,-7.951360888282675e-05,3.978602798292186e-05,6.394349159883313e-05
signed_hqql_tbl,mod.blocks.4.attn.h7,neutral_hadron<-electron,0.005999440534247292,-5.422012960749541e-06,0.00011128853212109167,0.00014069715514779092,-0.00016353183491446543,-0.00011671054508184121,-0.00014611916810854046,5.422012960749541e-06,6.377728550167014e-05
signed_hqql_tbl,mod.blocks.2.attn.h4,charged_hadron<-electron,0.013763428798743657,-4.1621081306532555e-06,0.00011498040703097076,3.569139048574899e-05,-4.8742134822532535e-05,-0.00011914251516162402,-3.985349861640224e-05,4.1621081306532555e-06,6.373336571146527e-05
signed_hqql_tbl,mod.blocks.4.attn.h3,muon<-muon,0.0008917708764784038,-4.272103979019448e-06,0.00011463781902421033,2.884840569095104e-06,-7.431310223182663e-06,-0.00011890992300322978,-7.156944548114552e-06,4.272103979019448e-06,6.372706548063434e-05
B_tbl_minus_hqql,mod.blocks.6.attn.h2,charged_hadron<-neutral_hadron,0.011567129006906717,4.247718165219039e-05,0.0,0.0,0.0,4.247718165219039e-05,4.247718165219039e-05,4.247718165219039e-05,6.371577247828558e-05
signed_hqql_tbl,mod.blocks.2.attn.h2,muon<-neutral_hadron,0.002773713134229183,-2.7096027042716742e-05,-0.00010013152723331586,-8.193243411369622e-05,0.00016333721557910193,7.303550019059913e-05,5.483640707097948e-05,2.7096027042716742e-05,6.361377713801631e-05
signed_hqql_tbl,mod.blocks.4.attn.h1,photon<-muon,0.0225112247467041,-4.911572905257344e-06,-0.0001221987247270973,-0.00016226091732581457,9.241920270142145e-05,0.00011728715182183996,0.00015734934442055722,4.911572905257344e-06,6.355514881617733e-05
signed_hqql_tbl,mod.blocks.0.attn.h0,electron<-electron,6.017080926944294e-06,-2.4171317071343246e-08,-0.0001266258137289089,-2.1750993213961087e-07,-5.501473232527587e-09,0.00012660164241183757,1.9333861506826761e-07,2.4171317071343246e-08,6.332499252299012e-05
signed_hqql_tbl,mod.blocks.1.attn.h0,electron<-photon,0.022403735940049335,-5.9604458794815514e-05,-5.2223340349478856e-05,0.0001704871080749269,-6.073890813240723e-05,-7.381118445336658e-06,-0.00023009156686974242,5.9604458794815514e-05,6.329501801748385e-05
B_tbl_minus_hqql,mod.blocks.6.attn.h5,electron<-electron,0.028158308686916673,4.219231194382525e-05,0.0,0.0,0.0,4.219231194382525e-05,4.219231194382525e-05,4.219231194382525e-05,6.328846791573788e-05
B_tbl_minus_hqql,mod.blocks.0.attn.h3,electron<-photon,0.010071795524620428,-4.214870509676393e-05,0.0,0.0,0.0,-4.214870509676393e-05,-4.214870509676393e-05,4.214870509676393e-05,6.32230576451459e-05
B_tbl_minus_hqql,mod.blocks.1.attn.h0,charged_hadron<-neutral_hadron,0.018099649179549444,-4.214720046591191e-05,0.0,0.0,0.0,-4.214720046591191e-05,-4.214720046591191e-05,4.214720046591191e-05,6.322080069886787e-05
signed_hqql_tbl,mod.cls_blocks.0.attn.h1,neutral_hadron<-muon,0.0,0.0,-0.00012609832629095763,0.0005515060038305819,-0.003868415718898177,0.00012609832629095763,-0.0005515060038305819,0.0,6.304916314547881e-05
B_tbl_minus_hqql,mod.blocks.0.attn.h4,neutral_hadron<-muon,0.031279566884040835,-4.195054061710835e-05,0.0,0.0,0.0,-4.195054061710835e-05,-4.195054061710835e-05,4.195054061710835e-05,6.292581092566253e-05
signed_hqql_tbl,mod.blocks.5.attn.h4,muon<-photon,0.020889902114868165,-4.007702227681875e-05,5.44608031448565e-06,-3.71635265071832e-05,7.058564165163261e-06,-4.55231025913044e-05,-2.9134957696355537e-06,4.007702227681875e-05,6.283857357247096e-05
B_tbl_minus_hqql,mod.blocks.5.attn.h1,photon<-muon,0.01606059670448303,4.1872966103255746e-05,0.0,0.0,0.0,4.1872966103255746e-05,4.1872966103255746e-05,4.1872966103255746e-05,6.280944915488362e-05
B_tbl_minus_hqql,mod.blocks.4.attn.h3,electron<-electron,0.027966922761531048,-4.1831333019665744e-05,0.0,0.0,0.0,-4.1831333019665744e-05,-4.1831333019665744e-05,4.1831333019665744e-05,6.274699952949861e-05
signed_hqql_tbl,mod.blocks.0.attn.h5,electron<-photon,0.017021989919305817,3.901996310966892e-05,8.632291358447186e-05,-8.66167813780651e-05,-6.009526077832561e-05,-4.730295047480294e-05,0.00012563674448773404,3.901996310966892e-05,6.267143834707039e-05
signed_hqql_tbl,mod.blocks.5.attn.h1,neutral_hadron<-muon,0.006414075195789337,1.3358858996070922e-05,-8.464255552098621e-05,-7.276578344317386e-06,-6.051169455329525e-05,9.800141451705713e-05,2.0635437340388308e-05,1.3358858996070922e-05,6.235956625459949e-05
signed_hqql_tbl,mod.blocks.2.attn.h4,neutral_hadron<-neutral_hadron,0.022970814944901427,-3.2675353470010316e-05,2.6552152719894964e-05,-4.088550634171504e-06,-8.612771713043512e-05,-5.922750618990528e-05,-2.858680283583881e-05,3.2675353470010316e-05,6.228910656496295e-05
B_tbl_minus_hqql,mod.blocks.2.attn.h1,charged_hadron<-neutral_hadron,0.01829962149387648,-4.149900676933031e-05,0.0,0.0,0.0,-4.149900676933031e-05,-4.149900676933031e-05,4.149900676933031e-05,6.224851015399547e-05
B_tbl_minus_hqql,mod.blocks.0.attn.h2,photon<-neutral_hadron,0.01693928382218371,4.13836604770095e-05,0.0,0.0,0.0,4.13836604770095e-05,4.13836604770095e-05,4.13836604770095e-05,6.207549071551426e-05
signed_hqql_tbl,mod.blocks.2.attn.h3,charged_hadron<-neutral_hadron,0.01791415528422978,-4.543800367412864e-05,-1.254896100319027e-05,1.968762975812127e-05,-3.278173265697989e-05,-3.288904267093837e-05,-6.512563343224991e-05,4.543800367412864e-05,6.188252500959784e-05
signed_hqql_tbl,mod.blocks.6.attn.h5,electron<-photon,0.01481068546209878,8.6959680481776e-06,0.00011472220988556122,-0.00013457896628616645,-0.00014018361935086432,-0.00010602624183738362,0.00014327493433434404,8.6959680481776e-06,6.170908896686941e-05
signed_hqql_tbl,mod.blocks.7.attn.h1,neutral_hadron<-muon,0.032974463701248166,-2.9768698732368647e-05,3.3994121224623086e-05,2.4877911073417636e-06,2.9284625573685236e-05,-6.376281995699174e-05,-3.225648983971041e-05,2.9768698732368647e-05,6.165010871086451e-05
B_tbl_minus_hqql,mod.blocks.2.attn.h1,photon<-neutral_hadron,0.018779266337641074,-4.107908551625985e-05,0.0,0.0,0.0,-4.107908551625985e-05,-4.107908551625985e-05,4.107908551625985e-05,6.161862827438978e-05
B_tbl_minus_hqql,mod.blocks.4.attn.h0,electron<-neutral_hadron,0.010266558163695864,-4.09727439950479e-05,0.0,0.0,0.0,-4.09727439950479e-05,-4.09727439950479e-05,4.09727439950479e-05,6.145911599257185e-05
signed_hqql_tbl,mod.blocks.0.attn.h2,photon<-neutral_hadron,0.016939283672329167,4.138365359892009e-05,1.314299281215333e-06,3.760391607813718e-08,4.258640380070854e-06,4.006935431770476e-05,4.1346049682841954e-05,4.138365359892009e-05,6.141833075777248e-05
signed_hqql_tbl,mod.blocks.1.attn.h3,neutral_hadron<-muon,0.014067617058753968,-9.833030344452708e-06,9.321608255656126e-05,-0.00026687528588809073,-0.00020016794345186403,-0.00010304911290101397,0.00025704225554363803,9.833030344452708e-06,6.13575867949597e-05
signed_hqql_tbl,mod.blocks.3.attn.h4,muon<-photon,0.011825902462005615,7.931090076453984e-06,0.00011440652643183344,-0.00010268489963241986,-2.220753231085837e-05,-0.00010647543635537945,0.00011061598970887385,7.931090076453984e-06,6.116880825414372e-05
signed_hqql_tbl,mod.blocks.2.attn.h5,neutral_hadron<-muon,0.005204857140779495,2.0262629550416023e-05,-6.123039126274914e-05,0.0009012261289171875,8.638897411906833e-05,8.149302081316516e-05,-0.0008809634993667715,2.0262629550416023e-05,6.10091399569986e-05
signed_hqql_tbl,mod.blocks.6.attn.h2,electron<-charged_hadron,0.025607146677516755,-1.4682587789138779e-05,-0.00010729605264989941,9.993629847203607e-05,-3.49768518935889e-05,9.261346486076063e-05,-0.00011461888626117485,1.4682587789138779e-05,6.0989320219519095e-05
signed_hqql_tbl,mod.blocks.3.attn.h2,photon<-neutral_hadron,0.013419424303667415,2.8286180492621652e-05,-3.69097812854545e-05,1.7852073044461072e-05,-5.013259441102604e-05,6.519596177807615e-05,1.043410744816058e-05,2.8286180492621652e-05,6.0884161381659726e-05
signed_hqql_tbl,mod.blocks.2.attn.h1,neutral_hadron<-charged_hadron,0.027572476563333462,-2.146939907962566e-05,5.724185868742943e-05,-2.7454163312334625e-05,2.3405507469631845e-05,-7.87112577670551e-05,5.9847642327089654e-06,2.146939907962566e-05,6.082502796315321e-05
signed_hqql_tbl,mod.blocks.3.attn.h7,muon<-charged_hadron,0.017742790281772614,-3.574237780412659e-05,1.392167411186398e-05,8.695186697877943e-05,0.00013374741485511714,-4.966405191599057e-05,-0.00012269424478290604,3.574237780412659e-05,6.0574403762121874e-05
signed_hqql_tbl,mod.blocks.4.attn.h1,muon<-neutral_hadron,0.0047767296433448795,-3.844180610030889e-05,-8.252085535787046e-05,-0.00012770637113135308,-0.00016277292808000412,4.407904925756157e-05,8.926456503104419e-05,3.844180610030889e-05,6.0481330729089676e-05
signed_hqql_tbl,mod.blocks.3.attn.h0,neutral_hadron<-photon,0.019905872235576886,1.9749450952234363e-05,-6.15989292208083e-05,2.6545777245461074e-05,-7.194227327849422e-05,8.134838017304267e-05,-6.796326293226712e-06,1.9749450952234363e-05,6.04236410387557e-05
signed_hqql_tbl,mod.blocks.4.attn.h2,charged_hadron<-photon,0.015394812336827482,2.5504079657046694e-05,-4.409873738346059e-05,3.027982346151749e-05,-8.459025639925926e-05,6.960281704050729e-05,-4.775743804470795e-06,2.5504079657046694e-05,6.030548817730034e-05
B_tbl_minus_hqql,mod.blocks.1.attn.h4,charged_hadron<-muon,0.04848148673772812,-4.014359728898853e-05,0.0,0.0,0.0,-4.014359728898853e-05,-4.014359728898853e-05,4.014359728898853e-05,6.0215395933482796e-05
B_tbl_minus_hqql,mod.blocks.5.attn.h4,muon<-photon,0.020889892578125,-4.007697105407715e-05,0.0,0.0,0.0,-4.007697105407715e-05,-4.007697105407715e-05,4.007697105407715e-05,6.011545658111572e-05
signed_hqql_tbl,mod.blocks.0.attn.h1,electron<-charged_hadron,0.023421265539668855,1.0066161935572468e-05,0.0001101246809191776,3.724921382321366e-05,1.3178889639675617e-06,-0.00010005851898360514,-2.718305188764119e-05,1.0066161935572468e-05,6.009542142737504e-05
B_tbl_minus_hqql,mod.blocks.2.attn.h2,neutral_hadron<-neutral_hadron,0.008177747812370682,3.99485787827267e-05,0.0,0.0,0.0,3.99485787827267e-05,3.99485787827267e-05,3.99485787827267e-05,5.9922868174090046e-05
signed_hqql_tbl,mod.blocks.4.attn.h6,charged_hadron<-neutral_hadron,0.016373848781532266,2.8363015653998577e-05,-3.467070399287959e-05,6.3894116058199624e-06,-2.7608620609474365e-05,6.303371964687816e-05,2.1973604048178614e-05,2.8363015653998577e-05,5.987987547743766e-05
signed_hqql_tbl,mod.blocks.6.attn.h5,photon<-muon,0.14568781852722168,9.187243413180114e-06,-9.218126682466583e-05,-0.000154747949203565,-0.0005643315580527997,0.00010136851023784593,0.00016393519261674513,9.187243413180114e-06,5.987149853210308e-05
B_tbl_minus_hqql,mod.blocks.2.attn.h4,electron<-neutral_hadron,0.011535312566492293,-3.983093807215078e-05,0.0,0.0,0.0,-3.983093807215078e-05,-3.983093807215078e-05,3.983093807215078e-05,5.9746407108226166e-05
B_tbl_minus_hqql,mod.blocks.0.attn.h0,electron<-photon,0.022892071464197424,-3.978602183089266e-05,0.0,0.0,0.0,-3.978602183089266e-05,-3.978602183089266e-05,3.978602183089266e-05,5.967903274633899e-05
signed_hqql_tbl,mod.blocks.1.attn.h0,charged_hadron<-electron,0.015198999217578344,5.567835095072431e-05,4.785936290511128e-05,1.893961874382763e-05,-4.5272433198988437e-05,7.81898804561303e-06,3.6738732206896676e-05,5.567835095072431e-05,5.9587844973530826e-05
signed_hqql_tbl,mod.blocks.6.attn.h6,photon<-neutral_hadron,0.027830345873410114,2.6699524571256282e-05,-3.867626898104136e-05,9.283620235731446e-06,-6.233574313167737e-07,6.537579355229763e-05,1.7415904335524836e-05,2.6699524571256282e-05,5.93874213474051e-05
B_tbl_minus_hqql,mod.blocks.7.attn.h7,electron<-neutral_hadron,0.04380129250111403,-3.9310475350012656e-05,0.0,0.0,0.0,-3.9310475350012656e-05,-3.9310475350012656e-05,3.9310475350012656e-05,5.896571302501898e-05
B_tbl_minus_hqql,mod.blocks.0.attn.h5,electron<-photon,0.01702199088848703,3.901996500260098e-05,0.0,0.0,0.0,3.901996500260098e-05,3.901996500260098e-05,3.901996500260098e-05,5.852994750390147e-05
signed_hqql_tbl,mod.blocks.0.attn.h1,neutral_hadron<-photon,0.01657376983943486,-3.274203907615856e-05,1.8584738800211123e-05,-8.959120178571583e-06,7.035439170807501e-06,-5.1326777876369684e-05,-2.378291889758698e-05,3.274203907615856e-05,5.84054280143434e-05
signed_hqql_tbl,mod.blocks.2.attn.h3,electron<-photon,0.020767387335862572,-3.2137228472714835e-05,2.0046967633620458e-05,-0.00014840967196505517,-3.1229154046741314e-05,-5.218419610633529e-05,0.00011627244349234033,3.2137228472714835e-05,5.822932652588248e-05
signed_hqql_tbl,mod.cls_blocks.0.attn.h7,muon<-photon,0.0,0.0,-0.00011593677018853751,0.0,0.0,0.00011593677018853751,0.0,0.0,5.7968385094268754e-05
signed_hqql_tbl,mod.blocks.5.attn.h0,photon<-neutral_hadron,0.017926159105834387,-2.7640980254509854e-05,3.2853410997679424e-05,-2.191196984542672e-05,6.0620358837428934e-05,-6.049439125218928e-05,-5.729010409083133e-06,2.7640980254509854e-05,5.788817588060449e-05
signed_hqql_tbl,mod.blocks.1.attn.h1,charged_hadron<-photon,0.016634629097789233,-2.970861405597441e-05,2.6502329667296684e-05,1.6538504793780074e-07,2.1648251788362777e-05,-5.62109437232711e-05,-2.9873999103912213e-05,2.970861405597441e-05,5.781408591760996e-05
B_tbl_minus_hqql,mod.blocks.4.attn.h1,muon<-neutral_hadron,0.00477672629058361,-3.844179445877671e-05,0.0,0.0,0.0,-3.844179445877671e-05,-3.844179445877671e-05,3.844179445877671e-05,5.766269168816507e-05
signed_hqql_tbl,mod.blocks.5.attn.h5,electron<-photon,0.020483897953498656,-2.5253571741229937e-06,-0.00011260172964453145,-0.0002032743234719549,6.149055025161942e-07,0.00011007637247040846,0.00020074896629783192,2.5253571741229937e-06,5.7563543409327225e-05
signed_hqql_tbl,mod.blocks.2.attn.h2,neutral_hadron<-neutral_hadron,0.008177747400324852,3.994858240346611e-05,5.141525388952154e-06,2.898361656777533e-05,-1.3890029072224333e-05,3.4807057014513953e-05,1.0964965835690778e-05,3.994858240346611e-05,5.7352110910723086e-05
B_tbl_minus_hqql,mod.blocks.0.attn.h0,neutral_hadron<-muon,0.00943274274468422,-3.821587306447327e-05,0.0,0.0,0.0,-3.821587306447327e-05,-3.821587306447327e-05,3.821587306447327e-05,5.73238095967099e-05
signed_hqql_tbl,mod.blocks.2.attn.h6,photon<-muon,0.008018177747726441,2.2368866484612227e-05,9.205984411221977e-05,-0.00013809940511626856,-3.353239935677266e-05,-6.969097762760755e-05,0.0001604682716008808,2.2368866484612227e-05,5.7214355298416e-05
B_tbl_minus_hqql,mod.blocks.0.attn.h2,photon<-photon,0.018640387275910456,3.800652685651287e-05,0.0,0.0,0.0,3.800652685651287e-05,3.800652685651287e-05,3.800652685651287e-05,5.700979028476931e-05
B_tbl_minus_hqql,mod.blocks.1.attn.h1,photon<-neutral_hadron,0.020923235669666532,-3.7992869209355335e-05,0.0,0.0,0.0,-3.7992869209355335e-05,-3.7992869209355335e-05,3.7992869209355335e-05,5.6989303814033006e-05
signed_hqql_tbl,mod.blocks.2.attn.h0,photon<-neutral_hadron,0.014980178295929127,-2.06195978514527e-05,5.1323347024262146e-05,-1.6093503776863965e-05,5.0642135756909336e-05,-7.194294487571484e-05,-4.526094074588736e-06,2.06195978514527e-05,5.6591070289310126e-05
signed_hqql_tbl,mod.blocks.3.attn.h6,charged_hadron<-charged_hadron,0.025435599596060187,3.438956188443626e-05,-1.0007631425137797e-05,1.6797562778446134e-05,-3.128029625734681e-05,4.439719330957406e-05,1.7591999105990128e-05,3.438956188443626e-05,5.658815853922329e-05
B_tbl_minus_hqql,mod.blocks.3.attn.h5,electron<-electron,0.028849657416180383,-3.770612386648035e-05,0.0,0.0,0.0,-3.770612386648035e-05,-3.770612386648035e-05,3.770612386648035e-05,5.6559185799720524e-05
signed_hqql_tbl,mod.blocks.6.attn.h3,photon<-electron,0.1026265950706916,4.541427673151096e-05,2.3158066216166374e-05,-3.261741117707321e-06,-8.966270252130926e-05,2.2256210515344585e-05,4.867601784921828e-05,4.541427673151096e-05,5.6542381989183254e-05
B_tbl_minus_hqql,mod.blocks.3.attn.h2,charged_hadron<-photon,0.01723813363267534,3.754737372534346e-05,0.0,0.0,0.0,3.754737372534346e-05,3.754737372534346e-05,3.754737372534346e-05,5.6321060588015194e-05
B_tbl_minus_hqql,mod.blocks.1.attn.h3,electron<-muon,0.015065114013850689,-3.748568269656971e-05,0.0,0.0,0.0,-3.748568269656971e-05,-3.748568269656971e-05,3.748568269656971e-05,5.6228524044854566e-05
signed_hqql_tbl,mod.blocks.6.attn.h0,muon<-neutral_hadron,0.007194997370243072,3.229492867831141e-05,-1.5501600501011126e-05,1.2579030226333998e-05,3.055169104805423e-05,4.7796529179322535e-05,1.971589845197741e-05,3.229492867831141e-05,5.619319326797268e-05
signed_hqql_tbl,mod.blocks.4.attn.h2,neutral_hadron<-muon,0.019016869366168976,-3.4278930979780856e-05,-7.809912957175887e-05,-3.999907858087681e-05,-2.0896034887603796e-06,4.382019859197801e-05,5.720147601095957e-06,3.4278930979780856e-05,5.618903027576986e-05
signed_hqql_tbl,mod.blocks.5.attn.h3,electron<-photon,0.016985746418557515,1.7722282554893715e-05,-5.913487664117754e-05,-7.849165350697669e-05,3.328522006995627e-05,7.685715919607126e-05,9.62139360618704e-05,1.7722282554893715e-05,5.615086215292934e-05
signed_hqql_tbl,mod.blocks.2.attn.h5,electron<-photon,0.01519145180539387,1.1094567570381048e-05,0.00010116543594954743,6.693541737539428e-05,6.582441437785747e-05,-9.007086837916638e-05,-5.584084980501323e-05,1.1094567570381048e-05,5.613000175996424e-05
B_tbl_minus_hqql,mod.blocks.1.attn.h3,electron<-neutral_hadron,0.005349365442439362,3.723273672491174e-05,0.0,0.0,0.0,3.723273672491174e-05,3.723273672491174e-05,3.723273672491174e-05,5.5849105087367614e-05
signed_hqql_tbl,mod.blocks.1.attn.h6,electron<-charged_hadron,0.01641143893911725,-5.117633831798143e-05,-4.185486239183581e-05,-6.626137390454439e-05,9.672177082393319e-05,-9.321475926145622e-06,1.5085035586562962e-05,5.117633831798143e-05,5.583707628105424e-05
B_tbl_minus_hqql,mod.blocks.1.attn.h7,neutral_hadron<-electron,0.008776380370060602,-3.709845057326472e-05,0.0,0.0,0.0,-3.709845057326472e-05,-3.709845057326472e-05,3.709845057326472e-05,5.5647675859897085e-05
signed_hqql_tbl,mod.blocks.6.attn.h4,neutral_hadron<-electron,0.022819177213090437,-6.13187263230362e-06,9.286203720349524e-05,1.757761765475152e-06,0.00021251239377306774,-9.899390983579886e-05,-7.889634397778772e-06,6.13187263230362e-06,5.562882755020305e-05
signed_hqql_tbl,mod.blocks.6.attn.h5,charged_hadron<-muon,0.2326260507106781,-3.666625707410276e-05,1.0619107156227797e-06,0.0002530689351260662,-0.0004564956126903946,-3.7728167789725536e-05,-0.000289735192200169,3.666625707410276e-05,5.5530340968965524e-05
B_tbl_minus_hqql,mod.blocks.0.attn.h2,charged_hadron<-muon,0.030421413481235504,-3.700594243127853e-05,0.0,0.0,0.0,-3.700594243127853e-05,-3.700594243127853e-05,3.700594243127853e-05,5.550891364691779e-05
B_tbl_minus_hqql,mod.blocks.3.attn.h1,photon<-muon,0.012696386575698852,-3.6871933843940496e-05,0.0,0.0,0.0,-3.6871933843940496e-05,-3.6871933843940496e-05,3.6871933843940496e-05,5.5307900765910745e-05
B_tbl_minus_hqql,mod.blocks.2.attn.h2,photon<-photon,0.01678158693847382,3.686977103123967e-05,0.0,0.0,0.0,3.686977103123967e-05,3.686977103123967e-05,3.686977103123967e-05,5.5304656546859506e-05
signed_hqql_tbl,mod.blocks.0.attn.h1,electron<-photon,0.01738666107014912,1.0641706289678085e-05,9.983465392401234e-05,3.452752486867082e-05,-1.3442124782159226e-05,-8.919294763433427e-05,-2.3885818578992736e-05,1.0641706289678085e-05,5.523818010684522e-05
signed_hqql_tbl,mod.blocks.4.attn.h5,neutral_hadron<-electron,0.005954567903514813,-1.0281905344055741e-05,-9.999878444719606e-05,-4.429968015756458e-05,-1.5937361826701135e-05,8.971687910314032e-05,3.401777481350884e-05,1.0281905344055741e-05,5.51403448956259e-05
B_tbl_minus_hqql,mod.blocks.7.attn.h5,muon<-photon,0.011318646669387818,-3.673924598842859e-05,0.0,0.0,0.0,-3.673924598842859e-05,-3.673924598842859e-05,3.673924598842859e-05,5.5108868982642884e-05
B_tbl_minus_hqql,mod.blocks.1.attn.h6,muon<-neutral_hadron,0.002508250251412392,3.6696763709187506e-05,0.0,0.0,0.0,3.6696763709187506e-05,3.6696763709187506e-05,3.6696763709187506e-05,5.5045145563781256e-05
B_tbl_minus_hqql,mod.blocks.6.attn.h5,charged_hadron<-muon,0.2326260209083557,-3.666603151941672e-05,0.0,0.0,0.0,-3.666603151941672e-05,-3.666603151941672e-05,3.666603151941672e-05,5.499904727912508e-05
B_tbl_minus_hqql,mod.blocks.7.attn.h0,charged_hadron<-muon,0.04578382521867752,3.64544648618903e-05,0.0,0.0,0.0,3.64544648618903e-05,3.64544648618903e-05,3.64544648618903e-05,5.468169729283545e-05
signed_hqql_tbl,mod.blocks.7.attn.h7,muon<-neutral_hadron,0.005623441189527512,-9.40624886425212e-06,8.093905974722777e-05,-6.704495899612084e-05,-9.283606292835127e-05,-9.03453086114799e-05,5.763871013186872e-05,9.40624886425212e-06,5.457890316999207e-05
B_tbl_minus_hqql,mod.blocks.0.attn.h3,muon<-charged_hadron,0.02319091372191906,-3.637508052634075e-05,0.0,0.0,0.0,-3.637508052634075e-05,-3.637508052634075e-05,3.637508052634075e-05,5.456262078951113e-05
signed_hqql_tbl,mod.blocks.1.attn.h2,charged_hadron<-photon,0.019528980753726177,2.3619024524737444e-05,-3.7993463822783146e-05,2.844738092561431e-05,-4.112026414134433e-05,6.161248834752059e-05,-4.828356400876868e-06,2.3619024524737444e-05,5.442526869849774e-05
B_tbl_minus_hqql,mod.blocks.5.attn.h0,muon<-neutral_hadron,0.021712471544742585,-3.626396355684847e-05,0.0,0.0,0.0,-3.626396355684847e-05,-3.626396355684847e-05,3.626396355684847e-05,5.4395945335272705e-05
B_tbl_minus_hqql,mod.blocks.5.attn.h3,charged_hadron<-electron,0.023249414439002674,-3.622747040242844e-05,0.0,0.0,0.0,-3.622747040242844e-05,-3.622747040242844e-05,3.622747040242844e-05,5.434120560364266e-05
B_tbl_minus_hqql,mod.blocks.0.attn.h2,charged_hadron<-neutral_hadron,0.016936321218474572,3.603896107726811e-05,0.0,0.0,0.0,3.603896107726811e-05,3.603896107726811e-05,3.603896107726811e-05,5.405844161590217e-05
B_tbl_minus_hqql,mod.blocks.5.attn.h3,muon<-charged_hadron,0.018984956666827202,3.603101504268125e-05,0.0,0.0,0.0,3.603101504268125e-05,3.603101504268125e-05,3.603101504268125e-05,5.404652256402187e-05
signed_hqql_tbl,mod.blocks.5.attn.h2,charged_hadron<-muon,0.006821645423769951,-1.5192404134722892e-05,6.236038946857055e-05,-2.1224138617981225e-05,6.81675076273016e-06,-7.755279360329344e-05,6.031734483258332e-06,1.5192404134722892e-05,5.396880093636961e-05
signed_hqql_tbl,mod.blocks.3.attn.h7,charged_hadron<-charged_hadron,0.025802750681430283,-1.634113044529785e-05,5.874346341701215e-05,-2.4299952263017054e-06,2.825180836814241e-05,-7.508459386231e-05,-1.3911135218996142e-05,1.634113044529785e-05,5.388342737645284e-05
signed_hqql_tbl,mod.blocks.3.attn.h6,photon<-muon,0.003415532410144806,-6.955843418836593e-06,-0.00010055032754807096,-9.177173654149686e-06,-0.00014543590805260465,9.359448412923437e-05,2.221330235313093e-06,6.955843418836593e-06,5.3753085483453776e-05
signed_hqql_tbl,mod.blocks.2.attn.h0,charged_hadron<-charged_hadron,0.024092045993836055,-3.33587982537169e-05,7.428814333903871e-06,-9.49199483064528e-06,2.8317771088934677e-05,-4.078761258762077e-05,-2.386680342307162e-05,3.33587982537169e-05,5.375260454752728e-05
signed_hqql_tbl,mod.blocks.7.attn.h5,muon<-muon,7.213870048872195e-06,1.2428124307461985e-08,-0.00010742084214143688,5.1211674900741855e-09,3.12383555467477e-07,0.00010743327026574434,7.3069568173878e-09,1.2428124307461985e-08,5.372906325717963e-05
B_tbl_minus_hqql,mod.blocks.1.attn.h0,neutral_hadron<-electron,0.013926132409660905,3.581098954546852e-05,0.0,0.0,0.0,3.581098954546852e-05,3.581098954546852e-05,3.581098954546852e-05,5.371648431820278e-05
signed_hqql_tbl,mod.blocks.7.attn.h0,photon<-neutral_hadron,0.015303853526945611,-1.7880004058556315e-05,5.378970168112086e-05,-1.985386808831188e-05,3.360283549645663e-05,-7.166970573967717e-05,1.973864029755566e-06,1.7880004058556315e-05,5.3714856928394896e-05
signed_hqql_tbl,mod.cls_blocks.1.attn.h3,charged_hadron<-CLS,0.005111840553581715,3.4320448321523145e-05,-4.297847482348516e-06,0.0,0.0,3.861829580387166e-05,3.4320448321523145e-05,3.4320448321523145e-05,5.3629596223458975e-05
B_tbl_minus_hqql,mod.blocks.3.attn.h7,muon<-charged_hadron,0.017742790281772614,-3.5742421459872276e-05,0.0,0.0,0.0,-3.5742421459872276e-05,-3.5742421459872276e-05,3.5742421459872276e-05,5.361363218980841e-05
signed_hqql_tbl,mod.blocks.4.attn.h3,electron<-photon,0.018161122391863568,-3.3960831957316495e-05,5.180710555847596e-06,8.816441160368932e-06,5.034651189816941e-05,-3.914154251316409e-05,-4.2777273117685423e-05,3.3960831957316495e-05,5.3531603213898536e-05
signed_hqql_tbl,mod.blocks.5.attn.h7,muon<-neutral_hadron,0.00891028344631195,-4.914653836749494e-05,-4.051449529166954e-05,2.8809965442633256e-05,-0.00045961736678792577,-8.632043075825399e-06,-7.79565038101282e-05,4.914653836749494e-05,5.346255990540764e-05
B_tbl_minus_hqql,mod.blocks.1.attn.h2,photon<-photon,0.018509159934481472,3.5620278901002676e-05,0.0,0.0,0.0,3.5620278901002676e-05,3.5620278901002676e-05,3.5620278901002676e-05,5.3430418351504015e-05
B_tbl_minus_hqql,mod.blocks.3.attn.h2,charged_hadron<-neutral_hadron,0.018374307816769898,3.557512853770707e-05,0.0,0.0,0.0,3.557512853770707e-05,3.557512853770707e-05,3.557512853770707e-05,5.336269280656061e-05
signed_hqql_tbl,mod.blocks.6.attn.h7,neutral_hadron<-neutral_hadron,0.01711430496032365,-3.0751072891749186e-05,1.4152881075616106e-05,-1.2868508820598302e-05,2.1544855058858322e-05,-4.4903953967365294e-05,-1.7882564071150885e-05,3.0751072891749186e-05,5.3203049875431834e-05
signed_hqql_tbl,mod.cls_blocks.1.attn.h7,charged_hadron<-CLS,0.0016050304111558944,-3.772885656871949e-05,-6.821798476830399e-05,0.0,0.0,3.0489128199584492e-05,-3.772885656871949e-05,3.772885656871949e-05,5.297342066851174e-05
signed_hqql_tbl,mod.blocks.0.attn.h3,muon<-charged_hadron,0.02319091372191906,-3.637508780229837e-05,-3.2109375565479963e-06,8.60288564581424e-05,-6.301117537077516e-06,-3.3164150245750374e-05,-0.00012240394426044077,3.637508780229837e-05,5.295716292517356e-05
signed_hqql_tbl,mod.blocks.2.attn.h3,muon<-photon,0.01402559757232666,1.2956301216036081e-05,-6.700799138726372e-05,-0.00016615739358322962,0.00022727808345734957,7.996429260329981e-05,0.0001791136947992657,1.2956301216036081e-05,5.293844751768598e-05
signed_hqql_tbl,mod.blocks.5.attn.h1,electron<-charged_hadron,0.021334465415704818,-1.4541337112036889e-05,6.224544653598446e-05,-0.00019117632222458207,3.798911784542724e-05,-7.678678364802134e-05,0.0001766349851125452,1.4541337112036889e-05,5.293472893604756e-05
signed_hqql_tbl,mod.blocks.7.attn.h3,charged_hadron<-electron,0.008070069320854686,-2.1262815391223522e-05,-8.46066399279869e-05,0.00018712342917469554,2.826361742336303e-05,6.334382453676338e-05,-0.00020838624456591908,2.1262815391223522e-05,5.293472765960521e-05
signed_hqql_tbl,mod.blocks.5.attn.h4,neutral_hadron<-electron,0.02370674494240019,1.8582440281567903e-05,8.719677393137797e-05,4.544250186881982e-05,0.0005360400573408697,-6.861433364981005e-05,-2.6860061587251917e-05,1.8582440281567903e-05,5.288960710647293e-05
signed_hqql_tbl,mod.blocks.1.attn.h2,electron<-charged_hadron,0.024462741045724778,-3.589007194802564e-06,-0.00010184427638622847,3.3464836727442416e-05,3.505817847326398e-05,9.82552691914259e-05,-3.705384392224498e-05,3.589007194802564e-06,5.2716641790515516e-05
signed_hqql_tbl,mod.blocks.2.attn.h7,neutral_hadron<-photon,0.022411012297377957,-2.754561506922396e-05,2.2759081152544154e-05,-2.0350601039522002e-05,2.8932792296715685e-05,-5.0304696221768115e-05,-7.195014029701959e-06,2.754561506922396e-05,5.269796318010802e-05
signed_hqql_tbl,mod.blocks.6.attn.h6,charged_hadron<-electron,0.007186240117464747,-2.3384259293379728e-05,3.522045144839495e-05,0.000166003184189656,6.997815245995297e-05,-5.8604710741774676e-05,-0.00018938744348303573,2.3384259293379728e-05,5.2686614664267066e-05
signed_hqql_tbl,mod.blocks.4.attn.h2,muon<-photon,0.01464172124862671,-1.3393691042438149e-05,6.51649836646883e-05,-0.00020029936872777485,2.582262550276937e-05,-7.855867470712646e-05,0.0001869056776853367,1.3393691042438149e-05,5.267302839600138e-05
signed_hqql_tbl,mod.blocks.4.attn.h3,photon<-muon,0.029889178276062012,-2.7633842546492814e-05,2.214583228602638e-05,6.606181462605794e-05,1.4194160939950962e-05,-4.9779674832519196e-05,-9.369565717255076e-05,2.7633842546492814e-05,5.2523679962752416e-05
signed_hqql_tbl,mod.blocks.5.attn.h4,charged_hadron<-electron,0.009665294594707944,-1.993796961739593e-05,4.516175126120674e-05,3.937097104405449e-05,-0.00023910378105938436,-6.509972087860267e-05,-5.930894066145042e-05,1.993796961739593e-05,5.248783005669726e-05
B_tbl_minus_hqql,mod.cls_blocks.1.attn.h2,neutral_hadron<-charged_hadron,0.017104172836179318,-3.4918203828451425e-05,0.0,0.0,0.0,-3.4918203828451425e-05,-3.4918203828451425e-05,3.4918203828451425e-05,5.237730574267714e-05
B_tbl_minus_hqql,mod.blocks.6.attn.h2,photon<-muon,0.02196387767791748,3.490627976134419e-05,0.0,0.0,0.0,3.490627976134419e-05,3.490627976134419e-05,3.490627976134419e-05,5.235941964201629e-05
signed_hqql_tbl,mod.blocks.5.attn.h4,photon<-electron,0.01809751963227745,-1.5228864172761276e-05,5.9017250141887754e-05,1.1300556642319342e-05,3.7078734749229625e-05,-7.424611431464904e-05,-2.652942081508062e-05,1.5228864172761276e-05,5.235192133008579e-05
B_tbl_minus_hqql,mod.blocks.3.attn.h5,charged_hadron<-electron,0.01344884577251616,3.482802085705944e-05,0.0,0.0,0.0,3.482802085705944e-05,3.482802085705944e-05,3.482802085705944e-05,5.2242031285589156e-05
signed_hqql_tbl,mod.blocks.0.attn.h7,electron<-neutral_hadron,0.029794321567923936,-7.671183859067107e-06,8.145904346173139e-05,3.6058112455066295e-05,9.581833000993356e-05,-8.913022732079849e-05,-4.37292963141334e-05,7.671183859067107e-06,5.223629751946635e-05
B_tbl_minus_hqql,mod.blocks.4.attn.h7,charged_hadron<-muon,0.009666768833994865,3.477931386441924e-05,0.0,0.0,0.0,3.477931386441924e-05,3.477931386441924e-05,3.477931386441924e-05,5.2168970796628855e-05
signed_hqql_tbl,mod.blocks.4.attn.h6,muon<-neutral_hadron,0.0033927887678146364,-5.236670403974131e-06,8.855257237883052e-05,0.00023766307276673615,-1.5222802580360116e-05,-9.378924278280465e-05,-0.00024289974317071028,5.236670403974131e-06,5.2131291795376455e-05
B_tbl_minus_hqql,mod.blocks.6.attn.h4,muon<-photon,0.0029026278853416443,-3.471915842965245e-05,0.0,0.0,0.0,-3.471915842965245e-05,-3.471915842965245e-05,3.471915842965245e-05,5.207873764447867e-05
signed_hqql_tbl,mod.blocks.1.attn.h4,charged_hadron<-photon,0.018999557285760606,2.2527719320592717e-05,-3.652336143260323e-05,-1.3150594671132908e-06,-3.88283822147532e-05,5.905108075319595e-05,2.384277878770601e-05,2.2527719320592717e-05,5.205325969719069e-05
B_tbl_minus_hqql,mod.blocks.0.attn.h2,electron<-neutral_hadron,0.01777120003545726,-3.468660374723927e-05,0.0,0.0,0.0,-3.468660374723927e-05,-3.468660374723927e-05,3.468660374723927e-05,5.20299056208589e-05
signed_hqql_tbl,mod.blocks.7.attn.h4,muon<-charged_hadron,0.005019559990614653,-1.5063366845424753e-05,5.8855618147227244e-05,8.605480543337763e-05,-2.4208175256552007e-05,-7.3918984992652e-05,-0.00010111817227880238,1.5063366845424753e-05,5.202285934175075e-05
B_tbl_minus_hqql,mod.blocks.3.attn.h1,charged_hadron<-muon,0.00749640678986907,3.465669578872621e-05,0.0,0.0,0.0,3.465669578872621e-05,3.465669578872621e-05,3.465669578872621e-05,5.1985043683089316e-05
signed_hqql_tbl,mod.blocks.3.attn.h2,photon<-photon,0.01361756130664943,1.7217197025136784e-05,-5.179792525386121e-05,9.411567617565445e-06,-3.5449849039927454e-05,6.901512227899799e-05,7.805629407571339e-06,1.7217197025136784e-05,5.1724758164635776e-05
signed_hqql_tbl,mod.blocks.1.attn.h1,electron<-photon,0.021014109375031013,3.094784962770537e-05,7.236980697295318e-05,-2.4519729777239263e-05,6.339015271805692e-05,-4.142195734524781e-05,5.546757940494463e-05,3.094784962770537e-05,5.165882830032927e-05
B_tbl_minus_hqql,mod.blocks.3.attn.h6,charged_hadron<-charged_hadron,0.025435599536208657,3.438956930742904e-05,0.0,0.0,0.0,3.438956930742904e-05,3.438956930742904e-05,3.438956930742904e-05,5.158435396114356e-05
B_tbl_minus_hqql,mod.blocks.4.attn.h2,neutral_hadron<-muon,0.019016869366168976,-3.427882038522512e-05,0.0,0.0,0.0,-3.427882038522512e-05,-3.427882038522512e-05,3.427882038522512e-05,5.141823057783768e-05
signed_hqql_tbl,mod.blocks.7.attn.h7,muon<-photon,0.027363462448120116,-1.5831838827580213e-05,-8.674568380229175e-05,2.4272755364931764e-05,3.1966039387043566e-05,7.091384497471154e-05,-4.0104594192511974e-05,1.5831838827580213e-05,5.128876131493598e-05
B_tbl_minus_hqql,mod.blocks.2.attn.h2,neutral_hadron<-electron,0.009674910731889584,3.414481438489424e-05,0.0,0.0,0.0,3.414481438489424e-05,3.414481438489424e-05,3.414481438489424e-05,5.121722157734136e-05
signed_hqql_tbl,mod.blocks.2.attn.h5,charged_hadron<-charged_hadron,0.02408397004702197,3.1610911447745135e-05,-7.059899985731316e-06,2.1968948049849448e-05,1.0042820519209143e-05,3.867081143347645e-05,9.641963397895688e-06,3.1610911447745135e-05,5.094631716448336e-05
B_tbl_minus_hqql,mod.blocks.4.attn.h3,electron<-photon,0.018161120938091743,-3.3960808768898736e-05,0.0,0.0,0.0,-3.3960808768898736e-05,-3.3960808768898736e-05,3.3960808768898736e-05,5.094121315334811e-05
signed_hqql_tbl,mod.blocks.4.attn.h0,electron<-neutral_hadron,0.010266560233301587,-4.097280718808718e-05,-2.1199334313630397e-05,9.71028974163346e-06,7.153395131354046e-05,-1.977347287445678e-05,-5.068309692972064e-05,4.097280718808718e-05,5.085954362531557e-05
B_tbl_minus_hqql,mod.blocks.5.attn.h0,charged_hadron<-neutral_hadron,0.012988569890083719,-3.3802745898198125e-05,0.0,0.0,0.0,-3.3802745898198125e-05,-3.3802745898198125e-05,3.3802745898198125e-05,5.070411884729719e-05
B_tbl_minus_hqql,mod.blocks.5.attn.h7,charged_hadron<-charged_hadron,0.03139637153092092,-3.374078140005019e-05,0.0,0.0,0.0,-3.374078140005019e-05,-3.374078140005019e-05,3.374078140005019e-05,5.061117210007528e-05
signed_hqql_tbl,mod.blocks.4.attn.h5,electron<-neutral_hadron,0.0008038690710371291,8.614808932718544e-07,-9.861469542508865e-05,-2.7349655283614992e-06,-2.372554720864173e-05,9.94761763183605e-05,3.5964464216333538e-06,8.614808932718544e-07,5.0599569052452106e-05
signed_hqql_tbl,mod.blocks.7.attn.h0,charged_hadron<-neutral_hadron,0.012253225868155642,-2.1561786592892352e-05,3.636914480644435e-05,-2.112624988679133e-05,4.0597291977000856e-05,-5.793093139933671e-05,-4.3553670610102166e-07,2.1561786592892352e-05,5.05272522925607e-05
B_tbl_minus_hqql,mod.blocks.6.attn.h1,charged_hadron<-electron,0.009257992463452476,3.3555828156836686e-05,0.0,0.0,0.0,3.3555828156836686e-05,3.3555828156836686e-05,3.3555828156836686e-05,5.033374223525503e-05
signed_hqql_tbl,mod.blocks.6.attn.h0,charged_hadron<-muon,0.04216949641704559,2.8270438633626327e-05,7.22366922463362e-05,-5.766634712927044e-05,0.00010790414340921085,-4.396625361270987e-05,8.593678576289676e-05,2.8270438633626327e-05,5.025356543998126e-05
signed_hqql_tbl,mod.blocks.3.attn.h6,electron<-photon,0.009204109570359796,-5.703810781071992e-06,8.33108571559596e-05,-0.00013892511599676385,-3.064524207729846e-05,-8.90146679370316e-05,0.00013322130521569185,5.703810781071992e-06,5.021114474958779e-05
signed_hqql_tbl,mod.blocks.0.attn.h5,photon<-electron,0.011764927365915561,9.322969613945097e-06,-7.238952950703808e-05,1.9653040063920864e-06,-0.00021397480077212094,8.171249912098318e-05,7.35766560755301e-06,9.322969613945097e-06,5.017921917443669e-05
signed_hqql_tbl,mod.blocks.2.attn.h2,neutral_hadron<-photon,0.021148808642350827,3.219762657365705e-05,-3.7234556817930275e-06,1.7833981356645493e-05,5.660416765174001e-07,3.5921082255450075e-05,1.4363645217011558e-05,3.219762657365705e-05,5.015816770138209e-05
B_tbl_minus_hqql,mod.blocks.0.attn.h2,charged_hadron<-electron,0.014173255967242377,3.338427424231278e-05,0.0,0.0,0.0,3.338427424231278e-05,3.338427424231278e-05,3.338427424231278e-05,5.0076411363469174e-05
B_tbl_minus_hqql,mod.blocks.2.attn.h0,charged_hadron<-charged_hadron,0.02409204617339065,-3.335879895510204e-05,0.0,0.0,0.0,-3.335879895510204e-05,-3.335879895510204e-05,3.335879895510204e-05,5.0038198432653065e-05
B_tbl_minus_hqql,mod.blocks.3.attn.h3,electron<-photon,0.015925984314786708,-3.333599543259517e-05,0.0,0.0,0.0,-3.333599543259517e-05,-3.333599543259517e-05,3.333599543259517e-05,5.000399314889276e-05
B_tbl_minus_hqql,mod.blocks.1.attn.h7,electron<-photon,0.017028805928501655,3.3274042368980076e-05,0.0,0.0,0.0,3.3274042368980076e-05,3.3274042368980076e-05,3.3274042368980076e-05,4.9911063553470114e-05
B_tbl_minus_hqql,mod.blocks.1.attn.h4,muon<-charged_hadron,0.02051392011344433,-3.3205284125870094e-05,0.0,0.0,0.0,-3.3205284125870094e-05,-3.3205284125870094e-05,3.3205284125870094e-05,4.980792618880514e-05
B_tbl_minus_hqql,mod.blocks.0.attn.h6,charged_hadron<-electron,0.027881713850157603,3.3179506620702646e-05,0.0,0.0,0.0,3.3179506620702646e-05,3.3179506620702646e-05,3.3179506620702646e-05,4.9769259931053966e-05
signed_hqql_tbl,mod.blocks.1.attn.h0,photon<-neutral_hadron,0.017570140300345524,-1.2943205582215037e-05,6.064991430971656e-05,-7.070581256112019e-06,6.246910115677706e-06,-7.35931198919316e-05,-5.8726243261030185e-06,1.2943205582215037e-05,4.973976552818084e-05
signed_hqql_tbl,mod.blocks.6.attn.h7,photon<-muon,0.011745588779449463,2.004761714488268e-05,-3.920930076243454e-05,4.768939453199328e-06,1.708123772914405e-05,5.9256917907317215e-05,1.527867769168335e-05,2.004761714488268e-05,4.967607609854129e-05
signed_hqql_tbl,mod.blocks.3.attn.h5,charged_hadron<-electron,0.013448844530752726,3.482804407082897e-05,6.44671575917693e-05,8.040107585939353e-05,8.854210609570146e-05,-2.9639113520940327e-05,-4.5573031788564564e-05,3.482804407082897e-05,4.9647600831299136e-05
signed_hqql_tbl,mod.blocks.4.attn.h2,photon<-neutral_hadron,0.018200670226724697,2.4494649802869047e-05,-2.5734800840666932e-05,1.4821152074814212e-05,-4.229398609031773e-05,5.022945064353598e-05,9.673497728054835e-06,2.4494649802869047e-05,4.9609375124637034e-05
B_tbl_minus_hqql,mod.blocks.3.attn.h6,muon<-photon,0.003282703459262848,3.302033059298992e-05,0.0,0.0,0.0,3.302033059298992e-05,3.302033059298992e-05,3.302033059298992e-05,4.953049588948488e-05
B_tbl_minus_hqql,mod.blocks.2.attn.h7,muon<-charged_hadron,0.020255636423826218,-3.299830132164061e-05,0.0,0.0,0.0,-3.299830132164061e-05,-3.299830132164061e-05,3.299830132164061e-05,4.9497451982460916e-05
B_tbl_minus_hqql,mod.blocks.4.attn.h1,electron<-charged_hadron,0.030840839658464705,3.299126304530849e-05,0.0,0.0,0.0,3.299126304530849e-05,3.299126304530849e-05,3.299126304530849e-05,4.9486894567962736e-05
signed_hqql_tbl,mod.blocks.1.attn.h1,muon<-electron,0.000914576172363013,6.875075541756814e-06,9.198588668368757e-05,0.0,0.0,-8.511081114193075e-05,6.875075541756814e-06,6.875075541756814e-06,4.943048111272219e-05
B_tbl_minus_hqql,mod.blocks.3.attn.h2,charged_hadron<-electron,0.007968243388902573,3.2934063970710016e-05,0.0,0.0,0.0,3.2934063970710016e-05,3.2934063970710016e-05,3.2934063970710016e-05,4.9401095956065024e-05
signed_hqql_tbl,mod.blocks.5.attn.h1,photon<-muon,0.016060595512390138,4.1872966103255746e-05,2.6920741411710257e-05,1.0658639699353703e-05,1.7131115896518168e-05,1.4952224691545489e-05,3.1214326403902045e-05,4.1872966103255746e-05,4.934907844902849e-05
B_tbl_minus_hqql,mod.blocks.0.attn.h1,neutral_hadron<-photon,0.01657376972704395,-3.274206053360238e-05,0.0,0.0,0.0,-3.274206053360238e-05,-3.274206053360238e-05,3.274206053360238e-05,4.9113090800403575e-05
B_tbl_minus_hqql,mod.blocks.4.attn.h0,charged_hadron<-electron,0.010677326648008256,3.26990976602593e-05,0.0,0.0,0.0,3.26990976602593e-05,3.26990976602593e-05,3.26990976602593e-05,4.9048646490388955e-05
B_tbl_minus_hqql,mod.blocks.2.attn.h4,neutral_hadron<-neutral_hadron,0.02297081496016901,-3.267534939964878e-05,0.0,0.0,0.0,-3.267534939964878e-05,-3.267534939964878e-05,3.267534939964878e-05,4.9013024099473176e-05
signed_hqql_tbl,mod.blocks.1.attn.h6,muon<-neutral_hadron,0.0025082506239414216,3.669679863378405e-05,1.247271878431396e-05,-7.370031380560249e-05,1.204227980148668e-05,2.422407984947009e-05,0.00011039711243938654,3.669679863378405e-05,4.88088385585191e-05
signed_hqql_tbl,mod.blocks.1.attn.h7,photon<-charged_hadron,0.024706009837811148,-2.0744028727317918e-05,3.486254528124636e-05,-5.064239995651168e-06,1.9121353668163703e-05,-5.5606574008564275e-05,-1.567978873166675e-05,2.0744028727317918e-05,4.854731573160005e-05
signed_hqql_tbl,mod.blocks.5.attn.h7,charged_hadron<-charged_hadron,0.03139637153092092,-3.3740788793818585e-05,-4.215526499527021e-06,-2.341356885491895e-05,1.6434352262401464e-05,-2.9525262294291565e-05,-1.0327219938899634e-05,3.3740788793818585e-05,4.850341994096437e-05
B_tbl_minus_hqql,mod.blocks.6.attn.h0,muon<-neutral_hadron,0.007194995880126953,3.2294882112182675e-05,0.0,0.0,0.0,3.2294882112182675e-05,3.2294882112182675e-05,3.2294882112182675e-05,4.844232316827401e-05
signed_hqql_tbl,mod.blocks.3.attn.h3,neutral_hadron<-electron,0.008313175980691557,1.4751153921005661e-05,-5.242274911372653e-05,9.778345411177725e-06,5.07281583850272e-06,6.717390303473219e-05,4.972808509827936e-06,1.4751153921005661e-05,4.8338105438371755e-05
B_tbl_minus_hqql,mod.blocks.2.attn.h2,neutral_hadron<-photon,0.02114880886713264,3.219762371998166e-05,0.0,0.0,0.0,3.219762371998166e-05,3.219762371998166e-05,3.219762371998166e-05,4.829643557997249e-05
signed_hqql_tbl,mod.blocks.4.attn.h1,electron<-charged_hadron,0.030840841787202016,3.2991299771570736e-05,6.343381510580939e-05,-0.00023275992201491334,-0.00015915602794848384,-3.0442515334238652e-05,0.0002657512217864841,3.2991299771570736e-05,4.821255743869006e-05
B_tbl_minus_hqql,mod.blocks.2.attn.h3,electron<-photon,0.020767388305043787,-3.213724982735466e-05,0.0,0.0,0.0,-3.213724982735466e-05,-3.213724982735466e-05,3.213724982735466e-05,4.8205874741031986e-05
signed_hqql_tbl,mod.cls_blocks.1.attn.h6,neutral_hadron<-neutral_hadron,0.019927154246129487,-2.827034117408881e-05,1.1317961489903214e-05,-0.00016360289063649597,7.860730208146076e-05,-3.958830266399202e-05,0.00013533254946240716,2.827034117408881e-05,4.806449250608482e-05
signed_hqql_tbl,mod.blocks.0.attn.h4,muon<-charged_hadron,0.017210425809025764,-1.2061015695508104e-05,5.9849535225508495e-05,6.173348519951105e-05,0.00040499630003151566,-7.19105509210166e-05,-7.379450089501915e-05,1.2061015695508104e-05,4.8016291156016406e-05
B_tbl_minus_hqql,mod.blocks.6.attn.h2,electron<-photon,0.022164289544268353,3.196688357558919e-05,0.0,0.0,0.0,3.196688357558919e-05,3.196688357558919e-05,3.196688357558919e-05,4.795032536338379e-05
B_tbl_minus_hqql,mod.blocks.4.attn.h4,muon<-charged_hadron,0.018685851246118546,3.19534883601591e-05,0.0,0.0,0.0,3.19534883601591e-05,3.19534883601591e-05,3.19534883601591e-05,4.793023254023865e-05
signed_hqql_tbl,mod.blocks.5.attn.h1,charged_hadron<-photon,0.01658766852301163,-1.9788161283445015e-05,3.640977062948239e-05,-3.134269464062054e-06,2.2320101928301306e-05,-5.6197931912927405e-05,-1.665389181938296e-05,1.9788161283445015e-05,4.788712723990872e-05
B_tbl_minus_hqql,mod.blocks.3.attn.h0,charged_hadron<-neutral_hadron,0.01668223363010823,-3.1914985908263205e-05,0.0,0.0,0.0,-3.1914985908263205e-05,-3.1914985908263205e-05,3.1914985908263205e-05,4.787247886239481e-05
B_tbl_minus_hqql,mod.blocks.4.attn.h7,photon<-neutral_hadron,0.02504382884255151,-3.1878265705443144e-05,0.0,0.0,0.0,-3.1878265705443144e-05,-3.1878265705443144e-05,3.1878265705443144e-05,4.7817398558164716e-05
signed_hqql_tbl,mod.blocks.1.attn.h5,neutral_hadron<-electron,0.022356766517515534,-2.8778646352562914e-05,9.277326679885415e-06,1.0157985088881106e-05,-0.0001920240370054671,-3.805597303244833e-05,-3.893663144144402e-05,2.8778646352562914e-05,4.7806632868787076e-05
signed_hqql_tbl,mod.blocks.4.attn.h6,electron<-photon,0.013331842737469247,3.0370374085718567e-05,6.520633868166004e-05,-2.2926088214652346e-05,-1.946583597600693e-05,-3.483596459594147e-05,5.329646230037092e-05,3.0370374085718567e-05,4.778835638368931e-05
signed_hqql_tbl,mod.blocks.1.attn.h0,neutral_hadron<-electron,0.013926130478028898,3.581098604222966e-05,1.1998853264422474e-05,1.2221623910591006e-05,3.840347153527546e-05,2.381213277780719e-05,2.3589362131638655e-05,3.581098604222966e-05,4.771705243113326e-05
B_tbl_minus_hqql,mod.blocks.2.attn.h4,neutral_hadron<-muon,0.03736543655395508,3.1784572638571265e-05,0.0,0.0,0.0,3.1784572638571265e-05,3.1784572638571265e-05,3.1784572638571265e-05,4.76768589578569e-05
signed_hqql_tbl,mod.blocks.3.attn.h6,charged_hadron<-photon,0.017824363667175717,-2.6400915537635323e-05,1.6088895370485846e-05,-1.7928639173414898e-05,5.194812802050835e-05,-4.248981090812117e-05,-8.472276364220425e-06,2.6400915537635323e-05,4.764582099169591e-05
B_tbl_minus_hqql,mod.blocks.0.attn.h4,muon<-neutral_hadron,0.009550215303897857,-3.170729905832559e-05,0.0,0.0,0.0,-3.170729905832559e-05,-3.170729905832559e-05,3.170729905832559e-05,4.756094858748838e-05
signed_hqql_tbl,mod.blocks.3.attn.h1,photon<-electron,0.006134991602199834,-9.259333497110179e-06,6.732093256518797e-05,4.988579790473783e-05,0.00011571556024136953,-7.658026606229814e-05,-5.9145131401848004e-05,9.259333497110179e-06,4.754946652825925e-05
B_tbl_minus_hqql,mod.blocks.2.attn.h5,charged_hadron<-charged_hadron,0.024083969628061242,3.161092408728993e-05,0.0,0.0,0.0,3.161092408728993e-05,3.161092408728993e-05,3.161092408728993e-05,4.741638613093489e-05
signed_hqql_tbl,mod.blocks.1.attn.h3,neutral_hadron<-neutral_hadron,0.018829037553676573,1.3205285022493506e-05,-5.515962674475533e-05,3.7930259147735305e-05,-5.455616591370092e-05,6.836491176724883e-05,-2.4724974125241797e-05,1.3205285022493506e-05,4.738774090611792e-05
signed_hqql_tbl,mod.blocks.5.attn.h3,muon<-charged_hadron,0.018984954804182053,3.6031095078215e-05,1.3463689426246743e-05,1.420721528120339e-05,-1.213694882938977e-05,2.256740565196826e-05,2.1823879797011615e-05,3.6031095078215e-05,4.7314797904199135e-05
signed_hqql_tbl,mod.blocks.0.attn.h4,photon<-neutral_hadron,0.01727229864398014,1.6476407995226392e-05,-4.484984383105796e-05,-6.274672181723165e-06,-2.037125607595996e-05,6.132625182628436e-05,2.275108017694956e-05,1.6476407995226392e-05,4.713953390836857e-05
B_tbl_minus_hqql,mod.blocks.6.attn.h2,charged_hadron<-photon,0.018417725323391126,3.137523803043764e-05,0.0,0.0,0.0,3.137523803043764e-05,3.137523803043764e-05,3.137523803043764e-05,4.706285704565647e-05
B_tbl_minus_hqql,mod.blocks.3.attn.h1,charged_hadron<-photon,0.01681128032354865,-3.134304164477868e-05,0.0,0.0,0.0,-3.134304164477868e-05,-3.134304164477868e-05,3.134304164477868e-05,4.7014562467168017e-05
signed_hqql_tbl,mod.blocks.3.attn.h0,charged_hadron<-photon,0.0162294804877728,2.4029121925604568e-05,-2.1847569718601444e-05,3.0070559899682636e-05,-4.504137290975905e-05,4.587669164420601e-05,-6.041437974078068e-06,2.4029121925604568e-05,4.696746774770758e-05
signed_hqql_tbl,mod.blocks.5.attn.h0,neutral_hadron<-muon,0.037541362643241885,-2.9498207732103764e-05,5.396885171649046e-06,-8.47225237521343e-06,-0.00011468105690760745,-3.489509290375281e-05,-2.1025955356890334e-05,2.9498207732103764e-05,4.6945754183980165e-05
signed_hqql_tbl,mod.blocks.4.attn.h0,charged_hadron<-neutral_hadron,0.016701612586066835,-4.354613658343377e-06,8.081592180346874e-05,-2.5924467427950412e-05,5.995126626671959e-05,-8.517053546181211e-05,2.1569853769607034e-05,4.354613658343377e-06,4.693988138924943e-05
signed_hqql_tbl,mod.blocks.3.attn.h6,charged_hadron<-electron,0.00867156507003875,-2.1134456584972905e-05,3.032531495784607e-05,4.357388162792757e-05,3.5930601152358575e-05,-5.1459771542818976e-05,-6.470833821290047e-05,2.1134456584972905e-05,4.68643423563824e-05
B_tbl_minus_hqql,mod.blocks.2.attn.h2,electron<-charged_hadron,0.02939607948064804,3.121693000485677e-05,0.0,0.0,0.0,3.121693000485677e-05,3.121693000485677e-05,3.121693000485677e-05,4.6825395007285154e-05
signed_hqql_tbl,mod.blocks.2.attn.h4,electron<-neutral_hadron,0.011535315050019158,-3.983094103642981e-05,-5.3795930541941505e-05,-7.169097429141403e-05,-3.967656630265992e-05,1.3964989505511698e-05,3.186003325498422e-05,3.983094103642981e-05,4.6813435789185656e-05
signed_hqql_tbl,mod.blocks.6.attn.h0,electron<-neutral_hadron,0.014188381394854298,-1.1740317320261426e-05,5.816685911428833e-05,2.7729609137168154e-05,2.7360721105651464e-05,-6.990717643454976e-05,-3.946992645742958e-05,1.1740317320261426e-05,4.669390553753631e-05
signed_hqql_tbl,mod.blocks.0.attn.h7,charged_hadron<-neutral_hadron,0.025382623418706472,-1.734430252454382e-05,4.134649909871804e-05,-1.0045161690728387e-05,3.6667161448686214e-05,-5.8690801623261866e-05,-7.299140833815432e-06,1.734430252454382e-05,4.6689703336174755e-05
B_tbl_minus_hqql,mod.blocks.0.attn.h6,charged_hadron<-muon,0.05405784025788307,3.112067861366086e-05,0.0,0.0,0.0,3.112067861366086e-05,3.112067861366086e-05,3.112067861366086e-05,4.6681017920491286e-05
signed_hqql_tbl,mod.blocks.6.attn.h3,charged_hadron<-photon,0.018083009948488056,-2.2480851090402874e-05,2.591859127841221e-05,-8.979315797300209e-06,3.1006831731911284e-05,-4.8399442368815084e-05,-1.3501535293102665e-05,2.2480851090402874e-05,4.668057227481042e-05
B_tbl_minus_hqql,mod.blocks.0.attn.h0,charged_hadron<-electron,0.01732443893949191,3.1119245769722124e-05,0.0,0.0,0.0,3.1119245769722124e-05,3.1119245769722124e-05,3.1119245769722124e-05,4.667886865458319e-05
signed_hqql_tbl,mod.blocks.6.attn.h6,neutral_hadron<-muon,0.030851587653160095,-4.273978411220014e-05,-3.520308401524138e-05,-0.0019855774007737637,0.0002058620642249783,-7.536700096958762e-06,0.0019428376166615636,4.273978411220014e-05,4.6508134160679523e-05
B_tbl_minus_hqql,mod.blocks.2.attn.h5,muon<-charged_hadron,0.032781932502985,-3.100047251791693e-05,0.0,0.0,0.0,-3.100047251791693e-05,-3.100047251791693e-05,3.100047251791693e-05,4.65007087768754e-05
B_tbl_minus_hqql,mod.cls_blocks.1.attn.h2,photon<-electron,0.00304592726752162,3.099629611824639e-05,0.0,0.0,0.0,3.099629611824639e-05,3.099629611824639e-05,3.099629611824639e-05,4.649444417736959e-05
B_tbl_minus_hqql,mod.blocks.3.attn.h4,charged_hadron<-muon,0.020075729116797447,-3.095264037256129e-05,0.0,0.0,0.0,-3.095264037256129e-05,-3.095264037256129e-05,3.095264037256129e-05,4.6428960558841936e-05
B_tbl_minus_hqql,mod.blocks.1.attn.h1,electron<-photon,0.021014110828802838,3.0947779352602555e-05,0.0,0.0,0.0,3.0947779352602555e-05,3.0947779352602555e-05,3.0947779352602555e-05,4.642166902890383e-05
signed_hqql_tbl,mod.blocks.0.attn.h3,charged_hadron<-neutral_hadron,0.025747130965652253,-7.407612255996182e-06,-8.539845362856192e-05,1.2341199967956262e-05,-4.7996173280328135e-05,7.799084137256574e-05,-1.9748812223952444e-05,7.407612255996182e-06,4.6403032942279055e-05
signed_hqql_tbl,mod.blocks.7.attn.h2,charged_hadron<-photon,0.01757926282546618,1.4861571653434013e-05,-4.811396024558021e-05,6.034281704293926e-06,-2.7449507812685976e-05,6.297553189901423e-05,8.827289949140088e-06,1.4861571653434013e-05,4.6349337602941126e-05
B_tbl_minus_hqql,mod.blocks.2.attn.h5,charged_hadron<-muon,0.05579594522714615,3.0855841032462195e-05,0.0,0.0,0.0,3.0855841032462195e-05,3.0855841032462195e-05,3.0855841032462195e-05,4.628376154869329e-05
signed_hqql_tbl,mod.blocks.4.attn.h6,neutral_hadron<-electron,0.00835606811085233,2.2469823441632024e-05,-2.5099483441169324e-05,4.3305794170009906e-05,9.541236067889258e-08,4.756930688280135e-05,-2.083597072837788e-05,2.2469823441632024e-05,4.62544768830327e-05
B_tbl_minus_hqql,mod.blocks.6.attn.h1,charged_hadron<-muon,0.033536799252033234,3.0798524676356465e-05,0.0,0.0,0.0,3.0798524676356465e-05,3.0798524676356465e-05,3.0798524676356465e-05,4.61977870145347e-05
signed_hqql_tbl,mod.blocks.1.attn.h7,electron<-photon,0.01702880362669627,3.327408495995148e-05,7.480811284579061e-06,-2.1465269128384534e-05,4.6337821913766675e-05,2.5793273675372422e-05,5.4739354088336016e-05,3.327408495995148e-05,4.617072179763769e-05
B_tbl_minus_hqql,mod.blocks.6.attn.h7,neutral_hadron<-neutral_hadron,0.017114305830575893,-3.075108771949477e-05,0.0,0.0,0.0,-3.075108771949477e-05,-3.075108771949477e-05,3.075108771949477e-05,4.612663157924216e-05
signed_hqql_tbl,mod.blocks.7.attn.h0,neutral_hadron<-muon,0.04595963358879089,-2.276308950968087e-05,2.37587270627652e-05,2.8506360649771523e-06,1.6132800940087893e-06,-4.6521816572446065e-05,-2.561372557465802e-05,2.276308950968087e-05,4.60239977959039e-05
B_tbl_minus_hqql,mod.blocks.5.attn.h3,neutral_hadron<-neutral_hadron,0.04424643249739511,3.057907858911661e-05,0.0,0.0,0.0,3.057907858911661e-05,3.057907858911661e-05,3.057907858911661e-05,4.586861788367492e-05
signed_hqql_tbl,mod.blocks.2.attn.h5,photon<-charged_hadron,0.021887925992047835,3.0086291958629042e-05,-1.4503009099043656e-06,1.538208582685259e-05,-2.2204185333273027e-05,3.1536592868533405e-05,1.4704206131776453e-05,3.0086291958629042e-05,4.5854588392895745e-05
B_tbl_minus_hqql,mod.blocks.0.attn.h5,neutral_hadron<-photon,0.020175392132446797,3.056117738254654e-05,0.0,0.0,0.0,3.056117738254654e-05,3.056117738254654e-05,3.056117738254654e-05,4.584176607381981e-05
signed_hqql_tbl,mod.blocks.6.attn.h4,muon<-neutral_hadron,0.002259266376495361,-3.7269372114678843e-06,-8.770519343670458e-05,0.00016239448450505733,-0.0002961129147378314,8.39782562252367e-05,-0.00016612142171652523,3.7269372114678843e-06,4.571606532408623e-05
B_tbl_minus_hqql,mod.blocks.3.attn.h3,neutral_hadron<-neutral_hadron,0.021032757780392517,3.047469972890943e-05,0.0,0.0,0.0,3.047469972890943e-05,3.047469972890943e-05,3.047469972890943e-05,4.571204959336415e-05
signed_hqql_tbl,mod.blocks.1.attn.h3,muon<-charged_hadron,0.030520344153046608,1.4123183973424602e-05,7.716853034276611e-05,0.00020997114479541777,3.8617295848036356e-05,-6.304534636934151e-05,-0.00019584796082199317,1.4123183973424602e-05,4.564585715809536e-05
signed_hqql_tbl,mod.blocks.1.attn.h1,electron<-charged_hadron,0.021184478132497696,1.7866917481851053e-05,7.331055768934841e-05,2.4035156854353415e-05,-7.033994188532233e-07,-5.544364020749736e-05,-6.168239372502362e-06,1.7866917481851053e-05,4.558873758559973e-05
B_tbl_minus_hqql,mod.blocks.4.attn.h6,electron<-photon,0.013331843222059854,3.0370362905588578e-05,0.0,0.0,0.0,3.0370362905588578e-05,3.0370362905588578e-05,3.0370362905588578e-05,4.555554435838287e-05
B_tbl_minus_hqql,mod.blocks.0.attn.h5,neutral_hadron<-neutral_hadron,0.009524473268968114,3.0297806597073e-05,0.0,0.0,0.0,3.0297806597073e-05,3.0297806597073e-05,3.0297806597073e-05,4.54467098956095e-05
signed_hqql_tbl,mod.blocks.6.attn.h7,photon<-neutral_hadron,0.022085620239049215,-1.733618846811743e-05,3.8729637585962204e-05,-8.977601602634192e-06,1.7091274348665537e-05,-5.606582605407963e-05,-8.358586865483237e-06,1.733618846811743e-05,4.536910149515724e-05
signed_hqql_tbl,mod.blocks.6.attn.h2,photon<-photon,0.01406419393153506,1.4154395755894417e-05,-4.8140958204966825e-05,1.008375892488084e-05,-9.541900211259323e-06,6.229535396086124e-05,4.070636831013577e-06,1.4154395755894417e-05,4.530207273632504e-05
B_tbl_minus_hqql,mod.blocks.2.attn.h5,photon<-charged_hadron,0.02188792626751702,3.0086294346118313e-05,0.0,0.0,0.0,3.0086294346118313e-05,3.0086294346118313e-05,3.0086294346118313e-05,4.512944151917747e-05
B_tbl_minus_hqql,mod.blocks.1.attn.h5,electron<-photon,0.014055938497791446,3.0059008234430378e-05,0.0,0.0,0.0,3.0059008234430378e-05,3.0059008234430378e-05,3.0059008234430378e-05,4.5088512351645565e-05
signed_hqql_tbl,mod.blocks.2.attn.h5,muon<-neutral_hadron,0.001317683607339859,2.3435242474079133e-05,-1.9837068066408392e-05,1.560002419864759e-05,1.1272405067251788e-05,4.3272310540487525e-05,7.835218275431545e-06,2.3435242474079133e-05,4.50713977443229e-05
B_tbl_minus_hqql,mod.blocks.3.attn.h2,photon<-electron,0.0075258239497983355,3.0047114587358647e-05,0.0,0.0,0.0,3.0047114587358647e-05,3.0047114587358647e-05,3.0047114587358647e-05,4.507067188103797e-05
signed_hqql_tbl,mod.blocks.3.attn.h2,neutral_hadron<-electron,0.003630503115278703,-6.70283036554422e-06,-8.337912042502706e-05,2.2235669894143937e-06,2.3427078872373386e-06,7.667629005948284e-05,-8.926397354958614e-06,6.70283036554422e-06,4.504097539528564e-05
signed_hqql_tbl,mod.blocks.2.attn.h2,muon<-electron,4.239926056470722e-06,3.502765366647509e-08,9.003454761113971e-05,0.0,0.0,-8.999951995747324e-05,3.502765366647509e-08,3.502765366647509e-08,4.5034787632403095e-05
B_tbl_minus_hqql,mod.blocks.5.attn.h1,neutral_hadron<-charged_hadron,0.026883627052734546,2.9981998887815686e-05,0.0,0.0,0.0,2.9981998887815686e-05,2.9981998887815686e-05,2.9981998887815686e-05,4.4972998331723526e-05
signed_hqql_tbl,mod.cls_blocks.1.attn.h5,charged_hadron<-electron,0.005183537025004625,-2.9951625037938356e-05,0.0,0.012445331725757569,0.0,-2.9951625037938356e-05,-0.012475283350795507,2.9951625037938356e-05,4.4927437556907535e-05
signed_hqql_tbl,mod.blocks.2.attn.h7,charged_hadron<-photon,0.0186099840822005,-1.7140892383780768e-05,3.82264456718726e-05,-1.3971908564658019e-05,3.378888685745736e-05,-5.536733805565336e-05,-3.168983819122749e-06,1.7140892383780768e-05,4.4824561411607446e-05
B_tbl_minus_hqql,mod.blocks.6.attn.h5,electron<-charged_hadron,0.024525277671359834,2.9820855117924067e-05,0.0,0.0,0.0,2.9820855117924067e-05,2.9820855117924067e-05,2.9820855117924067e-05,4.47312826768861e-05
signed_hqql_tbl,mod.blocks.6.attn.h7,charged_hadron<-neutral_hadron,0.021207461370473482,-1.4004096844043134e-05,4.7363161046871375e-05,-1.9182683215798908e-05,2.8367040877047293e-05,-6.136725789091451e-05,5.178586371755774e-06,1.4004096844043134e-05,4.4687725789500387e-05
signed_hqql_tbl,mod.blocks.7.attn.h5,electron<-electron,0.02293489125822311,-3.693490090624548e-06,-8.563891889145497e-05,0.00030667799679425417,6.71928355586715e-05,8.194542880083043e-05,-0.0003103714868848787,3.693490090624548e-06,4.4666204491039765e-05
B_tbl_minus_hqql,mod.blocks.7.attn.h1,neutral_hadron<-muon,0.0329744815826416,-2.9768713284283875e-05,0.0,0.0,0.0,-2.9768713284283875e-05,-2.9768713284283875e-05,2.9768713284283875e-05,4.465306992642581e-05
signed_hqql_tbl,mod.blocks.5.attn.h7,charged_hadron<-electron,0.004804979699353377,-1.2981987051067076e-05,5.031899058711574e-05,-0.0001999029472213367,0.00011918441916350275,-6.330097763818282e-05,0.00018692096017026963,1.2981987051067076e-05,4.4632475870158487e-05
B_tbl_minus_hqql,mod.blocks.1.attn.h1,charged_hadron<-photon,0.01663462930439112,-2.9708609499568835e-05,0.0,0.0,0.0,-2.9708609499568835e-05,-2.9708609499568835e-05,2.9708609499568835e-05,4.456291424935325e-05
signed_hqql_tbl,mod.blocks.2.attn.h1,charged_hadron<-photon,0.01832159243175434,-2.05021360655036e-05,2.7383604017472234e-05,-7.843728636733e-06,3.483066955641827e-05,-4.788574008297583e-05,-1.2658407428770598e-05,2.05021360655036e-05,4.444500610699151e-05
signed_hqql_tbl,mod.blocks.4.attn.h0,neutral_hadron<-charged_hadron,0.023912738952316156,1.506595503857114e-05,-4.360240707355497e-05,1.203406328565701e-07,-1.5578755278250033e-05,5.8668362112126113e-05,1.494561440571457e-05,1.506595503857114e-05,4.44001360946342e-05
signed_hqql_tbl,mod.blocks.0.attn.h5,neutral_hadron<-electron,0.0028617130937399686,-1.512884706176852e-05,4.338547848036749e-05,5.768017636000877e-06,-8.482588100378052e-06,-5.851432554213601e-05,-2.0896864697769396e-05,1.512884706176852e-05,4.438600983283652e-05
signed_hqql_tbl,mod.blocks.7.attn.h3,photon<-photon,0.018568698926729844,-1.7787202452544977e-05,3.533802476717907e-05,-1.3890279926577128e-05,2.548885888175719e-05,-5.312522721972405e-05,-3.89692252596785e-06,1.7787202452544977e-05,4.4349816062407e-05
signed_hqql_tbl,mod.blocks.5.attn.h6,charged_hadron<-electron,0.002770056770670982,-5.501196504892072e-07,-8.808417423455412e-05,1.7909786895442026e-05,-5.125415045768023e-06,8.753405458406491e-05,-1.8459906545931233e-05,5.501196504892072e-07,4.4317146942521664e-05
B_tbl_minus_hqql,mod.blocks.5.attn.h0,neutral_hadron<-muon,0.037541359663009644,-2.949820482172072e-05,0.0,0.0,0.0,-2.949820482172072e-05,-2.949820482172072e-05,2.949820482172072e-05,4.4247307232581076e-05
B_tbl_minus_hqql,mod.blocks.4.attn.h4,photon<-muon,0.029843153953552245,-2.9495470225811005e-05,0.0,0.0,0.0,-2.9495470225811005e-05,-2.9495470225811005e-05,2.9495470225811005e-05,4.4243205338716506e-05
B_tbl_minus_hqql,mod.blocks.0.attn.h5,photon<-photon,0.01891007990010732,-2.9473701298983353e-05,0.0,0.0,0.0,-2.9473701298983353e-05,-2.9473701298983353e-05,2.9473701298983353e-05,4.421055194847503e-05
signed_hqql_tbl,mod.blocks.5.attn.h0,photon<-electron,0.00964087514373345,-1.0546738361349193e-05,5.666431518168085e-05,-7.261112211511187e-05,-2.0639326066884678e-05,-6.721105354303004e-05,6.206438375376267e-05,1.0546738361349193e-05,4.415226513286421e-05
B_tbl_minus_hqql,mod.blocks.6.attn.h0,photon<-muon,0.07295336246490479,2.9395283199846744e-05,0.0,0.0,0.0,2.9395283199846744e-05,2.9395283199846744e-05,2.9395283199846744e-05,4.409292479977011e-05
signed_hqql_tbl,mod.blocks.6.attn.h1,electron<-charged_hadron,0.030787309010823567,-7.220807934312948e-06,6.639251272038867e-05,-7.138350823273261e-05,0.0002233831910416484,-7.361332065470162e-05,6.416270029841966e-05,7.220807934312948e-06,4.4027468261663755e-05
signed_hqql_tbl,mod.blocks.0.attn.h5,photon<-photon,0.01891008000714948,-2.94736921523141e-05,-4.242414443874035e-07,-1.3884000665503833e-06,4.2302131920950444e-05,-2.9049450707926695e-05,-2.8085292085763714e-05,2.94736921523141e-05,4.399841750627744e-05
B_tbl_minus_hqql,mod.blocks.5.attn.h0,muon<-photon,0.019395787715911866,2.930088434368372e-05,0.0,0.0,0.0,2.930088434368372e-05,2.930088434368372e-05,2.930088434368372e-05,4.395132651552558e-05
B_tbl_minus_hqql,mod.blocks.0.attn.h1,photon<-electron,0.013913562385047354,-2.9223574499592065e-05,0.0,0.0,0.0,-2.9223574499592065e-05,-2.9223574499592065e-05,2.9223574499592065e-05,4.38353617493881e-05
B_tbl_minus_hqql,mod.blocks.4.attn.h2,neutral_hadron<-electron,0.008879040678342184,2.9142368778896827e-05,0.0,0.0,0.0,2.9142368778896827e-05,2.9142368778896827e-05,2.9142368778896827e-05,4.371355316834524e-05
signed_hqql_tbl,mod.blocks.5.attn.h6,photon<-electron,0.0025623728468166136,-6.491777159266999e-07,-8.669321610054962e-05,1.562151516866704e-05,1.8512413930693583e-06,8.604403838462292e-05,-1.6270692884593737e-05,6.491777159266999e-07,4.367119690823816e-05
signed_hqql_tbl,mod.blocks.2.attn.h5,charged_hadron<-photon,0.018232780822366047,2.128070505067721e-05,-2.3413998098685655e-05,-2.138036739696899e-05,-4.2511793207491904e-05,4.469470314936286e-05,4.26610724476462e-05,2.128070505067721e-05,4.362805662535864e-05
signed_hqql_tbl,mod.blocks.7.attn.h2,neutral_hadron<-photon,0.025032994920993135,1.910978400900358e-05,-2.96853317080294e-05,1.5087506328225076e-05,-3.58078645452276e-05,4.8795115717032984e-05,4.022277680778505e-06,1.910978400900358e-05,4.3507341867520074e-05
signed_hqql_tbl,mod.blocks.7.attn.h7,charged_hadron<-neutral_hadron,0.018756361067795956,-4.0180130870830194e-06,7.47753884216726e-05,-2.0879087051059232e-06,1.615306194521526e-05,-7.879340150875561e-05,-1.930104381977096e-06,4.0180130870830194e-06,4.3414713841460824e-05
signed_hqql_tbl,mod.blocks.0.attn.h7,muon<-charged_hadron,0.01326238177716732,-1.614730354049243e-05,3.8305795244060646e-05,2.6888190768659113e-05,-0.00014080326284535906,-5.4453098784553076e-05,-4.3035494309151544e-05,1.614730354049243e-05,4.337385293276897e-05
signed_hqql_tbl,mod.blocks.5.attn.h5,electron<-charged_hadron,0.022492242356141407,1.5319562364657897e-05,-4.0787466842271954e-05,6.815729844758566e-05,-3.870456086588092e-05,5.6107029206929854e-05,-5.283773608292776e-05,1.5319562364657897e-05,4.337307696812283e-05
signed_hqql_tbl,mod.blocks.0.attn.h1,charged_hadron<-photon,0.015041286858570225,-1.9892301026555257e-05,2.6896662143817323e-05,3.5829122165774997e-06,1.1503416379859497e-05,-4.678896317037258e-05,-2.3475213243132758e-05,1.9892301026555257e-05,4.3286782611741544e-05
B_tbl_minus_hqql,mod.cls_blocks.1.attn.h6,neutral_hadron<-photon,0.028223176885928427,-2.8847920475527644e-05,0.0,0.0,0.0,-2.8847920475527644e-05,-2.8847920475527644e-05,2.8847920475527644e-05,4.3271880713291466e-05
signed_hqql_tbl,mod.blocks.7.attn.h7,electron<-neutral_hadron,0.043801287534060304,-3.931044409034291e-05,-3.1595208910355145e-05,-7.37270328681916e-05,-3.2224263122770935e-05,-7.715235179987765e-06,3.441658877784869e-05,3.931044409034291e-05,4.316806168033679e-05
B_tbl_minus_hqql,mod.blocks.1.attn.h5,neutral_hadron<-electron,0.022356760170724656,-2.8778631261687865e-05,0.0,0.0,0.0,-2.8778631261687865e-05,-2.8778631261687865e-05,2.8778631261687865e-05,4.31679468925318e-05
B_tbl_minus_hqql,mod.blocks.2.attn.h0,neutral_hadron<-neutral_hadron,0.014360617960757409,2.8647895960863828e-05,0.0,0.0,0.0,2.8647895960863828e-05,2.8647895960863828e-05,2.8647895960863828e-05,4.2971843941295746e-05
signed_hqql_tbl,mod.blocks.0.attn.h5,photon<-neutral_hadron,0.011275064338310044,1.7203013035091193e-05,-3.4319154176687884e-05,7.92969618245385e-06,-1.8877875480944385e-05,5.1522167211779076e-05,9.273316852637343e-06,1.7203013035091193e-05,4.296409664098073e-05
B_tbl_minus_hqql,mod.blocks.1.attn.h6,photon<-muon,0.02036884069442749,2.861066721379757e-05,0.0,0.0,0.0,2.861066721379757e-05,2.861066721379757e-05,2.861066721379757e-05,4.2916000820696356e-05
B_tbl_minus_hqql,mod.blocks.0.attn.h1,electron<-neutral_hadron,0.029570265500633804,2.860416781105515e-05,0.0,0.0,0.0,2.860416781105515e-05,2.860416781105515e-05,2.860416781105515e-05,4.290625171658273e-05
signed_hqql_tbl,mod.blocks.5.attn.h1,charged_hadron<-electron,0.006386834241095043,8.807832706398108e-06,-5.923723606429121e-05,2.6022407879260765e-05,2.6064710691571236e-05,6.804506877068931e-05,-1.7214575172862654e-05,8.807832706398108e-06,4.283036709174277e-05
B_tbl_minus_hqql,mod.blocks.4.attn.h2,electron<-charged_hadron,0.0362507864123299,-2.8500256511116667e-05,0.0,0.0,0.0,-2.8500256511116667e-05,-2.8500256511116667e-05,2.8500256511116667e-05,4.2750384766675e-05
signed_hqql_tbl,mod.blocks.5.attn.h0,charged_hadron<-electron,0.0064749157144909815,1.7448543595881866e-05,-3.314580165103755e-05,-0.00010923183276906781,-2.2039444011170418e-05,5.0594345246919416e-05,0.00012668037636494968,1.7448543595881866e-05,4.274571621934158e-05
signed_hqql_tbl,mod.blocks.5.attn.h6,electron<-photon,0.010647246689815832,-1.5155875078606897e-05,3.999640189081051e-05,2.767184053352269e-05,-6.613474397454411e-06,-5.51522769694174e-05,-4.282771561212959e-05,1.5155875078606897e-05,4.27320135633156e-05
signed_hqql_tbl,mod.blocks.1.attn.h3,photon<-neutral_hadron,0.010852230795893859,1.5139981011599876e-05,-4.0016242707979614e-05,-4.891477404270466e-06,-2.2890320832454526e-05,5.515622371957949e-05,2.0031458415870342e-05,1.5139981011599876e-05,4.271809287138962e-05
signed_hqql_tbl,mod.blocks.5.attn.h7,electron<-photon,0.018030297465440704,2.2855481062826466e-05,-1.677460731352093e-05,1.4371666371256912e-06,1.765515321494604e-05,3.9630088376347397e-05,2.1418314425700775e-05,2.2855481062826466e-05,4.267052525100016e-05
signed_hqql_tbl,mod.blocks.2.attn.h1,electron<-photon,0.023187867994230938,9.8876894557682e-06,7.540823620123168e-05,-4.738462614893381e-05,-1.1880365491379052e-06,-6.552054674546347e-05,5.727231560470201e-05,9.8876894557682e-06,4.264796282849994e-05
signed_hqql_tbl,mod.blocks.2.attn.h4,muon<-neutral_hadron,0.009885197877883911,-1.6369958757422864e-05,-6.880512410134543e-05,0.0001066500335582532,-0.000280305756152504,5.243516534392256e-05,-0.00012301999231567606,1.6369958757422864e-05,4.2587541429384146e-05
B_tbl_minus_hqql,mod.blocks.4.attn.h6,charged_hadron<-neutral_hadron,0.016373849582939255,2.836300355593572e-05,0.0,0.0,0.0,2.836300355593572e-05,2.836300355593572e-05,2.836300355593572e-05,4.254450533390358e-05
signed_hqql_tbl,mod.blocks.0.attn.h3,electron<-photon,0.010071796493801645,-4.2148739406157555e-05,-4.2784122612189366e-05,2.453759017433705e-06,-1.7316345974904834e-05,6.353832060318105e-07,-4.460249842359126e-05,4.2148739406157555e-05,4.246643100917346e-05
B_tbl_minus_hqql,mod.blocks.3.attn.h2,photon<-neutral_hadron,0.013419424191276508,2.8286195437831886e-05,0.0,0.0,0.0,2.8286195437831886e-05,2.8286195437831886e-05,2.8286195437831886e-05,4.242929315674783e-05
B_tbl_minus_hqql,mod.blocks.6.attn.h0,charged_hadron<-muon,0.04216949641704559,2.8270407710806467e-05,0.0,0.0,0.0,2.8270407710806467e-05,2.8270407710806467e-05,2.8270407710806467e-05,4.24056115662097e-05
signed_hqql_tbl,mod.blocks.3.attn.h3,electron<-photon,0.015925984557082013,-3.3336005133871986e-05,-5.125989097265389e-05,-5.774907159710503e-05,3.624587179729133e-05,1.7923885838781903e-05,2.441306646323304e-05,3.3336005133871986e-05,4.2297948053262934e-05
signed_hqql_tbl,mod.blocks.3.attn.h2,charged_hadron<-electron,0.007968243034113021,3.2934039890755053e-05,5.162975814362819e-05,-7.114896748814432e-05,5.002986581530422e-06,-1.8695718252873135e-05,0.00010408300737889937,3.2934039890755053e-05,4.228189901719162e-05
signed_hqql_tbl,mod.blocks.1.attn.h5,neutral_hadron<-muon,0.004293418303132057,2.6417284971103072e-05,-5.172217242943589e-06,-0.000458479713415727,1.0679760938122248e-05,3.158950221404666e-05,0.0004848969983868301,2.6417284971103072e-05,4.22120360781264e-05
signed_hqql_tbl,mod.blocks.6.attn.h4,charged_hadron<-electron,0.010875284849178223,-8.096928164983789e-06,6.0080280893475215e-05,-4.781522917234735e-06,8.530520368367433e-05,-6.8177209058459e-05,-3.315405247749054e-06,8.096928164983789e-06,4.218553269421329e-05
signed_hqql_tbl,mod.blocks.0.attn.h0,neutral_hadron<-electron,0.007355219857008369,-2.332632128080284e-05,1.437014634575462e-05,4.760969870403642e-05,2.532631287976983e-05,-3.769646762655746e-05,-7.093601998483926e-05,2.332632128080284e-05,4.2174555094081574e-05
signed_hqql_tbl,mod.blocks.4.attn.h6,electron<-neutral_hadron,0.006828102697100904,1.5444014787101844e-05,6.861817122458696e-05,-1.3038357719779015e-05,0.0001412148494637222,-5.3174156437485114e-05,2.848237250688086e-05,1.5444014787101844e-05,4.2031093005844404e-05
signed_hqql_tbl,mod.blocks.2.attn.h0,electron<-photon,0.01815242374815592,-9.9546012915368e-06,-7.406112617226663e-05,0.0001498239497388048,-7.077244299580343e-05,6.410652488072982e-05,-0.0001597785510303416,9.9546012915368e-06,4.200786373190171e-05
B_tbl_minus_hqql,mod.blocks.2.attn.h2,muon<-charged_hadron,0.03711218759417534,-2.7996711651212536e-05,0.0,0.0,0.0,-2.7996711651212536e-05,-2.7996711651212536e-05,2.7996711651212536e-05,4.1995067476818804e-05
B_tbl_minus_hqql,mod.blocks.3.attn.h4,muon<-charged_hadron,0.02360164187848568,-2.7922449589823373e-05,0.0,0.0,0.0,-2.7922449589823373e-05,-2.7922449589823373e-05,2.7922449589823373e-05,4.188367438473506e-05
B_tbl_minus_hqql,mod.blocks.6.attn.h0,electron<-charged_hadron,0.03702514015492939,-2.7842192182669395e-05,0.0,0.0,0.0,-2.7842192182669395e-05,-2.7842192182669395e-05,2.7842192182669395e-05,4.1763288274004094e-05
B_tbl_minus_hqql,mod.blocks.0.attn.h7,charged_hadron<-muon,0.019464515149593353,-2.7830210456158966e-05,0.0,0.0,0.0,-2.7830210456158966e-05,-2.7830210456158966e-05,2.7830210456158966e-05,4.174531568423845e-05
signed_hqql_tbl,mod.blocks.7.attn.h3,muon<-neutral_hadron,0.0018761472776532174,-2.4361090618185698e-05,1.0091247834983127e-05,8.21698358777212e-06,4.406251150612661e-06,-3.4452338453168826e-05,-3.257807420595782e-05,2.4361090618185698e-05,4.158725984477011e-05
signed_hqql_tbl,mod.blocks.7.attn.h6,electron<-muon,0.001919781556352973,3.4272986795258475e-06,-7.286393520189449e-05,0.0,0.0,7.629123388142034e-05,3.4272986795258475e-06,3.4272986795258475e-06,4.157291562023602e-05
signed_hqql_tbl,mod.blocks.4.attn.h2,neutral_hadron<-neutral_hadron,0.007406049521019579,1.3201114811300747e-05,-4.349268581148836e-05,1.112205816309195e-05,-1.0201533155827537e-05,5.66938006227891e-05,2.0790566482087966e-06,1.3201114811300747e-05,4.1548015122695294e-05
B_tbl_minus_hqql,mod.blocks.2.attn.h0,charged_hadron<-electron,0.007777052088862374,2.7688696198830648e-05,0.0,0.0,0.0,2.7688696198830648e-05,2.7688696198830648e-05,2.7688696198830648e-05,4.153304429824597e-05
signed_hqql_tbl,mod.blocks.7.attn.h1,muon<-photon,0.001773547977209091,-2.1776841022074224e-05,1.7721000691189576e-05,-0.00023924359785658971,1.6235438579315087e-05,-3.9497841713263804e-05,0.0002174667568345155,2.1776841022074224e-05,4.1525761878706126e-05
B_tbl_minus_hqql,mod.blocks.5.attn.h0,photon<-neutral_hadron,0.01792615869373439,-2.764098501063551e-05,0.0,0.0,0.0,-2.764098501063551e-05,-2.764098501063551e-05,2.764098501063551e-05,4.146147751595327e-05
B_tbl_minus_hqql,mod.blocks.4.attn.h3,photon<-muon,0.029889192581176758,-2.7633889112621544e-05,0.0,0.0,0.0,-2.7633889112621544e-05,-2.7633889112621544e-05,2.7633889112621544e-05,4.145083366893231e-05
signed_hqql_tbl,mod.blocks.1.attn.h4,neutral_hadron<-electron,0.010424272467692694,1.6905736561899107e-05,6.598556022876629e-05,2.2493423894047738e-05,0.00017655225383350626,-4.907982366686718e-05,-5.587687332148631e-06,1.6905736561899107e-05,4.14456483953327e-05
signed_hqql_tbl,mod.blocks.1.attn.h1,photon<-photon,0.0157546959248748,-2.1429270021149104e-05,1.8598190896833938e-05,-4.2343967708301274e-06,1.7623912194870492e-05,-4.002746091798304e-05,-1.7194873250318978e-05,2.1429270021149104e-05,4.144300048014063e-05
signed_hqql_tbl,mod.blocks.7.attn.h3,electron<-photon,0.01798666819808929,-1.5802812295004242e-05,3.542831572876484e-05,-3.91591766512838e-05,7.783241244396777e-06,-5.123112802376909e-05,2.3356364356279558e-05,1.5802812295004242e-05,4.141837630688878e-05
B_tbl_minus_hqql,mod.blocks.7.attn.h3,photon<-electron,0.012911820375337833,-2.7606640923465413e-05,0.0,0.0,0.0,-2.7606640923465413e-05,-2.7606640923465413e-05,2.7606640923465413e-05,4.140996138519812e-05
B_tbl_minus_hqql,mod.blocks.3.attn.h0,neutral_hadron<-muon,0.01672184616327286,2.7582538314163686e-05,0.0,0.0,0.0,2.7582538314163686e-05,2.7582538314163686e-05,2.7582538314163686e-05,4.137380747124553e-05
signed_hqql_tbl,mod.cls_blocks.1.attn.h1,neutral_hadron<-muon,0.0,0.0,-8.264225471066311e-05,-0.000258833693806082,0.00013779591245111078,8.264225471066311e-05,0.000258833693806082,0.0,4.1321127355331555e-05
B_tbl_minus_hqql,mod.blocks.2.attn.h7,neutral_hadron<-photon,0.02241101225991432,-2.7545616239962584e-05,0.0,0.0,0.0,-2.7545616239962584e-05,-2.7545616239962584e-05,2.7545616239962584e-05,4.131842435994387e-05
signed_hqql_tbl,mod.cls_blocks.1.attn.h2,muon<-muon,0.0,0.0,8.230955427279696e-05,0.0,0.0,-8.230955427279696e-05,0.0,0.0,4.115477713639848e-05
signed_hqql_tbl,mod.blocks.6.attn.h2,electron<-neutral_hadron,0.004449568964816906,1.7346383410094184e-05,-3.0069054877171048e-05,7.352934684604407e-05,-1.2988294201932149e-05,4.741543828726523e-05,-5.618296343594989e-05,1.7346383410094184e-05,4.10541025537268e-05
B_tbl_minus_hqql,mod.blocks.4.attn.h7,electron<-photon,0.015307213475064533,2.735322156762023e-05,0.0,0.0,0.0,2.735322156762023e-05,2.735322156762023e-05,2.735322156762023e-05,4.1029832351430343e-05
B_tbl_minus_hqql,mod.blocks.5.attn.h6,electron<-neutral_hadron,0.02144580168856515,-2.7337770680552005e-05,0.0,0.0,0.0,-2.7337770680552005e-05,-2.7337770680552005e-05,2.7337770680552005e-05,4.1006656020828006e-05
signed_hqql_tbl,mod.blocks.4.attn.h1,charged_hadron<-electron,0.0074680240913516,2.2951179527721944e-05,-1.3106625269618675e-05,-6.676089532416442e-05,0.00019498988520354034,3.605780479734062e-05,8.971207485188636e-05,2.2951179527721944e-05,4.0980081926392256e-05
signed_hqql_tbl,mod.blocks.7.attn.h7,neutral_hadron<-neutral_hadron,0.019050743644599053,-2.093982599765949e-05,1.9105061926518198e-05,-1.5091807586982228e-06,1.4138186197002192e-05,-4.004488792417769e-05,-1.9430645238961265e-05,2.093982599765949e-05,4.0962269959748334e-05
B_tbl_minus_hqql,mod.blocks.4.attn.h4,muon<-photon,0.02496652364730835,2.7295481413602828e-05,0.0,0.0,0.0,2.7295481413602828e-05,2.7295481413602828e-05,2.7295481413602828e-05,4.094322212040424e-05
signed_hqql_tbl,mod.blocks.2.attn.h1,photon<-photon,0.016351804480656863,-1.5274525340730132e-05,3.6037497817963156e-05,-8.171865548075255e-06,1.739173044295704e-05,-5.131202315869329e-05,-7.102659792654877e-06,1.5274525340730132e-05,4.0930536920076775e-05
signed_hqql_tbl,mod.blocks.2.attn.h7,electron<-photon,0.024026424904179767,8.752401795132252e-06,-5.560190033133107e-05,-6.452857009467802e-05,8.100338891381398e-05,6.435430212646332e-05,7.328097188981028e-05,8.752401795132252e-06,4.0929552858363914e-05
B_tbl_minus_hqql,mod.blocks.2.attn.h2,muon<-neutral_hadron,0.002773713320493698,-2.709600667003542e-05,0.0,0.0,0.0,-2.709600667003542e-05,-2.709600667003542e-05,2.709600667003542e-05,4.064401000505313e-05
signed_hqql_tbl,mod.blocks.4.attn.h4,photon<-neutral_hadron,0.025848577376209214,2.586348705035579e-05,-3.540822047499065e-06,5.433857201156895e-06,-2.1178864506422444e-06,2.9404309097854854e-05,2.0429629849198893e-05,2.586348705035579e-05,4.056564159928321e-05
B_tbl_minus_hqql,mod.blocks.0.attn.h7,electron<-photon,0.016503212897758173,2.700452526228699e-05,0.0,0.0,0.0,2.700452526228699e-05,2.700452526228699e-05,2.700452526228699e-05,4.0506787893430486e-05
signed_hqql_tbl,mod.blocks.0.attn.h0,photon<-electron,0.02421502175369883,-1.2351348579717361e-05,4.3417729816778945e-05,-4.584846075366451e-05,7.960385119076818e-06,-5.5769078396496306e-05,3.349711217394715e-05,1.2351348579717361e-05,4.023588777796552e-05
B_tbl_minus_hqql,mod.blocks.1.attn.h7,muon<-neutral_hadron,0.013632440567016601,-2.680927864275873e-05,0.0,0.0,0.0,-2.680927864275873e-05,-2.680927864275873e-05,2.680927864275873e-05,4.0213917964138096e-05
signed_hqql_tbl,mod.blocks.5.attn.h1,neutral_hadron<-charged_hadron,0.02688362758700587,2.9982008849967178e-05,9.628199079991304e-06,4.346686727369369e-07,-1.3847944306181138e-06,2.0353809769975873e-05,2.954734017723024e-05,2.9982008849967178e-05,4.0158913734955115e-05
B_tbl_minus_hqql,mod.blocks.1.attn.h3,photon<-muon,0.011889801025390626,2.676676958799362e-05,0.0,0.0,0.0,2.676676958799362e-05,2.676676958799362e-05,2.676676958799362e-05,4.015015438199043e-05
B_tbl_minus_hqql,mod.blocks.6.attn.h6,photon<-neutral_hadron,0.027830346510291922,2.6699520748062967e-05,0.0,0.0,0.0,2.6699520748062967e-05,2.6699520748062967e-05,2.6699520748062967e-05,4.004928112209445e-05
signed_hqql_tbl,mod.blocks.5.attn.h2,muon<-neutral_hadron,0.0034548483788967134,-1.3478625623974949e-05,-6.65231264065369e-05,-5.674688145518303e-05,2.261031406507957e-05,5.304450078256195e-05,4.326825583120808e-05,1.3478625623974949e-05,4.0000876015255923e-05
signed_hqql_tbl,mod.blocks.7.attn.h1,electron<-charged_hadron,0.03436526709369251,1.8735775527256054e-05,-2.3779783562834687e-05,-5.817126774432502e-05,1.7109145410358906e-05,4.251555909009074e-05,7.690704327158108e-05,1.8735775527256054e-05,3.9993555072301424e-05
signed_hqql_tbl,mod.blocks.4.attn.h4,muon<-neutral_hadron,0.007042255252599716,-1.2350737233646213e-05,4.28300105947225e-05,0.00015111893299035728,0.00014172983760040047,-5.518074782836871e-05,-0.00016346967022400348,1.2350737233646213e-05,3.9941111147830566e-05
signed_hqql_tbl,mod.blocks.4.attn.h2,electron<-charged_hadron,0.03625079066980453,-2.8500310561087516e-05,-5.1359909191501865e-05,-7.530630849858467e-05,-2.984319580718875e-06,2.285959863041435e-05,4.6805997937497154e-05,2.8500310561087516e-05,3.993010987629469e-05
signed_hqql_tbl,mod.blocks.7.attn.h6,charged_hadron<-neutral_hadron,0.012986758075842337,1.3527340752643947e-05,-3.920193152277445e-05,6.182291028783144e-06,-7.427227690799274e-06,5.27292722754184e-05,7.345049723860803e-06,1.3527340752643947e-05,3.9891976890353144e-05
signed_hqql_tbl,mod.cls_blocks.1.attn.h2,muon<-CLS,0.0,0.0,7.933239976409823e-05,0.0,0.0,-7.933239976409823e-05,0.0,0.0,3.9666199882049114e-05
B_tbl_minus_hqql,mod.blocks.1.attn.h5,neutral_hadron<-muon,0.004293418675661087,2.6417255867272615e-05,0.0,0.0,0.0,2.6417255867272615e-05,2.6417255867272615e-05,2.6417255867272615e-05,3.962588380090892e-05
B_tbl_minus_hqql,mod.blocks.3.attn.h6,charged_hadron<-photon,0.01782436339170653,-2.640091227585421e-05,0.0,0.0,0.0,-2.640091227585421e-05,-2.640091227585421e-05,2.640091227585421e-05,3.960136841378131e-05
signed_hqql_tbl,mod.blocks.0.attn.h0,electron<-charged_hadron,0.019332317724114374,1.4931029259709508e-05,-3.4146185498684645e-05,-7.259859716862268e-05,-4.8374081961810585e-06,4.907721475839415e-05,8.752962642833219e-05,1.4931029259709508e-05,3.946963663890658e-05
signed_hqql_tbl,mod.blocks.6.attn.h0,electron<-charged_hadron,0.037025135897454764,-2.784218009938264e-05,-5.086904019470129e-05,-8.070518981247884e-05,3.8057159908930774e-05,2.302686009531865e-05,5.28630097130962e-05,2.784218009938264e-05,3.9355610147041966e-05
B_tbl_minus_hqql,mod.blocks.5.attn.h2,electron<-charged_hadron,0.029704658758072627,-2.6213789819199258e-05,0.0,0.0,0.0,-2.6213789819199258e-05,-2.6213789819199258e-05,2.6213789819199258e-05,3.9320684728798885e-05
signed_hqql_tbl,mod.blocks.5.attn.h2,neutral_hadron<-charged_hadron,0.02436798553840787,1.1601726539532134e-05,-4.380639990005599e-05,3.748881886236801e-06,-3.7665240702101555e-07,5.5408126439588124e-05,7.852844653295334e-06,1.1601726539532134e-05,3.93057897593262e-05
signed_hqql_tbl,mod.blocks.7.attn.h4,charged_hadron<-neutral_hadron,0.01972647055524404,-2.5661091376223188e-05,1.502382163391051e-06,-2.5151868562056862e-05,1.3640503841429998e-05,-2.716347353961424e-05,-5.09222814166326e-07,2.5661091376223188e-05,3.924282814603031e-05
B_tbl_minus_hqql,mod.blocks.7.attn.h2,neutral_hadron<-muon,0.015886105597019196,-2.6011248701252042e-05,0.0,0.0,0.0,-2.6011248701252042e-05,-2.6011248701252042e-05,2.6011248701252042e-05,3.901687305187806e-05
signed_hqql_tbl,mod.blocks.1.attn.h7,charged_hadron<-charged_hadron,0.023911888033499515,-1.577457990960265e-05,3.0432104043948227e-05,-1.5045972080181897e-05,1.2855110306701232e-05,-4.620668395355088e-05,-7.28607829420753e-07,1.577457990960265e-05,3.887792188637809e-05
B_tbl_minus_hqql,mod.blocks.0.attn.h6,photon<-photon,0.016334681587995652,-2.5899182144157752e-05,0.0,0.0,0.0,-2.5899182144157752e-05,-2.5899182144157752e-05,2.5899182144157752e-05,3.884877321623663e-05
B_tbl_minus_hqql,mod.blocks.1.attn.h6,charged_hadron<-charged_hadron,0.025379443656430127,2.5878229175098226e-05,0.0,0.0,0.0,2.5878229175098226e-05,2.5878229175098226e-05,2.5878229175098226e-05,3.881734376264734e-05
B_tbl_minus_hqql,mod.blocks.4.attn.h4,photon<-neutral_hadron,0.025848576608204676,2.5863491788188653e-05,0.0,0.0,0.0,2.5863491788188653e-05,2.5863491788188653e-05,2.5863491788188653e-05,3.879523768228298e-05
signed_hqql_tbl,mod.cls_blocks.0.attn.h6,muon<-charged_hadron,0.0,0.0,7.751211524009705e-05,0.0,0.0,-7.751211524009705e-05,0.0,0.0,3.875605762004852e-05
signed_hqql_tbl,mod.blocks.6.attn.h7,electron<-neutral_hadron,0.015416870514551798,-2.4931568987085484e-06,6.992082906340089e-05,-6.028233372489922e-05,-5.453751055028988e-05,-7.241398596210944e-05,5.778917682619067e-05,2.4931568987085484e-06,3.870014987976327e-05
B_tbl_minus_hqql,mod.blocks.2.attn.h2,photon<-electron,0.01654657018863089,2.579278562490533e-05,0.0,0.0,0.0,2.579278562490533e-05,2.579278562490533e-05,2.579278562490533e-05,3.8689178437358e-05
signed_hqql_tbl,mod.blocks.0.attn.h4,neutral_hadron<-neutral_hadron,0.01086291379570106,-2.1822541533705975e-05,1.1717660294915498e-05,-4.5717512340684664e-05,3.9119125827343244e-05,-3.354020182862148e-05,2.389497080697869e-05,2.1822541533705975e-05,3.8592642448016714e-05
B_tbl_minus_hqql,mod.blocks.7.attn.h4,charged_hadron<-neutral_hadron,0.01972647070550785,-2.566109159022194e-05,0.0,0.0,0.0,-2.566109159022194e-05,-2.566109159022194e-05,2.566109159022194e-05,3.849163738533291e-05
signed_hqql_tbl,mod.blocks.3.attn.h1,charged_hadron<-electron,0.006460404999199368,9.843997066214105e-06,6.709664664936788e-05,1.6588444725192827e-05,0.00014577971305698156,-5.7252649583153773e-05,-6.744447658978722e-06,9.843997066214105e-06,3.847032185779099e-05
B_tbl_minus_hqql,mod.blocks.6.attn.h2,muon<-photon,0.02402994632720947,-2.5640483945608138e-05,0.0,0.0,0.0,-2.5640483945608138e-05,-2.5640483945608138e-05,2.5640483945608138e-05,3.846072591841221e-05
signed_hqql_tbl,mod.blocks.7.attn.h7,photon<-neutral_hadron,0.021100499714642184,-3.3603675757422997e-06,6.657970354074214e-05,1.4738961075110029e-05,-1.3504805222351193e-06,-6.994007111648444e-05,-1.809932865085233e-05,3.3603675757422997e-06,3.833040313398452e-05
B_tbl_minus_hqql,mod.blocks.4.attn.h2,charged_hadron<-photon,0.015394812061358298,2.550407811022266e-05,0.0,0.0,0.0,2.550407811022266e-05,2.550407811022266e-05,2.550407811022266e-05,3.825611716533399e-05
signed_hqql_tbl,mod.blocks.7.attn.h3,charged_hadron<-photon,0.013183807978941347,-1.4467486352869592e-05,3.296425052703789e-05,-1.0875884429621633e-05,2.1175569685579082e-05,-4.743173687990748e-05,-3.5916019232479595e-06,1.4467486352869592e-05,3.818335479282333e-05
B_tbl_minus_hqql,mod.blocks.1.attn.h6,electron<-neutral_hadron,0.015491375216731319,2.5441358081513533e-05,0.0,0.0,0.0,2.5441358081513533e-05,2.5441358081513533e-05,2.5441358081513533e-05,3.8162037122270296e-05
signed_hqql_tbl,mod.cls_blocks.1.attn.h1,charged_hadron<-CLS,0.002995541086420417,3.437602754274849e-05,2.6825599394264543e-05,0.0,0.0,7.550428148483945e-06,3.437602754274849e-05,3.437602754274849e-05,3.815124161699046e-05
signed_hqql_tbl,mod.blocks.2.attn.h4,neutral_hadron<-electron,0.011486993895636665,-6.4833950967079515e-06,5.674410682618863e-05,-4.73185908049345e-06,0.00021639768965542316,-6.322750192289658e-05,-1.7515360162145012e-06,6.4833950967079515e-06,3.809714605815624e-05
signed_hqql_tbl,mod.blocks.3.attn.h5,electron<-charged_hadron,0.01763958412976492,1.3625120594778786e-05,-3.5290856789233104e-05,0.0001088482737220053,-8.259382448159159e-05,4.891597738401189e-05,-9.522315312722652e-05,1.3625120594778786e-05,3.808310928678473e-05
signed_hqql_tbl,mod.blocks.1.attn.h6,photon<-electron,0.00968802459840852,1.0650192304113048e-05,-4.372535471769947e-05,6.370400868555797e-05,-1.0373092663940042e-05,5.437554702181251e-05,-5.305381638144492e-05,1.0650192304113048e-05,3.783796581501931e-05
signed_hqql_tbl,mod.blocks.4.attn.h6,electron<-charged_hadron,0.03752356625738598,-4.647016924406801e-06,6.170596391188376e-05,0.00023126359574025734,6.034816324245184e-06,-6.635298083629057e-05,-0.00023591061266466413,4.647016924406801e-06,3.7823507342552084e-05
signed_hqql_tbl,mod.blocks.5.attn.h3,charged_hadron<-electron,0.023249406899724687,-3.622747906428274e-05,-3.314632693108058e-05,-1.2219061569214382e-05,8.378211641684174e-06,-3.0811521332021607e-06,-2.400841749506836e-05,3.622747906428274e-05,3.776805513088382e-05
signed_hqql_tbl,mod.blocks.0.attn.h7,photon<-muon,0.03362116575241089,8.385099936276675e-06,6.643872965421331e-05,2.3955473720672583e-05,1.579401214257814e-05,-5.805362971793664e-05,-1.5570373784395906e-05,8.385099936276675e-06,3.741191479524499e-05
signed_hqql_tbl,mod.blocks.3.attn.h0,electron<-neutral_hadron,0.010990065281037931,-1.393639508427845e-05,-6.081389974018461e-05,-4.16314862377476e-05,2.397679918431095e-05,4.6877504655906153e-05,2.7695091153469147e-05,1.393639508427845e-05,3.7375147412231524e-05
signed_hqql_tbl,mod.blocks.7.attn.h0,muon<-neutral_hadron,0.004784401506185532,-2.173456159653142e-05,9.434988896828145e-06,9.271129965782166e-05,0.00015146643100807624,-3.116955049335957e-05,-0.00011444586125435308,2.173456159653142e-05,3.73193368432112e-05
signed_hqql_tbl,mod.blocks.6.attn.h2,neutral_hadron<-charged_hadron,0.02754528989978865,1.261557141939799e-05,-3.673502599833498e-05,1.218689064163606e-06,2.0870150250232852e-06,4.935059741773297e-05,1.1396882355234385e-05,1.261557141939799e-05,3.7290870128264475e-05
signed_hqql_tbl,mod.blocks.4.attn.h4,muon<-photon,0.024966521263122557,2.7295490726828576e-05,7.369773045770432e-06,4.7512036482138296e-05,-2.2514591819344787e-05,1.9925717681058143e-05,-2.021654575530972e-05,2.7295490726828576e-05,3.7258349567357646e-05
signed_hqql_tbl,mod.blocks.0.attn.h1,muon<-muon,0.0017650098307058215,-1.9405328202992678e-05,1.6232963663043165e-05,-1.0485571237950353e-06,-2.6098539706254087e-05,-3.563829186603584e-05,-1.8356771079197642e-05,1.9405328202992678e-05,3.72244741360106e-05
signed_hqql_tbl,mod.blocks.1.attn.h7,photon<-neutral_hadron,0.0182536598798391,-1.4836491842325109e-05,2.9878138416718426e-05,-1.7824268875210403e-05,3.2596143205918668e-06,-4.4714630259043535e-05,2.9877770328852944e-06,1.4836491842325109e-05,3.719380697184688e-05
signed_hqql_tbl,mod.blocks.4.attn.h3,photon<-electron,0.013709508791202453,-1.0643140658948237e-05,4.242148608210738e-05,2.634100058328061e-05,1.0054153790406417e-05,-5.306462674105561e-05,-3.698414124222885e-05,1.0643140658948237e-05,3.717545402947604e-05
B_tbl_minus_hqql,mod.blocks.0.attn.h3,muon<-photon,0.019742801189422607,2.4684478994458914e-05,0.0,0.0,0.0,2.4684478994458914e-05,2.4684478994458914e-05,2.4684478994458914e-05,3.702671849168837e-05
signed_hqql_tbl,mod.blocks.0.attn.h3,neutral_hadron<-charged_hadron,0.02380800941745106,2.0853627253981196e-05,-1.1449505009669301e-05,-7.4238769138782476e-06,-2.9646640385966152e-05,3.23031322636505e-05,2.8277504167859446e-05,2.0853627253981196e-05,3.700519338580645e-05
B_tbl_minus_hqql,mod.blocks.4.attn.h2,electron<-neutral_hadron,0.016113105816421686,2.4626811729696647e-05,0.0,0.0,0.0,2.4626811729696647e-05,2.4626811729696647e-05,2.4626811729696647e-05,3.694021759454497e-05
signed_hqql_tbl,mod.blocks.6.attn.h3,electron<-photon,0.008995902974431107,-1.3413523691535995e-05,3.363280276836896e-05,-5.416783720387944e-05,9.931864951795433e-06,-4.7046326459904956e-05,4.075431351234345e-05,1.3413523691535995e-05,3.6936686921488475e-05
signed_hqql_tbl,mod.blocks.4.attn.h1,charged_hadron<-charged_hadron,0.026422500730054626,-2.036144095060928e-05,1.2780449239991833e-05,3.4039940424196596e-06,1.3096302481759673e-05,-3.314189019060111e-05,-2.376543499302894e-05,2.036144095060928e-05,3.693238604590983e-05
signed_hqql_tbl,mod.blocks.1.attn.h3,muon<-photon,0.01700224995613098,-6.456258706748485e-06,-6.738588088314588e-05,-0.00018633822245257243,-1.1298528988845646e-05,6.09296221763974e-05,0.00017988196374582393,6.456258706748485e-06,3.692106979494719e-05
signed_hqql_tbl,mod.blocks.1.attn.h1,electron<-electron,0.009469917147523828,-1.1008810664255483e-05,4.078702539800361e-05,3.742643732114933e-06,-5.791426815449086e-07,-5.179583606225909e-05,-1.4751454396370416e-05,1.1008810664255483e-05,3.690672869538503e-05
B_tbl_minus_hqql,mod.blocks.4.attn.h0,electron<-photon,0.016346619986906286,-2.457144787550215e-05,0.0,0.0,0.0,-2.457144787550215e-05,-2.457144787550215e-05,2.457144787550215e-05,3.685717181325322e-05
signed_hqql_tbl,mod.blocks.3.attn.h3,muon<-photon,0.007494540810585022,1.9314157543703914e-06,-6.791372556778554e-05,-0.0003037720120378903,-0.00013001166371395811,6.984514132215593e-05,0.00030570342779226065,1.9314157543703914e-06,3.6853986415448354e-05
signed_hqql_tbl,mod.blocks.0.attn.h1,neutral_hadron<-electron,0.013228120075331794,-2.41389384933023e-05,-4.939382511350375e-05,-0.00020256662101019173,0.00036042432111571543,2.5254886620201454e-05,0.00017842768251688943,2.41389384933023e-05,3.676638180340303e-05
signed_hqql_tbl,mod.blocks.2.attn.h2,electron<-electron,3.9233149386240664e-05,8.38003010193865e-08,-7.327256062517051e-05,-1.9609123498298686e-06,-1.4644482462244924e-07,7.33563609261899e-05,2.044712650849255e-06,8.38003010193865e-08,3.676198076411434e-05
signed_hqql_tbl,mod.blocks.7.attn.h6,electron<-charged_hadron,0.031183713248797824,-1.169401262554207e-06,-7.232782681416156e-05,-0.00011052839260952461,4.7136035864241424e-05,7.115842555160735e-05,0.00010935899134697041,1.169401262554207e-06,3.674861403835788e-05
B_tbl_minus_hqql,mod.blocks.4.attn.h2,photon<-neutral_hadron,0.018200670451506515,2.4494656040710776e-05,0.0,0.0,0.0,2.4494656040710776e-05,2.4494656040710776e-05,2.4494656040710776e-05,3.674198406106616e-05
B_tbl_minus_hqql,mod.blocks.4.attn.h5,electron<-electron,0.06304787244830044,2.4421792295115097e-05,0.0,0.0,0.0,2.4421792295115097e-05,2.4421792295115097e-05,2.4421792295115097e-05,3.6632688442672645e-05
B_tbl_minus_hqql,mod.blocks.7.attn.h3,muon<-neutral_hadron,0.0018761457875370979,-2.436106587992981e-05,0.0,0.0,0.0,-2.436106587992981e-05,-2.436106587992981e-05,2.436106587992981e-05,3.6541598819894713e-05
signed_hqql_tbl,mod.blocks.6.attn.h4,muon<-photon,0.0029026269912719727,-3.471915842965245e-05,-3.1190937558054235e-05,-4.894274406112908e-06,1.8435986021358985e-05,-3.5282208715982165e-06,-2.9824884023539543e-05,3.471915842965245e-05,3.648326886545156e-05
signed_hqql_tbl,mod.blocks.5.attn.h6,charged_hadron<-neutral_hadron,0.04460549100774343,1.4212366496147562e-05,-3.0146045679004727e-05,-1.9778993587274367e-06,-2.6486760442023848e-05,4.435841217515229e-05,1.6190265854875e-05,1.4212366496147562e-05,3.6391572583723705e-05
signed_hqql_tbl,mod.blocks.7.attn.h7,muon<-charged_hadron,0.017987197265028954,1.4132880096440203e-05,-3.0280347579182722e-05,0.00011269705137237907,0.0001005073605814356,4.4413227675622926e-05,-9.856417127593887e-05,1.4132880096440203e-05,3.6339493934251666e-05
signed_hqql_tbl,mod.blocks.0.attn.h3,neutral_hadron<-electron,0.01248770227862729,-1.124678830685163e-05,3.8901678540002505e-05,1.5596163939335385e-05,-3.0762451388000045e-05,-5.014846684685414e-05,-2.6842952246187015e-05,1.124678830685163e-05,3.63210217302787e-05
signed_hqql_tbl,mod.blocks.0.attn.h0,charged_hadron<-charged_hadron,0.021790408992372313,-1.7641655781853523e-05,1.9686628702268334e-05,-1.3858877648453389e-05,1.1641965987950218e-05,-3.732828448412185e-05,-3.782778133400134e-06,1.7641655781853523e-05,3.6305798023914446e-05
B_tbl_minus_hqql,mod.cls_blocks.0.attn.h1,charged_hadron<-electron,0.016168054193258286,2.4197506718337536e-05,0.0,0.0,0.0,2.4197506718337536e-05,2.4197506718337536e-05,2.4197506718337536e-05,3.6296260077506304e-05
signed_hqql_tbl,mod.blocks.6.attn.h7,electron<-photon,0.014887206438111096,-6.5411715503267155e-06,5.290687857066384e-05,2.810544174280949e-06,-5.168031566427089e-05,-5.944805012099056e-05,-9.351715724607665e-06,6.5411715503267155e-06,3.6265196610821996e-05
signed_hqql_tbl,mod.blocks.4.attn.h7,photon<-electron,0.004590152543250139,-8.504909919423422e-06,4.698580564258413e-05,5.9688507982562964e-05,2.412006870144978e-05,-5.5490715562007555e-05,-6.819341790198639e-05,8.504909919423422e-06,3.62502677004272e-05
signed_hqql_tbl,mod.blocks.1.attn.h7,neutral_hadron<-neutral_hadron,0.017494573944904765,-6.444175641427435e-06,5.316681009929296e-05,-1.1043926018787701e-05,1.581479044184687e-05,-5.961098574072039e-05,4.599750377360266e-06,6.444175641427435e-06,3.624966851178763e-05
B_tbl_minus_hqql,mod.blocks.0.attn.h1,neutral_hadron<-electron,0.01322812228291123,-2.413894388290053e-05,0.0,0.0,0.0,-2.413894388290053e-05,-2.413894388290053e-05,2.413894388290053e-05,3.62084158243508e-05
signed_hqql_tbl,mod.blocks.3.attn.h7,charged_hadron<-neutral_hadron,0.015655718998414794,-1.536411381944889e-05,2.6252431429685087e-05,-7.070560187902537e-06,2.2209619460651225e-05,-4.161654524913397e-05,-8.293553631546352e-06,1.536411381944889e-05,3.617238644401587e-05
signed_hqql_tbl,mod.blocks.2.attn.h2,neutral_hadron<-muon,0.024593991041183472,-6.657472840743139e-06,5.221529621242856e-05,3.7577043258352205e-05,8.597147340575854e-05,-5.88727690531717e-05,-4.423451609909534e-05,6.657472840743139e-06,3.609385736732899e-05
B_tbl_minus_hqql,mod.blocks.0.attn.h5,electron<-charged_hadron,0.016720894191946303,-2.4030199191266937e-05,0.0,0.0,0.0,-2.4030199191266937e-05,-2.4030199191266937e-05,2.4030199191266937e-05,3.6045298786900404e-05
B_tbl_minus_hqql,mod.blocks.3.attn.h0,charged_hadron<-photon,0.016229480694374687,2.4029115385229037e-05,0.0,0.0,0.0,2.4029115385229037e-05,2.4029115385229037e-05,2.4029115385229037e-05,3.6043673077843556e-05
signed_hqql_tbl,mod.blocks.1.attn.h4,muon<-charged_hadron,0.02051392011344433,-3.320530231576413e-05,-3.8790240442045986e-05,0.00011203262256458402,8.348763135886243e-05,5.584938126281857e-06,-0.00014523792488034814,3.320530231576413e-05,3.599777137890506e-05
signed_hqql_tbl,mod.blocks.5.attn.h2,electron<-neutral_hadron,0.00712535599315608,6.76291542563208e-06,-5.1686122452864715e-05,4.4882772053824736e-05,-1.2762443020619685e-05,5.8449037878496796e-05,-3.8119856628192655e-05,6.76291542563208e-06,3.5987434364880476e-05
signed_hqql_tbl,mod.blocks.1.attn.h2,neutral_hadron<-muon,0.0027307068929076196,1.3802004104945809e-05,5.787260215583956e-05,1.7237862266483717e-05,0.0001090638777693837,-4.407059805089375e-05,-3.435858161537908e-06,1.3802004104945809e-05,3.5837303130392684e-05
B_tbl_minus_hqql,mod.blocks.6.attn.h5,neutral_hadron<-electron,0.028466593336175988,-2.3819491077490426e-05,0.0,0.0,0.0,-2.3819491077490426e-05,-2.3819491077490426e-05,2.3819491077490426e-05,3.572923661623564e-05
signed_hqql_tbl,mod.blocks.7.attn.h4,electron<-neutral_hadron,0.0071145930775889646,2.7274998299415324e-07,7.102041605608782e-05,-2.5725032628542976e-05,5.343080488273699e-06,-7.074766607309367e-05,2.5997782611537128e-05,2.7274998299415324e-07,3.564658301954099e-05
signed_hqql_tbl,mod.blocks.1.attn.h4,photon<-neutral_hadron,0.01808117074384995,1.9593959366042215e-05,-1.2359763725957121e-05,1.2101583437769896e-05,2.987623695429189e-07,3.195372309199933e-05,7.492375928272319e-06,1.9593959366042215e-05,3.557082091204188e-05
B_tbl_minus_hqql,mod.blocks.7.attn.h5,photon<-muon,0.13192330360412596,-2.3705021012574433e-05,0.0,0.0,0.0,-2.3705021012574433e-05,-2.3705021012574433e-05,2.3705021012574433e-05,3.555753151886165e-05
signed_hqql_tbl,mod.blocks.2.attn.h1,neutral_hadron<-electron,0.004477149358502141,4.416021612188261e-06,6.666151430660026e-05,-2.355636766878888e-05,-0.0002709554792090785,-6.2245492694412e-05,2.7972389280977142e-05,4.416021612188261e-06,3.553876795939426e-05
signed_hqql_tbl,mod.blocks.3.attn.h3,electron<-charged_hadron,0.026298633643559048,-1.6076558191950124e-05,-5.493019257714464e-05,-0.00018014565299465134,2.0460847299546003e-05,3.885363438519451e-05,0.00016406909480270123,1.6076558191950124e-05,3.550337538454738e-05
signed_hqql_tbl,mod.blocks.3.attn.h1,neutral_hadron<-photon,0.018067154773446018,-1.3576722233017671e-05,3.0181240644922017e-05,5.2323878114333e-06,9.345140097591047e-06,-4.375796287793969e-05,-1.880911004445097e-05,1.3576722233017671e-05,3.545570367198752e-05
B_tbl_minus_hqql,mod.blocks.1.attn.h2,charged_hadron<-photon,0.019528980891460768,2.3619015580059336e-05,0.0,0.0,0.0,2.3619015580059336e-05,2.3619015580059336e-05,2.3619015580059336e-05,3.542852337008901e-05
signed_hqql_tbl,mod.blocks.1.attn.h2,photon<-electron,0.010483371533029447,1.0260399497242841e-05,-3.986223169636947e-05,-1.801169336041702e-05,-1.2840855561080389e-06,5.0122631193612316e-05,2.8272092857659858e-05,1.0260399497242841e-05,3.5321715094049e-05
signed_hqql_tbl,mod.blocks.1.attn.h7,electron<-neutral_hadron,0.028964646436549998,-1.411971903440577e-05,2.8175634246221498e-05,7.339245523326099e-05,-5.538151344808284e-05,-4.229535328062727e-05,-8.751217426766676e-05,1.411971903440577e-05,3.52673956747194e-05
signed_hqql_tbl,mod.blocks.4.attn.h6,charged_hadron<-charged_hadron,0.02491105645726672,1.9941087273287702e-05,-1.064415799482095e-05,2.4164700292976163e-05,-2.6409702641497964e-05,3.058524526810865e-05,-4.223613019688461e-06,1.9941087273287702e-05,3.5233709907342024e-05
B_tbl_minus_hqql,mod.blocks.2.attn.h5,muon<-neutral_hadron,0.0013176837936043739,2.3435197363141924e-05,0.0,0.0,0.0,2.3435197363141924e-05,2.3435197363141924e-05,2.3435197363141924e-05,3.5152796044712886e-05
B_tbl_minus_hqql,mod.blocks.5.attn.h4,electron<-charged_hadron,0.03542194125198182,2.338773213393454e-05,0.0,0.0,0.0,2.338773213393454e-05,2.338773213393454e-05,2.338773213393454e-05,3.508159820090181e-05
B_tbl_minus_hqql,mod.blocks.6.attn.h6,charged_hadron<-electron,0.007186243754057657,-2.3384282203984358e-05,0.0,0.0,0.0,-2.3384282203984358e-05,-2.3384282203984358e-05,2.3384282203984358e-05,3.5076423305976535e-05
signed_hqql_tbl,mod.blocks.2.attn.h2,neutral_hadron<-charged_hadron,0.025757597340923064,1.831533927313921e-05,-1.5127345905747182e-05,1.0000268937221132e-05,1.1579615102919107e-05,3.344268517888639e-05,8.315070335918077e-06,1.831533927313921e-05,3.50366818625824e-05
signed_hqql_tbl,mod.blocks.2.attn.h1,charged_hadron<-electron,0.004791053544197764,-1.0593677177980898e-05,3.8257640236142005e-05,-7.008929233783963e-05,-0.00022275125375017523,-4.88513174141229e-05,5.9495615159858734e-05,1.0593677177980898e-05,3.501933588504235e-05
B_tbl_minus_hqql,mod.blocks.0.attn.h0,neutral_hadron<-electron,0.00735521930511351,-2.3326360894349852e-05,0.0,0.0,0.0,-2.3326360894349852e-05,-2.3326360894349852e-05,2.3326360894349852e-05,3.4989541341524775e-05
B_tbl_minus_hqql,mod.blocks.7.attn.h7,photon<-muon,0.01825398802757263,2.332339994609356e-05,0.0,0.0,0.0,2.332339994609356e-05,2.332339994609356e-05,2.332339994609356e-05,3.498509991914034e-05
signed_hqql_tbl,mod.blocks.3.attn.h1,charged_hadron<-neutral_hadron,0.015788362306707045,-2.2677928196261076e-05,1.8514400825014356e-06,-2.566342900845096e-05,3.086327260543294e-06,-2.4529368278762512e-05,2.985500812189885e-06,2.2677928196261076e-05,3.4942612335642334e-05
signed_hqql_tbl,mod.blocks.0.attn.h0,charged_hadron<-neutral_hadron,0.021106378504542077,-5.1593159668471045e-06,5.413117389551887e-05,-8.864705690049352e-06,2.2558781311229957e-05,-5.929048986236597e-05,3.705389723202247e-06,5.1593159668471045e-06,3.480456089803009e-05
B_tbl_minus_hqql,mod.blocks.7.attn.h2,muon<-neutral_hadron,0.005537652596831322,-2.3192857042886317e-05,0.0,0.0,0.0,-2.3192857042886317e-05,-2.3192857042886317e-05,2.3192857042886317e-05,3.4789285564329475e-05
signed_hqql_tbl,mod.blocks.2.attn.h2,charged_hadron<-electron,0.016107426158019474,1.3606763483646015e-05,-2.8743962122296745e-05,7.453264572240156e-05,-1.9092981237918138e-05,4.235072560594276e-05,-6.0925882238755545e-05,1.3606763483646015e-05,3.4782126286617394e-05
signed_hqql_tbl,mod.blocks.4.attn.h6,photon<-neutral_hadron,0.017153966396878457,1.8238049643090793e-05,-1.4797384990892608e-05,3.280582854786343e-06,-3.962279148878223e-06,3.30354346339834e-05,1.495746678830445e-05,1.8238049643090793e-05,3.4755766960082495e-05
signed_hqql_tbl,mod.blocks.5.attn.h1,neutral_hadron<-electron,0.004668467574649387,-4.0092513868498996e-07,-6.888324079275327e-05,3.3723510568961503e-06,-0.00010632157500367612,6.848231565406829e-05,-3.77327619558114e-06,4.0092513868498996e-07,3.464208296571913e-05
signed_hqql_tbl,mod.blocks.4.attn.h4,charged_hadron<-neutral_hadron,0.022851929544400768,2.2830947258911443e-05,-6.802036490543631e-07,1.1327488285271044e-05,-3.863882906360274e-06,2.3511150907965807e-05,1.15034589736404e-05,2.2830947258911443e-05,3.458652271289435e-05
signed_hqql_tbl,mod.blocks.0.attn.h4,charged_hadron<-neutral_hadron,0.03638443138752999,1.718288940359272e-05,-1.7504015563544598e-05,3.1779028147274145e-05,-2.712199824539847e-05,3.468690496713732e-05,-1.4596138743681424e-05,1.718288940359272e-05,3.452634188716138e-05
signed_hqql_tbl,mod.blocks.1.attn.h7,charged_hadron<-electron,0.0065069010126448815,-1.0315275695964893e-05,3.804886007194661e-05,-9.515978250085193e-06,1.1206907220184804e-05,-4.836413576791151e-05,-7.992974458796997e-07,1.0315275695964893e-05,3.449734357992065e-05
signed_hqql_tbl,mod.blocks.4.attn.h1,charged_hadron<-neutral_hadron,0.019675721841699936,-2.0031455864461988e-05,8.885341414787245e-06,-6.097850091163431e-06,8.647220492027557e-06,-2.891679727924923e-05,-1.3933605773298558e-05,2.0031455864461988e-05,3.4489854504086604e-05
signed_hqql_tbl,mod.blocks.0.attn.h4,muon<-neutral_hadron,0.009550215303897857,-3.1707173911854623e-05,-2.6241209828488838e-05,4.423164500622079e-05,-0.00014944743533204828,-5.465964083365785e-06,-7.593881891807542e-05,3.1707173911854623e-05,3.4440155953537514e-05
signed_hqql_tbl,mod.blocks.2.attn.h3,neutral_hadron<-electron,0.0033618850909449436,6.544987964271396e-07,-6.690042564035761e-05,-7.619796087965369e-07,0.00017449473398301052,6.755492443678474e-05,1.4164784052236764e-06,6.544987964271396e-07,3.443196101481951e-05
B_tbl_minus_hqql,mod.blocks.4.attn.h1,charged_hadron<-electron,0.007468024800930705,2.2951150077417315e-05,0.0,0.0,0.0,2.2951150077417315e-05,2.2951150077417315e-05,2.2951150077417315e-05,3.442672511612597e-05
B_tbl_minus_hqql,mod.blocks.1.attn.h0,electron<-neutral_hadron,0.017346499142823397,-2.2900006216433314e-05,0.0,0.0,0.0,-2.2900006216433314e-05,-2.2900006216433314e-05,2.2900006216433314e-05,3.4350009324649974e-05
B_tbl_minus_hqql,mod.blocks.6.attn.h5,photon<-electron,0.013407594547039124,2.288933496967685e-05,0.0,0.0,0.0,2.288933496967685e-05,2.288933496967685e-05,2.288933496967685e-05,3.4334002454515276e-05
signed_hqql_tbl,mod.blocks.5.attn.h3,charged_hadron<-neutral_hadron,0.023323435943667627,8.691679745004708e-06,-4.257074657467452e-05,4.598583243475091e-06,-7.680741493800705e-05,5.126242631967922e-05,4.093096501529616e-06,8.691679745004708e-06,3.4322892904844316e-05
signed_hqql_tbl,mod.cls_blocks.1.attn.h1,CLS<-muon,0.0008136978722177446,4.934540356771322e-06,-5.381551636673976e-05,-0.000258833693806082,-5.472847988130525e-05,5.875005672351108e-05,0.00026376823416285333,4.934540356771322e-06,3.430956871852686e-05
B_tbl_minus_hqql,mod.blocks.5.attn.h7,electron<-photon,0.0180303002518367,2.2855464854595684e-05,0.0,0.0,0.0,2.2855464854595684e-05,2.2855464854595684e-05,2.2855464854595684e-05,3.428319728189352e-05
signed_hqql_tbl,mod.blocks.6.attn.h7,charged_hadron<-electron,0.006812266650654021,9.396741093258329e-06,-4.0376122507785276e-05,0.00017381688959939383,3.088710189331323e-05,4.9772863601043606e-05,-0.0001644201485061355,9.396741093258329e-06,3.4283172893780134e-05
B_tbl_minus_hqql,mod.blocks.4.attn.h4,charged_hadron<-neutral_hadron,0.022851929611184683,2.2830948438961713e-05,0.0,0.0,0.0,2.2830948438961713e-05,2.2830948438961713e-05,2.2830948438961713e-05,3.424642265844257e-05
signed_hqql_tbl,mod.blocks.4.attn.h4,muon<-charged_hadron,0.018685845658183098,3.195349927409552e-05,2.7376689757101045e-05,3.887700731866062e-05,-3.6295995497229425e-06,4.576809516994475e-06,-6.923508044565098e-06,3.195349927409552e-05,3.4241904032592756e-05
B_tbl_minus_hqql,mod.blocks.7.attn.h0,neutral_hadron<-muon,0.045959639549255374,-2.2763067681808026e-05,0.0,0.0,0.0,-2.2763067681808026e-05,-2.2763067681808026e-05,2.2763067681808026e-05,3.414460152271204e-05
signed_hqql_tbl,mod.blocks.6.attn.h3,muon<-charged_hadron,0.008483322337269783,2.2594640824991075e-07,-6.74359221309901e-05,-1.322853859164752e-06,-4.981751077469777e-05,6.766186853924001e-05,1.5488002674146628e-06,2.2594640824991075e-07,3.405688067786992e-05
signed_hqql_tbl,mod.blocks.0.attn.h6,photon<-photon,0.016334681195507718,-2.5899182440335612e-05,-9.655426858233757e-06,4.43940612866604e-06,2.8698436382096933e-05,-1.6243755582101857e-05,-3.033858856900165e-05,2.5899182440335612e-05,3.402106023138654e-05
B_tbl_minus_hqql,mod.blocks.3.attn.h1,charged_hadron<-neutral_hadron,0.01578836203957138,-2.26779170683259e-05,0.0,0.0,0.0,-2.26779170683259e-05,-2.26779170683259e-05,2.26779170683259e-05,3.401687560248885e-05
B_tbl_minus_hqql,mod.blocks.1.attn.h4,charged_hadron<-photon,0.018999557285760606,2.2527728315710736e-05,0.0,0.0,0.0,2.2527728315710736e-05,2.2527728315710736e-05,2.2527728315710736e-05,3.37915924735661e-05
B_tbl_minus_hqql,mod.blocks.0.attn.h6,charged_hadron<-neutral_hadron,0.017394772931641222,-2.2498896676154822e-05,0.0,0.0,0.0,-2.2498896676154822e-05,-2.2498896676154822e-05,2.2498896676154822e-05,3.3748345014232234e-05
B_tbl_minus_hqql,mod.blocks.6.attn.h3,charged_hadron<-photon,0.018083010017355353,-2.248084835824086e-05,0.0,0.0,0.0,-2.248084835824086e-05,-2.248084835824086e-05,2.248084835824086e-05,3.372127253736129e-05
B_tbl_minus_hqql,mod.blocks.4.attn.h6,neutral_hadron<-electron,0.008356070145964622,2.2469818052033792e-05,0.0,0.0,0.0,2.2469818052033792e-05,2.2469818052033792e-05,2.2469818052033792e-05,3.370472707805069e-05
signed_hqql_tbl,mod.blocks.7.attn.h4,electron<-photon,0.015789897461247638,1.64793501182164e-06,6.573079882164839e-05,2.060468042535441e-05,-4.925905159325339e-07,-6.408286380982676e-05,-1.895674541353277e-05,1.64793501182164e-06,3.368936691673502e-05
signed_hqql_tbl,mod.blocks.4.attn.h3,charged_hadron<-neutral_hadron,0.010938794038542846,1.6599486972314908e-05,-1.7558789344312373e-05,1.305630959060147e-05,-6.390967426998814e-06,3.415827631662728e-05,3.5431773817134383e-06,1.6599486972314908e-05,3.367862513062855e-05
signed_hqql_tbl,mod.blocks.7.attn.h4,neutral_hadron<-electron,0.0079875820212894,4.266739947693337e-06,6.302439087927556e-05,-7.205333677120507e-06,-0.00026711248005995003,-5.875765093158222e-05,1.1472073624813844e-05,4.266739947693337e-06,3.3645565413484445e-05
signed_hqql_tbl,mod.blocks.4.attn.h2,photon<-electron,0.01559895616236741,1.4856146796174893e-05,-2.2675459169679217e-05,1.543573775312065e-05,-3.3242170673020155e-05,3.753160596585411e-05,-5.795909569457565e-07,1.4856146796174893e-05,3.3621949779101947e-05
signed_hqql_tbl,mod.blocks.7.attn.h6,charged_hadron<-electron,0.006031922109070278,8.598458927216207e-06,-4.143708296892741e-05,2.811508537648144e-05,-3.190026327501982e-05,5.003554189614362e-05,-1.951662644926523e-05,8.598458927216207e-06,3.361622987528802e-05
signed_hqql_tbl,mod.blocks.4.attn.h2,photon<-photon,0.017262944808373086,1.0859659615518295e-05,-3.460129076729015e-05,2.107276657102423e-05,-3.479580262580255e-05,4.546095038280845e-05,-1.0213106955505933e-05,1.0859659615518295e-05,3.3590134806922524e-05
signed_hqql_tbl,mod.blocks.3.attn.h2,neutral_hadron<-charged_hadron,0.016451920948776545,-1.5066552139930845e-05,2.197096190741077e-05,-4.5654909908962075e-07,2.0919614890954574e-05,-3.703751404734162e-05,-1.4610003040841224e-05,1.5066552139930845e-05,3.358530916360165e-05
B_tbl_minus_hqql,mod.blocks.0.attn.h4,charged_hadron<-muon,0.016110068187117577,2.2372090825228952e-05,0.0,0.0,0.0,2.2372090825228952e-05,2.2372090825228952e-05,2.2372090825228952e-05,3.355813623784343e-05
B_tbl_minus_hqql,mod.blocks.2.attn.h6,photon<-muon,0.008018176555633545,2.236885018646717e-05,0.0,0.0,0.0,2.236885018646717e-05,2.236885018646717e-05,2.236885018646717e-05,3.3553275279700756e-05
signed_hqql_tbl,mod.blocks.3.attn.h0,photon<-neutral_hadron,0.014563910789567671,-1.3015011052111085e-05,2.793782439287663e-05,-1.753896557724245e-05,2.5702820896566863e-05,-4.0952835444987716e-05,4.523954525131366e-06,1.3015011052111085e-05,3.349142877460494e-05
signed_hqql_tbl,mod.blocks.7.attn.h0,electron<-electron,9.966310333058775e-07,1.802390726059354e-09,6.677685236990138e-05,3.2624929683737015e-08,1.228177577417e-08,-6.677504997917532e-05,-3.082253895767766e-08,1.802390726059354e-09,3.3389327380313724e-05
B_tbl_minus_hqql,mod.blocks.3.attn.h6,photon<-electron,0.014191519438735837,-2.2258971556566836e-05,0.0,0.0,0.0,-2.2258971556566836e-05,-2.2258971556566836e-05,2.2258971556566836e-05,3.3388457334850254e-05
B_tbl_minus_hqql,mod.blocks.1.attn.h1,photon<-muon,0.02386216640472412,2.224365249276161e-05,0.0,0.0,0.0,2.224365249276161e-05,2.224365249276161e-05,2.224365249276161e-05,3.3365478739142414e-05
signed_hqql_tbl,mod.blocks.5.attn.h1,electron<-photon,0.01950058147190063,1.6909676870876332e-06,6.503981825921478e-05,-4.143876243948138e-05,-2.6908262952929363e-05,-6.334885057212714e-05,4.312973012656901e-05,1.6909676870876332e-06,3.33653929731512e-05
signed_hqql_tbl,mod.blocks.1.attn.h6,neutral_hadron<-photon,0.01668224358693524,1.3564445200129772e-05,-2.6004667704257807e-05,2.942071325086532e-05,-1.09274331719461e-06,3.956911290438758e-05,-1.585626805073555e-05,1.3564445200129772e-05,3.3349001652323564e-05
signed_hqql_tbl,mod.blocks.6.attn.h0,photon<-muon,0.0729533052444458,2.939524594694376e-05,3.7156590750735054e-05,-5.450937342608259e-05,0.00037224865809548646,-7.761344803791295e-06,8.390461937302635e-05,2.939524594694376e-05,3.3275918348839407e-05
B_tbl_minus_hqql,mod.blocks.1.attn.h0,electron<-charged_hadron,0.02114092984369823,-2.218135713995989e-05,0.0,0.0,0.0,-2.218135713995989e-05,-2.218135713995989e-05,2.218135713995989e-05,3.3272035709939836e-05
signed_hqql_tbl,mod.blocks.1.attn.h5,neutral_hadron<-neutral_hadron,0.012976902561857686,1.4023372217274837e-05,-2.4402797502136565e-05,1.5687265012628874e-05,2.1968989372958317e-06,3.8426169719411405e-05,-1.6638927953540366e-06,1.4023372217274837e-05,3.323645707698054e-05
B_tbl_minus_hqql,mod.blocks.2.attn.h3,electron<-electron,0.03518669813476865,-2.2138392529945526e-05,0.0,0.0,0.0,-2.2138392529945526e-05,-2.2138392529945526e-05,2.2138392529945526e-05,3.320758879491829e-05
B_tbl_minus_hqql,mod.blocks.7.attn.h4,muon<-neutral_hadron,0.0065268419682979585,-2.2130650177132338e-05,0.0,0.0,0.0,-2.2130650177132338e-05,-2.2130650177132338e-05,2.2130650177132338e-05,3.3195975265698505e-05
signed_hqql_tbl,mod.blocks.0.attn.h3,electron<-charged_hadron,0.005405932842265992,1.994950348272964e-05,-6.443014629467419e-06,3.3810157021079424e-05,5.181019670999376e-05,2.639251811219706e-05,-1.3860653538349783e-05,1.994950348272964e-05,3.314576253882817e-05
signed_hqql_tbl,mod.blocks.1.attn.h2,neutral_hadron<-photon,0.015228961021326233,-2.044885725749974e-05,4.790274954858293e-06,1.688227926269311e-05,2.412781270146416e-05,-2.5239132212358032e-05,-3.7331136520192854e-05,2.044885725749974e-05,3.306842336367875e-05
B_tbl_minus_hqql,mod.blocks.3.attn.h3,photon<-muon,0.02992537021636963,2.2034954745322467e-05,0.0,0.0,0.0,2.2034954745322467e-05,2.2034954745322467e-05,2.2034954745322467e-05,3.30524321179837e-05
signed_hqql_tbl,mod.blocks.7.attn.h7,charged_hadron<-charged_hadron,0.023574101935370257,-7.875740143338489e-07,6.331752680186399e-05,2.9157311930974725e-05,1.7938694202446765e-05,-6.410510081619783e-05,-2.9944885945308574e-05,7.875740143338489e-07,3.284012442243277e-05
signed_hqql_tbl,mod.blocks.0.attn.h5,neutral_hadron<-photon,0.02017539230103316,3.056119794364361e-05,3.499049212976722e-05,-3.829060585266068e-05,-3.918329751089697e-05,-4.42929418612361e-06,6.885180379630429e-05,3.056119794364361e-05,3.2775845036705416e-05
B_tbl_minus_hqql,mod.blocks.0.attn.h4,neutral_hadron<-neutral_hadron,0.010862913967461372,-2.1822545827713748e-05,0.0,0.0,0.0,-2.1822545827713748e-05,-2.1822545827713748e-05,2.1822545827713748e-05,3.273381874157062e-05
signed_hqql_tbl,mod.blocks.5.attn.h2,charged_hadron<-photon,0.016923098361678098,1.2280422444834633e-05,-2.8581983574241818e-05,1.0564236015260938e-05,-1.3350532531091953e-05,4.086240601907645e-05,1.716186429573695e-06,1.2280422444834633e-05,3.2711625454372856e-05
signed_hqql_tbl,mod.blocks.2.attn.h5,photon<-neutral_hadron,0.012197320076147015,1.4468798456897363e-05,-2.1997276656881875e-05,1.4773070226583744e-06,-3.104070037430347e-05,3.646607511377924e-05,1.2991491434238989e-05,1.4468798456897363e-05,3.2701836013786984e-05
B_tbl_minus_hqql,mod.blocks.7.attn.h1,muon<-photon,0.001773548424243927,-2.1776841022074224e-05,0.0,0.0,0.0,-2.1776841022074224e-05,-2.1776841022074224e-05,2.1776841022074224e-05,3.2665261533111336e-05
signed_hqql_tbl,mod.blocks.3.attn.h1,electron<-photon,0.02252903750272301,1.1083550350854128e-05,5.4191230231447625e-05,-2.8770953317039778e-05,1.6409116597060347e-05,-4.3107679880593494e-05,3.9854503667893906e-05,1.1083550350854128e-05,3.263739029115087e-05
B_tbl_minus_hqql,mod.blocks.7.attn.h0,muon<-neutral_hadron,0.004784402623772621,-2.1734528127126394e-05,0.0,0.0,0.0,-2.1734528127126394e-05,-2.1734528127126394e-05,2.1734528127126394e-05,3.260179219068959e-05
signed_hqql_tbl,mod.blocks.5.attn.h0,electron<-photon,0.013691639512535034,-8.993047172188517e-06,3.8118054497452385e-05,0.0002203609245563192,0.00014158037174638594,-4.7111101669640904e-05,-0.00022935397172850773,8.993047172188517e-06,3.254859800700897e-05
signed_hqql_tbl,mod.blocks.6.attn.h3,muon<-photon,0.014084352254867554,2.0024217665195465e-05,4.503444927793584e-05,2.717944361003382e-05,4.206726225675084e-05,-2.5010231612740376e-05,-7.155225944838355e-06,2.0024217665195465e-05,3.2529333471565655e-05
B_tbl_minus_hqql,mod.cls_blocks.1.attn.h1,charged_hadron<-neutral_hadron,0.01758165796024677,2.166009000621927e-05,0.0,0.0,0.0,2.166009000621927e-05,2.166009000621927e-05,2.166009000621927e-05,3.249013500932891e-05
signed_hqql_tbl,mod.blocks.0.attn.h1,photon<-charged_hadron,0.023236867942126895,1.748665589352307e-05,4.749166654998933e-05,-8.244306060630655e-06,9.471330559128382e-06,-3.0005010656466264e-05,2.5730961954153723e-05,1.748665589352307e-05,3.24891612217562e-05
signed_hqql_tbl,mod.cls_blocks.1.attn.h1,photon<-CLS,0.0031719913240522146,-2.167063212255016e-05,-9.757143626387688e-08,0.0,0.0,-2.1573060686286283e-05,-2.167063212255016e-05,2.167063212255016e-05,3.24571624656933e-05
signed_hqql_tbl,mod.blocks.1.attn.h5,charged_hadron<-neutral_hadron,0.012914416035350297,1.0447980410808107e-05,-3.34760879884789e-05,-1.3301675958505397e-05,-5.593439706840278e-05,4.3924068399287e-05,2.3749656369313504e-05,1.0447980410808107e-05,3.241001461045161e-05
B_tbl_minus_hqql,mod.cls_blocks.1.attn.h3,charged_hadron<-neutral_hadron,0.02418761643079611,-2.1573923452076717e-05,0.0,0.0,0.0,-2.1573923452076717e-05,-2.1573923452076717e-05,2.1573923452076717e-05,3.2360885178115074e-05
B_tbl_minus_hqql,mod.blocks.7.attn.h0,charged_hadron<-neutral_hadron,0.012253225934939558,-2.1561782565639622e-05,0.0,0.0,0.0,-2.1561782565639622e-05,-2.1561782565639622e-05,2.1561782565639622e-05,3.2342673848459436e-05
signed_hqql_tbl,mod.blocks.6.attn.h6,charged_hadron<-charged_hadron,0.0329786292040559,-1.0422361407719354e-05,3.341070591823868e-05,-6.635592939002245e-06,-2.7055638741925382e-06,-4.383306732595803e-05,-3.7867684687171085e-06,1.0422361407719354e-05,3.233889507069837e-05
signed_hqql_tbl,mod.blocks.7.attn.h3,charged_hadron<-charged_hadron,0.027447554163491695,1.9546053248996625e-05,-6.0215826621891e-06,2.9013626900918477e-05,-4.9894425774855115e-06,2.5567635911185723e-05,-9.467573651921852e-06,1.9546053248996625e-05,3.232987120458949e-05
B_tbl_minus_hqql,mod.blocks.3.attn.h5,muon<-photon,0.007136172652244568,2.1493593230843544e-05,0.0,0.0,0.0,2.1493593230843544e-05,2.1493593230843544e-05,2.1493593230843544e-05,3.224038984626531e-05
B_tbl_minus_hqql,mod.blocks.5.attn.h6,muon<-photon,0.003941180109977722,-2.148640574887395e-05,0.0,0.0,0.0,-2.148640574887395e-05,-2.148640574887395e-05,2.148640574887395e-05,3.222960862331092e-05
B_tbl_minus_hqql,mod.blocks.5.attn.h2,photon<-muon,0.0036207389831542968,-2.148131839931011e-05,0.0,0.0,0.0,-2.148131839931011e-05,-2.148131839931011e-05,2.148131839931011e-05,3.222197759896517e-05
B_tbl_minus_hqql,mod.blocks.2.attn.h1,neutral_hadron<-charged_hadron,0.02757247582871039,-2.1469396430117283e-05,0.0,0.0,0.0,-2.1469396430117283e-05,-2.1469396430117283e-05,2.1469396430117283e-05,3.2204094645175925e-05
B_tbl_minus_hqql,mod.blocks.1.attn.h1,photon<-photon,0.01575469585351336,-2.1429270961949368e-05,0.0,0.0,0.0,-2.1429270961949368e-05,-2.1429270961949368e-05,2.1429270961949368e-05,3.214390644292405e-05
signed_hqql_tbl,mod.blocks.3.attn.h5,charged_hadron<-photon,0.01654752477753858,1.3112806472152574e-05,-2.4848204400317415e-05,5.1958237122731714e-06,-3.313278378101956e-05,3.796101087246999e-05,7.916982759879403e-06,1.3112806472152574e-05,3.2093311908387565e-05
B_tbl_minus_hqql,mod.blocks.3.attn.h4,neutral_hadron<-electron,0.010888768704953018,2.1384167026823247e-05,0.0,0.0,0.0,2.1384167026823247e-05,2.1384167026823247e-05,2.1384167026823247e-05,3.207625054023487e-05
signed_hqql_tbl,mod.blocks.2.attn.h7,electron<-muon,2.720775455600233e-06,7.394880263689174e-10,-6.392782233888283e-05,0.0,0.0,6.39285618269092e-05,7.394880263689174e-10,7.394880263689174e-10,3.196502040148097e-05
B_tbl_minus_hqql,mod.blocks.2.attn.h5,charged_hadron<-photon,0.018232781511039006,2.1280704731224423e-05,0.0,0.0,0.0,2.1280704731224423e-05,2.1280704731224423e-05,2.1280704731224423e-05,3.192105709683663e-05
B_tbl_minus_hqql,mod.blocks.7.attn.h3,charged_hadron<-electron,0.008070067458209536,-2.126280638289505e-05,0.0,0.0,0.0,-2.126280638289505e-05,-2.126280638289505e-05,2.126280638289505e-05,3.189420957434257e-05
B_tbl_minus_hqql,mod.blocks.3.attn.h6,charged_hadron<-electron,0.008671563828275317,-2.1134461089137142e-05,0.0,0.0,0.0,-2.1134461089137142e-05,-2.1134461089137142e-05,2.1134461089137142e-05,3.170169163370571e-05
signed_hqql_tbl,mod.blocks.7.attn.h0,electron<-charged_hadron,0.030090982005709692,-1.3221316857241272e-05,2.363843166015365e-05,-2.9955826694381306e-06,3.7114473525434733e-06,-3.6859748517394924e-05,-1.0225734187803141e-05,1.3221316857241272e-05,3.1651191115938734e-05
signed_hqql_tbl,mod.blocks.3.attn.h2,photon<-electron,0.00752582358635538,3.0047110564878012e-05,3.3251951120931794e-05,-2.7180233571146217e-05,9.534414076028952e-07,-3.204840556053782e-06,5.722734413602423e-05,3.0047110564878012e-05,3.1649530842904906e-05
signed_hqql_tbl,mod.blocks.7.attn.h5,electron<-charged_hadron,0.018542092648290452,1.2215753659326029e-05,-2.642601404769459e-05,3.20092538082651e-05,1.4693505363538861e-05,3.864176770702062e-05,-1.979350014893907e-05,1.2215753659326029e-05,3.1536637512836335e-05
B_tbl_minus_hqql,mod.blocks.6.attn.h7,electron<-charged_hadron,0.03275311773731595,2.1009033107908354e-05,0.0,0.0,0.0,2.1009033107908354e-05,2.1009033107908354e-05,2.1009033107908354e-05,3.151354966186253e-05
signed_hqql_tbl,mod.blocks.6.attn.h1,electron<-neutral_hadron,0.014757087109265503,9.834661661308794e-06,-3.34931160308004e-05,-4.159582531428896e-05,-9.956026951840613e-05,4.332777769210919e-05,5.143048697559775e-05,9.834661661308794e-06,3.149855050736339e-05
signed_hqql_tbl,mod.blocks.5.attn.h0,muon<-electron,2.0197430785628967e-06,2.813852262306682e-08,6.295581988524646e-05,0.0,0.0,-6.292768136262339e-05,2.813852262306682e-08,2.813852262306682e-08,3.149197920393476e-05
B_tbl_minus_hqql,mod.blocks.7.attn.h7,neutral_hadron<-neutral_hadron,0.019050742743811647,-2.093981582641495e-05,0.0,0.0,0.0,-2.093981582641495e-05,-2.093981582641495e-05,2.093981582641495e-05,3.140972373962242e-05
B_tbl_minus_hqql,mod.blocks.0.attn.h3,neutral_hadron<-charged_hadron,0.023808009484234977,2.085362125386377e-05,0.0,0.0,0.0,2.085362125386377e-05,2.085362125386377e-05,2.085362125386377e-05,3.128043188079566e-05
signed_hqql_tbl,mod.blocks.3.attn.h1,photon<-photon,0.015016968112547074,-1.432977160533672e-05,1.9455121443638592e-05,-2.937142015740413e-06,-6.7345152283739365e-06,-3.378489304897531e-05,-1.1392629589596308e-05,1.432977160533672e-05,3.122221812982438e-05
B_tbl_minus_hqql,mod.blocks.1.attn.h7,photon<-charged_hadron,0.024706009562341966,-2.0744027953905903e-05,0.0,0.0,0.0,-2.0744027953905903e-05,-2.0744027953905903e-05,2.0744027953905903e-05,3.1116041930858855e-05
B_tbl_minus_hqql,mod.blocks.2.attn.h0,photon<-neutral_hadron,0.014980177940024587,-2.0619593881917056e-05,0.0,0.0,0.0,-2.0619593881917056e-05,-2.0619593881917056e-05,2.0619593881917056e-05,3.092939082287558e-05
B_tbl_minus_hqql,mod.blocks.5.attn.h2,electron<-photon,0.01877365945800533,2.0614435718341815e-05,0.0,0.0,0.0,2.0614435718341815e-05,2.0614435718341815e-05,2.0614435718341815e-05,3.092165357751272e-05
signed_hqql_tbl,mod.blocks.6.attn.h0,electron<-muon,3.053656837437302e-05,1.0239963543767772e-08,6.17534969933331e-05,0.0,0.0,-6.174325702978933e-05,1.0239963543767772e-08,1.0239963543767772e-08,3.0881868478438435e-05
signed_hqql_tbl,mod.blocks.2.attn.h3,photon<-charged_hadron,0.016620008398658757,8.474686250288592e-06,-3.621501051495717e-05,-1.280934554154687e-07,-1.8779824043464498e-05,4.468969676524576e-05,8.602779705704061e-06,8.474686250288592e-06,3.081953463291147e-05
B_tbl_minus_hqql,mod.blocks.1.attn.h2,charged_hadron<-muon,0.02657313272356987,2.0527386368485168e-05,0.0,0.0,0.0,2.0527386368485168e-05,2.0527386368485168e-05,2.0527386368485168e-05,3.079107955272775e-05
B_tbl_minus_hqql,mod.blocks.2.attn.h1,charged_hadron<-photon,0.018321592672789874,-2.0502133476254674e-05,0.0,0.0,0.0,-2.0502133476254674e-05,-2.0502133476254674e-05,2.0502133476254674e-05,3.0753200214382015e-05
B_tbl_minus_hqql,mod.blocks.1.attn.h2,neutral_hadron<-photon,0.015228960908935326,-2.0448874086867446e-05,0.0,0.0,0.0,-2.0448874086867446e-05,-2.0448874086867446e-05,2.0448874086867446e-05,3.0673311130301165e-05
signed_hqql_tbl,mod.blocks.0.attn.h5,electron<-neutral_hadron,0.0022404608661653817,5.31729720192002e-06,-4.529621726664788e-05,-1.1055224167648702e-05,2.3611147234703367e-05,5.06135144685679e-05,1.6372521369568722e-05,5.31729720192002e-06,3.062405443620397e-05
B_tbl_minus_hqql,mod.blocks.4.attn.h1,charged_hadron<-charged_hadron,0.02642250078990616,-2.036143680074717e-05,0.0,0.0,0.0,-2.036143680074717e-05,-2.036143680074717e-05,2.036143680074717e-05,3.0542155201120754e-05
signed_hqql_tbl,mod.blocks.7.attn.h3,charged_hadron<-neutral_hadron,0.017218669489318248,-1.0249547364258048e-05,3.0326357525228685e-05,-1.08236259334878e-06,1.3636820901293513e-05,-4.057590488948673e-05,-9.167184770909268e-06,1.0249547364258048e-05,3.053749980900141e-05
signed_hqql_tbl,mod.blocks.0.attn.h3,charged_hadron<-charged_hadron,0.023005818189484748,1.2819706382248862e-05,-2.261181781487959e-05,4.9979292204071846e-06,2.6411613125554185e-05,3.543152419712845e-05,7.821777161841678e-06,1.2819706382248862e-05,3.053546848081309e-05
signed_hqql_tbl,mod.blocks.3.attn.h6,neutral_hadron<-photon,0.020731264169226646,-1.533408572070188e-05,1.5020730756038658e-05,-6.812594008215024e-06,9.96870457872983e-06,-3.035481647674054e-05,-8.521491712486858e-06,1.533408572070188e-05,3.0511493959072152e-05
B_tbl_minus_hqql,mod.blocks.5.attn.h6,electron<-muon,0.009663507342338562,2.0316085283411667e-05,0.0,0.0,0.0,2.0316085283411667e-05,2.0316085283411667e-05,2.0316085283411667e-05,3.04741279251175e-05
signed_hqql_tbl,mod.blocks.1.attn.h7,neutral_hadron<-photon,0.01762736416852077,-1.03785881430489e-05,2.9721563958498528e-05,-2.2189663188977497e-05,-2.364386544372291e-05,-4.010015210154743e-05,1.1811075045928596e-05,1.03785881430489e-05,3.0428664193822616e-05
B_tbl_minus_hqql,mod.blocks.1.attn.h1,charged_hadron<-muon,0.015654584392905235,2.0276733266655356e-05,0.0,0.0,0.0,2.0276733266655356e-05,2.0276733266655356e-05,2.0276733266655356e-05,3.0415099899983034e-05
B_tbl_minus_hqql,mod.blocks.2.attn.h5,neutral_hadron<-muon,0.005204856023192405,2.0262596081010997e-05,0.0,0.0,0.0,2.0262596081010997e-05,2.0262596081010997e-05,2.0262596081010997e-05,3.0393894121516496e-05
signed_hqql_tbl,mod.blocks.4.attn.h3,neutral_hadron<-electron,0.008651962158856568,-1.3440662398891248e-05,2.044564385677835e-05,-1.399190106894821e-05,0.00019219264140701853,-3.3886306255669595e-05,5.512386700569611e-07,1.3440662398891248e-05,3.0383815526726045e-05
B_tbl_minus_hqql,mod.blocks.7.attn.h7,charged_hadron<-muon,0.010619871318340302,2.0235294869053178e-05,0.0,0.0,0.0,2.0235294869053178e-05,2.0235294869053178e-05,2.0235294869053178e-05,3.0352942303579766e-05
signed_hqql_tbl,mod.blocks.5.attn.h3,electron<-neutral_hadron,0.007861783417562643,-5.477322293632757e-06,-5.5209493822124054e-05,-2.850175485946238e-05,-2.7548310754355043e-05,4.97321715284913e-05,2.3024432565829623e-05,5.477322293632757e-06,3.0343408057878405e-05
B_tbl_minus_hqql,mod.blocks.3.attn.h0,photon<-electron,0.00754722444022574,2.020386073570812e-05,0.0,0.0,0.0,2.020386073570812e-05,2.020386073570812e-05,2.020386073570812e-05,3.030579110356218e-05
signed_hqql_tbl,mod.blocks.2.attn.h5,electron<-neutral_hadron,0.0013760809303709754,2.8087567140270644e-06,-5.2068573555324725e-05,-6.453334470279514e-05,0.0001719857771149691,5.487733026935179e-05,6.734210141682221e-05,2.8087567140270644e-06,3.024742184870296e-05
signed_hqql_tbl,mod.blocks.3.attn.h1,electron<-neutral_hadron,0.01485381027062734,-3.4549302654340863e-06,5.002223750986894e-05,-7.524168147938327e-05,1.3566529560193885e-05,-5.3477167775303026e-05,7.178675121394918e-05,3.4549302654340863e-06,3.01935141530856e-05
B_tbl_minus_hqql,mod.cls_blocks.1.attn.h0,CLS<-muon,0.0020862279925495386,-2.0086572476429865e-05,0.0,0.0,0.0,-2.0086572476429865e-05,-2.0086572476429865e-05,2.0086572476429865e-05,3.0129858714644797e-05
B_tbl_minus_hqql,mod.cls_blocks.1.attn.h0,charged_hadron<-muon,0.0020862279925495386,-2.0086572476429865e-05,0.0,0.0,0.0,-2.0086572476429865e-05,-2.0086572476429865e-05,2.0086572476429865e-05,3.0129858714644797e-05
signed_hqql_tbl,mod.cls_blocks.1.attn.h0,charged_hadron<-muon,0.002086226362735033,-2.008654882956762e-05,0.0,0.0,0.0,-2.008654882956762e-05,-2.008654882956762e-05,2.008654882956762e-05,3.0129823244351428e-05
B_tbl_minus_hqql,mod.blocks.2.attn.h5,neutral_hadron<-neutral_hadron,0.00981655817852951,-2.007527961059615e-05,0.0,0.0,0.0,-2.007527961059615e-05,-2.007527961059615e-05,2.007527961059615e-05,3.0112919415894227e-05
signed_hqql_tbl,mod.blocks.4.attn.h2,muon<-neutral_hadron,0.011705128848552704,1.3827047951053828e-05,-1.8735284356807824e-05,0.0012283682590350509,-1.1645765981585202e-05,3.256233230786165e-05,-0.001214541211083997,1.3827047951053828e-05,3.0108214104984654e-05
B_tbl_minus_hqql,mod.blocks.6.attn.h7,photon<-muon,0.011745597124099732,2.0047635771334172e-05,0.0,0.0,0.0,2.0047635771334172e-05,2.0047635771334172e-05,2.0047635771334172e-05,3.0071453657001258e-05
B_tbl_minus_hqql,mod.blocks.4.attn.h1,charged_hadron<-neutral_hadron,0.01967572117386078,-2.0031448943130882e-05,0.0,0.0,0.0,-2.0031448943130882e-05,-2.0031448943130882e-05,2.0031448943130882e-05,3.0047173414696325e-05
B_tbl_minus_hqql,mod.blocks.6.attn.h3,muon<-photon,0.014084345102310181,2.0024257246404886e-05,0.0,0.0,0.0,2.0024257246404886e-05,2.0024257246404886e-05,2.0024257246404886e-05,3.003638586960733e-05
signed_hqql_tbl,mod.blocks.5.attn.h5,charged_hadron<-photon,0.01941130816902059,1.398606423169142e-05,-1.8112505035356084e-05,-7.862511493242432e-06,-2.0254994403388147e-05,3.2098569267047506e-05,2.184857572493385e-05,1.398606423169142e-05,3.0035348865215172e-05
signed_hqql_tbl,mod.blocks.7.attn.h7,charged_hadron<-muon,0.010619870387017727,2.0235293050063774e-05,3.982376932608298e-05,-4.136724164709449e-05,-7.744998120787469e-05,-1.9588476276019203e-05,6.160253469715826e-05,2.0235293050063774e-05,3.0029531188073375e-05
signed_hqql_tbl,mod.blocks.3.attn.h6,photon<-photon,0.017372749872958365,-1.9971414565736475e-05,1.3852875274257595e-07,-1.6947830150746324e-05,5.898891604551005e-05,-2.010994331847905e-05,-3.0235844149901508e-06,1.9971414565736475e-05,3.0026386224976e-05
B_tbl_minus_hqql,mod.blocks.0.attn.h0,electron<-neutral_hadron,0.020751791971701163,-2.0003090698823883e-05,0.0,0.0,0.0,-2.0003090698823883e-05,-2.0003090698823883e-05,2.0003090698823883e-05,3.0004636048235825e-05
signed_hqql_tbl,mod.cls_blocks.1.attn.h7,charged_hadron<-electron,0.004220523871481419,-2.00008828414866e-05,0.0,-0.0006521630275528878,0.0,-2.00008828414866e-05,0.0006321621447114012,2.00008828414866e-05,3.00013242622299e-05
B_tbl_minus_hqql,mod.blocks.3.attn.h6,photon<-photon,0.01737274998000053,-1.9971417795381833e-05,0.0,0.0,0.0,-1.9971417795381833e-05,-1.9971417795381833e-05,1.9971417795381833e-05,2.995712669307275e-05
signed_hqql_tbl,mod.blocks.1.attn.h3,charged_hadron<-neutral_hadron,0.017540597882257456,-1.7165045217410022e-05,-4.2735649246057086e-05,4.841127762515025e-06,-1.6414473121860902e-05,2.5570604028647064e-05,-2.2006172979925047e-05,1.7165045217410022e-05,2.9950347231733556e-05
B_tbl_minus_hqql,mod.blocks.0.attn.h3,electron<-charged_hadron,0.005405932310081664,1.9949497159576e-05,0.0,0.0,0.0,1.9949497159576e-05,1.9949497159576e-05,1.9949497159576e-05,2.9924245739364e-05
B_tbl_minus_hqql,mod.blocks.4.attn.h6,charged_hadron<-charged_hadron,0.024911056517118252,1.9941089991155137e-05,0.0,0.0,0.0,1.9941089991155137e-05,1.9941089991155137e-05,1.9941089991155137e-05,2.9911634986732705e-05
B_tbl_minus_hqql,mod.blocks.5.attn.h4,charged_hadron<-electron,0.00966529477210272,-1.9937962168201228e-05,0.0,0.0,0.0,-1.9937962168201228e-05,-1.9937962168201228e-05,1.9937962168201228e-05,2.9906943252301842e-05
signed_hqql_tbl,mod.blocks.1.attn.h5,photon<-charged_hadron,0.021259384372894093,6.107747791039611e-06,-4.147996743935165e-05,1.4256097040228274e-05,-2.610753046844711e-05,4.758771523039126e-05,-8.148349249188662e-06,6.107747791039611e-06,2.9901605406235242e-05
signed_hqql_tbl,mod.blocks.0.attn.h1,photon<-electron,0.013913562385047354,-2.9223593428912687e-05,-2.790814032778144e-05,-7.287995166344834e-06,-7.355806155828759e-05,-1.3154531011312473e-06,-2.1935598262567852e-05,2.9223593428912687e-05,2.9881319979478312e-05
B_tbl_minus_hqql,mod.blocks.0.attn.h1,charged_hadron<-photon,0.015041286548667392,-1.989229840367972e-05,0.0,0.0,0.0,-1.989229840367972e-05,-1.989229840367972e-05,1.989229840367972e-05,2.9838447605519582e-05
signed_hqql_tbl,mod.blocks.1.attn.h6,charged_hadron<-charged_hadron,0.02537944353672706,2.587823610127653e-05,1.796191881370463e-05,-2.7584198031018588e-06,2.38331483397311e-06,7.916317287571898e-06,2.8636655904378386e-05,2.587823610127653e-05,2.9836394745062477e-05
B_tbl_minus_hqql,mod.blocks.5.attn.h1,charged_hadron<-photon,0.016587668832914463,-1.9788160241020124e-05,0.0,0.0,0.0,-1.9788160241020124e-05,-1.9788160241020124e-05,1.9788160241020124e-05,2.9682240361530184e-05
signed_hqql_tbl,mod.blocks.2.attn.h7,photon<-charged_hadron,0.024738386626328986,-1.3858044022279412e-05,1.7762513421260713e-05,-6.282252060478653e-06,6.935532538255491e-07,-3.1620557443540125e-05,-7.575791961800758e-06,1.3858044022279412e-05,2.9668322744049474e-05
B_tbl_minus_hqql,mod.blocks.3.attn.h0,neutral_hadron<-photon,0.019905872497822337,1.9749442240292655e-05,0.0,0.0,0.0,1.9749442240292655e-05,1.9749442240292655e-05,1.9749442240292655e-05,2.9624163360438983e-05
B_tbl_minus_hqql,mod.blocks.7.attn.h1,muon<-neutral_hadron,0.001353227160871029,-1.9744937890209258e-05,0.0,0.0,0.0,-1.9744937890209258e-05,-1.9744937890209258e-05,1.9744937890209258e-05,2.961740683531389e-05
B_tbl_minus_hqql,mod.blocks.0.attn.h6,neutral_hadron<-photon,0.01475629586981648,1.974283045276035e-05,0.0,0.0,0.0,1.974283045276035e-05,1.974283045276035e-05,1.974283045276035e-05,2.9614245679140522e-05
signed_hqql_tbl,mod.blocks.2.attn.h7,muon<-neutral_hadron,0.020959903299808503,-1.5810008335392922e-05,1.1618598364293575e-05,4.8700065235607326e-05,9.547084684729473e-05,-2.7428606699686497e-05,-6.451007357100025e-05,1.5810008335392922e-05,2.952431168523617e-05
signed_hqql_tbl,mod.blocks.4.attn.h1,charged_hadron<-photon,0.013891883250401242,-1.0623686559818974e-05,2.7107816719389716e-05,-9.69060467896776e-06,2.986881121012892e-05,-3.773150327920869e-05,-9.33081880851213e-07,1.0623686559818974e-05,2.9489438199423316e-05
signed_hqql_tbl,mod.blocks.1.attn.h0,electron<-charged_hadron,0.021140929488908677,-2.2181389795150608e-05,-7.566925011236559e-06,1.778048744168261e-05,-2.0449531730264427e-05,-1.461446478391405e-05,-3.9961877236833216e-05,2.2181389795150608e-05,2.9488622187107634e-05
signed_hqql_tbl,mod.blocks.7.attn.h0,muon<-charged_hadron,0.026806453242897987,2.464932549628429e-06,5.645840578020001e-05,-7.029564585536718e-05,-1.5183984280817889e-05,-5.399347323057158e-05,7.276057840499561e-05,2.464932549628429e-06,2.946166916491422e-05
signed_hqql_tbl,mod.blocks.4.attn.h1,electron<-photon,0.014387119591720706,2.4957262803951838e-06,5.6393298587796314e-05,-3.3202719350811094e-05,4.427299245435279e-06,-5.389757230740113e-05,3.5698445631206276e-05,2.4957262803951838e-06,2.944451243409575e-05
signed_hqql_tbl,mod.blocks.1.attn.h6,electron<-neutral_hadron,0.015491372871178168,2.544134622439742e-05,1.7487588162399142e-05,-3.530230955220759e-05,-3.483831170569829e-05,7.953758061998279e-06,6.074365577660501e-05,2.544134622439742e-05,2.941822525539656e-05
B_tbl_minus_hqql,mod.blocks.1.attn.h4,photon<-neutral_hadron,0.018081170593995406,1.9593958542866622e-05,0.0,0.0,0.0,1.9593958542866622e-05,1.9593958542866622e-05,1.9593958542866622e-05,2.9390937814299933e-05
B_tbl_minus_hqql,mod.blocks.0.attn.h1,electron<-electron,0.010412425009740723,-1.9577036760488732e-05,0.0,0.0,0.0,-1.9577036760488732e-05,-1.9577036760488732e-05,1.9577036760488732e-05,2.93655551407331e-05
signed_hqql_tbl,mod.blocks.1.attn.h4,neutral_hadron<-neutral_hadron,0.012987274661293773,-1.5755523325752305e-05,1.1373116875727418e-05,-1.271391448745346e-05,-1.0039719834137674e-05,-2.712864020147972e-05,-3.041608838298845e-06,1.5755523325752305e-05,2.9319843426492166e-05
B_tbl_minus_hqql,mod.blocks.7.attn.h3,charged_hadron<-charged_hadron,0.02744755410364016,1.954605687281987e-05,0.0,0.0,0.0,1.954605687281987e-05,1.954605687281987e-05,1.954605687281987e-05,2.931908530922981e-05
signed_hqql_tbl,mod.blocks.3.attn.h6,neutral_hadron<-muon,0.006729012727737427,-1.6118290659505874e-05,1.0171720835690698e-05,-0.00011787938274210319,0.0008791841136270603,-2.6290011495196573e-05,0.00010176109208259732,1.6118290659505874e-05,2.926329640710416e-05
signed_hqql_tbl,mod.blocks.0.attn.h7,photon<-neutral_hadron,0.029732793513369365,-1.2620355505889925e-05,2.045390724002731e-05,-1.7288977795277073e-05,1.7597442863211223e-05,-3.3074262745917236e-05,4.668622289387148e-06,1.2620355505889925e-05,2.9157486878848543e-05
signed_hqql_tbl,mod.blocks.4.attn.h7,electron<-photon,0.015307214201950445,2.7353229139348477e-05,3.089462212907771e-05,5.703590431949124e-05,8.592440872234874e-05,-3.5413929897292348e-06,-2.968267518014276e-05,2.7353229139348477e-05,2.9123925634213096e-05
B_tbl_minus_hqql,mod.blocks.0.attn.h1,muon<-muon,0.0017650098307058215,-1.9405328202992678e-05,0.0,0.0,0.0,-1.9405328202992678e-05,-1.9405328202992678e-05,1.9405328202992678e-05,2.9107992304489017e-05
B_tbl_minus_hqql,mod.blocks.2.attn.h5,electron<-electron,0.010056526398531988,1.9371877657350626e-05,0.0,0.0,0.0,1.9371877657350626e-05,1.9371877657350626e-05,1.9371877657350626e-05,2.905781648602594e-05
B_tbl_minus_hqql,mod.blocks.1.attn.h2,electron<-neutral_hadron,0.014933327281916584,1.9369956539271192e-05,0.0,0.0,0.0,1.9369956539271192e-05,1.9369956539271192e-05,1.9369956539271192e-05,2.9054934808906786e-05
signed_hqql_tbl,mod.cls_blocks.1.attn.h7,CLS<-CLS,0.0008726644136913819,-2.1528612592192076e-05,-3.649283772380607e-05,0.0,0.0,1.4964225131613995e-05,-2.1528612592192076e-05,2.1528612592192076e-05,2.9010725157999073e-05
signed_hqql_tbl,mod.blocks.4.attn.h7,electron<-charged_hadron,0.023835088170710065,3.5838106885508057e-06,-4.697543971071189e-05,7.5394324503368e-05,2.2148945718072354e-05,5.0559250399262694e-05,-7.18105138148172e-05,3.5838106885508057e-06,2.886343588818215e-05
signed_hqql_tbl,mod.blocks.1.attn.h3,charged_hadron<-electron,0.008369411740984236,2.832445239792356e-06,5.466335789991938e-05,-3.905165017229216e-05,-2.848599193384871e-05,-5.183091266012702e-05,4.188409541208452e-05,2.832445239792356e-06,2.8747901569855868e-05
signed_hqql_tbl,mod.blocks.2.attn.h1,electron<-charged_hadron,0.01804437346401669,2.1426456528604917e-07,5.723868768351773e-05,3.9272481340101396e-05,0.00016196564887650312,-5.702442311823168e-05,-3.905821677481535e-05,2.1426456528604917e-07,2.872647612440189e-05
signed_hqql_tbl,mod.blocks.0.attn.h7,electron<-photon,0.016503212897758173,2.700456927295744e-05,3.037465848373594e-05,4.039622327971821e-05,2.5006221221701708e-05,-3.370089210778501e-06,-1.3391654006760773e-05,2.700456927295744e-05,2.868961387834669e-05
signed_hqql_tbl,mod.blocks.7.attn.h2,muon<-neutral_hadron,0.005537646263837815,-2.3192852677311748e-05,-1.2205210656664653e-05,-1.0507846127438825e-05,3.7199948615630594e-05,-1.0987642020647095e-05,-1.2685006549872923e-05,2.3192852677311748e-05,2.8686673687635296e-05
signed_hqql_tbl,mod.blocks.0.attn.h5,electron<-charged_hadron,0.016720894546735855,-2.4030262942514603e-05,-3.333517639530879e-05,-3.526161087612654e-05,7.389022503048182e-06,9.30491345279419e-06,1.1231347933611936e-05,2.4030262942514603e-05,2.8682719668911698e-05
B_tbl_minus_hqql,mod.blocks.0.attn.h1,charged_hadron<-charged_hadron,0.023451803079793995,1.911740380736659e-05,0.0,0.0,0.0,1.911740380736659e-05,1.911740380736659e-05,1.911740380736659e-05,2.8676105711049887e-05
B_tbl_minus_hqql,mod.blocks.7.attn.h2,neutral_hadron<-photon,0.025032994995920408,1.9109784996814296e-05,0.0,0.0,0.0,1.9109784996814296e-05,1.9109784996814296e-05,1.9109784996814296e-05,2.8664677495221445e-05
signed_hqql_tbl,mod.blocks.2.attn.h3,photon<-photon,0.024585417450919404,-1.612543391854918e-05,8.840889125099392e-06,1.8020611518356793e-05,1.8443296962236705e-05,-2.496632304364857e-05,-3.414604543690597e-05,1.612543391854918e-05,2.8608595440373465e-05
B_tbl_minus_hqql,mod.blocks.6.attn.h2,charged_hadron<-electron,0.005788299831606093,1.9050948962796522e-05,0.0,0.0,0.0,1.9050948962796522e-05,1.9050948962796522e-05,1.9050948962796522e-05,2.8576423444194783e-05
B_tbl_minus_hqql,mod.blocks.3.attn.h0,charged_hadron<-electron,0.008782100996800832,1.8983264107234954e-05,0.0,0.0,0.0,1.8983264107234954e-05,1.8983264107234954e-05,1.8983264107234954e-05,2.847489616085243e-05
signed_hqql_tbl,mod.blocks.5.attn.h2,charged_hadron<-neutral_hadron,0.015227492182862524,1.255558472366727e-05,-1.899919890822181e-05,9.35110533810685e-06,-1.1954031124030683e-05,3.1554783631889084e-05,3.204479385560421e-06,1.255558472366727e-05,2.8332976539611815e-05
signed_hqql_tbl,mod.blocks.3.attn.h7,charged_hadron<-photon,0.015633959945125567,-9.825632913233977e-06,2.6984634091876473e-05,1.7944416719615757e-06,3.427648641933274e-05,-3.681026700511045e-05,-1.1620074585195552e-05,9.825632913233977e-06,2.8230766415789203e-05
signed_hqql_tbl,mod.blocks.5.attn.h2,electron<-charged_hadron,0.02970465946765173,-2.6213815501597266e-05,-2.2390654494026393e-05,0.0002448126197332281,-0.00041448878997471186,-3.823161007570873e-06,-0.00027102643523482534,2.6213815501597266e-05,2.81253960053827e-05
B_tbl_minus_hqql,mod.blocks.7.attn.h1,electron<-charged_hadron,0.03436526727108728,1.873576335735076e-05,0.0,0.0,0.0,1.873576335735076e-05,1.873576335735076e-05,1.873576335735076e-05,2.8103645036026137e-05
signed_hqql_tbl,mod.blocks.5.attn.h5,charged_hadron<-charged_hadron,0.024710755942531283,1.7160421888585616e-05,-4.492926599498379e-06,1.5044970495323594e-05,-2.050492894243855e-05,2.1653348488083996e-05,2.1154513932620217e-06,1.7160421888585616e-05,2.7987096132627613e-05
signed_hqql_tbl,mod.blocks.2.attn.h2,electron<-neutral_hadron,0.0061870817508962415,1.158505134905378e-05,-2.1144964576753983e-05,9.70670015522046e-05,-6.907631293984196e-05,3.2730015925807765e-05,-8.548195020315081e-05,1.158505134905378e-05,2.7950059311957664e-05
signed_hqql_tbl,mod.blocks.0.attn.h6,neutral_hadron<-photon,0.014756295364057396,1.97428585504873e-05,3.372125887254828e-06,-4.2682516053240304e-05,-6.223938117488947e-05,1.6370732663232473e-05,6.242537460372761e-05,1.97428585504873e-05,2.7928224882103537e-05
B_tbl_minus_hqql,mod.blocks.7.attn.h6,muon<-electron,0.007371640298515558,1.8607539459480904e-05,0.0,0.0,0.0,1.8607539459480904e-05,1.8607539459480904e-05,1.8607539459480904e-05,2.7911309189221356e-05
signed_hqql_tbl,mod.blocks.2.attn.h7,neutral_hadron<-electron,0.009725826344004384,-1.8251197953186756e-05,1.0436976337682848e-06,-3.4964980732183906e-05,-1.6474366930196993e-05,-1.9294895586955042e-05,1.671378277899715e-05,1.8251197953186756e-05,2.7898645746664277e-05
B_tbl_minus_hqql,mod.blocks.5.attn.h4,neutral_hadron<-electron,0.023706747218966484,1.8582408823998844e-05,0.0,0.0,0.0,1.8582408823998844e-05,1.8582408823998844e-05,1.8582408823998844e-05,2.7873613235998266e-05
B_tbl_minus_hqql,mod.blocks.2.attn.h6,muon<-electron,0.006914559751749039,-1.856045491877012e-05,0.0,0.0,0.0,-1.856045491877012e-05,-1.856045491877012e-05,1.856045491877012e-05,2.784068237815518e-05
signed_hqql_tbl,mod.blocks.3.attn.h6,muon<-neutral_hadron,0.0003108468372374773,2.1986046704114414e-06,5.345222719673378e-05,-7.344198820646852e-05,2.429026143444288e-05,-5.125362252632234e-05,7.564059287687997e-05,2.1986046704114414e-06,2.782541593357261e-05
signed_hqql_tbl,mod.blocks.3.attn.h0,neutral_hadron<-muon,0.016721847653388976,2.7582625625655056e-05,2.8010355890728533e-05,-6.532193947350606e-05,-1.4207556281083573e-06,-4.2773026507347687e-07,9.290456509916111e-05,2.7582625625655056e-05,2.7796490758191795e-05
signed_hqql_tbl,mod.blocks.0.attn.h6,charged_hadron<-neutral_hadron,0.017394773332344717,-2.2498894507634122e-05,-3.3093456003973917e-05,-3.415492934352829e-06,-7.93989430333929e-06,1.0594561496339794e-05,-1.9083401573281294e-05,2.2498894507634122e-05,2.779617525580402e-05
signed_hqql_tbl,mod.blocks.6.attn.h3,electron<-charged_hadron,0.018933459894642943,1.238873210240854e-05,-1.836185110732913e-05,-2.488300562889754e-05,-7.933378219604492e-07,3.075058320973767e-05,3.727173773130608e-05,1.238873210240854e-05,2.7764023707277373e-05
signed_hqql_tbl,mod.blocks.3.attn.h7,neutral_hadron<-muon,0.07240673303604125,1.8114567501470448e-05,3.723649812551836e-05,-0.00016941025387495756,0.00013187212162948627,-1.912193062404791e-05,0.000187524821376428,1.8114567501470448e-05,2.7675532813494404e-05
B_tbl_minus_hqql,mod.blocks.6.attn.h7,charged_hadron<-charged_hadron,0.024392878708492875,1.845005090736873e-05,0.0,0.0,0.0,1.845005090736873e-05,1.845005090736873e-05,1.845005090736873e-05,2.7675076361053093e-05
signed_hqql_tbl,mod.blocks.0.attn.h2,photon<-electron,0.020105041866380024,-9.236513727867022e-06,-4.585716502603006e-05,-3.845834154552514e-05,4.2994988689315505e-05,3.662065129816304e-05,2.922182781765812e-05,9.236513727867022e-06,2.754683937694854e-05
signed_hqql_tbl,mod.blocks.4.attn.h2,neutral_hadron<-charged_hadron,0.028696499952749043,-1.8151532317295213e-05,-3.688915463543228e-05,-9.938775616029783e-07,-2.1476654170284263e-05,1.8737622318137066e-05,-1.7157654755692236e-05,1.8151532317295213e-05,2.7520343476363746e-05
B_tbl_minus_hqql,mod.blocks.2.attn.h2,neutral_hadron<-charged_hadron,0.02575759740770698,1.8315335914377823e-05,0.0,0.0,0.0,1.8315335914377823e-05,1.8315335914377823e-05,1.8315335914377823e-05,2.7473003871566736e-05
B_tbl_minus_hqql,mod.blocks.3.attn.h0,muon<-electron,0.0007965733529999852,1.8308190192328766e-05,0.0,0.0,0.0,1.8308190192328766e-05,1.8308190192328766e-05,1.8308190192328766e-05,2.746228528849315e-05
B_tbl_minus_hqql,mod.blocks.2.attn.h7,neutral_hadron<-electron,0.009725830207268396,-1.8251249760699768e-05,0.0,0.0,0.0,-1.8251249760699768e-05,-1.8251249760699768e-05,1.8251249760699768e-05,2.7376874641049653e-05
B_tbl_minus_hqql,mod.blocks.4.attn.h6,photon<-neutral_hadron,0.01715396692136936,1.8238048088203562e-05,0.0,0.0,0.0,1.8238048088203562e-05,1.8238048088203562e-05,1.8238048088203562e-05,2.7357072132305343e-05
B_tbl_minus_hqql,mod.blocks.0.attn.h6,neutral_hadron<-muon,0.02573769986629486,1.823407073970884e-05,0.0,0.0,0.0,1.823407073970884e-05,1.823407073970884e-05,1.823407073970884e-05,2.7351106109563264e-05
signed_hqql_tbl,mod.blocks.0.attn.h4,charged_hadron<-electron,0.00880097189829463,-3.2408812937016287e-06,4.4898309230726836e-05,1.4215347828108003e-06,7.94526655226946e-06,-4.813919052442846e-05,-4.662416076512429e-06,3.2408812937016287e-06,2.731047655591586e-05
B_tbl_minus_hqql,mod.blocks.4.attn.h2,neutral_hadron<-charged_hadron,0.02869649955204555,-1.8151533646125566e-05,0.0,0.0,0.0,-1.8151533646125566e-05,-1.8151533646125566e-05,1.8151533646125566e-05,2.722730046918835e-05
signed_hqql_tbl,mod.blocks.5.attn.h1,photon<-photon,0.014572124287098049,-1.0439870930345107e-05,2.3103363267114373e-05,-2.9957047282935293e-06,2.2637328706970894e-05,-3.354323419745948e-05,-7.444166202051577e-06,1.0439870930345107e-05,2.721148802907485e-05
B_tbl_minus_hqql,mod.blocks.2.attn.h3,photon<-neutral_hadron,0.010727186011189114,-1.8126168866342695e-05,0.0,0.0,0.0,-1.8126168866342695e-05,-1.8126168866342695e-05,1.8126168866342695e-05,2.718925329951404e-05
B_tbl_minus_hqql,mod.blocks.3.attn.h7,neutral_hadron<-muon,0.07240673899650574,1.81145645910874e-05,0.0,0.0,0.0,1.81145645910874e-05,1.81145645910874e-05,1.81145645910874e-05,2.71718468866311e-05
B_tbl_minus_hqql,mod.blocks.6.attn.h1,photon<-neutral_hadron,0.018474355798933507,-1.8113676637061652e-05,0.0,0.0,0.0,-1.8113676637061652e-05,-1.8113676637061652e-05,1.8113676637061652e-05,2.7170514955592476e-05
signed_hqql_tbl,mod.blocks.2.attn.h7,charged_hadron<-electron,0.006258611256877582,-4.643136760153409e-07,5.2928694904866545e-05,-3.0267723413162876e-05,0.00010807438753545285,-5.3393008580881884e-05,2.9803409737147534e-05,4.643136760153409e-07,2.7160817966456284e-05
signed_hqql_tbl,mod.blocks.1.attn.h3,neutral_hadron<-electron,0.011561165667242475,-1.9044759769544558e-06,4.8590619132339364e-05,-4.089854570338503e-05,2.6055022317450494e-06,-5.049509510929382e-05,3.899406972643057e-05,1.9044759769544558e-06,2.7152023531601367e-05
B_tbl_minus_hqql,mod.blocks.2.attn.h1,charged_hadron<-muon,0.005490496288985014,1.8069962607114576e-05,0.0,0.0,0.0,1.8069962607114576e-05,1.8069962607114576e-05,1.8069962607114576e-05,2.7104943910671864e-05
signed_hqql_tbl,mod.blocks.0.attn.h4,electron<-muon,0.0010485528036952019,1.690684621280525e-05,-3.4342676826781826e-06,0.0,0.0,2.034111389548343e-05,1.690684621280525e-05,1.690684621280525e-05,2.7077403160546965e-05
signed_hqql_tbl,mod.blocks.4.attn.h4,electron<-charged_hadron,0.02708624205773785,-1.2818873691295657e-05,1.567319515302326e-05,1.8916944518214328e-06,2.0068255253136157e-08,-2.8492068844318915e-05,-1.471056814311709e-05,1.2818873691295657e-05,2.7064908113455114e-05
B_tbl_minus_hqql,mod.blocks.2.attn.h1,muon<-muon,0.0003066648787353188,-1.800782592908945e-05,0.0,0.0,0.0,-1.800782592908945e-05,-1.800782592908945e-05,1.800782592908945e-05,2.7011738893634174e-05
signed_hqql_tbl,mod.blocks.0.attn.h6,charged_hadron<-photon,0.021830024504372318,-1.3909589957633093e-05,-4.004943155319187e-05,-1.7610618060310243e-05,-2.086534542398459e-05,2.613984159555878e-05,3.7010281026771498e-06,1.3909589957633093e-05,2.6979510755412485e-05
B_tbl_minus_hqql,mod.blocks.4.attn.h0,photon<-electron,0.014960814782274448,1.7959641446965194e-05,0.0,0.0,0.0,1.7959641446965194e-05,1.7959641446965194e-05,1.7959641446965194e-05,2.693946217044779e-05
signed_hqql_tbl,mod.blocks.3.attn.h3,photon<-charged_hadron,0.021730813864405483,4.4294502634548645e-06,-4.059024954318536e-05,-7.286316860042068e-06,-1.0675456037479466e-05,4.5019699806640225e-05,1.1715767123496933e-05,4.4294502634548645e-06,2.6939300166774978e-05
signed_hqql_tbl,mod.blocks.5.attn.h6,electron<-muon,0.009663522243499756,2.0316128939157352e-05,7.155476396292215e-06,0.0,0.0,1.3160652542865137e-05,2.0316128939157352e-05,2.0316128939157352e-05,2.689645521058992e-05
signed_hqql_tbl,mod.blocks.1.attn.h0,neutral_hadron<-charged_hadron,0.025167274007610246,1.2597866687031478e-05,-1.5993698012354626e-05,-4.560930495418796e-06,-1.0413075073195161e-05,2.8591564699386106e-05,1.7158797182450274e-05,1.2597866687031478e-05,2.6893649036724533e-05
signed_hqql_tbl,mod.blocks.1.attn.h7,charged_hadron<-photon,0.016252950462284012,-1.079256756361391e-05,2.1402093509117647e-05,-2.1560304163141583e-05,2.7248349831253447e-05,-3.219466107273156e-05,1.0767736599527672e-05,1.079256756361391e-05,2.6889898099979693e-05
B_tbl_minus_hqql,mod.blocks.7.attn.h0,photon<-neutral_hadron,0.015303853039918344,-1.788000445185132e-05,0.0,0.0,0.0,-1.788000445185132e-05,-1.788000445185132e-05,1.788000445185132e-05,2.682000667777698e-05
B_tbl_minus_hqql,mod.blocks.1.attn.h1,electron<-charged_hadron,0.021184473520233518,1.786692618701463e-05,0.0,0.0,0.0,1.786692618701463e-05,1.786692618701463e-05,1.786692618701463e-05,2.6800389280521945e-05
signed_hqql_tbl,mod.blocks.7.attn.h3,electron<-electron,0.010057367371372392,-1.2112228056650033e-05,1.713396512417059e-05,-5.008949871737611e-06,1.7834058667176578e-06,-2.9246193180820625e-05,-7.103278184912422e-06,1.2112228056650033e-05,2.6735324647060348e-05
signed_hqql_tbl,mod.blocks.5.attn.h4,electron<-charged_hadron,0.035421939832823615,2.3387735945150434e-05,1.672860473098064e-05,-7.687734798581779e-05,3.5234095121268184e-05,6.659131214169794e-06,0.00010026508393096823,2.3387735945150434e-05,2.6717301552235333e-05
signed_hqql_tbl,mod.blocks.2.attn.h7,charged_hadron<-charged_hadron,0.024232141672629732,-1.1230958590604991e-05,1.9719610805188372e-05,-2.2857861465701005e-05,1.1042236401534169e-05,-3.0950569395793366e-05,1.1626902875096014e-05,1.1230958590604991e-05,2.6706243288501674e-05
signed_hqql_tbl,mod.blocks.1.attn.h7,charged_hadron<-neutral_hadron,0.0217696873747668,-1.3232039886393718e-05,1.3666081220059762e-05,-1.3600275341930613e-05,7.627922000088711e-06,-2.6898121106453478e-05,3.6823545553689575e-07,1.3232039886393718e-05,2.6681100439620458e-05
B_tbl_minus_hqql,mod.blocks.7.attn.h3,photon<-photon,0.018568699354898497,-1.7787199961166495e-05,0.0,0.0,0.0,-1.7787199961166495e-05,-1.7787199961166495e-05,1.7787199961166495e-05,2.6680799941749745e-05
signed_hqql_tbl,mod.blocks.4.attn.h7,neutral_hadron<-muon,0.022100988030433654,-1.2967163638677447e-05,1.436177990399301e-05,-0.0002626283385325223,-3.564959196309145e-05,-2.7328943542670458e-05,0.0002496611748938449,1.2967163638677447e-05,2.6631635410012675e-05
signed_hqql_tbl,mod.blocks.4.attn.h3,electron<-charged_hadron,0.026183841483933584,-1.1401777945658459e-05,-4.184176672645139e-05,-1.916264440735866e-05,3.8286815397441386e-05,3.0439988780792928e-05,7.760866461700203e-06,1.1401777945658459e-05,2.662177233605492e-05
B_tbl_minus_hqql,mod.blocks.5.attn.h3,electron<-photon,0.016985744480195086,1.7722272202921503e-05,0.0,0.0,0.0,1.7722272202921503e-05,1.7722272202921503e-05,1.7722272202921503e-05,2.6583408304382254e-05
signed_hqql_tbl,mod.blocks.2.attn.h6,muon<-electron,0.006914559751749039,-1.8560596799943596e-05,-3.4574619348859414e-05,0.0,0.0,1.601402254891582e-05,-1.8560596799943596e-05,1.8560596799943596e-05,2.6567608074401505e-05
signed_hqql_tbl,mod.blocks.7.attn.h4,photon<-electron,0.010946979549357562,8.885568974168623e-06,-2.6393913598170643e-05,-2.9917838609045636e-06,1.839798642322421e-06,3.5279482572339265e-05,1.1877352835073185e-05,8.885568974168623e-06,2.6525310260338255e-05
B_tbl_minus_hqql,mod.blocks.0.attn.h0,charged_hadron<-charged_hadron,0.02179040839385699,-1.7641653327005518e-05,0.0,0.0,0.0,-1.7641653327005518e-05,-1.7641653327005518e-05,1.7641653327005518e-05,2.6462479990508276e-05
signed_hqql_tbl,mod.blocks.2.attn.h0,neutral_hadron<-charged_hadron,0.025439783505031042,1.270328368763348e-05,-1.470947714087733e-05,-1.46061342327564e-05,-6.381764539337858e-06,2.741276082851081e-05,2.7309417920389883e-05,1.270328368763348e-05,2.6409664101888886e-05
signed_hqql_tbl,mod.blocks.1.attn.h7,photon<-photon,0.01457203383646979,-1.3534388684650085e-05,1.217159086230154e-05,-1.2570874442321795e-05,3.400521998418835e-06,-2.5705979546951624e-05,-9.635142423282896e-07,1.3534388684650085e-05,2.6387378458125898e-05
signed_hqql_tbl,mod.blocks.3.attn.h1,electron<-charged_hadron,0.021539948525882903,2.955738247172641e-07,5.247400241029082e-05,9.215862628061795e-05,-3.127745119854808e-05,-5.217842858557355e-05,-9.186305245590069e-05,2.955738247172641e-07,2.638478811750404e-05
signed_hqql_tbl,mod.blocks.1.attn.h1,photon<-charged_hadron,0.02308038815399734,1.391345984235208e-05,3.8829387081641985e-05,5.280909294466015e-06,7.536057001857902e-06,-2.4915927239289905e-05,8.632550547886065e-06,1.391345984235208e-05,2.637142346199703e-05
signed_hqql_tbl,mod.blocks.5.attn.h0,electron<-electron,3.692059357894727e-06,2.444296356059657e-08,5.267707247913478e-05,8.429344555693774e-09,-4.2374613684614816e-08,-5.265262951557418e-05,1.6013619004902797e-08,2.444296356059657e-08,2.6350757721347685e-05
signed_hqql_tbl,mod.blocks.7.attn.h5,neutral_hadron<-photon,0.023626369398993416,-1.4046323590856022e-05,1.0516819376694104e-05,-7.02752727898892e-06,5.760812821503661e-06,-2.4563142967550127e-05,-7.018796311867102e-06,1.4046323590856022e-05,2.6327895074631086e-05
B_tbl_minus_hqql,mod.blocks.5.attn.h5,photon<-electron,0.01803206361648513,1.7529343798135717e-05,0.0,0.0,0.0,1.7529343798135717e-05,1.7529343798135717e-05,1.7529343798135717e-05,2.6294015697203577e-05
B_tbl_minus_hqql,mod.blocks.4.attn.h5,charged_hadron<-charged_hadron,0.02485474843489296,1.7496704357007906e-05,0.0,0.0,0.0,1.7496704357007906e-05,1.7496704357007906e-05,1.7496704357007906e-05,2.6245056535511858e-05
B_tbl_minus_hqql,mod.blocks.0.attn.h1,photon<-charged_hadron,0.023236868148728784,1.7486654884724786e-05,0.0,0.0,0.0,1.7486654884724786e-05,1.7486654884724786e-05,1.7486654884724786e-05,2.622998232708718e-05
signed_hqql_tbl,mod.blocks.7.attn.h0,charged_hadron<-electron,0.00836384314156714,-1.595146646390536e-06,4.763535041340881e-05,-1.3567947504249797e-05,-3.930613165721297e-06,-4.923049705979934e-05,1.1972800857859262e-05,1.595146646390536e-06,2.6210395176290208e-05
signed_hqql_tbl,mod.blocks.3.attn.h4,neutral_hadron<-electron,0.010888767463189584,2.1384150992768507e-05,3.0994332375580836e-05,3.488802210995345e-05,3.060700328205712e-05,-9.610181382812329e-06,-1.3503871117184943e-05,2.1384150992768507e-05,2.618924168417467e-05
signed_hqql_tbl,mod.blocks.3.attn.h5,neutral_hadron<-photon,0.018581954583216584,7.846942883409856e-06,-2.8829943934423323e-05,3.090754857027673e-06,-3.316061360111064e-05,3.6676886817833177e-05,4.756188026382182e-06,7.846942883409856e-06,2.6185386292326442e-05
B_tbl_minus_hqql,mod.blocks.5.attn.h0,charged_hadron<-electron,0.00647491394054322,1.7448561092827558e-05,0.0,0.0,0.0,1.7448561092827558e-05,1.7448561092827558e-05,1.7448561092827558e-05,2.617284163924134e-05
B_tbl_minus_hqql,mod.blocks.6.attn.h5,muon<-photon,0.01519971489906311,-1.7352862050756813e-05,0.0,0.0,0.0,-1.7352862050756813e-05,-1.7352862050756813e-05,1.7352862050756813e-05,2.602929307613522e-05
B_tbl_minus_hqql,mod.blocks.6.attn.h2,electron<-neutral_hadron,0.0044495684129220465,1.7346389271282265e-05,0.0,0.0,0.0,1.7346389271282265e-05,1.7346389271282265e-05,1.7346389271282265e-05,2.60195839069234e-05
B_tbl_minus_hqql,mod.blocks.0.attn.h7,charged_hadron<-neutral_hadron,0.025382623018002978,-1.7344296149419053e-05,0.0,0.0,0.0,-1.7344296149419053e-05,-1.7344296149419053e-05,1.7344296149419053e-05,2.601644422412858e-05
B_tbl_minus_hqql,mod.blocks.6.attn.h7,photon<-neutral_hadron,0.022085618759235596,-1.733618016319032e-05,0.0,0.0,0.0,-1.733618016319032e-05,-1.733618016319032e-05,1.733618016319032e-05,2.600427024478548e-05
B_tbl_minus_hqql,mod.blocks.3.attn.h2,photon<-photon,0.013617561163926546,1.7217197756870322e-05,0.0,0.0,0.0,1.7217197756870322e-05,1.7217197756870322e-05,1.7217197756870322e-05,2.5825796635305483e-05
B_tbl_minus_hqql,mod.blocks.0.attn.h5,photon<-neutral_hadron,0.011275064150991866,1.7203003742353373e-05,0.0,0.0,0.0,1.7203003742353373e-05,1.7203003742353373e-05,1.7203003742353373e-05,2.580450561353006e-05
signed_hqql_tbl,mod.blocks.2.attn.h6,neutral_hadron<-neutral_hadron,0.01984259394783771,-2.4363986219706007e-06,-4.9169893712090806e-05,3.0741983186341284e-05,-4.234086022442079e-05,4.673349509012021e-05,-3.317838180831188e-05,2.4363986219706007e-06,2.5803146167030706e-05
B_tbl_minus_hqql,mod.blocks.0.attn.h4,charged_hadron<-neutral_hadron,0.03638443112039432,1.718288532742599e-05,0.0,0.0,0.0,1.718288532742599e-05,1.718288532742599e-05,1.718288532742599e-05,2.5774327991138983e-05
signed_hqql_tbl,mod.blocks.6.attn.h1,neutral_hadron<-neutral_hadron,0.0158846886049895,4.574175335858213e-06,-3.7803335375118285e-05,-8.629222061405788e-06,4.16581485438622e-06,4.23775107109765e-05,1.3203397397264e-05,4.574175335858213e-06,2.576293069134646e-05
B_tbl_minus_hqql,mod.blocks.1.attn.h3,charged_hadron<-neutral_hadron,0.01754059814939312,-1.7165046717439378e-05,0.0,0.0,0.0,-1.7165046717439378e-05,-1.7165046717439378e-05,1.7165046717439378e-05,2.5747570076159065e-05
B_tbl_minus_hqql,mod.blocks.5.attn.h5,charged_hadron<-charged_hadron,0.024710756181937413,1.71604151377536e-05,0.0,0.0,0.0,1.71604151377536e-05,1.71604151377536e-05,1.71604151377536e-05,2.5740622706630398e-05
B_tbl_minus_hqql,mod.blocks.2.attn.h7,charged_hadron<-photon,0.018609984633138867,-1.7140891879381626e-05,0.0,0.0,0.0,-1.7140891879381626e-05,-1.7140891879381626e-05,1.7140891879381626e-05,2.5711337819072437e-05
signed_hqql_tbl,mod.cls_blocks.1.attn.h4,neutral_hadron<-muon,0.0,0.0,5.1380386139499024e-05,-0.000722520228009671,3.7868483104830375e-06,-5.1380386139499024e-05,0.000722520228009671,0.0,2.5690193069749512e-05
B_tbl_minus_hqql,mod.blocks.1.attn.h5,neutral_hadron<-photon,0.021295168428283155,1.7114738611203557e-05,0.0,0.0,0.0,1.7114738611203557e-05,1.7114738611203557e-05,1.7114738611203557e-05,2.5672107916805335e-05
signed_hqql_tbl,mod.blocks.5.attn.h4,muon<-neutral_hadron,0.002465401962399483,9.497707651462406e-06,-2.2821366731780774e-05,7.594950147904456e-06,-7.113401685880187e-05,3.2319074383243177e-05,1.9027575035579503e-06,9.497707651462406e-06,2.5657244843083994e-05
B_tbl_minus_hqql,mod.blocks.4.attn.h7,muon<-charged_hadron,0.021705739200115204,1.7072221453418024e-05,0.0,0.0,0.0,1.7072221453418024e-05,1.7072221453418024e-05,1.7072221453418024e-05,2.5608332180127036e-05
signed_hqql_tbl,mod.blocks.5.attn.h5,neutral_hadron<-charged_hadron,0.027604342775852407,-1.6868908410886673e-05,5.381197622426156e-07,6.720713514039551e-07,-3.919306347288767e-06,-1.7407028173129287e-05,-1.7540979762290628e-05,1.6868908410886673e-05,2.5572422497451316e-05
signed_hqql_tbl,mod.blocks.7.attn.h5,photon<-neutral_hadron,0.00683827231808476,1.136817859387257e-05,-1.6985503458831788e-05,1.3431243724403599e-05,-3.2824475885127375e-05,2.835368205270436e-05,-2.063065130531028e-06,1.136817859387257e-05,2.554501962022475e-05
signed_hqql_tbl,mod.blocks.7.attn.h7,photon<-muon,0.018253989219665527,2.3323376663029194e-05,2.7730178676153483e-05,-8.028435418271415e-07,0.00010482020877589093,-4.40680201312429e-06,2.4126220204856335e-05,2.3323376663029194e-05,2.552677766959134e-05
signed_hqql_tbl,mod.blocks.0.attn.h1,photon<-photon,0.013740402804417226,-1.2892972392326098e-05,1.2352742242062985e-05,-3.0921584397724635e-06,1.3582159733780422e-05,-2.5245714634389083e-05,-9.800813952553635e-06,1.2892972392326098e-05,2.551582970952064e-05
B_tbl_minus_hqql,mod.blocks.0.attn.h4,electron<-muon,0.0010485528036952019,1.6906818927964196e-05,0.0,0.0,0.0,1.6906818927964196e-05,1.6906818927964196e-05,1.6906818927964196e-05,2.5360228391946293e-05
B_tbl_minus_hqql,mod.blocks.1.attn.h4,neutral_hadron<-electron,0.010424272329718978,1.690570745806865e-05,0.0,0.0,0.0,1.690570745806865e-05,1.690570745806865e-05,1.690570745806865e-05,2.5358561187102976e-05
B_tbl_minus_hqql,mod.blocks.5.attn.h5,neutral_hadron<-charged_hadron,0.027604342508716743,-1.6868902312941244e-05,0.0,0.0,0.0,-1.6868902312941244e-05,-1.6868902312941244e-05,1.6868902312941244e-05,2.5303353469411867e-05
signed_hqql_tbl,mod.blocks.6.attn.h6,neutral_hadron<-charged_hadron,0.031198178486329834,-1.3848947519593004e-05,9.056269437775362e-06,-7.725501815964008e-07,1.0793926637000636e-05,-2.2905216957368366e-05,-1.3076397337996603e-05,1.3848947519593004e-05,2.5301555998277187e-05
B_tbl_minus_hqql,mod.blocks.3.attn.h1,neutral_hadron<-muon,0.00803297758102417,-1.6865429643075913e-05,0.0,0.0,0.0,-1.6865429643075913e-05,-1.6865429643075913e-05,1.6865429643075913e-05,2.529814446461387e-05
signed_hqql_tbl,mod.blocks.7.attn.h2,electron<-electron,1.2479700899348245e-06,7.55276483330489e-10,5.057963731779774e-05,-5.43312118850281e-06,-9.778058251974642e-09,-5.0578882041314413e-05,5.43387646498614e-06,7.55276483330489e-10,2.5290196297140536e-05
B_tbl_minus_hqql,mod.blocks.5.attn.h5,muon<-charged_hadron,0.02552654780447483,-1.679681554378476e-05,0.0,0.0,0.0,-1.679681554378476e-05,-1.679681554378476e-05,1.679681554378476e-05,2.519522331567714e-05
signed_hqql_tbl,mod.blocks.4.attn.h0,photon<-electron,0.014960817568670444,1.7959641565273447e-05,3.238130216400518e-05,-4.485040179653359e-05,8.858073488227092e-05,-1.4421660598731736e-05,6.281004336180704e-05,1.7959641565273447e-05,2.5170471864639313e-05
B_tbl_minus_hqql,mod.blocks.4.attn.h3,muon<-charged_hadron,0.03175441920757294,-1.674816849117633e-05,0.0,0.0,0.0,-1.674816849117633e-05,-1.674816849117633e-05,1.674816849117633e-05,2.5122252736764494e-05
signed_hqql_tbl,mod.blocks.5.attn.h7,muon<-photon,0.0021277594566345213,-1.2462931917980314e-05,1.2850132311302187e-05,2.0460954623385553e-05,5.3650305744668e-06,-2.5313064229282503e-05,-3.292388654136587e-05,1.2462931917980314e-05,2.5119464032621567e-05
signed_hqql_tbl,mod.blocks.1.attn.h0,neutral_hadron<-photon,0.017572725665861523,8.413282716658499e-06,-2.4972992711361936e-05,1.8091233033655405e-05,-3.903759498278014e-05,3.338627542802043e-05,-9.677950316996906e-06,8.413282716658499e-06,2.5106420430668714e-05
signed_hqql_tbl,mod.blocks.6.attn.h2,electron<-electron,0.00024808133007859904,4.0331235334139455e-07,4.974315431666154e-05,2.744634239585745e-06,7.740605383332877e-08,-4.9339841963320146e-05,-2.3413218862443503e-06,4.0331235334139455e-07,2.507323333500147e-05
signed_hqql_tbl,mod.blocks.5.attn.h2,neutral_hadron<-neutral_hadron,0.019426915911205215,1.3490695600055125e-05,-9.639832519415799e-06,8.339526768559578e-06,9.600473155083947e-06,2.3130528119470922e-05,5.151168831495547e-06,1.3490695600055125e-05,2.5055959659790588e-05
B_tbl_minus_hqql,mod.blocks.2.attn.h0,photon<-electron,0.00820297281431958,-1.6698097702252066e-05,0.0,0.0,0.0,-1.6698097702252066e-05,-1.6698097702252066e-05,1.6698097702252066e-05,2.50471465533781e-05
signed_hqql_tbl,mod.blocks.4.attn.h3,charged_hadron<-charged_hadron,0.027024094098123324,-9.058678669529323e-06,2.2905110460842142e-05,-2.47120202096762e-06,6.883741594017713e-06,-3.1963789130371466e-05,-6.587476648561703e-06,9.058678669529323e-06,2.5040573234715057e-05
B_tbl_minus_hqql,mod.blocks.3.attn.h6,photon<-neutral_hadron,0.008349077646122423,-1.666338411572499e-05,0.0,0.0,0.0,-1.666338411572499e-05,-1.666338411572499e-05,1.666338411572499e-05,2.4995076173587485e-05
signed_hqql_tbl,mod.blocks.2.attn.h1,neutral_hadron<-neutral_hadron,0.014017250365959327,-7.498861466091676e-06,2.7317979968787944e-05,-3.377632195508247e-05,3.810932782780082e-05,-3.481684143487962e-05,2.6277460488990793e-05,7.498861466091676e-06,2.4907282183531486e-05
B_tbl_minus_hqql,mod.blocks.4.attn.h6,photon<-muon,0.005985632538795471,1.6603907570242883e-05,0.0,0.0,0.0,1.6603907570242883e-05,1.6603907570242883e-05,1.6603907570242883e-05,2.4905861355364326e-05
B_tbl_minus_hqql,mod.blocks.4.attn.h3,charged_hadron<-neutral_hadron,0.010938794105326763,1.6599489581061616e-05,0.0,0.0,0.0,1.6599489581061616e-05,1.6599489581061616e-05,1.6599489581061616e-05,2.4899234371592426e-05
signed_hqql_tbl,mod.blocks.7.attn.h2,photon<-photon,0.012243975496905823,8.051368878374924e-06,-2.5555752217769622e-05,4.209661750272918e-06,-1.3347717226915074e-05,3.3607121096144544e-05,3.841707128102006e-06,8.051368878374924e-06,2.4854929426447198e-05
signed_hqql_tbl,mod.blocks.4.attn.h5,charged_hadron<-charged_hadron,0.02485474843489296,1.7496709821967158e-05,3.0269932116018995e-06,-1.1677767149317207e-05,-6.669163157501584e-06,1.4469716610365259e-05,2.9174476971284364e-05,1.7496709821967158e-05,2.4731568127149787e-05
B_tbl_minus_hqql,mod.blocks.0.attn.h4,photon<-neutral_hadron,0.017272298512857415,1.6476402884677913e-05,0.0,0.0,0.0,1.6476402884677913e-05,1.6476402884677913e-05,1.6476402884677913e-05,2.471460432701687e-05
signed_hqql_tbl,mod.blocks.1.attn.h4,neutral_hadron<-charged_hadron,0.030662569946267693,1.4841651425929088e-05,-4.888509932399538e-06,1.0498193657793215e-05,-3.3947874655581935e-05,1.9730161358328624e-05,4.343457768135873e-06,1.4841651425929088e-05,2.47067321050934e-05
B_tbl_minus_hqql,mod.blocks.1.attn.h2,muon<-neutral_hadron,0.007538799196481705,-1.6466426313854753e-05,0.0,0.0,0.0,-1.6466426313854753e-05,-1.6466426313854753e-05,1.6466426313854753e-05,2.4699639470782128e-05
signed_hqql_tbl,mod.blocks.1.attn.h2,charged_hadron<-electron,0.014257367700338364,-3.101352679853638e-07,4.8343912754772285e-05,-9.365554700937422e-05,-4.19935816898942e-05,-4.865404802275765e-05,9.334541174138886e-05,3.101352679853638e-07,2.4637159279364188e-05
signed_hqql_tbl,mod.blocks.1.attn.h5,neutral_hadron<-photon,0.021295167266910442,1.7114749019801626e-05,2.0852227545014767e-06,3.1296463563758976e-06,2.6447855880562687e-06,1.5029526265300148e-05,1.3985102663425728e-05,1.7114749019801626e-05,2.46295121524517e-05
signed_hqql_tbl,mod.blocks.5.attn.h7,electron<-neutral_hadron,0.007921677496698167,-6.838649521038557e-06,-4.2328697178929454e-05,-9.188082098262385e-05,-2.1670481828550692e-05,3.54900476578909e-05,8.504217146158529e-05,6.838649521038557e-06,2.4583673349984008e-05
B_tbl_minus_hqql,mod.blocks.2.attn.h4,muon<-neutral_hadron,0.009885197132825851,-1.6370118828490376e-05,0.0,0.0,0.0,-1.6370118828490376e-05,-1.6370118828490376e-05,1.6370118828490376e-05,2.4555178242735565e-05
B_tbl_minus_hqql,mod.blocks.3.attn.h4,charged_hadron<-electron,0.011142947311912264,-1.634792750424129e-05,0.0,0.0,0.0,-1.634792750424129e-05,-1.634792750424129e-05,1.634792750424129e-05,2.4521891256361933e-05
B_tbl_minus_hqql,mod.blocks.3.attn.h7,charged_hadron<-charged_hadron,0.025802750920836413,-1.6341136553193484e-05,0.0,0.0,0.0,-1.6341136553193484e-05,-1.6341136553193484e-05,1.6341136553193484e-05,2.4511704829790225e-05
signed_hqql_tbl,mod.blocks.3.attn.h7,photon<-photon,0.0160699371662157,-9.241705465296925e-06,2.1270669657787702e-05,-5.037509836633802e-06,2.9495123543213113e-05,-3.051237512308463e-05,-4.204195628663123e-06,9.241705465296925e-06,2.4497893026839237e-05
signed_hqql_tbl,mod.blocks.5.attn.h6,electron<-electron,9.790838602283556e-05,-3.125029167784356e-07,-4.86777705301783e-05,9.338270648603005e-07,-5.1457191219128615e-08,4.836526761339987e-05,-1.2463299816387362e-06,3.125029167784356e-07,2.449513672347837e-05
signed_hqql_tbl,mod.blocks.7.attn.h0,electron<-neutral_hadron,0.005469730744759242,-8.88795518592276e-06,2.2319065225785477e-05,-6.141402085631854e-05,6.549504723807331e-05,-3.120702041170824e-05,5.2526065670395776e-05,8.88795518592276e-06,2.449146539177688e-05
B_tbl_minus_hqql,mod.blocks.7.attn.h2,electron<-charged_hadron,0.02222204634121486,-1.631551848341977e-05,0.0,0.0,0.0,-1.631551848341977e-05,-1.631551848341977e-05,1.631551848341977e-05,2.4473277725129658e-05
signed_hqql_tbl,mod.blocks.6.attn.h1,photon<-neutral_hadron,0.01847435651074259,-1.8113674359609174e-05,-5.519354621381904e-06,-6.0781936283290205e-06,-5.459388705325802e-06,-1.259431973822727e-05,-1.2035480731280154e-05,1.8113674359609174e-05,2.441083422872281e-05
signed_hqql_tbl,mod.blocks.0.attn.h5,charged_hadron<-electron,0.013115102159125465,-1.0728040554871162e-05,1.648772493795012e-05,1.9234435528452542e-05,-8.274238789454102e-05,-2.721576549282128e-05,-2.9962476083323706e-05,1.0728040554871162e-05,2.43359233012818e-05
signed_hqql_tbl,mod.blocks.5.attn.h2,charged_hadron<-charged_hadron,0.024878472325432863,1.4912922524074281e-05,-3.8014204959421726e-06,1.9098843746567896e-05,-9.831638937682017e-06,1.8714343020016455e-05,-4.1859212224936145e-06,1.4912922524074281e-05,2.427009403408251e-05
signed_hqql_tbl,mod.cls_blocks.0.attn.h5,neutral_hadron<-CLS,0.0006941906176507473,1.1146566976094618e-05,3.731755059561692e-05,0.0,0.0,-2.61709836195223e-05,1.1146566976094618e-05,1.1146566976094618e-05,2.423205878585577e-05
B_tbl_minus_hqql,mod.blocks.0.attn.h7,muon<-charged_hadron,0.01326238177716732,-1.6147248970810324e-05,0.0,0.0,0.0,-1.6147248970810324e-05,-1.6147248970810324e-05,1.6147248970810324e-05,2.4220873456215486e-05
B_tbl_minus_hqql,mod.blocks.2.attn.h3,photon<-photon,0.02458541702275075,-1.612543562592744e-05,0.0,0.0,0.0,-1.612543562592744e-05,-1.612543562592744e-05,1.612543562592744e-05,2.418815343889116e-05
B_tbl_minus_hqql,mod.blocks.3.attn.h6,neutral_hadron<-muon,0.006729009747505188,-1.6118292114697398e-05,0.0,0.0,0.0,-1.6118292114697398e-05,-1.6118292114697398e-05,1.6118292114697398e-05,2.4177438172046097e-05
B_tbl_minus_hqql,mod.blocks.3.attn.h3,electron<-charged_hadron,0.026298631514821733,-1.6076524930429602e-05,0.0,0.0,0.0,-1.6076524930429602e-05,-1.6076524930429602e-05,1.6076524930429602e-05,2.4114787395644403e-05
signed_hqql_tbl,mod.blocks.5.attn.h6,neutral_hadron<-electron,0.006182024945263509,2.9666276801705223e-06,-3.9138325088348016e-05,8.314010265166872e-06,-5.093858732152512e-05,4.2104952768518536e-05,-5.34738258499635e-06,2.9666276801705223e-06,2.401910406442979e-05
signed_hqql_tbl,mod.blocks.6.attn.h0,electron<-electron,1.2320125707769118e-06,1.6738456870557528e-09,-4.8015406792190204e-05,3.4335528494485365e-09,3.831758972339117e-08,4.801708063787726e-05,-1.7597071623927838e-09,1.6738456870557528e-09,2.4010214164625686e-05
signed_hqql_tbl,mod.blocks.6.attn.h5,charged_hadron<-charged_hadron,0.022966841854144777,1.5400836445990628e-05,-1.8125131201973934e-06,7.136042650495138e-06,-1.4688010170834593e-05,1.721334956618802e-05,8.26479379549549e-06,1.5400836445990628e-05,2.4007511229084638e-05
signed_hqql_tbl,mod.blocks.6.attn.h0,neutral_hadron<-muon,0.009772110730409622,3.682608075905591e-06,-3.693667243472495e-05,-2.705682391024311e-06,3.893827346877919e-06,4.061928051063054e-05,6.388290466929903e-06,3.682608075905591e-06,2.399224833122086e-05
signed_hqql_tbl,mod.blocks.2.attn.h3,neutral_hadron<-photon,0.021815769069978532,-1.3223418780154121e-05,8.288023406994907e-06,-9.698516436864316e-06,1.7151181943338077e-06,-2.151144218714903e-05,-3.524902343289805e-06,1.3223418780154121e-05,2.3979139873728636e-05
signed_hqql_tbl,mod.blocks.2.attn.h5,charged_hadron<-neutral_hadron,0.012528925649926108,-8.194013374808038e-06,-3.962949289056081e-05,8.1540013002179e-07,-2.306614232893039e-05,3.143547951575277e-05,-9.009413504829828e-06,8.194013374808038e-06,2.391175313268442e-05
signed_hqql_tbl,mod.blocks.7.attn.h0,neutral_hadron<-neutral_hadron,0.013239828186237527,-9.179186821088069e-06,2.026427506548857e-05,-1.9750869526364145e-05,1.0900220089050172e-05,-2.9443461886576637e-05,1.0571682705276076e-05,9.179186821088069e-06,2.390091776437639e-05
signed_hqql_tbl,mod.blocks.7.attn.h3,neutral_hadron<-photon,0.018034445310373265,-7.67440039466652e-06,2.4724349009619052e-05,-7.568976415973747e-06,2.2578407498057267e-05,-3.239874940428557e-05,-1.0542397869277324e-07,7.67440039466652e-06,2.3873775096809306e-05
B_tbl_minus_hqql,mod.blocks.0.attn.h6,charged_hadron<-charged_hadron,0.01978062610786623,1.590528792639823e-05,0.0,0.0,0.0,1.590528792639823e-05,1.590528792639823e-05,1.590528792639823e-05,2.3857931889597344e-05
signed_hqql_tbl,mod.blocks.6.attn.h5,photon<-charged_hadron,0.024154418882505527,1.5030336023334163e-05,-2.621770459861087e-06,8.3743402139888e-06,-8.241797776714388e-06,1.765210648319525e-05,6.655995809345363e-06,1.5030336023334163e-05,2.3856389264931788e-05
signed_hqql_tbl,mod.blocks.3.attn.h6,electron<-neutral_hadron,0.0004370597539323003,-4.0287344791910006e-07,-4.71761739115544e-05,-1.995911996345967e-05,-9.416252169103245e-05,4.6773300463635296e-05,1.9556246515540573e-05,4.0287344791910006e-07,2.3789523679736747e-05
signed_hqql_tbl,mod.blocks.2.attn.h6,electron<-electron,0.00045784068101460836,-1.8096885822968843e-06,-4.5692359511573244e-05,5.1831755020733304e-05,1.967995654013066e-05,4.388267092927636e-05,-5.364144360303019e-05,1.8096885822968843e-06,2.3751024046935064e-05
B_tbl_minus_hqql,mod.blocks.7.attn.h7,muon<-photon,0.027363460063934326,-1.5831883065402507e-05,0.0,0.0,0.0,-1.5831883065402507e-05,-1.5831883065402507e-05,1.5831883065402507e-05,2.3747824598103763e-05
B_tbl_minus_hqql,mod.blocks.2.attn.h7,muon<-neutral_hadron,0.020959895849227906,-1.580989919602871e-05,0.0,0.0,0.0,-1.580989919602871e-05,-1.580989919602871e-05,1.580989919602871e-05,2.3714848794043064e-05
B_tbl_minus_hqql,mod.blocks.7.attn.h3,electron<-photon,0.017986666138579206,-1.580280354019345e-05,0.0,0.0,0.0,-1.580280354019345e-05,-1.580280354019345e-05,1.580280354019345e-05,2.3704205310290177e-05
signed_hqql_tbl,mod.blocks.4.attn.h0,electron<-electron,0.0005247922512252342,-2.6155082998179245e-07,4.660127591904484e-05,-1.7439269270151196e-06,6.982251306908438e-06,-4.686282674902663e-05,1.4823760970333271e-06,2.6155082998179245e-07,2.369296420449511e-05
B_tbl_minus_hqql,mod.blocks.1.attn.h7,charged_hadron<-charged_hadron,0.023911887255429594,-1.5774577995405693e-05,0.0,0.0,0.0,-1.5774577995405693e-05,-1.5774577995405693e-05,1.5774577995405693e-05,2.366186699310854e-05
signed_hqql_tbl,mod.blocks.4.attn.h4,electron<-neutral_hadron,0.011324194087474435,4.076455163023503e-06,4.322774317475514e-05,8.244674536399543e-06,3.680760164570529e-05,-3.9151288011731636e-05,-4.1682193733760395e-06,4.076455163023503e-06,2.365209916888932e-05
B_tbl_minus_hqql,mod.blocks.1.attn.h4,neutral_hadron<-neutral_hadron,0.012987274764349958,-1.5755523817774032e-05,0.0,0.0,0.0,-1.5755523817774032e-05,-1.5755523817774032e-05,1.5755523817774032e-05,2.363328572666105e-05
signed_hqql_tbl,mod.blocks.0.attn.h1,charged_hadron<-charged_hadron,0.023451802660833267,1.911740284296202e-05,2.810090681876872e-05,5.003260978216172e-06,1.5865113615300336e-05,-8.9835039758067e-06,1.4114141864745846e-05,1.911740284296202e-05,2.360915483086537e-05
signed_hqql_tbl,mod.blocks.7.attn.h5,muon<-charged_hadron,0.009930434636771679,2.9009670470259152e-06,-3.825051559639784e-05,0.0004523168317973614,-5.53420131010088e-05,4.1151482643423755e-05,-0.00044941586475033546,2.9009670470259152e-06,2.3476708368737793e-05
signed_hqql_tbl,mod.blocks.6.attn.h2,photon<-charged_hadron,0.025321563084920246,5.004253840490375e-06,-3.1838194098586e-05,-3.306316101818438e-06,-5.827732024254326e-06,3.684244793907638e-05,8.310569942308812e-06,5.004253840490375e-06,2.3425477810028563e-05
B_tbl_minus_hqql,mod.blocks.0.attn.h6,photon<-charged_hadron,0.021754966038351867,1.559230740879383e-05,0.0,0.0,0.0,1.559230740879383e-05,1.559230740879383e-05,1.559230740879383e-05,2.3388461113190746e-05
signed_hqql_tbl,mod.blocks.4.attn.h1,photon<-electron,0.010569903908706293,-5.884635985291343e-07,-4.610103895646278e-05,5.57917748145493e-05,-1.897888068924658e-05,4.551257535793365e-05,-5.6380238413078436e-05,5.884635985291343e-07,2.334475127749596e-05
signed_hqql_tbl,mod.blocks.2.attn.h1,photon<-charged_hadron,0.023124742893591427,6.520342144196189e-06,4.010165329729752e-05,1.850139291199809e-05,1.0581477179317989e-05,-3.3581311153101334e-05,-1.1981050767801902e-05,6.520342144196189e-06,2.3310997720746856e-05
signed_hqql_tbl,mod.blocks.3.attn.h6,neutral_hadron<-electron,0.007819344048146848,1.3227491190600969e-05,3.315122104427964e-05,7.481077072952758e-06,5.609987624666246e-05,-1.9923729853678673e-05,5.746414117648211e-06,1.3227491190600969e-05,2.3189356117440303e-05
B_tbl_minus_hqql,mod.blocks.4.attn.h6,electron<-neutral_hadron,0.00682809910978432,1.5443996390887252e-05,0.0,0.0,0.0,1.5443996390887252e-05,1.5443996390887252e-05,1.5443996390887252e-05,2.316599458633088e-05
B_tbl_minus_hqql,mod.blocks.6.attn.h1,charged_hadron<-neutral_hadron,0.012258447051382198,-1.5438868679205367e-05,0.0,0.0,0.0,-1.5438868679205367e-05,-1.5438868679205367e-05,1.5438868679205367e-05,2.315830301880805e-05
signed_hqql_tbl,mod.blocks.6.attn.h1,photon<-charged_hadron,0.024780478730909678,-9.657319551826078e-06,1.7334065901714045e-05,2.7757983920001138e-06,9.717449459234832e-07,-2.6991385453540125e-05,-1.2433117943826192e-05,9.657319551826078e-06,2.3153012278596143e-05
signed_hqql_tbl,mod.blocks.1.attn.h1,neutral_hadron<-charged_hadron,0.027898029119026762,-3.748759040374215e-06,3.502988834910534e-05,-1.1150675391333163e-05,1.4097829218353186e-05,-3.8778647389479556e-05,7.4019163509589485e-06,3.748759040374215e-06,2.3138082735113995e-05
signed_hqql_tbl,mod.blocks.4.attn.h4,electron<-photon,0.0065963972147887314,2.6185132115435734e-06,4.3621788467539266e-05,1.9585031882992814e-05,2.5701413505885284e-05,-4.100327525599569e-05,-1.696651867144924e-05,2.6185132115435734e-06,2.3120150839541418e-05
B_tbl_minus_hqql,mod.blocks.6.attn.h5,charged_hadron<-charged_hadron,0.02296684221325397,1.5400840215935782e-05,0.0,0.0,0.0,1.5400840215935782e-05,1.5400840215935782e-05,1.5400840215935782e-05,2.3101260323903674e-05
signed_hqql_tbl,mod.blocks.4.attn.h5,photon<-neutral_hadron,0.011147593080735221,1.4971992819576443e-05,-1.2762237744196623e-06,1.3316101894921445e-07,5.942992293125431e-06,1.6248216593996107e-05,1.483883180062723e-05,1.4971992819576443e-05,2.3096101116574495e-05
signed_hqql_tbl,mod.blocks.5.attn.h0,neutral_hadron<-charged_hadron,0.023926334287606033,1.0862237126866476e-05,3.5306554291290855e-05,8.029252615391164e-06,-2.694075534924256e-06,-2.444431716442438e-05,2.8329845114753118e-06,1.0862237126866476e-05,2.3084395709078668e-05
B_tbl_minus_hqql,mod.blocks.3.attn.h7,charged_hadron<-neutral_hadron,0.015655717963264103,-1.53641146999009e-05,0.0,0.0,0.0,-1.53641146999009e-05,-1.53641146999009e-05,1.53641146999009e-05,2.304617204985135e-05
B_tbl_minus_hqql,mod.blocks.4.attn.h1,electron<-neutral_hadron,0.023151054978370667,1.5363251535476325e-05,0.0,0.0,0.0,1.5363251535476325e-05,1.5363251535476325e-05,1.5363251535476325e-05,2.304487730321449e-05
B_tbl_minus_hqql,mod.blocks.3.attn.h6,neutral_hadron<-photon,0.020731265293135723,-1.5334082107875663e-05,0.0,0.0,0.0,-1.5334082107875663e-05,-1.5334082107875663e-05,1.5334082107875663e-05,2.3001123161813497e-05
B_tbl_minus_hqql,mod.blocks.5.attn.h5,electron<-charged_hadron,0.02249224129177275,1.5319557687256574e-05,0.0,0.0,0.0,1.5319557687256574e-05,1.5319557687256574e-05,1.5319557687256574e-05,2.2979336530884863e-05
signed_hqql_tbl,mod.blocks.7.attn.h6,muon<-photon,0.004351802766323089,-2.6611427892930805e-06,-4.327606630364531e-05,-2.050536845455922e-05,5.476278056448791e-05,4.061492351435223e-05,1.7844225665266137e-05,2.6611427892930805e-06,2.2968604546469198e-05
B_tbl_minus_hqql,mod.blocks.2.attn.h1,photon<-photon,0.016351804337933977,-1.527452528846345e-05,0.0,0.0,0.0,-1.527452528846345e-05,-1.527452528846345e-05,1.527452528846345e-05,2.2911787932695176e-05
signed_hqql_tbl,mod.blocks.5.attn.h0,neutral_hadron<-neutral_hadron,0.012586572245679429,-5.841688950799015e-06,2.8267039638431903e-05,-3.262755195944311e-06,1.2297311647479537e-05,-3.410872858923092e-05,-2.578933754854704e-06,5.841688950799015e-06,2.2896053245414475e-05
B_tbl_minus_hqql,mod.blocks.1.attn.h2,charged_hadron<-neutral_hadron,0.013951984774164794,1.5251131706117165e-05,0.0,0.0,0.0,1.5251131706117165e-05,1.5251131706117165e-05,1.5251131706117165e-05,2.287669755917575e-05
signed_hqql_tbl,mod.blocks.1.attn.h1,charged_hadron<-electron,0.0052758387866474335,-8.607602207380946e-06,1.987557175611569e-05,-0.00021592543216893213,0.0002266164682805538,-2.8483173963496635e-05,0.0002073178299615512,8.607602207380946e-06,2.2849189189129265e-05
B_tbl_minus_hqql,mod.blocks.5.attn.h4,photon<-electron,0.01809752520506944,-1.5228875530353648e-05,0.0,0.0,0.0,-1.5228875530353648e-05,-1.5228875530353648e-05,1.5228875530353648e-05,2.2843313295530474e-05
signed_hqql_tbl,mod.blocks.1.attn.h1,neutral_hadron<-neutral_hadron,0.015718573460080584,1.9120426766109677e-06,-3.9899642133653174e-05,8.79886195923043e-06,3.6462848041692016e-05,4.181168481026414e-05,-6.886819282619462e-06,1.9120426766109677e-06,2.281788508174304e-05
B_tbl_minus_hqql,mod.blocks.7.attn.h0,photon<-electron,0.010214276369509659,1.5207661913965291e-05,0.0,0.0,0.0,1.5207661913965291e-05,1.5207661913965291e-05,1.5207661913965291e-05,2.2811492870947935e-05
B_tbl_minus_hqql,mod.blocks.5.attn.h2,charged_hadron<-muon,0.0068216449581086636,-1.5192442333500367e-05,0.0,0.0,0.0,-1.5192442333500367e-05,-1.5192442333500367e-05,1.5192442333500367e-05,2.278866350025055e-05
B_tbl_minus_hqql,mod.blocks.5.attn.h2,muon<-photon,0.016200716495513915,1.5181959606707095e-05,0.0,0.0,0.0,1.5181959606707095e-05,1.5181959606707095e-05,1.5181959606707095e-05,2.2772939410060644e-05
signed_hqql_tbl,mod.blocks.5.attn.h6,neutral_hadron<-charged_hadron,0.030036888536618872,-1.2923748945264298e-05,6.769070229679542e-06,-1.1886969333596472e-06,3.190655925127976e-06,-1.969281917494384e-05,-1.1735052011904651e-05,1.2923748945264298e-05,2.2770158532736218e-05
B_tbl_minus_hqql,mod.blocks.5.attn.h6,electron<-photon,0.01064724596292992,-1.515587578845642e-05,0.0,0.0,0.0,-1.515587578845642e-05,-1.515587578845642e-05,1.515587578845642e-05,2.273381368268463e-05
B_tbl_minus_hqql,mod.blocks.1.attn.h3,photon<-neutral_hadron,0.01085223077716204,1.5139979717384914e-05,0.0,0.0,0.0,1.5139979717384914e-05,1.5139979717384914e-05,1.5139979717384914e-05,2.270996957607737e-05
signed_hqql_tbl,mod.blocks.5.attn.h4,electron<-electron,0.012635594149792774,1.4145144430383678e-05,3.125784745172666e-05,-3.1272941024932756e-05,0.00012785030849045144,-1.7112703021342985e-05,4.541808545531643e-05,1.4145144430383678e-05,2.270149594105517e-05
B_tbl_minus_hqql,mod.blocks.0.attn.h5,neutral_hadron<-electron,0.0028617126453253957,-1.5128840324770729e-05,0.0,0.0,0.0,-1.5128840324770729e-05,-1.5128840324770729e-05,1.5128840324770729e-05,2.2693260487156094e-05
B_tbl_minus_hqql,mod.blocks.7.attn.h4,charged_hadron<-electron,0.012630164179773558,1.5101736131501162e-05,0.0,0.0,0.0,1.5101736131501162e-05,1.5101736131501162e-05,1.5101736131501162e-05,2.2652604197251742e-05
signed_hqql_tbl,mod.blocks.0.attn.h4,charged_hadron<-photon,0.02458363888513002,-8.469462844100364e-06,1.9864601926745482e-05,4.989792424921943e-06,1.2522860248030231e-05,-2.8334064770845846e-05,-1.3459255269022308e-05,8.469462844100364e-06,2.2636495229523288e-05
B_tbl_minus_hqql,mod.blocks.3.attn.h2,neutral_hadron<-charged_hadron,0.016451921215912206,-1.5066560748794979e-05,0.0,0.0,0.0,-1.5066560748794979e-05,-1.5066560748794979e-05,1.5066560748794979e-05,2.2599841123192467e-05
B_tbl_minus_hqql,mod.blocks.4.attn.h0,neutral_hadron<-charged_hadron,0.02391273948658748,1.5065962995248599e-05,0.0,0.0,0.0,1.5065962995248599e-05,1.5065962995248599e-05,1.5065962995248599e-05,2.25989444928729e-05
B_tbl_minus_hqql,mod.blocks.7.attn.h4,muon<-charged_hadron,0.005019559059292078,-1.5063353203004226e-05,0.0,0.0,0.0,-1.5063353203004226e-05,-1.5063353203004226e-05,1.5063353203004226e-05,2.259502980450634e-05
B_tbl_minus_hqql,mod.blocks.6.attn.h5,photon<-charged_hadron,0.02415441902024012,1.503033783917107e-05,0.0,0.0,0.0,1.503033783917107e-05,1.503033783917107e-05,1.503033783917107e-05,2.2545506758756606e-05
signed_hqql_tbl,mod.blocks.6.attn.h0,charged_hadron<-neutral_hadron,0.012878029486712288,-1.8012354025520718e-06,3.953625890769818e-05,1.5238999141989179e-06,1.8316715858386958e-05,-4.133749431025025e-05,-3.32513531675099e-06,1.8012354025520718e-06,2.2469982557677196e-05
B_tbl_minus_hqql,mod.blocks.4.attn.h5,photon<-neutral_hadron,0.011147593455371582,1.4972002990368232e-05,0.0,0.0,0.0,1.4972002990368232e-05,1.4972002990368232e-05,1.4972002990368232e-05,2.245800448555235e-05
signed_hqql_tbl,mod.blocks.2.attn.h6,photon<-electron,0.009014990150443906,-6.065545040485638e-06,-3.885043783898086e-05,1.8764654409356547e-05,1.2802847777493298e-06,3.2784892798495225e-05,-2.4830199449842185e-05,6.065545040485638e-06,2.245799143973325e-05
signed_hqql_tbl,mod.blocks.6.attn.h0,muon<-charged_hadron,0.026586012914776802,-7.821106919436716e-06,-3.709380008587733e-05,-7.460936467396096e-06,3.057895810343325e-05,2.9272693166440615e-05,-3.601704520406198e-07,7.821106919436716e-06,2.2457453502657023e-05
signed_hqql_tbl,mod.blocks.2.attn.h5,neutral_hadron<-neutral_hadron,0.009816556914182777,-2.0075278898655628e-05,-1.5343704122933874e-05,-4.938692838485859e-05,3.696968708127399e-05,-4.7315747757217545e-06,2.9311649486202963e-05,2.0075278898655628e-05,2.2441066286516506e-05
signed_hqql_tbl,mod.blocks.6.attn.h6,neutral_hadron<-neutral_hadron,0.008537242229127127,1.1890824167926811e-05,-9.14168194692957e-06,8.313904631641537e-06,-3.548206681977859e-06,2.1032506114856382e-05,3.576919536285275e-06,1.1890824167926811e-05,2.2407077225355e-05
B_tbl_minus_hqql,mod.blocks.0.attn.h0,electron<-charged_hadron,0.019332316304956163,1.493102527525653e-05,0.0,0.0,0.0,1.493102527525653e-05,1.493102527525653e-05,1.493102527525653e-05,2.2396537912884795e-05
B_tbl_minus_hqql,mod.blocks.0.attn.h7,charged_hadron<-electron,0.006578052283397743,1.4930101705041515e-05,0.0,0.0,0.0,1.4930101705041515e-05,1.4930101705041515e-05,1.4930101705041515e-05,2.239515255756227e-05
signed_hqql_tbl,mod.blocks.3.attn.h6,photon<-electron,0.014191516773487494,-2.2258946475217014e-05,-2.252217039953124e-05,3.5114793198382745e-05,2.16004764297395e-06,2.632239243142249e-07,-5.737373967359976e-05,2.2258946475217014e-05,2.2390558437374126e-05
B_tbl_minus_hqql,mod.blocks.5.attn.h2,charged_hadron<-charged_hadron,0.024878472864096658,1.4912924284843238e-05,0.0,0.0,0.0,1.4912924284843238e-05,1.4912924284843238e-05,1.4912924284843238e-05,2.2369386427264857e-05
B_tbl_minus_hqql,mod.blocks.2.attn.h0,electron<-neutral_hadron,0.019726350903511047,-1.4884904009738454e-05,0.0,0.0,0.0,-1.4884904009738454e-05,-1.4884904009738454e-05,1.4884904009738454e-05,2.232735601460768e-05
signed_hqql_tbl,mod.blocks.0.attn.h3,photon<-charged_hadron,0.020835780326098393,-1.2646271800918258e-05,-3.198275303642117e-05,-5.7491425062219976e-06,-4.845489130764218e-06,1.933648123550291e-05,-6.89712929469626e-06,1.2646271800918258e-05,2.2314512418669715e-05
signed_hqql_tbl,mod.blocks.2.attn.h7,charged_hadron<-neutral_hadron,0.011319040918216653,1.3357566794150975e-05,3.124499116711185e-05,9.933106121436835e-06,8.084564240789695e-06,-1.788742437296087e-05,3.4244606727141407e-06,1.3357566794150975e-05,2.230127898063141e-05
signed_hqql_tbl,mod.blocks.1.attn.h3,photon<-charged_hadron,0.02011814467277505,-1.91230472426911e-06,-4.267566052692536e-05,-2.1931576598565498e-05,-3.663654653786629e-05,4.076335580265625e-05,2.0019271874296387e-05,1.91230472426911e-06,2.2293982625597235e-05
B_tbl_minus_hqql,mod.blocks.7.attn.h2,charged_hadron<-photon,0.01757926282546618,1.4861570560569208e-05,0.0,0.0,0.0,1.4861570560569208e-05,1.4861570560569208e-05,1.4861570560569208e-05,2.2292355840853812e-05
B_tbl_minus_hqql,mod.blocks.4.attn.h2,photon<-electron,0.015598957616139233,1.4856171404291701e-05,0.0,0.0,0.0,1.4856171404291701e-05,1.4856171404291701e-05,1.4856171404291701e-05,2.2284257106437552e-05
B_tbl_minus_hqql,mod.blocks.1.attn.h4,neutral_hadron<-charged_hadron,0.03066257048053902,1.484165771953052e-05,0.0,0.0,0.0,1.484165771953052e-05,1.484165771953052e-05,1.484165771953052e-05,2.226248657929578e-05
B_tbl_minus_hqql,mod.blocks.1.attn.h7,photon<-neutral_hadron,0.01825365976744819,-1.4836490269145085e-05,0.0,0.0,0.0,-1.4836490269145085e-05,-1.4836490269145085e-05,1.4836490269145085e-05,2.225473540371763e-05
signed_hqql_tbl,mod.blocks.1.attn.h2,electron<-electron,7.715375431871507e-06,3.993460969316705e-09,-4.437578555993582e-05,5.591698652847772e-06,-6.48146027515395e-08,4.437977902090514e-05,-5.587705191878456e-06,3.993460969316705e-09,2.2193882971421885e-05
signed_hqql_tbl,mod.blocks.6.attn.h6,muon<-photon,0.001001466065645218,4.850045079365373e-06,3.950256474414154e-05,2.8151808129180045e-05,-0.00013177821620047325,-3.465251966477617e-05,-2.330176304981467e-05,4.850045079365373e-06,2.2176304911753458e-05
signed_hqql_tbl,mod.blocks.7.attn.h6,photon<-muon,0.005285495519638061,5.621438613161445e-06,-2.7444408930789093e-05,3.864733956842905e-05,-3.9060764720488805e-05,3.306584754395054e-05,-3.302590095526761e-05,5.621438613161445e-06,2.2154362385136715e-05
B_tbl_minus_hqql,mod.blocks.3.attn.h3,neutral_hadron<-electron,0.008313175497783555,1.4751182687986227e-05,0.0,0.0,0.0,1.4751182687986227e-05,1.4751182687986227e-05,1.4751182687986227e-05,2.212677403197934e-05
B_tbl_minus_hqql,mod.blocks.7.attn.h4,electron<-electron,0.02934374632038978,-1.4730201336354831e-05,0.0,0.0,0.0,-1.4730201336354831e-05,-1.4730201336354831e-05,1.4730201336354831e-05,2.2095302004532247e-05
B_tbl_minus_hqql,mod.blocks.6.attn.h1,electron<-photon,0.01637336442141029,1.4704567362739879e-05,0.0,0.0,0.0,1.4704567362739879e-05,1.4704567362739879e-05,1.4704567362739879e-05,2.2056851044109818e-05
B_tbl_minus_hqql,mod.blocks.6.attn.h0,charged_hadron<-electron,0.009840299863190878,1.4696714060846716e-05,0.0,0.0,0.0,1.4696714060846716e-05,1.4696714060846716e-05,1.4696714060846716e-05,2.2045071091270074e-05
B_tbl_minus_hqql,mod.blocks.1.attn.h5,photon<-photon,0.01997654757718061,-1.4685348668786598e-05,0.0,0.0,0.0,-1.4685348668786598e-05,-1.4685348668786598e-05,1.4685348668786598e-05,2.2028023003179897e-05
B_tbl_minus_hqql,mod.blocks.6.attn.h2,electron<-charged_hadron,0.025607143484410785,-1.468257895404739e-05,0.0,0.0,0.0,-1.468257895404739e-05,-1.468257895404739e-05,1.468257895404739e-05,2.2023868431071086e-05
signed_hqql_tbl,mod.blocks.6.attn.h0,charged_hadron<-electron,0.009840301459743864,1.4696720643855987e-05,6.77639105340473e-08,-2.029480992337346e-05,2.471483778208494e-05,1.462895673332194e-05,3.499153056722945e-05,1.4696720643855987e-05,2.201119901051696e-05
signed_hqql_tbl,mod.blocks.5.attn.h6,charged_hadron<-charged_hadron,0.0222777087969449,1.111720451397546e-05,-1.0626445132455255e-05,-7.2084638427410696e-06,-2.4500031243223245e-05,2.1743649646430717e-05,1.832566835671653e-05,1.111720451397546e-05,2.198902933719082e-05
signed_hqql_tbl,mod.blocks.2.attn.h1,charged_hadron<-charged_hadron,0.022968014465366504,1.331602370917509e-05,3.066063833295467e-05,1.031837879738815e-05,3.168838669347278e-05,-1.734461462377958e-05,2.997644911786939e-06,1.331602370917509e-05,2.198833102106488e-05
B_tbl_minus_hqql,mod.blocks.3.attn.h4,neutral_hadron<-neutral_hadron,0.01360706318948479,1.4658024914766787e-05,0.0,0.0,0.0,1.4658024914766787e-05,1.4658024914766787e-05,1.4658024914766787e-05,2.198703737215018e-05
signed_hqql_tbl,mod.blocks.7.attn.h6,neutral_hadron<-electron,0.0054135343870493,4.6090252133715825e-06,-3.012499558663924e-05,-8.870569217833691e-07,-1.4590502814826323e-06,3.4734020800010826e-05,5.496082135154952e-06,4.6090252133715825e-06,2.1976035613376995e-05
signed_hqql_tbl,mod.blocks.1.attn.h4,electron<-charged_hadron,0.013125109530630567,-1.0585829018271484e-05,1.210179462125807e-05,1.3094626306208258e-05,-1.6008475940907375e-05,-2.2687623639529552e-05,-2.3680455324479743e-05,1.0585829018271484e-05,2.192964083803626e-05
signed_hqql_tbl,mod.blocks.4.attn.h0,electron<-muon,5.7128923799609765e-05,-3.219267057374964e-07,4.284622991690412e-05,0.0,0.0,-4.316815662264162e-05,-3.219267057374964e-07,3.219267057374964e-07,2.1906005017058305e-05
signed_hqql_tbl,mod.blocks.5.attn.h1,photon<-charged_hadron,0.0239112324827603,1.3622286560574512e-05,3.0175001409708415e-05,1.1697528244042724e-05,8.996197578838788e-06,-1.65527148491339e-05,1.9247583165317882e-06,1.3622286560574512e-05,2.1898643985141464e-05
signed_hqql_tbl,mod.blocks.1.attn.h5,photon<-photon,0.01997654771990349,-1.468534455714099e-05,-3.0056879139777753e-07,-1.501343514105621e-05,4.4838615375847996e-05,-1.4384775765743212e-05,3.280905839152205e-07,1.468534455714099e-05,2.1877732440012596e-05
signed_hqql_tbl,mod.blocks.6.attn.h4,electron<-photon,0.010524539867552316,-6.301868824066776e-06,2.4791708818628213e-05,-9.530142051517032e-06,9.90294915936829e-06,-3.109357764269499e-05,3.228273227450256e-06,6.301868824066776e-06,2.1848657645414273e-05
B_tbl_minus_hqql,mod.blocks.5.attn.h1,electron<-charged_hadron,0.02133446293217795,-1.4541338931026293e-05,0.0,0.0,0.0,-1.4541338931026293e-05,-1.4541338931026293e-05,1.4541338931026293e-05,2.181200839653944e-05
B_tbl_minus_hqql,mod.blocks.4.attn.h0,electron<-charged_hadron,0.03223013168289548,1.4531688066199422e-05,0.0,0.0,0.0,1.4531688066199422e-05,1.4531688066199422e-05,1.4531688066199422e-05,2.1797532099299133e-05
signed_hqql_tbl,mod.blocks.5.attn.h1,charged_hadron<-charged_hadron,0.023846865987125328,1.4161239275284457e-05,2.9277565097968376e-05,1.5088309442940366e-05,7.913191129836484e-06,-1.511632582268392e-05,-9.270701676559091e-07,1.4161239275284457e-05,2.1719402186626416e-05
B_tbl_minus_hqql,mod.blocks.2.attn.h5,photon<-neutral_hadron,0.012197320600637919,1.4468798722142832e-05,0.0,0.0,0.0,1.4468798722142832e-05,1.4468798722142832e-05,1.4468798722142832e-05,2.170319808321425e-05
B_tbl_minus_hqql,mod.blocks.7.attn.h3,charged_hadron<-photon,0.013183807987549758,-1.4467483112105109e-05,0.0,0.0,0.0,-1.4467483112105109e-05,-1.4467483112105109e-05,1.4467483112105109e-05,2.170122466815766e-05
signed_hqql_tbl,mod.blocks.0.attn.h7,charged_hadron<-electron,0.006578051219029086,1.4930102246407409e-05,1.4307888429329703e-06,2.3625096929762727e-05,6.154896516818553e-05,1.3499313403474438e-05,-8.694994683355319e-06,1.4930102246407409e-05,2.1679758948144626e-05
B_tbl_minus_hqql,mod.cls_blocks.1.attn.h4,photon<-electron,0.0062409983947873116,-1.4443680811382364e-05,0.0,0.0,0.0,-1.4443680811382364e-05,-1.4443680811382364e-05,1.4443680811382364e-05,2.1665521217073547e-05
signed_hqql_tbl,mod.blocks.2.attn.h4,photon<-neutral_hadron,0.026078521081443706,-8.73581857313967e-06,1.69970842803461e-05,-1.539945526630249e-05,1.34066565447605e-05,-2.573290285348577e-05,6.663636693162821e-06,8.73581857313967e-06,2.1602269999882553e-05
signed_hqql_tbl,mod.blocks.0.attn.h6,photon<-neutral_hadron,0.02222671859448695,5.087022433855871e-06,-2.7840366678343502e-05,-8.511590884965003e-06,-2.4736593811145453e-05,3.2927389112199376e-05,1.3598613318820875e-05,5.087022433855871e-06,2.1550716989955558e-05
signed_hqql_tbl,mod.blocks.3.attn.h4,charged_hadron<-electron,0.011142945715359278,-1.634795245038168e-05,-5.958435455492387e-06,1.3008625908947454e-05,-0.00012329148361459375,-1.0389516994889294e-05,-2.9356578359329133e-05,1.634795245038168e-05,2.1542710947826328e-05
signed_hqql_tbl,mod.blocks.4.attn.h5,muon<-photon,0.005666111111640931,1.3675665250048042e-05,-2.028427460524989e-06,7.248915997999055e-05,-7.569449735456146e-05,1.570409271057303e-05,-5.8813494729942506e-05,1.3675665250048042e-05,2.152771160533456e-05
B_tbl_minus_hqql,mod.blocks.3.attn.h1,photon<-photon,0.01501696829095068,-1.4329773974759614e-05,0.0,0.0,0.0,-1.4329773974759614e-05,-1.4329773974759614e-05,1.4329773974759614e-05,2.1494660962139422e-05
B_tbl_minus_hqql,mod.blocks.3.attn.h5,photon<-muon,0.03433106422424317,1.4289987739175558e-05,0.0,0.0,0.0,1.4289987739175558e-05,1.4289987739175558e-05,1.4289987739175558e-05,2.1434981608763337e-05
B_tbl_minus_hqql,mod.blocks.5.attn.h6,electron<-charged_hadron,0.03679933292525155,1.4283190033720097e-05,0.0,0.0,0.0,1.4283190033720097e-05,1.4283190033720097e-05,1.4283190033720097e-05,2.1424785050580146e-05
signed_hqql_tbl,mod.blocks.7.attn.h6,photon<-neutral_hadron,0.013569301007155126,5.473060552648367e-06,-2.636512364831135e-05,4.927588411206525e-06,-3.992901496404385e-07,3.183818420095972e-05,5.454721414418418e-07,5.473060552648367e-06,2.1392152653128224e-05
signed_hqql_tbl,mod.blocks.1.attn.h0,photon<-photon,0.017559646882185927,-8.800399284257891e-06,1.6319693896133885e-05,-7.4062315094265245e-06,3.272588693064866e-05,-2.5120093180391778e-05,-1.3941677748313666e-06,8.800399284257891e-06,2.1360445874453778e-05
B_tbl_minus_hqql,mod.blocks.5.attn.h6,charged_hadron<-neutral_hadron,0.04460549194271825,1.4212371713640978e-05,0.0,0.0,0.0,1.4212371713640978e-05,1.4212371713640978e-05,1.4212371713640978e-05,2.1318557570461466e-05
signed_hqql_tbl,mod.blocks.1.attn.h2,charged_hadron<-muon,0.02657313458621502,2.0527617380139418e-05,2.2080110517354347e-05,2.7048352058045567e-05,-0.00041450432036072016,-1.5524931372149295e-06,-6.5207346779061495e-06,2.0527617380139418e-05,2.1303863948746883e-05
B_tbl_minus_hqql,mod.blocks.5.attn.h1,charged_hadron<-charged_hadron,0.023846866106828395,1.4161239801323315e-05,0.0,0.0,0.0,1.4161239801323315e-05,1.4161239801323315e-05,1.4161239801323315e-05,2.124185970198497e-05
B_tbl_minus_hqql,mod.blocks.6.attn.h2,photon<-photon,0.01406419389585434,1.4154392236604533e-05,0.0,0.0,0.0,1.4154392236604533e-05,1.4154392236604533e-05,1.4154392236604533e-05,2.12315883549068e-05
B_tbl_minus_hqql,mod.blocks.5.attn.h4,electron<-electron,0.012635589590192668,1.4145118737158353e-05,0.0,0.0,0.0,1.4145118737158353e-05,1.4145118737158353e-05,1.4145118737158353e-05,2.121767810573753e-05
B_tbl_minus_hqql,mod.blocks.7.attn.h7,muon<-charged_hadron,0.017987199127674103,1.4132914657238871e-05,0.0,0.0,0.0,1.4132914657238871e-05,1.4132914657238871e-05,1.4132914657238871e-05,2.1199371985858306e-05
signed_hqql_tbl,mod.blocks.1.attn.h5,neutral_hadron<-charged_hadron,0.024180145691088936,1.0393468496136639e-05,-1.1191498118946357e-05,-1.6847313582430106e-05,4.053944590237434e-05,2.1584966615082995e-05,2.7240782078566747e-05,1.0393468496136639e-05,2.1185951803678138e-05
B_tbl_minus_hqql,mod.blocks.1.attn.h3,muon<-charged_hadron,0.030520346015691757,1.4123317669145763e-05,0.0,0.0,0.0,1.4123317669145763e-05,1.4123317669145763e-05,1.4123317669145763e-05,2.1184976503718644e-05
B_tbl_minus_hqql,mod.blocks.1.attn.h7,electron<-neutral_hadron,0.028964649196024293,-1.4119671605941323e-05,0.0,0.0,0.0,-1.4119671605941323e-05,-1.4119671605941323e-05,1.4119671605941323e-05,2.1179507408911984e-05
B_tbl_minus_hqql,mod.blocks.7.attn.h5,neutral_hadron<-photon,0.023626370110802496,-1.4046324683850283e-05,0.0,0.0,0.0,-1.4046324683850283e-05,-1.4046324683850283e-05,1.4046324683850283e-05,2.1069487025775426e-05
B_tbl_minus_hqql,mod.blocks.4.attn.h5,electron<-charged_hadron,0.02859270785536085,-1.4034508023455384e-05,0.0,0.0,0.0,-1.4034508023455384e-05,-1.4034508023455384e-05,1.4034508023455384e-05,2.1051762035183075e-05
B_tbl_minus_hqql,mod.blocks.1.attn.h5,neutral_hadron<-neutral_hadron,0.012976902074249248,1.4023388444673133e-05,0.0,0.0,0.0,1.4023388444673133e-05,1.4023388444673133e-05,1.4023388444673133e-05,2.10350826670097e-05
signed_hqql_tbl,mod.blocks.7.attn.h1,neutral_hadron<-charged_hadron,0.02912717613519407,-1.1166063540403832e-05,8.525151995038152e-06,-8.787228733959617e-06,7.83201153324691e-06,-1.9691215535441984e-05,-2.3788348064442157e-06,1.1166063540403832e-05,2.1011671308124824e-05
B_tbl_minus_hqql,mod.blocks.6.attn.h7,charged_hadron<-neutral_hadron,0.021207460802810198,-1.4004086702540308e-05,0.0,0.0,0.0,-1.4004086702540308e-05,-1.4004086702540308e-05,1.4004086702540308e-05,2.1006130053810462e-05
signed_hqql_tbl,mod.blocks.4.attn.h6,neutral_hadron<-charged_hadron,0.029718488271162958,6.361352239020628e-06,3.560208637755339e-05,5.796247412899447e-06,-9.640232742541632e-07,-2.924073413853276e-05,5.65104826121181e-07,6.361352239020628e-06,2.0981719308287007e-05
B_tbl_minus_hqql,mod.blocks.5.attn.h5,charged_hadron<-photon,0.019411308719958963,1.3986063525532622e-05,0.0,0.0,0.0,1.3986063525532622e-05,1.3986063525532622e-05,1.3986063525532622e-05,2.0979095288298933e-05
B_tbl_minus_hqql,mod.blocks.5.attn.h1,electron<-neutral_hadron,0.029804025535230285,-1.3945531531202573e-05,0.0,0.0,0.0,-1.3945531531202573e-05,-1.3945531531202573e-05,1.3945531531202573e-05,2.091829729680386e-05
signed_hqql_tbl,mod.blocks.2.attn.h7,electron<-neutral_hadron,0.007905882955701262,4.556443956163194e-06,-2.8148092831926125e-05,7.531496143201366e-05,1.3612101611215621e-05,3.270453678808932e-05,-7.075851747585048e-05,4.556443956163194e-06,2.0908712350207854e-05
B_tbl_minus_hqql,mod.blocks.3.attn.h0,electron<-neutral_hadron,0.010990061969668776,-1.3936414486832089e-05,0.0,0.0,0.0,-1.3936414486832089e-05,-1.3936414486832089e-05,1.3936414486832089e-05,2.0904621730248134e-05
B_tbl_minus_hqql,mod.blocks.1.attn.h1,photon<-charged_hadron,0.023080387878528157,1.391345948927268e-05,0.0,0.0,0.0,1.391345948927268e-05,1.391345948927268e-05,1.391345948927268e-05,2.087018923390902e-05
B_tbl_minus_hqql,mod.blocks.0.attn.h6,charged_hadron<-photon,0.02183002429777043,-1.3909597136914206e-05,0.0,0.0,0.0,-1.3909597136914206e-05,-1.3909597136914206e-05,1.3909597136914206e-05,2.0864395705371308e-05
signed_hqql_tbl,mod.blocks.2.attn.h6,neutral_hadron<-photon,0.020000375774504628,1.2010921026307254e-05,-5.663409432994603e-06,6.662197813043546e-06,3.5962779948745595e-05,1.7674330459301857e-05,5.348723213263708e-06,1.2010921026307254e-05,2.084808625595818e-05
signed_hqql_tbl,mod.blocks.5.attn.h1,electron<-muon,0.0002286160015501082,2.258985354330889e-08,-4.160124808549881e-05,0.0,0.0,4.162383793904212e-05,2.258985354330889e-08,2.258985354330889e-08,2.0834508823064368e-05
signed_hqql_tbl,mod.blocks.0.attn.h5,charged_hadron<-photon,0.01812814171778405,-1.27927685123645e-05,3.2882886244819534e-06,-1.8187393257209102e-05,-7.650232651360123e-06,-1.6081057136846453e-05,5.394624744844602e-06,1.27927685123645e-05,2.0833297080787727e-05
B_tbl_minus_hqql,mod.blocks.3.attn.h5,electron<-photon,0.020994031090077345,-1.3886011779172027e-05,0.0,0.0,0.0,-1.3886011779172027e-05,-1.3886011779172027e-05,1.3886011779172027e-05,2.082901766875804e-05
signed_hqql_tbl,mod.blocks.4.attn.h1,neutral_hadron<-neutral_hadron,0.016115130200127108,3.917031900438487e-06,-2.982611990172106e-05,-8.595238012516043e-06,9.364674057046655e-06,3.3743151802159546e-05,1.251226991295453e-05,3.917031900438487e-06,2.078860780151826e-05
B_tbl_minus_hqql,mod.blocks.2.attn.h7,photon<-charged_hadron,0.024738386901798172,-1.3858046081909239e-05,0.0,0.0,0.0,-1.3858046081909239e-05,-1.3858046081909239e-05,1.3858046081909239e-05,2.078706912286386e-05
B_tbl_minus_hqql,mod.blocks.6.attn.h6,neutral_hadron<-charged_hadron,0.031198178219194173,-1.3848954343096111e-05,0.0,0.0,0.0,-1.3848954343096111e-05,-1.3848954343096111e-05,1.3848954343096111e-05,2.0773431514644166e-05
signed_hqql_tbl,mod.blocks.2.attn.h4,neutral_hadron<-charged_hadron,0.026156702362188772,1.107646200965036e-05,-8.290862648387697e-06,-1.973302486629546e-06,-1.4194563288559202e-05,1.9367324658038056e-05,1.3049764496279907e-05,1.107646200965036e-05,2.076012433866939e-05
B_tbl_minus_hqql,mod.blocks.3.attn.h7,electron<-neutral_hadron,0.018096729147213476,-1.3837224590436866e-05,0.0,0.0,0.0,-1.3837224590436866e-05,-1.3837224590436866e-05,1.3837224590436866e-05,2.07558368856553e-05
B_tbl_minus_hqql,mod.blocks.4.attn.h2,muon<-neutral_hadron,0.011705128848552704,1.382701302645728e-05,0.0,0.0,0.0,1.382701302645728e-05,1.382701302645728e-05,1.382701302645728e-05,2.074051953968592e-05
signed_hqql_tbl,mod.blocks.6.attn.h7,charged_hadron<-charged_hadron,0.024392879097527836,1.8450051374958827e-05,1.3872348864138589e-05,2.8547615974225646e-05,-1.1561147750425818e-05,4.577702510820238e-06,-1.009756459926682e-05,1.8450051374958827e-05,2.0738902630368944e-05
B_tbl_minus_hqql,mod.blocks.1.attn.h2,neutral_hadron<-muon,0.0027307068929076196,1.3802005560137331e-05,0.0,0.0,0.0,1.3802005560137331e-05,1.3802005560137331e-05,1.3802005560137331e-05,2.0703008340205996e-05
signed_hqql_tbl,mod.blocks.6.attn.h7,photon<-electron,0.005780412005336304,4.375219175675354e-06,-2.8272776695235667e-05,3.869257475993696e-05,1.1001316579495324e-05,3.264799587091102e-05,-3.4317355584261604e-05,4.375219175675354e-06,2.0699217111130865e-05
signed_hqql_tbl,mod.blocks.4.attn.h3,neutral_hadron<-charged_hadron,0.028919986917191193,-7.693443877142476e-06,1.8316121917665476e-05,2.2719870782653936e-06,5.960340124175356e-06,-2.6009565794807952e-05,-9.965430955407868e-06,7.693443877142476e-06,2.069822677454645e-05
signed_hqql_tbl,mod.blocks.2.attn.h3,photon<-neutral_hadron,0.010727186376459565,-1.812616737548023e-05,-1.2982096656251152e-05,-3.218950323023909e-06,6.710654335843388e-06,-5.144070719229079e-06,-1.4907217052456322e-05,1.812616737548023e-05,2.0698202735094772e-05
signed_hqql_tbl,mod.blocks.3.attn.h5,neutral_hadron<-neutral_hadron,0.010961555426636878,-5.066402134049939e-06,2.6155878605214366e-05,-2.0346993203350707e-05,2.367192814119268e-05,-3.122228073926431e-05,1.528059106930077e-05,5.066402134049939e-06,2.0677542503682092e-05
signed_hqql_tbl,mod.blocks.0.attn.h2,charged_hadron<-photon,0.019248337397197987,1.1737604280110558e-05,-6.064572226534921e-06,1.2126626491978315e-07,-3.3319837047448895e-05,1.7802176506645478e-05,1.1616338015190775e-05,1.1737604280110558e-05,2.0638692533433297e-05
signed_hqql_tbl,mod.blocks.1.attn.h4,photon<-photon,0.015256222583904341,1.300611289731536e-05,-2.2485019159218183e-06,2.4355996718255613e-06,-6.716878421502144e-06,1.5254614813237178e-05,1.0570513225489798e-05,1.300611289731536e-05,2.0633420303933947e-05
signed_hqql_tbl,mod.blocks.0.attn.h2,electron<-charged_hadron,0.022660787261667707,1.243547047211212e-05,-3.916643044883103e-06,-3.03637252414021e-06,-8.313724538311363e-06,1.6352113516995224e-05,1.547184299625233e-05,1.243547047211212e-05,2.0611527230609732e-05
signed_hqql_tbl,mod.blocks.0.attn.h6,photon<-charged_hadron,0.021754966038351867,1.55923069380213e-05,5.72773507603976e-06,8.350041076473875e-06,-1.0192532254112806e-06,9.864571861981542e-06,7.242265861547425e-06,1.55923069380213e-05,2.052459286901207e-05
B_tbl_minus_hqql,mod.blocks.4.attn.h5,muon<-photon,0.005666110515594482,1.3675695518031717e-05,0.0,0.0,0.0,1.3675695518031717e-05,1.3675695518031717e-05,1.3675695518031717e-05,2.0513543277047574e-05
signed_hqql_tbl,mod.blocks.6.attn.h7,neutral_hadron<-photon,0.020501345976728227,-4.388788236886243e-06,2.782873212726436e-05,3.739430478619979e-06,7.171065094413941e-06,-3.221752036415061e-05,-8.128218715506222e-06,4.388788236886243e-06,2.0497548418961547e-05
B_tbl_minus_hqql,mod.blocks.6.attn.h6,electron<-muon,0.06882570683956146,-1.3630631656269543e-05,0.0,0.0,0.0,-1.3630631656269543e-05,-1.3630631656269543e-05,1.3630631656269543e-05,2.0445947484404314e-05
B_tbl_minus_hqql,mod.blocks.3.attn.h5,electron<-charged_hadron,0.01763958271060671,1.3625140993445667e-05,0.0,0.0,0.0,1.3625140993445667e-05,1.3625140993445667e-05,1.3625140993445667e-05,2.04377114901685e-05
B_tbl_minus_hqql,mod.blocks.5.attn.h1,photon<-charged_hadron,0.023911232413893004,1.3622281642682884e-05,0.0,0.0,0.0,1.3622281642682884e-05,1.3622281642682884e-05,1.3622281642682884e-05,2.0433422464024327e-05
B_tbl_minus_hqql,mod.blocks.6.attn.h7,photon<-charged_hadron,0.023699972823752895,1.3621733823182101e-05,0.0,0.0,0.0,1.3621733823182101e-05,1.3621733823182101e-05,1.3621733823182101e-05,2.043260073477315e-05
signed_hqql_tbl,mod.blocks.1.attn.h1,photon<-electron,0.008399099111557007,-2.7434275025592707e-06,3.26035945262346e-05,-6.857811344421602e-05,3.377248503966257e-05,-3.534702202879387e-05,6.583468594165675e-05,2.7434275025592707e-06,2.0416938516956203e-05
signed_hqql_tbl,mod.blocks.3.attn.h4,electron<-photon,0.010187119730119782,-5.885326905494056e-06,-3.494276860254575e-05,1.0293351286756141e-05,4.9957111514231656e-06,2.9057441697051693e-05,-1.61786781922502e-05,5.885326905494056e-06,2.0414047754019904e-05
B_tbl_minus_hqql,mod.blocks.2.attn.h2,charged_hadron<-electron,0.016107427931967237,1.3606903459211545e-05,0.0,0.0,0.0,1.3606903459211545e-05,1.3606903459211545e-05,1.3606903459211545e-05,2.041035518881732e-05
signed_hqql_tbl,mod.blocks.0.attn.h5,photon<-charged_hadron,0.022164005822766248,5.430150720608813e-06,-2.4497240767984955e-05,1.2573443673534945e-05,-2.627893795072795e-06,2.9927391488593767e-05,-7.143292952926132e-06,5.430150720608813e-06,2.0393846464905695e-05
signed_hqql_tbl,mod.blocks.5.attn.h2,photon<-photon,0.01464651304246137,6.874912754046867e-06,-2.0156982703273798e-05,4.243566236576285e-06,2.9562272621468313e-07,2.7031895457320665e-05,2.6313465174705816e-06,6.874912754046867e-06,2.03908604827072e-05
signed_hqql_tbl,mod.blocks.3.attn.h0,neutral_hadron<-charged_hadron,0.021454765148857396,3.7312332191178446e-06,-2.9571432592317825e-05,-9.878630130351057e-06,-3.7969643407558374e-05,3.330266581143567e-05,1.3609863349468901e-05,3.7312332191178446e-06,2.038256612483568e-05
B_tbl_minus_hqql,mod.blocks.3.attn.h1,neutral_hadron<-photon,0.018067154998227832,-1.3576725104985856e-05,0.0,0.0,0.0,-1.3576725104985856e-05,-1.3576725104985856e-05,1.3576725104985856e-05,2.0365087657478785e-05
B_tbl_minus_hqql,mod.blocks.1.attn.h6,neutral_hadron<-photon,0.01668224319356706,1.3564430053698837e-05,0.0,0.0,0.0,1.3564430053698837e-05,1.3564430053698837e-05,1.3564430053698837e-05,2.0346645080548255e-05
signed_hqql_tbl,mod.blocks.3.attn.h5,photon<-charged_hadron,0.024985247716126865,1.1172265341036788e-05,-7.149666636183087e-06,1.4376381110953183e-05,-3.6295833810531023e-06,1.8321931977219875e-05,-3.2041157699163942e-06,1.1172265341036788e-05,2.0333231329646726e-05
B_tbl_minus_hqql,mod.blocks.1.attn.h7,photon<-photon,0.014572033729427626,-1.3534387665449797e-05,0.0,0.0,0.0,-1.3534387665449797e-05,-1.3534387665449797e-05,1.3534387665449797e-05,2.0301581498174693e-05
B_tbl_minus_hqql,mod.blocks.7.attn.h6,charged_hadron<-neutral_hadron,0.012986757892186567,1.3527340683349113e-05,0.0,0.0,0.0,1.3527340683349113e-05,1.3527340683349113e-05,1.3527340683349113e-05,2.029101102502367e-05
signed_hqql_tbl,mod.blocks.6.attn.h3,electron<-neutral_hadron,0.0016553772018394535,1.287148523732429e-06,-3.670920044609566e-05,9.914510519593022e-07,4.272493242751807e-06,3.7996348969828085e-05,2.956974717731268e-07,1.287148523732429e-06,2.028532300864647e-05
signed_hqql_tbl,mod.blocks.5.attn.h2,charged_hadron<-electron,0.0038983122046504703,-3.6939146368586945e-06,2.942330240991644e-05,3.484552077167593e-05,-1.2830924824811517e-05,-3.311721704677513e-05,-3.8539435408534624e-05,3.6939146368586945e-06,2.025252316024626e-05
B_tbl_minus_hqql,mod.blocks.5.attn.h2,neutral_hadron<-neutral_hadron,0.019426915567446038,1.349068972095464e-05,0.0,0.0,0.0,1.349068972095464e-05,1.349068972095464e-05,1.349068972095464e-05,2.023603458143196e-05
B_tbl_minus_hqql,mod.blocks.5.attn.h2,muon<-neutral_hadron,0.0034548506140708924,-1.3478669279720634e-05,0.0,0.0,0.0,-1.3478669279720634e-05,-1.3478669279720634e-05,1.3478669279720634e-05,2.021800391958095e-05
B_tbl_minus_hqql,mod.blocks.5.attn.h3,muon<-photon,0.014138057231903076,-1.3469388941302895e-05,0.0,0.0,0.0,-1.3469388941302895e-05,-1.3469388941302895e-05,1.3469388941302895e-05,2.0204083411954344e-05
B_tbl_minus_hqql,mod.blocks.0.attn.h4,photon<-photon,0.0169840193693954,-1.346590003682776e-05,0.0,0.0,0.0,-1.346590003682776e-05,-1.346590003682776e-05,1.346590003682776e-05,2.019885005524164e-05
signed_hqql_tbl,mod.blocks.5.attn.h1,photon<-electron,0.00670193026705486,-3.176616723422052e-06,-3.7213119773056223e-05,5.751007328009499e-05,5.2532024710671976e-05,3.403650304963417e-05,-6.068669000351704e-05,3.176616723422052e-06,2.0194868248239137e-05
signed_hqql_tbl,mod.blocks.7.attn.h4,electron<-muon,0.054465316236019135,-1.2966729627805762e-05,1.4431101362788468e-06,0.0,0.0,-1.4409839764084609e-05,-1.2966729627805762e-05,1.2966729627805762e-05,2.0171649509848066e-05
B_tbl_minus_hqql,mod.blocks.3.attn.h4,photon<-electron,0.011474279792812781,1.344266032295612e-05,0.0,0.0,0.0,1.344266032295612e-05,1.344266032295612e-05,1.344266032295612e-05,2.016399048443418e-05
signed_hqql_tbl,mod.blocks.6.attn.h4,muon<-electron,0.002436349168419838,-1.3370553460845258e-05,2.1630310698128596e-07,0.0,0.0,-1.3586856567826544e-05,-1.3370553460845258e-05,1.3370553460845258e-05,2.016398174475853e-05
B_tbl_minus_hqql,mod.blocks.4.attn.h3,neutral_hadron<-electron,0.008651964642383434,-1.344064811645593e-05,0.0,0.0,0.0,-1.344064811645593e-05,-1.344064811645593e-05,1.344064811645593e-05,2.0160972174683895e-05
B_tbl_minus_hqql,mod.blocks.6.attn.h3,electron<-photon,0.008995905579105625,-1.341353182522845e-05,0.0,0.0,0.0,-1.341353182522845e-05,-1.341353182522845e-05,1.341353182522845e-05,2.0120297737842675e-05
B_tbl_minus_hqql,mod.blocks.1.attn.h4,neutral_hadron<-photon,0.01405579977482089,-1.3409156078548247e-05,0.0,0.0,0.0,-1.3409156078548247e-05,-1.3409156078548247e-05,1.3409156078548247e-05,2.011373411782237e-05
signed_hqql_tbl,mod.blocks.3.attn.h6,neutral_hadron<-neutral_hadron,0.009980255898210357,-6.435312751610119e-06,-3.377331015018601e-05,8.031763342063177e-06,1.4202135789746786e-05,2.7337997398575887e-05,-1.4467076093673296e-05,6.435312751610119e-06,2.010431145089806e-05
B_tbl_minus_hqql,mod.blocks.4.attn.h2,muon<-photon,0.014641704559326172,-1.3393661938607692e-05,0.0,0.0,0.0,-1.3393661938607692e-05,-1.3393661938607692e-05,1.3393661938607692e-05,2.0090492907911538e-05
B_tbl_minus_hqql,mod.blocks.7.attn.h1,charged_hadron<-charged_hadron,0.02573756565933352,-1.3372138093430346e-05,0.0,0.0,0.0,-1.3372138093430346e-05,-1.3372138093430346e-05,1.3372138093430346e-05,2.0058207140145517e-05
B_tbl_minus_hqql,mod.blocks.6.attn.h4,muon<-electron,0.002436355222016573,-1.3370587112149224e-05,0.0,0.0,0.0,-1.3370587112149224e-05,-1.3370587112149224e-05,1.3370587112149224e-05,2.0055880668223836e-05
signed_hqql_tbl,mod.blocks.3.attn.h6,electron<-muon,0.004786384757608175,6.224270236998564e-06,3.3862645068438724e-05,0.0,0.0,-2.763837483144016e-05,6.224270236998564e-06,6.224270236998564e-06,2.0043457652718644e-05
B_tbl_minus_hqql,mod.blocks.5.attn.h1,neutral_hadron<-muon,0.0064140744507312775,1.3358847354538739e-05,0.0,0.0,0.0,1.3358847354538739e-05,1.3358847354538739e-05,1.3358847354538739e-05,2.0038271031808108e-05
B_tbl_minus_hqql,mod.blocks.2.attn.h7,charged_hadron<-neutral_hadron,0.011319040450729241,1.3357573283408412e-05,0.0,0.0,0.0,1.3357573283408412e-05,1.3357573283408412e-05,1.3357573283408412e-05,2.003635992511262e-05
B_tbl_minus_hqql,mod.blocks.2.attn.h1,charged_hadron<-charged_hadron,0.0229680148244757,1.3316026631613194e-05,0.0,0.0,0.0,1.3316026631613194e-05,1.3316026631613194e-05,1.3316026631613194e-05,1.997403994741979e-05
B_tbl_minus_hqql,mod.blocks.0.attn.h7,photon<-electron,0.0075323808544534975,1.330402662231761e-05,0.0,0.0,0.0,1.330402662231761e-05,1.330402662231761e-05,1.330402662231761e-05,1.9956039933476414e-05
signed_hqql_tbl,mod.blocks.0.attn.h5,charged_hadron<-neutral_hadron,0.010883048786168673,-3.928018347886834e-06,-3.596460047726067e-05,1.87034840353156e-05,-1.2192303087475495e-05,3.2036582129373835e-05,-2.2631502383202436e-05,3.928018347886834e-06,1.994630941257375e-05
B_tbl_minus_hqql,mod.blocks.1.attn.h7,charged_hadron<-neutral_hadron,0.021769686974063306,-1.323204469627046e-05,0.0,0.0,0.0,-1.323204469627046e-05,-1.323204469627046e-05,1.323204469627046e-05,1.984806704440569e-05
B_tbl_minus_hqql,mod.blocks.3.attn.h6,neutral_hadron<-electron,0.00781933977096169,1.3227470575387727e-05,0.0,0.0,0.0,1.3227470575387727e-05,1.3227470575387727e-05,1.3227470575387727e-05,1.9841205863081592e-05
B_tbl_minus_hqql,mod.blocks.2.attn.h3,neutral_hadron<-photon,0.021815770044033067,-1.3223415725258028e-05,0.0,0.0,0.0,-1.3223415725258028e-05,-1.3223415725258028e-05,1.3223415725258028e-05,1.983512358788704e-05
B_tbl_minus_hqql,mod.blocks.7.attn.h0,electron<-charged_hadron,0.030090977748235066,-1.3221315471344583e-05,0.0,0.0,0.0,-1.3221315471344583e-05,-1.3221315471344583e-05,1.3221315471344583e-05,1.9831973207016874e-05
signed_hqql_tbl,mod.blocks.3.attn.h3,photon<-neutral_hadron,0.009883678255404862,8.083012460068478e-06,-1.5406105090132486e-05,1.83349862803411e-05,-1.5892617177031472e-05,2.3489117550200962e-05,-1.0251973820272622e-05,8.083012460068478e-06,1.982757123516896e-05
signed_hqql_tbl,mod.blocks.3.attn.h4,neutral_hadron<-neutral_hadron,0.01360706333452683,1.4658021724080457e-05,4.339293312535304e-06,6.436423876849108e-06,-3.3672416024390656e-05,1.0318728411545154e-05,8.221597847231349e-06,1.4658021724080457e-05,1.9817385929853034e-05
B_tbl_minus_hqql,mod.blocks.1.attn.h3,neutral_hadron<-neutral_hadron,0.018829037082289942,1.3205293196763512e-05,0.0,0.0,0.0,1.3205293196763512e-05,1.3205293196763512e-05,1.3205293196763512e-05,1.9807939795145268e-05
B_tbl_minus_hqql,mod.blocks.4.attn.h2,neutral_hadron<-neutral_hadron,0.007406049188890005,1.32011285128361e-05,0.0,0.0,0.0,1.32011285128361e-05,1.32011285128361e-05,1.32011285128361e-05,1.980169276925415e-05
B_tbl_minus_hqql,mod.blocks.2.attn.h6,neutral_hadron<-electron,0.006288847023690188,1.3197606104195412e-05,0.0,0.0,0.0,1.3197606104195412e-05,1.3197606104195412e-05,1.3197606104195412e-05,1.9796409156293117e-05
signed_hqql_tbl,mod.blocks.0.attn.h6,charged_hadron<-charged_hadron,0.01978062655675272,1.5905287575705654e-05,2.367603694639447e-05,7.601661061212438e-06,-1.5069462857529535e-05,-7.770749370688815e-06,8.303626514493217e-06,1.5905287575705654e-05,1.979066226105006e-05
B_tbl_minus_hqql,mod.blocks.2.attn.h5,neutral_hadron<-charged_hadron,0.028121347186946068,-1.3192797471646543e-05,0.0,0.0,0.0,-1.3192797471646543e-05,-1.3192797471646543e-05,1.3192797471646543e-05,1.9789196207469813e-05
signed_hqql_tbl,mod.blocks.0.attn.h5,muon<-muon,0.0011183877941220999,8.58864495967282e-06,-1.37937838360358e-05,-1.9434735349932453e-06,-0.0002049319107300107,2.238242879570862e-05,1.0532118494666065e-05,8.58864495967282e-06,1.977985935752713e-05
B_tbl_minus_hqql,mod.blocks.3.attn.h4,charged_hadron<-neutral_hadron,0.020870455573586858,-1.3170922853323925e-05,0.0,0.0,0.0,-1.3170922853323925e-05,-1.3170922853323925e-05,1.3170922853323925e-05,1.975638427998589e-05
B_tbl_minus_hqql,mod.blocks.2.attn.h4,muon<-muon,0.0023025476839393377,1.3148272046237253e-05,0.0,0.0,0.0,1.3148272046237253e-05,1.3148272046237253e-05,1.3148272046237253e-05,1.972240806935588e-05
B_tbl_minus_hqql,mod.blocks.2.attn.h4,charged_hadron<-muon,0.02853003516793251,1.3138319445715751e-05,0.0,0.0,0.0,1.3138319445715751e-05,1.3138319445715751e-05,1.3138319445715751e-05,1.9707479168573627e-05
signed_hqql_tbl,mod.blocks.1.attn.h1,neutral_hadron<-photon,0.01650492639979201,-4.239747532550304e-06,2.6683372447347098e-05,7.197132355687449e-06,1.2544841802074838e-05,-3.0923119979897404e-05,-1.1436879888237754e-05,4.239747532550304e-06,1.9701307522499005e-05
signed_hqql_tbl,mod.blocks.2.attn.h1,neutral_hadron<-photon,0.01747731071159871,2.8662973599485577e-06,3.6519271560530573e-05,-3.1336926493239063e-06,5.32585430305641e-06,-3.3652974200582017e-05,5.999990009272464e-06,2.8662973599485577e-06,1.9692784460239565e-05
B_tbl_minus_hqql,mod.blocks.3.attn.h5,charged_hadron<-photon,0.016547524708671282,1.3112806472152574e-05,0.0,0.0,0.0,1.3112806472152574e-05,1.3112806472152574e-05,1.3112806472152574e-05,1.966920970822886e-05
B_tbl_minus_hqql,mod.blocks.0.attn.h7,electron<-electron,0.0039658704384540515,1.3091581043530217e-05,0.0,0.0,0.0,1.3091581043530217e-05,1.3091581043530217e-05,1.3091581043530217e-05,1.9637371565295325e-05
signed_hqql_tbl,mod.blocks.0.attn.h4,photon<-photon,0.01698401944075684,-1.3465896413004512e-05,-1.1918022848513661e-06,-8.407229965266244e-06,2.613753313341667e-06,-1.2274094128153146e-05,-5.058666447738268e-06,1.3465896413004512e-05,1.9602943477081085e-05
B_tbl_minus_hqql,mod.blocks.3.attn.h0,photon<-neutral_hadron,0.014563910930056306,-1.3015011042964689e-05,0.0,0.0,0.0,-1.3015011042964689e-05,-1.3015011042964689e-05,1.3015011042964689e-05,1.9522516564447034e-05
B_tbl_minus_hqql,mod.blocks.1.attn.h4,photon<-photon,0.015256222619585062,1.3006114291093532e-05,0.0,0.0,0.0,1.3006114291093532e-05,1.3006114291093532e-05,1.3006114291093532e-05,1.9509171436640297e-05
signed_hqql_tbl,mod.blocks.1.attn.h4,photon<-electron,0.013388836044606155,-4.78717052695773e-06,-3.4199621856074646e-05,3.981871369822849e-05,2.9065193302812986e-05,2.9412451329116918e-05,-4.460588422518622e-05,4.78717052695773e-06,1.949339619151619e-05
B_tbl_minus_hqql,mod.blocks.5.attn.h7,charged_hadron<-electron,0.004804979655004683,-1.2981996405869722e-05,0.0,0.0,0.0,-1.2981996405869722e-05,-1.2981996405869722e-05,1.2981996405869722e-05,1.9472994608804584e-05
B_tbl_minus_hqql,mod.blocks.4.attn.h7,neutral_hadron<-muon,0.022100985050201416,-1.2967156362719833e-05,0.0,0.0,0.0,-1.2967156362719833e-05,-1.2967156362719833e-05,1.2967156362719833e-05,1.9450734544079748e-05
B_tbl_minus_hqql,mod.blocks.7.attn.h4,electron<-muon,0.05446530878543854,-1.2966742360731587e-05,0.0,0.0,0.0,-1.2966742360731587e-05,-1.2966742360731587e-05,1.2966742360731587e-05,1.945011354109738e-05
signed_hqql_tbl,mod.blocks.4.attn.h7,charged_hadron<-photon,0.015299442735867029,-5.850220512833332e-06,2.134900223143354e-05,-1.0239281886713248e-05,2.980666804879138e-05,-2.719922274426687e-05,4.389061373879915e-06,5.850220512833332e-06,1.944983188496677e-05
B_tbl_minus_hqql,mod.blocks.2.attn.h3,muon<-photon,0.014025596380233764,1.2956064892932773e-05,0.0,0.0,0.0,1.2956064892932773e-05,1.2956064892932773e-05,1.2956064892932773e-05,1.943409733939916e-05
signed_hqql_tbl,mod.blocks.4.attn.h7,muon<-charged_hadron,0.021705739200115204,1.7072145055863075e-05,1.2354368570809946e-05,0.00012653358280658721,7.836547659032725e-05,4.717776485053129e-06,-0.00010946143775072414,1.7072145055863075e-05,1.943103329838964e-05
B_tbl_minus_hqql,mod.blocks.1.attn.h0,photon<-neutral_hadron,0.017570140768640975,-1.294320774991077e-05,0.0,0.0,0.0,-1.294320774991077e-05,-1.294320774991077e-05,1.294320774991077e-05,1.9414811624866155e-05
B_tbl_minus_hqql,mod.blocks.5.attn.h6,neutral_hadron<-charged_hadron,0.030036887801995798,-1.292374358102888e-05,0.0,0.0,0.0,-1.292374358102888e-05,-1.292374358102888e-05,1.292374358102888e-05,1.938561537154332e-05
signed_hqql_tbl,mod.blocks.7.attn.h7,photon<-charged_hadron,0.02558362848974941,4.739427738575505e-06,3.399120570851106e-05,2.1091324026614813e-05,8.001095501804497e-06,-2.925177796993555e-05,-1.6351896288039308e-05,4.739427738575505e-06,1.936531672354328e-05
B_tbl_minus_hqql,mod.blocks.0.attn.h1,photon<-photon,0.013740402733055783,-1.289297434361554e-05,0.0,0.0,0.0,-1.289297434361554e-05,-1.289297434361554e-05,1.289297434361554e-05,1.933946151542331e-05
signed_hqql_tbl,mod.blocks.6.attn.h0,neutral_hadron<-electron,0.008416417434259697,1.2687659801923911e-05,-5.969478527396476e-07,4.4573941136150095e-06,-2.0006437807751354e-05,1.328460765466356e-05,8.230265688308903e-06,1.2687659801923911e-05,1.9329963629255693e-05
signed_hqql_tbl,mod.blocks.5.attn.h5,photon<-neutral_hadron,0.007985152927005463,5.392405755325741e-06,-2.2476185941037747e-05,2.465875137644282e-06,-1.3722919797155503e-05,2.7868591696363487e-05,2.926530617681459e-06,5.392405755325741e-06,1.9326701603507484e-05
B_tbl_minus_hqql,mod.blocks.0.attn.h3,electron<-muon,0.0020303090568631887,1.2878799680038355e-05,0.0,0.0,0.0,1.2878799680038355e-05,1.2878799680038355e-05,1.2878799680038355e-05,1.9318199520057533e-05
signed_hqql_tbl,mod.blocks.1.attn.h2,charged_hadron<-neutral_hadron,0.013951984540421089,1.525113777145326e-05,2.3369612870247224e-05,4.3188089575386585e-05,-3.165744525608803e-05,-8.118475098793964e-06,-2.7936951803933325e-05,1.525113777145326e-05,1.931037532085024e-05
signed_hqql_tbl,mod.blocks.4.attn.h0,photon<-neutral_hadron,0.018586663087908385,1.0421829547871801e-05,2.8055875660439217e-05,-7.0794133005768e-06,3.3993592934085746e-05,-1.7634046112567416e-05,1.75012428484486e-05,1.0421829547871801e-05,1.923885260415551e-05
B_tbl_minus_hqql,mod.blocks.0.attn.h3,charged_hadron<-charged_hadron,0.023005818309187815,1.2819709713828299e-05,0.0,0.0,0.0,1.2819709713828299e-05,1.2819709713828299e-05,1.2819709713828299e-05,1.9229564570742446e-05
B_tbl_minus_hqql,mod.blocks.4.attn.h4,electron<-charged_hadron,0.027086247379581135,-1.2818864130773969e-05,0.0,0.0,0.0,-1.2818864130773969e-05,-1.2818864130773969e-05,1.2818864130773969e-05,1.9228296196160954e-05
B_tbl_minus_hqql,mod.blocks.5.attn.h3,photon<-electron,0.03840242726046864,-1.2815436130631867e-05,0.0,0.0,0.0,-1.2815436130631867e-05,-1.2815436130631867e-05,1.2815436130631867e-05,1.92231541959478e-05
B_tbl_minus_hqql,mod.cls_blocks.1.attn.h6,neutral_hadron<-neutral_hadron,0.01898328842301118,-1.2810260829466738e-05,0.0,0.0,0.0,-1.2810260829466738e-05,-1.2810260829466738e-05,1.2810260829466738e-05,1.9215391244200108e-05
B_tbl_minus_hqql,mod.blocks.0.attn.h5,charged_hadron<-photon,0.01812814171778405,-1.2792774901420292e-05,0.0,0.0,0.0,-1.2792774901420292e-05,-1.2792774901420292e-05,1.2792774901420292e-05,1.918916235213044e-05
signed_hqql_tbl,mod.blocks.5.attn.h4,electron<-photon,0.012994817601956003,-3.4456693873931447e-06,2.7974184464525293e-05,-2.2692850117372082e-05,3.474885852483567e-05,-3.1419853851918435e-05,1.9247180729978936e-05,3.4456693873931447e-06,1.9155596313352364e-05
B_tbl_minus_hqql,mod.blocks.2.attn.h0,neutral_hadron<-charged_hadron,0.025439783037543632,1.270329235356395e-05,0.0,0.0,0.0,1.270329235356395e-05,1.270329235356395e-05,1.270329235356395e-05,1.9054938530345926e-05
signed_hqql_tbl,mod.blocks.2.attn.h6,charged_hadron<-photon,0.017867989584175167,-8.510967150907846e-06,-2.9564213045928413e-05,-9.529201414840049e-06,-3.0253690597833622e-05,2.105324589502057e-05,1.018234263932203e-06,8.510967150907846e-06,1.903759009841813e-05
B_tbl_minus_hqql,mod.blocks.6.attn.h0,neutral_hadron<-electron,0.008416413846943114,1.2687640264630318e-05,0.0,0.0,0.0,1.2687640264630318e-05,1.2687640264630318e-05,1.2687640264630318e-05,1.9031460396945477e-05
B_tbl_minus_hqql,mod.blocks.4.attn.h7,neutral_hadron<-charged_hadron,0.026265939410661115,1.2674303393561853e-05,0.0,0.0,0.0,1.2674303393561853e-05,1.2674303393561853e-05,1.2674303393561853e-05,1.901145509034278e-05
signed_hqql_tbl,mod.blocks.7.attn.h3,electron<-charged_hadron,0.01397786999032611,-3.4873275548566847e-06,2.7546730769134946e-05,0.00013666664552607242,1.3282485015224666e-05,-3.1034058323991634e-05,-0.0001401539730809291,3.4873275548566847e-06,1.90043567168525e-05
signed_hqql_tbl,mod.blocks.3.attn.h4,electron<-charged_hadron,0.022846182187398274,-9.937597496900707e-06,8.177922361276366e-06,-3.837210249327037e-05,-5.531623377464712e-05,-1.8115519858177073e-05,2.8434504996369665e-05,9.937597496900707e-06,1.8995357425989244e-05
signed_hqql_tbl,mod.blocks.0.attn.h5,charged_hadron<-charged_hadron,0.02464632319434458,9.213333925891827e-06,-1.0346485040115998e-05,3.2395445342883915e-06,-1.612419092166318e-05,1.9559818966007823e-05,5.973789391603435e-06,9.213333925891827e-06,1.899324340889574e-05
B_tbl_minus_hqql,mod.blocks.0.attn.h3,photon<-charged_hadron,0.02083578039496569,-1.2646271893391433e-05,0.0,0.0,0.0,-1.2646271893391433e-05,-1.2646271893391433e-05,1.2646271893391433e-05,1.896940784008715e-05
signed_hqql_tbl,mod.blocks.1.attn.h6,neutral_hadron<-charged_hadron,0.028678647276400186,-9.609532610354136e-06,9.083008988357067e-06,4.2686845339318955e-06,-1.4223096843768449e-05,-1.86925415987112e-05,-1.3878217144286032e-05,9.609532610354136e-06,1.8955803409709736e-05
B_tbl_minus_hqql,mod.blocks.0.attn.h7,photon<-neutral_hadron,0.029732794075323903,-1.2620345432278589e-05,0.0,0.0,0.0,-1.2620345432278589e-05,-1.2620345432278589e-05,1.2620345432278589e-05,1.8930518148417882e-05
B_tbl_minus_hqql,mod.blocks.6.attn.h2,neutral_hadron<-charged_hadron,0.02754528929873341,1.261558201743149e-05,0.0,0.0,0.0,1.261558201743149e-05,1.261558201743149e-05,1.261558201743149e-05,1.8923373026147235e-05
B_tbl_minus_hqql,mod.blocks.1.attn.h0,neutral_hadron<-charged_hadron,0.02516727427474591,1.2597858551002684e-05,0.0,0.0,0.0,1.2597858551002684e-05,1.2597858551002684e-05,1.2597858551002684e-05,1.8896787826504026e-05
signed_hqql_tbl,mod.blocks.7.attn.h2,neutral_hadron<-electron,0.014141138229105208,-9.221562305794106e-06,1.0116143034553571e-05,-1.3282782783790025e-05,-1.2692907262135122e-05,-1.9337705340347677e-05,4.061220477995919e-06,9.221562305794106e-06,1.8890414975967946e-05
signed_hqql_tbl,mod.blocks.7.attn.h2,electron<-charged_hadron,0.02222205521095367,-1.6315537712736322e-05,-1.1170029668419651e-05,5.8816487622586475e-05,-1.5694808098487556e-05,-5.145508044316671e-06,-7.51320253353228e-05,1.6315537712736322e-05,1.8888291734894657e-05
B_tbl_minus_hqql,mod.blocks.5.attn.h2,charged_hadron<-neutral_hadron,0.015227492149470567,1.2555577989839832e-05,0.0,0.0,0.0,1.2555577989839832e-05,1.2555577989839832e-05,1.2555577989839832e-05,1.8833366984759748e-05
B_tbl_minus_hqql,mod.blocks.7.attn.h4,photon<-neutral_hadron,0.016781288730056687,-1.2535266401123262e-05,0.0,0.0,0.0,-1.2535266401123262e-05,-1.2535266401123262e-05,1.2535266401123262e-05,1.8802899601684894e-05
signed_hqql_tbl,mod.blocks.5.attn.h1,charged_hadron<-neutral_hadron,0.02094447896594093,9.94929017274737e-06,-7.722290523263878e-06,-1.0672315077764551e-07,-5.144539566387661e-07,1.767158069601125e-05,1.0056013323525016e-05,9.94929017274737e-06,1.8785080520752992e-05
signed_hqql_tbl,mod.blocks.3.attn.h7,electron<-photon,0.018211980660756428,-5.002833933122759e-06,2.252597370426412e-05,-8.005229392438196e-05,6.158892711027875e-05,-2.752880763738688e-05,7.50494599912592e-05,5.002833933122759e-06,1.87672377518162e-05
B_tbl_minus_hqql,mod.blocks.5.attn.h7,muon<-photon,0.0021277563273906707,-1.2462914455682039e-05,0.0,0.0,0.0,-1.2462914455682039e-05,-1.2462914455682039e-05,1.2462914455682039e-05,1.8694371683523058e-05
B_tbl_minus_hqql,mod.blocks.3.attn.h2,electron<-neutral_hadron,0.004440053124670629,1.2453705629148451e-05,0.0,0.0,0.0,1.2453705629148451e-05,1.2453705629148451e-05,1.2453705629148451e-05,1.8680558443722675e-05
B_tbl_minus_hqql,mod.blocks.0.attn.h2,electron<-charged_hadron,0.022660786552088603,1.2435482945182316e-05,0.0,0.0,0.0,1.2435482945182316e-05,1.2435482945182316e-05,1.2435482945182316e-05,1.8653224417773474e-05
signed_hqql_tbl,mod.blocks.7.attn.h1,charged_hadron<-charged_hadron,0.02573756589873965,-1.337213611347853e-05,-2.863804280342073e-06,-8.24553654538498e-06,-4.998141715152086e-06,-1.0508331833136457e-05,-5.126599568093551e-06,1.337213611347853e-05,1.862630203004676e-05
B_tbl_minus_hqql,mod.blocks.6.attn.h3,electron<-charged_hadron,0.01893345849765908,1.2388733542441818e-05,0.0,0.0,0.0,1.2388733542441818e-05,1.2388733542441818e-05,1.2388733542441818e-05,1.8583100313662726e-05
signed_hqql_tbl,mod.blocks.4.attn.h3,photon<-charged_hadron,0.02289417015893276,-9.85585847694119e-06,7.591800502429392e-06,-2.8097460580215866e-06,8.930191278013044e-07,-1.744765897937058e-05,-7.0461124189196035e-06,9.85585847694119e-06,1.857968796662648e-05
signed_hqql_tbl,mod.blocks.4.attn.h5,neutral_hadron<-neutral_hadron,0.009355704598598752,-8.115525319944899e-06,1.2791099888013417e-05,-2.669295426462624e-05,4.253322857992466e-05,-2.0906625207958314e-05,1.857742894468134e-05,8.115525319944899e-06,1.8568837923924056e-05
signed_hqql_tbl,mod.blocks.1.attn.h1,charged_hadron<-charged_hadron,0.023778992374344034,5.2692572495876595e-06,3.184904535719521e-05,3.2068918007570053e-06,3.339051676576444e-05,-2.6579788107607553e-05,2.0623654488306543e-06,5.2692572495876595e-06,1.8559151303391436e-05
B_tbl_minus_hqql,mod.blocks.5.attn.h7,electron<-charged_hadron,0.0305742940732411,1.2369473378861412e-05,0.0,0.0,0.0,1.2369473378861412e-05,1.2369473378861412e-05,1.2369473378861412e-05,1.855421006829212e-05
B_tbl_minus_hqql,mod.blocks.0.attn.h0,photon<-electron,0.024215020784517614,-1.2351342427688158e-05,0.0,0.0,0.0,-1.2351342427688158e-05,-1.2351342427688158e-05,1.2351342427688158e-05,1.8527013641532237e-05
B_tbl_minus_hqql,mod.blocks.4.attn.h4,muon<-neutral_hadron,0.007042251527309418,-1.2350721226539462e-05,0.0,0.0,0.0,-1.2350721226539462e-05,-1.2350721226539462e-05,1.2350721226539462e-05,1.8526081839809193e-05
signed_hqql_tbl,mod.blocks.6.attn.h0,neutral_hadron<-charged_hadron,0.024352354963286586,5.604962505111915e-06,-2.0055727571226865e-05,1.4075714287246322e-06,-3.0624119312583326e-06,2.566069007633878e-05,4.197391076387282e-06,5.604962505111915e-06,1.8435307543281303e-05
B_tbl_minus_hqql,mod.blocks.5.attn.h2,charged_hadron<-photon,0.016923098740448228,1.2280423722645791e-05,0.0,0.0,0.0,1.2280423722645791e-05,1.2280423722645791e-05,1.2280423722645791e-05,1.8420635583968685e-05
signed_hqql_tbl,mod.blocks.4.attn.h4,neutral_hadron<-neutral_hadron,0.02070951289268302,1.2099910892458389e-05,-5.332970815856545e-07,1.1755651296977625e-05,-3.898927970938764e-07,1.2633207974044044e-05,3.4425959548076436e-07,1.2099910892458389e-05,1.8416514879480412e-05
signed_hqql_tbl,mod.blocks.0.attn.h7,electron<-muon,1.301795055042021e-05,-2.4801387610295933e-08,3.671851663966663e-05,0.0,0.0,-3.674331802727693e-05,-2.4801387610295933e-08,2.4801387610295933e-08,1.839646040124876e-05
signed_hqql_tbl,mod.blocks.4.attn.h3,charged_hadron<-photon,0.015296001712550049,-1.146481670852178e-05,2.3278746590680628e-06,-9.956595565933602e-06,1.2745815712937215e-05,-1.3792691367589844e-05,-1.5082211425881789e-06,1.146481670852178e-05,1.8361162392316702e-05
B_tbl_minus_hqql,mod.blocks.7.attn.h6,electron<-neutral_hadron,0.00798524985158885,1.2222873313779322e-05,0.0,0.0,0.0,1.2222873313779322e-05,1.2222873313779322e-05,1.2222873313779322e-05,1.8334309970668983e-05
B_tbl_minus_hqql,mod.blocks.7.attn.h5,electron<-charged_hadron,0.018542097083159854,1.2215741446111461e-05,0.0,0.0,0.0,1.2215741446111461e-05,1.2215741446111461e-05,1.2215741446111461e-05,1.8323612169167192e-05
signed_hqql_tbl,mod.blocks.2.attn.h1,muon<-muon,0.00030666476231999695,-1.800782047212124e-05,-1.862823502740696e-05,2.5041476874321233e-06,-1.9753518245124724e-05,6.204145552857199e-07,-2.0511968159553362e-05,1.800782047212124e-05,1.83180277497641e-05
B_tbl_minus_hqql,mod.blocks.4.attn.h7,muon<-photon,0.019213860034942628,1.2206198880448937e-05,0.0,0.0,0.0,1.2206198880448937e-05,1.2206198880448937e-05,1.2206198880448937e-05,1.8309298320673405e-05
signed_hqql_tbl,mod.blocks.0.attn.h0,photon<-charged_hadron,0.02125738729017446,-1.033798910237328e-05,5.547040165975009e-06,-1.164815129281801e-05,-2.6849414127801514e-06,-1.588502926834829e-05,1.3101621904447304e-06,1.033798910237328e-05,1.8280503736547424e-05
signed_hqql_tbl,mod.blocks.1.attn.h5,charged_hadron<-electron,0.018063953589825404,4.548364813672379e-06,-2.2854928454652314e-05,-3.231065374552861e-05,-4.1269144567195326e-05,2.7403293268324693e-05,3.685901855920099e-05,4.548364813672379e-06,1.8250011447834725e-05
signed_hqql_tbl,mod.blocks.5.attn.h0,charged_hadron<-charged_hadron,0.024945610662139284,-5.7105186043602464e-06,1.925924609527172e-05,1.4521162072250698e-05,2.9922231879015666e-05,-2.4969764699631966e-05,-2.0231680676610945e-05,5.7105186043602464e-06,1.819540095417623e-05
B_tbl_minus_hqql,mod.blocks.7.attn.h3,electron<-electron,0.010057371717443352,-1.2112235938740076e-05,0.0,0.0,0.0,-1.2112235938740076e-05,-1.2112235938740076e-05,1.2112235938740076e-05,1.8168353908110113e-05
B_tbl_minus_hqql,mod.blocks.4.attn.h4,neutral_hadron<-neutral_hadron,0.02070951183158599,1.2099913367476757e-05,0.0,0.0,0.0,1.2099913367476757e-05,1.2099913367476757e-05,1.2099913367476757e-05,1.8149870051215134e-05
signed_hqql_tbl,mod.blocks.7.attn.h2,charged_hadron<-neutral_hadron,0.01807300019331005,5.5633202308974116e-06,-1.9604801008540923e-05,3.9241162901537465e-06,-2.0483954667469362e-05,2.5168121239438336e-05,1.639203940743665e-06,5.5633202308974116e-06,1.814738085061658e-05
signed_hqql_tbl,mod.blocks.5.attn.h7,electron<-muon,2.2381034341378836e-06,6.075630665236531e-09,3.621454379754141e-05,0.0,0.0,-3.620846816687617e-05,6.075630665236531e-09,6.075630665236531e-09,1.8110309714103323e-05
B_tbl_minus_hqql,mod.blocks.0.attn.h4,muon<-charged_hadron,0.017210425809025764,-1.20610138765187e-05,0.0,0.0,0.0,-1.20610138765187e-05,-1.20610138765187e-05,1.20610138765187e-05,1.809152081477805e-05
signed_hqql_tbl,mod.blocks.3.attn.h5,electron<-photon,0.020994028667124305,-1.3886045378716132e-05,-5.481368377028654e-06,8.42131006980448e-05,-4.481265932554379e-06,-8.404677001687477e-06,-9.809914607676093e-05,1.3886045378716132e-05,1.808838387955987e-05
signed_hqql_tbl,mod.blocks.7.attn.h4,electron<-electron,0.02934374135313394,-1.4730212353850388e-05,-8.082974855661007e-06,-3.090061667876398e-06,-1.0310331822438456e-05,-6.647237498189381e-06,-1.164015068597399e-05,1.4730212353850388e-05,1.805383110294508e-05
B_tbl_minus_hqql,mod.blocks.2.attn.h6,neutral_hadron<-photon,0.02000037601801826,1.2010914029314701e-05,0.0,0.0,0.0,1.2010914029314701e-05,1.2010914029314701e-05,1.2010914029314701e-05,1.8016371043972052e-05
signed_hqql_tbl,mod.blocks.2.attn.h6,neutral_hadron<-electron,0.006288847092677046,1.3197603139916384e-05,2.2764063032809645e-05,-1.3741268121520989e-05,-9.175373998004943e-05,-9.566459892893261e-06,2.693887126143737e-05,1.3197603139916384e-05,1.7980833086363014e-05
signed_hqql_tbl,mod.blocks.7.attn.h0,neutral_hadron<-charged_hadron,0.023396495811077726,1.1318096113639052e-05,-1.888104616208625e-06,-8.41763459006294e-06,-5.363939173274589e-06,1.3206200729847676e-05,1.9735730703701993e-05,1.1318096113639052e-05,1.792119647856289e-05
signed_hqql_tbl,mod.blocks.4.attn.h7,neutral_hadron<-charged_hadron,0.026265939410661115,1.2674315592509836e-05,2.2864086971519115e-06,-9.255822526771879e-07,-1.5105874972574956e-05,1.0387906895357924e-05,1.3599897845187024e-05,1.2674315592509836e-05,1.7868269040188798e-05
signed_hqql_tbl,mod.blocks.3.attn.h4,muon<-muon,0.0027049684431403875,6.547082875840715e-07,-3.374098287167726e-05,-6.638575723627582e-05,-1.5754633750475477e-05,3.439569115926133e-05,6.70404655238599e-05,6.547082875840715e-07,1.7852553867214738e-05
signed_hqql_tbl,mod.blocks.6.attn.h2,charged_hadron<-charged_hadron,0.02435536753866474,-1.6393742791607413e-06,-3.40589317033721e-05,-4.291447453505324e-06,-8.419971530388033e-06,3.241955742421136e-05,2.6520731743445826e-06,1.6393742791607413e-06,1.784915299126642e-05
B_tbl_minus_hqql,mod.blocks.6.attn.h6,neutral_hadron<-neutral_hadron,0.00853724309937937,1.1890823619178151e-05,0.0,0.0,0.0,1.1890823619178151e-05,1.1890823619178151e-05,1.1890823619178151e-05,1.7836235428767227e-05
signed_hqql_tbl,mod.blocks.6.attn.h6,charged_hadron<-neutral_hadron,0.013741955353098424,1.7237358436990184e-06,-3.025575510567953e-05,6.265654149057784e-06,-7.872480753316195e-06,3.197949094937855e-05,-4.541918305358766e-06,1.7237358436990184e-06,1.7713481318388294e-05
signed_hqql_tbl,mod.blocks.4.attn.h0,neutral_hadron<-neutral_hadron,0.019794278724699237,-2.270872979262676e-06,2.8580095796913483e-05,-6.8780992709452485e-06,7.515069047183198e-05,-3.085096877617616e-05,4.6072262916825725e-06,2.270872979262676e-06,1.7696357367350757e-05
signed_hqql_tbl,mod.blocks.2.attn.h0,photon<-charged_hadron,0.02471562254160281,-1.0833378884847724e-05,2.788340481417277e-06,-1.8721561407647936e-06,2.136590737706285e-05,-1.3621719366265e-05,-8.96122274408293e-06,1.0833378884847724e-05,1.7644238567980223e-05
signed_hqql_tbl,mod.blocks.3.attn.h5,photon<-muon,0.03433105945587158,1.4289927203208207e-05,2.0993334290228393e-05,-5.001698931058248e-05,-0.000249015683948528,-6.703407087020186e-06,6.430691651379069e-05,1.4289927203208207e-05,1.76416307467183e-05
B_tbl_minus_hqql,mod.blocks.4.attn.h6,neutral_hadron<-photon,0.015035470183130933,-1.1749698525914568e-05,0.0,0.0,0.0,-1.1749698525914568e-05,-1.1749698525914568e-05,1.1749698525914568e-05,1.7624547788871852e-05
signed_hqql_tbl,mod.blocks.7.attn.h0,charged_hadron<-photon,0.01788200359686064,7.50357810053318e-06,-1.2729948788741207e-05,3.112463890891953e-06,9.719808309551199e-06,2.0233526889274385e-05,4.391114209641227e-06,7.50357810053318e-06,1.762034154517037e-05
B_tbl_minus_hqql,mod.blocks.6.attn.h0,electron<-neutral_hadron,0.014188370081009689,-1.1740301016726772e-05,0.0,0.0,0.0,-1.1740301016726772e-05,-1.1740301016726772e-05,1.1740301016726772e-05,1.761045152509016e-05
signed_hqql_tbl,mod.blocks.7.attn.h6,electron<-photon,0.017548045976375177,8.577013121372679e-06,2.66423088895088e-05,6.857235023614651e-07,-1.345977750588645e-05,-1.8065295768136122e-05,7.891289619011214e-06,8.577013121372679e-06,1.760966100544074e-05
B_tbl_minus_hqql,mod.blocks.0.attn.h2,charged_hadron<-photon,0.0192483371905961,1.1737603742084807e-05,0.0,0.0,0.0,1.1737603742084807e-05,1.1737603742084807e-05,1.1737603742084807e-05,1.760640561312721e-05
signed_hqql_tbl,mod.blocks.6.attn.h7,photon<-charged_hadron,0.023699972066212636,1.3621733201089827e-05,5.659245116608559e-06,2.1003434914630096e-05,-3.1076018245806482e-06,7.962488084481268e-06,-7.381701713540269e-06,1.3621733201089827e-05,1.760297724333046e-05
signed_hqql_tbl,mod.blocks.4.attn.h2,photon<-charged_hadron,0.022124982789236296,-1.018293951325988e-05,-2.5000623155734677e-05,-4.228071376257209e-06,3.6769404738981663e-06,1.4817683642474796e-05,-5.954868137002672e-06,1.018293951325988e-05,1.759178133449728e-05
signed_hqql_tbl,mod.blocks.1.attn.h2,photon<-neutral_hadron,0.013624723754837257,8.294631284061587e-06,-1.0194323252577388e-05,-6.466286899590789e-07,-2.298510166397434e-06,1.8488954536638977e-05,8.941259974020667e-06,8.294631284061587e-06,1.7539108552381076e-05
signed_hqql_tbl,mod.blocks.5.attn.h4,photon<-charged_hadron,0.027416572620385233,-7.987884123802103e-06,1.1018560715754096e-05,-4.10498713645078e-08,9.02520184193331e-07,-1.90064448395562e-05,-7.946834252437595e-06,7.987884123802103e-06,1.7491106543580205e-05
B_tbl_minus_hqql,mod.blocks.4.attn.h7,charged_hadron<-electron,0.0036314638952414193,-1.1656041654835766e-05,0.0,0.0,0.0,-1.1656041654835766e-05,-1.1656041654835766e-05,1.1656041654835766e-05,1.748406248225365e-05
B_tbl_minus_hqql,mod.blocks.2.attn.h1,muon<-neutral_hadron,0.010036371648311615,1.1631962843239308e-05,0.0,0.0,0.0,1.1631962843239308e-05,1.1631962843239308e-05,1.1631962843239308e-05,1.7447944264858962e-05
B_tbl_minus_hqql,mod.blocks.4.attn.h6,charged_hadron<-electron,0.010727506840512865,1.1615684170032009e-05,0.0,0.0,0.0,1.1615684170032009e-05,1.1615684170032009e-05,1.1615684170032009e-05,1.7423526255048015e-05
signed_hqql_tbl,mod.blocks.4.attn.h0,neutral_hadron<-electron,0.006813849150030701,-1.263919869045451e-06,3.105352443287158e-05,6.261016620555893e-05,-1.3940678400103934e-05,-3.231744430191703e-05,-6.387408607460439e-05,1.263919869045451e-06,1.7422642020003967e-05
B_tbl_minus_hqql,mod.blocks.5.attn.h2,neutral_hadron<-charged_hadron,0.02436798413594564,1.1601715859975301e-05,0.0,0.0,0.0,1.1601715859975301e-05,1.1601715859975301e-05,1.1601715859975301e-05,1.740257378996295e-05
B_tbl_minus_hqql,mod.blocks.6.attn.h1,charged_hadron<-charged_hadron,0.03148221963619339,-1.1587518746496458e-05,0.0,0.0,0.0,-1.1587518746496458e-05,-1.1587518746496458e-05,1.1587518746496458e-05,1.7381278119744688e-05
B_tbl_minus_hqql,mod.blocks.2.attn.h2,electron<-neutral_hadron,0.006187083406580819,1.1585044881535901e-05,0.0,0.0,0.0,1.1585044881535901e-05,1.1585044881535901e-05,1.1585044881535901e-05,1.7377567322303854e-05
signed_hqql_tbl,mod.blocks.4.attn.h2,charged_hadron<-charged_hadron,0.025901268278772892,-9.075486253995182e-06,-2.5677305564998114e-05,-3.459789401809597e-06,-4.897996513486058e-06,1.6601819311002932e-05,-5.615696852185585e-06,9.075486253995182e-06,1.7376395909496648e-05
B_tbl_minus_hqql,mod.blocks.3.attn.h3,neutral_hadron<-photon,0.01407815539409798,1.1574693379331307e-05,0.0,0.0,0.0,1.1574693379331307e-05,1.1574693379331307e-05,1.1574693379331307e-05,1.736204006899696e-05
signed_hqql_tbl,mod.blocks.3.attn.h3,photon<-electron,0.034346449665906956,8.626992679844663e-06,-8.782953631857204e-06,0.00013637724058363738,-0.00010867513447010424,1.7409946311701867e-05,-0.00012775024790379272,8.626992679844663e-06,1.7331965835695595e-05
signed_hqql_tbl,mod.blocks.3.attn.h2,muon<-neutral_hadron,0.00532405711710453,-3.567744352039881e-06,-3.105252835666761e-05,3.8402111385948956e-05,-2.2255598297407334e-05,2.748478400462773e-05,-4.1969855737988836e-05,3.567744352039881e-06,1.7310136354353744e-05
B_tbl_minus_hqql,mod.blocks.7.attn.h2,charged_hadron<-electron,0.0061714815951529,1.1514847886116644e-05,0.0,0.0,0.0,1.1514847886116644e-05,1.1514847886116644e-05,1.1514847886116644e-05,1.7272271829174966e-05
signed_hqql_tbl,mod.blocks.3.attn.h6,photon<-neutral_hadron,0.008349076971776975,-1.6663374182739484e-05,-1.54935993389887e-05,-1.7690669839002915e-06,6.954741001214461e-06,-1.1697748437507851e-06,-1.4894307198839192e-05,1.6663374182739484e-05,1.7248261604614878e-05
B_tbl_minus_hqql,mod.blocks.4.attn.h3,charged_hadron<-photon,0.015296001988019232,-1.1464817566000321e-05,0.0,0.0,0.0,-1.1464817566000321e-05,-1.1464817566000321e-05,1.1464817566000321e-05,1.719722634900048e-05
B_tbl_minus_hqql,mod.blocks.3.attn.h2,charged_hadron<-muon,0.029357261955738068,-1.1431449820520356e-05,0.0,0.0,0.0,-1.1431449820520356e-05,-1.1431449820520356e-05,1.1431449820520356e-05,1.7147174730780534e-05
signed_hqql_tbl,mod.blocks.0.attn.h3,photon<-neutral_hadron,0.014099544919863352,4.881969996974444e-06,-1.963032006465911e-05,-4.938590605108907e-06,-3.1620264342695152e-06,2.451229006163355e-05,9.820560602083351e-06,4.881969996974444e-06,1.7138115027791218e-05
signed_hqql_tbl,mod.blocks.0.attn.h3,electron<-muon,0.0020303090568631887,1.2878826964879408e-05,2.1376010408857837e-05,0.0,0.0,-8.497183443978429e-06,1.2878826964879408e-05,1.2878826964879408e-05,1.7127418686868623e-05
B_tbl_minus_hqql,mod.blocks.4.attn.h3,electron<-charged_hadron,0.026183840064775376,-1.1401772921782963e-05,0.0,0.0,0.0,-1.1401772921782963e-05,-1.1401772921782963e-05,1.1401772921782963e-05,1.7102659382674445e-05
signed_hqql_tbl,mod.blocks.3.attn.h4,charged_hadron<-neutral_hadron,0.020870454972531614,-1.3170931103485389e-05,-2.102352925284311e-05,-3.208019696686921e-06,-1.918461445408563e-05,7.852598149357722e-06,-9.962911406798468e-06,1.3170931103485389e-05,1.709723017816425e-05
B_tbl_minus_hqql,mod.blocks.3.attn.h5,photon<-electron,0.015105067229852444,-1.1379314715239575e-05,0.0,0.0,0.0,-1.1379314715239575e-05,-1.1379314715239575e-05,1.1379314715239575e-05,1.7068972072859364e-05
B_tbl_minus_hqql,mod.blocks.7.attn.h5,photon<-neutral_hadron,0.006838272374280214,1.1368183491767357e-05,0.0,0.0,0.0,1.1368183491767357e-05,1.1368183491767357e-05,1.1368183491767357e-05,1.7052275237651035e-05
signed_hqql_tbl,mod.blocks.2.attn.h1,photon<-electron,0.004553347583708725,-5.778340278269072e-06,1.6762320592533796e-05,-1.5839757647232284e-05,-3.0219907785067335e-05,-2.2540660870802867e-05,1.0061417368963213e-05,5.778340278269072e-06,1.7048670713670506e-05
B_tbl_minus_hqql,mod.blocks.6.attn.h3,muon<-neutral_hadron,0.003567124158143997,-1.1339511547703297e-05,0.0,0.0,0.0,-1.1339511547703297e-05,-1.1339511547703297e-05,1.1339511547703297e-05,1.7009267321554947e-05
signed_hqql_tbl,mod.blocks.4.attn.h2,neutral_hadron<-photon,0.018119282388297513,5.833814595255235e-06,-1.6497403078133084e-05,2.6569977439673832e-05,-3.5709371016181034e-05,2.233121767338832e-05,-2.0736162844418596e-05,5.833814595255235e-06,1.6999423431949396e-05
B_tbl_minus_hqql,mod.blocks.0.attn.h6,neutral_hadron<-electron,0.01058979994720883,-1.1321242372677833e-05,0.0,0.0,0.0,-1.1321242372677833e-05,-1.1321242372677833e-05,1.1321242372677833e-05,1.698186355901675e-05
signed_hqql_tbl,mod.blocks.7.attn.h7,charged_hadron<-photon,0.017384231951386855,-1.9249966508503907e-06,2.8185395952847392e-05,2.3393845576472724e-05,1.6004265094977716e-05,-3.0110392603697783e-05,-2.5318842227323115e-05,1.9249966508503907e-06,1.6980192952699283e-05
B_tbl_minus_hqql,mod.blocks.7.attn.h0,neutral_hadron<-charged_hadron,0.02339649621178122,1.1318086591713569e-05,0.0,0.0,0.0,1.1318086591713569e-05,1.1318086591713569e-05,1.1318086591713569e-05,1.6977129887570355e-05
signed_hqql_tbl,mod.blocks.0.attn.h3,neutral_hadron<-muon,0.028084492683410643,1.8989521777257323e-06,3.186779213137925e-05,5.7832392485579476e-05,-0.00025475283230965334,-2.9968839953653514e-05,-5.5933440307853743e-05,1.8989521777257323e-06,1.688337215455249e-05
B_tbl_minus_hqql,mod.blocks.0.attn.h3,neutral_hadron<-electron,0.01248770227862729,-1.1246858641108568e-05,0.0,0.0,0.0,-1.1246858641108568e-05,-1.1246858641108568e-05,1.1246858641108568e-05,1.6870287961662852e-05
B_tbl_minus_hqql,mod.blocks.2.attn.h7,charged_hadron<-charged_hadron,0.024232142031738926,-1.1230968994484636e-05,0.0,0.0,0.0,-1.1230968994484636e-05,-1.1230968994484636e-05,1.1230968994484636e-05,1.6846453491726953e-05
signed_hqql_tbl,mod.blocks.4.attn.h6,charged_hadron<-electron,0.010727511896263985,1.1615672043435985e-05,1.209810601942467e-06,-2.1458739594117493e-05,6.106878492573742e-05,1.0405861441493518e-05,3.307441163755348e-05,1.1615672043435985e-05,1.6818602764182744e-05
B_tbl_minus_hqql,mod.blocks.3.attn.h5,photon<-charged_hadron,0.024985247165188493,1.117226758140964e-05,0.0,0.0,0.0,1.117226758140964e-05,1.117226758140964e-05,1.117226758140964e-05,1.675840137211446e-05
B_tbl_minus_hqql,mod.blocks.7.attn.h1,neutral_hadron<-charged_hadron,0.029127176335545815,-1.1166066915469886e-05,0.0,0.0,0.0,-1.1166066915469886e-05,-1.1166066915469886e-05,1.1166066915469886e-05,1.674910037320483e-05
signed_hqql_tbl,mod.blocks.4.attn.h6,charged_hadron<-photon,0.0164950017912549,6.373742199059014e-06,-1.4354141383693334e-05,2.6502553453948588e-06,-1.8451878843312052e-05,2.0727883582752348e-05,3.7234868536641556e-06,6.373742199059014e-06,1.673768399043519e-05
signed_hqql_tbl,mod.blocks.7.attn.h1,photon<-neutral_hadron,0.018610627264589875,4.376105152057059e-06,-2.034674303380537e-05,5.7038974473960975e-06,-4.931940854009698e-06,2.4722848185862428e-05,-1.3277922953390384e-06,4.376105152057059e-06,1.6737529244988274e-05
signed_hqql_tbl,mod.blocks.7.attn.h1,photon<-charged_hadron,0.0254021569664667,-8.159000162225687e-06,8.97730266935431e-06,-3.3020596932082726e-06,7.734545341889255e-06,-1.7136302831579996e-05,-4.856940469017415e-06,8.159000162225687e-06,1.6727151578015687e-05
signed_hqql_tbl,mod.blocks.0.attn.h7,photon<-electron,0.007532380612158194,1.3304016921040791e-05,6.513407290050829e-06,1.2070682714693248e-05,-9.917159513861407e-05,6.790609630989962e-06,1.233334206347543e-06,1.3304016921040791e-05,1.6699321736535773e-05
B_tbl_minus_hqql,mod.blocks.5.attn.h6,charged_hadron<-charged_hadron,0.022277708617390302,1.1117207129557564e-05,0.0,0.0,0.0,1.1117207129557564e-05,1.1117207129557564e-05,1.1117207129557564e-05,1.6675810694336347e-05
signed_hqql_tbl,mod.blocks.2.attn.h3,electron<-neutral_hadron,0.010198832662017257,-8.04845427006108e-06,9.155256377294121e-06,-9.734252962516621e-06,-7.14001225787797e-06,-1.7203710647355203e-05,1.685798692455541e-06,8.04845427006108e-06,1.665030959373868e-05
B_tbl_minus_hqql,mod.blocks.2.attn.h5,electron<-photon,0.01519144938244083,1.1094605429022292e-05,0.0,0.0,0.0,1.1094605429022292e-05,1.1094605429022292e-05,1.1094605429022292e-05,1.664190814353344e-05
B_tbl_minus_hqql,mod.blocks.3.attn.h1,electron<-photon,0.022529037987313618,1.1083540767885563e-05,0.0,0.0,0.0,1.1083540767885563e-05,1.1083540767885563e-05,1.1083540767885563e-05,1.6625311151828343e-05
B_tbl_minus_hqql,mod.blocks.2.attn.h4,neutral_hadron<-charged_hadron,0.026156701694349613,1.1076452406201543e-05,0.0,0.0,0.0,1.1076452406201543e-05,1.1076452406201543e-05,1.1076452406201543e-05,1.6614678609302314e-05
signed_hqql_tbl,mod.blocks.1.attn.h6,charged_hadron<-photon,0.017029814262874962,-1.0287977742560635e-05,-2.2939263637416675e-05,2.3365931051373643e-06,1.280019219975027e-07,1.265128589485604e-05,-1.2624570847698e-05,1.0287977742560635e-05,1.6613620689988656e-05
signed_hqql_tbl,mod.blocks.7.attn.h5,charged_hadron<-neutral_hadron,0.005735171162614635,7.412195375583106e-06,-1.0857560842080413e-05,1.4486315346561765e-05,-2.719306690014166e-05,1.826975621766352e-05,-7.074119970978659e-06,7.412195375583106e-06,1.6547073484414865e-05
signed_hqql_tbl,mod.blocks.6.attn.h0,electron<-photon,0.012249838893975669,-1.041551463199946e-05,-2.2651276581368787e-05,-0.00010480532565842233,-4.029298906971235e-06,1.2235761949369327e-05,9.438981102642287e-05,1.041551463199946e-05,1.6533395606684123e-05
B_tbl_minus_hqql,mod.blocks.1.attn.h1,electron<-electron,0.009469918285806974,-1.1008831279468723e-05,0.0,0.0,0.0,-1.1008831279468723e-05,-1.1008831279468723e-05,1.1008831279468723e-05,1.6513246919203084e-05
B_tbl_minus_hqql,mod.blocks.4.attn.h0,muon<-photon,0.010288727283477784,-1.0957368649542332e-05,0.0,0.0,0.0,-1.0957368649542332e-05,-1.0957368649542332e-05,1.0957368649542332e-05,1.6436052974313497e-05
signed_hqql_tbl,mod.blocks.6.attn.h1,charged_hadron<-charged_hadron,0.03148221915738113,-1.1587525088187142e-05,-2.0633491545660213e-06,3.751948608026697e-06,2.3863849836070133e-05,-9.52417593362112e-06,-1.533947369621384e-05,1.1587525088187142e-05,1.6349613054997703e-05
signed_hqql_tbl,mod.cls_blocks.1.attn.h5,muon<-CLS,0.0,0.0,3.2661191653460264e-05,0.0,0.0,-3.2661191653460264e-05,0.0,0.0,1.6330595826730132e-05
B_tbl_minus_hqql,mod.blocks.7.attn.h7,electron<-charged_hadron,0.024270318093753997,1.088090340046966e-05,0.0,0.0,0.0,1.088090340046966e-05,1.088090340046966e-05,1.088090340046966e-05,1.6321355100704492e-05
signed_hqql_tbl,mod.blocks.3.attn.h3,neutral_hadron<-photon,0.01407815576873434,1.157469114303761e-05,2.1006238494313704e-06,7.2274878122002954e-06,-9.025051956562295e-06,9.474067293606239e-06,4.347203330837315e-06,1.157469114303761e-05,1.6311724789840728e-05
B_tbl_minus_hqql,mod.blocks.5.attn.h0,neutral_hadron<-charged_hadron,0.023926334220822118,1.0862235048021444e-05,0.0,0.0,0.0,1.0862235048021444e-05,1.0862235048021444e-05,1.0862235048021444e-05,1.6293352572032165e-05
B_tbl_minus_hqql,mod.blocks.4.attn.h2,photon<-photon,0.01726294548630679,1.085965860502912e-05,0.0,0.0,0.0,1.085965860502912e-05,1.085965860502912e-05,1.085965860502912e-05,1.6289487907543678e-05
signed_hqql_tbl,mod.blocks.5.attn.h7,neutral_hadron<-neutral_hadron,0.008114926242193237,-8.569297921399009e-06,6.810076068697468e-06,-2.2843214362250322e-06,1.6784068257956436e-06,-1.5379373990096477e-05,-6.2849764851739764e-06,8.569297921399009e-06,1.6258984916447247e-05
B_tbl_minus_hqql,mod.blocks.2.attn.h0,photon<-charged_hadron,0.024715622610470108,-1.0833381751516176e-05,0.0,0.0,0.0,-1.0833381751516176e-05,-1.0833381751516176e-05,1.0833381751516176e-05,1.6250072627274263e-05
B_tbl_minus_hqql,mod.blocks.0.attn.h4,charged_hadron<-charged_hadron,0.013410271553258846,1.0824698250483825e-05,0.0,0.0,0.0,1.0824698250483825e-05,1.0824698250483825e-05,1.0824698250483825e-05,1.623704737572574e-05
signed_hqql_tbl,mod.blocks.3.attn.h6,charged_hadron<-neutral_hadron,0.009025926382935682,-8.537619947312342e-06,-2.3866516023173093e-05,-2.7892910157730516e-06,-9.3551100284711e-06,1.532889607586075e-05,-5.74832893153929e-06,8.537619947312342e-06,1.620206798524272e-05
signed_hqql_tbl,mod.blocks.2.attn.h4,charged_hadron<-neutral_hadron,0.026732497054989597,-4.149969740241182e-06,-2.8248887066999243e-05,-1.3049701240901382e-05,-7.2555307395242414e-06,2.409891732675806e-05,8.8997315006602e-06,4.149969740241182e-06,1.619942840362021e-05
B_tbl_minus_hqql,mod.blocks.1.attn.h7,charged_hadron<-photon,0.016252950049080235,-1.0792569076811334e-05,0.0,0.0,0.0,-1.0792569076811334e-05,-1.0792569076811334e-05,1.0792569076811334e-05,1.6188853615217e-05
signed_hqql_tbl,mod.blocks.1.attn.h5,muon<-muon,0.0002950934285763651,-4.4728813008987345e-06,-2.7846580451296177e-05,-3.492158430162817e-05,-0.0006319495805655606,2.3373699150397442e-05,3.0448703000729438e-05,4.4728813008987345e-06,1.6159730876097456e-05
B_tbl_minus_hqql,mod.blocks.0.attn.h5,charged_hadron<-electron,0.013115101094756807,-1.0728042893571824e-05,0.0,0.0,0.0,-1.0728042893571824e-05,-1.0728042893571824e-05,1.0728042893571824e-05,1.6092064340357736e-05
signed_hqql_tbl,mod.blocks.4.attn.h4,charged_hadron<-photon,0.017519579534238643,-5.369993472947448e-06,1.60734555033835e-05,2.084348335129911e-07,1.0299509776652138e-05,-2.1443448976330948e-05,-5.578428306460439e-06,5.369993472947448e-06,1.6091717961112924e-05
signed_hqql_tbl,mod.blocks.2.attn.h5,neutral_hadron<-charged_hadron,0.028121346853026488,-1.3192798612973227e-05,-1.895874313482901e-05,7.334229361807582e-06,6.063228862344955e-06,5.765944521855783e-06,-2.052702797478081e-05,1.3192798612973227e-05,1.6075770873901118e-05
signed_hqql_tbl,mod.blocks.2.attn.h2,charged_hadron<-charged_hadron,0.023779584425702004,1.680185765615293e-06,-2.6960186807631504e-05,2.7995544028102453e-05,-2.9198730321577042e-05,2.8640372573246797e-05,-2.631535826248716e-05,1.680185765615293e-06,1.600037205223869e-05
B_tbl_minus_hqql,mod.blocks.6.attn.h4,electron<-neutral_hadron,0.04458781911267175,-1.0655858743659877e-05,0.0,0.0,0.0,-1.0655858743659877e-05,-1.0655858743659877e-05,1.0655858743659877e-05,1.5983788115489813e-05
B_tbl_minus_hqql,mod.blocks.1.attn.h6,photon<-electron,0.00968802750595217,1.0650179526821628e-05,0.0,0.0,0.0,1.0650179526821628e-05,1.0650179526821628e-05,1.0650179526821628e-05,1.5975269290232442e-05
B_tbl_minus_hqql,mod.blocks.4.attn.h3,photon<-electron,0.013709510002678973,-1.06431456278949e-05,0.0,0.0,0.0,-1.06431456278949e-05,-1.06431456278949e-05,1.06431456278949e-05,1.596471844184235e-05
B_tbl_minus_hqql,mod.blocks.0.attn.h1,electron<-photon,0.01738666107014912,1.0641672216900965e-05,0.0,0.0,0.0,1.0641672216900965e-05,1.0641672216900965e-05,1.0641672216900965e-05,1.5962508325351447e-05
signed_hqql_tbl,mod.blocks.6.attn.h2,neutral_hadron<-photon,0.019960138874185827,4.1660391161998875e-06,-1.9388728959905484e-05,1.1298799851157927e-06,-9.868934782216705e-06,2.355476807610537e-05,3.036159131084095e-06,4.1660391161998875e-06,1.5943423154252574e-05
B_tbl_minus_hqql,mod.blocks.4.attn.h1,charged_hadron<-photon,0.013891883078233002,-1.0623681414947732e-05,0.0,0.0,0.0,-1.0623681414947732e-05,-1.0623681414947732e-05,1.0623681414947732e-05,1.5935522122421598e-05
signed_hqql_tbl,mod.blocks.4.attn.h7,neutral_hadron<-neutral_hadron,0.014596639865184904,-5.548312453699554e-07,3.0149934921104458e-05,-1.755450693524549e-05,1.329888785663787e-05,-3.070476616647441e-05,1.6999675689875532e-05,5.548312453699554e-07,1.590721432860716e-05
B_tbl_minus_hqql,mod.blocks.2.attn.h1,charged_hadron<-electron,0.004791053100710823,-1.0593662279591496e-05,0.0,0.0,0.0,-1.0593662279591496e-05,-1.0593662279591496e-05,1.0593662279591496e-05,1.5890493419387243e-05
signed_hqql_tbl,mod.blocks.6.attn.h1,charged_hadron<-neutral_hadron,0.01225844766913342,-1.5438866624817336e-05,-1.633164195456219e-05,-3.4962958551543525e-06,-9.530636842188926e-07,8.927753297448553e-07,-1.1942570769662984e-05,1.5438866624817336e-05,1.5885254289689763e-05
B_tbl_minus_hqql,mod.blocks.1.attn.h4,electron<-charged_hadron,0.01312511024020967,-1.0585802512997317e-05,0.0,0.0,0.0,-1.0585802512997317e-05,-1.0585802512997317e-05,1.0585802512997317e-05,1.5878703769495974e-05
signed_hqql_tbl,mod.blocks.6.attn.h7,charged_hadron<-photon,0.015807452537915666,-7.137382356745876e-07,2.9588015915522852e-05,3.6936030154930525e-06,5.765556743017258e-06,-3.030175415119744e-05,-4.4073412511676405e-06,7.137382356745876e-07,1.5864615311273307e-05
signed_hqql_tbl,mod.blocks.2.attn.h7,neutral_hadron<-neutral_hadron,0.007017714536336601,-1.0449538869400639e-05,3.741757172860277e-07,-6.524097136552356e-06,7.37501450370006e-06,-1.0823714586686667e-05,-3.925441732848283e-06,1.0449538869400639e-05,1.5861396162743973e-05
B_tbl_minus_hqql,mod.blocks.5.attn.h0,photon<-electron,0.00964087393225693,-1.0546762969466001e-05,0.0,0.0,0.0,-1.0546762969466001e-05,-1.0546762969466001e-05,1.0546762969466001e-05,1.5820144454199004e-05
signed_hqql_tbl,mod.blocks.7.attn.h7,photon<-photon,0.012999867436701007,-3.8514286037509385e-06,1.9993933652635334e-05,1.4743869115325789e-05,2.6539984239584227e-06,-2.384536225638627e-05,-1.8595297719076728e-05,3.8514286037509385e-06,1.5774109731944073e-05
B_tbl_minus_hqql,mod.blocks.7.attn.h2,electron<-photon,0.021486096508134673,1.0511006902509588e-05,0.0,0.0,0.0,1.0511006902509588e-05,1.0511006902509588e-05,1.0511006902509588e-05,1.576651035376438e-05
signed_hqql_tbl,mod.blocks.6.attn.h4,electron<-charged_hadron,0.02956773979323251,4.985897075606599e-06,2.6537272655828433e-05,-0.0001880850709155844,0.00013177874847315253,-2.1551375580221835e-05,0.00019307096799119102,4.985897075606599e-06,1.5761584865717516e-05
signed_hqql_tbl,mod.blocks.4.attn.h5,electron<-charged_hadron,0.028592712112835476,-1.403450559813618e-05,-1.7387493845131812e-05,0.00016103853369881026,-0.0002836724725784734,3.352988246995633e-06,-0.00017507303929694643,1.403450559813618e-05,1.5710999721633995e-05
B_tbl_minus_hqql,mod.blocks.2.attn.h7,neutral_hadron<-neutral_hadron,0.007017714005788086,-1.044956484218376e-05,0.0,0.0,0.0,-1.044956484218376e-05,-1.044956484218376e-05,1.044956484218376e-05,1.567434726327564e-05
B_tbl_minus_hqql,mod.blocks.1.attn.h5,charged_hadron<-neutral_hadron,0.01291441616891813,1.0447988954453575e-05,0.0,0.0,0.0,1.0447988954453575e-05,1.0447988954453575e-05,1.0447988954453575e-05,1.5671983431680362e-05
signed_hqql_tbl,mod.blocks.6.attn.h4,neutral_hadron<-photon,0.016415135898656025,-5.053873061208906e-06,1.6160959476608944e-05,-3.5145691694439033e-06,-1.3477566828069685e-06,-2.121483253781785e-05,-1.5393038917650025e-06,5.053873061208906e-06,1.5661289330117832e-05
B_tbl_minus_hqql,mod.blocks.2.attn.h4,neutral_hadron<-photon,0.016092742298624937,-1.0440378218416843e-05,0.0,0.0,0.0,-1.0440378218416843e-05,-1.0440378218416843e-05,1.0440378218416843e-05,1.5660567327625263e-05
B_tbl_minus_hqql,mod.blocks.5.attn.h1,photon<-photon,0.014572124180055886,-1.0439872568034458e-05,0.0,0.0,0.0,-1.0439872568034458e-05,-1.0439872568034458e-05,1.0439872568034458e-05,1.565980885205169e-05
signed_hqql_tbl,mod.blocks.4.attn.h1,photon<-neutral_hadron,0.01990214672049661,-6.514158888528561e-06,1.1776235047283808e-05,-2.480585130158745e-06,1.3956484421871621e-05,-1.829039393581237e-05,-4.033573758369815e-06,6.514158888528561e-06,1.5659355856434747e-05
B_tbl_minus_hqql,mod.blocks.6.attn.h6,charged_hadron<-charged_hadron,0.03297862908435284,-1.0422367048024891e-05,0.0,0.0,0.0,-1.0422367048024891e-05,-1.0422367048024891e-05,1.0422367048024891e-05,1.5633550572037337e-05
B_tbl_minus_hqql,mod.blocks.4.attn.h0,photon<-neutral_hadron,0.018586663087908385,1.0421821023431203e-05,0.0,0.0,0.0,1.0421821023431203e-05,1.0421821023431203e-05,1.0421821023431203e-05,1.5632731535146805e-05
B_tbl_minus_hqql,mod.blocks.6.attn.h0,electron<-photon,0.012249836955613238,-1.0415512916529778e-05,0.0,0.0,0.0,-1.0415512916529778e-05,-1.0415512916529778e-05,1.0415512916529778e-05,1.5623269374794666e-05
signed_hqql_tbl,mod.blocks.5.attn.h4,charged_hadron<-charged_hadron,0.02410164989041941,-7.529147642063641e-06,8.658710749401844e-06,1.3792591189590086e-06,8.700501834335841e-07,-1.6187858391465485e-05,-8.90840676102265e-06,7.529147642063641e-06,1.5623076837796382e-05
signed_hqql_tbl,mod.blocks.2.attn.h4,neutral_hadron<-photon,0.016092742092574937,-1.0440375657426105e-05,-1.1540932312476781e-07,-1.0008404219848592e-05,-1.4346108443737215e-05,-1.0324966334301337e-05,-4.319714375775129e-07,1.0440375657426105e-05,1.5602858824576773e-05
B_tbl_minus_hqql,mod.blocks.1.attn.h5,neutral_hadron<-charged_hadron,0.024180145357169357,1.0393470615743338e-05,0.0,0.0,0.0,1.0393470615743338e-05,1.0393470615743338e-05,1.0393470615743338e-05,1.5590205923615008e-05
B_tbl_minus_hqql,mod.blocks.1.attn.h6,photon<-charged_hadron,0.02269419950257141,1.038362965867965e-05,0.0,0.0,0.0,1.038362965867965e-05,1.038362965867965e-05,1.038362965867965e-05,1.5575444488019476e-05
B_tbl_minus_hqql,mod.blocks.1.attn.h7,neutral_hadron<-photon,0.01762736454315713,-1.037858021312401e-05,0.0,0.0,0.0,-1.037858021312401e-05,-1.037858021312401e-05,1.037858021312401e-05,1.5567870319686015e-05
B_tbl_minus_hqql,mod.blocks.5.attn.h5,charged_hadron<-electron,0.029499485379173643,-1.0353388331298317e-05,0.0,0.0,0.0,-1.0353388331298317e-05,-1.0353388331298317e-05,1.0353388331298317e-05,1.5530082496947474e-05
B_tbl_minus_hqql,mod.blocks.0.attn.h0,photon<-charged_hadron,0.02125738729017446,-1.0337989943038516e-05,0.0,0.0,0.0,-1.0337989943038516e-05,-1.0337989943038516e-05,1.0337989943038516e-05,1.5506984914557772e-05
signed_hqql_tbl,mod.blocks.2.attn.h1,electron<-electron,0.005655919020581577,-3.4321879209326453e-06,2.0716031968959214e-05,-3.887737799838457e-07,6.274545086171201e-07,-2.4148219889891858e-05,-3.0434141409487997e-06,3.4321879209326453e-06,1.5506297865878573e-05
B_tbl_minus_hqql,mod.blocks.0.attn.h3,electron<-neutral_hadron,0.0017194826742289243,1.0320331798370549e-05,0.0,0.0,0.0,1.0320331798370549e-05,1.0320331798370549e-05,1.0320331798370549e-05,1.5480497697555824e-05
B_tbl_minus_hqql,mod.blocks.1.attn.h7,charged_hadron<-electron,0.00650690198831615,-1.0315277471645026e-05,0.0,0.0,0.0,-1.0315277471645026e-05,-1.0315277471645026e-05,1.0315277471645026e-05,1.547291620746754e-05
signed_hqql_tbl,mod.blocks.0.attn.h7,neutral_hadron<-electron,0.007081971503794193,-4.082906309998146e-07,-3.04792542441359e-05,-0.00016643612238112837,-1.657172106206417e-06,3.0070963613136087e-05,0.00016602783175012856,4.082906309998146e-07,1.544377243756786e-05
B_tbl_minus_hqql,mod.blocks.1.attn.h6,charged_hadron<-photon,0.01702981412514037,-1.0287980037576727e-05,0.0,0.0,0.0,-1.0287980037576727e-05,-1.0287980037576727e-05,1.0287980037576727e-05,1.543197005636509e-05
B_tbl_minus_hqql,mod.blocks.4.attn.h5,neutral_hadron<-electron,0.005954577121883631,-1.0281914135837858e-05,0.0,0.0,0.0,-1.0281914135837858e-05,-1.0281914135837858e-05,1.0281914135837858e-05,1.5422871203756786e-05
B_tbl_minus_hqql,mod.blocks.1.attn.h2,photon<-electron,0.01048337286565362,1.0260390979048562e-05,0.0,0.0,0.0,1.0260390979048562e-05,1.0260390979048562e-05,1.0260390979048562e-05,1.5390586468572843e-05
signed_hqql_tbl,mod.blocks.6.attn.h3,photon<-photon,0.012842456654351972,-6.819267536880629e-06,1.0317155974917115e-05,-6.651163288411595e-06,7.019788879835742e-06,-1.7136423511797744e-05,-1.6810424846903378e-07,6.819267536880629e-06,1.53874792927795e-05
B_tbl_minus_hqql,mod.blocks.7.attn.h3,charged_hadron<-neutral_hadron,0.017218669689669997,-1.024955085345677e-05,0.0,0.0,0.0,-1.024955085345677e-05,-1.024955085345677e-05,1.024955085345677e-05,1.5374326280185154e-05
signed_hqql_tbl,mod.blocks.2.attn.h3,neutral_hadron<-muon,0.07095729112625122,4.7288347559515385e-06,2.5895615787400555e-05,0.001276189461350441,0.0003019634297945433,-2.1166781031449015e-05,-0.0012714606265944895,4.7288347559515385e-06,1.5312225271676047e-05
signed_hqql_tbl,mod.blocks.7.attn.h4,photon<-neutral_hadron,0.01678128923581577,-1.2535268303573524e-05,-7.0340119560911844e-06,-1.9801538846041977e-05,2.284205597559146e-06,-5.50125634748234e-06,7.266270542468453e-06,1.2535268303573524e-05,1.5285896477314695e-05
signed_hqql_tbl,mod.blocks.6.attn.h4,muon<-muon,0.0012774186907336116,9.602237696526572e-06,2.095478123465e-05,-7.723505405010656e-05,0.00043009573982999427,-1.1352543538123427e-05,8.683729174663313e-05,9.602237696526572e-06,1.5278509465588286e-05
B_tbl_minus_hqql,mod.blocks.4.attn.h2,photon<-charged_hadron,0.02212498216943063,-1.0182939429193357e-05,0.0,0.0,0.0,-1.0182939429193357e-05,-1.0182939429193357e-05,1.0182939429193357e-05,1.5274409143790035e-05
signed_hqql_tbl,mod.blocks.4.attn.h1,neutral_hadron<-photon,0.017884466687063987,-1.9416091313065683e-06,2.4660409459433794e-05,-1.123488833888069e-05,2.3010591182077662e-05,-2.6602018590740364e-05,9.293279207574122e-06,1.9416091313065683e-06,1.524261842667675e-05
B_tbl_minus_hqql,mod.blocks.3.attn.h7,electron<-charged_hadron,0.027031194596063523,-1.0160761337915791e-05,0.0,0.0,0.0,-1.0160761337915791e-05,-1.0160761337915791e-05,1.0160761337915791e-05,1.5241142006873686e-05
signed_hqql_tbl,mod.blocks.0.attn.h4,neutral_hadron<-charged_hadron,0.029708118064730775,4.9533408705186864e-06,-1.5616880407352274e-05,1.038374632887273e-05,-4.8694413405543344e-05,2.057022127787096e-05,-5.4304054583540435e-06,4.9533408705186864e-06,1.5238451509454166e-05
signed_hqql_tbl,mod.blocks.5.attn.h2,photon<-charged_hadron,0.025830533241413014,-6.096262664624002e-06,-2.435330096992422e-05,9.964157912804032e-06,-1.1349050033945146e-05,1.8257038305300217e-05,-1.6060420577428033e-05,6.096262664624002e-06,1.522478181727411e-05
signed_hqql_tbl,mod.blocks.6.attn.h1,electron<-photon,0.016373360665833076,1.4704552692516396e-05,1.3702567257159562e-05,-1.4357529640359904e-05,-2.3717275325907394e-05,1.0019854353568343e-06,2.90620823328763e-05,1.4704552692516396e-05,1.5205545410194812e-05
signed_hqql_tbl,mod.blocks.1.attn.h6,charged_hadron<-neutral_hadron,0.010873867767531666,3.0269462508292927e-06,-2.1231671307261472e-05,5.670531751088471e-06,-2.74418113175732e-05,2.4258617558090766e-05,-2.643585500259178e-06,3.0269462508292927e-06,1.5156255029874675e-05
signed_hqql_tbl,mod.blocks.7.attn.h0,neutral_hadron<-electron,0.01580517628678569,7.800951910515627e-06,2.244248828805882e-05,-3.06080374866724e-05,1.590724423294887e-07,-1.4641536377543193e-05,3.840898939718803e-05,7.800951910515627e-06,1.5121720099287223e-05
signed_hqql_tbl,mod.blocks.5.attn.h7,neutral_hadron<-charged_hadron,0.029416569808618027,-5.666752329881431e-06,1.3203174699241642e-05,-4.580283319982215e-06,-1.4993761516548456e-05,-1.8869927029123074e-05,-1.0864690098992155e-06,5.666752329881431e-06,1.5101715844442967e-05
B_tbl_minus_hqql,mod.blocks.0.attn.h1,electron<-charged_hadron,0.023421265539668855,1.0066144611863864e-05,0.0,0.0,0.0,1.0066144611863864e-05,1.0066144611863864e-05,1.0066144611863864e-05,1.5099216917795796e-05
signed_hqql_tbl,mod.blocks.6.attn.h7,neutral_hadron<-charged_hadron,0.02386157512664795,5.5030227804436485e-06,2.4680351187758152e-05,1.0736812938658117e-05,-5.62645289910146e-06,-1.9177328407314502e-05,-5.233790158214469e-06,5.5030227804436485e-06,1.50916869841009e-05
B_tbl_minus_hqql,mod.blocks.2.attn.h7,photon<-electron,0.006655183628322632,1.0014682481958857e-05,0.0,0.0,0.0,1.0014682481958857e-05,1.0014682481958857e-05,1.0014682481958857e-05,1.5022023722938286e-05
signed_hqql_tbl,mod.blocks.1.attn.h7,neutral_hadron<-charged_hadron,0.026264911806550013,-3.33971451871431e-06,2.0018349268186144e-05,-8.797932760429138e-06,8.204329848387023e-08,-2.3358063786900453e-05,5.458218241714828e-06,3.33971451871431e-06,1.5018746412164536e-05
signed_hqql_tbl,mod.blocks.2.attn.h6,photon<-photon,0.014961684652874835,-5.825731260573786e-06,-2.409789529090532e-05,-1.2298581504168358e-06,2.1022858061088565e-05,1.827216403033153e-05,-4.5958731101569505e-06,5.825731260573786e-06,1.4961813275739552e-05
signed_hqql_tbl,mod.blocks.6.attn.h1,photon<-photon,0.014456689304236487,-5.784240315901185e-06,1.2560853354282816e-05,-2.5779233546361626e-07,1.5419252878018373e-06,-1.8345093670184e-05,-5.526447980437569e-06,5.784240315901185e-06,1.4956787150993184e-05
B_tbl_minus_hqql,mod.blocks.2.attn.h0,electron<-photon,0.0181524225366794,-9.954568401842219e-06,0.0,0.0,0.0,-9.954568401842219e-06,-9.954568401842219e-06,9.954568401842219e-06,1.4931852602763328e-05
B_tbl_minus_hqql,mod.blocks.5.attn.h1,charged_hadron<-neutral_hadron,0.02094447926646855,9.949284498723282e-06,0.0,0.0,0.0,9.949284498723282e-06,9.949284498723282e-06,9.949284498723282e-06,1.4923926748084922e-05
signed_hqql_tbl,mod.blocks.3.attn.h3,charged_hadron<-neutral_hadron,0.015704588863362116,-6.393966236000447e-06,-2.3425834355738457e-05,-1.0248248827833038e-06,-1.701017222859353e-05,1.703186811973801e-05,-5.369141353217143e-06,6.393966236000447e-06,1.4909900295869451e-05
B_tbl_minus_hqql,mod.blocks.3.attn.h4,electron<-charged_hadron,0.022846177929923647,-9.937577054924554e-06,0.0,0.0,0.0,-9.937577054924554e-06,-9.937577054924554e-06,9.937577054924554e-06,1.4906365582386831e-05
B_tbl_minus_hqql,mod.blocks.2.attn.h1,electron<-photon,0.0231878655712779,9.887683776972013e-06,0.0,0.0,0.0,9.887683776972013e-06,9.887683776972013e-06,9.887683776972013e-06,1.483152566545802e-05
signed_hqql_tbl,mod.blocks.7.attn.h3,photon<-neutral_hadron,0.01729748447236589,-5.633870754099734e-06,1.274634942027193e-05,-7.129511715610521e-06,1.6910041734119438e-05,-1.8380220174371665e-05,1.4956409615107875e-06,5.633870754099734e-06,1.4823980841285565e-05
B_tbl_minus_hqql,mod.blocks.4.attn.h3,photon<-charged_hadron,0.022894169883463576,-9.855856055825312e-06,0.0,0.0,0.0,-9.855856055825312e-06,-9.855856055825312e-06,9.855856055825312e-06,1.4783784083737967e-05
B_tbl_minus_hqql,mod.blocks.3.attn.h1,charged_hadron<-electron,0.006460404733107204,9.844007200583638e-06,0.0,0.0,0.0,9.844007200583638e-06,9.844007200583638e-06,9.844007200583638e-06,1.4766010800875457e-05
B_tbl_minus_hqql,mod.blocks.6.attn.h1,electron<-neutral_hadron,0.014757077658066043,9.834630570063988e-06,0.0,0.0,0.0,9.834630570063988e-06,9.834630570063988e-06,9.834630570063988e-06,1.4751945855095983e-05
B_tbl_minus_hqql,mod.blocks.1.attn.h3,neutral_hadron<-muon,0.014067617058753968,-9.833047806750983e-06,0.0,0.0,0.0,-9.833047806750983e-06,-9.833047806750983e-06,9.833047806750983e-06,1.4749571710126476e-05
B_tbl_minus_hqql,mod.blocks.3.attn.h7,charged_hadron<-photon,0.01563395956635544,-9.82563560336273e-06,0.0,0.0,0.0,-9.82563560336273e-06,-9.82563560336273e-06,9.82563560336273e-06,1.4738453405044094e-05
signed_hqql_tbl,mod.blocks.5.attn.h6,electron<-charged_hadron,0.036799320862406774,1.4283202073697577e-05,1.5174066224558786e-05,1.0849824488021154e-05,1.6058331821113824e-05,-8.908641508612097e-07,3.4333775856764222e-06,1.4283202073697577e-05,1.4728634149128181e-05
B_tbl_minus_hqql,mod.blocks.1.attn.h0,charged_hadron<-charged_hadron,0.022412514737458276,-9.768128837420798e-06,0.0,0.0,0.0,-9.768128837420798e-06,-9.768128837420798e-06,9.768128837420798e-06,1.4652193256131195e-05
signed_hqql_tbl,mod.blocks.1.attn.h3,neutral_hadron<-photon,0.015518488485359081,-9.717272523156057e-06,1.4788221681093147e-07,4.874550468960055e-06,-5.987504702946827e-06,-9.86515473996699e-06,-1.4591822992116113e-05,9.717272523156057e-06,1.4649849893139552e-05
signed_hqql_tbl,mod.blocks.2.attn.h5,neutral_hadron<-photon,0.01817585742376197,1.0383173423183532e-06,2.8249543709391827e-05,-8.999369946311384e-06,-3.093828178260108e-05,-2.7211226367073473e-05,1.0037687288629738e-05,1.0383173423183532e-06,1.464393052585509e-05
B_tbl_minus_hqql,mod.blocks.7.attn.h1,charged_hadron<-neutral_hadron,0.018179499168022008,9.74619289904478e-06,0.0,0.0,0.0,9.74619289904478e-06,9.74619289904478e-06,9.74619289904478e-06,1.461928934856717e-05
B_tbl_minus_hqql,mod.blocks.1.attn.h3,neutral_hadron<-photon,0.015518488522822718,-9.717260157229352e-06,0.0,0.0,0.0,-9.717260157229352e-06,-9.717260157229352e-06,9.717260157229352e-06,1.4575890235844028e-05
signed_hqql_tbl,mod.blocks.2.attn.h6,neutral_hadron<-charged_hadron,0.023697344795996403,9.334762959776273e-06,-1.0688230005834836e-06,3.3635087544402584e-06,-4.066889011330836e-05,1.0403585960359757e-05,5.971254205336015e-06,9.334762959776273e-06,1.4536555939956152e-05
B_tbl_minus_hqql,mod.blocks.6.attn.h1,photon<-charged_hadron,0.02478047900637886,-9.657315348499901e-06,0.0,0.0,0.0,-9.657315348499901e-06,-9.657315348499901e-06,9.657315348499901e-06,1.448597302274985e-05
B_tbl_minus_hqql,mod.blocks.1.attn.h6,neutral_hadron<-charged_hadron,0.028678646608561027,-9.609519044871257e-06,0.0,0.0,0.0,-9.609519044871257e-06,-9.609519044871257e-06,9.609519044871257e-06,1.4414278567306886e-05
signed_hqql_tbl,mod.blocks.7.attn.h2,neutral_hadron<-charged_hadron,0.02074414481635855,7.501401754581377e-06,-6.318947432217511e-06,2.28527978719056e-06,-6.202198449408667e-06,1.3820349186798888e-05,5.216121967390817e-06,7.501401754581377e-06,1.441157634798082e-05
B_tbl_minus_hqql,mod.blocks.6.attn.h4,muon<-muon,0.0012774213682860136,9.602265890862327e-06,0.0,0.0,0.0,9.602265890862327e-06,9.602265890862327e-06,9.602265890862327e-06,1.440339883629349e-05
signed_hqql_tbl,mod.blocks.1.attn.h4,neutral_hadron<-photon,0.014055799568770892,-1.3409154688296131e-05,-1.1495283995066793e-05,-3.181145360020659e-05,-2.859555026277122e-06,-1.9138706932293383e-06,1.8402298911910456e-05,1.3409154688296131e-05,1.43660900349108e-05
B_tbl_minus_hqql,mod.blocks.7.attn.h3,photon<-charged_hadron,0.02072119988298774,9.573155998683829e-06,0.0,0.0,0.0,9.573155998683829e-06,9.573155998683829e-06,9.573155998683829e-06,1.4359733998025743e-05
B_tbl_minus_hqql,mod.blocks.6.attn.h4,neutral_hadron<-muon,0.01796431541442871,9.564041101839394e-06,0.0,0.0,0.0,9.564041101839394e-06,9.564041101839394e-06,9.564041101839394e-06,1.4346061652759091e-05
signed_hqql_tbl,mod.blocks.3.attn.h5,charged_hadron<-neutral_hadron,0.004744799510270608,7.776850351870727e-06,2.0865288730780056e-05,8.697722063687316e-06,-5.407918220514368e-07,-1.3088438378909329e-05,-9.208717118165892e-07,7.776850351870727e-06,1.4321069541325391e-05
signed_hqql_tbl,mod.blocks.5.attn.h6,muon<-electron,0.0003663729876279831,-4.937066364618659e-07,2.715755908866413e-05,0.0,0.0,-2.7651265725125995e-05,-4.937066364618659e-07,4.937066364618659e-07,1.4319339499024863e-05
signed_hqql_tbl,mod.blocks.6.attn.h5,electron<-neutral_hadron,0.001360405771130765,-2.2070502028428664e-06,2.2017140281604952e-05,-2.3843667295295746e-05,-3.4495010510227075e-06,-2.422419048444782e-05,2.163661709245288e-05,2.2070502028428664e-06,1.4319145445066777e-05
signed_hqql_tbl,mod.blocks.7.attn.h3,photon<-charged_hadron,0.02072119960751856,9.573153955867306e-06,9.185364038371474e-08,2.015713261489818e-05,-1.0934357705806301e-05,9.481300315483591e-06,-1.0583978659030873e-05,9.573153955867306e-06,1.4313804113609101e-05
signed_hqql_tbl,mod.blocks.1.attn.h1,muon<-muon,0.004192400258034468,-7.93256185716018e-06,4.7582075808350055e-06,-2.620981604195549e-06,-1.283755074155124e-05,-1.2690769437995186e-05,-5.311580252964632e-06,7.93256185716018e-06,1.4277946576157774e-05
B_tbl_minus_hqql,mod.blocks.7.attn.h7,neutral_hadron<-charged_hadron,0.025543951654300637,9.508639331437459e-06,0.0,0.0,0.0,9.508639331437459e-06,9.508639331437459e-06,9.508639331437459e-06,1.4262958997156189e-05
signed_hqql_tbl,mod.blocks.3.attn.h4,photon<-electron,0.011474277369859742,1.3442676886111665e-05,1.5072990074124257e-05,-2.8882920844353066e-05,-1.7529766864754492e-05,-1.6303131880125923e-06,4.232559773046473e-05,1.3442676886111665e-05,1.425783348011796e-05
B_tbl_minus_hqql,mod.blocks.5.attn.h4,muon<-neutral_hadron,0.002465401776134968,9.497688733972608e-06,0.0,0.0,0.0,9.497688733972608e-06,9.497688733972608e-06,9.497688733972608e-06,1.4246533100958913e-05
signed_hqql_tbl,mod.blocks.6.attn.h4,neutral_hadron<-charged_hadron,0.02477986872697077,-8.906504896329846e-06,1.7576958319011318e-06,-3.7348201557889284e-06,-6.195384251430829e-06,-1.0664200728230978e-05,-5.171684740540917e-06,8.906504896329846e-06,1.4238605260445335e-05
B_tbl_minus_hqql,mod.blocks.4.attn.h0,muon<-muon,0.00034557055914774537,-9.491797754890285e-06,0.0,0.0,0.0,-9.491797754890285e-06,-9.491797754890285e-06,9.491797754890285e-06,1.4237696632335428e-05
B_tbl_minus_hqql,mod.blocks.3.attn.h3,muon<-muon,0.0008152897353284061,-9.463485184824094e-06,0.0,0.0,0.0,-9.463485184824094e-06,-9.463485184824094e-06,9.463485184824094e-06,1.4195227777236141e-05
B_tbl_minus_hqql,mod.blocks.4.attn.h3,photon<-neutral_hadron,0.008155515149357482,-9.42174182467351e-06,0.0,0.0,0.0,-9.42174182467351e-06,-9.42174182467351e-06,9.42174182467351e-06,1.4132612737010266e-05
signed_hqql_tbl,mod.blocks.2.attn.h3,electron<-charged_hadron,0.018844764147486006,-3.0515030153938347e-06,-2.5185252271705506e-05,8.492377832874484e-05,-4.9235331825912e-05,2.213374925631167e-05,-8.797528134413867e-05,3.0515030153938347e-06,1.411837764354967e-05
B_tbl_minus_hqql,mod.blocks.7.attn.h7,muon<-neutral_hadron,0.005623435974121094,-9.406240133102984e-06,0.0,0.0,0.0,-9.406240133102984e-06,-9.406240133102984e-06,9.406240133102984e-06,1.4109360199654476e-05
B_tbl_minus_hqql,mod.blocks.3.attn.h2,electron<-charged_hadron,0.02584099414802733,9.405242356782159e-06,0.0,0.0,0.0,9.405242356782159e-06,9.405242356782159e-06,9.405242356782159e-06,1.4107863535173237e-05
signed_hqql_tbl,mod.blocks.4.attn.h0,muon<-muon,0.00034557064645923674,-9.491799573879689e-06,-2.6643471073839464e-07,-1.8567418010206893e-05,1.7092756024794653e-05,-9.225364863141294e-06,9.075618436327204e-06,9.491799573879689e-06,1.4104482005450336e-05
signed_hqql_tbl,mod.cls_blocks.1.attn.h2,muon<-neutral_hadron,0.0,0.0,2.8204201953485608e-05,0.0,0.0,-2.8204201953485608e-05,0.0,0.0,1.4102100976742804e-05
B_tbl_minus_hqql,mod.blocks.6.attn.h7,charged_hadron<-electron,0.006812267315884431,9.396745077711308e-06,0.0,0.0,0.0,9.396745077711308e-06,9.396745077711308e-06,9.396745077711308e-06,1.4095117616566961e-05
signed_hqql_tbl,mod.blocks.5.attn.h5,neutral_hadron<-photon,0.02081745259796277,-9.266632434336608e-06,-1.8821586761096353e-05,-2.9244988951674703e-06,-1.2592430905128005e-05,9.554954326759746e-06,-6.342133539169138e-06,9.266632434336608e-06,1.4044109597716481e-05
B_tbl_minus_hqql,mod.blocks.1.attn.h0,muon<-charged_hadron,0.01943298801779747,-9.361066076962743e-06,0.0,0.0,0.0,-9.361066076962743e-06,-9.361066076962743e-06,9.361066076962743e-06,1.4041599115444114e-05
B_tbl_minus_hqql,mod.blocks.2.attn.h6,neutral_hadron<-charged_hadron,0.02369734452886074,9.334771866200581e-06,0.0,0.0,0.0,9.334771866200581e-06,9.334771866200581e-06,9.334771866200581e-06,1.400215779930087e-05
B_tbl_minus_hqql,mod.blocks.0.attn.h5,photon<-electron,0.011764926881324954,9.3229606225178e-06,0.0,0.0,0.0,9.3229606225178e-06,9.3229606225178e-06,9.3229606225178e-06,1.3984440933776701e-05
signed_hqql_tbl,mod.blocks.1.attn.h0,charged_hadron<-photon,0.018780131411648842,3.7942050753353923e-06,-1.6556433759843028e-05,2.1332766847107298e-06,1.6541497936236155e-05,2.035063883517842e-05,1.6609283906246626e-06,3.7942050753353923e-06,1.3969524492924603e-05
signed_hqql_tbl,mod.blocks.7.attn.h1,charged_hadron<-neutral_hadron,0.01817949910123809,9.746189947900068e-06,1.4098090521041284e-06,-5.052938142448379e-06,-1.3210296032874159e-05,8.33638089579594e-06,1.4799128090348446e-05,9.746189947900068e-06,1.3914380395798037e-05
signed_hqql_tbl,mod.blocks.0.attn.h7,charged_hadron<-charged_hadron,0.024134415492099336,-4.62577177006604e-06,1.3931843619731238e-05,5.48361672159516e-06,6.440580868464463e-06,-1.855761538979728e-05,-1.0109388491661202e-05,4.62577177006604e-06,1.390457946496468e-05
signed_hqql_tbl,mod.blocks.6.attn.h1,charged_hadron<-photon,0.00996325378952379,-5.138698665832467e-06,1.2391299544740048e-05,4.684830468848471e-06,1.2880721243988762e-06,-1.7529998210572514e-05,-9.823529134680937e-06,5.138698665832467e-06,1.3903697771118723e-05
B_tbl_minus_hqql,mod.blocks.5.attn.h5,neutral_hadron<-photon,0.020817453272308214,-9.26661556838332e-06,0.0,0.0,0.0,-9.26661556838332e-06,-9.26661556838332e-06,9.26661556838332e-06,1.3899923352574981e-05
B_tbl_minus_hqql,mod.blocks.3.attn.h6,neutral_hadron<-charged_hadron,0.025715083701937806,9.262710798294374e-06,0.0,0.0,0.0,9.262710798294374e-06,9.262710798294374e-06,9.262710798294374e-06,1.389406619744156e-05
B_tbl_minus_hqql,mod.blocks.3.attn.h1,photon<-electron,0.0061349910570354,-9.259335390042242e-06,0.0,0.0,0.0,-9.259335390042242e-06,-9.259335390042242e-06,9.259335390042242e-06,1.3889003085063362e-05
signed_hqql_tbl,mod.blocks.4.attn.h3,electron<-neutral_hadron,0.002413681570302557,2.2877116373786486e-06,-2.0908861714767562e-05,3.645721590146422e-06,3.3057995096896775e-06,2.319657335214621e-05,-1.3580099527677736e-06,2.2877116373786486e-06,1.3885998313451754e-05
signed_hqql_tbl,mod.blocks.4.attn.h0,muon<-photon,0.010288728475570679,-1.0957387275993825e-05,-5.110013788860095e-06,-0.00039341566818101067,0.00011257288224442163,-5.84737348713373e-06,0.0003824582809050168,1.0957387275993825e-05,1.388107401956069e-05
B_tbl_minus_hqql,mod.blocks.3.attn.h7,photon<-photon,0.01606993741598075,-9.241706981030688e-06,0.0,0.0,0.0,-9.241706981030688e-06,-9.241706981030688e-06,9.241706981030688e-06,1.3862560471546033e-05
B_tbl_minus_hqql,mod.blocks.0.attn.h2,photon<-electron,0.020105041624084722,-9.23650331674068e-06,0.0,0.0,0.0,-9.23650331674068e-06,-9.23650331674068e-06,9.23650331674068e-06,1.385475497511102e-05
B_tbl_minus_hqql,mod.blocks.7.attn.h2,neutral_hadron<-electron,0.014141139608842355,-9.221575139774898e-06,0.0,0.0,0.0,-9.221575139774898e-06,-9.221575139774898e-06,9.221575139774898e-06,1.3832362709662348e-05
signed_hqql_tbl,mod.blocks.3.attn.h1,photon<-neutral_hadron,0.01591044892911114,-1.7403763172168128e-07,2.7139593071248204e-05,-1.2831087805032769e-05,-3.6224192290010537e-06,-2.7313630702969886e-05,1.2657050173311087e-05,1.7403763172168128e-07,1.3830852983206625e-05
B_tbl_minus_hqql,mod.blocks.0.attn.h5,charged_hadron<-charged_hadron,0.024646323014789983,9.213330828107438e-06,0.0,0.0,0.0,9.213330828107438e-06,9.213330828107438e-06,9.213330828107438e-06,1.3819996242161159e-05
B_tbl_minus_hqql,mod.blocks.6.attn.h5,photon<-muon,0.1456878089904785,9.187194518744945e-06,0.0,0.0,0.0,9.187194518744945e-06,9.187194518744945e-06,9.187194518744945e-06,1.3780791778117417e-05
B_tbl_minus_hqql,mod.blocks.7.attn.h0,neutral_hadron<-neutral_hadron,0.013239827602491027,-9.179183362142735e-06,0.0,0.0,0.0,-9.179183362142735e-06,-9.179183362142735e-06,9.179183362142735e-06,1.3768775043214102e-05
B_tbl_minus_hqql,mod.blocks.1.attn.h5,electron<-charged_hadron,0.015791170299053192,-9.167193812096403e-06,0.0,0.0,0.0,-9.167193812096403e-06,-9.167193812096403e-06,9.167193812096403e-06,1.3750790718144604e-05
signed_hqql_tbl,mod.blocks.5.attn.h3,photon<-electron,0.03840242217226726,-1.2815454113486457e-05,-1.4681521052908567e-05,-4.283701985384271e-06,-3.5192509812986827e-06,1.8660669394221098e-06,-8.531752128102187e-06,1.2815454113486457e-05,1.3748487583197512e-05
B_tbl_minus_hqql,mod.blocks.3.attn.h7,photon<-electron,0.006418753566780711,-9.145706227594396e-06,0.0,0.0,0.0,-9.145706227594396e-06,-9.145706227594396e-06,9.145706227594396e-06,1.3718559341391594e-05
B_tbl_minus_hqql,mod.cls_blocks.1.attn.h4,CLS<-electron,0.002044887238298543,-9.141252996869298e-06,0.0,0.0,0.0,-9.141252996869298e-06,-9.141252996869298e-06,9.141252996869298e-06,1.3711879495303948e-05
signed_hqql_tbl,mod.blocks.4.attn.h6,photon<-charged_hadron,0.027269755258235127,8.277980824458994e-06,-2.542461001626223e-06,2.368399562914022e-05,-2.3383403421009983e-05,1.0820441826085217e-05,-1.5406014804681225e-05,8.277980824458994e-06,1.3688201737501602e-05
B_tbl_minus_hqql,mod.blocks.0.attn.h2,muon<-neutral_hadron,0.0022460252046585085,9.106576180784032e-06,0.0,0.0,0.0,9.106576180784032e-06,9.106576180784032e-06,9.106576180784032e-06,1.3659864271176049e-05
B_tbl_minus_hqql,mod.blocks.4.attn.h2,charged_hadron<-charged_hadron,0.025901268458327492,-9.07548736452166e-06,0.0,0.0,0.0,-9.07548736452166e-06,-9.07548736452166e-06,9.07548736452166e-06,1.3613231046782489e-05
B_tbl_minus_hqql,mod.blocks.4.attn.h3,charged_hadron<-charged_hadron,0.027024094816341715,-9.05867717908589e-06,0.0,0.0,0.0,-9.05867717908589e-06,-9.05867717908589e-06,9.05867717908589e-06,1.3588015768628834e-05
signed_hqql_tbl,mod.blocks.0.attn.h7,neutral_hadron<-charged_hadron,0.02593186936792539,-6.721607759641875e-06,6.992197137971746e-06,-7.766271359996742e-06,-1.8667627483847792e-05,-1.371380489761362e-05,1.0446636003548674e-06,6.721607759641875e-06,1.3578510208448685e-05
B_tbl_minus_hqql,mod.blocks.5.attn.h3,photon<-muon,0.008217157125473022,9.014363167807459e-06,0.0,0.0,0.0,9.014363167807459e-06,9.014363167807459e-06,9.014363167807459e-06,1.352154475171119e-05
B_tbl_minus_hqql,mod.blocks.5.attn.h0,electron<-photon,0.013691637937615558,-8.9930451609482e-06,0.0,0.0,0.0,-8.9930451609482e-06,-8.9930451609482e-06,8.9930451609482e-06,1.34895677414223e-05
signed_hqql_tbl,mod.blocks.3.attn.h4,neutral_hadron<-charged_hadron,0.025904807924222544,2.8176161757975567e-06,-1.838720734119543e-05,-1.9015975806580936e-06,-1.7136835713489015e-05,2.1204823516992987e-05,4.71921375645565e-06,2.8176161757975567e-06,1.342002793429405e-05
B_tbl_minus_hqql,mod.blocks.4.attn.h5,charged_hadron<-photon,0.016848496072627023,-8.923065999161252e-06,0.0,0.0,0.0,-8.923065999161252e-06,-8.923065999161252e-06,8.923065999161252e-06,1.338459899874188e-05
B_tbl_minus_hqql,mod.blocks.6.attn.h4,neutral_hadron<-charged_hadron,0.024779869929081252,-8.906501358217124e-06,0.0,0.0,0.0,-8.906501358217124e-06,-8.906501358217124e-06,8.906501358217124e-06,1.3359752037325687e-05
signed_hqql_tbl,mod.blocks.2.attn.h7,photon<-electron,0.0066551827802890685,1.0014681535492825e-05,1.670000320127993e-05,4.516632595498647e-05,7.130678568501025e-05,-6.685321665787103e-06,-3.515164441949365e-05,1.0014681535492825e-05,1.3357342368386377e-05
signed_hqql_tbl,mod.cls_blocks.0.attn.h5,charged_hadron<-neutral_hadron,0.02366417784912464,3.886440446457038e-06,2.2808387358155516e-05,-0.0008550666729515453,0.0010104807569102073,-1.8921946911698477e-05,0.0008589531133980023,3.886440446457038e-06,1.3347413902306276e-05
signed_hqql_tbl,mod.blocks.5.attn.h4,charged_hadron<-photon,0.01817659034266216,-1.95258631711801e-06,2.081123905827416e-05,2.8857056607991654e-07,7.762722336792166e-06,-2.276382537539217e-05,-2.2411568831979264e-06,1.95258631711801e-06,1.3334499004814095e-05
B_tbl_minus_hqql,mod.blocks.7.attn.h0,electron<-neutral_hadron,0.00546972577770551,-8.887943935136448e-06,0.0,0.0,0.0,-8.887943935136448e-06,-8.887943935136448e-06,8.887943935136448e-06,1.3331915902704673e-05
B_tbl_minus_hqql,mod.blocks.7.attn.h4,photon<-electron,0.010946977126404522,8.885567524892512e-06,0.0,0.0,0.0,8.885567524892512e-06,8.885567524892512e-06,8.885567524892512e-06,1.3328351287338768e-05
B_tbl_minus_hqql,mod.blocks.7.attn.h7,neutral_hadron<-photon,0.01801330079678692,8.832128491902568e-06,0.0,0.0,0.0,8.832128491902568e-06,8.832128491902568e-06,8.832128491902568e-06,1.324819273785385e-05
B_tbl_minus_hqql,mod.blocks.5.attn.h1,charged_hadron<-electron,0.006386834950674148,8.807828028996786e-06,0.0,0.0,0.0,8.807828028996786e-06,8.807828028996786e-06,8.807828028996786e-06,1.3211742043495178e-05
B_tbl_minus_hqql,mod.blocks.1.attn.h0,photon<-photon,0.017559646846505204,-8.800406653859976e-06,0.0,0.0,0.0,-8.800406653859976e-06,-8.800406653859976e-06,8.800406653859976e-06,1.3200609980789965e-05
signed_hqql_tbl,mod.blocks.4.attn.h6,photon<-electron,0.01116982738419277,4.939793025113158e-06,-1.1547449307895644e-05,-8.887004306805985e-06,5.225382665230427e-06,1.6487242333008803e-05,1.3826797331919143e-05,4.939793025113158e-06,1.318341419161756e-05
signed_hqql_tbl,mod.blocks.7.attn.h6,charged_hadron<-charged_hadron,0.026513602902094126,-3.244237015521811e-06,-2.309796121544437e-05,-1.247012302445102e-05,-2.6365863147595188e-06,1.985372419992256e-05,9.225886008929209e-06,3.244237015521811e-06,1.317109911548309e-05
signed_hqql_tbl,mod.blocks.6.attn.h5,photon<-neutral_hadron,0.009343249665949046,-4.554708655262138e-06,1.2663949278340906e-05,5.164796050214142e-06,-3.957580167266047e-06,-1.7218657933603042e-05,-9.71950470547628e-06,4.554708655262138e-06,1.3164037622063659e-05
B_tbl_minus_hqql,mod.blocks.0.attn.h4,photon<-electron,0.020220981623099103,8.755830013405198e-06,0.0,0.0,0.0,8.755830013405198e-06,8.755830013405198e-06,8.755830013405198e-06,1.3133745020107797e-05
B_tbl_minus_hqql,mod.blocks.2.attn.h7,electron<-photon,0.024026423934998552,8.752421552610651e-06,0.0,0.0,0.0,8.752421552610651e-06,8.752421552610651e-06,8.752421552610651e-06,1.3128632328915978e-05
signed_hqql_tbl,mod.blocks.3.attn.h3,photon<-photon,0.01928137776666828,-4.539072789687778e-06,1.259752289474416e-05,1.7754528378342462e-05,-2.0916923035043253e-05,-1.7136595684431936e-05,-2.229360116803024e-05,4.539072789687778e-06,1.3107370631903747e-05
B_tbl_minus_hqql,mod.blocks.2.attn.h4,photon<-neutral_hadron,0.026078521531007336,-8.735827810999116e-06,0.0,0.0,0.0,-8.735827810999116e-06,-8.735827810999116e-06,8.735827810999116e-06,1.3103741716498675e-05
signed_hqql_tbl,mod.blocks.7.attn.h7,charged_hadron<-electron,0.01388907813954921,6.6223554399801375e-06,1.955880373705468e-05,0.000401546071342396,8.261258364655077e-05,-1.2936448297074541e-05,-0.00039492371590241584,6.6223554399801375e-06,1.3090579588517408e-05
B_tbl_minus_hqql,mod.blocks.6.attn.h5,electron<-photon,0.01481068727931356,8.695967752406964e-06,0.0,0.0,0.0,8.695967752406964e-06,8.695967752406964e-06,8.695967752406964e-06,1.3043951628610447e-05
signed_hqql_tbl,mod.blocks.4.attn.h6,neutral_hadron<-photon,0.015035469321467305,-1.174970655644981e-05,-9.170223459480963e-06,-1.1520936963434966e-05,-6.748125396993755e-06,-2.5794830969688466e-06,-2.2876959301484294e-07,1.174970655644981e-05,1.3039448104934233e-05
B_tbl_minus_hqql,mod.blocks.5.attn.h3,charged_hadron<-neutral_hadron,0.023323435943667627,8.691678375412686e-06,0.0,0.0,0.0,8.691678375412686e-06,8.691678375412686e-06,8.691678375412686e-06,1.303751756311903e-05
B_tbl_minus_hqql,mod.blocks.7.attn.h5,photon<-electron,0.026681997729995386,-8.69140383405081e-06,0.0,0.0,0.0,-8.69140383405081e-06,-8.69140383405081e-06,8.69140383405081e-06,1.3037105751076215e-05
signed_hqql_tbl,mod.blocks.3.attn.h1,photon<-charged_hadron,0.025024708745660016,-1.0950485519324506e-06,2.278336269127524e-05,4.170019820930631e-06,4.57438143090056e-06,-2.387841124320769e-05,-5.2650683728630815e-06,1.0950485519324506e-06,1.3034254173536296e-05
signed_hqql_tbl,mod.blocks.4.attn.h3,neutral_hadron<-photon,0.015008151081655851,-5.041526456263693e-06,1.0838037048282236e-05,-3.595963624660555e-06,7.278097384704189e-06,-1.587956350454593e-05,-1.4455628316031384e-06,5.041526456263693e-06,1.2981308208536658e-05
signed_hqql_tbl,mod.blocks.3.attn.h7,photon<-charged_hadron,0.0239020743719902,-2.8650948542005055e-06,1.7291888505634854e-05,3.851311546965326e-06,8.826567723169958e-06,-2.015698335983536e-05,-6.716406401165832e-06,2.8650948542005055e-06,1.2943586534118186e-05
B_tbl_minus_hqql,mod.blocks.3.attn.h3,photon<-electron,0.03434644288163844,8.626974223757056e-06,0.0,0.0,0.0,8.626974223757056e-06,8.626974223757056e-06,8.626974223757056e-06,1.2940461335635585e-05
B_tbl_minus_hqql,mod.blocks.1.attn.h1,charged_hadron<-electron,0.0052758390527395975,-8.607609266792202e-06,0.0,0.0,0.0,-8.607609266792202e-06,-8.607609266792202e-06,8.607609266792202e-06,1.2911413900188302e-05
signed_hqql_tbl,mod.blocks.2.attn.h4,photon<-electron,0.013565078983461954,8.338277712767202e-06,-7.990111717609343e-07,-1.6479973315394352e-05,4.656490409615799e-05,9.137288884528137e-06,2.4818251028161554e-05,8.338277712767202e-06,1.290692215503127e-05
signed_hqql_tbl,mod.blocks.4.attn.h1,photon<-photon,0.014254539357584703,-4.36807660939575e-06,1.2699163179895303e-05,-1.0052138752058171e-06,1.8025486011072276e-05,-1.706723978929105e-05,-3.362862734189933e-06,4.36807660939575e-06,1.2901696504041275e-05
B_tbl_minus_hqql,mod.blocks.7.attn.h6,charged_hadron<-electron,0.006031922197767666,8.598454033268527e-06,0.0,0.0,0.0,8.598454033268527e-06,8.598454033268527e-06,8.598454033268527e-06,1.289768104990279e-05
B_tbl_minus_hqql,mod.blocks.0.attn.h5,muon<-muon,0.0011183877941220999,8.588659511588048e-06,0.0,0.0,0.0,8.588659511588048e-06,8.588659511588048e-06,8.588659511588048e-06,1.2882989267382072e-05
signed_hqql_tbl,mod.blocks.7.attn.h7,neutral_hadron<-charged_hadron,0.025543952388923707,9.508639274371125e-06,2.7758692124651427e-06,9.413136734894177e-06,8.778242926002691e-06,6.732770061905982e-06,9.55025394769475e-08,9.508639274371125e-06,1.2875024305324115e-05
B_tbl_minus_hqql,mod.blocks.7.attn.h6,electron<-photon,0.01754804694555639,8.5770046031784e-06,0.0,0.0,0.0,8.5770046031784e-06,8.5770046031784e-06,8.5770046031784e-06,1.28655069047676e-05
signed_hqql_tbl,mod.blocks.2.attn.h6,muon<-muon,9.958945156540722e-05,-7.865945917728823e-06,2.1257399218654882e-06,4.113629984203726e-06,-1.1116187124571297e-05,-9.991685839594311e-06,-1.1979575901932549e-05,7.865945917728823e-06,1.2861788837525978e-05
B_tbl_minus_hqql,mod.blocks.5.attn.h7,neutral_hadron<-neutral_hadron,0.008114926650601088,-8.569295775792912e-06,0.0,0.0,0.0,-8.569295775792912e-06,-8.569295775792912e-06,8.569295775792912e-06,1.2853943663689367e-05
signed_hqql_tbl,mod.blocks.3.attn.h3,muon<-muon,0.0008152895607054234,-9.463485184824094e-06,-2.692631824174896e-06,-0.0006602005450986326,0.0001347535530840105,-6.770853360649198e-06,0.0006507370599138085,9.463485184824094e-06,1.2848911865148693e-05
signed_hqql_tbl,mod.blocks.4.attn.h4,photon<-charged_hadron,0.026031111927131638,1.3301975527497957e-06,2.436467372655161e-05,1.1660671132664986e-06,2.5815529011887686e-06,-2.3034476173801815e-05,1.6413043948329713e-07,1.3301975527497957e-06,1.2847435639650704e-05
signed_hqql_tbl,mod.blocks.0.attn.h3,muon<-muon,0.00044228561455383897,5.677094577549724e-06,-8.589846679285529e-06,5.110246092954185e-06,-0.0003332221544951608,1.4266941256835253e-05,5.66848484595539e-07,5.677094577549724e-06,1.281056520596735e-05
B_tbl_minus_hqql,mod.blocks.3.attn.h6,charged_hadron<-neutral_hadron,0.009025926917207007,-8.537629069773486e-06,0.0,0.0,0.0,-8.537629069773486e-06,-8.537629069773486e-06,8.537629069773486e-06,1.2806443604660228e-05
B_tbl_minus_hqql,mod.blocks.2.attn.h6,charged_hadron<-photon,0.017867989997378944,-8.510963737806989e-06,0.0,0.0,0.0,-8.510963737806989e-06,-8.510963737806989e-06,8.510963737806989e-06,1.2766445606710483e-05
B_tbl_minus_hqql,mod.blocks.4.attn.h7,photon<-electron,0.004590152300954834,-8.504914060212308e-06,0.0,0.0,0.0,-8.504914060212308e-06,-8.504914060212308e-06,8.504914060212308e-06,1.2757371090318462e-05
signed_hqql_tbl,mod.blocks.2.attn.h7,electron<-charged_hadron,0.021793245914436522,9.201886270949174e-07,2.4561341287511768e-05,-2.200946937068954e-05,-3.24303493835032e-05,-2.364115266041685e-05,2.292965799778446e-05,9.201886270949174e-07,1.2740764957303342e-05
B_tbl_minus_hqql,mod.blocks.0.attn.h4,photon<-charged_hadron,0.02246789908836096,8.493236091957982e-06,0.0,0.0,0.0,8.493236091957982e-06,8.493236091957982e-06,8.493236091957982e-06,1.2739854137936971e-05
signed_hqql_tbl,mod.blocks.1.attn.h5,photon<-neutral_hadron,0.010052452590913611,-1.489485859564177e-06,-2.39843850395075e-05,8.89217470337513e-06,-1.853432505310134e-05,2.249489917994332e-05,-1.0381660562939306e-05,1.489485859564177e-06,1.2736935449535837e-05
signed_hqql_tbl,mod.blocks.7.attn.h7,neutral_hadron<-photon,0.018013300497077833,8.832140649748775e-06,1.6594245514622363e-05,8.933666946521076e-06,9.687193619224683e-06,-7.762104864873588e-06,-1.0152629677230124e-07,8.832140649748775e-06,1.2713193082185569e-05
B_tbl_minus_hqql,mod.blocks.2.attn.h3,photon<-charged_hadron,0.016620008123189572,8.474687763486017e-06,0.0,0.0,0.0,8.474687763486017e-06,8.474687763486017e-06,8.474687763486017e-06,1.2712031645229026e-05
B_tbl_minus_hqql,mod.blocks.0.attn.h4,charged_hadron<-photon,0.024583639022864614,-8.46946661028062e-06,0.0,0.0,0.0,-8.46946661028062e-06,-8.46946661028062e-06,8.46946661028062e-06,1.2704199915420929e-05
signed_hqql_tbl,mod.blocks.2.attn.h0,charged_hadron<-photon,0.017557822232436474,-6.743750107490228e-06,5.1181927538046074e-06,5.422860475518521e-06,3.3371905400877573e-06,-1.1861942861294835e-05,-1.216661058300875e-05,6.743750107490228e-06,1.2674721538137646e-05
B_tbl_minus_hqql,mod.blocks.5.attn.h7,charged_hadron<-neutral_hadron,0.013101680672803179,-8.429319906591096e-06,0.0,0.0,0.0,-8.429319906591096e-06,-8.429319906591096e-06,8.429319906591096e-06,1.2643979859886644e-05
B_tbl_minus_hqql,mod.blocks.1.attn.h0,neutral_hadron<-photon,0.017572726115425152,8.413288826450687e-06,0.0,0.0,0.0,8.413288826450687e-06,8.413288826450687e-06,8.413288826450687e-06,1.261993323967603e-05
B_tbl_minus_hqql,mod.blocks.0.attn.h7,photon<-muon,0.03362116575241089,8.385068504139781e-06,0.0,0.0,0.0,8.385068504139781e-06,8.385068504139781e-06,8.385068504139781e-06,1.2577602756209672e-05
B_tbl_minus_hqql,mod.blocks.7.attn.h4,neutral_hadron<-neutral_hadron,0.011513308621942997,-8.384538027078887e-06,0.0,0.0,0.0,-8.384538027078887e-06,-8.384538027078887e-06,8.384538027078887e-06,1.257680704061833e-05
signed_hqql_tbl,mod.blocks.7.attn.h0,photon<-photon,0.014995130333704922,4.6737261453415695e-06,-1.1098869144916534e-05,-1.0534266388620877e-06,1.846181607056657e-06,1.5772595290258105e-05,5.727152784203657e-06,4.6737261453415695e-06,1.2560023790470623e-05
signed_hqql_tbl,mod.blocks.7.attn.h6,charged_hadron<-photon,0.015566821321457676,2.311755856525977e-06,-1.8182902859775552e-05,-2.047045238182923e-06,-8.326940417758856e-06,2.049465871630153e-05,4.3588010947089e-06,2.311755856525977e-06,1.2559085214676742e-05
signed_hqql_tbl,mod.blocks.0.attn.h1,neutral_hadron<-neutral_hadron,0.020182870358961526,-6.2970709938677145e-06,6.1402947482328726e-06,2.5843142010002034e-05,6.24743154338655e-05,-1.2437365742100586e-05,-3.214021300386975e-05,6.2970709938677145e-06,1.2515753864918008e-05
signed_hqql_tbl,mod.blocks.2.attn.h0,neutral_hadron<-photon,0.01968202337688204,-3.0378935306018662e-06,-2.1985675892609486e-05,8.92141364613664e-06,-1.2552328141562042e-05,1.894778236200762e-05,-1.1959307176738507e-05,3.0378935306018662e-06,1.2511784711605676e-05
B_tbl_minus_hqql,mod.blocks.2.attn.h4,photon<-electron,0.013565080194938474,8.33823689641961e-06,0.0,0.0,0.0,8.33823689641961e-06,8.33823689641961e-06,8.33823689641961e-06,1.2507355344629414e-05
signed_hqql_tbl,mod.blocks.0.attn.h0,photon<-neutral_hadron,0.019194333415448028,6.188034974266895e-06,1.8808990855689056e-05,-6.5008446249920075e-06,2.6142642298572895e-07,-1.2620955881422162e-05,1.2688879599258902e-05,6.188034974266895e-06,1.2498512914977975e-05
signed_hqql_tbl,mod.cls_blocks.1.attn.h1,muon<-muon,0.0,0.0,-2.4988778022816405e-05,0.0,0.0,2.4988778022816405e-05,0.0,0.0,1.2494389011408202e-05
signed_hqql_tbl,mod.blocks.0.attn.h7,photon<-charged_hadron,0.022705801507078245,-2.2890430994564264e-06,1.810680816884633e-05,6.784300692530766e-06,3.647126393167416e-06,-2.0395851268302756e-05,-9.073343791987192e-06,2.2890430994564264e-06,1.2486968733607805e-05
signed_hqql_tbl,mod.blocks.7.attn.h6,neutral_hadron<-charged_hadron,0.02793842837924049,-7.735306207294099e-06,-1.7224175640106107e-05,-2.463826672966188e-06,6.08809323947803e-06,9.488869432812008e-06,-5.271479534327911e-06,7.735306207294099e-06,1.2479740923700103e-05
signed_hqql_tbl,mod.blocks.4.attn.h7,neutral_hadron<-photon,0.018679853638787453,1.7011477836594453e-06,-1.9781468882912568e-05,-1.4006156749900927e-06,5.541560615763197e-06,2.1482616666572012e-05,3.101763458649538e-06,1.7011477836594453e-06,1.2442456116945451e-05
B_tbl_minus_hqql,mod.blocks.1.attn.h2,photon<-neutral_hadron,0.013624723754837257,8.294634146883377e-06,0.0,0.0,0.0,8.294634146883377e-06,8.294634146883377e-06,8.294634146883377e-06,1.2441951220325065e-05
B_tbl_minus_hqql,mod.blocks.1.attn.h0,photon<-electron,0.01680999800441711,-8.294019541453298e-06,0.0,0.0,0.0,-8.294019541453298e-06,-8.294019541453298e-06,8.294019541453298e-06,1.2441029312179947e-05
B_tbl_minus_hqql,mod.blocks.4.attn.h6,photon<-charged_hadron,0.02726975470729676,8.277982051830238e-06,0.0,0.0,0.0,8.277982051830238e-06,8.277982051830238e-06,8.277982051830238e-06,1.2416973077745355e-05
B_tbl_minus_hqql,mod.blocks.2.attn.h3,charged_hadron<-photon,0.019722673054171188,-8.263171060389561e-06,0.0,0.0,0.0,-8.263171060389561e-06,-8.263171060389561e-06,8.263171060389561e-06,1.2394756590584342e-05
signed_hqql_tbl,mod.blocks.3.attn.h7,electron<-charged_hadron,0.027031191048168,-1.0160773810985985e-05,-1.456043065638479e-05,-3.2073521087395736e-05,3.836815943941474e-05,4.399656845398805e-06,2.191274727640975e-05,1.0160773810985985e-05,1.2360602233685388e-05
signed_hqql_tbl,mod.blocks.7.attn.h1,neutral_hadron<-photon,0.01499955201583565,-6.099224571603404e-06,6.409711022353459e-06,-1.135732082963477e-05,6.31315575061133e-06,-1.2508935593956864e-05,5.258096258031367e-06,6.099224571603404e-06,1.2353692368581835e-05
signed_hqql_tbl,mod.blocks.5.attn.h2,photon<-neutral_hadron,0.014411019424759764,3.1359035882186834e-06,-1.5245310407388884e-05,8.921321889934098e-06,1.6638462149322824e-06,1.8381213995607566e-05,-5.785418301715415e-06,3.1359035882186834e-06,1.2326510586022467e-05
B_tbl_minus_hqql,mod.blocks.2.attn.h0,electron<-charged_hadron,0.02659944480373746,-8.205737339310526e-06,0.0,0.0,0.0,-8.205737339310526e-06,-8.205737339310526e-06,8.205737339310526e-06,1.2308606008965789e-05
B_tbl_minus_hqql,mod.blocks.2.attn.h5,charged_hadron<-neutral_hadron,0.012528925583142192,-8.194008092095956e-06,0.0,0.0,0.0,-8.194008092095956e-06,-8.194008092095956e-06,8.194008092095956e-06,1.2291012138143934e-05
signed_hqql_tbl,mod.blocks.3.attn.h1,neutral_hadron<-neutral_hadron,0.010137146285383916,-6.721052830202932e-06,4.399259266996569e-06,1.0570885729724498e-05,-4.4187106533347704e-06,-1.1120312097199501e-05,-1.729193855992743e-05,6.721052830202932e-06,1.2281208878802682e-05
signed_hqql_tbl,mod.blocks.3.attn.h4,neutral_hadron<-photon,0.01932429709125809,1.6903904975537682e-06,-1.9472621705136634e-05,2.7957123594170233e-06,-4.1960259483218215e-06,2.1163012202690404e-05,-1.1053218618632551e-06,1.6903904975537682e-06,1.227189659889897e-05
B_tbl_minus_hqql,mod.blocks.2.attn.h1,muon<-electron,0.0005150747019797564,-8.170670298568439e-06,0.0,0.0,0.0,-8.170670298568439e-06,-8.170670298568439e-06,8.170670298568439e-06,1.2256005447852658e-05
B_tbl_minus_hqql,mod.blocks.7.attn.h1,photon<-charged_hadron,0.025402156690997515,-8.158998548148436e-06,0.0,0.0,0.0,-8.158998548148436e-06,-8.158998548148436e-06,8.158998548148436e-06,1.2238497822222654e-05
B_tbl_minus_hqql,mod.blocks.4.attn.h6,neutral_hadron<-neutral_hadron,0.013932981346084996,8.157075537055193e-06,0.0,0.0,0.0,8.157075537055193e-06,8.157075537055193e-06,8.157075537055193e-06,1.223561330558279e-05
signed_hqql_tbl,mod.blocks.1.attn.h5,electron<-charged_hadron,0.01579116675115767,-9.167193812096403e-06,-3.039514624767683e-06,-0.00010300497323724216,3.423904185183346e-05,-6.12767918732872e-06,9.383777942514575e-05,9.167193812096403e-06,1.2231033405760763e-05
signed_hqql_tbl,mod.cls_blocks.1.attn.h4,charged_hadron<-electron,0.000977067089479533,-8.128751971980819e-06,0.0,-0.0002094865521939937,0.0,-8.128751971980819e-06,0.00020135780022201288,8.128751971980819e-06,1.2193127957971228e-05
B_tbl_minus_hqql,mod.blocks.4.attn.h5,neutral_hadron<-neutral_hadron,0.009355705916322387,-8.11553933965197e-06,0.0,0.0,0.0,-8.11553933965197e-06,-8.11553933965197e-06,8.11553933965197e-06,1.2173309009477955e-05
signed_hqql_tbl,mod.blocks.3.attn.h6,neutral_hadron<-charged_hadron,0.025715084636912626,9.262694094163113e-06,1.505089463215018e-05,-4.770335767492749e-06,3.993468492031383e-06,-5.7882005379870675e-06,1.4033029861655862e-05,9.262694094163113e-06,1.2156794363156647e-05
signed_hqql_tbl,mod.blocks.7.attn.h7,electron<-charged_hadron,0.02427032164164952,1.0880894522069e-05,1.3419595394004842e-05,-0.00011413942536756653,-2.27605365216732e-05,-2.538700871935841e-06,0.00012502031988963552,1.0880894522069e-05,1.2150244958036921e-05
B_tbl_minus_hqql,mod.blocks.6.attn.h4,charged_hadron<-electron,0.010875282010861806,-8.096926779087101e-06,0.0,0.0,0.0,-8.096926779087101e-06,-8.096926779087101e-06,8.096926779087101e-06,1.2145390168630653e-05
B_tbl_minus_hqql,mod.blocks.3.attn.h3,photon<-neutral_hadron,0.009883678854823037,8.083015670453296e-06,0.0,0.0,0.0,8.083015670453296e-06,8.083015670453296e-06,8.083015670453296e-06,1.2124523505679945e-05
B_tbl_minus_hqql,mod.blocks.7.attn.h2,photon<-photon,0.012243974979535365,8.051367345218935e-06,0.0,0.0,0.0,8.051367345218935e-06,8.051367345218935e-06,8.051367345218935e-06,1.2077051017828403e-05
B_tbl_minus_hqql,mod.blocks.2.attn.h3,electron<-neutral_hadron,0.010198831558227539,-8.048435002247398e-06,0.0,0.0,0.0,-8.048435002247398e-06,-8.048435002247398e-06,8.048435002247398e-06,1.2072652503371097e-05
signed_hqql_tbl,mod.blocks.4.attn.h5,charged_hadron<-photon,0.016848495934892432,-8.923074687436461e-06,-1.5211936543891623e-05,-6.103749328719169e-07,1.063119481592804e-05,6.288861856455162e-06,-8.312699754564544e-06,8.923074687436461e-06,1.2067505615664042e-05
signed_hqql_tbl,mod.blocks.0.attn.h4,electron<-charged_hadron,0.013069880860192435,5.9789003682367145e-06,1.812972177779584e-05,4.086227623890315e-05,-3.6699988413602115e-07,-1.2150821409559127e-05,-3.488337587066643e-05,5.9789003682367145e-06,1.2054311073016277e-05
signed_hqql_tbl,mod.blocks.7.attn.h4,neutral_hadron<-neutral_hadron,0.011513309179209784,-8.384541535529249e-06,-1.148869657515253e-06,-6.682717976699257e-06,-4.00926318861466e-06,-7.235671878013995e-06,-1.701823558829992e-06,8.384541535529249e-06,1.2002377474536245e-05
signed_hqql_tbl,mod.blocks.0.attn.h2,neutral_hadron<-muon,8.504943689331412e-05,6.19851607552846e-07,2.337575801429163e-05,0.00017117495008278638,-1.8963350625098328e-06,-2.2755906406738784e-05,-0.00017055509847523352,6.19851607552846e-07,1.1997804810922238e-05
signed_hqql_tbl,mod.blocks.7.attn.h3,neutral_hadron<-neutral_hadron,0.022470841390370835,-3.6752885460403183e-06,1.2939155490446567e-05,7.444943250471373e-07,1.4722491648063382e-05,-1.6614444036486884e-05,-4.419782871087455e-06,3.6752885460403183e-06,1.1982510564283761e-05
B_tbl_minus_hqql,mod.blocks.5.attn.h4,photon<-charged_hadron,0.027416572413783345,-7.987883804349314e-06,0.0,0.0,0.0,-7.987883804349314e-06,-7.987883804349314e-06,7.987883804349314e-06,1.198182570652397e-05
signed_hqql_tbl,mod.blocks.3.attn.h5,neutral_hadron<-charged_hadron,0.027446502597392106,2.1180661697806765e-06,2.1830430452822776e-05,-1.4360350699390622e-06,1.6619833968318094e-05,-1.97123642830421e-05,3.5541012397197386e-06,2.1180661697806765e-06,1.1974248311301726e-05
signed_hqql_tbl,mod.blocks.1.attn.h5,electron<-neutral_hadron,0.0036285649295206422,-1.0078816154014526e-06,-2.2904767080801418e-05,-2.532440412323922e-05,-0.0003256222430820799,2.1896885465399965e-05,2.4316522507837767e-05,1.0078816154014526e-06,1.1956324348101436e-05
B_tbl_minus_hqql,mod.blocks.3.attn.h1,charged_hadron<-charged_hadron,0.024821620910996937,-7.94740923362053e-06,0.0,0.0,0.0,-7.94740923362053e-06,-7.94740923362053e-06,7.94740923362053e-06,1.1921113850430795e-05
B_tbl_minus_hqql,mod.blocks.1.attn.h1,muon<-muon,0.004192400258034468,-7.932570952107199e-06,0.0,0.0,0.0,-7.932570952107199e-06,-7.932570952107199e-06,7.932570952107199e-06,1.1898856428160798e-05
B_tbl_minus_hqql,mod.blocks.3.attn.h4,muon<-photon,0.011825900077819824,7.931065629236401e-06,0.0,0.0,0.0,7.931065629236401e-06,7.931065629236401e-06,7.931065629236401e-06,1.18965984438546e-05
signed_hqql_tbl,mod.blocks.7.attn.h5,neutral_hadron<-muon,0.0011656847782433033,-2.409035460004816e-07,-2.355114732684645e-05,-7.443090726155788e-05,4.852388428844279e-07,2.331024378084597e-05,7.41900037155574e-05,2.409035460004816e-07,1.1896025436423466e-05
signed_hqql_tbl,mod.blocks.1.attn.h3,photon<-photon,0.021290978925808286,-1.800369851255499e-06,1.8339787489500175e-05,3.332363121562265e-05,1.897323527802317e-05,-2.0140157340755676e-05,-3.512400106687815e-05,1.800369851255499e-06,1.1870448521633337e-05
signed_hqql_tbl,mod.blocks.0.attn.h4,photon<-electron,0.020220981138508495,8.755841844230587e-06,1.4950548885045228e-05,7.225551598821767e-06,3.0000810511410236e-05,-6.194707040814641e-06,1.53029024540882e-06,8.755841844230587e-06,1.1853195364637907e-05
signed_hqql_tbl,mod.blocks.2.attn.h6,charged_hadron<-neutral_hadron,0.01862075769600748,-1.4876721150317446e-06,-2.2201802122388997e-05,6.9812443460109546e-06,-4.687339299695036e-05,2.071413000735725e-05,-8.4689164610427e-06,1.4876721150317446e-06,1.184473711871037e-05
B_tbl_minus_hqql,mod.blocks.7.attn.h0,neutral_hadron<-photon,0.02207396610737746,7.878670057869124e-06,0.0,0.0,0.0,7.878670057869124e-06,7.878670057869124e-06,7.878670057869124e-06,1.1818005086803687e-05
B_tbl_minus_hqql,mod.blocks.2.attn.h6,muon<-muon,9.95894442894496e-05,-7.865945008234121e-06,0.0,0.0,0.0,-7.865945008234121e-06,-7.865945008234121e-06,7.865945008234121e-06,1.1798917512351181e-05
signed_hqql_tbl,mod.blocks.4.attn.h3,photon<-photon,0.018867381387611806,-7.149871906598172e-06,2.1463527730634423e-06,-7.454769501667527e-06,7.35314827889581e-06,-9.296224679661614e-06,3.0489759506935516e-07,7.149871906598172e-06,1.1797984246428978e-05
signed_hqql_tbl,mod.blocks.5.attn.h5,photon<-photon,0.016920609875233434,7.744544093429917e-06,-3.0921697679932424e-07,-3.743256280237027e-06,-1.55282529570607e-05,8.05376107022924e-06,1.1487800373666943e-05,7.744544093429917e-06,1.1771424628544537e-05
B_tbl_minus_hqql,mod.blocks.3.attn.h5,neutral_hadron<-photon,0.018581955220098395,7.846944987080819e-06,0.0,0.0,0.0,7.846944987080819e-06,7.846944987080819e-06,7.846944987080819e-06,1.1770417480621227e-05
signed_hqql_tbl,mod.blocks.2.attn.h7,photon<-photon,0.016363281951768425,-6.378049172577553e-06,4.358605377148001e-06,5.396283361466163e-06,-1.5265060162290224e-06,-1.0736654549725554e-05,-1.1774332534043717e-05,6.378049172577553e-06,1.174637644744033e-05
signed_hqql_tbl,mod.blocks.7.attn.h5,neutral_hadron<-neutral_hadron,0.003053979146018525,5.2505956002998584e-06,-7.730554303013707e-06,2.240467273889048e-05,-9.191133390530664e-06,1.2981149903313564e-05,-1.7154077138590622e-05,5.2505956002998584e-06,1.174117055195664e-05
signed_hqql_tbl,mod.blocks.1.attn.h6,photon<-charged_hadron,0.022694198882765745,1.0383630015962375e-05,7.684671044682252e-06,1.2482477352527428e-05,-9.905704703355233e-08,2.6989589712801234e-06,-2.098847336565053e-06,1.0383630015962375e-05,1.1733109501602438e-05
B_tbl_minus_hqql,mod.blocks.6.attn.h0,muon<-charged_hadron,0.026586001738905907,-7.821077815606259e-06,0.0,0.0,0.0,-7.821077815606259e-06,-7.821077815606259e-06,7.821077815606259e-06,1.1731616723409388e-05
B_tbl_minus_hqql,mod.blocks.3.attn.h3,electron<-neutral_hadron,0.003570216397444407,-7.819135606513117e-06,0.0,0.0,0.0,-7.819135606513117e-06,-7.819135606513117e-06,7.819135606513117e-06,1.1728703409769676e-05
B_tbl_minus_hqql,mod.cls_blocks.1.attn.h4,charged_hadron<-electron,0.0009958594491763506,-7.815646043241031e-06,0.0,0.0,0.0,-7.815646043241031e-06,-7.815646043241031e-06,7.815646043241031e-06,1.1723469064861547e-05
B_tbl_minus_hqql,mod.blocks.7.attn.h0,neutral_hadron<-electron,0.01580518235762914,7.800954066354919e-06,0.0,0.0,0.0,7.800954066354919e-06,7.800954066354919e-06,7.800954066354919e-06,1.170143109953238e-05
signed_hqql_tbl,mod.blocks.6.attn.h6,photon<-photon,0.012189765473890718,-7.1701521804250735e-06,1.8748616186749874e-06,2.184742636258138e-06,4.088962355683972e-06,-9.04501379910006e-06,-9.354894816683212e-06,7.1701521804250735e-06,1.1692659079975105e-05
B_tbl_minus_hqql,mod.blocks.5.attn.h7,neutral_hadron<-electron,0.00903357634389842,-7.780434787963276e-06,0.0,0.0,0.0,-7.780434787963276e-06,-7.780434787963276e-06,7.780434787963276e-06,1.1670652181944914e-05
B_tbl_minus_hqql,mod.blocks.2.attn.h6,photon<-charged_hadron,0.024706804979611932,-7.7799123126512e-06,0.0,0.0,0.0,-7.7799123126512e-06,-7.7799123126512e-06,7.7799123126512e-06,1.16698684689768e-05
B_tbl_minus_hqql,mod.blocks.3.attn.h5,charged_hadron<-neutral_hadron,0.004744799101219123,7.776859971624212e-06,0.0,0.0,0.0,7.776859971624212e-06,7.776859971624212e-06,7.776859971624212e-06,1.1665289957436318e-05
signed_hqql_tbl,mod.blocks.6.attn.h7,neutral_hadron<-electron,0.008309147976062916,-2.2722861440679816e-06,1.647204154371713e-05,4.171503707766533e-05,-2.013153789448552e-05,-1.8744327687785112e-05,-4.398732322173331e-05,2.2722861440679816e-06,1.1644449987960538e-05
B_tbl_minus_hqql,mod.blocks.5.attn.h5,photon<-photon,0.01692060941138406,7.744546323474992e-06,0.0,0.0,0.0,7.744546323474992e-06,7.744546323474992e-06,7.744546323474992e-06,1.1616819485212489e-05
B_tbl_minus_hqql,mod.blocks.4.attn.h6,charged_hadron<-muon,0.012111665681004524,7.744220056338236e-06,0.0,0.0,0.0,7.744220056338236e-06,7.744220056338236e-06,7.744220056338236e-06,1.1616330084507354e-05
B_tbl_minus_hqql,mod.blocks.7.attn.h6,neutral_hadron<-charged_hadron,0.027938427844969166,-7.735304103992066e-06,0.0,0.0,0.0,-7.735304103992066e-06,-7.735304103992066e-06,7.735304103992066e-06,1.1602956155988099e-05
signed_hqql_tbl,mod.blocks.5.attn.h7,neutral_hadron<-photon,0.016979221837615008,6.868902523679943e-06,1.626571790782537e-05,-1.9654981340848374e-06,7.742878166606068e-06,-9.396815384145429e-06,8.834400657764782e-06,6.868902523679943e-06,1.1567310215752659e-05
B_tbl_minus_hqql,mod.blocks.2.attn.h0,neutral_hadron<-electron,0.0066917199227545,7.700666443539646e-06,0.0,0.0,0.0,7.700666443539646e-06,7.700666443539646e-06,7.700666443539646e-06,1.1550999665309468e-05
B_tbl_minus_hqql,mod.blocks.4.attn.h3,neutral_hadron<-charged_hadron,0.028919987050759023,-7.693435896008017e-06,0.0,0.0,0.0,-7.693435896008017e-06,-7.693435896008017e-06,7.693435896008017e-06,1.1540153844012024e-05
signed_hqql_tbl,mod.blocks.7.attn.h2,photon<-neutral_hadron,0.03019687007014516,4.371781765237757e-06,-9.961627955610628e-06,9.919997804421772e-06,-8.876293411712967e-06,1.4333409720848384e-05,-5.548216039184015e-06,4.371781765237757e-06,1.153848662566195e-05
B_tbl_minus_hqql,mod.blocks.2.attn.h4,charged_hadron<-charged_hadron,0.02282476389259979,7.680451336818372e-06,0.0,0.0,0.0,7.680451336818372e-06,7.680451336818372e-06,7.680451336818372e-06,1.1520677005227559e-05
B_tbl_minus_hqql,mod.blocks.7.attn.h3,neutral_hadron<-photon,0.01803444516051872,-7.674401053206996e-06,0.0,0.0,0.0,-7.674401053206996e-06,-7.674401053206996e-06,7.674401053206996e-06,1.1511601579810494e-05
B_tbl_minus_hqql,mod.blocks.0.attn.h7,electron<-neutral_hadron,0.029794321016029076,-7.671190057105074e-06,0.0,0.0,0.0,-7.671190057105074e-06,-7.671190057105074e-06,7.671190057105074e-06,1.1506785085657611e-05
signed_hqql_tbl,mod.cls_blocks.1.attn.h1,CLS<-CLS,0.003364281787071377,-5.157492523721885e-06,-1.7844052628279705e-05,0.0,0.0,1.268656010455782e-05,-5.157492523721885e-06,5.157492523721885e-06,1.1500772576000795e-05
signed_hqql_tbl,mod.blocks.0.attn.h6,muon<-neutral_hadron,0.001015432458370924,6.335469515761361e-06,-3.941717902004409e-06,-1.5609319234499708e-05,-2.2517988327308558e-05,1.0277187417765769e-05,2.1944788750261067e-05,6.335469515761361e-06,1.1474063224644245e-05
signed_hqql_tbl,mod.blocks.6.attn.h7,electron<-muon,2.7491230412124423e-06,-4.533238673332107e-09,2.289630901941564e-05,0.0,0.0,-2.290084225808897e-05,-4.533238673332107e-09,4.533238673332107e-09,1.1454954367717818e-05
signed_hqql_tbl,mod.blocks.3.attn.h5,photon<-neutral_hadron,0.006710042094075402,1.5326582914186697e-06,-1.8308030851892277e-05,5.83932969838783e-06,-1.3467459660920438e-05,1.9840689143310946e-05,-4.30667140696916e-06,1.5326582914186697e-06,1.1453002863074143e-05
signed_hqql_tbl,mod.cls_blocks.1.attn.h3,charged_hadron<-neutral_hadron,0.02134445706048073,1.0589997355754558e-05,8.914100463799616e-06,-0.00029333070641820633,-0.00015476918439768876,1.6758968919549426e-06,0.0003039207037739609,1.0589997355754558e-05,1.1427945801732029e-05
B_tbl_minus_hqql,mod.blocks.3.attn.h7,neutral_hadron<-electron,0.017750505771901872,7.6150943102591015e-06,0.0,0.0,0.0,7.6150943102591015e-06,7.6150943102591015e-06,7.6150943102591015e-06,1.1422641465388653e-05
signed_hqql_tbl,mod.blocks.0.attn.h2,electron<-muon,4.153480404056609e-06,2.4328587144850644e-08,2.2761851141694933e-05,0.0,0.0,-2.2737522554550083e-05,2.4328587144850644e-08,2.4328587144850644e-08,1.1393089864419892e-05
signed_hqql_tbl,mod.blocks.3.attn.h7,neutral_hadron<-charged_hadron,0.026117601247728706,6.33202744771776e-06,1.6351275002972485e-05,2.7888172201108402e-08,1.8800289747224185e-05,-1.0019247555254724e-05,6.304139275516652e-06,6.33202744771776e-06,1.1341651225345122e-05
B_tbl_minus_hqql,mod.blocks.5.attn.h4,charged_hadron<-charged_hadron,0.024101649471458684,-7.529147305983259e-06,0.0,0.0,0.0,-7.529147305983259e-06,-7.529147305983259e-06,7.529147305983259e-06,1.1293720958974888e-05
signed_hqql_tbl,mod.blocks.6.attn.h6,electron<-electron,0.0007101523044260224,2.6847599649610425e-07,2.23185611057386e-05,3.4653972605750796e-06,2.729563769732213e-08,-2.2050085109242496e-05,-3.1969212640789755e-06,2.6847599649610425e-07,1.1293518551117353e-05
signed_hqql_tbl,mod.blocks.5.attn.h4,neutral_hadron<-charged_hadron,0.02628158040407325,-6.462303279257961e-06,3.123865315394124e-06,-1.2421218098964725e-06,-1.5389300358129634e-07,-9.586168594652085e-06,-5.220181469361488e-06,6.462303279257961e-06,1.1255387576584003e-05
B_tbl_minus_hqql,mod.blocks.7.attn.h0,charged_hadron<-photon,0.01788200380346253,7.503578613338974e-06,0.0,0.0,0.0,7.503578613338974e-06,7.503578613338974e-06,7.503578613338974e-06,1.1255367920008461e-05
B_tbl_minus_hqql,mod.blocks.7.attn.h2,neutral_hadron<-charged_hadron,0.020744145183670088,7.501400531731358e-06,0.0,0.0,0.0,7.501400531731358e-06,7.501400531731358e-06,7.501400531731358e-06,1.1252100797597037e-05
B_tbl_minus_hqql,mod.blocks.2.attn.h1,neutral_hadron<-neutral_hadron,0.014017253465278715,-7.498855095901326e-06,0.0,0.0,0.0,-7.498855095901326e-06,-7.498855095901326e-06,7.498855095901326e-06,1.1248282643851989e-05
signed_hqql_tbl,mod.blocks.2.attn.h4,photon<-photon,0.017881035733387094,-7.14213088440796e-06,9.188855377336343e-07,-8.149923693483478e-06,5.547767307449638e-06,-8.061016422141595e-06,1.0077928090755176e-06,7.14213088440796e-06,1.1172639095478759e-05
signed_hqql_tbl,mod.blocks.5.attn.h7,neutral_hadron<-electron,0.00903357924134643,-7.780423469806987e-06,-1.0322245974461304e-06,-2.3547111777588724e-05,0.00016613312845947803,-6.748198872360857e-06,1.5766688307781737e-05,7.780423469806987e-06,1.1154522905987416e-05
signed_hqql_tbl,mod.blocks.5.attn.h4,electron<-neutral_hadron,0.004431695677340031,2.7450247822950285e-07,2.2030234073386773e-05,-2.245751311420463e-06,-2.526313255657442e-05,-2.175573159515727e-05,2.520253789649966e-06,2.7450247822950285e-07,1.1152368275808137e-05
signed_hqql_tbl,mod.blocks.1.attn.h0,photon<-charged_hadron,0.02183360787639034,3.6011960461401075e-06,-1.1471337659844857e-05,1.1972450654128174e-07,-6.51706861883159e-06,1.5072533705984965e-05,3.481471539598826e-06,3.6011960461401075e-06,1.1137462899132591e-05
B_tbl_minus_hqql,mod.blocks.7.attn.h5,charged_hadron<-neutral_hadron,0.00573517125444252,7.412198302270818e-06,0.0,0.0,0.0,7.412198302270818e-06,7.412198302270818e-06,7.412198302270818e-06,1.1118297453406227e-05
B_tbl_minus_hqql,mod.blocks.0.attn.h3,charged_hadron<-neutral_hadron,0.025747131232787913,-7.407603288429375e-06,0.0,0.0,0.0,-7.407603288429375e-06,-7.407603288429375e-06,7.407603288429375e-06,1.1111404932644062e-05
signed_hqql_tbl,mod.blocks.2.attn.h3,neutral_hadron<-charged_hadron,0.021779446641938024,-2.9078939426116416e-06,-1.929310524347459e-05,9.409640996782194e-06,2.921694548596006e-06,1.638521130086295e-05,-1.2317534939393835e-05,2.9078939426116416e-06,1.1100499593043115e-05
B_tbl_minus_hqql,mod.blocks.2.attn.h4,photon<-muon,0.03947154521942139,-7.399749592877924e-06,0.0,0.0,0.0,-7.399749592877924e-06,-7.399749592877924e-06,7.399749592877924e-06,1.1099624389316887e-05
signed_hqql_tbl,mod.blocks.3.attn.h7,electron<-electron,2.6712159726432423e-05,-3.094234202194457e-09,-2.2122654984697843e-05,-9.56104747225813e-09,-8.687266905837987e-10,2.2119560750495648e-05,6.466813270063673e-09,3.094234202194457e-09,1.1062874609450019e-05
B_tbl_minus_hqql,mod.blocks.4.attn.h5,neutral_hadron<-muon,0.0052133958786726,7.350270607275888e-06,0.0,0.0,0.0,7.350270607275888e-06,7.350270607275888e-06,7.350270607275888e-06,1.1025405910913832e-05
B_tbl_minus_hqql,mod.blocks.2.attn.h1,photon<-muon,0.007345999479293823,-7.345325429923832e-06,0.0,0.0,0.0,-7.345325429923832e-06,-7.345325429923832e-06,7.345325429923832e-06,1.1017988144885749e-05
signed_hqql_tbl,mod.blocks.0.attn.h4,charged_hadron<-charged_hadron,0.013410271254001184,1.0824695466861533e-05,1.0541445077404092e-05,-2.3591396842816366e-07,1.0910265982965023e-06,2.832503894574408e-07,1.1060609435289696e-05,1.0824695466861533e-05,1.0966320661590254e-05
signed_hqql_tbl,mod.cls_blocks.1.attn.h3,neutral_hadron<-CLS,0.0005471117910929024,-7.866072337492369e-06,-1.7386246998216462e-06,0.0,0.0,-6.127447637670723e-06,-7.866072337492369e-06,7.866072337492369e-06,1.092979615632773e-05
signed_hqql_tbl,mod.blocks.4.attn.h7,photon<-muon,0.014783120155334473,6.4398074755445124e-06,1.5412757516299424e-05,-0.0002165593517323335,8.593688471592031e-05,-8.972950040754913e-06,0.000222999159207878,6.4398074755445124e-06,1.092628249592197e-05
B_tbl_minus_hqql,mod.blocks.5.attn.h5,photon<-charged_hadron,0.024713656586901018,7.283398762516406e-06,0.0,0.0,0.0,7.283398762516406e-06,7.283398762516406e-06,7.283398762516406e-06,1.092509814377461e-05
signed_hqql_tbl,mod.blocks.3.attn.h5,charged_hadron<-charged_hadron,0.027269112385993652,2.945049912405161e-06,-1.2975505836000221e-05,2.952302003601736e-06,-3.1615520467290593e-06,1.592055574840538e-05,-7.2520911965750424e-09,2.945049912405161e-06,1.0905327786607852e-05
signed_hqql_tbl,mod.blocks.5.attn.h3,photon<-neutral_hadron,0.019541256874331434,2.826566977390117e-06,-1.3308456386490494e-05,1.267999715927532e-05,-4.219767367876233e-05,1.613502336388061e-05,-9.853430181885204e-06,2.826566977390117e-06,1.0894078659330422e-05
signed_hqql_tbl,mod.blocks.4.attn.h4,neutral_hadron<-photon,0.01378149801946001,-2.2739938824756e-06,1.493636800042277e-05,3.5949042928675555e-08,4.04150289795481e-06,-1.721036188289837e-05,-2.3099429254042756e-06,2.2739938824756e-06,1.0879174823924785e-05
B_tbl_minus_hqql,mod.blocks.5.attn.h6,photon<-neutral_hadron,0.036992917114799684,7.2519401034063965e-06,0.0,0.0,0.0,7.2519401034063965e-06,7.2519401034063965e-06,7.2519401034063965e-06,1.0877910155109595e-05
B_tbl_minus_hqql,mod.blocks.7.attn.h1,charged_hadron<-electron,0.0037334772891231944,7.250386087911292e-06,0.0,0.0,0.0,7.250386087911292e-06,7.250386087911292e-06,7.250386087911292e-06,1.0875579131866939e-05
signed_hqql_tbl,mod.blocks.5.attn.h3,charged_hadron<-photon,0.01636815694354987,-6.0255388518233674e-06,3.5991902567917742e-06,-1.5987119058363165e-05,9.753757513687529e-06,-9.624729108615142e-06,9.961580206539797e-06,6.0255388518233674e-06,1.0837903406130938e-05
signed_hqql_tbl,mod.blocks.1.attn.h6,photon<-photon,0.016867096714543853,-3.068463135910976e-06,-1.8597775975204243e-05,-1.3240801847982488e-05,2.6858332460538902e-05,1.552931283929327e-05,1.0172338712071511e-05,3.068463135910976e-06,1.083311955555761e-05
B_tbl_minus_hqql,mod.blocks.6.attn.h1,electron<-charged_hadron,0.030787309010823567,-7.220829415711619e-06,0.0,0.0,0.0,-7.220829415711619e-06,-7.220829415711619e-06,7.220829415711619e-06,1.0831244123567429e-05
signed_hqql_tbl,mod.blocks.2.attn.h4,charged_hadron<-photon,0.01615034518112412,-4.735474897011069e-06,-1.6921741297606066e-05,-1.4408519978048634e-05,-2.928523835879358e-06,1.2186266400594997e-05,9.673045081037565e-06,4.735474897011069e-06,1.0828608097308566e-05
signed_hqql_tbl,mod.blocks.2.attn.h6,photon<-neutral_hadron,0.017377000571346224,-3.1619123241727752e-06,-1.8488620807146443e-05,-4.529877431315017e-06,-8.450112181739587e-06,1.532670848297367e-05,1.3679651071422418e-06,3.1619123241727752e-06,1.082526656565961e-05
B_tbl_minus_hqql,mod.blocks.6.attn.h6,photon<-photon,0.01218976524196603,-7.1701522588250954e-06,0.0,0.0,0.0,-7.1701522588250954e-06,-7.1701522588250954e-06,7.1701522588250954e-06,1.0755228388237643e-05
B_tbl_minus_hqql,mod.blocks.5.attn.h1,photon<-neutral_hadron,0.02252787089362825,7.164598721615727e-06,0.0,0.0,0.0,7.164598721615727e-06,7.164598721615727e-06,7.164598721615727e-06,1.074689808242359e-05
B_tbl_minus_hqql,mod.blocks.4.attn.h3,photon<-photon,0.018867380816720267,-7.1498761619771535e-06,0.0,0.0,0.0,-7.1498761619771535e-06,-7.1498761619771535e-06,7.1498761619771535e-06,1.072481424296573e-05
B_tbl_minus_hqql,mod.blocks.2.attn.h4,photon<-photon,0.017881036161555747,-7.1421313025414125e-06,0.0,0.0,0.0,-7.1421313025414125e-06,-7.1421313025414125e-06,7.1421313025414125e-06,1.071319695381212e-05
signed_hqql_tbl,mod.blocks.5.attn.h4,neutral_hadron<-photon,0.019058676971571015,-4.21433876355493e-06,8.68586540665906e-06,-3.263327275918415e-06,1.4320799950494832e-06,-1.290020417021399e-05,-9.510114876365149e-07,4.21433876355493e-06,1.0664440848661926e-05
signed_hqql_tbl,mod.blocks.7.attn.h2,muon<-electron,3.6919852846040158e-06,6.8748349235647765e-09,2.128633605025243e-05,0.0,0.0,-2.1279461215328865e-05,6.8748349235647765e-09,6.8748349235647765e-09,1.0646605442587997e-05
signed_hqql_tbl,mod.blocks.5.attn.h6,charged_hadron<-muon,0.009905271232128143,-5.171779321244685e-06,-1.6068508744072646e-05,2.033412456512451e-05,-2.0274955948645417e-05,1.089672942282796e-05,-2.5505903886369195e-05,5.171779321244685e-06,1.0620144032658665e-05
signed_hqql_tbl,mod.blocks.0.attn.h1,charged_hadron<-electron,0.010370760978687377,-6.775714046809645e-06,8.93400415820493e-07,-0.00013526113190013786,0.00023380211088806392,-7.669114462630137e-06,0.0001284854178533282,6.775714046809645e-06,1.0610271278124713e-05
signed_hqql_tbl,mod.blocks.3.attn.h1,charged_hadron<-charged_hadron,0.02482162049203621,-7.947416437430455e-06,-2.747311911064173e-06,9.723316919094363e-06,6.546245785760704e-06,-5.2001045263662826e-06,-1.7670733356524818e-05,7.947416437430455e-06,1.0547468700613596e-05
signed_hqql_tbl,mod.blocks.4.attn.h3,photon<-neutral_hadron,0.008155515149357482,-9.421740237773893e-06,-1.1664827388108522e-05,8.093544881828493e-06,-8.939179639963167e-06,2.2430871503346296e-06,-1.7515285119602384e-05,9.421740237773893e-06,1.0543283812941207e-05
signed_hqql_tbl,mod.blocks.1.attn.h0,charged_hadron<-charged_hadron,0.022412514378349083,-9.768130649332421e-06,-1.129130863291327e-05,-1.4094808358730163e-07,6.634994593068274e-06,1.5231779835808498e-06,-9.627182565745119e-06,9.768130649332421e-06,1.0529719641122847e-05
signed_hqql_tbl,mod.blocks.4.attn.h4,neutral_hadron<-charged_hadron,0.029073379353648808,1.9988540890747263e-06,1.9042094569346347e-05,1.5622780723785142e-06,-3.034548665513433e-06,-1.704324048027162e-05,4.365760166962122e-07,1.9988540890747263e-06,1.0520474329210537e-05
signed_hqql_tbl,mod.blocks.3.attn.h1,neutral_hadron<-charged_hadron,0.028008522372953697,6.678515878252956e-06,1.4335729614306472e-05,-3.7606075369786596e-06,-9.888157309157866e-06,-7.657213736053516e-06,1.0439123415231617e-05,6.678515878252956e-06,1.0507122746279713e-05
B_tbl_minus_hqql,mod.blocks.4.attn.h1,neutral_hadron<-muon,0.01695187985897064,6.993963324930519e-06,0.0,0.0,0.0,6.993963324930519e-06,6.993963324930519e-06,6.993963324930519e-06,1.0490944987395778e-05
signed_hqql_tbl,mod.blocks.5.attn.h3,electron<-muon,0.005414306186139584,3.92605716115213e-06,1.6953716112766415e-05,0.0,0.0,-1.3027658951614285e-05,3.92605716115213e-06,3.92605716115213e-06,1.0439886636959272e-05
signed_hqql_tbl,mod.blocks.7.attn.h0,electron<-photon,0.018898408587385968,6.5602149792598575e-06,-1.1882029529833407e-06,7.973365011691515e-05,1.0897856554947793e-05,7.748417932243198e-06,-7.317343513765529e-05,6.5602149792598575e-06,1.0434423945381457e-05
B_tbl_minus_hqql,mod.blocks.3.attn.h6,photon<-muon,0.003415532410144806,-6.955846329219639e-06,0.0,0.0,0.0,-6.955846329219639e-06,-6.955846329219639e-06,6.955846329219639e-06,1.0433769493829458e-05
signed_hqql_tbl,mod.blocks.5.attn.h6,neutral_hadron<-photon,0.014066439147717843,-5.9499285433506965e-06,2.984718287239324e-06,-2.998465269937012e-06,8.88481542077255e-06,-8.93464683059002e-06,-2.9514632734136846e-06,5.9499285433506965e-06,1.0417251958645707e-05
signed_hqql_tbl,mod.blocks.3.attn.h5,neutral_hadron<-muon,0.01183556318283081,-4.040091880597174e-07,-2.0335792404087744e-05,-2.644776577653829e-05,-6.667300719224538e-06,1.9931783216028026e-05,2.6043756588478572e-05,4.040091880597174e-07,1.0369900796073731e-05
signed_hqql_tbl,mod.blocks.2.attn.h5,photon<-photon,0.01885381675487291,5.166880915761529e-06,-5.202286458593242e-06,-1.9089246182013536e-05,4.344207757963378e-05,1.0369167374354771e-05,2.4256127097775067e-05,5.166880915761529e-06,1.0351464602938915e-05
signed_hqql_tbl,mod.blocks.6.attn.h5,neutral_hadron<-photon,0.024834475975827854,4.657170510517772e-06,-6.687061568245922e-06,-1.7344537345678257e-05,5.730768813143617e-06,1.1344232078763693e-05,2.200170785619603e-05,4.657170510517772e-06,1.0329286549899618e-05
B_tbl_minus_hqql,mod.blocks.2.attn.h3,photon<-electron,0.018544812149148646,-6.88534256494869e-06,0.0,0.0,0.0,-6.88534256494869e-06,-6.88534256494869e-06,6.88534256494869e-06,1.0328013847423035e-05
B_tbl_minus_hqql,mod.blocks.1.attn.h1,muon<-electron,0.0009145764051936567,6.875071449030656e-06,0.0,0.0,0.0,6.875071449030656e-06,6.875071449030656e-06,6.875071449030656e-06,1.0312607173545985e-05
B_tbl_minus_hqql,mod.blocks.5.attn.h2,photon<-photon,0.014646512614292714,6.874913555469316e-06,0.0,0.0,0.0,6.874913555469316e-06,6.874913555469316e-06,6.874913555469316e-06,1.0312370333203974e-05
B_tbl_minus_hqql,mod.blocks.5.attn.h7,neutral_hadron<-photon,0.01697922236210591,6.868895032782035e-06,0.0,0.0,0.0,6.868895032782035e-06,6.868895032782035e-06,6.868895032782035e-06,1.0303342549173052e-05
B_tbl_minus_hqql,mod.blocks.5.attn.h7,photon<-neutral_hadron,0.012556547960494765,-6.845409951979408e-06,0.0,0.0,0.0,-6.845409951979408e-06,-6.845409951979408e-06,6.845409951979408e-06,1.0268114927969113e-05
B_tbl_minus_hqql,mod.blocks.5.attn.h7,electron<-neutral_hadron,0.007921679221369602,-6.838646590444518e-06,0.0,0.0,0.0,-6.838646590444518e-06,-6.838646590444518e-06,6.838646590444518e-06,1.0257969885666777e-05
B_tbl_minus_hqql,mod.blocks.3.attn.h4,photon<-muon,0.012279225587844849,6.821550196036696e-06,0.0,0.0,0.0,6.821550196036696e-06,6.821550196036696e-06,6.821550196036696e-06,1.0232325294055045e-05
B_tbl_minus_hqql,mod.blocks.6.attn.h3,photon<-photon,0.012842456690032695,-6.8192677111029e-06,0.0,0.0,0.0,-6.8192677111029e-06,-6.8192677111029e-06,6.8192677111029e-06,1.022890156665435e-05
signed_hqql_tbl,mod.blocks.4.attn.h7,photon<-charged_hadron,0.024409434066763647,6.66151863844567e-06,-4.710570950831026e-07,-6.624901893165271e-07,-8.238383104447588e-06,7.132575733528773e-06,7.324008827762197e-06,6.66151863844567e-06,1.0227806505210057e-05
signed_hqql_tbl,mod.blocks.4.attn.h6,electron<-electron,0.0007165270682081529,-3.6730177832566824e-07,1.933642255158574e-05,3.889424135650188e-05,2.345877987863787e-06,-1.970372432991141e-05,-3.926154313482755e-05,3.6730177832566824e-07,1.0219163943281373e-05
B_tbl_minus_hqql,mod.blocks.5.attn.h3,neutral_hadron<-electron,0.010778446923251505,6.792992920694545e-06,0.0,0.0,0.0,6.792992920694545e-06,6.792992920694545e-06,6.792992920694545e-06,1.0189489381041818e-05
B_tbl_minus_hqql,mod.blocks.0.attn.h1,charged_hadron<-electron,0.01037075991431872,-6.775683903556672e-06,0.0,0.0,0.0,-6.775683903556672e-06,-6.775683903556672e-06,6.775683903556672e-06,1.0163525855335007e-05
B_tbl_minus_hqql,mod.blocks.7.attn.h3,neutral_hadron<-charged_hadron,0.024470242866281033,6.773446536399894e-06,0.0,0.0,0.0,6.773446536399894e-06,6.773446536399894e-06,6.773446536399894e-06,1.016016980459984e-05
B_tbl_minus_hqql,mod.blocks.6.attn.h0,photon<-charged_hadron,0.02636283508688642,-6.768780343228083e-06,0.0,0.0,0.0,-6.768780343228083e-06,-6.768780343228083e-06,6.768780343228083e-06,1.0153170514842124e-05
B_tbl_minus_hqql,mod.blocks.5.attn.h2,electron<-neutral_hadron,0.007125355579234936,6.762919063610887e-06,0.0,0.0,0.0,6.762919063610887e-06,6.762919063610887e-06,6.762919063610887e-06,1.014437859541633e-05
signed_hqql_tbl,mod.blocks.4.attn.h6,neutral_hadron<-muon,0.001231683325022459,6.293453043326735e-06,-1.39788274585347e-06,1.875720772659406e-05,-4.0385364425472085e-07,7.691335789180205e-06,-1.2463754683267324e-05,6.293453043326735e-06,1.0139120937916839e-05
B_tbl_minus_hqql,mod.blocks.2.attn.h0,charged_hadron<-photon,0.017557822714507544,-6.743765239464469e-06,0.0,0.0,0.0,-6.743765239464469e-06,-6.743765239464469e-06,6.743765239464469e-06,1.0115647859196703e-05
signed_hqql_tbl,mod.blocks.5.attn.h1,neutral_hadron<-neutral_hadron,0.026061759208191614,-3.7520428316488284e-06,-1.6473835446273742e-05,-1.4332716512419672e-05,4.96068703592054e-05,1.2721792614624913e-05,1.0580673680770844e-05,3.7520428316488284e-06,1.0112939138961285e-05
signed_hqql_tbl,mod.blocks.6.attn.h3,charged_hadron<-charged_hadron,0.023357443128997353,5.276987069145311e-06,-4.3561425740670776e-06,1.1064538186104637e-06,5.680562964454176e-06,9.633129643212389e-06,4.170533250534847e-06,5.276987069145311e-06,1.0093551890751506e-05
B_tbl_minus_hqql,mod.blocks.0.attn.h7,neutral_hadron<-charged_hadron,0.02593186910078973,-6.721607237892533e-06,0.0,0.0,0.0,-6.721607237892533e-06,-6.721607237892533e-06,6.721607237892533e-06,1.00824108568388e-05
B_tbl_minus_hqql,mod.blocks.3.attn.h1,neutral_hadron<-neutral_hadron,0.010137145834990213,-6.721055290311552e-06,0.0,0.0,0.0,-6.721055290311552e-06,-6.721055290311552e-06,6.721055290311552e-06,1.0081582935467328e-05
B_tbl_minus_hqql,mod.blocks.3.attn.h2,neutral_hadron<-electron,0.003630502252942986,-6.7028356877724745e-06,0.0,0.0,0.0,-6.7028356877724745e-06,-6.7028356877724745e-06,6.7028356877724745e-06,1.0054253531658713e-05
B_tbl_minus_hqql,mod.blocks.3.attn.h1,neutral_hadron<-charged_hadron,0.028008522372953697,6.678520313122359e-06,0.0,0.0,0.0,6.678520313122359e-06,6.678520313122359e-06,6.678520313122359e-06,1.0017780469683538e-05
B_tbl_minus_hqql,mod.blocks.2.attn.h6,charged_hadron<-charged_hadron,0.02315905636700869,6.675860265383734e-06,0.0,0.0,0.0,6.675860265383734e-06,6.675860265383734e-06,6.675860265383734e-06,1.00137903980756e-05
B_tbl_minus_hqql,mod.blocks.4.attn.h7,photon<-charged_hadron,0.024409433240356094,6.661524170022921e-06,0.0,0.0,0.0,6.661524170022921e-06,6.661524170022921e-06,6.661524170022921e-06,9.992286255034381e-06
B_tbl_minus_hqql,mod.blocks.2.attn.h2,neutral_hadron<-muon,0.024593999981880187,-6.657569610979408e-06,0.0,0.0,0.0,-6.657569610979408e-06,-6.657569610979408e-06,6.657569610979408e-06,9.986354416469113e-06
signed_hqql_tbl,mod.blocks.6.attn.h2,neutral_hadron<-muon,0.0016972472891211509,-3.7717659324698615e-07,1.880270883702906e-05,-1.791542672435753e-05,1.648165102273601e-06,-1.9179885430276045e-05,1.7538250131110544e-05,3.7717659324698615e-07,9.96711930838501e-06
signed_hqql_tbl,mod.blocks.5.attn.h6,photon<-neutral_hadron,0.036992917302117866,7.25193263080128e-06,1.8300272307066742e-06,4.009632524638904e-06,1.9725991120560414e-05,5.421905400094605e-06,3.242300106162376e-06,7.25193263080128e-06,9.962885330848582e-06
signed_hqql_tbl,mod.blocks.5.attn.h1,photon<-neutral_hadron,0.022527870593919162,7.1646017399262395e-06,1.2723638598265458e-05,-5.192649565794955e-06,-8.435396626788441e-06,-5.559036858339218e-06,1.2357251305721194e-05,7.1646017399262395e-06,9.944120169095849e-06
signed_hqql_tbl,mod.blocks.1.attn.h2,photon<-charged_hadron,0.022101676787757103,6.188928924532148e-06,1.3688501172443166e-05,1.273850249223632e-05,1.711768914393038e-06,-7.499572247911018e-06,-6.549573567704172e-06,6.188928924532148e-06,9.938715048487657e-06
B_tbl_minus_hqql,mod.blocks.7.attn.h7,charged_hadron<-electron,0.013889076232555368,6.622364015215897e-06,0.0,0.0,0.0,6.622364015215897e-06,6.622364015215897e-06,6.622364015215897e-06,9.933546022823845e-06
signed_hqql_tbl,mod.blocks.0.attn.h2,photon<-charged_hadron,0.020916910064075808,5.357782003361622e-06,-3.7698913997086912e-06,1.3372374605727855e-06,-1.527490912351016e-05,9.127673403070313e-06,4.020544542788837e-06,5.357782003361622e-06,9.92161870489678e-06
B_tbl_minus_hqql,mod.blocks.7.attn.h0,electron<-photon,0.018898412706406135,6.5602004864987565e-06,0.0,0.0,0.0,6.5602004864987565e-06,6.5602004864987565e-06,6.5602004864987565e-06,9.840300729748135e-06
signed_hqql_tbl,mod.cls_blocks.1.attn.h7,neutral_hadron<-CLS,0.00016688783944118768,-4.8807587518240325e-06,-1.47921406103535e-05,0.0,0.0,9.911381858529467e-06,-4.8807587518240325e-06,4.8807587518240325e-06,9.836449681088766e-06
B_tbl_minus_hqql,mod.blocks.6.attn.h7,electron<-photon,0.014887208861064136,-6.541182907919089e-06,0.0,0.0,0.0,-6.541182907919089e-06,-6.541182907919089e-06,6.541182907919089e-06,9.811774361878633e-06
B_tbl_minus_hqql,mod.cls_blocks.1.attn.h6,neutral_hadron<-charged_hadron,0.021560405259547027,6.53530309057754e-06,0.0,0.0,0.0,6.53530309057754e-06,6.53530309057754e-06,6.53530309057754e-06,9.80295463586631e-06
B_tbl_minus_hqql,mod.blocks.7.attn.h0,charged_hadron<-charged_hadron,0.024586153670806903,-6.531215102005413e-06,0.0,0.0,0.0,-6.531215102005413e-06,-6.531215102005413e-06,6.531215102005413e-06,9.796822653008119e-06
B_tbl_minus_hqql,mod.blocks.2.attn.h1,photon<-charged_hadron,0.023124742618122245,6.520347457200478e-06,0.0,0.0,0.0,6.520347457200478e-06,6.520347457200478e-06,6.520347457200478e-06,9.780521185800717e-06
B_tbl_minus_hqql,mod.blocks.4.attn.h1,photon<-neutral_hadron,0.01990214651444661,-6.514159108042052e-06,0.0,0.0,0.0,-6.514159108042052e-06,-6.514159108042052e-06,6.514159108042052e-06,9.771238662063079e-06
signed_hqql_tbl,mod.blocks.7.attn.h3,neutral_hadron<-charged_hadron,0.024470241263467057,6.773449679124443e-06,1.2730050272834796e-05,1.1843108229788567e-05,-5.755930801993741e-06,-5.956600593710353e-06,-5.0696585506641235e-06,6.773449679124443e-06,9.75174997597962e-06
signed_hqql_tbl,mod.blocks.4.attn.h4,muon<-muon,0.00023003523529041559,-1.085786948351597e-06,1.6241822720530763e-05,-1.4843460576230427e-06,3.4415211672467194e-05,-1.732760966888236e-05,3.985591092714458e-07,1.085786948351597e-06,9.749591782792777e-06
B_tbl_minus_hqql,mod.blocks.2.attn.h4,neutral_hadron<-electron,0.011486994447531524,-6.483396713587421e-06,0.0,0.0,0.0,-6.483396713587421e-06,-6.483396713587421e-06,6.483396713587421e-06,9.72509507038113e-06
B_tbl_minus_hqql,mod.blocks.6.attn.h4,photon<-electron,0.01680401016057022,-6.475074858427411e-06,0.0,0.0,0.0,-6.475074858427411e-06,-6.475074858427411e-06,6.475074858427411e-06,9.712612287641117e-06
B_tbl_minus_hqql,mod.blocks.5.attn.h4,neutral_hadron<-charged_hadron,0.02628158027050542,-6.462305466121412e-06,0.0,0.0,0.0,-6.462305466121412e-06,-6.462305466121412e-06,6.462305466121412e-06,9.693458199182118e-06
signed_hqql_tbl,mod.blocks.5.attn.h2,photon<-electron,0.002137711983386094,2.1802553693135457e-06,1.719942779345729e-05,1.7295632850229075e-05,5.757808935413777e-06,-1.5019172424143746e-05,-1.511537748091553e-05,2.1802553693135457e-06,9.68984158138542e-06
B_tbl_minus_hqql,mod.blocks.1.attn.h3,muon<-photon,0.01700224995613098,-6.456101546064019e-06,0.0,0.0,0.0,-6.456101546064019e-06,-6.456101546064019e-06,6.456101546064019e-06,9.684152319096029e-06
signed_hqql_tbl,mod.blocks.5.attn.h7,charged_hadron<-neutral_hadron,0.013101679971572064,-8.429318047859067e-06,-5.9278680628392055e-06,-8.417592424669044e-07,1.123155470037093e-05,-2.501449985019862e-06,-7.587558805392163e-06,8.429318047859067e-06,9.680043040368999e-06
signed_hqql_tbl,mod.blocks.4.attn.h5,electron<-photon,0.010217972402650167,2.803276919717692e-08,1.93272208519004e-05,-3.1820438640092365e-05,2.5273193614339107e-05,-1.9299188082703223e-05,3.1848471409289545e-05,2.803276919717692e-08,9.677626810548788e-06
B_tbl_minus_hqql,mod.blocks.1.attn.h7,neutral_hadron<-neutral_hadron,0.01749457440293226,-6.444184766193951e-06,0.0,0.0,0.0,-6.444184766193951e-06,-6.444184766193951e-06,6.444184766193951e-06,9.666277149290927e-06
B_tbl_minus_hqql,mod.blocks.4.attn.h7,photon<-muon,0.014783117771148682,6.439738790504634e-06,0.0,0.0,0.0,6.439738790504634e-06,6.439738790504634e-06,6.439738790504634e-06,9.659608185756951e-06
B_tbl_minus_hqql,mod.blocks.3.attn.h6,neutral_hadron<-neutral_hadron,0.009980256603620412,-6.435309279502272e-06,0.0,0.0,0.0,-6.435309279502272e-06,-6.435309279502272e-06,6.435309279502272e-06,9.652963919253408e-06
B_tbl_minus_hqql,mod.blocks.5.attn.h6,photon<-photon,0.009293013447168093,-6.424520794437143e-06,0.0,0.0,0.0,-6.424520794437143e-06,-6.424520794437143e-06,6.424520794437143e-06,9.636781191655714e-06
signed_hqql_tbl,mod.blocks.5.attn.h6,photon<-muon,0.006098623275756836,-5.191753734834492e-06,-1.4080960873367363e-05,1.1199856609372156e-05,-1.3252347343950532e-06,8.88920713853287e-06,-1.6391610344206646e-05,5.191753734834492e-06,9.636357304100927e-06
signed_hqql_tbl,mod.blocks.6.attn.h7,photon<-photon,0.014929443481831235,-2.2118175362909433e-06,1.2607729952579655e-05,3.3409926247107036e-06,8.647639659679265e-06,-1.4819547488870598e-05,-5.552810161001647e-06,2.2118175362909433e-06,9.621591280726243e-06
signed_hqql_tbl,mod.blocks.7.attn.h7,electron<-photon,0.01446050514535206,-5.822230747529889e-07,1.7482152691593876e-05,-1.1269758942944463e-05,2.994279634549457e-05,-1.8064375766346863e-05,1.0687535868191474e-05,5.822230747529889e-07,9.61441095792642e-06
B_tbl_minus_hqql,mod.blocks.3.attn.h3,charged_hadron<-neutral_hadron,0.015704588863362116,-6.393957325499974e-06,0.0,0.0,0.0,-6.393957325499974e-06,-6.393957325499974e-06,6.393957325499974e-06,9.59093598824996e-06
signed_hqql_tbl,mod.blocks.0.attn.h4,photon<-charged_hadron,0.022467899363830143,8.493234864586738e-06,1.0646523918510036e-05,3.883838276676349e-06,-9.56526344695838e-06,-2.1532890539232983e-06,4.609396587910388e-06,8.493234864586738e-06,9.569879391548387e-06
B_tbl_minus_hqql,mod.blocks.2.attn.h7,photon<-photon,0.016363282201533474,-6.378052421822916e-06,0.0,0.0,0.0,-6.378052421822916e-06,-6.378052421822916e-06,6.378052421822916e-06,9.567078632734374e-06
B_tbl_minus_hqql,mod.blocks.4.attn.h6,charged_hadron<-photon,0.016495001653520306,6.373741089380903e-06,0.0,0.0,0.0,6.373741089380903e-06,6.373741089380903e-06,6.373741089380903e-06,9.560611634071354e-06
signed_hqql_tbl,mod.blocks.2.attn.h3,charged_hadron<-photon,0.0197226728475693,-8.26316677299686e-06,-5.693291197004689e-06,-1.0893848206554402e-05,3.7720660192713563e-06,-2.569875575992171e-06,2.6306814335575424e-06,8.26316677299686e-06,9.548104560992945e-06
B_tbl_minus_hqql,mod.blocks.4.attn.h6,neutral_hadron<-charged_hadron,0.029718486601565064,6.361347891788809e-06,0.0,0.0,0.0,6.361347891788809e-06,6.361347891788809e-06,6.361347891788809e-06,9.542021837683213e-06
signed_hqql_tbl,mod.blocks.2.attn.h6,charged_hadron<-electron,0.01350050721140135,-3.2297972384618506e-06,9.380682604387402e-06,-0.00012261147213425358,5.971216596662998e-06,-1.2610479842849253e-05,0.00011938167489579173,3.2297972384618506e-06,9.535037159886477e-06
B_tbl_minus_hqql,mod.blocks.4.attn.h1,muon<-muon,0.00022559940407518297,6.339645551634021e-06,0.0,0.0,0.0,6.339645551634021e-06,6.339645551634021e-06,6.339645551634021e-06,9.509468327451032e-06
B_tbl_minus_hqql,mod.blocks.0.attn.h6,muon<-neutral_hadron,0.001015432458370924,6.335465877782554e-06,0.0,0.0,0.0,6.335465877782554e-06,6.335465877782554e-06,6.335465877782554e-06,9.503198816673832e-06
B_tbl_minus_hqql,mod.blocks.3.attn.h7,neutral_hadron<-charged_hadron,0.026117601114160876,6.3320322983561695e-06,0.0,0.0,0.0,6.3320322983561695e-06,6.3320322983561695e-06,6.3320322983561695e-06,9.498048447534255e-06
signed_hqql_tbl,mod.blocks.5.attn.h3,electron<-charged_hadron,0.012276613996142433,-3.81652725558351e-06,-1.5139555696144023e-05,-8.696725661598745e-06,2.0516652148216964e-05,1.1323028440560513e-05,4.880198406015235e-06,3.81652725558351e-06,9.478041475863766e-06
signed_hqql_tbl,mod.blocks.4.attn.h4,photon<-electron,0.0035593078388431207,-2.0500157280196623e-06,1.2761757264983047e-05,-9.806395837586024e-07,1.1699185506586218e-05,-1.481177299300271e-05,-1.06937614426106e-06,2.0500157280196623e-06,9.455902224521018e-06
B_tbl_minus_hqql,mod.blocks.6.attn.h4,electron<-photon,0.010524539443535534,-6.301869652224553e-06,0.0,0.0,0.0,-6.301869652224553e-06,-6.301869652224553e-06,6.301869652224553e-06,9.452804478336828e-06
B_tbl_minus_hqql,mod.blocks.0.attn.h1,neutral_hadron<-neutral_hadron,0.020182870694848358,-6.2970554057249155e-06,0.0,0.0,0.0,-6.2970554057249155e-06,-6.2970554057249155e-06,6.2970554057249155e-06,9.445583108587374e-06
signed_hqql_tbl,mod.blocks.7.attn.h5,charged_hadron<-charged_hadron,0.021416720503678627,4.704929366885486e-06,-4.768123187457169e-06,2.13081059699658e-06,-3.2247484680949857e-06,9.473052554342655e-06,2.5741187698889063e-06,4.704929366885486e-06,9.441455644056814e-06
B_tbl_minus_hqql,mod.blocks.4.attn.h6,neutral_hadron<-muon,0.0012316827662289143,6.2934537709224966e-06,0.0,0.0,0.0,6.2934537709224966e-06,6.2934537709224966e-06,6.2934537709224966e-06,9.440180656383744e-06
signed_hqql_tbl,mod.blocks.0.attn.h7,neutral_hadron<-photon,0.015116587702693016,-4.535895717912134e-06,5.186383342714503e-06,4.279672323333723e-06,-3.3485559965950665e-05,-9.722279060626637e-06,-8.815568041245856e-06,4.535895717912134e-06,9.397035248225452e-06
signed_hqql_tbl,mod.blocks.7.attn.h1,charged_hadron<-electron,0.0037334774221692768,7.2503852650351335e-06,1.1471849663366536e-05,3.380367924437869e-05,1.4304149663075805e-05,-4.2214643983314025e-06,-2.6553293979343556e-05,7.2503852650351335e-06,9.361117464200836e-06
B_tbl_minus_hqql,mod.blocks.3.attn.h6,electron<-muon,0.004786380100995302,6.224258413567441e-06,0.0,0.0,0.0,6.224258413567441e-06,6.224258413567441e-06,6.224258413567441e-06,9.336387620351161e-06
signed_hqql_tbl,mod.blocks.4.attn.h6,neutral_hadron<-neutral_hadron,0.013932980398540615,8.157062709079716e-06,5.872096638463065e-06,8.067609524282913e-06,-1.542802437502422e-05,2.284966070616651e-06,8.945318479680321e-08,8.157062709079716e-06,9.299545744388042e-06
signed_hqql_tbl,mod.blocks.4.attn.h4,charged_hadron<-charged_hadron,0.022598876129567916,-5.466828151491814e-08,1.841595595374796e-05,4.865468205971242e-06,1.5072148517949668e-06,-1.8470624235262877e-05,-4.92013648748616e-06,5.466828151491814e-08,9.289980399146356e-06
B_tbl_minus_hqql,mod.blocks.1.attn.h2,photon<-charged_hadron,0.02210167609908414,6.188934069403389e-06,0.0,0.0,0.0,6.188934069403389e-06,6.188934069403389e-06,6.188934069403389e-06,9.283401104105083e-06
B_tbl_minus_hqql,mod.blocks.0.attn.h0,photon<-neutral_hadron,0.01919433311573894,6.1880257364074475e-06,0.0,0.0,0.0,6.1880257364074475e-06,6.1880257364074475e-06,6.1880257364074475e-06,9.282038604611172e-06
B_tbl_minus_hqql,mod.blocks.7.attn.h2,neutral_hadron<-neutral_hadron,0.013694597488255732,-6.177793910000324e-06,0.0,0.0,0.0,-6.177793910000324e-06,-6.177793910000324e-06,6.177793910000324e-06,9.266690865000486e-06
signed_hqql_tbl,mod.blocks.2.attn.h4,charged_hadron<-charged_hadron,0.022824764371412048,7.680452885710566e-06,4.563873565289816e-06,-8.100526699376737e-06,-9.934174027405106e-07,3.1165793204207504e-06,1.5780979585087303e-05,7.680452885710566e-06,9.238742545920942e-06
signed_hqql_tbl,mod.blocks.5.attn.h1,neutral_hadron<-photon,0.014542091836875373,-3.0672509723128125e-06,9.216731007647155e-06,-2.6658113882114764e-06,1.0505188433970413e-05,-1.2283981979959967e-05,-4.0143958410133616e-07,3.0672509723128125e-06,9.209241962292795e-06
B_tbl_minus_hqql,mod.blocks.7.attn.h4,neutral_hadron<-charged_hadron,0.024266896494964257,-6.133165688293722e-06,0.0,0.0,0.0,-6.133165688293722e-06,-6.133165688293722e-06,6.133165688293722e-06,9.199748532440583e-06
B_tbl_minus_hqql,mod.blocks.6.attn.h4,neutral_hadron<-electron,0.022819160518270952,-6.1318681185151005e-06,0.0,0.0,0.0,-6.1318681185151005e-06,-6.1318681185151005e-06,6.1318681185151005e-06,9.19780217777265e-06
signed_hqql_tbl,mod.blocks.4.attn.h6,muon<-muon,3.889823710778728e-05,-3.6171556416775275e-07,-1.803037133640828e-05,5.199376573727932e-06,-1.3916705370320415e-06,1.7668655772240527e-05,-5.5610921378956846e-06,3.6171556416775275e-07,9.196043450288016e-06
signed_hqql_tbl,mod.blocks.5.attn.h5,charged_hadron<-neutral_hadron,0.004624935492080133,1.5041768463316742e-06,-1.38108733822729e-05,4.744953122135928e-06,-2.2464019954778458e-05,1.5315050228604572e-05,-3.2407762758042535e-06,1.5041768463316742e-06,9.16170196063396e-06
B_tbl_minus_hqql,mod.blocks.1.attn.h5,photon<-charged_hadron,0.021259384235159502,6.10774821977888e-06,0.0,0.0,0.0,6.10774821977888e-06,6.10774821977888e-06,6.10774821977888e-06,9.16162232966832e-06
signed_hqql_tbl,mod.blocks.1.attn.h4,charged_hadron<-charged_hadron,0.021010916939610085,1.211149836744862e-06,-1.4688196629175306e-05,4.938835978096086e-06,-1.2995894156961679e-05,1.5899346465920167e-05,-3.7276861413512234e-06,1.211149836744862e-06,9.160823069704945e-06
B_tbl_minus_hqql,mod.blocks.7.attn.h1,neutral_hadron<-photon,0.01499955201583565,-6.09922330025443e-06,0.0,0.0,0.0,-6.09922330025443e-06,-6.09922330025443e-06,6.09922330025443e-06,9.148834950381645e-06
B_tbl_minus_hqql,mod.blocks.5.attn.h2,photon<-charged_hadron,0.025830533310280308,-6.096261117799968e-06,0.0,0.0,0.0,-6.096261117799968e-06,-6.096261117799968e-06,6.096261117799968e-06,9.144391676699953e-06
signed_hqql_tbl,mod.blocks.0.attn.h3,charged_hadron<-photon,0.01615256711556552,-1.447495114911565e-06,-1.6824509814593966e-05,-1.2465993450412178e-05,1.7723687383529993e-06,1.53770146996824e-05,1.1018498335500613e-05,1.447495114911565e-06,9.136002464752766e-06
signed_hqql_tbl,mod.blocks.6.attn.h0,photon<-charged_hadron,0.026362835913293973,-6.768779805202332e-06,-2.0430768530821454e-06,-3.919837301780061e-06,-2.94998259872774e-06,-4.725702952120186e-06,-2.848942503422271e-06,6.768779805202332e-06,9.131631281262425e-06
B_tbl_minus_hqql,mod.blocks.2.attn.h6,photon<-electron,0.009014989181262692,-6.0655479981919856e-06,0.0,0.0,0.0,-6.0655479981919856e-06,-6.0655479981919856e-06,6.0655479981919856e-06,9.098321997287977e-06
signed_hqql_tbl,mod.blocks.7.attn.h0,charged_hadron<-charged_hadron,0.02458615432917376,-6.5312154572642945e-06,-1.4255941495143504e-06,-1.4667229405585123e-05,8.00990399050471e-06,-5.1056213077499445e-06,8.136013948320829e-06,6.5312154572642945e-06,9.084026111139267e-06
signed_hqql_tbl,mod.blocks.5.attn.h5,photon<-charged_hadron,0.02471365665576831,7.283402511883357e-06,1.087692982644883e-05,1.7031262192448505e-05,-1.6950265369735015e-05,-3.5935273145654734e-06,-9.747859680565149e-06,7.283402511883357e-06,9.080166169166093e-06
B_tbl_minus_hqql,mod.blocks.2.attn.h6,electron<-photon,0.01130655674430413,6.044784426401423e-06,0.0,0.0,0.0,6.044784426401423e-06,6.044784426401423e-06,6.044784426401423e-06,9.067176639602134e-06
B_tbl_minus_hqql,mod.blocks.5.attn.h3,charged_hadron<-photon,0.016368157046850813,-6.025541558765426e-06,0.0,0.0,0.0,-6.025541558765426e-06,-6.025541558765426e-06,6.025541558765426e-06,9.038312338148138e-06
B_tbl_minus_hqql,mod.blocks.3.attn.h0,electron<-photon,0.015508991916005204,-6.01709911190882e-06,0.0,0.0,0.0,-6.01709911190882e-06,-6.01709911190882e-06,6.01709911190882e-06,9.02564866786323e-06
B_tbl_minus_hqql,mod.blocks.5.attn.h7,photon<-electron,0.003968310004811946,-6.011020197207487e-06,0.0,0.0,0.0,-6.011020197207487e-06,-6.011020197207487e-06,6.011020197207487e-06,9.01653029581123e-06
B_tbl_minus_hqql,mod.blocks.1.attn.h1,electron<-muon,0.0012832575011998415,-6.01072588324314e-06,0.0,0.0,0.0,-6.01072588324314e-06,-6.01072588324314e-06,6.01072588324314e-06,9.01608882486471e-06
B_tbl_minus_hqql,mod.blocks.0.attn.h4,electron<-charged_hadron,0.013069878021876017,5.978920463738697e-06,0.0,0.0,0.0,5.978920463738697e-06,5.978920463738697e-06,5.978920463738697e-06,8.968380695608046e-06
signed_hqql_tbl,mod.blocks.6.attn.h4,photon<-charged_hadron,0.02379370376183627,-4.552961295862816e-06,4.264707213466134e-06,-6.47555465145707e-06,1.0458435454851035e-06,-8.817668509328949e-06,1.9225933555942543e-06,4.552961295862816e-06,8.961795550527291e-06
B_tbl_minus_hqql,mod.blocks.5.attn.h6,neutral_hadron<-photon,0.014066440046845105,-5.949924692718194e-06,0.0,0.0,0.0,-5.949924692718194e-06,-5.949924692718194e-06,5.949924692718194e-06,8.92488703907729e-06
B_tbl_minus_hqql,mod.blocks.2.attn.h3,charged_hadron<-charged_hadron,0.021665738430049528,-5.930178082504011e-06,0.0,0.0,0.0,-5.930178082504011e-06,-5.930178082504011e-06,5.930178082504011e-06,8.895267123756017e-06
signed_hqql_tbl,mod.blocks.7.attn.h3,muon<-photon,0.0021818710863590243,-2.4115279666148126e-06,1.054477845747514e-05,-1.2703594707307361e-05,1.610351345249228e-05,-1.2956306424089952e-05,1.0292066740692548e-05,2.4115279666148126e-06,8.88968117865979e-06
B_tbl_minus_hqql,mod.blocks.3.attn.h7,charged_hadron<-electron,0.007156919510591598,-5.920742253129858e-06,0.0,0.0,0.0,-5.920742253129858e-06,-5.920742253129858e-06,5.920742253129858e-06,8.881113379694788e-06
B_tbl_minus_hqql,mod.blocks.5.attn.h0,neutral_hadron<-photon,0.02172638851467878,5.9109959962978576e-06,0.0,0.0,0.0,5.9109959962978576e-06,5.9109959962978576e-06,5.9109959962978576e-06,8.866493994446787e-06
B_tbl_minus_hqql,mod.blocks.4.attn.h7,charged_hadron<-charged_hadron,0.02432542597168704,-5.893064704020518e-06,0.0,0.0,0.0,-5.893064704020518e-06,-5.893064704020518e-06,5.893064704020518e-06,8.839597056030776e-06
B_tbl_minus_hqql,mod.blocks.3.attn.h4,electron<-photon,0.010187118518643262,-5.885311762037559e-06,0.0,0.0,0.0,-5.885311762037559e-06,-5.885311762037559e-06,5.885311762037559e-06,8.827967643056338e-06
B_tbl_minus_hqql,mod.blocks.3.attn.h4,photon<-photon,0.020105818152177907,5.880164883797221e-06,0.0,0.0,0.0,5.880164883797221e-06,5.880164883797221e-06,5.880164883797221e-06,8.820247325695833e-06
B_tbl_minus_hqql,mod.blocks.6.attn.h6,charged_hadron<-photon,0.007595895739527261,-5.874030562387886e-06,0.0,0.0,0.0,-5.874030562387886e-06,-5.874030562387886e-06,5.874030562387886e-06,8.811045843581829e-06
B_tbl_minus_hqql,mod.blocks.4.attn.h7,charged_hadron<-photon,0.015299443114637159,-5.850218966009299e-06,0.0,0.0,0.0,-5.850218966009299e-06,-5.850218966009299e-06,5.850218966009299e-06,8.775328449013948e-06
B_tbl_minus_hqql,mod.blocks.4.attn.h0,photon<-charged_hadron,0.02423758619717268,-5.849122427495929e-06,0.0,0.0,0.0,-5.849122427495929e-06,-5.849122427495929e-06,5.849122427495929e-06,8.773683641243894e-06
B_tbl_minus_hqql,mod.blocks.5.attn.h0,neutral_hadron<-neutral_hadron,0.012586572467059385,-5.841691505957286e-06,0.0,0.0,0.0,-5.841691505957286e-06,-5.841691505957286e-06,5.841691505957286e-06,8.762537258935928e-06
B_tbl_minus_hqql,mod.blocks.3.attn.h0,photon<-muon,0.03380845069885254,-5.838531069457531e-06,0.0,0.0,0.0,-5.838531069457531e-06,-5.838531069457531e-06,5.838531069457531e-06,8.757796604186296e-06
B_tbl_minus_hqql,mod.blocks.4.attn.h2,neutral_hadron<-photon,0.01811928205112479,5.833817046489227e-06,0.0,0.0,0.0,5.833817046489227e-06,5.833817046489227e-06,5.833817046489227e-06,8.750725569733841e-06
B_tbl_minus_hqql,mod.blocks.2.attn.h6,photon<-photon,0.014961684866959162,-5.8257283859063065e-06,0.0,0.0,0.0,-5.8257283859063065e-06,-5.8257283859063065e-06,5.8257283859063065e-06,8.73859257885946e-06
signed_hqql_tbl,mod.blocks.7.attn.h2,electron<-neutral_hadron,0.018167673575657385,-4.018779253345673e-06,-1.3435009182821408e-05,3.218991270841798e-05,-5.477472306836262e-06,9.416229929475735e-06,-3.620869196176365e-05,4.018779253345673e-06,8.72689421808354e-06
signed_hqql_tbl,mod.blocks.2.attn.h0,photon<-photon,0.015485071950385542,-4.179005582745259e-06,4.913396349328817e-06,-6.0967995720734246e-06,1.589131671491506e-05,-9.092401932074077e-06,1.9177939893281657e-06,4.179005582745259e-06,8.725206548782298e-06
signed_hqql_tbl,mod.blocks.7.attn.h0,neutral_hadron<-photon,0.02207396732494563,7.878676993123505e-06,6.219225488318321e-06,-3.745480043613947e-07,1.6462695267894046e-06,1.6594515048051847e-06,8.253224997484901e-06,7.878676993123505e-06,8.708402745526098e-06
signed_hqql_tbl,mod.blocks.7.attn.h6,neutral_hadron<-neutral_hadron,0.009219494520888862,2.2364996628290495e-06,-1.069727965162039e-05,8.709678205206634e-06,5.0218965511799395e-06,1.293377931444944e-05,-6.473178542377584e-06,2.2364996628290495e-06,8.70338932005377e-06
signed_hqql_tbl,mod.blocks.6.attn.h5,neutral_hadron<-charged_hadron,0.02310063982544159,5.51285665089014e-06,-8.159772249074109e-07,6.7837322459215176e-06,1.1135411687889035e-05,6.3288338757975514e-06,-1.2708755950313771e-06,5.51285665089014e-06,8.677273588788916e-06
B_tbl_minus_hqql,mod.blocks.6.attn.h1,photon<-photon,0.01445668944695937,-5.784238643367379e-06,0.0,0.0,0.0,-5.784238643367379e-06,-5.784238643367379e-06,5.784238643367379e-06,8.676357965051067e-06
signed_hqql_tbl,mod.blocks.4.attn.h0,photon<-charged_hadron,0.02423758564623431,-5.849125865816743e-06,-1.9880488916243636e-07,-3.859173008876812e-06,1.325025141118919e-05,-5.6503209766543065e-06,-1.989952856939931e-06,5.849125865816743e-06,8.674286354143897e-06
B_tbl_minus_hqql,mod.blocks.2.attn.h1,photon<-electron,0.004553346856822812,-5.77833838533701e-06,0.0,0.0,0.0,-5.77833838533701e-06,-5.77833838533701e-06,5.77833838533701e-06,8.667507578005516e-06
signed_hqql_tbl,mod.blocks.4.attn.h1,photon<-charged_hadron,0.02472905435016705,3.6304257914358303e-06,1.3636319166540984e-05,3.65667745278861e-06,4.901074789334733e-06,-1.0005893375105154e-05,-2.6251661352779856e-08,3.6304257914358303e-06,8.633372478988407e-06
signed_hqql_tbl,mod.blocks.2.attn.h7,photon<-neutral_hadron,0.011129004598637934,5.591966236747174e-06,1.1661321417199885e-05,2.441022133681119e-06,-4.703722233122467e-06,-6.0693551804527115e-06,3.1509441030660548e-06,5.591966236747174e-06,8.626643826973529e-06
signed_hqql_tbl,mod.blocks.5.attn.h4,photon<-photon,0.013041811426825525,-2.9315176358308774e-06,8.447471537649454e-06,-5.957133407136925e-09,2.1951548179583653e-06,-1.1378989173480332e-05,-2.9255605024237406e-06,2.9315176358308774e-06,8.621012222571043e-06
signed_hqql_tbl,mod.blocks.6.attn.h4,charged_hadron<-photon,0.008582963678686693,-4.22716986471009e-06,4.52930709084712e-06,-2.1505501134268394e-06,2.3499490590813536e-06,-8.75647695555721e-06,-2.0766197512832503e-06,4.22716986471009e-06,8.605408342488695e-06
signed_hqql_tbl,mod.blocks.4.attn.h0,charged_hadron<-charged_hadron,0.02485067541841373,-1.3416434780934067e-06,-1.5867535140299057e-05,3.2732529109915327e-06,-1.472439716400083e-05,1.452589166220565e-05,-4.61489638908494e-06,1.3416434780934067e-06,8.604589309196232e-06
B_tbl_minus_hqql,mod.blocks.3.attn.h2,neutral_hadron<-neutral_hadron,0.0338180435766069,5.714746419878562e-06,0.0,0.0,0.0,5.714746419878562e-06,5.714746419878562e-06,5.714746419878562e-06,8.572119629817842e-06
signed_hqql_tbl,mod.blocks.7.attn.h1,electron<-photon,0.010817510931472468,-2.742035487644011e-06,-1.440210315329885e-05,-2.6964877179125324e-05,2.3486476493417285e-05,1.166006766565484e-05,2.4222841691481313e-05,2.742035487644011e-06,8.57206932047143e-06
B_tbl_minus_hqql,mod.blocks.5.attn.h0,charged_hadron<-charged_hadron,0.024945611200803075,-5.710512321118325e-06,0.0,0.0,0.0,-5.710512321118325e-06,-5.710512321118325e-06,5.710512321118325e-06,8.565768481677487e-06
signed_hqql_tbl,mod.blocks.7.attn.h6,photon<-photon,0.012317141420432316,1.8191606509720862e-06,-1.1669876304182673e-05,2.4782230214972975e-06,-2.7105089262044603e-06,1.3489036955154759e-05,-6.590623705252113e-07,1.8191606509720862e-06,8.563679128549466e-06
signed_hqql_tbl,mod.blocks.7.attn.h1,photon<-electron,0.002560587615016999,-2.789482184708482e-06,8.751828702063197e-06,1.915007747551759e-05,3.657503839349374e-05,-1.1541310886771679e-05,-2.1939559660226072e-05,2.789482184708482e-06,8.560137628094321e-06
signed_hqql_tbl,mod.blocks.4.attn.h5,photon<-photon,0.020000661500589965,1.0845504700580032e-06,-1.3861558653515617e-05,-4.672549123249633e-06,8.232566227246963e-06,1.494610912357362e-05,5.757099593307636e-06,1.0845504700580032e-06,8.557605031844813e-06
B_tbl_minus_hqql,mod.blocks.3.attn.h6,electron<-photon,0.00920410557248728,-5.703780671621378e-06,0.0,0.0,0.0,-5.703780671621378e-06,-5.703780671621378e-06,5.703780671621378e-06,8.555671007432066e-06
B_tbl_minus_hqql,mod.blocks.5.attn.h3,neutral_hadron<-charged_hadron,0.025126674061729793,-5.682446003868049e-06,0.0,0.0,0.0,-5.682446003868049e-06,-5.682446003868049e-06,5.682446003868049e-06,8.523669005802074e-06
B_tbl_minus_hqql,mod.blocks.0.attn.h3,muon<-muon,0.00044228561455383897,5.67707729715039e-06,0.0,0.0,0.0,5.67707729715039e-06,5.67707729715039e-06,5.67707729715039e-06,8.515615945725585e-06
signed_hqql_tbl,mod.blocks.6.attn.h6,photon<-charged_hadron,0.0248569471170832,-5.09467078286752e-06,1.7289222062680924e-06,-1.8203554436573522e-06,-2.662144120949536e-06,-6.823592989135613e-06,-3.2743153392101675e-06,5.09467078286752e-06,8.506467277435325e-06
B_tbl_minus_hqql,mod.blocks.5.attn.h7,neutral_hadron<-charged_hadron,0.02941657020932152,-5.666757751183183e-06,0.0,0.0,0.0,-5.666757751183183e-06,-5.666757751183183e-06,5.666757751183183e-06,8.500136626774774e-06
signed_hqql_tbl,mod.blocks.5.attn.h6,photon<-photon,0.009293013473928635,-6.4245232858156255e-06,-1.0544886403926173e-05,-6.525411527574284e-06,8.344675647723963e-06,4.120363118110548e-06,1.008882417586588e-07,6.4245232858156255e-06,8.4847048448709e-06
B_tbl_minus_hqql,mod.blocks.7.attn.h3,photon<-neutral_hadron,0.01729748329226136,-5.633876799867154e-06,0.0,0.0,0.0,-5.633876799867154e-06,-5.633876799867154e-06,5.633876799867154e-06,8.450815199800732e-06
B_tbl_minus_hqql,mod.blocks.7.attn.h6,photon<-muon,0.005285493731498718,5.621424643322825e-06,0.0,0.0,0.0,5.621424643322825e-06,5.621424643322825e-06,5.621424643322825e-06,8.432136964984239e-06
B_tbl_minus_hqql,mod.blocks.6.attn.h0,neutral_hadron<-charged_hadron,0.02435235456258309,5.604961225195561e-06,0.0,0.0,0.0,5.604961225195561e-06,5.604961225195561e-06,5.604961225195561e-06,8.407441837793341e-06
B_tbl_minus_hqql,mod.blocks.2.attn.h7,photon<-neutral_hadron,0.011129004411319754,5.591967709316848e-06,0.0,0.0,0.0,5.591967709316848e-06,5.591967709316848e-06,5.591967709316848e-06,8.387951563975273e-06
B_tbl_minus_hqql,mod.blocks.4.attn.h2,photon<-muon,0.02318732500076294,5.587558262050152e-06,0.0,0.0,0.0,5.587558262050152e-06,5.587558262050152e-06,5.587558262050152e-06,8.381337393075228e-06
B_tbl_minus_hqql,mod.blocks.7.attn.h2,charged_hadron<-neutral_hadron,0.018072999659038726,5.5633233899266276e-06,0.0,0.0,0.0,5.5633233899266276e-06,5.5633233899266276e-06,5.5633233899266276e-06,8.344985084889941e-06
signed_hqql_tbl,mod.blocks.5.attn.h7,photon<-charged_hadron,0.02769052445165413,-4.417580213241176e-06,-1.2247184487826849e-05,2.1164350422671365e-07,-2.2093490258382937e-06,7.829604274585674e-06,-4.629223717467889e-06,4.417580213241176e-06,8.332382350534013e-06
signed_hqql_tbl,mod.blocks.5.attn.h3,neutral_hadron<-electron,0.010778442542586062,6.792995413383727e-06,3.742018730247908e-06,3.890554871759378e-06,2.026902620855253e-06,3.0509766831358195e-06,2.9024405416243496e-06,6.792995413383727e-06,8.318483754951637e-06
B_tbl_minus_hqql,mod.blocks.7.attn.h7,neutral_hadron<-muon,0.009174008667469025,5.544609302887693e-06,0.0,0.0,0.0,5.544609302887693e-06,5.544609302887693e-06,5.544609302887693e-06,8.316913954331541e-06
signed_hqql_tbl,mod.blocks.3.attn.h3,charged_hadron<-charged_hadron,0.024878838137998564,-6.926404792701823e-07,-1.5926023102243673e-05,6.0103192499773165e-06,-1.426590139884882e-05,1.5233382622973491e-05,-6.702959729247499e-06,6.926404792701823e-07,8.309331790756929e-06
B_tbl_minus_hqql,mod.blocks.7.attn.h5,photon<-charged_hadron,0.023719156222285598,5.5375270080628385e-06,0.0,0.0,0.0,5.5375270080628385e-06,5.5375270080628385e-06,5.5375270080628385e-06,8.306290512094258e-06
signed_hqql_tbl,mod.blocks.7.attn.h4,photon<-charged_hadron,0.024128880478755922,1.359584233431702e-06,-1.2490032570729163e-05,-8.339324756125166e-06,-6.840334106606535e-06,1.3849616804160865e-05,9.698908989556867e-06,1.359584233431702e-06,8.284392635512135e-06
B_tbl_minus_hqql,mod.blocks.6.attn.h5,neutral_hadron<-charged_hadron,0.023100640359712914,5.512858835715508e-06,0.0,0.0,0.0,5.512858835715508e-06,5.512858835715508e-06,5.512858835715508e-06,8.269288253573263e-06
B_tbl_minus_hqql,mod.blocks.6.attn.h7,neutral_hadron<-charged_hadron,0.023861574392024878,5.503029196330083e-06,0.0,0.0,0.0,5.503029196330083e-06,5.503029196330083e-06,5.503029196330083e-06,8.254543794495124e-06
B_tbl_minus_hqql,mod.blocks.5.attn.h3,electron<-neutral_hadron,0.007861785538908508,-5.477323346288661e-06,0.0,0.0,0.0,-5.477323346288661e-06,-5.477323346288661e-06,5.477323346288661e-06,8.215985019432992e-06
B_tbl_minus_hqql,mod.blocks.7.attn.h6,photon<-neutral_hadron,0.013569301625305119,5.473064231785953e-06,0.0,0.0,0.0,5.473064231785953e-06,5.473064231785953e-06,5.473064231785953e-06,8.20959634767893e-06
signed_hqql_tbl,mod.blocks.5.attn.h0,photon<-charged_hadron,0.02397571451604745,4.54134407151541e-07,1.595391278421307e-05,4.785026427289299e-06,1.5518913332744324e-05,-1.5499778377061528e-05,-4.330892020137758e-06,4.54134407151541e-07,8.204023595682304e-06
signed_hqql_tbl,mod.blocks.4.attn.h3,neutral_hadron<-neutral_hadron,0.016257196195332,7.865964942568814e-07,-1.3995823986609996e-05,4.713526662262988e-06,-7.91989528898664e-06,1.4782420480866878e-05,-3.926930168006107e-06,7.865964942568814e-07,8.17780673469032e-06
signed_hqql_tbl,mod.blocks.7.attn.h4,neutral_hadron<-photon,0.021542656803790465,-5.236814068694728e-06,6.382672834312152e-07,-4.160343345432663e-06,-2.778905656688531e-06,-5.875081352125944e-06,-1.0764707232620648e-06,5.236814068694728e-06,8.1743547447577e-06
signed_hqql_tbl,mod.blocks.0.attn.h7,electron<-charged_hadron,0.025356419739269075,-1.4554548432074842e-06,-1.4862171938699304e-05,5.1592906532894775e-05,1.1486750554468018e-05,1.340671709549182e-05,-5.304836137610226e-05,1.4554548432074842e-06,8.158813390953394e-06
signed_hqql_tbl,mod.blocks.4.attn.h7,charged_hadron<-charged_hadron,0.024325425792132444,-5.893059494774599e-06,-1.0399521236215625e-05,-1.0513604083263216e-05,8.175207639626276e-06,4.506461741441026e-06,4.620544588488617e-06,5.893059494774599e-06,8.146290365495113e-06
B_tbl_minus_hqql,mod.blocks.0.attn.h5,photon<-charged_hadron,0.022164006029368136,5.430158606048723e-06,0.0,0.0,0.0,5.430158606048723e-06,5.430158606048723e-06,5.430158606048723e-06,8.145237909073085e-06
B_tbl_minus_hqql,mod.blocks.4.attn.h7,neutral_hadron<-electron,0.005999437636799282,-5.422009929100534e-06,0.0,0.0,0.0,-5.422009929100534e-06,-5.422009929100534e-06,5.422009929100534e-06,8.133014893650801e-06
signed_hqql_tbl,mod.blocks.2.attn.h6,photon<-charged_hadron,0.024706804841877338,-7.779908714603993e-06,-8.451742600015304e-06,-2.191955120864657e-06,-1.6807541198772176e-06,6.718338854113116e-07,-5.587953593739336e-06,7.779908714603993e-06,8.115825657309649e-06
B_tbl_minus_hqql,mod.blocks.5.attn.h5,photon<-neutral_hadron,0.007985153339105459,5.3924087553434625e-06,0.0,0.0,0.0,5.3924087553434625e-06,5.3924087553434625e-06,5.3924087553434625e-06,8.088613133015194e-06
B_tbl_minus_hqql,mod.blocks.4.attn.h4,charged_hadron<-photon,0.017519579878575123,-5.369994279986074e-06,0.0,0.0,0.0,-5.369994279986074e-06,-5.369994279986074e-06,5.369994279986074e-06,8.05499141997911e-06
B_tbl_minus_hqql,mod.blocks.0.attn.h2,photon<-charged_hadron,0.020916910270677696,5.357791233865909e-06,0.0,0.0,0.0,5.357791233865909e-06,5.357791233865909e-06,5.357791233865909e-06,8.036686850798863e-06
B_tbl_minus_hqql,mod.blocks.3.attn.h4,charged_hadron<-charged_hadron,0.02405231403290021,5.355883684936077e-06,0.0,0.0,0.0,5.355883684936077e-06,5.355883684936077e-06,5.355883684936077e-06,8.033825527404115e-06
signed_hqql_tbl,mod.blocks.0.attn.h3,photon<-photon,0.0194976696958088,3.755916792371686e-06,-4.794802199922451e-06,-3.914533864680796e-06,-1.0688251772441576e-05,8.550718992294138e-06,7.670450657052482e-06,3.755916792371686e-06,8.031276288518754e-06
B_tbl_minus_hqql,mod.blocks.3.attn.h4,charged_hadron<-photon,0.016300437803009493,5.350224670889755e-06,0.0,0.0,0.0,5.350224670889755e-06,5.350224670889755e-06,5.350224670889755e-06,8.025337006334631e-06
B_tbl_minus_hqql,mod.blocks.6.attn.h4,charged_hadron<-charged_hadron,0.031425645094946095,-5.348607113609892e-06,0.0,0.0,0.0,-5.348607113609892e-06,-5.348607113609892e-06,5.348607113609892e-06,8.02291067041484e-06
B_tbl_minus_hqql,mod.blocks.6.attn.h6,muon<-electron,0.0005148533964529634,5.345574663806474e-06,0.0,0.0,0.0,5.345574663806474e-06,5.345574663806474e-06,5.345574663806474e-06,8.01836199570971e-06
signed_hqql_tbl,mod.blocks.3.attn.h4,charged_hadron<-photon,0.01630043783744314,5.350223409891901e-06,2.7820835379291456e-08,5.47413473488155e-06,-1.2204180980672006e-06,5.322402574512609e-06,-1.2391132498964935e-07,5.350223409891901e-06,8.011424697148206e-06
signed_hqql_tbl,mod.blocks.1.attn.h2,electron<-muon,8.397670171689242e-06,-1.7023603859911418e-08,-1.5963049008860253e-05,0.0,0.0,1.594602540500034e-05,-1.7023603859911418e-08,1.7023603859911418e-08,7.990036306360082e-06
B_tbl_minus_hqql,mod.blocks.0.attn.h5,electron<-neutral_hadron,0.0022404605902179523,5.317298675638287e-06,0.0,0.0,0.0,5.317298675638287e-06,5.317298675638287e-06,5.317298675638287e-06,7.97594801345743e-06
signed_hqql_tbl,mod.blocks.0.attn.h6,muon<-muon,6.0870443121530116e-05,3.097130552021099e-09,-1.5935052147142414e-05,2.84072143585945e-06,1.4881140373290691e-06,1.5938149277694436e-05,-2.837624305307429e-06,3.097130552021099e-09,7.972171769399239e-06
signed_hqql_tbl,mod.blocks.6.attn.h5,charged_hadron<-photon,0.02017578735715182,1.9248937870521616e-06,-1.0124842205006744e-05,5.527779835533375e-06,-3.062955467077872e-06,1.2049735992058906e-05,-3.602886048481213e-06,1.9248937870521616e-06,7.949761783081614e-06
signed_hqql_tbl,mod.blocks.1.attn.h6,photon<-neutral_hadron,0.0178872221000235,-1.6888428176797126e-06,-1.4192080645890255e-05,1.7101080496304983e-06,-1.0748677101677211e-05,1.2503237828210542e-05,-3.398950867310211e-06,1.6888428176797126e-06,7.940461731784983e-06
signed_hqql_tbl,mod.blocks.2.attn.h3,photon<-electron,0.018544811543410387,-6.8853529760750326e-06,-4.8049120340254844e-06,4.210796287549913e-05,-0.00011253692659352055,-2.080440942049548e-06,-4.899331585157416e-05,6.8853529760750326e-06,7.925573447099806e-06
signed_hqql_tbl,mod.blocks.6.attn.h6,electron<-neutral_hadron,0.00899545175747739,-1.0532432194546952e-06,1.268197583888315e-05,-9.195742313750089e-07,1.0760068107629195e-06,-1.3735219058337845e-05,-1.3366898807968636e-07,1.0532432194546952e-06,7.920852748623617e-06
B_tbl_minus_hqql,mod.blocks.6.attn.h3,charged_hadron<-charged_hadron,0.023357443128997353,5.27698776322436e-06,0.0,0.0,0.0,5.27698776322436e-06,5.27698776322436e-06,5.27698776322436e-06,7.91548164483654e-06
B_tbl_minus_hqql,mod.blocks.1.attn.h1,charged_hadron<-charged_hadron,0.02377899201523484,5.269262305405578e-06,0.0,0.0,0.0,5.269262305405578e-06,5.269262305405578e-06,5.269262305405578e-06,7.903893458108366e-06
signed_hqql_tbl,mod.blocks.6.attn.h3,neutral_hadron<-photon,0.012506111126362641,-4.248853583292161e-06,3.029068935657582e-06,-5.833717944167066e-07,-4.975048880434812e-07,-7.277922518949743e-06,-3.6654817888754546e-06,4.248853583292161e-06,7.887814842767033e-06
B_tbl_minus_hqql,mod.blocks.7.attn.h5,neutral_hadron<-neutral_hadron,0.0030539792682784685,5.250594492959773e-06,0.0,0.0,0.0,5.250594492959773e-06,5.250594492959773e-06,5.250594492959773e-06,7.87589173943966e-06
B_tbl_minus_hqql,mod.blocks.7.attn.h4,neutral_hadron<-photon,0.021542657890235906,-5.236810650229413e-06,0.0,0.0,0.0,-5.236810650229413e-06,-5.236810650229413e-06,5.236810650229413e-06,7.855215975344119e-06
B_tbl_minus_hqql,mod.blocks.4.attn.h6,muon<-neutral_hadron,0.003392786905169487,-5.236682045506313e-06,0.0,0.0,0.0,-5.236682045506313e-06,-5.236682045506313e-06,5.236682045506313e-06,7.85502306825947e-06
signed_hqql_tbl,mod.blocks.7.attn.h5,photon<-charged_hadron,0.023719156428887486,5.537531287048888e-06,9.186437598425878e-07,-3.620813894255158e-06,-3.323394051274567e-06,4.6188875272063e-06,9.158345181304046e-06,5.537531287048888e-06,7.846975050652038e-06
signed_hqql_tbl,mod.cls_blocks.1.attn.h5,neutral_hadron<-electron,0.0,0.0,-1.5625949345121626e-05,-0.0004414911672938615,-0.0017762441808978717,1.5625949345121626e-05,0.0004414911672938615,0.0,7.812974672560813e-06
B_tbl_minus_hqql,mod.blocks.3.attn.h7,photon<-neutral_hadron,0.015345469313848701,-5.198227749296858e-06,0.0,0.0,0.0,-5.198227749296858e-06,-5.198227749296858e-06,5.198227749296858e-06,7.797341623945287e-06
B_tbl_minus_hqql,mod.blocks.5.attn.h6,photon<-muon,0.006098623871803283,-5.1917467499151825e-06,0.0,0.0,0.0,-5.1917467499151825e-06,-5.1917467499151825e-06,5.1917467499151825e-06,7.787620124872773e-06
B_tbl_minus_hqql,mod.blocks.5.attn.h6,charged_hadron<-muon,0.009905258193612099,-5.171779775992036e-06,0.0,0.0,0.0,-5.171779775992036e-06,-5.171779775992036e-06,5.171779775992036e-06,7.757669663988054e-06
B_tbl_minus_hqql,mod.blocks.2.attn.h5,photon<-photon,0.01885381618398137,5.166879905272354e-06,0.0,0.0,0.0,5.166879905272354e-06,5.166879905272354e-06,5.166879905272354e-06,7.750319857908531e-06
signed_hqql_tbl,mod.blocks.4.attn.h4,charged_hadron<-electron,0.005282515216441382,-6.230558418402714e-07,1.3614022287638915e-05,-1.7234797478417983e-06,-9.050813969224692e-07,-1.4237078129479187e-05,1.100423906001527e-06,6.230558418402714e-07,7.741594906579866e-06
B_tbl_minus_hqql,mod.blocks.0.attn.h0,charged_hadron<-neutral_hadron,0.021106378972029487,-5.159323206119219e-06,0.0,0.0,0.0,-5.159323206119219e-06,-5.159323206119219e-06,5.159323206119219e-06,7.738984809178827e-06
signed_hqql_tbl,mod.blocks.2.attn.h3,neutral_hadron<-neutral_hadron,0.0204287744089045,1.8367837493896645e-06,1.359573495876673e-05,3.3921162214899776e-06,-6.59116357541563e-05,-1.1758951209377064e-05,-1.555332472100313e-06,1.8367837493896645e-06,7.716259354078197e-06
B_tbl_minus_hqql,mod.blocks.6.attn.h1,charged_hadron<-photon,0.009963253892824734,-5.138699842763796e-06,0.0,0.0,0.0,-5.138699842763796e-06,-5.138699842763796e-06,5.138699842763796e-06,7.708049764145695e-06
B_tbl_minus_hqql,mod.blocks.0.attn.h6,electron<-electron,0.0024605051536733904,5.134597725171059e-06,0.0,0.0,0.0,5.134597725171059e-06,5.134597725171059e-06,5.134597725171059e-06,7.70189658775659e-06
signed_hqql_tbl,mod.blocks.5.attn.h2,neutral_hadron<-electron,0.001360520444534443,4.38386657858953e-06,-2.186380479423334e-06,-7.969814907937689e-06,1.8675422097658156e-08,6.5702470580128635e-06,1.2353681486527219e-05,4.38386657858953e-06,7.668990107595963e-06
signed_hqql_tbl,mod.blocks.2.attn.h7,neutral_hadron<-charged_hadron,0.024907964217562636,3.57544197177864e-06,-4.598394877083984e-06,-7.746810945021341e-06,1.5810115764953558e-05,8.173836848862625e-06,1.1322252916799982e-05,3.57544197177864e-06,7.662360396209953e-06
B_tbl_minus_hqql,mod.blocks.4.attn.h6,muon<-photon,0.008765931129455567,-5.100442213006317e-06,0.0,0.0,0.0,-5.100442213006317e-06,-5.100442213006317e-06,5.100442213006317e-06,7.650663319509476e-06
signed_hqql_tbl,mod.blocks.4.attn.h1,neutral_hadron<-charged_hadron,0.02654027598244803,1.6799394213477102e-06,1.361546594808045e-05,1.1318014472139967e-06,1.02450395176023e-05,-1.193552652673274e-05,5.481379741337135e-07,1.6799394213477102e-06,7.64770268471408e-06
B_tbl_minus_hqql,mod.blocks.6.attn.h6,photon<-charged_hadron,0.024856946359542945,-5.09467777720228e-06,0.0,0.0,0.0,-5.09467777720228e-06,-5.09467777720228e-06,5.09467777720228e-06,7.64201666580342e-06
B_tbl_minus_hqql,mod.blocks.0.attn.h6,photon<-neutral_hadron,0.02222671821985059,5.087030464391113e-06,0.0,0.0,0.0,5.087030464391113e-06,5.087030464391113e-06,5.087030464391113e-06,7.63054569658667e-06
B_tbl_minus_hqql,mod.blocks.3.attn.h5,neutral_hadron<-neutral_hadron,0.010961553502205729,-5.066388354646092e-06,0.0,0.0,0.0,-5.066388354646092e-06,-5.066388354646092e-06,5.066388354646092e-06,7.599582531969139e-06
signed_hqql_tbl,mod.blocks.2.attn.h4,photon<-charged_hadron,0.019695653108280562,2.0334489561793846e-06,1.3163056509805042e-05,-5.486492519935736e-06,-5.225781472959534e-06,-1.1129607553625657e-05,7.519941476115121e-06,2.0334489561793846e-06,7.598252732992213e-06
signed_hqql_tbl,mod.blocks.3.attn.h2,neutral_hadron<-neutral_hadron,0.03381804265959769,5.7147772203918856e-06,1.9481139020910347e-06,-3.985735356001876e-05,9.517096534866409e-07,3.766663318300851e-06,4.557213078041065e-05,5.7147772203918856e-06,7.598108879542311e-06
signed_hqql_tbl,mod.blocks.4.attn.h0,muon<-electron,1.925701326399576e-06,-8.221596181634538e-10,1.5179021829681005e-05,0.0,0.0,-1.5179843989299169e-05,-8.221596181634538e-10,8.221596181634538e-10,7.590744154267748e-06
B_tbl_minus_hqql,mod.blocks.6.attn.h4,neutral_hadron<-photon,0.016415135973583295,-5.053873866091709e-06,0.0,0.0,0.0,-5.053873866091709e-06,-5.053873866091709e-06,5.053873866091709e-06,7.5808107991375635e-06
B_tbl_minus_hqql,mod.blocks.6.attn.h1,neutral_hadron<-photon,0.016044175021682875,5.050968861126585e-06,0.0,0.0,0.0,5.050968861126585e-06,5.050968861126585e-06,5.050968861126585e-06,7.576453291689877e-06
B_tbl_minus_hqql,mod.blocks.4.attn.h3,neutral_hadron<-photon,0.01500815063209222,-5.041523762650221e-06,0.0,0.0,0.0,-5.041523762650221e-06,-5.041523762650221e-06,5.041523762650221e-06,7.5622856439753315e-06
signed_hqql_tbl,mod.blocks.5.attn.h3,charged_hadron<-charged_hadron,0.023324026522200097,-4.970024881557844e-06,1.6439907761117544e-07,-1.25561522014816e-05,1.3910079485509442e-06,-5.134423959169019e-06,7.586127319923756e-06,4.970024881557844e-06,7.5372368611423534e-06
signed_hqql_tbl,mod.blocks.5.attn.h2,neutral_hadron<-photon,0.019475700868742035,-2.080235373589376e-06,-1.2941574021167632e-05,-3.802404462245766e-06,-7.304758331983396e-06,1.0861338647578255e-05,1.7221690886563899e-06,2.080235373589376e-06,7.510904697378503e-06
B_tbl_minus_hqql,mod.blocks.6.attn.h2,photon<-charged_hadron,0.025321562809451064,5.004249031885227e-06,0.0,0.0,0.0,5.004249031885227e-06,5.004249031885227e-06,5.004249031885227e-06,7.506373547827841e-06
B_tbl_minus_hqql,mod.blocks.3.attn.h7,electron<-photon,0.01821198114534704,-5.00283062049165e-06,0.0,0.0,0.0,-5.00283062049165e-06,-5.00283062049165e-06,5.00283062049165e-06,7.504245930737476e-06
signed_hqql_tbl,mod.blocks.0.attn.h2,muon<-electron,2.011809783653007e-06,4.593304581135271e-08,-1.4830716281721834e-05,0.0,0.0,1.4876649327533187e-05,4.593304581135271e-08,4.593304581135271e-08,7.484257709577946e-06
signed_hqql_tbl,mod.blocks.5.attn.h3,neutral_hadron<-charged_hadron,0.025126674796352867,-5.682442115204988e-06,-9.283011622966863e-06,-7.884450232041258e-06,-1.7186304382470796e-08,3.600569507761875e-06,2.2020081168362693e-06,5.682442115204988e-06,7.482726869085926e-06
B_tbl_minus_hqql,mod.blocks.6.attn.h4,electron<-charged_hadron,0.02956774192196982,4.9859100683880526e-06,0.0,0.0,0.0,4.9859100683880526e-06,4.9859100683880526e-06,4.9859100683880526e-06,7.478865102582079e-06
signed_hqql_tbl,mod.blocks.6.attn.h6,charged_hadron<-photon,0.007595895464058077,-5.87402840187823e-06,-2.693011147874753e-06,-8.146941687806349e-07,5.256000807069568e-06,-3.181017254003477e-06,-5.059334233097595e-06,5.87402840187823e-06,7.4645370288799685e-06
B_tbl_minus_hqql,mod.blocks.5.attn.h3,charged_hadron<-charged_hadron,0.023324026282793967,-4.970025962859942e-06,0.0,0.0,0.0,-4.970025962859942e-06,-4.970025962859942e-06,4.970025962859942e-06,7.4550389442899136e-06
signed_hqql_tbl,mod.blocks.5.attn.h7,photon<-neutral_hadron,0.01255654697707432,-6.845406695862612e-06,-5.63258921367608e-06,-7.406909100749701e-07,4.6850162343752466e-07,-1.212817482186532e-06,-6.1047157857876425e-06,6.845406695862612e-06,7.451815436955878e-06
signed_hqql_tbl,mod.blocks.3.attn.h4,photon<-photon,0.02010581818785863,5.880165571975194e-06,2.7773313091269563e-06,8.195397827253313e-06,2.8619639087286286e-06,3.1028342628482376e-06,-2.315232255278119e-06,5.880165571975194e-06,7.431582703399313e-06
B_tbl_minus_hqql,mod.blocks.0.attn.h4,neutral_hadron<-charged_hadron,0.029708117931162945,4.953340495511347e-06,0.0,0.0,0.0,4.953340495511347e-06,4.953340495511347e-06,4.953340495511347e-06,7.43001074326702e-06
signed_hqql_tbl,mod.blocks.6.attn.h5,muon<-neutral_hadron,5.183166358619928e-05,-2.3782324660714947e-07,1.411725089421149e-05,-5.747311661252752e-05,6.36922398674263e-07,-1.435507414081864e-05,5.723529336592037e-05,2.3782324660714947e-07,7.415360317016469e-06
signed_hqql_tbl,mod.blocks.6.attn.h0,photon<-neutral_hadron,0.01123005374657291,-2.888768924093477e-07,1.3961146919834355e-05,2.796912093374164e-06,9.049144086918724e-06,-1.4250023812243704e-05,-3.0857889857835117e-06,2.888768924093477e-07,7.4138887985311994e-06
B_tbl_minus_hqql,mod.blocks.4.attn.h6,photon<-electron,0.011169825809273294,4.939783087219831e-06,0.0,0.0,0.0,4.939783087219831e-06,4.939783087219831e-06,4.939783087219831e-06,7.409674630829747e-06
signed_hqql_tbl,mod.cls_blocks.1.attn.h1,charged_hadron<-muon,0.0008136978722177446,4.934540356771322e-06,0.0,0.0,0.0,4.934540356771322e-06,4.934540356771322e-06,4.934540356771322e-06,7.401810535156983e-06
B_tbl_minus_hqql,mod.cls_blocks.1.attn.h1,CLS<-muon,0.0008136979886330664,4.934525804856094e-06,0.0,0.0,0.0,4.934525804856094e-06,4.934525804856094e-06,4.934525804856094e-06,7.40178870728414e-06
B_tbl_minus_hqql,mod.cls_blocks.1.attn.h1,charged_hadron<-muon,0.0008136979886330664,4.934525804856094e-06,0.0,0.0,0.0,4.934525804856094e-06,4.934525804856094e-06,4.934525804856094e-06,7.40178870728414e-06
signed_hqql_tbl,mod.blocks.2.attn.h3,charged_hadron<-charged_hadron,0.02166573890886179,-5.930179309928015e-06,-3.0228098317443788e-06,1.2117223973464772e-05,-4.156526499827244e-06,-2.9073694781836362e-06,-1.8047403283392786e-05,5.930179309928015e-06,7.383864049019833e-06
B_tbl_minus_hqql,mod.blocks.4.attn.h1,photon<-muon,0.02251122236251831,-4.911509458906948e-06,0.0,0.0,0.0,-4.911509458906948e-06,-4.911509458906948e-06,4.911509458906948e-06,7.3672641883604225e-06
B_tbl_minus_hqql,mod.blocks.0.attn.h3,photon<-neutral_hadron,0.014099545144645169,4.881972663148729e-06,0.0,0.0,0.0,4.881972663148729e-06,4.881972663148729e-06,4.881972663148729e-06,7.3229589947230935e-06
B_tbl_minus_hqql,mod.blocks.3.attn.h7,neutral_hadron<-photon,0.019911289514796978,4.877759206856851e-06,0.0,0.0,0.0,4.877759206856851e-06,4.877759206856851e-06,4.877759206856851e-06,7.316638810285276e-06
signed_hqql_tbl,mod.blocks.5.attn.h7,charged_hadron<-photon,0.00968916677175265,-3.985494027798754e-06,2.6293954149399388e-06,-5.032331701653025e-06,1.2757182782834302e-05,-6.614889442738692e-06,1.0468376738542713e-06,3.985494027798754e-06,7.2929387491680996e-06
signed_hqql_tbl,mod.blocks.1.attn.h2,muon<-electron,2.7570549718802795e-06,4.497318784046911e-08,1.4513325368170626e-05,0.0,0.0,-1.4468352180330157e-05,4.497318784046911e-08,4.497318784046911e-08,7.279149278005548e-06
B_tbl_minus_hqql,mod.blocks.6.attn.h6,muon<-photon,0.001001465767621994,4.850042460020632e-06,0.0,0.0,0.0,4.850042460020632e-06,4.850042460020632e-06,4.850042460020632e-06,7.2750636900309474e-06
signed_hqql_tbl,mod.blocks.0.attn.h0,neutral_hadron<-photon,0.01852157490947275,6.379028413465831e-07,1.390659089640884e-05,-1.1485299747535584e-05,6.097668889707823e-05,-1.3268688055062257e-05,1.2123202588882167e-05,6.379028413465831e-07,7.272246868877711e-06
signed_hqql_tbl,mod.blocks.5.attn.h0,photon<-photon,0.015481211831561821,4.5595643602855744e-06,-7.651376674192495e-07,1.8165757758653066e-06,5.976551925446412e-06,5.324702027704824e-06,2.742988584420268e-06,4.5595643602855744e-06,7.221915374137986e-06
signed_hqql_tbl,mod.blocks.7.attn.h2,charged_hadron<-charged_hadron,0.023550411471911174,1.9463443609841333e-07,1.4175940761600493e-05,2.4002912987734894e-06,-3.0714856670479467e-06,-1.3981306325502079e-05,-2.2056568626750763e-06,1.9463443609841333e-07,7.185287598849453e-06
B_tbl_minus_hqql,mod.blocks.1.attn.h4,photon<-electron,0.013388837256082675,-4.787178098685979e-06,0.0,0.0,0.0,-4.787178098685979e-06,-4.787178098685979e-06,4.787178098685979e-06,7.1807671480289674e-06
signed_hqql_tbl,mod.blocks.5.attn.h6,neutral_hadron<-neutral_hadron,0.015989577364306288,-3.974747372825225e-06,-1.0381064672909307e-05,2.3205908067407505e-05,7.223920356451228e-06,6.406317300084082e-06,-2.718065544023273e-05,3.974747372825225e-06,7.177906022867266e-06
signed_hqql_tbl,mod.blocks.7.attn.h6,photon<-charged_hadron,0.028178873053869714,1.9877959916541371e-07,-1.372333205494953e-05,-9.946787397775466e-06,2.192765420351599e-07,1.3922111654114944e-05,1.014556699694088e-05,1.9877959916541371e-07,7.159835426222886e-06
signed_hqql_tbl,mod.blocks.2.attn.h6,charged_hadron<-charged_hadron,0.023159056187454095,6.6758545885477185e-06,5.7354270479754615e-06,4.014084365445881e-06,-1.2938889902406333e-05,9.40427540572257e-07,2.6617702231018377e-06,6.6758545885477185e-06,7.146068358833847e-06
B_tbl_minus_hqql,mod.blocks.7.attn.h7,photon<-charged_hadron,0.025583628902953185,4.739427713355548e-06,0.0,0.0,0.0,4.739427713355548e-06,4.739427713355548e-06,4.739427713355548e-06,7.109141570033322e-06
B_tbl_minus_hqql,mod.blocks.2.attn.h4,charged_hadron<-photon,0.016150345249991413,-4.735477242467076e-06,0.0,0.0,0.0,-4.735477242467076e-06,-4.735477242467076e-06,4.735477242467076e-06,7.103215863700614e-06
signed_hqql_tbl,mod.blocks.1.attn.h3,charged_hadron<-photon,0.018394968951802114,-4.270021750009013e-06,1.3762596542776259e-06,-1.1228919531017869e-05,2.536473348404501e-06,-5.646281404286639e-06,6.958897781008856e-06,4.270021750009013e-06,7.093162452152333e-06
B_tbl_minus_hqql,mod.blocks.2.attn.h3,neutral_hadron<-muon,0.07095731496810913,4.728531712316908e-06,0.0,0.0,0.0,4.728531712316908e-06,4.728531712316908e-06,4.728531712316908e-06,7.092797568475361e-06
B_tbl_minus_hqql,mod.blocks.7.attn.h6,photon<-electron,0.007036176396579277,4.713324526120432e-06,0.0,0.0,0.0,4.713324526120432e-06,4.713324526120432e-06,4.713324526120432e-06,7.069986789180648e-06
signed_hqql_tbl,mod.blocks.5.attn.h3,photon<-charged_hadron,0.022470954592554368,-4.135271763186396e-06,1.71201467144035e-06,-1.1625677596246141e-05,-3.6407042890340155e-06,-5.8472864346267455e-06,7.490405833059745e-06,4.135271763186396e-06,7.058914980499769e-06
B_tbl_minus_hqql,mod.blocks.7.attn.h5,charged_hadron<-charged_hadron,0.021416720024866366,4.704925830735382e-06,0.0,0.0,0.0,4.704925830735382e-06,4.704925830735382e-06,4.704925830735382e-06,7.057388746103073e-06
signed_hqql_tbl,mod.blocks.7.attn.h4,neutral_hadron<-charged_hadron,0.02426689756350691,-6.133167176094579e-06,-4.310242234788479e-06,-6.730769368936257e-06,6.226262248186323e-07,-1.8229249413061004e-06,5.976021928416775e-07,6.133167176094579e-06,7.044629646747629e-06
signed_hqql_tbl,mod.blocks.0.attn.h2,charged_hadron<-charged_hadron,0.02231905154217078,-8.173071005098401e-07,-1.3259910590376954e-05,2.2972493023010754e-06,-1.1570938158296974e-06,1.2442603489867114e-05,-3.1145564028109153e-06,8.173071005098401e-07,7.038608845443397e-06
signed_hqql_tbl,mod.blocks.4.attn.h0,photon<-photon,0.01499018305898676,-2.0972335213821506e-07,1.3430418389640292e-05,9.585273270773681e-07,-1.1366185175073755e-05,-1.3640141741778508e-05,-1.1682506792155832e-06,2.0972335213821506e-07,7.029794223027469e-06
signed_hqql_tbl,mod.blocks.3.attn.h0,photon<-photon,0.016679473459916855,3.4483858802046685e-06,-3.6821599264128678e-06,-9.12971245108335e-06,-1.7322218027862635e-05,7.130545806617536e-06,1.2578098331288018e-05,3.4483858802046685e-06,7.013658783513437e-06
B_tbl_minus_hqql,mod.blocks.7.attn.h0,photon<-photon,0.014995130083939873,4.673724795118966e-06,0.0,0.0,0.0,4.673724795118966e-06,4.673724795118966e-06,4.673724795118966e-06,7.010587192678448e-06
B_tbl_minus_hqql,mod.blocks.6.attn.h5,neutral_hadron<-photon,0.02483447608821876,4.657178632516969e-06,0.0,0.0,0.0,4.657178632516969e-06,4.657178632516969e-06,4.657178632516969e-06,6.985767948775454e-06
signed_hqql_tbl,mod.blocks.0.attn.h0,photon<-photon,0.017606494384624045,-9.105126607276118e-07,1.1235151477918333e-05,-1.185791932249098e-05,7.017804164456826e-06,-1.2145664138645945e-05,1.0947406661763368e-05,9.105126607276118e-07,6.983344730050585e-06
signed_hqql_tbl,mod.blocks.0.attn.h0,charged_hadron<-photon,0.018729914205739568,6.43732830164346e-07,-1.201637957894371e-05,8.323916009471831e-06,-6.268826056901507e-06,1.2660112409108057e-05,-7.680183179307485e-06,6.43732830164346e-07,6.9737890347183744e-06
B_tbl_minus_hqql,mod.blocks.4.attn.h6,electron<-charged_hadron,0.037523570514860605,-4.647023507416071e-06,0.0,0.0,0.0,-4.647023507416071e-06,-4.647023507416071e-06,4.647023507416071e-06,6.970535261124106e-06
B_tbl_minus_hqql,mod.blocks.1.attn.h3,charged_hadron<-charged_hadron,0.022989268103611876,4.635822852984402e-06,0.0,0.0,0.0,4.635822852984402e-06,4.635822852984402e-06,4.635822852984402e-06,6.953734279476604e-06
signed_hqql_tbl,mod.blocks.4.attn.h7,electron<-electron,3.127892988332961e-05,-7.297125353349858e-08,1.3677756039776057e-05,-1.1476661339789492e-07,-1.062470005308569e-08,-1.3750727293309555e-05,4.179535986439633e-08,7.297125353349858e-08,6.948334900188276e-06
B_tbl_minus_hqql,mod.blocks.5.attn.h5,electron<-electron,0.031705036787469804,4.629180405717963e-06,0.0,0.0,0.0,4.629180405717963e-06,4.629180405717963e-06,4.629180405717963e-06,6.943770608576945e-06
B_tbl_minus_hqql,mod.blocks.0.attn.h7,charged_hadron<-charged_hadron,0.024134415492099336,-4.625770016603178e-06,0.0,0.0,0.0,-4.625770016603178e-06,-4.625770016603178e-06,4.625770016603178e-06,6.938655024904768e-06
B_tbl_minus_hqql,mod.blocks.7.attn.h6,neutral_hadron<-electron,0.005413535801279876,4.609025331269044e-06,0.0,0.0,0.0,4.609025331269044e-06,4.609025331269044e-06,4.609025331269044e-06,6.913537996903566e-06
B_tbl_minus_hqql,mod.blocks.6.attn.h0,charged_hadron<-charged_hadron,0.024198128525609576,-4.600065281209962e-06,0.0,0.0,0.0,-4.600065281209962e-06,-4.600065281209962e-06,4.600065281209962e-06,6.900097921814942e-06
signed_hqql_tbl,mod.blocks.1.attn.h3,photon<-electron,0.007093470876779013,4.081753097007021e-06,9.713873819068627e-06,9.141230228643898e-06,3.691180563691887e-05,-5.632120722061606e-06,-5.059477131636877e-06,4.081753097007021e-06,6.897813458037824e-06
signed_hqql_tbl,mod.blocks.1.attn.h7,photon<-electron,0.007918600507868015,2.3941703273714103e-06,1.1389763353185522e-05,7.096592266212351e-06,0.00021264388487907127,-8.995593025814112e-06,-4.702421938840941e-06,2.3941703273714103e-06,6.891966840278466e-06
B_tbl_minus_hqql,mod.blocks.6.attn.h1,photon<-electron,0.007898250731026254,-4.578560244810684e-06,0.0,0.0,0.0,-4.578560244810684e-06,-4.578560244810684e-06,4.578560244810684e-06,6.8678403672160266e-06
B_tbl_minus_hqql,mod.blocks.6.attn.h1,neutral_hadron<-neutral_hadron,0.015884688185130964,4.574178516294091e-06,0.0,0.0,0.0,4.574178516294091e-06,4.574178516294091e-06,4.574178516294091e-06,6.861267774441137e-06
signed_hqql_tbl,mod.blocks.6.attn.h3,muon<-muon,6.697022763546556e-05,3.6452752283366863e-07,1.3325318377610529e-05,-2.6402280127513222e-05,5.023594326303282e-06,-1.296079085477686e-05,2.676680765034689e-05,3.6452752283366863e-07,6.844922950222099e-06
B_tbl_minus_hqql,mod.blocks.5.attn.h0,photon<-photon,0.015481212224049756,4.559568228020002e-06,0.0,0.0,0.0,4.559568228020002e-06,4.559568228020002e-06,4.559568228020002e-06,6.839352342030003e-06
signed_hqql_tbl,mod.blocks.1.attn.h3,muon<-muon,0.0003983454080298543,-1.6046182054196834e-06,-1.2071773198840674e-05,3.809443853697303e-07,-0.0003505118994198142,1.046715499342099e-05,-1.9855625907894137e-06,1.6046182054196834e-06,6.838195702130179e-06
B_tbl_minus_hqql,mod.blocks.2.attn.h7,electron<-neutral_hadron,0.00790588461138584,4.556442069803813e-06,0.0,0.0,0.0,4.556442069803813e-06,4.556442069803813e-06,4.556442069803813e-06,6.83466310470572e-06
B_tbl_minus_hqql,mod.blocks.6.attn.h5,photon<-neutral_hadron,0.009343249459899049,-4.554712794006098e-06,0.0,0.0,0.0,-4.554712794006098e-06,-4.554712794006098e-06,4.554712794006098e-06,6.832069191009147e-06
B_tbl_minus_hqql,mod.blocks.6.attn.h4,photon<-charged_hadron,0.02379370396843816,-4.5529605308574515e-06,0.0,0.0,0.0,-4.5529605308574515e-06,-4.5529605308574515e-06,4.5529605308574515e-06,6.829440796286177e-06
B_tbl_minus_hqql,mod.blocks.1.attn.h5,charged_hadron<-electron,0.01806395642814182,4.5483688847439005e-06,0.0,0.0,0.0,4.5483688847439005e-06,4.5483688847439005e-06,4.5483688847439005e-06,6.822553327115851e-06
B_tbl_minus_hqql,mod.blocks.3.attn.h3,photon<-photon,0.019281377588264672,-4.539075246221806e-06,0.0,0.0,0.0,-4.539075246221806e-06,-4.539075246221806e-06,4.539075246221806e-06,6.80861286933271e-06
signed_hqql_tbl,mod.blocks.0.attn.h7,charged_hadron<-photon,0.015099529445963331,3.169109011625797e-06,-4.1028254064120866e-06,5.048095426784812e-06,2.0865796079092167e-05,7.2719344180378835e-06,-1.8789864151590149e-06,3.169109011625797e-06,6.805076220644739e-06
B_tbl_minus_hqql,mod.blocks.0.attn.h7,neutral_hadron<-photon,0.015116587590302108,-4.535889791047855e-06,0.0,0.0,0.0,-4.535889791047855e-06,-4.535889791047855e-06,4.535889791047855e-06,6.803834686571782e-06
signed_hqql_tbl,mod.blocks.6.attn.h4,photon<-photon,0.013573967083169115,-2.9277101256869303e-06,4.8119065725580365e-06,-2.1590000741984235e-06,3.974413123066775e-06,-7.739616698244966e-06,-7.687100514885069e-07,2.9277101256869303e-06,6.797518474809413e-06
signed_hqql_tbl,mod.blocks.6.attn.h2,neutral_hadron<-neutral_hadron,0.006097646994409142,-2.272014672953083e-06,-1.1252768332775063e-05,1.8649109036660466e-06,-2.6593394597361243e-05,8.98075365982198e-06,-4.13692557661913e-06,2.272014672953083e-06,6.762391502864072e-06
signed_hqql_tbl,mod.blocks.7.attn.h7,neutral_hadron<-muon,0.009174011647701263,5.544601299334317e-06,7.97561953428764e-06,2.2545200408785604e-05,7.593554134170215e-05,-2.431018234953323e-06,-1.7000599109451285e-05,5.544601299334317e-06,6.7601104168109785e-06
B_tbl_minus_hqql,mod.blocks.1.attn.h5,muon<-muon,0.00029509345768019557,-4.472875389183173e-06,0.0,0.0,0.0,-4.472875389183173e-06,-4.472875389183173e-06,4.472875389183173e-06,6.7093130837747594e-06
B_tbl_minus_hqql,mod.blocks.3.attn.h3,photon<-charged_hadron,0.021730814208741962,4.429452440777824e-06,0.0,0.0,0.0,4.429452440777824e-06,4.429452440777824e-06,4.429452440777824e-06,6.644178661166737e-06
signed_hqql_tbl,mod.blocks.5.attn.h5,electron<-neutral_hadron,0.002449224422754789,4.0656462563977884e-06,-1.0694329359383023e-06,3.805982487392612e-07,-3.693504524449054e-06,5.135079192336091e-06,3.685048007658527e-06,4.0656462563977884e-06,6.633185852565834e-06
B_tbl_minus_hqql,mod.blocks.5.attn.h7,photon<-charged_hadron,0.027690525484663567,-4.41757648068753e-06,0.0,0.0,0.0,-4.41757648068753e-06,-4.41757648068753e-06,4.41757648068753e-06,6.626364721031295e-06
signed_hqql_tbl,mod.cls_blocks.1.attn.h0,photon<-CLS,0.00040385854663327336,-2.297025275765918e-06,6.357487260781151e-06,0.0,0.0,-8.65451253654707e-06,-2.297025275765918e-06,2.297025275765918e-06,6.624281544039453e-06
B_tbl_minus_hqql,mod.blocks.2.attn.h1,neutral_hadron<-electron,0.004477148461672995,4.416020399528659e-06,0.0,0.0,0.0,4.416020399528659e-06,4.416020399528659e-06,4.416020399528659e-06,6.624030599292989e-06
signed_hqql_tbl,mod.blocks.6.attn.h0,charged_hadron<-charged_hadron,0.024198129243827964,-4.600068978094162e-06,-5.609300063783436e-07,-7.376146931202203e-06,-7.846190980468806e-06,-4.039138971715818e-06,2.776077953108041e-06,4.600068978094162e-06,6.619638463952071e-06
B_tbl_minus_hqql,mod.blocks.6.attn.h5,charged_hadron<-neutral_hadron,0.008267103406895442,-4.398884847628948e-06,0.0,0.0,0.0,-4.398884847628948e-06,-4.398884847628948e-06,4.398884847628948e-06,6.598327271443422e-06
B_tbl_minus_hqql,mod.blocks.6.attn.h7,neutral_hadron<-photon,0.0205013475127373,-4.388787701822107e-06,0.0,0.0,0.0,-4.388787701822107e-06,-4.388787701822107e-06,4.388787701822107e-06,6.58318155273316e-06
B_tbl_minus_hqql,mod.blocks.5.attn.h2,neutral_hadron<-electron,0.0013605204553136395,4.383871176590522e-06,0.0,0.0,0.0,4.383871176590522e-06,4.383871176590522e-06,4.383871176590522e-06,6.575806764885783e-06
B_tbl_minus_hqql,mod.blocks.7.attn.h3,neutral_hadron<-electron,0.005340265110135078,-4.383809111998373e-06,0.0,0.0,0.0,-4.383809111998373e-06,-4.383809111998373e-06,4.383809111998373e-06,6.575713667997559e-06
signed_hqql_tbl,mod.blocks.3.attn.h7,neutral_hadron<-photon,0.019911289514796978,4.8777667251939456e-06,1.4965444127605847e-06,-2.0812411693371282e-06,4.1647130756464564e-05,3.381222312433361e-06,6.959007894531073e-06,4.8777667251939456e-06,6.5683778814106265e-06
B_tbl_minus_hqql,mod.blocks.7.attn.h1,photon<-neutral_hadron,0.01861062713346715,4.37610847677182e-06,0.0,0.0,0.0,4.37610847677182e-06,4.37610847677182e-06,4.37610847677182e-06,6.56416271515773e-06
B_tbl_minus_hqql,mod.blocks.6.attn.h7,photon<-electron,0.005780413693831704,4.375218081324005e-06,0.0,0.0,0.0,4.375218081324005e-06,4.375218081324005e-06,4.375218081324005e-06,6.562827121986008e-06
B_tbl_minus_hqql,mod.blocks.1.attn.h2,charged_hadron<-charged_hadron,0.022750627235919182,4.374777559890971e-06,0.0,0.0,0.0,4.374777559890971e-06,4.374777559890971e-06,4.374777559890971e-06,6.562166339836456e-06
B_tbl_minus_hqql,mod.blocks.7.attn.h2,photon<-neutral_hadron,0.03019686797218155,4.371779474065687e-06,0.0,0.0,0.0,4.371779474065687e-06,4.371779474065687e-06,4.371779474065687e-06,6.55766921109853e-06
signed_hqql_tbl,mod.blocks.7.attn.h1,charged_hadron<-photon,0.014951864947203885,5.780283604726488e-07,-1.1375510469542107e-05,-7.399598356893359e-06,-6.708505163784065e-06,1.1953538830014755e-05,7.977626717366007e-06,5.780283604726488e-07,6.554797775480026e-06
signed_hqql_tbl,mod.blocks.1.attn.h5,muon<-neutral_hadron,0.00037416995037347077,-7.602379355375887e-07,1.0826457582879812e-05,-8.985041495179757e-05,3.529618293719573e-05,-1.15866955184174e-05,8.909017701625998e-05,7.602379355375887e-07,6.553585694746289e-06
B_tbl_minus_hqql,mod.blocks.4.attn.h1,photon<-photon,0.014254539678711193,-4.3680757557066194e-06,0.0,0.0,0.0,-4.3680757557066194e-06,-4.3680757557066194e-06,4.3680757557066194e-06,6.5521136335599296e-06
B_tbl_minus_hqql,mod.blocks.4.attn.h0,charged_hadron<-neutral_hadron,0.016701612018403554,-4.354608343021959e-06,0.0,0.0,0.0,-4.354608343021959e-06,-4.354608343021959e-06,4.354608343021959e-06,6.531912514532939e-06
signed_hqql_tbl,mod.blocks.6.attn.h5,charged_hadron<-neutral_hadron,0.008267103573855232,-4.398895700932389e-06,-1.3340551855613734e-07,-4.186612010791956e-06,-8.361965520236428e-06,-4.2654901823762514e-06,-2.1228369014043254e-07,4.398895700932389e-06,6.531640792120514e-06
signed_hqql_tbl,mod.blocks.7.attn.h2,neutral_hadron<-neutral_hadron,0.01369459924389361,-6.177806087938399e-06,-6.786658435785299e-06,6.14015917215166e-06,4.775120118252432e-06,6.088523478469002e-07,-1.231796526009006e-05,6.177806087938399e-06,6.48223226186185e-06
B_tbl_minus_hqql,mod.blocks.7.attn.h3,electron<-neutral_hadron,0.0032197966205853,-4.305146393124704e-06,0.0,0.0,0.0,-4.305146393124704e-06,-4.305146393124704e-06,4.305146393124704e-06,6.457719589687056e-06
B_tbl_minus_hqql,mod.blocks.4.attn.h5,neutral_hadron<-photon,0.0217446862789612,-4.299997729919547e-06,0.0,0.0,0.0,-4.299997729919547e-06,-4.299997729919547e-06,4.299997729919547e-06,6.4499965948793195e-06
signed_hqql_tbl,mod.blocks.3.attn.h0,charged_hadron<-charged_hadron,0.025078395655811454,-3.536817881552117e-06,-9.300392331857127e-06,-5.325011117546123e-06,2.4410523532735002e-06,5.76357445030501e-06,1.788193235994006e-06,3.536817881552117e-06,6.418605106704622e-06
B_tbl_minus_hqql,mod.blocks.4.attn.h3,muon<-muon,0.0008917707018554211,-4.272103979019448e-06,0.0,0.0,0.0,-4.272103979019448e-06,-4.272103979019448e-06,4.272103979019448e-06,6.408155968529172e-06
B_tbl_minus_hqql,mod.blocks.1.attn.h3,charged_hadron<-photon,0.01839496867633293,-4.270022859687125e-06,0.0,0.0,0.0,-4.270022859687125e-06,-4.270022859687125e-06,4.270022859687125e-06,6.405034289530687e-06
B_tbl_minus_hqql,mod.blocks.7.attn.h4,neutral_hadron<-electron,0.007987589333896284,4.266746987856028e-06,0.0,0.0,0.0,4.266746987856028e-06,4.266746987856028e-06,4.266746987856028e-06,6.4001204817840425e-06
B_tbl_minus_hqql,mod.blocks.6.attn.h3,neutral_hadron<-photon,0.012506111332412638,-4.248853061947618e-06,0.0,0.0,0.0,-4.248853061947618e-06,-4.248853061947618e-06,4.248853061947618e-06,6.373279592921427e-06
B_tbl_minus_hqql,mod.blocks.1.attn.h1,neutral_hadron<-photon,0.016504927373846547,-4.239746087419816e-06,0.0,0.0,0.0,-4.239746087419816e-06,-4.239746087419816e-06,4.239746087419816e-06,6.359619131129724e-06
B_tbl_minus_hqql,mod.blocks.6.attn.h4,charged_hadron<-photon,0.008582963601210985,-4.227169696577043e-06,0.0,0.0,0.0,-4.227169696577043e-06,-4.227169696577043e-06,4.227169696577043e-06,6.340754544865564e-06
signed_hqql_tbl,mod.blocks.1.attn.h2,charged_hadron<-charged_hadron,0.022750627535176843,4.374772357951148e-06,4.763968980176793e-07,1.1058201855907176e-05,-1.3166672947043814e-05,3.898375459933469e-06,-6.6834294979560274e-06,4.374772357951148e-06,6.323960087917883e-06
B_tbl_minus_hqql,mod.blocks.5.attn.h4,neutral_hadron<-photon,0.019058677608452826,-4.2143384159919016e-06,0.0,0.0,0.0,-4.2143384159919016e-06,-4.2143384159919016e-06,4.2143384159919016e-06,6.321507623987852e-06
signed_hqql_tbl,mod.blocks.4.attn.h5,charged_hadron<-neutral_hadron,0.01429169774055481,2.5705512644363052e-06,-4.925666860213014e-06,-2.1884177414506583e-06,1.4157203652944753e-05,7.49621812464932e-06,4.7589690058869636e-06,2.5705512644363052e-06,6.3186603267609655e-06
B_tbl_minus_hqql,mod.blocks.6.attn.h3,photon<-neutral_hadron,0.00896780352072473,-4.185012101751414e-06,0.0,0.0,0.0,-4.185012101751414e-06,-4.185012101751414e-06,4.185012101751414e-06,6.277518152627121e-06
B_tbl_minus_hqql,mod.blocks.2.attn.h0,photon<-photon,0.01548507248559636,-4.179006871990068e-06,0.0,0.0,0.0,-4.179006871990068e-06,-4.179006871990068e-06,4.179006871990068e-06,6.268510307985102e-06
B_tbl_minus_hqql,mod.blocks.6.attn.h2,neutral_hadron<-photon,0.01996013921135855,4.1660247700785575e-06,0.0,0.0,0.0,4.1660247700785575e-06,4.1660247700785575e-06,4.1660247700785575e-06,6.249037155117837e-06
B_tbl_minus_hqql,mod.blocks.2.attn.h4,charged_hadron<-electron,0.013763430572691419,-4.162077294451938e-06,0.0,0.0,0.0,-4.162077294451938e-06,-4.162077294451938e-06,4.162077294451938e-06,6.243115941677907e-06
B_tbl_minus_hqql,mod.blocks.2.attn.h3,muon<-muon,0.002872734796255827,-4.156337581662228e-06,0.0,0.0,0.0,-4.156337581662228e-06,-4.156337581662228e-06,4.156337581662228e-06,6.2345063724933425e-06
B_tbl_minus_hqql,mod.blocks.2.attn.h4,charged_hadron<-neutral_hadron,0.02673249732212526,-4.149977892574643e-06,0.0,0.0,0.0,-4.149977892574643e-06,-4.149977892574643e-06,4.149977892574643e-06,6.224966838861965e-06
signed_hqql_tbl,mod.blocks.3.attn.h4,charged_hadron<-charged_hadron,0.024052314152603275,5.355884729707699e-06,7.077766181989093e-06,-6.905606389330945e-06,5.216881158219506e-06,-1.7218814522813941e-06,1.2261491119038644e-05,5.355884729707699e-06,6.216825455848397e-06
signed_hqql_tbl,mod.blocks.4.attn.h5,neutral_hadron<-photon,0.02174468537983394,-4.299986900587283e-06,-8.119839976285835e-06,-4.6007735325257595e-06,9.925481074357709e-06,3.819853075698551e-06,3.007866319384761e-07,4.299986900587283e-06,6.209913438436559e-06
B_tbl_minus_hqql,mod.blocks.5.attn.h3,photon<-charged_hadron,0.02247095417935059,-4.135271695933177e-06,0.0,0.0,0.0,-4.135271695933177e-06,-4.135271695933177e-06,4.135271695933177e-06,6.202907543899766e-06
signed_hqql_tbl,mod.cls_blocks.1.attn.h7,photon<-CLS,0.00011370899301255122,-5.775978479505284e-06,-6.489889167700842e-06,0.0,0.0,7.139106881955586e-07,-5.775978479505284e-06,5.775978479505284e-06,6.132933823603063e-06
signed_hqql_tbl,mod.blocks.5.attn.h6,charged_hadron<-photon,0.012348572791896757,1.8659783259419115e-06,-6.66717655956979e-06,-3.1567579587911162e-06,-8.343131405835978e-06,8.533154885511702e-06,5.0227362847330275e-06,1.8659783259419115e-06,6.132555768697762e-06
B_tbl_minus_hqql,mod.blocks.1.attn.h3,photon<-electron,0.0070934685749736255,4.081751692096506e-06,0.0,0.0,0.0,4.081751692096506e-06,4.081751692096506e-06,4.081751692096506e-06,6.122627538144759e-06
B_tbl_minus_hqql,mod.blocks.4.attn.h4,electron<-neutral_hadron,0.011324190362184136,4.076451525044696e-06,0.0,0.0,0.0,4.076451525044696e-06,4.076451525044696e-06,4.076451525044696e-06,6.114677287567045e-06
signed_hqql_tbl,mod.blocks.5.attn.h0,neutral_hadron<-photon,0.021726388421019694,5.910999032901161e-06,6.2941108159115925e-06,9.169083805106936e-06,-3.1856659421922567e-06,-3.831117830104319e-07,-3.2580847722057752e-06,5.910999032901161e-06,6.102554924406377e-06
B_tbl_minus_hqql,mod.blocks.5.attn.h5,electron<-neutral_hadron,0.002449224577975218,4.065644774258274e-06,0.0,0.0,0.0,4.065644774258274e-06,4.065644774258274e-06,4.065644774258274e-06,6.098467161387412e-06
signed_hqql_tbl,mod.blocks.6.attn.h4,charged_hadron<-charged_hadron,0.03142564569346142,-5.348606236878461e-06,-3.872195646173759e-06,-1.201914298906883e-05,-3.4021837421772784e-06,-1.4764105907047022e-06,6.670536752190369e-06,5.348606236878461e-06,6.086811532230812e-06
signed_hqql_tbl,mod.blocks.6.attn.h0,charged_hadron<-photon,0.018157845973142097,3.0568258452580534e-06,-2.9806055746961336e-06,-4.644844871020912e-06,-7.58066272895477e-07,6.037431419954187e-06,7.701670716278966e-06,3.0568258452580534e-06,6.075541555235147e-06
B_tbl_minus_hqql,mod.blocks.1.attn.h5,charged_hadron<-photon,0.020587702626647598,-4.0339545367914024e-06,0.0,0.0,0.0,-4.0339545367914024e-06,-4.0339545367914024e-06,4.0339545367914024e-06,6.050931805187104e-06
signed_hqql_tbl,mod.blocks.3.attn.h6,photon<-charged_hadron,0.024379109385935023,1.0978142228644666e-06,1.1003688203643354e-05,6.808563051345635e-06,-4.700852988325779e-06,-9.905873980778888e-06,-5.710748828481168e-06,1.0978142228644666e-06,6.0507512132539105e-06
B_tbl_minus_hqql,mod.blocks.7.attn.h2,electron<-neutral_hadron,0.018167690960345446,-4.018776962766424e-06,0.0,0.0,0.0,-4.018776962766424e-06,-4.018776962766424e-06,4.018776962766424e-06,6.028165444149636e-06
signed_hqql_tbl,mod.blocks.4.attn.h0,neutral_hadron<-photon,0.01954875788098233,3.2086366489599852e-06,-2.429109842780671e-06,1.689126827038501e-05,-6.09217616501816e-06,5.637746491740656e-06,-1.3682631621425025e-05,3.2086366489599852e-06,6.027509894830313e-06
B_tbl_minus_hqql,mod.blocks.7.attn.h7,charged_hadron<-neutral_hadron,0.018756359832293512,-4.0180223644384985e-06,0.0,0.0,0.0,-4.0180223644384985e-06,-4.0180223644384985e-06,4.0180223644384985e-06,6.027033546657748e-06
B_tbl_minus_hqql,mod.blocks.7.attn.h5,electron<-photon,0.012662400801976522,-4.0127963918011365e-06,0.0,0.0,0.0,-4.0127963918011365e-06,-4.0127963918011365e-06,4.0127963918011365e-06,6.019194587701705e-06
signed_hqql_tbl,mod.blocks.3.attn.h6,electron<-charged_hadron,0.043169427485693065,2.0541538972230184e-06,9.97946181362777e-06,2.1993371189020616e-05,2.2041607735445723e-05,-7.925307916404752e-06,-1.99392172917976e-05,2.0541538972230184e-06,6.016807855425394e-06
B_tbl_minus_hqql,mod.blocks.7.attn.h1,photon<-photon,0.013703769675559963,-4.000532742960039e-06,0.0,0.0,0.0,-4.000532742960039e-06,-4.000532742960039e-06,4.000532742960039e-06,6.0007991144400575e-06
B_tbl_minus_hqql,mod.blocks.5.attn.h7,charged_hadron<-photon,0.009689166668451706,-3.9854978107923135e-06,0.0,0.0,0.0,-3.9854978107923135e-06,-3.9854978107923135e-06,3.9854978107923135e-06,5.97824671618847e-06
B_tbl_minus_hqql,mod.blocks.5.attn.h3,neutral_hadron<-muon,0.014088526368141174,-3.977147571276873e-06,0.0,0.0,0.0,-3.977147571276873e-06,-3.977147571276873e-06,3.977147571276873e-06,5.96572135691531e-06
B_tbl_minus_hqql,mod.blocks.5.attn.h6,neutral_hadron<-neutral_hadron,0.01598957879802777,-3.974746520173942e-06,0.0,0.0,0.0,-3.974746520173942e-06,-3.974746520173942e-06,3.974746520173942e-06,5.9621197802609135e-06
signed_hqql_tbl,mod.blocks.0.attn.h5,neutral_hadron<-muon,0.0006535409484058619,2.648256122483872e-06,-3.954410127941325e-06,-0.0002786491240840405,-1.1839876505190558e-05,6.602666250425197e-06,0.00028129738020652437,2.648256122483872e-06,5.9495892476964705e-06
B_tbl_minus_hqql,mod.blocks.5.attn.h6,neutral_hadron<-muon,0.006923944503068924,-3.949753954657354e-06,0.0,0.0,0.0,-3.949753954657354e-06,-3.949753954657354e-06,3.949753954657354e-06,5.924630931986031e-06
B_tbl_minus_hqql,mod.blocks.0.attn.h5,charged_hadron<-neutral_hadron,0.01088304835207322,-3.928023299410371e-06,0.0,0.0,0.0,-3.928023299410371e-06,-3.928023299410371e-06,3.928023299410371e-06,5.892034949115556e-06
signed_hqql_tbl,mod.blocks.7.attn.h1,neutral_hadron<-neutral_hadron,0.016107972787662607,-3.1178257075702812e-06,2.424703614119979e-06,-8.533208757220435e-06,1.6757535963275052e-05,-5.54252932169026e-06,5.415383049650153e-06,3.1178257075702812e-06,5.889090368415411e-06
B_tbl_minus_hqql,mod.blocks.5.attn.h3,electron<-muon,0.005414300598204136,3.926049430447165e-06,0.0,0.0,0.0,3.926049430447165e-06,3.926049430447165e-06,3.926049430447165e-06,5.889074145670747e-06
B_tbl_minus_hqql,mod.blocks.4.attn.h1,neutral_hadron<-neutral_hadron,0.016115130429140857,3.917033479008184e-06,0.0,0.0,0.0,3.917033479008184e-06,3.917033479008184e-06,3.917033479008184e-06,5.875550218512276e-06
signed_hqql_tbl,mod.blocks.3.attn.h2,photon<-charged_hadron,0.026791834059924077,2.6950305216132752e-06,-3.633580108826661e-06,-6.256646552205457e-06,-3.761112747252514e-06,6.328610630439936e-06,8.951677073818733e-06,2.6950305216132752e-06,5.859335836833243e-06
signed_hqql_tbl,mod.blocks.7.attn.h5,photon<-photon,0.017705612252551402,-3.5715275362902786e-06,9.963937344498374e-07,-3.1409411852763704e-06,6.68139180861225e-06,-4.5679212707401156e-06,-4.3058635101390817e-07,3.5715275362902786e-06,5.855488171660336e-06
signed_hqql_tbl,mod.blocks.6.attn.h3,electron<-muon,0.003235486103221774,-3.1692411539552268e-06,-8.539065674995072e-06,0.0,0.0,5.369824521039845e-06,-3.1692411539552268e-06,3.1692411539552268e-06,5.8541534144751495e-06
signed_hqql_tbl,mod.blocks.3.attn.h5,neutral_hadron<-electron,0.0013216711339299326,-2.8693584850029935e-06,3.028895279337456e-06,-1.7219520668732003e-06,-3.0032326321816072e-05,-5.89825376434045e-06,-1.1474064181297932e-06,2.8693584850029935e-06,5.8184853671732185e-06
B_tbl_minus_hqql,mod.blocks.7.attn.h4,charged_hadron<-photon,0.017956121679952832,-3.8729819230673965e-06,0.0,0.0,0.0,-3.8729819230673965e-06,-3.8729819230673965e-06,3.8729819230673965e-06,5.809472884601095e-06
B_tbl_minus_hqql,mod.blocks.4.attn.h4,neutral_hadron<-muon,0.004126157239079475,-3.865239705191925e-06,0.0,0.0,0.0,-3.865239705191925e-06,-3.865239705191925e-06,3.865239705191925e-06,5.797859557787888e-06
B_tbl_minus_hqql,mod.blocks.7.attn.h7,photon<-photon,0.01299986779350822,-3.851428695217631e-06,0.0,0.0,0.0,-3.851428695217631e-06,-3.851428695217631e-06,3.851428695217631e-06,5.777143042826447e-06
B_tbl_minus_hqql,mod.blocks.6.attn.h0,muon<-photon,0.021545004844665528,-3.8492368184961376e-06,0.0,0.0,0.0,-3.8492368184961376e-06,-3.8492368184961376e-06,3.8492368184961376e-06,5.773855227744206e-06
signed_hqql_tbl,mod.blocks.3.attn.h5,electron<-neutral_hadron,0.00022052524663094018,-1.089091904726013e-07,-1.1396173554682096e-05,-7.67223391449079e-06,4.092643848707667e-06,1.1287264364209494e-05,7.563324724018188e-06,1.089091904726013e-07,5.752541372577349e-06
signed_hqql_tbl,mod.blocks.1.attn.h5,charged_hadron<-charged_hadron,0.02185654044675007,-3.369821293284906e-07,-1.1144492233823228e-05,1.4356421654905672e-05,-1.9915198656796774e-05,1.0807510104494736e-05,-1.4693403784234164e-05,3.369821293284906e-07,5.740737181575859e-06
B_tbl_minus_hqql,mod.blocks.0.attn.h1,muon<-electron,0.00043580427882261574,-3.8216285247472115e-06,0.0,0.0,0.0,-3.8216285247472115e-06,-3.8216285247472115e-06,3.8216285247472115e-06,5.732442787120817e-06
B_tbl_minus_hqql,mod.blocks.5.attn.h3,electron<-charged_hadron,0.01227661044824691,-3.8165271040010595e-06,0.0,0.0,0.0,-3.8165271040010595e-06,-3.8165271040010595e-06,3.8165271040010595e-06,5.724790656001589e-06
signed_hqql_tbl,mod.blocks.5.attn.h3,photon<-photon,0.016221497095262744,1.9766983959895766e-06,-5.4759001454376445e-06,-9.169587561558238e-06,6.3949882693852275e-06,7.452598541427221e-06,1.1146285957547815e-05,1.9766983959895766e-06,5.7029976667031865e-06
B_tbl_minus_hqql,mod.blocks.1.attn.h0,charged_hadron<-photon,0.01878013113617966,3.794193373275313e-06,0.0,0.0,0.0,3.794193373275313e-06,3.794193373275313e-06,3.794193373275313e-06,5.691290059912969e-06
signed_hqql_tbl,mod.blocks.6.attn.h3,neutral_hadron<-neutral_hadron,0.011429659320904156,-2.849311723277096e-06,2.828587848493241e-06,-2.6369447181616324e-06,-1.3399864026122896e-05,-5.677899571770337e-06,-2.1236700511546364e-07,2.849311723277096e-06,5.688261509162265e-06
B_tbl_minus_hqql,mod.blocks.0.attn.h3,photon<-photon,0.019497669517405194,3.75591107788118e-06,0.0,0.0,0.0,3.75591107788118e-06,3.75591107788118e-06,3.75591107788118e-06,5.63386661682177e-06
B_tbl_minus_hqql,mod.blocks.5.attn.h1,neutral_hadron<-neutral_hadron,0.026061760017373523,-3.7520388209262907e-06,0.0,0.0,0.0,-3.7520388209262907e-06,-3.7520388209262907e-06,3.7520388209262907e-06,5.628058231389436e-06
signed_hqql_tbl,mod.blocks.3.attn.h7,photon<-neutral_hadron,0.015345470550148687,-5.198226834657309e-06,-4.3466820719311095e-06,2.239891012600469e-06,2.615468903588804e-05,-8.515447627261992e-07,-7.4381178472577776e-06,5.198226834657309e-06,5.623999216020408e-06
B_tbl_minus_hqql,mod.blocks.1.attn.h1,neutral_hadron<-charged_hadron,0.027898029519730257,-3.748758649062209e-06,0.0,0.0,0.0,-3.748758649062209e-06,-3.748758649062209e-06,3.748758649062209e-06,5.6231379735933135e-06
B_tbl_minus_hqql,mod.blocks.3.attn.h0,neutral_hadron<-charged_hadron,0.021454764681369986,3.731220012337637e-06,0.0,0.0,0.0,3.731220012337637e-06,3.731220012337637e-06,3.731220012337637e-06,5.596830018506456e-06
B_tbl_minus_hqql,mod.blocks.6.attn.h4,muon<-neutral_hadron,0.002259267121553421,-3.7269368476700037e-06,0.0,0.0,0.0,-3.7269368476700037e-06,-3.7269368476700037e-06,3.7269368476700037e-06,5.590405271505005e-06
B_tbl_minus_hqql,mod.blocks.5.attn.h4,photon<-neutral_hadron,0.010815178173506957,3.7215091659890727e-06,0.0,0.0,0.0,3.7215091659890727e-06,3.7215091659890727e-06,3.7215091659890727e-06,5.5822637489836095e-06
B_tbl_minus_hqql,mod.blocks.5.attn.h2,charged_hadron<-electron,0.0038983136681573732,-3.6939271099288905e-06,0.0,0.0,0.0,-3.6939271099288905e-06,-3.6939271099288905e-06,3.6939271099288905e-06,5.540890664893336e-06
B_tbl_minus_hqql,mod.blocks.7.attn.h5,electron<-electron,0.022934902847787778,-3.6935090886129154e-06,0.0,0.0,0.0,-3.6935090886129154e-06,-3.6935090886129154e-06,3.6935090886129154e-06,5.540263632919373e-06
B_tbl_minus_hqql,mod.blocks.6.attn.h0,neutral_hadron<-muon,0.00977211371064186,3.6826117138843983e-06,0.0,0.0,0.0,3.6826117138843983e-06,3.6826117138843983e-06,3.6826117138843983e-06,5.523917570826597e-06
signed_hqql_tbl,mod.blocks.7.attn.h3,neutral_hadron<-electron,0.005340265110135078,-4.383816118476076e-06,-6.65967378441373e-06,2.6244202745147048e-05,3.248259599786252e-05,2.275857665937654e-06,-3.0628018863623126e-05,4.383816118476076e-06,5.521744951444903e-06
B_tbl_minus_hqql,mod.blocks.7.attn.h3,neutral_hadron<-neutral_hadron,0.022470839046796816,-3.67528908279129e-06,0.0,0.0,0.0,-3.67528908279129e-06,-3.67528908279129e-06,3.67528908279129e-06,5.512933624186935e-06
signed_hqql_tbl,mod.blocks.5.attn.h0,charged_hadron<-photon,0.017331890395994753,-2.6577662696479753e-06,2.999031179061132e-06,1.7181556516217153e-05,1.5358526165124262e-05,-5.656797448709107e-06,-1.983932278586513e-05,2.6577662696479753e-06,5.486164994002528e-06
B_tbl_minus_hqql,mod.blocks.4.attn.h1,photon<-charged_hadron,0.024729053523759495,3.6304251357169467e-06,0.0,0.0,0.0,3.6304251357169467e-06,3.6304251357169467e-06,3.6304251357169467e-06,5.44563770357542e-06
signed_hqql_tbl,mod.cls_blocks.1.attn.h0,muon<-muon,0.0,0.0,1.0832178304553963e-05,0.0,0.0,-1.0832178304553963e-05,0.0,0.0,5.416089152276982e-06
B_tbl_minus_hqql,mod.blocks.1.attn.h0,photon<-charged_hadron,0.02183360787639034,3.6011964496594203e-06,0.0,0.0,0.0,3.6011964496594203e-06,3.6011964496594203e-06,3.6011964496594203e-06,5.401794674489131e-06
signed_hqql_tbl,mod.blocks.5.attn.h0,neutral_hadron<-electron,0.014624272231702451,3.0007853368900854e-06,-1.787068149975599e-06,-2.243409297079779e-05,-3.790293158090208e-05,4.787853486865684e-06,2.5434878307687875e-05,3.0007853368900854e-06,5.394712080322927e-06
B_tbl_minus_hqql,mod.blocks.1.attn.h2,electron<-charged_hadron,0.02446274175530388,-3.588966743942971e-06,0.0,0.0,0.0,-3.588966743942971e-06,-3.588966743942971e-06,3.588966743942971e-06,5.3834501159144565e-06
B_tbl_minus_hqql,mod.blocks.3.attn.h3,charged_hadron<-photon,0.016405185063680012,-3.5841470104892396e-06,0.0,0.0,0.0,-3.5841470104892396e-06,-3.5841470104892396e-06,3.5841470104892396e-06,5.3762205157338595e-06
B_tbl_minus_hqql,mod.blocks.4.attn.h7,electron<-charged_hadron,0.023835088525499617,3.5838028928819335e-06,0.0,0.0,0.0,3.5838028928819335e-06,3.5838028928819335e-06,3.5838028928819335e-06,5.375704339322901e-06
B_tbl_minus_hqql,mod.blocks.6.attn.h1,neutral_hadron<-electron,0.00619028943280379,3.5768858921343323e-06,0.0,0.0,0.0,3.5768858921343323e-06,3.5768858921343323e-06,3.5768858921343323e-06,5.365328838201498e-06
B_tbl_minus_hqql,mod.blocks.2.attn.h7,neutral_hadron<-charged_hadron,0.02490796441791438,3.575435295017535e-06,0.0,0.0,0.0,3.575435295017535e-06,3.575435295017535e-06,3.575435295017535e-06,5.363152942526303e-06
B_tbl_minus_hqql,mod.blocks.7.attn.h5,photon<-photon,0.017705612573677892,-3.571527514512495e-06,0.0,0.0,0.0,-3.571527514512495e-06,-3.571527514512495e-06,3.571527514512495e-06,5.357291271768742e-06
B_tbl_minus_hqql,mod.blocks.3.attn.h2,muon<-neutral_hadron,0.005324056372046471,-3.5677978303283455e-06,0.0,0.0,0.0,-3.5677978303283455e-06,-3.5677978303283455e-06,3.5677978303283455e-06,5.351696745492519e-06
signed_hqql_tbl,mod.blocks.3.attn.h5,photon<-photon,0.01700243497458592,9.058745720375534e-07,-7.944990746949349e-06,-1.0500495517715447e-05,7.461942028866459e-06,8.850865318986902e-06,1.1406370089753e-05,9.058745720375534e-07,5.331307231531005e-06
signed_hqql_tbl,mod.blocks.7.attn.h0,muon<-photon,0.02188374996185303,-1.7318502068519592e-06,-8.929412088994132e-06,6.179621310106345e-05,-5.958557085250504e-05,7.1975618821421736e-06,-6.352806330791541e-05,1.7318502068519592e-06,5.330631147923046e-06
B_tbl_minus_hqql,mod.blocks.3.attn.h7,neutral_hadron<-neutral_hadron,0.00995885757882087,3.538820364469086e-06,0.0,0.0,0.0,3.538820364469086e-06,3.538820364469086e-06,3.538820364469086e-06,5.308230546703629e-06
B_tbl_minus_hqql,mod.blocks.3.attn.h0,charged_hadron<-charged_hadron,0.025078395655811454,-3.5368287237974784e-06,0.0,0.0,0.0,-3.5368287237974784e-06,-3.5368287237974784e-06,3.5368287237974784e-06,5.305243085696218e-06
signed_hqql_tbl,mod.blocks.5.attn.h4,muon<-electron,0.0031026629731059074,2.1446212485898286e-06,8.463335689157248e-06,0.0,0.0,-6.318714440567419e-06,2.1446212485898286e-06,2.1446212485898286e-06,5.303978468873538e-06
signed_hqql_tbl,mod.blocks.7.attn.h6,neutral_hadron<-photon,0.018526564934656802,-1.3085549005373405e-06,-9.281974766730621e-06,1.0935627956348034e-06,-7.543425981521332e-06,7.97341986619328e-06,-2.402117696172144e-06,1.3085549005373405e-06,5.295264833633981e-06
signed_hqql_tbl,mod.blocks.6.attn.h4,neutral_hadron<-neutral_hadron,0.026527689815666833,1.953810863480079e-06,-4.7234963616238885e-06,6.2996477739681555e-06,7.477116648485849e-07,6.677307225103968e-06,-4.345836910488077e-06,1.953810863480079e-06,5.292464476032063e-06
signed_hqql_tbl,mod.blocks.4.attn.h7,photon<-photon,0.013500476358037479,1.778520631829131e-06,8.776723423047739e-06,-2.2495337949078417e-06,-5.326219134351174e-06,-6.998202791218608e-06,4.028054426736973e-06,1.778520631829131e-06,5.277622027438435e-06
B_tbl_minus_hqql,mod.blocks.5.attn.h6,muon<-neutral_hadron,0.0010624377988278865,-3.497507350402884e-06,0.0,0.0,0.0,-3.497507350402884e-06,-3.497507350402884e-06,3.497507350402884e-06,5.246261025604326e-06
B_tbl_minus_hqql,mod.blocks.7.attn.h3,electron<-charged_hadron,0.013977874602590288,-3.487327503426925e-06,0.0,0.0,0.0,-3.487327503426925e-06,-3.487327503426925e-06,3.487327503426925e-06,5.230991255140388e-06
signed_hqql_tbl,mod.blocks.6.attn.h1,neutral_hadron<-photon,0.016044175377587414,5.0509695562526425e-06,5.40542565644147e-06,6.83252948092962e-06,9.047856200224077e-06,-3.544561001888275e-07,-1.7815599246769774e-06,5.0509695562526425e-06,5.228197606347057e-06
signed_hqql_tbl,mod.blocks.1.attn.h3,neutral_hadron<-charged_hadron,0.02786500073280655,-5.532691323039244e-07,-9.868638968420017e-06,-1.9495214819527017e-05,2.492369347151445e-05,9.315369836116093e-06,1.894194568722309e-05,5.532691323039244e-07,5.210954050361971e-06
signed_hqql_tbl,mod.blocks.7.attn.h1,photon<-photon,0.013703770068047896,-4.000532980337884e-06,-6.406001477790553e-06,-2.421075926614909e-06,3.331806799330243e-06,2.4054684974526693e-06,-1.5794570537229746e-06,4.000532980337884e-06,5.203267229064219e-06
B_tbl_minus_hqql,mod.blocks.3.attn.h1,electron<-neutral_hadron,0.014853808063047903,-3.454952901746664e-06,0.0,0.0,0.0,-3.454952901746664e-06,-3.454952901746664e-06,3.454952901746664e-06,5.182429352619996e-06
B_tbl_minus_hqql,mod.blocks.3.attn.h0,photon<-photon,0.016679472853344594,3.4483860021602588e-06,0.0,0.0,0.0,3.4483860021602588e-06,3.4483860021602588e-06,3.4483860021602588e-06,5.172579003240388e-06
B_tbl_minus_hqql,mod.blocks.5.attn.h4,electron<-photon,0.012994816632774787,-3.4456702229451876e-06,0.0,0.0,0.0,-3.4456702229451876e-06,-3.4456702229451876e-06,3.4456702229451876e-06,5.168505334417781e-06
B_tbl_minus_hqql,mod.blocks.2.attn.h1,electron<-electron,0.005655919149931934,-3.4321776891172503e-06,0.0,0.0,0.0,-3.4321776891172503e-06,-3.4321776891172503e-06,3.4321776891172503e-06,5.1482665336758755e-06
B_tbl_minus_hqql,mod.blocks.7.attn.h6,electron<-muon,0.0019197810906916857,3.4272939046786632e-06,0.0,0.0,0.0,3.4272939046786632e-06,3.4272939046786632e-06,3.4272939046786632e-06,5.140940857017995e-06
signed_hqql_tbl,mod.blocks.3.attn.h5,muon<-neutral_hadron,8.014131453819573e-05,9.509927622275427e-07,-7.421229990238014e-06,4.360830280347727e-05,-1.0698361472173525e-05,8.372222752465557e-06,-4.265731004124973e-05,9.509927622275427e-07,5.137104138460321e-06
B_tbl_minus_hqql,mod.blocks.5.attn.h6,photon<-charged_hadron,0.02579155318107583,-3.424086232719688e-06,0.0,0.0,0.0,-3.424086232719688e-06,-3.424086232719688e-06,3.424086232719688e-06,5.136129349079532e-06
signed_hqql_tbl,mod.blocks.4.attn.h6,photon<-photon,0.012326956473221788,3.4291686671229893e-07,-9.193861061947889e-06,7.247007131814085e-07,4.5252192802763826e-06,9.536777928660188e-06,-3.8178384646910955e-07,3.4291686671229893e-07,5.111305831042393e-06
signed_hqql_tbl,mod.blocks.6.attn.h5,neutral_hadron<-neutral_hadron,0.004606001985595241,1.6047721081026309e-06,-5.349726540532493e-06,-2.04623385616872e-07,1.1874381535473342e-05,6.954498648635124e-06,1.8093954937195029e-06,1.6047721081026309e-06,5.082021432420193e-06
signed_hqql_tbl,mod.blocks.6.attn.h4,photon<-neutral_hadron,0.02599805608476055,3.1805103395214993e-06,-5.621120145103724e-07,9.509424896437934e-07,1.229693336988986e-06,3.7426223540318717e-06,2.229567849877706e-06,3.1805103395214993e-06,5.051821516537435e-06
B_tbl_minus_hqql,mod.blocks.7.attn.h7,photon<-neutral_hadron,0.02110049874058765,-3.360381588020194e-06,0.0,0.0,0.0,-3.360381588020194e-06,-3.360381588020194e-06,3.360381588020194e-06,5.040572382030291e-06
signed_hqql_tbl,mod.blocks.1.attn.h3,charged_hadron<-charged_hadron,0.022989268283166473,4.635819229161155e-06,5.383653007775145e-06,3.920009400829719e-06,1.9763322745163393e-05,-7.478337786139907e-07,7.15809828331436e-07,4.635819229161155e-06,5.00973611846815e-06
B_tbl_minus_hqql,mod.blocks.1.attn.h7,neutral_hadron<-charged_hadron,0.026264910738007363,-3.3397145839329776e-06,0.0,0.0,0.0,-3.3397145839329776e-06,-3.3397145839329776e-06,3.3397145839329776e-06,5.009571875899467e-06
signed_hqql_tbl,mod.blocks.6.attn.h6,neutral_hadron<-electron,0.0021726562710547887,1.6370189499597203e-06,8.34834501299491e-06,2.289431642566342e-05,0.00011401586189663249,-6.711326063035189e-06,-2.12572974757037e-05,1.6370189499597203e-06,4.992681981477315e-06
signed_hqql_tbl,mod.blocks.4.attn.h4,photon<-photon,0.01159108324666039,-6.026252571263971e-07,8.158167106650617e-06,-6.243946185465911e-07,8.408382418779924e-06,-8.760792363777014e-06,2.176936142019396e-08,6.026252571263971e-07,4.983021439014904e-06
signed_hqql_tbl,mod.blocks.5.attn.h4,photon<-neutral_hadron,0.010815177536625146,3.721508385115558e-06,6.218811887201517e-06,-6.922351106607435e-07,1.350846634919245e-07,-2.497303502085959e-06,4.413743495776301e-06,3.721508385115558e-06,4.970160136158537e-06
signed_hqql_tbl,mod.blocks.6.attn.h0,photon<-photon,0.014174769788900202,-3.0548278040530544e-06,-6.846798881634969e-06,-7.519449961061279e-06,3.498403027308709e-08,3.7919710775819145e-06,4.464622157008225e-06,3.0548278040530544e-06,4.950813342844011e-06
signed_hqql_tbl,mod.blocks.7.attn.h5,charged_hadron<-photon,0.022584545619221935,-7.408731020497431e-07,7.600064886643143e-06,-8.359808202991037e-06,2.251742633143082e-06,-8.340937988692887e-06,7.618935100941294e-06,7.408731020497431e-07,4.911342096396186e-06
signed_hqql_tbl,mod.blocks.4.attn.h5,neutral_hadron<-charged_hadron,0.025015002605961817,1.532800074311949e-06,8.25127096588108e-06,-4.678764727175833e-07,1.522370642062995e-05,-6.718470891569131e-06,2.000676547029532e-06,1.532800074311949e-06,4.892035520096514e-06
B_tbl_minus_hqql,mod.blocks.7.attn.h6,charged_hadron<-charged_hadron,0.026513603380906383,-3.2442371287662876e-06,0.0,0.0,0.0,-3.2442371287662876e-06,-3.2442371287662876e-06,3.2442371287662876e-06,4.866355693149432e-06
B_tbl_minus_hqql,mod.blocks.0.attn.h4,charged_hadron<-electron,0.008800972253084183,-3.2408833725466615e-06,0.0,0.0,0.0,-3.2408833725466615e-06,-3.2408833725466615e-06,3.2408833725466615e-06,4.861325058819993e-06
signed_hqql_tbl,mod.blocks.3.attn.h1,muon<-muon,0.00012605180381797254,-2.1309654130163835e-06,3.3104978006681662e-06,2.849685927230894e-07,-8.43527595861815e-06,-5.44146321368455e-06,-2.415934005739473e-06,2.1309654130163835e-06,4.851697019858658e-06
B_tbl_minus_hqql,mod.blocks.2.attn.h6,charged_hadron<-electron,0.013500506501822244,-3.2298398547850195e-06,0.0,0.0,0.0,-3.2298398547850195e-06,-3.2298398547850195e-06,3.2298398547850195e-06,4.844759782177529e-06
signed_hqql_tbl,mod.blocks.3.attn.h2,electron<-electron,0.0004977716470446265,-6.39650981589431e-07,-9.034481380509884e-06,1.469217929539468e-07,-1.2031048957084068e-08,8.394830398920453e-06,-7.865727745433778e-07,6.39650981589431e-07,4.837066181049657e-06
B_tbl_minus_hqql,mod.blocks.4.attn.h0,neutral_hadron<-photon,0.019548758180691416,3.208632240397358e-06,0.0,0.0,0.0,3.208632240397358e-06,3.208632240397358e-06,3.208632240397358e-06,4.812948360596037e-06
B_tbl_minus_hqql,mod.blocks.5.attn.h5,neutral_hadron<-electron,0.007853338563883747,-3.2003738818241765e-06,0.0,0.0,0.0,-3.2003738818241765e-06,-3.2003738818241765e-06,3.2003738818241765e-06,4.8005608227362646e-06
B_tbl_minus_hqql,mod.blocks.7.attn.h2,photon<-charged_hadron,0.02434512895356018,3.1892570756012083e-06,0.0,0.0,0.0,3.1892570756012083e-06,3.1892570756012083e-06,3.1892570756012083e-06,4.783885613401812e-06
B_tbl_minus_hqql,mod.blocks.6.attn.h4,photon<-neutral_hadron,0.025998054885924198,3.1805122419717616e-06,0.0,0.0,0.0,3.1805122419717616e-06,3.1805122419717616e-06,3.1805122419717616e-06,4.770768362957642e-06
B_tbl_minus_hqql,mod.blocks.5.attn.h1,photon<-electron,0.006701930751645468,-3.1766224022182384e-06,0.0,0.0,0.0,-3.1766224022182384e-06,-3.1766224022182384e-06,3.1766224022182384e-06,4.764933603327358e-06
B_tbl_minus_hqql,mod.blocks.4.attn.h2,electron<-photon,0.01231413334608078,3.170723552679325e-06,0.0,0.0,0.0,3.170723552679325e-06,3.170723552679325e-06,3.170723552679325e-06,4.756085329018988e-06
B_tbl_minus_hqql,mod.blocks.6.attn.h3,electron<-muon,0.003235481446608901,-3.169244337186683e-06,0.0,0.0,0.0,-3.169244337186683e-06,-3.169244337186683e-06,3.169244337186683e-06,4.7538665057800245e-06
B_tbl_minus_hqql,mod.blocks.0.attn.h7,charged_hadron<-photon,0.015099529032759554,3.1691095496515476e-06,0.0,0.0,0.0,3.1691095496515476e-06,3.1691095496515476e-06,3.1691095496515476e-06,4.753664324477321e-06
B_tbl_minus_hqql,mod.blocks.2.attn.h6,photon<-neutral_hadron,0.017377000983446217,-3.161906763164316e-06,0.0,0.0,0.0,-3.161906763164316e-06,-3.161906763164316e-06,3.161906763164316e-06,4.742860144746474e-06
B_tbl_minus_hqql,mod.blocks.5.attn.h2,photon<-neutral_hadron,0.014411019340466584,3.135901905281913e-06,0.0,0.0,0.0,3.135901905281913e-06,3.135901905281913e-06,3.135901905281913e-06,4.703852857922869e-06
B_tbl_minus_hqql,mod.blocks.7.attn.h1,neutral_hadron<-neutral_hadron,0.0161079736121121,-3.1178288050706796e-06,0.0,0.0,0.0,-3.1178288050706796e-06,-3.1178288050706796e-06,3.1178288050706796e-06,4.676743207606019e-06
B_tbl_minus_hqql,mod.blocks.1.attn.h6,photon<-photon,0.016867097071351065,-3.068464738755874e-06,0.0,0.0,0.0,-3.068464738755874e-06,-3.068464738755874e-06,3.068464738755874e-06,4.602697108133811e-06
B_tbl_minus_hqql,mod.blocks.5.attn.h1,neutral_hadron<-photon,0.014542092099120826,-3.0672519784163166e-06,0.0,0.0,0.0,-3.0672519784163166e-06,-3.0672519784163166e-06,3.0672519784163166e-06,4.600877967624475e-06
B_tbl_minus_hqql,mod.blocks.1.attn.h7,photon<-muon,0.06198785781860352,3.0608661472797393e-06,0.0,0.0,0.0,3.0608661472797393e-06,3.0608661472797393e-06,3.0608661472797393e-06,4.591299220919609e-06
B_tbl_minus_hqql,mod.blocks.6.attn.h0,charged_hadron<-photon,0.018157846248611283,3.056827165102473e-06,0.0,0.0,0.0,3.056827165102473e-06,3.056827165102473e-06,3.056827165102473e-06,4.58524074765371e-06
B_tbl_minus_hqql,mod.blocks.6.attn.h0,photon<-photon,0.014174770038665251,-3.054828431253232e-06,0.0,0.0,0.0,-3.054828431253232e-06,-3.054828431253232e-06,3.054828431253232e-06,4.582242646879848e-06
B_tbl_minus_hqql,mod.blocks.2.attn.h3,electron<-charged_hadron,0.018844759180432276,-3.05148084104682e-06,0.0,0.0,0.0,-3.05148084104682e-06,-3.05148084104682e-06,3.05148084104682e-06,4.57722126157023e-06
signed_hqql_tbl,mod.blocks.7.attn.h1,electron<-electron,0.00012682695402569757,4.0335640013230055e-08,9.111071960887784e-06,1.666912542811853e-06,-2.2353878080139113e-06,-9.070736320874554e-06,-1.626576902798623e-06,4.0335640013230055e-08,4.575703800450507e-06
B_tbl_minus_hqql,mod.blocks.2.attn.h0,neutral_hadron<-photon,0.019682022796195683,-3.037897189160063e-06,0.0,0.0,0.0,-3.037897189160063e-06,-3.037897189160063e-06,3.037897189160063e-06,4.556845783740094e-06
B_tbl_minus_hqql,mod.blocks.1.attn.h6,charged_hadron<-neutral_hadron,0.010873868285107011,3.0269479628193196e-06,0.0,0.0,0.0,3.0269479628193196e-06,3.0269479628193196e-06,3.0269479628193196e-06,4.540421944228979e-06
signed_hqql_tbl,mod.blocks.6.attn.h0,muon<-photon,0.021544995307922362,-3.8492365274578336e-06,-2.4673323710694125e-06,-3.0510602214018857e-06,-3.866410770569928e-05,-1.381904156388421e-06,-7.981763060559479e-07,3.8492365274578336e-06,4.540188605652044e-06
B_tbl_minus_hqql,mod.blocks.5.attn.h0,neutral_hadron<-electron,0.014624270576017874,3.0007926128476996e-06,0.0,0.0,0.0,3.0007926128476996e-06,3.0007926128476996e-06,3.0007926128476996e-06,4.50118891927155e-06
signed_hqql_tbl,mod.blocks.7.attn.h3,electron<-neutral_hadron,0.0032197971724801594,-4.305146999454506e-06,-4.671990406055365e-06,-5.709214403850637e-06,-7.91969596320996e-05,3.668434066008595e-07,1.4040674043961316e-06,4.305146999454506e-06,4.488568702754936e-06
B_tbl_minus_hqql,mod.blocks.5.attn.h6,neutral_hadron<-electron,0.006182027911698377,2.966628690720191e-06,0.0,0.0,0.0,2.966628690720191e-06,2.966628690720191e-06,2.966628690720191e-06,4.449943036080286e-06
signed_hqql_tbl,mod.blocks.2.attn.h2,photon<-charged_hadron,0.023439808982703675,1.9763370519606176e-07,-8.2983244035654e-06,-2.8490681814956973e-06,-3.4236378584474e-05,8.495958108761463e-06,3.046701886691759e-06,1.9763370519606176e-07,4.4456127595767935e-06
signed_hqql_tbl,mod.blocks.5.attn.h6,photon<-charged_hadron,0.025791553387677718,-3.4240847363355687e-06,-1.4001412840119442e-06,-1.3075783068100622e-05,-1.896731347798111e-05,-2.0239434523236245e-06,9.651698331765054e-06,3.4240847363355687e-06,4.436056462497381e-06
B_tbl_minus_hqql,mod.blocks.3.attn.h5,charged_hadron<-charged_hadron,0.027269112745102846,2.9450518412143087e-06,0.0,0.0,0.0,2.9450518412143087e-06,2.9450518412143087e-06,2.9450518412143087e-06,4.4175777618214635e-06
B_tbl_minus_hqql,mod.blocks.2.attn.h5,muon<-muon,0.00011536150850588456,-2.935557404271094e-06,0.0,0.0,0.0,-2.935557404271094e-06,-2.935557404271094e-06,2.935557404271094e-06,4.403336106406641e-06
B_tbl_minus_hqql,mod.blocks.5.attn.h4,photon<-photon,0.013041811676590574,-2.9315172046307553e-06,0.0,0.0,0.0,-2.9315172046307553e-06,-2.9315172046307553e-06,2.9315172046307553e-06,4.397275806946133e-06
B_tbl_minus_hqql,mod.blocks.6.attn.h4,photon<-photon,0.013573966869084787,-2.927709062931074e-06,0.0,0.0,0.0,-2.927709062931074e-06,-2.927709062931074e-06,2.927709062931074e-06,4.391563594396611e-06
signed_hqql_tbl,mod.cls_blocks.1.attn.h7,muon<-photon,0.0,0.0,-8.76765592362393e-06,0.0,0.0,8.76765592362393e-06,0.0,0.0,4.383827961811965e-06
B_tbl_minus_hqql,mod.blocks.2.attn.h3,neutral_hadron<-charged_hadron,0.021779445907314954,-2.9078822032514575e-06,0.0,0.0,0.0,-2.9078822032514575e-06,-2.9078822032514575e-06,2.9078822032514575e-06,4.361823304877186e-06
B_tbl_minus_hqql,mod.blocks.7.attn.h5,muon<-charged_hadron,0.009930438362061977,2.900951130868634e-06,0.0,0.0,0.0,2.900951130868634e-06,2.900951130868634e-06,2.900951130868634e-06,4.351426696302951e-06
signed_hqql_tbl,mod.blocks.6.attn.h3,photon<-neutral_hadron,0.00896780314608837,-4.1850116329986455e-06,-4.43236122952793e-06,-5.691596795663429e-06,-3.621764679152137e-07,2.473495965292847e-07,1.506585162664783e-06,4.1850116329986455e-06,4.308686431263288e-06
B_tbl_minus_hqql,mod.blocks.3.attn.h5,neutral_hadron<-electron,0.0013216709269693605,-2.8693553186140315e-06,0.0,0.0,0.0,-2.8693553186140315e-06,-2.8693553186140315e-06,2.8693553186140315e-06,4.304032977921047e-06
B_tbl_minus_hqql,mod.blocks.2.attn.h1,neutral_hadron<-photon,0.017477310393157804,2.866289855331056e-06,0.0,0.0,0.0,2.866289855331056e-06,2.866289855331056e-06,2.866289855331056e-06,4.299434782996584e-06
B_tbl_minus_hqql,mod.blocks.3.attn.h7,photon<-charged_hadron,0.02390207457859209,-2.8650931980899913e-06,0.0,0.0,0.0,-2.8650931980899913e-06,-2.8650931980899913e-06,2.8650931980899913e-06,4.297639797134987e-06
signed_hqql_tbl,mod.blocks.1.attn.h5,charged_hadron<-photon,0.02058770310871867,-4.033961833765647e-06,-3.53170790237579e-06,-1.6379335452528263e-05,-1.3635928203057309e-05,-5.022539313898572e-07,1.2345373618762616e-05,4.033961833765647e-06,4.285088799460576e-06
B_tbl_minus_hqql,mod.blocks.6.attn.h3,neutral_hadron<-neutral_hadron,0.011429659384360049,-2.849311071266774e-06,0.0,0.0,0.0,-2.849311071266774e-06,-2.849311071266774e-06,2.849311071266774e-06,4.273966606900161e-06
B_tbl_minus_hqql,mod.blocks.1.attn.h3,charged_hadron<-electron,0.008369411474892072,2.8324594452334124e-06,0.0,0.0,0.0,2.8324594452334124e-06,2.8324594452334124e-06,2.8324594452334124e-06,4.2486891678501185e-06
B_tbl_minus_hqql,mod.blocks.5.attn.h3,photon<-neutral_hadron,0.019541257286431427,2.8265650932326453e-06,0.0,0.0,0.0,2.8265650932326453e-06,2.8265650932326453e-06,2.8265650932326453e-06,4.239847639848968e-06
B_tbl_minus_hqql,mod.blocks.3.attn.h4,neutral_hadron<-charged_hadron,0.02590480725638339,2.8176112028741453e-06,0.0,0.0,0.0,2.8176112028741453e-06,2.8176112028741453e-06,2.8176112028741453e-06,4.226416804311218e-06
signed_hqql_tbl,mod.blocks.5.attn.h2,electron<-muon,0.0003753011696971953,-1.556677602820855e-06,-6.88500495016342e-06,0.0,0.0,5.328327347342565e-06,-1.556677602820855e-06,1.556677602820855e-06,4.220841276492138e-06
B_tbl_minus_hqql,mod.blocks.2.attn.h5,electron<-neutral_hadron,0.001376081309798691,2.8087543223928486e-06,0.0,0.0,0.0,2.8087543223928486e-06,2.8087543223928486e-06,2.8087543223928486e-06,4.213131483589273e-06
B_tbl_minus_hqql,mod.blocks.5.attn.h4,neutral_hadron<-neutral_hadron,0.011083145770931342,2.8044666511259045e-06,0.0,0.0,0.0,2.8044666511259045e-06,2.8044666511259045e-06,2.8044666511259045e-06,4.206699976688857e-06
B_tbl_minus_hqql,mod.blocks.7.attn.h1,photon<-electron,0.002560587387865152,-2.7894808537406257e-06,0.0,0.0,0.0,-2.7894808537406257e-06,-2.7894808537406257e-06,2.7894808537406257e-06,4.184221280610938e-06
signed_hqql_tbl,mod.blocks.5.attn.h3,neutral_hadron<-muon,0.014088529348373412,-3.977143205702305e-06,-3.585928197935573e-06,-2.159038558602333e-05,4.093049597031495e-06,-3.912150077667322e-07,1.7613242380321027e-05,3.977143205702305e-06,4.1727507095856715e-06
signed_hqql_tbl,mod.blocks.1.attn.h1,neutral_hadron<-electron,0.005650331231730955,-1.8901060954063993e-06,-6.421368437402539e-06,-7.543868268840015e-05,-0.00027622551351669244,4.531262341996139e-06,7.354857659299375e-05,1.8901060954063993e-06,4.1557372664044686e-06
B_tbl_minus_hqql,mod.blocks.1.attn.h1,photon<-electron,0.008399099111557007,-2.743416618199913e-06,0.0,0.0,0.0,-2.743416618199913e-06,-2.743416618199913e-06,2.743416618199913e-06,4.115124927299869e-06
B_tbl_minus_hqql,mod.blocks.7.attn.h1,electron<-photon,0.010817509114257688,-2.7420370256513113e-06,0.0,0.0,0.0,-2.7420370256513113e-06,-2.7420370256513113e-06,2.7420370256513113e-06,4.113055538476967e-06
signed_hqql_tbl,mod.blocks.7.attn.h6,muon<-muon,7.962901690916624e-06,8.172703758191346e-08,-7.90237783303456e-06,1.4913592849552515e-06,-1.4382631317033656e-06,7.984104870616474e-06,-1.409632247373338e-06,8.172703758191346e-08,4.07377947289015e-06
B_tbl_minus_hqql,mod.blocks.3.attn.h2,photon<-charged_hadron,0.026791834335393262,2.695037600014559e-06,0.0,0.0,0.0,2.695037600014559e-06,2.695037600014559e-06,2.695037600014559e-06,4.0425564000218385e-06
B_tbl_minus_hqql,mod.blocks.7.attn.h6,muon<-photon,0.0043518000841140745,-2.6611468638293444e-06,0.0,0.0,0.0,-2.6611468638293444e-06,-2.6611468638293444e-06,2.6611468638293444e-06,3.991720295744017e-06
signed_hqql_tbl,mod.blocks.3.attn.h4,photon<-charged_hadron,0.019922146006583617,2.5072774743840985e-06,5.474992436855598e-06,-2.3207926998023085e-06,-4.686257877796699e-06,-2.9677149624715e-06,4.8280701741864065e-06,2.5072774743840985e-06,3.991134955619848e-06
B_tbl_minus_hqql,mod.blocks.5.attn.h0,charged_hadron<-photon,0.017331890602596642,-2.657765361729521e-06,0.0,0.0,0.0,-2.657765361729521e-06,-2.657765361729521e-06,2.657765361729521e-06,3.986648042594281e-06
B_tbl_minus_hqql,mod.blocks.4.attn.h0,charged_hadron<-photon,0.016439190150546863,2.657083399378754e-06,0.0,0.0,0.0,2.657083399378754e-06,2.657083399378754e-06,2.657083399378754e-06,3.985625099068131e-06
B_tbl_minus_hqql,mod.blocks.0.attn.h5,neutral_hadron<-muon,0.0006535409949719906,2.6482517569093035e-06,0.0,0.0,0.0,2.6482517569093035e-06,2.6482517569093035e-06,2.6482517569093035e-06,3.972377635363955e-06
signed_hqql_tbl,mod.blocks.7.attn.h4,charged_hadron<-photon,0.017956121094580814,-3.872982999118898e-06,-4.04154606715349e-06,-5.941162936952249e-06,5.164924368418929e-06,1.685630680345918e-07,2.068179937833351e-06,3.872982999118898e-06,3.957264533136194e-06
B_tbl_minus_hqql,mod.blocks.7.attn.h7,neutral_hadron<-electron,0.014898144260600762,-2.634508914693638e-06,0.0,0.0,0.0,-2.634508914693638e-06,-2.634508914693638e-06,2.634508914693638e-06,3.951763372040457e-06
B_tbl_minus_hqql,mod.blocks.4.attn.h4,electron<-photon,0.00659639588216456,2.61851105241794e-06,0.0,0.0,0.0,2.61851105241794e-06,2.61851105241794e-06,2.61851105241794e-06,3.92776657862691e-06
signed_hqql_tbl,mod.blocks.7.attn.h4,photon<-photon,0.015354444615964366,-1.9924869104122658e-07,-7.576661138497546e-06,-2.7100993587862004e-06,-2.7981904498840484e-06,7.37741244745632e-06,2.5108506677449738e-06,1.9924869104122658e-07,3.887954914769387e-06
B_tbl_minus_hqql,mod.blocks.7.attn.h6,neutral_hadron<-muon,0.0017725016921758651,2.5910041586030276e-06,0.0,0.0,0.0,2.5910041586030276e-06,2.5910041586030276e-06,2.5910041586030276e-06,3.886506237904542e-06
signed_hqql_tbl,mod.blocks.3.attn.h3,charged_hadron<-photon,0.016405185408016495,-3.5841439504677817e-06,-2.9961192319221097e-06,-6.284635052331023e-06,-7.1254282025669785e-06,-5.88024718545672e-07,2.700491101863241e-06,3.5841439504677817e-06,3.878156309740618e-06
B_tbl_minus_hqql,mod.blocks.4.attn.h5,charged_hadron<-neutral_hadron,0.014291697172891527,2.570565579933863e-06,0.0,0.0,0.0,2.570565579933863e-06,2.570565579933863e-06,2.570565579933863e-06,3.855848369900794e-06
signed_hqql_tbl,mod.blocks.6.attn.h3,neutral_hadron<-charged_hadron,0.03137209442149357,1.060291536149754e-06,-4.487819891297617e-06,-6.190218645488356e-07,-8.866117082135978e-07,5.548111427447371e-06,1.6793134006985896e-06,1.060291536149754e-06,3.83434724987344e-06
B_tbl_minus_hqql,mod.blocks.6.attn.h2,neutral_hadron<-electron,0.0033681686381223023,-2.5505021565348015e-06,0.0,0.0,0.0,-2.5505021565348015e-06,-2.5505021565348015e-06,2.5505021565348015e-06,3.825753234802202e-06
B_tbl_minus_hqql,mod.blocks.2.attn.h1,neutral_hadron<-muon,0.0030853042379021646,-2.5435865609324537e-06,0.0,0.0,0.0,-2.5435865609324537e-06,-2.5435865609324537e-06,2.5435865609324537e-06,3.815379841398681e-06
B_tbl_minus_hqql,mod.blocks.5.attn.h5,electron<-photon,0.020483897953498656,-2.5253613297004118e-06,0.0,0.0,0.0,-2.5253613297004118e-06,-2.5253613297004118e-06,2.5253613297004118e-06,3.7880419945506176e-06
signed_hqql_tbl,mod.blocks.6.attn.h3,charged_hadron<-neutral_hadron,0.013546068294375551,-5.753266849132458e-07,-6.9566524615448735e-06,-8.33542279901249e-06,-3.04895324027701e-06,6.381325776631628e-06,7.760096114099244e-06,5.753266849132458e-07,3.76598957322906e-06
B_tbl_minus_hqql,mod.blocks.3.attn.h4,photon<-charged_hadron,0.01992214593771632,2.507276986798262e-06,0.0,0.0,0.0,2.507276986798262e-06,2.507276986798262e-06,2.507276986798262e-06,3.7609154801973927e-06
B_tbl_minus_hqql,mod.blocks.4.attn.h1,electron<-photon,0.014387120682049573,2.4957141537991604e-06,0.0,0.0,0.0,2.4957141537991604e-06,2.4957141537991604e-06,2.4957141537991604e-06,3.7435712306987404e-06
B_tbl_minus_hqql,mod.blocks.6.attn.h7,electron<-neutral_hadron,0.015416872722131235,-2.4931628272666045e-06,0.0,0.0,0.0,-2.4931628272666045e-06,-2.4931628272666045e-06,2.4931628272666045e-06,3.7397442408999068e-06
signed_hqql_tbl,mod.blocks.7.attn.h7,neutral_hadron<-electron,0.014898141225179037,-2.6345078367739916e-06,-4.8231554740739645e-06,0.00013437283701932755,0.00023028841314953752,2.188647637299973e-06,-0.00013700734485610155,2.6345078367739916e-06,3.728831655423978e-06
B_tbl_minus_hqql,mod.blocks.7.attn.h4,electron<-charged_hadron,0.02967528998851776,2.483903829540525e-06,0.0,0.0,0.0,2.483903829540525e-06,2.483903829540525e-06,2.483903829540525e-06,3.7258557443107876e-06
B_tbl_minus_hqql,mod.blocks.7.attn.h5,charged_hadron<-electron,0.048255491114798044,-2.4835743326028544e-06,0.0,0.0,0.0,-2.4835743326028544e-06,-2.4835743326028544e-06,2.4835743326028544e-06,3.7253614989042816e-06
signed_hqql_tbl,mod.blocks.7.attn.h0,photon<-charged_hadron,0.025020854656301023,-1.3169044412385753e-06,-6.133594661082189e-06,-9.69349069784834e-06,2.131976433854608e-06,4.816690219843614e-06,8.376586256609765e-06,1.3169044412385753e-06,3.725249551160382e-06
signed_hqql_tbl,mod.blocks.2.attn.h7,electron<-electron,7.252715214336704e-05,-4.184774679869305e-08,-7.400314427780108e-06,1.683016203254025e-10,-8.948926044638483e-11,7.358466680981415e-06,-4.2016048419018457e-08,4.184774679869305e-08,3.7210810872894006e-06
signed_hqql_tbl,mod.blocks.3.attn.h1,electron<-electron,0.002025449519149131,7.257673739028784e-07,-5.255463747744216e-06,1.258043203833381e-06,2.5788986590669083e-07,5.981231121647094e-06,-5.322758299305027e-07,7.257673739028784e-07,3.7163829347264254e-06
signed_hqql_tbl,mod.blocks.6.attn.h4,electron<-muon,0.0012684906832873821,2.2240719772526063e-06,5.186034286452923e-06,0.0,0.0,-2.9619623092003167e-06,2.2240719772526063e-06,2.2240719772526063e-06,3.7050531318527646e-06
B_tbl_minus_hqql,mod.blocks.7.attn.h0,muon<-charged_hadron,0.02680644392967224,2.464882754793507e-06,0.0,0.0,0.0,2.464882754793507e-06,2.464882754793507e-06,2.464882754793507e-06,3.6973241321902606e-06
signed_hqql_tbl,mod.blocks.7.attn.h7,photon<-electron,0.01598855756162628,-7.663527172346547e-07,5.072423684598309e-06,-3.6501904625246036e-06,5.730790689995047e-05,-5.838776401832964e-06,2.883837745289949e-06,7.663527172346547e-07,3.6857409181511366e-06
B_tbl_minus_hqql,mod.blocks.2.attn.h6,neutral_hadron<-neutral_hadron,0.01984259498698759,-2.4364319471238024e-06,0.0,0.0,0.0,-2.4364319471238024e-06,-2.4364319471238024e-06,2.4364319471238024e-06,3.6546479206857036e-06
B_tbl_minus_hqql,mod.blocks.4.attn.h5,photon<-charged_hadron,0.02077815905945071,-2.42500604011424e-06,0.0,0.0,0.0,-2.42500604011424e-06,-2.42500604011424e-06,2.42500604011424e-06,3.6375090601713604e-06
B_tbl_minus_hqql,mod.blocks.7.attn.h3,muon<-photon,0.0021818700432777406,-2.4115259293466805e-06,0.0,0.0,0.0,-2.4115259293466805e-06,-2.4115259293466805e-06,2.4115259293466805e-06,3.6172888940200207e-06
signed_hqql_tbl,mod.blocks.3.attn.h0,photon<-charged_hadron,0.02362840262401455,6.406446127947323e-07,-5.304596875022417e-06,-4.621742583717483e-06,4.55845824256302e-06,5.945241487817149e-06,5.262387196512215e-06,6.406446127947323e-07,3.613265356703307e-06
signed_hqql_tbl,mod.blocks.6.attn.h0,neutral_hadron<-photon,0.020963187565374942,1.51094711057641e-06,-2.6866391278121784e-06,6.364680072300061e-06,-1.2961393443806994e-05,4.197586238388589e-06,-4.853732961723651e-06,1.51094711057641e-06,3.6097402297707043e-06
B_tbl_minus_hqql,mod.blocks.1.attn.h7,photon<-electron,0.007918601265040839,2.3941668077008574e-06,0.0,0.0,0.0,2.3941668077008574e-06,2.3941668077008574e-06,2.3941668077008574e-06,3.591250211551286e-06
signed_hqql_tbl,mod.blocks.5.attn.h7,photon<-photon,0.012960879630009166,1.183081448869264e-06,-3.632965448572218e-06,2.855918134526903e-06,1.038904786492828e-05,4.816046897441482e-06,-1.6728366856576392e-06,1.183081448869264e-06,3.591104897590005e-06
signed_hqql_tbl,mod.blocks.6.attn.h4,charged_hadron<-neutral_hadron,0.017701070298667715,-7.003641306456565e-07,5.074549703419015e-06,3.976601408819863e-06,1.5616681328115302e-05,-5.774913834064671e-06,-4.676965539465519e-06,7.003641306456565e-07,3.5878210476779923e-06
signed_hqql_tbl,mod.blocks.3.attn.h7,neutral_hadron<-neutral_hadron,0.009958857731496702,3.5388268949392395e-06,3.50645231293979e-06,-2.092489205295942e-06,1.1367452922317537e-05,3.2374581999449656e-08,5.631316100235181e-06,3.5388268949392395e-06,3.5550141859389643e-06
B_tbl_minus_hqql,mod.blocks.4.attn.h1,neutral_hadron<-electron,0.008239955813796431,2.352095921028026e-06,0.0,0.0,0.0,2.352095921028026e-06,2.352095921028026e-06,2.352095921028026e-06,3.528143881542039e-06
signed_hqql_tbl,mod.blocks.7.attn.h6,neutral_hadron<-muon,0.0017725029960274697,2.591004886198789e-06,7.573710263386602e-07,2.7731470254366286e-05,3.0902032853595705e-07,1.8336338598601287e-06,-2.5140465368167497e-05,2.591004886198789e-06,3.5078218161288532e-06
signed_hqql_tbl,mod.blocks.2.attn.h5,muon<-muon,0.00011536154488567263,-2.9355589958868222e-06,-1.8576920410851017e-06,3.2643540180288255e-05,-1.2056249943270814e-05,-1.0778669548017206e-06,-3.557909917617508e-05,2.9355589958868222e-06,3.4744924732876825e-06
B_tbl_minus_hqql,mod.blocks.7.attn.h6,charged_hadron<-photon,0.015566820942687548,2.311754015469111e-06,0.0,0.0,0.0,2.311754015469111e-06,2.311754015469111e-06,2.311754015469111e-06,3.4676310232036666e-06
B_tbl_minus_hqql,mod.blocks.0.attn.h7,photon<-charged_hadron,0.022705801507078245,-2.2890410482332515e-06,0.0,0.0,0.0,-2.2890410482332515e-06,-2.2890410482332515e-06,2.2890410482332515e-06,3.4335615723498775e-06
B_tbl_minus_hqql,mod.blocks.4.attn.h3,electron<-neutral_hadron,0.002413680880433983,2.2877105552483784e-06,0.0,0.0,0.0,2.2877105552483784e-06,2.2877105552483784e-06,2.2877105552483784e-06,3.4315658328725676e-06
B_tbl_minus_hqql,mod.blocks.4.attn.h4,neutral_hadron<-photon,0.01378149865634182,-2.2739960341651396e-06,0.0,0.0,0.0,-2.2739960341651396e-06,-2.2739960341651396e-06,2.2739960341651396e-06,3.4109940512477094e-06
B_tbl_minus_hqql,mod.blocks.6.attn.h7,neutral_hadron<-electron,0.008309149079852633,-2.2722776554507653e-06,0.0,0.0,0.0,-2.2722776554507653e-06,-2.2722776554507653e-06,2.2722776554507653e-06,3.408416483176148e-06
B_tbl_minus_hqql,mod.blocks.6.attn.h2,neutral_hadron<-neutral_hadron,0.0060976456768793335,-2.2720127098021295e-06,0.0,0.0,0.0,-2.2720127098021295e-06,-2.2720127098021295e-06,2.2720127098021295e-06,3.408019064703194e-06
B_tbl_minus_hqql,mod.blocks.4.attn.h0,neutral_hadron<-neutral_hadron,0.019794278304840696,-2.2708895775409833e-06,0.0,0.0,0.0,-2.2708895775409833e-06,-2.2708895775409833e-06,2.2708895775409833e-06,3.406334366311475e-06
signed_hqql_tbl,mod.blocks.7.attn.h4,electron<-charged_hadron,0.029675292117255076,2.483889970573641e-06,4.293699484233829e-06,5.855618898446361e-05,1.105148287024349e-05,-1.8098095136601878e-06,-5.607229901388997e-05,2.483889970573641e-06,3.388794727403735e-06
signed_hqql_tbl,mod.blocks.6.attn.h6,electron<-photon,0.008758848396743216,-1.6654000903396465e-06,1.7583139870785763e-06,5.499307657633576e-06,5.919270961385337e-06,-3.4237140774182226e-06,-7.164707747973222e-06,1.6654000903396465e-06,3.377257129048758e-06
B_tbl_minus_hqql,mod.blocks.4.attn.h2,electron<-electron,0.00040748725869990367,-2.2483996404945274e-06,0.0,0.0,0.0,-2.2483996404945274e-06,-2.2483996404945274e-06,2.2483996404945274e-06,3.372599460741791e-06
signed_hqql_tbl,mod.blocks.7.attn.h2,photon<-charged_hadron,0.02434512840262181,3.18925734881741e-06,3.532957013636558e-06,3.549446901138829e-07,-9.028363090232379e-06,-3.43699664819148e-07,2.834312658703527e-06,3.18925734881741e-06,3.361107181226984e-06
B_tbl_minus_hqql,mod.blocks.7.attn.h6,neutral_hadron<-neutral_hadron,0.00921949453108713,2.2365004908443017e-06,0.0,0.0,0.0,2.2365004908443017e-06,2.2365004908443017e-06,2.2365004908443017e-06,3.3547507362664525e-06
B_tbl_minus_hqql,mod.blocks.6.attn.h4,electron<-muon,0.0012684904504567385,2.224072431999957e-06,0.0,0.0,0.0,2.224072431999957e-06,2.224072431999957e-06,2.224072431999957e-06,3.3361086479999358e-06
B_tbl_minus_hqql,mod.blocks.6.attn.h7,photon<-photon,0.014929443196385466,-2.211815898601591e-06,0.0,0.0,0.0,-2.211815898601591e-06,-2.211815898601591e-06,2.211815898601591e-06,3.3177238479023868e-06
B_tbl_minus_hqql,mod.blocks.6.attn.h5,electron<-neutral_hadron,0.0013604053313395492,-2.207050729170819e-06,0.0,0.0,0.0,-2.207050729170819e-06,-2.207050729170819e-06,2.207050729170819e-06,3.310576093756228e-06
B_tbl_minus_hqql,mod.blocks.3.attn.h6,muon<-neutral_hadron,0.0003108468372374773,2.1986035790177995e-06,0.0,0.0,0.0,2.1986035790177995e-06,2.1986035790177995e-06,2.1986035790177995e-06,3.2979053685266993e-06
signed_hqql_tbl,mod.blocks.7.attn.h4,charged_hadron<-charged_hadron,0.022692224260284475,-2.2528340341669413e-07,-6.360510223423194e-06,-1.1939750874645386e-05,-4.398456902277284e-06,6.1352268200065e-06,1.1714467471228692e-05,2.2528340341669413e-07,3.292896813419944e-06
signed_hqql_tbl,mod.blocks.6.attn.h1,electron<-electron,0.00013112970959304625,-1.1120591874518797e-07,6.237474380790808e-06,1.7485564551833477e-07,3.7893643067832275e-08,-6.348680299535996e-06,-2.8606156426352277e-07,1.1120591874518797e-07,3.285546068513186e-06
B_tbl_minus_hqql,mod.blocks.5.attn.h2,photon<-electron,0.002137712467976702,2.180257321399735e-06,0.0,0.0,0.0,2.180257321399735e-06,2.180257321399735e-06,2.180257321399735e-06,3.2703859820996024e-06
B_tbl_minus_hqql,mod.blocks.6.attn.h2,photon<-electron,0.006243665891934216,2.177092279837565e-06,0.0,0.0,0.0,2.177092279837565e-06,2.177092279837565e-06,2.177092279837565e-06,3.2656384197563477e-06
signed_hqql_tbl,mod.blocks.7.attn.h4,muon<-muon,0.0017850629519671202,-2.4626805839034205e-07,-6.256962906237007e-06,-4.5150363803259097e-07,7.861618778193247e-07,6.010694847846665e-06,2.0523557964224892e-07,2.4626805839034205e-07,3.2516154823136745e-06
signed_hqql_tbl,mod.cls_blocks.1.attn.h7,muon<-muon,0.0,0.0,-6.495351954072248e-06,0.0,0.0,6.495351954072248e-06,0.0,0.0,3.247675977036124e-06
signed_hqql_tbl,mod.blocks.4.attn.h2,muon<-muon,0.0014933438505977392,1.5645824760213145e-06,-1.7941120091791163e-06,8.474831702187657e-06,6.43134480782237e-07,3.358694485200431e-06,-6.910249226166343e-06,1.5645824760213145e-06,3.24392971862153e-06
signed_hqql_tbl,mod.blocks.6.attn.h5,photon<-photon,0.016850997501774056,6.413062448261834e-07,-4.559515596867925e-06,3.2063002223369284e-06,-2.012989260494211e-06,5.200821841694109e-06,-2.564993977510745e-06,6.413062448261834e-07,3.241717165673238e-06
B_tbl_minus_hqql,mod.blocks.5.attn.h4,muon<-electron,0.003102663904428482,2.1446458049467765e-06,0.0,0.0,0.0,2.1446458049467765e-06,2.1446458049467765e-06,2.1446458049467765e-06,3.2169687074201647e-06
B_tbl_minus_hqql,mod.blocks.3.attn.h1,muon<-muon,0.00012605181836988777,-2.1309645035216818e-06,0.0,0.0,0.0,-2.1309645035216818e-06,-2.1309645035216818e-06,2.1309645035216818e-06,3.1964467552825226e-06
B_tbl_minus_hqql,mod.blocks.0.attn.h1,electron<-muon,0.0009727985598146915,-2.1264911538310116e-06,0.0,0.0,0.0,-2.1264911538310116e-06,-2.1264911538310116e-06,2.1264911538310116e-06,3.1897367307465174e-06
B_tbl_minus_hqql,mod.blocks.3.attn.h5,neutral_hadron<-charged_hadron,0.02744650286452777,2.1180664306553474e-06,0.0,0.0,0.0,2.1180664306553474e-06,2.1180664306553474e-06,2.1180664306553474e-06,3.177099645983021e-06
signed_hqql_tbl,mod.blocks.5.attn.h5,muon<-muon,1.9772644009208307e-05,9.055746374997398e-08,-6.055023277440341e-06,-1.4238838048186153e-05,-3.431117173846587e-05,6.145580741190315e-06,1.4329395511936127e-05,9.055746374997398e-08,3.1633478343451316e-06
signed_hqql_tbl,mod.blocks.4.attn.h5,photon<-charged_hadron,0.020778159128318006,-2.425002442067032e-06,-9.606653751477052e-07,-1.0652217986076037e-05,4.253496829905668e-06,-1.4643370669193267e-06,8.227215544009005e-06,2.425002442067032e-06,3.157170975526695e-06
signed_hqql_tbl,mod.blocks.6.attn.h1,neutral_hadron<-charged_hadron,0.028057684684667933,-1.3784334227881012e-06,2.1146307633446335e-06,4.001112443868932e-07,1.8518449403017006e-06,-3.4930641861327347e-06,-1.7785446671749944e-06,1.3784334227881012e-06,3.1249655158544683e-06
B_tbl_minus_hqql,mod.blocks.5.attn.h2,neutral_hadron<-photon,0.019475701168451123,-2.08023043453581e-06,0.0,0.0,0.0,-2.08023043453581e-06,-2.08023043453581e-06,2.08023043453581e-06,3.120345651803715e-06
B_tbl_minus_hqql,mod.blocks.4.attn.h1,electron<-electron,0.0016022357805114654,-2.062179166589178e-06,0.0,0.0,0.0,-2.062179166589178e-06,-2.062179166589178e-06,2.062179166589178e-06,3.0932687498837668e-06
B_tbl_minus_hqql,mod.blocks.3.attn.h6,electron<-charged_hadron,0.043169425356955754,2.054195474123671e-06,0.0,0.0,0.0,2.054195474123671e-06,2.054195474123671e-06,2.054195474123671e-06,3.0812932111855067e-06
B_tbl_minus_hqql,mod.blocks.4.attn.h4,photon<-electron,0.003559306869661905,-2.0500142787435524e-06,0.0,0.0,0.0,-2.0500142787435524e-06,-2.0500142787435524e-06,2.0500142787435524e-06,3.0750214181153284e-06
B_tbl_minus_hqql,mod.blocks.2.attn.h4,photon<-charged_hadron,0.019695652557342194,2.0334464509969824e-06,0.0,0.0,0.0,2.0334464509969824e-06,2.0334464509969824e-06,2.0334464509969824e-06,3.0501696764954733e-06
signed_hqql_tbl,mod.blocks.4.attn.h0,charged_hadron<-photon,0.016439190150546863,2.657079019512877e-06,1.8865926462982929e-06,1.1405464855839826e-05,6.0953558923984746e-06,7.70486373214584e-07,-8.748385836326949e-06,2.657079019512877e-06,3.042322206120169e-06
B_tbl_minus_hqql,mod.blocks.4.attn.h4,neutral_hadron<-charged_hadron,0.029073379754352303,1.9988496796813657e-06,0.0,0.0,0.0,1.9988496796813657e-06,1.9988496796813657e-06,1.9988496796813657e-06,2.9982745195220486e-06
B_tbl_minus_hqql,mod.blocks.2.attn.h6,electron<-neutral_hadron,0.009117070723462987,1.9873980279414724e-06,0.0,0.0,0.0,1.9873980279414724e-06,1.9873980279414724e-06,1.9873980279414724e-06,2.9810970419122086e-06
B_tbl_minus_hqql,mod.blocks.5.attn.h3,photon<-photon,0.016221497023901302,1.976696597144623e-06,0.0,0.0,0.0,1.976696597144623e-06,1.976696597144623e-06,1.976696597144623e-06,2.965044895716935e-06
B_tbl_minus_hqql,mod.blocks.6.attn.h4,neutral_hadron<-neutral_hadron,0.026527687380487313,1.953811718402769e-06,0.0,0.0,0.0,1.953811718402769e-06,1.953811718402769e-06,1.953811718402769e-06,2.9307175776041533e-06
B_tbl_minus_hqql,mod.blocks.5.attn.h4,charged_hadron<-photon,0.01817659082473323,-1.9525858631587825e-06,0.0,0.0,0.0,-1.9525858631587825e-06,-1.9525858631587825e-06,1.9525858631587825e-06,2.928878794738174e-06
signed_hqql_tbl,mod.blocks.5.attn.h3,neutral_hadron<-photon,0.010807773120593604,-1.6959600327403293e-06,7.694865426608027e-07,1.252225479388284e-06,3.071692077135665e-06,-2.465446575401132e-06,-2.9481855121286134e-06,1.6959600327403293e-06,2.928683320440895e-06
B_tbl_minus_hqql,mod.blocks.4.attn.h1,neutral_hadron<-photon,0.017884466349891263,-1.941604594694404e-06,0.0,0.0,0.0,-1.941604594694404e-06,-1.941604594694404e-06,1.941604594694404e-06,2.912406892041606e-06
B_tbl_minus_hqql,mod.blocks.3.attn.h3,muon<-photon,0.007494542598724365,1.9314730889163912e-06,0.0,0.0,0.0,1.9314730889163912e-06,1.9314730889163912e-06,1.9314730889163912e-06,2.897209633374587e-06
B_tbl_minus_hqql,mod.blocks.7.attn.h7,charged_hadron<-photon,0.017384232708927114,-1.92499786140833e-06,0.0,0.0,0.0,-1.92499786140833e-06,-1.92499786140833e-06,1.92499786140833e-06,2.887496792112495e-06
B_tbl_minus_hqql,mod.blocks.6.attn.h5,charged_hadron<-photon,0.020175787632621,1.924893080893364e-06,0.0,0.0,0.0,1.924893080893364e-06,1.924893080893364e-06,1.924893080893364e-06,2.8873396213400455e-06
signed_hqql_tbl,mod.blocks.0.attn.h7,photon<-photon,0.014024714729950764,-1.0306794018381792e-06,2.672510014903941e-06,1.2844606376478088e-05,8.278660621562457e-08,-3.70318941674212e-06,-1.3875285778316268e-05,1.0306794018381792e-06,2.882274110209239e-06
B_tbl_minus_hqql,mod.blocks.1.attn.h3,photon<-charged_hadron,0.020118145292580714,-1.9123032615116005e-06,0.0,0.0,0.0,-1.9123032615116005e-06,-1.9123032615116005e-06,1.9123032615116005e-06,2.8684548922674007e-06
B_tbl_minus_hqql,mod.blocks.1.attn.h1,neutral_hadron<-neutral_hadron,0.015718572544025592,1.9120522039407125e-06,0.0,0.0,0.0,1.9120522039407125e-06,1.9120522039407125e-06,1.9120522039407125e-06,2.8680783059110687e-06
B_tbl_minus_hqql,mod.blocks.5.attn.h4,charged_hadron<-neutral_hadron,0.012734845506042994,1.904972936861551e-06,0.0,0.0,0.0,1.904972936861551e-06,1.904972936861551e-06,1.904972936861551e-06,2.8574594052923265e-06
B_tbl_minus_hqql,mod.blocks.1.attn.h3,neutral_hadron<-electron,0.01156116759887448,-1.9044544185615248e-06,0.0,0.0,0.0,-1.9044544185615248e-06,-1.9044544185615248e-06,1.9044544185615248e-06,2.856681627842287e-06
B_tbl_minus_hqql,mod.blocks.0.attn.h3,neutral_hadron<-muon,0.028084489703178405,1.8985490896739066e-06,0.0,0.0,0.0,1.8985490896739066e-06,1.8985490896739066e-06,1.8985490896739066e-06,2.84782363451086e-06
signed_hqql_tbl,mod.blocks.5.attn.h4,neutral_hadron<-neutral_hadron,0.011083145083890099,2.8044660398261868e-06,2.886081648358032e-06,4.618569598725991e-06,-2.4264435776351944e-06,-8.161560853184528e-08,-1.8141035588998045e-06,2.8044660398261868e-06,2.8452738440921094e-06
B_tbl_minus_hqql,mod.blocks.1.attn.h1,neutral_hadron<-electron,0.005650331024770383,-1.890106230146355e-06,0.0,0.0,0.0,-1.890106230146355e-06,-1.890106230146355e-06,1.890106230146355e-06,2.8351593452195325e-06
signed_hqql_tbl,mod.blocks.7.attn.h1,neutral_hadron<-electron,0.004375534684017852,1.5263892439381582e-06,-1.0630308882977453e-06,5.657111905748025e-06,-0.0009428637822566088,2.5894201322359037e-06,-4.130722661809867e-06,1.5263892439381582e-06,2.8210993100561102e-06
signed_hqql_tbl,mod.blocks.0.attn.h5,muon<-neutral_hadron,9.295125491917133e-05,7.73466490500141e-07,-3.297129145115226e-06,-2.484492870280519e-05,4.405025012804092e-06,4.070595635615367e-06,2.561839519330533e-05,7.73466490500141e-07,2.8087643083078243e-06
B_tbl_minus_hqql,mod.blocks.7.attn.h2,photon<-electron,0.008181406230461307,1.8672352728653487e-06,0.0,0.0,0.0,1.8672352728653487e-06,1.8672352728653487e-06,1.8672352728653487e-06,2.800852909298023e-06
B_tbl_minus_hqql,mod.blocks.5.attn.h6,charged_hadron<-photon,0.012348572585294868,1.8659727334164316e-06,0.0,0.0,0.0,1.8659727334164316e-06,1.8659727334164316e-06,1.8659727334164316e-06,2.7989591001246473e-06
B_tbl_minus_hqql,mod.blocks.2.attn.h3,neutral_hadron<-neutral_hadron,0.020428774351651063,1.836796750690975e-06,0.0,0.0,0.0,1.836796750690975e-06,1.836796750690975e-06,1.836796750690975e-06,2.7551951260364624e-06
B_tbl_minus_hqql,mod.blocks.2.attn.h1,electron<-muon,0.0004960821243003011,-1.824576656872523e-06,0.0,0.0,0.0,-1.824576656872523e-06,-1.824576656872523e-06,1.824576656872523e-06,2.7368649853087845e-06
B_tbl_minus_hqql,mod.blocks.6.attn.h0,neutral_hadron<-neutral_hadron,0.01414448924011505,1.8239202532998608e-06,0.0,0.0,0.0,1.8239202532998608e-06,1.8239202532998608e-06,1.8239202532998608e-06,2.735880379949791e-06
B_tbl_minus_hqql,mod.blocks.7.attn.h6,photon<-photon,0.012317141598835922,1.8191587432382132e-06,0.0,0.0,0.0,1.8191587432382132e-06,1.8191587432382132e-06,1.8191587432382132e-06,2.72873811485732e-06
B_tbl_minus_hqql,mod.blocks.2.attn.h6,electron<-electron,0.00045784050174309715,-1.8096856035438375e-06,0.0,0.0,0.0,-1.8096856035438375e-06,-1.8096856035438375e-06,1.8096856035438375e-06,2.714528405315756e-06
B_tbl_minus_hqql,mod.blocks.6.attn.h0,charged_hadron<-neutral_hadron,0.012878029169488688,-1.801232056019186e-06,0.0,0.0,0.0,-1.801232056019186e-06,-1.801232056019186e-06,1.801232056019186e-06,2.701848084028779e-06
B_tbl_minus_hqql,mod.blocks.1.attn.h3,photon<-photon,0.021290979353976943,-1.8003645548984448e-06,0.0,0.0,0.0,-1.8003645548984448e-06,-1.8003645548984448e-06,1.8003645548984448e-06,2.700546832347667e-06
B_tbl_minus_hqql,mod.blocks.4.attn.h7,photon<-photon,0.013500476607802528,1.7785194819621393e-06,0.0,0.0,0.0,1.7785194819621393e-06,1.7785194819621393e-06,1.7785194819621393e-06,2.6677792229432088e-06
signed_hqql_tbl,mod.blocks.5.attn.h2,muon<-electron,4.585601800499717e-06,-6.563200116715961e-08,5.055464043834945e-06,0.0,0.0,-5.121096045002105e-06,-6.563200116715961e-08,6.563200116715961e-08,2.626180023668212e-06
B_tbl_minus_hqql,mod.blocks.6.attn.h3,photon<-charged_hadron,0.0266003966813553,1.7465494840548728e-06,0.0,0.0,0.0,1.7465494840548728e-06,1.7465494840548728e-06,1.7465494840548728e-06,2.619824226082309e-06
signed_hqql_tbl,mod.blocks.7.attn.h5,neutral_hadron<-charged_hadron,0.024891760402700813,-1.1530864663573414e-06,-4.076168953563265e-06,8.479140304455928e-06,-2.232024701141427e-06,2.923082487205923e-06,-9.632226770813269e-06,1.1530864663573414e-06,2.6146277099603032e-06
B_tbl_minus_hqql,mod.blocks.7.attn.h0,muon<-photon,0.02188375234603882,-1.731854281388223e-06,0.0,0.0,0.0,-1.731854281388223e-06,-1.731854281388223e-06,1.731854281388223e-06,2.5977814220823347e-06
signed_hqql_tbl,mod.blocks.3.attn.h3,neutral_hadron<-charged_hadron,0.028536212678049126,-2.3092262261659325e-07,-4.9526549050647246e-06,-4.032947080275534e-06,-1.7470363900719608e-06,4.721732282448131e-06,3.802024457658941e-06,2.3092262261659325e-07,2.591788763840659e-06
B_tbl_minus_hqql,mod.blocks.6.attn.h6,charged_hadron<-neutral_hadron,0.013741955369794402,1.7237334795223147e-06,0.0,0.0,0.0,1.7237334795223147e-06,1.7237334795223147e-06,1.7237334795223147e-06,2.585600219283472e-06
signed_hqql_tbl,mod.blocks.6.attn.h7,electron<-electron,0.0001500556093863755,-2.6322188882864515e-07,4.379288678801885e-06,-8.911068919796131e-09,7.198615747938675e-09,-4.6425105676305295e-06,-2.54310819908849e-07,2.6322188882864515e-07,2.58447717264391e-06
signed_hqql_tbl,mod.blocks.5.attn.h1,muon<-muon,0.00013635515642818063,9.638707609838093e-08,5.066922767582582e-06,5.365383159983139e-08,-6.74877838946486e-06,-4.970535691484201e-06,4.273324449854954e-08,9.638707609838093e-08,2.5816549218404816e-06
B_tbl_minus_hqql,mod.blocks.4.attn.h7,neutral_hadron<-photon,0.018679853863569268,1.7011524483211464e-06,0.0,0.0,0.0,1.7011524483211464e-06,1.7011524483211464e-06,1.7011524483211464e-06,2.55172867248172e-06
B_tbl_minus_hqql,mod.blocks.5.attn.h3,neutral_hadron<-photon,0.01080777308312997,-1.6959610422737317e-06,0.0,0.0,0.0,-1.6959610422737317e-06,-1.6959610422737317e-06,1.6959610422737317e-06,2.5439415634105975e-06
B_tbl_minus_hqql,mod.blocks.5.attn.h1,electron<-photon,0.019500579291242895,1.690961535058431e-06,0.0,0.0,0.0,1.690961535058431e-06,1.690961535058431e-06,1.690961535058431e-06,2.5364423025876464e-06
B_tbl_minus_hqql,mod.blocks.3.attn.h4,neutral_hadron<-photon,0.019324297259844452,1.6903987658952933e-06,0.0,0.0,0.0,1.6903987658952933e-06,1.6903987658952933e-06,1.6903987658952933e-06,2.53559814884294e-06
B_tbl_minus_hqql,mod.blocks.1.attn.h6,photon<-neutral_hadron,0.017887222587050767,-1.6888454152560324e-06,0.0,0.0,0.0,-1.6888454152560324e-06,-1.6888454152560324e-06,1.6888454152560324e-06,2.5332681228840484e-06
B_tbl_minus_hqql,mod.blocks.2.attn.h2,charged_hadron<-charged_hadron,0.023779584126444344,1.6801873437318686e-06,0.0,0.0,0.0,1.6801873437318686e-06,1.6801873437318686e-06,1.6801873437318686e-06,2.520281015597803e-06
B_tbl_minus_hqql,mod.blocks.4.attn.h1,neutral_hadron<-charged_hadron,0.026540276449935445,1.6799497748112061e-06,0.0,0.0,0.0,1.6799497748112061e-06,1.6799497748112061e-06,1.6799497748112061e-06,2.519924662216809e-06
B_tbl_minus_hqql,mod.blocks.6.attn.h4,electron<-electron,0.0017092720857666184,1.6707404021253246e-06,0.0,0.0,0.0,1.6707404021253246e-06,1.6707404021253246e-06,1.6707404021253246e-06,2.506110603187987e-06
B_tbl_minus_hqql,mod.blocks.6.attn.h6,electron<-photon,0.008758847760718043,-1.6653982565617114e-06,0.0,0.0,0.0,-1.6653982565617114e-06,-1.6653982565617114e-06,1.6653982565617114e-06,2.498097384842567e-06
signed_hqql_tbl,mod.blocks.7.attn.h7,muon<-electron,5.268485665510525e-07,-3.361358524855973e-09,-4.9771583690017e-06,0.0,0.0,4.973797010476844e-06,-3.361358524855973e-09,3.361358524855973e-09,2.490259863763278e-06
B_tbl_minus_hqql,mod.blocks.7.attn.h1,electron<-neutral_hadron,0.028945019123730837,1.6512399438565976e-06,0.0,0.0,0.0,1.6512399438565976e-06,1.6512399438565976e-06,1.6512399438565976e-06,2.4768599157848962e-06
B_tbl_minus_hqql,mod.blocks.7.attn.h4,electron<-photon,0.015789899641905372,1.647939108244931e-06,0.0,0.0,0.0,1.647939108244931e-06,1.647939108244931e-06,1.647939108244931e-06,2.4719086623673966e-06
B_tbl_minus_hqql,mod.blocks.6.attn.h2,charged_hadron<-charged_hadron,0.024355367359110144,-1.6393806354636149e-06,0.0,0.0,0.0,-1.6393806354636149e-06,-1.6393806354636149e-06,1.6393806354636149e-06,2.4590709531954222e-06
B_tbl_minus_hqql,mod.blocks.6.attn.h6,neutral_hadron<-electron,0.0021726606517202323,1.6370204531523524e-06,0.0,0.0,0.0,1.6370204531523524e-06,1.6370204531523524e-06,1.6370204531523524e-06,2.4555306797285284e-06
signed_hqql_tbl,mod.blocks.4.attn.h4,neutral_hadron<-electron,0.0018807582005306526,-3.5941337517686877e-07,3.819182001949996e-06,1.1259286111453549e-06,-0.00010195072366059321,-4.178595377126865e-06,-1.4853419863222237e-06,3.5941337517686877e-07,2.4487110637403012e-06
B_tbl_minus_hqql,mod.blocks.6.attn.h5,neutral_hadron<-neutral_hadron,0.004606002069089837,1.604772527322845e-06,0.0,0.0,0.0,1.604772527322845e-06,1.604772527322845e-06,1.604772527322845e-06,2.4071587909842673e-06
B_tbl_minus_hqql,mod.blocks.1.attn.h3,muon<-muon,0.00039834543713368475,-1.6046309383455082e-06,0.0,0.0,0.0,-1.6046309383455082e-06,-1.6046309383455082e-06,1.6046309383455082e-06,2.4069464075182623e-06
B_tbl_minus_hqql,mod.blocks.7.attn.h0,charged_hadron<-electron,0.008363841012829826,-1.595153402636892e-06,0.0,0.0,0.0,-1.595153402636892e-06,-1.595153402636892e-06,1.595153402636892e-06,2.392730103955338e-06
B_tbl_minus_hqql,mod.blocks.4.attn.h2,muon<-muon,0.0014933430356904864,1.5646073734387755e-06,0.0,0.0,0.0,1.5646073734387755e-06,1.5646073734387755e-06,1.5646073734387755e-06,2.3469110601581633e-06
signed_hqql_tbl,mod.blocks.3.attn.h4,photon<-neutral_hadron,0.016337941852026507,1.1653413533365985e-06,3.5072146117475208e-06,-3.8434432123175755e-06,-4.079447505191623e-06,-2.3418732584109225e-06,5.008784565654174e-06,1.1653413533365985e-06,2.3362779825420595e-06
B_tbl_minus_hqql,mod.blocks.5.attn.h2,electron<-muon,0.00037530192639678717,-1.5566802176181227e-06,0.0,0.0,0.0,-1.5566802176181227e-06,-1.5566802176181227e-06,1.5566802176181227e-06,2.335020326427184e-06
signed_hqql_tbl,mod.blocks.5.attn.h7,muon<-muon,1.57213526108535e-05,2.870239654839679e-07,4.372110879558022e-06,-6.269366394917597e-07,2.6293834253010573e-05,-4.085086914074054e-06,9.139606049757276e-07,2.870239654839679e-07,2.329567422520995e-06
B_tbl_minus_hqql,mod.blocks.4.attn.h5,neutral_hadron<-charged_hadron,0.025015001504027207,1.5327814869916572e-06,0.0,0.0,0.0,1.5327814869916572e-06,1.5327814869916572e-06,1.5327814869916572e-06,2.299172230487486e-06
B_tbl_minus_hqql,mod.blocks.3.attn.h5,photon<-neutral_hadron,0.006710041827146997,1.5326575368410415e-06,0.0,0.0,0.0,1.5326575368410415e-06,1.5326575368410415e-06,1.5326575368410415e-06,2.298986305261562e-06
B_tbl_minus_hqql,mod.blocks.7.attn.h1,neutral_hadron<-electron,0.004375535753314142,1.5263901029053766e-06,0.0,0.0,0.0,1.5263901029053766e-06,1.5263901029053766e-06,1.5263901029053766e-06,2.2895851543580648e-06
B_tbl_minus_hqql,mod.blocks.3.attn.h2,charged_hadron<-charged_hadron,0.023811469072677328,-1.5182265254571984e-06,0.0,0.0,0.0,-1.5182265254571984e-06,-1.5182265254571984e-06,1.5182265254571984e-06,2.2773397881857976e-06
B_tbl_minus_hqql,mod.blocks.6.attn.h0,neutral_hadron<-photon,0.02096318786508403,1.5109434565914108e-06,0.0,0.0,0.0,1.5109434565914108e-06,1.5109434565914108e-06,1.5109434565914108e-06,2.2664151848871163e-06
B_tbl_minus_hqql,mod.blocks.5.attn.h5,charged_hadron<-neutral_hadron,0.004624935408600238,1.5041741316046316e-06,0.0,0.0,0.0,1.5041741316046316e-06,1.5041741316046316e-06,1.5041741316046316e-06,2.2562611974069473e-06
B_tbl_minus_hqql,mod.blocks.1.attn.h5,photon<-neutral_hadron,0.010052452647109064,-1.4894832985734393e-06,0.0,0.0,0.0,-1.4894832985734393e-06,-1.4894832985734393e-06,1.4894832985734393e-06,2.234224947860159e-06
B_tbl_minus_hqql,mod.blocks.2.attn.h6,charged_hadron<-neutral_hadron,0.018620758430630553,-1.4876714302357338e-06,0.0,0.0,0.0,-1.4876714302357338e-06,-1.4876714302357338e-06,1.4876714302357338e-06,2.231507145353601e-06
B_tbl_minus_hqql,mod.blocks.7.attn.h6,muon<-neutral_hadron,0.000441522803157568,1.4752650713489857e-06,0.0,0.0,0.0,1.4752650713489857e-06,1.4752650713489857e-06,1.4752650713489857e-06,2.212897607023479e-06
B_tbl_minus_hqql,mod.blocks.0.attn.h7,electron<-charged_hadron,0.025356418320110867,-1.455470781019401e-06,0.0,0.0,0.0,-1.455470781019401e-06,-1.455470781019401e-06,1.455470781019401e-06,2.1832061715291014e-06
B_tbl_minus_hqql,mod.blocks.0.attn.h3,charged_hadron<-photon,0.016152567322167407,-1.4474945684791618e-06,0.0,0.0,0.0,-1.4474945684791618e-06,-1.4474945684791618e-06,1.4474945684791618e-06,2.1712418527187424e-06
signed_hqql_tbl,mod.blocks.3.attn.h2,charged_hadron<-charged_hadron,0.02381146919238039,-1.5182294478953012e-06,-2.757964821107124e-06,-8.19037305477372e-06,8.270368204568257e-06,1.2397353732118229e-06,6.67214360687842e-06,1.5182294478953012e-06,2.1380971345012126e-06
signed_hqql_tbl,mod.blocks.5.attn.h4,charged_hadron<-neutral_hadron,0.012734845756482677,1.9049752032102532e-06,1.4988852181226295e-06,4.635457855264215e-06,-3.6960283111742823e-07,4.0608998508762366e-07,-2.7304826520539616e-06,1.9049752032102532e-06,2.108020195754065e-06
B_tbl_minus_hqql,mod.blocks.6.attn.h1,neutral_hadron<-charged_hadron,0.028057685419291007,-1.3784339180423589e-06,0.0,0.0,0.0,-1.3784339180423589e-06,-1.3784339180423589e-06,1.3784339180423589e-06,2.067650877063538e-06
signed_hqql_tbl,mod.blocks.5.attn.h7,muon<-electron,5.97609215446937e-08,7.088135078880953e-10,4.086630724486895e-06,0.0,0.0,-4.085921910979007e-06,7.088135078880953e-10,7.088135078880953e-10,2.0436697689973915e-06
signed_hqql_tbl,mod.blocks.4.attn.h5,muon<-muon,3.3985809295700165e-06,3.637517309584837e-08,4.04934444020455e-06,1.1293285240299156e-07,-2.7268558078219485e-07,-4.012969267108701e-06,-7.655767930714319e-08,3.637517309584837e-08,2.042859806650199e-06
B_tbl_minus_hqql,mod.blocks.7.attn.h4,photon<-charged_hadron,0.024128880926393346,1.3595881845583093e-06,0.0,0.0,0.0,1.3595881845583093e-06,1.3595881845583093e-06,1.3595881845583093e-06,2.039382276837464e-06
signed_hqql_tbl,mod.blocks.6.attn.h3,photon<-charged_hadron,0.026600396474753412,1.7465478783842728e-06,2.3119176983190602e-06,-3.918413226377029e-06,6.405739999473345e-06,-5.653698199347875e-07,5.664961104761302e-06,1.7465478783842728e-06,2.0292327883516664e-06
B_tbl_minus_hqql,mod.blocks.4.attn.h0,charged_hadron<-charged_hadron,0.02485067481989841,-1.341642747483881e-06,0.0,0.0,0.0,-1.341642747483881e-06,-1.341642747483881e-06,1.341642747483881e-06,2.0124641212258215e-06
B_tbl_minus_hqql,mod.blocks.4.attn.h4,photon<-charged_hadron,0.0260311126158046,1.330194635641428e-06,0.0,0.0,0.0,1.330194635641428e-06,1.330194635641428e-06,1.330194635641428e-06,1.995291953462142e-06
signed_hqql_tbl,mod.blocks.7.attn.h1,electron<-muon,5.3392544941743836e-05,-8.026750464296128e-08,-3.901251147908624e-06,0.0,0.0,3.820983643265663e-06,-8.026750464296128e-08,8.026750464296128e-08,1.9907593262757928e-06
B_tbl_minus_hqql,mod.blocks.7.attn.h0,photon<-charged_hadron,0.025020854518566428,-1.3169072154338527e-06,0.0,0.0,0.0,-1.3169072154338527e-06,-1.3169072154338527e-06,1.3169072154338527e-06,1.975360823150779e-06
B_tbl_minus_hqql,mod.blocks.7.attn.h6,neutral_hadron<-photon,0.01852656549661134,-1.3085507572201825e-06,0.0,0.0,0.0,-1.3085507572201825e-06,-1.3085507572201825e-06,1.3085507572201825e-06,1.9628261358302737e-06
B_tbl_minus_hqql,mod.blocks.6.attn.h3,electron<-neutral_hadron,0.001655377078956614,1.2871482247781522e-06,0.0,0.0,0.0,1.2871482247781522e-06,1.2871482247781522e-06,1.2871482247781522e-06,1.930722337167228e-06
signed_hqql_tbl,mod.blocks.6.attn.h0,neutral_hadron<-neutral_hadron,0.01414448900346751,1.8239179478798894e-06,1.6152803099470636e-06,4.019950804589024e-07,-3.0626581478034898e-06,2.086376379328258e-07,1.421922867420987e-06,1.8239179478798894e-06,1.928236766846302e-06
B_tbl_minus_hqql,mod.blocks.4.attn.h0,neutral_hadron<-electron,0.006813846459543264,-1.2639212164450093e-06,0.0,0.0,0.0,-1.2639212164450093e-06,-1.2639212164450093e-06,1.2639212164450093e-06,1.895881824667514e-06
B_tbl_minus_hqql,mod.blocks.1.attn.h4,charged_hadron<-charged_hadron,0.021010917238867746,1.211153358282776e-06,0.0,0.0,0.0,1.211153358282776e-06,1.211153358282776e-06,1.211153358282776e-06,1.816730037424164e-06
B_tbl_minus_hqql,mod.blocks.5.attn.h7,photon<-photon,0.012960879558647725,1.183080359980067e-06,0.0,0.0,0.0,1.183080359980067e-06,1.183080359980067e-06,1.183080359980067e-06,1.7746205399701005e-06
signed_hqql_tbl,mod.blocks.5.attn.h1,electron<-electron,0.00046307183543427125,-2.1194916636583608e-07,2.8883364535658984e-06,6.230401605004469e-07,2.617366192225745e-07,-3.1002856199317344e-06,-8.349893268662829e-07,2.1194916636583608e-07,1.7620919763317033e-06
B_tbl_minus_hqql,mod.blocks.7.attn.h6,electron<-charged_hadron,0.031183711120060513,-1.1694129560575156e-06,0.0,0.0,0.0,-1.1694129560575156e-06,-1.1694129560575156e-06,1.1694129560575156e-06,1.7541194340862735e-06
B_tbl_minus_hqql,mod.blocks.3.attn.h4,photon<-neutral_hadron,0.016337942432712863,1.1653368167244343e-06,0.0,0.0,0.0,1.1653368167244343e-06,1.1653368167244343e-06,1.1653368167244343e-06,1.7480052250866513e-06
B_tbl_minus_hqql,mod.blocks.3.attn.h1,muon<-electron,7.64405558584258e-05,-1.1626525520114228e-06,0.0,0.0,0.0,-1.1626525520114228e-06,-1.1626525520114228e-06,1.1626525520114228e-06,1.7439788280171342e-06
B_tbl_minus_hqql,mod.blocks.7.attn.h5,neutral_hadron<-charged_hadron,0.024891759400942078,-1.153076862908524e-06,0.0,0.0,0.0,-1.153076862908524e-06,-1.153076862908524e-06,1.153076862908524e-06,1.729615294362786e-06
signed_hqql_tbl,mod.blocks.5.attn.h2,neutral_hadron<-muon,4.769359948113561e-05,-7.053675972201745e-08,3.2424414087017794e-06,2.929714355559554e-07,4.4525607955216e-06,-3.3129781684237967e-06,-3.6350819527797283e-07,7.053675972201745e-08,1.7270258439339159e-06
signed_hqql_tbl,mod.blocks.5.attn.h5,neutral_hadron<-muon,0.0019834745675325395,-1.9170613541064085e-07,-3.1057537247155174e-06,0.00011710021499311551,3.469985676929355e-05,2.9140475893048765e-06,-0.00011729192112852616,1.9170613541064085e-07,1.648729930063079e-06
B_tbl_minus_hqql,mod.blocks.3.attn.h6,photon<-charged_hadron,0.02437910945480232,1.0978130543397892e-06,0.0,0.0,0.0,1.0978130543397892e-06,1.0978130543397892e-06,1.0978130543397892e-06,1.646719581509684e-06
B_tbl_minus_hqql,mod.blocks.3.attn.h1,photon<-charged_hadron,0.025024708401323537,-1.09505151107408e-06,0.0,0.0,0.0,-1.09505151107408e-06,-1.09505151107408e-06,1.09505151107408e-06,1.6425772666111202e-06
B_tbl_minus_hqql,mod.blocks.6.attn.h5,charged_hadron<-electron,0.02199074803363709,-1.0908489847289665e-06,0.0,0.0,0.0,-1.0908489847289665e-06,-1.0908489847289665e-06,1.0908489847289665e-06,1.63627347709345e-06
B_tbl_minus_hqql,mod.blocks.4.attn.h4,muon<-muon,0.00023003527894616127,-1.085786493604246e-06,0.0,0.0,0.0,-1.085786493604246e-06,-1.085786493604246e-06,1.085786493604246e-06,1.628679740406369e-06
B_tbl_minus_hqql,mod.blocks.4.attn.h5,photon<-photon,0.020000661500589965,1.0845477609016812e-06,0.0,0.0,0.0,1.0845477609016812e-06,1.0845477609016812e-06,1.0845477609016812e-06,1.6268216413525219e-06
B_tbl_minus_hqql,mod.blocks.7.attn.h5,neutral_hadron<-electron,0.017869801467491522,1.0637006821693998e-06,0.0,0.0,0.0,1.0637006821693998e-06,1.0637006821693998e-06,1.0637006821693998e-06,1.5955510232540996e-06
B_tbl_minus_hqql,mod.blocks.6.attn.h3,neutral_hadron<-charged_hadron,0.03137209375365441,1.060289025231048e-06,0.0,0.0,0.0,1.060289025231048e-06,1.060289025231048e-06,1.060289025231048e-06,1.5904335378465722e-06
B_tbl_minus_hqql,mod.blocks.6.attn.h6,electron<-neutral_hadron,0.00899544779073309,-1.0532464700561292e-06,0.0,0.0,0.0,-1.0532464700561292e-06,-1.0532464700561292e-06,1.0532464700561292e-06,1.5798697050841938e-06
signed_hqql_tbl,mod.blocks.6.attn.h6,neutral_hadron<-photon,0.015042211464708665,-9.751368273344618e-07,2.2586510015867485e-07,1.703841193194856e-06,7.737110249164599e-06,-1.2010019274931366e-06,-2.678978020529318e-06,9.751368273344618e-07,1.5756377910810301e-06
signed_hqql_tbl,mod.blocks.4.attn.h7,muon<-muon,1.5235953014780534e-06,1.0106306014279198e-08,3.1184132396333553e-06,-1.4036102058412325e-08,-3.204859098104862e-07,-3.108306933619076e-06,2.4142408072691524e-08,1.0106306014279198e-08,1.5642597728238172e-06
B_tbl_minus_hqql,mod.blocks.2.attn.h5,neutral_hadron<-photon,0.018175857348834697,1.038324915533821e-06,0.0,0.0,0.0,1.038324915533821e-06,1.038324915533821e-06,1.038324915533821e-06,1.5574873733007316e-06
B_tbl_minus_hqql,mod.blocks.0.attn.h7,photon<-photon,0.01402471465858932,-1.030678384815669e-06,0.0,0.0,0.0,-1.030678384815669e-06,-1.030678384815669e-06,1.030678384815669e-06,1.5460175772235036e-06
signed_hqql_tbl,mod.blocks.5.attn.h5,neutral_hadron<-neutral_hadron,0.0028354980471197106,-7.424905280770157e-07,-2.3157676952738417e-06,4.72177790864296e-06,5.123397710180636e-07,1.573277167196826e-06,-5.464268436719976e-06,7.424905280770157e-07,1.5291291116754287e-06
B_tbl_minus_hqql,mod.blocks.1.attn.h5,electron<-neutral_hadron,0.0036285664817249336,-1.0078943483272774e-06,0.0,0.0,0.0,-1.0078943483272774e-06,-1.0078943483272774e-06,1.0078943483272774e-06,1.511841522490916e-06
B_tbl_minus_hqql,mod.blocks.7.attn.h5,electron<-neutral_hadron,0.0008781565753721494,9.7882374232254e-07,0.0,0.0,0.0,9.7882374232254e-07,9.7882374232254e-07,9.7882374232254e-07,1.46823561348381e-06
B_tbl_minus_hqql,mod.blocks.6.attn.h6,neutral_hadron<-photon,0.015042212026663204,-9.751433075556683e-07,0.0,0.0,0.0,-9.751433075556683e-07,-9.751433075556683e-07,9.751433075556683e-07,1.4627149613335024e-06
B_tbl_minus_hqql,mod.blocks.3.attn.h5,muon<-neutral_hadron,8.014130871742964e-05,9.509912160865497e-07,0.0,0.0,0.0,9.509912160865497e-07,9.509912160865497e-07,9.509912160865497e-07,1.4264868241298246e-06
signed_hqql_tbl,mod.cls_blocks.1.attn.h0,muon<-CLS,0.0,0.0,2.833286544046132e-06,0.0,0.0,-2.833286544046132e-06,0.0,0.0,1.416643272023066e-06
B_tbl_minus_hqql,mod.blocks.2.attn.h7,electron<-charged_hadron,0.021793249107542493,9.201744216538611e-07,0.0,0.0,0.0,9.201744216538611e-07,9.201744216538611e-07,9.201744216538611e-07,1.3802616324807917e-06
B_tbl_minus_hqql,mod.blocks.0.attn.h0,photon<-photon,0.017606494491666208,-9.105129264165759e-07,0.0,0.0,0.0,-9.105129264165759e-07,-9.105129264165759e-07,9.105129264165759e-07,1.3657693896248638e-06
B_tbl_minus_hqql,mod.blocks.3.attn.h5,photon<-photon,0.017002434831863034,9.058788404832055e-07,0.0,0.0,0.0,9.058788404832055e-07,9.058788404832055e-07,9.058788404832055e-07,1.3588182607248082e-06
signed_hqql_tbl,mod.blocks.1.attn.h2,muon<-muon,1.946055817825254e-05,-4.0495713449217874e-08,2.5304968414019413e-06,8.399895818911318e-07,2.441083353232898e-07,-2.570992554851159e-06,-8.804852953403497e-07,4.0495713449217874e-08,1.3259919908747975e-06
B_tbl_minus_hqql,mod.blocks.4.attn.h5,electron<-neutral_hadron,0.0008038695884385595,8.614815501291391e-07,0.0,0.0,0.0,8.614815501291391e-07,8.614815501291391e-07,8.614815501291391e-07,1.2922223251937087e-06
signed_hqql_tbl,mod.cls_blocks.1.attn.h6,muon<-muon,0.0,0.0,-2.5000351797643816e-06,0.0,0.0,2.5000351797643816e-06,0.0,0.0,1.2500175898821908e-06
signed_hqql_tbl,mod.blocks.4.attn.h2,electron<-muon,0.0007870584377087653,-7.468230478480109e-07,-1.73507623912883e-06,0.0,0.0,9.88253191280819e-07,-7.468230478480109e-07,7.468230478480109e-07,1.2409496434884204e-06
B_tbl_minus_hqql,mod.blocks.6.attn.h1,muon<-electron,5.329569103196263e-05,8.269923341686081e-07,0.0,0.0,0.0,8.269923341686081e-07,8.269923341686081e-07,8.269923341686081e-07,1.240488501252912e-06
B_tbl_minus_hqql,mod.blocks.0.attn.h2,charged_hadron<-charged_hadron,0.022319051422467717,-8.173027022404954e-07,0.0,0.0,0.0,-8.173027022404954e-07,-8.173027022404954e-07,8.173027022404954e-07,1.2259540533607432e-06
B_tbl_minus_hqql,mod.blocks.7.attn.h7,charged_hadron<-charged_hadron,0.023574101456558,-7.875711722627939e-07,0.0,0.0,0.0,-7.875711722627939e-07,-7.875711722627939e-07,7.875711722627939e-07,1.1813567583941908e-06
B_tbl_minus_hqql,mod.blocks.4.attn.h3,neutral_hadron<-neutral_hadron,0.01625719642052885,7.865935905832229e-07,0.0,0.0,0.0,7.865935905832229e-07,7.865935905832229e-07,7.865935905832229e-07,1.1798903858748343e-06
signed_hqql_tbl,mod.blocks.4.attn.h1,electron<-muon,0.00012749881716445088,1.9691616159889236e-07,-1.7625308146307361e-06,0.0,0.0,1.9594469762296285e-06,1.9691616159889236e-07,1.9691616159889236e-07,1.1766396497137066e-06
B_tbl_minus_hqql,mod.blocks.0.attn.h5,muon<-neutral_hadron,9.295125491917133e-05,7.734665814496111e-07,0.0,0.0,0.0,7.734665814496111e-07,7.734665814496111e-07,7.734665814496111e-07,1.1601998721744167e-06
B_tbl_minus_hqql,mod.blocks.7.attn.h7,photon<-electron,0.015988557198183324,-7.663472750549758e-07,0.0,0.0,0.0,-7.663472750549758e-07,-7.663472750549758e-07,7.663472750549758e-07,1.1495209125824637e-06
B_tbl_minus_hqql,mod.blocks.1.attn.h5,muon<-neutral_hadron,0.0003741700667887926,-7.602389359817608e-07,0.0,0.0,0.0,-7.602389359817608e-07,-7.602389359817608e-07,7.602389359817608e-07,1.1403584039726413e-06
B_tbl_minus_hqql,mod.blocks.4.attn.h2,electron<-muon,0.0007870571571402252,-7.468227067874977e-07,0.0,0.0,0.0,-7.468227067874977e-07,-7.468227067874977e-07,7.468227067874977e-07,1.1202340601812466e-06
signed_hqql_tbl,mod.blocks.1.attn.h2,photon<-muon,0.012935993671417236,-5.800859071314335e-08,-2.1697518317715117e-06,-0.0001370280071915615,-0.00016338469868060201,2.1117432410583683e-06,0.00013696999860084836,5.800859071314335e-08,1.1138802112423276e-06
B_tbl_minus_hqql,mod.blocks.5.attn.h5,neutral_hadron<-neutral_hadron,0.0028354975190462133,-7.424916250501655e-07,0.0,0.0,0.0,-7.424916250501655e-07,-7.424916250501655e-07,7.424916250501655e-07,1.1137374375752482e-06
B_tbl_minus_hqql,mod.blocks.7.attn.h5,charged_hadron<-photon,0.02258454534375275,-7.408717107487781e-07,0.0,0.0,0.0,-7.408717107487781e-07,-7.408717107487781e-07,7.408717107487781e-07,1.1113075661231672e-06
B_tbl_minus_hqql,mod.blocks.1.attn.h4,photon<-charged_hadron,0.02405454291559106,-7.359050647401348e-07,0.0,0.0,0.0,-7.359050647401348e-07,-7.359050647401348e-07,7.359050647401348e-07,1.1038575971102023e-06
signed_hqql_tbl,mod.blocks.7.attn.h5,electron<-neutral_hadron,0.0008781570639392292,9.788249857723276e-07,1.2130016102673835e-06,6.30252525297692e-06,-1.4334821599959469e-05,-2.3417662449505596e-07,-5.323700267204593e-06,9.788249857723276e-07,1.0959132980198554e-06
B_tbl_minus_hqql,mod.blocks.3.attn.h1,electron<-electron,0.0020254493897987735,7.25765453858508e-07,0.0,0.0,0.0,7.25765453858508e-07,7.25765453858508e-07,7.25765453858508e-07,1.088648180787762e-06
B_tbl_minus_hqql,mod.blocks.6.attn.h7,charged_hadron<-photon,0.01580745246904837,-7.137396984320975e-07,0.0,0.0,0.0,-7.137396984320975e-07,-7.137396984320975e-07,7.137396984320975e-07,1.0706095476481462e-06
B_tbl_minus_hqql,mod.blocks.4.attn.h2,muon<-electron,0.00011166202602908015,-7.074233963066945e-07,0.0,0.0,0.0,-7.074233963066945e-07,-7.074233963066945e-07,7.074233963066945e-07,1.0611350944600417e-06
signed_hqql_tbl,mod.blocks.1.attn.h4,photon<-charged_hadron,0.024054542158050803,-7.359046107809076e-07,-1.0008769288064097e-07,-1.9551319099725185e-06,-1.269236074647429e-05,-6.358169179002666e-07,1.2192272991916109e-06,7.359046107809076e-07,1.053813069731041e-06
B_tbl_minus_hqql,mod.blocks.6.attn.h4,charged_hadron<-neutral_hadron,0.01770106993135618,-7.003675709303771e-07,0.0,0.0,0.0,-7.003675709303771e-07,-7.003675709303771e-07,7.003675709303771e-07,1.0505513563955655e-06
B_tbl_minus_hqql,mod.blocks.3.attn.h3,charged_hadron<-charged_hadron,0.0248788380182955,-6.926282927032933e-07,0.0,0.0,0.0,-6.926282927032933e-07,-6.926282927032933e-07,6.926282927032933e-07,1.03894243905494e-06
signed_hqql_tbl,mod.blocks.5.attn.h2,muon<-muon,3.433661913732067e-05,-5.932297995059344e-07,2.979524609258988e-07,1.4313020813006005e-07,1.9463938194519415e-07,-8.911822604318331e-07,-7.363600076359944e-07,5.932297995059344e-07,1.038820929721851e-06
signed_hqql_tbl,mod.blocks.4.attn.h2,muon<-electron,0.00011166229523951188,-7.074260679473809e-07,-5.808151115616056e-08,0.0,0.0,-6.493445567912204e-07,-7.074260679473809e-07,7.074260679473809e-07,1.0320983463429911e-06
signed_hqql_tbl,mod.blocks.0.attn.h7,muon<-muon,4.1289906221209094e-05,-6.430220196307346e-07,-1.4199173747897476e-06,-2.3714737551472354e-07,4.690993755218642e-06,7.76895355159013e-07,-4.0587464411601104e-07,6.430220196307346e-07,1.031469697210241e-06
signed_hqql_tbl,mod.blocks.3.attn.h5,muon<-muon,6.62378488414106e-06,1.214105225244566e-07,1.916138273827528e-06,3.7194110973359784e-06,-2.896867329127417e-06,-1.7947277513030713e-06,-3.598000574811522e-06,1.214105225244566e-07,1.0187743981759922e-06
B_tbl_minus_hqql,mod.blocks.3.attn.h4,muon<-muon,0.002704967511817813,6.547292059622123e-07,0.0,0.0,0.0,6.547292059622123e-07,6.547292059622123e-07,6.547292059622123e-07,9.820938089433184e-07
B_tbl_minus_hqql,mod.blocks.2.attn.h3,neutral_hadron<-electron,0.0033618851944252296,6.544952258183104e-07,0.0,0.0,0.0,6.544952258183104e-07,6.544952258183104e-07,6.544952258183104e-07,9.817428387274656e-07
B_tbl_minus_hqql,mod.blocks.5.attn.h6,photon<-electron,0.0025623732102595695,-6.491737008403335e-07,0.0,0.0,0.0,-6.491737008403335e-07,-6.491737008403335e-07,6.491737008403335e-07,9.737605512605004e-07
B_tbl_minus_hqql,mod.blocks.0.attn.h0,charged_hadron<-photon,0.01872991434347416,6.437326452179942e-07,0.0,0.0,0.0,6.437326452179942e-07,6.437326452179942e-07,6.437326452179942e-07,9.655989678269914e-07
B_tbl_minus_hqql,mod.blocks.0.attn.h7,muon<-muon,4.1289906221209094e-05,-6.430219059438969e-07,0.0,0.0,0.0,-6.430219059438969e-07,-6.430219059438969e-07,6.430219059438969e-07,9.645328589158453e-07
B_tbl_minus_hqql,mod.blocks.6.attn.h5,photon<-photon,0.016850997501774056,6.413066542485216e-07,0.0,0.0,0.0,6.413066542485216e-07,6.413066542485216e-07,6.413066542485216e-07,9.619599813727824e-07
B_tbl_minus_hqql,mod.blocks.3.attn.h0,photon<-charged_hadron,0.023628401797606998,6.406433517968789e-07,0.0,0.0,0.0,6.406433517968789e-07,6.406433517968789e-07,6.406433517968789e-07,9.609650276953184e-07
B_tbl_minus_hqql,mod.blocks.3.attn.h2,electron<-electron,0.0004977714400966862,-6.396488089508187e-07,0.0,0.0,0.0,-6.396488089508187e-07,-6.396488089508187e-07,6.396488089508187e-07,9.59473213426228e-07
B_tbl_minus_hqql,mod.blocks.0.attn.h0,neutral_hadron<-photon,0.018521575152986382,6.378999876711895e-07,0.0,0.0,0.0,6.378999876711895e-07,6.378999876711895e-07,6.378999876711895e-07,9.568499815067843e-07
B_tbl_minus_hqql,mod.blocks.4.attn.h4,charged_hadron<-electron,0.005282514772954441,-6.230504281813324e-07,0.0,0.0,0.0,-6.230504281813324e-07,-6.230504281813324e-07,6.230504281813324e-07,9.345756422719985e-07
B_tbl_minus_hqql,mod.blocks.0.attn.h2,neutral_hadron<-muon,8.504943689331412e-05,6.198505161592038e-07,0.0,0.0,0.0,6.198505161592038e-07,6.198505161592038e-07,6.198505161592038e-07,9.297757742388057e-07
B_tbl_minus_hqql,mod.blocks.5.attn.h2,electron<-electron,0.00027926557224431135,-6.096792224531534e-07,0.0,0.0,0.0,-6.096792224531534e-07,-6.096792224531534e-07,6.096792224531534e-07,9.145188336797301e-07
B_tbl_minus_hqql,mod.blocks.4.attn.h4,photon<-photon,0.011591082961214619,-6.026253159264138e-07,0.0,0.0,0.0,-6.026253159264138e-07,-6.026253159264138e-07,6.026253159264138e-07,9.039379738896206e-07
B_tbl_minus_hqql,mod.blocks.5.attn.h2,muon<-muon,3.433661186136305e-05,-5.932289468546514e-07,0.0,0.0,0.0,-5.932289468546514e-07,-5.932289468546514e-07,5.932289468546514e-07,8.898434202819772e-07
B_tbl_minus_hqql,mod.blocks.4.attn.h1,photon<-electron,0.01056990075886734,-5.884582746577093e-07,0.0,0.0,0.0,-5.884582746577093e-07,-5.884582746577093e-07,5.884582746577093e-07,8.82687411986564e-07
B_tbl_minus_hqql,mod.blocks.7.attn.h7,electron<-photon,0.01446050623568093,-5.822285169326678e-07,0.0,0.0,0.0,-5.822285169326678e-07,-5.822285169326678e-07,5.822285169326678e-07,8.733427753990017e-07
B_tbl_minus_hqql,mod.blocks.7.attn.h1,charged_hadron<-photon,0.014951864809469292,5.780269649683577e-07,0.0,0.0,0.0,5.780269649683577e-07,5.780269649683577e-07,5.780269649683577e-07,8.670404474525366e-07
B_tbl_minus_hqql,mod.blocks.6.attn.h3,charged_hadron<-neutral_hadron,0.013546068444639361,-5.753253683113918e-07,0.0,0.0,0.0,-5.753253683113918e-07,-5.753253683113918e-07,5.753253683113918e-07,8.629880524670877e-07
B_tbl_minus_hqql,mod.blocks.4.attn.h7,neutral_hadron<-neutral_hadron,0.014596639651438741,-5.548326916156287e-07,0.0,0.0,0.0,-5.548326916156287e-07,-5.548326916156287e-07,5.548326916156287e-07,8.32249037423443e-07
B_tbl_minus_hqql,mod.blocks.1.attn.h3,neutral_hadron<-charged_hadron,0.02786500013175131,-5.532882413735577e-07,0.0,0.0,0.0,-5.532882413735577e-07,-5.532882413735577e-07,5.532882413735577e-07,8.299323620603366e-07
B_tbl_minus_hqql,mod.blocks.5.attn.h6,charged_hadron<-electron,0.0027700565932762054,-5.501171168968236e-07,0.0,0.0,0.0,-5.501171168968236e-07,-5.501171168968236e-07,5.501171168968236e-07,8.251756753452355e-07
B_tbl_minus_hqql,mod.blocks.6.attn.h1,electron<-muon,0.0001606216246727854,-5.377498837333405e-07,0.0,0.0,0.0,-5.377498837333405e-07,-5.377498837333405e-07,5.377498837333405e-07,8.066248256000108e-07
signed_hqql_tbl,mod.blocks.5.attn.h3,muon<-muon,0.00032807508250698447,-3.268369539455307e-07,-1.2561118012399675e-06,-2.3165150651038857e-06,9.095760162836086e-07,9.292748472944368e-07,1.989678111158355e-06,3.268369539455307e-07,7.914743775927491e-07
B_tbl_minus_hqql,mod.blocks.1.attn.h6,muon<-muon,5.3867450333200395e-05,5.171908696866012e-07,0.0,0.0,0.0,5.171908696866012e-07,5.171908696866012e-07,5.171908696866012e-07,7.757863045299018e-07
B_tbl_minus_hqql,mod.blocks.5.attn.h6,muon<-electron,0.00036637228913605213,-4.937047606290434e-07,0.0,0.0,0.0,-4.937047606290434e-07,-4.937047606290434e-07,4.937047606290434e-07,7.405571409435652e-07
signed_hqql_tbl,mod.blocks.1.attn.h6,muon<-muon,5.3867450333200395e-05,5.171899033484806e-07,1.1123988485906011e-07,8.599844477430452e-06,-1.6415501534083887e-05,4.0595001848942047e-07,-8.082654574081971e-06,5.171899033484806e-07,7.201649125931908e-07
signed_hqql_tbl,mod.blocks.7.attn.h3,muon<-muon,3.5213452065363526e-05,-4.680794916112063e-07,9.372125631124106e-09,-1.31247148260627e-07,-1.1736051320002105e-08,-4.774516172423304e-07,-3.368323433505793e-07,4.680794916112063e-07,7.068053002323715e-07
B_tbl_minus_hqql,mod.blocks.7.attn.h3,muon<-muon,3.521350663504563e-05,-4.680803158407798e-07,0.0,0.0,0.0,-4.680803158407798e-07,-4.680803158407798e-07,4.680803158407798e-07,7.021204737611697e-07
signed_hqql_tbl,mod.cls_blocks.0.attn.h1,charged_hadron<-electron,0.017000739462673664,4.6624336391687393e-07,0.0,0.001196815021103248,0.0,4.6624336391687393e-07,-0.0011963487777393311,4.6624336391687393e-07,6.993650458753109e-07
B_tbl_minus_hqql,mod.blocks.2.attn.h7,charged_hadron<-electron,0.006258612587338402,-4.643228575809016e-07,0.0,0.0,0.0,-4.643228575809016e-07,-4.643228575809016e-07,4.643228575809016e-07,6.964842863713524e-07
B_tbl_minus_hqql,mod.blocks.5.attn.h0,photon<-charged_hadron,0.023975714240578268,4.541317947843214e-07,0.0,0.0,0.0,4.541317947843214e-07,4.541317947843214e-07,4.541317947843214e-07,6.811976921764821e-07
B_tbl_minus_hqql,mod.blocks.6.attn.h2,electron<-muon,0.00021059266873635352,4.5241964130582346e-07,0.0,0.0,0.0,4.5241964130582346e-07,4.5241964130582346e-07,4.5241964130582346e-07,6.786294619587352e-07
signed_hqql_tbl,mod.blocks.0.attn.h0,neutral_hadron<-charged_hadron,0.026220545381391083,9.97920617127285e-08,1.244390730768662e-06,5.382419401446489e-05,8.890846367130867e-05,-1.1445986690559336e-06,-5.3724401952752166e-05,9.97920617127285e-08,6.720913962406952e-07
signed_hqql_tbl,mod.blocks.5.attn.h5,muon<-neutral_hadron,9.17408979148604e-06,4.4717558012052903e-08,1.2236313864377735e-06,8.570198588131461e-06,-3.0730689120319867e-06,-1.1789138284257205e-06,-8.525481030119409e-06,4.4717558012052903e-08,6.341744722249131e-07
B_tbl_minus_hqql,mod.blocks.7.attn.h6,electron<-electron,0.0003019069748309751,4.142353289024767e-07,0.0,0.0,0.0,4.142353289024767e-07,4.142353289024767e-07,4.142353289024767e-07,6.21352993353715e-07
B_tbl_minus_hqql,mod.blocks.0.attn.h7,neutral_hadron<-electron,0.007081971365820478,-4.082798518033491e-07,0.0,0.0,0.0,-4.082798518033491e-07,-4.082798518033491e-07,4.082798518033491e-07,6.124197777050237e-07
B_tbl_minus_hqql,mod.blocks.3.attn.h5,neutral_hadron<-muon,0.011835569143295288,-4.0400263969786463e-07,0.0,0.0,0.0,-4.0400263969786463e-07,-4.0400263969786463e-07,4.0400263969786463e-07,6.060039595467969e-07
B_tbl_minus_hqql,mod.blocks.6.attn.h2,electron<-electron,0.0002480815632124076,4.033129586349876e-07,0.0,0.0,0.0,4.033129586349876e-07,4.033129586349876e-07,4.033129586349876e-07,6.049694379524814e-07
B_tbl_minus_hqql,mod.blocks.3.attn.h6,electron<-neutral_hadron,0.00043705973399078683,-4.028717415638783e-07,0.0,0.0,0.0,-4.028717415638783e-07,-4.028717415638783e-07,4.028717415638783e-07,6.043076123458175e-07
B_tbl_minus_hqql,mod.blocks.5.attn.h1,neutral_hadron<-electron,0.004668468057557389,-4.009293156236203e-07,0.0,0.0,0.0,-4.009293156236203e-07,-4.009293156236203e-07,4.009293156236203e-07,6.013939734354304e-07
signed_hqql_tbl,mod.cls_blocks.1.attn.h1,muon<-CLS,0.0,0.0,-1.2024306670355145e-06,0.0,0.0,1.2024306670355145e-06,0.0,0.0,6.012153335177572e-07
B_tbl_minus_hqql,mod.blocks.3.attn.h4,electron<-neutral_hadron,0.023932558518868906,-3.8909557689395217e-07,0.0,0.0,0.0,-3.8909557689395217e-07,-3.8909557689395217e-07,3.8909557689395217e-07,5.836433653409283e-07
B_tbl_minus_hqql,mod.blocks.6.attn.h2,neutral_hadron<-muon,0.0016972476616501809,-3.7717657050961864e-07,0.0,0.0,0.0,-3.7717657050961864e-07,-3.7717657050961864e-07,3.7717657050961864e-07,5.65764855764428e-07
B_tbl_minus_hqql,mod.blocks.1.attn.h0,muon<-muon,3.050343548238743e-05,3.7506134731302154e-07,0.0,0.0,0.0,3.7506134731302154e-07,3.7506134731302154e-07,3.7506134731302154e-07,5.625920209695323e-07
B_tbl_minus_hqql,mod.blocks.4.attn.h6,electron<-electron,0.0007165261441615359,-3.67301681020788e-07,0.0,0.0,0.0,-3.67301681020788e-07,-3.67301681020788e-07,3.67301681020788e-07,5.50952521531182e-07
B_tbl_minus_hqql,mod.blocks.6.attn.h3,muon<-muon,6.697016215184703e-05,3.645272954599932e-07,0.0,0.0,0.0,3.645272954599932e-07,3.645272954599932e-07,3.645272954599932e-07,5.467909431899898e-07
B_tbl_minus_hqql,mod.blocks.4.attn.h6,muon<-muon,3.889821164193563e-05,-3.617161041802319e-07,0.0,0.0,0.0,-3.617161041802319e-07,-3.617161041802319e-07,3.617161041802319e-07,5.425741562703479e-07
B_tbl_minus_hqql,mod.blocks.6.attn.h6,muon<-neutral_hadron,0.00015253768069669604,3.6111518966208676e-07,0.0,0.0,0.0,3.6111518966208676e-07,3.6111518966208676e-07,3.6111518966208676e-07,5.416727844931301e-07
B_tbl_minus_hqql,mod.blocks.6.attn.h2,muon<-muon,2.663328814378474e-05,3.59504269908939e-07,0.0,0.0,0.0,3.59504269908939e-07,3.59504269908939e-07,3.59504269908939e-07,5.392564048634085e-07
B_tbl_minus_hqql,mod.blocks.4.attn.h4,neutral_hadron<-electron,0.0018807579935700804,-3.594143857265374e-07,0.0,0.0,0.0,-3.594143857265374e-07,-3.594143857265374e-07,3.594143857265374e-07,5.391215785898062e-07
signed_hqql_tbl,mod.blocks.1.attn.h0,muon<-muon,3.0503431844408624e-05,3.750615178432781e-07,6.094622051477927e-08,-3.965342330047861e-07,1.0991576857577456e-06,3.1411529732849885e-07,7.715957508480642e-07,3.750615178432781e-07,5.321191665075276e-07
B_tbl_minus_hqql,mod.blocks.4.attn.h6,photon<-photon,0.012326956633785035,3.429178467125762e-07,0.0,0.0,0.0,3.429178467125762e-07,3.429178467125762e-07,3.429178467125762e-07,5.143767700688643e-07
B_tbl_minus_hqql,mod.blocks.1.attn.h5,charged_hadron<-charged_hadron,0.021856540566453135,-3.369891139555564e-07,0.0,0.0,0.0,-3.369891139555564e-07,-3.369891139555564e-07,3.369891139555564e-07,5.054836709333346e-07
B_tbl_minus_hqql,mod.blocks.5.attn.h3,muon<-muon,0.0003280751989223063,-3.268412456236547e-07,0.0,0.0,0.0,-3.268412456236547e-07,-3.268412456236547e-07,3.268412456236547e-07,4.90261868435482e-07
B_tbl_minus_hqql,mod.blocks.4.attn.h0,electron<-muon,5.712877828045748e-05,-3.219259099296323e-07,0.0,0.0,0.0,-3.219259099296323e-07,-3.219259099296323e-07,3.219259099296323e-07,4.828888648944485e-07
signed_hqql_tbl,mod.blocks.6.attn.h2,muon<-muon,2.6633275410858914e-05,3.5950392884842586e-07,1.2662173354272e-07,1.97393603684759e-08,4.837952347763741e-09,2.3288219530570586e-07,3.3976456847994996e-07,3.5950392884842586e-07,4.759450265012788e-07
B_tbl_minus_hqql,mod.blocks.5.attn.h6,electron<-electron,9.790852163860109e-05,-3.125034299481892e-07,0.0,0.0,0.0,-3.125034299481892e-07,-3.125034299481892e-07,3.125034299481892e-07,4.6875514492228376e-07
B_tbl_minus_hqql,mod.blocks.1.attn.h2,charged_hadron<-electron,0.01425736699075926,-3.1008121801451556e-07,0.0,0.0,0.0,-3.1008121801451556e-07,-3.1008121801451556e-07,3.1008121801451556e-07,4.6512182702177333e-07
B_tbl_minus_hqql,mod.blocks.3.attn.h1,electron<-charged_hadron,0.021539946042356036,2.955748641397804e-07,0.0,0.0,0.0,2.955748641397804e-07,2.955748641397804e-07,2.955748641397804e-07,4.433622962096706e-07
B_tbl_minus_hqql,mod.blocks.6.attn.h0,photon<-neutral_hadron,0.011230054364722903,-2.888790235194974e-07,0.0,0.0,0.0,-2.888790235194974e-07,-2.888790235194974e-07,2.888790235194974e-07,4.333185352792461e-07
B_tbl_minus_hqql,mod.blocks.5.attn.h7,muon<-muon,1.5721390809630975e-05,2.870247897135414e-07,0.0,0.0,0.0,2.870247897135414e-07,2.870247897135414e-07,2.870247897135414e-07,4.305371845703121e-07
B_tbl_minus_hqql,mod.blocks.5.attn.h4,electron<-neutral_hadron,0.004431693538747452,2.745018045297237e-07,0.0,0.0,0.0,2.745018045297237e-07,2.745018045297237e-07,2.745018045297237e-07,4.117527067945856e-07
B_tbl_minus_hqql,mod.blocks.7.attn.h4,electron<-neutral_hadron,0.007114592111772961,2.72752408313358e-07,0.0,0.0,0.0,2.72752408313358e-07,2.72752408313358e-07,2.72752408313358e-07,4.0912861247003696e-07
B_tbl_minus_hqql,mod.blocks.6.attn.h6,electron<-electron,0.0007101523693917341,2.684753026313855e-07,0.0,0.0,0.0,2.684753026313855e-07,2.684753026313855e-07,2.684753026313855e-07,4.0271295394707823e-07
signed_hqql_tbl,mod.blocks.3.attn.h1,electron<-muon,0.00014547561295330524,1.9875221823895117e-07,6.002027816975897e-07,0.0,0.0,-4.014505634586385e-07,1.9875221823895117e-07,1.9875221823895117e-07,3.994774999682704e-07
B_tbl_minus_hqql,mod.blocks.0.attn.h2,muon<-muon,1.1257124242547434e-05,2.6435029099047824e-07,0.0,0.0,0.0,2.6435029099047824e-07,2.6435029099047824e-07,2.6435029099047824e-07,3.9652543648571736e-07
B_tbl_minus_hqql,mod.blocks.6.attn.h7,electron<-electron,0.00015005573762512844,-2.6322218044722627e-07,0.0,0.0,0.0,-2.6322218044722627e-07,-2.6322218044722627e-07,2.6322218044722627e-07,3.948332706708394e-07
B_tbl_minus_hqql,mod.blocks.4.attn.h0,electron<-electron,0.0005247912600781193,-2.6154911362633965e-07,0.0,0.0,0.0,-2.6154911362633965e-07,-2.6154911362633965e-07,2.6154911362633965e-07,3.9232367043950944e-07
B_tbl_minus_hqql,mod.blocks.7.attn.h4,muon<-muon,0.0017850631847977638,-2.462694226323947e-07,0.0,0.0,0.0,-2.462694226323947e-07,-2.462694226323947e-07,2.462694226323947e-07,3.6940413394859206e-07
B_tbl_minus_hqql,mod.blocks.7.attn.h5,neutral_hadron<-muon,0.0011656846851110458,-2.40903773374157e-07,0.0,0.0,0.0,-2.40903773374157e-07,-2.40903773374157e-07,2.40903773374157e-07,3.6135566006123554e-07
B_tbl_minus_hqql,mod.blocks.6.attn.h5,muon<-neutral_hadron,5.183168104849756e-05,-2.3782297375873895e-07,0.0,0.0,0.0,-2.3782297375873895e-07,-2.3782297375873895e-07,2.3782297375873895e-07,3.5673446063810843e-07
B_tbl_minus_hqql,mod.blocks.3.attn.h3,neutral_hadron<-charged_hadron,0.028536213412672196,-2.3092296501459863e-07,0.0,0.0,0.0,-2.3092296501459863e-07,-2.3092296501459863e-07,2.3092296501459863e-07,3.4638444752189797e-07
B_tbl_minus_hqql,mod.blocks.6.attn.h3,muon<-charged_hadron,0.00848331954330206,2.259176596908219e-07,0.0,0.0,0.0,2.259176596908219e-07,2.259176596908219e-07,2.259176596908219e-07,3.3887648953623284e-07
signed_hqql_tbl,mod.blocks.0.attn.h2,muon<-muon,1.1257124242547434e-05,2.6435009203851223e-07,1.166737524371797e-07,1.861081102561002e-07,4.0230035835975286e-07,1.4767633960133253e-07,7.824198178241204e-08,2.6435009203851223e-07,3.381882618391785e-07
B_tbl_minus_hqql,mod.blocks.7.attn.h4,charged_hadron<-charged_hadron,0.02269222411065564,-2.252798453483039e-07,0.0,0.0,0.0,-2.252798453483039e-07,-2.252798453483039e-07,2.252798453483039e-07,3.3791976802245585e-07
B_tbl_minus_hqql,mod.blocks.2.attn.h1,electron<-charged_hadron,0.018044371690068926,2.1425070631916503e-07,0.0,0.0,0.0,2.1425070631916503e-07,2.1425070631916503e-07,2.1425070631916503e-07,3.2137605947874756e-07
B_tbl_minus_hqql,mod.blocks.5.attn.h1,electron<-electron,0.00046307167374632426,-2.1194929268454467e-07,0.0,0.0,0.0,-2.1194929268454467e-07,-2.1194929268454467e-07,2.1194929268454467e-07,3.1792393902681704e-07
B_tbl_minus_hqql,mod.blocks.4.attn.h0,photon<-photon,0.014990183183869285,-2.097217580044307e-07,0.0,0.0,0.0,-2.097217580044307e-07,-2.097217580044307e-07,2.097217580044307e-07,3.1458263700664607e-07
B_tbl_minus_hqql,mod.blocks.7.attn.h4,photon<-photon,0.015354445418780595,-1.9924704681853915e-07,0.0,0.0,0.0,-1.9924704681853915e-07,-1.9924704681853915e-07,1.9924704681853915e-07,2.9887057022780875e-07
B_tbl_minus_hqql,mod.blocks.7.attn.h6,photon<-charged_hadron,0.028178872296329458,1.9877978411176554e-07,0.0,0.0,0.0,1.9877978411176554e-07,1.9877978411176554e-07,1.9877978411176554e-07,2.981696761676483e-07
B_tbl_minus_hqql,mod.blocks.3.attn.h1,electron<-muon,0.0001454755838494748,1.9875221823895117e-07,0.0,0.0,0.0,1.9875221823895117e-07,1.9875221823895117e-07,1.9875221823895117e-07,2.9812832735842676e-07
B_tbl_minus_hqql,mod.blocks.2.attn.h2,photon<-charged_hadron,0.02343980905157097,1.976396907325393e-07,0.0,0.0,0.0,1.976396907325393e-07,1.976396907325393e-07,1.976396907325393e-07,2.9645953609880894e-07
B_tbl_minus_hqql,mod.blocks.4.attn.h1,electron<-muon,0.00012749878806062043,1.969156500081226e-07,0.0,0.0,0.0,1.969156500081226e-07,1.969156500081226e-07,1.969156500081226e-07,2.953734750121839e-07
B_tbl_minus_hqql,mod.blocks.7.attn.h2,charged_hadron<-charged_hadron,0.023550411471911174,1.9463426075212715e-07,0.0,0.0,0.0,1.9463426075212715e-07,1.9463426075212715e-07,1.9463426075212715e-07,2.9195139112819074e-07
B_tbl_minus_hqql,mod.blocks.5.attn.h5,neutral_hadron<-muon,0.001983476057648659,-1.9169915503880476e-07,0.0,0.0,0.0,-1.9169915503880476e-07,-1.9169915503880476e-07,1.9169915503880476e-07,2.8754873255820716e-07
B_tbl_minus_hqql,mod.blocks.2.attn.h0,electron<-electron,2.1834022542558767e-05,-1.853064621255069e-07,0.0,0.0,0.0,-1.853064621255069e-07,-1.853064621255069e-07,1.853064621255069e-07,2.7795969318826036e-07
B_tbl_minus_hqql,mod.blocks.6.attn.h6,photon<-electron,0.010184844698363203,-1.7935389319692202e-07,0.0,0.0,0.0,-1.7935389319692202e-07,-1.7935389319692202e-07,1.7935389319692202e-07,2.6903083979538304e-07
B_tbl_minus_hqql,mod.blocks.3.attn.h1,photon<-neutral_hadron,0.01591044846081569,-1.740408329601036e-07,0.0,0.0,0.0,-1.740408329601036e-07,-1.740408329601036e-07,1.740408329601036e-07,2.610612494401554e-07
signed_hqql_tbl,mod.blocks.5.attn.h6,muon<-muon,9.975826287700329e-06,1.7168629184993733e-08,5.021665909765716e-07,8.965115227965725e-08,-1.251715053829372e-08,-4.849979617915778e-07,-7.248252309466352e-08,1.7168629184993733e-08,2.5966761008078265e-07
B_tbl_minus_hqql,mod.blocks.6.attn.h0,muon<-muon,2.1970612579025328e-05,-1.721472386861933e-07,0.0,0.0,0.0,-1.721472386861933e-07,-1.721472386861933e-07,1.721472386861933e-07,2.5822085802928996e-07
B_tbl_minus_hqql,mod.blocks.0.attn.h7,muon<-electron,1.22745714179473e-05,-1.6815636172395898e-07,0.0,0.0,0.0,-1.6815636172395898e-07,-1.6815636172395898e-07,1.6815636172395898e-07,2.5223454258593847e-07
signed_hqql_tbl,mod.blocks.2.attn.h2,muon<-muon,1.6711463104002178e-05,1.7578975775034422e-10,4.961209896237051e-07,-3.663461356495645e-08,6.650545572028932e-07,-4.959451998659548e-07,3.68104033227068e-08,1.7578975775034422e-10,2.481483896907277e-07
B_tbl_minus_hqql,mod.blocks.6.attn.h2,muon<-neutral_hadron,0.0016235126182436942,1.6346426718882866e-07,0.0,0.0,0.0,1.6346426718882866e-07,1.6346426718882866e-07,1.6346426718882866e-07,2.4519640078324296e-07
signed_hqql_tbl,mod.blocks.6.attn.h0,muon<-muon,2.197062349296175e-05,-1.7214729552961217e-07,-2.813070860696598e-07,-1.092204726660384e-08,-2.6266690156262484e-08,1.0915979054004765e-07,-1.6122524826300833e-07,1.7214729552961217e-07,2.26727190799636e-07
signed_hqql_tbl,mod.blocks.7.attn.h1,muon<-muon,0.00023471996246371418,-1.1592129567361553e-07,8.86194850835409e-08,1.8416602642901125e-06,-8.130481995749506e-05,-2.0454078075715643e-07,-1.957581559963728e-06,1.1592129567361553e-07,2.1819168605219375e-07
B_tbl_minus_hqql,mod.blocks.7.attn.h0,muon<-electron,1.7009922885335982e-05,1.4272515613811265e-07,0.0,0.0,0.0,1.4272515613811265e-07,1.4272515613811265e-07,1.4272515613811265e-07,2.1408773420716898e-07
B_tbl_minus_hqql,mod.blocks.3.attn.h7,electron<-muon,0.00022697595704812557,1.4136368520212272e-07,0.0,0.0,0.0,1.4136368520212272e-07,1.4136368520212272e-07,1.4136368520212272e-07,2.1204552780318409e-07
signed_hqql_tbl,mod.blocks.1.attn.h7,muon<-muon,1.3491444406099617e-06,-3.361402889368037e-08,-3.661221885664645e-07,-1.316097524295401e-07,1.9107798010509214e-07,3.3250815967278413e-07,9.799572353585972e-08,3.361402889368037e-08,1.9986810873007244e-07
B_tbl_minus_hqql,mod.blocks.7.attn.h3,muon<-electron,2.332536860194523e-05,1.2734474807984952e-07,0.0,0.0,0.0,1.2734474807984952e-07,1.2734474807984952e-07,1.2734474807984952e-07,1.9101712211977429e-07
B_tbl_minus_hqql,mod.blocks.4.attn.h5,muon<-neutral_hadron,7.954510510899127e-05,1.2295250826355186e-07,0.0,0.0,0.0,1.2295250826355186e-07,1.2295250826355186e-07,1.2295250826355186e-07,1.8442876239532777e-07
B_tbl_minus_hqql,mod.blocks.3.attn.h5,muon<-muon,6.623783974646358e-06,1.2141043725932832e-07,0.0,0.0,0.0,1.2141043725932832e-07,1.2141043725932832e-07,1.2141043725932832e-07,1.8211565588899248e-07
signed_hqql_tbl,mod.blocks.7.attn.h7,electron<-muon,1.8382451116849552e-08,-3.184508212683568e-11,-3.637746317508572e-07,0.0,0.0,3.637427866687304e-07,-3.184508212683568e-11,3.184508212683568e-11,1.8190323841649203e-07
B_tbl_minus_hqql,mod.blocks.2.attn.h0,muon<-electron,1.0361052773077972e-05,1.2028252172058274e-07,0.0,0.0,0.0,1.2028252172058274e-07,1.2028252172058274e-07,1.2028252172058274e-07,1.804237825808741e-07
B_tbl_minus_hqql,mod.blocks.7.attn.h1,muon<-muon,0.00023471999156754464,-1.1592096882395708e-07,0.0,0.0,0.0,-1.1592096882395708e-07,-1.1592096882395708e-07,1.1592096882395708e-07,1.7388145323593562e-07
B_tbl_minus_hqql,mod.blocks.6.attn.h1,electron<-electron,0.00013112967038371912,-1.1120590601463063e-07,0.0,0.0,0.0,-1.1120590601463063e-07,-1.1120590601463063e-07,1.1120590601463063e-07,1.6680885902194595e-07
B_tbl_minus_hqql,mod.blocks.3.attn.h5,electron<-neutral_hadron,0.00022052515608568987,-1.0890891678206605e-07,0.0,0.0,0.0,-1.0890891678206605e-07,-1.0890891678206605e-07,1.0890891678206605e-07,1.6336337517309909e-07
B_tbl_minus_hqql,mod.blocks.5.attn.h1,muon<-electron,2.7680320272338577e-05,1.0486628809758258e-07,0.0,0.0,0.0,1.0486628809758258e-07,1.0486628809758258e-07,1.0486628809758258e-07,1.5729943214637387e-07
B_tbl_minus_hqql,mod.blocks.1.attn.h0,electron<-muon,1.6566162230446935e-05,1.0204780664935242e-07,0.0,0.0,0.0,1.0204780664935242e-07,1.0204780664935242e-07,1.0204780664935242e-07,1.5307170997402864e-07
B_tbl_minus_hqql,mod.blocks.2.attn.h0,electron<-muon,4.5351604057941586e-05,-1.0168717068381738e-07,0.0,0.0,0.0,-1.0168717068381738e-07,-1.0168717068381738e-07,1.0168717068381738e-07,1.5253075602572608e-07
B_tbl_minus_hqql,mod.blocks.0.attn.h0,neutral_hadron<-charged_hadron,0.026220545381391083,9.976166981358488e-08,0.0,0.0,0.0,9.976166981358488e-08,9.976166981358488e-08,9.976166981358488e-08,1.4964250472037731e-07
signed_hqql_tbl,mod.blocks.6.attn.h1,muon<-muon,1.3293720257934183e-06,-7.527196999035368e-08,6.795271234594225e-08,-1.0327677379962097e-08,1.832708889537571e-06,-1.4322468233629593e-07,-6.494429261039159e-08,7.527196999035368e-08,1.4688431115850165e-07
B_tbl_minus_hqql,mod.blocks.5.attn.h1,muon<-muon,0.00013635522918775678,9.638626607966216e-08,0.0,0.0,0.0,9.638626607966216e-08,9.638626607966216e-08,9.638626607966216e-08,1.4457939911949325e-07
B_tbl_minus_hqql,mod.blocks.5.attn.h5,muon<-muon,1.9772647647187114e-05,9.055747085540133e-08,0.0,0.0,0.0,9.055747085540133e-08,9.055747085540133e-08,9.055747085540133e-08,1.35836206283102e-07
signed_hqql_tbl,mod.blocks.7.attn.h5,muon<-neutral_hadron,8.252816769527272e-07,2.526583919859604e-09,2.5623080546210986e-07,5.608227729680948e-05,-1.5375585717218125e-06,-2.5370422154225023e-07,-5.607975071288962e-05,2.526583919859604e-09,1.2937869469098471e-07
B_tbl_minus_hqql,mod.blocks.2.attn.h2,electron<-electron,3.92331693951241e-05,8.380065846185718e-08,0.0,0.0,0.0,8.380065846185718e-08,8.380065846185718e-08,8.380065846185718e-08,1.2570098769278576e-07
B_tbl_minus_hqql,mod.blocks.7.attn.h6,muon<-muon,7.962898052937817e-06,8.17269807384946e-08,0.0,0.0,0.0,8.17269807384946e-08,8.17269807384946e-08,8.17269807384946e-08,1.225904711077419e-07
B_tbl_minus_hqql,mod.blocks.7.attn.h1,electron<-muon,5.3392570407595485e-05,-8.026744069411507e-08,0.0,0.0,0.0,-8.026744069411507e-08,-8.026744069411507e-08,8.026744069411507e-08,1.204011610411726e-07
B_tbl_minus_hqql,mod.blocks.6.attn.h1,muon<-muon,1.329373390035471e-06,-7.527206236090933e-08,0.0,0.0,0.0,-7.527206236090933e-08,-7.527206236090933e-08,7.527206236090933e-08,1.12908093541364e-07
B_tbl_minus_hqql,mod.blocks.6.attn.h2,muon<-electron,1.9208198864362203e-05,7.469438401130901e-08,0.0,0.0,0.0,7.469438401130901e-08,7.469438401130901e-08,7.469438401130901e-08,1.1204157601696352e-07
B_tbl_minus_hqql,mod.blocks.7.attn.h0,muon<-muon,4.695125244325027e-05,7.377830257837559e-08,0.0,0.0,0.0,7.377830257837559e-08,7.377830257837559e-08,7.377830257837559e-08,1.1066745386756338e-07
signed_hqql_tbl,mod.blocks.7.attn.h7,electron<-electron,1.7866183144279703e-06,-1.288749613970186e-09,-2.197385437374569e-07,-5.667725981826447e-10,1.9177115069546335e-10,2.184497941234867e-07,-7.219770157875413e-10,1.288749613970186e-09,1.1051364667571354e-07
B_tbl_minus_hqql,mod.blocks.4.attn.h7,electron<-electron,3.1278904821697826e-05,-7.297127958673224e-08,0.0,0.0,0.0,-7.297127958673224e-08,-7.297127958673224e-08,7.297127958673224e-08,1.0945691938009835e-07
B_tbl_minus_hqql,mod.blocks.5.attn.h2,neutral_hadron<-muon,4.769359074998647e-05,-7.053671424728236e-08,0.0,0.0,0.0,-7.053671424728236e-08,-7.053671424728236e-08,7.053671424728236e-08,1.0580507137092354e-07
B_tbl_minus_hqql,mod.blocks.3.attn.h2,electron<-muon,6.310296157607809e-05,-6.974060084985467e-08,0.0,0.0,0.0,-6.974060084985467e-08,-6.974060084985467e-08,6.974060084985467e-08,1.0461090127478201e-07
B_tbl_minus_hqql,mod.blocks.1.attn.h0,electron<-electron,1.266344568446382e-05,6.709492023699366e-08,0.0,0.0,0.0,6.709492023699366e-08,6.709492023699366e-08,6.709492023699366e-08,1.0064238035549049e-07
B_tbl_minus_hqql,mod.blocks.5.attn.h2,muon<-electron,4.585600891005015e-06,-6.563191590203132e-08,0.0,0.0,0.0,-6.563191590203132e-08,-6.563191590203132e-08,6.563191590203132e-08,9.844787385304699e-08
signed_hqql_tbl,mod.blocks.7.attn.h1,muon<-electron,6.058875783310214e-07,-7.44607309144385e-09,1.7438625832255639e-07,0.0,0.0,-1.8183233141400024e-07,-7.44607309144385e-09,7.44607309144385e-09,9.836223879844397e-08
signed_hqql_tbl,mod.blocks.2.attn.h7,muon<-muon,1.318588829235523e-06,-4.088401173163447e-09,-1.802622211499738e-07,1.7336161672876216e-10,-3.656626290649001e-08,1.7617381997681036e-07,-4.2617627898922095e-09,4.088401173163447e-09,9.217531116156863e-08
B_tbl_minus_hqql,mod.blocks.1.attn.h2,photon<-muon,0.012935993671417236,-5.8058649301528934e-08,0.0,0.0,0.0,-5.8058649301528934e-08,-5.8058649301528934e-08,5.8058649301528934e-08,8.70879739522934e-08
B_tbl_minus_hqql,mod.blocks.2.attn.h2,electron<-muon,1.6931175196077675e-05,-5.50052838832471e-08,0.0,0.0,0.0,-5.50052838832471e-08,-5.50052838832471e-08,5.50052838832471e-08,8.250792582487065e-08
B_tbl_minus_hqql,mod.blocks.4.attn.h4,charged_hadron<-charged_hadron,0.022598876608380173,-5.4670663301971966e-08,0.0,0.0,0.0,-5.4670663301971966e-08,-5.4670663301971966e-08,5.4670663301971966e-08,8.200599495295794e-08
signed_hqql_tbl,mod.blocks.7.attn.h0,muon<-muon,4.695131065091118e-05,7.377811783726429e-08,5.8095000929478044e-08,-1.2945884009241126e-07,1.5992964108590968e-07,1.5683116907786246e-08,2.0323695792967555e-07,7.377811783726429e-08,8.161967629115741e-08
B_tbl_minus_hqql,mod.blocks.4.attn.h7,electron<-muon,2.4985658455989324e-05,5.3451415737981733e-08,0.0,0.0,0.0,5.3451415737981733e-08,5.3451415737981733e-08,5.3451415737981733e-08,8.01771236069726e-08
signed_hqql_tbl,mod.blocks.1.attn.h7,electron<-electron,3.114100359703621e-06,3.77242183170602e-09,1.5532807140505867e-07,-1.442083695975723e-08,5.02212604835961e-10,-1.5155564957335264e-07,1.819325879146325e-08,3.77242183170602e-09,7.955024661838235e-08
signed_hqql_tbl,mod.cls_blocks.1.attn.h0,charged_hadron<-electron,0.0011477558291517198,-5.2127234084764495e-08,0.0,-9.539142411085777e-05,0.0,-5.2127234084764495e-08,9.5339296876773e-05,5.2127234084764495e-08,7.819085112714674e-08
B_tbl_minus_hqql,mod.blocks.3.attn.h2,muon<-muon,2.342816287637106e-06,5.074273445870858e-08,0.0,0.0,0.0,5.074273445870858e-08,5.074273445870858e-08,5.074273445870858e-08,7.611410168806287e-08
signed_hqql_tbl,mod.blocks.5.attn.h0,muon<-muon,3.2625437142996816e-06,3.9862356970843393e-08,-3.019959732286637e-08,-5.591280771710672e-10,-3.026626549385014e-08,7.006195429370976e-08,4.042148504801446e-08,3.9862356970843393e-08,7.489333411769827e-08
signed_hqql_tbl,mod.blocks.0.attn.h0,muon<-muon,2.551600573497126e-06,4.7285762860838076e-08,-3.7189895607525614e-10,3.123527960724459e-07,2.2882203989382788e-06,4.765766181691333e-08,-2.6506703321160785e-07,4.7285762860838076e-08,7.111459376929474e-08
B_tbl_minus_hqql,mod.blocks.0.attn.h0,muon<-muon,2.551600573497126e-06,4.728572733370129e-08,0.0,0.0,0.0,4.728572733370129e-08,4.728572733370129e-08,4.728572733370129e-08,7.092859100055193e-08
signed_hqql_tbl,mod.blocks.3.attn.h2,muon<-muon,2.3428206077369396e-06,5.074283393469159e-08,8.836202236572888e-08,1.0869189992490647e-08,-1.1382067288678854e-08,-3.761918843103729e-08,3.987364394220094e-08,5.074283393469159e-08,6.955242815021023e-08
B_tbl_minus_hqql,mod.blocks.0.attn.h2,muon<-electron,2.011809783653007e-06,4.593305646949375e-08,0.0,0.0,0.0,4.593305646949375e-08,4.593305646949375e-08,4.593305646949375e-08,6.889958470424062e-08
B_tbl_minus_hqql,mod.blocks.1.attn.h2,muon<-electron,2.757054744506604e-06,4.49732056040375e-08,0.0,0.0,0.0,4.49732056040375e-08,4.49732056040375e-08,4.49732056040375e-08,6.745980840605625e-08
B_tbl_minus_hqql,mod.blocks.5.attn.h5,muon<-neutral_hadron,9.174096339847892e-06,4.471762053981365e-08,0.0,0.0,0.0,4.471762053981365e-08,4.471762053981365e-08,4.471762053981365e-08,6.707643080972047e-08
signed_hqql_tbl,mod.blocks.6.attn.h6,muon<-muon,2.6856985968493063e-08,9.907782233531393e-11,1.3300185486286864e-07,-6.551920783692822e-09,1.2241516134103847e-09,-1.3290277704053333e-07,6.650998606028136e-09,9.907782233531393e-11,6.655046634260198e-08
B_tbl_minus_hqql,mod.blocks.2.attn.h7,electron<-electron,7.252714264420017e-05,-4.184784548518413e-08,0.0,0.0,0.0,-4.184784548518413e-08,-4.184784548518413e-08,4.184784548518413e-08,6.277176822777619e-08
B_tbl_minus_hqql,mod.blocks.1.attn.h2,muon<-muon,1.9460554540273733e-05,-4.049522672744388e-08,0.0,0.0,0.0,-4.049522672744388e-08,-4.049522672744388e-08,4.049522672744388e-08,6.074284009116582e-08
B_tbl_minus_hqql,mod.blocks.7.attn.h1,electron<-electron,0.00012682692573030686,4.033554448470669e-08,0.0,0.0,0.0,4.033554448470669e-08,4.033554448470669e-08,4.033554448470669e-08,6.050331672706003e-08
B_tbl_minus_hqql,mod.blocks.5.attn.h0,muon<-muon,3.262545533289085e-06,3.986237473441179e-08,0.0,0.0,0.0,3.986237473441179e-08,3.986237473441179e-08,3.986237473441179e-08,5.979356210161768e-08
signed_hqql_tbl,mod.cls_blocks.1.attn.h3,muon<-photon,0.0,0.0,-1.1339222344924399e-07,0.0,0.0,1.1339222344924399e-07,0.0,0.0,5.6696111724621995e-08
signed_hqql_tbl,mod.blocks.4.attn.h1,muon<-electron,2.875982772820862e-06,2.142108534997078e-08,9.034835102283978e-08,0.0,0.0,-6.8927265672869e-08,2.142108534997078e-08,2.142108534997078e-08,5.588471818640528e-08
B_tbl_minus_hqql,mod.blocks.7.attn.h0,electron<-muon,8.081171836238354e-05,3.7136906883006304e-08,0.0,0.0,0.0,3.7136906883006304e-08,3.7136906883006304e-08,3.7136906883006304e-08,5.5705360324509456e-08
B_tbl_minus_hqql,mod.blocks.4.attn.h5,muon<-muon,3.398580702196341e-06,3.637518730670308e-08,0.0,0.0,0.0,3.637518730670308e-08,3.637518730670308e-08,3.637518730670308e-08,5.4562780960054624e-08
B_tbl_minus_hqql,mod.blocks.7.attn.h2,muon<-muon,1.8113796613761224e-05,3.598683662175972e-08,0.0,0.0,0.0,3.598683662175972e-08,3.598683662175972e-08,3.598683662175972e-08,5.398025493263958e-08
B_tbl_minus_hqql,mod.blocks.2.attn.h2,muon<-electron,4.239926056470722e-06,3.5027632350193016e-08,0.0,0.0,0.0,3.5027632350193016e-08,3.5027632350193016e-08,3.5027632350193016e-08,5.2541448525289525e-08
B_tbl_minus_hqql,mod.blocks.3.attn.h2,muon<-electron,9.608102118363604e-07,3.3673018151603173e-08,0.0,0.0,0.0,3.3673018151603173e-08,3.3673018151603173e-08,3.3673018151603173e-08,5.050952722740476e-08
B_tbl_minus_hqql,mod.blocks.1.attn.h7,muon<-muon,1.3491431900547468e-06,-3.361399336654358e-08,0.0,0.0,0.0,-3.361399336654358e-08,-3.361399336654358e-08,3.361399336654358e-08,5.042099004981537e-08
signed_hqql_tbl,mod.blocks.6.attn.h5,muon<-muon,2.763065367616946e-07,1.475187083599394e-09,-9.355350272244323e-08,3.3585765280008673e-09,-1.0523196758427389e-08,9.502868980604262e-08,-1.883389444401473e-09,1.475187083599394e-09,4.8989531986620705e-08
B_tbl_minus_hqql,mod.blocks.2.attn.h5,neutral_hadron<-electron,0.002559364704346215,3.1926228311257785e-08,0.0,0.0,0.0,3.1926228311257785e-08,3.1926228311257785e-08,3.1926228311257785e-08,4.7889342466886674e-08
signed_hqql_tbl,mod.cls_blocks.1.attn.h6,muon<-CLS,0.0,0.0,9.494711150637158e-08,0.0,0.0,-9.494711150637158e-08,0.0,0.0,4.747355575318579e-08
B_tbl_minus_hqql,mod.blocks.5.attn.h0,electron<-muon,4.765419816976646e-06,2.9655943478701374e-08,0.0,0.0,0.0,2.9655943478701374e-08,2.9655943478701374e-08,2.9655943478701374e-08,4.448391521805206e-08
signed_hqql_tbl,mod.blocks.3.attn.h6,muon<-muon,5.813851089442323e-07,9.014843094234948e-09,-6.01766991792374e-08,2.2007164091064624e-07,-5.244285948435845e-05,6.919154227347235e-08,-2.110567978164113e-07,9.014843094234948e-09,4.361061423097112e-08
B_tbl_minus_hqql,mod.blocks.5.attn.h0,muon<-electron,2.0197435333102476e-06,2.8138515517639462e-08,0.0,0.0,0.0,2.8138515517639462e-08,2.8138515517639462e-08,2.8138515517639462e-08,4.220777327645919e-08
B_tbl_minus_hqql,mod.blocks.4.attn.h5,electron<-photon,0.010217975915932074,2.804023093572104e-08,0.0,0.0,0.0,2.804023093572104e-08,2.804023093572104e-08,2.804023093572104e-08,4.206034640358156e-08
signed_hqql_tbl,mod.blocks.7.attn.h2,muon<-muon,1.8113776604877785e-05,3.5986733593063036e-08,4.0645600357658296e-08,-7.580448269095541e-09,1.4229060429915563e-09,-4.65886676459526e-09,4.356718186215858e-08,3.5986733593063036e-08,3.8316166975360666e-08
B_tbl_minus_hqql,mod.blocks.0.attn.h7,electron<-muon,1.301795055042021e-05,-2.4801295239740284e-08,0.0,0.0,0.0,-2.4801295239740284e-08,-2.4801295239740284e-08,2.4801295239740284e-08,3.7201942859610426e-08
B_tbl_minus_hqql,mod.blocks.5.attn.h0,electron<-electron,3.6920593831584683e-06,2.4442948998171232e-08,0.0,0.0,0.0,2.4442948998171232e-08,2.4442948998171232e-08,2.4442948998171232e-08,3.666442349725685e-08
B_tbl_minus_hqql,mod.blocks.0.attn.h2,electron<-muon,4.153480404056609e-06,2.432854095957282e-08,0.0,0.0,0.0,2.432854095957282e-08,2.432854095957282e-08,2.432854095957282e-08,3.649281143935923e-08
B_tbl_minus_hqql,mod.blocks.0.attn.h0,electron<-electron,6.017081533274096e-06,-2.4171296149807137e-08,0.0,0.0,0.0,-2.4171296149807137e-08,-2.4171296149807137e-08,2.4171296149807137e-08,3.625694422471071e-08
B_tbl_minus_hqql,mod.blocks.0.attn.h0,electron<-muon,4.1261127989855595e-06,-2.379917418693367e-08,0.0,0.0,0.0,-2.379917418693367e-08,-2.379917418693367e-08,2.379917418693367e-08,3.5698761280400504e-08
B_tbl_minus_hqql,mod.blocks.5.attn.h1,electron<-muon,0.00022861608886159956,2.2589599524280857e-08,0.0,0.0,0.0,2.2589599524280857e-08,2.2589599524280857e-08,2.2589599524280857e-08,3.3884399286421285e-08
B_tbl_minus_hqql,mod.blocks.4.attn.h1,muon<-electron,2.875978680094704e-06,2.1421017848410884e-08,0.0,0.0,0.0,2.1421017848410884e-08,2.1421017848410884e-08,2.1421017848410884e-08,3.2131526772616326e-08
B_tbl_minus_hqql,mod.blocks.5.attn.h7,electron<-electron,1.5844073156282928e-05,2.1070148292778867e-08,0.0,0.0,0.0,2.1070148292778867e-08,2.1070148292778867e-08,2.1070148292778867e-08,3.16052224391683e-08
B_tbl_minus_hqql,mod.blocks.1.attn.h0,muon<-electron,5.8646169236453716e-06,1.736826682474657e-08,0.0,0.0,0.0,1.736826682474657e-08,1.736826682474657e-08,1.736826682474657e-08,2.6052400237119855e-08
B_tbl_minus_hqql,mod.blocks.5.attn.h6,muon<-muon,9.975810826290399e-06,1.716857944700223e-08,0.0,0.0,0.0,1.716857944700223e-08,1.716857944700223e-08,1.716857944700223e-08,2.5752869170503345e-08
B_tbl_minus_hqql,mod.blocks.1.attn.h2,electron<-muon,8.39766926219454e-06,-1.7023591425413542e-08,0.0,0.0,0.0,-1.7023591425413542e-08,-1.7023591425413542e-08,1.7023591425413542e-08,2.5535387138120313e-08
signed_hqql_tbl,mod.blocks.3.attn.h0,muon<-muon,4.537924723990727e-06,-8.955978181290902e-09,-3.155893768536089e-08,1.7653507100590105e-08,-3.017498881874303e-07,2.2602959504069986e-08,-2.6609485281881007e-08,8.955978181290902e-09,2.0257457933325895e-08
B_tbl_minus_hqql,mod.blocks.7.attn.h5,muon<-muon,7.2138727773563005e-06,1.2428149176457737e-08,0.0,0.0,0.0,1.2428149176457737e-08,1.2428149176457737e-08,1.2428149176457737e-08,1.8642223764686605e-08
signed_hqql_tbl,mod.blocks.2.attn.h0,muon<-muon,1.5179844012891408e-05,2.8542695984512534e-10,3.6240153988842394e-08,5.514443568443994e-09,-5.874821340512426e-07,-3.595472702899727e-08,-5.229016608598869e-09,2.8542695984512534e-10,1.826279047434376e-08
signed_hqql_tbl,mod.cls_blocks.1.attn.h3,muon<-charged_hadron,0.0,0.0,-3.354017223955452e-08,0.0,0.0,3.354017223955452e-08,0.0,0.0,1.677008611977726e-08
B_tbl_minus_hqql,mod.blocks.6.attn.h7,muon<-electron,1.1013269158866024e-06,-1.0933934646573107e-08,0.0,0.0,0.0,-1.0933934646573107e-08,-1.0933934646573107e-08,1.0933934646573107e-08,1.640090196985966e-08
B_tbl_minus_hqql,mod.blocks.6.attn.h0,electron<-muon,3.053659384022467e-05,1.0239945780199378e-08,0.0,0.0,0.0,1.0239945780199378e-08,1.0239945780199378e-08,1.0239945780199378e-08,1.5359918670299066e-08
B_tbl_minus_hqql,mod.blocks.4.attn.h7,muon<-muon,1.5235935961754876e-06,1.0106286474353965e-08,0.0,0.0,0.0,1.0106286474353965e-08,1.0106286474353965e-08,1.0106286474353965e-08,1.5159429711530947e-08
B_tbl_minus_hqql,mod.blocks.0.attn.h0,muon<-electron,1.8398552583676064e-06,9.316629245859076e-09,0.0,0.0,0.0,9.316629245859076e-09,9.316629245859076e-09,9.316629245859076e-09,1.3974943868788614e-08
B_tbl_minus_hqql,mod.blocks.3.attn.h6,muon<-muon,5.813851089442323e-07,9.014850199662305e-09,0.0,0.0,0.0,9.014850199662305e-09,9.014850199662305e-09,9.014850199662305e-09,1.3522275299493458e-08
B_tbl_minus_hqql,mod.blocks.3.attn.h0,muon<-muon,4.537921540759271e-06,-8.955971964041964e-09,0.0,0.0,0.0,-8.955971964041964e-09,-8.955971964041964e-09,8.955971964041964e-09,1.3433957946062947e-08
B_tbl_minus_hqql,mod.blocks.7.attn.h1,muon<-electron,6.058880330783722e-07,-7.446081085049627e-09,0.0,0.0,0.0,-7.446081085049627e-09,-7.446081085049627e-09,7.446081085049627e-09,1.1169121627574441e-08
B_tbl_minus_hqql,mod.blocks.7.attn.h2,muon<-electron,3.69199256056163e-06,6.874861124828158e-09,0.0,0.0,0.0,6.874861124828158e-09,6.874861124828158e-09,6.874861124828158e-09,1.0312291687242237e-08
signed_hqql_tbl,mod.cls_blocks.1.attn.h3,muon<-neutral_hadron,0.0,0.0,-1.9293018738153478e-08,0.0,0.0,1.9293018738153478e-08,0.0,0.0,9.646509369076739e-09
B_tbl_minus_hqql,mod.blocks.5.attn.h7,electron<-muon,2.2381034341378836e-06,6.075623115719964e-09,0.0,0.0,0.0,6.075623115719964e-09,6.075623115719964e-09,6.075623115719964e-09,9.113434673579945e-09
B_tbl_minus_hqql,mod.blocks.3.attn.h7,muon<-muon,1.479671993820375e-07,-5.723480356323307e-09,0.0,0.0,0.0,-5.723480356323307e-09,-5.723480356323307e-09,5.723480356323307e-09,8.58522053448496e-09
B_tbl_minus_hqql,mod.blocks.4.attn.h7,muon<-electron,1.2827351838495815e-06,5.344243270144489e-09,0.0,0.0,0.0,5.344243270144489e-09,5.344243270144489e-09,5.344243270144489e-09,8.016364905216733e-09
B_tbl_minus_hqql,mod.blocks.1.attn.h7,electron<-muon,8.812120313450578e-07,-5.139904946105389e-09,0.0,0.0,0.0,-5.139904946105389e-09,-5.139904946105389e-09,5.139904946105389e-09,7.709857419158084e-09
signed_hqql_tbl,mod.blocks.6.attn.h7,muon<-muon,6.784833885831176e-07,1.9927064442981646e-09,-8.16378253887251e-09,-3.9672229945608706e-08,-1.359833681213729e-07,1.0156488983170675e-08,4.166493638990687e-08,1.9927064442981646e-09,7.070950935883502e-09
signed_hqql_tbl,mod.blocks.3.attn.h7,muon<-muon,1.479671993820375e-07,-5.723481244501727e-09,-3.5530070136013947e-09,9.811647050383954e-10,-2.9287753111617576e-08,-2.170474230900332e-09,-6.704645949540122e-09,5.723481244501727e-09,6.808718359951893e-09
B_tbl_minus_hqql,mod.blocks.6.attn.h7,electron<-muon,2.7491212222230388e-06,-4.533232456083169e-09,0.0,0.0,0.0,-4.533232456083169e-09,-4.533232456083169e-09,4.533232456083169e-09,6.799848684124754e-09
B_tbl_minus_hqql,mod.blocks.2.attn.h7,muon<-muon,1.3185891702960362e-06,-4.088417160375002e-09,0.0,0.0,0.0,-4.088417160375002e-09,-4.088417160375002e-09,4.088417160375002e-09,6.132625740562503e-09
B_tbl_minus_hqql,mod.blocks.1.attn.h2,electron<-electron,7.715375836091374e-06,3.993493733231743e-09,0.0,0.0,0.0,3.993493733231743e-09,3.993493733231743e-09,3.993493733231743e-09,5.990240599847614e-09
B_tbl_minus_hqql,mod.blocks.1.attn.h7,electron<-electron,3.1141006123410384e-06,3.772420006005935e-09,0.0,0.0,0.0,3.772420006005935e-09,3.772420006005935e-09,3.772420006005935e-09,5.6586300090089026e-09
B_tbl_minus_hqql,mod.blocks.7.attn.h7,muon<-electron,5.268479981168639e-07,-3.3613569705437385e-09,0.0,0.0,0.0,-3.3613569705437385e-09,-3.3613569705437385e-09,3.3613569705437385e-09,5.042035455815608e-09
B_tbl_minus_hqql,mod.blocks.7.attn.h2,electron<-muon,9.705946467875037e-06,-3.337379261836304e-09,0.0,0.0,0.0,-3.337379261836304e-09,-3.337379261836304e-09,3.337379261836304e-09,5.006068892754456e-09
B_tbl_minus_hqql,mod.blocks.0.attn.h6,muon<-muon,6.0870443121530116e-05,3.0982341137075764e-09,0.0,0.0,0.0,3.0982341137075764e-09,3.0982341137075764e-09,3.0982341137075764e-09,4.647351170561365e-09
B_tbl_minus_hqql,mod.blocks.3.attn.h7,electron<-electron,2.67121661939503e-05,-3.094279795353335e-09,0.0,0.0,0.0,-3.094279795353335e-09,-3.094279795353335e-09,3.094279795353335e-09,4.641419693030002e-09
B_tbl_minus_hqql,mod.blocks.3.attn.h7,muon<-electron,9.749667242431315e-07,-2.527837272836564e-09,0.0,0.0,0.0,-2.527837272836564e-09,-2.527837272836564e-09,2.527837272836564e-09,3.791755909254846e-09
B_tbl_minus_hqql,mod.blocks.7.attn.h5,muon<-neutral_hadron,8.252814950537868e-07,2.526581610595713e-09,0.0,0.0,0.0,2.526581610595713e-09,2.526581610595713e-09,2.526581610595713e-09,3.789872415893569e-09
B_tbl_minus_hqql,mod.blocks.6.attn.h7,muon<-muon,6.784814559068764e-07,1.9926977845585725e-09,0.0,0.0,0.0,1.9926977845585725e-09,1.9926977845585725e-09,1.9926977845585725e-09,2.9890466768378587e-09
B_tbl_minus_hqql,mod.blocks.7.attn.h0,electron<-electron,9.966318733252895e-07,1.8023917969619798e-09,0.0,0.0,0.0,1.8023917969619798e-09,1.8023917969619798e-09,1.8023917969619798e-09,2.7035876954429696e-09
B_tbl_minus_hqql,mod.blocks.6.attn.h0,electron<-electron,1.2320124831433077e-06,1.6738439739199467e-09,0.0,0.0,0.0,1.6738439739199467e-09,1.6738439739199467e-09,1.6738439739199467e-09,2.5107659608799198e-09
B_tbl_minus_hqql,mod.blocks.6.attn.h5,muon<-muon,2.7630585464066826e-07,1.4751823096403882e-09,0.0,0.0,0.0,1.4751823096403882e-09,1.4751823096403882e-09,1.4751823096403882e-09,2.2127734644605823e-09
B_tbl_minus_hqql,mod.blocks.0.attn.h2,electron<-electron,1.6852719808311021e-06,1.4251210088565989e-09,0.0,0.0,0.0,1.4251210088565989e-09,1.4251210088565989e-09,1.4251210088565989e-09,2.1376815132848983e-09
B_tbl_minus_hqql,mod.blocks.1.attn.h7,muon<-electron,8.5351103962239e-08,-1.4016604543698463e-09,0.0,0.0,0.0,-1.4016604543698463e-09,-1.4016604543698463e-09,1.4016604543698463e-09,2.1024906815547695e-09
B_tbl_minus_hqql,mod.blocks.7.attn.h7,electron<-electron,1.7866203797388557e-06,-1.2887515329598445e-09,0.0,0.0,0.0,-1.2887515329598445e-09,-1.2887515329598445e-09,1.2887515329598445e-09,1.9331272994397666e-09
B_tbl_minus_hqql,mod.blocks.4.attn.h0,muon<-electron,1.9256999621575233e-06,-8.221364700133904e-10,0.0,0.0,0.0,-8.221364700133904e-10,-8.221364700133904e-10,8.221364700133904e-10,1.2332047050200856e-09
B_tbl_minus_hqql,mod.blocks.7.attn.h2,electron<-electron,1.2479716057593275e-06,7.552762489500727e-10,0.0,0.0,0.0,7.552762489500727e-10,7.552762489500727e-10,7.552762489500727e-10,1.132914373425109e-09
B_tbl_minus_hqql,mod.blocks.2.attn.h7,electron<-muon,2.7207743187318556e-06,7.3948047685235e-10,0.0,0.0,0.0,7.3948047685235e-10,7.3948047685235e-10,7.3948047685235e-10,1.109220715278525e-09
B_tbl_minus_hqql,mod.blocks.5.attn.h7,muon<-electron,5.976077943614655e-08,7.088109543751386e-10,0.0,0.0,0.0,7.088109543751386e-10,7.088109543751386e-10,7.088109543751386e-10,1.063216431562708e-09
B_tbl_minus_hqql,mod.blocks.6.attn.h0,muon<-electron,9.429054443899076e-07,-6.884905423554244e-10,0.0,0.0,0.0,-6.884905423554244e-10,-6.884905423554244e-10,6.884905423554244e-10,1.0327358135331366e-09
B_tbl_minus_hqql,mod.blocks.2.attn.h0,muon<-muon,1.5179846741375513e-05,2.8555183217982005e-10,0.0,0.0,0.0,2.8555183217982005e-10,2.8555183217982005e-10,2.8555183217982005e-10,4.283277482697301e-10
B_tbl_minus_hqql,mod.blocks.2.attn.h2,muon<-muon,1.6711463104002178e-05,1.7591075818224056e-10,0.0,0.0,0.0,1.7591075818224056e-10,1.7591075818224056e-10,1.7591075818224056e-10,2.6386613727336083e-10
B_tbl_minus_hqql,mod.blocks.6.attn.h6,muon<-muon,2.685693623050156e-08,9.907814846332741e-11,0.0,0.0,0.0,9.907814846332741e-11,9.907814846332741e-11,9.907814846332741e-11,1.4861722269499111e-10
signed_hqql_tbl,mod.cls_blocks.1.attn.h3,muon<-CLS,0.0,0.0,1.4574104423292766e-10,0.0,0.0,-1.4574104423292766e-10,0.0,0.0,7.287052211646383e-11
signed_hqql_tbl,mod.blocks.7.attn.h7,muon<-muon,7.150913639009104e-09,-3.6876748182868013e-11,-8.584900672292672e-11,-8.156734732089888e-10,-3.2762285050690065e-10,4.897225854005871e-11,7.787967250261207e-10,3.6876748182868013e-11,6.136287745289737e-11
B_tbl_minus_hqql,mod.blocks.7.attn.h7,muon<-muon,7.150914971276734e-09,-3.687676206065582e-11,0.0,0.0,0.0,-3.687676206065582e-11,-3.687676206065582e-11,3.687676206065582e-11,5.531514309098373e-11
B_tbl_minus_hqql,mod.blocks.7.attn.h7,electron<-muon,1.8382442235065355e-08,-3.1845075187941774e-11,0.0,0.0,0.0,-3.1845075187941774e-11,-3.1845075187941774e-11,3.1845075187941774e-11,4.776761278191266e-11
B_tbl_minus_hqql,mod.blocks.2.attn.h7,muon<-electron,2.857884169316094e-07,2.956179745439158e-11,0.0,0.0,0.0,2.956179745439158e-11,2.956179745439158e-11,2.956179745439158e-11,4.434269618158737e-11
signed_hqql_tbl,mod.cls_blocks.0.attn.h4,photon<-muon,0.0,0.0,0.0,0.0,0.00884963572025299,0.0,0.0,0.0,0.0
signed_hqql_tbl,mod.cls_blocks.0.attn.h6,photon<-muon,0.0,0.0,0.0,0.0,-0.00822696927934885,0.0,0.0,0.0,0.0
signed_hqql_tbl,mod.cls_blocks.0.attn.h5,photon<-muon,0.0,0.0,0.0,0.0,-0.008041797205805779,0.0,0.0,0.0,0.0
signed_hqql_tbl,mod.cls_blocks.0.attn.h2,photon<-muon,0.0,0.0,0.0,0.0,-0.0067117102444171906,0.0,0.0,0.0,0.0
signed_hqql_tbl,mod.cls_blocks.0.attn.h7,photon<-muon,0.0,0.0,0.0,0.0,-0.0012834978988394141,0.0,0.0,0.0,0.0
signed_hqql_tbl,mod.cls_blocks.1.attn.h6,photon<-muon,0.0,0.0,0.0,0.0,0.0008742990903556347,0.0,0.0,0.0,0.0
signed_hqql_tbl,mod.cls_blocks.0.attn.h1,photon<-muon,0.0,0.0,0.0,0.0,0.0007376067223958671,0.0,0.0,0.0,0.0
signed_hqql_tbl,mod.cls_blocks.0.attn.h0,photon<-muon,0.0,0.0,0.0,0.0,-0.0006191541906446218,0.0,0.0,0.0,0.0
signed_hqql_tbl,mod.cls_blocks.0.attn.h3,photon<-muon,0.0,0.0,0.0,0.0,-0.0005008729640394449,0.0,0.0,0.0,0.0
signed_hqql_tbl,mod.cls_blocks.1.attn.h5,photon<-muon,0.0,0.0,0.0,0.0,0.0002497099048923701,0.0,0.0,0.0,0.0
signed_hqql_tbl,mod.cls_blocks.1.attn.h1,photon<-muon,0.0,0.0,0.0,0.0,-0.0002472528722137213,0.0,0.0,0.0,0.0
signed_hqql_tbl,mod.cls_blocks.1.attn.h7,photon<-muon,0.0,0.0,0.0,0.0,0.00020265558850951493,0.0,0.0,0.0,0.0
signed_hqql_tbl,mod.cls_blocks.1.attn.h0,photon<-muon,0.0,0.0,0.0,0.0,0.00015711794549133629,0.0,0.0,0.0,0.0
signed_hqql_tbl,mod.cls_blocks.1.attn.h3,photon<-muon,0.0,0.0,0.0,0.0,3.0889565096003935e-05,0.0,0.0,0.0,0.0
signed_hqql_tbl,mod.cls_blocks.1.attn.h2,photon<-muon,0.0,0.0,0.0,0.0,2.8166952688479796e-05,0.0,0.0,0.0,0.0
signed_hqql_tbl,mod.cls_blocks.1.attn.h4,photon<-muon,0.0,0.0,0.0,0.0,-8.851098755258135e-06,0.0,0.0,0.0,0.0
