objective,head_id,pair_role,B_mean_A,B_mean_AxGrad,A_mean_AxGrad,C_mean_AxGrad,D_mean_AxGrad,B_minus_A_AxGrad,B_minus_C_AxGrad,abs_B_mean_AxGrad,support_score
signed_hqql_tbl,mod.cls_blocks.0.attn.h4,neutral_hadron<-CLS,0.07526936754584312,0.2539308276027441,-0.23667879402637482,0.0,0.0,0.4906096216291189,0.2539308276027441,0.2539308276027441,0.49923563841730356
signed_hqql_tbl,mod.cls_blocks.0.attn.h4,CLS<-CLS,0.08342853374779224,0.09093382675200701,-0.20048684114590287,0.0,0.0,0.2914206678979099,0.09093382675200701,0.09093382675200701,0.23664416070096195
signed_hqql_tbl,mod.cls_blocks.0.attn.h6,photon<-CLS,0.08612588793039322,-0.137803852558136,-0.029857908934354783,0.0,0.0,-0.10794594362378121,-0.137803852558136,0.137803852558136,0.19177682437002658
signed_hqql_tbl,mod.cls_blocks.0.attn.h6,charged_hadron<-CLS,0.06590868532657623,-0.09915702790021896,0.046970281956924334,0.0,0.0,-0.14612730985714328,-0.09915702790021896,0.09915702790021896,0.1722206828287906
signed_hqql_tbl,mod.cls_blocks.0.attn.h4,photon<-CLS,0.0957544818520546,-0.1001843586564064,-0.23294146433472634,0.0,0.0,0.13275710567831994,-0.1001843586564064,0.1001843586564064,0.16656291149556637
signed_hqql_tbl,mod.cls_blocks.0.attn.h4,charged_hadron<-CLS,0.08742091804742813,-0.04394198954105377,-0.178480324231916,0.0,0.0,0.13453833469086224,-0.04394198954105377,0.04394198954105377,0.11121115688648489
signed_hqql_tbl,mod.cls_blocks.0.attn.h6,charged_hadron<-muon,0.011826313100755215,-0.0011666350765153766,0.20200972259044647,0.0,-0.0028622126556001604,-0.20317635766696185,-0.0011666350765153766,0.0011666350765153766,0.1027548139099963
signed_hqql_tbl,mod.cls_blocks.0.attn.h4,muon<-CLS,0.0,0.0,-0.20008042454719543,0.0,0.0,0.20008042454719543,0.0,0.0,0.10004021227359772
signed_hqql_tbl,mod.cls_blocks.0.attn.h6,CLS<-CLS,0.06936624087393284,-0.050645697861909866,0.022206538473255932,0.0,0.0,-0.0728522363351658,-0.050645697861909866,0.050645697861909866,0.08707181602949277
signed_hqql_tbl,mod.cls_blocks.0.attn.h6,CLS<-muon,0.011826313100755215,-0.0011666350765153766,0.13097655028104782,0.0011253604898229241,-0.0013062293583061546,-0.1321431853575632,-0.0022919955663383007,0.0011666350765153766,0.06723822775529698
signed_hqql_tbl,mod.cls_blocks.0.attn.h6,CLS<-electron,0.03744105932613214,0.0036825494995961585,0.07888438878580928,0.002667076503712451,-0.0037112055346369744,-0.07520183928621312,0.0010154729958837074,0.0036825494995961585,0.041283469142702714
signed_hqql_tbl,mod.cls_blocks.0.attn.h6,charged_hadron<-electron,0.03744105932613214,0.0036825494995961585,0.07888438878580928,0.0019064449516008608,-0.005603796492020289,-0.07520183928621312,0.0017761045479952977,0.0036825494995961585,0.041283469142702714
signed_hqql_tbl,mod.cls_blocks.0.attn.h6,neutral_hadron<-CLS,0.06271519511938095,0.017189044505357742,0.06118328124284744,0.0,0.0,-0.0439942367374897,0.017189044505357742,0.017189044505357742,0.03918616287410259
signed_hqql_tbl,mod.cls_blocks.0.attn.h1,CLS<-electron,0.055147131284077965,-0.018237596455340583,0.021921519160969183,0.00032100151292979717,0.001444971311138943,-0.04015911561630976,-0.01855859796827038,0.018237596455340583,0.03831715426349547
signed_hqql_tbl,mod.cls_blocks.0.attn.h1,charged_hadron<-electron,0.055147131284077965,-0.018237596455340583,0.021921519160969183,0.0014853494940325618,0.0008918998452524344,-0.04015911561630976,-0.019722945949373145,0.018237596455340583,0.03831715426349547
B_tbl_minus_hqql,mod.cls_blocks.0.attn.h4,neutral_hadron<-neutral_hadron,0.03411527084452765,0.020721285470894406,0.0,0.0,0.0,0.020721285470894406,0.020721285470894406,0.020721285470894406,0.03108192820634161
signed_hqql_tbl,mod.cls_blocks.0.attn.h0,photon<-CLS,0.046259742230176926,-0.011573703959584236,0.026276369206607343,0.0,0.0,-0.03785007316619158,-0.011573703959584236,0.011573703959584236,0.030498740542680026
signed_hqql_tbl,mod.cls_blocks.0.attn.h1,muon<-muon,0.0,0.0,0.06022229790687561,0.0,0.0,-0.06022229790687561,0.0,0.0,0.030111148953437805
signed_hqql_tbl,mod.cls_blocks.0.attn.h6,muon<-muon,0.0,0.0,0.05994337797164917,0.0,0.0,-0.05994337797164917,0.0,0.0,0.029971688985824585
signed_hqql_tbl,mod.cls_blocks.1.attn.h3,charged_hadron<-muon,0.006115611642599106,2.3609420168213546e-05,-0.0561513751745224,0.0,-8.536562745575793e-06,0.05617498459469061,2.3609420168213546e-05,2.3609420168213546e-05,0.02811110171751352
signed_hqql_tbl,mod.cls_blocks.0.attn.h1,neutral_hadron<-CLS,0.021709526889026165,0.013862061779946089,-0.012850082479417324,0.0,0.0,0.026712144259363413,0.013862061779946089,0.013862061779946089,0.027218133909627795
signed_hqql_tbl,mod.cls_blocks.0.attn.h1,CLS<-muon,0.02466333657503128,-0.009773717261850834,0.024774313438683748,0.0009973376290872693,0.012931049466715194,-0.03454803070053458,-0.010771054890938103,0.009773717261850834,0.027047732612118125
signed_hqql_tbl,mod.cls_blocks.0.attn.h1,CLS<-CLS,0.024826685898005962,0.013196073239669204,-0.00713312609877903,0.0,0.0,0.020329199338448234,0.013196073239669204,0.013196073239669204,0.02336067290889332
signed_hqql_tbl,mod.cls_blocks.0.attn.h1,photon<-CLS,0.02825242653489113,0.012836318463087082,-0.007622868753969669,0.0,0.0,0.02045918721705675,0.012836318463087082,0.012836318463087082,0.023065912071615458
signed_hqql_tbl,mod.cls_blocks.0.attn.h1,charged_hadron<-CLS,0.02763526327908039,0.012223850935697556,-0.005971602397039533,0.0,0.0,0.018195453332737088,0.012223850935697556,0.012223850935697556,0.0213215776020661
signed_hqql_tbl,mod.cls_blocks.0.attn.h0,neutral_hadron<-CLS,0.04478915594518185,0.006923871755134314,0.03480248153209686,0.0,0.0,-0.02787860977696255,0.006923871755134314,0.006923871755134314,0.02086317664361559
signed_hqql_tbl,mod.cls_blocks.0.attn.h0,charged_hadron<-CLS,0.056792594492435455,-0.005302149336785078,0.02307174779060814,0.0,0.0,-0.02837389712739322,-0.005302149336785078,0.005302149336785078,0.019489097900481686
signed_hqql_tbl,mod.cls_blocks.1.attn.h3,muon<-muon,0.0,0.0,0.038595858961343765,0.0,0.0,-0.038595858961343765,0.0,0.0,0.019297929480671883
signed_hqql_tbl,mod.cls_blocks.0.attn.h4,neutral_hadron<-neutral_hadron,0.028639487390007292,-0.013505589349993638,-0.02011183773477872,0.007171739099754227,-0.03474892688294252,0.006606248384785083,-0.020677328449747866,0.013505589349993638,0.01680871354238618
signed_hqql_tbl,mod.cls_blocks.0.attn.h6,neutral_hadron<-neutral_hadron,0.01853844736303602,-0.006550696748100953,0.010914908101161322,-0.0026464536268677977,0.010299869440495968,-0.017465604849262274,-0.003904243121233155,0.006550696748100953,0.01528349917273209
B_tbl_minus_hqql,mod.cls_blocks.0.attn.h1,CLS<-muon,0.02466333657503128,-0.009773717261850834,0.0,0.0,0.0,-0.009773717261850834,-0.009773717261850834,0.009773717261850834,0.01466057589277625
B_tbl_minus_hqql,mod.cls_blocks.0.attn.h1,charged_hadron<-muon,0.02466333657503128,-0.009773717261850834,0.0,0.0,0.0,-0.009773717261850834,-0.009773717261850834,0.009773717261850834,0.01466057589277625
B_tbl_minus_hqql,mod.cls_blocks.1.attn.h5,CLS<-electron,0.06782867386937141,0.009702323334446797,0.0,0.0,0.0,0.009702323334446797,0.009702323334446797,0.009702323334446797,0.014553485001670197
B_tbl_minus_hqql,mod.cls_blocks.1.attn.h5,charged_hadron<-electron,0.06782867386937141,0.009702323334446797,0.0,0.0,0.0,0.009702323334446797,0.009702323334446797,0.009702323334446797,0.014553485001670197
signed_hqql_tbl,mod.cls_blocks.0.attn.h0,CLS<-CLS,0.04815766215324402,-0.0007570274465251714,0.024321081524249166,0.0,0.0,-0.025078108970774338,-0.0007570274465251714,0.0007570274465251714,0.01329608193191234
B_tbl_minus_hqql,mod.cls_blocks.0.attn.h1,photon<-neutral_hadron,0.03507875775297483,0.0075410039474566775,0.0,0.0,0.0,0.0075410039474566775,0.0075410039474566775,0.0075410039474566775,0.011311505921185017
B_tbl_minus_hqql,mod.cls_blocks.0.attn.h2,CLS<-muon,0.03596426919102669,-0.007063324097543955,0.0,0.0,0.0,-0.007063324097543955,-0.007063324097543955,0.007063324097543955,0.010594986146315932
B_tbl_minus_hqql,mod.cls_blocks.0.attn.h2,charged_hadron<-muon,0.03596426919102669,-0.007063324097543955,0.0,0.0,0.0,-0.007063324097543955,-0.007063324097543955,0.007063324097543955,0.010594986146315932
signed_hqql_tbl,mod.cls_blocks.1.attn.h4,charged_hadron<-muon,0.015159601345658302,-0.0002431471220916137,-0.020801100879907608,0.0,0.00017146660320577212,0.020557953757815994,-0.0002431471220916137,0.0002431471220916137,0.010522124000999611
signed_hqql_tbl,mod.cls_blocks.0.attn.h6,muon<-CLS,0.0,0.0,0.020678341388702393,0.0,0.0,-0.020678341388702393,0.0,0.0,0.010339170694351196
signed_hqql_tbl,mod.cls_blocks.0.attn.h1,charged_hadron<-muon,0.02466333657503128,-0.009773717261850834,-0.010673671029508114,0.0,0.0024280350480694324,0.00089995376765728,-0.009773717261850834,0.009773717261850834,0.010223694145679474
signed_hqql_tbl,mod.cls_blocks.0.attn.h4,charged_hadron<-muon,0.009749984368681908,-0.002122267382219434,0.013899019919335842,0.0,-0.0032007430272642523,-0.016021287301555276,-0.002122267382219434,0.002122267382219434,0.010132911032997072
signed_hqql_tbl,mod.cls_blocks.0.attn.h2,charged_hadron<-muon,0.03596426919102669,-0.007063324097543955,-0.01234173122793436,0.0,0.0010389731032773852,0.005278407130390406,-0.007063324097543955,0.007063324097543955,0.009702527662739158
signed_hqql_tbl,mod.cls_blocks.0.attn.h4,CLS<-muon,0.009749984368681908,-0.002122267382219434,0.011683992110192776,0.0033546763006597757,0.0003020518779521808,-0.01380625949241221,-0.0054769436828792095,0.002122267382219434,0.009025397128425539
signed_hqql_tbl,mod.cls_blocks.0.attn.h4,neutral_hadron<-charged_hadron,0.018017942968167756,-0.0034231748064293675,0.007729547719160716,-7.569165218894074e-05,0.004848211463810741,-0.011152722525590084,-0.003347483154240427,0.0034231748064293675,0.00899953606922441
signed_hqql_tbl,mod.cls_blocks.0.attn.h4,neutral_hadron<-photon,0.013232351453215987,-0.0012575912944696567,0.013688023794781078,-0.0011852536535559173,0.0036665092859613268,-0.014945615089250734,-7.233764091373941e-05,0.0012575912944696567,0.008730398839095023
signed_hqql_tbl,mod.cls_blocks.0.attn.h7,neutral_hadron<-CLS,0.03611385356634855,0.005476799793541431,-0.00044471019646152854,0.0,0.0,0.00592150999000296,0.005476799793541431,0.005476799793541431,0.008437554788542911
signed_hqql_tbl,mod.cls_blocks.0.attn.h2,CLS<-muon,0.03596426919102669,-0.007063324097543955,-0.008611808065325022,-0.0005599422729574144,-0.0011190104778506793,0.001548483967781067,-0.0065033818245865405,0.007063324097543955,0.007837566081434488
B_tbl_minus_hqql,mod.cls_blocks.0.attn.h4,CLS<-electron,0.02791624640425046,0.0051756370812654495,0.0,0.0,0.0,0.0051756370812654495,0.0051756370812654495,0.0051756370812654495,0.007763455621898174
B_tbl_minus_hqql,mod.cls_blocks.0.attn.h4,charged_hadron<-electron,0.02791624640425046,0.0051756370812654495,0.0,0.0,0.0,0.0051756370812654495,0.0051756370812654495,0.0051756370812654495,0.007763455621898174
B_tbl_minus_hqql,mod.cls_blocks.0.attn.h1,CLS<-electron,0.019131064414978027,0.005156350399677952,0.0,0.0,0.0,0.005156350399677952,0.005156350399677952,0.005156350399677952,0.007734525599516928
B_tbl_minus_hqql,mod.cls_blocks.0.attn.h1,charged_hadron<-electron,0.019131064414978027,0.005156350399677952,0.0,0.0,0.0,0.005156350399677952,0.005156350399677952,0.005156350399677952,0.007734525599516928
signed_hqql_tbl,mod.cls_blocks.0.attn.h0,muon<-CLS,0.0,0.0,0.015307246707379818,0.0,0.0,-0.015307246707379818,0.0,0.0,0.007653623353689909
signed_hqql_tbl,mod.cls_blocks.0.attn.h4,charged_hadron<-neutral_hadron,0.023268153604406577,0.0004975725359355027,-0.013672241776743355,0.0006550450321673503,0.0007850343309756783,0.014169814312678858,-0.00015747249623184758,0.0004975725359355027,0.007582479692274931
signed_hqql_tbl,mod.cls_blocks.1.attn.h3,CLS<-electron,0.13464770803693682,-0.0002909050837539932,-0.013634093716973439,-0.00016274746849376243,-0.00026294393610442056,0.013343188633219446,-0.00012815761526023078,0.0002909050837539932,0.006962499400363717
signed_hqql_tbl,mod.cls_blocks.1.attn.h3,charged_hadron<-electron,0.13464770803693682,-0.0002909050837539932,-0.013634093716973439,8.822422387311235e-06,-0.00039615687758972246,0.013343188633219446,-0.00029972750614130444,0.0002909050837539932,0.006962499400363717
signed_hqql_tbl,mod.cls_blocks.0.attn.h7,CLS<-CLS,0.03620289685204625,0.004051638417877257,-0.0017212035199918319,0.0,0.0,0.005772841937869089,0.004051638417877257,0.004051638417877257,0.006938059386811801
signed_hqql_tbl,mod.cls_blocks.0.attn.h4,CLS<-neutral_hadron,0.024307314720418718,-0.002197075620642863,-0.011282464924959405,0.0024771071596447615,-0.0036191509318459466,0.009085389304316542,-0.004674182780287625,0.002197075620642863,0.006739770272801134
signed_hqql_tbl,mod.cls_blocks.0.attn.h4,photon<-photon,0.01739034242928028,0.001730465330183506,0.011747895329559253,-0.003751598394893367,-0.0032854898783721423,-0.010017429999375747,0.005482063725076872,0.001730465330183506,0.006739180329871379
B_tbl_minus_hqql,mod.cls_blocks.0.attn.h4,CLS<-neutral_hadron,0.026987079065293074,0.004471982085508191,0.0,0.0,0.0,0.004471982085508191,0.004471982085508191,0.004471982085508191,0.006707973128262287
signed_hqql_tbl,mod.cls_blocks.0.attn.h7,charged_hadron<-muon,0.025019511580467224,-0.00010979737271554768,0.012658914551138878,0.0,-0.0012409751070663333,-0.012768711923854426,-0.00010979737271554768,0.00010979737271554768,0.0064941533346427605
signed_hqql_tbl,mod.cls_blocks.0.attn.h0,CLS<-electron,0.021616134171684582,0.003169308887057317,-0.0033025645825546235,-6.356418816721998e-05,-0.001936121960170567,0.006471873469611941,0.003232873075224537,0.003169308887057317,0.006405245621863287
signed_hqql_tbl,mod.cls_blocks.0.attn.h0,charged_hadron<-electron,0.021616134171684582,0.003169308887057317,-0.0033025645825546235,0.0006166576713440008,-0.0031707100570201874,0.006471873469611941,0.002552651215713316,0.003169308887057317,0.006405245621863287
signed_hqql_tbl,mod.cls_blocks.1.attn.h2,neutral_hadron<-CLS,0.002043737709755078,-3.4594427233969327e-07,0.012763064354658127,0.0,0.0,-0.012763410298930467,-3.4594427233969327e-07,3.4594427233969327e-07,0.006382051093737573
signed_hqql_tbl,mod.cls_blocks.0.attn.h1,photon<-neutral_hadron,0.014784953246514002,0.005649005062878132,0.0042866335774306204,0.00100102588268263,-0.0029026297270320356,0.0013623714854475114,0.004647979180195502,0.005649005062878132,0.006330190805601888
signed_hqql_tbl,mod.cls_blocks.0.attn.h2,photon<-photon,0.02071863537033399,-0.0012043413589708507,-0.011182447737556393,-0.0017469719790949904,-0.0006705077217989846,0.009978106378585542,0.0005426306201241396,0.0012043413589708507,0.006193394548263622
signed_hqql_tbl,mod.cls_blocks.1.attn.h5,charged_hadron<-electron,0.03990168310701847,0.005506421924413492,0.004156714625423774,0.013811202312353998,-0.00039390063223739463,0.0013497072989897179,-0.008304780387940507,0.005506421924413492,0.006181275573908351
signed_hqql_tbl,mod.cls_blocks.1.attn.h5,CLS<-electron,0.03990168310701847,0.005506421924413492,0.004156714625423774,0.006575616978807375,-0.0013909944624174385,0.0013497072989897179,-0.0010691950543938828,0.005506421924413492,0.006181275573908351
signed_hqql_tbl,mod.cls_blocks.0.attn.h6,neutral_hadron<-photon,0.014021965824527504,0.0014705215235827145,0.010849188674579967,0.0017333164190252621,-0.002479187490647299,-0.009378667150997253,-0.0002627948954425476,0.0014705215235827145,0.006159855099081341
B_tbl_minus_hqql,mod.cls_blocks.0.attn.h6,neutral_hadron<-neutral_hadron,0.02933980098792485,-0.004088872644518103,0.0,0.0,0.0,-0.004088872644518103,-0.004088872644518103,0.004088872644518103,0.006133308966777155
signed_hqql_tbl,mod.cls_blocks.0.attn.h3,neutral_hadron<-CLS,0.00536638917401433,-0.0007521304578403942,0.009950045496225357,0.0,0.0,-0.010702175954065751,-0.0007521304578403942,0.0007521304578403942,0.00610321843487327
signed_hqql_tbl,mod.cls_blocks.0.attn.h4,photon<-charged_hadron,0.01991338444792706,0.0007764939421220967,0.011140417129005471,0.0028009295576449595,0.002394027396803722,-0.010363923186883374,-0.002024435615522863,0.0007764939421220967,0.005958455535563784
signed_hqql_tbl,mod.cls_blocks.1.attn.h2,charged_hadron<-CLS,0.002786849159747362,-3.978277163696475e-05,0.011226052196434466,0.0,0.0,-0.011265834968071431,-3.978277163696475e-05,3.978277163696475e-05,0.00567270025567268
signed_hqql_tbl,mod.cls_blocks.0.attn.h6,charged_hadron<-neutral_hadron,0.022996309571541272,0.0018004738779451984,-0.005933037986431052,0.0015668812260594008,-0.0010884429147053096,0.0077335118643762505,0.00023359265188579764,0.0018004738779451984,0.0056672298101333235
signed_hqql_tbl,mod.cls_blocks.0.attn.h6,neutral_hadron<-charged_hadron,0.019384811583318208,0.0022733965398449647,-0.00429288645585378,0.0017123810220055465,-0.0006780979506995367,0.006566282995698745,0.0005610155178394183,0.0022733965398449647,0.005556538037694337
signed_hqql_tbl,mod.cls_blocks.0.attn.h1,photon<-charged_hadron,0.02278082655823749,-4.125184015087459e-05,0.010934616400770945,0.002686955796724016,0.0032624627128825523,-0.01097586824092182,-0.002728207636874891,4.125184015087459e-05,0.005529185960611784
signed_hqql_tbl,mod.cls_blocks.1.attn.h4,neutral_hadron<-CLS,0.003777091857045889,1.3620690879179165e-05,-0.010979591868817806,0.0,0.0,0.010993212559696985,1.3620690879179165e-05,1.3620690879179165e-05,0.005510226970727672
signed_hqql_tbl,mod.cls_blocks.1.attn.h5,neutral_hadron<-photon,0.013539840777715048,0.0010822565168326283,0.009875338863242756,0.0011288768444687892,0.00033768242135186465,-0.008793082346410127,-4.662032763616086e-05,0.0010822565168326283,0.005478797690037692
signed_hqql_tbl,mod.cls_blocks.0.attn.h1,charged_hadron<-photon,0.014684129130402837,-0.0016191508535534963,0.006093667789308493,-0.00047715993956749483,0.00223491693673245,-0.007712818642861989,-0.0011419909139860015,0.0016191508535534963,0.005475560174984491
signed_hqql_tbl,mod.cls_blocks.1.attn.h4,CLS<-muon,0.015159601345658302,-0.0002431471220916137,-0.010659357736585662,-0.0005750738782808185,0.00042300285895180423,0.010416210614494048,0.00033192675618920475,0.0002431471220916137,0.005451252429338638
signed_hqql_tbl,mod.cls_blocks.0.attn.h4,CLS<-electron,0.02550004298488299,0.0043270209183295565,0.0064364071731688455,0.0005564747843891382,-0.0001928501413203776,-0.002109386254839289,0.0037705461339404183,0.0043270209183295565,0.0053817140457492006
signed_hqql_tbl,mod.cls_blocks.0.attn.h4,charged_hadron<-electron,0.02550004298488299,0.0043270209183295565,0.0064364071731688455,0.003744381945580244,-0.00245718906323115,-0.002109386254839289,0.0005826389727493124,0.0043270209183295565,0.0053817140457492006
signed_hqql_tbl,mod.cls_blocks.0.attn.h1,CLS<-photon,0.014800308889545694,-0.0013636390407507975,0.006646063373382412,0.0006786711288220955,0.00205314805599052,-0.008009702414133209,-0.002042310169572893,0.0013636390407507975,0.005368490247817402
signed_hqql_tbl,mod.cls_blocks.0.attn.h4,charged_hadron<-charged_hadron,0.021808303406148432,0.0013656889334884297,0.009110641643041519,0.00015852324489186697,-0.0017069574969355017,-0.007744952709553089,0.0012071656885965626,0.0013656889334884297,0.005238165288264974
signed_hqql_tbl,mod.cls_blocks.0.attn.h7,photon<-CLS,0.03765549510717392,0.002658229786902666,-0.0024611643399111926,0.0,0.0,0.005119394126813859,0.002658229786902666,0.002658229786902666,0.005217926850309596
signed_hqql_tbl,mod.cls_blocks.0.attn.h2,CLS<-photon,0.021006298340019644,-0.0009960736193686123,-0.009304307883058614,-0.0020946018226908813,-0.0009196731072583052,0.008308234263690002,0.001098528203322269,0.0009960736193686123,0.005150190751213613
signed_hqql_tbl,mod.cls_blocks.0.attn.h4,CLS<-photon,0.014659071002982192,-0.0006557839978969406,0.008224675686687083,-0.0008954718224516119,5.4233146760496714e-05,-0.008880459684584023,0.00023968782455467132,0.0006557839978969406,0.005096013840188952
signed_hqql_tbl,mod.cls_blocks.0.attn.h6,photon<-photon,0.01755758374929428,0.0013142670504748821,0.008774889096365137,-0.0017891842871904373,0.00022936765954159854,-0.007460622045890255,0.0031034513376653194,0.0013142670504748821,0.00504457807342001
signed_hqql_tbl,mod.cls_blocks.0.attn.h2,charged_hadron<-photon,0.021421299204913848,-0.0009925563674454295,-0.008972453245939302,-0.0020741355353792817,-0.000778071097911225,0.007979896878493872,0.0010815791679338522,0.0009925563674454295,0.004982504806692365
signed_hqql_tbl,mod.cls_blocks.1.attn.h0,CLS<-electron,0.11197265096901295,-0.0041691643749193945,-0.002545199058658909,8.381833868043032e-05,0.0002573855424998328,-0.0016239653162604855,-0.004252982713599825,0.0041691643749193945,0.004981147033049638
signed_hqql_tbl,mod.cls_blocks.1.attn.h0,charged_hadron<-electron,0.11197265096901295,-0.0041691643749193945,-0.002545199058658909,2.4302058591274545e-05,0.0004017725974942247,-0.0016239653162604855,-0.004193466433510669,0.0041691643749193945,0.004981147033049638
signed_hqql_tbl,mod.cls_blocks.1.attn.h1,muon<-CLS,0.0,0.0,-0.00989571213722229,0.0,0.0,0.00989571213722229,0.0,0.0,0.004947856068611145
signed_hqql_tbl,mod.cls_blocks.0.attn.h3,neutral_hadron<-charged_hadron,0.019025285777292754,0.0009457056508644632,-0.00704876035451889,7.764708886786205e-06,-0.004303811091011849,0.007994466005383354,0.0009379409419776769,0.0009457056508644632,0.00494293865355614
signed_hqql_tbl,mod.cls_blocks.0.attn.h2,charged_hadron<-CLS,0.00567556731402874,0.002777066780254245,0.007093322670294179,0.0,0.0,-0.004316255890039934,0.002777066780254245,0.002777066780254245,0.004935194725274212
signed_hqql_tbl,mod.cls_blocks.0.attn.h1,CLS<-charged_hadron,0.02061039411415488,-0.0005202692049413414,0.008286665064575028,0.002258325934490425,0.004482883680872724,-0.00880693426951637,-0.0027785951394317665,0.0005202692049413414,0.004923736339699526
signed_hqql_tbl,mod.cls_blocks.0.attn.h4,CLS<-charged_hadron,0.020899747315676967,0.0004188206191140861,0.009360179379854325,0.0005768337437626968,0.0010303890708239138,-0.008941358760740238,-0.00015801312464861075,0.0004188206191140861,0.004889499999484205
signed_hqql_tbl,mod.cls_blocks.0.attn.h1,neutral_hadron<-photon,0.013616707957821128,-0.0011818858760374565,0.0061398114670406685,0.00012787197453853412,0.002725743120862988,-0.007321697343078125,-0.0013097578505759907,0.0011818858760374565,0.004842734547576519
signed_hqql_tbl,mod.cls_blocks.0.attn.h3,photon<-CLS,0.0055349054746329784,0.00018541677854955196,0.009458545316010713,0.0,0.0,-0.009273128537461161,0.00018541677854955196,0.00018541677854955196,0.004821981047280132
signed_hqql_tbl,mod.cls_blocks.0.attn.h4,muon<-photon,0.0,0.0,0.009621132910251618,0.0,0.0,-0.009621132910251618,0.0,0.0,0.004810566455125809
signed_hqql_tbl,mod.cls_blocks.0.attn.h4,photon<-neutral_hadron,0.023204974830150604,0.0008358390574964384,-0.00710179484449327,0.00032098075774099143,0.006018223124556243,0.007937633901989708,0.000514858299755447,0.0008358390574964384,0.004804656008491293
signed_hqql_tbl,mod.cls_blocks.1.attn.h2,CLS<-CLS,0.0021779385424451903,-2.167457557789021e-05,0.009523897363294509,0.0,0.0,-0.0095455719388724,-2.167457557789021e-05,2.167457557789021e-05,0.00479446054501409
signed_hqql_tbl,mod.cls_blocks.0.attn.h4,muon<-muon,0.0,0.0,0.00946896430104971,0.0,0.0,-0.00946896430104971,0.0,0.0,0.004734482150524855
signed_hqql_tbl,mod.cls_blocks.0.attn.h1,muon<-CLS,0.0,0.0,-0.009421169757843018,0.0,0.0,0.009421169757843018,0.0,0.0,0.004710584878921509
signed_hqql_tbl,mod.cls_blocks.0.attn.h1,neutral_hadron<-charged_hadron,0.021006881406432705,-0.001312471779161378,0.005451994637648265,0.0016186000642980018,0.0069180561796478605,-0.006764466416809643,-0.00293107184345938,0.001312471779161378,0.004694704987566199
signed_hqql_tbl,mod.cls_blocks.0.attn.h1,photon<-photon,0.017325285201271374,-0.0005098980230589708,0.007824382792084904,0.00462782864683661,0.0015287037873477267,-0.008334280815143875,-0.00513772666989558,0.0005098980230589708,0.004677038430630908
signed_hqql_tbl,mod.cls_blocks.0.attn.h2,photon<-CLS,0.005267261061817408,0.0013975200708955526,0.007940859021618962,0.0,0.0,-0.006543338950723409,0.0013975200708955526,0.0013975200708955526,0.004669189546257257
signed_hqql_tbl,mod.cls_blocks.1.attn.h5,photon<-charged_hadron,0.02496944303097932,0.0010147885540905206,0.008285372964527509,0.003945291550322013,0.0004023070177936461,-0.007270584410436988,-0.002930502996231492,0.0010147885540905206,0.004650080759309015
signed_hqql_tbl,mod.cls_blocks.0.attn.h3,CLS<-electron,0.017463033087551594,0.001011494779959321,-0.0062548254791181535,-3.383029979886487e-05,-0.00014734572032466532,0.0072663202590774745,0.001045325079758186,0.001011494779959321,0.004644654909498058
signed_hqql_tbl,mod.cls_blocks.0.attn.h3,charged_hadron<-electron,0.017463033087551594,0.001011494779959321,-0.0062548254791181535,0.0005553652154048905,-1.5538321652760107e-05,0.0072663202590774745,0.00045612956455443054,0.001011494779959321,0.004644654909498058
signed_hqql_tbl,mod.cls_blocks.0.attn.h3,charged_hadron<-CLS,0.004227336496114731,0.0009122868650592864,0.008309960417035554,0.0,0.0,-0.007397673551976267,0.0009122868650592864,0.0009122868650592864,0.00461112364104742
signed_hqql_tbl,mod.cls_blocks.0.attn.h7,charged_hadron<-CLS,0.03492838516831398,0.0025947242975234985,-0.0013035429939110246,0.0,0.0,0.003898267291434523,0.0025947242975234985,0.0025947242975234985,0.00454385794324076
signed_hqql_tbl,mod.cls_blocks.1.attn.h3,CLS<-muon,0.006115611642599106,2.3609420168213546e-05,-0.008777758106589317,2.316766085641575e-06,1.1284799615651764e-05,0.008801367526757531,2.129265408257197e-05,2.3609420168213546e-05,0.004424293183546979
signed_hqql_tbl,mod.cls_blocks.0.attn.h3,CLS<-CLS,0.005123755079694092,-0.00010163931801798753,0.008507195569109172,0.0,0.0,-0.00860883488712716,-0.00010163931801798753,0.00010163931801798753,0.004406056761581567
signed_hqql_tbl,mod.cls_blocks.0.attn.h4,charged_hadron<-photon,0.014587801530820513,-0.0009575893957202041,0.005894664444090906,0.0002738345379692427,0.001535832171596713,-0.00685225383981111,-0.0012314239336894469,0.0009575893957202041,0.004383716315625759
signed_hqql_tbl,mod.cls_blocks.0.attn.h1,charged_hadron<-charged_hadron,0.02016375175456411,-0.000389091896142849,0.00739255052332471,0.0023667023939001187,0.004409052315168083,-0.00778164241946756,-0.0027557942900429677,0.000389091896142849,0.004279913105876628
B_tbl_minus_hqql,mod.cls_blocks.0.attn.h4,neutral_hadron<-photon,0.014140565822153915,-0.0028344895000810976,0.0,0.0,0.0,-0.0028344895000810976,-0.0028344895000810976,0.0028344895000810976,0.0042517342501216466
signed_hqql_tbl,mod.cls_blocks.1.attn.h5,charged_hadron<-charged_hadron,0.023083212039724656,0.0016784405150159529,0.006779297550277012,0.002577928291642078,-0.0004285563773009926,-0.00510085703526106,-0.000899487776626125,0.0016784405150159529,0.004228869032646482
signed_hqql_tbl,mod.cls_blocks.0.attn.h2,CLS<-CLS,0.005078959511592984,0.0012360483306110837,0.007154303559218533,0.0,0.0,-0.00591825522860745,0.0012360483306110837,0.0012360483306110837,0.0041951759449148085
signed_hqql_tbl,mod.cls_blocks.1.attn.h5,CLS<-charged_hadron,0.023293858001653563,0.0014874166459494583,0.006766120182608601,0.0027560605378846594,0.00018661117790324264,-0.0052787035366591425,-0.0012686438919352011,0.0014874166459494583,0.00412676841427903
signed_hqql_tbl,mod.cls_blocks.1.attn.h5,photon<-photon,0.014673275873064995,0.00023916009619521597,0.007961610130870999,0.0004458969503095181,0.0007366276838359211,-0.007722450034675783,-0.0002067368541143021,0.00023916009619521597,0.004100385113533107
signed_hqql_tbl,mod.cls_blocks.0.attn.h1,neutral_hadron<-neutral_hadron,0.018041116318532398,0.002569150445716722,-0.00039378767057011527,0.0023161644909392904,0.0031473979353904722,0.002962938116286837,0.00025298595477743144,0.002569150445716722,0.00405061950386014
signed_hqql_tbl,mod.cls_blocks.0.attn.h1,muon<-charged_hadron,0.0,0.0,0.00809822841124101,0.0,0.0,-0.00809822841124101,0.0,0.0,0.004049114205620505
B_tbl_minus_hqql,mod.cls_blocks.0.attn.h1,neutral_hadron<-neutral_hadron,0.027950019176517214,0.0026648358325473964,0.0,0.0,0.0,0.0026648358325473964,0.0026648358325473964,0.0026648358325473964,0.003997253748821095
signed_hqql_tbl,mod.cls_blocks.1.attn.h2,photon<-CLS,0.001837429590523243,-4.62236421299167e-05,0.007715149403156829,0.0,0.0,-0.007761373045286746,-4.62236421299167e-05,4.62236421299167e-05,0.003926910164773289
signed_hqql_tbl,mod.cls_blocks.0.attn.h0,CLS<-muon,0.013842670246958733,0.001712652388960123,-0.002710765926167369,-4.8364850954385474e-05,-0.0020570006236084737,0.004423418315127492,0.0017610172399145085,0.001712652388960123,0.003924361546523869
B_tbl_minus_hqql,mod.cls_blocks.0.attn.h5,CLS<-muon,0.02908257581293583,-0.0026043117977678776,0.0,0.0,0.0,-0.0026043117977678776,-0.0026043117977678776,0.0026043117977678776,0.003906467696651816
B_tbl_minus_hqql,mod.cls_blocks.0.attn.h5,charged_hadron<-muon,0.02908257581293583,-0.0026043117977678776,0.0,0.0,0.0,-0.0026043117977678776,-0.0026043117977678776,0.0026043117977678776,0.003906467696651816
signed_hqql_tbl,mod.cls_blocks.0.attn.h0,charged_hadron<-muon,0.013842670246958733,0.001712652388960123,-0.0025268385652452707,0.0,-0.002295416037668474,0.004239490954205394,0.001712652388960123,0.001712652388960123,0.00383239786606282
signed_hqql_tbl,mod.cls_blocks.0.attn.h3,photon<-charged_hadron,0.02368325772492782,0.0003702920841296082,-0.0065316098091537005,-0.0007230823182246902,-0.00222784755169414,0.006901901893283309,0.0010933744023542984,0.0003702920841296082,0.0038212430307712625
B_tbl_minus_hqql,mod.cls_blocks.0.attn.h6,charged_hadron<-photon,0.016556287098915205,0.00251782515274207,0.0,0.0,0.0,0.00251782515274207,0.00251782515274207,0.00251782515274207,0.0037767377291131046
signed_hqql_tbl,mod.cls_blocks.0.attn.h2,neutral_hadron<-photon,0.020059849377031678,-0.0008821218837926418,-0.006549156524918296,-0.0023953403250720254,-0.0017111448799831826,0.005667034641125654,0.0015132184412793837,0.0008821218837926418,0.003715639204355469
signed_hqql_tbl,mod.cls_blocks.0.attn.h6,photon<-charged_hadron,0.020530433758445408,0.0022902762436348457,0.005069506801154516,0.0034046091534423104,-0.000996879389276728,-0.00277923055751967,-0.0011143329098074646,0.0022902762436348457,0.0036798915223946807
signed_hqql_tbl,mod.cls_blocks.0.attn.h3,CLS<-charged_hadron,0.02122364039859818,0.00040558514751259407,-0.00601400974050273,-0.0005630700324343221,-0.002174778722737934,0.006419594888015324,0.0009686551799469162,0.00040558514751259407,0.0036153825915202563
signed_hqql_tbl,mod.cls_blocks.0.attn.h6,CLS<-photon,0.01576996957534328,0.002021205462569033,0.005142918718394948,0.0020263929810588207,-0.0014245066740211732,-0.0031217132558259155,-5.18751848978781e-06,0.002021205462569033,0.0035820620904819904
B_tbl_minus_hqql,mod.cls_blocks.0.attn.h6,neutral_hadron<-charged_hadron,0.017748584088526274,0.00235574520928295,0.0,0.0,0.0,0.00235574520928295,0.00235574520928295,0.00235574520928295,0.0035336178139244254
B_tbl_minus_hqql,mod.cls_blocks.0.attn.h4,photon<-neutral_hadron,0.028735588615139324,0.0023129598315184316,0.0,0.0,0.0,0.0023129598315184316,0.0023129598315184316,0.0023129598315184316,0.0034694397472776473
signed_hqql_tbl,mod.cls_blocks.0.attn.h1,muon<-photon,0.0,0.0,0.006934842467308045,0.0,0.0,-0.006934842467308045,0.0,0.0,0.0034674212336540224
signed_hqql_tbl,mod.cls_blocks.0.attn.h7,CLS<-electron,0.018202973684916895,0.0006441141158575192,0.0059783510223496705,0.00015176142551354133,0.0004326145397499204,-0.005334236906492151,0.0004923526903439779,0.0006441141158575192,0.003311232569103595
signed_hqql_tbl,mod.cls_blocks.0.attn.h7,charged_hadron<-electron,0.018202973684916895,0.0006441141158575192,0.0059783510223496705,0.0003332116102683358,0.0011138645155976217,-0.005334236906492151,0.0003109025055891834,0.0006441141158575192,0.003311232569103595
B_tbl_minus_hqql,mod.cls_blocks.0.attn.h0,CLS<-electron,0.024492785800248384,0.002204786219711726,0.0,0.0,0.0,0.002204786219711726,0.002204786219711726,0.002204786219711726,0.003307179329567589
B_tbl_minus_hqql,mod.cls_blocks.0.attn.h0,charged_hadron<-electron,0.024492785800248384,0.002204786219711726,0.0,0.0,0.0,0.002204786219711726,0.002204786219711726,0.002204786219711726,0.003307179329567589
signed_hqql_tbl,mod.cls_blocks.0.attn.h3,charged_hadron<-charged_hadron,0.021408975636426526,0.00027010172023037867,-0.0057860148457310545,-0.0007256154939866387,-0.0012141784507548436,0.006056116565961433,0.0009957172142170173,0.00027010172023037867,0.0032981600032110955
signed_hqql_tbl,mod.cls_blocks.0.attn.h2,neutral_hadron<-CLS,0.004686504835262895,0.0003848032356472686,0.006186749320477247,0.0,0.0,-0.005801946084829979,0.0003848032356472686,0.0003848032356472686,0.003285776278062258
signed_hqql_tbl,mod.cls_blocks.0.attn.h4,muon<-neutral_hadron,0.0,0.0,-0.006457038968801498,0.0,0.0,0.006457038968801498,0.0,0.0,0.003228519484400749
signed_hqql_tbl,mod.cls_blocks.0.attn.h4,muon<-charged_hadron,0.0,0.0,0.0064250115643848076,0.0,0.0,-0.0064250115643848076,0.0,0.0,0.0032125057821924038
B_tbl_minus_hqql,mod.cls_blocks.0.attn.h4,CLS<-muon,0.009749984368681908,-0.002122267382219434,0.0,0.0,0.0,-0.002122267382219434,-0.002122267382219434,0.002122267382219434,0.0031834010733291507
B_tbl_minus_hqql,mod.cls_blocks.0.attn.h4,charged_hadron<-muon,0.009749984368681908,-0.002122267382219434,0.0,0.0,0.0,-0.002122267382219434,-0.002122267382219434,0.002122267382219434,0.0031834010733291507
signed_hqql_tbl,mod.cls_blocks.0.attn.h5,charged_hadron<-muon,0.02908257581293583,-0.0026043117977678776,-0.0037049853708595037,0.0,-0.00011929337051697075,0.0011006735730916262,-0.0026043117977678776,0.0026043117977678776,0.0031546485843136907
B_tbl_minus_hqql,mod.cls_blocks.0.attn.h6,charged_hadron<-neutral_hadron,0.023805885217510737,0.00210251823031845,0.0,0.0,0.0,0.00210251823031845,0.00210251823031845,0.00210251823031845,0.003153777345477675
signed_hqql_tbl,mod.cls_blocks.0.attn.h7,CLS<-muon,0.025019511580467224,-0.00010979737271554768,0.005957482324447483,0.0016878157621249557,-0.0013850920513505116,-0.0060672796971630305,-0.0017976131348405033,0.00010979737271554768,0.003143437221297063
signed_hqql_tbl,mod.cls_blocks.1.attn.h5,neutral_hadron<-charged_hadron,0.02308624041707892,0.0010420606765700014,0.005125154554843902,0.0022833074170460063,0.0012129552551018803,-0.004083093878273901,-0.0012412467404760048,0.0010420606765700014,0.003083607615706952
signed_hqql_tbl,mod.cls_blocks.0.attn.h2,photon<-charged_hadron,0.01900730249674424,-0.0007982977220545645,-0.0052902295879305224,-0.001659945725943103,-0.000586811474931892,0.004491931865875958,0.0008616480038885386,0.0007982977220545645,0.0030442636549925435
signed_hqql_tbl,mod.cls_blocks.0.attn.h3,photon<-photon,0.01688989872733752,0.00021167180966585875,-0.0053730222507048465,-0.0018384910092271607,-0.0015081520388393027,0.005584694060370705,0.0020501628188930197,0.00021167180966585875,0.0030040188398512114
B_tbl_minus_hqql,mod.cls_blocks.0.attn.h3,CLS<-electron,0.014148962994416555,0.0019485281469921272,0.0,0.0,0.0,0.0019485281469921272,0.0019485281469921272,0.0019485281469921272,0.0029227922204881907
B_tbl_minus_hqql,mod.cls_blocks.0.attn.h3,charged_hadron<-electron,0.014148962994416555,0.0019485281469921272,0.0,0.0,0.0,0.0019485281469921272,0.0019485281469921272,0.0019485281469921272,0.0029227922204881907
B_tbl_minus_hqql,mod.cls_blocks.0.attn.h1,neutral_hadron<-photon,0.015960750020580526,-0.0019242001214513072,0.0,0.0,0.0,-0.0019242001214513072,-0.0019242001214513072,0.0019242001214513072,0.0028863001821769606
signed_hqql_tbl,mod.cls_blocks.0.attn.h6,charged_hadron<-photon,0.016025854086657184,0.002381473548983762,0.0032461203773282775,0.003542936169860526,-0.002512853008584451,-0.0008646468283445155,-0.0011614626208767639,0.002381473548983762,0.0028137969631560197
signed_hqql_tbl,mod.cls_blocks.0.attn.h5,CLS<-muon,0.02908257581293583,-0.0026043117977678776,-0.0022141342924442142,2.609672719700029e-06,-0.00023701337340753525,-0.00039017750532366335,-0.0026069214704875776,0.0026043117977678776,0.0027994005504297093
signed_hqql_tbl,mod.cls_blocks.1.attn.h5,CLS<-photon,0.014790477837712345,0.0008007644324077653,0.004780235732743396,0.0014481490571208624,4.153830405311807e-05,-0.0039794713003356305,-0.0006473846247130971,0.0008007644324077653,0.0027905000825755805
signed_hqql_tbl,mod.cls_blocks.0.attn.h2,photon<-neutral_hadron,0.018905721604824066,-0.00011207109006742637,-0.005445168178994209,-0.0029881076687680824,-0.0010592505932436325,0.005333097088926782,0.002876036578700656,0.00011207109006742637,0.002778619634530817
B_tbl_minus_hqql,mod.cls_blocks.0.attn.h6,CLS<-photon,0.016696141801924802,0.0018364679838613921,0.0,0.0,0.0,0.0018364679838613921,0.0018364679838613921,0.0018364679838613921,0.002754701975792088
signed_hqql_tbl,mod.cls_blocks.0.attn.h2,charged_hadron<-charged_hadron,0.01759539826219434,-0.0005513911813183902,-0.004946087441611581,-0.0015684440126433768,-0.0005045965081080794,0.004394696260293191,0.0010170528313249866,0.0005513911813183902,0.002748739311464986
B_tbl_minus_hqql,mod.cls_blocks.0.attn.h1,charged_hadron<-photon,0.015476602616660092,-0.0018206169239219723,0.0,0.0,0.0,-0.0018206169239219723,-0.0018206169239219723,0.0018206169239219723,0.0027309253858829583
signed_hqql_tbl,mod.cls_blocks.1.attn.h5,photon<-neutral_hadron,0.024363598281828065,0.0019838192359505533,0.0034119312185794115,0.002098178158900867,0.0003031030573765747,-0.0014281119826288582,-0.00011435892295031357,0.0019838192359505533,0.0026978752272649826
signed_hqql_tbl,mod.cls_blocks.0.attn.h3,muon<-photon,0.0,0.0,-0.005375604331493378,0.0,0.0,0.005375604331493378,0.0,0.0,0.002687802165746689
signed_hqql_tbl,mod.cls_blocks.0.attn.h3,muon<-charged_hadron,0.0,0.0,-0.005290605127811432,0.0,0.0,0.005290605127811432,0.0,0.0,0.002645302563905716
signed_hqql_tbl,mod.cls_blocks.0.attn.h2,muon<-photon,0.0,0.0,-0.005269390344619751,0.0,0.0,0.005269390344619751,0.0,0.0,0.0026346951723098754
signed_hqql_tbl,mod.cls_blocks.0.attn.h2,CLS<-charged_hadron,0.01742656857280408,-0.0005090731879939792,-0.004739450644293841,-0.0015775188389472723,-0.0005303309468620297,0.004230377456299861,0.0010684456509532931,0.0005090731879939792,0.00262426191614391
signed_hqql_tbl,mod.cls_blocks.0.attn.h2,CLS<-electron,0.010757247917354107,0.00035790903590774786,-0.004144614213146269,-0.0016266423408524133,-0.0003483432810753584,0.0045025232490540175,0.001984551376760161,0.00035790903590774786,0.0026091706604347564
signed_hqql_tbl,mod.cls_blocks.0.attn.h2,charged_hadron<-electron,0.010757247917354107,0.00035790903590774786,-0.004144614213146269,-0.0020851875451626256,0.0003445891197770834,0.0045025232490540175,0.0024430965810703733,0.00035790903590774786,0.0026091706604347564
signed_hqql_tbl,mod.cls_blocks.1.attn.h1,photon<-neutral_hadron,0.07426156600316365,0.0003117200588652243,-0.0042229194426909086,-0.0011635132375106747,-0.0005715974848499172,0.004534639501556133,0.001475233296375899,0.0003117200588652243,0.0025790398096432908
B_tbl_minus_hqql,mod.cls_blocks.0.attn.h0,CLS<-muon,0.013842670246958733,0.001712652388960123,0.0,0.0,0.0,0.001712652388960123,0.001712652388960123,0.001712652388960123,0.0025689785834401846
B_tbl_minus_hqql,mod.cls_blocks.0.attn.h0,charged_hadron<-muon,0.013842670246958733,0.001712652388960123,0.0,0.0,0.0,0.001712652388960123,0.001712652388960123,0.001712652388960123,0.0025689785834401846
B_tbl_minus_hqql,mod.cls_blocks.0.attn.h1,CLS<-neutral_hadron,0.03311438672244549,0.0017076050555462846,0.0,0.0,0.0,0.0017076050555462846,0.0017076050555462846,0.0017076050555462846,0.002561407583319427
signed_hqql_tbl,mod.cls_blocks.0.attn.h6,muon<-charged_hadron,0.0,0.0,-0.005051584744995291,0.0,0.0,0.005051584744995291,0.0,0.0,0.0025257923724976454
B_tbl_minus_hqql,mod.cls_blocks.1.attn.h5,charged_hadron<-charged_hadron,0.02331659300220791,0.0016643120699219686,0.0,0.0,0.0,0.0016643120699219686,0.0016643120699219686,0.0016643120699219686,0.002496468104882953
signed_hqql_tbl,mod.cls_blocks.0.attn.h2,muon<-muon,0.0,0.0,-0.004881884902715683,0.0,0.0,0.004881884902715683,0.0,0.0,0.0024409424513578415
signed_hqql_tbl,mod.cls_blocks.0.attn.h5,photon<-neutral_hadron,0.018345609307289124,0.0003819744063851734,-0.003711401778855361,-0.0007152153619764638,-7.479964551748708e-06,0.004093376185240534,0.0010971897683616373,0.0003819744063851734,0.0024286624990054405
signed_hqql_tbl,mod.cls_blocks.0.attn.h3,neutral_hadron<-neutral_hadron,0.021542716771364212,0.0014802789581673487,0.003347530961036682,0.0006232097997174909,-0.00650618508613358,-0.0018672520028693335,0.0008570691584498577,0.0014802789581673487,0.0024139049596020156
B_tbl_minus_hqql,mod.cls_blocks.0.attn.h6,photon<-neutral_hadron,0.029377227028210957,0.001593540810669462,0.0,0.0,0.0,0.001593540810669462,0.001593540810669462,0.001593540810669462,0.002390311216004193
B_tbl_minus_hqql,mod.cls_blocks.0.attn.h1,CLS<-photon,0.01597496970242657,-0.0015876757770089663,0.0,0.0,0.0,-0.0015876757770089663,-0.0015876757770089663,0.0015876757770089663,0.0023815136655134495
signed_hqql_tbl,mod.cls_blocks.0.attn.h2,muon<-CLS,0.0,0.0,0.004737908486276865,0.0,0.0,-0.004737908486276865,0.0,0.0,0.0023689542431384325
signed_hqql_tbl,mod.cls_blocks.1.attn.h1,photon<-CLS,0.01977279968559742,0.0006150485132820904,-0.0028383047552779316,0.0,0.0,0.003453353268560022,0.0006150485132820904,0.0006150485132820904,0.0023417251475621017
signed_hqql_tbl,mod.cls_blocks.0.attn.h3,charged_hadron<-muon,0.01132878102362156,-0.0007360057788901031,0.002471099141985178,0.0,-4.575362254399806e-06,-0.003207104920875281,-0.0007360057788901031,0.0007360057788901031,0.0023395582393277436
signed_hqql_tbl,mod.cls_blocks.0.attn.h3,CLS<-photon,0.015907070135177042,-0.00010443387569199378,-0.004551389680906611,-0.00113894486868823,-0.0015480502294682637,0.004446955805214617,0.0010345109929962362,0.00010443387569199378,0.0023279117782993024
signed_hqql_tbl,mod.cls_blocks.1.attn.h5,neutral_hadron<-neutral_hadron,0.010002647460039173,0.00033582163866542814,0.004262220735351245,0.0026223155674179673,-0.00019716921572883925,-0.003926399096685817,-0.002286493928752539,0.00033582163866542814,0.002299021187008337
B_tbl_minus_hqql,mod.cls_blocks.0.attn.h0,photon<-neutral_hadron,0.0476109633843104,0.0015274564890811841,0.0,0.0,0.0,0.0015274564890811841,0.0015274564890811841,0.0015274564890811841,0.002291184733621776
signed_hqql_tbl,mod.cls_blocks.0.attn.h3,neutral_hadron<-photon,0.015225933289822236,0.00014773193447862142,-0.004123624075542797,-0.0007005604700400279,-0.0028148245785320014,0.004271356010021418,0.0008482924045186493,0.00014773193447862142,0.0022834099394893306
B_tbl_minus_hqql,mod.cls_blocks.1.attn.h5,CLS<-charged_hadron,0.024027023347180345,0.0015067260793565837,0.0,0.0,0.0,0.0015067260793565837,0.0015067260793565837,0.0015067260793565837,0.0022600891190348756
signed_hqql_tbl,mod.cls_blocks.0.attn.h5,photon<-charged_hadron,0.02095743689848029,-0.0004970589753888223,-0.0039821514534470566,-0.0005193600416973685,0.0001803424056561198,0.003485092478058234,2.230106630854618e-05,0.0004970589753888223,0.0022396052144179395
signed_hqql_tbl,mod.cls_blocks.0.attn.h2,CLS<-neutral_hadron,0.01572718642031153,-0.00038769296629147395,-0.004069430321725386,-0.002150297060886279,-0.0006410152674512377,0.0036817373554339115,0.001762604094594805,0.00038769296629147395,0.0022285616440084295
signed_hqql_tbl,mod.cls_blocks.0.attn.h3,CLS<-muon,0.01132878102362156,-0.0007360057788901031,0.0022369553335011005,0.00024466944159939885,-0.0034124315752706025,-0.0029729611123912036,-0.000980675220489502,0.0007360057788901031,0.002222486335085705
signed_hqql_tbl,mod.cls_blocks.1.attn.h5,muon<-muon,0.0,0.0,0.004442330449819565,0.0,0.0,-0.004442330449819565,0.0,0.0,0.0022211652249097824
signed_hqql_tbl,mod.cls_blocks.0.attn.h3,charged_hadron<-photon,0.015943750465681795,-0.00026772976340298804,-0.004121529792766433,-0.001099319445975819,-0.0009746795162061324,0.003853800029363445,0.000831589682572831,0.00026772976340298804,0.0021946297780847104
signed_hqql_tbl,mod.cls_blocks.0.attn.h2,neutral_hadron<-charged_hadron,0.01582336857130653,-0.00017198286399147227,-0.004205617308616638,-0.001535854347777076,-0.00048522953537927157,0.004033634444625166,0.0013638714837856036,0.00017198286399147227,0.0021888000863040553
signed_hqql_tbl,mod.blocks.4.attn.h1,electron<-electron,0.023485203894476097,0.0014540415722876787,-8.516826085269713e-06,-1.492722044342069e-06,0.00010098672906557546,0.0014625583983729484,0.0014555342943320209,0.0014540415722876787,0.002185320771474153
signed_hqql_tbl,mod.cls_blocks.0.attn.h2,charged_hadron<-neutral_hadron,0.016745874013465185,-0.00038227032928261906,-0.003982544109663542,-0.0028427162093444254,-0.0005544292782562681,0.0036002737803809233,0.0024604458800618063,0.00038227032928261906,0.0021824072194730807
B_tbl_minus_hqql,mod.blocks.4.attn.h1,electron<-electron,0.02348522430596252,0.0014540431608717579,0.0,0.0,0.0,0.0014540431608717579,0.0014540431608717579,0.0014540431608717579,0.0021810647413076367
signed_hqql_tbl,mod.cls_blocks.1.attn.h1,neutral_hadron<-neutral_hadron,0.01560500477041517,-0.00013550491712521762,-0.004110480348269145,-0.00017216650519037135,-0.00040640310714176546,0.003974975431143927,3.6661588065153736e-05,0.00013550491712521762,0.0021229926326971813
B_tbl_minus_hqql,mod.cls_blocks.0.attn.h6,neutral_hadron<-photon,0.01499059244438454,0.0014089164726528121,0.0,0.0,0.0,0.0014089164726528121,0.0014089164726528121,0.0014089164726528121,0.002113374708979218
signed_hqql_tbl,mod.blocks.0.attn.h3,muon<-muon,0.05866444110870361,-0.0013687001774087548,2.464272051838634e-05,4.183910641586408e-05,-8.829462255732778e-05,-0.0013933428979271412,-0.001410539283824619,0.0013687001774087548,0.0020653716263723254
signed_hqql_tbl,mod.cls_blocks.1.attn.h1,CLS<-CLS,0.013563511427491903,0.0001592510670889169,-0.003650834797516822,0.0,0.0,0.003810085864605739,0.0001592510670889169,0.0001592510670889169,0.0020642939993917864
signed_hqql_tbl,mod.cls_blocks.1.attn.h0,charged_hadron<-muon,0.00435579614713788,7.604546408401802e-05,0.004038933664560318,0.0,-5.759411760664079e-05,-0.0039628882004763,7.604546408401802e-05,7.604546408401802e-05,0.002057489564322168
B_tbl_minus_hqql,mod.blocks.0.attn.h3,muon<-muon,0.05866444110870361,-0.0013687001774087548,0.0,0.0,0.0,-0.0013687001774087548,-0.0013687001774087548,0.0013687001774087548,0.0020530502661131322
signed_hqql_tbl,mod.cls_blocks.0.attn.h3,muon<-CLS,0.0,0.0,0.004082713276147842,0.0,0.0,-0.004082713276147842,0.0,0.0,0.002041356638073921
signed_hqql_tbl,mod.cls_blocks.0.attn.h7,neutral_hadron<-neutral_hadron,0.014277153781482152,0.0004012797268972333,0.0036789855609337487,0.0009417089771617342,-0.0014372322242707015,-0.0032777058340365153,-0.0005404292502645009,0.0004012797268972333,0.002040132643915491
signed_hqql_tbl,mod.cls_blocks.0.attn.h3,charged_hadron<-neutral_hadron,0.022595096952640094,0.000974096319763563,-0.001092673241681255,-0.00039148522883583354,-0.002544695052266535,0.002066769561444818,0.0013655815485993966,0.000974096319763563,0.002007481100485972
signed_hqql_tbl,mod.cls_blocks.1.attn.h1,charged_hadron<-CLS,0.01773012802004814,4.4998188968747854e-05,-0.003813497436349659,0.0,0.0,0.003858495625318407,4.4998188968747854e-05,4.4998188968747854e-05,0.001974246001627951
signed_hqql_tbl,mod.cls_blocks.0.attn.h3,CLS<-neutral_hadron,0.021748283800358575,0.0010496211220419758,-0.0007667768138250517,-0.00040351102429570906,-0.003228476641318166,0.0018163979358670275,0.0014531321463376848,0.0010496211220419758,0.0019578200899754896
signed_hqql_tbl,mod.cls_blocks.1.attn.h5,charged_hadron<-photon,0.01528097002194562,0.0008198293374526665,0.00308292691426521,0.0019638872855799907,-0.0007730413907033912,-0.0022630975768125434,-0.0011440579481273242,0.0008198293374526665,0.0019513781258589382
B_tbl_minus_hqql,mod.cls_blocks.0.attn.h4,neutral_hadron<-charged_hadron,0.017828017865356646,-0.001285473276910029,0.0,0.0,0.0,-0.001285473276910029,-0.001285473276910029,0.001285473276910029,0.0019282099153650435
signed_hqql_tbl,mod.cls_blocks.1.attn.h5,CLS<-muon,0.0010860791662707925,-8.166662155417725e-07,0.003845863859169185,7.462703069904819e-05,0.0015848556249693502,-0.003846680525384727,-7.544369691458996e-05,8.166662155417725e-07,0.0019241569289079052
B_tbl_minus_hqql,mod.cls_blocks.0.attn.h4,CLS<-photon,0.015063978066018405,-0.0012777541557418167,0.0,0.0,0.0,-0.0012777541557418167,-0.0012777541557418167,0.0012777541557418167,0.0019166312336127249
signed_hqql_tbl,mod.cls_blocks.1.attn.h5,neutral_hadron<-CLS,0.0009106046054512262,-4.121263737033587e-05,0.003691889811307192,0.0,0.0,-0.0037331024486775277,-4.121263737033587e-05,4.121263737033587e-05,0.0019077638617090997
B_tbl_minus_hqql,mod.cls_blocks.1.attn.h5,photon<-charged_hadron,0.029513457547063412,0.0012590851553756258,0.0,0.0,0.0,0.0012590851553756258,0.0012590851553756258,0.0012590851553756258,0.0018886277330634389
signed_hqql_tbl,mod.cls_blocks.0.attn.h6,charged_hadron<-charged_hadron,0.020627698332993025,0.0008784169715243517,0.0028245027018029517,0.00023227239512074155,0.000282899325247854,-0.0019460857302786,0.0006461445764036101,0.0008784169715243517,0.0018514598366636517
signed_hqql_tbl,mod.cls_blocks.0.attn.h6,CLS<-charged_hadron,0.02038814975332117,0.001292373324331735,0.002400599556030148,0.0011237633208721635,-0.000361695877832024,-0.001108226231698413,0.00016861000345957142,0.001292373324331735,0.0018464864401809414
B_tbl_minus_hqql,mod.cls_blocks.0.attn.h4,charged_hadron<-charged_hadron,0.021655531580915155,0.0012157537407942653,0.0,0.0,0.0,0.0012157537407942653,0.0012157537407942653,0.0012157537407942653,0.001823630611191398
signed_hqql_tbl,mod.cls_blocks.0.attn.h6,photon<-neutral_hadron,0.01973400389154752,0.0016061481243620317,0.0020142491324804724,-0.00028675229155591557,0.00011360034477547742,-0.0004081010081184407,0.0018929004159179473,0.0016061481243620317,0.001810198628421252
B_tbl_minus_hqql,mod.cls_blocks.0.attn.h0,neutral_hadron<-neutral_hadron,0.02272261998483113,0.001202954162311341,0.0,0.0,0.0,0.001202954162311341,0.001202954162311341,0.001202954162311341,0.0018044312434670115
B_tbl_minus_hqql,mod.cls_blocks.0.attn.h6,CLS<-muon,0.011826313100755215,-0.0011666350765153766,0.0,0.0,0.0,-0.0011666350765153766,-0.0011666350765153766,0.0011666350765153766,0.0017499526147730649
B_tbl_minus_hqql,mod.cls_blocks.0.attn.h6,charged_hadron<-muon,0.011826313100755215,-0.0011666350765153766,0.0,0.0,0.0,-0.0011666350765153766,-0.0011666350765153766,0.0011666350765153766,0.0017499526147730649
signed_hqql_tbl,mod.cls_blocks.0.attn.h0,photon<-neutral_hadron,0.030483065793911617,0.0007758678596777221,0.0027201510267332195,-0.001018536921557305,-0.0001701823275652714,-0.0019442831670554972,0.001794404781235027,0.0007758678596777221,0.0017480094432054706
B_tbl_minus_hqql,mod.cls_blocks.0.attn.h6,photon<-charged_hadron,0.018096452173979385,0.0011550293344518413,0.0,0.0,0.0,0.0011550293344518413,0.0011550293344518413,0.0011550293344518413,0.001732544001677762
signed_hqql_tbl,mod.cls_blocks.0.attn.h5,photon<-photon,0.01893170488377412,-0.0013824546476826072,-0.0020348049179350924,-0.0006713975413606085,0.0004297316017184864,0.0006523502702524852,-0.0007110571063219987,0.0013824546476826072,0.0017086297828088498
signed_hqql_tbl,mod.cls_blocks.0.attn.h0,neutral_hadron<-neutral_hadron,0.013332021555730275,-0.0003572900397037821,0.0022500217892229557,0.0005169461386416246,0.00011257342218110959,-0.0026073118289267378,-0.0008742361783454066,0.0003572900397037821,0.001660945954167151
signed_hqql_tbl,mod.blocks.2.attn.h3,muon<-muon,0.10428978502750397,-0.0010834945132955909,4.234942298353417e-05,0.00016501365462318063,0.00012915304796479177,-0.001125843936279125,-0.0012485081679187715,0.0010834945132955909,0.0016464164814351534
signed_hqql_tbl,mod.cls_blocks.1.attn.h5,charged_hadron<-neutral_hadron,0.015292910635113142,0.0012552926168259897,0.00048021151066196207,0.0027263399723144073,-0.0009240630687499004,0.0007750811061640276,-0.0014710473554884176,0.0012552926168259897,0.0016428331699080035
signed_hqql_tbl,mod.cls_blocks.1.attn.h7,CLS<-electron,0.030146704947886366,-0.001080590685584563,3.1549047207590775e-05,-0.0004893363657174632,-0.0002668468856427353,-0.0011121397327921538,-0.0005912543198670999,0.001080590685584563,0.0016366605519806399
signed_hqql_tbl,mod.cls_blocks.1.attn.h7,charged_hadron<-electron,0.030146704947886366,-0.001080590685584563,3.1549047207590775e-05,-0.0008015251078177243,-0.0002874101822574933,-0.0011121397327921538,-0.0002790655777668387,0.001080590685584563,0.0016366605519806399
signed_hqql_tbl,mod.cls_blocks.1.attn.h5,charged_hadron<-muon,0.0010860791662707925,-8.166662155417725e-07,0.0032493972685188055,0.0,-1.944481482496485e-05,-0.0032502139347343473,-8.166662155417725e-07,8.166662155417725e-07,0.0016259236335827154
B_tbl_minus_hqql,mod.blocks.2.attn.h3,muon<-muon,0.10428978502750397,-0.0010834945132955909,0.0,0.0,0.0,-0.0010834945132955909,-0.0010834945132955909,0.0010834945132955909,0.0016252417699433863
B_tbl_minus_hqql,mod.cls_blocks.0.attn.h5,photon<-photon,0.01625962493320306,-0.001082653267076239,0.0,0.0,0.0,-0.001082653267076239,-0.001082653267076239,0.001082653267076239,0.0016239799006143585
signed_hqql_tbl,mod.cls_blocks.0.attn.h1,CLS<-neutral_hadron,0.027407220461302333,0.0008181238469357291,0.002400979777092054,0.0007066201973468699,0.0004032839942409332,-0.001582855930156325,0.00011150364958885926,0.0008181238469357291,0.0016095518120138918
signed_hqql_tbl,mod.cls_blocks.1.attn.h5,muon<-neutral_hadron,0.0,0.0,0.003208737447857857,0.0,0.0,-0.003208737447857857,0.0,0.0,0.0016043687239289284
B_tbl_minus_hqql,mod.cls_blocks.1.attn.h5,neutral_hadron<-photon,0.012688702823203286,0.0010664745544393857,0.0,0.0,0.0,0.0010664745544393857,0.0010664745544393857,0.0010664745544393857,0.0015997118316590786
B_tbl_minus_hqql,mod.cls_blocks.0.attn.h2,photon<-charged_hadron,0.01954812459323717,-0.0010630262853658717,0.0,0.0,0.0,-0.0010630262853658717,-0.0010630262853658717,0.0010630262853658717,0.0015945394280488076
B_tbl_minus_hqql,mod.blocks.7.attn.h7,electron<-neutral_hadron,0.03340831628212562,0.0010558381081164742,0.0,0.0,0.0,0.0010558381081164742,0.0010558381081164742,0.0010558381081164742,0.0015837571621747115
B_tbl_minus_hqql,mod.cls_blocks.0.attn.h0,CLS<-neutral_hadron,0.023999185560064182,0.0010555624883434372,0.0,0.0,0.0,0.0010555624883434372,0.0010555624883434372,0.0010555624883434372,0.0015833437325151558
B_tbl_minus_hqql,mod.cls_blocks.1.attn.h5,neutral_hadron<-charged_hadron,0.023426487257606106,0.0010532255431539134,0.0,0.0,0.0,0.0010532255431539134,0.0010532255431539134,0.0010532255431539134,0.0015798383147308701
signed_hqql_tbl,mod.cls_blocks.0.attn.h6,muon<-neutral_hadron,0.0,0.0,0.003059621714055538,0.0,0.0,-0.003059621714055538,0.0,0.0,0.001529810857027769
signed_hqql_tbl,mod.cls_blocks.0.attn.h7,muon<-CLS,0.0,0.0,-0.0030568374786525965,0.0,0.0,0.0030568374786525965,0.0,0.0,0.0015284187393262982
B_tbl_minus_hqql,mod.cls_blocks.1.attn.h5,charged_hadron<-neutral_hadron,0.014766879540939745,0.0010159835473342144,0.0,0.0,0.0,0.0010159835473342144,0.0010159835473342144,0.0010159835473342144,0.0015239753210013218
signed_hqql_tbl,mod.cls_blocks.1.attn.h5,CLS<-neutral_hadron,0.015020138988297226,0.001137217144888483,0.0018289704061199672,0.0026029046072080938,-0.0003195724201792604,-0.0006917532612314842,-0.0014656874623196108,0.001137217144888483,0.001483093775504225
signed_hqql_tbl,mod.blocks.7.attn.h7,electron<-neutral_hadron,0.03340831355979809,0.0010558387741464404,0.00020682285355810848,-7.606082537677139e-05,1.8168102057340243e-05,0.000849015920588332,0.001131899599523212,0.0010558387741464404,0.0014803467344406064
signed_hqql_tbl,mod.cls_blocks.0.attn.h5,CLS<-charged_hadron,0.019344574891337472,-0.0004804200766502133,-0.002475655271440581,-0.0010030345668522967,-1.7954025506263688e-05,0.001995235194790368,0.0005226144902020834,0.0004804200766502133,0.0014780376740453974
B_tbl_minus_hqql,mod.cls_blocks.1.attn.h0,photon<-neutral_hadron,0.03217775405695041,0.0009811022609937936,0.0,0.0,0.0,0.0009811022609937936,0.0009811022609937936,0.0009811022609937936,0.0014716533914906904
B_tbl_minus_hqql,mod.cls_blocks.0.attn.h2,photon<-neutral_hadron,0.02208211583395799,-0.0009744396763077626,0.0,0.0,0.0,-0.0009744396763077626,-0.0009744396763077626,0.0009744396763077626,0.001461659514461644
signed_hqql_tbl,mod.cls_blocks.0.attn.h0,muon<-muon,0.0,0.0,-0.002894693287089467,0.0,0.0,0.002894693287089467,0.0,0.0,0.0014473466435447335
B_tbl_minus_hqql,mod.cls_blocks.0.attn.h0,charged_hadron<-neutral_hadron,0.021618440389060058,0.0009614308068054155,0.0,0.0,0.0,0.0009614308068054155,0.0009614308068054155,0.0009614308068054155,0.0014421462102081233
signed_hqql_tbl,mod.cls_blocks.1.attn.h1,CLS<-neutral_hadron,0.017639600149575725,-7.988256303153523e-05,-0.002804004216100551,-0.0004046808269080468,-0.00032263263439021847,0.002724121653069016,0.0003247982638765116,7.988256303153523e-05,0.0014419433895660433
B_tbl_minus_hqql,mod.cls_blocks.1.attn.h2,photon<-neutral_hadron,0.028027364673713844,-0.0009577066217995404,0.0,0.0,0.0,-0.0009577066217995404,-0.0009577066217995404,0.0009577066217995404,0.0014365599326993106
B_tbl_minus_hqql,mod.cls_blocks.0.attn.h4,charged_hadron<-photon,0.014737447877542689,-0.0009321313257406064,0.0,0.0,0.0,-0.0009321313257406064,-0.0009321313257406064,0.0009321313257406064,0.0013981969886109095
B_tbl_minus_hqql,mod.cls_blocks.0.attn.h2,charged_hadron<-photon,0.02141454200679009,-0.0009316943154388339,0.0,0.0,0.0,-0.0009316943154388339,-0.0009316943154388339,0.0009316943154388339,0.0013975414731582508
B_tbl_minus_hqql,mod.cls_blocks.0.attn.h3,charged_hadron<-neutral_hadron,0.03045564703643322,0.0009240998367134195,0.0,0.0,0.0,0.0009240998367134195,0.0009240998367134195,0.0009240998367134195,0.0013861497550701294
signed_hqql_tbl,mod.cls_blocks.1.attn.h0,photon<-charged_hadron,0.020395279578540638,0.0006137332808145362,0.00214355758531657,0.0005553023550998081,-0.000517114619469794,-0.0015298243045020338,5.843092571472812e-05,0.0006137332808145362,0.001378645433065553
signed_hqql_tbl,mod.cls_blocks.1.attn.h0,photon<-neutral_hadron,0.003913375238577525,0.00011152219182501237,0.0026454793507582506,0.000577202858819094,-0.00022710716211804538,-0.0025339571589332384,-0.00046568066699408166,0.00011152219182501237,0.0013785007712916316
signed_hqql_tbl,mod.cls_blocks.0.attn.h0,photon<-photon,0.01961569053431352,0.0012586863012984395,0.001493547352472857,-0.0006744358809022554,0.000594067709977951,-0.0002348610511744174,0.0019331221822006949,0.0012586863012984395,0.0013761168268856482
signed_hqql_tbl,mod.cls_blocks.1.attn.h5,muon<-charged_hadron,0.0,0.0,0.0027455721389163623,0.0,0.0,-0.0027455721389163623,0.0,0.0,0.0013727860694581811
signed_hqql_tbl,mod.cls_blocks.1.attn.h7,neutral_hadron<-charged_hadron,0.020423925236651774,-0.00022985662738057343,-0.002497357378403346,-0.00043375322754244977,9.55022987909615e-05,0.0022675007510227726,0.00020389660016187635,0.00022985662738057343,0.0013636070028919596
signed_hqql_tbl,mod.cls_blocks.1.attn.h4,neutral_hadron<-neutral_hadron,0.015823756344616413,-0.00022104114967597916,-0.002487405358503262,-0.00039846786293546083,-0.0003918448482484867,0.002266364208827283,0.00017742671325948167,0.00022104114967597916,0.0013542232540896208
B_tbl_minus_hqql,mod.cls_blocks.0.attn.h7,neutral_hadron<-neutral_hadron,0.019558059317725047,0.0008945132264800902,0.0,0.0,0.0,0.0008945132264800902,0.0008945132264800902,0.0008945132264800902,0.0013417698397201353
signed_hqql_tbl,mod.cls_blocks.0.attn.h1,muon<-neutral_hadron,0.0,0.0,0.002671128511428833,0.0,0.0,-0.002671128511428833,0.0,0.0,0.0013355642557144165
signed_hqql_tbl,mod.cls_blocks.0.attn.h3,muon<-neutral_hadron,0.0,0.0,-0.0026677833870053292,0.0,0.0,0.0026677833870053292,0.0,0.0,0.0013338916935026646
B_tbl_minus_hqql,mod.cls_blocks.0.attn.h7,CLS<-electron,0.017723429792871077,0.0008854584739310667,0.0,0.0,0.0,0.0008854584739310667,0.0008854584739310667,0.0008854584739310667,0.0013281877108966
B_tbl_minus_hqql,mod.cls_blocks.0.attn.h7,charged_hadron<-electron,0.017723429792871077,0.0008854584739310667,0.0,0.0,0.0,0.0008854584739310667,0.0008854584739310667,0.0008854584739310667,0.0013281877108966
B_tbl_minus_hqql,mod.cls_blocks.0.attn.h3,neutral_hadron<-charged_hadron,0.01923646738654689,0.0008849071240738818,0.0,0.0,0.0,0.0008849071240738818,0.0008849071240738818,0.0008849071240738818,0.0013273606861108228
signed_hqql_tbl,mod.cls_blocks.1.attn.h6,muon<-photon,0.0,0.0,-0.0026303248479962347,0.0,0.0,0.0026303248479962347,0.0,0.0,0.0013151624239981174
B_tbl_minus_hqql,mod.cls_blocks.0.attn.h2,CLS<-photon,0.020708899075428416,-0.0008748684827270529,0.0,0.0,0.0,-0.0008748684827270529,-0.0008748684827270529,0.0008748684827270529,0.0013123027240905794
signed_hqql_tbl,mod.cls_blocks.1.attn.h0,neutral_hadron<-charged_hadron,0.017158916514170796,0.00014794306786681868,0.002439119666814804,0.00045388076587852725,-0.0005219451664690522,-0.002291176598947985,-0.0003059376980117086,0.00014794306786681868,0.0012935313673408113
signed_hqql_tbl,mod.cls_blocks.0.attn.h7,neutral_hadron<-photon,0.015686201828497427,-0.0004063967477392267,0.001363958062773401,0.00026513665365294006,0.0005655809726337331,-0.0017703548105126277,-0.0006715334013921668,0.0004063967477392267,0.0012915741529955405
B_tbl_minus_hqql,mod.cls_blocks.0.attn.h6,CLS<-charged_hadron,0.019702898821011006,0.0008600104361159172,0.0,0.0,0.0,0.0008600104361159172,0.0008600104361159172,0.0008600104361159172,0.0012900156541738757
B_tbl_minus_hqql,mod.cls_blocks.0.attn.h6,CLS<-neutral_hadron,0.025346202879316278,0.0008562218863517046,0.0,0.0,0.0,0.0008562218863517046,0.0008562218863517046,0.0008562218863517046,0.001284332829527557
B_tbl_minus_hqql,mod.cls_blocks.1.attn.h5,charged_hadron<-photon,0.014717135031562332,0.000838364594094797,0.0,0.0,0.0,0.000838364594094797,0.000838364594094797,0.000838364594094797,0.0012575468911421954
B_tbl_minus_hqql,mod.blocks.3.attn.h2,neutral_hadron<-muon,0.10746210813522339,0.0008340037427842617,0.0,0.0,0.0,0.0008340037427842617,0.0008340037427842617,0.0008340037427842617,0.0012510056141763924
signed_hqql_tbl,mod.cls_blocks.0.attn.h0,CLS<-neutral_hadron,0.01905719278794196,0.0006109246678533964,0.0018861130548400743,0.0005381794354105566,-0.0004579100585318204,-0.001275188386986678,7.274523244283975e-05,0.0006109246678533964,0.0012485188613467354
B_tbl_minus_hqql,mod.cls_blocks.1.attn.h5,CLS<-neutral_hadron,0.015196791743316377,0.000827611820315926,0.0,0.0,0.0,0.000827611820315926,0.000827611820315926,0.000827611820315926,0.001241417730473889
signed_hqql_tbl,mod.cls_blocks.1.attn.h1,neutral_hadron<-photon,0.015310175256964601,-0.000289027967179815,-0.0021652746945619583,-0.00040421590137367067,-9.109105163237505e-05,0.0018762467273821433,0.00011518793419385568,0.000289027967179815,0.0012271513308708866
signed_hqql_tbl,mod.cls_blocks.0.attn.h3,photon<-neutral_hadron,0.014888892881572247,0.0006993011241623511,-0.00035464740940369663,-0.0024291416962764095,-0.0024613050954940263,0.0010539485335660478,0.0031284428204387607,0.0006993011241623511,0.001226275390945375
signed_hqql_tbl,mod.cls_blocks.1.attn.h7,photon<-charged_hadron,0.018202550385309303,-4.811986582353711e-05,-0.002401756556474999,-0.0006538162600587715,-0.0001796833862499625,0.002353636690651462,0.0006056963942352344,4.811986582353711e-05,0.001224938211149268
signed_hqql_tbl,mod.cls_blocks.0.attn.h5,charged_hadron<-charged_hadron,0.018995097515099646,-0.0005039157779148021,-0.0019455876303609552,-0.0011632079976368612,-0.00016746906039770692,0.001441671852446153,0.0006592922197220591,0.0005039157779148021,0.0012247517041378787
signed_hqql_tbl,mod.cls_blocks.1.attn.h2,CLS<-electron,0.14447036117780954,0.0008257873317537209,5.716986925108358e-05,1.2184241313661914e-05,0.00013423119526123628,0.0007686174625026373,0.000813603090440059,0.0008257873317537209,0.0012100960630050395
signed_hqql_tbl,mod.cls_blocks.1.attn.h2,charged_hadron<-electron,0.14447036117780954,0.0008257873317537209,5.716986925108358e-05,-2.683280581550207e-05,0.0001854289051455756,0.0007686174625026373,0.000852620137569223,0.0008257873317537209,0.0012100960630050395
B_tbl_minus_hqql,mod.cls_blocks.1.attn.h5,CLS<-photon,0.013630366097781432,0.0008057217135145101,0.0,0.0,0.0,0.0008057217135145101,0.0008057217135145101,0.0008057217135145101,0.001208582570271765
B_tbl_minus_hqql,mod.cls_blocks.0.attn.h2,photon<-photon,0.01952234096825123,-0.0008039509217875699,0.0,0.0,0.0,-0.0008039509217875699,-0.0008039509217875699,0.0008039509217875699,0.0012059263826813549
signed_hqql_tbl,mod.blocks.1.attn.h2,charged_hadron<-muon,0.04286406256935813,0.000723554329438643,-0.0002149893941047291,2.8285867301747203e-05,0.00010783136583842247,0.000938543723543372,0.0006952684621368958,0.000723554329438643,0.001192826191210329
signed_hqql_tbl,mod.cls_blocks.1.attn.h1,charged_hadron<-neutral_hadron,0.01165407207624342,-0.00011009223176363145,-0.002246271080473568,-0.00032268522196352695,-6.642618144623056e-05,0.002136178848709937,0.0002125929901998955,0.00011009223176363145,0.0011781816561186
B_tbl_minus_hqql,mod.cls_blocks.0.attn.h1,charged_hadron<-neutral_hadron,0.03427813517359587,0.0007768045895947859,0.0,0.0,0.0,0.0007768045895947859,0.0007768045895947859,0.0007768045895947859,0.0011652068843921789
signed_hqql_tbl,mod.cls_blocks.0.attn.h0,charged_hadron<-neutral_hadron,0.019280215080540914,0.0008525659516005992,0.001474991557188332,0.0009602044922088817,-0.0009513694919102514,-0.0006224256055877329,-0.0001076385406082825,0.0008525659516005992,0.0011637787543944656
signed_hqql_tbl,mod.cls_blocks.0.attn.h6,CLS<-neutral_hadron,0.021857644224332437,0.00016044133230429402,-0.0018289592905691074,8.059494653122222e-05,0.0014331241892875139,0.0019894006228734014,7.984638577307179e-05,0.00016044133230429402,0.0011551416437409947
B_tbl_minus_hqql,mod.cls_blocks.0.attn.h2,neutral_hadron<-photon,0.019512906854535328,-0.0007639550431459038,0.0,0.0,0.0,-0.0007639550431459038,-0.0007639550431459038,0.0007639550431459038,0.0011459325647188558
signed_hqql_tbl,mod.cls_blocks.0.attn.h5,neutral_hadron<-neutral_hadron,0.010715243805732046,-0.00038352254861300547,0.0011303024366497993,-0.000259580396771155,0.00024570440679478147,-0.001513824985262805,-0.00012394215184185044,0.00038352254861300547,0.001140435041244408
B_tbl_minus_hqql,mod.cls_blocks.0.attn.h3,CLS<-muon,0.01132878102362156,-0.0007360057788901031,0.0,0.0,0.0,-0.0007360057788901031,-0.0007360057788901031,0.0007360057788901031,0.0011040086683351547
B_tbl_minus_hqql,mod.cls_blocks.0.attn.h3,charged_hadron<-muon,0.01132878102362156,-0.0007360057788901031,0.0,0.0,0.0,-0.0007360057788901031,-0.0007360057788901031,0.0007360057788901031,0.0011040086683351547
B_tbl_minus_hqql,mod.blocks.5.attn.h2,electron<-charged_hadron,0.025925055146217346,0.0007291853651526923,0.0,0.0,0.0,0.0007291853651526923,0.0007291853651526923,0.0007291853651526923,0.0010937780477290385
B_tbl_minus_hqql,mod.blocks.1.attn.h2,charged_hadron<-muon,0.04286406256935813,0.000723554329438643,0.0,0.0,0.0,0.000723554329438643,0.000723554329438643,0.000723554329438643,0.0010853314941579645
signed_hqql_tbl,mod.cls_blocks.1.attn.h7,neutral_hadron<-photon,0.01651472074014169,-0.0002799208482934369,-0.0018877339634028349,-0.000569548153390105,-6.976966202879946e-05,0.001607813115109398,0.0002896273050966681,0.0002799208482934369,0.0010838274058481358
signed_hqql_tbl,mod.cls_blocks.0.attn.h5,CLS<-neutral_hadron,0.01911866282009416,4.729137193256368e-06,-0.0021522602699171273,-0.0006352662024623219,2.7240320958803036e-05,0.002156989407110384,0.0006399953396555783,4.729137193256368e-06,0.0010832238407484482
B_tbl_minus_hqql,mod.cls_blocks.0.attn.h5,CLS<-photon,0.01853914150930619,-0.0007213129184238334,0.0,0.0,0.0,-0.0007213129184238334,-0.0007213129184238334,0.0007213129184238334,0.00108196937763575
signed_hqql_tbl,mod.cls_blocks.0.attn.h5,charged_hadron<-neutral_hadron,0.021470320267746083,6.573013692664412e-05,-0.0019664678804795534,-0.000805534665112577,-3.292390546347532e-05,0.0020321980174061974,0.0008712648020392211,6.573013692664412e-05,0.0010818291456297427
B_tbl_minus_hqql,mod.blocks.1.attn.h3,muon<-muon,0.0380830354988575,0.0007198287057690322,0.0,0.0,0.0,0.0007198287057690322,0.0007198287057690322,0.0007198287057690322,0.0010797430586535484
signed_hqql_tbl,mod.blocks.5.attn.h2,electron<-charged_hadron,0.02592505279340242,0.0007291854539959642,2.996556305636962e-05,0.00024212731634555706,3.1609922189090867e-05,0.0006992198909395946,0.0004870581376504072,0.0007291854539959642,0.0010787953994657615
signed_hqql_tbl,mod.cls_blocks.1.attn.h1,photon<-charged_hadron,0.012315416141696598,-0.00010030387910892782,-0.002055684324634606,-0.0004859030349038993,2.988002961501479e-05,0.001955380445525678,0.00038559915579497147,0.00010030387910892782,0.0010779941018717668
signed_hqql_tbl,mod.cls_blocks.0.attn.h5,neutral_hadron<-charged_hadron,0.019706499419714276,-0.0003803853607295375,-0.0017747075607379278,-0.0009567399765506796,-3.9106744436034255e-05,0.0013943222000083904,0.0005763546158211421,0.0003803853607295375,0.0010775464607337328
signed_hqql_tbl,mod.cls_blocks.1.attn.h7,CLS<-charged_hadron,0.019336345914489707,-0.00028028076466118815,-0.0018738029035229753,-0.000687924009117717,-6.42218420944628e-05,0.001593522138861787,0.00040764324445652887,0.00028028076466118815,0.0010770418340920818
B_tbl_minus_hqql,mod.cls_blocks.0.attn.h5,charged_hadron<-photon,0.019545345268118273,-0.0007152609567696211,0.0,0.0,0.0,-0.0007152609567696211,-0.0007152609567696211,0.0007152609567696211,0.0010728914351544317
signed_hqql_tbl,mod.cls_blocks.0.attn.h1,charged_hadron<-neutral_hadron,0.03138527933221597,-0.0002107157622678922,0.0014986410319312092,-0.0001911038691002243,0.002198493159893486,-0.0017093567941991014,-1.961189316766789e-05,0.0002107157622678922,0.001065394159367443
signed_hqql_tbl,mod.blocks.1.attn.h3,muon<-muon,0.0380830354988575,0.0007198287057690322,5.398983847726413e-05,3.425950126256794e-05,4.7900976838377574e-05,0.0006658388672917681,0.0006855692045064643,0.0007198287057690322,0.0010527481394149163
signed_hqql_tbl,mod.cls_blocks.1.attn.h4,photon<-charged_hadron,0.025235623121261597,-0.00038841151146461135,-0.0016941996004228314,-0.000318941607309336,4.278084725228837e-05,0.0013057880889582201,-6.946990415527534e-05,0.00038841151146461135,0.0010413055559437214
B_tbl_minus_hqql,mod.cls_blocks.0.attn.h0,photon<-charged_hadron,0.019160660712615303,0.0006908914681686008,0.0,0.0,0.0,0.0006908914681686008,0.0006908914681686008,0.0006908914681686008,0.001036337202252901
B_tbl_minus_hqql,mod.cls_blocks.0.attn.h7,charged_hadron<-neutral_hadron,0.022520314543866195,0.00069073335124323,0.0,0.0,0.0,0.00069073335124323,0.00069073335124323,0.00069073335124323,0.001036100026864845
B_tbl_minus_hqql,mod.cls_blocks.1.attn.h6,CLS<-electron,0.02833374636247754,-0.0006832165454397909,0.0,0.0,0.0,-0.0006832165454397909,-0.0006832165454397909,0.0006832165454397909,0.0010248248181596864
B_tbl_minus_hqql,mod.cls_blocks.1.attn.h6,charged_hadron<-electron,0.02833374636247754,-0.0006832165454397909,0.0,0.0,0.0,-0.0006832165454397909,-0.0006832165454397909,0.0006832165454397909,0.0010248248181596864
signed_hqql_tbl,mod.cls_blocks.1.attn.h0,CLS<-muon,0.00435579614713788,7.604546408401802e-05,0.0019677310265251435,3.175883102812804e-05,0.003231008987313544,-0.0018916855624411255,4.428663305588998e-05,7.604546408401802e-05,0.0010218882453045808
B_tbl_minus_hqql,mod.cls_blocks.0.attn.h0,photon<-photon,0.016579827293753624,0.000674930342938751,0.0,0.0,0.0,0.000674930342938751,0.000674930342938751,0.000674930342938751,0.0010123955144081265
signed_hqql_tbl,mod.cls_blocks.1.attn.h7,charged_hadron<-charged_hadron,0.01923152998960305,-0.0003301489288531423,-0.0016928014072884873,-0.0007914805809879517,-4.073364252690226e-05,0.001362652478435345,0.00046133165213480936,0.0003301489288531423,0.0010114751680708148
B_tbl_minus_hqql,mod.cls_blocks.0.attn.h4,CLS<-charged_hadron,0.020784000146764244,0.0006719564040333538,0.0,0.0,0.0,0.0006719564040333538,0.0006719564040333538,0.0006719564040333538,0.0010079346060500307
signed_hqql_tbl,mod.cls_blocks.1.attn.h3,neutral_hadron<-photon,0.016670491224453774,0.00024792676745557493,-0.0012674605981870131,-7.204840688082653e-05,0.00019037170738014092,0.001515387365642588,0.00031997517433640145,0.00024792676745557493,0.001005620450276869
signed_hqql_tbl,mod.cls_blocks.0.attn.h3,muon<-muon,0.0,0.0,0.002002811525017023,0.0,0.0,-0.002002811525017023,0.0,0.0,0.0010014057625085115
signed_hqql_tbl,mod.cls_blocks.1.attn.h0,photon<-photon,0.021559579918781917,0.00034541499432331574,0.0016496040960931678,0.0005922791556101935,-0.0003830517944471355,-0.001304189101769852,-0.00024686416128687775,0.00034541499432331574,0.0009975095452082418
B_tbl_minus_hqql,mod.blocks.1.attn.h6,charged_hadron<-muon,0.04269572460290157,-0.0006625707628148975,0.0,0.0,0.0,-0.0006625707628148975,-0.0006625707628148975,0.0006625707628148975,0.0009938561442223463
B_tbl_minus_hqql,mod.blocks.0.attn.h2,muon<-photon,0.038391690362583504,0.0006584479388865558,0.0,0.0,0.0,0.0006584479388865558,0.0006584479388865558,0.0006584479388865558,0.0009876719083298337
signed_hqql_tbl,mod.cls_blocks.1.attn.h1,photon<-photon,0.019717799499630928,-0.00011083508919303615,-0.001848902880861345,-0.0001637228234703171,-0.000167403764320178,0.0017380677916683089,5.288773427728094e-05,0.00011083508919303615,0.0009798689850271905
signed_hqql_tbl,mod.blocks.0.attn.h2,muon<-photon,0.038391690362583504,0.0006584479388865558,2.6534717527773373e-05,7.452559657394886e-05,2.4149102630742292e-05,0.0006319132213587824,0.0005839223423126069,0.0006584479388865558,0.000974404549565947
signed_hqql_tbl,mod.blocks.7.attn.h7,charged_hadron<-muon,0.04730289271383575,6.679245835226594e-05,0.0018660667274768153,3.385533345863223e-05,-0.00010682674158499183,-0.0017992742691245495,3.293712489363371e-05,6.679245835226594e-05,0.0009664295929145407
signed_hqql_tbl,mod.cls_blocks.1.attn.h1,neutral_hadron<-charged_hadron,0.020038599246426633,-0.0004930714341370683,-0.0014392059296369553,-0.00031099415088935595,-0.00046537557373876155,0.0009461344954998871,-0.00018207728324771234,0.0004930714341370683,0.0009661386818870118
B_tbl_minus_hqql,mod.cls_blocks.0.attn.h7,CLS<-neutral_hadron,0.02323624652086033,0.0006392472949098899,0.0,0.0,0.0,0.0006392472949098899,0.0006392472949098899,0.0006392472949098899,0.0009588709423648349
signed_hqql_tbl,mod.cls_blocks.0.attn.h5,CLS<-photon,0.018582579467756946,-0.0006719203038484674,-0.0012358783220696211,-0.00104557954540056,0.0001244923514982679,0.0005639580182211537,0.0003736592415520926,0.0006719203038484674,0.0009538993129590443
signed_hqql_tbl,mod.cls_blocks.0.attn.h5,muon<-charged_hadron,0.0,0.0,-0.0019061592492190275,0.0,0.0,0.0019061592492190275,0.0,0.0,0.0009530796246095138
B_tbl_minus_hqql,mod.blocks.7.attn.h3,charged_hadron<-electron,0.10487355370270579,0.0006348400860779771,0.0,0.0,0.0,0.0006348400860779771,0.0006348400860779771,0.0006348400860779771,0.0009522601291169657
B_tbl_minus_hqql,mod.cls_blocks.0.attn.h3,CLS<-neutral_hadron,0.02821548914329873,0.0006173203768816569,0.0,0.0,0.0,0.0006173203768816569,0.0006173203768816569,0.0006173203768816569,0.0009259805653224854
signed_hqql_tbl,mod.blocks.3.attn.h5,charged_hadron<-muon,0.061426336115056816,-0.00048594950049212485,0.00038384795965005954,-0.000874981377273798,0.00035700925726847474,-0.0008697974601421844,0.0003890318767816731,0.00048594950049212485,0.0009208482305632171
signed_hqql_tbl,mod.blocks.3.attn.h2,neutral_hadron<-muon,0.10746210813522339,0.0008340037427842617,0.0006603868400816282,4.26769838668406e-05,-6.822291280350612e-06,0.00017361690270263348,0.0007913267589174211,0.0008340037427842617,0.0009208121941355784
signed_hqql_tbl,mod.blocks.7.attn.h3,charged_hadron<-electron,0.10487353488018639,0.0006348399022643111,6.851087013880412e-05,0.00016489150216695905,-6.518885129480623e-06,0.000566329032125507,0.00046994840009735204,0.0006348399022643111,0.0009180044183270647
B_tbl_minus_hqql,mod.cls_blocks.0.attn.h1,charged_hadron<-charged_hadron,0.019482843552258416,-0.0006113975945719329,0.0,0.0,0.0,-0.0006113975945719329,-0.0006113975945719329,0.0006113975945719329,0.0009170963918578993
signed_hqql_tbl,mod.cls_blocks.1.attn.h6,neutral_hadron<-charged_hadron,0.02237564090051149,-0.00022687528000556325,-0.0015881864974896112,-0.00025600448489280006,-0.00024678718224437773,0.001361311217484048,2.9129204887236814e-05,0.00022687528000556325,0.0009075308887475872
B_tbl_minus_hqql,mod.blocks.4.attn.h5,neutral_hadron<-muon,0.31286253929138186,0.0006007716059684753,0.0,0.0,0.0,0.0006007716059684753,0.0006007716059684753,0.0006007716059684753,0.0009011574089527129
signed_hqql_tbl,mod.cls_blocks.0.attn.h7,photon<-neutral_hadron,0.021673279503981274,0.0005397366088194152,-0.00018245097307953984,0.0005359393960264112,0.00029789590189466253,0.000722187581898955,3.7972127930039658e-06,0.0005397366088194152,0.0009008303997688927
B_tbl_minus_hqql,mod.cls_blocks.1.attn.h4,charged_hadron<-charged_hadron,0.02205724282593457,-0.0005989201241684918,0.0,0.0,0.0,-0.0005989201241684918,-0.0005989201241684918,0.0005989201241684918,0.0008983801862527377
B_tbl_minus_hqql,mod.cls_blocks.0.attn.h5,photon<-charged_hadron,0.02107491117456685,-0.0005929540113910385,0.0,0.0,0.0,-0.0005929540113910385,-0.0005929540113910385,0.0005929540113910385,0.0008894310170865579
signed_hqql_tbl,mod.blocks.1.attn.h6,charged_hadron<-muon,0.04269572460290157,-0.0006625707628148975,-0.00021102385750661293,-0.00011885989224538207,0.0002440212391588994,-0.0004515469053082846,-0.0005437108705695154,0.0006625707628148975,0.0008883442154690399
signed_hqql_tbl,mod.cls_blocks.1.attn.h7,charged_hadron<-photon,0.02055321216856668,-0.00026503203350221826,-0.0014991015195846558,-0.0007848562209965279,-0.00015248427408258035,0.0012340694860824375,0.0005198241874943097,0.00026503203350221826,0.000882066776543437
signed_hqql_tbl,mod.blocks.0.attn.h3,muon<-neutral_hadron,0.06770463585853577,0.0005057414527982473,-0.0002373084716964513,-0.0001063341842382215,-3.5981225032035425e-05,0.0007430499244946986,0.0006120756370364688,0.0005057414527982473,0.0008772664150455967
signed_hqql_tbl,mod.cls_blocks.1.attn.h7,CLS<-photon,0.01956271588458795,-0.0002744037891813267,-0.001473862826082837,-0.0007428623444278433,-0.00018789783216026777,0.0011994590369015102,0.0004684585552465166,0.0002744037891813267,0.0008741333076320817
signed_hqql_tbl,mod.cls_blocks.1.attn.h0,CLS<-neutral_hadron,0.020563377442562744,0.00015069275205961376,0.0015969721343642431,0.0004892685067309859,-0.00012087553409675097,-0.0014462793823046293,-0.00033857575467137214,0.00015069275205961376,0.0008738324432119285
signed_hqql_tbl,mod.cls_blocks.1.attn.h7,photon<-photon,0.020207703734437626,-0.00030765714230559144,-0.0014350942446518752,-0.0008593708405206943,-0.0002836180562888713,0.0011274371023462838,0.0005517136982151028,0.00030765714230559144,0.0008713756934787334
signed_hqql_tbl,mod.cls_blocks.0.attn.h2,muon<-charged_hadron,0.0,0.0,-0.0017354598438197916,0.0,0.0,0.0017354598438197916,0.0,0.0,0.0008677299219098958
signed_hqql_tbl,mod.blocks.3.attn.h0,charged_hadron<-muon,0.05125137892636386,0.00047283241468848604,-0.00029583679667363565,-0.0005370716564357281,0.00010593148531863489,0.0007686692113621216,0.0010099040711242142,0.00047283241468848604,0.0008571670203695468
B_tbl_minus_hqql,mod.cls_blocks.0.attn.h2,CLS<-charged_hadron,0.017359020129820338,-0.0005692559977673157,0.0,0.0,0.0,-0.0005692559977673157,-0.0005692559977673157,0.0005692559977673157,0.0008538839966509735
signed_hqql_tbl,mod.cls_blocks.1.attn.h4,muon<-neutral_hadron,0.0,0.0,0.0016828494146466256,0.0,0.0,-0.0016828494146466256,0.0,0.0,0.0008414247073233128
B_tbl_minus_hqql,mod.blocks.2.attn.h6,muon<-muon,0.027959633618593216,0.0005605285405181348,0.0,0.0,0.0,0.0005605285405181348,0.0005605285405181348,0.0005605285405181348,0.0008407928107772022
signed_hqql_tbl,mod.blocks.2.attn.h6,muon<-muon,0.027959633618593216,0.0005605285405181348,8.901857881937758e-07,-3.18255988531746e-05,-1.4823708227140742e-05,0.0005596383547299411,0.0005923541393713094,0.0005605285405181348,0.0008403477178831054
B_tbl_minus_hqql,mod.cls_blocks.0.attn.h2,charged_hadron<-charged_hadron,0.017469835752474072,-0.0005597111023322414,0.0,0.0,0.0,-0.0005597111023322414,-0.0005597111023322414,0.0005597111023322414,0.0008395666534983621
signed_hqql_tbl,mod.cls_blocks.1.attn.h2,photon<-photon,0.021660595511396725,-0.0003560480836313218,0.0006056216454638515,0.00020602414512942578,0.00020896565789977709,-0.0009616697290951733,-0.0005620722287607476,0.0003560480836313218,0.0008368829481789084
signed_hqql_tbl,mod.cls_blocks.1.attn.h0,neutral_hadron<-photon,0.017920183914679068,0.00023638045438277867,0.0014236283234574578,0.00018889840113190122,-0.0008258569634339789,-0.0011872478690746792,4.748205325087745e-05,0.00023638045438277867,0.0008300043889201183
B_tbl_minus_hqql,mod.blocks.4.attn.h5,charged_hadron<-muon,0.05237423289905895,-0.0005523044841759132,0.0,0.0,0.0,-0.0005523044841759132,-0.0005523044841759132,0.0005523044841759132,0.0008284567262638698
signed_hqql_tbl,mod.cls_blocks.1.attn.h3,neutral_hadron<-neutral_hadron,0.00407245395971196,-8.620226435596123e-05,-0.0015699760988354683,-0.001083600537472025,6.269745279041672e-05,0.001483773834479507,0.0009973982731160639,8.620226435596123e-05,0.0008280891815957148
B_tbl_minus_hqql,mod.cls_blocks.0.attn.h6,photon<-photon,0.020209429785609245,-0.0005365359829738736,0.0,0.0,0.0,-0.0005365359829738736,-0.0005365359829738736,0.0005365359829738736,0.0008048039744608104
signed_hqql_tbl,mod.cls_blocks.1.attn.h0,charged_hadron<-neutral_hadron,0.023525517666712403,0.00022759496110106388,0.0013767904700430604,0.00042079865958822785,-0.00021830912848801946,-0.0011491955089419966,-0.00019320369848716397,0.00022759496110106388,0.0008021927155720622
signed_hqql_tbl,mod.cls_blocks.1.attn.h4,photon<-photon,0.014501232653856277,-9.516104182694107e-05,-0.0014984754291047359,0.00028538735230164284,0.0001888553276984838,0.0014033143872777948,-0.0003805483941285839,9.516104182694107e-05,0.0007968182354658385
signed_hqql_tbl,mod.blocks.3.attn.h2,photon<-muon,0.09784704988653009,0.0005172467790544033,-4.125188850314142e-05,-0.00011508033743926458,-2.4724677652037436e-05,0.0005584986675575448,0.0006323271164936679,0.0005172467790544033,0.0007964961128331757
B_tbl_minus_hqql,mod.cls_blocks.0.attn.h1,photon<-charged_hadron,0.019403407107228817,-0.0005296233879483265,0.0,0.0,0.0,-0.0005296233879483265,-0.0005296233879483265,0.0005296233879483265,0.0007944350819224896
signed_hqql_tbl,mod.cls_blocks.0.attn.h5,neutral_hadron<-photon,0.016583261298544615,-0.0002647635906382843,-0.0013149921697649088,-0.001311406970788271,3.757227871877452e-05,0.0010502285791266245,0.0010466433801499867,0.0002647635906382843,0.0007898778802015965
B_tbl_minus_hqql,mod.cls_blocks.0.attn.h5,neutral_hadron<-photon,0.01718191158624343,-0.0005234732999707814,0.0,0.0,0.0,-0.0005234732999707814,-0.0005234732999707814,0.0005234732999707814,0.0007852099499561721
B_tbl_minus_hqql,mod.cls_blocks.0.attn.h3,neutral_hadron<-photon,0.015909735803250915,0.0005225787675123156,0.0,0.0,0.0,0.0005225787675123156,0.0005225787675123156,0.0005225787675123156,0.0007838681512684735
signed_hqql_tbl,mod.cls_blocks.0.attn.h5,charged_hadron<-photon,0.019248573741781603,-0.0006667553738759266,-0.0008925786357342211,-0.001051592073686745,-0.00012841299067693367,0.00022582326185829448,0.0003848366998108183,0.0006667553738759266,0.0007796670048050738
signed_hqql_tbl,mod.blocks.4.attn.h5,neutral_hadron<-muon,0.31286253929138186,0.0006007716059684753,0.00024656145615153946,0.00033361188252456486,-1.0911380019498882e-05,0.00035421014981693586,0.00026715972344391046,0.0006007716059684753,0.0007778766808769432
B_tbl_minus_hqql,mod.blocks.3.attn.h2,photon<-muon,0.09784704988653009,0.0005172467790544033,0.0,0.0,0.0,0.0005172467790544033,0.0005172467790544033,0.0005172467790544033,0.000775870168581605
B_tbl_minus_hqql,mod.cls_blocks.0.attn.h1,CLS<-charged_hadron,0.019019536186938715,-0.0005131367431642356,0.0,0.0,0.0,-0.0005131367431642356,-0.0005131367431642356,0.0005131367431642356,0.0007697051147463535
signed_hqql_tbl,mod.blocks.7.attn.h5,neutral_hadron<-muon,0.0004493700806051493,3.9515975913673174e-07,0.0015376841110992245,6.859968948447204e-08,7.561905020180427e-05,-0.0015372889513400878,3.265600696522597e-07,3.9515975913673174e-07,0.0007690396354291806
signed_hqql_tbl,mod.cls_blocks.0.attn.h0,charged_hadron<-charged_hadron,0.020561901462037128,0.00048277232335093096,-8.857213585387643e-05,0.0008751879458737481,-0.0003007652645464987,0.0005713444592048074,-0.0003924156225228171,0.00048277232335093096,0.0007684445529533347
B_tbl_minus_hqql,mod.cls_blocks.1.attn.h0,photon<-photon,0.021927344302336376,0.000508306334571292,0.0,0.0,0.0,0.000508306334571292,0.000508306334571292,0.000508306334571292,0.000762459501856938
B_tbl_minus_hqql,mod.blocks.0.attn.h3,muon<-neutral_hadron,0.06770463585853577,0.0005057414527982473,0.0,0.0,0.0,0.0005057414527982473,0.0005057414527982473,0.0005057414527982473,0.000758612179197371
signed_hqql_tbl,mod.cls_blocks.1.attn.h3,neutral_hadron<-charged_hadron,0.02065010408037587,0.0001364087002002634,-0.001086079329252243,-3.6232137240514886e-05,-8.660003431546299e-05,0.0012224880294525065,0.0001726408374407783,0.0001364087002002634,0.0007476527149265167
signed_hqql_tbl,mod.blocks.4.attn.h5,charged_hadron<-muon,0.05237423289905895,-0.0005523044841759132,-0.00016322882196012262,-0.0004521846305578947,0.0001897430980118014,-0.00038907566221579057,-0.00010011985361801852,0.0005523044841759132,0.0007468423152838086
signed_hqql_tbl,mod.cls_blocks.0.attn.h2,neutral_hadron<-neutral_hadron,0.010581260280949729,-0.0005259578507060983,-0.0009515980879465739,-0.00035668360241861255,4.341372017127772e-05,0.00042564023724047555,-0.00016927424828748575,0.0005259578507060983,0.0007387779693263361
signed_hqql_tbl,mod.cls_blocks.1.attn.h1,CLS<-charged_hadron,0.018047692375956666,-0.0001773089544295692,-0.0012868922760363424,-0.0004556534690732222,-0.00016607961396318898,0.0011095833216067733,0.00027834451464365303,0.0001773089544295692,0.0007321006152329558
signed_hqql_tbl,mod.cls_blocks.1.attn.h7,photon<-neutral_hadron,0.0290993422580262,0.0001505586515122559,-0.001011072592882556,-0.0008288079240758504,-0.00020583990726663615,0.0011616312443948119,0.0009793665755881064,0.0001505586515122559,0.0007313742737096618
B_tbl_minus_hqql,mod.blocks.3.attn.h5,charged_hadron<-muon,0.061426336115056816,-0.00048594950049212485,0.0,0.0,0.0,-0.00048594950049212485,-0.00048594950049212485,0.00048594950049212485,0.0007289242507381873
signed_hqql_tbl,mod.cls_blocks.0.attn.h0,neutral_hadron<-charged_hadron,0.01899824016972592,0.0004372849729598353,-0.0001378886712094148,0.00044497087450198286,-0.0006056675059801859,0.0005751736441692501,-7.685901542147581e-06,0.0004372849729598353,0.0007248717950444604
B_tbl_minus_hqql,mod.blocks.3.attn.h0,charged_hadron<-muon,0.05125137892636386,0.00047283241468848604,0.0,0.0,0.0,0.00047283241468848604,0.00047283241468848604,0.00047283241468848604,0.000709248622032729
signed_hqql_tbl,mod.blocks.5.attn.h7,charged_hadron<-electron,0.17432081699371338,-0.00037657009364154776,0.0002801408750625948,-0.00027016251101747324,3.277677865298756e-05,-0.0006567109687041425,-0.00010640758262407451,0.00037657009364154776,0.000704925577993619
B_tbl_minus_hqql,mod.cls_blocks.1.attn.h4,CLS<-charged_hadron,0.02117132895668973,-0.0004689976172442785,0.0,0.0,0.0,-0.0004689976172442785,-0.0004689976172442785,0.0004689976172442785,0.0007034964258664177
B_tbl_minus_hqql,mod.cls_blocks.0.attn.h2,CLS<-neutral_hadron,0.0165394663086368,-0.0004680399918773522,0.0,0.0,0.0,-0.0004680399918773522,-0.0004680399918773522,0.0004680399918773522,0.0007020599878160283
B_tbl_minus_hqql,mod.cls_blocks.0.attn.h4,photon<-charged_hadron,0.02015441332174384,0.00046586142043056697,0.0,0.0,0.0,0.00046586142043056697,0.00046586142043056697,0.00046586142043056697,0.0006987921306458504
signed_hqql_tbl,mod.cls_blocks.1.attn.h0,CLS<-charged_hadron,0.021041988316228836,0.00016533952563229867,0.0012212472978000441,0.0006620573842298048,-0.00030226711239548354,-0.0010559077721677456,-0.0004967178585975062,0.00016533952563229867,0.0006932934117161715
B_tbl_minus_hqql,mod.blocks.5.attn.h0,electron<-photon,0.024865385393301645,-0.00045498365555734686,0.0,0.0,0.0,-0.00045498365555734686,-0.00045498365555734686,0.00045498365555734686,0.0006824754833360203
signed_hqql_tbl,mod.blocks.5.attn.h0,electron<-photon,0.024865389863650004,-0.00045498362839377175,-4.986926796846092e-06,0.0002203873300459236,-1.3378658180741908e-05,-0.00044999670159692566,-0.0006753709584396953,0.00045498362839377175,0.0006799819791922345
B_tbl_minus_hqql,mod.cls_blocks.0.attn.h5,charged_hadron<-neutral_hadron,0.024890143639193132,-0.0004497136047015934,0.0,0.0,0.0,-0.0004497136047015934,-0.0004497136047015934,0.0004497136047015934,0.00067457040705239
B_tbl_minus_hqql,mod.cls_blocks.0.attn.h0,charged_hadron<-charged_hadron,0.020272623222718125,0.00044928920612097604,0.0,0.0,0.0,0.00044928920612097604,0.00044928920612097604,0.00044928920612097604,0.0006739338091814641
signed_hqql_tbl,mod.blocks.0.attn.h4,muon<-muon,0.042658865451812744,-0.000405017111916095,0.00012633775008907833,0.00019241098198108375,2.670209596544737e-06,-0.0005313548620051733,-0.0005974280938971788,0.000405017111916095,0.0006706945429186817
B_tbl_minus_hqql,mod.cls_blocks.0.attn.h5,photon<-neutral_hadron,0.03149473418792089,-0.00044650178945933777,0.0,0.0,0.0,-0.00044650178945933777,-0.00044650178945933777,0.00044650178945933777,0.0006697526841890067
signed_hqql_tbl,mod.blocks.0.attn.h5,muon<-neutral_hadron,0.020376785099506377,-0.00042353789322078226,6.504379416583106e-05,1.7835582184488885e-06,3.040737540021857e-06,-0.0004885816873866133,-0.00042532145143923115,0.00042353789322078226,0.0006678287369140889
signed_hqql_tbl,mod.blocks.6.attn.h5,neutral_hadron<-muon,0.16157107353210448,0.00010996985947713256,0.0012223571138747502,-1.5417030226672068e-05,0.00024012982553160882,-0.0011123872543976176,0.00012538688970380462,0.00010996985947713256,0.0006661634866759414
signed_hqql_tbl,mod.cls_blocks.0.attn.h0,photon<-charged_hadron,0.017699909598931023,0.00047060231799664706,0.0008549080517347137,7.446947733335423e-05,-7.418732639052905e-05,-0.0003843057337380666,0.0003961328406632928,0.00047060231799664706,0.0006627551848656804
B_tbl_minus_hqql,mod.cls_blocks.1.attn.h1,neutral_hadron<-photon,0.01619408380838088,-0.0004412424261969181,0.0,0.0,0.0,-0.0004412424261969181,-0.0004412424261969181,0.0004412424261969181,0.0006618636392953771
B_tbl_minus_hqql,mod.cls_blocks.0.attn.h0,CLS<-charged_hadron,0.019458011045294293,0.0004405447295427178,0.0,0.0,0.0,0.0004405447295427178,0.0004405447295427178,0.0004405447295427178,0.0006608170943140767
signed_hqql_tbl,mod.blocks.0.attn.h5,muon<-muon,0.05122753232717514,-0.00038776471046730876,0.00015402331786162904,0.00011542846186785027,-0.0009937528205909985,-0.0005417880283289378,-0.000503193172335159,0.00038776471046730876,0.0006586587246317777
B_tbl_minus_hqql,mod.cls_blocks.0.attn.h5,CLS<-neutral_hadron,0.02334616881691747,-0.0004383175718329666,0.0,0.0,0.0,-0.0004383175718329666,-0.0004383175718329666,0.0004383175718329666,0.0006574763577494499
signed_hqql_tbl,mod.cls_blocks.1.attn.h4,CLS<-charged_hadron,0.0241652866036205,-0.0004140866785614636,-0.0008971902229959132,-0.00028769621146074685,0.0003411302637147094,0.00048310354443444954,-0.00012639046710071676,0.0004140866785614636,0.0006556384507786884
B_tbl_minus_hqql,mod.cls_blocks.0.attn.h2,charged_hadron<-neutral_hadron,0.01711978491109151,-0.0004350306866959167,0.0,0.0,0.0,-0.0004350306866959167,-0.0004350306866959167,0.0004350306866959167,0.0006525460300438751
B_tbl_minus_hqql,mod.cls_blocks.0.attn.h7,photon<-photon,0.017507462451855343,0.0004340144999635716,0.0,0.0,0.0,0.0004340144999635716,0.0004340144999635716,0.0004340144999635716,0.0006510217499453574
B_tbl_minus_hqql,mod.cls_blocks.0.attn.h0,charged_hadron<-photon,0.017213615597388068,0.00042896623853508624,0.0,0.0,0.0,0.00042896623853508624,0.00042896623853508624,0.00042896623853508624,0.0006434493578026294
signed_hqql_tbl,mod.cls_blocks.0.attn.h7,neutral_hadron<-charged_hadron,0.01903466056836279,-0.0001449289342609087,0.0008460039893786113,0.0003990444025342784,0.000338387466373219,-0.00099093292363952,-0.0005439733367951871,0.0001449289342609087,0.0006403953960806687
B_tbl_minus_hqql,mod.cls_blocks.0.attn.h0,CLS<-photon,0.017127589851360155,0.0004267984191331508,0.0,0.0,0.0,0.0004267984191331508,0.0004267984191331508,0.0004267984191331508,0.0006401976286997262
signed_hqql_tbl,mod.blocks.6.attn.h7,electron<-photon,0.013008272026975949,-0.0003129447189470132,0.00033890503781159557,-1.742938599948372e-05,5.016153732725939e-05,-0.0006518497567586088,-0.00029551533294752946,0.0003129447189470132,0.0006388695973263176
signed_hqql_tbl,mod.blocks.0.attn.h4,electron<-neutral_hadron,0.04228054674772116,0.0003022408412876897,-0.0003663815123218228,7.943174336105585e-05,-7.29850745604684e-05,0.0006686223536095126,0.00022280909792663384,0.0003022408412876897,0.000636552018092446
signed_hqql_tbl,mod.blocks.3.attn.h7,charged_hadron<-muon,0.08204429799860175,-0.0003459465435960076,0.00023359437473118304,-0.0018764512613415718,0.0003098016282184476,-0.0005795409183271907,0.0015305047177455642,0.0003459465435960076,0.0006357170027596029
B_tbl_minus_hqql,mod.blocks.0.attn.h5,muon<-neutral_hadron,0.020376785099506377,-0.00042353789322078226,0.0,0.0,0.0,-0.00042353789322078226,-0.00042353789322078226,0.00042353789322078226,0.0006353068398311733
B_tbl_minus_hqql,mod.cls_blocks.0.attn.h3,neutral_hadron<-neutral_hadron,0.016394478934151784,-0.0004234514240774193,0.0,0.0,0.0,-0.0004234514240774193,-0.0004234514240774193,0.0004234514240774193,0.000635177136116129
B_tbl_minus_hqql,mod.cls_blocks.0.attn.h6,charged_hadron<-charged_hadron,0.02046724406304638,0.0004227365114281268,0.0,0.0,0.0,0.0004227365114281268,0.0004227365114281268,0.0004227365114281268,0.0006341047671421902
B_tbl_minus_hqql,mod.blocks.7.attn.h7,neutral_hadron<-electron,0.12727125075000983,0.00041800408983432973,0.0,0.0,0.0,0.00041800408983432973,0.00041800408983432973,0.00041800408983432973,0.0006270061347514946
signed_hqql_tbl,mod.cls_blocks.1.attn.h1,CLS<-photon,0.01985745788994715,-0.0001354318676430528,-0.0011101475686868143,-0.0005922684961810758,-0.00012275662170851983,0.0009747157010437616,0.000456836628538023,0.0001354318676430528,0.0006227897181649336
signed_hqql_tbl,mod.cls_blocks.1.attn.h4,photon<-neutral_hadron,0.023242925604184467,-6.768823368474841e-05,-0.001166450959863141,4.645384615287185e-05,-0.0002771328332755729,0.0010987627261783927,-0.00011414207983762026,6.768823368474841e-05,0.0006170695967739448
B_tbl_minus_hqql,mod.cls_blocks.1.attn.h0,CLS<-electron,0.03123861347557977,-0.00041074210033305764,0.0,0.0,0.0,-0.00041074210033305764,-0.00041074210033305764,0.00041074210033305764,0.0006161131504995865
B_tbl_minus_hqql,mod.cls_blocks.1.attn.h0,charged_hadron<-electron,0.03123861347557977,-0.00041074210033305764,0.0,0.0,0.0,-0.00041074210033305764,-0.00041074210033305764,0.00041074210033305764,0.0006161131504995865
signed_hqql_tbl,mod.cls_blocks.0.attn.h0,CLS<-charged_hadron,0.019955388425914773,0.00047304627280366624,0.0001873661429165815,0.0006376536634582474,-0.0002784579216192166,0.0002856801298870848,-0.00016460739065458116,0.00047304627280366624,0.0006158863377472086
signed_hqql_tbl,mod.cls_blocks.0.attn.h0,CLS<-photon,0.01719048614976042,0.00048163438233297305,0.0007432606661998069,0.0003982529527059308,0.0001479256688697734,-0.0002616262838668339,8.338142962704227e-05,0.00048163438233297305,0.00061244752426639
signed_hqql_tbl,mod.cls_blocks.0.attn.h7,photon<-photon,0.019450072199106216,0.00029959380723691237,-0.0003223562518418846,0.0008470154616275225,0.00011009473369963336,0.000621950059078797,-0.00054742165439061,0.00029959380723691237,0.0006105688367763109
B_tbl_minus_hqql,mod.blocks.0.attn.h4,muon<-muon,0.042658865451812744,-0.000405017111916095,0.0,0.0,0.0,-0.000405017111916095,-0.000405017111916095,0.000405017111916095,0.0006075256678741425
B_tbl_minus_hqql,mod.cls_blocks.0.attn.h7,photon<-neutral_hadron,0.03802342712879181,-0.00040258570030952495,0.0,0.0,0.0,-0.00040258570030952495,-0.00040258570030952495,0.00040258570030952495,0.0006038785504642874
signed_hqql_tbl,mod.cls_blocks.1.attn.h0,CLS<-photon,0.015690574417110824,0.00013139898587999227,0.0010756452238321564,0.00039572012304506335,-0.000299868946508295,-0.0009442462379521642,-0.00026432113716507106,0.00013139898587999227,0.0006035221048560743
signed_hqql_tbl,mod.cls_blocks.1.attn.h6,CLS<-electron,0.028192263018960755,-0.0005920311959926039,-0.0005855487424923922,-0.0006834553023509216,0.0004634314425370212,-6.4824535002117045e-06,9.142410635831766e-05,0.0005920311959926039,0.0005952724227427098
signed_hqql_tbl,mod.cls_blocks.1.attn.h6,charged_hadron<-electron,0.028192263018960755,-0.0005920311959926039,-0.0005855487424923922,0.00012442100705811754,-1.871603065713619e-05,-6.4824535002117045e-06,-0.0007164522030507214,0.0005920311959926039,0.0005952724227427098
B_tbl_minus_hqql,mod.cls_blocks.0.attn.h3,CLS<-charged_hadron,0.02024995757505911,0.00039497818391923464,0.0,0.0,0.0,0.00039497818391923464,0.00039497818391923464,0.00039497818391923464,0.0005924672758788519
B_tbl_minus_hqql,mod.cls_blocks.0.attn.h5,neutral_hadron<-neutral_hadron,0.014119162889463561,-0.0003924819279096222,0.0,0.0,0.0,-0.0003924819279096222,-0.0003924819279096222,0.0003924819279096222,0.0005887228918644333
B_tbl_minus_hqql,mod.blocks.0.attn.h5,muon<-muon,0.05122753232717514,-0.00038776471046730876,0.0,0.0,0.0,-0.00038776471046730876,-0.00038776471046730876,0.00038776471046730876,0.0005816470657009631
signed_hqql_tbl,mod.blocks.6.attn.h1,photon<-muon,0.04632099650122903,-0.00013031646482307804,-0.0010315734051311244,-4.751173712845359e-05,0.00029567844779064344,0.0009012569403080464,-8.280472769462444e-05,0.00013031646482307804,0.0005809449349771013
signed_hqql_tbl,mod.cls_blocks.1.attn.h6,CLS<-photon,0.018067205931336462,-0.00020959805204031145,-0.0009516910800423047,-0.000501632127755632,0.00034391044632102295,0.0007420930280019932,0.00029203407571532056,0.00020959805204031145,0.0005806445660413081
B_tbl_minus_hqql,mod.cls_blocks.0.attn.h3,photon<-neutral_hadron,0.036383144557476044,0.0003870325939108928,0.0,0.0,0.0,0.0003870325939108928,0.0003870325939108928,0.0003870325939108928,0.0005805488908663392
B_tbl_minus_hqql,mod.cls_blocks.1.attn.h4,photon<-charged_hadron,0.02672538873942002,-0.0003856538602596392,0.0,0.0,0.0,-0.0003856538602596392,-0.0003856538602596392,0.0003856538602596392,0.0005784807903894588
signed_hqql_tbl,mod.cls_blocks.1.attn.h4,charged_hadron<-charged_hadron,0.024856567024365322,-0.0004892117264632558,-0.0006668966188288589,-0.00025128667982036225,0.0004910150280920788,0.00017768489236560307,-0.00023792504664289354,0.0004892117264632558,0.0005780541726460573
signed_hqql_tbl,mod.cls_blocks.1.attn.h6,charged_hadron<-neutral_hadron,0.01790946012792679,-6.404628892106793e-05,-0.001088299077202785,-0.00022980063068592604,5.596400781845053e-05,0.001024252788281717,0.0001657543417648581,6.404628892106793e-05,0.0005761726830619265
signed_hqql_tbl,mod.blocks.7.attn.h7,neutral_hadron<-electron,0.12727118742007476,0.0004180039272446615,0.00010522668344492558,9.039630629558814e-05,-4.704430466517806e-06,0.0003127772437997359,0.00032760762094907335,0.0004180039272446615,0.0005743925491445295
B_tbl_minus_hqql,mod.cls_blocks.0.attn.h3,photon<-charged_hadron,0.02414517817289933,0.00038230736011072344,0.0,0.0,0.0,0.00038230736011072344,0.00038230736011072344,0.00038230736011072344,0.0005734610401660851
signed_hqql_tbl,mod.cls_blocks.1.attn.h6,photon<-photon,0.018219446763396263,-0.00018617698030235866,-0.0009527434950094606,-0.000595664669727457,0.0005520385510815112,0.000766566514707102,0.00040948768942509833,0.00018617698030235866,0.0005694602376559096
B_tbl_minus_hqql,mod.cls_blocks.0.attn.h5,charged_hadron<-charged_hadron,0.018126867020253054,-0.00037838074061027454,0.0,0.0,0.0,-0.00037838074061027454,-0.00037838074061027454,0.00037838074061027454,0.0005675711109154118
B_tbl_minus_hqql,mod.blocks.5.attn.h7,charged_hadron<-electron,0.17432082640497307,-0.00037657039999765783,0.0,0.0,0.0,-0.00037657039999765783,-0.00037657039999765783,0.00037657039999765783,0.0005648555999964867
signed_hqql_tbl,mod.blocks.5.attn.h7,neutral_hadron<-electron,0.10509885274446927,0.0003727614687075122,-1.112176505557727e-05,-6.511510815471411e-05,3.424973789757739e-05,0.00038388323376308946,0.0004378765768622263,0.0003727614687075122,0.000564703085589057
signed_hqql_tbl,mod.cls_blocks.0.attn.h0,muon<-neutral_hadron,0.0,0.0,0.0011272421106696129,0.0,0.0,-0.0011272421106696129,0.0,0.0,0.0005636210553348064
signed_hqql_tbl,mod.blocks.7.attn.h0,muon<-photon,0.019334581765261562,0.0001626503865488551,0.0009621944403848969,-4.841022503872713e-05,8.263247348492899e-05,-0.0007995440538360419,0.00021106061158758223,0.0001626503865488551,0.000562422413466876
signed_hqql_tbl,mod.blocks.0.attn.h1,charged_hadron<-muon,0.016735765067013828,-3.614155998961492e-05,0.0010124552839746077,-0.00015759214293211698,6.0607918330569226e-05,-0.0010485968439642227,0.00012145058294250206,3.614155998961492e-05,0.0005604399819717263
B_tbl_minus_hqql,mod.cls_blocks.0.attn.h2,neutral_hadron<-neutral_hadron,0.012008575988667352,-0.0003736175463667938,0.0,0.0,0.0,-0.0003736175463667938,-0.0003736175463667938,0.0003736175463667938,0.0005604263195501907
B_tbl_minus_hqql,mod.blocks.5.attn.h7,neutral_hadron<-electron,0.10509882523463322,0.0003727610265531649,0.0,0.0,0.0,0.0003727610265531649,0.0003727610265531649,0.0003727610265531649,0.0005591415398297473
signed_hqql_tbl,mod.blocks.3.attn.h4,muon<-neutral_hadron,0.01410876214504242,9.445633622817695e-05,-0.0008315577288158238,0.0007953598396852612,-2.0353677151117313e-05,0.0009260140650440007,-0.0007009035034570843,9.445633622817695e-05,0.0005574633687501773
signed_hqql_tbl,mod.blocks.1.attn.h4,muon<-muon,0.017167918384075165,-0.00036454579094424844,7.305166946025565e-06,0.00011530007759574801,2.0360500457172748e-05,-0.000371850957890274,-0.00047984586853999645,0.00036454579094424844,0.0005504712698893854
B_tbl_minus_hqql,mod.blocks.1.attn.h4,muon<-muon,0.017167918384075165,-0.00036454579094424844,0.0,0.0,0.0,-0.00036454579094424844,-0.00036454579094424844,0.00036454579094424844,0.0005468186864163727
signed_hqql_tbl,mod.blocks.3.attn.h3,charged_hadron<-electron,0.052504081475107295,0.00025745699990932877,-0.0003199484602858623,-1.0347432703122325e-05,9.089861805477994e-05,0.000577405460195191,0.0002678044326124511,0.00025745699990932877,0.0005461597300069243
signed_hqql_tbl,mod.cls_blocks.1.attn.h6,photon<-charged_hadron,0.022151139119397038,-0.00014807711578095737,-0.0009361664853888015,-0.000325646078580934,-7.22332218969779e-05,0.0007880893696078442,0.00017756896279997662,0.00014807711578095737,0.0005421218005848794
signed_hqql_tbl,mod.blocks.2.attn.h5,electron<-photon,0.017047780255476635,0.0002657580616263052,-0.000279797226539813,8.655207680671342e-05,-1.147440816094349e-05,0.0005455552881661182,0.00017920598481959175,0.0002657580616263052,0.0005385357057093644
signed_hqql_tbl,mod.cls_blocks.1.attn.h6,charged_hadron<-photon,0.01928603936225996,-0.0002245521042047393,-0.0008516517921912769,-0.00044329652760860435,0.00037594470114080174,0.0006270996879865376,0.00021874442340386505,0.0002245521042047393,0.0005381019481980081
signed_hqql_tbl,mod.cls_blocks.0.attn.h7,charged_hadron<-charged_hadron,0.020870027058722637,0.00031618051922198425,0.0007581065136303262,0.0009715634924380501,0.00013597141369245947,-0.000441925994408342,-0.0006553829732160658,0.00031618051922198425,0.0005371435164261552
signed_hqql_tbl,mod.cls_blocks.1.attn.h1,muon<-charged_hadron,0.0,0.0,-0.0010673366487026215,0.0,0.0,0.0010673366487026215,0.0,0.0,0.0005336683243513107
signed_hqql_tbl,mod.cls_blocks.1.attn.h1,charged_hadron<-charged_hadron,0.018433863457125898,-0.00010701440118894916,-0.0009602075165830461,-0.0004998937952896004,-0.00019377594617253635,0.000853193115394097,0.00039287939410065126,0.00010701440118894916,0.0005336109588859976
B_tbl_minus_hqql,mod.cls_blocks.1.attn.h5,neutral_hadron<-neutral_hadron,0.012811482883989811,0.00035475398908602074,0.0,0.0,0.0,0.00035475398908602074,0.00035475398908602074,0.00035475398908602074,0.0005321309836290311
signed_hqql_tbl,mod.cls_blocks.1.attn.h2,neutral_hadron<-charged_hadron,0.022289641593631945,-0.0003274386307518733,7.58938646564881e-05,0.0001169949863673892,-0.00048778394314770895,-0.0004033324954083614,-0.00044443361711926253,0.0003274386307518733,0.0005291048784560541
B_tbl_minus_hqql,mod.cls_blocks.0.attn.h5,CLS<-charged_hadron,0.01849275953688864,-0.0003513978616916293,0.0,0.0,0.0,-0.0003513978616916293,-0.0003513978616916293,0.0003513978616916293,0.0005270967925374439
signed_hqql_tbl,mod.blocks.6.attn.h1,muon<-charged_hadron,0.028383533159891765,-4.1917788401020296e-05,0.0009283659824480613,-0.0005435890983790159,0.0005570431029513838,-0.0009702837708490816,0.0005016713099779956,4.1917788401020296e-05,0.0005270596738255611
signed_hqql_tbl,mod.blocks.1.attn.h0,photon<-muon,0.03756001320752231,-0.00021163918162611398,0.00041636102832853794,-5.0872653013183956e-05,-5.871905575207036e-05,-0.000628000209954652,-0.00016076652861293002,0.00021163918162611398,0.0005256392866034399
signed_hqql_tbl,mod.cls_blocks.1.attn.h7,muon<-charged_hadron,0.0,0.0,-0.0010460897941480982,0.0,0.0,0.0010460897941480982,0.0,0.0,0.0005230448970740491
B_tbl_minus_hqql,mod.blocks.2.attn.h2,photon<-muon,0.034805641932920975,0.00034783160398629576,0.0,0.0,0.0,0.00034783160398629576,0.00034783160398629576,0.00034783160398629576,0.0005217474059794437
signed_hqql_tbl,mod.blocks.3.attn.h0,photon<-muon,0.04847844080491499,0.00023871084505861455,-0.00032634504784185154,-0.00014506175094062374,3.140847184113227e-05,0.0005650558929004661,0.0003837725959992383,0.00023871084505861455,0.0005212387915088477
B_tbl_minus_hqql,mod.cls_blocks.0.attn.h4,charged_hadron<-neutral_hadron,0.024866199407439966,0.00034628758797995176,0.0,0.0,0.0,0.00034628758797995176,0.00034628758797995176,0.00034628758797995176,0.0005194313819699276
B_tbl_minus_hqql,mod.blocks.3.attn.h7,charged_hadron<-muon,0.08204429799860175,-0.0003459465435960076,0.0,0.0,0.0,-0.0003459465435960076,-0.0003459465435960076,0.0003459465435960076,0.0005189198153940114
B_tbl_minus_hqql,mod.cls_blocks.1.attn.h3,charged_hadron<-neutral_hadron,0.02604577851553376,-0.00034448227989532123,0.0,0.0,0.0,-0.00034448227989532123,-0.00034448227989532123,0.00034448227989532123,0.0005167234198429819
signed_hqql_tbl,mod.cls_blocks.1.attn.h6,CLS<-charged_hadron,0.020320159326742693,-0.0002035040543110225,-0.0008292638893871412,-0.00029244983575534017,-2.3330652760032356e-05,0.0006257598350761188,8.894578144431767e-05,0.0002035040543110225,0.0005163839718490819
signed_hqql_tbl,mod.cls_blocks.1.attn.h0,charged_hadron<-charged_hadron,0.022158352779768586,9.90028179065033e-05,0.0009314567929633507,0.0007702022928727849,-3.565294591680868e-05,-0.0008324539750568474,-0.0006711994749662816,9.90028179065033e-05,0.000515229805434927
signed_hqql_tbl,mod.blocks.7.attn.h3,photon<-electron,0.0653660774230957,0.00025580155585582057,-0.00026154769173964657,0.0001030307732565104,1.1163514027902675e-05,0.0005173492475954672,0.00015277078259931016,0.00025580155585582057,0.0005144761796535542
signed_hqql_tbl,mod.cls_blocks.0.attn.h2,muon<-neutral_hadron,0.0,0.0,-0.0010280044749379157,0.0,0.0,0.0010280044749379157,0.0,0.0,0.0005140022374689579
signed_hqql_tbl,mod.blocks.6.attn.h1,charged_hadron<-muon,0.07498098864699855,-0.00020370384057362875,0.00041466557110349337,-0.002186991274356842,0.0005380794018821185,-0.0006183694116771221,0.001983287433783213,0.00020370384057362875,0.0005128885464121898
signed_hqql_tbl,mod.blocks.6.attn.h6,neutral_hadron<-muon,0.046712905168533325,-9.003771265270188e-06,-0.0009950326075340854,-0.0002111537178279832,-1.8100730229612648e-05,0.0009860288362688152,0.00020214994656271302,9.003771265270188e-06,0.0005020181893996778
signed_hqql_tbl,mod.blocks.1.attn.h7,charged_hadron<-muon,0.025198474074854996,-5.8972918795365274e-05,0.0008205538926025232,-0.00013432665728032588,9.92721207552107e-05,-0.0008795268113978884,7.535373848496061e-05,5.8972918795365274e-05,0.0004987363244943095
B_tbl_minus_hqql,mod.cls_blocks.1.attn.h0,photon<-charged_hadron,0.01633229657359745,0.00033010041300693285,0.0,0.0,0.0,0.00033010041300693285,0.00033010041300693285,0.00033010041300693285,0.0004951506195103993
signed_hqql_tbl,mod.blocks.3.attn.h3,muon<-neutral_hadron,0.013954629004001618,0.00015333783812820911,-0.0005287713865982369,3.157004539389163e-05,0.00011952381692026393,0.000682109224726446,0.00012176779273431748,0.00015333783812820911,0.0004943924504914321
signed_hqql_tbl,mod.blocks.1.attn.h2,muon<-neutral_hadron,0.010546018928289413,3.959150853916072e-06,-0.0009746368014020845,0.0002953912771772593,-5.3932089075636256e-06,0.0009785959522560007,-0.0002914321263233433,3.959150853916072e-06,0.0004932571269819164
signed_hqql_tbl,mod.cls_blocks.1.attn.h6,CLS<-neutral_hadron,0.015448418335937377,-6.0239112018381194e-05,-0.0009152229329394627,-0.0002400989130577766,4.256600350198007e-05,0.0008549838209210815,0.00017985980103939542,6.0239112018381194e-05,0.0004877310224789219
signed_hqql_tbl,mod.blocks.2.attn.h2,photon<-muon,0.034805641932920975,0.00034783160398629576,6.878526899247215e-05,-7.170373906514474e-05,6.758345261914656e-05,0.0002790463349938236,0.0004195353430514405,0.00034783160398629576,0.00048735477148320757
signed_hqql_tbl,mod.cls_blocks.1.attn.h6,charged_hadron<-charged_hadron,0.01949389929214294,-0.00020616187568421113,-0.0007670815216331947,-0.00029602636824071723,0.00011215703088964801,0.0005609196459489835,8.98644925565061e-05,0.00020616187568421113,0.0004866216986587029
B_tbl_minus_hqql,mod.cls_blocks.1.attn.h1,neutral_hadron<-charged_hadron,0.01797218228641309,-0.0003229819765118392,0.0,0.0,0.0,-0.0003229819765118392,-0.0003229819765118392,0.0003229819765118392,0.00048447296476775874
B_tbl_minus_hqql,mod.cls_blocks.1.attn.h2,photon<-photon,0.022782081738114357,-0.00031828023202251643,0.0,0.0,0.0,-0.00031828023202251643,-0.00031828023202251643,0.00031828023202251643,0.00047742034803377464
signed_hqql_tbl,mod.cls_blocks.1.attn.h6,muon<-neutral_hadron,0.0,0.0,-0.0009548278525471687,0.0,0.0,0.0009548278525471687,0.0,0.0,0.00047741392627358436
signed_hqql_tbl,mod.blocks.4.attn.h2,muon<-neutral_hadron,0.028046467900276185,0.00022876320872455835,-0.0002654752825037576,-0.0007265338208526373,3.867353442705448e-06,0.000494238491228316,0.0009552970295771956,0.00022876320872455835,0.00047588245433871634
signed_hqql_tbl,mod.cls_blocks.1.attn.h5,muon<-photon,0.0,0.0,0.0009429500438272953,0.0,0.0,-0.0009429500438272953,0.0,0.0,0.00047147502191364766
signed_hqql_tbl,mod.cls_blocks.1.attn.h7,muon<-photon,0.0,0.0,-0.0009419510141015052,0.0,0.0,0.0009419510141015052,0.0,0.0,0.0004709755070507526
B_tbl_minus_hqql,mod.blocks.6.attn.h7,electron<-photon,0.013008271778623263,-0.0003129446879029274,0.0,0.0,0.0,-0.0003129446879029274,-0.0003129446879029274,0.0003129446879029274,0.00046941703185439105
signed_hqql_tbl,mod.cls_blocks.0.attn.h0,muon<-photon,0.0,0.0,0.0009384620934724808,0.0,0.0,-0.0009384620934724808,0.0,0.0,0.0004692310467362404
B_tbl_minus_hqql,mod.cls_blocks.1.attn.h7,charged_hadron<-charged_hadron,0.01875701372566092,-0.00031184075685070756,0.0,0.0,0.0,-0.00031184075685070756,-0.00031184075685070756,0.00031184075685070756,0.0004677611352760613
signed_hqql_tbl,mod.blocks.6.attn.h3,charged_hadron<-electron,0.28395717394979375,-0.000254917591136243,0.0001699280987183253,-5.951955855620661e-05,4.4646370952250436e-05,-0.0004248456898545683,-0.00019539803258003638,0.000254917591136243,0.00046734043606352715
B_tbl_minus_hqql,mod.cls_blocks.1.attn.h4,photon<-neutral_hadron,0.023840623597304027,0.00031078417669050395,0.0,0.0,0.0,0.00031078417669050395,0.00031078417669050395,0.00031078417669050395,0.00046617626503575593
B_tbl_minus_hqql,mod.cls_blocks.1.attn.h3,neutral_hadron<-photon,0.0227934777000804,0.00031056790325192755,0.0,0.0,0.0,0.00031056790325192755,0.00031056790325192755,0.00031056790325192755,0.00046585185487789133
B_tbl_minus_hqql,mod.cls_blocks.1.attn.h4,charged_hadron<-neutral_hadron,0.03602471793643557,0.00030926603057406074,0.0,0.0,0.0,0.00030926603057406074,0.00030926603057406074,0.00030926603057406074,0.0004638990458610911
B_tbl_minus_hqql,mod.cls_blocks.0.attn.h7,neutral_hadron<-photon,0.01704476718549375,-0.0003091785481866495,0.0,0.0,0.0,-0.0003091785481866495,-0.0003091785481866495,0.0003091785481866495,0.0004637678222799743
signed_hqql_tbl,mod.blocks.1.attn.h2,electron<-charged_hadron,0.023185991142925463,-0.00012074768203188126,0.0005641250580083578,-4.5567468590178025e-05,-1.1429215646785451e-05,-0.0006848727400402392,-7.518021344170324e-05,0.00012074768203188126,0.00046318405205200084
B_tbl_minus_hqql,mod.cls_blocks.0.attn.h2,neutral_hadron<-charged_hadron,0.015609728662591232,-0.000306941936478803,0.0,0.0,0.0,-0.000306941936478803,-0.000306941936478803,0.000306941936478803,0.00046041290471820454
signed_hqql_tbl,mod.cls_blocks.1.attn.h6,photon<-neutral_hadron,0.014640881369511286,5.8214374197026096e-05,-0.0007403541705571115,-0.0004565396624717063,7.103575237765725e-05,0.0007985685447541377,0.0005147540366687324,5.8214374197026096e-05,0.0004574986465740949
signed_hqql_tbl,mod.cls_blocks.1.attn.h2,CLS<-photon,0.016538821719050065,-0.00013448998381676265,0.0005104721851637633,0.00011611281651517482,0.00020656805722345839,-0.000644962168980526,-0.0002506028003319375,0.00013448998381676265,0.00045697106830702564
signed_hqql_tbl,mod.cls_blocks.0.attn.h7,charged_hadron<-neutral_hadron,0.021059018129912708,0.00035005825562760804,0.000561694850843838,0.0007206408281147234,0.0002959252306027338,-0.00021163659521623,-0.0003705825724871154,0.00035005825562760804,0.00045587655323572305
signed_hqql_tbl,mod.cls_blocks.1.attn.h4,CLS<-CLS,0.001977163095943979,9.307023663751579e-06,-0.0008819864577267467,0.0,0.0,0.0008912934813904982,9.307023663751579e-06,9.307023663751579e-06,0.0004549537643590007
signed_hqql_tbl,mod.blocks.6.attn.h6,electron<-charged_hadron,0.03679206575218,0.00025847400416080887,-0.00013306489602352183,0.0004041713198122365,0.00010754260438261554,0.0003915389001843307,-0.00014569731565142766,0.00025847400416080887,0.0004542434542529742
B_tbl_minus_hqql,mod.blocks.0.attn.h4,electron<-neutral_hadron,0.04228054445523482,0.0003022409106891316,0.0,0.0,0.0,0.0003022409106891316,0.0003022409106891316,0.0003022409106891316,0.0004533613660336974
B_tbl_minus_hqql,mod.cls_blocks.1.attn.h7,neutral_hadron<-photon,0.022354870666692287,-0.00030139950966393507,0.0,0.0,0.0,-0.00030139950966393507,-0.00030139950966393507,0.00030139950966393507,0.0004520992644959026
signed_hqql_tbl,mod.cls_blocks.1.attn.h3,photon<-charged_hadron,0.022356236110562863,-1.4749304998828018e-05,-0.0008847931629582627,-0.0004287578701747186,4.2884838876489084e-05,0.0008700438579594346,0.0004140085651758906,1.4749304998828018e-05,0.0004497712339785453
signed_hqql_tbl,mod.cls_blocks.1.attn.h0,charged_hadron<-photon,0.013569883438288619,4.5269319118500406e-05,0.0008504378314953575,0.0004251093803149336,3.4573101201805016e-05,-0.0008051685123768571,-0.00037984006119643317,4.5269319118500406e-05,0.00044785357530692895
B_tbl_minus_hqql,mod.cls_blocks.1.attn.h5,photon<-neutral_hadron,0.02448841816900919,0.000298391792360538,0.0,0.0,0.0,0.000298391792360538,0.000298391792360538,0.000298391792360538,0.000447587688540807
signed_hqql_tbl,mod.blocks.1.attn.h5,neutral_hadron<-muon,0.001507590152323246,1.3029736874159425e-05,-0.0008518313989043236,3.912905594916083e-05,-2.6539324439180174e-05,0.000864861135778483,-2.6099319075001404e-05,1.3029736874159425e-05,0.00044546030476340094
B_tbl_minus_hqql,mod.cls_blocks.1.attn.h2,CLS<-electron,0.04528816828193764,-0.00029648637185649324,0.0,0.0,0.0,-0.00029648637185649324,-0.00029648637185649324,0.00029648637185649324,0.0004447295577847399
B_tbl_minus_hqql,mod.cls_blocks.1.attn.h2,charged_hadron<-electron,0.04528816828193764,-0.00029648637185649324,0.0,0.0,0.0,-0.00029648637185649324,-0.00029648637185649324,0.00029648637185649324,0.0004447295577847399
B_tbl_minus_hqql,mod.blocks.2.attn.h7,charged_hadron<-electron,0.03334582714658035,-0.0002929319958447626,0.0,0.0,0.0,-0.0002929319958447626,-0.0002929319958447626,0.0002929319958447626,0.0004393979937671439
signed_hqql_tbl,mod.blocks.2.attn.h7,charged_hadron<-electron,0.03334583106793856,-0.0002929319667409321,-5.890616060545047e-06,-3.410440009226487e-05,1.5265720548995887e-05,-0.00028704135068038705,-0.0002588275666486672,0.0002929319667409321,0.0004364526420811256
signed_hqql_tbl,mod.blocks.4.attn.h1,charged_hadron<-muon,0.037912419348052055,0.00021056940948421305,-0.00023770932360397032,-0.00032707948703318833,-8.940943572894637e-05,0.00044827873308818334,0.0005376488965174014,0.00021056940948421305,0.0004347087760283047
signed_hqql_tbl,mod.blocks.6.attn.h1,photon<-electron,0.11073135137557984,-0.00022435347006345788,0.00019553866981628483,-0.00013547989692597184,3.238646963659625e-05,-0.0004198921398797427,-8.887357313748604e-05,0.00022435347006345788,0.00043429954000332924
signed_hqql_tbl,mod.cls_blocks.1.attn.h2,photon<-neutral_hadron,0.0030382861538479724,-3.675792322610505e-05,0.0007533765281550586,0.00012065285929046305,-0.0002591934824067721,-0.0007901344513811636,-0.00015741078251656812,3.675792322610505e-05,0.00043182514891668686
signed_hqql_tbl,mod.blocks.6.attn.h7,charged_hadron<-electron,0.0841008911007329,0.000279431731446254,-2.455744349087278e-05,0.00011150580737204559,-1.315070221608039e-05,0.0003039891749371268,0.0001679259240742084,0.000279431731446254,0.0004314263189148174
signed_hqql_tbl,mod.blocks.1.attn.h5,muon<-neutral_hadron,0.005212423950433731,-0.00016550144646316768,-0.0006917906271155516,0.00010098373604705557,4.641157802918473e-05,0.000526289180652384,-0.00026648518251022325,0.00016550144646316768,0.0004286460367893597
signed_hqql_tbl,mod.cls_blocks.0.attn.h0,charged_hadron<-photon,0.01722241070018996,0.0004189960907401363,0.0004047593332765516,0.0007671473087939602,-0.00024026558316170665,1.4236757463584684e-05,-0.00034815121805382385,0.0004189960907401363,0.0004261144694719287
signed_hqql_tbl,mod.cls_blocks.0.attn.h5,muon<-neutral_hadron,0.0,0.0,0.00085137989372015,0.0,0.0,-0.00085137989372015,0.0,0.0,0.000425689946860075
B_tbl_minus_hqql,mod.cls_blocks.1.attn.h3,CLS<-neutral_hadron,0.023155391035187576,-0.0002834714280955571,0.0,0.0,0.0,-0.0002834714280955571,-0.0002834714280955571,0.0002834714280955571,0.00042520714214333566
signed_hqql_tbl,mod.cls_blocks.1.attn.h4,neutral_hadron<-photon,0.014609837973559345,0.00011514667651535552,-0.0005011440847407688,-0.0002964589631375976,-4.1111458190961886e-07,0.0006162907612561244,0.0004116056396529531,0.00011514667651535552,0.0004232920571434177
B_tbl_minus_hqql,mod.cls_blocks.1.attn.h7,charged_hadron<-photon,0.02111310060691396,-0.00028211429289012397,0.0,0.0,0.0,-0.00028211429289012397,-0.00028211429289012397,0.00028211429289012397,0.0004231714393351859
signed_hqql_tbl,mod.cls_blocks.1.attn.h4,neutral_hadron<-charged_hadron,0.020870574995091085,-0.0001419770568119068,-0.0007037970547874769,-0.00036156364353146495,0.0005470311768568944,0.0005618199979755701,0.00021958658671955816,0.0001419770568119068,0.00042288705579969184
signed_hqql_tbl,mod.blocks.2.attn.h4,muon<-neutral_hadron,0.030377218127250673,0.00026844148524105547,-4.02868099627085e-05,0.0001302500895690173,2.968185491108275e-05,0.00030872829520376397,0.00013819139567203818,0.00026844148524105547,0.00042280563284293745
signed_hqql_tbl,mod.blocks.1.attn.h0,electron<-photon,0.025262601176897683,-0.000162255868781358,0.00035410902143796975,9.975384870943214e-05,5.467719467985746e-05,-0.0005163648902193278,-0.00026200971749079015,0.000162255868781358,0.0004204383138910219
signed_hqql_tbl,mod.blocks.1.attn.h7,photon<-electron,0.05595177412033081,-0.00017506581692335507,0.00031357678900738914,4.546599939203588e-06,7.961060346842006e-05,-0.0004886426059307442,-0.00017961241686255866,0.00017506581692335507,0.0004193871198887272
B_tbl_minus_hqql,mod.blocks.6.attn.h7,charged_hadron<-electron,0.0841008816894732,0.00027943160047901695,0.0,0.0,0.0,0.00027943160047901695,0.00027943160047901695,0.00027943160047901695,0.00041914740071852545
B_tbl_minus_hqql,mod.blocks.5.attn.h2,electron<-photon,0.015529357145229976,0.00027754282540020845,0.0,0.0,0.0,0.00027754282540020845,0.00027754282540020845,0.00027754282540020845,0.00041631423810031267
signed_hqql_tbl,mod.cls_blocks.1.attn.h3,photon<-neutral_hadron,0.010798405855894089,-4.4819518128254764e-05,-0.000783135843812488,-0.0010462534680430377,0.00011426094761191052,0.0007383163256842332,0.001001433949914783,4.4819518128254764e-05,0.00041397768097037134
B_tbl_minus_hqql,mod.blocks.1.attn.h4,muon<-neutral_hadron,0.032926803827285765,0.00027590461540967227,0.0,0.0,0.0,0.00027590461540967227,0.00027590461540967227,0.00027590461540967227,0.00041385692311450843
signed_hqql_tbl,mod.blocks.1.attn.h7,charged_hadron<-electron,0.051074894635300884,-0.00023713849460412013,0.00011618153424933553,-0.00011306787685801585,9.421187951375032e-05,-0.00035332002885345566,-0.00012407061774610427,0.00023713849460412013,0.00041379850903084796
B_tbl_minus_hqql,mod.cls_blocks.1.attn.h0,charged_hadron<-neutral_hadron,0.024648444834523477,0.00027570761505138274,0.0,0.0,0.0,0.00027570761505138274,0.00027570761505138274,0.00027570761505138274,0.00041356142257707414
B_tbl_minus_hqql,mod.cls_blocks.1.attn.h7,CLS<-photon,0.02065246408370455,-0.0002755370725453523,0.0,0.0,0.0,-0.0002755370725453523,-0.0002755370725453523,0.0002755370725453523,0.0004133056088180284
B_tbl_minus_hqql,mod.blocks.1.attn.h5,muon<-muon,0.046909525990486145,0.0002747731632553041,0.0,0.0,0.0,0.0002747731632553041,0.0002747731632553041,0.0002747731632553041,0.00041215974488295615
signed_hqql_tbl,mod.blocks.5.attn.h5,muon<-photon,0.029837345535104923,0.00017898176288740203,-0.0002866032658717953,8.458838177224e-05,-0.00014486684293452918,0.0004655850287591973,9.439338111516203e-05,0.00017898176288740203,0.00041177427726700065
signed_hqql_tbl,mod.cls_blocks.1.attn.h1,muon<-photon,0.0,0.0,-0.0008233997970819474,0.0,0.0,0.0008233997970819474,0.0,0.0,0.0004116998985409737
B_tbl_minus_hqql,mod.cls_blocks.0.attn.h0,neutral_hadron<-photon,0.017220663803595083,0.00027392290095672194,0.0,0.0,0.0,0.00027392290095672194,0.00027392290095672194,0.00027392290095672194,0.0004108843514350829
B_tbl_minus_hqql,mod.blocks.6.attn.h1,charged_hadron<-electron,0.16015401639436422,-0.00027305309317613905,0.0,0.0,0.0,-0.00027305309317613905,-0.00027305309317613905,0.00027305309317613905,0.0004095796397642086
signed_hqql_tbl,mod.blocks.5.attn.h4,photon<-electron,0.16546141306559245,-0.00013128954257505635,0.0004182475885110242,-5.360507124610844e-05,3.3334754641748386e-05,-0.0005495371310860806,-7.768447132894791e-05,0.00013128954257505635,0.00040605810811809666
B_tbl_minus_hqql,mod.cls_blocks.1.attn.h7,charged_hadron<-neutral_hadron,0.014611932466952847,-0.00026996264400972554,0.0,0.0,0.0,-0.00026996264400972554,-0.00026996264400972554,0.00026996264400972554,0.0004049439660145883
signed_hqql_tbl,mod.cls_blocks.0.attn.h7,CLS<-neutral_hadron,0.01979151073222359,0.000375824515584908,0.00043388218816084364,0.0007566304023172013,-1.6536219297986792e-05,-5.805767257593562e-05,-0.00038080588673229323,0.000375824515584908,0.00040485335187287583
B_tbl_minus_hqql,mod.blocks.3.attn.h0,muon<-charged_hadron,0.01932343208428585,-0.00026984814780228066,0.0,0.0,0.0,-0.00026984814780228066,-0.00026984814780228066,0.00026984814780228066,0.000404772221703421
B_tbl_minus_hqql,mod.cls_blocks.0.attn.h3,charged_hadron<-charged_hadron,0.01989890983219409,0.0002690271820066516,0.0,0.0,0.0,0.0002690271820066516,0.0002690271820066516,0.0002690271820066516,0.0004035407730099774
B_tbl_minus_hqql,mod.blocks.2.attn.h4,muon<-neutral_hadron,0.030377218127250673,0.00026844148524105547,0.0,0.0,0.0,0.00026844148524105547,0.00026844148524105547,0.00026844148524105547,0.0004026622278615832
signed_hqql_tbl,mod.blocks.2.attn.h5,charged_hadron<-muon,0.025197130261045513,0.00014766837667786714,-0.0003594009322114289,-0.00016463288338854908,5.124930673873568e-06,0.000507069308889296,0.00031230126006641623,0.00014766837667786714,0.0004012030311225152
B_tbl_minus_hqql,mod.cls_blocks.1.attn.h0,CLS<-neutral_hadron,0.023394449723936204,0.0002666509685190653,0.0,0.0,0.0,0.0002666509685190653,0.0002666509685190653,0.0002666509685190653,0.00039997645277859795
B_tbl_minus_hqql,mod.blocks.1.attn.h6,neutral_hadron<-muon,0.02829457223415375,0.00026601550634950397,0.0,0.0,0.0,0.00026601550634950397,0.00026601550634950397,0.00026601550634950397,0.00039902325952425596
B_tbl_minus_hqql,mod.blocks.2.attn.h5,electron<-photon,0.017047780752182006,0.0002657581120729446,0.0,0.0,0.0,0.0002657581120729446,0.0002657581120729446,0.0002657581120729446,0.00039863716810941693
B_tbl_minus_hqql,mod.cls_blocks.1.attn.h7,CLS<-charged_hadron,0.017679467761199063,-0.0002630807026109002,0.0,0.0,0.0,-0.0002630807026109002,-0.0002630807026109002,0.0002630807026109002,0.0003946210539163503
B_tbl_minus_hqql,mod.cls_blocks.0.attn.h3,charged_hadron<-photon,0.016134208700525652,-0.0002617776082025482,0.0,0.0,0.0,-0.0002617776082025482,-0.0002617776082025482,0.0002617776082025482,0.00039266641230382233
signed_hqql_tbl,mod.blocks.7.attn.h0,photon<-muon,0.049798434430902656,-0.00018023174594749105,0.00024068639434587496,-4.803034590579392e-06,-7.764951871130117e-05,-0.000420918140293366,-0.00017542871135691165,0.00018023174594749105,0.0003906908160941741
signed_hqql_tbl,mod.blocks.5.attn.h2,electron<-photon,0.015529357393582662,0.00027754277592369664,5.247561864507588e-05,-4.175469907100446e-06,-5.035736339541708e-05,0.00022506715727862076,0.0002817182458307971,0.00027754277592369664,0.00039007635456300704
signed_hqql_tbl,mod.blocks.5.attn.h3,muon<-neutral_hadron,0.01252259761095047,1.85204524314031e-05,-0.0007200846739578992,-0.00020718593441415578,-8.10818496772655e-06,0.0007386051263893023,0.0002257063868455589,1.85204524314031e-05,0.00038782301562605425
B_tbl_minus_hqql,mod.blocks.6.attn.h6,electron<-charged_hadron,0.03679206653645164,0.0002584741021947641,0.0,0.0,0.0,0.0002584741021947641,0.0002584741021947641,0.0002584741021947641,0.0003877111532921462
signed_hqql_tbl,mod.blocks.1.attn.h3,electron<-charged_hadron,0.026137070436226695,-2.090938965250787e-05,-0.000754004781289647,-3.63849946458278e-05,0.00011788538267865079,0.0007330953916371391,1.547560499331993e-05,2.090938965250787e-05,0.0003874570854710774
B_tbl_minus_hqql,mod.blocks.3.attn.h3,charged_hadron<-electron,0.052504078338020725,0.0002574570152271343,0.0,0.0,0.0,0.0002574570152271343,0.0002574570152271343,0.0002574570152271343,0.00038618552284070144
signed_hqql_tbl,mod.blocks.4.attn.h0,charged_hadron<-electron,0.03462726113043333,-7.63384435374878e-05,0.0005424415941039721,-0.00029223347611286434,0.0002529505773054552,-0.0006187800376414599,0.00021589503257537655,7.63384435374878e-05,0.00038572846235821774
signed_hqql_tbl,mod.cls_blocks.1.attn.h2,charged_hadron<-photon,0.015944283182194475,-8.75421248081593e-05,0.0005057986502435582,8.315003895698266e-05,0.00023949185832229964,-0.0005933407750517175,-0.00017069216376514198,8.75421248081593e-05,0.0003842125123340181
B_tbl_minus_hqql,mod.blocks.7.attn.h3,photon<-electron,0.06536607046922048,0.00025580156361684205,0.0,0.0,0.0,0.00025580156361684205,0.00025580156361684205,0.00025580156361684205,0.0003837023454252631
signed_hqql_tbl,mod.blocks.2.attn.h2,charged_hadron<-electron,0.04605089265264963,7.927838918189274e-05,-0.0005295047660668691,8.842700305555402e-05,0.00010785401718749199,0.0006087831552487619,-9.148613873661283e-06,7.927838918189274e-05,0.00038366996680627366
B_tbl_minus_hqql,mod.cls_blocks.0.attn.h0,neutral_hadron<-charged_hadron,0.016518879093621906,0.00025553693137082617,0.0,0.0,0.0,0.00025553693137082617,0.00025553693137082617,0.00025553693137082617,0.00038330539705623925
B_tbl_minus_hqql,mod.blocks.6.attn.h3,charged_hadron<-electron,0.2839571676756206,-0.0002549178071173006,0.0,0.0,0.0,-0.0002549178071173006,-0.0002549178071173006,0.0002549178071173006,0.00038237671067595084
signed_hqql_tbl,mod.cls_blocks.1.attn.h4,charged_hadron<-neutral_hadron,0.020502710146292184,-0.0003040340782088326,-0.00014774393810726265,-0.0004333104001454798,0.0005067562403079743,-0.00015629014010156995,0.0001292763219366472,0.0003040340782088326,0.00038217914825961754
signed_hqql_tbl,mod.blocks.0.attn.h4,electron<-photon,0.02466141978899638,0.00018484093501077345,-0.00020979686295114725,6.15741922566875e-05,-7.44287995016807e-05,0.0003946377979619207,0.00012326674275408596,0.00018484093501077345,0.0003821598339917338
signed_hqql_tbl,mod.cls_blocks.1.attn.h4,CLS<-photon,0.013083048046751736,-9.266897275990549e-05,-0.0006706597529923942,-0.00028379505809070384,9.667871408744564e-05,0.0005779907802324888,0.00019112608533079835,9.266897275990549e-05,0.0003816643628761499
B_tbl_minus_hqql,mod.cls_blocks.1.attn.h7,neutral_hadron<-neutral_hadron,0.012759190851024218,-0.00025426927771020146,0.0,0.0,0.0,-0.00025426927771020146,-0.00025426927771020146,0.00025426927771020146,0.00038140391656530217
signed_hqql_tbl,mod.cls_blocks.1.attn.h1,charged_hadron<-photon,0.02157779502759286,-8.377756169407602e-05,-0.0006777055514399117,-0.000837757635387297,-9.491902201878444e-05,0.0005939279897458356,0.0007539800736932209,8.377756169407602e-05,0.0003807415565669938
B_tbl_minus_hqql,mod.cls_blocks.0.attn.h3,photon<-photon,0.013312418013811111,0.0002513090827657531,0.0,0.0,0.0,0.0002513090827657531,0.0002513090827657531,0.0002513090827657531,0.0003769636241486296
signed_hqql_tbl,mod.blocks.0.attn.h0,muon<-neutral_hadron,0.01319456398487091,0.00012468551285564898,-0.00037307428237909335,-1.1076301234425046e-05,3.455895500298104e-05,0.0004977597952347424,0.00013576181409007403,0.00012468551285564898,0.0003735654104730202
signed_hqql_tbl,mod.cls_blocks.0.attn.h5,CLS<-electron,0.006577112556745608,-0.00020482985564740375,0.00013186275646148715,-0.00030066943509154953,0.0005168140080058948,-0.0003366926121088909,9.583957944414578e-05,0.00020482985564740375,0.0003731761617018492
signed_hqql_tbl,mod.cls_blocks.0.attn.h5,charged_hadron<-electron,0.006577112556745608,-0.00020482985564740375,0.00013186275646148715,-0.0002530970741645433,-2.4651249987073243e-05,-0.0003366926121088909,4.8267218517139554e-05,0.00020482985564740375,0.0003731761617018492
B_tbl_minus_hqql,mod.cls_blocks.0.attn.h7,charged_hadron<-charged_hadron,0.02077163064602724,0.000248196499607817,0.0,0.0,0.0,0.000248196499607817,0.000248196499607817,0.000248196499607817,0.0003722947494117255
signed_hqql_tbl,mod.cls_blocks.0.attn.h7,muon<-muon,0.0,0.0,-0.0007439499022439122,0.0,0.0,0.0007439499022439122,0.0,0.0,0.0003719749511219561
signed_hqql_tbl,mod.blocks.7.attn.h1,electron<-charged_hadron,0.02658998966217041,0.00022490363612872132,-6.161528561885158e-05,2.1561655756514305e-05,-1.8277413005307608e-05,0.0002865189217475729,0.00020334198037220703,0.00022490363612872132,0.00036816309700250777
signed_hqql_tbl,mod.blocks.7.attn.h1,muon<-charged_hadron,0.026030865582552822,2.593671634906169e-05,-0.0006582139430975076,-0.0002805854193866253,-1.0514598555795578e-05,0.0006841506594465693,0.00030652213573568695,2.593671634906169e-05,0.0003680120460723463
B_tbl_minus_hqql,mod.blocks.6.attn.h1,electron<-charged_hadron,0.03770303334060468,0.00024466904027289465,0.0,0.0,0.0,0.00024466904027289465,0.00024466904027289465,0.00024466904027289465,0.00036700356040934195
signed_hqql_tbl,mod.cls_blocks.1.attn.h7,charged_hadron<-muon,0.040385790169239044,-0.00023369438713416457,3.084121999563649e-05,0.0,-4.0644226828590035e-05,-0.00026453560712980106,-0.00023369438713416457,0.00023369438713416457,0.0003659621906990651
signed_hqql_tbl,mod.blocks.1.attn.h2,charged_hadron<-electron,0.0229080131179408,9.645643570509397e-05,-0.00044054665292302765,-3.284237470649097e-05,-2.5769193598534912e-05,0.0005370030886281216,0.00012929881041158492,9.645643570509397e-05,0.00036495798001915476
B_tbl_minus_hqql,mod.cls_blocks.1.attn.h4,CLS<-muon,0.015159601345658302,-0.0002431471220916137,0.0,0.0,0.0,-0.0002431471220916137,-0.0002431471220916137,0.0002431471220916137,0.00036472068313742056
B_tbl_minus_hqql,mod.cls_blocks.1.attn.h4,charged_hadron<-muon,0.015159601345658302,-0.0002431471220916137,0.0,0.0,0.0,-0.0002431471220916137,-0.0002431471220916137,0.0002431471220916137,0.00036472068313742056
signed_hqql_tbl,mod.blocks.3.attn.h7,photon<-electron,0.10328673124313355,-0.00014358916644899484,0.00029669968145234246,-0.0001339991868007928,5.6159144717982256e-05,-0.0004402888479013373,-9.58997964820203e-06,0.00014358916644899484,0.0003637335903996635
signed_hqql_tbl,mod.blocks.2.attn.h5,neutral_hadron<-muon,0.010513059794902802,-4.745232290588319e-05,-0.0006795695444452576,-0.00033761729719117284,9.673110936170776e-06,0.0006321172215393745,0.00029016497428528963,4.745232290588319e-05,0.00036351093367557045
B_tbl_minus_hqql,mod.cls_blocks.1.attn.h0,neutral_hadron<-photon,0.014957431657814685,0.00024130274714143188,0.0,0.0,0.0,0.00024130274714143188,0.00024130274714143188,0.00024130274714143188,0.0003619541207121478
signed_hqql_tbl,mod.cls_blocks.1.attn.h7,CLS<-neutral_hadron,0.01302410508894051,-0.00015750455440866062,-0.0005661069830708702,-0.0006316415036711446,-2.857193976524286e-05,0.00040860242866220956,0.00047413694926248394,0.00015750455440866062,0.0003618057687397654
signed_hqql_tbl,mod.cls_blocks.0.attn.h5,muon<-muon,0.0,0.0,-0.0007232832140289247,0.0,0.0,0.0007232832140289247,0.0,0.0,0.00036164160701446235
signed_hqql_tbl,mod.blocks.3.attn.h2,charged_hadron<-muon,0.05003317919644443,0.00011637932479833111,-0.00037361549329943954,-0.00037233985494822264,-3.616418373905661e-05,0.0004899948180977706,0.0004887191797465538,0.00011637932479833111,0.00036137673384721645
B_tbl_minus_hqql,mod.cls_blocks.1.attn.h2,neutral_hadron<-charged_hadron,0.017990793836744207,-0.00023961440284007326,0.0,0.0,0.0,-0.00023961440284007326,-0.00023961440284007326,0.00023961440284007326,0.0003594216042601099
signed_hqql_tbl,mod.blocks.2.attn.h6,muon<-charged_hadron,0.02139768275347623,0.00021462498063390905,-7.44224681208531e-05,4.711952060461044e-05,-2.4414842202137392e-06,0.00028904744875476215,0.0001675054600292986,0.00021462498063390905,0.0003591487050112901
signed_hqql_tbl,mod.blocks.2.attn.h2,muon<-neutral_hadron,0.01356791853904724,-0.0001984692644327879,0.00012288240600355493,-7.344329060288146e-05,-0.00010298686684961922,-0.00032135167043634283,-0.00012502597382990643,0.0001984692644327879,0.0003591450996509593
B_tbl_minus_hqql,mod.cls_blocks.1.attn.h7,CLS<-neutral_hadron,0.016080992464493547,-0.00023939194559514162,0.0,0.0,0.0,-0.00023939194559514162,-0.00023939194559514162,0.00023939194559514162,0.0003590879183927124
B_tbl_minus_hqql,mod.blocks.3.attn.h0,photon<-muon,0.04847844080491499,0.00023871084505861455,0.0,0.0,0.0,0.00023871084505861455,0.00023871084505861455,0.00023871084505861455,0.00035806626758792186
B_tbl_minus_hqql,mod.blocks.7.attn.h7,charged_hadron<-electron,0.0796487652941754,0.00023856322820249356,0.0,0.0,0.0,0.00023856322820249356,0.00023856322820249356,0.00023856322820249356,0.00035784484230374033
signed_hqql_tbl,mod.cls_blocks.1.attn.h7,CLS<-muon,0.040385790169239044,-0.00023369438713416457,1.3101382364766323e-05,-0.00017041139653883874,-6.256729102460667e-05,-0.0002467957694989309,-6.328299059532583e-05,0.00023369438713416457,0.00035709227188363
signed_hqql_tbl,mod.blocks.4.attn.h1,photon<-muon,0.02033495632084933,7.020037049766292e-05,0.0006428611411068302,-9.743179682464827e-05,5.148403865210379e-05,-0.0005726607706091673,0.0001676321673223112,7.020037049766292e-05,0.00035653075580224656
B_tbl_minus_hqql,mod.cls_blocks.1.attn.h6,charged_hadron<-photon,0.01975516974925995,-0.0002374564745536057,0.0,0.0,0.0,-0.0002374564745536057,-0.0002374564745536057,0.0002374564745536057,0.0003561847118304086
B_tbl_minus_hqql,mod.blocks.1.attn.h7,charged_hadron<-electron,0.05107489228248596,-0.00023713853749397553,0.0,0.0,0.0,-0.00023713853749397553,-0.00023713853749397553,0.00023713853749397553,0.0003557078062409633
signed_hqql_tbl,mod.cls_blocks.1.attn.h4,CLS<-neutral_hadron,0.01982126486190181,-0.0002682010772837708,-0.00044194003379332923,-0.0003518481878811454,4.213615978965592e-05,0.00017373895650955846,8.364711059737464e-05,0.0002682010772837708,0.00035507055553855003
signed_hqql_tbl,mod.blocks.5.attn.h5,electron<-photon,0.026390826205412547,0.00013573955511674284,-0.00029993323758909743,-0.00010861173541343305,-9.43201518460334e-05,0.00043567279270584027,0.0002443512905301759,0.00013573955511674284,0.000353575951469663
signed_hqql_tbl,mod.cls_blocks.1.attn.h6,neutral_hadron<-photon,0.014696672006889625,-0.00018323049736841592,-0.000520447777076201,-0.0005521211558236525,-0.00013866229072160072,0.00033721727970778504,0.0003688906584552366,0.00018323049736841592,0.00035183913722230844
signed_hqql_tbl,mod.cls_blocks.1.attn.h3,charged_hadron<-neutral_hadron,0.023560285621967453,-0.0003047888135719964,-0.00021315436991725992,-0.00020937901141258167,1.539654411115205e-05,-9.163444365473648e-05,-9.540980215941473e-05,0.0003047888135719964,0.00035060603539936464
B_tbl_minus_hqql,mod.cls_blocks.1.attn.h7,CLS<-muon,0.040385790169239044,-0.00023369438713416457,0.0,0.0,0.0,-0.00023369438713416457,-0.00023369438713416457,0.00023369438713416457,0.00035054158070124686
B_tbl_minus_hqql,mod.cls_blocks.1.attn.h7,charged_hadron<-muon,0.040385790169239044,-0.00023369438713416457,0.0,0.0,0.0,-0.00023369438713416457,-0.00023369438713416457,0.00023369438713416457,0.00035054158070124686
signed_hqql_tbl,mod.blocks.1.attn.h5,muon<-muon,0.046909525990486145,0.0002747731632553041,0.00012938818102270488,0.00013588987349066883,-0.00019797761501649802,0.00014538498223259921,0.00013888328976463526,0.0002747731632553041,0.0003474656543716037
signed_hqql_tbl,mod.blocks.2.attn.h0,charged_hadron<-electron,0.0373776735443818,0.00013735520923020025,-0.00028274221656223136,-4.956668949332731e-05,8.219136543630157e-05,0.0004200974257924316,0.00018692189872352756,0.00013735520923020025,0.00034740392212641606
signed_hqql_tbl,mod.blocks.7.attn.h2,muon<-photon,0.026269170370968906,0.00016574256799437782,-0.00019497083625398003,-5.918100387567565e-06,-4.464876889187508e-05,0.00036071340424835785,0.00017166066838194538,0.00016574256799437782,0.00034609927011855675
signed_hqql_tbl,mod.blocks.1.attn.h0,muon<-neutral_hadron,0.005698160827159881,2.800317597575486e-05,-0.0006052895755424004,0.0004019903717562556,8.239550642547724e-07,0.0006332927515181552,-0.00037398719578050075,2.800317597575486e-05,0.0003446495517348325
signed_hqql_tbl,mod.cls_blocks.1.attn.h2,charged_hadron<-neutral_hadron,0.020304569392465055,0.00014175567674521098,0.0005446032172425048,0.0002145267144956995,0.0002476190460988113,-0.00040284754049729375,-7.277103775048851e-05,0.00014175567674521098,0.0003431794469938578
B_tbl_minus_hqql,mod.blocks.4.attn.h2,muon<-neutral_hadron,0.028046467900276185,0.00022876320872455835,0.0,0.0,0.0,0.00022876320872455835,0.00022876320872455835,0.00022876320872455835,0.00034314481308683753
signed_hqql_tbl,mod.cls_blocks.1.attn.h3,CLS<-neutral_hadron,0.018707495040467217,-0.00024062176549301107,-0.00044549670958127945,-0.0005851260709490855,6.20612976317935e-05,0.00020487494408826838,0.0003445043054560744,0.00024062176549301107,0.0003430592375371453
signed_hqql_tbl,mod.cls_blocks.1.attn.h3,charged_hadron<-CLS,0.02563316561281681,-0.0002672572445590049,-0.00011778799307649024,0.0,0.0,-0.00014946925148251466,-0.0002672572445590049,0.0002672572445590049,0.00034199187030026224
B_tbl_minus_hqql,mod.blocks.0.attn.h6,photon<-muon,0.04243378747593273,-0.00022745494392107833,0.0,0.0,0.0,-0.00022745494392107833,-0.00022745494392107833,0.00022745494392107833,0.0003411824158816175
signed_hqql_tbl,mod.blocks.1.attn.h4,muon<-neutral_hadron,0.032926803827285765,0.00027590461540967227,0.0001466559788241284,-0.00022737959807273,-0.00010658141336930187,0.00012924863658554387,0.0005032842134824022,0.00027590461540967227,0.00034052893370244424
signed_hqql_tbl,mod.blocks.4.attn.h1,photon<-electron,0.04593590299288432,0.00019016544586823633,-0.00010972144497957612,4.204915135882662e-05,-3.0344182322279537e-06,0.0002998868908478125,0.0001481162945094097,0.00019016544586823633,0.00034010889129214257
signed_hqql_tbl,mod.blocks.7.attn.h7,photon<-muon,0.016769991679625076,2.730410911185159e-06,0.000674542048587822,4.065343611208456e-05,6.829449765583766e-06,-0.0006718116376766369,-3.79230252008994e-05,2.730410911185159e-06,0.0003386362297495036
signed_hqql_tbl,mod.blocks.4.attn.h0,neutral_hadron<-electron,0.03985507141512174,-0.00021087051863315326,4.2592685986164724e-05,-6.621509601245634e-06,3.5084439635587233e-06,-0.000253463204619318,-0.00020424900903190762,0.00021087051863315326,0.0003376021209428123
B_tbl_minus_hqql,mod.blocks.7.attn.h1,electron<-charged_hadron,0.026589983387997274,0.00022490365479729677,0.0,0.0,0.0,0.00022490365479729677,0.00022490365479729677,0.00022490365479729677,0.0003373554821959452
signed_hqql_tbl,mod.blocks.1.attn.h6,electron<-photon,0.01211408240099748,0.00012324775452725588,-0.0003034273520045515,-4.424763860047928e-05,0.0001916745473485585,0.00042667510653180736,0.00016749539312773515,0.00012324775452725588,0.0003365853077931596
B_tbl_minus_hqql,mod.blocks.6.attn.h1,photon<-electron,0.11073136329650879,-0.00022435339633375406,0.0,0.0,0.0,-0.00022435339633375406,-0.00022435339633375406,0.00022435339633375406,0.0003365300945006311
signed_hqql_tbl,mod.blocks.3.attn.h0,muon<-charged_hadron,0.01932343208428585,-0.00026984814780228066,-0.00013881019937495392,0.00047508473508059976,0.00012204257830281753,-0.00013103794842732675,-0.0007449328828828804,0.00026984814780228066,0.00033536712201594405
signed_hqql_tbl,mod.blocks.1.attn.h1,muon<-photon,0.014292481270703402,-0.00015392178796570408,0.0002075561004368445,-0.000216587357932613,-7.94516277632543e-06,-0.0003614778884025486,6.266556996690893e-05,0.00015392178796570408,0.0003346607321669784
B_tbl_minus_hqql,mod.cls_blocks.1.attn.h4,CLS<-neutral_hadron,0.031502270553674966,0.00022306339557568813,0.0,0.0,0.0,0.00022306339557568813,0.00022306339557568813,0.00022306339557568813,0.0003345950933635322
signed_hqql_tbl,mod.cls_blocks.1.attn.h2,muon<-charged_hadron,0.0,0.0,0.0006621271710504185,0.0,0.0,-0.0006621271710504185,0.0,0.0,0.00033106358552520925
B_tbl_minus_hqql,mod.cls_blocks.0.attn.h4,photon<-photon,0.01810522750020027,-0.0002204669484247764,0.0,0.0,0.0,-0.0002204669484247764,-0.0002204669484247764,0.0002204669484247764,0.0003307004226371646
signed_hqql_tbl,mod.cls_blocks.1.attn.h2,CLS<-neutral_hadron,0.015975362685922947,9.427055735816086e-05,0.0005623324664743597,0.00016985908757518738,0.00014410807576846802,-0.00046806190911619886,-7.558853021702652e-05,9.427055735816086e-05,0.0003283015119162603
signed_hqql_tbl,mod.cls_blocks.1.attn.h2,photon<-charged_hadron,0.020287139908127163,-0.0001756356138250102,0.00012823589040885028,6.917139487058827e-05,-0.00019622123841145367,-0.0003038715042338605,-0.0002448070086955985,0.0001756356138250102,0.00032757136594194046
signed_hqql_tbl,mod.blocks.5.attn.h4,neutral_hadron<-muon,0.046204832196235654,-5.903308046981692e-05,0.0004752771492348984,-5.2326217883091886e-06,1.0900167580984998e-05,-0.0005343102297047153,-5.380045868150773e-05,5.903308046981692e-05,0.00032618819532217455
B_tbl_minus_hqql,mod.cls_blocks.1.attn.h5,photon<-photon,0.010283680632710457,0.00021744821181831261,0.0,0.0,0.0,0.00021744821181831261,0.00021744821181831261,0.00021744821181831261,0.0003261723177274689
B_tbl_minus_hqql,mod.blocks.7.attn.h3,photon<-muon,0.06176146052100442,0.00021699602207676932,0.0,0.0,0.0,0.00021699602207676932,0.00021699602207676932,0.00021699602207676932,0.00032549403311515397
B_tbl_minus_hqql,mod.cls_blocks.1.attn.h6,CLS<-photon,0.01873536833081534,-0.0002167233718345774,0.0,0.0,0.0,-0.0002167233718345774,-0.0002167233718345774,0.0002167233718345774,0.0003250850577518661
signed_hqql_tbl,mod.blocks.1.attn.h3,neutral_hadron<-muon,0.0018547901883721352,-2.0515851792879404e-05,-0.0006268172655836679,9.049135405803099e-05,1.726264599710703e-05,0.0006063014137907885,-0.00011100720585091039,2.0515851792879404e-05,0.00032366655868827366
B_tbl_minus_hqql,mod.cls_blocks.1.attn.h2,neutral_hadron<-photon,0.01956175433264838,-0.00021547161439364708,0.0,0.0,0.0,-0.00021547161439364708,-0.00021547161439364708,0.00021547161439364708,0.0003232074215904706
B_tbl_minus_hqql,mod.blocks.2.attn.h6,muon<-charged_hadron,0.02139768275347623,0.00021462498063390905,0.0,0.0,0.0,0.00021462498063390905,0.00021462498063390905,0.00021462498063390905,0.0003219374709508636
signed_hqql_tbl,mod.cls_blocks.1.attn.h5,muon<-CLS,0.0,0.0,0.0006436833064071834,0.0,0.0,-0.0006436833064071834,0.0,0.0,0.0003218416532035917
signed_hqql_tbl,mod.blocks.2.attn.h5,electron<-charged_hadron,0.024959186974324678,0.00018407033808455852,-9.100010308126609e-05,7.907606944998447e-05,2.741724529187195e-05,0.0002750704411658246,0.00010499426863457405,0.00018407033808455852,0.0003216055586674708
B_tbl_minus_hqql,mod.blocks.4.attn.h5,photon<-muon,0.11920591917904941,0.00021410564130002803,0.0,0.0,0.0,0.00021410564130002803,0.00021410564130002803,0.00021410564130002803,0.000321158461950042
signed_hqql_tbl,mod.blocks.1.attn.h4,electron<-neutral_hadron,0.019350187709698312,0.00010434868566405315,-0.0003261308102082694,-7.599715143442155e-05,0.00012852522486355155,0.00043047949587232253,0.00018034583709847468,0.00010434868566405315,0.0003195884336002144
signed_hqql_tbl,mod.blocks.3.attn.h7,muon<-photon,0.019741970029744236,-0.00016909627116877925,0.00012846290617464826,6.034385435105789e-06,-0.0001075735198615543,-0.0002975591773434275,-0.00017513065660388504,0.00016909627116877925,0.000317875859840493
B_tbl_minus_hqql,mod.blocks.1.attn.h0,photon<-muon,0.03756001320752231,-0.00021163918162611398,0.0,0.0,0.0,-0.00021163918162611398,-0.00021163918162611398,0.00021163918162611398,0.00031745877243917096
B_tbl_minus_hqql,mod.blocks.4.attn.h0,neutral_hadron<-electron,0.039855073707608074,-0.00021087078661926521,0.0,0.0,0.0,-0.00021087078661926521,-0.00021087078661926521,0.00021087078661926521,0.0003163061799288978
signed_hqql_tbl,mod.blocks.7.attn.h0,charged_hadron<-muon,0.023745067191846443,-0.00015064285164981177,0.00018060816219076515,-2.924970249296166e-06,6.776811072535543e-05,-0.0003312510138405769,-0.0001477178814005156,0.00015064285164981177,0.00031626835857010024
B_tbl_minus_hqql,mod.blocks.4.attn.h1,charged_hadron<-muon,0.037912419348052055,0.00021056940948421305,0.0,0.0,0.0,0.00021056940948421305,0.00021056940948421305,0.00021056940948421305,0.00031585411422631955
signed_hqql_tbl,mod.cls_blocks.1.attn.h2,CLS<-charged_hadron,0.020730167122210486,-9.416582482273873e-05,0.0003457112171105959,0.00013260603625066277,-8.653264300925762e-05,-0.0004398770419333346,-0.0002267718610734015,9.416582482273873e-05,0.00031410434578940606
signed_hqql_tbl,mod.blocks.3.attn.h2,neutral_hadron<-electron,0.03450377889832733,0.00018589475847145072,-6.908379313408375e-05,7.73562234826386e-06,-0.00015106866909870103,0.00025497855160553447,0.00017815913612318686,0.00018589475847145072,0.00031338403427421795
signed_hqql_tbl,mod.blocks.3.attn.h0,electron<-photon,0.02273676668604215,-0.00019972146255895496,2.4527949530498256e-05,0.00011089381171456938,-5.431734622673845e-05,-0.0002242494120894532,-0.00031061527427352434,0.00019972146255895496,0.00031184616860368154
signed_hqql_tbl,mod.blocks.3.attn.h0,charged_hadron<-electron,0.03971519870193381,0.0001541768693928852,-0.00015968007501214742,0.00012186285504407582,0.00011414217715355335,0.00031385694440503264,3.2314014348809375e-05,0.0001541768693928852,0.0003111053415954015
B_tbl_minus_hqql,mod.cls_blocks.1.attn.h6,neutral_hadron<-photon,0.016097213015144253,-0.00020644646446956437,0.0,0.0,0.0,-0.00020644646446956437,-0.00020644646446956437,0.00020644646446956437,0.00030966969670434655
B_tbl_minus_hqql,mod.blocks.0.attn.h6,electron<-charged_hadron,0.023982077052718716,0.00020627257053044894,0.0,0.0,0.0,0.00020627257053044894,0.00020627257053044894,0.00020627257053044894,0.0003094088557956734
signed_hqql_tbl,mod.blocks.4.attn.h2,neutral_hadron<-electron,0.05442476261480177,-0.00012749525763342518,0.00023500779275753558,-1.9226859149057417e-05,-1.51570276102575e-05,-0.00036250305039096074,-0.00010826839848436776,0.00012749525763342518,0.0003087467828289056
B_tbl_minus_hqql,mod.cls_blocks.1.attn.h6,neutral_hadron<-charged_hadron,0.020160790336759465,-0.0002055475143654468,0.0,0.0,0.0,-0.0002055475143654468,-0.0002055475143654468,0.0002055475143654468,0.0003083212715481702
signed_hqql_tbl,mod.blocks.3.attn.h6,muon<-charged_hadron,0.022637081868720776,0.00019093532340996194,-4.367442646374305e-05,-0.0001732334727421403,1.7312923039545317e-05,0.000234609749873705,0.00036416879615210225,0.00019093532340996194,0.00030824019834681444
B_tbl_minus_hqql,mod.blocks.6.attn.h1,charged_hadron<-muon,0.07498098864699855,-0.00020370384057362875,0.0,0.0,0.0,-0.00020370384057362875,-0.00020370384057362875,0.00020370384057362875,0.0003055557608604431
B_tbl_minus_hqql,mod.cls_blocks.0.attn.h2,CLS<-electron,0.011607500414053598,0.00020312428387114778,0.0,0.0,0.0,0.00020312428387114778,0.00020312428387114778,0.00020312428387114778,0.00030468642580672167
B_tbl_minus_hqql,mod.cls_blocks.0.attn.h2,charged_hadron<-electron,0.011607500414053598,0.00020312428387114778,0.0,0.0,0.0,0.00020312428387114778,0.00020312428387114778,0.00020312428387114778,0.00030468642580672167
signed_hqql_tbl,mod.blocks.7.attn.h3,muon<-charged_hadron,0.029433864535707416,0.00012490311355301827,0.0004820609465241432,0.00031460667960345743,6.651271331679435e-05,-0.00035715783297112495,-0.00018970356605043916,0.00012490311355301827,0.0003034820300385808
B_tbl_minus_hqql,mod.cls_blocks.1.attn.h7,photon<-photon,0.015687595432003338,-0.00020202266750857234,0.0,0.0,0.0,-0.00020202266750857234,-0.00020202266750857234,0.00020202266750857234,0.0003030340012628585
signed_hqql_tbl,mod.blocks.2.attn.h2,charged_hadron<-muon,0.03141143105246804,0.00013813444159247658,-0.0001907287020003423,-0.0002384844934567809,0.00032472861397742146,0.0003288631435928189,0.0003766189350492575,0.00013813444159247658,0.000302566013388886
signed_hqql_tbl,mod.blocks.5.attn.h0,charged_hadron<-electron,0.05102265037988361,-0.0001878453017285976,4.096337710507214e-05,-0.00014110737086819676,9.368292145950363e-05,-0.00022880867883366975,-4.673793086040084e-05,0.0001878453017285976,0.00030224964114543247
signed_hqql_tbl,mod.blocks.0.attn.h6,photon<-muon,0.04243378747593273,-0.00022745494392107833,-7.791428092437294e-05,-0.0004013656150727045,2.101347152867155e-05,-0.00014954066299670537,0.00017391067115162618,0.00022745494392107833,0.000302225275419431
signed_hqql_tbl,mod.blocks.6.attn.h0,electron<-charged_hadron,0.023986038408781354,-0.0001986602774674171,7.947118331988653e-06,-6.757750063492306e-05,3.0064347839697803e-05,-0.00020660739579940574,-0.00013108277683249403,0.0001986602774674171,0.00030196397536711995
B_tbl_minus_hqql,mod.cls_blocks.1.attn.h6,photon<-charged_hadron,0.022348226412482883,-0.00020089859912252945,0.0,0.0,0.0,-0.00020089859912252945,-0.00020089859912252945,0.00020089859912252945,0.00030134789868379414
B_tbl_minus_hqql,mod.blocks.2.attn.h2,neutral_hadron<-muon,0.03998746573925018,0.00020049598533660172,0.0,0.0,0.0,0.00020049598533660172,0.00020049598533660172,0.00020049598533660172,0.00030074397800490256
B_tbl_minus_hqql,mod.blocks.3.attn.h0,electron<-photon,0.02273677239815394,-0.00019972157509376605,0.0,0.0,0.0,-0.00019972157509376605,-0.00019972157509376605,0.00019972157509376605,0.00029958236264064907
signed_hqql_tbl,mod.blocks.2.attn.h5,photon<-muon,0.01940236579288136,0.00011998989661647515,-0.00023723005030590756,-0.0007929267982641856,8.801414748761869e-06,0.0003572199469223827,0.0009129166948806607,0.00011998989661647515,0.0002985998700776665
B_tbl_minus_hqql,mod.blocks.6.attn.h0,electron<-charged_hadron,0.023986030958200757,-0.0001986602590860505,0.0,0.0,0.0,-0.0001986602590860505,-0.0001986602590860505,0.0001986602590860505,0.00029799038862907574
B_tbl_minus_hqql,mod.blocks.2.attn.h2,muon<-neutral_hadron,0.01356791853904724,-0.0001984692644327879,0.0,0.0,0.0,-0.0001984692644327879,-0.0001984692644327879,0.0001984692644327879,0.00029770389664918184
signed_hqql_tbl,mod.blocks.4.attn.h0,charged_hadron<-muon,0.032519716205018936,-0.0001794231745103995,5.689007956940865e-05,-3.6875781370326875e-05,-0.0003577683363614761,-0.00023631325407980815,-0.0001425473931400726,0.0001794231745103995,0.0002975798015503036
B_tbl_minus_hqql,mod.blocks.5.attn.h2,charged_hadron<-muon,0.022908497940410267,-0.00019829546694051135,0.0,0.0,0.0,-0.00019829546694051135,-0.00019829546694051135,0.00019829546694051135,0.000297443200410767
B_tbl_minus_hqql,mod.cls_blocks.1.attn.h6,CLS<-charged_hadron,0.019769290674107994,-0.00019682124868761433,0.0,0.0,0.0,-0.00019682124868761433,-0.00019682124868761433,0.00019682124868761433,0.0002952318730314215
signed_hqql_tbl,mod.blocks.6.attn.h5,charged_hadron<-electron,0.08771831738321405,0.000159158457168623,-0.00011271826612452666,9.320129709981981e-05,-6.99600050211302e-05,0.00027187672329314965,6.59571600688032e-05,0.000159158457168623,0.00029509681881519784
signed_hqql_tbl,mod.cls_blocks.0.attn.h5,muon<-photon,0.0,0.0,-0.0005891123786568641,0.0,0.0,0.0005891123786568641,0.0,0.0,0.00029455618932843207
signed_hqql_tbl,mod.blocks.2.attn.h3,neutral_hadron<-muon,0.11620150804519654,-4.6636979095637796e-05,0.00044912375233252533,0.0004513719177339226,0.00011669818828206347,-0.0004957607314281631,-0.0004980088968295604,4.6636979095637796e-05,0.00029451734480971935
signed_hqql_tbl,mod.cls_blocks.0.attn.h7,CLS<-charged_hadron,0.020302431202396644,0.0001831421812942148,0.0004052909585667679,0.0008252993517246529,0.00021467362960972706,-0.0002221487772725531,-0.0006421571704304382,0.0001831421812942148,0.00029421656993049134
signed_hqql_tbl,mod.blocks.0.attn.h6,charged_hadron<-muon,0.007498971892125679,-1.1417781052207857e-05,-0.0005756138979146878,-8.833686588332057e-05,5.5258662125351e-05,0.00056419611686248,7.691908483111272e-05,1.1417781052207857e-05,0.00029351583948344787
signed_hqql_tbl,mod.blocks.0.attn.h6,electron<-charged_hadron,0.02398207940553364,0.00020627261791990973,3.355073276907205e-05,9.842893649320835e-05,-4.938976235280279e-05,0.0001727218851508377,0.00010784368142670138,0.00020627261791990973,0.0002926335604953286
signed_hqql_tbl,mod.blocks.2.attn.h4,electron<-neutral_hadron,0.01823541407401745,0.00017948651601238034,-4.5858166686230106e-05,-4.296998726204038e-05,-3.41264118712085e-05,0.00022534468269861044,0.00022245650327442073,0.00017948651601238034,0.00029215885736168554
signed_hqql_tbl,mod.blocks.1.attn.h5,electron<-photon,0.018802380313475926,8.781164845762153e-05,-0.0003205703147354403,-0.0001566001135090898,-5.371717724029894e-05,0.00040838196319306185,0.00024441176196671134,8.781164845762153e-05,0.0002920026300541525
signed_hqql_tbl,mod.blocks.0.attn.h2,neutral_hadron<-electron,0.021294746096198372,-0.0001556142575376968,0.00011680323407148308,1.5319380257494686e-06,3.018031247729406e-06,-0.00027241749160917986,-0.00015714619556344629,0.0001556142575376968,0.0002918230033422867
signed_hqql_tbl,mod.blocks.6.attn.h1,electron<-charged_hadron,0.0377030317720614,0.0002446694017731045,0.00015056191633145015,3.100084756426085e-05,-5.839714049216127e-06,9.410748544165436e-05,0.00021366855420884367,0.0002446694017731045,0.0002917231444939317
signed_hqql_tbl,mod.cls_blocks.1.attn.h3,photon<-photon,0.018551596129933994,-9.637888615543488e-05,-0.0004865153055338157,-0.0004294097969501183,5.460472209705857e-05,0.00039013641937838084,0.00033303091079468344,9.637888615543488e-05,0.00029144709584462533
B_tbl_minus_hqql,mod.cls_blocks.1.attn.h6,charged_hadron<-charged_hadron,0.019259376521782366,-0.00019389769435248935,0.0,0.0,0.0,-0.00019389769435248935,-0.00019389769435248935,0.00019389769435248935,0.00029084654152873406
signed_hqql_tbl,mod.blocks.6.attn.h3,electron<-photon,0.032946841418743135,-0.00018764213503648838,1.743768984040019e-05,-2.727888032235829e-05,1.2320544012798021e-05,-0.00020507982487688858,-0.0001603632547141301,0.00018764213503648838,0.00029018204747493267
B_tbl_minus_hqql,mod.blocks.2.attn.h3,charged_hadron<-muon,0.057301994526025024,-0.00019341933004783863,0.0,0.0,0.0,-0.00019341933004783863,-0.00019341933004783863,0.00019341933004783863,0.0002901289950717579
B_tbl_minus_hqql,mod.blocks.0.attn.h2,muon<-neutral_hadron,0.013143637776374817,0.0001934189349412918,0.0,0.0,0.0,0.0001934189349412918,0.0001934189349412918,0.0001934189349412918,0.0002901284024119377
signed_hqql_tbl,mod.blocks.0.attn.h1,muon<-neutral_hadron,0.023151421546936037,6.692768074572087e-05,-0.0003793149517150596,-1.5245750546455383e-06,-0.00030779710252080923,0.00044624263246078043,6.84522558003664e-05,6.692768074572087e-05,0.0002900489969761111
signed_hqql_tbl,mod.blocks.7.attn.h7,charged_hadron<-electron,0.07964875196155749,0.00023856325577454349,0.00013578013652780404,0.0003313635955644964,-0.00010279569585236459,0.00010278311924673944,-9.280033978995294e-05,0.00023856325577454349,0.0002899548153979132
B_tbl_minus_hqql,mod.blocks.3.attn.h6,muon<-charged_hadron,0.022637081868720776,0.00019093532340996194,0.0,0.0,0.0,0.00019093532340996194,0.00019093532340996194,0.00019093532340996194,0.0002864029851149429
B_tbl_minus_hqql,mod.blocks.4.attn.h1,photon<-electron,0.04593591292699178,0.00019016560545424,0.0,0.0,0.0,0.00019016560545424,0.00019016560545424,0.00019016560545424,0.00028524840818136
signed_hqql_tbl,mod.blocks.5.attn.h0,electron<-charged_hadron,0.016709798456806885,-0.00010310578287125712,0.000260356484601895,0.00010212989732751558,2.0470394474614295e-05,-0.00036346226747315213,-0.0002052356801987727,0.00010310578287125712,0.00028483691660783315
B_tbl_minus_hqql,mod.blocks.7.attn.h5,charged_hadron<-electron,0.05717610842303226,-0.00018987042092607896,0.0,0.0,0.0,-0.00018987042092607896,-0.00018987042092607896,0.00018987042092607896,0.00028480563138911846
B_tbl_minus_hqql,mod.blocks.3.attn.h5,muon<-charged_hadron,0.01523936517310865,0.00018863385599670988,0.0,0.0,0.0,0.00018863385599670988,0.00018863385599670988,0.00018863385599670988,0.00028295078399506485
signed_hqql_tbl,mod.blocks.3.attn.h6,neutral_hadron<-muon,0.012691225111484527,-8.803655509836972e-05,0.00030124801514830324,7.032712687760068e-07,4.125481160352375e-05,-0.00038928457024667296,-8.873982636714572e-05,8.803655509836972e-05,0.0002826788402217062
signed_hqql_tbl,mod.blocks.2.attn.h2,muon<-photon,0.0181820500980724,0.00013107361949302933,-0.00017152946048344558,0.0002060123896669774,3.3023326458143335e-06,0.0003026030799764749,-7.493877017394806e-05,0.00013107361949302933,0.0002823751594812668
signed_hqql_tbl,mod.blocks.5.attn.h2,charged_hadron<-muon,0.022908497940410267,-0.00019829546694051135,-3.0142796458676457e-05,-2.9744156563538127e-06,-1.642939666880811e-05,-0.0001681526704818349,-0.00019532105128415754,0.00019829546694051135,0.0002823718021814288
signed_hqql_tbl,mod.blocks.6.attn.h1,charged_hadron<-electron,0.16015401012019106,-0.0002730530686676502,-0.0002547313552349806,-4.0357725041779294e-05,6.695859065075638e-05,-1.832171343266962e-05,-0.00023269534362587092,0.0002730530686676502,0.00028221392538398506
B_tbl_minus_hqql,mod.blocks.5.attn.h0,charged_hadron<-electron,0.05102264567425376,-0.0001878452998138719,0.0,0.0,0.0,-0.0001878452998138719,-0.0001878452998138719,0.0001878452998138719,0.00028176794972080784
B_tbl_minus_hqql,mod.blocks.6.attn.h3,electron<-photon,0.032946841915448506,-0.00018764223204925656,0.0,0.0,0.0,-0.00018764223204925656,-0.00018764223204925656,0.00018764223204925656,0.00028146334807388484
signed_hqql_tbl,mod.blocks.2.attn.h2,neutral_hadron<-muon,0.03998746573925018,0.00020049598533660172,0.0003601960779633373,8.08212862466462e-05,0.00013460152589657255,-0.00015970009262673558,0.00011967469908995553,0.00020049598533660172,0.00028034603164996954
signed_hqql_tbl,mod.blocks.1.attn.h4,electron<-photon,0.018461320300896963,0.00012513902377880488,-0.00018474343388723874,4.4090343830508315e-05,2.4687456475062803e-06,0.0003098824576660436,8.104867994829656e-05,0.00012513902377880488,0.0002800802526118267
signed_hqql_tbl,mod.blocks.5.attn.h0,muon<-charged_hadron,0.01872128067594586,-0.00011415358378805898,0.00021648495458066465,-8.961079875007272e-05,0.00021361963138270406,-0.00033063853836872364,-2.454278503798626e-05,0.00011415358378805898,0.0002794728529724208
B_tbl_minus_hqql,mod.blocks.3.attn.h2,neutral_hadron<-electron,0.034503775450642794,0.00018589487041581904,0.0,0.0,0.0,0.00018589487041581904,0.00018589487041581904,0.00018589487041581904,0.00027884230562372854
signed_hqql_tbl,mod.blocks.0.attn.h2,charged_hadron<-muon,0.010785968917788881,-2.4426153465879686e-05,-0.0005330895073711872,1.1809968418674543e-05,-1.5637706909104285e-05,0.0005086633539053075,-3.623612188455423e-05,2.4426153465879686e-05,0.00027875783041853344
signed_hqql_tbl,mod.blocks.2.attn.h7,muon<-photon,0.01478080993348902,8.168771058659662e-05,0.0004751112562819169,-7.214739785662719e-06,-2.967251930385828e-06,-0.0003934235456953203,8.890245037225934e-05,8.168771058659662e-05,0.0002783994834342568
signed_hqql_tbl,mod.cls_blocks.1.attn.h7,charged_hadron<-neutral_hadron,0.012798238465060981,-0.00018549839744362264,-0.0003709507102886324,-0.0007567940552209346,3.723948925148256e-05,0.00018545231284500978,0.0005712956577773119,0.00018549839744362264,0.00027822455386612753
B_tbl_minus_hqql,mod.blocks.0.attn.h4,electron<-photon,0.02466141978899638,0.00018484092919000735,0.0,0.0,0.0,0.00018484092919000735,0.00018484092919000735,0.00018484092919000735,0.000277261393785011
B_tbl_minus_hqql,mod.blocks.2.attn.h5,electron<-charged_hadron,0.02495918775859632,0.00018407031510785026,0.0,0.0,0.0,0.00018407031510785026,0.00018407031510785026,0.00018407031510785026,0.0002761054726617754
signed_hqql_tbl,mod.blocks.7.attn.h5,charged_hadron<-muon,0.0067666272322336836,8.266022301871669e-06,0.0005427876089621956,-1.5190886915661395e-05,6.759463471405387e-05,-0.000534521586660324,2.3456909217533064e-05,8.266022301871669e-06,0.00027552681563203365
signed_hqql_tbl,mod.cls_blocks.1.attn.h3,CLS<-charged_hadron,0.019158707981248167,-4.3275319818859995e-05,-0.0005073035975521341,-0.0001657145423249836,5.232440115341327e-05,0.00046402827773327416,0.00012243922250612362,4.3275319818859995e-05,0.0002752894586854971
signed_hqql_tbl,mod.blocks.7.attn.h7,muon<-charged_hadron,0.024883981907006466,-0.00015399139374494553,8.788536506472155e-05,2.125602914020419e-05,3.215952507074339e-05,-0.0002418767588096671,-0.0001752474228851497,0.00015399139374494553,0.00027492977314977904
B_tbl_minus_hqql,mod.cls_blocks.1.attn.h7,neutral_hadron<-charged_hadron,0.012450073502565684,-0.00018285934608062044,0.0,0.0,0.0,-0.00018285934608062044,-0.00018285934608062044,0.00018285934608062044,0.0002742890191209307
B_tbl_minus_hqql,mod.blocks.7.attn.h5,electron<-charged_hadron,0.02456963081893168,-0.00018264202701270973,0.0,0.0,0.0,-0.00018264202701270973,-0.00018264202701270973,0.00018264202701270973,0.00027396304051906456
signed_hqql_tbl,mod.blocks.2.attn.h0,electron<-neutral_hadron,0.007367651336468183,-9.779820538824424e-05,0.0002542558111144899,9.469685261137784e-05,6.236598322478434e-05,-0.00035205401650273416,-0.00019249505799962208,9.779820538824424e-05,0.0002738252136396113
signed_hqql_tbl,mod.blocks.2.attn.h5,muon<-charged_hadron,0.015089307770584568,0.00013270363155187982,-0.00014878740378965934,0.0002207824494689703,7.219667019075658e-05,0.0002814910353415392,-8.807881791709048e-05,0.00013270363155187982,0.0002734491492226494
signed_hqql_tbl,mod.blocks.1.attn.h6,neutral_hadron<-muon,0.02829457223415375,0.00026601550634950397,0.00027816138754133135,0.00026124241412617266,-1.1612541396496692e-05,-1.2145881191827378e-05,4.7730922233313105e-06,0.00026601550634950397,0.00027208844694541766
B_tbl_minus_hqql,mod.blocks.7.attn.h0,photon<-muon,0.049798434430902656,-0.00018023174594749105,0.0,0.0,0.0,-0.00018023174594749105,-0.00018023174594749105,0.00018023174594749105,0.0002703476189212366
B_tbl_minus_hqql,mod.blocks.2.attn.h4,electron<-neutral_hadron,0.018235414647139035,0.0001794866469796174,0.0,0.0,0.0,0.0001794866469796174,0.0001794866469796174,0.0001794866469796174,0.0002692299704694261
B_tbl_minus_hqql,mod.blocks.4.attn.h0,charged_hadron<-muon,0.032519716205018936,-0.0001794231745103995,0.0,0.0,0.0,-0.0001794231745103995,-0.0001794231745103995,0.0001794231745103995,0.00026913476176559925
signed_hqql_tbl,mod.blocks.2.attn.h2,electron<-charged_hadron,0.02628304770118312,-0.00013591710471940277,0.00012994693281749884,-4.466295231604713e-06,6.710620073135942e-05,-0.00026586403753690163,-0.00013145080948779805,0.00013591710471940277,0.00026884912348785356
B_tbl_minus_hqql,mod.blocks.5.attn.h5,muon<-photon,0.029837345535104923,0.00017898176288740203,0.0,0.0,0.0,0.00017898176288740203,0.00017898176288740203,0.00017898176288740203,0.000268472644331103
signed_hqql_tbl,mod.blocks.7.attn.h2,electron<-neutral_hadron,0.02113362122383058,8.469769929320137e-05,-0.0002745163216104629,2.6640360592864452e-05,4.20070182372001e-07,0.0003592140209036643,5.805733870033692e-05,8.469769929320137e-05,0.0002643047097450335
signed_hqql_tbl,mod.blocks.4.attn.h5,photon<-muon,0.11920591917904941,0.00021410564130002803,0.00011424275222592629,-0.0005023393868690445,9.117880940071441e-05,9.986288907410173e-05,0.0007164450281690726,0.00021410564130002803,0.0002640370858370789
signed_hqql_tbl,mod.blocks.0.attn.h3,electron<-neutral_hadron,0.01839532645849081,-0.00016288424152522706,3.748087601707084e-05,-3.204952052328735e-05,1.096854490848879e-06,-0.0002003651175422979,-0.0001308347210019397,0.00016288424152522706,0.000263066800296376
B_tbl_minus_hqql,mod.blocks.1.attn.h7,photon<-electron,0.05595176915327708,-0.0001750659003543357,0.0,0.0,0.0,-0.0001750659003543357,-0.0001750659003543357,0.0001750659003543357,0.0002625988505315036
signed_hqql_tbl,mod.blocks.3.attn.h3,muon<-photon,0.011074540289965544,0.0001059843608262864,-0.0002040837649614192,0.0004604724457576161,-5.3736397863498754e-05,0.0003100681257877056,-0.0003544880849313297,0.0001059843608262864,0.0002610184237201392
B_tbl_minus_hqql,mod.cls_blocks.0.attn.h7,neutral_hadron<-charged_hadron,0.017153212506520122,-0.0001738567631324067,0.0,0.0,0.0,-0.0001738567631324067,-0.0001738567631324067,0.0001738567631324067,0.00026078514469861006
B_tbl_minus_hqql,mod.blocks.1.attn.h4,neutral_hadron<-muon,0.0193507120013237,-0.00017375083407387138,0.0,0.0,0.0,-0.00017375083407387138,-0.00017375083407387138,0.00017375083407387138,0.0002606262511108071
signed_hqql_tbl,mod.blocks.5.attn.h1,muon<-neutral_hadron,0.014773078262805939,7.657546084374189e-05,-0.0002913066273322329,0.00017347157699987292,-0.00021644409824385428,0.0003678820881759748,-9.689611615613103e-05,7.657546084374189e-05,0.00026051650493172927
signed_hqql_tbl,mod.blocks.0.attn.h0,electron<-photon,0.025632201631863912,-0.00014517601230181753,8.244781110988697e-05,-3.755250924898844e-05,-3.65502786877045e-05,-0.0002276238234117045,-0.0001076235030528291,0.00014517601230181753,0.00025898792400766977
signed_hqql_tbl,mod.cls_blocks.1.attn.h1,charged_hadron<-muon,0.006157795432955027,-8.976618846645579e-05,0.00024864973966032267,0.0,0.00013616576052299934,-0.00033841592812677845,-8.976618846645579e-05,8.976618846645579e-05,0.000258974152529845
signed_hqql_tbl,mod.blocks.5.attn.h5,charged_hadron<-electron,0.06625193043758995,0.00013966730942851618,-9.8928699347501e-05,6.931996101449276e-05,-3.554071054168162e-05,0.00023859600877601718,7.034734841402342e-05,0.00013966730942851618,0.00025896531381652474
signed_hqql_tbl,mod.cls_blocks.1.attn.h4,muon<-muon,0.0,0.0,-0.0005176145932637155,0.0,0.0,0.0005176145932637155,0.0,0.0,0.00025880729663185775
B_tbl_minus_hqql,mod.cls_blocks.1.attn.h1,neutral_hadron<-neutral_hadron,0.021020275141511644,-0.00017250762487362538,0.0,0.0,0.0,-0.00017250762487362538,-0.00017250762487362538,0.00017250762487362538,0.00025876143731043806
signed_hqql_tbl,mod.blocks.2.attn.h0,muon<-neutral_hadron,0.006761917471885681,3.514216805342585e-05,-0.0004106060178798998,-6.785308505641297e-05,5.989804238830086e-05,0.00044574818593332564,0.00010299525310983882,3.514216805342585e-05,0.00025801626102008864
B_tbl_minus_hqql,mod.blocks.4.attn.h2,muon<-charged_hadron,0.02173719442251957,-0.00017190659700921088,0.0,0.0,0.0,-0.00017190659700921088,-0.00017190659700921088,0.00017190659700921088,0.00025785989551381635
signed_hqql_tbl,mod.blocks.4.attn.h2,muon<-charged_hadron,0.02173719442251957,-0.00017190659700921088,-1.3908022083342075e-06,-2.9676859412575142e-06,0.00011937973841306675,-0.0001705157948008767,-0.00016893891106795338,0.00017190659700921088,0.00025716449440964923
B_tbl_minus_hqql,mod.blocks.3.attn.h2,muon<-photon,0.024271729317578403,0.00017017755784432995,0.0,0.0,0.0,0.00017017755784432995,0.00017017755784432995,0.00017017755784432995,0.00025526633676649493
B_tbl_minus_hqql,mod.blocks.2.attn.h3,photon<-muon,0.06859688325361772,0.0001700223973867568,0.0,0.0,0.0,0.0001700223973867568,0.0001700223973867568,0.0001700223973867568,0.0002550335960801352
B_tbl_minus_hqql,mod.blocks.2.attn.h7,photon<-electron,0.030666601161162058,-0.00016995498347872247,0.0,0.0,0.0,-0.00016995498347872247,-0.00016995498347872247,0.00016995498347872247,0.0002549324752180837
signed_hqql_tbl,mod.blocks.3.attn.h3,neutral_hadron<-muon,0.0073580585420131685,-1.6916330787353216e-05,-0.0004928719818053651,-0.00014494353672489524,2.327218846957017e-05,0.00047595565101801187,0.00012802720593754202,1.6916330787353216e-05,0.00025489415629635913
signed_hqql_tbl,mod.cls_blocks.1.attn.h0,muon<-charged_hadron,0.0,0.0,-0.0005092569626867771,0.0,0.0,0.0005092569626867771,0.0,0.0,0.00025462848134338856
signed_hqql_tbl,mod.cls_blocks.0.attn.h7,charged_hadron<-photon,0.01626888443844034,-7.41232628186464e-06,0.00048579939079186147,0.000503908744102101,0.00046046194817744575,-0.0004932117170737262,-0.0005113210703839656,7.41232628186464e-06,0.0002540181848187277
B_tbl_minus_hqql,mod.cls_blocks.1.attn.h4,charged_hadron<-photon,0.012233129108683505,-0.0001691928447402828,0.0,0.0,0.0,-0.0001691928447402828,-0.0001691928447402828,0.0001691928447402828,0.0002537892671104242
B_tbl_minus_hqql,mod.blocks.3.attn.h7,muon<-photon,0.019741970029744236,-0.00016909627116877925,0.0,0.0,0.0,-0.00016909627116877925,-0.00016909627116877925,0.00016909627116877925,0.0002536444067531689
B_tbl_minus_hqql,mod.blocks.6.attn.h1,neutral_hadron<-electron,0.1508417702638186,-0.00016777310744286157,0.0,0.0,0.0,-0.00016777310744286157,-0.00016777310744286157,0.00016777310744286157,0.00025165966116429237
signed_hqql_tbl,mod.blocks.6.attn.h3,photon<-muon,0.26750633933327417,-7.387261774221605e-05,0.0002807595122319001,-0.0006310348177240009,6.272470013105444e-06,-0.0003546321299741162,0.0005571621999817848,7.387261774221605e-05,0.0002511886827292741
signed_hqql_tbl,mod.blocks.2.attn.h1,charged_hadron<-muon,0.02574150309418187,4.225428865262956e-05,0.00045852408123513063,-0.00010458012111485005,6.701316332433328e-06,-0.0004162697925825011,0.00014683440976747962,4.225428865262956e-05,0.0002503891849438801
signed_hqql_tbl,mod.blocks.4.attn.h7,neutral_hadron<-muon,0.032094305753707884,-0.00010506981052458287,-0.000395157063167062,-0.00014087003364693373,0.0001265880048816578,0.00029008725264247916,3.5800223122350866e-05,0.00010506981052458287,0.0002501134368458225
B_tbl_minus_hqql,mod.blocks.7.attn.h7,photon<-electron,0.045216209689776105,0.0001660935566178523,0.0,0.0,0.0,0.0001660935566178523,0.0001660935566178523,0.0001660935566178523,0.0002491403349267785
B_tbl_minus_hqql,mod.blocks.7.attn.h2,muon<-photon,0.026269170370968906,0.00016574256799437782,0.0,0.0,0.0,0.00016574256799437782,0.00016574256799437782,0.00016574256799437782,0.0002486138519915667
signed_hqql_tbl,mod.cls_blocks.1.attn.h4,charged_hadron<-photon,0.012203493710914884,-0.0001693361666868708,-0.0003274770509855714,-0.00048270682957578703,5.452605546452105e-05,0.00015814088429870062,0.0003133706628889163,0.0001693361666868708,0.0002484066088362211
B_tbl_minus_hqql,mod.blocks.1.attn.h5,muon<-neutral_hadron,0.005212423950433731,-0.00016550144646316768,0.0,0.0,0.0,-0.00016550144646316768,-0.00016550144646316768,0.00016550144646316768,0.00024825216969475154
signed_hqql_tbl,mod.blocks.3.attn.h6,electron<-charged_hadron,0.029940184793974225,0.00012867674721699012,-0.00011000809104492267,5.346605649228668e-05,1.4301185728982091e-05,0.00023868483826191278,7.521069072470343e-05,0.00012867674721699012,0.0002480191663479465
signed_hqql_tbl,mod.blocks.1.attn.h4,neutral_hadron<-muon,0.0193507120013237,-0.00017375083407387138,-0.00032175878914131317,-3.750186806428246e-05,7.598177636163714e-05,0.0001480079550674418,-0.00013624896600958892,0.00017375083407387138,0.00024775481160759226
B_tbl_minus_hqql,mod.cls_blocks.0.attn.h5,CLS<-electron,0.00847869956245025,0.00016483853445000327,0.0,0.0,0.0,0.00016483853445000327,0.00016483853445000327,0.00016483853445000327,0.0002472578016750049
B_tbl_minus_hqql,mod.cls_blocks.0.attn.h5,charged_hadron<-electron,0.00847869956245025,0.00016483853445000327,0.0,0.0,0.0,0.00016483853445000327,0.00016483853445000327,0.00016483853445000327,0.0002472578016750049
B_tbl_minus_hqql,mod.blocks.1.attn.h5,muon<-charged_hadron,0.015107300245400631,0.000164754039636164,0.0,0.0,0.0,0.000164754039636164,0.000164754039636164,0.000164754039636164,0.00024713105945424604
signed_hqql_tbl,mod.blocks.2.attn.h3,charged_hadron<-muon,0.057301994526025024,-0.00019341933004783863,-8.68149179344376e-05,-0.0001005105790682137,-3.605050102145557e-05,-0.00010660441211340103,-9.290875097962492e-05,0.00019341933004783863,0.00024672153610453916
signed_hqql_tbl,mod.blocks.0.attn.h1,electron<-charged_hadron,0.02356392772574174,-0.0001143415299195208,0.00014854294713586568,6.43768670952654e-05,-7.715926585660782e-06,-0.00026288447705538647,-0.0001787183970147862,0.0001143415299195208,0.000245783768447214
B_tbl_minus_hqql,mod.blocks.0.attn.h3,electron<-neutral_hadron,0.01839532473912606,-0.00016288422977175706,0.0,0.0,0.0,-0.00016288422977175706,-0.00016288422977175706,0.00016288422977175706,0.0002443263446576356
B_tbl_minus_hqql,mod.blocks.7.attn.h0,muon<-photon,0.019334581765261562,0.0001626503865488551,0.0,0.0,0.0,0.0001626503865488551,0.0001626503865488551,0.0001626503865488551,0.00024397557982328266
B_tbl_minus_hqql,mod.blocks.1.attn.h0,electron<-photon,0.025262599686781566,-0.00016225570968041818,0.0,0.0,0.0,-0.00016225570968041818,-0.00016225570968041818,0.00016225570968041818,0.00024338356452062725
signed_hqql_tbl,mod.cls_blocks.1.attn.h2,charged_hadron<-charged_hadron,0.020392913486539703,-2.0363956971471662e-05,0.0004247466326554919,0.00015712080047269574,0.00017425785649720637,-0.00044511058962696355,-0.0001774847574441674,2.0363956971471662e-05,0.00024291925178495342
signed_hqql_tbl,mod.blocks.7.attn.h5,charged_hadron<-electron,0.05717610842303226,-0.0001898704647732972,-8.427896769717335e-05,6.393927160179478e-05,5.927932306803996e-06,-0.00010559149707612386,-0.000253809736375092,0.0001898704647732972,0.00024266621331135913
signed_hqql_tbl,mod.blocks.3.attn.h3,muon<-muon,0.014562781900167465,-0.00011411267041694373,0.000142059276498685,-0.0009625192615203559,-9.20991947168659e-05,-0.0002561719469156287,0.0008484065911034122,0.00011411267041694373,0.0002421986438747581
signed_hqql_tbl,mod.blocks.1.attn.h0,charged_hadron<-electron,0.044153944050010885,4.702310022701951e-05,-0.0003425936602676908,-1.3838002281584617e-05,-0.0001768923320923932,0.0003896167604947103,6.086110250860412e-05,4.702310022701951e-05,0.00024183148047437467
signed_hqql_tbl,mod.blocks.4.attn.h0,electron<-charged_hadron,0.02072805676021074,1.490489107948777e-05,0.0004675258789211512,-0.00021758340111794486,7.594083876938384e-05,-0.00045262098784166344,0.00023248829219743263,1.490489107948777e-05,0.0002412153850003195
signed_hqql_tbl,mod.cls_blocks.1.attn.h2,muon<-photon,0.0,0.0,0.00048211337998509406,0.0,0.0,-0.00048211337998509406,0.0,0.0,0.00024105668999254703
B_tbl_minus_hqql,mod.blocks.4.attn.h0,electron<-neutral_hadron,0.011503468016878916,0.00015994647065571582,0.0,0.0,0.0,0.00015994647065571582,0.00015994647065571582,0.00015994647065571582,0.00023991970598357374
signed_hqql_tbl,mod.blocks.4.attn.h7,photon<-muon,0.022135589610446583,-2.4725627471608195e-05,-0.00045461600753836904,-8.687743961456276e-05,-3.4174942032093115e-05,0.0004298903800667608,6.215181214295457e-05,2.4725627471608195e-05,0.0002396708175049886
B_tbl_minus_hqql,mod.blocks.6.attn.h5,charged_hadron<-electron,0.08771831110904091,0.00015915831471303185,0.0,0.0,0.0,0.00015915831471303185,0.00015915831471303185,0.00015915831471303185,0.00023873747206954777
signed_hqql_tbl,mod.blocks.6.attn.h7,charged_hadron<-muon,0.02965518200036251,0.00015273408004731843,-1.9221814970175425e-05,1.0811786341946573e-05,-4.919621723417209e-05,0.00017195589501749385,0.00014192229370537185,0.00015273408004731843,0.00023871202755606537
signed_hqql_tbl,mod.blocks.6.attn.h1,neutral_hadron<-electron,0.15084175650890058,-0.0001677730358026635,-2.8818439204769675e-05,3.434241807553917e-05,7.367377669046013e-05,-0.00013895459659789383,-0.00020211545387820268,0.0001677730358026635,0.0002372503341016104
signed_hqql_tbl,mod.blocks.1.attn.h6,charged_hadron<-electron,0.032596279916010405,0.00010668674057294418,-0.00015432954455415408,4.33229765019797e-05,-9.260253727916279e-05,0.00026101628512709824,6.336376407096448e-05,0.00010668674057294418,0.0002371948831364933
B_tbl_minus_hqql,mod.blocks.7.attn.h0,charged_hadron<-electron,0.06872268570096869,-0.00015743609669459003,0.0,0.0,0.0,-0.00015743609669459003,-0.00015743609669459003,0.00015743609669459003,0.00023615414504188505
B_tbl_minus_hqql,mod.cls_blocks.1.attn.h1,CLS<-photon,0.01978014602784808,-0.00015733041431518642,0.0,0.0,0.0,-0.00015733041431518642,-0.00015733041431518642,0.00015733041431518642,0.00023599562147277962
signed_hqql_tbl,mod.blocks.6.attn.h7,muon<-charged_hadron,0.024697437430873062,6.771214292243575e-06,-0.00045154144366582236,3.723205300047994e-05,-8.733958182632025e-05,0.00045831265795806596,-3.0460838708236365e-05,6.771214292243575e-06,0.00023592754327127655
signed_hqql_tbl,mod.cls_blocks.1.attn.h7,neutral_hadron<-neutral_hadron,0.006973650905170611,-0.00018555451138776595,-8.759434179713328e-05,-0.0002837372400487463,0.00019165229459758848,-9.796016959063267e-05,9.818272866098034e-05,0.00018555451138776595,0.0002345345961830823
signed_hqql_tbl,mod.blocks.2.attn.h0,muon<-charged_hadron,0.016158768624970406,-0.0001342900548920487,6.51239805544416e-05,4.525885451585054e-05,-4.361664416290909e-05,-0.00019941403544649028,-0.00017954890940789921,0.0001342900548920487,0.00023399707261529383
signed_hqql_tbl,mod.blocks.6.attn.h1,neutral_hadron<-muon,0.0827356219291687,0.0001492972602136433,0.00031803678211872466,-1.4021970855537802e-05,0.0005117338258297304,-0.00016873952190508135,0.0001633192310691811,0.0001492972602136433,0.000233667021166184
B_tbl_minus_hqql,mod.cls_blocks.1.attn.h1,charged_hadron<-neutral_hadron,0.012432588885600965,-0.0001557250491871925,0.0,0.0,0.0,-0.0001557250491871925,-0.0001557250491871925,0.0001557250491871925,0.00023358757378078872
B_tbl_minus_hqql,mod.blocks.0.attn.h2,neutral_hadron<-electron,0.021294785068466108,-0.00015561446714250894,0.0,0.0,0.0,-0.00015561446714250894,-0.00015561446714250894,0.00015561446714250894,0.00023342170071376342
signed_hqql_tbl,mod.cls_blocks.1.attn.h2,neutral_hadron<-photon,0.015103812570925112,-0.0001295497921226477,7.731469602070071e-05,0.00011729422840289772,0.0001336148114907637,-0.0002068644881433484,-0.0002468440205255454,0.0001295497921226477,0.0002329820361943219
B_tbl_minus_hqql,mod.blocks.3.attn.h0,muon<-neutral_hadron,0.014990891516208648,0.00015528473304584622,0.0,0.0,0.0,0.00015528473304584622,0.00015528473304584622,0.00015528473304584622,0.00023292709956876931
signed_hqql_tbl,mod.blocks.0.attn.h2,neutral_hadron<-photon,0.011990584317458334,-6.0076375665636835e-05,-0.0004053745413227241,6.279947025108386e-05,6.549019035275318e-05,0.0003452981656570873,-0.0001228758459167207,6.0076375665636835e-05,0.00023272545849418048
signed_hqql_tbl,mod.blocks.6.attn.h6,neutral_hadron<-electron,0.06032939459412144,-7.684760716677793e-05,-0.0003885828573526595,1.9952104667027014e-05,-4.209388286350683e-06,0.0003117352501858816,-9.679971183380495e-05,7.684760716677793e-05,0.00023271523225971874
B_tbl_minus_hqql,mod.blocks.1.attn.h3,muon<-photon,0.01719798825003884,-0.0001547879497097297,0.0,0.0,0.0,-0.0001547879497097297,-0.0001547879497097297,0.0001547879497097297,0.00023218192456459457
signed_hqql_tbl,mod.blocks.0.attn.h3,electron<-charged_hadron,0.021071894780585642,-5.0754422677288713e-05,-0.00041240986591825884,1.4671939090643634e-05,1.2125330158596626e-05,0.00036165544324097014,-6.542636176793235e-05,5.0754422677288713e-05,0.0002315821442977738
B_tbl_minus_hqql,mod.blocks.3.attn.h0,charged_hadron<-electron,0.03971519164348904,0.00015417666719785253,0.0,0.0,0.0,0.00015417666719785253,0.00015417666719785253,0.00015417666719785253,0.0002312650007967788
B_tbl_minus_hqql,mod.blocks.7.attn.h7,muon<-charged_hadron,0.024883981907006466,-0.00015399139374494553,0.0,0.0,0.0,-0.00015399139374494553,-0.00015399139374494553,0.00015399139374494553,0.0002309870906174183
B_tbl_minus_hqql,mod.blocks.1.attn.h1,muon<-photon,0.014292481270703402,-0.00015392178796570408,0.0,0.0,0.0,-0.00015392178796570408,-0.00015392178796570408,0.00015392178796570408,0.00023088268194855613
signed_hqql_tbl,mod.cls_blocks.1.attn.h3,CLS<-photon,0.0178233073535845,3.88903026864931e-05,-0.00034481647937119575,-0.00035280151087289,6.919446419428146e-05,0.00038370678205768883,0.0003916918135593831,3.88903026864931e-05,0.0002307436937153375
signed_hqql_tbl,mod.cls_blocks.0.attn.h7,CLS<-photon,0.01657291821684549,-5.807931109208088e-05,0.0002862750610512732,0.0005082049278106528,0.0003429876296429743,-0.00034435437214335406,-0.0005662842389027337,5.807931109208088e-05,0.00023025649716375792
B_tbl_minus_hqql,mod.blocks.3.attn.h3,muon<-neutral_hadron,0.013954629004001618,0.00015333783812820911,0.0,0.0,0.0,0.00015333783812820911,0.00015333783812820911,0.00015333783812820911,0.00023000675719231367
B_tbl_minus_hqql,mod.blocks.6.attn.h7,charged_hadron<-muon,0.02965518200036251,0.00015273408004731843,0.0,0.0,0.0,0.00015273408004731843,0.00015273408004731843,0.00015273408004731843,0.00022910112007097763
signed_hqql_tbl,mod.blocks.3.attn.h7,neutral_hadron<-muon,0.02564835250377655,-0.00011315711308270692,0.0001182089836220257,1.5906471162452362e-05,-1.503735731365969e-05,-0.00023136609670473262,-0.00012906358424515929,0.00011315711308270692,0.00022884016143507322
signed_hqql_tbl,mod.blocks.6.attn.h2,muon<-photon,0.026658768003637142,7.673933975059877e-05,-0.0002266752148548571,-3.841884678140992e-05,-0.00016273124440756095,0.00030341455460545586,0.0001151581865320087,7.673933975059877e-05,0.00022844661705332672
signed_hqql_tbl,mod.blocks.1.attn.h3,muon<-neutral_hadron,0.0050958264619112015,0.00013463959330692888,-5.2460563892964274e-05,0.00021696895419154316,-1.994020330248927e-05,0.00018710015719989315,-8.232936088461428e-05,0.00013463959330692888,0.00022818967190687547
B_tbl_minus_hqql,mod.blocks.0.attn.h1,electron<-neutral_hadron,0.03113116094699273,-0.00015210852367230333,0.0,0.0,0.0,-0.00015210852367230333,-0.00015210852367230333,0.00015210852367230333,0.000228162785508455
signed_hqql_tbl,mod.cls_blocks.0.attn.h0,neutral_hadron<-photon,0.01566740760096797,0.00018974123982551657,0.0002650545317340981,0.0004344575811559573,5.9265582087008574e-05,-7.531329190858151e-05,-0.00024471634133044077,0.00018974123982551657,0.0002273978857798073
signed_hqql_tbl,mod.blocks.3.attn.h7,photon<-muon,0.045441269874572754,-4.424782012144781e-06,0.00044059644614417967,-9.248659591234865e-06,3.871018530584739e-05,-0.00044502122815632443,4.823877579090084e-06,4.424782012144781e-06,0.000226935396090307
signed_hqql_tbl,mod.blocks.0.attn.h1,photon<-muon,0.016669151457873257,-2.244226793250577e-05,0.0003864021541980597,-6.369004092578377e-05,2.0486386347329244e-05,-0.0004088444221305655,4.1247772993277995e-05,2.244226793250577e-05,0.0002268644789977885
B_tbl_minus_hqql,mod.blocks.7.attn.h0,charged_hadron<-muon,0.023745067191846443,-0.00015064285164981177,0.0,0.0,0.0,-0.00015064285164981177,-0.00015064285164981177,0.00015064285164981177,0.00022596427747471768
signed_hqql_tbl,mod.blocks.2.attn.h6,charged_hadron<-muon,0.018478299632216946,0.00013135044807285973,-5.7646752490351595e-05,-7.813805859768764e-06,4.7018929631505384e-05,0.00018899720056321132,0.0001391642539326285,0.00013135044807285973,0.0002258490483544654
signed_hqql_tbl,mod.blocks.2.attn.h1,muon<-neutral_hadron,0.007389829307794571,-2.0412645244505257e-05,-0.00043029262451454997,6.631665019085631e-05,-9.091741230804473e-05,0.0004098799792700447,-8.672929543536156e-05,2.0412645244505257e-05,0.00022535263487952762
signed_hqql_tbl,mod.cls_blocks.0.attn.h5,photon<-CLS,0.0007606843137182295,0.00011594976967899129,0.0003341368676046841,0.0,0.0,-0.00021818709792569279,0.00011594976967899129,0.00011594976967899129,0.00022504331864183768
signed_hqql_tbl,mod.blocks.2.attn.h5,neutral_hadron<-electron,0.026386486294750985,-0.00014059822074859068,2.821696625687764e-05,4.431689449120313e-06,-6.355246094547813e-05,-0.00016881518700546832,-0.000145029910197711,0.00014059822074859068,0.00022500581425132486
signed_hqql_tbl,mod.cls_blocks.1.attn.h3,charged_hadron<-charged_hadron,0.018263751288869538,-9.47123720634471e-05,-0.00035371449449463045,-0.00013547551801486668,0.00011978721377090552,0.00025900212243118334,4.076314595141957e-05,9.47123720634471e-05,0.00022421343327903878
B_tbl_minus_hqql,mod.blocks.6.attn.h1,neutral_hadron<-muon,0.0827356219291687,0.0001492972602136433,0.0,0.0,0.0,0.0001492972602136433,0.0001492972602136433,0.0001492972602136433,0.00022394589032046495
signed_hqql_tbl,mod.blocks.0.attn.h3,muon<-charged_hadron,0.011188984820337006,-9.005682571142009e-05,0.00017673529606933395,1.7397929332219066e-05,1.4945259458015123e-05,-0.00026679212178075406,-0.00010745475504363915,9.005682571142009e-05,0.00022345288660179712
signed_hqql_tbl,mod.blocks.7.attn.h3,photon<-muon,0.06176146052100442,0.00021699602207676932,0.00022943916533572169,-5.575549342514326e-06,8.43159993694696e-05,-1.2443143258952365e-05,0.00022257157141928366,0.00021699602207676932,0.00022321759370624552
signed_hqql_tbl,mod.blocks.1.attn.h5,muon<-charged_hadron,0.015107300245400631,0.000164754039636164,4.8672640696167945e-05,0.00020742204505950213,2.84805610573974e-05,0.00011608139893999606,-4.266800542333812e-05,0.000164754039636164,0.00022279473910616202
signed_hqql_tbl,mod.blocks.0.attn.h2,muon<-neutral_hadron,0.013143637776374817,0.0001934189349412918,0.00013561536843553768,4.579769665724598e-07,1.2717218576681162e-05,5.7803566505754134e-05,0.00019296095797471935,0.0001934189349412918,0.00022232071819416888
signed_hqql_tbl,mod.blocks.1.attn.h7,muon<-charged_hadron,0.019957974101557877,-0.00010813446009926724,0.00012017196277156473,0.00025457143783569336,-5.594743780387812e-05,-0.00022830642287083197,-0.0003627058979349606,0.00010813446009926724,0.00022228767153468322
signed_hqql_tbl,mod.blocks.5.attn.h1,electron<-charged_hadron,0.026574123846857173,-0.00013277198396329033,4.5744605595245955e-05,-0.0002103030070095141,5.045267243986018e-07,-0.00017851658955853628,7.753102304622377e-05,0.00013277198396329033,0.00022203027874255845
signed_hqql_tbl,mod.cls_blocks.0.attn.h5,charged_hadron<-CLS,0.0006403021980077028,0.00014960939006414264,0.00029365337104536593,0.0,0.0,-0.00014404398098122329,0.00014960939006414264,0.00014960939006414264,0.0002216313805547543
signed_hqql_tbl,mod.blocks.7.attn.h3,charged_hadron<-muon,0.04700305967619925,0.0001453848301687024,0.0002976753923576325,-7.295956020243466e-05,-0.0001081868175821132,-0.00015229056218893011,0.00021834439037113704,0.0001453848301687024,0.00022153011126316746
B_tbl_minus_hqql,mod.blocks.2.attn.h5,charged_hadron<-muon,0.025197130261045513,0.00014766837667786714,0.0,0.0,0.0,0.00014766837667786714,0.00014766837667786714,0.00014766837667786714,0.0002215025650168007
signed_hqql_tbl,mod.blocks.2.attn.h3,photon<-muon,0.06859688325361772,0.0001700223973867568,6.719122981079496e-05,-0.00026327972522094135,9.0878623138581e-05,0.00010283116757596185,0.0004333021226076982,0.0001700223973867568,0.00022143798117473773
signed_hqql_tbl,mod.blocks.3.attn.h7,muon<-charged_hadron,0.014155884583791098,-8.986366799835002e-05,0.00017273272387683392,-0.0001315215602517128,-9.925553858482156e-06,-0.0002625963918751839,4.1657892253362785e-05,8.986366799835002e-05,0.00022116186393594198
B_tbl_minus_hqql,mod.cls_blocks.1.attn.h2,CLS<-photon,0.01875305815629382,-0.00014652197248562742,0.0,0.0,0.0,-0.00014652197248562742,-0.00014652197248562742,0.00014652197248562742,0.0002197829587284411
B_tbl_minus_hqql,mod.blocks.2.attn.h6,electron<-charged_hadron,0.029208494644416005,0.0001464890680692502,0.0,0.0,0.0,0.0001464890680692502,0.0001464890680692502,0.0001464890680692502,0.00021973360210387528
signed_hqql_tbl,mod.cls_blocks.1.attn.h5,CLS<-CLS,0.001424269488779828,-2.164199167964398e-05,0.00037299948122893056,0.0,0.0,-0.00039464147290857454,-2.164199167964398e-05,2.164199167964398e-05,0.00021896272813393125
signed_hqql_tbl,mod.blocks.6.attn.h4,electron<-charged_hadron,0.032877213076541296,-0.00014267587348034509,8.523377182427794e-06,-7.94472051757634e-05,-1.9181529751222115e-05,-0.00015119925066277287,-6.322866830458169e-05,0.00014267587348034509,0.00021827549881173154
signed_hqql_tbl,mod.blocks.1.attn.h0,electron<-charged_hadron,0.01828248485138542,-6.381111482991592e-05,0.00024483596285184225,1.2714679395758558e-05,-3.9455966543755494e-05,-0.00030864707768175816,-7.652579422567449e-05,6.381111482991592e-05,0.000218134653670795
B_tbl_minus_hqql,mod.blocks.7.attn.h3,charged_hadron<-muon,0.04700305967619925,0.0001453848301687024,0.0,0.0,0.0,0.0001453848301687024,0.0001453848301687024,0.0001453848301687024,0.0002180772452530536
B_tbl_minus_hqql,mod.blocks.0.attn.h0,electron<-photon,0.025632201631863912,-0.00014517598513824243,0.0,0.0,0.0,-0.00014517598513824243,-0.00014517598513824243,0.00014517598513824243,0.00021776397770736363
B_tbl_minus_hqql,mod.cls_blocks.1.attn.h1,CLS<-charged_hadron,0.017720595723780246,-0.0001448998849607269,0.0,0.0,0.0,-0.0001448998849607269,-0.0001448998849607269,0.0001448998849607269,0.00021734982744109035
signed_hqql_tbl,mod.blocks.2.attn.h6,electron<-charged_hadron,0.029208494644416005,0.00014648919214347474,4.8131689739724e-06,-5.906439204325621e-05,-6.119628756096063e-05,0.00014167602316950234,0.00020555358418673095,0.00014648919214347474,0.00021732720372822593
signed_hqql_tbl,mod.blocks.0.attn.h4,muon<-photon,0.006032501432028684,-8.42347719960592e-05,-0.00034982237132051244,0.00012192077979090668,-0.00021884773845418489,0.00026558759932445326,-0.00020615555178696586,8.42347719960592e-05,0.00021702857165828584
B_tbl_minus_hqql,mod.cls_blocks.1.attn.h4,photon<-photon,0.012570307590067387,-0.00014441212018330893,0.0,0.0,0.0,-0.00014441212018330893,-0.00014441212018330893,0.00014441212018330893,0.00021661818027496338
signed_hqql_tbl,mod.blocks.3.attn.h6,muon<-photon,0.00926465405659242,-0.00010050658602267504,0.00012991698279690283,-0.00024249060966429257,4.229535904544589e-05,-0.00023042356881957786,0.00014198402364161753,0.00010050658602267504,0.00021571837043246397
B_tbl_minus_hqql,mod.blocks.3.attn.h7,photon<-electron,0.10328676104545594,-0.00014358931002789177,0.0,0.0,0.0,-0.00014358931002789177,-0.00014358931002789177,0.00014358931002789177,0.00021538396504183766
signed_hqql_tbl,mod.cls_blocks.0.attn.h7,photon<-charged_hadron,0.018806348028390305,-0.00011643937424473141,-0.0003141314429167199,0.0008606933283083366,0.00024636190937599167,0.00019769206867198847,-0.000977132702553068,0.00011643937424473141,0.00021528540858072563
signed_hqql_tbl,mod.blocks.0.attn.h6,photon<-electron,0.03133470118045807,-0.00012252446225223442,6.158847099868581e-05,3.381839867090873e-05,-1.824649909583779e-05,-0.00018411293325092023,-0.00015634286092314315,0.00012252446225223442,0.00021458092887769454
signed_hqql_tbl,mod.blocks.6.attn.h3,charged_hadron<-muon,0.14757123137965347,-4.7927207285256095e-05,0.0002843654016032815,7.042002980597317e-05,-0.0001138227105320218,-0.0003322926088885376,-0.00011834723709122926,4.7927207285256095e-05,0.0002140735117295249
B_tbl_minus_hqql,mod.blocks.6.attn.h4,electron<-charged_hadron,0.032877211507998015,-0.00014267583365405075,0.0,0.0,0.0,-0.00014267583365405075,-0.00014267583365405075,0.00014267583365405075,0.00021401375048107614
signed_hqql_tbl,mod.blocks.4.attn.h1,neutral_hadron<-electron,0.08879042474123147,9.863321723129887e-05,-0.000130541189264477,-3.1594076426699757e-06,-2.3975488632762185e-05,0.00022917440649577585,0.00010179262487396884,9.863321723129887e-05,0.0002132204204791868
signed_hqql_tbl,mod.blocks.5.attn.h4,neutral_hadron<-electron,0.1790073995406811,-6.58569728189972e-05,0.00022689405363962578,-6.324943286017514e-05,2.133237721864134e-05,-0.000292751026458623,-2.60753995882205e-06,6.58569728189972e-05,0.0002122324860483087
signed_hqql_tbl,mod.blocks.2.attn.h6,muon<-neutral_hadron,0.00255459900945425,-1.5207674005068839e-05,-0.0004091771552339196,6.936021236469969e-06,-1.816462714566075e-05,0.0003939694812288508,-2.2143695241538806e-05,1.5207674005068839e-05,0.00021219241461949425
signed_hqql_tbl,mod.blocks.3.attn.h3,charged_hadron<-muon,0.02289580215107311,6.307717271600708e-05,-0.00023311328113777562,0.00016347297932952642,-0.0002563035407339234,0.0002961904538537827,-0.00010039580661351933,6.307717271600708e-05,0.00021117239964289842
B_tbl_minus_hqql,mod.blocks.2.attn.h5,neutral_hadron<-electron,0.026386484002264645,-0.00014059818408895808,0.0,0.0,0.0,-0.00014059818408895808,-0.00014059818408895808,0.00014059818408895808,0.00021089727613343712
signed_hqql_tbl,mod.blocks.6.attn.h3,neutral_hadron<-electron,0.25196341367868275,-3.345885600608129e-05,0.0003212117080693133,1.045831071678549e-05,1.28308785254679e-05,-0.0003546705640753946,-4.391716672286678e-05,3.345885600608129e-05,0.0002107941380437786
signed_hqql_tbl,mod.blocks.5.attn.h5,photon<-electron,0.0862373173236847,0.00013021090029117962,-3.014146727764455e-05,3.1398974117889466e-06,-0.0001792064006137964,0.00016035236756882417,0.00012707100287939069,0.00013021090029117962,0.0002103870840755917
signed_hqql_tbl,mod.cls_blocks.1.attn.h6,muon<-charged_hadron,0.0,0.0,-0.0004206356931139122,0.0,0.0,0.0004206356931139122,0.0,0.0,0.0002103178465569561
signed_hqql_tbl,mod.blocks.2.attn.h4,neutral_hadron<-muon,0.00856456309556961,-5.509013135451824e-07,-0.00042006549483630806,1.1491729310364462e-05,-1.8763028176339425e-05,0.0004195145935227629,-1.2042630623909645e-05,5.509013135451824e-07,0.00021030819807492664
B_tbl_minus_hqql,mod.blocks.0.attn.h2,electron<-photon,0.01856118192275365,0.00014007127028889955,0.0,0.0,0.0,0.00014007127028889955,0.00014007127028889955,0.00014007127028889955,0.00021010690543334933
B_tbl_minus_hqql,mod.cls_blocks.1.attn.h6,photon<-photon,0.018555657317241032,-0.00013990281149744987,0.0,0.0,0.0,-0.00013990281149744987,-0.00013990281149744987,0.00013990281149744987,0.0002098542172461748
signed_hqql_tbl,mod.blocks.1.attn.h7,neutral_hadron<-electron,0.04286887439397665,3.451077981690805e-05,0.0003851924375339877,-0.0001193296315614134,4.805404314538464e-05,-0.0003506816577170796,0.00015384041137832147,3.451077981690805e-05,0.00020985160867544787
B_tbl_minus_hqql,mod.cls_blocks.1.attn.h1,CLS<-neutral_hadron,0.01982721213830195,-0.00013968967495732917,0.0,0.0,0.0,-0.00013968967495732917,-0.00013968967495732917,0.00013968967495732917,0.00020953451243599375
B_tbl_minus_hqql,mod.blocks.5.attn.h5,charged_hadron<-electron,0.06625193043758995,0.0001396673553819327,0.0,0.0,0.0,0.0001396673553819327,0.0001396673553819327,0.0001396673553819327,0.00020950103307289906
signed_hqql_tbl,mod.blocks.5.attn.h3,electron<-neutral_hadron,0.022855716542555735,0.00010177252876858872,-0.00010945693634312192,-1.9915631273761392e-05,-3.1283859607356133e-05,0.00021122946511171065,0.0001216881600423501,0.00010177252876858872,0.00020738726132444403
signed_hqql_tbl,mod.blocks.0.attn.h2,neutral_hadron<-muon,4.042796790599823e-05,-7.083760351633828e-08,0.00041436094215896446,-5.240920654614456e-05,2.003268160319854e-07,-0.0004144317797624808,5.2338368942628224e-05,7.083760351633828e-08,0.00020728672748475675
B_tbl_minus_hqql,mod.blocks.2.attn.h2,charged_hadron<-muon,0.03141143105246804,0.00013813444159247658,0.0,0.0,0.0,0.00013813444159247658,0.00013813444159247658,0.00013813444159247658,0.00020720166238871485
signed_hqql_tbl,mod.blocks.3.attn.h0,muon<-neutral_hadron,0.014990891516208648,0.00015528473304584622,5.166784895038745e-05,-0.00024308892898261547,-1.2652410236035434e-06,0.00010361688409545877,0.0003983736620284617,0.00015528473304584622,0.0002070931750935756
signed_hqql_tbl,mod.blocks.6.attn.h2,electron<-photon,0.02378086745738983,7.419209772100052e-05,-0.00019062474789929444,0.00010232327674332607,-7.908206354439646e-05,0.00026481684562029494,-2.8131179022325547e-05,7.419209772100052e-05,0.000206600520531148
B_tbl_minus_hqql,mod.blocks.2.attn.h0,charged_hadron<-electron,0.03737767511292508,0.00013735524905649456,0.0,0.0,0.0,0.00013735524905649456,0.00013735524905649456,0.00013735524905649456,0.00020603287358474185
signed_hqql_tbl,mod.blocks.1.attn.h6,muon<-charged_hadron,0.016526785763827236,0.0001331652853299271,-1.2088753283023835e-05,-7.160453242249787e-05,0.00010192951928061175,0.00014525403861295093,0.00020476981775242496,0.0001331652853299271,0.00020579230463640255
B_tbl_minus_hqql,mod.cls_blocks.1.attn.h0,neutral_hadron<-charged_hadron,0.020621929121644872,0.00013694451588794197,0.0,0.0,0.0,0.00013694451588794197,0.00013694451588794197,0.00013694451588794197,0.00020541677383191295
B_tbl_minus_hqql,mod.blocks.7.attn.h5,muon<-photon,0.02513123642314564,-0.00013677812901071528,0.0,0.0,0.0,-0.00013677812901071528,-0.00013677812901071528,0.00013677812901071528,0.00020516719351607293
signed_hqql_tbl,mod.blocks.0.attn.h1,electron<-neutral_hadron,0.03113115865450639,-0.0001521083490493206,-4.6354965888895094e-05,-4.0302088018506764e-05,0.00010363512556068599,-0.0001057533831604255,-0.00011180626103081382,0.0001521083490493206,0.00020498504062953335
B_tbl_minus_hqql,mod.cls_blocks.1.attn.h6,photon<-neutral_hadron,0.009615675546228886,0.0001365467420934389,0.0,0.0,0.0,0.0001365467420934389,0.0001365467420934389,0.0001365467420934389,0.00020482011314015836
signed_hqql_tbl,mod.blocks.6.attn.h0,photon<-muon,0.012281289154833014,-1.9320552713576365e-05,-0.0003900531849537331,-3.74131985673947e-05,-1.0535904168916335e-05,0.00037073263224015674,1.8092645853818335e-05,1.9320552713576365e-05,0.00020468686883365475
B_tbl_minus_hqql,mod.blocks.2.attn.h2,electron<-charged_hadron,0.02628304848545476,-0.0001359171246325499,0.0,0.0,0.0,-0.0001359171246325499,-0.0001359171246325499,0.0001359171246325499,0.00020387568694882487
signed_hqql_tbl,mod.blocks.5.attn.h4,muon<-muon,0.011258990503847599,-7.585320418002084e-05,0.00018017411548498785,1.4562747310264967e-05,6.796492499461237e-05,-0.0002560273196650087,-9.04159514902858e-05,7.585320418002084e-05,0.00020386686401252518
signed_hqql_tbl,mod.blocks.3.attn.h1,charged_hadron<-muon,0.014183594421906904,-3.1316120646696426e-06,0.0003980015404522419,4.001515844720416e-06,0.00010973067182054496,-0.00040113315251691156,-7.1331279093900585e-06,3.1316120646696426e-06,0.00020369818832312542
B_tbl_minus_hqql,mod.blocks.5.attn.h5,electron<-photon,0.026390824715296426,0.00013573958616082868,0.0,0.0,0.0,0.00013573958616082868,0.00013573958616082868,0.00013573958616082868,0.000203609379241243
signed_hqql_tbl,mod.blocks.7.attn.h7,photon<-electron,0.04521619081497193,0.00016609320446150377,9.131987878520574e-05,1.4679799018527514e-05,-0.00010541989538907799,7.477332567629803e-05,0.00015141340544297627,0.00016609320446150377,0.00020347986729965279
B_tbl_minus_hqql,mod.cls_blocks.1.attn.h0,CLS<-photon,0.01605020196147542,0.00013499216550474005,0.0,0.0,0.0,0.00013499216550474005,0.00013499216550474005,0.00013499216550474005,0.0002024882482571101
B_tbl_minus_hqql,mod.cls_blocks.1.attn.h4,neutral_hadron<-neutral_hadron,0.017988171827580248,-0.0001347124406103311,0.0,0.0,0.0,-0.0001347124406103311,-0.0001347124406103311,0.0001347124406103311,0.00020206866091549664
B_tbl_minus_hqql,mod.blocks.1.attn.h3,muon<-neutral_hadron,0.0050958264619112015,0.00013463959330692888,0.0,0.0,0.0,0.00013463959330692888,0.00013463959330692888,0.00013463959330692888,0.00020195938996039333
B_tbl_minus_hqql,mod.blocks.2.attn.h0,muon<-charged_hadron,0.016158768624970406,-0.0001342900548920487,0.0,0.0,0.0,-0.0001342900548920487,-0.0001342900548920487,0.0001342900548920487,0.00020143508233807302
signed_hqql_tbl,mod.blocks.5.attn.h1,charged_hadron<-muon,0.01916008826458093,6.421528417955746e-05,0.00033842084230855106,-4.3826829642057416e-05,5.156226092893406e-05,-0.0002742055581289936,0.00010804211382161487,6.421528417955746e-05,0.00020131806324405428
B_tbl_minus_hqql,mod.cls_blocks.1.attn.h7,CLS<-electron,0.0036905607557855546,-0.00013356082005581507,0.0,0.0,0.0,-0.00013356082005581507,-0.00013356082005581507,0.00013356082005581507,0.00020034123008372262
B_tbl_minus_hqql,mod.cls_blocks.1.attn.h7,charged_hadron<-electron,0.0036905607557855546,-0.00013356082005581507,0.0,0.0,0.0,-0.00013356082005581507,-0.00013356082005581507,0.00013356082005581507,0.00020034123008372262
signed_hqql_tbl,mod.cls_blocks.1.attn.h7,muon<-neutral_hadron,0.0,0.0,-0.0004004147835075855,0.0,0.0,0.0004004147835075855,0.0,0.0,0.00020020739175379275
signed_hqql_tbl,mod.blocks.3.attn.h2,muon<-photon,0.024271729317578403,0.00017017755784432995,0.00011063570407434151,3.209081201237582e-05,-1.706380446973656e-05,5.954185376998844e-05,0.00013808674583195413,0.00017017755784432995,0.00019994848472932417
B_tbl_minus_hqql,mod.blocks.1.attn.h6,muon<-charged_hadron,0.016526785763827236,0.0001331652853299271,0.0,0.0,0.0,0.0001331652853299271,0.0001331652853299271,0.0001331652853299271,0.00019974792799489063
signed_hqql_tbl,mod.blocks.7.attn.h5,electron<-charged_hadron,0.024569636308833173,-0.00018264208215680954,-0.00014876725617796183,5.689411873704401e-05,-5.1680628985195654e-05,-3.387482597884772e-05,-0.00023953620089385355,0.00018264208215680954,0.0001995794951462334
signed_hqql_tbl,mod.blocks.5.attn.h4,charged_hadron<-electron,0.12439936713168495,-4.177816720728419e-05,0.0002733635591963927,-2.31978749446892e-05,1.0268463199736289e-05,-0.00031514172640367686,-1.858029226259499e-05,4.177816720728419e-05,0.00019934903040912263
B_tbl_minus_hqql,mod.blocks.5.attn.h1,electron<-charged_hadron,0.02657412306258553,-0.00013277213407778427,0.0,0.0,0.0,-0.00013277213407778427,-0.00013277213407778427,0.00013277213407778427,0.0001991582011166764
B_tbl_minus_hqql,mod.blocks.2.attn.h5,muon<-charged_hadron,0.015089307770584568,0.00013270363155187982,0.0,0.0,0.0,0.00013270363155187982,0.00013270363155187982,0.00013270363155187982,0.00019905544732781974
signed_hqql_tbl,mod.blocks.6.attn.h5,charged_hadron<-muon,0.11135850530682188,6.760879786628665e-05,0.0003300943411886692,7.11978820618242e-05,-0.00040423943863126887,-0.00026248554332238255,-3.5890841955375547e-06,6.760879786628665e-05,0.0001988515695274779
signed_hqql_tbl,mod.blocks.3.attn.h3,photon<-muon,0.010201427069577303,-4.801103866405108e-05,0.00025299096999403375,-1.4898625002907856e-06,-8.775364205705824e-06,-0.0003010020086580848,-4.6521176163760294e-05,4.801103866405108e-05,0.0001985120429930935
signed_hqql_tbl,mod.blocks.1.attn.h1,muon<-charged_hadron,0.018433769543965656,-3.3725839757332295e-05,0.0002956234927599629,-0.00013939545024186373,3.11359230159636e-05,-0.0003293493325172952,0.00010566961048453144,3.3725839757332295e-05,0.0001984005060159799
signed_hqql_tbl,mod.blocks.3.attn.h2,charged_hadron<-electron,0.030295817083434054,-3.601513852022196e-05,-0.00036060042679309846,1.3716164280542697e-05,5.779280718343216e-05,0.0003245852882728765,-4.9731302800764655e-05,3.601513852022196e-05,0.0001983077826566602
B_tbl_minus_hqql,mod.blocks.4.attn.h0,photon<-muon,0.015959270975806496,-0.0001321868145499717,0.0,0.0,0.0,-0.0001321868145499717,-0.0001321868145499717,0.0001321868145499717,0.00019828022182495755
signed_hqql_tbl,mod.blocks.3.attn.h3,photon<-electron,0.0394646351536115,-0.0001066370023181662,7.64484575483948e-05,9.68968875635515e-05,0.00010168277915542969,-0.000183085459866561,-0.0002035338898817177,0.0001066370023181662,0.0001981797322514467
signed_hqql_tbl,mod.blocks.4.attn.h6,muon<-neutral_hadron,0.02829377055168152,-2.1350631141103803e-05,-0.000374291354091838,6.105937791289762e-05,-1.540294612783802e-05,0.0003529407229507342,-8.241000905400142e-05,2.1350631141103803e-05,0.0001978209926164709
B_tbl_minus_hqql,mod.blocks.3.attn.h3,electron<-charged_hadron,0.025249088673215164,-0.00013170100589233793,0.0,0.0,0.0,-0.00013170100589233793,-0.00013170100589233793,0.00013170100589233793,0.00019755150883850689
B_tbl_minus_hqql,mod.blocks.2.attn.h6,charged_hadron<-muon,0.018478299632216946,0.00013135044807285973,0.0,0.0,0.0,0.00013135044807285973,0.00013135044807285973,0.00013135044807285973,0.0001970256721092896
signed_hqql_tbl,mod.blocks.0.attn.h6,muon<-neutral_hadron,0.020608867704868316,-0.0001160183921456337,4.586825889418833e-05,-2.2629043087363243e-05,-9.328562358830268e-06,-0.00016188665103982202,-9.338934905827046e-05,0.0001160183921456337,0.00019696171766554472
B_tbl_minus_hqql,mod.blocks.5.attn.h4,photon<-electron,0.16546141107877096,-0.00013128955809709925,0.0,0.0,0.0,-0.00013128955809709925,-0.00013128955809709925,0.00013128955809709925,0.00019693433714564886
signed_hqql_tbl,mod.blocks.3.attn.h5,muon<-charged_hadron,0.01523936517310865,0.00018863385599670988,0.00020472811302170159,0.00013036906020715832,0.00012275992320424104,-1.6094257024991702e-05,5.826479578955156e-05,0.00018863385599670988,0.00019668098450920573
B_tbl_minus_hqql,mod.cls_blocks.1.attn.h3,photon<-charged_hadron,0.019972210992937504,-0.00013110611547270545,0.0,0.0,0.0,-0.00013110611547270545,-0.00013110611547270545,0.00013110611547270545,0.00019665917320905817
B_tbl_minus_hqql,mod.blocks.2.attn.h2,muon<-photon,0.0181820500980724,0.00013107361949302933,0.0,0.0,0.0,0.00013107361949302933,0.00013107361949302933,0.00013107361949302933,0.00019661042923954398
signed_hqql_tbl,mod.blocks.6.attn.h5,electron<-photon,0.020767290890216828,6.390322038593391e-05,-0.00020038004186062608,-8.449665074294899e-05,-8.726106992886438e-05,0.00026428326224656,0.0001483998711288829,6.390322038593391e-05,0.00019604485150921392
B_tbl_minus_hqql,mod.blocks.6.attn.h1,photon<-muon,0.04632099650122903,-0.00013031646482307804,0.0,0.0,0.0,-0.00013031646482307804,-0.00013031646482307804,0.00013031646482307804,0.00019547469723461705
B_tbl_minus_hqql,mod.blocks.5.attn.h5,photon<-electron,0.08623731831709544,0.00013021087603798758,0.0,0.0,0.0,0.00013021087603798758,0.00013021087603798758,0.00013021087603798758,0.0001953163140569814
B_tbl_minus_hqql,mod.blocks.4.attn.h5,electron<-charged_hadron,0.026811103679631885,-0.00013001246904758247,0.0,0.0,0.0,-0.00013001246904758247,-0.00013001246904758247,0.00013001246904758247,0.00019501870357137372
B_tbl_minus_hqql,mod.cls_blocks.1.attn.h1,photon<-charged_hadron,0.01399310289517693,-0.00012991969655875278,0.0,0.0,0.0,-0.00012991969655875278,-0.00012991969655875278,0.00012991969655875278,0.00019487954483812916
signed_hqql_tbl,mod.blocks.2.attn.h6,electron<-photon,0.010528901467720668,7.593057816848158e-05,-0.00016157200142125866,-0.00011977136812544944,0.00014751328249135382,0.00023750257958974025,0.00019570194629393102,7.593057816848158e-05,0.0001946818679633517
signed_hqql_tbl,mod.cls_blocks.0.attn.h6,muon<-photon,0.0,0.0,0.0003886564634740353,0.0,0.0,-0.0003886564634740353,0.0,0.0,0.00019432823173701764
signed_hqql_tbl,mod.blocks.0.attn.h5,charged_hadron<-muon,0.01228491465250651,-1.339302098406761e-05,-0.0003749844850972295,-7.185538997873664e-05,7.589577124959014e-05,0.0003615914641131619,5.8462368994669025e-05,1.339302098406761e-05,0.00019418875304064856
B_tbl_minus_hqql,mod.cls_blocks.0.attn.h7,CLS<-charged_hadron,0.019908163218463594,0.00012943838056645945,0.0,0.0,0.0,0.00012943838056645945,0.00012943838056645945,0.00012943838056645945,0.00019415757084968917
signed_hqql_tbl,mod.blocks.2.attn.h7,photon<-electron,0.030666601657867432,-0.00016995502567927664,-0.00012210864900095788,5.622581764847772e-05,4.99642503980015e-06,-4.784637667831876e-05,-0.00022618084332775434,0.00016995502567927664,0.00019387821401843603
signed_hqql_tbl,mod.blocks.1.attn.h4,neutral_hadron<-electron,0.020818352699279785,7.101520448206709e-06,0.00038007595139788464,3.644595795776695e-05,2.8587225824594497e-05,-0.00037297443094967794,-2.9344437509560243e-05,7.101520448206709e-06,0.0001935887359230457
B_tbl_minus_hqql,mod.cls_blocks.1.attn.h4,CLS<-photon,0.014156361035358493,-0.000128860135299106,0.0,0.0,0.0,-0.000128860135299106,-0.000128860135299106,0.000128860135299106,0.000193290202948659
B_tbl_minus_hqql,mod.blocks.3.attn.h6,electron<-charged_hadron,0.02994018400970258,0.0001286767288356235,0.0,0.0,0.0,0.0001286767288356235,0.0001286767288356235,0.0001286767288356235,0.00019301509325343527
B_tbl_minus_hqql,mod.cls_blocks.1.attn.h3,neutral_hadron<-neutral_hadron,0.009860322677663394,-0.00012836541697782065,0.0,0.0,0.0,-0.00012836541697782065,-0.00012836541697782065,0.00012836541697782065,0.00019254812546673099
B_tbl_minus_hqql,mod.blocks.5.attn.h7,photon<-electron,0.09102077881495158,-0.00012823818736554433,0.0,0.0,0.0,-0.00012823818736554433,-0.00012823818736554433,0.00012823818736554433,0.0001923572810483165
B_tbl_minus_hqql,mod.blocks.4.attn.h2,neutral_hadron<-electron,0.05442473739675244,-0.00012749531808049346,0.0,0.0,0.0,-0.00012749531808049346,-0.00012749531808049346,0.00012749531808049346,0.0001912429771207402
signed_hqql_tbl,mod.blocks.3.attn.h1,photon<-muon,0.010258091444318945,7.87557457277382e-06,0.00037403131584421947,-8.250667070526452e-05,5.49226528424437e-05,-0.00036615574127144565,9.038224527803833e-05,7.87557457277382e-06,0.00019095344520849664
signed_hqql_tbl,mod.blocks.1.attn.h6,neutral_hadron<-electron,0.02632919259261913,1.747000253369781e-05,-0.00032925423113283614,2.666601532837376e-05,-0.00013494974603721251,0.00034672423366653395,-9.196012794675951e-06,1.747000253369781e-05,0.0001908321193669648
B_tbl_minus_hqql,mod.cls_blocks.0.attn.h1,neutral_hadron<-charged_hadron,0.017013213744288998,-0.0001269223560628138,0.0,0.0,0.0,-0.0001269223560628138,-0.0001269223560628138,0.0001269223560628138,0.0001903835340942207
signed_hqql_tbl,mod.blocks.7.attn.h5,muon<-photon,0.02513123642314564,-0.00013677812901071528,-3.071638897941179e-05,0.00012298946135810444,-7.576518737550941e-05,-0.00010606174003130348,-0.00025976759036881974,0.00013677812901071528,0.00018980899902636703
signed_hqql_tbl,mod.blocks.1.attn.h1,charged_hadron<-muon,0.013260680617708149,7.699250779820211e-07,0.00037737867484490076,-4.5655411668121815e-05,0.00011432797766181203,-0.00037660874976691875,4.642533674610384e-05,7.699250779820211e-07,0.0001890742999614414
B_tbl_minus_hqql,mod.blocks.0.attn.h3,muon<-photon,0.010617083446546034,-0.00012576526073230937,0.0,0.0,0.0,-0.00012576526073230937,-0.00012576526073230937,0.00012576526073230937,0.00018864789109846407
B_tbl_minus_hqql,mod.blocks.1.attn.h4,electron<-photon,0.01846132179101308,0.0001251390475469331,0.0,0.0,0.0,0.0001251390475469331,0.0001251390475469331,0.0001251390475469331,0.00018770857132039965
B_tbl_minus_hqql,mod.blocks.7.attn.h3,muon<-charged_hadron,0.029433864535707416,0.00012490311355301827,0.0,0.0,0.0,0.00012490311355301827,0.00012490311355301827,0.00012490311355301827,0.0001873546703295274
signed_hqql_tbl,mod.cls_blocks.0.attn.h5,CLS<-CLS,0.0006686292472295463,7.972939329192741e-05,0.0002943606327789894,0.0,0.0,-0.00021463123948706198,7.972939329192741e-05,7.972939329192741e-05,0.0001870450130354584
B_tbl_minus_hqql,mod.blocks.0.attn.h0,muon<-neutral_hadron,0.01319456398487091,0.00012468551285564898,0.0,0.0,0.0,0.00012468551285564898,0.00012468551285564898,0.00012468551285564898,0.00018702826928347348
B_tbl_minus_hqql,mod.blocks.2.attn.h3,electron<-charged_hadron,0.025701769872715597,-0.00012463795964753158,0.0,0.0,0.0,-0.00012463795964753158,-0.00012463795964753158,0.00012463795964753158,0.00018695693947129736
signed_hqql_tbl,mod.cls_blocks.1.attn.h1,CLS<-muon,0.006157795432955027,-8.976618846645579e-05,0.00010077483966597356,-0.00014089226897340268,-5.856942129867093e-05,-0.00019054102813242935,5.112608050694689e-05,8.976618846645579e-05,0.00018503670253267046
B_tbl_minus_hqql,mod.blocks.1.attn.h6,electron<-photon,0.012114082276821137,0.00012324774676623443,0.0,0.0,0.0,0.00012324774676623443,0.00012324774676623443,0.00012324774676623443,0.00018487162014935166
signed_hqql_tbl,mod.blocks.4.attn.h1,charged_hadron<-electron,0.08192975270120721,5.8219020598028836e-05,-0.0001945050060749054,3.936953324792457e-05,5.442300067670658e-05,0.0002527240266729342,1.8849487350104264e-05,5.8219020598028836e-05,0.00018458103393449596
signed_hqql_tbl,mod.blocks.4.attn.h7,muon<-photon,0.012570562687787142,-1.2595738305456258e-05,0.00033085670572920487,8.096759917125815e-05,1.3013364098566984e-05,-0.00034345244403466115,-9.356333747671442e-05,1.2595738305456258e-05,0.00018432196032278683
signed_hqql_tbl,mod.blocks.5.attn.h4,charged_hadron<-muon,0.019511593110633618,-2.321513337929818e-06,0.00036131242911020914,-0.0005622272845357656,0.00013451567091502203,-0.000363633942448139,0.0005599057711978358,2.321513337929818e-06,0.0001841384845619993
signed_hqql_tbl,mod.blocks.0.attn.h5,muon<-photon,0.02233764800158414,0.00011266690721227364,-3.018464765493543e-05,-0.00010200477914795989,3.8099347615830735e-05,0.00014285155486720908,0.00021467168636023353,0.00011266690721227364,0.0001840926846458782
signed_hqql_tbl,mod.blocks.1.attn.h3,muon<-charged_hadron,0.01691157528848359,0.00011203211562877351,-3.190671559423208e-05,-1.1811408330686391e-05,-1.1563923838267843e-05,0.0001439388312230056,0.0001238435239594599,0.00011203211562877351,0.0001840015312402763
signed_hqql_tbl,mod.blocks.5.attn.h4,electron<-photon,0.018012131750583648,-8.358530467376113e-05,0.00011696221294446982,-3.9635098703781425e-05,2.2361252128823914e-05,-0.00020054751761823097,-4.395020596997971e-05,8.358530467376113e-05,0.00018385906348287662
signed_hqql_tbl,mod.blocks.4.attn.h0,photon<-muon,0.015959270975806496,-0.0001321868145499717,-2.8918958448160152e-05,1.93681542961193e-05,-8.283111778187699e-06,-0.00010326785610181155,-0.000151554968846091,0.0001321868145499717,0.00018382074260087748
B_tbl_minus_hqql,mod.blocks.0.attn.h6,photon<-electron,0.031334703167279564,-0.00012252450299759705,0.0,0.0,0.0,-0.00012252450299759705,-0.00012252450299759705,0.00012252450299759705,0.00018378675449639556
signed_hqql_tbl,mod.blocks.1.attn.h7,electron<-neutral_hadron,0.016598531833061807,-1.6493324297838488e-05,0.00031748378205520567,3.881927288603038e-05,3.588170026584218e-05,-0.00033397710635304416,-5.5312597183868865e-05,1.6493324297838488e-05,0.00018348187747436057
B_tbl_minus_hqql,mod.blocks.3.attn.h6,muon<-muon,0.012612485326826572,0.0001223102444782853,0.0,0.0,0.0,0.0001223102444782853,0.0001223102444782853,0.0001223102444782853,0.00018346536671742797
signed_hqql_tbl,mod.blocks.3.attn.h6,muon<-muon,0.012612485326826572,0.0001223102444782853,4.094372396679091e-09,1.9154292374423676e-07,2.0220781247193287e-06,0.00012230615010588863,0.00012211870155454108,0.0001223102444782853,0.00018346331953122963
signed_hqql_tbl,mod.cls_blocks.1.attn.h7,charged_hadron<-CLS,0.0004456927708815783,-6.897322691656882e-06,-0.0003568906775197118,0.0,0.0,0.0003499933548280549,-6.897322691656882e-06,6.897322691656882e-06,0.00018189400010568433
signed_hqql_tbl,mod.blocks.1.attn.h0,charged_hadron<-muon,0.03522975517041756,0.00012098300750508453,-5.445055042703946e-07,-0.00046645905822515486,0.00013375482437795545,0.00012152751300935493,0.0005874420657302394,0.00012098300750508453,0.000181746764009762
signed_hqql_tbl,mod.blocks.6.attn.h3,photon<-electron,0.3125573396682739,-4.4146436266601086e-05,0.00023067690459096672,-4.849717099984575e-05,9.770855415678983e-06,-0.0002748233408575678,4.350734733244667e-06,4.4146436266601086e-05,0.000181558106695385
signed_hqql_tbl,mod.blocks.2.attn.h0,photon<-electron,0.04151144127051035,0.00011714780606174221,-1.1552505904026994e-05,3.6812408195276346e-05,8.349348911894606e-05,0.0001287003119657692,8.033539786646586e-05,0.00011714780606174221,0.00018149796204462682
B_tbl_minus_hqql,mod.blocks.1.attn.h0,charged_hadron<-muon,0.03522975517041756,0.00012098300750508453,0.0,0.0,0.0,0.00012098300750508453,0.00012098300750508453,0.00012098300750508453,0.0001814745112576268
B_tbl_minus_hqql,mod.blocks.1.attn.h2,electron<-charged_hadron,0.023185988790110537,-0.00012074760774052457,0.0,0.0,0.0,-0.00012074760774052457,-0.00012074760774052457,0.00012074760774052457,0.00018112141161078687
B_tbl_minus_hqql,mod.cls_blocks.0.attn.h7,photon<-charged_hadron,0.018997450885565384,-0.00012073948291008887,0.0,0.0,0.0,-0.00012073948291008887,-0.00012073948291008887,0.00012073948291008887,0.0001811092243651333
signed_hqql_tbl,mod.blocks.3.attn.h7,charged_hadron<-electron,0.1712204751215483,9.863596336033784e-05,0.0002634468771672497,-2.0167689158945163e-05,0.0003141902016068343,-0.00016481091380691188,0.000118803652519283,9.863596336033784e-05,0.00018104142026379377
B_tbl_minus_hqql,mod.blocks.2.attn.h0,muon<-photon,0.01967885142022913,0.00012057048099284822,0.0,0.0,0.0,0.00012057048099284822,0.00012057048099284822,0.00012057048099284822,0.00018085572148927233
signed_hqql_tbl,mod.blocks.1.attn.h3,muon<-photon,0.01719798825003884,-0.0001547879497097297,-0.00010436021078091401,1.6790631759379592e-05,9.954098849058417e-05,-5.042773892881569e-05,-0.0001715785814691093,0.0001547879497097297,0.00018000181917413754
B_tbl_minus_hqql,mod.blocks.2.attn.h5,photon<-muon,0.01940236579288136,0.00011998989661647515,0.0,0.0,0.0,0.00011998989661647515,0.00011998989661647515,0.00011998989661647515,0.00017998484492471272
signed_hqql_tbl,mod.blocks.0.attn.h0,electron<-charged_hadron,0.017452599186646312,-5.483409385258136e-05,0.00019508250484553478,-5.5381353816081736e-05,3.049014475209333e-05,-0.00024991659869811613,5.472599635003792e-07,5.483409385258136e-05,0.00017979239320163942
signed_hqql_tbl,mod.blocks.6.attn.h6,muon<-charged_hadron,0.012851486603418985,-1.336840708090952e-05,-0.00034417126638193923,1.0550431034062057e-05,-0.00030226255935358713,0.0003308028593010297,-2.391883811497158e-05,1.336840708090952e-05,0.00017876983673142436
signed_hqql_tbl,mod.blocks.0.attn.h2,charged_hadron<-electron,0.037394570284768155,7.607570487858826e-05,-0.000128559871421506,-1.636569002835915e-05,-2.6591848609314184e-05,0.00020463557630009428,9.244139490694741e-05,7.607570487858826e-05,0.00017839349302863539
signed_hqql_tbl,mod.blocks.2.attn.h1,muon<-charged_hadron,0.017553334886377506,-3.286002020379811e-05,0.00025771961469824115,7.641006959602237e-05,1.2274105690913387e-06,-0.00029057963490203927,-0.00010927008979982048,3.286002020379811e-05,0.00017814983765481775
B_tbl_minus_hqql,mod.blocks.2.attn.h4,muon<-muon,0.011558149941265583,0.00011750088742701337,0.0,0.0,0.0,0.00011750088742701337,0.00011750088742701337,0.00011750088742701337,0.00017625133114052005
signed_hqql_tbl,mod.blocks.2.attn.h1,photon<-muon,0.017507661472667347,2.849751035682857e-05,0.0003238662253492154,-1.9864216613184127e-06,0.00010865609770657361,-0.0002953687149923868,3.0483932018146982e-05,2.849751035682857e-05,0.00017618186785302198
B_tbl_minus_hqql,mod.blocks.6.attn.h7,photon<-electron,0.05321844120820363,-0.0001172594170687565,0.0,0.0,0.0,-0.0001172594170687565,-0.0001172594170687565,0.0001172594170687565,0.00017588912560313475
B_tbl_minus_hqql,mod.blocks.2.attn.h0,photon<-electron,0.04151143232981364,0.00011714780630427413,0.0,0.0,0.0,0.00011714780630427413,0.00011714780630427413,0.00011714780630427413,0.0001757217094564112
signed_hqql_tbl,mod.blocks.0.attn.h2,photon<-muon,0.02873636104843833,6.527315020899881e-05,-0.0001553205388168303,-0.0001574781545925708,0.00010079625384865462,0.00022059368902582912,0.0002227513048015696,6.527315020899881e-05,0.00017556999472191339
B_tbl_minus_hqql,mod.cls_blocks.1.attn.h3,photon<-neutral_hadron,0.029127192373077076,-0.00011662473843898624,0.0,0.0,0.0,-0.00011662473843898624,-0.00011662473843898624,0.00011662473843898624,0.00017493710765847936
signed_hqql_tbl,mod.blocks.2.attn.h1,electron<-charged_hadron,0.025656379367175856,-9.47108565014787e-05,6.546038707407813e-05,-4.224051004168631e-06,2.9897381864429917e-05,-0.00016017124357555683,-9.048680549731007e-05,9.47108565014787e-05,0.00017479647828925712
B_tbl_minus_hqql,mod.blocks.2.attn.h5,charged_hadron<-electron,0.037852197885513306,-0.00011639529532801949,0.0,0.0,0.0,-0.00011639529532801949,-0.00011639529532801949,0.00011639529532801949,0.00017459294299202924
B_tbl_minus_hqql,mod.blocks.3.attn.h2,charged_hadron<-muon,0.05003317919644443,0.00011637932479833111,0.0,0.0,0.0,0.00011637932479833111,0.00011637932479833111,0.00011637932479833111,0.00017456898719749665
signed_hqql_tbl,mod.blocks.7.attn.h4,charged_hadron<-muon,0.0003170719031583179,1.4829155395890473e-07,-0.00034780523468119404,-3.120430119452067e-06,5.9765333422678465e-05,0.00034795352623515297,3.268721673410972e-06,1.4829155395890473e-07,0.00017412505467153538
B_tbl_minus_hqql,mod.blocks.0.attn.h6,muon<-neutral_hadron,0.020608867704868316,-0.0001160183921456337,0.0,0.0,0.0,-0.0001160183921456337,-0.0001160183921456337,0.0001160183921456337,0.00017402758821845056
signed_hqql_tbl,mod.blocks.7.attn.h0,charged_hadron<-electron,0.06872269197514183,-0.00015743615796581204,-0.00012483052113869538,-6.731929011300378e-05,-1.3469129953591619e-06,-3.260563682711665e-05,-9.011686785280826e-05,0.00015743615796581204,0.00017373897637937036
B_tbl_minus_hqql,mod.cls_blocks.1.attn.h0,CLS<-charged_hadron,0.020826569697470123,0.0001153921832208754,0.0,0.0,0.0,0.0001153921832208754,0.0001153921832208754,0.0001153921832208754,0.0001730882748313131
signed_hqql_tbl,mod.blocks.0.attn.h7,muon<-photon,0.01921754398129203,-5.6345396759835154e-05,0.00017704007153112727,-4.297735757150111e-05,6.504507681321619e-05,-0.00023338546829096242,-1.3368039188334047e-05,5.6345396759835154e-05,0.00017303813090531635
signed_hqql_tbl,mod.blocks.5.attn.h2,muon<-photon,0.016426319425756283,-3.525257555090568e-05,-0.0003106090589426458,1.2245320249348879e-05,-1.6823722554753268e-05,0.0002753564833917401,-4.749789580025456e-05,3.525257555090568e-05,0.00017293081724677572
signed_hqql_tbl,mod.blocks.7.attn.h0,electron<-neutral_hadron,0.0072969845854319055,-8.819781886324144e-05,8.124293981381925e-05,-5.6463594892193216e-05,1.6159139947073223e-05,-0.00016944075867706069,-3.173422397104822e-05,8.819781886324144e-05,0.00017291819820177177
signed_hqql_tbl,mod.blocks.6.attn.h5,photon<-muon,0.07454412091862071,-4.8385176341980696e-05,0.0001994311549844077,0.00019234962140520415,-6.389684650847422e-05,-0.0002478163313263884,-0.00024073479774718484,4.8385176341980696e-05,0.0001722933420051749
B_tbl_minus_hqql,mod.blocks.0.attn.h1,electron<-charged_hadron,0.02356392772574174,-0.00011434157740471787,0.0,0.0,0.0,-0.00011434157740471787,-0.00011434157740471787,0.00011434157740471787,0.0001715123661070768
B_tbl_minus_hqql,mod.blocks.5.attn.h0,muon<-charged_hadron,0.01872128067594586,-0.00011415358378805898,0.0,0.0,0.0,-0.00011415358378805898,-0.00011415358378805898,0.00011415358378805898,0.00017123037568208846
B_tbl_minus_hqql,mod.blocks.3.attn.h3,muon<-muon,0.014562781900167465,-0.00011411267041694373,0.0,0.0,0.0,-0.00011411267041694373,-0.00011411267041694373,0.00011411267041694373,0.0001711690056254156
signed_hqql_tbl,mod.blocks.4.attn.h2,charged_hadron<-muon,0.03787024093396736,6.629854694686152e-05,-0.00014305361546576023,-7.67444507800974e-06,-0.0002719434735600848,0.00020935216241262176,7.397299202487126e-05,6.629854694686152e-05,0.0001709746281531724
signed_hqql_tbl,mod.blocks.1.attn.h5,photon<-muon,0.02737350897355513,9.644046341153708e-05,-5.206766833837789e-05,-0.0007269947035681634,2.9025964587552672e-05,0.00014850813174991496,0.0008234351669797004,9.644046341153708e-05,0.00017069452928649456
signed_hqql_tbl,mod.blocks.4.attn.h6,muon<-charged_hadron,0.014239540605834036,3.4424836154688485e-05,-0.00023718131706118584,4.4810352846980095e-05,9.930374925529741e-05,0.0002716061532158743,-1.038551669229161e-05,3.4424836154688485e-05,0.00017022791276262564
signed_hqql_tbl,mod.blocks.5.attn.h1,photon<-muon,0.013256361538713629,-8.700611942913383e-06,0.00031433651187958626,-3.459040696422259e-05,5.980093114236037e-05,-0.00032303712382249965,2.5889795021309205e-05,8.700611942913383e-06,0.0001702191738541632
B_tbl_minus_hqql,mod.blocks.3.attn.h7,neutral_hadron<-muon,0.02564835250377655,-0.00011315711308270692,0.0,0.0,0.0,-0.00011315711308270692,-0.00011315711308270692,0.00011315711308270692,0.00016973566962406037
signed_hqql_tbl,mod.blocks.4.attn.h0,neutral_hadron<-muon,0.019022126495838166,5.4446968715637925e-05,0.00028493846116361965,-0.00016470642003696412,-0.0002024264610119407,-0.00023049149244798174,0.00021915338875260203,5.4446968715637925e-05,0.0001696927149396288
signed_hqql_tbl,mod.blocks.5.attn.h7,muon<-charged_hadron,0.029077331225077312,7.448596597620936e-05,0.00026446764726036537,0.00018149231327697636,0.00011187132815437683,-0.00018998168128415603,-0.000107006347300767,7.448596597620936e-05,0.00016947680661828736
signed_hqql_tbl,mod.blocks.4.attn.h0,electron<-electron,0.002357196082205822,-0.00010240048747315693,3.1341543561325125e-05,-1.7073220632823904e-06,1.3881323879451976e-05,-0.00013374203103448207,-0.00010069316540987454,0.00010240048747315693,0.00016927150299039795
B_tbl_minus_hqql,mod.blocks.0.attn.h5,muon<-photon,0.02233764800158414,0.00011266690721227364,0.0,0.0,0.0,0.00011266690721227364,0.00011266690721227364,0.00011266690721227364,0.00016900036081841046
signed_hqql_tbl,mod.blocks.0.attn.h2,electron<-photon,0.018561182916164397,0.00014007123148379225,8.37629652648632e-05,-5.448231864387968e-05,-1.9754091120482264e-05,5.630826621892905e-05,0.00019455355012767194,0.00014007123148379225,0.00016822536459325677
signed_hqql_tbl,mod.blocks.3.attn.h4,photon<-muon,0.0031009641560641203,1.1142971660857173e-05,0.0003250074923226538,5.668974370651302e-06,-2.171315346848652e-05,-0.0003138645206617966,5.473997290205871e-06,1.1142971660857173e-05,0.00016807523199175548
B_tbl_minus_hqql,mod.blocks.1.attn.h3,muon<-charged_hadron,0.01691157528848359,0.00011203211562877351,0.0,0.0,0.0,0.00011203211562877351,0.00011203211562877351,0.00011203211562877351,0.00016804817344316027
signed_hqql_tbl,mod.blocks.3.attn.h7,neutral_hadron<-electron,0.15955003179036653,-4.899100027754545e-05,0.00018857448958442546,1.619357499293983e-05,-1.4933672112723191e-05,-0.0002375654898619709,-6.518457527048528e-05,4.899100027754545e-05,0.00016777374520853092
signed_hqql_tbl,mod.blocks.0.attn.h4,photon<-muon,0.007761177014220844,1.3256244446066292e-05,-0.00029508923650540126,3.225760745062005e-05,-1.3427070630963758e-05,0.0003083454809514676,-1.900136300455376e-05,1.3256244446066292e-05,0.00016742898492180008
signed_hqql_tbl,mod.blocks.4.attn.h4,muon<-neutral_hadron,0.014275239408016204,-6.125395302660763e-05,0.0001508959244347352,-4.332252501626499e-05,7.03617839739625e-05,-0.00021214987746134283,-1.7931428010342637e-05,6.125395302660763e-05,0.00016732889175727903
signed_hqql_tbl,mod.blocks.5.attn.h2,electron<-neutral_hadron,0.0075314302287621945,7.933270141791127e-05,-9.57526054961022e-05,1.7466908029746265e-05,-3.571966802458822e-05,0.00017508530691401347,6.1865793388165e-05,7.933270141791127e-05,0.000166875354874918
signed_hqql_tbl,mod.blocks.3.attn.h1,muon<-charged_hadron,0.02050368171749693,-3.1222384705236465e-05,0.00023952898724625507,0.00019785873591899873,-0.0001587897635742472,-0.00027075137195149154,-0.0002290811206242352,3.1222384705236465e-05,0.00016659807068098223
signed_hqql_tbl,mod.blocks.4.attn.h0,electron<-neutral_hadron,0.01150345429778099,0.00015994631730091685,0.0001477902009128229,2.176588022848591e-06,3.522552530436466e-05,1.2156116388093943e-05,0.00015776972927806826,0.00015994631730091685,0.0001660243754949638
signed_hqql_tbl,mod.blocks.0.attn.h7,electron<-neutral_hadron,0.03148900316311763,-4.820802356474675e-05,0.00018602261479827575,2.5877709267660974e-05,0.00013061523689733196,-0.0002342306383630225,-7.408573283240772e-05,4.820802356474675e-05,0.00016532334274625801
B_tbl_minus_hqql,mod.blocks.2.attn.h6,charged_hadron<-electron,0.025095564754385697,0.00011020442271776694,0.0,0.0,0.0,0.00011020442271776694,0.00011020442271776694,0.00011020442271776694,0.0001653066340766504
B_tbl_minus_hqql,mod.blocks.6.attn.h5,neutral_hadron<-muon,0.16157107353210448,0.00010996985947713256,0.0,0.0,0.0,0.00010996985947713256,0.00010996985947713256,0.00010996985947713256,0.00016495478921569885
signed_hqql_tbl,mod.blocks.2.attn.h6,charged_hadron<-electron,0.025095563185842412,0.00011020438518914346,0.00021950437997778256,-6.980961966448752e-05,-6.492254033219069e-05,-0.0001092999947886391,0.000180014004853631,0.00011020438518914346,0.00016485438258346302
B_tbl_minus_hqql,mod.cls_blocks.0.attn.h7,CLS<-muon,0.025019511580467224,-0.00010979737271554768,0.0,0.0,0.0,-0.00010979737271554768,-0.00010979737271554768,0.00010979737271554768,0.00016469605907332152
B_tbl_minus_hqql,mod.cls_blocks.0.attn.h7,charged_hadron<-muon,0.025019511580467224,-0.00010979737271554768,0.0,0.0,0.0,-0.00010979737271554768,-0.00010979737271554768,0.00010979737271554768,0.00016469605907332152
signed_hqql_tbl,mod.blocks.4.attn.h5,muon<-charged_hadron,0.01675852501031124,1.773801561670773e-05,-0.000276006405086567,0.00011711989063769578,-2.2377156798379967e-05,0.00029374442070327476,-9.938187502098806e-05,1.773801561670773e-05,0.00016461022596834512
B_tbl_minus_hqql,mod.cls_blocks.1.attn.h1,CLS<-electron,0.009837128454819322,-0.00010940157638591093,0.0,0.0,0.0,-0.00010940157638591093,-0.00010940157638591093,0.00010940157638591093,0.0001641023645788664
B_tbl_minus_hqql,mod.cls_blocks.1.attn.h1,charged_hadron<-electron,0.009837128454819322,-0.00010940157638591093,0.0,0.0,0.0,-0.00010940157638591093,-0.00010940157638591093,0.00010940157638591093,0.0001641023645788664
signed_hqql_tbl,mod.blocks.0.attn.h3,muon<-photon,0.010617083446546034,-0.00012576526073230937,-4.936004272447182e-05,-0.00022709294266643978,0.00011089907379105821,-7.640521800783754e-05,0.00010132768193413041,0.00012576526073230937,0.00016396786973622813
B_tbl_minus_hqql,mod.blocks.3.attn.h1,electron<-photon,0.017147347331047058,-0.00010905059073896458,0.0,0.0,0.0,-0.00010905059073896458,-0.00010905059073896458,0.00010905059073896458,0.00016357588610844688
signed_hqql_tbl,mod.blocks.1.attn.h5,charged_hadron<-muon,0.019218777165268406,-1.28557704473761e-05,-0.00031332276218260327,-5.9049332048743966e-05,5.212407671363957e-06,0.0003004669917352272,4.6193561601367864e-05,1.28557704473761e-05,0.0001630892663149897
signed_hqql_tbl,mod.blocks.4.attn.h5,electron<-charged_hadron,0.02681110642458263,-0.00013001246292046025,-6.393426408370335e-05,0.00012647429475796292,0.0001063940035237465,-6.60781988367569e-05,-0.00025648675767842315,0.00013001246292046025,0.0001630515623388387
signed_hqql_tbl,mod.blocks.4.attn.h7,photon<-electron,0.036327775567770004,-7.712638131730879e-05,9.40536405583511e-05,7.200629131278089e-05,3.095715463179611e-05,-0.0001711800218756599,-0.00014913267263008968,7.712638131730879e-05,0.00016271639225513872
B_tbl_minus_hqql,mod.blocks.1.attn.h7,muon<-charged_hadron,0.019957974101557877,-0.00010813446009926724,0.0,0.0,0.0,-0.00010813446009926724,-0.00010813446009926724,0.00010813446009926724,0.00016220169014890087
signed_hqql_tbl,mod.blocks.0.attn.h1,muon<-photon,0.011548403989184986,-7.013762793080373e-05,0.00011387808794657198,-8.022447027975605e-05,-3.8671471494516095e-05,-0.0001840157158773757,1.008684234895232e-05,7.013762793080373e-05,0.0001621454858694916
signed_hqql_tbl,mod.blocks.7.attn.h7,electron<-photon,0.014352720354994138,-7.748692684496442e-05,9.072031856963545e-05,-3.3887227410949503e-05,1.669540024640692e-05,-0.00016820724541459985,-4.359969943401492e-05,7.748692684496442e-05,0.00016159054955226435
signed_hqql_tbl,mod.blocks.2.attn.h3,muon<-photon,0.012643789703195745,-0.00010677501135929064,2.150325319514825e-06,2.292333686325167e-05,4.423107696181562e-05,-0.00010892533667880547,-0.0001296983482225423,0.00010677501135929064,0.00016123767969869338
signed_hqql_tbl,mod.cls_blocks.1.attn.h4,charged_hadron<-CLS,6.678877252852544e-05,2.1827686680353509e-07,-0.00032086476009220003,0.0,0.0,0.00032108303695900357,2.1827686680353509e-07,2.1827686680353509e-07,0.00016075979534630532
signed_hqql_tbl,mod.blocks.4.attn.h0,muon<-neutral_hadron,0.008592644333839416,0.00010288762860000134,0.00021750111204710265,4.31606822530739e-05,-1.7489168543682393e-05,-0.00011461348344710132,5.9726946346927434e-05,0.00010288762860000134,0.000160194370323552
B_tbl_minus_hqql,mod.blocks.2.attn.h3,muon<-photon,0.012643789703195745,-0.00010677501135929064,0.0,0.0,0.0,-0.00010677501135929064,-0.00010677501135929064,0.00010677501135929064,0.00016016251703893596
B_tbl_minus_hqql,mod.blocks.1.attn.h6,charged_hadron<-electron,0.032596279916010405,0.00010668672985048033,0.0,0.0,0.0,0.00010668672985048033,0.00010668672985048033,0.00010668672985048033,0.0001600300947757205
B_tbl_minus_hqql,mod.blocks.3.attn.h3,photon<-electron,0.039464636147022246,-0.00010663702414603904,0.0,0.0,0.0,-0.00010663702414603904,-0.00010663702414603904,0.00010663702414603904,0.00015995553621905856
B_tbl_minus_hqql,mod.blocks.4.attn.h5,charged_hadron<-electron,0.03998952319747523,-0.00010658152811964483,0.0,0.0,0.0,-0.00010658152811964483,-0.00010658152811964483,0.00010658152811964483,0.00015987229217946726
signed_hqql_tbl,mod.blocks.0.attn.h1,neutral_hadron<-muon,0.018432103097438812,-8.269750978797674e-05,-0.00023541176415164955,-3.986522642662749e-05,6.279814070971359e-05,0.0001527142543636728,-4.283228336134925e-05,8.269750978797674e-05,0.00015905463696981316
signed_hqql_tbl,mod.blocks.0.attn.h6,muon<-charged_hadron,0.008425140922719782,-8.396282933200851e-05,6.610925969046851e-05,0.00015963204205036164,7.581350068191448e-06,-0.000150072089022477,-0.00024359487138237015,8.396282933200851e-05,0.00015899887384324701
B_tbl_minus_hqql,mod.blocks.3.attn.h3,muon<-photon,0.011074540289965544,0.0001059843608262864,0.0,0.0,0.0,0.0001059843608262864,0.0001059843608262864,0.0001059843608262864,0.0001589765412394296
signed_hqql_tbl,mod.blocks.4.attn.h7,electron<-photon,0.01842398146788279,-0.0001024571150386085,1.0226694160207575e-05,6.152137211756781e-05,8.956938241185112e-05,-0.00011268380919881609,-0.0001639784871561763,0.0001024571150386085,0.00015879901963801655
signed_hqql_tbl,mod.blocks.1.attn.h2,electron<-photon,0.018990475187699,5.9829344293878725e-05,0.00025566691432946494,8.924626360697272e-05,-9.603597610801845e-05,-0.0001958375700355862,-2.9416919313093997e-05,5.9829344293878725e-05,0.0001577481293116718
B_tbl_minus_hqql,mod.blocks.4.attn.h7,neutral_hadron<-muon,0.032094305753707884,-0.00010506981052458287,0.0,0.0,0.0,-0.00010506981052458287,-0.00010506981052458287,0.00010506981052458287,0.00015760471578687432
signed_hqql_tbl,mod.blocks.1.attn.h2,muon<-charged_hadron,0.018180019927747322,-7.764980987165913e-05,8.193852263502777e-05,0.0002851774450391531,-6.346906891586371e-06,-0.0001595883325066869,-0.0003628272549108122,7.764980987165913e-05,0.00015744397612500258
B_tbl_minus_hqql,mod.blocks.1.attn.h4,electron<-neutral_hadron,0.019350187709698312,0.00010434867894778457,0.0,0.0,0.0,0.00010434867894778457,0.00010434867894778457,0.00010434867894778457,0.00015652301842167685
signed_hqql_tbl,mod.blocks.2.attn.h1,charged_hadron<-electron,0.04550588640727495,-3.45456295403174e-05,0.0002086202303568522,1.1375243507925121e-05,-1.0060365184472175e-05,-0.0002431658598971696,-4.592087304824252e-05,3.45456295403174e-05,0.0001561285594889022
signed_hqql_tbl,mod.blocks.4.attn.h7,charged_hadron<-electron,0.036332178664834874,-2.1147620588492016e-05,0.00024638079572468995,-9.843782152466732e-05,4.8395772296316864e-05,-0.00026752841631318196,7.72902009361753e-05,2.1147620588492016e-05,0.00015491182874508298
signed_hqql_tbl,mod.blocks.5.attn.h7,electron<-charged_hadron,0.03130932073844107,-7.318001620373444e-05,-0.00023656242527067661,-3.315286239844629e-06,-2.4349274099222384e-06,0.00016338240906694216,-6.986472996388981e-05,7.318001620373444e-05,0.00015487122073720553
signed_hqql_tbl,mod.blocks.0.attn.h1,photon<-electron,0.03429309576749802,3.006834813277237e-05,0.0002795111317287332,-4.0932528333671924e-05,2.263628351562596e-05,-0.00024944278359596085,7.10008764664443e-05,3.006834813277237e-05,0.0001547897399307528
B_tbl_minus_hqql,mod.blocks.3.attn.h3,muon<-charged_hadron,0.02036436940684463,-0.00010310590380068982,0.0,0.0,0.0,-0.00010310590380068982,-0.00010310590380068982,0.00010310590380068982,0.00015465885570103472
B_tbl_minus_hqql,mod.blocks.5.attn.h0,electron<-charged_hadron,0.01670980120175763,-0.00010310579550844666,0.0,0.0,0.0,-0.00010310579550844666,-0.00010310579550844666,0.00010310579550844666,0.00015465869326267
signed_hqql_tbl,mod.cls_blocks.1.attn.h7,CLS<-CLS,0.001272119537134131,-2.0618972399688573e-05,-0.000288494896963698,0.0,0.0,0.00026787592456400944,-2.0618972399688573e-05,2.0618972399688573e-05,0.0001545569346816933
B_tbl_minus_hqql,mod.blocks.4.attn.h0,muon<-neutral_hadron,0.008592644333839416,0.00010288762860000134,0.0,0.0,0.0,0.00010288762860000134,0.00010288762860000134,0.00010288762860000134,0.000154331442900002
signed_hqql_tbl,mod.blocks.6.attn.h7,muon<-photon,0.006827424195679751,-2.2536553759974513e-05,0.00024090559544185034,9.294284696114205e-06,0.00019572458794365439,-0.00026344214920182485,-3.1830838456088717e-05,2.2536553759974513e-05,0.00015425762836088693
signed_hqql_tbl,mod.blocks.5.attn.h5,photon<-muon,0.011289392682639036,4.922086372971535e-05,-0.0001598165612309598,0.00030363151537520546,-8.501901798548975e-05,0.00020903742496067515,-0.0002544106516454901,4.922086372971535e-05,0.00015373957621005294
B_tbl_minus_hqql,mod.blocks.4.attn.h7,electron<-photon,0.018423981964588165,-0.0001024571150386085,0.0,0.0,0.0,-0.0001024571150386085,-0.0001024571150386085,0.0001024571150386085,0.00015368567255791277
signed_hqql_tbl,mod.blocks.6.attn.h6,charged_hadron<-muon,0.023105866981275154,4.0084310581512525e-05,-0.00018709894890586536,-0.0007593518123030663,0.0001554794257846156,0.00022718325948737787,0.0007994361228845789,4.0084310581512525e-05,0.00015367594032520147
signed_hqql_tbl,mod.blocks.1.attn.h1,muon<-neutral_hadron,0.015407717227935791,2.3404558305628598e-05,-0.00023704528939560987,-3.349559847265482e-05,-0.0002176874296982651,0.00026044984770123847,5.690015677828342e-05,2.3404558305628598e-05,0.00015362948215624783
B_tbl_minus_hqql,mod.blocks.4.attn.h0,electron<-electron,0.0023571995940680304,-0.00010240062086571318,0.0,0.0,0.0,-0.00010240062086571318,-0.00010240062086571318,0.00010240062086571318,0.00015360093129856978
signed_hqql_tbl,mod.blocks.2.attn.h5,charged_hadron<-electron,0.037852192395611814,-0.00011639519423050315,-4.2124590836465357e-05,-4.5435873111817e-06,-0.0002971230233015376,-7.42706033940378e-05,-0.00011185160691932145,0.00011639519423050315,0.00015353049592752206
signed_hqql_tbl,mod.blocks.0.attn.h6,neutral_hadron<-muon,0.007535239309072494,7.101446972228587e-05,0.00023569868062622845,-0.0006158303585834801,4.1464756359519214e-05,-0.0001646842109039426,0.000686844828305766,7.101446972228587e-05,0.00015335657517425718
signed_hqql_tbl,mod.blocks.0.attn.h0,charged_hadron<-electron,0.03860160394718772,3.943654193886017e-05,-0.0001876512815942988,-7.226437914998795e-05,-0.00019747949829707068,0.00022708782353315896,0.00011170092108884812,3.943654193886017e-05,0.00015298045370543963
B_tbl_minus_hqql,mod.cls_blocks.0.attn.h5,neutral_hadron<-charged_hadron,0.018330861471201245,-0.00010187680048770027,0.0,0.0,0.0,-0.00010187680048770027,-0.00010187680048770027,0.00010187680048770027,0.0001528152007315504
B_tbl_minus_hqql,mod.blocks.5.attn.h3,electron<-neutral_hadron,0.022855715109751776,0.00010177239668197357,0.0,0.0,0.0,0.00010177239668197357,0.00010177239668197357,0.00010177239668197357,0.00015265859502296033
B_tbl_minus_hqql,mod.blocks.1.attn.h2,muon<-photon,0.015787023034962742,0.00010117041793736544,0.0,0.0,0.0,0.00010117041793736544,0.00010117041793736544,0.00010117041793736544,0.00015175562690604818
signed_hqql_tbl,mod.cls_blocks.0.attn.h5,neutral_hadron<-CLS,0.0006367652385961264,2.667920671228785e-05,0.00027677524485625327,0.0,0.0,-0.0002500960381439654,2.667920671228785e-05,2.667920671228785e-05,0.00015172722578427056
signed_hqql_tbl,mod.blocks.7.attn.h2,electron<-charged_hadron,0.01952326807536577,8.511864028773026e-05,-4.787796642631292e-05,5.8276430254095585e-05,2.3338350615631498e-05,0.00013299660671404318,2.6842210033634675e-05,8.511864028773026e-05,0.00015161694364475184
B_tbl_minus_hqql,mod.blocks.2.attn.h6,muon<-photon,0.011506538499485363,-0.00010098433333703063,0.0,0.0,0.0,-0.00010098433333703063,-0.00010098433333703063,0.00010098433333703063,0.00015147650000554594
B_tbl_minus_hqql,mod.cls_blocks.1.attn.h1,charged_hadron<-charged_hadron,0.018244114938060853,-0.00010075847502466598,0.0,0.0,0.0,-0.00010075847502466598,-0.00010075847502466598,0.00010075847502466598,0.00015113771253699897
B_tbl_minus_hqql,mod.blocks.3.attn.h6,muon<-photon,0.00926465405659242,-0.00010050658602267504,0.0,0.0,0.0,-0.00010050658602267504,-0.00010050658602267504,0.00010050658602267504,0.00015075987903401256
signed_hqql_tbl,mod.blocks.5.attn.h5,neutral_hadron<-muon,0.012132449448108673,3.788726462516934e-05,0.0002635620185174048,-0.00024554517585784197,5.4351562312149326e-05,-0.00022567475389223546,0.0002834324404830113,3.788726462516934e-05,0.00015072464157128707
signed_hqql_tbl,mod.blocks.3.attn.h3,electron<-charged_hadron,0.0252490874968077,-0.00013170092317618822,-0.0001691529853269458,-0.00021938555194841078,-3.216882305423496e-05,3.745206215075757e-05,8.768462877222256e-05,0.00013170092317618822,0.000150426954251567
signed_hqql_tbl,mod.blocks.6.attn.h7,electron<-neutral_hadron,0.022927931868113004,1.4182653663178477e-05,0.0002866455461116857,-8.993318537250162e-05,4.567139355155329e-05,-0.0002724628924485072,0.0001041158390356801,1.4182653663178477e-05,0.00015041409988743207
B_tbl_minus_hqql,mod.blocks.5.attn.h6,muon<-neutral_hadron,0.06263189315795899,-0.00010004331124946475,0.0,0.0,0.0,-0.00010004331124946475,-0.00010004331124946475,0.00010004331124946475,0.00015006496687419713
signed_hqql_tbl,mod.blocks.5.attn.h7,neutral_hadron<-muon,0.012888559699058532,-1.2490202789194881e-05,-0.0002865942005882971,-0.0001660003763390705,0.001042737377524052,0.00027410399779910223,0.00015351017354987563,1.2490202789194881e-05,0.00014954220168874598
signed_hqql_tbl,mod.blocks.3.attn.h3,neutral_hadron<-electron,0.020060644986537788,-2.892232022042243e-05,0.00021226010125019457,5.15854342665989e-06,1.858505735678288e-06,-0.000241182421470617,-3.4080863647082316e-05,2.892232022042243e-05,0.00014951353095573092
signed_hqql_tbl,mod.blocks.0.attn.h4,neutral_hadron<-electron,0.016792781937580843,3.688670403789729e-06,0.0002951537389890291,5.64518419560045e-05,-3.494866953891081e-05,-0.00029146506858523935,-5.276317155221477e-05,3.688670403789729e-06,0.0001494212046964094
signed_hqql_tbl,mod.blocks.3.attn.h1,electron<-photon,0.017147347331047058,-0.00010905052865079294,-2.8883874100366874e-05,-4.582154503753243e-05,1.4667836918991495e-05,-8.016665455042606e-05,-6.32289836132605e-05,0.00010905052865079294,0.00014913385592600596
B_tbl_minus_hqql,mod.blocks.2.attn.h5,muon<-neutral_hadron,0.0038819339126348494,-9.9200289696455e-05,0.0,0.0,0.0,-9.9200289696455e-05,-9.9200289696455e-05,9.9200289696455e-05,0.0001488004345446825
signed_hqql_tbl,mod.blocks.1.attn.h7,muon<-photon,0.010119130665605719,2.241230157034641e-05,0.00027462039053296816,-9.387413350244363e-05,-2.7722873450589498e-05,-0.00025220808896262174,0.00011628643507279004,2.241230157034641e-05,0.00014851634605165729
signed_hqql_tbl,mod.blocks.7.attn.h7,electron<-charged_hadron,0.02242800750230488,-7.122691941300505e-05,8.330270958443483e-05,-0.00017682907868032184,1.9812159393950424e-05,-0.0001545296289974399,0.00010560215926731679,7.122691941300505e-05,0.000148491733911725
signed_hqql_tbl,mod.blocks.1.attn.h1,photon<-electron,0.020589964091777803,-8.831456458816925e-06,0.00027045762232903926,4.7322896924535076e-05,2.338780924018666e-05,-0.0002792890787878562,-5.6154353383352005e-05,8.831456458816925e-06,0.000148475995852745
signed_hqql_tbl,mod.blocks.4.attn.h5,muon<-neutral_hadron,0.025928139686584473,-8.45187227241695e-05,-0.00021212599767750362,5.277216132526519e-06,9.764698778763866e-05,0.00012760727495333412,-8.979593885669602e-05,8.45187227241695e-05,0.00014832236020083655
B_tbl_minus_hqql,mod.blocks.3.attn.h7,charged_hadron<-electron,0.171220484532808,9.863604914004866e-05,0.0,0.0,0.0,9.863604914004866e-05,9.863604914004866e-05,9.863604914004866e-05,0.00014795407371007298
B_tbl_minus_hqql,mod.blocks.4.attn.h1,neutral_hadron<-electron,0.08879043448429841,9.863343215189301e-05,0.0,0.0,0.0,9.863343215189301e-05,9.863343215189301e-05,9.863343215189301e-05,0.0001479501482278395
B_tbl_minus_hqql,mod.cls_blocks.1.attn.h2,charged_hadron<-neutral_hadron,0.021899335399771538,9.819618928584253e-05,0.0,0.0,0.0,9.819618928584253e-05,9.819618928584253e-05,9.819618928584253e-05,0.0001472942839287638
B_tbl_minus_hqql,mod.blocks.2.attn.h0,electron<-neutral_hadron,0.007367654703557491,-9.77982451261666e-05,0.0,0.0,0.0,-9.77982451261666e-05,-9.77982451261666e-05,9.77982451261666e-05,0.0001466973676892499
signed_hqql_tbl,mod.blocks.5.attn.h4,muon<-photon,0.010513148524544456,4.732325495834547e-06,0.00028718351285743457,-4.210632981821185e-05,1.6384381914187024e-05,-0.0002824511873616,4.6838655314046396e-05,4.732325495834547e-06,0.00014595791917663454
B_tbl_minus_hqql,mod.blocks.1.attn.h2,charged_hadron<-electron,0.022908013902212445,9.645646174536331e-05,0.0,0.0,0.0,9.645646174536331e-05,9.645646174536331e-05,9.645646174536331e-05,0.00014468469261804496
B_tbl_minus_hqql,mod.blocks.1.attn.h5,photon<-muon,0.02737350897355513,9.644046341153708e-05,0.0,0.0,0.0,9.644046341153708e-05,9.644046341153708e-05,9.644046341153708e-05,0.00014466069511730564
B_tbl_minus_hqql,mod.blocks.3.attn.h5,charged_hadron<-electron,0.03505279359064604,-9.632120245920592e-05,0.0,0.0,0.0,-9.632120245920592e-05,-9.632120245920592e-05,9.632120245920592e-05,0.00014448180368880888
signed_hqql_tbl,mod.blocks.6.attn.h7,photon<-electron,0.05321844493349393,-0.00011725936662211703,-6.299983280249373e-05,2.8595000003406312e-05,-2.5587232576308216e-05,-5.425953381962331e-05,-0.00014585436662552335,0.00011725936662211703,0.00014438913353192868
signed_hqql_tbl,mod.blocks.0.attn.h3,electron<-photon,0.019291190306345622,3.833535544496651e-05,0.00024786340262445653,-2.077502098732761e-05,-9.499035183001648e-05,-0.00020952804717949003,5.911037643229412e-05,3.833535544496651e-05,0.00014309937903471152
B_tbl_minus_hqql,mod.cls_blocks.1.attn.h2,photon<-charged_hadron,0.01586074932761814,-9.530441172461471e-05,0.0,0.0,0.0,-9.530441172461471e-05,-9.530441172461471e-05,9.530441172461471e-05,0.00014295661758692205
signed_hqql_tbl,mod.blocks.6.attn.h5,muon<-charged_hadron,0.012624428127751205,1.9582928595782228e-05,0.00026632929220795634,-1.4769722474738955e-05,-1.0809901448146227e-05,-0.0002467463636121741,3.4352651070521185e-05,1.9582928595782228e-05,0.00014295611040186928
signed_hqql_tbl,mod.cls_blocks.1.attn.h0,charged_hadron<-CLS,0.0005571453366428614,-3.887497314281063e-06,-0.0002814432615802313,0.0,0.0,0.00027755576426595024,-3.887497314281063e-06,3.887497314281063e-06,0.00014266537944725619
B_tbl_minus_hqql,mod.blocks.2.attn.h1,electron<-charged_hadron,0.025656380151447496,-9.471082471703228e-05,0.0,0.0,0.0,-9.471082471703228e-05,-9.471082471703228e-05,9.471082471703228e-05,0.00014206623707554842
signed_hqql_tbl,mod.blocks.4.attn.h0,muon<-photon,0.012422710657119751,6.339966785162687e-05,0.00022009389403347785,-0.00011577984939018886,7.038144082928608e-05,-0.00015669422618185097,0.00017917951724181574,6.339966785162687e-05,0.00014174678094255237
B_tbl_minus_hqql,mod.blocks.3.attn.h4,muon<-neutral_hadron,0.01410876214504242,9.445633622817695e-05,0.0,0.0,0.0,9.445633622817695e-05,9.445633622817695e-05,9.445633622817695e-05,0.00014168450434226543
signed_hqql_tbl,mod.blocks.4.attn.h2,charged_hadron<-electron,0.05104307908760874,-1.7293844537466373e-05,-0.0002660117329408725,-1.9931186247488548e-05,8.34968386698165e-06,0.00024871788840340615,2.6373417100221745e-06,1.7293844537466373e-05,0.00014165278873916944
signed_hqql_tbl,mod.blocks.0.attn.h7,charged_hadron<-muon,0.01666279633839925,1.2966381759862557e-05,0.00026907989134391147,-9.178316395264119e-06,9.674820081184965e-05,-0.00025611350958404893,2.2144698155126677e-05,1.2966381759862557e-05,0.00014102313655188703
signed_hqql_tbl,mod.blocks.0.attn.h6,electron<-photon,0.01556067739923795,-8.975685244270911e-05,1.2774893028628348e-05,-7.687463117430784e-05,-5.051266861619888e-06,-0.00010253174547133746,-1.2882221268401269e-05,8.975685244270911e-05,0.00014102272517837783
signed_hqql_tbl,mod.blocks.5.attn.h6,neutral_hadron<-muon,0.03942166566848755,8.969892951427027e-06,-0.0002546023315517232,-0.0001320929150097072,4.835769124650577e-06,0.00026357222450315023,0.00014106280796113423,8.969892951427027e-06,0.00014075600520300214
B_tbl_minus_hqql,mod.blocks.0.attn.h5,electron<-photon,0.029178568720817567,-9.37820722659429e-05,0.0,0.0,0.0,-9.37820722659429e-05,-9.37820722659429e-05,9.37820722659429e-05,0.00014067310839891434
signed_hqql_tbl,mod.blocks.3.attn.h1,muon<-neutral_hadron,0.0132641538977623,5.019384552724659e-05,-0.00013075085007585585,-0.0004896715981885791,4.8827020572903365e-05,0.00018094469560310246,0.0005398654437158256,5.019384552724659e-05,0.0001406661933287978
signed_hqql_tbl,mod.blocks.1.attn.h3,charged_hadron<-electron,0.014918245767292223,6.548447728212188e-05,-8.33031628280878e-05,-1.93322260714211e-06,1.0822799765719537e-05,0.00014878764011020968,6.741769988926398e-05,6.548447728212188e-05,0.00013987829733722672
signed_hqql_tbl,mod.blocks.0.attn.h3,neutral_hadron<-electron,0.017786530347970817,5.965917583895274e-05,-0.00010072811528516468,9.40398018428823e-06,7.550537217563639e-06,0.00016038729112411742,5.025519565466451e-05,5.965917583895274e-05,0.00013985282140101143
signed_hqql_tbl,mod.blocks.7.attn.h0,electron<-charged_hadron,0.019387227532110717,-8.221400295090127e-05,3.3022058196365834e-05,1.0891442171073166e-05,7.03099815382302e-05,-0.0001152360611472671,-9.310544512197443e-05,8.221400295090127e-05,0.00013983203352453482
signed_hqql_tbl,mod.cls_blocks.1.attn.h0,neutral_hadron<-neutral_hadron,0.01669685755457197,-0.00011815664142237178,-7.535991608165205e-05,0.0005780766907803438,0.0003395925655543882,-4.279672534071974e-05,-0.0006962333322027156,0.00011815664142237178,0.00013955500409273166
B_tbl_minus_hqql,mod.blocks.6.attn.h5,photon<-electron,0.11713151931762696,9.272349222252766e-05,0.0,0.0,0.0,9.272349222252766e-05,9.272349222252766e-05,9.272349222252766e-05,0.00013908523833379148
signed_hqql_tbl,mod.blocks.3.attn.h4,electron<-neutral_hadron,0.02326177519101363,1.94879937155817e-05,-0.00021909263978159288,-2.3609108466189356e-05,-2.019963261166898e-05,0.00023858063349717457,4.309710218177106e-05,1.94879937155817e-05,0.00013877831046416899
signed_hqql_tbl,mod.cls_blocks.0.attn.h7,muon<-photon,0.0,0.0,0.00027750411536544564,0.0,0.0,-0.00027750411536544564,0.0,0.0,0.00013875205768272282
signed_hqql_tbl,mod.blocks.0.attn.h6,muon<-photon,0.028125199404629795,8.933997543698007e-05,-8.122769101576592e-06,1.0348862685662294e-05,-2.8638481256036486e-05,9.746274453855666e-05,7.899111275131778e-05,8.933997543698007e-05,0.0001380713477062584
B_tbl_minus_hqql,mod.blocks.2.attn.h6,neutral_hadron<-muon,0.009349894523620606,-9.196139872074127e-05,0.0,0.0,0.0,-9.196139872074127e-05,-9.196139872074127e-05,9.196139872074127e-05,0.00013794209808111192
signed_hqql_tbl,mod.blocks.5.attn.h2,photon<-muon,0.02955765886740251,-9.094619996507059e-05,2.8975975090781085e-06,-7.056905555405787e-06,8.551363472569002e-07,-9.38437974741487e-05,-8.38892944096648e-05,9.094619996507059e-05,0.00013786809870214496
signed_hqql_tbl,mod.blocks.1.attn.h4,photon<-electron,0.04078339685996373,7.767700808472e-05,-4.2514308266358315e-05,6.896048268702413e-05,-1.8491359826709542e-05,0.00012019131635107831,8.716525397695866e-06,7.767700808472e-05,0.00013777266626025916
signed_hqql_tbl,mod.blocks.5.attn.h7,photon<-electron,0.09102076093355814,-0.00012823832803405822,-0.00010973769011408356,-0.00012303823989766118,-7.630482107376703e-05,-1.850063791997466e-05,-5.200088136397043e-06,0.00012823832803405822,0.00013748864699404556
B_tbl_minus_hqql,mod.blocks.5.attn.h6,electron<-photon,0.008888233259009818,-9.16115039728993e-05,0.0,0.0,0.0,-9.16115039728993e-05,-9.16115039728993e-05,9.16115039728993e-05,0.00013741725595934896
B_tbl_minus_hqql,mod.blocks.2.attn.h0,photon<-muon,0.037241811102086846,-9.153037204999815e-05,0.0,0.0,0.0,-9.153037204999815e-05,-9.153037204999815e-05,9.153037204999815e-05,0.00013729555807499722
B_tbl_minus_hqql,mod.blocks.7.attn.h0,photon<-electron,0.0724027653535207,-9.147831588052213e-05,0.0,0.0,0.0,-9.147831588052213e-05,-9.147831588052213e-05,9.147831588052213e-05,0.0001372174738207832
signed_hqql_tbl,mod.blocks.7.attn.h2,muon<-neutral_hadron,0.015022686123847962,8.336007012985647e-05,-2.38124514453375e-05,-6.423979357350618e-06,-8.79455924143373e-06,0.00010717252157519397,8.978404948720709e-05,8.336007012985647e-05,0.00013694633091745347
signed_hqql_tbl,mod.blocks.2.attn.h7,electron<-neutral_hadron,0.00704507758984199,2.4562972472407496e-06,0.0002708137944864575,9.651070868130774e-06,5.210965609876439e-05,-0.00026835749723921675,-7.194773620890025e-06,2.4562972472407496e-06,0.00013663504586684913
signed_hqql_tbl,mod.blocks.0.attn.h0,photon<-muon,0.03918286887082187,2.0899844292381946e-05,0.0002521881027720295,-4.9122548218639127e-05,3.2968677779925724e-05,-0.00023128825847964758,7.002239251102107e-05,2.0899844292381946e-05,0.00013654397353220573
B_tbl_minus_hqql,mod.blocks.5.attn.h2,photon<-muon,0.02955765886740251,-9.094619996507059e-05,0.0,0.0,0.0,-9.094619996507059e-05,-9.094619996507059e-05,9.094619996507059e-05,0.00013641929994760588
signed_hqql_tbl,mod.blocks.0.attn.h1,charged_hadron<-electron,0.03791405338990061,-4.886351617690372e-06,0.00025795014497513575,-0.00011702261105094147,4.266074705583378e-05,-0.0002628364965928261,0.0001121362594332511,4.886351617690372e-06,0.00013630459991410344
signed_hqql_tbl,mod.blocks.5.attn.h6,electron<-photon,0.008888238579190025,-9.161165131672533e-05,-2.6345023716852926e-06,-2.929396617089099e-05,3.118298731611243e-05,-8.897714894504003e-05,-6.231768514583433e-05,9.161165131672533e-05,0.00013610022578924535
signed_hqql_tbl,mod.blocks.3.attn.h0,photon<-electron,0.05309101641178131,-1.3381987810134887e-05,0.0002320479543413967,-3.243691909509445e-05,7.63335812333427e-05,-0.00024542994215153157,1.9054931284959564e-05,1.3381987810134887e-05,0.00013609695888590066
signed_hqql_tbl,mod.blocks.4.attn.h2,photon<-electron,0.04093100279569626,-6.827653560321778e-05,6.706343745983239e-05,1.2842119758715853e-05,4.084973615690969e-05,-0.00013533997306305017,-8.111865536193363e-05,6.827653560321778e-05,0.00013594652213474285
signed_hqql_tbl,mod.blocks.5.attn.h6,muon<-neutral_hadron,0.06263189315795899,-0.00010004331124946475,-2.8307960690199252e-05,0.0004342751926742494,0.0002738616068431925,-7.17353505592655e-05,-0.0005343185039237142,0.00010004331124946475,0.0001359109865290975
signed_hqql_tbl,mod.blocks.7.attn.h0,photon<-electron,0.07240277528762817,-9.14784090127796e-05,-2.7669811970554292e-06,-3.7042681859540085e-05,2.634428387096563e-05,-8.871142781572417e-05,-5.4435727153239514e-05,9.14784090127796e-05,0.0001358341229206417
B_tbl_minus_hqql,mod.blocks.0.attn.h4,muon<-charged_hadron,0.02435914675394694,-9.009802967987277e-05,0.0,0.0,0.0,-9.009802967987277e-05,-9.009802967987277e-05,9.009802967987277e-05,0.00013514704451980916
B_tbl_minus_hqql,mod.blocks.0.attn.h3,muon<-charged_hadron,0.011188984820337006,-9.005682571142009e-05,0.0,0.0,0.0,-9.005682571142009e-05,-9.005682571142009e-05,9.005682571142009e-05,0.00013508523856713015
B_tbl_minus_hqql,mod.blocks.3.attn.h7,muon<-charged_hadron,0.014155884583791098,-8.986366799835002e-05,0.0,0.0,0.0,-8.986366799835002e-05,-8.986366799835002e-05,8.986366799835002e-05,0.00013479550199752504
B_tbl_minus_hqql,mod.cls_blocks.1.attn.h1,CLS<-muon,0.006157795432955027,-8.976618846645579e-05,0.0,0.0,0.0,-8.976618846645579e-05,-8.976618846645579e-05,8.976618846645579e-05,0.00013464928269968368
B_tbl_minus_hqql,mod.cls_blocks.1.attn.h1,charged_hadron<-muon,0.006157795432955027,-8.976618846645579e-05,0.0,0.0,0.0,-8.976618846645579e-05,-8.976618846645579e-05,8.976618846645579e-05,0.00013464928269968368
B_tbl_minus_hqql,mod.blocks.0.attn.h6,electron<-photon,0.015560679386059444,-8.975691938151916e-05,0.0,0.0,0.0,-8.975691938151916e-05,-8.975691938151916e-05,8.975691938151916e-05,0.00013463537907227875
B_tbl_minus_hqql,mod.blocks.0.attn.h6,muon<-photon,0.028125199404629795,8.933997543698007e-05,0.0,0.0,0.0,8.933997543698007e-05,8.933997543698007e-05,8.933997543698007e-05,0.0001340099631554701
signed_hqql_tbl,mod.blocks.1.attn.h2,muon<-photon,0.015787023034962742,0.00010117041793736544,3.613351145759225e-05,6.777050328396616e-05,0.00011191362864337862,6.50369064797732e-05,3.339991465339928e-05,0.00010117041793736544,0.00013368887117725205
signed_hqql_tbl,mod.blocks.3.attn.h7,electron<-neutral_hadron,0.012570825333778676,4.55459898708236e-05,0.00022177793016453506,-6.539087917190045e-05,2.5501117246070256e-05,-0.00017623194029371146,0.00011093686904272405,4.55459898708236e-05,0.00013366196001767932
signed_hqql_tbl,mod.blocks.6.attn.h4,photon<-muon,0.027798183939673683,-1.8371671268885787e-05,0.00021208045431054555,1.1863909700574975e-06,0.00011991223436780274,-0.00023045212557943134,-1.9558062238943286e-05,1.8371671268885787e-05,0.00013359773405860145
B_tbl_minus_hqql,mod.cls_blocks.1.attn.h3,charged_hadron<-charged_hadron,0.017983032768124976,-8.896752123857362e-05,0.0,0.0,0.0,-8.896752123857362e-05,-8.896752123857362e-05,8.896752123857362e-05,0.00013345128185786044
signed_hqql_tbl,mod.blocks.1.attn.h1,photon<-muon,0.015323325991630554,-2.1264465017752215e-05,-0.00024558434961363673,-4.222813350636334e-06,6.472945356758178e-05,0.0002243198845958845,-1.704165166711588e-05,2.1264465017752215e-05,0.00013342440731569445
signed_hqql_tbl,mod.blocks.4.attn.h2,muon<-photon,0.006473187018524517,5.929631879553199e-05,-8.849079649035748e-05,0.00023910212552263622,-1.7565231311371981e-06,0.00014778711528588948,-0.00017980580672710423,5.929631879553199e-05,0.00013318987643847673
signed_hqql_tbl,mod.blocks.6.attn.h0,charged_hadron<-muon,0.005008989211284753,-2.865535145357364e-06,-0.0002631101893105855,-7.457478204742074e-05,-5.338114566388484e-07,0.00026024465416522814,7.170924690206337e-05,2.865535145357364e-06,0.00013298786222797144
signed_hqql_tbl,mod.blocks.7.attn.h5,photon<-electron,0.10207991202672323,-8.300924091599881e-05,1.574623040921454e-05,-1.712447218389051e-05,-2.5728416391769302e-05,-9.875547132521335e-05,-6.58847687321083e-05,8.300924091599881e-05,0.0001323869765786055
signed_hqql_tbl,mod.blocks.6.attn.h3,electron<-charged_hadron,0.012314470190750925,5.69097583527429e-05,-9.403271949850023e-05,-5.769971811651498e-05,-1.6204767028682454e-05,0.00015094247785124313,0.00011460947646925787,5.69097583527429e-05,0.00013238099727836447
B_tbl_minus_hqql,mod.blocks.7.attn.h0,electron<-neutral_hadron,0.007296986304796659,-8.819782222137571e-05,0.0,0.0,0.0,-8.819782222137571e-05,-8.819782222137571e-05,8.819782222137571e-05,0.00013229673333206357
B_tbl_minus_hqql,mod.blocks.3.attn.h1,electron<-neutral_hadron,0.010328033079321567,8.811368472659244e-05,0.0,0.0,0.0,8.811368472659244e-05,8.811368472659244e-05,8.811368472659244e-05,0.00013217052708988867
B_tbl_minus_hqql,mod.blocks.3.attn.h6,neutral_hadron<-muon,0.012691225111484527,-8.803655509836972e-05,0.0,0.0,0.0,-8.803655509836972e-05,-8.803655509836972e-05,8.803655509836972e-05,0.00013205483264755458
signed_hqql_tbl,mod.blocks.6.attn.h5,electron<-neutral_hadron,0.012625491707764853,8.598573516302658e-05,-5.91782875858371e-06,-5.591208027908579e-06,-5.1358632238892215e-06,9.190356392161029e-05,9.157694319093515e-05,8.598573516302658e-05,0.0001319375171238317
signed_hqql_tbl,mod.blocks.4.attn.h0,muon<-muon,1.4024495612829924e-05,-7.52226696931757e-07,0.00026135397820326034,-3.62451137334574e-05,1.4202787433248432e-05,-0.0002621062049001921,3.5492887036525644e-05,7.52226696931757e-07,0.0001318053291470278
B_tbl_minus_hqql,mod.blocks.1.attn.h5,electron<-photon,0.01880237857500712,8.781156502664089e-05,0.0,0.0,0.0,8.781156502664089e-05,8.781156502664089e-05,8.781156502664089e-05,0.00013171734753996133
signed_hqql_tbl,mod.blocks.3.attn.h7,electron<-photon,0.01050032079219818,-3.2595391530776396e-05,0.0001643825401385714,6.868020656319069e-06,8.182230484127612e-06,-0.0001969779316693478,-3.946341218709547e-05,3.2595391530776396e-05,0.00013108435736545028
signed_hqql_tbl,mod.blocks.4.attn.h0,charged_hadron<-neutral_hadron,0.012698583239694262,-4.5370459426863084e-05,0.00012584259025102298,-3.5209559070102104e-05,5.7911753199648025e-05,-0.00017121304967788607,-1.016090035676098e-05,4.5370459426863084e-05,0.0001309769842658061
B_tbl_minus_hqql,mod.cls_blocks.1.attn.h7,photon<-charged_hadron,0.01950268706549769,-8.715999201345055e-05,0.0,0.0,0.0,-8.715999201345055e-05,-8.715999201345055e-05,8.715999201345055e-05,0.00013073998802017582
signed_hqql_tbl,mod.blocks.2.attn.h1,photon<-electron,0.02838470886150996,1.4476674550678581e-05,0.00024684595492934544,4.7844761866144836e-05,3.0965724197978325e-05,-0.00023236928037866685,-3.3368087315466255e-05,1.4476674550678581e-05,0.000130661314740012
B_tbl_minus_hqql,mod.blocks.4.attn.h7,muon<-neutral_hadron,0.014057917892932892,8.701857295818627e-05,0.0,0.0,0.0,8.701857295818627e-05,8.701857295818627e-05,8.701857295818627e-05,0.0001305278594372794
signed_hqql_tbl,mod.blocks.3.attn.h3,muon<-charged_hadron,0.02036436940684463,-0.00010310590380068982,-4.894932887206475e-05,8.423306280747055e-06,5.076467957212982e-05,-5.415657492862507e-05,-0.00011152921008143687,0.00010310590380068982,0.00013018419126500236
signed_hqql_tbl,mod.blocks.5.attn.h2,muon<-charged_hadron,0.018093484820741596,-3.9783130032998144e-05,0.00014085208143418035,-1.0089917486766353e-05,-0.00035980578332421294,-0.0001806352114671785,-2.969321254623179e-05,3.9783130032998144e-05,0.00013010073576658738
signed_hqql_tbl,mod.blocks.2.attn.h4,photon<-electron,0.031502904494603474,8.491814757386844e-05,-4.718658991415785e-06,-1.4804369519489619e-06,-8.94888453094845e-06,8.963680656528423e-05,8.63985845258174e-05,8.491814757386844e-05,0.00012973655085651056
B_tbl_minus_hqql,mod.blocks.6.attn.h5,electron<-neutral_hadron,0.012625503394072158,8.598583086985364e-05,0.0,0.0,0.0,8.598583086985364e-05,8.598583086985364e-05,8.598583086985364e-05,0.00012897874630478048
signed_hqql_tbl,mod.blocks.2.attn.h0,electron<-photon,0.022415054341157276,-1.5650208418567975e-05,0.00021095644582861235,3.4913281394567874e-05,4.662024598060684e-05,-0.00022660665424718032,-5.056348981313585e-05,1.5650208418567975e-05,0.00012895353554215813
signed_hqql_tbl,mod.blocks.2.attn.h3,electron<-charged_hadron,0.025701769088443956,-0.00012463795352040937,-0.000132271076242129,6.017261505897703e-05,7.538506497439812e-05,7.63312272171964e-06,-0.0001848105685793864,0.00012463795352040937,0.0001284545148812692
signed_hqql_tbl,mod.blocks.6.attn.h6,muon<-photon,0.0242355384609916,8.287771858952262e-05,-7.034182125118185e-06,1.0392964690081066e-05,-5.952712334484593e-06,8.99119007146408e-05,7.248475389944155e-05,8.287771858952262e-05,0.000127833668946843
B_tbl_minus_hqql,mod.blocks.7.attn.h2,electron<-charged_hadron,0.019523264546143382,8.511866709388989e-05,0.0,0.0,0.0,8.511866709388989e-05,8.511866709388989e-05,8.511866709388989e-05,0.00012767800064083482
signed_hqql_tbl,mod.cls_blocks.1.attn.h7,photon<-CLS,5.282702841213904e-05,-1.3506388540918124e-06,-0.00025391699459760276,0.0,0.0,0.00025256635574351095,-1.3506388540918124e-06,1.3506388540918124e-06,0.0001276338167258473
signed_hqql_tbl,mod.blocks.4.attn.h1,neutral_hadron<-muon,0.03146963119506836,-8.547264587832615e-06,0.00022944508236832917,0.0003052588435821235,-0.00018819136312231421,-0.0002379923469561618,-0.00031380610816995614,8.547264587832615e-06,0.00012754343806591352
B_tbl_minus_hqql,mod.blocks.2.attn.h4,photon<-electron,0.031502905984719595,8.491817134199664e-05,0.0,0.0,0.0,8.491817134199664e-05,8.491817134199664e-05,8.491817134199664e-05,0.00012737725701299495
B_tbl_minus_hqql,mod.blocks.3.attn.h4,muon<-muon,0.0039888001047074795,8.472295303363353e-05,0.0,0.0,0.0,8.472295303363353e-05,8.472295303363353e-05,8.472295303363353e-05,0.0001270844295504503
B_tbl_minus_hqql,mod.blocks.7.attn.h2,electron<-neutral_hadron,0.021133648446266307,8.469772392279887e-05,0.0,0.0,0.0,8.469772392279887e-05,8.469772392279887e-05,8.469772392279887e-05,0.0001270465858841983
signed_hqql_tbl,mod.blocks.6.attn.h2,muon<-charged_hadron,0.011371318138006962,5.193168445574966e-06,-0.00023829078030151624,0.0005955906584858894,-0.00031930643150650235,0.0002434839487470912,-0.0005903974900403144,5.193168445574966e-06,0.00012693514281912057
signed_hqql_tbl,mod.blocks.2.attn.h0,muon<-photon,0.01967885142022913,0.00012057048099284822,0.0001079541935513799,5.406750521312157e-05,0.00014529475031719943,1.2616287441468321e-05,6.650297577972665e-05,0.00012057048099284822,0.00012687862471358238
B_tbl_minus_hqql,mod.blocks.4.attn.h5,muon<-neutral_hadron,0.025928139686584473,-8.45187227241695e-05,0.0,0.0,0.0,-8.45187227241695e-05,-8.45187227241695e-05,8.45187227241695e-05,0.00012677808408625426
signed_hqql_tbl,mod.cls_blocks.1.attn.h2,muon<-neutral_hadron,0.0,0.0,0.0002534634666517377,0.0,0.0,-0.0002534634666517377,0.0,0.0,0.00012673173332586885
signed_hqql_tbl,mod.blocks.2.attn.h5,muon<-photon,0.021817831830544906,-4.06763971444558e-05,0.00013119762745470955,4.6879418992570466e-05,-0.00013334733025008712,-0.00017187402459916534,-8.755581613702627e-05,4.06763971444558e-05,0.00012661340944403846
signed_hqql_tbl,mod.blocks.1.attn.h1,electron<-photon,0.016107534368832905,-6.269455067619371e-05,6.466166295077918e-05,-3.615050789968726e-05,2.4248782375996765e-05,-0.0001273562136269729,-2.6544042776506453e-05,6.269455067619371e-05,0.00012637265748968016
B_tbl_minus_hqql,mod.blocks.0.attn.h4,muon<-photon,0.006032501432028684,-8.42347719960592e-05,0.0,0.0,0.0,-8.42347719960592e-05,-8.42347719960592e-05,8.42347719960592e-05,0.0001263521579940888
signed_hqql_tbl,mod.blocks.2.attn.h0,electron<-charged_hadron,0.020515779523473037,-6.492867281562404e-05,5.756460440655549e-05,-2.9697921929945204e-05,-8.49471671244828e-05,-0.00012249327722217953,-3.523075088567884e-05,6.492867281562404e-05,0.0001261753114267138
signed_hqql_tbl,mod.blocks.2.attn.h6,muon<-photon,0.011506538499485363,-0.00010098433333703063,-5.096631223120941e-05,-0.0005647679790854454,-0.00014759379181279137,-5.001802110582122e-05,0.00046378364574841476,0.00010098433333703063,0.00012599334388994123
B_tbl_minus_hqql,mod.blocks.0.attn.h6,muon<-charged_hadron,0.008425140922719782,-8.396282933200851e-05,0.0,0.0,0.0,-8.396282933200851e-05,-8.396282933200851e-05,8.396282933200851e-05,0.00012594424399801278
signed_hqql_tbl,mod.blocks.3.attn.h5,charged_hadron<-electron,0.0350527928063744,-9.632123309481693e-05,-3.729934804141522e-05,4.408775876281548e-05,7.613839670739253e-05,-5.902188505340171e-05,-0.0001404089918576324,9.632123309481693e-05,0.00012583217562151777
signed_hqql_tbl,mod.blocks.3.attn.h2,electron<-photon,0.013407800098260243,-6.61503753993505e-05,5.3080610086908564e-05,4.553497378115675e-05,-4.345099910392196e-05,-0.00011923098548625907,-0.00011168534918050725,6.61503753993505e-05,0.00012576586814248004
signed_hqql_tbl,mod.blocks.6.attn.h5,electron<-charged_hadron,0.020918798485868854,8.261856754344128e-05,-3.5864246698717275e-06,8.494197123352138e-06,-3.496220324450405e-05,8.6204992213313e-05,7.412437042008914e-05,8.261856754344128e-05,0.00012572106365009778
signed_hqql_tbl,mod.cls_blocks.0.attn.h0,muon<-charged_hadron,0.0,0.0,0.00025109980594028127,0.0,0.0,-0.00025109980594028127,0.0,0.0,0.00012554990297014064
B_tbl_minus_hqql,mod.blocks.5.attn.h4,electron<-photon,0.01801213324069977,-8.358534541912377e-05,0.0,0.0,0.0,-8.358534541912377e-05,-8.358534541912377e-05,8.358534541912377e-05,0.00012537801812868566
signed_hqql_tbl,mod.blocks.4.attn.h1,muon<-neutral_hadron,0.011156731843948364,-2.6511686155572533e-05,0.00017074734932975844,-3.9008438761811703e-05,0.00027616915315814805,-0.00019725903548533096,1.249675260623917e-05,2.6511686155572533e-05,0.000125141203898238
signed_hqql_tbl,mod.blocks.0.attn.h5,electron<-photon,0.029178566733996072,-9.378206450492144e-05,-3.1204964865797334e-05,-8.76562527472353e-05,-4.2302448562552014e-05,-6.257709963912411e-05,-6.125811757686148e-06,9.378206450492144e-05,0.0001250706143244835
B_tbl_minus_hqql,mod.blocks.7.attn.h2,muon<-neutral_hadron,0.015022686123847962,8.336007012985647e-05,0.0,0.0,0.0,8.336007012985647e-05,8.336007012985647e-05,8.336007012985647e-05,0.00012504010519478472
signed_hqql_tbl,mod.blocks.5.attn.h2,muon<-neutral_hadron,0.008291301876306533,-2.585079346317798e-05,-0.00022378822541213594,-7.25932331988588e-05,-0.00038524557678995904,0.00019793743194895796,4.674243973568082e-05,2.585079346317798e-05,0.00012481950943765696
B_tbl_minus_hqql,mod.cls_blocks.1.attn.h2,charged_hadron<-photon,0.017565454843394255,-8.308473646580968e-05,0.0,0.0,0.0,-8.308473646580968e-05,-8.308473646580968e-05,8.308473646580968e-05,0.00012462710469871453
signed_hqql_tbl,mod.blocks.7.attn.h2,photon<-muon,0.07851713353937323,7.276298393580046e-05,0.00017639679404405446,4.976391210220754e-06,1.87340358601367e-05,-0.000103633810108254,6.778659272557971e-05,7.276298393580046e-05,0.00012457988898992745
signed_hqql_tbl,mod.blocks.0.attn.h4,photon<-electron,0.03833880126476288,4.997893447580282e-05,-9.915075926463552e-05,1.2770671414078347e-05,-2.2335958443340158e-05,0.00014912969374043835,3.720826306172447e-05,4.997893447580282e-05,0.000124543781346022
signed_hqql_tbl,mod.blocks.6.attn.h5,photon<-electron,0.11713155110677083,9.272356886261454e-05,2.9094111336494928e-05,7.065289069682226e-05,-7.961051502301321e-05,6.362945752611961e-05,2.2070678165792278e-05,9.272356886261454e-05,0.00012453829762567434
B_tbl_minus_hqql,mod.blocks.7.attn.h5,photon<-electron,0.10207990805308025,-8.300923703548808e-05,0.0,0.0,0.0,-8.300923703548808e-05,-8.300923703548808e-05,8.300923703548808e-05,0.00012451385555323213
B_tbl_minus_hqql,mod.blocks.6.attn.h6,muon<-photon,0.0242355384609916,8.287771858952262e-05,0.0,0.0,0.0,8.287771858952262e-05,8.287771858952262e-05,8.287771858952262e-05,0.00012431657788428393
signed_hqql_tbl,mod.blocks.1.attn.h5,charged_hadron<-electron,0.03626538813114166,4.262908508903102e-05,-0.00012072520330548286,1.612478323901693e-06,-0.0005234994587226538,0.00016335428839451389,4.1016606765129326e-05,4.262908508903102e-05,0.00012430622928628795
B_tbl_minus_hqql,mod.blocks.0.attn.h1,neutral_hadron<-muon,0.018432103097438812,-8.269750978797674e-05,0.0,0.0,0.0,-8.269750978797674e-05,-8.269750978797674e-05,8.269750978797674e-05,0.0001240462646819651
B_tbl_minus_hqql,mod.blocks.6.attn.h5,electron<-charged_hadron,0.02091879966227632,8.261858037210339e-05,0.0,0.0,0.0,8.261858037210339e-05,8.261858037210339e-05,8.261858037210339e-05,0.0001239278705581551
signed_hqql_tbl,mod.blocks.5.attn.h0,photon<-electron,0.05442322889963786,-6.577021558769047e-05,5.0472379159925496e-05,-6.613293762062053e-05,3.252039866086531e-05,-0.00011624259474761597,3.627220329300619e-07,6.577021558769047e-05,0.00012389151296149847
signed_hqql_tbl,mod.blocks.5.attn.h6,electron<-charged_hadron,0.03239064546007859,-1.4294585286590614e-05,0.00020478430824975172,-4.627147318806028e-05,4.00286337480793e-05,-0.00021907889353634232,3.197688790146967e-05,1.4294585286590614e-05,0.00012383403205476178
B_tbl_minus_hqql,mod.blocks.7.attn.h0,electron<-charged_hadron,0.01938722949278982,-8.221402209815814e-05,0.0,0.0,0.0,-8.221402209815814e-05,-8.221402209815814e-05,8.221402209815814e-05,0.0001233210331472372
signed_hqql_tbl,mod.blocks.2.attn.h4,muon<-muon,0.011558149941265583,0.00011750088742701337,0.00010631770919644623,0.00016585923731327057,7.63751995691564e-05,1.1183178230567137e-05,-4.83583498862572e-05,0.00011750088742701337,0.00012309247654229694
B_tbl_minus_hqql,mod.blocks.6.attn.h7,electron<-charged_hadron,0.02528180613329536,8.199555553514266e-05,0.0,0.0,0.0,8.199555553514266e-05,8.199555553514266e-05,8.199555553514266e-05,0.000122993333302714
B_tbl_minus_hqql,mod.blocks.1.attn.h5,electron<-charged_hadron,0.02379555725737622,-8.19271516248639e-05,0.0,0.0,0.0,-8.19271516248639e-05,-8.19271516248639e-05,8.19271516248639e-05,0.00012289072743729585
signed_hqql_tbl,mod.blocks.0.attn.h1,neutral_hadron<-electron,0.032355714875918165,2.2350733790797396e-05,0.00022294352584140142,-0.00017977780429646374,5.882572525782355e-05,-0.00020059279205060404,0.00020212853808726112,2.2350733790797396e-05,0.00012264712981609942
B_tbl_minus_hqql,mod.blocks.2.attn.h7,muon<-photon,0.01478080993348902,8.168771058659662e-05,0.0,0.0,0.0,8.168771058659662e-05,8.168771058659662e-05,8.168771058659662e-05,0.00012253156587989494
B_tbl_minus_hqql,mod.blocks.6.attn.h0,charged_hadron<-electron,0.058789377934054324,-8.15571153285227e-05,0.0,0.0,0.0,-8.15571153285227e-05,-8.15571153285227e-05,8.15571153285227e-05,0.00012233567299278406
signed_hqql_tbl,mod.blocks.3.attn.h5,photon<-muon,0.046304957433180374,-3.283558445135978e-05,0.00014569925126404717,-0.00011587637432274365,4.297294279760016e-05,-0.00017853483571540695,8.304078987138387e-05,3.283558445135978e-05,0.00012210300230906324
signed_hqql_tbl,mod.blocks.3.attn.h2,electron<-charged_hadron,0.02544149403509341,7.30178190248185e-05,-2.478727527583639e-05,-5.5912661970989115e-05,0.00016383721049351152,9.78050943006549e-05,0.0001289304809958076,7.30178190248185e-05,0.00012192036617514595
signed_hqql_tbl,mod.blocks.2.attn.h7,electron<-photon,0.018121202786763508,-5.8903146176210915e-05,6.679050108817006e-05,-4.409362060999099e-05,0.00010653132196310182,-0.00012569364726438097,-1.4809525566219925e-05,5.8903146176210915e-05,0.00012174996980840141
signed_hqql_tbl,mod.blocks.2.attn.h5,muon<-neutral_hadron,0.0038819339126348494,-9.9200289696455e-05,-0.00014307791570900008,0.00014195748372003436,2.052738122786294e-06,4.387762601254508e-05,-0.00024115777341648936,9.9200289696455e-05,0.00012113910270272754
signed_hqql_tbl,mod.blocks.4.attn.h5,electron<-photon,0.015627358853816987,5.733367385497938e-05,-6.892918385606858e-05,-5.515116312640852e-05,-4.31628273376687e-05,0.00012626285771104797,0.0001124848369813879,5.733367385497938e-05,0.00012046510271050337
B_tbl_minus_hqql,mod.cls_blocks.1.attn.h1,charged_hadron<-photon,0.02167993373827103,-8.028099118996787e-05,0.0,0.0,0.0,-8.028099118996787e-05,-8.028099118996787e-05,8.028099118996787e-05,0.0001204214867849518
signed_hqql_tbl,mod.blocks.3.attn.h0,electron<-neutral_hadron,0.005226476332889154,-3.550175460986793e-05,0.00013349626897252165,-8.74433369608596e-05,-4.0951948418902856e-05,-0.00016899802358238958,5.194158235099167e-05,3.550175460986793e-05,0.00012000076640106272
signed_hqql_tbl,mod.blocks.1.attn.h7,muon<-neutral_hadron,0.023749299347400665,-7.404729258269072e-05,1.7560676496941596e-05,-0.0005525749293155968,-0.00033515820446748125,-9.160796907963231e-05,0.0004785276367329061,7.404729258269072e-05,0.00011985127712250688
B_tbl_minus_hqql,mod.blocks.0.attn.h2,electron<-neutral_hadron,0.013853047693443771,7.968409916368448e-05,0.0,0.0,0.0,7.968409916368448e-05,7.968409916368448e-05,7.968409916368448e-05,0.00011952614874552673
signed_hqql_tbl,mod.cls_blocks.1.attn.h1,CLS<-electron,0.009090027558462074,-6.706714035923748e-05,3.769062391256739e-05,-0.00037127016912563704,0.00029910449520684777,-0.00010475776427180487,0.00030420302876639954,6.706714035923748e-05,0.00011944602249513991
signed_hqql_tbl,mod.cls_blocks.1.attn.h1,charged_hadron<-electron,0.009090027558462074,-6.706714035923748e-05,3.769062391256739e-05,-0.00035702608147403225,7.043406367301941e-05,-0.00010475776427180487,0.00028995894111479476,6.706714035923748e-05,0.00011944602249513991
B_tbl_minus_hqql,mod.blocks.5.attn.h2,electron<-neutral_hadron,0.00753143108840959,7.933270757339764e-05,0.0,0.0,0.0,7.933270757339764e-05,7.933270757339764e-05,7.933270757339764e-05,0.00011899906136009645
B_tbl_minus_hqql,mod.blocks.2.attn.h2,charged_hadron<-electron,0.046050895985804106,7.927847189804245e-05,0.0,0.0,0.0,7.927847189804245e-05,7.927847189804245e-05,7.927847189804245e-05,0.00011891770784706366
signed_hqql_tbl,mod.cls_blocks.1.attn.h6,neutral_hadron<-neutral_hadron,0.006653493237016457,-9.686394904357647e-05,-5.347684782464057e-05,-0.00014808552320270488,-5.032467112566034e-05,-4.33871012189359e-05,5.122157415912841e-05,9.686394904357647e-05,0.00011855749965304443
B_tbl_minus_hqql,mod.blocks.1.attn.h1,neutral_hadron<-electron,0.02507863422999015,7.866487430874258e-05,0.0,0.0,0.0,7.866487430874258e-05,7.866487430874258e-05,7.866487430874258e-05,0.00011799731146311387
B_tbl_minus_hqql,mod.cls_blocks.1.attn.h3,neutral_hadron<-charged_hadron,0.013192012906074524,7.85993332484443e-05,0.0,0.0,0.0,7.85993332484443e-05,7.85993332484443e-05,7.85993332484443e-05,0.00011789899987266645
signed_hqql_tbl,mod.blocks.3.attn.h4,muon<-muon,0.0039888001047074795,8.472295303363353e-05,1.895759464787261e-05,4.2719573684735224e-05,-2.5652689714661392e-05,6.576535838576092e-05,4.2003379348898306e-05,8.472295303363353e-05,0.00011760563222651399
signed_hqql_tbl,mod.blocks.7.attn.h1,charged_hadron<-muon,0.037681012442617706,-7.383423067177787e-05,1.3648005551658571e-05,6.223379023140296e-06,3.3052732409903758e-06,-8.748223622343644e-05,-8.005760969491816e-05,7.383423067177787e-05,0.00011757534878349609
signed_hqql_tbl,mod.blocks.7.attn.h6,muon<-neutral_hadron,0.028062403202056885,6.825798191130161e-05,-2.9306414489838062e-05,0.00030600946047343314,-4.591365902970408e-06,9.756439640113967e-05,-0.0002377514785621315,6.825798191130161e-05,0.00011704018011187144
signed_hqql_tbl,mod.cls_blocks.1.attn.h0,CLS<-CLS,0.0024277602788060904,1.1394617104087956e-05,-0.00019951092826886452,0.0,0.0,0.00021090554537295247,1.1394617104087956e-05,1.1394617104087956e-05,0.0001168473897905642
B_tbl_minus_hqql,mod.blocks.5.attn.h4,electron<-charged_hadron,0.02411946262183942,-7.7869221537472e-05,0.0,0.0,0.0,-7.7869221537472e-05,-7.7869221537472e-05,7.7869221537472e-05,0.00011680383230620799
B_tbl_minus_hqql,mod.blocks.3.attn.h5,electron<-charged_hadron,0.031634940912849026,7.779953241544335e-05,0.0,0.0,0.0,7.779953241544335e-05,7.779953241544335e-05,7.779953241544335e-05,0.00011669929862316502
signed_hqql_tbl,mod.blocks.5.attn.h4,muon<-neutral_hadron,0.004915913194417953,1.2007378245471045e-05,-0.00019705754311871715,3.2254498364636675e-05,-0.0002576057696664382,0.0002090649213641882,-2.024712011916563e-05,1.2007378245471045e-05,0.00011653983892756514
B_tbl_minus_hqql,mod.blocks.1.attn.h4,photon<-electron,0.040783401330312094,7.767713153346752e-05,0.0,0.0,0.0,7.767713153346752e-05,7.767713153346752e-05,7.767713153346752e-05,0.00011651569730020128
B_tbl_minus_hqql,mod.blocks.1.attn.h2,muon<-charged_hadron,0.018180019927747322,-7.764980987165913e-05,0.0,0.0,0.0,-7.764980987165913e-05,-7.764980987165913e-05,7.764980987165913e-05,0.0001164747148074887
B_tbl_minus_hqql,mod.blocks.7.attn.h7,electron<-photon,0.014352721969286601,-7.748702773824334e-05,0.0,0.0,0.0,-7.748702773824334e-05,-7.748702773824334e-05,7.748702773824334e-05,0.00011623054160736501
signed_hqql_tbl,mod.blocks.1.attn.h1,charged_hadron<-electron,0.02421477358592184,1.6542347255285438e-05,0.00021583035277823607,-4.3089333627287343e-05,1.2966924941792968e-05,-0.00019928800552295063,5.963168088257278e-05,1.6542347255285438e-05,0.00011618635001676075
B_tbl_minus_hqql,mod.blocks.4.attn.h7,photon<-electron,0.03632778500517209,-7.712642691330985e-05,0.0,0.0,0.0,-7.712642691330985e-05,-7.712642691330985e-05,7.712642691330985e-05,0.00011568964036996477
B_tbl_minus_hqql,mod.blocks.6.attn.h6,neutral_hadron<-electron,0.060329369690197594,-7.684758280937295e-05,0.0,0.0,0.0,-7.684758280937295e-05,-7.684758280937295e-05,7.684758280937295e-05,0.00011527137421405943
B_tbl_minus_hqql,mod.blocks.6.attn.h2,muon<-photon,0.026658768003637142,7.673933975059877e-05,0.0,0.0,0.0,7.673933975059877e-05,7.673933975059877e-05,7.673933975059877e-05,0.00011510900962589815
signed_hqql_tbl,mod.blocks.4.attn.h3,electron<-photon,0.017261735598246255,5.017381239061554e-05,-7.964989250857408e-05,2.9719922687425943e-05,1.1457009361935901e-05,0.00012982370489918963,2.04538897031896e-05,5.017381239061554e-05,0.00011508566484021035
B_tbl_minus_hqql,mod.blocks.5.attn.h1,muon<-neutral_hadron,0.014773078262805939,7.657546084374189e-05,0.0,0.0,0.0,7.657546084374189e-05,7.657546084374189e-05,7.657546084374189e-05,0.00011486319126561283
signed_hqql_tbl,mod.cls_blocks.1.attn.h3,charged_hadron<-photon,0.018091290129707494,-8.995167872603606e-06,-0.00022013660824341961,-0.00046122052651824234,2.475486874927656e-05,0.00021114144037081602,0.00045222535864563874,8.995167872603606e-06,0.00011456588805801161
B_tbl_minus_hqql,mod.blocks.4.attn.h0,charged_hadron<-electron,0.03462726975742139,-7.633848949090431e-05,0.0,0.0,0.0,-7.633848949090431e-05,-7.633848949090431e-05,7.633848949090431e-05,0.00011450773423635647
B_tbl_minus_hqql,mod.blocks.0.attn.h2,charged_hadron<-electron,0.037394570284768155,7.607570717625909e-05,0.0,0.0,0.0,7.607570717625909e-05,7.607570717625909e-05,7.607570717625909e-05,0.00011411356076438863
signed_hqql_tbl,mod.blocks.5.attn.h5,muon<-charged_hadron,0.00969489776726925,-3.028476864776828e-05,-0.00019787054043263197,0.0001550978166051209,4.292818726775382e-05,0.00016758577178486368,-0.0001853825852528892,3.028476864776828e-05,0.00011407765454020012
B_tbl_minus_hqql,mod.cls_blocks.1.attn.h0,CLS<-muon,0.00435579614713788,7.604546408401802e-05,0.0,0.0,0.0,7.604546408401802e-05,7.604546408401802e-05,7.604546408401802e-05,0.00011406819612602703
B_tbl_minus_hqql,mod.cls_blocks.1.attn.h0,charged_hadron<-muon,0.00435579614713788,7.604546408401802e-05,0.0,0.0,0.0,7.604546408401802e-05,7.604546408401802e-05,7.604546408401802e-05,0.00011406819612602703
signed_hqql_tbl,mod.blocks.4.attn.h0,electron<-photon,0.02113418678442637,-6.283147207189662e-05,3.957585133613455e-05,4.487043562611299e-05,7.578814568530236e-05,-0.00010240732340803117,-0.00010770190769800961,6.283147207189662e-05,0.00011403513377591221
B_tbl_minus_hqql,mod.blocks.2.attn.h6,electron<-photon,0.010528900722662608,7.593051219979922e-05,0.0,0.0,0.0,7.593051219979922e-05,7.593051219979922e-05,7.593051219979922e-05,0.00011389576829969882
B_tbl_minus_hqql,mod.cls_blocks.1.attn.h1,photon<-neutral_hadron,0.08113013332088788,7.585878483951092e-05,0.0,0.0,0.0,7.585878483951092e-05,7.585878483951092e-05,7.585878483951092e-05,0.00011378817725926638
B_tbl_minus_hqql,mod.blocks.5.attn.h4,muon<-muon,0.011258990503847599,-7.585320418002084e-05,0.0,0.0,0.0,-7.585320418002084e-05,-7.585320418002084e-05,7.585320418002084e-05,0.00011377980627003126
B_tbl_minus_hqql,mod.cls_blocks.1.attn.h0,charged_hadron<-charged_hadron,0.021590450272937,7.582326276432658e-05,0.0,0.0,0.0,7.582326276432658e-05,7.582326276432658e-05,7.582326276432658e-05,0.00011373489414648987
signed_hqql_tbl,mod.blocks.2.attn.h1,neutral_hadron<-muon,0.02058226764202118,5.8463594177737833e-05,-5.20206885994412e-05,0.00011211435776203871,0.00011192608002127837,0.00011048428277717903,-5.3650763584300874e-05,5.8463594177737833e-05,0.00011370573556632735
signed_hqql_tbl,mod.blocks.4.attn.h6,muon<-photon,0.017638280987739563,5.661594596776095e-05,-5.607014239873164e-05,8.224802357809884e-05,-9.845744196874355e-05,0.00011268608836649259,-2.563207761033789e-05,5.661594596776095e-05,0.00011295899015100724
signed_hqql_tbl,mod.blocks.5.attn.h1,electron<-photon,0.012618292619784673,-5.6336424313485624e-05,5.6749842510076375e-05,-2.8112561787046226e-05,1.2053923632997972e-05,-0.000113086266823562,-2.8223862526439398e-05,5.6336424313485624e-05,0.00011287955772526663
signed_hqql_tbl,mod.blocks.5.attn.h4,photon<-muon,0.028319762511686844,-5.343960021326149e-06,-0.0002200720258630239,-4.927547914641244e-05,0.00024384493164169335,0.00021472806584169776,4.393151912508629e-05,5.343960021326149e-06,0.00011270799294217503
signed_hqql_tbl,mod.blocks.2.attn.h0,charged_hadron<-neutral_hadron,0.011245329970253293,-3.019028636365669e-05,0.00013445759744557494,-1.6240435390918475e-05,4.5912170623855075e-05,-0.00016464788380923164,-1.3949850972738213e-05,3.019028636365669e-05,0.0001125142282682725
signed_hqql_tbl,mod.blocks.6.attn.h7,muon<-neutral_hadron,0.006955916434526444,-3.063315234612674e-05,0.00013283490397952846,9.184301597997546e-05,-1.9695308013900142e-05,-0.0001634680563256552,-0.00012247616832610219,3.063315234612674e-05,0.00011236718050895433
signed_hqql_tbl,mod.blocks.4.attn.h5,photon<-electron,0.07434317568937937,3.5342496024289478e-06,-0.00021339272955499058,-4.432915570110449e-06,-7.362810852514072e-05,0.00021692697915741952,7.967165172539397e-06,3.5342496024289478e-06,0.00011199773918113871
B_tbl_minus_hqql,mod.blocks.5.attn.h7,muon<-charged_hadron,0.029077331225077312,7.448596597620936e-05,0.0,0.0,0.0,7.448596597620936e-05,7.448596597620936e-05,7.448596597620936e-05,0.00011172894896431404
signed_hqql_tbl,mod.blocks.0.attn.h0,muon<-photon,0.025324870239604603,5.8901094069535084e-05,0.0001643383091924569,-7.593838520170677e-05,0.00013207066097363298,-0.00010543721512292181,0.00013483947927124185,5.8901094069535084e-05,0.00011161970163099598
signed_hqql_tbl,mod.blocks.5.attn.h4,electron<-charged_hadron,0.024119463406111066,-7.786919013597071e-05,-1.0781251282120744e-05,-5.30935856701014e-05,3.284726304286778e-06,-6.708793885384997e-05,-2.477560446586931e-05,7.786919013597071e-05,0.0001114131595628957
B_tbl_minus_hqql,mod.blocks.6.attn.h2,electron<-photon,0.02378086596727371,7.41921248845756e-05,0.0,0.0,0.0,7.41921248845756e-05,7.41921248845756e-05,7.41921248845756e-05,0.00011128818732686341
B_tbl_minus_hqql,mod.blocks.1.attn.h7,muon<-neutral_hadron,0.023749299347400665,-7.404729258269072e-05,0.0,0.0,0.0,-7.404729258269072e-05,-7.404729258269072e-05,7.404729258269072e-05,0.00011107093887403608
B_tbl_minus_hqql,mod.blocks.1.attn.h7,electron<-charged_hadron,0.02082073727720662,7.402717356423014e-05,0.0,0.0,0.0,7.402717356423014e-05,7.402717356423014e-05,7.402717356423014e-05,0.0001110407603463452
signed_hqql_tbl,mod.blocks.6.attn.h0,electron<-photon,0.018377884477376937,-6.017751729814336e-05,4.121098442867931e-05,-3.887953997556386e-05,2.7484842198114697e-05,-0.00010138850172682266,-2.1297977322579496e-05,6.017751729814336e-05,0.00011087176816155469
signed_hqql_tbl,mod.blocks.6.attn.h4,electron<-photon,0.005005499192823966,-7.208013069733472e-05,5.378603304961871e-06,-3.7918484200158024e-06,1.6243270633881307e-06,-7.74587340022966e-05,-6.828828227731892e-05,7.208013069733472e-05,0.00011080949769848303
B_tbl_minus_hqql,mod.blocks.6.attn.h3,photon<-muon,0.26750633933327417,-7.387261774221605e-05,0.0,0.0,0.0,-7.387261774221605e-05,-7.387261774221605e-05,7.387261774221605e-05,0.00011080892661332408
B_tbl_minus_hqql,mod.blocks.7.attn.h1,charged_hadron<-muon,0.037681012442617706,-7.383423067177787e-05,0.0,0.0,0.0,-7.383423067177787e-05,-7.383423067177787e-05,7.383423067177787e-05,0.00011075134600766681
signed_hqql_tbl,mod.blocks.6.attn.h2,photon<-muon,0.06119329820979725,-2.0724588962779805e-05,0.00015844386003804035,7.189456872375948e-06,2.1957329408905935e-05,-0.00017916844900082014,-2.7914045835155754e-05,2.0724588962779805e-05,0.00011030881346318988
signed_hqql_tbl,mod.blocks.2.attn.h1,electron<-photon,0.01510383039712906,-4.7064727914403194e-05,7.942005218605377e-05,-1.3254652523236083e-05,-2.18386072423551e-07,-0.00012648478010045697,-3.381007539116711e-05,4.7064727914403194e-05,0.00011030711796463169
B_tbl_minus_hqql,mod.cls_blocks.1.attn.h0,neutral_hadron<-neutral_hadron,0.014972480313320245,-7.31814153758543e-05,0.0,0.0,0.0,-7.31814153758543e-05,-7.31814153758543e-05,7.31814153758543e-05,0.00010977212306378145
B_tbl_minus_hqql,mod.blocks.5.attn.h7,electron<-charged_hadron,0.031309319169897785,-7.317996718675683e-05,0.0,0.0,0.0,-7.317996718675683e-05,-7.317996718675683e-05,7.317996718675683e-05,0.00010976995078013524
signed_hqql_tbl,mod.blocks.2.attn.h4,electron<-electron,0.009275514942904314,6.811433437784824e-05,-1.4773268048884347e-05,-0.00012973894505800368,-0.0009207677093482661,8.288760242673258e-05,0.0001978532794358519,6.811433437784824e-05,0.00010955813559121452
signed_hqql_tbl,mod.blocks.1.attn.h4,charged_hadron<-muon,0.027665338732979515,6.36484279918174e-06,0.0002127468935213983,1.9081111531704664e-05,-7.23745103740324e-05,-0.00020638205072221656,-1.2716268732522924e-05,6.36484279918174e-06,0.00010955586816029003
B_tbl_minus_hqql,mod.blocks.3.attn.h2,electron<-charged_hadron,0.02544149599577251,7.30177945163297e-05,0.0,0.0,0.0,7.30177945163297e-05,7.30177945163297e-05,7.30177945163297e-05,0.00010952669177449455
signed_hqql_tbl,mod.blocks.5.attn.h3,electron<-charged_hadron,0.01916163101008064,6.199295182197697e-05,-3.301650828992327e-05,-4.942578747975586e-06,9.35008415581251e-06,9.500946011190025e-05,6.693553056995256e-05,6.199295182197697e-05,0.0001094976818779271
signed_hqql_tbl,mod.blocks.7.attn.h2,electron<-photon,0.02067707379659017,5.5190979037433865e-05,-5.314240573690248e-05,4.257144038482303e-05,-6.034040283835069e-06,0.00010833338477433634,1.2619538652610833e-05,5.5190979037433865e-05,0.00010935767142460204
B_tbl_minus_hqql,mod.blocks.7.attn.h2,photon<-muon,0.07851713353937323,7.276298393580046e-05,0.0,0.0,0.0,7.276298393580046e-05,7.276298393580046e-05,7.276298393580046e-05,0.0001091444759037007
signed_hqql_tbl,mod.blocks.4.attn.h0,photon<-electron,0.02928649087746938,-1.8874422918694713e-05,0.00016100578536030037,-7.560435473611246e-05,8.844636188284796e-05,-0.0001798802082789951,5.6729931817417747e-05,1.8874422918694713e-05,0.00010881452705819226
signed_hqql_tbl,mod.blocks.7.attn.h3,electron<-charged_hadron,0.03847080625985798,-3.073651858262325e-05,0.00012514672862986724,8.109497741378587e-05,-2.4086632254949336e-05,-0.0001558832472124905,-0.00011183149599640913,3.073651858262325e-05,0.0001086781421888685
signed_hqql_tbl,mod.blocks.5.attn.h5,neutral_hadron<-electron,0.047957764396694705,7.022932153797858e-05,-6.6256433370881496e-06,-5.234754644334316e-07,-0.0002448670798761062,7.685496487506673e-05,7.075279700241201e-05,7.022932153797858e-05,0.00010865680397551195
B_tbl_minus_hqql,mod.blocks.6.attn.h4,electron<-photon,0.005005497904494405,-7.20800899216556e-05,0.0,0.0,0.0,-7.20800899216556e-05,-7.20800899216556e-05,7.20800899216556e-05,0.0001081201348824834
signed_hqql_tbl,mod.blocks.0.attn.h6,neutral_hadron<-electron,0.017000084241982013,1.157877019973232e-05,-0.00018139935366434656,-9.202962260133063e-06,2.220789244044378e-05,0.0001929781238640789,2.0781732459865384e-05,1.157877019973232e-05,0.00010806783213177177
B_tbl_minus_hqql,mod.blocks.1.attn.h0,photon<-electron,0.05085160334904989,7.203227141872048e-05,0.0,0.0,0.0,7.203227141872048e-05,7.203227141872048e-05,7.203227141872048e-05,0.00010804840712808073
signed_hqql_tbl,mod.blocks.4.attn.h5,charged_hadron<-electron,0.03998950908058568,-0.00010658124014490138,-0.00010430623777210713,7.801032330755187e-05,7.2327096859226e-05,-2.27500237279425e-06,-0.00018459156345245324,0.00010658124014490138,0.0001077187413312985
signed_hqql_tbl,mod.blocks.5.attn.h1,neutral_hadron<-electron,0.021548489251962073,-4.435959943713477e-06,-0.00020997071280248747,7.622501871082932e-06,2.236389303410154e-05,0.000205534752858774,-1.2058461814796408e-05,4.435959943713477e-06,0.00010720333637310047
signed_hqql_tbl,mod.blocks.3.attn.h1,neutral_hadron<-muon,0.013052064180374145,-2.015854261117056e-05,0.0001539088934805477,-7.477336475858465e-05,4.3506901617903445e-05,-0.00017406743609171826,5.461482214741409e-05,2.015854261117056e-05,0.00010719226065702969
B_tbl_minus_hqql,mod.blocks.7.attn.h7,electron<-charged_hadron,0.022428005933761597,-7.122681869843386e-05,0.0,0.0,0.0,-7.122681869843386e-05,-7.122681869843386e-05,7.122681869843386e-05,0.00010684022804765079
B_tbl_minus_hqql,mod.blocks.4.attn.h2,electron<-charged_hadron,0.02513237493602853,7.118801869709339e-05,0.0,0.0,0.0,7.118801869709339e-05,7.118801869709339e-05,7.118801869709339e-05,0.00010678202804564009
signed_hqql_tbl,mod.blocks.0.attn.h1,muon<-charged_hadron,0.019093634504260437,-5.935431655609246e-06,0.00019570689182728528,0.0001805329928174615,3.746085020388106e-05,-0.00020164232348289453,-0.00018646842447307075,5.935431655609246e-06,0.00010675659339705651
B_tbl_minus_hqql,mod.blocks.4.attn.h2,photon<-muon,0.022457828575914555,7.106109776280142e-05,0.0,0.0,0.0,7.106109776280142e-05,7.106109776280142e-05,7.106109776280142e-05,0.00010659164664420214
B_tbl_minus_hqql,mod.blocks.0.attn.h6,neutral_hadron<-muon,0.007535239309072494,7.101446972228587e-05,0.0,0.0,0.0,7.101446972228587e-05,7.101446972228587e-05,7.101446972228587e-05,0.00010652170458342881
signed_hqql_tbl,mod.blocks.6.attn.h4,charged_hadron<-electron,0.0393631521024202,-5.2391168681328725e-05,5.545441759750247e-05,1.20106900188451e-06,4.670695830100158e-05,-0.0001078455862788312,-5.359223768321324e-05,5.2391168681328725e-05,0.00010631396182074433
B_tbl_minus_hqql,mod.blocks.5.attn.h5,neutral_hadron<-electron,0.04795776324149651,7.022932543831163e-05,0.0,0.0,0.0,7.022932543831163e-05,7.022932543831163e-05,7.022932543831163e-05,0.00010534398815746744
B_tbl_minus_hqql,mod.blocks.4.attn.h1,electron<-photon,0.011539602528015773,-7.020831787182638e-05,0.0,0.0,0.0,-7.020831787182638e-05,-7.020831787182638e-05,7.020831787182638e-05,0.00010531247680773957
B_tbl_minus_hqql,mod.blocks.4.attn.h1,photon<-muon,0.02033495632084933,7.020037049766292e-05,0.0,0.0,0.0,7.020037049766292e-05,7.020037049766292e-05,7.020037049766292e-05,0.00010530055574649438
B_tbl_minus_hqql,mod.blocks.0.attn.h1,muon<-photon,0.011548403989184986,-7.013762793080373e-05,0.0,0.0,0.0,-7.013762793080373e-05,-7.013762793080373e-05,7.013762793080373e-05,0.0001052064418962056
B_tbl_minus_hqql,mod.cls_blocks.1.attn.h3,CLS<-photon,0.02020083762898569,6.992475322403432e-05,0.0,0.0,0.0,6.992475322403432e-05,6.992475322403432e-05,6.992475322403432e-05,0.00010488712983605148
B_tbl_minus_hqql,mod.cls_blocks.1.attn.h6,neutral_hadron<-neutral_hadron,0.009991732692079884,-6.983570191161042e-05,0.0,0.0,0.0,-6.983570191161042e-05,-6.983570191161042e-05,6.983570191161042e-05,0.00010475355286741563
signed_hqql_tbl,mod.blocks.3.attn.h2,muon<-neutral_hadron,0.01653463691473007,-5.552046932280064e-05,4.0356290810450446e-05,5.391873128246516e-05,-0.00031682555613529126,-9.587676013325108e-05,-0.00010943920060526579,5.552046932280064e-05,0.00010345884938942618
B_tbl_minus_hqql,mod.blocks.5.attn.h0,charged_hadron<-muon,0.0162213227965615,6.895438259975477e-05,0.0,0.0,0.0,6.895438259975477e-05,6.895438259975477e-05,6.895438259975477e-05,0.00010343157389963216
signed_hqql_tbl,mod.blocks.7.attn.h3,neutral_hadron<-electron,0.029160431236959994,6.137493725278685e-05,-2.250337263376423e-05,2.0230962545610963e-05,3.7652447038756993e-07,8.387830988655108e-05,4.114397470717589e-05,6.137493725278685e-05,0.0001033140921960624
B_tbl_minus_hqql,mod.blocks.1.attn.h5,photon<-electron,0.04413922627766927,-6.869675708003342e-05,0.0,0.0,0.0,-6.869675708003342e-05,-6.869675708003342e-05,6.869675708003342e-05,0.00010304513562005014
B_tbl_minus_hqql,mod.cls_blocks.1.attn.h6,charged_hadron<-neutral_hadron,0.01712704045124925,-6.851977461617655e-05,0.0,0.0,0.0,-6.851977461617655e-05,-6.851977461617655e-05,6.851977461617655e-05,0.00010277966192426483
B_tbl_minus_hqql,mod.blocks.4.attn.h2,photon<-electron,0.04093099534511566,-6.827652177889831e-05,0.0,0.0,0.0,-6.827652177889831e-05,-6.827652177889831e-05,6.827652177889831e-05,0.00010241478266834746
B_tbl_minus_hqql,mod.blocks.7.attn.h6,muon<-neutral_hadron,0.028062403202056885,6.825798191130161e-05,0.0,0.0,0.0,6.825798191130161e-05,6.825798191130161e-05,6.825798191130161e-05,0.00010238697286695241
B_tbl_minus_hqql,mod.blocks.6.attn.h5,neutral_hadron<-electron,0.051119080350662656,6.815063509818104e-05,0.0,0.0,0.0,6.815063509818104e-05,6.815063509818104e-05,6.815063509818104e-05,0.00010222595264727157
B_tbl_minus_hqql,mod.blocks.7.attn.h5,muon<-charged_hadron,0.013407408288030914,-6.812110994801377e-05,0.0,0.0,0.0,-6.812110994801377e-05,-6.812110994801377e-05,6.812110994801377e-05,0.00010218166492202064
B_tbl_minus_hqql,mod.blocks.2.attn.h4,electron<-electron,0.009275514787683884,6.811442168933961e-05,0.0,0.0,0.0,6.811442168933961e-05,6.811442168933961e-05,6.811442168933961e-05,0.0001021716325340094
signed_hqql_tbl,mod.blocks.0.attn.h5,photon<-muon,0.010984052311290394,-1.4069314188831909e-05,0.00016156498783787427,-0.00028192469229300815,-0.00011558563138740803,-0.00017563430202670617,0.0002678553781041762,1.4069314188831909e-05,0.000101886465202185
B_tbl_minus_hqql,mod.blocks.6.attn.h5,charged_hadron<-muon,0.11135850530682188,6.760879786628665e-05,0.0,0.0,0.0,6.760879786628665e-05,6.760879786628665e-05,6.760879786628665e-05,0.00010141319679942998
signed_hqql_tbl,mod.blocks.0.attn.h3,neutral_hadron<-neutral_hadron,0.025154115297855474,3.0696289878762445e-05,-0.0001094377555414278,3.168457875769792e-05,-1.2128350650701983e-05,0.00014013404542019024,-9.882888789354734e-07,3.0696289878762445e-05,0.00010076331258885757
B_tbl_minus_hqql,mod.blocks.0.attn.h1,muon<-neutral_hadron,0.023151421546936037,6.692768074572087e-05,0.0,0.0,0.0,6.692768074572087e-05,6.692768074572087e-05,6.692768074572087e-05,0.0001003915211185813
B_tbl_minus_hqql,mod.blocks.5.attn.h3,electron<-photon,0.020770276834567388,-6.680774774091939e-05,0.0,0.0,0.0,-6.680774774091939e-05,-6.680774774091939e-05,6.680774774091939e-05,0.00010021162161137909
B_tbl_minus_hqql,mod.blocks.7.attn.h7,charged_hadron<-muon,0.04730289271383575,6.679245835226594e-05,0.0,0.0,0.0,6.679245835226594e-05,6.679245835226594e-05,6.679245835226594e-05,0.0001001886875283989
signed_hqql_tbl,mod.blocks.0.attn.h3,charged_hadron<-neutral_hadron,0.02220965358196186,3.6333938348775694e-05,-9.078270931904381e-05,3.156293150292759e-05,-2.6950239699011434e-05,0.0001271166476678195,4.771006845848106e-06,3.6333938348775694e-05,9.989226218268545e-05
signed_hqql_tbl,mod.blocks.3.attn.h1,electron<-neutral_hadron,0.01032803078683523,8.81136002135463e-05,0.00011150400632686797,-0.00011076699593104422,2.284611424935671e-05,-2.339040611332166e-05,0.00019888059614459053,8.81136002135463e-05,9.980880327020714e-05
signed_hqql_tbl,mod.blocks.4.attn.h3,electron<-charged_hadron,0.02421047185596667,5.0656811876443066e-05,-4.759770041952531e-05,-2.782310535810117e-05,1.8111890426553146e-05,9.825451229596838e-05,7.847991723454424e-05,5.0656811876443066e-05,9.978406802442726e-05
B_tbl_minus_hqql,mod.blocks.4.attn.h2,charged_hadron<-muon,0.03787024093396736,6.629854694686152e-05,0.0,0.0,0.0,6.629854694686152e-05,6.629854694686152e-05,6.629854694686152e-05,9.944782042029229e-05
B_tbl_minus_hqql,mod.blocks.3.attn.h2,electron<-photon,0.013407802085081737,-6.615036739579713e-05,0.0,0.0,0.0,-6.615036739579713e-05,-6.615036739579713e-05,6.615036739579713e-05,9.92255510936957e-05
signed_hqql_tbl,mod.blocks.4.attn.h3,charged_hadron<-muon,0.017666130354910187,-5.141767729638201e-05,4.404858918860555e-05,2.7368386508896946e-05,9.560464889776096e-06,-9.546626648498756e-05,-7.878606380527896e-05,5.141767729638201e-05,9.915081053887579e-05
signed_hqql_tbl,mod.blocks.2.attn.h6,neutral_hadron<-electron,0.005523540954947328,-5.047737120159686e-05,4.632173488516855e-05,-1.4431838862947189e-05,1.79164368698063e-06,-9.679910608676541e-05,-3.6045532338649674e-05,5.047737120159686e-05,9.887692424497956e-05
signed_hqql_tbl,mod.blocks.2.attn.h5,muon<-muon,0.0026509060990065336,6.190506974235177e-05,-1.1949024610657943e-05,-2.8693704734905623e-05,-0.00011867340239746227,7.385409435300971e-05,9.05987744772574e-05,6.190506974235177e-05,9.883211691885663e-05
signed_hqql_tbl,mod.cls_blocks.1.attn.h4,CLS<-electron,0.000885204575752141,-2.0922017483826494e-05,-0.00017670523129709181,-0.00029966219972266117,4.2794413820956835e-05,0.00015578321381326532,0.0002787401822388347,2.0922017483826494e-05,9.881362439045915e-05
signed_hqql_tbl,mod.cls_blocks.1.attn.h4,charged_hadron<-electron,0.000885204575752141,-2.0922017483826494e-05,-0.00017670523129709181,-6.602266694244463e-05,4.661432467401028e-05,0.00015578321381326532,4.5100649458618136e-05,2.0922017483826494e-05,9.881362439045915e-05
signed_hqql_tbl,mod.blocks.5.attn.h3,electron<-photon,0.02077027509609858,-6.680775744219622e-05,-2.8107289316332233e-06,-4.953974348609336e-05,4.62989052969285e-05,-6.399702851056299e-05,-1.726801395610286e-05,6.680775744219622e-05,9.880627169747771e-05
B_tbl_minus_hqql,mod.blocks.5.attn.h4,neutral_hadron<-electron,0.17900737632925695,-6.585691265242461e-05,0.0,0.0,0.0,-6.585691265242461e-05,-6.585691265242461e-05,6.585691265242461e-05,9.878536897863692e-05
signed_hqql_tbl,mod.blocks.1.attn.h1,neutral_hadron<-electron,0.025078635949354906,7.866483736926547e-05,3.853782936857897e-05,-4.4750470551662146e-05,2.593081104957188e-05,4.01270080006865e-05,0.00012341530792092762,7.866483736926547e-05,9.872834136960872e-05
B_tbl_minus_hqql,mod.blocks.5.attn.h0,photon<-electron,0.05442322790622711,-6.577020394615829e-05,0.0,0.0,0.0,-6.577020394615829e-05,-6.577020394615829e-05,6.577020394615829e-05,9.865530591923743e-05
signed_hqql_tbl,mod.blocks.6.attn.h3,muon<-photon,0.013087160208008507,-8.422604216982357e-06,-0.0001881602891864112,-1.513321850714939e-05,3.7627945078254144e-05,0.00017973768496942882,6.710614290167033e-06,8.422604216982357e-06,9.829144670169676e-05
B_tbl_minus_hqql,mod.blocks.1.attn.h3,charged_hadron<-electron,0.014918246159428045,6.548449949293986e-05,0.0,0.0,0.0,6.548449949293986e-05,6.548449949293986e-05,6.548449949293986e-05,9.822674923940979e-05
B_tbl_minus_hqql,mod.blocks.0.attn.h2,photon<-muon,0.02873636104843833,6.527315020899881e-05,0.0,0.0,0.0,6.527315020899881e-05,6.527315020899881e-05,6.527315020899881e-05,9.790972531349823e-05
B_tbl_minus_hqql,mod.blocks.2.attn.h0,electron<-charged_hadron,0.020515782268423783,-6.492853648715506e-05,0.0,0.0,0.0,-6.492853648715506e-05,-6.492853648715506e-05,6.492853648715506e-05,9.739280473073259e-05
signed_hqql_tbl,mod.blocks.4.attn.h2,charged_hadron<-photon,0.013616313689928772,3.9198274997272356e-05,-7.698419594037599e-05,3.690186970433137e-05,-4.933400999520341e-05,0.00011618247093764835,2.2964052929409857e-06,3.9198274997272356e-05,9.728951046609653e-05
signed_hqql_tbl,mod.blocks.2.attn.h0,photon<-muon,0.037241811102086846,-9.153037204999815e-05,-8.09973616224642e-05,-0.00010531341346601646,-9.373973625770304e-06,-1.0533010427533947e-05,1.3783041416018306e-05,9.153037204999815e-05,9.679687726376512e-05
signed_hqql_tbl,mod.blocks.5.attn.h0,muon<-photon,0.012863526290113276,-1.126708362293853e-05,0.00015898144248729714,-2.7836145212252934e-05,5.2541534906984975e-05,-0.00017024852611023569,1.65690615893144e-05,1.126708362293853e-05,9.639134667805637e-05
B_tbl_minus_hqql,mod.blocks.5.attn.h1,charged_hadron<-muon,0.01916008826458093,6.421528417955746e-05,0.0,0.0,0.0,6.421528417955746e-05,6.421528417955746e-05,6.421528417955746e-05,9.632292626933619e-05
signed_hqql_tbl,mod.blocks.3.attn.h5,muon<-photon,0.020009237256917087,5.4335528561337426e-05,-2.923782035570464e-05,-0.00017152122399281887,-5.3330218228048966e-05,8.357334891704206e-05,0.00022585675255415628,5.4335528561337426e-05,9.612220301985846e-05
B_tbl_minus_hqql,mod.blocks.6.attn.h5,electron<-photon,0.020767286668221155,6.390321844567855e-05,0.0,0.0,0.0,6.390321844567855e-05,6.390321844567855e-05,6.390321844567855e-05,9.585482766851782e-05
B_tbl_minus_hqql,mod.blocks.6.attn.h0,photon<-electron,0.08656212488810221,-6.389305635821075e-05,0.0,0.0,0.0,-6.389305635821075e-05,-6.389305635821075e-05,6.389305635821075e-05,9.583958453731612e-05
B_tbl_minus_hqql,mod.blocks.1.attn.h0,electron<-charged_hadron,0.01828248563565706,-6.381099381925244e-05,0.0,0.0,0.0,-6.381099381925244e-05,-6.381099381925244e-05,6.381099381925244e-05,9.571649072887865e-05
B_tbl_minus_hqql,mod.blocks.0.attn.h3,charged_hadron<-electron,0.019087397738506918,6.380030582046234e-05,0.0,0.0,0.0,6.380030582046234e-05,6.380030582046234e-05,6.380030582046234e-05,9.570045873069351e-05
signed_hqql_tbl,mod.blocks.1.attn.h2,neutral_hadron<-neutral_hadron,0.014700066247202742,5.741215028102977e-05,-1.826317094026018e-05,1.611858535164509e-05,-3.1553275971279846e-05,7.567532122128995e-05,4.1293564929384684e-05,5.741215028102977e-05,9.524981089167474e-05
B_tbl_minus_hqql,mod.blocks.4.attn.h0,muon<-photon,0.012422710657119751,6.339966785162687e-05,0.0,0.0,0.0,6.339966785162687e-05,6.339966785162687e-05,6.339966785162687e-05,9.509950177744031e-05
signed_hqql_tbl,mod.blocks.3.attn.h5,electron<-charged_hadron,0.031634935422947534,7.779951097051565e-05,0.00011226353545983632,7.931214032009586e-05,0.00013896076006858493,-3.4464024489320674e-05,-1.512629349580217e-06,7.779951097051565e-05,9.503152321517598e-05
signed_hqql_tbl,mod.blocks.1.attn.h7,electron<-charged_hadron,0.02082073727720662,7.4027214922305e-05,3.2781515813743074e-05,-1.061799060874458e-05,5.433605019788956e-05,4.1245699108561924e-05,8.464520553104958e-05,7.4027214922305e-05,9.465006447658596e-05
B_tbl_minus_hqql,mod.blocks.3.attn.h3,charged_hadron<-muon,0.02289580215107311,6.307717271600708e-05,0.0,0.0,0.0,6.307717271600708e-05,6.307717271600708e-05,6.307717271600708e-05,9.461575907401063e-05
signed_hqql_tbl,mod.blocks.2.attn.h6,neutral_hadron<-muon,0.009349894523620606,-9.196139872074127e-05,-8.70700205268804e-05,2.2494112272397615e-05,1.928295037477374e-05,-4.891378193860876e-06,-0.00011445551099313889,9.196139872074127e-05,9.440708781767172e-05
B_tbl_minus_hqql,mod.blocks.4.attn.h0,electron<-photon,0.02113418554266294,-6.283152858183409e-05,0.0,0.0,0.0,-6.283152858183409e-05,-6.283152858183409e-05,6.283152858183409e-05,9.424729287275114e-05
B_tbl_minus_hqql,mod.cls_blocks.1.attn.h3,CLS<-charged_hadron,0.017322947268913213,-6.282537691352931e-05,0.0,0.0,0.0,-6.282537691352931e-05,-6.282537691352931e-05,6.282537691352931e-05,9.423806537029396e-05
B_tbl_minus_hqql,mod.blocks.1.attn.h1,electron<-photon,0.016107534368832905,-6.269461846386548e-05,0.0,0.0,0.0,-6.269461846386548e-05,-6.269461846386548e-05,6.269461846386548e-05,9.404192769579822e-05
signed_hqql_tbl,mod.blocks.5.attn.h0,charged_hadron<-muon,0.0162213227965615,6.895438259975477e-05,1.9895867444574834e-05,3.618979244492948e-05,2.691408349986536e-05,4.905851515517993e-05,3.2764590154825284e-05,6.895438259975477e-05,9.348364017734473e-05
signed_hqql_tbl,mod.blocks.7.attn.h4,neutral_hadron<-muon,0.0007781999185681344,4.1716320993145927e-07,0.00018644144938662066,-5.0889952944999095e-06,1.6369320608488202e-05,-0.0001860242861766892,5.506158504431369e-06,4.1716320993145927e-07,9.342930629827605e-05
signed_hqql_tbl,mod.blocks.6.attn.h2,electron<-charged_hadron,0.019670448413020687,3.0471391877845715e-05,-9.52674850608067e-05,7.587055533176994e-05,-7.772964636387769e-06,0.0001257388769386524,-4.539916345392423e-05,3.0471391877845715e-05,9.334083034717192e-05
B_tbl_minus_hqql,mod.blocks.5.attn.h3,electron<-charged_hadron,0.01916163140221646,6.19929357382812e-05,0.0,0.0,0.0,6.19929357382812e-05,6.19929357382812e-05,6.19929357382812e-05,9.298940360742179e-05
B_tbl_minus_hqql,mod.blocks.2.attn.h5,muon<-muon,0.0026509060990065336,6.190506974235177e-05,0.0,0.0,0.0,6.190506974235177e-05,6.190506974235177e-05,6.190506974235177e-05,9.285760461352766e-05
B_tbl_minus_hqql,mod.blocks.2.attn.h3,electron<-photon,0.014468603332837423,-6.15600166687121e-05,0.0,0.0,0.0,-6.15600166687121e-05,-6.15600166687121e-05,6.15600166687121e-05,9.234002500306817e-05
B_tbl_minus_hqql,mod.blocks.5.attn.h7,electron<-photon,0.007263421081006527,-6.145944574503422e-05,0.0,0.0,0.0,-6.145944574503422e-05,-6.145944574503422e-05,6.145944574503422e-05,9.218916861755133e-05
signed_hqql_tbl,mod.blocks.0.attn.h3,photon<-electron,0.017900005479653678,5.72883077741911e-05,-1.2354695562472834e-05,2.7439978761581836e-05,-2.4881421835176864e-05,6.964300333666394e-05,2.9848329012609264e-05,5.72883077741911e-05,9.210980944252307e-05
B_tbl_minus_hqql,mod.blocks.7.attn.h3,neutral_hadron<-electron,0.029160428774328187,6.137487903966023e-05,0.0,0.0,0.0,6.137487903966023e-05,6.137487903966023e-05,6.137487903966023e-05,9.206231855949035e-05
signed_hqql_tbl,mod.blocks.0.attn.h5,electron<-charged_hadron,0.01604532195549262,-2.715265815679327e-05,0.00010261354114239415,-8.955730684636824e-06,-4.998075289108783e-05,-0.00012976619929918741,-1.8196927472156445e-05,2.715265815679327e-05,9.203575780638697e-05
signed_hqql_tbl,mod.blocks.1.attn.h2,electron<-neutral_hadron,0.007563140925832648,-3.7194738592478854e-05,7.234382007936802e-05,1.6661944100633265e-05,3.765626291472775e-05,-0.00010953855867184687,-5.385668269311212e-05,3.7194738592478854e-05,9.19640179284023e-05
B_tbl_minus_hqql,mod.blocks.4.attn.h4,muon<-neutral_hadron,0.014275239408016204,-6.125395302660763e-05,0.0,0.0,0.0,-6.125395302660763e-05,-6.125395302660763e-05,6.125395302660763e-05,9.188092953991144e-05
signed_hqql_tbl,mod.blocks.6.attn.h6,charged_hadron<-electron,0.023959329253748843,-4.606888978742063e-05,-0.00013717633516838152,0.00017788958479516507,8.763418009039015e-06,9.110744538096089e-05,-0.0002239584745825857,4.606888978742063e-05,9.162261247790108e-05
signed_hqql_tbl,mod.blocks.0.attn.h4,muon<-charged_hadron,0.02435914675394694,-9.009802967987277e-05,-9.25759901292622e-05,-0.00013777794083580375,3.2839831315452256e-05,2.4779604493894368e-06,4.767991115593098e-05,9.009802967987277e-05,9.133700990456749e-05
signed_hqql_tbl,mod.blocks.2.attn.h3,electron<-photon,0.01446860283613205,-6.155994875977437e-05,-2.016239055332595e-06,-3.448171992204152e-05,-0.00012347201193840086,-5.9543709704441776e-05,-2.707822883773285e-05,6.155994875977437e-05,9.133180361199525e-05
signed_hqql_tbl,mod.blocks.1.attn.h5,electron<-charged_hadron,0.023795558825919504,-8.19270767590895e-05,-6.387185926238696e-05,-3.64346539137695e-05,-7.647215943507035e-05,-1.8055217496702535e-05,-4.549242284532e-05,8.19270767590895e-05,9.095468550744077e-05
signed_hqql_tbl,mod.blocks.2.attn.h7,photon<-muon,0.019747963005846195,1.4297033141536469e-05,0.00016732582410510915,-4.766441305123624e-05,0.0001222337336262821,-0.00015302879096357267,6.196144619277271e-05,1.4297033141536469e-05,9.081142862332281e-05
signed_hqql_tbl,mod.blocks.5.attn.h1,muon<-charged_hadron,0.019504995057077118,1.937078989364884e-05,0.0001620276054988305,5.589764332398772e-05,0.00011381457127765359,-0.00014265681560518166,-3.652685343033888e-05,1.937078989364884e-05,9.069919769623966e-05
signed_hqql_tbl,mod.blocks.4.attn.h2,electron<-charged_hadron,0.025132381994473308,7.118809145666953e-05,3.2328993547707796e-05,-3.4807307442286236e-05,-0.00013356352064874955,3.8859097908961736e-05,0.00010599539889895577,7.118809145666953e-05,9.06176404111504e-05
signed_hqql_tbl,mod.blocks.2.attn.h1,muon<-photon,0.017434404654936356,-2.898861897516657e-05,-0.00015219637246515887,-0.000124550402341854,-0.00010233060259322104,0.0001232077534899923,9.556178336668742e-05,2.898861897516657e-05,9.059249572016273e-05
B_tbl_minus_hqql,mod.cls_blocks.1.attn.h7,photon<-neutral_hadron,0.036563716207941376,6.026788226639231e-05,0.0,0.0,0.0,6.026788226639231e-05,6.026788226639231e-05,6.026788226639231e-05,9.040182339958847e-05
signed_hqql_tbl,mod.blocks.5.attn.h5,charged_hadron<-muon,0.024346441933602997,4.883963530036536e-05,-3.415362977345164e-05,-0.00020069999154657126,4.6345918630081486e-05,8.299326507381699e-05,0.0002495396268469366,4.883963530036536e-05,9.033626783727385e-05
B_tbl_minus_hqql,mod.blocks.6.attn.h0,electron<-photon,0.01837789292136828,-6.01775284546117e-05,0.0,0.0,0.0,-6.01775284546117e-05,-6.01775284546117e-05,6.01775284546117e-05,9.026629268191755e-05
B_tbl_minus_hqql,mod.blocks.0.attn.h2,neutral_hadron<-photon,0.01199058415558973,-6.0076437883881456e-05,0.0,0.0,0.0,-6.0076437883881456e-05,-6.0076437883881456e-05,6.0076437883881456e-05,9.011465682582219e-05
B_tbl_minus_hqql,mod.blocks.1.attn.h2,electron<-photon,0.018990475187699,5.982947283579658e-05,0.0,0.0,0.0,5.982947283579658e-05,5.982947283579658e-05,5.982947283579658e-05,8.974420925369487e-05
signed_hqql_tbl,mod.blocks.7.attn.h0,neutral_hadron<-electron,0.019841864418524962,-1.2558327888165457e-05,0.000141318108944688,-1.9894808356184513e-05,-2.3480254458263517e-05,-0.00015387643683285345,7.336480468019056e-06,1.2558327888165457e-05,8.949654630459218e-05
B_tbl_minus_hqql,mod.blocks.0.attn.h3,neutral_hadron<-electron,0.017786530347970817,5.965919151024606e-05,0.0,0.0,0.0,5.965919151024606e-05,5.965919151024606e-05,5.965919151024606e-05,8.948878726536909e-05
signed_hqql_tbl,mod.blocks.5.attn.h7,electron<-photon,0.007263421531145771,-6.145945212665538e-05,-5.437825166154653e-06,-1.676348646079922e-05,4.76926472945163e-06,-5.6021626960500726e-05,-4.469596566585616e-05,6.145945212665538e-05,8.947026560690574e-05
signed_hqql_tbl,mod.blocks.2.attn.h4,neutral_hadron<-electron,0.02408413703625019,-3.481206211010711e-05,7.443305207743833e-05,9.850096248555928e-06,-7.428730168612674e-06,-0.00010924511418754543,-4.4662158358663036e-05,3.481206211010711e-05,8.943461920387982e-05
B_tbl_minus_hqql,mod.blocks.7.attn.h1,electron<-photon,0.010909219086170197,-5.949262243423921e-05,0.0,0.0,0.0,-5.949262243423921e-05,-5.949262243423921e-05,5.949262243423921e-05,8.923893365135882e-05
signed_hqql_tbl,mod.blocks.3.attn.h1,electron<-charged_hadron,0.024122149536484165,3.249557999209317e-05,0.00014569967053830622,4.047301167022736e-05,6.53355371014186e-05,-0.00011320409054621305,-7.977431678134192e-06,3.249557999209317e-05,8.90976252651997e-05
signed_hqql_tbl,mod.blocks.2.attn.h2,charged_hadron<-photon,0.015982072729923837,3.863284702116138e-05,-6.2268779668605e-05,3.340992743344313e-05,-4.863358100929924e-05,0.00010090162668976638,5.222919587718248e-06,3.863284702116138e-05,8.908366036604456e-05
B_tbl_minus_hqql,mod.blocks.4.attn.h2,muon<-photon,0.006473187018524517,5.929631879553199e-05,0.0,0.0,0.0,5.929631879553199e-05,5.929631879553199e-05,5.929631879553199e-05,8.894447819329798e-05
B_tbl_minus_hqql,mod.blocks.1.attn.h7,photon<-muon,0.03150269931012934,-5.9176934882998466e-05,0.0,0.0,0.0,-5.9176934882998466e-05,-5.9176934882998466e-05,5.9176934882998466e-05,8.87654023244977e-05
signed_hqql_tbl,mod.blocks.7.attn.h1,electron<-photon,0.010909216540555159,-5.9492590662557634e-05,-1.2708282416237386e-06,-3.5058168577961624e-05,-5.519363232404477e-06,-5.82217624209339e-05,-2.443442208459601e-05,5.9492590662557634e-05,8.860347187302459e-05
signed_hqql_tbl,mod.blocks.0.attn.h2,neutral_hadron<-charged_hadron,0.026025292803439907,4.226378270576368e-05,0.00013491982197691058,-5.109923315779004e-05,-3.115254838154374e-05,-9.26560392711469e-05,9.336301586355372e-05,4.226378270576368e-05,8.859180234133712e-05
B_tbl_minus_hqql,mod.blocks.5.attn.h4,neutral_hadron<-muon,0.046204832196235654,-5.903308046981692e-05,0.0,0.0,0.0,-5.903308046981692e-05,-5.903308046981692e-05,5.903308046981692e-05,8.854962070472538e-05
B_tbl_minus_hqql,mod.blocks.1.attn.h7,charged_hadron<-muon,0.025198474074854996,-5.8972918795365274e-05,0.0,0.0,0.0,-5.8972918795365274e-05,-5.8972918795365274e-05,5.8972918795365274e-05,8.845937819304791e-05
B_tbl_minus_hqql,mod.blocks.6.attn.h2,photon<-electron,0.02666731228431066,5.8958610316039996e-05,0.0,0.0,0.0,5.8958610316039996e-05,5.8958610316039996e-05,5.8958610316039996e-05,8.843791547406e-05
B_tbl_minus_hqql,mod.blocks.2.attn.h7,electron<-photon,0.018121198316415153,-5.890322645427659e-05,0.0,0.0,0.0,-5.890322645427659e-05,-5.890322645427659e-05,5.890322645427659e-05,8.835483968141488e-05
B_tbl_minus_hqql,mod.blocks.0.attn.h0,muon<-photon,0.025324870239604603,5.8901094069535084e-05,0.0,0.0,0.0,5.8901094069535084e-05,5.8901094069535084e-05,5.8901094069535084e-05,8.835164110430263e-05
signed_hqql_tbl,mod.blocks.5.attn.h0,electron<-neutral_hadron,0.01831739357798002,5.603271067509642e-05,0.00012045656677628358,-2.8733954241033645e-06,-1.8527527572587132e-06,-6.442385610118715e-05,5.890610609919979e-05,5.603271067509642e-05,8.824463872569e-05
signed_hqql_tbl,mod.blocks.2.attn.h3,charged_hadron<-neutral_hadron,0.011647935694048102,2.319875727906129e-05,-0.00010669813538599457,4.0816977042558855e-05,-1.131372725728235e-05,0.00012989689266505586,-1.7618219763497564e-05,2.319875727906129e-05,8.814720361158923e-05
signed_hqql_tbl,mod.blocks.2.attn.h4,electron<-charged_hadron,0.025111007063012374,-2.413053918740173e-05,-0.00015201545941332975,-3.0152826173894707e-05,3.9809042391425464e-06,0.00012788492022592802,6.022286986492978e-06,2.413053918740173e-05,8.807299930036574e-05
B_tbl_minus_hqql,mod.blocks.3.attn.h6,photon<-muon,0.006992797959934582,-5.8675846296616577e-05,0.0,0.0,0.0,-5.8675846296616577e-05,-5.8675846296616577e-05,5.8675846296616577e-05,8.801376944492486e-05
signed_hqql_tbl,mod.blocks.1.attn.h2,photon<-electron,0.016679832339286806,-5.075805044422547e-05,2.3719712771708146e-05,-4.57171824694212e-05,3.3941052252329985e-05,-7.447776321593361e-05,-5.040867974804267e-06,5.075805044422547e-05,8.799693205219228e-05
B_tbl_minus_hqql,mod.blocks.2.attn.h1,neutral_hadron<-muon,0.02058226764202118,5.8463594177737833e-05,0.0,0.0,0.0,5.8463594177737833e-05,5.8463594177737833e-05,5.8463594177737833e-05,8.769539126660675e-05
signed_hqql_tbl,mod.blocks.4.attn.h7,muon<-neutral_hadron,0.014057917892932892,8.701857295818627e-05,8.614408216089942e-05,-2.1331341486074962e-05,7.251790204621932e-05,8.744907972868505e-07,0.00010834991444426123,8.701857295818627e-05,8.745581835682968e-05
B_tbl_minus_hqql,mod.blocks.4.attn.h1,charged_hadron<-electron,0.08192975583829377,5.8218971581051226e-05,0.0,0.0,0.0,5.8218971581051226e-05,5.8218971581051226e-05,5.8218971581051226e-05,8.732845737157684e-05
signed_hqql_tbl,mod.blocks.3.attn.h6,photon<-muon,0.006992797959934582,-5.8675846296616577e-05,-1.739004731532007e-06,1.0997219110972115e-05,-1.3291430117793164e-06,-5.693684156508457e-05,-6.96730654075887e-05,5.8675846296616577e-05,8.714426707915886e-05
signed_hqql_tbl,mod.blocks.3.attn.h4,charged_hadron<-muon,0.007541791056141708,4.17274625788471e-06,0.0001698117470368743,-2.57995052379556e-06,-1.5583681740380084e-05,-0.0001656390007789896,6.752696781680271e-06,4.17274625788471e-06,8.69922466473795e-05
signed_hqql_tbl,mod.blocks.1.attn.h4,muon<-photon,0.01871035857634111,-3.730684561146931e-05,6.164128605562907e-05,-3.513028856278175e-05,-6.358903920045123e-05,-9.894813166709838e-05,-2.17655704868756e-06,3.730684561146931e-05,8.67809114450185e-05
signed_hqql_tbl,mod.blocks.5.attn.h4,muon<-charged_hadron,0.02220824993017948,2.1081816433279805e-05,-0.0001101936756943663,2.962742291856557e-05,6.269073606109673e-06,0.0001312754921276461,-8.545606485285767e-06,2.1081816433279805e-05,8.671956249710285e-05
B_tbl_minus_hqql,mod.cls_blocks.1.attn.h2,CLS<-charged_hadron,0.0191078418753049,-5.772501232635825e-05,0.0,0.0,0.0,-5.772501232635825e-05,-5.772501232635825e-05,5.772501232635825e-05,8.658751848953737e-05
signed_hqql_tbl,mod.blocks.0.attn.h6,neutral_hadron<-charged_hadron,0.02499115835190801,-1.880107058055902e-05,0.0001164977067477397,-2.954743897220429e-07,-1.3803606812279064e-05,-0.0001352987773282987,-1.8505596190836977e-05,1.880107058055902e-05,8.645045924470838e-05
signed_hqql_tbl,mod.blocks.0.attn.h3,charged_hadron<-electron,0.019087396562099457,6.380032037237757e-05,1.8626643965641656e-05,8.360444616269448e-06,-7.301046025531832e-06,4.5173676406735916e-05,5.5439875756108124e-05,6.380032037237757e-05,8.638715857574552e-05
signed_hqql_tbl,mod.cls_blocks.1.attn.h5,photon<-CLS,0.0007117971545085311,-3.00931296806084e-05,8.231450065068202e-05,0.0,0.0,-0.00011240763033129041,-3.00931296806084e-05,3.00931296806084e-05,8.62969448462536e-05
B_tbl_minus_hqql,mod.blocks.1.attn.h2,neutral_hadron<-neutral_hadron,0.014700067583964064,5.741213801919378e-05,0.0,0.0,0.0,5.741213801919378e-05,5.741213801919378e-05,5.741213801919378e-05,8.611820702879067e-05
signed_hqql_tbl,mod.blocks.4.attn.h7,muon<-charged_hadron,0.01979187401858243,-1.6119013625112448e-05,0.00012379609203586975,6.212610751390457e-05,-2.429450733070991e-05,-0.0001399151056609822,-7.824512113901701e-05,1.6119013625112448e-05,8.607656645560354e-05
B_tbl_minus_hqql,mod.blocks.4.attn.h5,electron<-photon,0.015627361088991164,5.7333745644427836e-05,0.0,0.0,0.0,5.7333745644427836e-05,5.7333745644427836e-05,5.7333745644427836e-05,8.600061846664175e-05
signed_hqql_tbl,mod.blocks.0.attn.h7,electron<-photon,0.01735848784446716,-3.7757692431720595e-05,5.8612593940259626e-05,2.650939443680857e-05,2.574174991482264e-05,-9.637028637198022e-05,-6.426708686852916e-05,3.7757692431720595e-05,8.59428356177107e-05
B_tbl_minus_hqql,mod.blocks.0.attn.h3,photon<-electron,0.017900005479653678,5.728829128202051e-05,0.0,0.0,0.0,5.728829128202051e-05,5.728829128202051e-05,5.728829128202051e-05,8.593243692303076e-05
signed_hqql_tbl,mod.blocks.4.attn.h2,photon<-muon,0.022457828575914555,7.106109776280142e-05,4.149728808372926e-05,1.8409357705552664e-05,-1.8811935141067288e-06,2.9563809679072163e-05,5.265174005724876e-05,7.106109776280142e-05,8.58430026023375e-05
signed_hqql_tbl,mod.blocks.2.attn.h2,electron<-neutral_hadron,0.005200939688130837,-3.57053872204023e-05,6.43679986751522e-05,6.20340567547828e-05,5.651376268360764e-05,-0.0001000733858955545,-9.77394439751851e-05,3.57053872204023e-05,8.574208016817956e-05
signed_hqql_tbl,mod.blocks.4.attn.h7,neutral_hadron<-electron,0.09775797564249772,-1.8816833639553246e-05,0.00011500023846622298,0.00011771118035539984,2.282606631827851e-05,-0.00013381707210577623,-0.00013652801399495308,1.8816833639553246e-05,8.572536969244136e-05
signed_hqql_tbl,mod.blocks.1.attn.h5,photon<-electron,0.04413922329743703,-6.869664357509465e-05,-3.497007440143664e-05,4.628276656148955e-05,-1.8592356921887242e-05,-3.372656917365801e-05,-0.0001149794101365842,6.869664357509465e-05,8.555992816192365e-05
B_tbl_minus_hqql,mod.blocks.6.attn.h3,electron<-charged_hadron,0.012314470778954657,5.690973790107915e-05,0.0,0.0,0.0,5.690973790107915e-05,5.690973790107915e-05,5.690973790107915e-05,8.536460685161872e-05
signed_hqql_tbl,mod.blocks.2.attn.h2,electron<-photon,0.015577726562817891,-3.391038189874962e-05,6.834834805756276e-05,0.00014171146696233855,-0.00011734287224274564,-0.00010225872995631238,-0.00017562184886108818,3.391038189874962e-05,8.50397468769058e-05
B_tbl_minus_hqql,mod.blocks.4.attn.h6,muon<-photon,0.017638280987739563,5.661594596776095e-05,0.0,0.0,0.0,5.661594596776095e-05,5.661594596776095e-05,5.661594596776095e-05,8.492391895164143e-05
B_tbl_minus_hqql,mod.blocks.0.attn.h7,muon<-photon,0.01921754398129203,-5.6345396759835154e-05,0.0,0.0,0.0,-5.6345396759835154e-05,-5.6345396759835154e-05,5.6345396759835154e-05,8.451809513975273e-05
signed_hqql_tbl,mod.blocks.2.attn.h4,charged_hadron<-neutral_hadron,0.025086591922310414,3.822838911658217e-05,-5.434258900758986e-05,2.226360664959603e-05,-2.533120060464709e-05,9.257097812417203e-05,1.596478246698614e-05,3.822838911658217e-05,8.45138781786682e-05
B_tbl_minus_hqql,mod.blocks.5.attn.h1,electron<-photon,0.012618290881315867,-5.6336441775783894e-05,0.0,0.0,0.0,-5.6336441775783894e-05,-5.6336441775783894e-05,5.6336441775783894e-05,8.450466266367583e-05
signed_hqql_tbl,mod.blocks.3.attn.h3,electron<-photon,0.015587763860821724,-2.1262828037530806e-05,-0.00014748271080731814,2.8186159137736206e-05,-5.463083945940454e-05,0.00012621988276978734,-4.944898717526701e-05,2.1262828037530806e-05,8.437276942242448e-05
signed_hqql_tbl,mod.blocks.1.attn.h6,muon<-photon,0.0191783837296746,3.632911301048642e-05,-5.934324872214347e-05,-0.0004202743460025106,-3.24715360225777e-05,9.56723617326299e-05,0.000456603459012997,3.632911301048642e-05,8.416529387680137e-05
signed_hqql_tbl,mod.blocks.4.attn.h2,electron<-photon,0.013938268025716146,4.2036942613776776e-05,-4.219262258889752e-05,-2.381048424077952e-05,-0.00013606485422374076,8.42295652026743e-05,6.58474268545563e-05,4.2036942613776776e-05,8.415172521511393e-05
B_tbl_minus_hqql,mod.blocks.5.attn.h0,electron<-neutral_hadron,0.0183173925212871,5.6032812013794544e-05,0.0,0.0,0.0,5.6032812013794544e-05,5.6032812013794544e-05,5.6032812013794544e-05,8.404921802069181e-05
signed_hqql_tbl,mod.blocks.4.attn.h4,muon<-charged_hadron,0.017990536762006355,-3.382341343570839e-06,0.0001579467032570392,-3.0172185506671668e-05,3.0402888344735447e-05,-0.00016132904460061003,2.6789844163100828e-05,3.382341343570839e-06,8.404686364387586e-05
signed_hqql_tbl,mod.blocks.4.attn.h3,muon<-neutral_hadron,0.005566633492708206,2.9271010134834797e-06,-0.00015909379362710752,-9.042085730470717e-05,-7.579936051194597e-07,0.000162020894640591,9.334795831819064e-05,2.9271010134834797e-06,8.393754833377897e-05
signed_hqql_tbl,mod.cls_blocks.1.attn.h6,charged_hadron<-muon,0.008208392187952995,1.5383848221972585e-05,0.00015184850781224668,0.0,-0.0001627324266824104,-0.0001364646595902741,1.5383848221972585e-05,1.5383848221972585e-05,8.361617801710963e-05
signed_hqql_tbl,mod.blocks.1.attn.h4,photon<-muon,0.022006002339449795,-3.548901242373342e-05,-0.00013121544347646146,5.994026460463092e-05,-5.519780513298298e-07,9.572643105272804e-05,-9.542927702836434e-05,3.548901242373342e-05,8.335222795009743e-05
B_tbl_minus_hqql,mod.blocks.3.attn.h2,muon<-neutral_hadron,0.01653463691473007,-5.552046932280064e-05,0.0,0.0,0.0,-5.552046932280064e-05,-5.552046932280064e-05,5.552046932280064e-05,8.328070398420096e-05
signed_hqql_tbl,mod.blocks.7.attn.h1,charged_hadron<-electron,0.029821928002332385,-3.1208593818040465e-05,7.280989045587679e-05,1.5757199351397482e-05,-8.864809558417619e-06,-0.00010401848427391725,-4.696579316943795e-05,3.1208593818040465e-05,8.321783595499908e-05
B_tbl_minus_hqql,mod.blocks.2.attn.h1,neutral_hadron<-electron,0.029085764589791115,5.539932093457677e-05,0.0,0.0,0.0,5.539932093457677e-05,5.539932093457677e-05,5.539932093457677e-05,8.309898140186515e-05
B_tbl_minus_hqql,mod.blocks.2.attn.h0,charged_hadron<-muon,0.02422457572185632,5.535593002357266e-05,0.0,0.0,0.0,5.535593002357266e-05,5.535593002357266e-05,5.535593002357266e-05,8.3033895035359e-05
B_tbl_minus_hqql,mod.blocks.0.attn.h6,charged_hadron<-electron,0.031995803902023716,5.534145978009818e-05,0.0,0.0,0.0,5.534145978009818e-05,5.534145978009818e-05,5.534145978009818e-05,8.301218967014727e-05
signed_hqql_tbl,mod.blocks.6.attn.h2,photon<-electron,0.02666731004913648,5.8958575330810466e-05,1.1002671101323358e-05,3.328480618490305e-06,-4.423416125914687e-05,4.795590422948711e-05,5.563009471232016e-05,5.8958575330810466e-05,8.293652744555402e-05
signed_hqql_tbl,mod.blocks.6.attn.h7,electron<-charged_hadron,0.025281808878246107,8.199560531801054e-05,8.361918153241277e-05,-0.0003134987280896769,3.635465691331774e-05,-1.6235762144022368e-06,0.0003954943334076874,8.199560531801054e-05,8.280739342521166e-05
B_tbl_minus_hqql,mod.blocks.0.attn.h4,neutral_hadron<-photon,0.013782300614629896,5.519400125434177e-05,0.0,0.0,0.0,5.519400125434177e-05,5.519400125434177e-05,5.519400125434177e-05,8.279100188151266e-05
B_tbl_minus_hqql,mod.blocks.7.attn.h2,electron<-photon,0.020677074044942855,5.519103918535014e-05,0.0,0.0,0.0,5.519103918535014e-05,5.519103918535014e-05,5.519103918535014e-05,8.278655877802521e-05
signed_hqql_tbl,mod.blocks.0.attn.h0,charged_hadron<-neutral_hadron,0.01752316967090012,-2.429010608960643e-05,9.248164415685669e-05,-5.596682042005915e-06,2.4989491959706487e-05,-0.00011677175024646312,-1.8693424047600513e-05,2.429010608960643e-05,8.2675981212838e-05
signed_hqql_tbl,mod.blocks.6.attn.h0,photon<-electron,0.0865621159474055,-6.389301173233737e-05,-2.6888711155541906e-05,-5.4859503766887686e-05,3.5020907548582786e-06,-3.700430057679547e-05,-9.033507965449685e-06,6.389301173233737e-05,8.23951620207351e-05
signed_hqql_tbl,mod.blocks.3.attn.h6,muon<-neutral_hadron,0.00730830654501915,-3.536560107022524e-05,-0.00012928975502290996,-0.00011431009625084698,6.473750014449656e-05,9.392415395268472e-05,7.894449518062175e-05,3.536560107022524e-05,8.232767804656761e-05
B_tbl_minus_hqql,mod.blocks.0.attn.h0,electron<-charged_hadron,0.01745259879451049,-5.4834082747172365e-05,0.0,0.0,0.0,-5.4834082747172365e-05,-5.4834082747172365e-05,5.4834082747172365e-05,8.225112412075855e-05
signed_hqql_tbl,mod.blocks.7.attn.h5,muon<-charged_hadron,0.013407408288030914,-6.812110994801377e-05,-9.616086026653647e-05,4.708177293650806e-05,-9.390015746971749e-05,2.8039750318522707e-05,-0.00011520288288452182,6.812110994801377e-05,8.214098510727513e-05
signed_hqql_tbl,mod.blocks.6.attn.h0,charged_hadron<-electron,0.05878936068007821,-8.15571011595526e-05,-8.248943786990519e-05,-2.6249711136815364e-05,7.44997123547364e-07,9.323367103525901e-07,-5.530739002273723e-05,8.15571011595526e-05,8.202326951472889e-05
signed_hqql_tbl,mod.blocks.6.attn.h7,neutral_hadron<-electron,0.16891291021154478,-1.0720369503430378e-05,-0.00015310502658394398,2.4725996190682054e-05,3.149267649860121e-05,0.0001423846570805136,-3.544636569411243e-05,1.0720369503430378e-05,8.191269804368718e-05
B_tbl_minus_hqql,mod.blocks.4.attn.h0,neutral_hadron<-muon,0.019022126495838166,5.4446968715637925e-05,0.0,0.0,0.0,5.4446968715637925e-05,5.4446968715637925e-05,5.4446968715637925e-05,8.16704530734569e-05
signed_hqql_tbl,mod.blocks.5.attn.h7,electron<-neutral_hadron,0.014123750420717092,1.1522141553891393e-05,-0.0001285212656512158,-0.00014336913474835455,2.5331205142720138e-05,0.00014004340720510719,0.00015489127630224594,1.1522141553891393e-05,8.154384515644499e-05
B_tbl_minus_hqql,mod.blocks.3.attn.h5,muon<-photon,0.020009237256917087,5.4335528561337426e-05,0.0,0.0,0.0,5.4335528561337426e-05,5.4335528561337426e-05,5.4335528561337426e-05,8.150329284200615e-05
signed_hqql_tbl,mod.blocks.7.attn.h7,muon<-neutral_hadron,0.007003123313188553,-4.2476120870560405e-05,3.507904511934612e-05,-8.009754674276337e-05,-0.00018585934310027844,-7.755516598990652e-05,3.7621425872202965e-05,4.2476120870560405e-05,8.125370386551366e-05
signed_hqql_tbl,mod.blocks.6.attn.h7,photon<-muon,0.0028095948086543517,4.121308682608122e-07,-0.00016109476004763006,-1.7310615346234824e-06,-3.308080554883678e-06,0.00016150689091589087,2.1431924028842946e-06,4.121308682608122e-07,8.116557632620625e-05
B_tbl_minus_hqql,mod.blocks.7.attn.h0,electron<-photon,0.023857470353444418,-5.393304551641146e-05,0.0,0.0,0.0,-5.393304551641146e-05,-5.393304551641146e-05,5.393304551641146e-05,8.08995682746172e-05
signed_hqql_tbl,mod.cls_blocks.1.attn.h5,charged_hadron<-CLS,0.0031640715897083282,2.595043770270422e-05,0.00013564956429945596,0.0,0.0,-0.00010969912659675174,2.595043770270422e-05,2.595043770270422e-05,8.080000100108009e-05
B_tbl_minus_hqql,mod.blocks.4.attn.h4,electron<-charged_hadron,0.01773446406188764,-5.3779124037215586e-05,0.0,0.0,0.0,-5.3779124037215586e-05,-5.3779124037215586e-05,5.3779124037215586e-05,8.066868605582338e-05
B_tbl_minus_hqql,mod.blocks.2.attn.h4,charged_hadron<-electron,0.02379548314370607,5.35222398435795e-05,0.0,0.0,0.0,5.35222398435795e-05,5.35222398435795e-05,5.35222398435795e-05,8.028335976536925e-05
signed_hqql_tbl,mod.blocks.0.attn.h2,electron<-neutral_hadron,0.01385304883968694,7.968422229527487e-05,8.051132607356237e-05,-6.382353603839874e-08,-2.137380555116882e-05,-8.271037782875017e-07,7.974804583131327e-05,7.968422229527487e-05,8.009777418441861e-05
B_tbl_minus_hqql,mod.blocks.0.attn.h1,electron<-photon,0.013238845020532608,-5.3360683765883246e-05,0.0,0.0,0.0,-5.3360683765883246e-05,-5.3360683765883246e-05,5.3360683765883246e-05,8.004102564882488e-05
signed_hqql_tbl,mod.blocks.4.attn.h3,muon<-charged_hadron,0.021528256661964184,6.369037278504535e-06,0.00015343799411008754,4.570037708617747e-05,3.877500947340425e-05,-0.00014706895683158302,-3.933133980767293e-05,6.369037278504535e-06,7.990351569429605e-05
signed_hqql_tbl,mod.blocks.3.attn.h0,neutral_hadron<-muon,0.011384081095457077,1.814248680602759e-05,-0.00010536656401427535,4.5743712689727545e-05,-1.1368207394654114e-05,0.00012350905082030293,-2.7601225883699954e-05,1.814248680602759e-05,7.989701221617906e-05
signed_hqql_tbl,mod.blocks.2.attn.h3,muon<-charged_hadron,0.018058056181127376,2.6055371783899538e-05,0.00013367222854867577,0.00023301634937524795,-6.119518804487335e-05,-0.00010761685676477623,-0.0002069609775913484,2.6055371783899538e-05,7.986380016628764e-05
B_tbl_minus_hqql,mod.blocks.4.attn.h6,electron<-photon,0.016108341266711554,5.2997178863734006e-05,0.0,0.0,0.0,5.2997178863734006e-05,5.2997178863734006e-05,5.2997178863734006e-05,7.9495768295601e-05
signed_hqql_tbl,mod.blocks.3.attn.h1,photon<-electron,0.022144452234109244,3.9599717395806996e-05,0.00011915812605626083,6.16862166680221e-05,-3.590008324048446e-05,-7.955840866045384e-05,-2.20864992722151e-05,3.9599717395806996e-05,7.937892172603392e-05
signed_hqql_tbl,mod.blocks.7.attn.h5,photon<-muon,0.012457292188297619,1.6012668228623543e-05,0.00014232752325299842,-6.142330710731802e-05,3.0984594689341194e-05,-0.00012631485502437488,7.743597533594156e-05,1.6012668228623543e-05,7.917009574081098e-05
signed_hqql_tbl,mod.blocks.1.attn.h5,neutral_hadron<-electron,0.009425832208272858,-8.99786749204605e-06,-0.00014920813066510163,-1.1964039294980467e-05,-2.2970910504227503e-05,0.00014021026317305557,2.966171802934416e-06,8.99786749204605e-06,7.910299907857383e-05
B_tbl_minus_hqql,mod.blocks.4.attn.h3,charged_hadron<-electron,0.027677846582312333,5.268352661484019e-05,0.0,0.0,0.0,5.268352661484019e-05,5.268352661484019e-05,5.268352661484019e-05,7.902528992226028e-05
B_tbl_minus_hqql,mod.blocks.6.attn.h4,charged_hadron<-electron,0.03936314974960528,-5.239112607868217e-05,0.0,0.0,0.0,-5.239112607868217e-05,-5.239112607868217e-05,5.239112607868217e-05,7.858668911802326e-05
signed_hqql_tbl,mod.blocks.0.attn.h4,neutral_hadron<-muon,0.012537394464015961,5.224001943133771e-05,-2.737906470429152e-07,-1.3606997526949272e-05,-5.735251634968849e-05,5.251381007838063e-05,6.584701695828698e-05,5.224001943133771e-05,7.849692447052802e-05
B_tbl_minus_hqql,mod.blocks.0.attn.h4,neutral_hadron<-muon,0.012537394464015961,5.224001943133771e-05,0.0,0.0,0.0,5.224001943133771e-05,5.224001943133771e-05,5.224001943133771e-05,7.836002914700656e-05
signed_hqql_tbl,mod.blocks.1.attn.h3,charged_hadron<-muon,0.00450984998182817,-3.3097521571273155e-05,-0.000123291303558896,2.272535130032338e-06,-3.180086524337979e-05,9.019378198762284e-05,-3.537005670130549e-05,3.3097521571273155e-05,7.819441256508457e-05
signed_hqql_tbl,mod.blocks.3.attn.h1,muon<-photon,0.011682014573704113,2.050598480061374e-05,-9.437686262222436e-05,-0.000341101460868404,-0.00011723072072657357,0.00011488284742283811,0.00036160744566901776,2.050598480061374e-05,7.79474085120328e-05
signed_hqql_tbl,mod.blocks.3.attn.h2,photon<-electron,0.03998225231965383,6.959497113712132e-06,-0.0001348022061782623,-7.2570058234435105e-06,-1.919763797724789e-05,0.00014176170329197442,1.4216502937155642e-05,6.959497113712132e-06,7.784034875969934e-05
signed_hqql_tbl,mod.cls_blocks.1.attn.h2,muon<-muon,0.0,0.0,-0.0001552525645820424,0.0,0.0,0.0001552525645820424,0.0,0.0,7.76262822910212e-05
signed_hqql_tbl,mod.blocks.4.attn.h1,electron<-photon,0.01153960513571898,-7.020841051902001e-05,-5.543946424170697e-05,-3.942346614037108e-05,-6.891332730021956e-06,-1.4768946277313043e-05,-3.078494437864893e-05,7.020841051902001e-05,7.759288365767653e-05
B_tbl_minus_hqql,mod.cls_blocks.1.attn.h6,CLS<-neutral_hadron,0.015113672422659066,-5.168677297559851e-05,0.0,0.0,0.0,-5.168677297559851e-05,-5.168677297559851e-05,5.168677297559851e-05,7.753015946339777e-05
signed_hqql_tbl,mod.blocks.7.attn.h6,muon<-charged_hadron,0.008335054823846527,-4.596471571307065e-06,-0.0001498140317077438,0.00011733872815966606,-0.00013346534155039903,0.00014521756013643675,-0.00012193519973097312,4.596471571307065e-06,7.720525163952544e-05
B_tbl_minus_hqql,mod.blocks.4.attn.h3,charged_hadron<-muon,0.017666130354910187,-5.141767729638201e-05,0.0,0.0,0.0,-5.141767729638201e-05,-5.141767729638201e-05,5.141767729638201e-05,7.712651594457301e-05
signed_hqql_tbl,mod.blocks.1.attn.h3,charged_hadron<-neutral_hadron,0.013146123196498303,2.5130181819702847e-05,-7.793881043137328e-05,4.2664074183076386e-05,-3.6389765706279097e-05,0.00010306899225107613,-1.753389236337354e-05,2.5130181819702847e-05,7.66646779452409e-05
B_tbl_minus_hqql,mod.blocks.1.attn.h2,photon<-electron,0.016679833829402923,-5.0758078577928246e-05,0.0,0.0,0.0,-5.0758078577928246e-05,-5.0758078577928246e-05,5.0758078577928246e-05,7.613711786689237e-05
B_tbl_minus_hqql,mod.blocks.0.attn.h3,electron<-charged_hadron,0.021071894780585642,-5.075427562635588e-05,0.0,0.0,0.0,-5.075427562635588e-05,-5.075427562635588e-05,5.075427562635588e-05,7.613141343953382e-05
B_tbl_minus_hqql,mod.blocks.4.attn.h3,electron<-charged_hadron,0.024210471071695026,5.065679770747298e-05,0.0,0.0,0.0,5.065679770747298e-05,5.065679770747298e-05,5.065679770747298e-05,7.598519656120946e-05
signed_hqql_tbl,mod.blocks.5.attn.h5,electron<-charged_hadron,0.018213967743672822,-4.4005060580706124e-05,-0.00010746157689330478,5.7930132138660585e-05,-2.475712426530663e-05,6.345651631259866e-05,-0.00010193519271936672,4.4005060580706124e-05,7.573331873700546e-05
B_tbl_minus_hqql,mod.blocks.2.attn.h6,neutral_hadron<-electron,0.005523544534718474,-5.047742709179532e-05,0.0,0.0,0.0,-5.047742709179532e-05,-5.047742709179532e-05,5.047742709179532e-05,7.571614063769298e-05
signed_hqql_tbl,mod.blocks.0.attn.h1,electron<-photon,0.013238844523827235,-5.3360678915244834e-05,-9.796522187701027e-05,1.3900875273975544e-05,3.5219875696514336e-06,4.4604542961765435e-05,-6.726155418922038e-05,5.3360678915244834e-05,7.566295039612756e-05
signed_hqql_tbl,mod.blocks.0.attn.h2,neutral_hadron<-neutral_hadron,0.004715363534589228,-4.8846213753091405e-05,-0.00010212779507585314,-2.310799501393108e-06,3.840145409102533e-06,5.328158132276174e-05,-4.65354142516983e-05,4.8846213753091405e-05,7.548700441447228e-05
signed_hqql_tbl,mod.blocks.2.attn.h7,charged_hadron<-photon,0.017143945572295486,-3.10259699558014e-05,5.771387192438757e-05,-1.640543741612408e-05,3.8575903126678e-05,-8.873984188018897e-05,-1.4620532539677323e-05,3.10259699558014e-05,7.539589089589589e-05
signed_hqql_tbl,mod.blocks.3.attn.h2,charged_hadron<-photon,0.014882493323289609,2.4486258867726523e-05,-7.723541960064674e-05,7.873910959722775e-06,-5.694912031602382e-05,0.00010172167846837326,1.6612347908003746e-05,2.4486258867726523e-05,7.534709810191316e-05
B_tbl_minus_hqql,mod.blocks.3.attn.h1,muon<-neutral_hadron,0.0132641538977623,5.019384552724659e-05,0.0,0.0,0.0,5.019384552724659e-05,5.019384552724659e-05,5.019384552724659e-05,7.529076829086988e-05
signed_hqql_tbl,mod.blocks.4.attn.h0,photon<-neutral_hadron,0.015424080512155146,-2.18637612618536e-05,8.497968818351663e-05,-2.231161118124355e-05,1.2902457507632417e-05,-0.00010684344944537024,4.478499193899508e-07,2.18637612618536e-05,7.528548598453871e-05
B_tbl_minus_hqql,mod.blocks.4.attn.h3,electron<-photon,0.017261735101540884,5.0173876419042546e-05,0.0,0.0,0.0,5.0173876419042546e-05,5.0173876419042546e-05,5.0173876419042546e-05,7.526081462856382e-05
B_tbl_minus_hqql,mod.blocks.0.attn.h4,photon<-electron,0.038338802258173627,4.997897164381963e-05,0.0,0.0,0.0,4.997897164381963e-05,4.997897164381963e-05,4.997897164381963e-05,7.496845746572945e-05
signed_hqql_tbl,mod.blocks.1.attn.h0,photon<-electron,0.050851599375406904,7.203227578429505e-05,6.656674148481605e-05,0.00010225445709823231,-0.00011106816047875138,5.4655342994789984e-06,-3.0222181313937263e-05,7.203227578429505e-05,7.476504293403455e-05
signed_hqql_tbl,mod.blocks.1.attn.h2,neutral_hadron<-muon,0.01457626074552536,2.5657954392954706e-05,0.0001236895132024074,3.604143421398476e-05,-5.480896670778426e-06,-9.803155880945269e-05,-1.0383479821030051e-05,2.5657954392954706e-05,7.467373379768105e-05
B_tbl_minus_hqql,mod.blocks.3.attn.h7,electron<-charged_hadron,0.02903367657410471,4.9712369218468666e-05,0.0,0.0,0.0,4.9712369218468666e-05,4.9712369218468666e-05,4.9712369218468666e-05,7.4568553827703e-05
signed_hqql_tbl,mod.blocks.6.attn.h2,charged_hadron<-muon,0.011590262254079184,-6.7594761882598204e-06,-0.00014232163472721975,1.5563398483209313e-05,-1.7928140145356217e-06,0.00013556215853895994,-2.2322874671469135e-05,6.7594761882598204e-06,7.45405554577398e-05
signed_hqql_tbl,mod.blocks.3.attn.h7,electron<-charged_hadron,0.029033677358376354,4.9712326328613255e-05,6.532001619537671e-07,4.3595945007628064e-05,1.338526681138319e-05,4.905912616665949e-05,6.116381320985191e-06,4.9712326328613255e-05,7.4241889411943e-05
signed_hqql_tbl,mod.blocks.2.attn.h0,charged_hadron<-muon,0.02422457572185632,5.535593002357266e-05,1.7737088880191245e-05,-8.867002325132489e-05,-6.16555477012824e-05,3.761884114338142e-05,0.00014402595327489754,5.535593002357266e-05,7.416535059526337e-05
B_tbl_minus_hqql,mod.blocks.7.attn.h6,muon<-photon,0.026563579385930843,-4.942534724250436e-05,0.0,0.0,0.0,-4.942534724250436e-05,-4.942534724250436e-05,4.942534724250436e-05,7.413802086375654e-05
signed_hqql_tbl,mod.blocks.7.attn.h1,neutral_hadron<-muon,0.05430672764778137,1.3280065104481765e-06,0.00014685853420814965,4.176724360149819e-06,1.3416459335965794e-06,-0.00014553052769770148,-2.848717849701643e-06,1.3280065104481765e-06,7.409327035929891e-05
signed_hqql_tbl,mod.blocks.1.attn.h7,photon<-muon,0.03150269931012934,-5.9176934882998466e-05,-2.9508463320290993e-05,-0.00024050562864258175,0.0001370193578103291,-2.9668471562707473e-05,0.00018132869375958328,5.9176934882998466e-05,7.40111706643522e-05
B_tbl_minus_hqql,mod.blocks.3.attn.h5,neutral_hadron<-electron,0.018246884959248397,4.922097405841878e-05,0.0,0.0,0.0,4.922097405841878e-05,4.922097405841878e-05,4.922097405841878e-05,7.383146108762818e-05
B_tbl_minus_hqql,mod.blocks.5.attn.h5,photon<-muon,0.011289392682639036,4.922086372971535e-05,0.0,0.0,0.0,4.922086372971535e-05,4.922086372971535e-05,4.922086372971535e-05,7.383129559457302e-05
signed_hqql_tbl,mod.blocks.5.attn.h7,charged_hadron<-muon,0.07926323919585257,1.0707988015686473e-05,-0.00011487782467156649,-0.0011659268289804458,0.0002333371877580522,0.00012558581268725297,0.0011766348169961322,1.0707988015686473e-05,7.350089435931295e-05
B_tbl_minus_hqql,mod.blocks.3.attn.h7,neutral_hadron<-electron,0.15955010514992934,-4.899083908709984e-05,0.0,0.0,0.0,-4.899083908709984e-05,-4.899083908709984e-05,4.899083908709984e-05,7.348625863064977e-05
B_tbl_minus_hqql,mod.blocks.0.attn.h2,neutral_hadron<-neutral_hadron,0.004715363552957523,-4.8846266402312e-05,0.0,0.0,0.0,-4.8846266402312e-05,-4.8846266402312e-05,4.8846266402312e-05,7.3269399603468e-05
B_tbl_minus_hqql,mod.blocks.5.attn.h5,charged_hadron<-muon,0.024346441933602997,4.883963530036536e-05,0.0,0.0,0.0,4.883963530036536e-05,4.883963530036536e-05,4.883963530036536e-05,7.325945295054804e-05
B_tbl_minus_hqql,mod.blocks.7.attn.h6,electron<-photon,0.016906810055176417,4.868451845444118e-05,0.0,0.0,0.0,4.868451845444118e-05,4.868451845444118e-05,4.868451845444118e-05,7.302677768166177e-05
signed_hqql_tbl,mod.blocks.2.attn.h3,neutral_hadron<-electron,0.05708410361638436,3.640159355619779e-06,0.00014184159613250813,8.853208855725825e-06,-1.99584974325262e-06,-0.00013820143677688835,-5.213049500106046e-06,3.640159355619779e-06,7.274087774406395e-05
signed_hqql_tbl,mod.blocks.1.attn.h0,muon<-photon,0.01877899874340404,4.051261666146192e-05,-2.3799294677491372e-05,7.225847470441035e-05,5.5164910528609266e-05,6.431191133895329e-05,-3.1745858042948435e-05,4.051261666146192e-05,7.266857233093857e-05
B_tbl_minus_hqql,mod.blocks.6.attn.h5,photon<-muon,0.07454412091862071,-4.8385176341980696e-05,0.0,0.0,0.0,-4.8385176341980696e-05,-4.8385176341980696e-05,4.8385176341980696e-05,7.257776451297104e-05
B_tbl_minus_hqql,mod.blocks.3.attn.h2,muon<-charged_hadron,0.011616560545834627,4.8287816091694616e-05,0.0,0.0,0.0,4.8287816091694616e-05,4.8287816091694616e-05,4.8287816091694616e-05,7.243172413754192e-05
signed_hqql_tbl,mod.blocks.0.attn.h5,photon<-electron,0.01699846237897873,-8.813469321466982e-06,-0.00013594670599559322,-1.2261699924108274e-05,-6.411308702383819e-06,0.00012713323667412624,3.4482306026412913e-06,8.813469321466982e-06,7.23800876585301e-05
B_tbl_minus_hqql,mod.blocks.0.attn.h7,electron<-neutral_hadron,0.03148900602872555,-4.8208030281015315e-05,0.0,0.0,0.0,-4.8208030281015315e-05,-4.8208030281015315e-05,4.8208030281015315e-05,7.231204542152297e-05
signed_hqql_tbl,mod.cls_blocks.1.attn.h2,CLS<-muon,0.006828478071838617,3.537345401127823e-05,-3.841805664706044e-05,-7.5650868893717416e-06,0.0001554702701014321,7.379151065833867e-05,4.293854090064997e-05,3.537345401127823e-05,7.226920934044756e-05
signed_hqql_tbl,mod.blocks.7.attn.h0,muon<-charged_hadron,0.015729904174804688,2.814799010979407e-07,0.00014393858145922422,-7.769153453409671e-05,0.00015227062301920638,-0.00014365710155812627,7.797301443519465e-05,2.814799010979407e-07,7.211003068016107e-05
B_tbl_minus_hqql,mod.blocks.3.attn.h3,photon<-muon,0.010201427069577303,-4.801103866405108e-05,0.0,0.0,0.0,-4.801103866405108e-05,-4.801103866405108e-05,4.801103866405108e-05,7.201655799607661e-05
B_tbl_minus_hqql,mod.blocks.6.attn.h3,charged_hadron<-muon,0.14757123137965347,-4.7927207285256095e-05,0.0,0.0,0.0,-4.7927207285256095e-05,-4.7927207285256095e-05,4.7927207285256095e-05,7.189081092788415e-05
B_tbl_minus_hqql,mod.blocks.2.attn.h5,neutral_hadron<-muon,0.010513059794902802,-4.745232290588319e-05,0.0,0.0,0.0,-4.745232290588319e-05,-4.745232290588319e-05,4.745232290588319e-05,7.117848435882478e-05
signed_hqql_tbl,mod.blocks.6.attn.h5,neutral_hadron<-electron,0.05111911101266742,6.815070659845682e-05,6.211937284206215e-05,1.7957036616280674e-05,-1.2590623130866637e-05,6.03133375639467e-06,5.019366998217614e-05,6.815070659845682e-05,7.116637347665415e-05
signed_hqql_tbl,mod.blocks.0.attn.h4,electron<-charged_hadron,0.012765365015519293,2.3598651750944555e-05,-7.143603007231528e-05,3.4903961597759835e-05,-2.521093676932651e-05,9.503468182325984e-05,-1.130530984681528e-05,2.3598651750944555e-05,7.111599266257447e-05
signed_hqql_tbl,mod.blocks.7.attn.h6,electron<-photon,0.016906809310118356,4.8684473949833776e-05,4.032659392448425e-06,4.073919041859751e-06,1.563839098459787e-06,4.465181455738535e-05,4.4610554907974024e-05,4.8684473949833776e-05,7.101038122852645e-05
signed_hqql_tbl,mod.blocks.0.attn.h3,charged_hadron<-muon,0.0032717289798187485,6.13913553851572e-07,0.00014114389584089318,2.2233292838791384e-06,-4.74741986159555e-05,-0.0001405299822870416,-1.6094157300275666e-06,6.13913553851572e-07,7.087890469737238e-05
signed_hqql_tbl,mod.cls_blocks.1.attn.h0,neutral_hadron<-CLS,0.004339312901720405,2.98216166356724e-05,-5.202703323448077e-05,0.0,0.0,8.184864987015317e-05,2.98216166356724e-05,2.98216166356724e-05,7.074594157074898e-05
signed_hqql_tbl,mod.blocks.3.attn.h5,neutral_hadron<-electron,0.018246879890704386,4.922084434173694e-05,6.210780895798962e-06,-1.0563304385868832e-07,-2.202161000847506e-05,4.301006344593798e-05,4.932647738559563e-05,4.922084434173694e-05,7.072587606470594e-05
signed_hqql_tbl,mod.blocks.4.attn.h7,electron<-neutral_hadron,0.02621598742329157,3.185691457474604e-05,0.00010957481481455034,3.131432458758354e-06,9.288760435689861e-05,-7.77179002398043e-05,2.872548211598769e-05,3.185691457474604e-05,7.071586469464819e-05
signed_hqql_tbl,mod.blocks.0.attn.h3,photon<-muon,0.0008211068978363818,4.478859574936161e-07,0.0001409078686265275,2.264161767449141e-06,-9.245778398638191e-06,-0.00014045998266903388,-1.816275809955525e-06,4.478859574936161e-07,7.067787729201055e-05
B_tbl_minus_hqql,mod.blocks.2.attn.h1,electron<-photon,0.015103829155365626,-4.706475143999948e-05,0.0,0.0,0.0,-4.706475143999948e-05,-4.706475143999948e-05,4.706475143999948e-05,7.059712715999922e-05
B_tbl_minus_hqql,mod.blocks.1.attn.h0,charged_hadron<-electron,0.04415394522641834,4.7023228896585734e-05,0.0,0.0,0.0,4.7023228896585734e-05,4.7023228896585734e-05,4.7023228896585734e-05,7.05348433448786e-05
signed_hqql_tbl,mod.blocks.4.attn.h6,neutral_hadron<-electron,0.006145063354779268,3.813870242197481e-05,-2.6321347036173393e-05,1.695038004527305e-05,-8.006096019623024e-06,6.44600494581482e-05,2.1188322376701764e-05,3.813870242197481e-05,7.036872715104892e-05
signed_hqql_tbl,mod.blocks.3.attn.h3,electron<-electron,0.0025884461356326938,-3.826587046281323e-05,2.562443455644825e-05,-0.0002851955214282498,4.5066766440206926e-05,-6.389030501926149e-05,0.00024692965096543656,3.826587046281323e-05,7.021102297244397e-05
signed_hqql_tbl,mod.blocks.7.attn.h2,charged_hadron<-muon,0.034312688943111534,-1.811729497135137e-05,8.572828955948353e-05,1.006611819320824e-06,1.488514523322032e-05,-0.0001038455845308349,-1.9123906790672193e-05,1.811729497135137e-05,7.004008723676882e-05
B_tbl_minus_hqql,mod.blocks.2.attn.h3,neutral_hadron<-muon,0.11620150804519654,-4.6636979095637796e-05,0.0,0.0,0.0,-4.6636979095637796e-05,-4.6636979095637796e-05,4.6636979095637796e-05,6.995546864345669e-05
signed_hqql_tbl,mod.blocks.2.attn.h1,neutral_hadron<-electron,0.02908576322862735,5.539930918110678e-05,2.686292828002479e-05,3.042631566131604e-05,-2.9612480769477164e-05,2.853638090108199e-05,2.497299351979074e-05,5.539930918110678e-05,6.966749963164778e-05
signed_hqql_tbl,mod.blocks.7.attn.h2,charged_hadron<-neutral_hadron,0.012787167061497977,1.7257066232600927e-05,-8.726288932365123e-05,8.159950195384343e-06,-1.948710149111953e-05,0.00010451995555625215,9.097116037216585e-06,1.7257066232600927e-05,6.951704401072701e-05
signed_hqql_tbl,mod.blocks.3.attn.h5,neutral_hadron<-muon,0.0059096794575452805,2.0753953140228987e-05,-7.655535500816768e-05,3.1204603146761656e-05,5.205073946349923e-07,9.730930814839666e-05,-1.0450650006532668e-05,2.0753953140228987e-05,6.940860721442732e-05
signed_hqql_tbl,mod.blocks.4.attn.h7,charged_hadron<-muon,0.028088426951206093,-6.562533654329e-06,0.00011898341860311727,-5.754285375587642e-05,0.00010154083236513368,-0.00012554595225744625,5.098032010154742e-05,6.562533654329e-06,6.933550978305213e-05
signed_hqql_tbl,mod.blocks.7.attn.h7,muon<-photon,0.006536949087272991,-3.0744513920085e-05,-0.0001078584106065906,-2.511997064132066e-05,0.00010795084745041095,7.71138966865056e-05,-5.624543278764338e-06,3.0744513920085e-05,6.930146226333779e-05
B_tbl_minus_hqql,mod.blocks.2.attn.h3,electron<-neutral_hadron,0.013510844741876308,-4.6150794682594446e-05,0.0,0.0,0.0,-4.6150794682594446e-05,-4.6150794682594446e-05,4.6150794682594446e-05,6.922619202389166e-05
B_tbl_minus_hqql,mod.blocks.6.attn.h6,charged_hadron<-electron,0.023959329253748843,-4.606886374715128e-05,0.0,0.0,0.0,-4.606886374715128e-05,-4.606886374715128e-05,4.606886374715128e-05,6.910329562072692e-05
signed_hqql_tbl,mod.cls_blocks.0.attn.h7,muon<-charged_hadron,0.0,0.0,-0.0001381004589017142,0.0,0.0,0.0001381004589017142,0.0,0.0,6.90502294508571e-05
signed_hqql_tbl,mod.blocks.0.attn.h0,electron<-neutral_hadron,0.010433480143547058,2.529821638465644e-06,0.0001355446620436851,-3.1745120650157334e-05,1.1345270468154923e-05,-0.00013301484040521944,3.4274942288622974e-05,2.529821638465644e-06,6.903724184107536e-05
signed_hqql_tbl,mod.blocks.1.attn.h0,charged_hadron<-neutral_hadron,0.014483122453208565,-2.421522590322626e-05,6.499096634797752e-05,-1.7663468916940596e-05,6.844446457710684e-05,-8.920619225120378e-05,-6.551756986285665e-06,2.421522590322626e-05,6.881832202882815e-05
signed_hqql_tbl,mod.cls_blocks.1.attn.h3,CLS<-CLS,0.012264865916222334,-6.301059903535133e-05,-5.144428144632229e-05,0.0,0.0,-1.156631758902904e-05,-6.301059903535133e-05,6.301059903535133e-05,6.879375782986585e-05
signed_hqql_tbl,mod.blocks.7.attn.h6,charged_hadron<-muon,0.008994635307427609,1.343165235029477e-05,-9.684131170312563e-05,-5.2099905587965624e-06,7.693207848512747e-05,0.0001102729640534204,1.8641642909091334e-05,1.343165235029477e-05,6.856813437700498e-05
signed_hqql_tbl,mod.cls_blocks.1.attn.h1,muon<-neutral_hadron,0.0,0.0,-0.0001370429527014494,0.0,0.0,0.0001370429527014494,0.0,0.0,6.85214763507247e-05
B_tbl_minus_hqql,mod.blocks.3.attn.h7,electron<-neutral_hadron,0.012570824903937487,4.5545996447169906e-05,0.0,0.0,0.0,4.5545996447169906e-05,4.5545996447169906e-05,4.5545996447169906e-05,6.831899467075485e-05
signed_hqql_tbl,mod.blocks.2.attn.h3,muon<-neutral_hadron,0.004326193407177925,1.4951147022657097e-07,-0.00013576921082858462,-0.0003740009560715407,0.00012907947166240774,0.00013591872229881118,0.0003741504675417673,1.4951147022657097e-07,6.810887261963216e-05
signed_hqql_tbl,mod.blocks.5.attn.h6,photon<-muon,0.010766280645673925,3.670008895410733e-06,0.0001324744379626981,3.981347184716946e-05,1.1017825995298023e-05,-0.00012880442906728736,-3.6143462951758725e-05,3.670008895410733e-06,6.807222342905441e-05
B_tbl_minus_hqql,mod.blocks.4.attn.h0,charged_hadron<-neutral_hadron,0.012698582886913298,-4.537045699280624e-05,0.0,0.0,0.0,-4.537045699280624e-05,-4.537045699280624e-05,4.537045699280624e-05,6.805568548920937e-05
signed_hqql_tbl,mod.blocks.3.attn.h1,charged_hadron<-electron,0.025409109106189327,5.449897511617134e-06,0.00013048330942789713,-5.052147979109452e-06,-5.016388968215324e-06,-0.00012503341191627998,1.0502045490726585e-05,5.449897511617134e-06,6.796660346975712e-05
signed_hqql_tbl,mod.blocks.7.attn.h4,photon<-muon,0.002199858935041861,-7.195391266246919e-07,-0.00013520585623784707,-1.7240942854966436e-06,2.4632200827617063e-05,0.00013448631711122239,1.0045551588719517e-06,7.195391266246919e-07,6.796269768223589e-05
signed_hqql_tbl,mod.blocks.2.attn.h0,neutral_hadron<-neutral_hadron,0.012074737515948258,-1.7741317413657643e-05,-0.00011733849814235973,0.000106753193198049,-1.9315279451171134e-05,9.959718072870208e-05,-0.00012449451061170665,1.7741317413657643e-05,6.753990777800868e-05
signed_hqql_tbl,mod.blocks.3.attn.h6,charged_hadron<-muon,0.002577654565825607,-2.411432797089219e-05,-0.0001107086679742982,-2.425354323349893e-05,9.720703041326837e-07,8.659434000340601e-05,1.3921526260674068e-07,2.411432797089219e-05,6.74114979725952e-05
signed_hqql_tbl,mod.blocks.1.attn.h3,electron<-photon,0.013111450771490733,4.2724630717809e-05,-6.134971044957638e-06,8.734520919720776e-05,-6.631511571974336e-05,4.885960176276664e-05,-4.462057847939876e-05,4.2724630717809e-05,6.715443159919233e-05
signed_hqql_tbl,mod.blocks.2.attn.h3,electron<-neutral_hadron,0.013510845314997893,-4.615065811846692e-05,-8.810009785520379e-05,-4.344973189290613e-05,7.538260773192936e-05,4.1949439736736866e-05,-2.700926225560792e-06,4.615065811846692e-05,6.712537798683535e-05
signed_hqql_tbl,mod.blocks.0.attn.h1,charged_hadron<-neutral_hadron,0.024347392603471237,3.218043266797493e-05,-3.756170511363192e-05,1.5456208618236953e-06,-1.014431358558109e-05,6.974213778160684e-05,3.063481180615123e-05,3.218043266797493e-05,6.705150155877835e-05
signed_hqql_tbl,mod.blocks.4.attn.h1,muon<-charged_hadron,0.02561878796779748,-3.109538970007138e-05,4.0326787469287714e-05,7.576032076030969e-05,1.025872714593109e-05,-7.14221771693591e-05,-0.00010685571046038107,3.109538970007138e-05,6.680647828475093e-05
signed_hqql_tbl,mod.blocks.1.attn.h0,electron<-neutral_hadron,0.007284750230610371,-3.368806315288216e-05,3.229943922633538e-05,-3.446514485403896e-05,2.5188044188932204e-05,-6.598750237921753e-05,7.770817011567953e-07,3.368806315288216e-05,6.668181434249092e-05
B_tbl_minus_hqql,mod.blocks.7.attn.h0,muon<-neutral_hadron,0.011109769344329834,-4.444791993591934e-05,0.0,0.0,0.0,-4.444791993591934e-05,-4.444791993591934e-05,4.444791993591934e-05,6.6671879903879e-05
signed_hqql_tbl,mod.blocks.4.attn.h3,charged_hadron<-electron,0.027677846582312333,5.2683572185311566e-05,2.4835719959810375e-05,3.671473970679545e-06,2.2728318995746122e-05,2.784785222550119e-05,4.901209821463202e-05,5.2683572185311566e-05,6.660749829806216e-05
signed_hqql_tbl,mod.blocks.7.attn.h1,muon<-neutral_hadron,0.0037302885204553602,-1.1560291750356554e-05,9.817367117648246e-05,1.1021289537893608e-05,-9.435116352624786e-05,-0.00010973396292683902,-2.2581581288250163e-05,1.1560291750356554e-05,6.642727321377606e-05
signed_hqql_tbl,mod.blocks.1.attn.h2,photon<-muon,0.034077768976038154,-1.0940414292483844e-05,9.9707381405796e-05,-6.074647812749304e-06,9.813579397034897e-05,-0.00011064779569827985,-4.86576647973454e-06,1.0940414292483844e-05,6.626431214162376e-05
B_tbl_minus_hqql,mod.blocks.6.attn.h3,photon<-electron,0.3125573396682739,-4.414642074455817e-05,0.0,0.0,0.0,-4.414642074455817e-05,-4.414642074455817e-05,4.414642074455817e-05,6.621963111683725e-05
signed_hqql_tbl,mod.blocks.4.attn.h1,electron<-neutral_hadron,0.011803893515696893,-2.9951892009613894e-05,-0.00010218183388133184,-6.189004081534221e-05,4.108311744251599e-06,7.222994187171795e-05,3.1938148805728324e-05,2.9951892009613894e-05,6.606686294547287e-05
B_tbl_minus_hqql,mod.blocks.3.attn.h0,muon<-photon,0.013062315908345308,-4.400726439515975e-05,0.0,0.0,0.0,-4.400726439515975e-05,-4.400726439515975e-05,4.400726439515975e-05,6.601089659273963e-05
B_tbl_minus_hqql,mod.blocks.5.attn.h5,electron<-charged_hadron,0.018213969312216107,-4.400505598536447e-05,0.0,0.0,0.0,-4.400505598536447e-05,-4.400505598536447e-05,4.400505598536447e-05,6.600758397804671e-05
signed_hqql_tbl,mod.blocks.0.attn.h1,neutral_hadron<-neutral_hadron,0.01847360362418187,2.730980913605517e-05,-4.957531788365315e-05,2.6176391542865595e-05,-1.4126293741418747e-05,7.688512701970832e-05,1.133417593189575e-06,2.730980913605517e-05,6.575237264590933e-05
signed_hqql_tbl,mod.blocks.0.attn.h5,neutral_hadron<-muon,0.0017154484987258912,9.285360283683985e-06,0.00012203315418446437,-0.000842671433929354,-3.182625768878868e-05,-0.00011274779390078039,0.000851956794213038,9.285360283683985e-06,6.565925723407417e-05
signed_hqql_tbl,mod.blocks.3.attn.h3,charged_hadron<-neutral_hadron,0.01274583404725566,1.7046078148514138e-05,-7.982104241917212e-05,2.0271103819921406e-05,-3.308441457747739e-05,9.686712056768625e-05,-3.225025671407268e-06,1.7046078148514138e-05,6.547963843235726e-05
signed_hqql_tbl,mod.blocks.7.attn.h0,muon<-neutral_hadron,0.011109769344329834,-4.444791993591934e-05,-2.7212332298631736e-06,-0.00018710042058955878,5.858969898722337e-05,-4.172668670605617e-05,0.00014265250065363942,4.444791993591934e-05,6.531126328894742e-05
signed_hqql_tbl,mod.blocks.1.attn.h2,photon<-photon,0.017668158596408592,3.0960728558499596e-05,-3.753588451202056e-05,1.641210007342884e-05,-4.7936995088981385e-05,6.849661307052016e-05,1.4548628485070756e-05,3.0960728558499596e-05,6.520903509375968e-05
signed_hqql_tbl,mod.blocks.6.attn.h5,charged_hadron<-neutral_hadron,0.007317571781433801,2.2314689633816602e-05,-6.342087020187195e-05,1.4188885982734227e-05,-3.2006795469969895e-05,8.573555983568855e-05,8.125803651082376e-06,2.2314689633816602e-05,6.518246955166087e-05
signed_hqql_tbl,mod.blocks.3.attn.h5,muon<-neutral_hadron,0.011276581138372422,-4.136692441534251e-05,5.955998107154414e-06,3.44743239111267e-05,-1.2061865342122038e-05,-4.732292252249692e-05,-7.584124832646922e-05,4.136692441534251e-05,6.502838567659097e-05
signed_hqql_tbl,mod.blocks.0.attn.h6,charged_hadron<-electron,0.03199580429415954,5.534122350294829e-05,3.647317818831653e-05,-1.606494108022287e-05,-8.692517661756938e-05,1.8868045314631763e-05,7.140616458317116e-05,5.534122350294829e-05,6.477524616026417e-05
signed_hqql_tbl,mod.blocks.2.attn.h7,charged_hadron<-muon,0.01810207330819332,2.683594004448616e-05,0.0001026605605147779,-6.607290706597268e-05,0.00010597253609616982,-7.582462047029173e-05,9.290884711045885e-05,2.683594004448616e-05,6.474825027963203e-05
signed_hqql_tbl,mod.blocks.4.attn.h6,electron<-neutral_hadron,0.01881765140345893,-3.9907286848644544e-05,9.46730347273217e-06,-7.717086700722576e-06,-2.4931729179418956e-05,-4.9374590321376713e-05,-3.219020014792197e-05,3.9907286848644544e-05,6.45945820093329e-05
signed_hqql_tbl,mod.blocks.2.attn.h3,photon<-photon,0.023792689116166544,2.2649769725011464e-05,-6.043090619827867e-05,4.3558652948583906e-05,-3.3755090786763914e-05,8.308067592329013e-05,-2.090888322357244e-05,2.2649769725011464e-05,6.419010768665653e-05
B_tbl_minus_hqql,mod.blocks.1.attn.h3,electron<-photon,0.013111450026432674,4.272453467516849e-05,0.0,0.0,0.0,4.272453467516849e-05,4.272453467516849e-05,4.272453467516849e-05,6.408680201275274e-05
B_tbl_minus_hqql,mod.blocks.1.attn.h5,charged_hadron<-electron,0.036265395189586436,4.2629232139963856e-05,0.0,0.0,0.0,4.2629232139963856e-05,4.2629232139963856e-05,4.2629232139963856e-05,6.394384820994578e-05
B_tbl_minus_hqql,mod.blocks.7.attn.h7,muon<-neutral_hadron,0.007003123313188553,-4.2476120870560405e-05,0.0,0.0,0.0,-4.2476120870560405e-05,-4.2476120870560405e-05,4.2476120870560405e-05,6.37141813058406e-05
signed_hqql_tbl,mod.blocks.1.attn.h0,neutral_hadron<-electron,0.017100910763614453,-1.4141216629818351e-05,8.481886413846951e-05,2.7381167801650007e-05,-1.4993918557593134e-05,-9.896008076828785e-05,-4.152238443146836e-05,1.4141216629818351e-05,6.362125701396228e-05
signed_hqql_tbl,mod.blocks.5.attn.h5,muon<-muon,0.004756598733365536,2.3589684133185074e-05,-5.6368163654951786e-05,2.0590841813827865e-05,-1.0011633904127848e-05,7.995784778813686e-05,2.998842319357209e-06,2.3589684133185074e-05,6.35686080272535e-05
signed_hqql_tbl,mod.blocks.2.attn.h3,charged_hadron<-electron,0.041908006134786104,8.226813837322161e-06,-0.00010215023377289375,-4.709802230755831e-05,-3.467312626526109e-05,0.0001103770476102159,5.532483614488047e-05,8.226813837322161e-06,6.341533764243012e-05
signed_hqql_tbl,mod.blocks.3.attn.h2,muon<-charged_hadron,0.011616560545834627,4.8287816091694616e-05,7.853465504013002e-05,4.734772373922169e-05,4.2759509005370625e-06,-3.024683894843541e-05,9.400923524729263e-07,4.8287816091694616e-05,6.341123556591232e-05
B_tbl_minus_hqql,mod.blocks.0.attn.h2,neutral_hadron<-charged_hadron,0.026025292558027064,4.226378757387737e-05,0.0,0.0,0.0,4.226378757387737e-05,4.226378757387737e-05,4.226378757387737e-05,6.339568136081605e-05
B_tbl_minus_hqql,mod.blocks.2.attn.h1,charged_hadron<-muon,0.02574150309418187,4.225428865262956e-05,0.0,0.0,0.0,4.225428865262956e-05,4.225428865262956e-05,4.225428865262956e-05,6.338143297894435e-05
signed_hqql_tbl,mod.blocks.4.attn.h4,electron<-charged_hadron,0.01773446680683839,-5.377914241858219e-05,-3.4658916605015595e-05,4.007762208334759e-05,-1.5305956821975997e-06,-1.9120225813566596e-05,-9.385676450192978e-05,5.377914241858219e-05,6.333925532536549e-05
B_tbl_minus_hqql,mod.blocks.3.attn.h4,electron<-charged_hadron,0.023928689329247726,-4.216238149686098e-05,0.0,0.0,0.0,-4.216238149686098e-05,-4.216238149686098e-05,4.216238149686098e-05,6.324357224529147e-05
signed_hqql_tbl,mod.blocks.4.attn.h6,electron<-photon,0.016108344743649163,5.29972060273091e-05,3.2691083496112174e-05,-6.525278877234086e-07,-2.9327871176631904e-05,2.0306122531196925e-05,5.364973391503251e-05,5.29972060273091e-05,6.315026729290756e-05
signed_hqql_tbl,mod.cls_blocks.1.attn.h0,photon<-CLS,0.0004752699751406908,-1.017726754071191e-05,-0.00011602566919464153,0.0,0.0,0.00010584840165392962,-1.017726754071191e-05,1.017726754071191e-05,6.310146836767672e-05
B_tbl_minus_hqql,mod.blocks.4.attn.h2,electron<-photon,0.013938270633419354,4.203699063509703e-05,0.0,0.0,0.0,4.203699063509703e-05,4.203699063509703e-05,4.203699063509703e-05,6.305548595264554e-05
signed_hqql_tbl,mod.blocks.1.attn.h0,muon<-charged_hadron,0.01691857251253995,-3.6619896436053693e-05,1.605553358482818e-05,0.00033109195064753296,-5.820358287071787e-05,-5.267543002088187e-05,-0.00036771184708358666,3.6619896436053693e-05,6.295761144649463e-05
B_tbl_minus_hqql,mod.blocks.6.attn.h1,muon<-charged_hadron,0.028383533159891765,-4.1917788401020296e-05,0.0,0.0,0.0,-4.1917788401020296e-05,-4.1917788401020296e-05,4.1917788401020296e-05,6.287668260153045e-05
signed_hqql_tbl,mod.blocks.5.attn.h1,photon<-electron,0.03852953910827637,2.907903550900907e-05,9.6611215017869e-05,6.036874921327191e-05,-8.480207217470198e-06,-6.753217950885993e-05,-3.1289713704262835e-05,2.907903550900907e-05,6.284512526343904e-05
signed_hqql_tbl,mod.blocks.2.attn.h4,muon<-charged_hadron,0.01700590957294811,-2.397783982539267e-05,5.363818102826675e-05,-6.123237544670701e-05,4.5911718232848916e-05,-7.761602085365943e-05,3.7254535621314336e-05,2.397783982539267e-05,6.278585025222238e-05
signed_hqql_tbl,mod.cls_blocks.1.attn.h4,muon<-photon,0.0,0.0,-0.0001255251932889223,0.0,0.0,0.0001255251932889223,0.0,0.0,6.276259664446115e-05
signed_hqql_tbl,mod.blocks.3.attn.h0,electron<-charged_hadron,0.02062930598070747,3.452260707011814e-05,9.090134796376029e-05,7.294240640476346e-05,-6.891741941217333e-05,-5.6378740893642154e-05,-3.841979933464532e-05,3.452260707011814e-05,6.271197751693921e-05
B_tbl_minus_hqql,mod.blocks.5.attn.h4,charged_hadron<-electron,0.12439937497440137,-4.1778168739064746e-05,0.0,0.0,0.0,-4.1778168739064746e-05,-4.1778168739064746e-05,4.1778168739064746e-05,6.266725310859713e-05
signed_hqql_tbl,mod.blocks.2.attn.h4,charged_hadron<-electron,0.02379548314370607,5.352227584042243e-05,3.5688600813349085e-05,4.74389238368677e-05,3.26310214404657e-06,1.7833675027073345e-05,6.083352003554732e-06,5.352227584042243e-05,6.24391133539591e-05
B_tbl_minus_hqql,mod.blocks.3.attn.h5,muon<-neutral_hadron,0.011276581138372422,-4.136692441534251e-05,0.0,0.0,0.0,-4.136692441534251e-05,-4.136692441534251e-05,4.136692441534251e-05,6.205038662301376e-05
signed_hqql_tbl,mod.blocks.0.attn.h7,electron<-charged_hadron,0.020382006309534375,1.766347122611478e-05,-7.104548489830147e-05,1.8781142030981765e-05,1.548973159515299e-05,8.870895612441624e-05,-1.1176708048669855e-06,1.766347122611478e-05,6.20179492883229e-05
signed_hqql_tbl,mod.blocks.0.attn.h4,neutral_hadron<-photon,0.01378230052213355,5.5193985970766e-05,6.784970575845766e-05,-1.6441263894992068e-05,1.4138028646796105e-06,-1.2655719787691662e-05,7.163524986575806e-05,5.5193985970766e-05,6.152184586461183e-05
signed_hqql_tbl,mod.blocks.5.attn.h1,electron<-electron,0.00069767232829084,3.965644130706399e-05,-3.7878108436473212e-06,1.4470730154888164e-07,8.010778053265968e-06,4.3444252150711314e-05,3.951173400551511e-05,3.965644130706399e-05,6.137856738241965e-05
signed_hqql_tbl,mod.blocks.5.attn.h6,charged_hadron<-photon,0.01159875774719198,2.9987259342851837e-05,-3.234352219753396e-05,2.675324719112013e-05,-6.514147108338771e-06,6.23307815403858e-05,3.234012151731708e-06,2.9987259342851837e-05,6.115265011304474e-05
B_tbl_minus_hqql,mod.blocks.2.attn.h5,muon<-photon,0.021817831830544906,-4.06763971444558e-05,0.0,0.0,0.0,-4.06763971444558e-05,-4.06763971444558e-05,4.06763971444558e-05,6.10145957166837e-05
signed_hqql_tbl,mod.cls_blocks.1.attn.h6,photon<-CLS,0.002435544040054083,5.689728368452052e-06,0.00011619888682616875,0.0,0.0,-0.0001105091584577167,5.689728368452052e-06,5.689728368452052e-06,6.09443075973104e-05
signed_hqql_tbl,mod.blocks.0.attn.h0,neutral_hadron<-electron,0.014309996595749488,1.1640646334853955e-05,0.00011012616096195416,3.166269423672929e-05,-1.3148250945960172e-05,-9.84855146271002e-05,-2.0022047901875336e-05,1.1640646334853955e-05,6.0883403648404055e-05
B_tbl_minus_hqql,mod.cls_blocks.0.attn.h6,CLS<-electron,0.019504486893614132,4.05673636123538e-05,0.0,0.0,0.0,4.05673636123538e-05,4.05673636123538e-05,4.05673636123538e-05,6.08510454185307e-05
B_tbl_minus_hqql,mod.cls_blocks.0.attn.h6,charged_hadron<-electron,0.019504486893614132,4.05673636123538e-05,0.0,0.0,0.0,4.05673636123538e-05,4.05673636123538e-05,4.05673636123538e-05,6.08510454185307e-05
B_tbl_minus_hqql,mod.blocks.1.attn.h0,muon<-photon,0.01877899874340404,4.051261666146192e-05,0.0,0.0,0.0,4.051261666146192e-05,4.051261666146192e-05,4.051261666146192e-05,6.076892499219288e-05
signed_hqql_tbl,mod.blocks.7.attn.h6,charged_hadron<-electron,0.006201536449799805,1.699417776092703e-07,-0.00012060080601562125,-1.6932000390029158e-05,1.027024245559005e-05,0.00012077074779323052,1.710194216763843e-05,1.699417776092703e-07,6.055531567422453e-05
signed_hqql_tbl,mod.blocks.1.attn.h6,electron<-charged_hadron,0.029222360567042704,-1.4382077528065757e-05,7.773132567914823e-05,-1.9415380063884217e-05,-2.6184442845078593e-05,-9.211340320721399e-05,5.03330253581846e-06,1.4382077528065757e-05,6.0438779131672746e-05
signed_hqql_tbl,mod.blocks.7.attn.h7,neutral_hadron<-muon,0.024220576882362364,-2.2894560970598833e-06,0.00011384480785636697,-1.332119427388534e-05,1.284674014997385e-05,-0.00011613426395342685,1.1031738176825457e-05,2.2894560970598833e-06,6.035658807377331e-05
signed_hqql_tbl,mod.blocks.4.attn.h6,electron<-charged_hadron,0.02353428264981822,-3.2245114102567495e-06,-0.00011743089805046717,0.00011912002040865435,9.667777248978382e-06,0.00011420638664021042,-0.0001223445318189111,3.2245114102567495e-06,6.032770473036196e-05
signed_hqql_tbl,mod.blocks.2.attn.h5,charged_hadron<-photon,0.016141498293375266,1.6784315439800742e-05,-7.029656335807661e-05,5.712216848960641e-06,-3.288905452154872e-05,8.708087879787735e-05,1.10720985908401e-05,1.6784315439800742e-05,6.032475483873942e-05
signed_hqql_tbl,mod.blocks.0.attn.h3,photon<-neutral_hadron,0.01386070963686701,2.7912563560813812e-05,-3.669614602865409e-05,5.884712446778973e-06,-9.007841943709768e-06,6.46087095894679e-05,2.202785111403484e-05,2.7912563560813812e-05,6.0216918355547764e-05
B_tbl_minus_hqql,mod.blocks.6.attn.h6,charged_hadron<-muon,0.023105866981275154,4.0084310581512525e-05,0.0,0.0,0.0,4.0084310581512525e-05,4.0084310581512525e-05,4.0084310581512525e-05,6.012646587226879e-05
signed_hqql_tbl,mod.blocks.0.attn.h3,neutral_hadron<-muon,0.002889595553278923,-2.11488499189727e-05,-9.865956963039935e-05,0.00012491903908085078,-4.418059530586976e-05,7.751071971142664e-05,-0.00014606788899982349,2.11488499189727e-05,5.990420977468602e-05
B_tbl_minus_hqql,mod.blocks.4.attn.h6,electron<-neutral_hadron,0.01881765998685016,-3.99074053628003e-05,0.0,0.0,0.0,-3.99074053628003e-05,-3.99074053628003e-05,3.99074053628003e-05,5.986110804420045e-05
signed_hqql_tbl,mod.cls_blocks.0.attn.h5,muon<-CLS,0.0,0.0,0.00011943020217586309,0.0,0.0,-0.00011943020217586309,0.0,0.0,5.9715101087931544e-05
B_tbl_minus_hqql,mod.blocks.5.attn.h2,muon<-charged_hadron,0.018093484820741596,-3.9783130032998144e-05,0.0,0.0,0.0,-3.9783130032998144e-05,-3.9783130032998144e-05,3.9783130032998144e-05,5.967469504949722e-05
B_tbl_minus_hqql,mod.blocks.1.attn.h7,electron<-photon,0.020030652980009715,3.97271466984724e-05,0.0,0.0,0.0,3.97271466984724e-05,3.97271466984724e-05,3.97271466984724e-05,5.95907200477086e-05
signed_hqql_tbl,mod.blocks.1.attn.h2,charged_hadron<-photon,0.01726117015566744,2.2345146578537882e-05,-5.2037745285833777e-05,2.5956720801876462e-05,-3.504332177392191e-05,7.438289186437166e-05,-3.61157422333858e-06,2.2345146578537882e-05,5.9536592510723706e-05
B_tbl_minus_hqql,mod.blocks.5.attn.h1,electron<-electron,0.000697672376797224,3.965645736532982e-05,0.0,0.0,0.0,3.965645736532982e-05,3.965645736532982e-05,3.965645736532982e-05,5.948468604799473e-05
B_tbl_minus_hqql,mod.blocks.3.attn.h1,photon<-electron,0.022144451240698495,3.959970091879465e-05,0.0,0.0,0.0,3.959970091879465e-05,3.959970091879465e-05,3.959970091879465e-05,5.939955137819197e-05
B_tbl_minus_hqql,mod.blocks.0.attn.h0,charged_hadron<-electron,0.03860160630000265,3.94364975172242e-05,0.0,0.0,0.0,3.94364975172242e-05,3.94364975172242e-05,3.94364975172242e-05,5.9154746275836303e-05
signed_hqql_tbl,mod.blocks.4.attn.h2,neutral_hadron<-muon,0.005732453614473343,2.2486488887807355e-06,-0.00011141388040414313,-0.0002674614661373198,7.684691216772298e-05,0.00011366252929292386,0.00026971011502610056,2.2486488887807355e-06,5.9079913535242666e-05
signed_hqql_tbl,mod.blocks.3.attn.h0,muon<-photon,0.013062315908345308,-4.400726439515975e-05,-1.4320553208772953e-05,-0.0005085184904081481,0.0003213011499870585,-2.96867111863868e-05,0.0004645112260129884,4.400726439515975e-05,5.885061998835315e-05
B_tbl_minus_hqql,mod.blocks.4.attn.h2,charged_hadron<-photon,0.013616313296585318,3.919827123285258e-05,0.0,0.0,0.0,3.919827123285258e-05,3.919827123285258e-05,3.919827123285258e-05,5.879740684927886e-05
signed_hqql_tbl,mod.blocks.3.attn.h3,photon<-photon,0.018374576275056002,2.2834587970648442e-05,-4.8942355842987394e-05,2.3272287449478774e-05,-3.862314805481004e-05,7.177694381363583e-05,-4.3769947883033207e-07,2.2834587970648442e-05,5.872305987746636e-05
signed_hqql_tbl,mod.blocks.1.attn.h0,photon<-neutral_hadron,0.01333342008824529,-2.3497068852610095e-05,4.67408073647577e-05,-2.7099810270228696e-05,4.3706400138181844e-05,-7.02378762173678e-05,3.602741417618601e-06,2.3497068852610095e-05,5.861600696129399e-05
signed_hqql_tbl,mod.blocks.2.attn.h6,charged_hadron<-neutral_hadron,0.016367752436688435,-9.637843430180311e-06,-0.00010701300272705487,1.963920769953519e-05,-2.1075624617620417e-05,9.737515929687456e-05,-2.92770511297155e-05,9.637843430180311e-06,5.8325423078617585e-05
signed_hqql_tbl,mod.blocks.2.attn.h4,muon<-photon,0.012516392902894453,-3.37751619306139e-05,1.5060347952665044e-05,-0.0001040209483887468,1.6763744237583262e-05,-4.883550988327894e-05,7.024578645813291e-05,3.37751619306139e-05,5.819291687225337e-05
signed_hqql_tbl,mod.blocks.6.attn.h0,electron<-neutral_hadron,0.00572072972695773,-2.115981960042308e-06,0.00010987324526468001,-8.955958219303283e-06,1.090974592443672e-07,-0.00011198922722472232,6.839976259260975e-06,2.115981960042308e-06,5.8110595572403465e-05
B_tbl_minus_hqql,mod.blocks.2.attn.h2,charged_hadron<-photon,0.01598207236280328,3.863284825035967e-05,0.0,0.0,0.0,3.863284825035967e-05,3.863284825035967e-05,3.863284825035967e-05,5.7949272375539505e-05
signed_hqql_tbl,mod.blocks.7.attn.h0,electron<-photon,0.023857471843560536,-5.393309984356165e-05,-4.63845314828047e-05,8.865127996874175e-05,1.2613481436795616e-05,-7.548568360756946e-06,-0.0001425843798123034,5.393309984356165e-05,5.7707384023940125e-05
signed_hqql_tbl,mod.blocks.1.attn.h7,neutral_hadron<-muon,0.031847012042999265,-1.5399052063003183e-05,6.898761103002471e-05,0.0001911606959765777,0.00019701690357380912,-8.438666309302789e-05,-0.0002065597480395809,1.5399052063003183e-05,5.759238360951713e-05
signed_hqql_tbl,mod.blocks.0.attn.h0,photon<-neutral_hadron,0.01710325808794435,-2.284896452016585e-05,4.6625215370272094e-05,-1.7056321628625802e-05,-4.065399854738531e-06,-6.947417989043795e-05,-5.792642891540047e-06,2.284896452016585e-05,5.7586054465384826e-05
B_tbl_minus_hqql,mod.blocks.0.attn.h3,electron<-photon,0.019291190803050993,3.8335269103602816e-05,0.0,0.0,0.0,3.8335269103602816e-05,3.8335269103602816e-05,3.8335269103602816e-05,5.750290365540423e-05
B_tbl_minus_hqql,mod.blocks.3.attn.h3,electron<-electron,0.0025884476490318775,-3.826586256157801e-05,0.0,0.0,0.0,-3.826586256157801e-05,-3.826586256157801e-05,3.826586256157801e-05,5.739879384236701e-05
B_tbl_minus_hqql,mod.blocks.2.attn.h4,charged_hadron<-neutral_hadron,0.025086591676897568,3.822840026081782e-05,0.0,0.0,0.0,3.822840026081782e-05,3.822840026081782e-05,3.822840026081782e-05,5.7342600391226726e-05
B_tbl_minus_hqql,mod.cls_blocks.0.attn.h1,photon<-photon,0.018262382596731186,3.815009646738569e-05,0.0,0.0,0.0,3.815009646738569e-05,3.815009646738569e-05,3.815009646738569e-05,5.7225144701078534e-05
signed_hqql_tbl,mod.blocks.1.attn.h6,charged_hadron<-photon,0.01580443206045316,2.5790905481793585e-05,-3.704353481568823e-05,1.955579073563333e-05,-1.6940903112272253e-05,6.283444029748181e-05,6.235114746160253e-06,2.5790905481793585e-05,5.720812563053449e-05
B_tbl_minus_hqql,mod.blocks.4.attn.h6,neutral_hadron<-electron,0.006145061349133567,3.813872283969361e-05,0.0,0.0,0.0,3.813872283969361e-05,3.813872283969361e-05,3.813872283969361e-05,5.720808425954042e-05
signed_hqql_tbl,mod.cls_blocks.1.attn.h2,charged_hadron<-muon,0.006828478071838617,3.537345401127823e-05,7.841645128792152e-05,0.0,-7.169862192313303e-05,-4.304299727664329e-05,3.537345401127823e-05,3.537345401127823e-05,5.689495264959987e-05
B_tbl_minus_hqql,mod.blocks.5.attn.h5,neutral_hadron<-muon,0.012132449448108673,3.788726462516934e-05,0.0,0.0,0.0,3.788726462516934e-05,3.788726462516934e-05,3.788726462516934e-05,5.6830896937754005e-05
signed_hqql_tbl,mod.blocks.0.attn.h3,neutral_hadron<-photon,0.013955197631757796,-7.712000207833872e-06,9.023797929218881e-05,-6.479392844055169e-06,7.40603372759548e-06,-9.794997950002268e-05,-1.2326073637787032e-06,7.712000207833872e-06,5.668698995784521e-05
B_tbl_minus_hqql,mod.blocks.0.attn.h7,electron<-photon,0.01735848784446716,-3.775764295520882e-05,0.0,0.0,0.0,-3.775764295520882e-05,-3.775764295520882e-05,3.775764295520882e-05,5.663646443281323e-05
signed_hqql_tbl,mod.blocks.5.attn.h6,muon<-photon,0.024205245754935524,2.5831922274929557e-05,8.62186526109536e-05,-0.00025495381227561405,3.7489720170924556e-05,-6.038673033602405e-05,0.00028078573455054363,2.5831922274929557e-05,5.602528744294158e-05
signed_hqql_tbl,mod.blocks.0.attn.h7,photon<-electron,0.059724443157513935,9.472861590135532e-06,0.00010255312788233693,3.42980378523602e-05,1.0268508710644461e-05,-9.30802662922014e-05,-2.4825176262224665e-05,9.472861590135532e-06,5.601299473623623e-05
signed_hqql_tbl,mod.blocks.1.attn.h1,charged_hadron<-neutral_hadron,0.0190115431443478,2.349744386206718e-05,-4.144036323817967e-05,1.7993046597423155e-06,-3.165917876248732e-05,6.493780710024684e-05,2.1698139202324863e-05,2.349744386206718e-05,5.59663474121906e-05
B_tbl_minus_hqql,mod.blocks.1.attn.h4,muon<-photon,0.01871035857634111,-3.730684561146931e-05,0.0,0.0,0.0,-3.730684561146931e-05,-3.730684561146931e-05,3.730684561146931e-05,5.596026841720397e-05
B_tbl_minus_hqql,mod.blocks.1.attn.h2,electron<-neutral_hadron,0.007563140352711064,-3.7194748660322846e-05,0.0,0.0,0.0,-3.7194748660322846e-05,-3.7194748660322846e-05,3.7194748660322846e-05,5.579212299048427e-05
signed_hqql_tbl,mod.cls_blocks.1.attn.h6,charged_hadron<-CLS,0.0027092054951936007,4.611627809936181e-05,6.541869114092454e-05,0.0,0.0,-1.930241304156273e-05,4.611627809936181e-05,4.611627809936181e-05,5.576748462014317e-05
signed_hqql_tbl,mod.blocks.6.attn.h2,muon<-neutral_hadron,0.007650641351938247,-8.531308412784711e-06,8.593934262535186e-05,1.3758078694081632e-06,-2.0019699718934106e-05,-9.447065103813656e-05,-9.907116282192874e-06,8.531308412784711e-06,5.5766633931852996e-05
signed_hqql_tbl,mod.blocks.3.attn.h0,charged_hadron<-neutral_hadron,0.012582545405003562,5.987288982272379e-07,0.00010975476426202469,-2.005877868103291e-05,6.405638521224337e-05,-0.00010915603536379744,2.0657507579260146e-05,5.987288982272379e-07,5.517674658012596e-05
B_tbl_minus_hqql,mod.blocks.1.attn.h0,muon<-charged_hadron,0.01691857251253995,-3.6619896436053693e-05,0.0,0.0,0.0,-3.6619896436053693e-05,-3.6619896436053693e-05,3.6619896436053693e-05,5.492984465408054e-05
signed_hqql_tbl,mod.blocks.3.attn.h2,neutral_hadron<-neutral_hadron,0.027193730233538632,-2.324527184228851e-05,3.943408643757773e-05,5.91644845643746e-06,2.0251944322529637e-05,-6.267935827986624e-05,-2.916172029872597e-05,2.324527184228851e-05,5.458495098222163e-05
signed_hqql_tbl,mod.blocks.3.attn.h5,electron<-photon,0.009782806783914567,3.173599252477288e-05,-1.3919125974228206e-05,3.9174500281140876e-05,0.000142410631872133,4.565511849900109e-05,-7.438507756367997e-06,3.173599252477288e-05,5.456355177427342e-05
B_tbl_minus_hqql,mod.blocks.0.attn.h3,charged_hadron<-neutral_hadron,0.022209653459255435,3.633393433445425e-05,0.0,0.0,0.0,3.633393433445425e-05,3.633393433445425e-05,3.633393433445425e-05,5.450090150168138e-05
B_tbl_minus_hqql,mod.blocks.1.attn.h6,muon<-photon,0.0191783837296746,3.632911301048642e-05,0.0,0.0,0.0,3.632911301048642e-05,3.632911301048642e-05,3.632911301048642e-05,5.449366951572962e-05
signed_hqql_tbl,mod.blocks.7.attn.h6,muon<-photon,0.026563579385930843,-4.942534724250436e-05,-3.9616900791700645e-05,3.523108760072362e-05,-5.7702770023228466e-05,-9.808446450803713e-06,-8.465643484322798e-05,4.942534724250436e-05,5.432957046790622e-05
B_tbl_minus_hqql,mod.blocks.0.attn.h1,charged_hadron<-muon,0.016735765067013828,-3.614155998961492e-05,0.0,0.0,0.0,-3.614155998961492e-05,-3.614155998961492e-05,3.614155998961492e-05,5.421233998442238e-05
signed_hqql_tbl,mod.blocks.1.attn.h6,photon<-muon,0.03705735098231922,-3.5691069735383444e-05,-7.246473530987994e-05,0.00018412169689933458,9.429592734834711e-05,3.677366557449649e-05,-0.00021981276663471803,3.5691069735383444e-05,5.407790252263169e-05
B_tbl_minus_hqql,mod.blocks.3.attn.h2,charged_hadron<-electron,0.030295820612656444,-3.601527944403259e-05,0.0,0.0,0.0,-3.601527944403259e-05,-3.601527944403259e-05,3.601527944403259e-05,5.402291916604889e-05
B_tbl_minus_hqql,mod.blocks.0.attn.h0,photon<-electron,0.0454856276512146,3.599214445178708e-05,0.0,0.0,0.0,3.599214445178708e-05,3.599214445178708e-05,3.599214445178708e-05,5.398821667768061e-05
signed_hqql_tbl,mod.blocks.1.attn.h6,muon<-neutral_hadron,0.006024932861328125,1.3522294466383755e-05,9.44212836202496e-05,-0.00014366992400027812,0.00018065602124974959,-8.089898915386584e-05,0.00015719221846666187,1.3522294466383755e-05,5.3971789043316676e-05
signed_hqql_tbl,mod.blocks.5.attn.h2,neutral_hadron<-muon,0.00863935574889183,-1.927045959746465e-05,5.009473863992753e-05,-3.2107263905345462e-06,-8.821615269622127e-06,-6.936519823739218e-05,-1.6059733206930103e-05,1.927045959746465e-05,5.395305871616074e-05
B_tbl_minus_hqql,mod.blocks.5.attn.h1,electron<-neutral_hadron,0.017013556323945522,-3.590279755791506e-05,0.0,0.0,0.0,-3.590279755791506e-05,-3.590279755791506e-05,3.590279755791506e-05,5.3854196336872585e-05
signed_hqql_tbl,mod.blocks.1.attn.h3,neutral_hadron<-neutral_hadron,0.01535532738153751,2.768694221464475e-05,-2.4173270358532783e-05,2.8535881186720363e-05,-1.5183586779936328e-05,5.1860212573177534e-05,-8.48938972075612e-07,2.768694221464475e-05,5.361704850123352e-05
B_tbl_minus_hqql,mod.blocks.2.attn.h2,electron<-neutral_hadron,0.005200940690813765,-3.5705404553272485e-05,0.0,0.0,0.0,-3.5705404553272485e-05,-3.5705404553272485e-05,3.5705404553272485e-05,5.355810682990873e-05
B_tbl_minus_hqql,mod.blocks.5.attn.h6,charged_hadron<-neutral_hadron,0.04371644667725065,-3.569289225638219e-05,0.0,0.0,0.0,-3.569289225638219e-05,-3.569289225638219e-05,3.569289225638219e-05,5.353933838457329e-05
B_tbl_minus_hqql,mod.blocks.1.attn.h6,photon<-muon,0.03705735098231922,-3.5691069735383444e-05,0.0,0.0,0.0,-3.5691069735383444e-05,-3.5691069735383444e-05,3.5691069735383444e-05,5.353660460307516e-05
B_tbl_minus_hqql,mod.blocks.3.attn.h0,electron<-neutral_hadron,0.005226471640456181,-3.5501719349457955e-05,0.0,0.0,0.0,-3.5501719349457955e-05,-3.5501719349457955e-05,3.5501719349457955e-05,5.325257902418693e-05
B_tbl_minus_hqql,mod.blocks.1.attn.h4,photon<-muon,0.022006002339449795,-3.548901242373342e-05,0.0,0.0,0.0,-3.548901242373342e-05,-3.548901242373342e-05,3.548901242373342e-05,5.3233518635600134e-05
B_tbl_minus_hqql,mod.cls_blocks.1.attn.h2,CLS<-muon,0.006828478071838617,3.537345401127823e-05,0.0,0.0,0.0,3.537345401127823e-05,3.537345401127823e-05,3.537345401127823e-05,5.306018101691734e-05
B_tbl_minus_hqql,mod.cls_blocks.1.attn.h2,charged_hadron<-muon,0.006828478071838617,3.537345401127823e-05,0.0,0.0,0.0,3.537345401127823e-05,3.537345401127823e-05,3.537345401127823e-05,5.306018101691734e-05
B_tbl_minus_hqql,mod.blocks.3.attn.h6,muon<-neutral_hadron,0.00730830654501915,-3.536560107022524e-05,0.0,0.0,0.0,-3.536560107022524e-05,-3.536560107022524e-05,3.536560107022524e-05,5.3048401605337864e-05
B_tbl_minus_hqql,mod.blocks.0.attn.h0,neutral_hadron<-charged_hadron,0.022447943380672908,-3.533355277393548e-05,0.0,0.0,0.0,-3.533355277393548e-05,-3.533355277393548e-05,3.533355277393548e-05,5.300032916090322e-05
signed_hqql_tbl,mod.blocks.2.attn.h4,electron<-photon,0.013777940968672435,-1.2858254679789146e-05,6.731030537464124e-05,-4.5427406023788664e-05,0.00012158642389944621,-8.016856005443039e-05,3.256915134399952e-05,1.2858254679789146e-05,5.294253470700434e-05
B_tbl_minus_hqql,mod.blocks.5.attn.h2,muon<-photon,0.016426319425756283,-3.525257555090568e-05,0.0,0.0,0.0,-3.525257555090568e-05,-3.525257555090568e-05,3.525257555090568e-05,5.287886332635853e-05
signed_hqql_tbl,mod.blocks.4.attn.h2,charged_hadron<-neutral_hadron,0.013531277674224901,2.090107210146333e-05,-4.292265682477034e-05,1.4244520621764295e-05,-4.020110115611045e-05,6.382372892623368e-05,6.656551479699037e-06,2.090107210146333e-05,5.281293656458017e-05
B_tbl_minus_hqql,mod.blocks.2.attn.h0,muon<-neutral_hadron,0.006761917471885681,3.514216805342585e-05,0.0,0.0,0.0,3.514216805342585e-05,3.514216805342585e-05,3.514216805342585e-05,5.271325208013877e-05
signed_hqql_tbl,mod.blocks.2.attn.h4,charged_hadron<-muon,0.013004086234352806,8.95106738122801e-06,9.641222810993591e-05,8.60849249875173e-06,-6.337956867618374e-05,-8.74611607287079e-05,3.425748824762799e-07,8.95106738122801e-06,5.268164774558196e-05
signed_hqql_tbl,mod.blocks.1.attn.h7,electron<-photon,0.020030652234951655,3.9727111773875855e-05,6.560662794592125e-05,2.5198570645963106e-07,1.4065688872080925e-05,-2.5879516172045394e-05,3.947512606741622e-05,3.9727111773875855e-05,5.266686985989855e-05
signed_hqql_tbl,mod.blocks.6.attn.h7,neutral_hadron<-neutral_hadron,0.010959219965988245,-3.4834652582596903e-06,9.46480563151461e-05,-7.848991453806701e-06,6.373609163299122e-06,-9.813152157340579e-05,4.365526195547011e-06,3.4834652582596903e-06,5.254922604496258e-05
B_tbl_minus_hqql,mod.blocks.2.attn.h4,neutral_hadron<-electron,0.02408413589000702,-3.481201677529428e-05,0.0,0.0,0.0,-3.481201677529428e-05,-3.481201677529428e-05,3.481201677529428e-05,5.221802516294142e-05
signed_hqql_tbl,mod.blocks.1.attn.h6,neutral_hadron<-photon,0.015238688311763315,2.7228827678371848e-05,-2.2725902351319645e-05,4.974731938459113e-06,-1.1771016260345803e-05,4.995473002969149e-05,2.2254095739912736e-05,2.7228827678371848e-05,5.220619269321759e-05
B_tbl_minus_hqql,mod.blocks.4.attn.h5,muon<-photon,0.014422078024257313,-3.4798103363507174e-05,0.0,0.0,0.0,-3.4798103363507174e-05,-3.4798103363507174e-05,3.4798103363507174e-05,5.219715504526076e-05
signed_hqql_tbl,mod.blocks.2.attn.h2,neutral_hadron<-electron,0.052070686144641234,2.9475801214792122e-05,-1.556050244744256e-05,-5.413789840531535e-06,2.5809463572083284e-05,4.503630366223468e-05,3.488959105532366e-05,2.9475801214792122e-05,5.199395304590946e-05
signed_hqql_tbl,mod.blocks.7.attn.h1,muon<-photon,0.005550502714785663,-2.3729416584088043e-05,3.270222581564807e-05,-0.00018149677530995438,6.480187097882404e-05,-5.643164239973611e-05,0.00015776735872586635,2.3729416584088043e-05,5.19452377839561e-05
B_tbl_minus_hqql,mod.blocks.2.attn.h1,charged_hadron<-electron,0.04550588130950928,-3.454564504959547e-05,0.0,0.0,0.0,-3.454564504959547e-05,-3.454564504959547e-05,3.454564504959547e-05,5.181846757439321e-05
B_tbl_minus_hqql,mod.blocks.3.attn.h0,electron<-charged_hadron,0.0206293028436209,3.452261798405456e-05,0.0,0.0,0.0,3.452261798405456e-05,3.452261798405456e-05,3.452261798405456e-05,5.178392697608184e-05
B_tbl_minus_hqql,mod.blocks.1.attn.h7,neutral_hadron<-electron,0.04286886407778813,3.451076582468186e-05,0.0,0.0,0.0,3.451076582468186e-05,3.451076582468186e-05,3.451076582468186e-05,5.176614873702279e-05
signed_hqql_tbl,mod.cls_blocks.1.attn.h0,muon<-muon,0.0,0.0,-0.00010347161151003093,0.0,0.0,0.00010347161151003093,0.0,0.0,5.173580575501546e-05
B_tbl_minus_hqql,mod.blocks.4.attn.h6,muon<-charged_hadron,0.014239540605834036,3.4424836154688485e-05,0.0,0.0,0.0,3.4424836154688485e-05,3.4424836154688485e-05,3.4424836154688485e-05,5.163725423203273e-05
signed_hqql_tbl,mod.blocks.1.attn.h2,neutral_hadron<-charged_hadron,0.02383776371833656,-1.8263289252438927e-05,4.818931878502439e-05,-8.835999962488983e-07,4.350714318126979e-09,-6.645260803746331e-05,-1.737968925619003e-05,1.8263289252438927e-05,5.148959327117058e-05
signed_hqql_tbl,mod.blocks.2.attn.h2,photon<-photon,0.01532773615276161,2.889986361008319e-05,-1.6221612699458703e-05,2.1181500226614192e-05,-3.2360269006311945e-05,4.5121476309541895e-05,7.718363383468999e-06,2.889986361008319e-05,5.146060176485414e-05
signed_hqql_tbl,mod.blocks.6.attn.h2,charged_hadron<-photon,0.01577116322842559,1.0064918691736146e-05,-7.257176454567928e-05,4.793463662015588e-06,-3.092745353100271e-05,8.263668323741543e-05,5.271455029720558e-06,1.0064918691736146e-05,5.138326031044386e-05
B_tbl_minus_hqql,mod.blocks.7.attn.h6,electron<-neutral_hadron,0.014652418201037038,-3.422579587864815e-05,0.0,0.0,0.0,-3.422579587864815e-05,-3.422579587864815e-05,3.422579587864815e-05,5.133869381797222e-05
signed_hqql_tbl,mod.blocks.2.attn.h4,neutral_hadron<-neutral_hadron,0.018378961239105616,-2.9177609133349065e-06,-9.90230425611736e-05,-2.4483837174188787e-07,-2.251468131936567e-05,9.61052816478387e-05,-2.6729225415930186e-06,2.9177609133349065e-06,5.097040173725425e-05
signed_hqql_tbl,mod.blocks.5.attn.h6,charged_hadron<-neutral_hadron,0.04371644710672313,-3.569289153739925e-05,-6.606782210239856e-05,1.7159954658119534e-05,-4.834514323354865e-05,3.037493056499931e-05,-5.285284619551878e-05,3.569289153739925e-05,5.0880356819898905e-05
B_tbl_minus_hqql,mod.blocks.2.attn.h2,electron<-photon,0.015577727059523264,-3.3910390144834915e-05,0.0,0.0,0.0,-3.3910390144834915e-05,-3.3910390144834915e-05,3.3910390144834915e-05,5.086558521725237e-05
B_tbl_minus_hqql,mod.blocks.2.attn.h4,muon<-photon,0.012516392902894453,-3.37751619306139e-05,0.0,0.0,0.0,-3.37751619306139e-05,-3.37751619306139e-05,3.37751619306139e-05,5.066274289592084e-05
B_tbl_minus_hqql,mod.blocks.1.attn.h1,muon<-charged_hadron,0.018433769543965656,-3.3725839757332295e-05,0.0,0.0,0.0,-3.3725839757332295e-05,-3.3725839757332295e-05,3.3725839757332295e-05,5.058875963599844e-05
signed_hqql_tbl,mod.cls_blocks.1.attn.h4,muon<-charged_hadron,0.0,0.0,-0.0001011613163758408,0.0,0.0,0.0001011613163758408,0.0,0.0,5.05806581879204e-05
signed_hqql_tbl,mod.blocks.4.attn.h3,photon<-electron,0.03610517034928004,-8.753683262815078e-06,7.482152653080578e-05,2.2767430501906866e-05,-2.187481996687976e-05,-8.357520979362086e-05,-3.1521113764721946e-05,8.753683262815078e-06,5.0541288159625504e-05
B_tbl_minus_hqql,mod.blocks.1.attn.h0,electron<-neutral_hadron,0.007284752218625867,-3.3688071898023525e-05,0.0,0.0,0.0,-3.3688071898023525e-05,-3.3688071898023525e-05,3.3688071898023525e-05,5.053210784703529e-05
signed_hqql_tbl,mod.blocks.0.attn.h2,muon<-charged_hadron,0.0027155505888389816,-1.178025823636827e-06,-9.98815211157004e-05,1.890169514808804e-05,-2.5197361450058868e-05,9.870349529206357e-05,-2.0079720971724866e-05,1.178025823636827e-06,5.0529773469668614e-05
B_tbl_minus_hqql,mod.blocks.6.attn.h3,neutral_hadron<-electron,0.25196341367868275,-3.3458990331452624e-05,0.0,0.0,0.0,-3.3458990331452624e-05,-3.3458990331452624e-05,3.3458990331452624e-05,5.018848549717893e-05
signed_hqql_tbl,mod.blocks.6.attn.h4,muon<-photon,0.0006910832175476985,-1.3318046760766513e-06,9.633890396816451e-05,-6.1509615209485806e-06,2.426695281038909e-05,-9.767070864424117e-05,4.819156844871929e-06,1.3318046760766513e-06,5.0167158998197234e-05
signed_hqql_tbl,mod.blocks.4.attn.h0,neutral_hadron<-neutral_hadron,0.015323278738651424,-2.883249308565493e-05,1.3748878129829139e-05,-2.196981180257125e-06,3.9202283442729575e-05,-4.258137121548407e-05,-2.6635511905397803e-05,2.883249308565493e-05,5.012317869339696e-05
signed_hqql_tbl,mod.blocks.0.attn.h4,charged_hadron<-neutral_hadron,0.031015286970801165,2.7105007780791557e-05,-1.857377492260557e-05,3.463375858100343e-05,-1.8920629972336905e-05,4.567878270339712e-05,-7.528750800211874e-06,2.7105007780791557e-05,4.9944399132490115e-05
signed_hqql_tbl,mod.cls_blocks.1.attn.h6,CLS<-muon,0.008208392187952995,1.5383848221972585e-05,8.393139796680771e-05,-3.3344796975143254e-05,-8.809617582006268e-05,-6.854754974483512e-05,4.872864519711584e-05,1.5383848221972585e-05,4.9657623094390146e-05
B_tbl_minus_hqql,mod.blocks.1.attn.h3,charged_hadron<-muon,0.00450984998182817,-3.3097521571273155e-05,0.0,0.0,0.0,-3.3097521571273155e-05,-3.3097521571273155e-05,3.3097521571273155e-05,4.9646282356909736e-05
signed_hqql_tbl,mod.blocks.2.attn.h6,photon<-neutral_hadron,0.014800735488580222,9.812865312911297e-06,-6.973534195051191e-05,6.981392621459516e-06,9.814093600298012e-06,7.954820726342321e-05,2.831472691451781e-06,9.812865312911297e-06,4.9586968944622904e-05
B_tbl_minus_hqql,mod.blocks.2.attn.h1,muon<-charged_hadron,0.017553334886377506,-3.286002020379811e-05,0.0,0.0,0.0,-3.286002020379811e-05,-3.286002020379811e-05,3.286002020379811e-05,4.929003030569716e-05
B_tbl_minus_hqql,mod.blocks.3.attn.h5,photon<-muon,0.046304957433180374,-3.283558445135978e-05,0.0,0.0,0.0,-3.283558445135978e-05,-3.283558445135978e-05,3.283558445135978e-05,4.925337667703967e-05
signed_hqql_tbl,mod.blocks.4.attn.h5,muon<-photon,0.014422078024257313,-3.4798103363507174e-05,-6.152971484250604e-06,-0.00033522528108386764,-3.36494849761948e-05,-2.864513187925657e-05,0.0003004271777203605,3.4798103363507174e-05,4.912066930313546e-05
signed_hqql_tbl,mod.blocks.1.attn.h0,photon<-photon,0.01714713506579059,-1.9786022914453565e-05,3.887949183045752e-05,-1.7022255262089227e-05,3.979691984371581e-05,-5.866551474491108e-05,-2.7637676523643373e-06,1.9786022914453565e-05,4.91187802869091e-05
B_tbl_minus_hqql,mod.blocks.3.attn.h7,electron<-photon,0.010500321785608927,-3.259537115809508e-05,0.0,0.0,0.0,-3.259537115809508e-05,-3.259537115809508e-05,3.259537115809508e-05,4.889305673714262e-05
signed_hqql_tbl,mod.blocks.2.attn.h6,electron<-neutral_hadron,0.011382998970265571,-3.189399516346524e-05,-6.571896892637596e-05,-4.563775873975828e-05,-8.027135894129363e-05,3.3824973762910726e-05,1.3743763576293043e-05,3.189399516346524e-05,4.88064820449206e-05
B_tbl_minus_hqql,mod.blocks.3.attn.h1,electron<-charged_hadron,0.024122149144348345,3.249547999554412e-05,0.0,0.0,0.0,3.249547999554412e-05,3.249547999554412e-05,3.249547999554412e-05,4.874321999331618e-05
signed_hqql_tbl,mod.blocks.7.attn.h4,muon<-neutral_hadron,0.016296571493148802,9.091020911000668e-06,-7.011090599462477e-05,4.616062869899906e-05,-0.00017990357106179505,7.920192690562544e-05,-3.706960778799839e-05,9.091020911000668e-06,4.869198436381339e-05
B_tbl_minus_hqql,mod.cls_blocks.1.attn.h3,photon<-photon,0.01835599293311437,3.240961965881676e-05,0.0,0.0,0.0,3.240961965881676e-05,3.240961965881676e-05,3.240961965881676e-05,4.861442948822514e-05
B_tbl_minus_hqql,mod.blocks.4.attn.h4,electron<-photon,0.026969939966996512,-3.235465143613207e-05,0.0,0.0,0.0,-3.235465143613207e-05,-3.235465143613207e-05,3.235465143613207e-05,4.8531977154198105e-05
signed_hqql_tbl,mod.blocks.3.attn.h4,charged_hadron<-neutral_hadron,0.02008483165082279,1.2118034204971419e-05,-6.062931943315643e-05,1.8369340113344697e-05,-4.5316625333533115e-05,7.274735363812786e-05,-6.2513059083732785e-06,1.2118034204971419e-05,4.8491711024035345e-05
signed_hqql_tbl,mod.blocks.0.attn.h0,muon<-charged_hadron,0.01141844644691005,-2.725166974194122e-05,1.513310126028955e-05,2.7368419978301973e-06,-6.436024363298553e-05,-4.2384771002230775e-05,-2.998851173977142e-05,2.725166974194122e-05,4.844405524305661e-05
signed_hqql_tbl,mod.blocks.0.attn.h7,photon<-muon,0.01744946837425232,2.5858955103269015e-06,-8.905213326215744e-05,-9.092889792684997e-05,0.00018572511700248078,9.163802877248435e-05,9.351479343717688e-05,2.5858955103269015e-06,4.840490989656907e-05
signed_hqql_tbl,mod.blocks.3.attn.h5,photon<-electron,0.053184504310290016,-3.0085291170204678e-05,6.304951966740191e-06,5.609205150644162e-06,4.339017134232374e-06,-3.639024313694487e-05,-3.569449632084884e-05,3.0085291170204678e-05,4.828041273867712e-05
B_tbl_minus_hqql,mod.blocks.0.attn.h1,charged_hadron<-neutral_hadron,0.024347392511441423,3.21804388392452e-05,0.0,0.0,0.0,3.21804388392452e-05,3.21804388392452e-05,3.21804388392452e-05,4.827065825886781e-05
signed_hqql_tbl,mod.cls_blocks.1.attn.h0,muon<-neutral_hadron,0.0,0.0,-9.642218356020749e-05,0.0,0.0,9.642218356020749e-05,0.0,0.0,4.821109178010374e-05
signed_hqql_tbl,mod.blocks.2.attn.h3,neutral_hadron<-neutral_hadron,0.01554027297653449,1.1242112342211514e-05,-6.268119424298082e-05,8.238517401383971e-06,-4.5373013229801675e-05,7.392330658519234e-05,3.003594940827543e-06,1.1242112342211514e-05,4.820376563480768e-05
signed_hqql_tbl,mod.blocks.5.attn.h3,muon<-charged_hadron,0.019120424082784943,-1.4268010008064183e-05,5.335127546762427e-05,6.506723584607244e-05,3.251944127189646e-05,-6.761928547568845e-05,-7.933524585413662e-05,1.4268010008064183e-05,4.8077652745908405e-05
B_tbl_minus_hqql,mod.blocks.3.attn.h7,muon<-neutral_hadron,0.01970558762550354,-3.196062170900405e-05,0.0,0.0,0.0,-3.196062170900405e-05,-3.196062170900405e-05,3.196062170900405e-05,4.794093256350607e-05
B_tbl_minus_hqql,mod.blocks.2.attn.h6,electron<-neutral_hadron,0.011383002122434286,-3.18940914999425e-05,0.0,0.0,0.0,-3.18940914999425e-05,-3.18940914999425e-05,3.18940914999425e-05,4.784113724991375e-05
signed_hqql_tbl,mod.blocks.4.attn.h2,photon<-photon,0.016841852311329286,2.3536047097991387e-05,-2.5071744647353684e-05,2.1382477932828902e-05,-2.940797090808057e-05,4.860779174534507e-05,2.1535691651624845e-06,2.3536047097991387e-05,4.783994297066392e-05
signed_hqql_tbl,mod.blocks.3.attn.h6,photon<-photon,0.01619659102523802,-1.633924425914708e-05,4.657738288297931e-05,-1.3312878736266583e-05,5.36491106881594e-05,-6.291662714212639e-05,-3.0263655228804954e-06,1.633924425914708e-05,4.779755783021028e-05
B_tbl_minus_hqql,mod.blocks.4.attn.h7,electron<-neutral_hadron,0.026215994014189795,3.1856848251593947e-05,0.0,0.0,0.0,3.1856848251593947e-05,3.1856848251593947e-05,3.1856848251593947e-05,4.778527237739092e-05
B_tbl_minus_hqql,mod.blocks.3.attn.h5,electron<-photon,0.009782802313566208,3.173603715064625e-05,0.0,0.0,0.0,3.173603715064625e-05,3.173603715064625e-05,3.173603715064625e-05,4.760405572596937e-05
signed_hqql_tbl,mod.blocks.6.attn.h1,muon<-neutral_hadron,0.0037563897669315336,6.2694205553270875e-06,-7.622186240041628e-05,2.9570841434178874e-05,-0.0001573139841481031,8.249128295574337e-05,-2.3301420878851786e-05,6.2694205553270875e-06,4.751506203319877e-05
signed_hqql_tbl,mod.blocks.0.attn.h0,photon<-electron,0.045485628644625346,3.59920357974867e-05,5.825333365854541e-05,-1.1405575735677434e-05,-7.056803805390736e-05,-2.226129786105871e-05,4.7397611533164135e-05,3.59920357974867e-05,4.7122684728016055e-05
signed_hqql_tbl,mod.blocks.6.attn.h1,electron<-neutral_hadron,0.0022269053823457887,1.1742686183424667e-05,-5.859129402097096e-05,-5.599128489848226e-06,-3.887449738613213e-05,7.033398020439563e-05,1.7341814673272892e-05,1.1742686183424667e-05,4.690967628562248e-05
B_tbl_minus_hqql,mod.blocks.3.attn.h1,muon<-charged_hadron,0.02050368171749693,-3.1222384705236465e-05,0.0,0.0,0.0,-3.1222384705236465e-05,-3.1222384705236465e-05,3.1222384705236465e-05,4.68335770578547e-05
B_tbl_minus_hqql,mod.blocks.7.attn.h1,charged_hadron<-electron,0.029821936237184626,-3.1208538482468085e-05,0.0,0.0,0.0,-3.1208538482468085e-05,-3.1208538482468085e-05,3.1208538482468085e-05,4.681280772370213e-05
B_tbl_minus_hqql,mod.blocks.4.attn.h1,muon<-charged_hadron,0.02561878796779748,-3.109538970007138e-05,0.0,0.0,0.0,-3.109538970007138e-05,-3.109538970007138e-05,3.109538970007138e-05,4.664308455010707e-05
B_tbl_minus_hqql,mod.blocks.2.attn.h7,charged_hadron<-photon,0.017143945991861836,-3.102597155632001e-05,0.0,0.0,0.0,-3.102597155632001e-05,-3.102597155632001e-05,3.102597155632001e-05,4.6538957334480014e-05
signed_hqql_tbl,mod.blocks.0.attn.h3,neutral_hadron<-charged_hadron,0.020310034778887504,-1.1999800125912515e-05,-8.105600714475873e-05,7.0684669547644146e-06,3.405608813150832e-05,6.905620701884622e-05,-1.906826708067693e-05,1.1999800125912515e-05,4.652790363533562e-05
signed_hqql_tbl,mod.blocks.3.attn.h0,photon<-neutral_hadron,0.009712607732180259,-1.7665747489807936e-05,3.991354634717601e-05,-2.8270126462775384e-05,2.8848724321953885e-05,-5.7579293836983945e-05,1.0604378972967447e-05,1.7665747489807936e-05,4.645539440829991e-05
B_tbl_minus_hqql,mod.blocks.1.attn.h2,photon<-photon,0.01766815858161285,3.0960739929836106e-05,0.0,0.0,0.0,3.0960739929836106e-05,3.0960739929836106e-05,3.0960739929836106e-05,4.6441109894754156e-05
signed_hqql_tbl,mod.blocks.3.attn.h6,neutral_hadron<-electron,0.012414273701814147,-5.260704036494154e-07,9.117716382434082e-05,6.7323252187634356e-06,1.0037460197054315e-05,-9.170323422799023e-05,-7.258395622412851e-06,5.260704036494154e-07,4.6377687517644534e-05
signed_hqql_tbl,mod.blocks.0.attn.h0,neutral_hadron<-muon,0.004161256551742554,2.038930106209591e-05,-3.124172644675127e-05,-5.220820821705274e-05,6.977815928621567e-06,5.1631027508847184e-05,7.259750927914865e-05,2.038930106209591e-05,4.620481481651951e-05
B_tbl_minus_hqql,mod.blocks.7.attn.h7,muon<-photon,0.006536949087272991,-3.0744513920085e-05,0.0,0.0,0.0,-3.0744513920085e-05,-3.0744513920085e-05,3.0744513920085e-05,4.61167708801275e-05
signed_hqql_tbl,mod.blocks.4.attn.h1,muon<-photon,0.004471993243152445,-1.3312346047975801e-05,5.228285030730499e-05,-7.784082776024228e-05,0.00010654239304130897,-6.559519635528079e-05,6.452848171226649e-05,1.3312346047975801e-05,4.6109944225616195e-05
B_tbl_minus_hqql,mod.blocks.7.attn.h3,electron<-charged_hadron,0.03847080861267291,-3.0736500201256654e-05,0.0,0.0,0.0,-3.0736500201256654e-05,-3.0736500201256654e-05,3.0736500201256654e-05,4.6104750301884985e-05
signed_hqql_tbl,mod.blocks.2.attn.h1,electron<-neutral_hadron,0.010908770016752757,9.123159543378279e-06,-6.482586377387634e-05,-6.315536389593034e-05,2.4188296811189504e-05,7.394902331725461e-05,7.227852343930862e-05,9.123159543378279e-06,4.6097671202005586e-05
B_tbl_minus_hqql,mod.blocks.0.attn.h3,neutral_hadron<-neutral_hadron,0.025154115125919,3.069626291341056e-05,0.0,0.0,0.0,3.069626291341056e-05,3.069626291341056e-05,3.069626291341056e-05,4.6044394370115837e-05
B_tbl_minus_hqql,mod.blocks.1.attn.h2,neutral_hadron<-electron,0.008730312478571879,-3.066173264812186e-05,0.0,0.0,0.0,-3.066173264812186e-05,-3.066173264812186e-05,3.066173264812186e-05,4.5992598972182796e-05
signed_hqql_tbl,mod.blocks.6.attn.h4,charged_hadron<-muon,0.019968683069402523,-2.211607837428649e-05,2.559162579321613e-05,-0.0001294797286391258,3.795858741883772e-05,-4.7707704167502624e-05,0.00010736365026483932,2.211607837428649e-05,4.59699304580378e-05
B_tbl_minus_hqql,mod.blocks.6.attn.h7,muon<-neutral_hadron,0.006955916434526444,-3.063315234612674e-05,0.0,0.0,0.0,-3.063315234612674e-05,-3.063315234612674e-05,3.063315234612674e-05,4.594972851919011e-05
signed_hqql_tbl,mod.blocks.1.attn.h4,charged_hadron<-electron,0.04400321370676944,-1.3685347144737056e-05,5.0813449391474326e-05,1.765868155521223e-05,3.775307482101198e-05,-6.449879653621138e-05,-3.134402869994929e-05,1.3685347144737056e-05,4.593474541284275e-05
signed_hqql_tbl,mod.blocks.0.attn.h6,photon<-neutral_hadron,0.02190061195676627,1.6538565819429765e-05,-4.193973893423265e-05,-1.3116035649037615e-05,-2.210650343603353e-05,5.8478304753662415e-05,2.9654601468467382e-05,1.6538565819429765e-05,4.577771819626097e-05
B_tbl_minus_hqql,mod.blocks.0.attn.h5,charged_hadron<-electron,0.011210659420803973,-3.0496148323627974e-05,0.0,0.0,0.0,-3.0496148323627974e-05,-3.0496148323627974e-05,3.0496148323627974e-05,4.574422248544196e-05
B_tbl_minus_hqql,mod.blocks.6.attn.h2,electron<-charged_hadron,0.019670448805156508,3.0471448553726077e-05,0.0,0.0,0.0,3.0471448553726077e-05,3.0471448553726077e-05,3.0471448553726077e-05,4.5707172830589116e-05
signed_hqql_tbl,mod.blocks.1.attn.h1,electron<-electron,0.003318410483188927,2.1368120144416025e-05,-2.713230828632618e-05,7.602430684983119e-07,4.481208890700311e-05,4.8500428430742204e-05,2.0607877075917713e-05,2.1368120144416025e-05,4.561833435978713e-05
B_tbl_minus_hqql,mod.blocks.2.attn.h2,muon<-charged_hadron,0.01612518411694151,-3.0409255431908548e-05,0.0,0.0,0.0,-3.0409255431908548e-05,-3.0409255431908548e-05,3.0409255431908548e-05,4.561388314786282e-05
B_tbl_minus_hqql,mod.blocks.3.attn.h1,electron<-electron,0.0012037953808127593,3.0382057502720272e-05,0.0,0.0,0.0,3.0382057502720272e-05,3.0382057502720272e-05,3.0382057502720272e-05,4.557308625408041e-05
signed_hqql_tbl,mod.blocks.2.attn.h4,photon<-neutral_hadron,0.02560196963990423,1.4173656971292705e-05,-4.8334431096268426e-05,7.333598841412471e-06,-3.438660321324126e-05,6.250808806756113e-05,6.840058129880234e-06,1.4173656971292705e-05,4.542770100507327e-05
B_tbl_minus_hqql,mod.blocks.5.attn.h5,muon<-charged_hadron,0.00969489776726925,-3.028476864776828e-05,0.0,0.0,0.0,-3.028476864776828e-05,-3.028476864776828e-05,3.028476864776828e-05,4.542715297165242e-05
B_tbl_minus_hqql,mod.blocks.2.attn.h7,neutral_hadron<-electron,0.028946007100435402,3.025314156100369e-05,0.0,0.0,0.0,3.025314156100369e-05,3.025314156100369e-05,3.025314156100369e-05,4.537971234150553e-05
signed_hqql_tbl,mod.blocks.3.attn.h1,electron<-electron,0.0012037950412680705,3.0382043708717294e-05,4.420523447290492e-07,9.313291933210621e-07,0.00029089291589912136,2.9939991363988245e-05,2.9450714515396232e-05,3.0382043708717294e-05,4.535203939071142e-05
signed_hqql_tbl,mod.blocks.3.attn.h4,charged_hadron<-electron,0.01151689004741217,1.4117731074006052e-06,-8.637885640685757e-05,2.760926655282256e-05,-1.0738488640527066e-05,8.779062951425818e-05,-2.6197493445421954e-05,1.4117731074006052e-06,4.5307087864529697e-05
B_tbl_minus_hqql,mod.blocks.7.attn.h3,neutral_hadron<-muon,0.03993098139762878,3.0199607135728e-05,0.0,0.0,0.0,3.0199607135728e-05,3.0199607135728e-05,3.0199607135728e-05,4.5299410703592e-05
B_tbl_minus_hqql,mod.blocks.2.attn.h0,charged_hadron<-neutral_hadron,0.011245330399725773,-3.0190273182302697e-05,0.0,0.0,0.0,-3.0190273182302697e-05,-3.0190273182302697e-05,3.0190273182302697e-05,4.5285409773454044e-05
B_tbl_minus_hqql,mod.blocks.6.attn.h3,electron<-neutral_hadron,0.0067023461541304225,-3.0163451251260434e-05,0.0,0.0,0.0,-3.0163451251260434e-05,-3.0163451251260434e-05,3.0163451251260434e-05,4.524517687689065e-05
B_tbl_minus_hqql,mod.blocks.3.attn.h5,photon<-electron,0.053184515237808226,-3.0085382362206778e-05,0.0,0.0,0.0,-3.0085382362206778e-05,-3.0085382362206778e-05,3.0085382362206778e-05,4.512807354331017e-05
B_tbl_minus_hqql,mod.blocks.0.attn.h1,photon<-electron,0.03429309576749802,3.0068341463144558e-05,0.0,0.0,0.0,3.0068341463144558e-05,3.0068341463144558e-05,3.0068341463144558e-05,4.510251219471684e-05
signed_hqql_tbl,mod.blocks.6.attn.h7,charged_hadron<-neutral_hadron,0.015556955009284733,-7.193330753552936e-06,6.8453605870689e-05,-8.67261712107496e-06,8.8119293377766e-06,-7.564693662424194e-05,1.4792863675220236e-06,7.193330753552936e-06,4.50167990656739e-05
B_tbl_minus_hqql,mod.blocks.5.attn.h6,charged_hadron<-photon,0.011598758009420949,2.9987266020215492e-05,0.0,0.0,0.0,2.9987266020215492e-05,2.9987266020215492e-05,2.9987266020215492e-05,4.4980899030323236e-05
B_tbl_minus_hqql,mod.blocks.4.attn.h1,electron<-neutral_hadron,0.0118038932291361,-2.9951865984073196e-05,0.0,0.0,0.0,-2.9951865984073196e-05,-2.9951865984073196e-05,2.9951865984073196e-05,4.492779897610979e-05
signed_hqql_tbl,mod.blocks.2.attn.h0,photon<-neutral_hadron,0.010685597810591325,-1.0280840932842504e-05,5.8154339907251535e-05,-2.0292356699177013e-05,2.9113317854999544e-05,-6.843518084009404e-05,1.0011515766334509e-05,1.0280840932842504e-05,4.4498431352889524e-05
signed_hqql_tbl,mod.blocks.5.attn.h3,charged_hadron<-neutral_hadron,0.0170778722046456,2.788801801429771e-06,-8.060017465362073e-05,5.673783326498304e-06,-2.879828562988907e-05,8.33889764550505e-05,-2.884981525068533e-06,2.788801801429771e-06,4.448329002895502e-05
signed_hqql_tbl,mod.blocks.3.attn.h6,electron<-photon,0.010678188254435858,-2.8175784488363813e-05,4.338680550323001e-06,-0.0001218699085906597,1.0287250065571303e-05,-3.251446503868681e-05,9.369412410229588e-05,2.8175784488363813e-05,4.443301700770722e-05
signed_hqql_tbl,mod.blocks.1.attn.h3,photon<-photon,0.02133359674693071,1.2439237666520118e-05,-5.1515399893349754e-05,3.063725752795541e-05,-1.6861859900743008e-05,6.395463755986988e-05,-1.819801986143529e-05,1.2439237666520118e-05,4.441655644645506e-05
signed_hqql_tbl,mod.blocks.1.attn.h5,neutral_hadron<-neutral_hadron,0.010229326169400548,-2.5256484306550986e-05,-6.352393819579974e-05,-4.632455787228022e-06,1.425619851824789e-05,3.8267453889248755e-05,-2.0624028519322962e-05,2.5256484306550986e-05,4.4390211251175366e-05
B_tbl_minus_hqql,mod.blocks.7.attn.h4,electron<-charged_hadron,0.02125193649216702,2.9493475602449554e-05,0.0,0.0,0.0,2.9493475602449554e-05,2.9493475602449554e-05,2.9493475602449554e-05,4.424021340367433e-05
B_tbl_minus_hqql,mod.blocks.2.attn.h2,neutral_hadron<-electron,0.05207069072919414,2.9475935538523747e-05,0.0,0.0,0.0,2.9475935538523747e-05,2.9475935538523747e-05,2.9475935538523747e-05,4.421390330778562e-05
signed_hqql_tbl,mod.blocks.6.attn.h3,neutral_hadron<-muon,0.09858600497245788,3.1147908885031937e-06,-7.902894867584109e-05,-0.00013368290092330426,-0.00011225914995125292,8.214373956434428e-05,0.00013679769181180746,3.1147908885031937e-06,4.418666067067533e-05
signed_hqql_tbl,mod.blocks.7.attn.h1,photon<-electron,0.01825916344920794,-1.001877456777341e-05,5.830998556380759e-05,1.982440556145905e-05,-2.3379744833347374e-06,-6.8328760131581e-05,-2.984318012923246e-05,1.001877456777341e-05,4.418315463356391e-05
signed_hqql_tbl,mod.blocks.4.attn.h6,charged_hadron<-charged_hadron,0.022338819296113567,1.7558888700837804e-05,-3.524972518482867e-05,1.1250014878256304e-05,-1.3351817174480311e-05,5.2808613885666476e-05,6.308873822581501e-06,1.7558888700837804e-05,4.396319564367104e-05
signed_hqql_tbl,mod.cls_blocks.1.attn.h7,muon<-CLS,0.0,0.0,-8.784425881458446e-05,0.0,0.0,8.784425881458446e-05,0.0,0.0,4.392212940729223e-05
signed_hqql_tbl,mod.blocks.1.attn.h1,electron<-charged_hadron,0.021344569952864396,8.035103459597418e-06,7.967246793365727e-05,-5.072231629285319e-06,2.2639686221737065e-05,-7.163736447405985e-05,1.3107335088882736e-05,8.035103459597418e-06,4.385378569662734e-05
signed_hqql_tbl,mod.blocks.6.attn.h6,muon<-neutral_hadron,0.008543696254491806,-1.2475944822654128e-05,-7.505925987061346e-05,7.4430849963391665e-06,-2.7654070790291648e-05,6.258331504795933e-05,-1.9919029818993293e-05,1.2475944822654128e-05,4.376760234663379e-05
signed_hqql_tbl,mod.blocks.0.attn.h5,charged_hadron<-electron,0.011210660205075615,-3.04961598119821e-05,-4.140241071581841e-06,1.4357929835203051e-05,-4.719071785075357e-05,-2.635591874040026e-05,-4.485408964718515e-05,3.04961598119821e-05,4.367411918218223e-05
B_tbl_minus_hqql,mod.blocks.5.attn.h1,photon<-electron,0.03852954308191935,2.9079057640046813e-05,0.0,0.0,0.0,2.9079057640046813e-05,2.9079057640046813e-05,2.9079057640046813e-05,4.361858646007022e-05
signed_hqql_tbl,mod.blocks.4.attn.h5,neutral_hadron<-neutral_hadron,0.014117781143077315,-2.341529453549385e-05,1.6784779707920574e-05,-7.2863558906869345e-06,1.9631568022875662e-05,-4.020007424341442e-05,-1.6128938644806916e-05,2.341529453549385e-05,4.351533165720106e-05
signed_hqql_tbl,mod.blocks.0.attn.h7,neutral_hadron<-electron,0.06809583592873353,-6.221207933357129e-06,6.83255434523744e-05,-4.3269161542411896e-05,1.6781453693207973e-05,-7.454675138573154e-05,3.7047953609054765e-05,6.221207933357129e-06,4.34945836262229e-05
B_tbl_minus_hqql,mod.blocks.2.attn.h1,muon<-photon,0.017434404654936356,-2.898861897516657e-05,0.0,0.0,0.0,-2.898861897516657e-05,-2.898861897516657e-05,2.898861897516657e-05,4.3482928462749854e-05
signed_hqql_tbl,mod.blocks.5.attn.h1,electron<-neutral_hadron,0.017013549374846313,-3.590277517035317e-05,-2.085717119371111e-05,-9.998981084208936e-05,1.9813440788614876e-05,-1.5045603976642058e-05,6.408703567173619e-05,3.590277517035317e-05,4.34255771586742e-05
signed_hqql_tbl,mod.blocks.4.attn.h1,electron<-charged_hadron,0.02741733585533343,2.0263111525166193e-05,-2.598063244173924e-05,-0.00018770308849326838,2.0075818952136615e-05,4.624374396690543e-05,0.00020796620001843456,2.0263111525166193e-05,4.338498350861891e-05
B_tbl_minus_hqql,mod.blocks.3.attn.h3,neutral_hadron<-electron,0.02006064412685541,-2.89223412087617e-05,0.0,0.0,0.0,-2.89223412087617e-05,-2.89223412087617e-05,2.89223412087617e-05,4.338351181314255e-05
B_tbl_minus_hqql,mod.blocks.2.attn.h2,photon<-photon,0.01532773576807233,2.8899871087423275e-05,0.0,0.0,0.0,2.8899871087423275e-05,2.8899871087423275e-05,2.8899871087423275e-05,4.3349806631134914e-05
signed_hqql_tbl,mod.blocks.2.attn.h6,photon<-muon,0.008913829922676086,5.546083808770742e-06,8.09905155060383e-05,-3.3520026287684836e-05,-3.0406786988481015e-05,-7.544443169726755e-05,3.9066110096455575e-05,5.546083808770742e-06,4.3268299657404514e-05
B_tbl_minus_hqql,mod.blocks.4.attn.h0,neutral_hadron<-neutral_hadron,0.015323280121232621,-2.8832488636127004e-05,0.0,0.0,0.0,-2.8832488636127004e-05,-2.8832488636127004e-05,2.8832488636127004e-05,4.324873295419051e-05
signed_hqql_tbl,mod.blocks.2.attn.h3,photon<-charged_hadron,0.01548122677884855,-1.576399942081515e-05,3.9017838270693226e-05,-1.6376278632340257e-05,2.65902421041604e-05,-5.478183769150838e-05,6.122792115251063e-07,1.576399942081515e-05,4.315491826656934e-05
signed_hqql_tbl,mod.blocks.7.attn.h6,photon<-muon,0.015021085739135742,2.0916373945179988e-05,-2.3297265915271753e-05,-3.9464340218165445e-06,2.804854638530482e-05,4.421363986045174e-05,2.486280796699653e-05,2.0916373945179988e-05,4.302319387540585e-05
signed_hqql_tbl,mod.blocks.4.attn.h7,charged_hadron<-photon,0.01361934120205075,-1.5300694391401004e-05,3.997346178457708e-05,-1.4266695294449015e-05,2.3137576573752517e-05,-5.527415617597809e-05,-1.0339990969519887e-06,1.5300694391401004e-05,4.293777247939005e-05
B_tbl_minus_hqql,mod.blocks.1.attn.h6,photon<-electron,0.0226949413617452,-2.8588486748049037e-05,0.0,0.0,0.0,-2.8588486748049037e-05,-2.8588486748049037e-05,2.8588486748049037e-05,4.288273012207356e-05
signed_hqql_tbl,mod.blocks.2.attn.h7,neutral_hadron<-photon,0.018469073141975333,-1.296417026229253e-05,4.6703264943017405e-05,-2.0243554369796266e-05,2.9288117693452614e-05,-5.966743520530994e-05,7.279384107503736e-06,1.296417026229253e-05,4.27978878649475e-05
B_tbl_minus_hqql,mod.blocks.2.attn.h1,photon<-muon,0.017507661472667347,2.849751035682857e-05,0.0,0.0,0.0,2.849751035682857e-05,2.849751035682857e-05,2.849751035682857e-05,4.2746265535242856e-05
signed_hqql_tbl,mod.blocks.7.attn.h0,charged_hadron<-neutral_hadron,0.010014291060872748,-1.0723581801486051e-05,5.312956914700031e-05,-2.142081707831542e-05,2.3719814719718902e-05,-6.385315094848636e-05,1.0697235276829368e-05,1.0723581801486051e-05,4.265015727572923e-05
signed_hqql_tbl,mod.blocks.0.attn.h4,charged_hadron<-electron,0.022753212012742694,-2.420535632776783e-05,1.2633069806421796e-05,1.5248694883969923e-05,2.2267513486440293e-05,-3.683842613418962e-05,-3.945405121173775e-05,2.420535632776783e-05,4.2624569394862644e-05
signed_hqql_tbl,mod.blocks.1.attn.h5,neutral_hadron<-photon,0.017596940680515094,-5.890441655073243e-06,-7.931582062763759e-05,-1.7260843388212073e-05,-1.645997187159053e-05,7.342537897256434e-05,1.1370401733138829e-05,5.890441655073243e-06,4.2603131141355416e-05
signed_hqql_tbl,mod.blocks.7.attn.h6,electron<-neutral_hadron,0.014652428700803565,-3.4225854925842635e-05,-1.765770425432578e-05,2.9088972128192835e-05,-1.751543545651657e-05,-1.6568150671516856e-05,-6.331482705403547e-05,3.4225854925842635e-05,4.2509930261601064e-05
signed_hqql_tbl,mod.cls_blocks.1.attn.h6,CLS<-CLS,0.0014489958484773524,1.1001589143688761e-05,7.366201847958109e-05,0.0,0.0,-6.266042933589233e-05,1.1001589143688761e-05,1.1001589143688761e-05,4.233180381163493e-05
signed_hqql_tbl,mod.blocks.3.attn.h4,electron<-charged_hadron,0.02392869089779101,-4.216239628811692e-05,-4.249079618602991e-05,8.42097790740516e-06,4.2601905079209246e-06,3.283998979129889e-07,-5.0583374195522075e-05,4.216239628811692e-05,4.2326596237073414e-05
signed_hqql_tbl,mod.blocks.6.attn.h3,muon<-muon,0.005205067340284586,-1.9772909581661224e-05,2.5305717599621858e-05,2.2673857529298402e-06,6.1108208200266745e-06,-4.507862718128308e-05,-2.2040295334591065e-05,1.9772909581661224e-05,4.2312223172302765e-05
B_tbl_minus_hqql,mod.blocks.3.attn.h6,electron<-photon,0.01067819024125735,-2.8175858703131476e-05,0.0,0.0,0.0,-2.8175858703131476e-05,-2.8175858703131476e-05,2.8175858703131476e-05,4.2263788054697214e-05
B_tbl_minus_hqql,mod.cls_blocks.1.attn.h1,photon<-photon,0.017203423505028088,-2.816169095846514e-05,0.0,0.0,0.0,-2.816169095846514e-05,-2.816169095846514e-05,2.816169095846514e-05,4.224253643769771e-05
signed_hqql_tbl,mod.blocks.5.attn.h6,photon<-neutral_hadron,0.033026873852657575,-9.794791537242846e-06,-7.461039112029592e-05,1.7100276787265734e-05,-6.000463523760045e-05,6.481559958305307e-05,-2.689506832450858e-05,9.794791537242846e-06,4.2202591328769384e-05
signed_hqql_tbl,mod.blocks.7.attn.h4,electron<-charged_hadron,0.02125192629663568,2.949345415752185e-05,4.19705950965484e-06,5.131437852657561e-05,1.998120751522947e-06,2.5296394647867008e-05,-2.1820924369053758e-05,2.949345415752185e-05,4.214165148145535e-05
B_tbl_minus_hqql,mod.blocks.1.attn.h0,muon<-neutral_hadron,0.005698160827159881,2.800317597575486e-05,0.0,0.0,0.0,2.800317597575486e-05,2.800317597575486e-05,2.800317597575486e-05,4.200476396363229e-05
B_tbl_minus_hqql,mod.blocks.0.attn.h3,photon<-neutral_hadron,0.013860709562869934,2.791256489767505e-05,0.0,0.0,0.0,2.791256489767505e-05,2.791256489767505e-05,2.791256489767505e-05,4.1868847346512576e-05
signed_hqql_tbl,mod.blocks.6.attn.h1,muon<-photon,0.0020251360467889094,-2.0190337553768503e-06,-8.162938991937644e-05,1.4920565133382166e-05,-7.697396410679045e-05,7.961035616399958e-05,-1.6939598888759018e-05,2.0190337553768503e-06,4.1824211837376645e-05
signed_hqql_tbl,mod.blocks.0.attn.h4,charged_hadron<-muon,0.006342045737035347,-3.6223524754556515e-06,-7.99709145212546e-05,-4.606519360095262e-06,-1.7379012315797742e-05,7.634856204579895e-05,9.841668846396106e-07,3.6223524754556515e-06,4.1796633498355124e-05
signed_hqql_tbl,mod.cls_blocks.1.attn.h7,neutral_hadron<-CLS,0.0022949791746214032,-3.71139640265028e-05,-4.647302193916403e-05,0.0,0.0,9.359057912661228e-06,-3.71139640265028e-05,3.71139640265028e-05,4.1793492982833413e-05
signed_hqql_tbl,mod.blocks.2.attn.h0,charged_hadron<-photon,0.016289134724151704,1.4718842456667134e-05,6.876653971312638e-05,7.288104757950007e-06,3.7255088246142085e-05,-5.404769725645924e-05,7.430737698717128e-06,1.4718842456667134e-05,4.1742691084896755e-05
signed_hqql_tbl,mod.blocks.3.attn.h1,charged_hadron<-charged_hadron,0.0223736724009271,-1.490322430905757e-05,3.837698906628091e-05,4.686113762276731e-06,2.05657240919794e-05,-5.328021337533848e-05,-1.95893380713343e-05,1.490322430905757e-05,4.154333099672681e-05
B_tbl_minus_hqql,mod.blocks.1.attn.h3,neutral_hadron<-neutral_hadron,0.015355327047216587,2.768693934157431e-05,0.0,0.0,0.0,2.768693934157431e-05,2.768693934157431e-05,2.768693934157431e-05,4.1530409012361466e-05
signed_hqql_tbl,mod.cls_blocks.0.attn.h7,muon<-neutral_hadron,0.0,0.0,8.302670321427285e-05,0.0,0.0,-8.302670321427285e-05,0.0,0.0,4.1513351607136426e-05
signed_hqql_tbl,mod.blocks.2.attn.h7,charged_hadron<-charged_hadron,0.021178466734828108,-2.034332450244514e-05,2.1659861654835658e-05,-1.6421965966973884e-05,1.4847247313303702e-05,-4.20031861572808e-05,-3.9213585354712556e-06,2.034332450244514e-05,4.134491758108554e-05
signed_hqql_tbl,mod.blocks.4.attn.h4,electron<-photon,0.026969937980175017,-3.235462469698784e-05,-1.438112251759906e-05,2.5805910679212373e-05,2.0845703419310028e-05,-1.797350217938878e-05,-5.816053537620021e-05,3.235462469698784e-05,4.134137578668223e-05
signed_hqql_tbl,mod.blocks.2.attn.h0,photon<-photon,0.01558881480950967,-1.2755918262677355e-05,4.439958483808149e-05,-4.01157147323209e-06,1.8993659396783946e-05,-5.715550310075885e-05,-8.744346789445265e-06,1.2755918262677355e-05,4.133366981305678e-05
signed_hqql_tbl,mod.blocks.6.attn.h3,electron<-neutral_hadron,0.0067023450078872535,-3.016344145670211e-05,-7.874758985337849e-06,-4.932158553856425e-06,5.648782431914394e-06,-2.228868247136426e-05,-2.5231282902845684e-05,3.016344145670211e-05,4.130778269238424e-05
signed_hqql_tbl,mod.cls_blocks.1.attn.h2,neutral_hadron<-neutral_hadron,0.005439913432512965,-2.5947680114768445e-05,4.418546268425416e-06,0.00010769253087885402,0.0007560584044161563,-3.036622638319386e-05,-0.00013364021099362245,2.5947680114768445e-05,4.1130793306365376e-05
signed_hqql_tbl,mod.blocks.3.attn.h3,photon<-charged_hadron,0.020090734334543735,-1.7685607592517888e-05,2.8892778247368758e-05,-2.144394590641284e-05,1.7593646787363582e-05,-4.6578385839886646e-05,3.7583383138949518e-06,1.7685607592517888e-05,4.0974800512461214e-05
B_tbl_minus_hqql,mod.blocks.0.attn.h1,neutral_hadron<-neutral_hadron,0.018473603146580548,2.7309815712401477e-05,0.0,0.0,0.0,2.7309815712401477e-05,2.7309815712401477e-05,2.7309815712401477e-05,4.0964723568602213e-05
signed_hqql_tbl,mod.blocks.0.attn.h0,neutral_hadron<-photon,0.015001056821060654,-1.0352984929548647e-05,5.0833419163274314e-05,6.84384938620558e-06,-3.6018024677220194e-05,-6.118640409282296e-05,-1.719683431575423e-05,1.0352984929548647e-05,4.094618697596013e-05
B_tbl_minus_hqql,mod.blocks.0.attn.h0,muon<-charged_hadron,0.01141844644691005,-2.725166974194122e-05,0.0,0.0,0.0,-2.725166974194122e-05,-2.725166974194122e-05,2.725166974194122e-05,4.0877504612911835e-05
signed_hqql_tbl,mod.blocks.0.attn.h0,charged_hadron<-muon,0.023276661381577,-8.448829634510206e-06,5.637853949641188e-05,-0.00053275590762496,-9.23428175944964e-05,-6.482736913092209e-05,0.0005243070779904498,8.448829634510206e-06,4.086251419997125e-05
B_tbl_minus_hqql,mod.blocks.1.attn.h6,neutral_hadron<-photon,0.01523868823776624,2.7228836431199816e-05,0.0,0.0,0.0,2.7228836431199816e-05,2.7228836431199816e-05,2.7228836431199816e-05,4.084325464679972e-05
signed_hqql_tbl,mod.blocks.6.attn.h6,photon<-neutral_hadron,0.03149778153088284,-2.5239968569962278e-05,5.811331596660842e-06,-1.2565036491149645e-05,2.2357052551894412e-05,-3.105130016662312e-05,-1.2674932078812633e-05,2.5239968569962278e-05,4.076561865327384e-05
signed_hqql_tbl,mod.blocks.1.attn.h2,neutral_hadron<-electron,0.008730322221428931,-3.0661769588418834e-05,-5.081639409354466e-05,-1.142288325354457e-05,1.0542497329879552e-05,2.0154624505125825e-05,-1.9238886334874264e-05,3.0661769588418834e-05,4.073908184098175e-05
B_tbl_minus_hqql,mod.blocks.0.attn.h5,electron<-charged_hadron,0.01604532077908516,-2.7152726991181752e-05,0.0,0.0,0.0,-2.7152726991181752e-05,-2.7152726991181752e-05,2.7152726991181752e-05,4.0729090486772625e-05
signed_hqql_tbl,mod.blocks.7.attn.h1,photon<-muon,0.008033043281598524,-9.40460317492993e-06,5.316190604039898e-05,-5.97313547110562e-07,1.6437990520249252e-05,-6.25665092153289e-05,-8.807289627819368e-06,9.40460317492993e-06,4.0687857782594383e-05
B_tbl_minus_hqql,mod.blocks.0.attn.h4,charged_hadron<-neutral_hadron,0.031015286664035108,2.7104995558081493e-05,0.0,0.0,0.0,2.7104995558081493e-05,2.7104995558081493e-05,2.7104995558081493e-05,4.065749333712224e-05
signed_hqql_tbl,mod.blocks.4.attn.h3,neutral_hadron<-electron,0.03370990604162216,1.5362493846064004e-05,6.594763249267999e-05,-2.977035037474707e-06,-3.4223142999204962e-06,-5.058513864661598e-05,1.833952888353871e-05,1.5362493846064004e-05,4.065506316937199e-05
signed_hqql_tbl,mod.blocks.2.attn.h4,photon<-muon,0.012026179920543324,-2.8467819158157166e-06,-7.823988114698575e-05,1.682098151095921e-05,-3.446432414680852e-05,7.539309923117004e-05,-1.966776342677493e-05,2.8467819158157166e-06,4.0543331531400736e-05
signed_hqql_tbl,mod.blocks.2.attn.h5,electron<-neutral_hadron,0.006055682778913671,1.1267457011854276e-07,-8.047429417956664e-05,4.7233770601451396e-07,-2.0130900278066596e-05,8.058696874968518e-05,-3.596631358959712e-07,1.1267457011854276e-07,4.0406158944961135e-05
signed_hqql_tbl,mod.blocks.1.attn.h1,neutral_hadron<-muon,0.010652597248554229,2.6070309104397893e-05,5.466189395519905e-05,-3.297846342320554e-05,4.2089704157146827e-05,-2.8591584850801155e-05,5.904877252760343e-05,2.6070309104397893e-05,4.036610152979847e-05
B_tbl_minus_hqql,mod.blocks.2.attn.h7,charged_hadron<-muon,0.01810207330819332,2.683594004448616e-05,0.0,0.0,0.0,2.683594004448616e-05,2.683594004448616e-05,2.683594004448616e-05,4.025391006672924e-05
signed_hqql_tbl,mod.blocks.1.attn.h4,neutral_hadron<-neutral_hadron,0.008845625115701786,1.4195772242741302e-05,-3.788856706112552e-05,5.721504716921322e-07,-1.2437575166870018e-05,5.208433930386682e-05,1.362362177104917e-05,1.4195772242741302e-05,4.023794189467471e-05
signed_hqql_tbl,mod.blocks.4.attn.h6,charged_hadron<-neutral_hadron,0.014675240969449298,1.1228850865009233e-05,-4.6292444620793264e-05,6.67528118666555e-06,-2.8685194296396555e-05,5.75212954858025e-05,4.553569678343683e-06,1.1228850865009233e-05,3.998949860791048e-05
B_tbl_minus_hqql,mod.blocks.7.attn.h5,electron<-photon,0.01883895918726921,2.6649927046188775e-05,0.0,0.0,0.0,2.6649927046188775e-05,2.6649927046188775e-05,2.6649927046188775e-05,3.997489056928316e-05
signed_hqql_tbl,mod.blocks.4.attn.h2,neutral_hadron<-neutral_hadron,0.011737788265404211,2.229189170164521e-05,-1.2955389879895359e-05,4.453956126456511e-06,-3.0245482046088975e-05,3.524728158154057e-05,1.78379355751887e-05,2.229189170164521e-05,3.99155324924155e-05
B_tbl_minus_hqql,mod.blocks.4.attn.h1,muon<-neutral_hadron,0.011156731843948364,-2.6511686155572533e-05,0.0,0.0,0.0,-2.6511686155572533e-05,-2.6511686155572533e-05,2.6511686155572533e-05,3.97675292333588e-05
signed_hqql_tbl,mod.blocks.2.attn.h2,muon<-charged_hadron,0.01612518411694151,-3.0409255431908548e-05,-4.8858703424533206e-05,-3.2960856333374974e-05,-0.0001192068602575595,1.844944799262466e-05,2.5516009014664264e-06,3.0409255431908548e-05,3.963397942822088e-05
signed_hqql_tbl,mod.blocks.3.attn.h4,muon<-charged_hadron,0.017242166129025547,1.955346493614894e-05,-2.0596204558387397e-05,4.223030555294827e-06,-7.058914851801223e-05,4.014966949453634e-05,1.5330434380854115e-05,1.955346493614894e-05,3.9628299683417114e-05
signed_hqql_tbl,mod.blocks.3.attn.h2,charged_hadron<-neutral_hadron,0.01335419621654104,-5.162299431647628e-06,-7.385656298956255e-05,1.7415661900800935e-05,-6.727857928234574e-05,6.869426355791493e-05,-2.2577961332448563e-05,5.162299431647628e-06,3.9509431210605096e-05
signed_hqql_tbl,mod.blocks.3.attn.h4,photon<-neutral_hadron,0.016029887470231152,8.31087091947778e-06,-5.3874820627984924e-05,2.7740775990946987e-06,-1.9244129161300603e-05,6.21856915474627e-05,5.53679332038308e-06,8.31087091947778e-06,3.940371669320913e-05
B_tbl_minus_hqql,mod.blocks.1.attn.h1,neutral_hadron<-muon,0.010652597248554229,2.6070309104397893e-05,0.0,0.0,0.0,2.6070309104397893e-05,2.6070309104397893e-05,2.6070309104397893e-05,3.910546365659684e-05
B_tbl_minus_hqql,mod.blocks.2.attn.h3,muon<-charged_hadron,0.018058056181127376,2.6055371783899538e-05,0.0,0.0,0.0,2.6055371783899538e-05,2.6055371783899538e-05,2.6055371783899538e-05,3.9083057675849304e-05
B_tbl_minus_hqql,mod.blocks.7.attn.h1,muon<-charged_hadron,0.026030865582552822,2.593671634906169e-05,0.0,0.0,0.0,2.593671634906169e-05,2.593671634906169e-05,2.593671634906169e-05,3.890507452359253e-05
signed_hqql_tbl,mod.blocks.6.attn.h5,photon<-neutral_hadron,0.006895206549536139,1.049283597084175e-05,-4.6324856998636667e-05,6.2150013772106935e-06,-3.5574664346890056e-05,5.681769296947842e-05,4.277834593631057e-06,1.049283597084175e-05,3.890168245558096e-05
signed_hqql_tbl,mod.blocks.6.attn.h6,photon<-muon,0.031015897339040584,2.5044425538825717e-05,-2.62109656782391e-06,-0.00017614124919332208,7.334767152704964e-05,2.766552210664963e-05,0.0002011856747321478,2.5044425538825717e-05,3.887718659215053e-05
B_tbl_minus_hqql,mod.blocks.5.attn.h2,muon<-neutral_hadron,0.008291301876306533,-2.585079346317798e-05,0.0,0.0,0.0,-2.585079346317798e-05,-2.585079346317798e-05,2.585079346317798e-05,3.877619019476697e-05
B_tbl_minus_hqql,mod.blocks.5.attn.h6,muon<-photon,0.024205245754935524,2.5831922274929557e-05,0.0,0.0,0.0,2.5831922274929557e-05,2.5831922274929557e-05,2.5831922274929557e-05,3.874788341239434e-05
B_tbl_minus_hqql,mod.blocks.1.attn.h6,charged_hadron<-photon,0.015804431850669987,2.5790918798108446e-05,0.0,0.0,0.0,2.5790918798108446e-05,2.5790918798108446e-05,2.5790918798108446e-05,3.868637819716267e-05
signed_hqql_tbl,mod.blocks.0.attn.h5,muon<-charged_hadron,0.010771524725538311,5.577742051558964e-06,-6.056835991330445e-05,4.9889954971149565e-05,6.0192714669708025e-05,6.614610196486342e-05,-4.43122129195906e-05,5.577742051558964e-06,3.8650793033990673e-05
B_tbl_minus_hqql,mod.blocks.5.attn.h3,muon<-photon,0.013851965015584772,-2.574080082757229e-05,0.0,0.0,0.0,-2.574080082757229e-05,-2.574080082757229e-05,2.574080082757229e-05,3.861120124135844e-05
signed_hqql_tbl,mod.blocks.6.attn.h0,muon<-neutral_hadron,0.006684403121471405,-5.940158735029399e-06,5.9352010815416634e-05,-3.158770596201066e-07,5.574499047487853e-06,-6.529216955044603e-05,-5.6242816754092925e-06,5.940158735029399e-06,3.8586243510252415e-05
signed_hqql_tbl,mod.blocks.0.attn.h0,neutral_hadron<-charged_hadron,0.022447943810145386,-3.533356972994993e-05,-4.176405674845047e-05,1.4013670381640266e-05,-1.6558302962882998e-05,6.430487018500538e-06,-4.93472401115902e-05,3.533356972994993e-05,3.85488132392002e-05
signed_hqql_tbl,mod.blocks.7.attn.h7,charged_hadron<-charged_hadron,0.02156763074239321,1.7525774558621844e-05,5.9555534503853804e-05,2.436525490852355e-05,1.1519854472987237e-05,-4.202975994523196e-05,-6.839480349901707e-06,1.7525774558621844e-05,3.8540654531237824e-05
signed_hqql_tbl,mod.blocks.4.attn.h6,charged_hadron<-muon,0.002208914720650875,-1.0050072115987088e-05,-6.695337360724807e-05,1.0698418918764219e-05,-1.3884133974886892e-05,5.690330149126097e-05,-2.0748491034751307e-05,1.0050072115987088e-05,3.850172286161757e-05
B_tbl_minus_hqql,mod.blocks.1.attn.h2,neutral_hadron<-muon,0.01457626074552536,2.5657954392954706e-05,0.0,0.0,0.0,2.5657954392954706e-05,2.5657954392954706e-05,2.5657954392954706e-05,3.848693158943206e-05
B_tbl_minus_hqql,mod.blocks.0.attn.h7,neutral_hadron<-muon,0.003936201706528664,-2.5641138199716808e-05,0.0,0.0,0.0,-2.5641138199716808e-05,-2.5641138199716808e-05,2.5641138199716808e-05,3.8461707299575215e-05
signed_hqql_tbl,mod.blocks.3.attn.h3,charged_hadron<-photon,0.014480421105723416,-1.1239610614441089e-05,4.318391317727244e-05,-1.967295093743777e-05,2.216988359490986e-05,-5.442352379171353e-05,8.43334032299668e-06,1.1239610614441089e-05,3.845137251029785e-05
signed_hqql_tbl,mod.blocks.5.attn.h7,photon<-muon,0.0219730098139156,-5.9099931439215485e-06,5.9038991681658306e-05,-1.2365478878131225e-05,0.00017664860310365578,-6.494898482557985e-05,6.455485734209677e-06,5.9099931439215485e-06,3.838448555671147e-05
B_tbl_minus_hqql,mod.blocks.3.attn.h0,neutral_hadron<-photon,0.015883551537065606,2.5314122993697907e-05,0.0,0.0,0.0,2.5314122993697907e-05,2.5314122993697907e-05,2.5314122993697907e-05,3.797118449054686e-05
B_tbl_minus_hqql,mod.blocks.1.attn.h5,neutral_hadron<-neutral_hadron,0.01022932556613038,-2.5256490654357594e-05,0.0,0.0,0.0,-2.5256490654357594e-05,-2.5256490654357594e-05,2.5256490654357594e-05,3.7884735981536395e-05
signed_hqql_tbl,mod.blocks.7.attn.h3,neutral_hadron<-muon,0.03993098139762878,3.0199607135728e-05,1.4852524600428296e-05,-9.77117451839149e-06,2.430210699220998e-05,1.5347082535299705e-05,3.9970781654119494e-05,3.0199607135728e-05,3.787314840337785e-05
B_tbl_minus_hqql,mod.blocks.6.attn.h6,photon<-neutral_hadron,0.03149778137363905,-2.523996037265435e-05,0.0,0.0,0.0,-2.523996037265435e-05,-2.523996037265435e-05,2.523996037265435e-05,3.785994055898153e-05
signed_hqql_tbl,mod.blocks.2.attn.h7,neutral_hadron<-electron,0.028946007100435402,3.0253085592098963e-05,4.5202759793028235e-05,-3.8447637925855816e-05,9.57040053132611e-07,-1.4949674200929272e-05,6.870072351795478e-05,3.0253085592098963e-05,3.77279226925636e-05
signed_hqql_tbl,mod.blocks.1.attn.h6,photon<-electron,0.022694939374923707,-2.8588464435112352e-05,-4.685520161729073e-05,1.530638993634576e-05,-5.711608206514608e-06,1.826673718217838e-05,-4.389485437145811e-05,2.8588464435112352e-05,3.772183302620154e-05
signed_hqql_tbl,mod.blocks.3.attn.h0,charged_hadron<-charged_hadron,0.022618495329847634,-1.6427671944231004e-05,2.6144723009512956e-05,3.184562231849634e-06,4.164600963422513e-06,-4.2572394953743956e-05,-1.9612234176080638e-05,1.6427671944231004e-05,3.771386942110298e-05
B_tbl_minus_hqql,mod.blocks.1.attn.h3,charged_hadron<-neutral_hadron,0.013146123687323994,2.51301832127323e-05,0.0,0.0,0.0,2.51301832127323e-05,2.51301832127323e-05,2.51301832127323e-05,3.769527481909845e-05
signed_hqql_tbl,mod.cls_blocks.1.attn.h3,photon<-CLS,0.0022178408689796925,2.5081752028199844e-05,5.023702777862127e-05,0.0,0.0,-2.5155275750421424e-05,2.5081752028199844e-05,2.5081752028199844e-05,3.7659389903410556e-05
signed_hqql_tbl,mod.cls_blocks.1.attn.h4,photon<-CLS,0.0002876798971556127,9.768436029844452e-06,-4.596431081154151e-05,0.0,0.0,5.573274684138596e-05,9.768436029844452e-06,9.768436029844452e-06,3.763480945053743e-05
B_tbl_minus_hqql,mod.blocks.6.attn.h6,photon<-muon,0.031015897339040584,2.5044425538825717e-05,0.0,0.0,0.0,2.5044425538825717e-05,2.5044425538825717e-05,2.5044425538825717e-05,3.7566638308238574e-05
signed_hqql_tbl,mod.blocks.2.attn.h6,photon<-electron,0.010385506600141526,3.5361420486879068e-06,7.143017481731866e-05,1.9626767035723397e-05,2.5857538559365195e-05,-6.789403276863076e-05,-1.609062498703549e-05,3.5361420486879068e-06,3.748315843300328e-05
signed_hqql_tbl,mod.blocks.0.attn.h4,photon<-neutral_hadron,0.015103852967162225,1.1870439030220796e-05,-3.931347524011576e-05,7.73729102821517e-06,-3.223043643495928e-05,5.118391427033656e-05,4.133148002005626e-06,1.1870439030220796e-05,3.7462396165389076e-05
signed_hqql_tbl,mod.blocks.5.attn.h0,charged_hadron<-neutral_hadron,0.00972044742481646,-7.946019888519032e-06,5.092320901861935e-05,-7.196364095644368e-06,1.0847262403439221e-05,-5.8869228907138384e-05,-7.496557928746644e-07,7.946019888519032e-06,3.738063434208823e-05
B_tbl_minus_hqql,mod.blocks.4.attn.h7,photon<-muon,0.022135589610446583,-2.4725627471608195e-05,0.0,0.0,0.0,-2.4725627471608195e-05,-2.4725627471608195e-05,2.4725627471608195e-05,3.7088441207412295e-05
signed_hqql_tbl,mod.blocks.6.attn.h6,photon<-electron,0.009774152437845867,2.1432254773875076e-05,-9.866592725822037e-06,-7.274079767479894e-06,-8.695481485663006e-05,3.1298847499697114e-05,2.8706334541354972e-05,2.1432254773875076e-05,3.708167852372364e-05
B_tbl_minus_hqql,mod.blocks.6.attn.h7,neutral_hadron<-muon,0.02200596481561661,-2.4671124992892147e-05,0.0,0.0,0.0,-2.4671124992892147e-05,-2.4671124992892147e-05,2.4671124992892147e-05,3.700668748933822e-05
signed_hqql_tbl,mod.blocks.3.attn.h4,photon<-electron,0.009604096785187722,1.768462924095123e-05,5.627451121524375e-05,-1.2820854375864396e-05,-8.990926147958675e-06,-3.858988197429252e-05,3.0505483616815628e-05,1.768462924095123e-05,3.697957022809749e-05
signed_hqql_tbl,mod.blocks.6.attn.h3,muon<-charged_hadron,0.019721103437019116,-1.7465593180421628e-05,2.144765167031437e-05,-8.716396405361592e-06,2.53303140592593e-05,-3.8913244850736e-05,-8.749196775060036e-06,1.7465593180421628e-05,3.692221560578963e-05
signed_hqql_tbl,mod.blocks.3.attn.h3,neutral_hadron<-neutral_hadron,0.01930996035822691,1.3160145159091394e-05,-3.435995558507072e-05,2.3761900394084007e-05,-2.344086818486135e-05,4.7520100744162116e-05,-1.0601755234992612e-05,1.3160145159091394e-05,3.692019553117245e-05
signed_hqql_tbl,mod.blocks.3.attn.h0,neutral_hadron<-photon,0.01588355150006707,2.5314121783296516e-05,2.127051661225809e-06,1.1523677614793059e-05,-5.5390690724568474e-05,2.3187070122070707e-05,1.3790444168503457e-05,2.5314121783296516e-05,3.690765684433187e-05
signed_hqql_tbl,mod.blocks.7.attn.h5,photon<-neutral_hadron,0.011255754808843839,1.0757650228949248e-05,-4.134467779773148e-05,1.6893608051629042e-05,-2.8211081190245328e-05,5.2102328026680725e-05,-6.135957822679794e-06,1.0757650228949248e-05,3.680881424228961e-05
B_tbl_minus_hqql,mod.blocks.3.attn.h2,charged_hadron<-photon,0.01488249321839802,2.448626112125673e-05,0.0,0.0,0.0,2.448626112125673e-05,2.448626112125673e-05,2.448626112125673e-05,3.6729391681885094e-05
signed_hqql_tbl,mod.blocks.4.attn.h7,electron<-charged_hadron,0.020443611239132128,-2.2839518351247534e-05,-5.051830938706795e-05,7.59048465018471e-05,-4.285826855721098e-05,2.767879103582042e-05,-9.874436485309464e-05,2.2839518351247534e-05,3.667891386915775e-05
B_tbl_minus_hqql,mod.blocks.0.attn.h2,charged_hadron<-muon,0.010785968917788881,-2.4426153465879686e-05,0.0,0.0,0.0,-2.4426153465879686e-05,-2.4426153465879686e-05,2.4426153465879686e-05,3.663923019881953e-05
B_tbl_minus_hqql,mod.blocks.3.attn.h0,charged_hadron<-photon,0.01422808716279318,2.438783214591014e-05,0.0,0.0,0.0,2.438783214591014e-05,2.438783214591014e-05,2.438783214591014e-05,3.658174821886521e-05
signed_hqql_tbl,mod.blocks.2.attn.h5,charged_hadron<-neutral_hadron,0.011061786040778756,-6.9229502070429615e-06,-6.61927471744937e-05,-1.8070559445491873e-05,-1.5143944866214072e-05,5.926979696745074e-05,1.1147609238448912e-05,6.9229502070429615e-06,3.6557848690768334e-05
signed_hqql_tbl,mod.blocks.3.attn.h7,muon<-neutral_hadron,0.01970558762550354,-3.196062170900405e-05,-4.105733842152404e-05,-8.69169962243177e-05,-0.00044603023137745407,9.09671671251999e-06,5.495637451531365e-05,3.196062170900405e-05,3.650898006526404e-05
B_tbl_minus_hqql,mod.blocks.0.attn.h0,charged_hadron<-neutral_hadron,0.017523169609546908,-2.429009574673719e-05,0.0,0.0,0.0,-2.429009574673719e-05,-2.429009574673719e-05,2.429009574673719e-05,3.6435143620105784e-05
signed_hqql_tbl,mod.blocks.5.attn.h4,electron<-electron,0.0026119120205597333,-2.2940399162507674e-05,3.943296304154131e-06,-3.445723786654753e-05,-2.0547834884093224e-05,-2.6883695466661806e-05,1.1516838704039856e-05,2.2940399162507674e-05,3.638224689583858e-05
B_tbl_minus_hqql,mod.blocks.1.attn.h0,charged_hadron<-neutral_hadron,0.014483122499223474,-2.421523342258956e-05,0.0,0.0,0.0,-2.421523342258956e-05,-2.421523342258956e-05,2.421523342258956e-05,3.632285013388434e-05
signed_hqql_tbl,mod.blocks.1.attn.h0,neutral_hadron<-photon,0.015633973181432705,-7.100741209579062e-06,5.1324536362594264e-05,2.4396112056423485e-05,-1.7243822884216622e-05,-5.8425277572173326e-05,-3.149685326600254e-05,7.100741209579062e-06,3.631337999566573e-05
B_tbl_minus_hqql,mod.blocks.0.attn.h4,charged_hadron<-electron,0.02275321279701434,-2.420537662386012e-05,0.0,0.0,0.0,-2.420537662386012e-05,-2.420537662386012e-05,2.420537662386012e-05,3.6308064935790176e-05
B_tbl_minus_hqql,mod.blocks.4.attn.h4,muon<-photon,0.01516331054947593,2.418944231149825e-05,0.0,0.0,0.0,2.418944231149825e-05,2.418944231149825e-05,2.418944231149825e-05,3.6284163467247375e-05
signed_hqql_tbl,mod.blocks.5.attn.h0,photon<-muon,0.016395873644135216,-7.850218521939082e-06,-6.466297110399374e-05,-0.00011233540828384104,-1.306860420819638e-05,5.6812752582054656e-05,0.00010448518976190195,7.850218521939082e-06,3.625659481296641e-05
B_tbl_minus_hqql,mod.blocks.2.attn.h4,electron<-charged_hadron,0.025111007847284015,-2.4130585715235947e-05,0.0,0.0,0.0,-2.4130585715235947e-05,-2.4130585715235947e-05,2.4130585715235947e-05,3.619587857285392e-05
B_tbl_minus_hqql,mod.blocks.3.attn.h6,charged_hadron<-muon,0.002577654565825607,-2.411432797089219e-05,0.0,0.0,0.0,-2.411432797089219e-05,-2.411432797089219e-05,2.411432797089219e-05,3.6171491956338286e-05
signed_hqql_tbl,mod.blocks.2.attn.h2,photon<-electron,0.03127462814251582,-9.528040633692096e-06,-6.280415514733509e-05,-2.6657743936604155e-05,-0.00014151546003466302,5.327611451364299e-05,1.712970330291206e-05,9.528040633692096e-06,3.616609789051359e-05
signed_hqql_tbl,mod.blocks.4.attn.h5,neutral_hadron<-electron,0.05373141971918253,2.3442759042014725e-05,-1.6960212931849128e-06,-1.3455007574521005e-05,-5.84425045720612e-05,2.5138780335199637e-05,3.689776661653573e-05,2.3442759042014725e-05,3.6012149209614547e-05
signed_hqql_tbl,mod.blocks.0.attn.h0,photon<-photon,0.01763236158699319,-1.6888347485434346e-05,2.1319481783106584e-05,-5.84844782875449e-06,1.1103889773109763e-05,-3.820782926854093e-05,-1.1039899656679856e-05,1.6888347485434346e-05,3.599226211970481e-05
B_tbl_minus_hqql,mod.blocks.2.attn.h4,muon<-charged_hadron,0.01700590957294811,-2.397783982539267e-05,0.0,0.0,0.0,-2.397783982539267e-05,-2.397783982539267e-05,2.397783982539267e-05,3.596675973808901e-05
signed_hqql_tbl,mod.blocks.1.attn.h3,charged_hadron<-photon,0.017230568716717982,-9.928852656927472e-06,4.202283275645104e-05,-1.8021974728243654e-05,2.3559537065967785e-05,-5.195168541337851e-05,8.093122071316182e-06,9.928852656927472e-06,3.590469536361673e-05
B_tbl_minus_hqql,mod.blocks.7.attn.h1,muon<-photon,0.005550502714785663,-2.3729416584088043e-05,0.0,0.0,0.0,-2.3729416584088043e-05,-2.3729416584088043e-05,2.3729416584088043e-05,3.5594124876132064e-05
B_tbl_minus_hqql,mod.cls_blocks.1.attn.h3,CLS<-muon,0.006115611642599106,2.3609420168213546e-05,0.0,0.0,0.0,2.3609420168213546e-05,2.3609420168213546e-05,2.3609420168213546e-05,3.541413025232032e-05
B_tbl_minus_hqql,mod.cls_blocks.1.attn.h3,charged_hadron<-muon,0.006115611642599106,2.3609420168213546e-05,0.0,0.0,0.0,2.3609420168213546e-05,2.3609420168213546e-05,2.3609420168213546e-05,3.541413025232032e-05
B_tbl_minus_hqql,mod.blocks.0.attn.h4,electron<-charged_hadron,0.012765365407655114,2.3598660941627858e-05,0.0,0.0,0.0,2.3598660941627858e-05,2.3598660941627858e-05,2.3598660941627858e-05,3.5397991412441786e-05
B_tbl_minus_hqql,mod.blocks.5.attn.h5,muon<-muon,0.004756598733365536,2.3589684133185074e-05,0.0,0.0,0.0,2.3589684133185074e-05,2.3589684133185074e-05,2.3589684133185074e-05,3.538452619977761e-05
signed_hqql_tbl,mod.blocks.3.attn.h0,charged_hadron<-photon,0.014228087897034296,2.438783119840312e-05,2.4931821924412914e-06,2.3119253682203845e-05,-8.365477774952909e-06,2.189464900596183e-05,1.2685775161992766e-06,2.438783119840312e-05,3.5335155701384036e-05
B_tbl_minus_hqql,mod.blocks.4.attn.h2,photon<-photon,0.016841852784793016,2.353605027676398e-05,0.0,0.0,0.0,2.353605027676398e-05,2.353605027676398e-05,2.353605027676398e-05,3.530407541514597e-05
B_tbl_minus_hqql,mod.blocks.1.attn.h1,charged_hadron<-neutral_hadron,0.019011544862237717,2.3497450048316267e-05,0.0,0.0,0.0,2.3497450048316267e-05,2.3497450048316267e-05,2.3497450048316267e-05,3.52461750724744e-05
B_tbl_minus_hqql,mod.blocks.1.attn.h0,photon<-neutral_hadron,0.013333420402732863,-2.349707542852213e-05,0.0,0.0,0.0,-2.349707542852213e-05,-2.349707542852213e-05,2.349707542852213e-05,3.5245613142783194e-05
signed_hqql_tbl,mod.blocks.3.attn.h1,neutral_hadron<-electron,0.01794527041224333,1.5790716693467963e-05,5.464757850859314e-05,2.159722105716355e-05,4.631736131462579e-06,-3.885686181512518e-05,-5.806504363695589e-06,1.5790716693467963e-05,3.521914760103055e-05
signed_hqql_tbl,mod.blocks.2.attn.h0,neutral_hadron<-muon,0.015466269850730897,7.286678737727925e-06,6.306464445060556e-05,-3.395395469851792e-05,-1.0941447924225308e-05,-5.577796571287763e-05,4.1240633436245844e-05,7.286678737727925e-06,3.517566159416674e-05
B_tbl_minus_hqql,mod.blocks.4.attn.h5,neutral_hadron<-electron,0.05373143275769857,2.3442713567279636e-05,0.0,0.0,0.0,2.3442713567279636e-05,2.3442713567279636e-05,2.3442713567279636e-05,3.516407035091946e-05
signed_hqql_tbl,mod.blocks.0.attn.h6,neutral_hadron<-neutral_hadron,0.016323008169181263,-1.7036471895619634e-05,-5.328712053669585e-05,-8.628667003515464e-07,1.7921374712271906e-05,3.625064864107622e-05,-1.617360519526809e-05,1.7036471895619634e-05,3.516179621615774e-05
B_tbl_minus_hqql,mod.blocks.4.attn.h5,neutral_hadron<-neutral_hadron,0.014117779930790839,-2.341529034114186e-05,0.0,0.0,0.0,-2.341529034114186e-05,-2.341529034114186e-05,2.341529034114186e-05,3.5122935511712795e-05
B_tbl_minus_hqql,mod.blocks.1.attn.h1,muon<-neutral_hadron,0.015407717227935791,2.3404558305628598e-05,0.0,0.0,0.0,2.3404558305628598e-05,2.3404558305628598e-05,2.3404558305628598e-05,3.5106837458442897e-05
signed_hqql_tbl,mod.blocks.2.attn.h0,charged_hadron<-charged_hadron,0.021278943160239056,-1.1071219377526945e-05,3.685981383660603e-05,-7.626601276599199e-06,1.4737431492868858e-05,-4.7931033214132974e-05,-3.4446181009277467e-06,1.1071219377526945e-05,3.5036735984593434e-05
B_tbl_minus_hqql,mod.blocks.6.attn.h0,muon<-charged_hadron,0.021548198931144947,-2.3343081755394284e-05,0.0,0.0,0.0,-2.3343081755394284e-05,-2.3343081755394284e-05,2.3343081755394284e-05,3.501462263309143e-05
B_tbl_minus_hqql,mod.blocks.3.attn.h2,neutral_hadron<-neutral_hadron,0.027193731047475758,-2.32452811520745e-05,0.0,0.0,0.0,-2.32452811520745e-05,-2.32452811520745e-05,2.32452811520745e-05,3.4867921728111754e-05
B_tbl_minus_hqql,mod.blocks.2.attn.h3,charged_hadron<-neutral_hadron,0.011647935878107736,2.3198754448065945e-05,0.0,0.0,0.0,2.3198754448065945e-05,2.3198754448065945e-05,2.3198754448065945e-05,3.479813167209892e-05
signed_hqql_tbl,mod.blocks.0.attn.h2,charged_hadron<-photon,0.017448297010556852,2.032580166859278e-05,-8.580775935257869e-06,1.60320897519067e-05,-1.4838534794846903e-05,2.8906577603850648e-05,4.2937119166860786e-06,2.032580166859278e-05,3.47790904705181e-05
signed_hqql_tbl,mod.blocks.6.attn.h4,electron<-neutral_hadron,0.014148855295318823,1.61316900350637e-05,-2.089921378001236e-05,7.4136787952738814e-06,-0.00010722970190878793,3.703090381507606e-05,8.71801123978982e-06,1.61316900350637e-05,3.464714194260173e-05
B_tbl_minus_hqql,mod.blocks.5.attn.h4,electron<-electron,0.002611912893674647,-2.2940403709981183e-05,0.0,0.0,0.0,-2.2940403709981183e-05,-2.2940403709981183e-05,2.2940403709981183e-05,3.4410605564971775e-05
signed_hqql_tbl,mod.blocks.3.attn.h1,charged_hadron<-neutral_hadron,0.012451632054761335,1.1240347668171942e-05,-3.4870960259902386e-05,-2.442949224858633e-06,-1.669974724048609e-05,4.611130792807433e-05,1.3683296893030574e-05,1.1240347668171942e-05,3.429600163220911e-05
signed_hqql_tbl,mod.blocks.0.attn.h5,electron<-electron,0.0027039661266220114,-1.586709777257056e-05,2.0953392978029228e-05,-0.0005653446074423604,-0.00016364518912517022,-3.682049075059979e-05,0.0005494775096697898,1.586709777257056e-05,3.4277343147870454e-05
B_tbl_minus_hqql,mod.blocks.0.attn.h0,photon<-neutral_hadron,0.017103257976948734,-2.2848973607209128e-05,0.0,0.0,0.0,-2.2848973607209128e-05,-2.2848973607209128e-05,2.2848973607209128e-05,3.427346041081369e-05
B_tbl_minus_hqql,mod.blocks.4.attn.h7,electron<-charged_hadron,0.020443609670588846,-2.283959312128565e-05,0.0,0.0,0.0,-2.283959312128565e-05,-2.283959312128565e-05,2.283959312128565e-05,3.4259389681928475e-05
B_tbl_minus_hqql,mod.blocks.3.attn.h3,photon<-photon,0.0183745766301538,2.2834583780448202e-05,0.0,0.0,0.0,2.2834583780448202e-05,2.2834583780448202e-05,2.2834583780448202e-05,3.425187567067231e-05
signed_hqql_tbl,mod.blocks.1.attn.h1,electron<-neutral_hadron,0.030877340871554155,-4.504735653217022e-07,-6.800184019084554e-05,-1.6461542109027506e-05,7.558408057472358e-05,6.755136662552384e-05,1.6011068543705803e-05,4.504735653217022e-07,3.422615687808362e-05
signed_hqql_tbl,mod.blocks.6.attn.h5,muon<-photon,0.025611056522889572,-3.748940467961471e-06,-6.451411060809802e-05,-1.591987841363464e-05,-8.777418718506982e-05,6.0765170140136556e-05,1.217093794567317e-05,3.748940467961471e-06,3.413152553802975e-05
signed_hqql_tbl,mod.blocks.5.attn.h3,charged_hadron<-muon,0.007899565227103956,-7.780752970244397e-06,-6.0457890504039825e-05,9.343701822217555e-06,-2.6298310616087305e-06,5.2677137533795425e-05,-1.712445479246195e-05,7.780752970244397e-06,3.411932173714211e-05
signed_hqql_tbl,mod.blocks.4.attn.h2,photon<-neutral_hadron,0.014453194827340834,1.0250497294564152e-05,-3.729850514728979e-05,7.0604728688481e-06,-3.26427033766139e-05,4.7549002441853945e-05,3.190024425716052e-06,1.0250497294564152e-05,3.402499851549113e-05
signed_hqql_tbl,mod.blocks.7.attn.h1,neutral_hadron<-electron,0.03264980705884787,-6.448553904192522e-06,4.8656589683560014e-05,1.8344975815125507e-05,-3.444164594460138e-05,-5.5105143587752536e-05,-2.479352971931803e-05,6.448553904192522e-06,3.400112569806879e-05
B_tbl_minus_hqql,mod.blocks.2.attn.h3,photon<-photon,0.023792688524336886,2.264976888697142e-05,0.0,0.0,0.0,2.264976888697142e-05,2.264976888697142e-05,2.264976888697142e-05,3.397465333045713e-05
B_tbl_minus_hqql,mod.blocks.6.attn.h7,muon<-photon,0.006827424195679751,-2.2536553759974513e-05,0.0,0.0,0.0,-2.2536553759974513e-05,-2.2536553759974513e-05,2.2536553759974513e-05,3.380483063996177e-05
signed_hqql_tbl,mod.blocks.6.attn.h4,electron<-electron,0.005688923721512158,-2.029610004683491e-05,6.459377765555274e-06,-8.295251907005271e-06,-2.8514253531594395e-05,-2.6755477812390183e-05,-1.2000848139829637e-05,2.029610004683491e-05,3.367383895303e-05
B_tbl_minus_hqql,mod.blocks.0.attn.h1,photon<-muon,0.016669151457873257,-2.244226793250577e-05,0.0,0.0,0.0,-2.244226793250577e-05,-2.244226793250577e-05,2.244226793250577e-05,3.366340189875866e-05
B_tbl_minus_hqql,mod.blocks.1.attn.h7,muon<-photon,0.010119130665605719,2.241230157034641e-05,0.0,0.0,0.0,2.241230157034641e-05,2.241230157034641e-05,2.241230157034641e-05,3.3618452355519615e-05
signed_hqql_tbl,mod.blocks.7.attn.h7,photon<-charged_hadron,0.02407204113602376,1.6544649502920298e-05,5.056082075454309e-05,2.0139929020403654e-05,1.4009952568334283e-05,-3.4016171251622794e-05,-3.5952795174833562e-06,1.6544649502920298e-05,3.35527351287317e-05
B_tbl_minus_hqql,mod.blocks.0.attn.h1,neutral_hadron<-electron,0.03235571544903975,2.2350726514839782e-05,0.0,0.0,0.0,2.2350726514839782e-05,2.2350726514839782e-05,2.2350726514839782e-05,3.352608977225967e-05
B_tbl_minus_hqql,mod.blocks.1.attn.h2,charged_hadron<-photon,0.01726117015566744,2.2345142020260874e-05,0.0,0.0,0.0,2.2345142020260874e-05,2.2345142020260874e-05,2.2345142020260874e-05,3.351771303039131e-05
signed_hqql_tbl,mod.blocks.3.attn.h2,electron<-neutral_hadron,0.02015200467471564,-2.1540430920525138e-05,2.400048529693777e-06,2.412333065876737e-05,-1.521369062326509e-05,-2.3940479450218914e-05,-4.566376157929251e-05,2.1540430920525138e-05,3.3510670645634596e-05
signed_hqql_tbl,mod.blocks.3.attn.h3,neutral_hadron<-charged_hadron,0.02411249876635871,1.035480116488248e-05,-3.590631641674082e-05,1.0651953723751946e-05,-1.4403166107409839e-05,4.62611175816233e-05,-2.971525588694653e-07,1.035480116488248e-05,3.348535995569413e-05
B_tbl_minus_hqql,mod.blocks.6.attn.h5,charged_hadron<-neutral_hadron,0.007317572226244583,2.2314696389260524e-05,0.0,0.0,0.0,2.2314696389260524e-05,2.2314696389260524e-05,2.2314696389260524e-05,3.3472044583890786e-05
B_tbl_minus_hqql,mod.blocks.4.attn.h2,neutral_hadron<-neutral_hadron,0.011737787400068976,2.229188757307536e-05,0.0,0.0,0.0,2.229188757307536e-05,2.229188757307536e-05,2.229188757307536e-05,3.343783135961304e-05
signed_hqql_tbl,mod.blocks.4.attn.h0,photon<-photon,0.013911293216389049,-6.179241073997852e-06,4.8290562897916816e-05,-9.468590586096546e-07,1.3175481093052474e-05,-5.446980397191467e-05,-5.232382015388197e-06,6.179241073997852e-06,3.341414305995519e-05
signed_hqql_tbl,mod.blocks.6.attn.h0,charged_hadron<-neutral_hadron,0.00962811022828181,-5.916447446668857e-06,4.8987073269263666e-05,-7.561662355152538e-06,1.821951326692732e-05,-5.4903520715932523e-05,1.6452149084836806e-06,5.916447446668857e-06,3.336820780463512e-05
B_tbl_minus_hqql,mod.blocks.6.attn.h4,charged_hadron<-muon,0.019968683069402523,-2.211607837428649e-05,0.0,0.0,0.0,-2.211607837428649e-05,-2.211607837428649e-05,2.211607837428649e-05,3.317411756142974e-05
signed_hqql_tbl,mod.blocks.7.attn.h2,charged_hadron<-photon,0.01414384361515473,1.1851377880980874e-05,-3.077402434641253e-05,9.61037186402825e-06,-2.433513104025067e-05,4.26254022273934e-05,2.241006016952625e-06,1.1851377880980874e-05,3.3164078994677576e-05
signed_hqql_tbl,mod.blocks.2.attn.h1,charged_hadron<-neutral_hadron,0.012116210996276376,2.313926466830541e-06,-5.925641408785842e-05,7.1199984605147186e-06,-2.159881731164365e-05,6.157034055468896e-05,-4.806071993684178e-06,2.313926466830541e-06,3.3099096744175025e-05
signed_hqql_tbl,mod.blocks.1.attn.h4,photon<-neutral_hadron,0.01510077357884152,7.916005061069893e-06,-4.237644241079322e-05,1.6799516781464853e-05,-1.58258316042541e-05,5.029244747186311e-05,-8.88351172039496e-06,7.916005061069893e-06,3.306222879700145e-05
signed_hqql_tbl,mod.blocks.1.attn.h3,photon<-electron,0.010585310558478037,-1.1947110275893161e-05,3.0215705659689513e-05,-7.247759900305287e-06,-4.208078802572321e-05,-4.2162815935582676e-05,-4.699350375587874e-06,1.1947110275893161e-05,3.30285182436845e-05
B_tbl_minus_hqql,mod.cls_blocks.1.attn.h4,neutral_hadron<-charged_hadron,0.01441754361516551,-2.197608180148037e-05,0.0,0.0,0.0,-2.197608180148037e-05,-2.197608180148037e-05,2.197608180148037e-05,3.2964122702220554e-05
signed_hqql_tbl,mod.blocks.1.attn.h5,photon<-photon,0.01881471182700199,-2.0689506578921858e-05,3.5879825417611784e-06,-3.772844118100089e-06,1.7869440564338677e-05,-2.4277489120683038e-05,-1.691666246082177e-05,2.0689506578921858e-05,3.2828251139263375e-05
B_tbl_minus_hqql,mod.blocks.4.attn.h0,photon<-neutral_hadron,0.015424079698187309,-2.186376043083175e-05,0.0,0.0,0.0,-2.186376043083175e-05,-2.186376043083175e-05,2.186376043083175e-05,3.279564064624763e-05
signed_hqql_tbl,mod.blocks.6.attn.h1,neutral_hadron<-neutral_hadron,0.010309727334727844,1.4018097766957465e-05,-2.3516936123237297e-05,-2.9451490637049306e-06,1.408091266946573e-06,3.753503389019476e-05,1.6963246830662395e-05,1.4018097766957465e-05,3.2785614712054844e-05
signed_hqql_tbl,mod.blocks.5.attn.h1,charged_hadron<-charged_hadron,0.021332840465586003,-1.1251712078530729e-05,3.174641552660396e-05,2.708770420289377e-06,8.575688615737538e-06,-4.299812760513469e-05,-1.3960482498820105e-05,1.1251712078530729e-05,3.2750775881098075e-05
signed_hqql_tbl,mod.blocks.6.attn.h7,neutral_hadron<-muon,0.02200596481561661,-2.4671124992892147e-05,-4.0695982534089126e-05,9.068765211850405e-05,-0.0003495942033504948,1.602485754119698e-05,-0.00011535877711139619,2.4671124992892147e-05,3.2683553763490635e-05
signed_hqql_tbl,mod.blocks.2.attn.h0,neutral_hadron<-electron,0.014411357159797963,1.755220896134583e-05,4.744968555314699e-05,-6.5283686581096845e-06,-1.2791756307706238e-05,-2.9897476591801162e-05,2.4080577619455515e-05,1.755220896134583e-05,3.2500947257246414e-05
signed_hqql_tbl,mod.blocks.2.attn.h6,charged_hadron<-photon,0.01599353344703738,1.0997068203102306e-05,-3.199660792373694e-05,1.2047712568708567e-05,-1.8477330457273886e-05,4.299367612683925e-05,-1.050644365606261e-06,1.0997068203102306e-05,3.249390626652193e-05
signed_hqql_tbl,mod.blocks.1.attn.h5,photon<-charged_hadron,0.019567979834859087,1.7862285865229843e-05,-1.1364744792972232e-05,1.9395255598542057e-05,-2.306151597184681e-05,2.9227030658202075e-05,-1.5329697333122136e-06,1.7862285865229843e-05,3.247580119433088e-05
signed_hqql_tbl,mod.blocks.0.attn.h4,muon<-neutral_hadron,0.004154869168996811,4.903612716589123e-06,6.002879672450945e-05,0.00010937521437881514,-8.508925852963685e-05,-5.512518400792032e-05,-0.00010447160166222602,4.903612716589123e-06,3.246620472054929e-05
B_tbl_minus_hqql,mod.blocks.3.attn.h2,electron<-neutral_hadron,0.020151982322694002,-2.1540053133697675e-05,0.0,0.0,0.0,-2.1540053133697675e-05,-2.1540053133697675e-05,2.1540053133697675e-05,3.231007970054651e-05
signed_hqql_tbl,mod.blocks.7.attn.h5,neutral_hadron<-electron,0.02681637926098819,-1.878670353000062e-05,8.111298466673134e-06,2.19816052049282e-05,-8.459674760767182e-06,-2.6898001996673754e-05,-4.076830873492882e-05,1.878670353000062e-05,3.22357045283375e-05
signed_hqql_tbl,mod.blocks.3.attn.h4,electron<-photon,0.01443454548716545,1.1986448710861925e-05,-2.8454964487017215e-05,-1.0437238123423803e-05,5.184979874991461e-06,4.044141319787914e-05,2.2423686834285727e-05,1.1986448710861925e-05,3.2207155309801497e-05
B_tbl_minus_hqql,mod.blocks.6.attn.h6,photon<-electron,0.00977415107190609,2.1432249195640906e-05,0.0,0.0,0.0,2.1432249195640906e-05,2.1432249195640906e-05,2.1432249195640906e-05,3.214837379346136e-05
signed_hqql_tbl,mod.blocks.1.attn.h6,charged_hadron<-charged_hadron,0.021786331166247137,-1.4567940313219707e-05,2.04525743560265e-05,-8.723158379002646e-06,3.1683225618145245e-06,-3.5020514669246206e-05,-5.844781934217061e-06,1.4567940313219707e-05,3.207819764784281e-05
signed_hqql_tbl,mod.blocks.0.attn.h2,photon<-photon,0.017445561029752137,1.7342890742865092e-05,-1.2096940434296866e-05,1.5801599194837353e-05,-2.7825548987052245e-05,2.9439831177161956e-05,1.5412915480277389e-06,1.7342890742865092e-05,3.206280633144607e-05
B_tbl_minus_hqql,mod.blocks.1.attn.h1,electron<-electron,0.0033184083101029196,2.136810129134877e-05,0.0,0.0,0.0,2.136810129134877e-05,2.136810129134877e-05,2.136810129134877e-05,3.2052151937023154e-05
B_tbl_minus_hqql,mod.blocks.4.attn.h6,muon<-neutral_hadron,0.02829377055168152,-2.1350631141103803e-05,0.0,0.0,0.0,-2.1350631141103803e-05,-2.1350631141103803e-05,2.1350631141103803e-05,3.2025946711655703e-05
B_tbl_minus_hqql,mod.blocks.1.attn.h1,photon<-muon,0.015323325991630554,-2.1264465017752215e-05,0.0,0.0,0.0,-2.1264465017752215e-05,-2.1264465017752215e-05,2.1264465017752215e-05,3.189669752662832e-05
B_tbl_minus_hqql,mod.blocks.3.attn.h3,electron<-photon,0.015587762122352918,-2.1262848895275967e-05,0.0,0.0,0.0,-2.1262848895275967e-05,-2.1262848895275967e-05,2.1262848895275967e-05,3.1894273342913953e-05
B_tbl_minus_hqql,mod.blocks.0.attn.h3,neutral_hadron<-muon,0.002889595553278923,-2.11488499189727e-05,0.0,0.0,0.0,-2.11488499189727e-05,-2.11488499189727e-05,2.11488499189727e-05,3.1723274878459046e-05
B_tbl_minus_hqql,mod.blocks.4.attn.h7,charged_hadron<-electron,0.03633218297832891,-2.114755778548945e-05,0.0,0.0,0.0,-2.114755778548945e-05,-2.114755778548945e-05,2.114755778548945e-05,3.172133667823418e-05
signed_hqql_tbl,mod.blocks.6.attn.h7,charged_hadron<-photon,0.012897032475712748,-7.640083998136856e-06,4.050926787375666e-05,4.8103199844202325e-06,7.767183587887924e-06,-4.8149351871893516e-05,-1.2450403982557087e-05,7.640083998136856e-06,3.171475993408361e-05
signed_hqql_tbl,mod.blocks.6.attn.h5,charged_hadron<-charged_hadron,0.020156775418519655,1.311353701244205e-05,-2.4088504239822287e-05,9.804067663578023e-06,-9.70461052916601e-06,3.720204125226434e-05,3.3094693488640274e-06,1.311353701244205e-05,3.171455763857422e-05
B_tbl_minus_hqql,mod.blocks.5.attn.h4,muon<-charged_hadron,0.02220824993017948,2.1081816433279805e-05,0.0,0.0,0.0,2.1081816433279805e-05,2.1081816433279805e-05,2.1081816433279805e-05,3.1622724649919704e-05
signed_hqql_tbl,mod.blocks.1.attn.h5,electron<-neutral_hadron,0.00480123278640139,1.3558184911324553e-05,-2.2459605592217713e-05,-2.340795283089392e-05,-1.731674516728769e-05,3.601779050354227e-05,3.6966137742218474e-05,1.3558184911324553e-05,3.156708016309569e-05
B_tbl_minus_hqql,mod.blocks.1.attn.h3,neutral_hadron<-charged_hadron,0.02304704135309711,2.1035881418609206e-05,0.0,0.0,0.0,2.1035881418609206e-05,2.1035881418609206e-05,2.1035881418609206e-05,3.155382212791381e-05
signed_hqql_tbl,mod.blocks.1.attn.h0,charged_hadron<-photon,0.016731454001299568,-4.445420908161881e-06,4.9705711266014496e-05,-3.4512290575999085e-06,3.272834808345682e-05,-5.415113217417638e-05,-9.94191850561973e-07,4.445420908161881e-06,3.152098699525007e-05
signed_hqql_tbl,mod.blocks.0.attn.h7,neutral_hadron<-muon,0.003936201706528664,-2.5641138199716808e-05,-1.3933291484136134e-05,5.2113548008492216e-05,8.388012856417133e-05,-1.1707846715580673e-05,-7.775468620820902e-05,2.5641138199716808e-05,3.149506155750715e-05
signed_hqql_tbl,mod.blocks.7.attn.h6,charged_hadron<-neutral_hadron,0.010104526166012774,7.1458409077390105e-06,-4.140459119085577e-05,5.009207780978532e-06,-1.5869604132453448e-05,4.855043209859478e-05,2.136633126760478e-06,7.1458409077390105e-06,3.14210569570364e-05
B_tbl_minus_hqql,mod.blocks.7.attn.h6,photon<-muon,0.015021085739135742,2.0916373945179988e-05,0.0,0.0,0.0,2.0916373945179988e-05,2.0916373945179988e-05,2.0916373945179988e-05,3.137456091776998e-05
signed_hqql_tbl,mod.blocks.2.attn.h1,charged_hadron<-charged_hadron,0.02106965911535674,-9.36017141201224e-06,3.466506503707061e-05,-5.145858940709221e-06,1.3796404153182434e-05,-4.4025236449082854e-05,-4.214312471303018e-06,9.36017141201224e-06,3.1372789636553665e-05
B_tbl_minus_hqql,mod.blocks.1.attn.h3,electron<-charged_hadron,0.02613706886768341,-2.0909289320881823e-05,0.0,0.0,0.0,-2.0909289320881823e-05,-2.0909289320881823e-05,2.0909289320881823e-05,3.136393398132273e-05
B_tbl_minus_hqql,mod.blocks.4.attn.h2,charged_hadron<-neutral_hadron,0.013531277643548296,2.0901070573624573e-05,0.0,0.0,0.0,2.0901070573624573e-05,2.0901070573624573e-05,2.0901070573624573e-05,3.135160586043686e-05
B_tbl_minus_hqql,mod.blocks.0.attn.h0,photon<-muon,0.03918286887082187,2.0899844292381946e-05,0.0,0.0,0.0,2.0899844292381946e-05,2.0899844292381946e-05,2.0899844292381946e-05,3.134976643857292e-05
signed_hqql_tbl,mod.blocks.5.attn.h0,neutral_hadron<-muon,0.015128040313720703,4.489647835725918e-08,6.252208407886428e-05,4.303896275814623e-06,5.748978765041102e-06,-6.247718760050702e-05,-4.258999797457363e-06,4.489647835725918e-08,3.128349027861077e-05
B_tbl_minus_hqql,mod.blocks.3.attn.h5,neutral_hadron<-muon,0.0059096794575452805,2.0753953140228987e-05,0.0,0.0,0.0,2.0753953140228987e-05,2.0753953140228987e-05,2.0753953140228987e-05,3.113092971034348e-05
B_tbl_minus_hqql,mod.blocks.6.attn.h2,photon<-muon,0.06119329820979725,-2.0724588962779805e-05,0.0,0.0,0.0,-2.0724588962779805e-05,-2.0724588962779805e-05,2.0724588962779805e-05,3.108688344416971e-05
signed_hqql_tbl,mod.blocks.6.attn.h2,neutral_hadron<-muon,0.04184994101524353,1.333753898506984e-05,4.881461791228503e-05,-4.92926574224839e-06,-0.00013643337267951145,-3.5477078927215186e-05,1.826680472731823e-05,1.333753898506984e-05,3.107607844867743e-05
B_tbl_minus_hqql,mod.blocks.1.attn.h5,photon<-photon,0.01881471259638055,-2.0689503862516185e-05,0.0,0.0,0.0,-2.0689503862516185e-05,-2.0689503862516185e-05,2.0689503862516185e-05,3.103425579377428e-05
B_tbl_minus_hqql,mod.blocks.1.attn.h3,neutral_hadron<-muon,0.0018547901883721352,-2.0515851792879404e-05,0.0,0.0,0.0,-2.0515851792879404e-05,-2.0515851792879404e-05,2.0515851792879404e-05,3.077377768931911e-05
B_tbl_minus_hqql,mod.blocks.3.attn.h1,muon<-photon,0.011682014573704113,2.050598480061374e-05,0.0,0.0,0.0,2.050598480061374e-05,2.050598480061374e-05,2.050598480061374e-05,3.075897720092061e-05
signed_hqql_tbl,mod.blocks.4.attn.h3,muon<-photon,0.011549039320512251,-5.7901356326924125e-06,-5.546552263415204e-05,0.00011000482897673334,-7.993687677299022e-05,4.967538700145963e-05,-0.00011579496460942575,5.7901356326924125e-06,3.062782913342223e-05
B_tbl_minus_hqql,mod.blocks.2.attn.h1,muon<-neutral_hadron,0.007389829307794571,-2.0412645244505257e-05,0.0,0.0,0.0,-2.0412645244505257e-05,-2.0412645244505257e-05,2.0412645244505257e-05,3.061896786675789e-05
B_tbl_minus_hqql,mod.blocks.0.attn.h0,neutral_hadron<-muon,0.004161256551742554,2.038930106209591e-05,0.0,0.0,0.0,2.038930106209591e-05,2.038930106209591e-05,2.038930106209591e-05,3.058395159314387e-05
B_tbl_minus_hqql,mod.blocks.2.attn.h7,charged_hadron<-charged_hadron,0.021178466819591624,-2.0343329179338344e-05,0.0,0.0,0.0,-2.0343329179338344e-05,-2.0343329179338344e-05,2.0343329179338344e-05,3.0514993769007514e-05
signed_hqql_tbl,mod.blocks.1.attn.h0,neutral_hadron<-neutral_hadron,0.016144869034178555,-2.0164898030718458e-05,4.862482997503509e-07,6.702585339445276e-06,3.146783748885288e-05,-2.065114633046881e-05,-2.6867483370163735e-05,2.0164898030718458e-05,3.0490471195952862e-05
B_tbl_minus_hqql,mod.blocks.0.attn.h2,charged_hadron<-photon,0.017448296958111058,2.0325799479083314e-05,0.0,0.0,0.0,2.0325799479083314e-05,2.0325799479083314e-05,2.0325799479083314e-05,3.0488699218624973e-05
signed_hqql_tbl,mod.blocks.0.attn.h6,charged_hadron<-charged_hadron,0.016867048358315415,1.3155242369494754e-05,-2.1506792387309295e-05,2.3065482419975984e-06,-2.3544501933244553e-06,3.466203475680405e-05,1.0848694127497156e-05,1.3155242369494754e-05,3.048625974789678e-05
B_tbl_minus_hqql,mod.blocks.6.attn.h4,electron<-electron,0.00568891828879714,-2.0296004853056122e-05,0.0,0.0,0.0,-2.0296004853056122e-05,-2.0296004853056122e-05,2.0296004853056122e-05,3.0444007279584184e-05
signed_hqql_tbl,mod.blocks.1.attn.h1,charged_hadron<-charged_hadron,0.021141336542925784,-9.372879270672449e-06,3.276717083242916e-05,-5.761202571215084e-06,1.047783603402452e-05,-4.214005010310161e-05,-3.6116766994573647e-06,9.372879270672449e-06,3.0442904322223256e-05
B_tbl_minus_hqql,mod.blocks.4.attn.h1,electron<-charged_hadron,0.02741733585533343,2.0263187348303435e-05,0.0,0.0,0.0,2.0263187348303435e-05,2.0263187348303435e-05,2.0263187348303435e-05,3.0394781022455152e-05
B_tbl_minus_hqql,mod.blocks.0.attn.h2,electron<-charged_hadron,0.02244969026038521,2.0235507499340822e-05,0.0,0.0,0.0,2.0235507499340822e-05,2.0235507499340822e-05,2.0235507499340822e-05,3.0353261249011233e-05
B_tbl_minus_hqql,mod.blocks.5.attn.h1,charged_hadron<-electron,0.044451193589913215,-2.0216900673786815e-05,0.0,0.0,0.0,-2.0216900673786815e-05,-2.0216900673786815e-05,2.0216900673786815e-05,3.0325351010680224e-05
B_tbl_minus_hqql,mod.cls_blocks.1.attn.h4,CLS<-electron,0.0009759114473126829,-2.0193290993120172e-05,0.0,0.0,0.0,-2.0193290993120172e-05,-2.0193290993120172e-05,2.0193290993120172e-05,3.0289936489680258e-05
B_tbl_minus_hqql,mod.cls_blocks.1.attn.h4,charged_hadron<-electron,0.0009759114473126829,-2.0193290993120172e-05,0.0,0.0,0.0,-2.0193290993120172e-05,-2.0193290993120172e-05,2.0193290993120172e-05,3.0289936489680258e-05
signed_hqql_tbl,mod.blocks.3.attn.h2,photon<-photon,0.01284627087642674,1.3552090133216329e-05,-1.9875467458552602e-05,1.0030982422631392e-06,-3.182140805782501e-05,3.342755759176893e-05,1.254899189095319e-05,1.3552090133216329e-05,3.0265868929100794e-05
B_tbl_minus_hqql,mod.blocks.1.attn.h0,neutral_hadron<-neutral_hadron,0.016144867367648447,-2.0164876345099913e-05,0.0,0.0,0.0,-2.0164876345099913e-05,-2.0164876345099913e-05,2.0164876345099913e-05,3.024731451764987e-05
B_tbl_minus_hqql,mod.blocks.3.attn.h1,neutral_hadron<-muon,0.013052064180374145,-2.015854261117056e-05,0.0,0.0,0.0,-2.015854261117056e-05,-2.015854261117056e-05,2.015854261117056e-05,3.023781391675584e-05
signed_hqql_tbl,mod.blocks.7.attn.h3,charged_hadron<-photon,0.011012402508576642,-1.2307734322857916e-05,2.3086069267399812e-05,-8.798496511740743e-06,1.8924716191446186e-05,-3.539380359025773e-05,-3.509237811117173e-06,1.2307734322857916e-05,3.0004636117986783e-05
B_tbl_minus_hqql,mod.blocks.4.attn.h3,muon<-muon,0.007655525580048561,1.998136031033937e-05,0.0,0.0,0.0,1.998136031033937e-05,1.998136031033937e-05,1.998136031033937e-05,2.9972040465509053e-05
signed_hqql_tbl,mod.blocks.2.attn.h7,charged_hadron<-neutral_hadron,0.008088864988110081,-6.8460279012682965e-06,3.898959000687207e-05,3.7810642228242453e-06,-6.5306693559767585e-06,-4.583561790814037e-05,-1.0627092124092543e-05,6.8460279012682965e-06,2.976383685533848e-05
signed_hqql_tbl,mod.blocks.3.attn.h0,neutral_hadron<-electron,0.024183790271098796,1.5705844187043393e-05,4.368388908915222e-05,-1.7608338384889066e-06,-8.61477710714098e-06,-2.7978044902108824e-05,1.74666780255323e-05,1.5705844187043393e-05,2.9694866638097803e-05
B_tbl_minus_hqql,mod.blocks.1.attn.h0,photon<-photon,0.0171471349622204,-1.9786023123963576e-05,0.0,0.0,0.0,-1.9786023123963576e-05,-1.9786023123963576e-05,1.9786023123963576e-05,2.9679034685945364e-05
signed_hqql_tbl,mod.blocks.0.attn.h7,charged_hadron<-electron,0.06464122784765143,1.1195157927240393e-05,-2.5750972951451938e-05,2.0121161333531484e-05,1.415162546436477e-05,3.694613087869233e-05,-8.926003406291092e-06,1.1195157927240393e-05,2.966822336658656e-05
B_tbl_minus_hqql,mod.blocks.6.attn.h3,muon<-muon,0.005205067340284586,-1.9772909581661224e-05,0.0,0.0,0.0,-1.9772909581661224e-05,-1.9772909581661224e-05,1.9772909581661224e-05,2.9659364372491837e-05
B_tbl_minus_hqql,mod.cls_blocks.1.attn.h3,CLS<-electron,0.008610179123934358,1.977019220097039e-05,0.0,0.0,0.0,1.977019220097039e-05,1.977019220097039e-05,1.977019220097039e-05,2.9655288301455585e-05
B_tbl_minus_hqql,mod.cls_blocks.1.attn.h3,charged_hadron<-electron,0.008610179123934358,1.977019220097039e-05,0.0,0.0,0.0,1.977019220097039e-05,1.977019220097039e-05,1.977019220097039e-05,2.9655288301455585e-05
signed_hqql_tbl,mod.blocks.5.attn.h0,photon<-charged_hadron,0.022187900606147844,-1.5176761625711575e-05,1.3643325836216005e-05,-5.502819800340935e-06,1.6219130495519177e-05,-2.8820087461927578e-05,-9.67394182537064e-06,1.5176761625711575e-05,2.9586805356675362e-05
signed_hqql_tbl,mod.blocks.3.attn.h7,charged_hadron<-photon,0.013413411559798463,-9.283340228809592e-06,3.1103762580611806e-05,-5.224106757188902e-07,1.4503089323958242e-05,-4.0387102809421395e-05,-8.760929553090702e-06,9.283340228809592e-06,2.947689163352029e-05
B_tbl_minus_hqql,mod.blocks.6.attn.h5,muon<-charged_hadron,0.012624428127751205,1.9582928595782228e-05,0.0,0.0,0.0,1.9582928595782228e-05,1.9582928595782228e-05,1.9582928595782228e-05,2.9374392893673342e-05
signed_hqql_tbl,mod.blocks.3.attn.h6,charged_hadron<-electron,0.0035564011747115537,1.0194871911631995e-05,-2.811929831902186e-05,2.6338769192539753e-06,-6.510868445275264e-06,3.831417023065385e-05,7.5609949923780195e-06,1.0194871911631995e-05,2.935195702695892e-05
B_tbl_minus_hqql,mod.blocks.3.attn.h4,muon<-charged_hadron,0.017242166129025547,1.955346493614894e-05,0.0,0.0,0.0,1.955346493614894e-05,1.955346493614894e-05,1.955346493614894e-05,2.9330197404223412e-05
B_tbl_minus_hqql,mod.blocks.3.attn.h4,electron<-neutral_hadron,0.02326178063566868,1.9488027856613582e-05,0.0,0.0,0.0,1.9488027856613582e-05,1.9488027856613582e-05,1.9488027856613582e-05,2.9232041784920373e-05
signed_hqql_tbl,mod.blocks.5.attn.h3,muon<-photon,0.013851965015584772,-2.574080082757229e-05,-1.877369896437113e-05,-1.3313861840981103e-05,2.9006578318200938e-05,-6.967101863201159e-06,-1.2426938986591187e-05,2.574080082757229e-05,2.922435175917287e-05
signed_hqql_tbl,mod.blocks.4.attn.h3,muon<-muon,0.007655525580048561,1.998136031033937e-05,3.821020391114871e-05,-4.62502657683217e-06,-1.772172208802658e-05,-1.822884360080934e-05,2.460638688717154e-05,1.998136031033937e-05,2.909578211074404e-05
B_tbl_minus_hqql,mod.blocks.5.attn.h1,muon<-charged_hadron,0.019504995057077118,1.937078989364884e-05,0.0,0.0,0.0,1.937078989364884e-05,1.937078989364884e-05,1.937078989364884e-05,2.905618484047326e-05
signed_hqql_tbl,mod.blocks.7.attn.h5,charged_hadron<-neutral_hadron,0.0060316073069300044,9.537301222147632e-06,-2.94846638647508e-05,2.0395558346365975e-05,-1.8083724423849507e-05,3.9021965086898436e-05,-1.0858257124218344e-05,9.537301222147632e-06,2.904828376559685e-05
B_tbl_minus_hqql,mod.blocks.6.attn.h0,photon<-muon,0.012281289154833014,-1.9320552713576365e-05,0.0,0.0,0.0,-1.9320552713576365e-05,-1.9320552713576365e-05,1.9320552713576365e-05,2.898082907036455e-05
signed_hqql_tbl,mod.blocks.3.attn.h4,neutral_hadron<-neutral_hadron,0.013141619738860008,2.344274868776735e-06,-5.091533925046267e-05,5.024785844418609e-06,-2.040898822965916e-05,5.325961411923941e-05,-2.680510975641874e-06,2.344274868776735e-06,2.897408192839644e-05
signed_hqql_tbl,mod.blocks.2.attn.h7,muon<-charged_hadron,0.01971943089456269,4.752585510053023e-07,5.7347118854522705e-05,0.00011380442883819341,5.6129128809636796e-05,-5.68718603035174e-05,-0.00011332917028718812,4.752585510053023e-07,2.8911188702764004e-05
B_tbl_minus_hqql,mod.blocks.5.attn.h2,neutral_hadron<-muon,0.00863935574889183,-1.927045959746465e-05,0.0,0.0,0.0,-1.927045959746465e-05,-1.927045959746465e-05,1.927045959746465e-05,2.8905689396196974e-05
signed_hqql_tbl,mod.blocks.0.attn.h2,photon<-neutral_hadron,0.016214372373974006,1.0340240080366843e-05,-2.662339876320085e-05,-3.266657724506453e-06,-3.635733166501468e-05,3.696363884356769e-05,1.3606897804873295e-05,1.0340240080366843e-05,2.8822059502150687e-05
B_tbl_minus_hqql,mod.blocks.3.attn.h0,neutral_hadron<-neutral_hadron,0.022726768533399222,-1.916807575526036e-05,0.0,0.0,0.0,-1.916807575526036e-05,-1.916807575526036e-05,1.916807575526036e-05,2.8752113632890544e-05
B_tbl_minus_hqql,mod.blocks.5.attn.h2,charged_hadron<-charged_hadron,0.022758777677064555,1.909140706540436e-05,0.0,0.0,0.0,1.909140706540436e-05,1.909140706540436e-05,1.909140706540436e-05,2.8637110598106544e-05
signed_hqql_tbl,mod.blocks.7.attn.h0,photon<-neutral_hadron,0.012782140058586125,-1.0025076524985806e-05,2.7141729617177873e-05,-1.5338753135134824e-05,2.226041993943374e-05,-3.716680614216368e-05,5.313676610149019e-06,1.0025076524985806e-05,2.8608479596067647e-05
signed_hqql_tbl,mod.blocks.3.attn.h5,photon<-charged_hadron,0.022307490285041833,1.0835784659514042e-05,-2.4619874148313545e-05,1.575258029131863e-05,-1.7549686175467016e-05,3.5455658807827585e-05,-4.916795631804587e-06,1.0835784659514042e-05,2.8563614063427837e-05
signed_hqql_tbl,mod.blocks.3.attn.h2,neutral_hadron<-photon,0.020855438479868097,-8.251190949797926e-06,3.235147925507373e-05,3.835560624618496e-06,-3.062502880114435e-05,-4.060267020487166e-05,-1.2086751574416423e-05,8.251190949797926e-06,2.8552526052233756e-05
signed_hqql_tbl,mod.blocks.0.attn.h6,electron<-neutral_hadron,0.018569535369841524,1.8134515760091464e-05,-2.644510571414571e-06,-1.8749674927676098e-05,-8.85442956738795e-06,2.0779026331506036e-05,3.688419068776756e-05,1.8134515760091464e-05,2.852402892584448e-05
signed_hqql_tbl,mod.blocks.2.attn.h2,photon<-charged_hadron,0.022154020937958638,1.2593840283607623e-05,-1.9186205114888676e-05,7.408681584763438e-06,-3.059171080359977e-06,3.17800453984963e-05,5.185158698844185e-06,1.2593840283607623e-05,2.8483862982855774e-05
signed_hqql_tbl,mod.blocks.2.attn.h3,neutral_hadron<-charged_hadron,0.01929743242092005,9.481847991449271e-06,-2.8479387663799834e-05,1.6044619719783297e-05,-2.5486391012434118e-05,3.79612356552491e-05,-6.562771728334026e-06,9.481847991449271e-06,2.8462465819073824e-05
signed_hqql_tbl,mod.blocks.2.attn.h3,photon<-electron,0.04847303877274196,9.327635052613913e-06,4.74990312276142e-05,3.664687132446228e-05,-7.910815871913324e-05,-3.817139617500029e-05,-2.731923627184837e-05,9.327635052613913e-06,2.8413333140114057e-05
signed_hqql_tbl,mod.blocks.5.attn.h5,charged_hadron<-photon,0.01683013042163807,6.4658758193785075e-06,-3.74215013737497e-05,-9.418918755088525e-06,-9.737203982193231e-06,4.388737719312821e-05,1.5884794574467033e-05,6.4658758193785075e-06,2.840956441594261e-05
B_tbl_minus_hqql,mod.blocks.4.attn.h0,photon<-electron,0.029286484917004904,-1.8874420008311668e-05,0.0,0.0,0.0,-1.8874420008311668e-05,-1.8874420008311668e-05,1.8874420008311668e-05,2.8311630012467502e-05
signed_hqql_tbl,mod.blocks.2.attn.h2,neutral_hadron<-photon,0.01531801175286798,1.1150486610337288e-06,5.5492625209097855e-05,2.5891099579252674e-05,-1.5848585159090394e-05,-5.4377576548064124e-05,-2.4776050918218946e-05,1.1150486610337288e-06,2.830383693506579e-05
B_tbl_minus_hqql,mod.blocks.5.attn.h3,photon<-electron,0.007045711204409599,1.8863042002218813e-05,0.0,0.0,0.0,1.8863042002218813e-05,1.8863042002218813e-05,1.8863042002218813e-05,2.829456300332822e-05
B_tbl_minus_hqql,mod.blocks.4.attn.h7,neutral_hadron<-electron,0.09775798366619991,-1.8816868340274177e-05,0.0,0.0,0.0,-1.8816868340274177e-05,-1.8816868340274177e-05,1.8816868340274177e-05,2.8225302510411267e-05
signed_hqql_tbl,mod.blocks.5.attn.h6,photon<-photon,0.01005817530867449,1.3596551408775062e-05,-1.5614934589871086e-05,1.357308501539789e-05,-4.868708522420149e-07,2.9211485998646148e-05,2.3466393377172154e-08,1.3596551408775062e-05,2.8202294408098136e-05
B_tbl_minus_hqql,mod.blocks.0.attn.h6,neutral_hadron<-charged_hadron,0.02499115779972911,-1.8801046554545614e-05,0.0,0.0,0.0,-1.8801046554545614e-05,-1.8801046554545614e-05,1.8801046554545614e-05,2.820156983181842e-05
B_tbl_minus_hqql,mod.blocks.7.attn.h5,neutral_hadron<-electron,0.026816426480833728,-1.878673773552792e-05,0.0,0.0,0.0,-1.878673773552792e-05,-1.878673773552792e-05,1.878673773552792e-05,2.818010660329188e-05
signed_hqql_tbl,mod.blocks.7.attn.h5,muon<-neutral_hadron,0.0008234712295234203,2.288397081429139e-06,-4.9325372231123765e-05,2.53880352829583e-05,4.8670511651061546e-06,5.161376931255291e-05,-2.309963820152916e-05,2.288397081429139e-06,2.809528173770559e-05
signed_hqql_tbl,mod.blocks.4.attn.h6,photon<-neutral_hadron,0.013338111669361628,8.44002539527699e-06,-3.0846389054025564e-05,6.86630917635108e-07,-2.581919819500622e-05,3.928641444930256e-05,7.753394477641882e-06,8.44002539527699e-06,2.808323261992827e-05
signed_hqql_tbl,mod.blocks.7.attn.h3,photon<-photon,0.017747110507913482,-1.194338270657128e-05,2.014059628777316e-05,-1.0619039324200827e-05,1.9055065850147973e-05,-3.208397899434444e-05,-1.3243433823704535e-06,1.194338270657128e-05,2.7985372203743497e-05
signed_hqql_tbl,mod.blocks.2.attn.h2,charged_hadron<-charged_hadron,0.021792100001606304,1.6759357831259005e-05,-5.690904163699495e-06,1.3451504998880028e-05,-1.2996243289066484e-05,2.24502619949585e-05,3.307852832378977e-06,1.6759357831259005e-05,2.7984488828738255e-05
signed_hqql_tbl,mod.blocks.5.attn.h2,charged_hadron<-photon,0.015567125725525882,1.4203475693792262e-05,-1.3119861707790381e-05,1.3929700973885331e-05,-1.9237702445529348e-05,2.732333740158264e-05,2.7377471990693016e-07,1.4203475693792262e-05,2.7865144394583582e-05
signed_hqql_tbl,mod.blocks.7.attn.h7,neutral_hadron<-neutral_hadron,0.012169241554175432,4.8856127501168e-06,-4.105621792700996e-05,-9.892194994261451e-07,7.72409789172208e-06,4.594183067712676e-05,5.874832249542945e-06,4.8856127501168e-06,2.785652808868018e-05
B_tbl_minus_hqql,mod.blocks.5.attn.h3,muon<-neutral_hadron,0.01252259761095047,1.85204524314031e-05,0.0,0.0,0.0,1.85204524314031e-05,1.85204524314031e-05,1.85204524314031e-05,2.7780678647104653e-05
signed_hqql_tbl,mod.blocks.7.attn.h7,charged_hadron<-photon,0.014595781870471503,9.058086113763332e-06,4.6246512695707704e-05,1.5217832648826336e-05,2.040326464924019e-06,-3.718842658194437e-05,-6.159746535063004e-06,9.058086113763332e-06,2.765229940473552e-05
B_tbl_minus_hqql,mod.blocks.6.attn.h4,photon<-muon,0.027798183939673683,-1.8371671268885787e-05,0.0,0.0,0.0,-1.8371671268885787e-05,-1.8371671268885787e-05,1.8371671268885787e-05,2.755750690332868e-05
signed_hqql_tbl,mod.blocks.6.attn.h3,charged_hadron<-photon,0.015465421242384569,-1.040659642569783e-05,2.383943656751961e-05,-4.7948306713354625e-06,1.1061739761145232e-05,-3.4246032993217435e-05,-5.611765754362367e-06,1.040659642569783e-05,2.7529612922306547e-05
B_tbl_minus_hqql,mod.blocks.3.attn.h6,charged_hadron<-charged_hadron,0.022977947097451473,1.8300646198356368e-05,0.0,0.0,0.0,1.8300646198356368e-05,1.8300646198356368e-05,1.8300646198356368e-05,2.7450969297534553e-05
signed_hqql_tbl,mod.blocks.2.attn.h7,photon<-photon,0.015655134812291478,-1.0930469015258794e-05,2.2049380744096534e-05,1.9284786409821426e-06,4.828140034630379e-06,-3.2979849759355326e-05,-1.2858947656240936e-05,1.0930469015258794e-05,2.7420393894936455e-05
B_tbl_minus_hqql,mod.blocks.1.attn.h2,neutral_hadron<-charged_hadron,0.02383776454660491,-1.8263289342311796e-05,0.0,0.0,0.0,-1.8263289342311796e-05,-1.8263289342311796e-05,1.8263289342311796e-05,2.7394934013467692e-05
signed_hqql_tbl,mod.blocks.0.attn.h0,neutral_hadron<-neutral_hadron,0.010282322864935477,8.068093438122304e-06,-3.0417056943798283e-05,2.3680493766358655e-05,-1.4677549951651481e-05,3.848515038192059e-05,-1.5612400328236353e-05,8.068093438122304e-06,2.7310668629082596e-05
signed_hqql_tbl,mod.blocks.1.attn.h3,neutral_hadron<-photon,0.01300705217338363,-1.775166897067348e-05,1.3485962767565865e-06,-9.081014665273936e-06,8.88521986036445e-06,-1.9100265247430065e-05,-8.670654305399544e-06,1.775166897067348e-05,2.730180159438851e-05
signed_hqql_tbl,mod.blocks.7.attn.h5,electron<-photon,0.018838952233393987,2.6649927652518574e-05,2.7778620798406856e-05,-1.4970556224268097e-05,-1.226073998788541e-05,-1.1286931458882817e-06,4.162048387678667e-05,2.6649927652518574e-05,2.7214274225462715e-05
B_tbl_minus_hqql,mod.blocks.3.attn.h0,neutral_hadron<-muon,0.011384081095457077,1.814248680602759e-05,0.0,0.0,0.0,1.814248680602759e-05,1.814248680602759e-05,1.814248680602759e-05,2.7213730209041384e-05
B_tbl_minus_hqql,mod.blocks.0.attn.h6,electron<-neutral_hadron,0.01856953708920628,1.8134520189505565e-05,0.0,0.0,0.0,1.8134520189505565e-05,1.8134520189505565e-05,1.8134520189505565e-05,2.7201780284258348e-05
signed_hqql_tbl,mod.blocks.5.attn.h6,muon<-charged_hadron,0.004672574274467699,1.3190265180486621e-05,-1.478708970050017e-05,-4.289696789783193e-07,1.771753360741738e-06,2.7977354880986793e-05,1.3619234859464941e-05,1.3190265180486621e-05,2.717894262098002e-05
B_tbl_minus_hqql,mod.blocks.7.attn.h2,charged_hadron<-muon,0.034312688943111534,-1.811729497135137e-05,0.0,0.0,0.0,-1.811729497135137e-05,-1.811729497135137e-05,1.811729497135137e-05,2.7175942457027055e-05
signed_hqql_tbl,mod.blocks.0.attn.h5,neutral_hadron<-neutral_hadron,0.011426358157918096,-1.400879379342512e-05,1.2222943073835347e-05,2.1806207333520727e-06,2.3378401549197277e-05,-2.6231736867260467e-05,-1.6189414526777192e-05,1.400879379342512e-05,2.712466222705535e-05
signed_hqql_tbl,mod.blocks.2.attn.h5,photon<-photon,0.017754420580750913,-9.173053101540182e-06,-4.504461098960059e-05,-2.4050266502008235e-05,1.4954066162676069e-05,3.587155788806041e-05,1.4877213400468053e-05,9.173053101540182e-06,2.7108832045570387e-05
signed_hqql_tbl,mod.blocks.0.attn.h5,photon<-neutral_hadron,0.011588652170200218,8.526509861831226e-06,-2.8591280467281945e-05,-5.7250880785020896e-06,-1.0085382703585177e-05,3.711779032911317e-05,1.4251597940333316e-05,8.526509861831226e-06,2.708540502638781e-05
signed_hqql_tbl,mod.blocks.0.attn.h2,electron<-charged_hadron,0.02244969026038521,2.0235486820303394e-05,6.6444741484398645e-06,-7.961869790772747e-06,7.84165977165685e-05,1.359101267186353e-05,2.819735661107614e-05,2.0235486820303394e-05,2.703099315623516e-05
signed_hqql_tbl,mod.blocks.5.attn.h6,charged_hadron<-charged_hadron,0.019700078135246213,3.9002639343746024e-06,-4.224578094964314e-05,1.3709792712934876e-06,-1.3670255888808965e-05,4.614604488401774e-05,2.529284663081115e-06,3.9002639343746024e-06,2.6973286376383474e-05
signed_hqql_tbl,mod.blocks.7.attn.h4,electron<-neutral_hadron,0.003972599757477068,-1.565672419719004e-05,6.8085255549021895e-06,4.702158912550658e-06,1.9033482158192782e-05,-2.246524975209223e-05,-2.03588831097407e-05,1.565672419719004e-05,2.6889349073236157e-05
B_tbl_minus_hqql,mod.blocks.6.attn.h0,muon<-photon,0.011612999168309298,1.7895285220054742e-05,0.0,0.0,0.0,1.7895285220054742e-05,1.7895285220054742e-05,1.7895285220054742e-05,2.684292783008211e-05
B_tbl_minus_hqql,mod.blocks.1.attn.h5,photon<-charged_hadron,0.01956797999219647,1.7862284546402506e-05,0.0,0.0,0.0,1.7862284546402506e-05,1.7862284546402506e-05,1.7862284546402506e-05,2.6793426819603758e-05
signed_hqql_tbl,mod.blocks.3.attn.h4,neutral_hadron<-muon,0.004949533939361572,-1.2256925401743501e-05,-4.116643640372786e-05,1.1839875924124499e-06,-2.7044068187735874e-05,2.8909511001984356e-05,-1.3440912994155951e-05,1.2256925401743501e-05,2.671168090273568e-05
signed_hqql_tbl,mod.blocks.2.attn.h6,neutral_hadron<-charged_hadron,0.020073061129265206,5.18976186897761e-06,-3.778715224331979e-05,2.501945172586147e-06,-1.0261321820869792e-05,4.2976914112297395e-05,2.687816696391463e-06,5.18976186897761e-06,2.667821892512631e-05
signed_hqql_tbl,mod.blocks.2.attn.h7,electron<-charged_hadron,0.02396234752316224,3.434014567909272e-06,4.985193566729625e-05,-5.9762079771822214e-06,-8.591177083872026e-05,-4.6417921099386976e-05,9.410222545091494e-06,3.434014567909272e-06,2.664297511760276e-05
B_tbl_minus_hqql,mod.blocks.1.attn.h3,neutral_hadron<-photon,0.01300705182189752,-1.7751672981257195e-05,0.0,0.0,0.0,-1.7751672981257195e-05,-1.7751672981257195e-05,1.7751672981257195e-05,2.6627509471885792e-05
B_tbl_minus_hqql,mod.blocks.2.attn.h0,neutral_hadron<-neutral_hadron,0.012074736697235121,-1.7741335281949104e-05,0.0,0.0,0.0,-1.7741335281949104e-05,-1.7741335281949104e-05,1.7741335281949104e-05,2.6612002922923658e-05
B_tbl_minus_hqql,mod.blocks.4.attn.h5,muon<-charged_hadron,0.01675852501031124,1.773801561670773e-05,0.0,0.0,0.0,1.773801561670773e-05,1.773801561670773e-05,1.773801561670773e-05,2.6607023425061598e-05
signed_hqql_tbl,mod.blocks.2.attn.h3,charged_hadron<-photon,0.017833716167629524,-4.6251731433238206e-06,3.928135552993632e-05,-1.7068680798546887e-05,1.9609380198118578e-05,-4.390652867326014e-05,1.2443507655223068e-05,4.6251731433238206e-06,2.657843747995389e-05
signed_hqql_tbl,mod.blocks.4.attn.h7,charged_hadron<-neutral_hadron,0.01817903427260473,-1.0544550814821633e-05,2.1428137578212798e-05,-1.5548386733794912e-05,5.210855586492777e-06,-3.197268839303443e-05,5.0038359189732785e-06,1.0544550814821633e-05,2.6530895011338847e-05
B_tbl_minus_hqql,mod.blocks.3.attn.h3,photon<-charged_hadron,0.020090733547856825,-1.7685605262162788e-05,0.0,0.0,0.0,-1.7685605262162788e-05,-1.7685605262162788e-05,1.7685605262162788e-05,2.6528407893244182e-05
B_tbl_minus_hqql,mod.blocks.3.attn.h4,photon<-electron,0.009604096226394177,1.7684635865104306e-05,0.0,0.0,0.0,1.7684635865104306e-05,1.7684635865104306e-05,1.7684635865104306e-05,2.652695379765646e-05
B_tbl_minus_hqql,mod.blocks.3.attn.h0,photon<-neutral_hadron,0.009712608129914542,-1.7665753054041194e-05,0.0,0.0,0.0,-1.7665753054041194e-05,-1.7665753054041194e-05,1.7665753054041194e-05,2.6498629581061793e-05
B_tbl_minus_hqql,mod.blocks.0.attn.h7,electron<-charged_hadron,0.020382006309534375,1.7663533646172208e-05,0.0,0.0,0.0,1.7663533646172208e-05,1.7663533646172208e-05,1.7663533646172208e-05,2.649530046925831e-05
signed_hqql_tbl,mod.blocks.2.attn.h0,neutral_hadron<-charged_hadron,0.020077759864952412,-1.0306946918290689e-05,2.180217022730692e-05,1.2504278175763114e-06,2.6031698218188238e-05,-3.210911714559761e-05,-1.1557374735867e-05,1.0306946918290689e-05,2.6361505491089495e-05
signed_hqql_tbl,mod.blocks.7.attn.h5,neutral_hadron<-photon,0.016715928347935075,-7.3372170176691755e-06,3.066583692113479e-05,-2.7653353535460794e-06,5.873615704757296e-06,-3.8003053938803966e-05,-4.5718816641230965e-06,7.3372170176691755e-06,2.633874398707116e-05
B_tbl_minus_hqql,mod.blocks.4.attn.h6,charged_hadron<-charged_hadron,0.02233881925373181,1.7558895985202444e-05,0.0,0.0,0.0,1.7558895985202444e-05,1.7558895985202444e-05,1.7558895985202444e-05,2.6338343977803666e-05
signed_hqql_tbl,mod.blocks.5.attn.h3,charged_hadron<-electron,0.011132898691453431,-1.631704722776225e-05,-3.634976921603084e-05,-5.292904064134191e-06,1.2113460741147719e-05,2.003272198826859e-05,-1.1024143163628057e-05,1.631704722776225e-05,2.6333408221896543e-05
B_tbl_minus_hqql,mod.blocks.2.attn.h0,neutral_hadron<-electron,0.014411354867311625,1.755219273036346e-05,0.0,0.0,0.0,1.755219273036346e-05,1.755219273036346e-05,1.755219273036346e-05,2.6328289095545188e-05
signed_hqql_tbl,mod.blocks.0.attn.h1,charged_hadron<-charged_hadron,0.021565865711703446,-1.6133816980730083e-06,4.7743391872846774e-05,-5.6443502216719185e-06,2.833271121817535e-06,-4.9356773570919784e-05,4.03096852359891e-06,1.6133816980730083e-06,2.6291768483532902e-05
B_tbl_minus_hqql,mod.blocks.7.attn.h7,charged_hadron<-charged_hadron,0.021567630106666843,1.7525778283581034e-05,0.0,0.0,0.0,1.7525778283581034e-05,1.7525778283581034e-05,1.7525778283581034e-05,2.628866742537155e-05
signed_hqql_tbl,mod.blocks.2.attn.h4,charged_hadron<-charged_hadron,0.020475162526107704,-1.574338944954148e-05,5.248593349863283e-06,-9.359033755294774e-06,5.249034063285765e-06,-2.099198279940476e-05,-6.384355694246704e-06,1.574338944954148e-05,2.623938084924386e-05
signed_hqql_tbl,mod.blocks.2.attn.h1,photon<-charged_hadron,0.02207090358507565,-7.714472883020384e-06,2.9324504065542763e-05,4.415336074828254e-06,1.0454994974910866e-06,-3.703897694856315e-05,-1.2129808957848639e-05,7.714472883020384e-06,2.623396135730196e-05
B_tbl_minus_hqql,mod.blocks.1.attn.h6,neutral_hadron<-electron,0.026329183427151293,1.74700076058798e-05,0.0,0.0,0.0,1.74700076058798e-05,1.74700076058798e-05,1.74700076058798e-05,2.62050114088197e-05
B_tbl_minus_hqql,mod.blocks.6.attn.h3,muon<-charged_hadron,0.019721103437019116,-1.7465593180421628e-05,0.0,0.0,0.0,-1.7465593180421628e-05,-1.7465593180421628e-05,1.7465593180421628e-05,2.6198389770632442e-05
signed_hqql_tbl,mod.blocks.0.attn.h5,neutral_hadron<-charged_hadron,0.020637305998888078,2.855490600139984e-06,4.951545583484862e-05,2.009102927288142e-05,1.3715703520461802e-06,-4.6659965234708637e-05,-1.7235538672741436e-05,2.855490600139984e-06,2.61854732174943e-05
signed_hqql_tbl,mod.blocks.6.attn.h5,photon<-photon,0.015543176767709785,8.153968812987731e-06,-2.7863447092222122e-05,8.484986543174264e-06,-9.415702481763213e-06,3.601741590520985e-05,-3.310177301865332e-07,8.153968812987731e-06,2.6162676765592658e-05
signed_hqql_tbl,mod.blocks.2.attn.h5,photon<-charged_hadron,0.020393735818069934,1.2190574420566043e-05,-1.5706622506803438e-05,2.0548588968460408e-05,-2.454937683788807e-05,2.789719692736948e-05,-8.358014547894365e-06,1.2190574420566043e-05,2.613917288425078e-05
signed_hqql_tbl,mod.blocks.7.attn.h3,neutral_hadron<-photon,0.014924736856526281,-1.1617414026051366e-05,1.728402478515293e-05,-7.0235465464910934e-06,1.947075871584315e-05,-2.8901438811204295e-05,-4.593867479560272e-06,1.1617414026051366e-05,2.606813343165351e-05
signed_hqql_tbl,mod.blocks.2.attn.h6,photon<-photon,0.014881881262537887,1.1114298225537338e-05,-1.874018641944789e-05,7.352602987942137e-06,1.810883473895801e-05,2.9854484644985225e-05,3.761695237595201e-06,1.1114298225537338e-05,2.604154054802995e-05
B_tbl_minus_hqql,mod.blocks.0.attn.h2,photon<-photon,0.017445561029752137,1.734289401916821e-05,0.0,0.0,0.0,1.734289401916821e-05,1.734289401916821e-05,1.734289401916821e-05,2.6014341028752315e-05
signed_hqql_tbl,mod.blocks.6.attn.h2,neutral_hadron<-photon,0.012940170757893374,8.900970071853532e-06,-2.530536477098468e-05,-9.064612613089575e-07,-1.2616601046068221e-05,3.4206334842838214e-05,9.807431333162488e-06,8.900970071853532e-06,2.6004137493272637e-05
B_tbl_minus_hqql,mod.blocks.4.attn.h2,charged_hadron<-electron,0.05104307987188038,-1.729402260695535e-05,0.0,0.0,0.0,-1.729402260695535e-05,-1.729402260695535e-05,1.729402260695535e-05,2.5941033910433026e-05
B_tbl_minus_hqql,mod.blocks.4.attn.h0,neutral_hadron<-photon,0.016904958799564638,1.7269679020839085e-05,0.0,0.0,0.0,1.7269679020839085e-05,1.7269679020839085e-05,1.7269679020839085e-05,2.590451853125863e-05
B_tbl_minus_hqql,mod.blocks.7.attn.h2,charged_hadron<-neutral_hadron,0.012787168288562203,1.725706671005054e-05,0.0,0.0,0.0,1.725706671005054e-05,1.725706671005054e-05,1.725706671005054e-05,2.5885600065075808e-05
signed_hqql_tbl,mod.blocks.1.attn.h7,neutral_hadron<-neutral_hadron,0.014082666328893259,-6.225374589774173e-06,3.3064022013438294e-05,-1.708239076810311e-05,8.077331333892522e-06,-3.9289396603212466e-05,1.0857016178328938e-05,6.225374589774173e-06,2.5870072891380406e-05
signed_hqql_tbl,mod.blocks.5.attn.h2,charged_hadron<-charged_hadron,0.022758777465155765,1.9091412156181923e-05,5.716099311102539e-06,2.5974565385955415e-05,-9.444001672266732e-07,1.3375312845079384e-05,-6.883153229773493e-06,1.9091412156181923e-05,2.5779068578721615e-05
signed_hqql_tbl,mod.blocks.6.attn.h3,muon<-neutral_hadron,0.011216221004724502,-7.830550748622045e-06,-4.370295300759608e-05,-3.903620381606743e-05,2.4321683984295383e-05,3.587240225897403e-05,3.120565306744538e-05,7.830550748622045e-06,2.576675187810906e-05
signed_hqql_tbl,mod.blocks.3.attn.h6,charged_hadron<-charged_hadron,0.022977946631252136,1.8300648060835963e-05,3.5191622942941995e-06,4.0155675327913826e-06,-2.7379710989508773e-06,1.4781485766541764e-05,1.428508052804458e-05,1.8300648060835963e-05,2.5691390944106845e-05
B_tbl_minus_hqql,mod.blocks.3.attn.h3,charged_hadron<-neutral_hadron,0.0127458342619919,1.7046078897454707e-05,0.0,0.0,0.0,1.7046078897454707e-05,1.7046078897454707e-05,1.7046078897454707e-05,2.5569118346182062e-05
signed_hqql_tbl,mod.blocks.7.attn.h3,electron<-photon,0.000844996061641723,-4.979479429797114e-06,3.6171435567666776e-05,-4.0592079238470955e-05,1.1536905046116997e-05,-4.115091499746389e-05,3.561259980867384e-05,4.979479429797114e-06,2.5554936928529057e-05
B_tbl_minus_hqql,mod.blocks.0.attn.h6,neutral_hadron<-neutral_hadron,0.016323008087392038,-1.7036488753337137e-05,0.0,0.0,0.0,-1.7036488753337137e-05,-1.7036488753337137e-05,1.7036488753337137e-05,2.5554733130005705e-05
signed_hqql_tbl,mod.blocks.6.attn.h7,charged_hadron<-charged_hadron,0.0229439809580674,1.3717855730575529e-05,3.737252218151504e-05,1.9749939912899248e-05,-2.6611162877732938e-06,-2.3654666450939514e-05,-6.032084182323719e-06,1.3717855730575529e-05,2.5545188956045286e-05
B_tbl_minus_hqql,mod.blocks.3.attn.h3,neutral_hadron<-muon,0.0073580585420131685,-1.6916330787353216e-05,0.0,0.0,0.0,-1.6916330787353216e-05,-1.6916330787353216e-05,1.6916330787353216e-05,2.5374496181029824e-05
B_tbl_minus_hqql,mod.blocks.0.attn.h0,photon<-photon,0.01763236170535912,-1.6888358401628418e-05,0.0,0.0,0.0,-1.6888358401628418e-05,-1.6888358401628418e-05,1.6888358401628418e-05,2.5332537602442625e-05
signed_hqql_tbl,mod.blocks.4.attn.h1,charged_hadron<-photon,0.01226906421370198,-1.190547564057113e-05,1.4829739882633793e-05,-4.919501316143749e-06,1.2184777172367498e-05,-2.6735215523204922e-05,-6.98597432442738e-06,1.190547564057113e-05,2.527308340217359e-05
signed_hqql_tbl,mod.blocks.3.attn.h0,neutral_hadron<-neutral_hadron,0.0227267667484016,-1.9168057763298024e-05,-6.990279745653168e-06,6.735788401432863e-06,2.5468555282869674e-05,-1.2177778017644855e-05,-2.5903846164730886e-05,1.9168057763298024e-05,2.525694677212045e-05
B_tbl_minus_hqql,mod.blocks.5.attn.h0,muon<-neutral_hadron,0.019838370382785797,-1.681338471826166e-05,0.0,0.0,0.0,-1.681338471826166e-05,-1.681338471826166e-05,1.681338471826166e-05,2.522007707739249e-05
B_tbl_minus_hqql,mod.blocks.2.attn.h5,charged_hadron<-photon,0.016141498503158443,1.6784314261819042e-05,0.0,0.0,0.0,1.6784314261819042e-05,1.6784314261819042e-05,1.6784314261819042e-05,2.5176471392728563e-05
signed_hqql_tbl,mod.blocks.6.attn.h0,muon<-photon,0.011612999168309298,1.7895285220054742e-05,3.238317843240041e-05,-1.9364506616035387e-05,2.455143398297618e-06,-1.448789321234567e-05,3.725979183609013e-05,1.7895285220054742e-05,2.5139231826227578e-05
B_tbl_minus_hqql,mod.blocks.2.attn.h2,charged_hadron<-charged_hadron,0.02179210008636982,1.6759360904350337e-05,0.0,0.0,0.0,1.6759360904350337e-05,1.6759360904350337e-05,1.6759360904350337e-05,2.5139041356525505e-05
signed_hqql_tbl,mod.blocks.6.attn.h5,photon<-charged_hadron,0.022216518020713796,1.3501005174456516e-05,-9.640410372931367e-06,1.550305002970747e-05,-2.1634766453231164e-05,2.3141415547387882e-05,-2.0020448552509532e-06,1.3501005174456516e-05,2.507171294815046e-05
signed_hqql_tbl,mod.blocks.4.attn.h1,charged_hadron<-charged_hadron,0.023320059597878952,1.1659600097249321e-06,4.894189890270513e-05,3.292123872772204e-06,3.0016912744287478e-05,-4.77759388929802e-05,-2.126163863047272e-06,1.1659600097249321e-06,2.5053929456215032e-05
signed_hqql_tbl,mod.blocks.5.attn.h3,photon<-electron,0.0070457129428784055,1.886304033481186e-05,6.525025517995735e-06,-1.3172486481900186e-05,-3.0241524418906684e-05,1.2338014816816125e-05,3.203552681671205e-05,1.886304033481186e-05,2.5032047743219924e-05
B_tbl_minus_hqql,mod.blocks.7.attn.h3,charged_hadron<-charged_hadron,0.024904832237297222,1.654646991551023e-05,0.0,0.0,0.0,1.654646991551023e-05,1.654646991551023e-05,1.654646991551023e-05,2.4819704873265347e-05
B_tbl_minus_hqql,mod.blocks.7.attn.h7,photon<-charged_hadron,0.024072041503144317,1.6544648436974904e-05,0.0,0.0,0.0,1.6544648436974904e-05,1.6544648436974904e-05,1.6544648436974904e-05,2.4816972655462358e-05
B_tbl_minus_hqql,mod.blocks.1.attn.h1,charged_hadron<-electron,0.02421477397805766,1.6542371763774244e-05,0.0,0.0,0.0,1.6542371763774244e-05,1.6542371763774244e-05,1.6542371763774244e-05,2.4813557645661365e-05
B_tbl_minus_hqql,mod.blocks.2.attn.h4,photon<-photon,0.017225563844262007,-1.6542259850873907e-05,0.0,0.0,0.0,-1.6542259850873907e-05,-1.6542259850873907e-05,1.6542259850873907e-05,2.4813389776310858e-05
B_tbl_minus_hqql,mod.blocks.0.attn.h6,photon<-neutral_hadron,0.021900611142798437,1.6538558828006808e-05,0.0,0.0,0.0,1.6538558828006808e-05,1.6538558828006808e-05,1.6538558828006808e-05,2.4807838242010212e-05
B_tbl_minus_hqql,mod.blocks.7.attn.h7,charged_hadron<-neutral_hadron,0.015452102148772144,1.6511507015583036e-05,0.0,0.0,0.0,1.6511507015583036e-05,1.6511507015583036e-05,1.6511507015583036e-05,2.4767260523374556e-05
B_tbl_minus_hqql,mod.blocks.1.attn.h7,electron<-neutral_hadron,0.016598531259940222,-1.649328455991613e-05,0.0,0.0,0.0,-1.649328455991613e-05,-1.649328455991613e-05,1.649328455991613e-05,2.4739926839874195e-05
signed_hqql_tbl,mod.blocks.4.attn.h4,muon<-photon,0.01516331054947593,2.418944231149825e-05,2.5206296973360273e-05,-2.184606135068905e-05,-3.345527038943276e-05,-1.0168546618620222e-06,4.6035503662187303e-05,2.418944231149825e-05,2.469786964242926e-05
B_tbl_minus_hqql,mod.blocks.3.attn.h0,charged_hadron<-charged_hadron,0.022618495075557087,-1.642768446423273e-05,0.0,0.0,0.0,-1.642768446423273e-05,-1.642768446423273e-05,1.642768446423273e-05,2.4641526696349095e-05
signed_hqql_tbl,mod.blocks.5.attn.h1,charged_hadron<-photon,0.01459622587656272,-9.197457277126285e-06,2.1572381958052107e-05,-3.767941747273263e-06,1.9839642199356625e-05,-3.076983923517839e-05,-5.4295155298530225e-06,9.197457277126285e-06,2.458237689471548e-05
B_tbl_minus_hqql,mod.blocks.3.attn.h6,photon<-photon,0.016196591261969883,-1.6339243984616718e-05,0.0,0.0,0.0,-1.6339243984616718e-05,-1.6339243984616718e-05,1.6339243984616718e-05,2.4508865976925076e-05
signed_hqql_tbl,mod.blocks.7.attn.h4,muon<-photon,0.021706713871522385,9.963877594352446e-06,-1.9089722067852003e-05,8.778699945348004e-06,3.1621230586357084e-05,2.905359966220445e-05,1.1851776490044425e-06,9.963877594352446e-06,2.449067742545467e-05
B_tbl_minus_hqql,mod.blocks.5.attn.h3,charged_hadron<-electron,0.011132900259996715,-1.631705048279592e-05,0.0,0.0,0.0,-1.631705048279592e-05,-1.631705048279592e-05,1.631705048279592e-05,2.4475575724193876e-05
B_tbl_minus_hqql,mod.blocks.6.attn.h7,photon<-charged_hadron,0.02356907967895964,1.6228768210928787e-05,0.0,0.0,0.0,1.6228768210928787e-05,1.6228768210928787e-05,1.6228768210928787e-05,2.4343152316393182e-05
B_tbl_minus_hqql,mod.blocks.7.attn.h1,charged_hadron<-photon,0.013344003957009137,-1.6177813508177036e-05,0.0,0.0,0.0,-1.6177813508177036e-05,-1.6177813508177036e-05,1.6177813508177036e-05,2.4266720262265555e-05
B_tbl_minus_hqql,mod.blocks.6.attn.h4,electron<-neutral_hadron,0.0141488598802915,1.6131718719127373e-05,0.0,0.0,0.0,1.6131718719127373e-05,1.6131718719127373e-05,1.6131718719127373e-05,2.419757807869106e-05
B_tbl_minus_hqql,mod.blocks.4.attn.h7,muon<-charged_hadron,0.01979187401858243,-1.6119013625112448e-05,0.0,0.0,0.0,-1.6119013625112448e-05,-1.6119013625112448e-05,1.6119013625112448e-05,2.4178520437668673e-05
B_tbl_minus_hqql,mod.blocks.1.attn.h4,electron<-electron,0.003948545937115948,1.6111503413185346e-05,0.0,0.0,0.0,1.6111503413185346e-05,1.6111503413185346e-05,1.6111503413185346e-05,2.416725511977802e-05
signed_hqql_tbl,mod.blocks.4.attn.h1,charged_hadron<-neutral_hadron,0.016262431504857705,-7.5152867776952875e-06,2.5662603375904666e-05,-8.259814059865386e-07,5.448399832380758e-06,-3.317789015359995e-05,-6.689305371708749e-06,7.5152867776952875e-06,2.4104231854495264e-05
signed_hqql_tbl,mod.blocks.4.attn.h0,neutral_hadron<-photon,0.016904959317544172,1.726967409342148e-05,3.7161282410144954e-06,1.4255590775404755e-05,-9.07014018006494e-06,1.3553545852406985e-05,3.014083318016725e-06,1.726967409342148e-05,2.4046447019624973e-05
B_tbl_minus_hqql,mod.blocks.0.attn.h3,charged_hadron<-charged_hadron,0.020724330814284608,-1.6026673589337826e-05,0.0,0.0,0.0,-1.6026673589337826e-05,-1.6026673589337826e-05,1.6026673589337826e-05,2.4040010384006738e-05
signed_hqql_tbl,mod.blocks.4.attn.h3,charged_hadron<-photon,0.013781697252905427,-7.548177328200013e-06,2.5425203150003904e-05,-5.831689727731544e-06,1.1834601341025539e-05,-3.297338047820392e-05,-1.7164876004684688e-06,7.548177328200013e-06,2.4034867567301972e-05
B_tbl_minus_hqql,mod.blocks.7.attn.h5,photon<-muon,0.012457292188297619,1.6012668228623543e-05,0.0,0.0,0.0,1.6012668228623543e-05,1.6012668228623543e-05,1.6012668228623543e-05,2.4019002342935316e-05
B_tbl_minus_hqql,mod.blocks.1.attn.h6,muon<-muon,0.002566887764260173,1.5989986422937363e-05,0.0,0.0,0.0,1.5989986422937363e-05,1.5989986422937363e-05,1.5989986422937363e-05,2.3984979634406045e-05
signed_hqql_tbl,mod.blocks.6.attn.h2,electron<-neutral_hadron,0.00599564372336877,-3.3618534948013453e-06,3.7666501356170556e-05,5.158071733603719e-05,-1.2798457889099761e-05,-4.1028354850971904e-05,-5.494257083083854e-05,3.3618534948013453e-06,2.3876030920287296e-05
B_tbl_minus_hqql,mod.blocks.0.attn.h5,electron<-electron,0.0027039661072194576,-1.586708557018331e-05,0.0,0.0,0.0,-1.586708557018331e-05,-1.586708557018331e-05,1.586708557018331e-05,2.3800628355274966e-05
signed_hqql_tbl,mod.blocks.1.attn.h6,muon<-muon,0.002566887764260173,1.5989986422937363e-05,5.09706978846225e-07,1.5127337974263355e-05,-4.530677939484917e-05,1.548027944409114e-05,8.626484486740083e-07,1.5989986422937363e-05,2.3730126144982933e-05
B_tbl_minus_hqql,mod.blocks.3.attn.h1,neutral_hadron<-electron,0.01794526955256095,1.5790750414733058e-05,0.0,0.0,0.0,1.5790750414733058e-05,1.5790750414733058e-05,1.5790750414733058e-05,2.3686125622099586e-05
signed_hqql_tbl,mod.blocks.6.attn.h2,photon<-neutral_hadron,0.015041705394368375,-8.794562716249776e-06,2.0924629225236586e-05,-3.1693488368794023e-06,2.5788206733389687e-06,-2.9719191941486364e-05,-5.625213879370374e-06,8.794562716249776e-06,2.3654158686992956e-05
B_tbl_minus_hqql,mod.blocks.2.attn.h3,photon<-charged_hadron,0.015481226883740137,-1.5764002519419186e-05,0.0,0.0,0.0,-1.5764002519419186e-05,-1.5764002519419186e-05,1.5764002519419186e-05,2.364600377912878e-05
B_tbl_minus_hqql,mod.blocks.2.attn.h4,charged_hadron<-charged_hadron,0.020475162907543528,-1.5743390587723455e-05,0.0,0.0,0.0,-1.5743390587723455e-05,-1.5743390587723455e-05,1.5743390587723455e-05,2.3615085881585182e-05
B_tbl_minus_hqql,mod.blocks.3.attn.h0,neutral_hadron<-electron,0.02418378941141642,1.57058093464002e-05,0.0,0.0,0.0,1.57058093464002e-05,1.57058093464002e-05,1.57058093464002e-05,2.3558714019600302e-05
signed_hqql_tbl,mod.cls_blocks.1.attn.h1,muon<-muon,0.0,0.0,-4.710006032837555e-05,0.0,0.0,4.710006032837555e-05,0.0,0.0,2.3550030164187774e-05
signed_hqql_tbl,mod.blocks.6.attn.h0,muon<-charged_hadron,0.021548198931144947,-2.3343081755394284e-05,-2.3715147593369088e-05,-1.3668798783328383e-05,9.257741888188364e-05,3.7206583797480433e-07,-9.6742829720659e-06,2.3343081755394284e-05,2.3529114674381686e-05
signed_hqql_tbl,mod.blocks.5.attn.h5,photon<-neutral_hadron,0.008372884962885813,7.556910736935501e-06,-2.4382764558938242e-05,4.896484400217501e-06,-2.0219335254328138e-05,3.1939675295873745e-05,2.660426336718e-06,7.556910736935501e-06,2.3526748384872375e-05
B_tbl_minus_hqql,mod.blocks.7.attn.h4,electron<-neutral_hadron,0.00397259838735828,-1.5656719859599925e-05,0.0,0.0,0.0,-1.5656719859599925e-05,-1.5656719859599925e-05,1.5656719859599925e-05,2.348507978939989e-05
B_tbl_minus_hqql,mod.blocks.2.attn.h0,electron<-photon,0.022415053844451905,-1.5650092003246148e-05,0.0,0.0,0.0,-1.5650092003246148e-05,-1.5650092003246148e-05,1.5650092003246148e-05,2.3475138004869222e-05
signed_hqql_tbl,mod.blocks.7.attn.h6,photon<-neutral_hadron,0.010425438289313787,2.061056453105372e-06,-4.0696702250542634e-05,6.383930155281657e-06,-1.641635152152965e-05,4.275775870364801e-05,-4.322873702176285e-06,2.061056453105372e-06,2.3439935804929377e-05
signed_hqql_tbl,mod.blocks.1.attn.h4,charged_hadron<-photon,0.016972408701657095,-1.0004510528998416e-05,-3.6748395977397533e-05,-7.777829015057892e-06,-1.0874618837855068e-05,2.6743885448399116e-05,-2.2266815139405237e-06,1.0004510528998416e-05,2.3376453253197976e-05
signed_hqql_tbl,mod.blocks.7.attn.h2,neutral_hadron<-photon,0.01786749315587428,5.4337560676641225e-06,-3.042159122512138e-05,1.3021107787807145e-05,-2.4455209914626224e-05,3.58553472927855e-05,-7.587351720143023e-06,5.4337560676641225e-06,2.3361429714056875e-05
signed_hqql_tbl,mod.blocks.6.attn.h0,charged_hadron<-photon,0.01674247307238262,-7.096172958916464e-06,2.537654774272921e-05,-3.1252114868281463e-06,1.9166662002170322e-05,-3.247272070164567e-05,-3.970961472088317e-06,7.096172958916464e-06,2.33325333097393e-05
signed_hqql_tbl,mod.blocks.1.attn.h7,charged_hadron<-photon,0.014819489561719513,-1.1498672016795924e-05,1.2125676052358783e-05,-1.6105951010664975e-05,2.362838237041692e-05,-2.3624348069154705e-05,4.607278993869052e-06,1.1498672016795924e-05,2.3310846051373276e-05
signed_hqql_tbl,mod.blocks.2.attn.h2,neutral_hadron<-neutral_hadron,0.009953209166831537,1.2587836438237278e-05,3.403334952004349e-05,1.4254702188803962e-05,2.465484205399504e-06,-2.144551308180621e-05,-1.6668657505666842e-06,1.2587836438237278e-05,2.3310592979140385e-05
signed_hqql_tbl,mod.blocks.0.attn.h7,neutral_hadron<-neutral_hadron,0.017987446238597233,-8.993432931721402e-06,1.961697202106275e-05,-6.816545462047148e-06,8.911977844766118e-06,-2.8610404952784154e-05,-2.176887469674254e-06,8.993432931721402e-06,2.329863540811348e-05
signed_hqql_tbl,mod.blocks.1.attn.h3,neutral_hadron<-charged_hadron,0.023047040923624633,2.1035878303016445e-05,1.667084699121161e-05,2.236643053328113e-05,-1.5095480494664438e-05,4.365031311804833e-06,-1.330552230264686e-06,2.1035878303016445e-05,2.321839395891886e-05
signed_hqql_tbl,mod.blocks.5.attn.h5,photon<-photon,0.015460163854229934,7.436280238199496e-06,-2.4113719938679765e-05,-4.921517116951075e-06,-4.281705603195221e-06,3.155000017687926e-05,1.2357797355150571e-05,7.436280238199496e-06,2.3211280326639124e-05
signed_hqql_tbl,mod.blocks.1.attn.h1,neutral_hadron<-neutral_hadron,0.01461879581045837,1.4906323769554757e-05,-1.6188633194162876e-06,2.7881446076909656e-05,-2.0360041850489455e-05,1.6525187088971043e-05,-1.29751223073549e-05,1.4906323769554757e-05,2.3168917314040278e-05
B_tbl_minus_hqql,mod.blocks.2.attn.h2,charged_hadron<-neutral_hadron,0.009249424173607386,1.5400657024664965e-05,0.0,0.0,0.0,1.5400657024664965e-05,1.5400657024664965e-05,1.5400657024664965e-05,2.310098553699745e-05
B_tbl_minus_hqql,mod.blocks.1.attn.h7,neutral_hadron<-muon,0.031847012042999265,-1.5399052063003183e-05,0.0,0.0,0.0,-1.5399052063003183e-05,-1.5399052063003183e-05,1.5399052063003183e-05,2.3098578094504776e-05
B_tbl_minus_hqql,mod.cls_blocks.1.attn.h6,CLS<-muon,0.008208392187952995,1.5383848221972585e-05,0.0,0.0,0.0,1.5383848221972585e-05,1.5383848221972585e-05,1.5383848221972585e-05,2.3075772332958877e-05
B_tbl_minus_hqql,mod.cls_blocks.1.attn.h6,charged_hadron<-muon,0.008208392187952995,1.5383848221972585e-05,0.0,0.0,0.0,1.5383848221972585e-05,1.5383848221972585e-05,1.5383848221972585e-05,2.3075772332958877e-05
signed_hqql_tbl,mod.blocks.2.attn.h5,photon<-neutral_hadron,0.009688761406696635,3.987108980517078e-06,-3.418420897384863e-05,-1.2035434049912634e-05,-1.0799087006955947e-05,3.817131795436571e-05,1.602254303042971e-05,3.987108980517078e-06,2.3072767957699933e-05
B_tbl_minus_hqql,mod.blocks.4.attn.h3,neutral_hadron<-electron,0.033709897444798395,1.5362526587873268e-05,0.0,0.0,0.0,1.5362526587873268e-05,1.5362526587873268e-05,1.5362526587873268e-05,2.3043789881809902e-05
signed_hqql_tbl,mod.blocks.4.attn.h0,photon<-charged_hadron,0.022872879648858944,-1.0328884454441182e-05,1.4915610281222554e-05,-3.4920740674682394e-06,-2.8622268381015517e-06,-2.5244494735663736e-05,-6.836810386972942e-06,1.0328884454441182e-05,2.2951131822273052e-05
B_tbl_minus_hqql,mod.blocks.4.attn.h7,charged_hadron<-photon,0.01361934093982178,-1.5300689993175855e-05,0.0,0.0,0.0,-1.5300689993175855e-05,-1.5300689993175855e-05,1.5300689993175855e-05,2.2951034989763783e-05
signed_hqql_tbl,mod.blocks.7.attn.h7,neutral_hadron<-charged_hadron,0.021478871739653047,1.4108810491882202e-05,3.176517466026535e-05,4.1774540920557375e-06,2.615831965172678e-05,-1.7656364168383147e-05,9.931356399826464e-06,1.4108810491882202e-05,2.2936992576073774e-05
B_tbl_minus_hqql,mod.blocks.2.attn.h6,muon<-neutral_hadron,0.00255459900945425,-1.5207674005068839e-05,0.0,0.0,0.0,-1.5207674005068839e-05,-1.5207674005068839e-05,1.5207674005068839e-05,2.281151100760326e-05
B_tbl_minus_hqql,mod.blocks.5.attn.h0,photon<-charged_hadron,0.022187901025714194,-1.5176763495117314e-05,0.0,0.0,0.0,-1.5176763495117314e-05,-1.5176763495117314e-05,1.5176763495117314e-05,2.2765145242675972e-05
signed_hqql_tbl,mod.blocks.4.attn.h5,neutral_hadron<-charged_hadron,0.0195063907217869,7.599823122218105e-06,3.789734446809644e-05,-1.9467030173434373e-07,8.467767954363611e-06,-3.0297521345878338e-05,7.794493423952449e-06,7.599823122218105e-06,2.2748583795157276e-05
signed_hqql_tbl,mod.blocks.7.attn.h2,photon<-neutral_hadron,0.024375569646510924,6.693441309806952e-06,-2.5377125315241177e-05,1.8093042741795174e-06,-1.9389898065970534e-05,3.207056662504813e-05,4.884137035627435e-06,6.693441309806952e-06,2.2728724622331014e-05
B_tbl_minus_hqql,mod.blocks.0.attn.h1,neutral_hadron<-charged_hadron,0.021508653386008537,1.5115291532979845e-05,0.0,0.0,0.0,1.5115291532979845e-05,1.5115291532979845e-05,1.5115291532979845e-05,2.2672937299469768e-05
signed_hqql_tbl,mod.blocks.5.attn.h1,charged_hadron<-electron,0.04445118417865351,-2.021687224011035e-05,-2.480582178880771e-05,4.4247877834921424e-05,-7.132786606689479e-05,4.588949548697359e-06,-6.446475007503177e-05,2.021687224011035e-05,2.251134701445903e-05
B_tbl_minus_hqql,mod.blocks.0.attn.h5,photon<-photon,0.017854634387122943,-1.4992670398919876e-05,0.0,0.0,0.0,-1.4992670398919876e-05,-1.4992670398919876e-05,1.4992670398919876e-05,2.2489005598379813e-05
signed_hqql_tbl,mod.blocks.1.attn.h3,electron<-neutral_hadron,0.017383542771522816,-1.4356919564306736e-05,-3.0580431484850124e-05,2.954206574941054e-06,-2.2065376318399405e-06,1.6223511920543388e-05,-1.731112613924779e-05,1.4356919564306736e-05,2.246867552457843e-05
signed_hqql_tbl,mod.blocks.2.attn.h1,charged_hadron<-photon,0.016288556299490706,8.288126404438573e-06,-2.007021201900406e-05,-3.3557016892413883e-06,-3.706434112385608e-06,2.8358338423442632e-05,1.1643828093679962e-05,8.288126404438573e-06,2.2467295616159888e-05
signed_hqql_tbl,mod.blocks.0.attn.h5,neutral_hadron<-electron,0.0006202079912327463,-1.526686904622483e-06,-4.320634997156958e-05,2.0271864207188626e-06,-3.6068412373424505e-05,4.16796630669471e-05,-3.5538733253413455e-06,1.526686904622483e-06,2.236651843809603e-05
B_tbl_minus_hqql,mod.blocks.1.attn.h1,neutral_hadron<-neutral_hadron,0.014618795987170858,1.490631124068223e-05,0.0,0.0,0.0,1.490631124068223e-05,1.490631124068223e-05,1.490631124068223e-05,2.2359466861023345e-05
B_tbl_minus_hqql,mod.blocks.4.attn.h0,electron<-charged_hadron,0.020728055191667455,1.4904998304126294e-05,0.0,0.0,0.0,1.4904998304126294e-05,1.4904998304126294e-05,1.4904998304126294e-05,2.235749745618944e-05
B_tbl_minus_hqql,mod.blocks.3.attn.h1,charged_hadron<-charged_hadron,0.022373672358545343,-1.4903223310561563e-05,0.0,0.0,0.0,-1.4903223310561563e-05,-1.4903223310561563e-05,1.4903223310561563e-05,2.2354834965842347e-05
signed_hqql_tbl,mod.blocks.3.attn.h0,photon<-photon,0.015587497929330054,-3.2004930330510915e-06,3.5106259776028575e-05,-1.1398567987097029e-05,1.0978094878099931e-05,-3.8306752809079663e-05,8.198074954045937e-06,3.2004930330510915e-06,2.2353869437590924e-05
B_tbl_minus_hqql,mod.blocks.4.attn.h2,neutral_hadron<-charged_hadron,0.023873547580029873,-1.4885681674534593e-05,0.0,0.0,0.0,-1.4885681674534593e-05,-1.4885681674534593e-05,1.4885681674534593e-05,2.232852251180189e-05
B_tbl_minus_hqql,mod.blocks.0.attn.h4,neutral_hadron<-neutral_hadron,0.008531285421206401,1.4788627450821551e-05,0.0,0.0,0.0,1.4788627450821551e-05,1.4788627450821551e-05,1.4788627450821551e-05,2.2182941176232326e-05
signed_hqql_tbl,mod.blocks.6.attn.h7,photon<-neutral_hadron,0.017444644523362505,-2.9745054165368772e-06,3.542668508701553e-05,-6.1995278125129235e-06,4.010149993003668e-06,-3.840119050355241e-05,3.2250223959760463e-06,2.9745054165368772e-06,2.2175100668313082e-05
signed_hqql_tbl,mod.blocks.4.attn.h0,charged_hadron<-photon,0.014382464897249744,1.6965570024165927e-06,4.264173219498522e-05,5.529343334122579e-06,1.1539096648621307e-05,-4.0945175192568625e-05,-3.832786331705986e-06,1.6965570024165927e-06,2.2169144598700906e-05
signed_hqql_tbl,mod.blocks.1.attn.h5,muon<-photon,0.019476702267473393,-6.763202360492539e-06,2.3954017356467935e-05,-0.00016181816213897297,4.786853592772137e-05,-3.071721971696047e-05,0.00015505495977848044,6.763202360492539e-06,2.2121812218972774e-05
B_tbl_minus_hqql,mod.blocks.2.attn.h0,charged_hadron<-photon,0.016289134724151704,1.4718844684589042e-05,0.0,0.0,0.0,1.4718844684589042e-05,1.4718844684589042e-05,1.4718844684589042e-05,2.2078267026883563e-05
signed_hqql_tbl,mod.blocks.5.attn.h3,photon<-neutral_hadron,0.014376787611004138,-1.16351014397893e-06,-4.277229556857885e-05,5.381130704662636e-06,-1.7893359317785208e-05,4.160878542459992e-05,-6.5446408486415656e-06,1.16351014397893e-06,2.196790285627889e-05
signed_hqql_tbl,mod.blocks.0.attn.h7,charged_hadron<-photon,0.013817024477452262,-7.800508268096383e-06,2.036842182655426e-05,-2.4121621720965875e-06,1.2277691457662706e-05,-2.8168930094650642e-05,-5.388346095999795e-06,7.800508268096383e-06,2.1884973315421704e-05
B_tbl_minus_hqql,mod.blocks.1.attn.h6,charged_hadron<-charged_hadron,0.02178633108148362,-1.4567945321220396e-05,0.0,0.0,0.0,-1.4567945321220396e-05,-1.4567945321220396e-05,1.4567945321220396e-05,2.1851917981830594e-05
signed_hqql_tbl,mod.blocks.7.attn.h1,charged_hadron<-photon,0.013344004560135767,-1.6177811894854272e-05,-4.846965635677768e-06,-2.0518329260485402e-05,5.28170123009489e-07,-1.1330846259176504e-05,4.34051736563113e-06,1.6177811894854272e-05,2.1843235024442525e-05
B_tbl_minus_hqql,mod.blocks.4.attn.h2,electron<-electron,0.0006767639394335371,1.455061345723152e-05,0.0,0.0,0.0,1.455061345723152e-05,1.455061345723152e-05,1.455061345723152e-05,2.182592018584728e-05
signed_hqql_tbl,mod.blocks.6.attn.h1,charged_hadron<-charged_hadron,0.02646963666909621,5.423678291736232e-06,3.814876169551732e-05,4.183548707300588e-06,8.341853966280841e-07,-3.272508340378109e-05,1.2401295844356442e-06,5.423678291736232e-06,2.1786219993626778e-05
signed_hqql_tbl,mod.blocks.4.attn.h3,photon<-charged_hadron,0.01991603409095425,-8.132102158610179e-06,1.91297257737531e-05,-3.972028696240588e-06,8.297753278886847e-06,-2.726182793236328e-05,-4.160073462369591e-06,8.132102158610179e-06,2.1763016124791818e-05
signed_hqql_tbl,mod.blocks.5.attn.h3,charged_hadron<-photon,0.015559334902840987,-7.937412897833314e-06,1.9697028125859627e-05,-1.2644055357834024e-05,8.646864852766859e-06,-2.763444102369294e-05,4.70664246000071e-06,7.937412897833314e-06,2.1754633409679784e-05
signed_hqql_tbl,mod.blocks.5.attn.h7,charged_hadron<-charged_hadron,0.02670465851982862,-2.223457278553491e-06,3.683254793235432e-05,-2.2099730305921307e-05,2.4889477450342823e-05,-3.905600521090781e-05,1.9876273027367815e-05,2.223457278553491e-06,2.1751459884007397e-05
B_tbl_minus_hqql,mod.blocks.2.attn.h1,photon<-electron,0.028384707868099213,1.4476675035742422e-05,0.0,0.0,0.0,1.4476675035742422e-05,1.4476675035742422e-05,1.4476675035742422e-05,2.1715012553613634e-05
signed_hqql_tbl,mod.blocks.5.attn.h0,photon<-photon,0.014614584769388279,-1.1911115269515346e-05,7.538878381480935e-06,-4.918183690794066e-06,1.857420136224885e-05,-1.944999365099628e-05,-6.99293157872128e-06,1.1911115269515346e-05,2.163611209501349e-05
B_tbl_minus_hqql,mod.blocks.1.attn.h6,electron<-charged_hadron,0.029222362135585985,-1.4382031574649246e-05,0.0,0.0,0.0,-1.4382031574649246e-05,-1.4382031574649246e-05,1.4382031574649246e-05,2.157304736197387e-05
B_tbl_minus_hqql,mod.blocks.1.attn.h3,electron<-neutral_hadron,0.017383544204326775,-1.4356954265027665e-05,0.0,0.0,0.0,-1.4356954265027665e-05,-1.4356954265027665e-05,1.4356954265027665e-05,2.15354313975415e-05
signed_hqql_tbl,mod.blocks.6.attn.h5,neutral_hadron<-photon,0.01923882158404918,1.0654057687466987e-06,-3.974718145118839e-05,-7.514180556844936e-06,-1.8733284521176498e-05,4.081258721993509e-05,8.579586325591635e-06,1.0654057687466987e-06,2.1471699378714242e-05
signed_hqql_tbl,mod.blocks.3.attn.h3,electron<-neutral_hadron,0.010618314576836733,-1.1945851908351939e-05,-3.098123204381409e-05,-5.968475015833974e-06,1.2857275457160237e-05,1.903538013546215e-05,-5.977376892517965e-06,1.1945851908351939e-05,2.1463541976083012e-05
B_tbl_minus_hqql,mod.blocks.2.attn.h7,photon<-muon,0.019747963005846195,1.4297033141536469e-05,0.0,0.0,0.0,1.4297033141536469e-05,1.4297033141536469e-05,1.4297033141536469e-05,2.1445549712304704e-05
B_tbl_minus_hqql,mod.blocks.5.attn.h6,electron<-charged_hadron,0.03239065251852337,-1.4294735401084549e-05,0.0,0.0,0.0,-1.4294735401084549e-05,-1.4294735401084549e-05,1.4294735401084549e-05,2.1442103101626824e-05
B_tbl_minus_hqql,mod.blocks.5.attn.h3,muon<-charged_hadron,0.019120424082784943,-1.4268010008064183e-05,0.0,0.0,0.0,-1.4268010008064183e-05,-1.4268010008064183e-05,1.4268010008064183e-05,2.1402015012096275e-05
signed_hqql_tbl,mod.blocks.4.attn.h3,neutral_hadron<-muon,0.010467739403247833,-3.1505041988566518e-06,3.3267860089836176e-05,0.00011363357043592259,8.3382909234269e-07,-3.641836428869283e-05,-0.00011678407463477924,3.1505041988566518e-06,2.1359686343203066e-05
B_tbl_minus_hqql,mod.blocks.5.attn.h2,charged_hadron<-photon,0.01556712548951981,1.4203472275084504e-05,0.0,0.0,0.0,1.4203472275084504e-05,1.4203472275084504e-05,1.4203472275084504e-05,2.1305208412626756e-05
signed_hqql_tbl,mod.blocks.7.attn.h2,neutral_hadron<-neutral_hadron,0.011622777410680567,8.190130096480878e-06,-1.8036575186196437e-05,5.846739909767565e-06,-9.856167801121478e-06,2.6226705282677315e-05,2.3433901867133128e-06,8.190130096480878e-06,2.1303482737819535e-05
B_tbl_minus_hqql,mod.blocks.1.attn.h4,neutral_hadron<-neutral_hadron,0.00884562502018152,1.4195777834967697e-05,0.0,0.0,0.0,1.4195777834967697e-05,1.4195777834967697e-05,1.4195777834967697e-05,2.1293666752451547e-05
B_tbl_minus_hqql,mod.blocks.6.attn.h7,electron<-neutral_hadron,0.02292793530684251,1.418285403185739e-05,0.0,0.0,0.0,1.418285403185739e-05,1.418285403185739e-05,1.418285403185739e-05,2.1274281047786084e-05
B_tbl_minus_hqql,mod.blocks.2.attn.h4,photon<-neutral_hadron,0.025601970453872067,1.4173643205235096e-05,0.0,0.0,0.0,1.4173643205235096e-05,1.4173643205235096e-05,1.4173643205235096e-05,2.1260464807852644e-05
signed_hqql_tbl,mod.blocks.0.attn.h3,charged_hadron<-charged_hadron,0.02072433098381164,-1.602666808467591e-05,-5.613843423105736e-06,-5.564798243648337e-06,1.792070500151329e-05,-1.0412824661570176e-05,-1.0461869841027574e-05,1.602666808467591e-05,2.1233080415460998e-05
signed_hqql_tbl,mod.blocks.3.attn.h2,neutral_hadron<-charged_hadron,0.01379849443838146,-8.045597569697033e-06,1.829478030747457e-05,1.1776242625944618e-05,9.045174171427957e-06,-2.6340377877171606e-05,-1.982184019564165e-05,8.045597569697033e-06,2.1215786508282838e-05
B_tbl_minus_hqql,mod.blocks.1.attn.h0,neutral_hadron<-electron,0.017100907289064847,-1.4141247902443865e-05,0.0,0.0,0.0,-1.4141247902443865e-05,-1.4141247902443865e-05,1.4141247902443865e-05,2.1211871853665798e-05
B_tbl_minus_hqql,mod.blocks.7.attn.h7,neutral_hadron<-charged_hadron,0.021478871616946626,1.410880833867807e-05,0.0,0.0,0.0,1.410880833867807e-05,1.410880833867807e-05,1.410880833867807e-05,2.1163212508017104e-05
B_tbl_minus_hqql,mod.blocks.0.attn.h5,photon<-muon,0.010984052311290394,-1.4069314188831909e-05,0.0,0.0,0.0,-1.4069314188831909e-05,-1.4069314188831909e-05,1.4069314188831909e-05,2.1103971283247862e-05
B_tbl_minus_hqql,mod.blocks.6.attn.h1,neutral_hadron<-neutral_hadron,0.010309727349055883,1.4018101960106996e-05,0.0,0.0,0.0,1.4018101960106996e-05,1.4018101960106996e-05,1.4018101960106996e-05,2.1027152940160492e-05
B_tbl_minus_hqql,mod.blocks.0.attn.h5,neutral_hadron<-neutral_hadron,0.0114263572910717,-1.400881441854952e-05,0.0,0.0,0.0,-1.400881441854952e-05,-1.400881441854952e-05,1.400881441854952e-05,2.101322162782428e-05
B_tbl_minus_hqql,mod.blocks.5.attn.h4,electron<-neutral_hadron,0.00602747517852829,-1.3975426344796479e-05,0.0,0.0,0.0,-1.3975426344796479e-05,-1.3975426344796479e-05,1.3975426344796479e-05,2.096313951719472e-05
signed_hqql_tbl,mod.blocks.5.attn.h0,muon<-neutral_hadron,0.019838370382785797,-1.681338471826166e-05,-9.013039090177699e-06,-3.69011759175919e-05,1.3077910768080745e-05,-7.80034562808396e-06,2.008779119933024e-05,1.681338471826166e-05,2.071355753230364e-05
signed_hqql_tbl,mod.blocks.6.attn.h5,charged_hadron<-photon,0.017780098315120216,7.424565956251162e-06,-1.9109304382056513e-05,7.036670624374682e-06,-9.269785437519759e-06,2.6533870338307674e-05,3.878953318764803e-07,7.424565956251162e-06,2.0691501125405e-05
signed_hqql_tbl,mod.blocks.4.attn.h2,electron<-electron,0.0006767634355734723,1.4550595338391759e-05,2.4849777560120856e-06,0.0011663881518918136,1.0564236005579501e-06,1.2065617582379673e-05,-0.0011518375565534218,1.4550595338391759e-05,2.0583404129581595e-05
signed_hqql_tbl,mod.blocks.1.attn.h7,neutral_hadron<-charged_hadron,0.02167115779617553,5.7317768457852305e-06,3.542375403691318e-05,-8.43699501842969e-06,1.938659020185769e-05,-2.969197719112795e-05,1.4168771864214922e-05,5.7317768457852305e-06,2.0577765441349206e-05
B_tbl_minus_hqql,mod.blocks.6.attn.h7,charged_hadron<-charged_hadron,0.02294398074615861,1.371786305115505e-05,0.0,0.0,0.0,1.371786305115505e-05,1.371786305115505e-05,1.371786305115505e-05,2.0576794576732577e-05
signed_hqql_tbl,mod.blocks.0.attn.h1,electron<-electron,0.003368513881772136,1.2300305532638353e-05,-4.2401812230252744e-06,-4.7076673996097423e-07,-5.883726174199017e-05,1.654048675566363e-05,1.2771072272599326e-05,1.2300305532638353e-05,2.0570548910470166e-05
signed_hqql_tbl,mod.blocks.0.attn.h6,neutral_hadron<-photon,0.0104391855724771,2.8864473401043335e-06,3.816966020046786e-05,-2.3790722818103044e-05,-4.460414386483494e-05,-3.5283212860363525e-05,2.6677170158207378e-05,2.8864473401043335e-06,2.0528053770286096e-05
B_tbl_minus_hqql,mod.blocks.1.attn.h4,charged_hadron<-electron,0.04400321527531272,-1.3685304254881645e-05,0.0,0.0,0.0,-1.3685304254881645e-05,-1.3685304254881645e-05,1.3685304254881645e-05,2.0527956382322466e-05
signed_hqql_tbl,mod.blocks.6.attn.h4,neutral_hadron<-charged_hadron,0.022392292735629392,-2.6889126845508455e-06,3.2861788153044276e-05,-5.396550125204242e-06,1.4828308996833496e-05,-3.555070083759512e-05,2.7076374406533966e-06,2.6889126845508455e-06,2.0464263103348406e-05
B_tbl_minus_hqql,mod.blocks.7.attn.h2,neutral_hadron<-electron,0.005504538462376401,1.3607412912965454e-05,0.0,0.0,0.0,1.3607412912965454e-05,1.3607412912965454e-05,1.3607412912965454e-05,2.0411119369448182e-05
B_tbl_minus_hqql,mod.blocks.5.attn.h6,photon<-photon,0.010058175471427646,1.359655395901762e-05,0.0,0.0,0.0,1.359655395901762e-05,1.359655395901762e-05,1.359655395901762e-05,2.039483093852643e-05
signed_hqql_tbl,mod.blocks.2.attn.h4,photon<-photon,0.017225564080993874,-1.6542259735282173e-05,-8.839083692460315e-06,-1.22451464186921e-05,7.913387921814805e-06,-7.703176042821858e-06,-4.297113316590072e-06,1.6542259735282173e-05,2.0393847756693102e-05
signed_hqql_tbl,mod.blocks.5.attn.h0,photon<-neutral_hadron,0.01483041286690497,-6.824023457433945e-06,2.0212980405372025e-05,-1.172137091216831e-05,1.6386294330082945e-05,-2.7037003862805968e-05,4.897347454734364e-06,6.824023457433945e-06,2.034252538883693e-05
B_tbl_minus_hqql,mod.blocks.1.attn.h5,electron<-neutral_hadron,0.004801236225130896,1.355818431665494e-05,0.0,0.0,0.0,1.355818431665494e-05,1.355818431665494e-05,1.355818431665494e-05,2.0337276474982413e-05
B_tbl_minus_hqql,mod.blocks.3.attn.h2,photon<-photon,0.01284627087642674,1.3552095031415918e-05,0.0,0.0,0.0,1.3552095031415918e-05,1.3552095031415918e-05,1.3552095031415918e-05,2.0328142547123877e-05
B_tbl_minus_hqql,mod.blocks.1.attn.h6,muon<-neutral_hadron,0.006024932861328125,1.3522294466383755e-05,0.0,0.0,0.0,1.3522294466383755e-05,1.3522294466383755e-05,1.3522294466383755e-05,2.0283441699575633e-05
signed_hqql_tbl,mod.blocks.0.attn.h2,charged_hadron<-neutral_hadron,0.01741406991809407,-7.091077441005472e-07,-3.983875959985764e-05,3.1764326848431895e-05,-4.9057176236775575e-05,3.912965185575709e-05,-3.2473434592532445e-05,7.091077441005472e-07,2.027393367197909e-05
B_tbl_minus_hqql,mod.blocks.6.attn.h5,photon<-charged_hadron,0.022216518440280147,1.3501002760874447e-05,0.0,0.0,0.0,1.3501002760874447e-05,1.3501002760874447e-05,1.3501002760874447e-05,2.025150414131167e-05
signed_hqql_tbl,mod.blocks.0.attn.h1,neutral_hadron<-charged_hadron,0.021508653201948905,1.5115290342164343e-05,4.953256103436689e-06,2.4070537108425207e-07,-6.697651018985386e-06,1.0162034238727654e-05,1.487458497108009e-05,1.5115290342164343e-05,2.019630746152817e-05
B_tbl_minus_hqql,mod.blocks.7.attn.h6,charged_hadron<-muon,0.008994635307427609,1.343165235029477e-05,0.0,0.0,0.0,1.343165235029477e-05,1.343165235029477e-05,1.343165235029477e-05,2.0147478525442157e-05
signed_hqql_tbl,mod.blocks.1.attn.h0,neutral_hadron<-muon,0.011560352891683579,9.147259697783739e-06,-1.2831857929995749e-05,-0.00020489342568907887,-7.632163507641172e-06,2.1979117627779486e-05,0.0002140406853868626,9.147259697783739e-06,2.0136818511673483e-05
signed_hqql_tbl,mod.blocks.6.attn.h2,charged_hadron<-electron,0.02170453328443201,-1.179879204995048e-05,4.815154728324463e-06,-5.712087370519494e-06,-1.709556136120227e-05,-1.6613946778274942e-05,-6.086704679430985e-06,1.179879204995048e-05,2.0105765439087952e-05
B_tbl_minus_hqql,mod.cls_blocks.0.attn.h7,charged_hadron<-photon,0.016167935291561512,1.3403639217642127e-05,0.0,0.0,0.0,1.3403639217642127e-05,1.3403639217642127e-05,1.3403639217642127e-05,2.010545882646319e-05
B_tbl_minus_hqql,mod.blocks.0.attn.h5,charged_hadron<-muon,0.01228491465250651,-1.339302098406761e-05,0.0,0.0,0.0,-1.339302098406761e-05,-1.339302098406761e-05,1.339302098406761e-05,2.0089531476101413e-05
B_tbl_minus_hqql,mod.blocks.3.attn.h0,photon<-electron,0.05309102137883504,-1.338187139481306e-05,0.0,0.0,0.0,-1.338187139481306e-05,-1.338187139481306e-05,1.338187139481306e-05,2.007280709221959e-05
signed_hqql_tbl,mod.blocks.1.attn.h4,photon<-photon,0.014877191323181736,1.2890697411584347e-06,-3.6262458361806544e-05,-4.5451433819648786e-06,-1.576827847693833e-05,3.755152810296498e-05,5.834213123123313e-06,1.2890697411584347e-06,2.0064833792640925e-05
B_tbl_minus_hqql,mod.blocks.6.attn.h6,muon<-charged_hadron,0.012851486603418985,-1.336840708090952e-05,0.0,0.0,0.0,-1.336840708090952e-05,-1.336840708090952e-05,1.336840708090952e-05,2.005261062136428e-05
signed_hqql_tbl,mod.blocks.1.attn.h4,electron<-electron,0.003948545626675089,1.6111463499631402e-05,8.273108619505365e-06,0.0011341581606150915,-0.0001862115995291705,7.838354880126037e-06,-0.0011180466971154601,1.6111463499631402e-05,2.0030640939694422e-05
B_tbl_minus_hqql,mod.blocks.6.attn.h2,neutral_hadron<-muon,0.04184994101524353,1.333753898506984e-05,0.0,0.0,0.0,1.333753898506984e-05,1.333753898506984e-05,1.333753898506984e-05,2.000630847760476e-05
B_tbl_minus_hqql,mod.blocks.4.attn.h1,muon<-photon,0.004471993243152445,-1.3312346047975801e-05,0.0,0.0,0.0,-1.3312346047975801e-05,-1.3312346047975801e-05,1.3312346047975801e-05,1.99685190719637e-05
B_tbl_minus_hqql,mod.cls_blocks.1.attn.h0,charged_hadron<-photon,0.015162181604756127,1.329382959755411e-05,0.0,0.0,0.0,1.329382959755411e-05,1.329382959755411e-05,1.329382959755411e-05,1.9940744396331165e-05
signed_hqql_tbl,mod.blocks.6.attn.h6,charged_hadron<-charged_hadron,0.02885499016230567,4.179540359536051e-06,-2.733113513721457e-05,6.908911611986728e-06,7.835378908589473e-07,3.151067549675062e-05,-2.7293712524506774e-06,4.179540359536051e-06,1.9934878107911358e-05
signed_hqql_tbl,mod.blocks.1.attn.h7,neutral_hadron<-photon,0.014701533084475128,-1.081937163570187e-05,7.333234381571376e-06,-2.0940221349217997e-05,2.6037448999618618e-05,-1.8152606017273248e-05,1.0120849713516127e-05,1.081937163570187e-05,1.9895674644338494e-05
B_tbl_minus_hqql,mod.blocks.0.attn.h4,photon<-muon,0.007761177014220844,1.3256244446066292e-05,0.0,0.0,0.0,1.3256244446066292e-05,1.3256244446066292e-05,1.3256244446066292e-05,1.988436666909944e-05
signed_hqql_tbl,mod.blocks.3.attn.h1,neutral_hadron<-neutral_hadron,0.008980764251632186,2.1371287006425124e-06,-3.3329097254534354e-05,5.62359411430328e-06,-4.76028748928776e-08,3.546622595517687e-05,-3.4864654136607672e-06,2.1371287006425124e-06,1.9870241678230947e-05
signed_hqql_tbl,mod.blocks.1.attn.h5,charged_hadron<-charged_hadron,0.019482783450729402,5.571489628699396e-06,-2.3018661109442698e-05,1.988878960692967e-05,-1.8210665558358304e-05,2.8590150738142094e-05,-1.4317299978230273e-05,5.571489628699396e-06,1.986656499777044e-05
signed_hqql_tbl,mod.blocks.6.attn.h6,neutral_hadron<-neutral_hadron,0.013738195057950903,1.0286588586951348e-05,-8.825475732713837e-06,3.1790718288160206e-06,-7.154961057793028e-06,1.9112064319665184e-05,7.107516758135328e-06,1.0286588586951348e-05,1.9842620746783942e-05
B_tbl_minus_hqql,mod.blocks.5.attn.h6,muon<-charged_hadron,0.004672574274467699,1.3190265180486621e-05,0.0,0.0,0.0,1.3190265180486621e-05,1.3190265180486621e-05,1.3190265180486621e-05,1.9785397770729933e-05
signed_hqql_tbl,mod.blocks.7.attn.h1,electron<-neutral_hadron,0.024863322265446186,6.866477913438128e-06,3.265680288677686e-05,-5.214550474192947e-05,-5.5281732784351334e-05,-2.579032497333873e-05,5.901198265536759e-05,6.866477913438128e-06,1.9761640400107492e-05
signed_hqql_tbl,mod.blocks.0.attn.h5,photon<-photon,0.017854634209574047,-1.4992675846180186e-05,-5.460878335918963e-06,-2.915362055037485e-06,2.2488234778692634e-05,-9.531797510261224e-06,-1.20773137911427e-05,1.4992675846180186e-05,1.9758574601310796e-05
signed_hqql_tbl,mod.blocks.2.attn.h4,neutral_hadron<-photon,0.012923115403070574,-9.756564370661883e-06,-2.9749956516278976e-05,-1.2917711219002681e-05,5.077680276423532e-06,1.9993392145617095e-05,3.1611468483407984e-06,9.756564370661883e-06,1.9753260443470432e-05
B_tbl_minus_hqql,mod.blocks.3.attn.h3,neutral_hadron<-neutral_hadron,0.01930996141850184,1.3160139105121533e-05,0.0,0.0,0.0,1.3160139105121533e-05,1.3160139105121533e-05,1.3160139105121533e-05,1.97402086576823e-05
B_tbl_minus_hqql,mod.blocks.0.attn.h6,charged_hadron<-charged_hadron,0.0168670482735519,1.3155239337791858e-05,0.0,0.0,0.0,1.3155239337791858e-05,1.3155239337791858e-05,1.3155239337791858e-05,1.9732859006687786e-05
signed_hqql_tbl,mod.blocks.5.attn.h7,charged_hadron<-photon,0.008368275577781801,-8.558040456155956e-06,1.3720363404305337e-05,-9.899779711890962e-06,1.0946951923082335e-05,-2.2278403860461294e-05,1.341739255735006e-06,8.558040456155956e-06,1.96972423863866e-05
B_tbl_minus_hqql,mod.blocks.6.attn.h5,charged_hadron<-charged_hadron,0.020156775588046686,1.3113535843218748e-05,0.0,0.0,0.0,1.3113535843218748e-05,1.3113535843218748e-05,1.3113535843218748e-05,1.967030376482812e-05
signed_hqql_tbl,mod.blocks.5.attn.h4,charged_hadron<-photon,0.014904229823472056,-6.854902069986578e-06,1.874436915123085e-05,-3.418934644379314e-06,2.102742710178747e-06,-2.5599271221217428e-05,-3.4359674256072643e-06,6.854902069986578e-06,1.965453768059529e-05
signed_hqql_tbl,mod.blocks.5.attn.h4,charged_hadron<-neutral_hadron,0.010770423122122308,1.2308117485465219e-05,-2.34214340699501e-06,1.249203926750447e-05,-1.0497846759618705e-05,1.4650260892460229e-05,-1.8392178203925116e-07,1.2308117485465219e-05,1.9633247931695333e-05
signed_hqql_tbl,mod.blocks.1.attn.h3,photon<-muon,0.002795281396670775,-5.337466559880837e-06,-3.3904014764210355e-05,9.847928075552254e-07,-1.1006847151812898e-05,2.8566548204329517e-05,-6.322259367436062e-06,5.337466559880837e-06,1.9620740662045596e-05
signed_hqql_tbl,mod.blocks.0.attn.h2,photon<-charged_hadron,0.019489091868134148,4.556543404565042e-06,-2.5513576416039453e-05,2.045469384156828e-06,-1.0750464645314427e-06,3.0070119820604497e-05,2.5110740204082137e-06,4.556543404565042e-06,1.9591603314867292e-05
signed_hqql_tbl,mod.blocks.2.attn.h2,charged_hadron<-neutral_hadron,0.009249423759473211,1.5400657841010183e-05,7.068457872830206e-06,5.8930698003941025e-06,-5.7225274186802774e-05,8.332199968179977e-06,9.507588040616081e-06,1.5400657841010183e-05,1.956675782510017e-05
B_tbl_minus_hqql,mod.blocks.3.attn.h4,charged_hadron<-charged_hadron,0.020892344774770564,-1.3043531929803746e-05,0.0,0.0,0.0,-1.3043531929803746e-05,-1.3043531929803746e-05,1.3043531929803746e-05,1.956529789470562e-05
B_tbl_minus_hqql,mod.blocks.1.attn.h5,neutral_hadron<-muon,0.001507590152323246,1.3029736874159425e-05,0.0,0.0,0.0,1.3029736874159425e-05,1.3029736874159425e-05,1.3029736874159425e-05,1.9544605311239136e-05
signed_hqql_tbl,mod.blocks.1.attn.h6,photon<-photon,0.016081388999528944,-8.973133424811359e-06,1.2168603815503415e-05,-4.583207428653963e-06,2.2875875963465026e-05,-2.1141737240314776e-05,-4.3899259961573965e-06,8.973133424811359e-06,1.954400204496875e-05
signed_hqql_tbl,mod.blocks.4.attn.h1,photon<-neutral_hadron,0.01832548718064709,-9.272029685137781e-06,1.1248881608266063e-05,8.166259307848976e-07,1.7180537647808356e-05,-2.0520911293403843e-05,-1.0088655615922678e-05,9.272029685137781e-06,1.95324853318397e-05
B_tbl_minus_hqql,mod.blocks.0.attn.h7,charged_hadron<-muon,0.01666279633839925,1.2966381759862557e-05,0.0,0.0,0.0,1.2966381759862557e-05,1.2966381759862557e-05,1.2966381759862557e-05,1.9449572639793836e-05
B_tbl_minus_hqql,mod.blocks.2.attn.h7,neutral_hadron<-photon,0.018469073104976794,-1.2964173981566953e-05,0.0,0.0,0.0,-1.2964173981566953e-05,-1.2964173981566953e-05,1.2964173981566953e-05,1.944626097235043e-05
signed_hqql_tbl,mod.blocks.6.attn.h1,charged_hadron<-neutral_hadron,0.008118522839023474,9.179465464444887e-06,-1.1328505698239078e-05,2.0677397474318153e-06,-1.3504428211455198e-05,2.0507971162683965e-05,7.1117257170130714e-06,9.179465464444887e-06,1.943345104578687e-05
signed_hqql_tbl,mod.blocks.1.attn.h7,charged_hadron<-charged_hadron,0.021458749378663086,-6.53539235969692e-06,1.9107649817475343e-05,-8.707762332820996e-06,2.0871417832780067e-05,-2.5643042177172262e-05,2.172369973124076e-06,6.53539235969692e-06,1.9356913448283053e-05
signed_hqql_tbl,mod.blocks.6.attn.h0,charged_hadron<-charged_hadron,0.021103611268760702,-6.7902882893128315e-06,1.8270587631585593e-05,-7.810560856669534e-06,-4.19703091684652e-07,-2.5060875920898422e-05,1.0202725673567028e-06,6.7902882893128315e-06,1.932072624976204e-05
signed_hqql_tbl,mod.blocks.6.attn.h0,neutral_hadron<-electron,0.016410648070562344,-8.086220287413407e-06,1.4374618046986143e-05,-2.4650930436109773e-06,-1.3501717451921044e-06,-2.2460838334399552e-05,-5.62112724380243e-06,8.086220287413407e-06,1.9316639454613185e-05
B_tbl_minus_hqql,mod.blocks.2.attn.h4,electron<-photon,0.013777942707141241,-1.2858211994171142e-05,0.0,0.0,0.0,-1.2858211994171142e-05,-1.2858211994171142e-05,1.2858211994171142e-05,1.9287317991256713e-05
B_tbl_minus_hqql,mod.blocks.1.attn.h5,charged_hadron<-muon,0.019218777165268406,-1.28557704473761e-05,0.0,0.0,0.0,-1.28557704473761e-05,-1.28557704473761e-05,1.28557704473761e-05,1.928365567106415e-05
signed_hqql_tbl,mod.blocks.5.attn.h0,charged_hadron<-photon,0.0156044423501501,-1.0025422828369502e-05,8.42536218555598e-06,6.052225490318919e-06,9.205088522532907e-06,-1.845078501392548e-05,-1.6077648318688423e-05,1.0025422828369502e-05,1.9250815335332243e-05
B_tbl_minus_hqql,mod.blocks.0.attn.h7,neutral_hadron<-charged_hadron,0.020995374138184694,1.282520611745047e-05,0.0,0.0,0.0,1.282520611745047e-05,1.282520611745047e-05,1.282520611745047e-05,1.9237809176175703e-05
signed_hqql_tbl,mod.blocks.4.attn.h6,charged_hadron<-photon,0.014580971073380557,7.944875106197961e-06,-1.4632082298732174e-05,-2.5847021447973966e-06,-5.3697138224350895e-06,2.2576957404930135e-05,1.0529577250995358e-05,7.944875106197961e-06,1.9233353808663028e-05
B_tbl_minus_hqql,mod.blocks.3.attn.h6,photon<-charged_hadron,0.022858141279409386,1.2800523075424676e-05,0.0,0.0,0.0,1.2800523075424676e-05,1.2800523075424676e-05,1.2800523075424676e-05,1.9200784613137014e-05
signed_hqql_tbl,mod.blocks.5.attn.h1,photon<-charged_hadron,0.022172389343033474,-3.3773015915681277e-06,2.8173955644688864e-05,1.5420660824622469e-06,3.46522763157596e-06,-3.155125723625699e-05,-4.919367674030375e-06,3.3773015915681277e-06,1.9152930209696623e-05
B_tbl_minus_hqql,mod.blocks.2.attn.h0,photon<-photon,0.015588814469207617,-1.275592654193507e-05,0.0,0.0,0.0,-1.275592654193507e-05,-1.275592654193507e-05,1.275592654193507e-05,1.9133889812902605e-05
signed_hqql_tbl,mod.blocks.6.attn.h7,neutral_hadron<-photon,0.01519269319071968,-2.671667444006633e-06,3.0209920836037086e-05,5.090489035824839e-06,1.9018437784205255e-06,-3.2881588280043716e-05,-7.762156479831472e-06,2.671667444006633e-06,1.9112461584028492e-05
signed_hqql_tbl,mod.blocks.6.attn.h4,photon<-charged_hadron,0.022471459856968957,-7.099296504632817e-06,1.687350232870037e-05,-8.427114780342727e-06,1.4110511203207288e-05,-2.397279883333319e-05,1.3278182757099107e-06,7.099296504632817e-06,1.9085695921299413e-05
signed_hqql_tbl,mod.blocks.2.attn.h5,neutral_hadron<-charged_hadron,0.022231801293648462,4.162432588023343e-06,3.389457179346701e-05,1.9644499325806102e-05,1.1693150495739716e-07,-2.9732139205443667e-05,-1.548206673778276e-05,4.162432588023343e-06,1.9028502190745177e-05
signed_hqql_tbl,mod.blocks.0.attn.h4,photon<-photon,0.016683378585947053,-1.7908353831161744e-06,-3.6246975854313316e-05,-7.489587954833942e-06,-1.65307808819474e-05,3.4456140471197144e-05,5.698752571717767e-06,1.7908353831161744e-06,1.9018905618714748e-05
signed_hqql_tbl,mod.blocks.6.attn.h1,photon<-neutral_hadron,0.013696039152174985,3.139340838453253e-06,-2.8495007999474754e-05,6.8714149317059e-06,-3.1715734933826053e-05,3.163434883792801e-05,-3.7320740932526472e-06,3.139340838453253e-06,1.8956515257417258e-05
B_tbl_minus_hqql,mod.blocks.4.attn.h7,muon<-photon,0.012570562687787142,-1.2595738305456258e-05,0.0,0.0,0.0,-1.2595738305456258e-05,-1.2595738305456258e-05,1.2595738305456258e-05,1.8893607458184388e-05
B_tbl_minus_hqql,mod.blocks.2.attn.h2,photon<-charged_hadron,0.022154020780621255,1.2593843791944422e-05,0.0,0.0,0.0,1.2593843791944422e-05,1.2593843791944422e-05,1.2593843791944422e-05,1.8890765687916632e-05
B_tbl_minus_hqql,mod.blocks.2.attn.h2,neutral_hadron<-neutral_hadron,0.009953208535791465,1.258782692650001e-05,0.0,0.0,0.0,1.258782692650001e-05,1.258782692650001e-05,1.258782692650001e-05,1.8881740389750015e-05
signed_hqql_tbl,mod.blocks.3.attn.h3,neutral_hadron<-photon,0.010751676348556576,-9.293358859058047e-06,9.84252395316574e-06,-8.061164694188783e-06,1.857252134043726e-05,-1.9135882812223788e-05,-1.2321941648692644e-06,9.293358859058047e-06,1.886130026516994e-05
signed_hqql_tbl,mod.blocks.7.attn.h3,charged_hadron<-charged_hadron,0.02490483249158777,1.654646327266634e-05,1.1920044111161712e-05,2.7863455139441253e-05,-3.507844067851994e-07,4.626419161504628e-06,-1.1316991866774912e-05,1.654646327266634e-05,1.8859672853418656e-05
signed_hqql_tbl,mod.blocks.0.attn.h7,neutral_hadron<-charged_hadron,0.020995373708712215,1.2825207300776566e-05,7.678872878403143e-07,-4.021070462124058e-06,1.1560234505302954e-05,1.2057320012936252e-05,1.6846277762900626e-05,1.2825207300776566e-05,1.885386730724469e-05
B_tbl_minus_hqql,mod.blocks.7.attn.h0,neutral_hadron<-electron,0.019841858973869912,-1.2558325369564745e-05,0.0,0.0,0.0,-1.2558325369564745e-05,-1.2558325369564745e-05,1.2558325369564745e-05,1.883748805434712e-05
signed_hqql_tbl,mod.blocks.3.attn.h6,charged_hadron<-neutral_hadron,0.006356688857661408,6.500144853064674e-06,-1.816794497531478e-05,-1.663802431389109e-05,-1.6154025256265562e-06,2.4668089828379454e-05,2.3138169166955764e-05,6.500144853064674e-06,1.88341897672544e-05
signed_hqql_tbl,mod.blocks.4.attn.h3,photon<-muon,0.013832650401375511,-8.232812846968459e-06,1.2901271335207499e-05,3.231153269076631e-05,-3.008234216395067e-06,-2.1134084182175958e-05,-4.054434553773477e-05,8.232812846968459e-06,1.879985493805644e-05
B_tbl_minus_hqql,mod.blocks.5.attn.h7,neutral_hadron<-muon,0.012888559699058532,-1.2490202789194881e-05,0.0,0.0,0.0,-1.2490202789194881e-05,-1.2490202789194881e-05,1.2490202789194881e-05,1.873530418379232e-05
B_tbl_minus_hqql,mod.blocks.6.attn.h6,muon<-neutral_hadron,0.008543696254491806,-1.2475944822654128e-05,0.0,0.0,0.0,-1.2475944822654128e-05,-1.2475944822654128e-05,1.2475944822654128e-05,1.8713917233981193e-05
signed_hqql_tbl,mod.blocks.1.attn.h2,neutral_hadron<-photon,0.012268046131051157,-1.004395572454764e-05,7.266605237707111e-06,1.737373134576388e-05,-1.0766197896272967e-05,-1.731056096225475e-05,-2.7417687070311522e-05,1.004395572454764e-05,1.8699236205675016e-05
B_tbl_minus_hqql,mod.blocks.1.attn.h3,photon<-photon,0.02133359674693071,1.2439231569056322e-05,0.0,0.0,0.0,1.2439231569056322e-05,1.2439231569056322e-05,1.2439231569056322e-05,1.865884735358448e-05
B_tbl_minus_hqql,mod.blocks.2.attn.h5,charged_hadron<-charged_hadron,0.021423888772278403,1.2405604193105124e-05,0.0,0.0,0.0,1.2405604193105124e-05,1.2405604193105124e-05,1.2405604193105124e-05,1.8608406289657688e-05
B_tbl_minus_hqql,mod.blocks.7.attn.h4,electron<-photon,0.022217652201652525,-1.2400783210371932e-05,0.0,0.0,0.0,-1.2400783210371932e-05,-1.2400783210371932e-05,1.2400783210371932e-05,1.8601174815557897e-05
signed_hqql_tbl,mod.blocks.1.attn.h6,neutral_hadron<-charged_hadron,0.022120470738079642,-9.992500491261989e-06,7.180831088843915e-06,-1.9340750211537612e-06,8.660754987859294e-06,-1.7173331580105905e-05,-8.058425470108228e-06,9.992500491261989e-06,1.8579166281314943e-05
signed_hqql_tbl,mod.blocks.6.attn.h1,electron<-photon,0.0017601937598859271,6.318949939062198e-06,3.073538463078356e-05,-8.339654803941293e-06,-5.749072962706643e-06,-2.441643469172136e-05,1.4658604743003491e-05,6.318949939062198e-06,1.852716728492288e-05
signed_hqql_tbl,mod.blocks.7.attn.h2,charged_hadron<-electron,0.01973767108038852,1.0758673229965529e-05,-4.658127630439897e-06,-0.0001329408561136445,2.7637458970275475e-05,1.5416800860405427e-05,0.00014369952934361002,1.0758673229965529e-05,1.846707366016824e-05
signed_hqql_tbl,mod.blocks.2.attn.h3,neutral_hadron<-photon,0.016835059866558907,-6.142341748095614e-06,1.8505334721978853e-05,-9.767876755909767e-06,1.0072453109017752e-05,-2.4647676470074465e-05,3.6255350078141536e-06,6.142341748095614e-06,1.8466179983132845e-05
B_tbl_minus_hqql,mod.blocks.5.attn.h4,charged_hadron<-neutral_hadron,0.01077042302242334,1.2308116592353591e-05,0.0,0.0,0.0,1.2308116592353591e-05,1.2308116592353591e-05,1.2308116592353591e-05,1.846217488853039e-05
B_tbl_minus_hqql,mod.blocks.7.attn.h3,charged_hadron<-photon,0.011012402495465192,-1.2307733298526004e-05,0.0,0.0,0.0,-1.2307733298526004e-05,-1.2307733298526004e-05,1.2307733298526004e-05,1.8461599947789007e-05
B_tbl_minus_hqql,mod.blocks.0.attn.h1,electron<-electron,0.0033685123295678445,1.230028219841491e-05,0.0,0.0,0.0,1.230028219841491e-05,1.230028219841491e-05,1.230028219841491e-05,1.8450423297622365e-05
signed_hqql_tbl,mod.blocks.4.attn.h6,charged_hadron<-electron,0.006695562091312911,-2.7535732346893238e-06,-3.410797025329278e-05,-2.8189431383186182e-05,-1.902903520090149e-06,3.135439701860346e-05,2.543585814849686e-05,2.7535732346893238e-06,1.843077174399105e-05
signed_hqql_tbl,mod.blocks.6.attn.h4,photon<-electron,0.023683638870716096,-7.329706325739001e-06,1.483826758885698e-05,-9.35781424362046e-06,2.602118391743196e-06,-2.216797391459598e-05,2.0281079178814597e-06,7.329706325739001e-06,1.841369328303699e-05
signed_hqql_tbl,mod.blocks.0.attn.h5,charged_hadron<-charged_hadron,0.021347956894323696,1.04027416053128e-05,-5.606629512767881e-06,2.073577098365079e-06,-2.7273785398044523e-06,1.6009371118080682e-05,8.329164506947721e-06,1.04027416053128e-05,1.840742716435314e-05
signed_hqql_tbl,mod.blocks.7.attn.h3,neutral_hadron<-neutral_hadron,0.01694226271401231,3.678756794938519e-07,3.641432834251975e-05,5.078773090212158e-06,2.717954057164238e-06,-3.60464526630259e-05,-4.710897410718306e-06,3.678756794938519e-07,1.83911020110068e-05
B_tbl_minus_hqql,mod.blocks.3.attn.h4,neutral_hadron<-muon,0.004949533939361572,-1.2256925401743501e-05,0.0,0.0,0.0,-1.2256925401743501e-05,-1.2256925401743501e-05,1.2256925401743501e-05,1.8385388102615252e-05
signed_hqql_tbl,mod.blocks.6.attn.h6,electron<-photon,0.002441237991054853,1.0422968747055469e-05,-5.49607272099755e-06,1.696898419010852e-05,1.0898683840777822e-05,1.591904146805302e-05,-6.546015443053052e-06,1.0422968747055469e-05,1.8382489481081977e-05
B_tbl_minus_hqql,mod.blocks.0.attn.h7,muon<-neutral_hadron,0.015166185796260834,-1.2231663276907057e-05,0.0,0.0,0.0,-1.2231663276907057e-05,-1.2231663276907057e-05,1.2231663276907057e-05,1.8347494915360585e-05
signed_hqql_tbl,mod.blocks.7.attn.h7,charged_hadron<-neutral_hadron,0.015452101565916638,1.651151513035409e-05,2.0095845173125635e-05,-2.8312179803083785e-06,-2.0925966795360627e-05,-3.5843300427715463e-06,1.9342733110662467e-05,1.651151513035409e-05,1.830368015173986e-05
B_tbl_minus_hqql,mod.blocks.2.attn.h5,photon<-charged_hadron,0.020393735975407317,1.219057352427562e-05,0.0,0.0,0.0,1.219057352427562e-05,1.219057352427562e-05,1.219057352427562e-05,1.8285860286413428e-05
signed_hqql_tbl,mod.blocks.3.attn.h2,photon<-charged_hadron,0.02456227814212435,4.531578675293094e-06,-2.278859305919597e-05,2.2634500140281115e-06,2.0452613926879604e-06,2.7320171734489066e-05,2.268128661264983e-06,4.531578675293094e-06,1.8191664542537626e-05
B_tbl_minus_hqql,mod.blocks.3.attn.h4,charged_hadron<-neutral_hadron,0.02008483106796728,1.2118035792725422e-05,0.0,0.0,0.0,1.2118035792725422e-05,1.2118035792725422e-05,1.2118035792725422e-05,1.8177053689088134e-05
signed_hqql_tbl,mod.blocks.6.attn.h1,neutral_hadron<-charged_hadron,0.02228761026065373,-1.0566290192846718e-06,-3.508610544969571e-05,-4.5837881459141355e-06,8.69323021506058e-06,3.402947643041104e-05,3.5271591266294637e-06,1.0566290192846718e-06,1.8071367234490193e-05
signed_hqql_tbl,mod.blocks.7.attn.h2,neutral_hadron<-electron,0.00550453386956808,1.3607396814253347e-05,4.7358267991626235e-06,7.431828926200979e-06,-2.087353156336273e-06,8.871570015090723e-06,6.175567888052368e-06,1.3607396814253347e-05,1.804318182179871e-05
signed_hqql_tbl,mod.blocks.0.attn.h4,neutral_hadron<-neutral_hadron,0.00853128544986248,1.4788619596518589e-05,2.128710147572101e-05,-1.5806095861726691e-06,3.288549090339186e-07,-6.49848187920242e-06,1.636922918269126e-05,1.4788619596518589e-05,1.80378605361198e-05
B_tbl_minus_hqql,mod.blocks.5.attn.h4,muon<-neutral_hadron,0.004915913194417953,1.2007378245471045e-05,0.0,0.0,0.0,1.2007378245471045e-05,1.2007378245471045e-05,1.2007378245471045e-05,1.8011067368206568e-05
B_tbl_minus_hqql,mod.blocks.0.attn.h3,neutral_hadron<-charged_hadron,0.020310034840240715,-1.199981702201172e-05,0.0,0.0,0.0,-1.199981702201172e-05,-1.199981702201172e-05,1.199981702201172e-05,1.7999725533017578e-05
B_tbl_minus_hqql,mod.blocks.3.attn.h4,electron<-photon,0.014434544990460077,1.1986445072883118e-05,0.0,0.0,0.0,1.1986445072883118e-05,1.1986445072883118e-05,1.1986445072883118e-05,1.7979667609324677e-05
B_tbl_minus_hqql,mod.blocks.7.attn.h0,charged_hadron<-charged_hadron,0.022039751149995436,-1.1954268664267316e-05,0.0,0.0,0.0,-1.1954268664267316e-05,-1.1954268664267316e-05,1.1954268664267316e-05,1.7931402996400975e-05
signed_hqql_tbl,mod.blocks.5.attn.h0,charged_hadron<-charged_hadron,0.02202689138033922,-4.1056059519596e-06,2.3545228989226316e-05,1.5434819159657313e-06,1.4605425584657815e-05,-2.7650834941185914e-05,-5.649087867925331e-06,4.1056059519596e-06,1.7931023422552555e-05
B_tbl_minus_hqql,mod.blocks.1.attn.h3,photon<-electron,0.010585310806830724,-1.1947087235360717e-05,0.0,0.0,0.0,-1.1947087235360717e-05,-1.1947087235360717e-05,1.1947087235360717e-05,1.7920630853041075e-05
B_tbl_minus_hqql,mod.blocks.3.attn.h3,electron<-neutral_hadron,0.010618316726042675,-1.1945873176535735e-05,0.0,0.0,0.0,-1.1945873176535735e-05,-1.1945873176535735e-05,1.1945873176535735e-05,1.7918809764803602e-05
B_tbl_minus_hqql,mod.blocks.7.attn.h3,photon<-photon,0.017747110552300705,-1.1943383400121664e-05,0.0,0.0,0.0,-1.1943383400121664e-05,-1.1943383400121664e-05,1.1943383400121664e-05,1.7915075100182495e-05
signed_hqql_tbl,mod.blocks.5.attn.h5,neutral_hadron<-charged_hadron,0.023138824407427323,3.0607396799771904e-06,-2.6610148268298725e-05,-2.0308433822082483e-06,-1.9505313179186168e-05,2.9670887948275914e-05,5.091583062185439e-06,3.0607396799771904e-06,1.789618365411515e-05
B_tbl_minus_hqql,mod.blocks.5.attn.h0,photon<-photon,0.014614584651022347,-1.1911116331514371e-05,0.0,0.0,0.0,-1.1911116331514371e-05,-1.1911116331514371e-05,1.1911116331514371e-05,1.7866674497271558e-05
B_tbl_minus_hqql,mod.blocks.4.attn.h1,charged_hadron<-photon,0.012269064161256185,-1.1905475128405173e-05,0.0,0.0,0.0,-1.1905475128405173e-05,-1.1905475128405173e-05,1.1905475128405173e-05,1.785821269260776e-05
signed_hqql_tbl,mod.blocks.0.attn.h1,photon<-charged_hadron,0.02175686294372733,1.6185371345928283e-06,3.409760866478028e-05,-4.650813295614744e-06,-4.279023142392087e-06,-3.247907153018745e-05,6.269350430207573e-06,1.6185371345928283e-06,1.7858072899686556e-05
B_tbl_minus_hqql,mod.blocks.1.attn.h6,electron<-electron,0.0005250038957456127,1.1895620270744681e-05,0.0,0.0,0.0,1.1895620270744681e-05,1.1895620270744681e-05,1.1895620270744681e-05,1.7843430406117022e-05
signed_hqql_tbl,mod.blocks.7.attn.h6,charged_hadron<-photon,0.014882655197232503,2.518910267921939e-06,-2.8127348776792698e-05,-1.1923945557058292e-06,-7.130580711056448e-06,3.064625904471464e-05,3.711304823627768e-06,2.518910267921939e-06,1.784203979027926e-05
signed_hqql_tbl,mod.blocks.1.attn.h6,electron<-electron,0.0005250038921076339,1.1895627447226312e-05,1.503619062592776e-08,-0.00032237951516359925,2.1525043474019352e-05,1.1880591256600384e-05,0.0003342751426108256,1.1895627447226312e-05,1.7835923075526505e-05
B_tbl_minus_hqql,mod.blocks.0.attn.h4,photon<-neutral_hadron,0.015103853466642487,1.1870435995184473e-05,0.0,0.0,0.0,1.1870435995184473e-05,1.1870435995184473e-05,1.1870435995184473e-05,1.780565399277671e-05
B_tbl_minus_hqql,mod.blocks.5.attn.h5,photon<-charged_hadron,0.022385188623823576,1.1863443396946197e-05,0.0,0.0,0.0,1.1863443396946197e-05,1.1863443396946197e-05,1.1863443396946197e-05,1.7795165095419294e-05
B_tbl_minus_hqql,mod.blocks.7.attn.h2,charged_hadron<-photon,0.014143844165835567,1.185137478237684e-05,0.0,0.0,0.0,1.185137478237684e-05,1.185137478237684e-05,1.185137478237684e-05,1.7777062173565263e-05
B_tbl_minus_hqql,mod.blocks.6.attn.h4,neutral_hadron<-electron,0.011624936300974626,-1.1841529997652218e-05,0.0,0.0,0.0,-1.1841529997652218e-05,-1.1841529997652218e-05,1.1841529997652218e-05,1.7762294996478326e-05
B_tbl_minus_hqql,mod.blocks.6.attn.h2,charged_hadron<-electron,0.021704536421518577,-1.179882713729871e-05,0.0,0.0,0.0,-1.179882713729871e-05,-1.179882713729871e-05,1.179882713729871e-05,1.7698240705948065e-05
signed_hqql_tbl,mod.blocks.4.attn.h6,photon<-charged_hadron,0.025172740260357904,5.134198510608797e-06,-1.9928575551649468e-05,1.4916998169069581e-05,-1.0034950056550091e-05,2.5062774062258266e-05,-9.782799658460785e-06,5.134198510608797e-06,1.766558554173793e-05
B_tbl_minus_hqql,mod.blocks.6.attn.h1,electron<-neutral_hadron,0.0022269059935262282,1.1742690101247997e-05,0.0,0.0,0.0,1.1742690101247997e-05,1.1742690101247997e-05,1.1742690101247997e-05,1.7614035151871998e-05
signed_hqql_tbl,mod.blocks.4.attn.h6,neutral_hadron<-charged_hadron,0.025369464093363905,1.0208958724913404e-05,-4.339105617947172e-06,5.937146499980456e-06,-9.306095112163275e-06,1.4548064342860575e-05,4.271812224932947e-06,1.0208958724913404e-05,1.748299089634369e-05
B_tbl_minus_hqql,mod.blocks.0.attn.h0,neutral_hadron<-electron,0.014309997741992656,1.164063437150057e-05,0.0,0.0,0.0,1.164063437150057e-05,1.164063437150057e-05,1.164063437150057e-05,1.7460951557250854e-05
B_tbl_minus_hqql,mod.blocks.7.attn.h3,neutral_hadron<-photon,0.014924737624245945,-1.1617413673770364e-05,0.0,0.0,0.0,-1.1617413673770364e-05,-1.1617413673770364e-05,1.1617413673770364e-05,1.7426120510655548e-05
signed_hqql_tbl,mod.blocks.2.attn.h3,photon<-neutral_hadron,0.00628769609552226,-6.623438788098415e-06,1.4976855823358279e-05,-1.1413409746289003e-05,2.36814552430793e-05,-2.1600294611456694e-05,4.789970958190588e-06,6.623438788098415e-06,1.7423586093826763e-05
B_tbl_minus_hqql,mod.blocks.0.attn.h6,neutral_hadron<-electron,0.017000073925793495,1.1578860855147119e-05,0.0,0.0,0.0,1.1578860855147119e-05,1.1578860855147119e-05,1.1578860855147119e-05,1.7368291282720678e-05
signed_hqql_tbl,mod.blocks.1.attn.h6,neutral_hadron<-neutral_hadron,0.010222171587893404,5.060402109463141e-06,-1.9522648139740426e-05,-4.1980286883623554e-05,1.867144104624295e-06,2.4583050249203566e-05,4.7040688993086695e-05,5.060402109463141e-06,1.7351927234064924e-05
B_tbl_minus_hqql,mod.blocks.7.attn.h1,muon<-neutral_hadron,0.0037302885204553602,-1.1560291750356554e-05,0.0,0.0,0.0,-1.1560291750356554e-05,-1.1560291750356554e-05,1.1560291750356554e-05,1.734043762553483e-05
B_tbl_minus_hqql,mod.blocks.5.attn.h7,electron<-neutral_hadron,0.014123759017540859,1.1522114688817124e-05,0.0,0.0,0.0,1.1522114688817124e-05,1.1522114688817124e-05,1.1522114688817124e-05,1.7283172033225688e-05
signed_hqql_tbl,mod.blocks.4.attn.h3,neutral_hadron<-neutral_hadron,0.015776954233073272,1.0080995275967116e-05,-4.269551129544962e-06,7.773776332627109e-06,-1.1880013429869892e-05,1.4350546405512077e-05,2.307218943340007e-06,1.0080995275967116e-05,1.7256268478723152e-05
B_tbl_minus_hqql,mod.blocks.1.attn.h7,charged_hadron<-photon,0.014819489561719513,-1.1498668457242528e-05,0.0,0.0,0.0,-1.1498668457242528e-05,-1.1498668457242528e-05,1.1498668457242528e-05,1.7248002685863794e-05
signed_hqql_tbl,mod.blocks.1.attn.h3,charged_hadron<-charged_hadron,0.020399443446959445,1.1106541209931417e-05,-1.1509926069984438e-06,1.3442926730145049e-05,-1.1294139123759434e-05,1.2257533816929862e-05,-2.336385520213632e-06,1.1106541209931417e-05,1.7235308118396347e-05
B_tbl_minus_hqql,mod.blocks.0.attn.h6,charged_hadron<-muon,0.007498971892125679,-1.1417781052207857e-05,0.0,0.0,0.0,-1.1417781052207857e-05,-1.1417781052207857e-05,1.1417781052207857e-05,1.7126671578311786e-05
signed_hqql_tbl,mod.blocks.7.attn.h1,charged_hadron<-neutral_hadron,0.017876653712984834,-9.130676088788045e-06,-2.5058642862498894e-05,-3.727544914050418e-06,-1.1435168193958854e-05,1.592796677371085e-05,-5.403131174737627e-06,9.130676088788045e-06,1.709465947564347e-05
signed_hqql_tbl,mod.blocks.7.attn.h6,charged_hadron<-charged_hadron,0.022867804071170235,-1.075784422065849e-05,-2.322902811718792e-05,-1.2476917016915962e-05,-7.476439810068829e-06,1.247118389652943e-05,1.719072796257471e-06,1.075784422065849e-05,1.6993436168923205e-05
signed_hqql_tbl,mod.blocks.6.attn.h7,neutral_hadron<-charged_hadron,0.02107286526870924,4.1688972155121235e-06,2.9667226116798045e-05,8.648974332351499e-06,3.1489342972558012e-06,-2.5498328901285922e-05,-4.480077116839375e-06,4.1688972155121235e-06,1.6918061666155085e-05
signed_hqql_tbl,mod.blocks.7.attn.h0,charged_hadron<-charged_hadron,0.022039751616194772,-1.1954268208994525e-05,-2.03930140145059e-06,-1.705603154543549e-05,1.607651696067533e-05,-9.914966807543935e-06,5.101763336440966e-06,1.1954268208994525e-05,1.6911751612766493e-05
signed_hqql_tbl,mod.blocks.7.attn.h6,neutral_hadron<-neutral_hadron,0.010214510503619049,1.740214556988917e-06,-2.85902209733393e-05,2.744019679369286e-06,-2.593797519896738e-06,3.0330435530328215e-05,-1.0038051223803688e-06,1.740214556988917e-06,1.6905432322153023e-05
B_tbl_minus_hqql,mod.blocks.5.attn.h0,muon<-photon,0.012863526290113276,-1.126708362293853e-05,0.0,0.0,0.0,-1.126708362293853e-05,-1.126708362293853e-05,1.126708362293853e-05,1.6900625434407797e-05
B_tbl_minus_hqql,mod.blocks.5.attn.h1,charged_hadron<-charged_hadron,0.02133284029605897,-1.1251709988414737e-05,0.0,0.0,0.0,-1.1251709988414737e-05,-1.1251709988414737e-05,1.1251709988414737e-05,1.6877564982622106e-05
B_tbl_minus_hqql,mod.blocks.2.attn.h3,neutral_hadron<-neutral_hadron,0.015540273603386221,1.124211643726971e-05,0.0,0.0,0.0,1.124211643726971e-05,1.124211643726971e-05,1.124211643726971e-05,1.6863174655904564e-05
B_tbl_minus_hqql,mod.blocks.3.attn.h1,charged_hadron<-neutral_hadron,0.012451633113104231,1.1240352056963667e-05,0.0,0.0,0.0,1.1240352056963667e-05,1.1240352056963667e-05,1.1240352056963667e-05,1.68605280854455e-05
B_tbl_minus_hqql,mod.blocks.3.attn.h3,charged_hadron<-photon,0.014480421027054725,-1.1239612637496616e-05,0.0,0.0,0.0,-1.1239612637496616e-05,-1.1239612637496616e-05,1.1239612637496616e-05,1.6859418956244923e-05
signed_hqql_tbl,mod.blocks.6.attn.h7,photon<-charged_hadron,0.023569079941188613,1.6228765950996505e-05,1.7464422752958268e-05,1.2423415480203511e-05,-3.1647014913249227e-06,-1.2356568019617637e-06,3.8053504707929932e-06,1.6228765950996505e-05,1.6846594351977385e-05
B_tbl_minus_hqql,mod.blocks.4.attn.h6,charged_hadron<-neutral_hadron,0.014675241613658015,1.1228840919078494e-05,0.0,0.0,0.0,1.1228840919078494e-05,1.1228840919078494e-05,1.1228840919078494e-05,1.6843261378617742e-05
B_tbl_minus_hqql,mod.cls_blocks.1.attn.h3,charged_hadron<-photon,0.019643721572302895,-1.1228314395823062e-05,0.0,0.0,0.0,-1.1228314395823062e-05,-1.1228314395823062e-05,1.1228314395823062e-05,1.6842471593734593e-05
B_tbl_minus_hqql,mod.blocks.0.attn.h7,charged_hadron<-electron,0.064641230984738,1.1195009344527007e-05,0.0,0.0,0.0,1.1195009344527007e-05,1.1195009344527007e-05,1.1195009344527007e-05,1.679251401679051e-05
signed_hqql_tbl,mod.blocks.4.attn.h4,charged_hadron<-muon,0.0007942903674010074,5.689545849401673e-07,-3.179641541161497e-05,-4.6022487367736176e-06,-3.264922204571888e-06,3.2365369996555135e-05,5.171203321713785e-06,5.689545849401673e-07,1.6751639583217737e-05
B_tbl_minus_hqql,mod.blocks.3.attn.h4,photon<-muon,0.0031009641560641203,1.1142971660857173e-05,0.0,0.0,0.0,1.1142971660857173e-05,1.1142971660857173e-05,1.1142971660857173e-05,1.671445749128576e-05
signed_hqql_tbl,mod.blocks.5.attn.h1,photon<-photon,0.013440351192066713,-5.968943922070143e-06,1.5498490075392238e-05,-6.026750420428615e-06,8.012213328815649e-06,-2.146743399746238e-05,5.780649835847214e-08,5.968943922070143e-06,1.6702660920801334e-05
signed_hqql_tbl,mod.blocks.7.attn.h1,photon<-neutral_hadron,0.01821397048838016,-8.090157179603577e-06,-2.527569855548469e-05,-2.544136202098544e-06,-1.2201013173256194e-05,1.718554137588111e-05,-5.5460209775050325e-06,8.090157179603577e-06,1.668292786754413e-05
B_tbl_minus_hqql,mod.blocks.2.attn.h6,photon<-photon,0.014881880877848608,1.111430207979911e-05,0.0,0.0,0.0,1.111430207979911e-05,1.111430207979911e-05,1.111430207979911e-05,1.6671453119698664e-05
signed_hqql_tbl,mod.blocks.5.attn.h6,neutral_hadron<-photon,0.013408184384500515,7.880968326252662e-06,-9.690127322617324e-06,1.4410774712032838e-07,-2.1523266590750636e-06,1.7571095648869987e-05,7.736860579132333e-06,7.880968326252662e-06,1.6666516150687653e-05
B_tbl_minus_hqql,mod.blocks.1.attn.h3,charged_hadron<-charged_hadron,0.02039944374363175,1.110653388417834e-05,0.0,0.0,0.0,1.110653388417834e-05,1.110653388417834e-05,1.110653388417834e-05,1.665980082626751e-05
B_tbl_minus_hqql,mod.cls_blocks.1.attn.h4,neutral_hadron<-photon,0.020272350237693314,-1.1094383044559278e-05,0.0,0.0,0.0,-1.1094383044559278e-05,-1.1094383044559278e-05,1.1094383044559278e-05,1.6641574566838916e-05
B_tbl_minus_hqql,mod.blocks.2.attn.h0,charged_hadron<-charged_hadron,0.02127894307547554,-1.1071217163245648e-05,0.0,0.0,0.0,-1.1071217163245648e-05,-1.1071217163245648e-05,1.1071217163245648e-05,1.660682574486847e-05
signed_hqql_tbl,mod.blocks.7.attn.h0,neutral_hadron<-neutral_hadron,0.008464869652883723,-6.399338199932969e-06,1.3987606345964608e-05,-2.8863850936148176e-05,1.459857349576454e-05,-2.0386944545897576e-05,2.2464512736215208e-05,6.399338199932969e-06,1.6592810472881756e-05
signed_hqql_tbl,mod.blocks.5.attn.h2,photon<-photon,0.01451065607782302,7.854080816351254e-06,-9.481253696301754e-06,7.526437351673303e-06,-5.764374881321705e-06,1.7335334512653006e-05,3.2764346467795094e-07,7.854080816351254e-06,1.6521748072677757e-05
signed_hqql_tbl,mod.blocks.4.attn.h5,charged_hadron<-charged_hadron,0.022809984334129067,5.156819431922264e-06,-1.7539486085456577e-05,-2.6842611653507796e-06,-1.1439939107477902e-05,2.269630551737884e-05,7.841080597273044e-06,5.156819431922264e-06,1.6504972190611682e-05
B_tbl_minus_hqql,mod.blocks.2.attn.h6,charged_hadron<-photon,0.015993533919049525,1.0997074963692929e-05,0.0,0.0,0.0,1.0997074963692929e-05,1.0997074963692929e-05,1.0997074963692929e-05,1.6495612445539393e-05
signed_hqql_tbl,mod.blocks.1.attn.h3,photon<-neutral_hadron,0.008365950141909106,8.996696568953832e-06,-5.94650872603187e-06,9.147725339094816e-06,-2.5600517854285033e-05,1.4943205294985702e-05,-1.5102877014098427e-07,8.996696568953832e-06,1.6468299216446683e-05
signed_hqql_tbl,mod.blocks.0.attn.h1,photon<-neutral_hadron,0.02579268752085652,-1.4793886028433682e-06,-3.142149522425767e-05,6.475252293073892e-06,6.475993670262447e-06,2.99421066214143e-05,-7.95464089591726e-06,1.4793886028433682e-06,1.645044191355052e-05
B_tbl_minus_hqql,mod.blocks.1.attn.h2,photon<-muon,0.034077768976038154,-1.0940414292483844e-05,0.0,0.0,0.0,-1.0940414292483844e-05,-1.0940414292483844e-05,1.0940414292483844e-05,1.6410621438725766e-05
B_tbl_minus_hqql,mod.blocks.2.attn.h7,photon<-photon,0.015655134753108514,-1.0930467079097303e-05,0.0,0.0,0.0,-1.0930467079097303e-05,-1.0930467079097303e-05,1.0930467079097303e-05,1.6395700618645956e-05
signed_hqql_tbl,mod.blocks.1.attn.h3,photon<-charged_hadron,0.017701390761926318,-3.124888064911334e-06,2.3366553796416097e-05,-1.851475378832536e-05,1.2254908806984598e-05,-2.6491441861327432e-05,1.5389865723414026e-05,3.124888064911334e-06,1.637060899557505e-05
B_tbl_minus_hqql,mod.blocks.3.attn.h5,photon<-charged_hadron,0.02230749038993342,1.0835787348385312e-05,0.0,0.0,0.0,1.0835787348385312e-05,1.0835787348385312e-05,1.0835787348385312e-05,1.6253681022577966e-05
B_tbl_minus_hqql,mod.blocks.1.attn.h7,neutral_hadron<-photon,0.014701533306466357,-1.0819370931139866e-05,0.0,0.0,0.0,-1.0819370931139866e-05,-1.0819370931139866e-05,1.0819370931139866e-05,1.62290563967098e-05
signed_hqql_tbl,mod.blocks.3.attn.h3,charged_hadron<-charged_hadron,0.02238316493991767,-4.143362272831771e-06,-2.8234899792330198e-05,-9.959605241650537e-06,-1.2307950158746712e-05,2.4091537519498428e-05,5.816242968818766e-06,4.143362272831771e-06,1.6189131032580985e-05
signed_hqql_tbl,mod.blocks.5.attn.h3,neutral_hadron<-muon,0.011265428364276886,-2.5944653316400943e-06,2.456133097439306e-05,-8.693102699908195e-07,-9.093561264149764e-06,-2.7155796306033154e-05,-1.7251550616492748e-06,2.5944653316400943e-06,1.617236348465667e-05
B_tbl_minus_hqql,mod.blocks.0.attn.h3,charged_hadron<-photon,0.014861261377867445,-1.0767698930629708e-05,0.0,0.0,0.0,-1.0767698930629708e-05,-1.0767698930629708e-05,1.0767698930629708e-05,1.6151548395944563e-05
B_tbl_minus_hqql,mod.blocks.7.attn.h2,charged_hadron<-electron,0.019737686765821355,1.0758672081130116e-05,0.0,0.0,0.0,1.0758672081130116e-05,1.0758672081130116e-05,1.0758672081130116e-05,1.6138008121695174e-05
B_tbl_minus_hqql,mod.blocks.7.attn.h6,charged_hadron<-charged_hadron,0.02286780394402496,-1.0757843661914613e-05,0.0,0.0,0.0,-1.0757843661914613e-05,-1.0757843661914613e-05,1.0757843661914613e-05,1.613676549287192e-05
B_tbl_minus_hqql,mod.blocks.7.attn.h5,photon<-neutral_hadron,0.01125575534532264,1.0757652580029749e-05,0.0,0.0,0.0,1.0757652580029749e-05,1.0757652580029749e-05,1.0757652580029749e-05,1.6136478870044624e-05
signed_hqql_tbl,mod.blocks.4.attn.h3,neutral_hadron<-photon,0.01289545888489333,-7.268067305600635e-06,1.0465350161799681e-05,-9.982990782753169e-06,1.2538111477037065e-05,-1.7733417467400317e-05,2.714923477152534e-06,7.268067305600635e-06,1.613477603930079e-05
signed_hqql_tbl,mod.blocks.5.attn.h5,photon<-charged_hadron,0.022385188361594605,1.1863442513459923e-05,3.3431995486791524e-06,5.307081947235523e-06,-6.184565659234489e-06,8.520242964780771e-06,6.5563605662244e-06,1.1863442513459923e-05,1.612356399585031e-05
B_tbl_minus_hqql,mod.blocks.3.attn.h1,neutral_hadron<-charged_hadron,0.02201270529491289,-1.0741470207623674e-05,0.0,0.0,0.0,-1.0741470207623674e-05,-1.0741470207623674e-05,1.0741470207623674e-05,1.611220531143551e-05
B_tbl_minus_hqql,mod.blocks.1.attn.h1,neutral_hadron<-charged_hadron,0.022074457056670844,-1.0735914469130982e-05,0.0,0.0,0.0,-1.0735914469130982e-05,-1.0735914469130982e-05,1.0735914469130982e-05,1.6103871703696474e-05
B_tbl_minus_hqql,mod.blocks.7.attn.h0,charged_hadron<-neutral_hadron,0.010014291850795344,-1.0723581737826104e-05,0.0,0.0,0.0,-1.0723581737826104e-05,-1.0723581737826104e-05,1.0723581737826104e-05,1.6085372606739157e-05
B_tbl_minus_hqql,mod.blocks.6.attn.h7,neutral_hadron<-electron,0.16891296895650718,-1.0720254627253431e-05,0.0,0.0,0.0,-1.0720254627253431e-05,-1.0720254627253431e-05,1.0720254627253431e-05,1.6080381940880146e-05
signed_hqql_tbl,mod.blocks.5.attn.h6,charged_hadron<-electron,0.008684274495432251,-7.439025993287367e-06,9.826608948060312e-06,-2.6193265093961497e-06,2.7265492349215492e-05,-1.726563494134768e-05,-4.819699483891217e-06,7.439025993287367e-06,1.6071843463961208e-05
B_tbl_minus_hqql,mod.blocks.0.attn.h5,charged_hadron<-photon,0.016623678786399025,1.0711198971859596e-05,0.0,0.0,0.0,1.0711198971859596e-05,1.0711198971859596e-05,1.0711198971859596e-05,1.6066798457789393e-05
B_tbl_minus_hqql,mod.blocks.5.attn.h7,charged_hadron<-muon,0.07926323919585257,1.0707988015686473e-05,0.0,0.0,0.0,1.0707988015686473e-05,1.0707988015686473e-05,1.0707988015686473e-05,1.606198202352971e-05
signed_hqql_tbl,mod.blocks.4.attn.h0,neutral_hadron<-charged_hadron,0.01964838174710983,-2.6451258967346327e-06,-2.946701846798664e-05,-2.0125499396075274e-06,7.67303754306923e-06,2.6821892571252006e-05,-6.325759571271054e-07,2.6451258967346327e-06,1.6056072182360637e-05
signed_hqql_tbl,mod.blocks.2.attn.h1,electron<-electron,0.0006904358791265016,-1.039925617381717e-05,9.117672652436681e-07,7.699976549702114e-07,4.0261946733980125e-05,-1.1311023439060838e-05,-1.1169253828787381e-05,1.039925617381717e-05,1.6054767893347588e-05
signed_hqql_tbl,mod.blocks.6.attn.h0,neutral_hadron<-muon,0.002842681109905243,-1.8431741182212137e-07,3.152085196234111e-05,-2.2370049919118173e-06,1.5000917736197943e-06,-3.1705169374163236e-05,2.052687580089696e-06,1.8431741182212137e-07,1.603690209890374e-05
signed_hqql_tbl,mod.blocks.7.attn.h7,photon<-photon,0.012476394989361194,-2.7894854377522885e-07,3.1175258175920596e-05,1.2690300560361515e-05,-1.8441563353567205e-06,-3.1454206719695826e-05,-1.2969249104136745e-05,2.7894854377522885e-07,1.6006051903623142e-05
signed_hqql_tbl,mod.blocks.7.attn.h4,photon<-electron,0.03608474247157574,-9.912123456009189e-06,2.1999095898601288e-06,-1.666411545946695e-05,-3.7102871439336534e-06,-1.2112033045869316e-05,6.751992003457762e-06,9.912123456009189e-06,1.596813997894385e-05
signed_hqql_tbl,mod.blocks.5.attn.h2,charged_hadron<-electron,0.004845873207638138,8.542153265903165e-06,2.33748731019053e-05,3.247583983215134e-05,-1.5209983757813461e-05,-1.4832719836002134e-05,-2.393368656624818e-05,8.542153265903165e-06,1.595851318390423e-05
B_tbl_minus_hqql,mod.blocks.2.attn.h2,neutral_hadron<-charged_hadron,0.021906370025778086,1.063777180676163e-05,0.0,0.0,0.0,1.063777180676163e-05,1.063777180676163e-05,1.063777180676163e-05,1.5956657710142447e-05
signed_hqql_tbl,mod.blocks.1.attn.h4,electron<-charged_hadron,0.02143319304052152,1.7148145400968037e-06,-2.672188473904195e-05,6.717141488856026e-06,-5.859422526555136e-05,2.8436699279138755e-05,-5.002326948759222e-06,1.7148145400968037e-06,1.593316417966618e-05
signed_hqql_tbl,mod.blocks.3.attn.h5,neutral_hadron<-charged_hadron,0.02108662535220277,1.5171636361508941e-06,3.032609515726149e-05,8.807622042635004e-06,5.1270299462525736e-06,-2.8808931521110596e-05,-7.29045840648411e-06,1.5171636361508941e-06,1.5921629396706193e-05
signed_hqql_tbl,mod.blocks.4.attn.h4,neutral_hadron<-charged_hadron,0.02581527008571026,5.995254980023218e-06,-1.3733240183199513e-05,2.5256402329041008e-06,1.96297357694513e-06,1.9728495163222733e-05,3.469614747119117e-06,5.995254980023218e-06,1.5859502561634586e-05
signed_hqql_tbl,mod.blocks.5.attn.h3,neutral_hadron<-neutral_hadron,0.03654644255263683,8.710123834950933e-06,2.298216469274967e-05,1.150520326673739e-05,-1.3911296027170043e-05,-1.4272040857798737e-05,-2.7950794317864567e-06,8.710123834950933e-06,1.58461442638503e-05
B_tbl_minus_hqql,mod.blocks.4.attn.h7,charged_hadron<-neutral_hadron,0.018179033935162067,-1.0544552582321373e-05,0.0,0.0,0.0,-1.0544552582321373e-05,-1.0544552582321373e-05,1.0544552582321373e-05,1.581682887348206e-05
signed_hqql_tbl,mod.blocks.3.attn.h6,neutral_hadron<-charged_hadron,0.019731236927544894,9.589442486931799e-06,-2.832928844696112e-06,-7.685373224563122e-06,1.3413719513431884e-05,1.242237133162791e-05,1.7274815711494923e-05,9.589442486931799e-06,1.5800628152745755e-05
signed_hqql_tbl,mod.blocks.0.attn.h7,muon<-neutral_hadron,0.015166185796260834,-1.2231663276907057e-05,-5.1728784455917776e-06,-2.682227386685554e-05,-5.690654886522047e-06,-7.058784831315279e-06,1.4590610589948483e-05,1.2231663276907057e-05,1.5761055692564696e-05
signed_hqql_tbl,mod.cls_blocks.1.attn.h0,muon<-photon,0.0,0.0,3.1515915179625156e-05,0.0,0.0,-3.1515915179625156e-05,0.0,0.0,1.5757957589812578e-05
B_tbl_minus_hqql,mod.blocks.6.attn.h5,photon<-neutral_hadron,0.006895206845524443,1.0492833802958663e-05,0.0,0.0,0.0,1.0492833802958663e-05,1.0492833802958663e-05,1.0492833802958663e-05,1.5739250704437993e-05
signed_hqql_tbl,mod.blocks.2.attn.h2,neutral_hadron<-charged_hadron,0.021906369044126708,1.0637768840956983e-05,2.0836792316766004e-05,5.3716137206314065e-06,9.615400514880663e-07,-1.0199023475809021e-05,5.266155120325576e-06,1.0637768840956983e-05,1.5737280578861494e-05
signed_hqql_tbl,mod.blocks.3.attn.h7,neutral_hadron<-photon,0.015256279525662119,-4.112532032715258e-06,1.9122674036227597e-05,-5.470252403578354e-06,1.3552795221946361e-06,-2.3235206068942855e-05,1.3577203708630966e-06,4.112532032715258e-06,1.5730135067186683e-05
signed_hqql_tbl,mod.blocks.4.attn.h7,charged_hadron<-charged_hadron,0.02223472817295255,9.194564046299295e-06,-3.859984597945869e-06,-6.943923314095601e-06,-1.1762097886513445e-05,1.3054548644245165e-05,1.6138487360394897e-05,9.194564046299295e-06,1.572183836842188e-05
signed_hqql_tbl,mod.blocks.3.attn.h6,photon<-charged_hadron,0.022858141384300975,1.2800526089201224e-05,7.092066436457168e-06,1.7973123474067517e-05,-3.047442750666604e-05,5.708459652744056e-06,-5.172597384866293e-06,1.2800526089201224e-05,1.5654755915573252e-05
signed_hqql_tbl,mod.blocks.0.attn.h5,charged_hadron<-photon,0.016623678629061642,1.071119683356673e-05,8.276602460801729e-07,-6.838803660793751e-06,-3.960852188541183e-06,9.883536587486558e-06,1.755000049436048e-05,1.071119683356673e-05,1.565296512731001e-05
B_tbl_minus_hqql,mod.blocks.6.attn.h6,electron<-photon,0.002441238332539797,1.0422973112630037e-05,0.0,0.0,0.0,1.0422973112630037e-05,1.0422973112630037e-05,1.0422973112630037e-05,1.5634459668945055e-05
signed_hqql_tbl,mod.blocks.2.attn.h7,neutral_hadron<-muon,0.019034266471862793,-4.554296901915223e-06,1.756143319653347e-05,3.8581733861065e-06,9.109272555772053e-05,-2.2115730098448692e-05,-8.412470288021723e-06,4.554296901915223e-06,1.561216195113957e-05
B_tbl_minus_hqql,mod.blocks.6.attn.h3,charged_hadron<-photon,0.01546542113749298,-1.0406598090237187e-05,0.0,0.0,0.0,-1.0406598090237187e-05,-1.0406598090237187e-05,1.0406598090237187e-05,1.560989713535578e-05
B_tbl_minus_hqql,mod.blocks.0.attn.h5,charged_hadron<-charged_hadron,0.02134795676717842,1.040274361265192e-05,0.0,0.0,0.0,1.040274361265192e-05,1.040274361265192e-05,1.040274361265192e-05,1.5604115418977878e-05
signed_hqql_tbl,mod.blocks.0.attn.h1,neutral_hadron<-photon,0.01396101579985805,8.366852074131383e-06,-6.099166307816882e-06,-2.981760881353394e-07,-1.0629799719937497e-05,1.4466018381948265e-05,8.665028162266723e-06,8.366852074131383e-06,1.5599861265105517e-05
B_tbl_minus_hqql,mod.blocks.2.attn.h1,electron<-electron,0.0006904362138205519,-1.0399255491696143e-05,0.0,0.0,0.0,-1.0399255491696143e-05,-1.0399255491696143e-05,1.0399255491696143e-05,1.5598883237544214e-05
signed_hqql_tbl,mod.blocks.5.attn.h3,neutral_hadron<-charged_hadron,0.02142015438501944,4.04848754180694e-06,-1.9038073180520254e-05,3.502741466674907e-07,-3.6444616815657657e-06,2.3086560722327194e-05,3.6982133951394496e-06,4.04848754180694e-06,1.5591767902970537e-05
B_tbl_minus_hqql,mod.blocks.2.attn.h4,charged_hadron<-photon,0.014480104175790836,-1.0391896929849207e-05,0.0,0.0,0.0,-1.0391896929849207e-05,-1.0391896929849207e-05,1.0391896929849207e-05,1.558784539477381e-05
signed_hqql_tbl,mod.blocks.3.attn.h7,photon<-photon,0.01438163571726437,-2.174413775932934e-06,2.4624948453819128e-05,-4.736284547641764e-06,1.0025557738992435e-05,-2.679936222975206e-05,2.5618707717088297e-06,2.174413775932934e-06,1.5574094890808966e-05
B_tbl_minus_hqql,mod.blocks.3.attn.h3,neutral_hadron<-charged_hadron,0.02411249876635871,1.0354804340390487e-05,0.0,0.0,0.0,1.0354804340390487e-05,1.0354804340390487e-05,1.0354804340390487e-05,1.553220651058573e-05
B_tbl_minus_hqql,mod.blocks.0.attn.h0,neutral_hadron<-photon,0.015001057080050421,-1.0352968634294102e-05,0.0,0.0,0.0,-1.0352968634294102e-05,-1.0352968634294102e-05,1.0352968634294102e-05,1.5529452951441152e-05
signed_hqql_tbl,mod.blocks.2.attn.h7,photon<-charged_hadron,0.02234284142487069,-9.012654906378881e-06,4.005052274728126e-06,-7.584435708539166e-06,1.0723956513008327e-05,-1.3017707181107006e-05,-1.4282191978397148e-06,9.012654906378881e-06,1.5521508496932382e-05
B_tbl_minus_hqql,mod.blocks.0.attn.h2,photon<-neutral_hadron,0.01621437229997693,1.034023939387053e-05,0.0,0.0,0.0,1.034023939387053e-05,1.034023939387053e-05,1.034023939387053e-05,1.5510359090805795e-05
B_tbl_minus_hqql,mod.blocks.4.attn.h0,photon<-charged_hadron,0.02287287985864212,-1.0328885254700489e-05,0.0,0.0,0.0,-1.0328885254700489e-05,-1.0328885254700489e-05,1.0328885254700489e-05,1.5493327882050733e-05
signed_hqql_tbl,mod.blocks.5.attn.h5,charged_hadron<-neutral_hadron,0.005273490208543826,3.950411857192549e-06,-1.9129414629804177e-05,4.856791768428206e-06,-1.5632082494676657e-05,2.3079826486996728e-05,-9.063799112356573e-07,3.950411857192549e-06,1.549032510069091e-05
signed_hqql_tbl,mod.blocks.2.attn.h5,charged_hadron<-charged_hadron,0.021423889068950708,1.2405607069601388e-05,6.288602577586375e-06,1.7805207134778703e-05,-3.961201733738528e-06,6.117004492015013e-06,-5.399600065177315e-06,1.2405607069601388e-05,1.5464109315608895e-05
B_tbl_minus_hqql,mod.blocks.2.attn.h0,neutral_hadron<-charged_hadron,0.02007776029442489,-1.0306941256299998e-05,0.0,0.0,0.0,-1.0306941256299998e-05,-1.0306941256299998e-05,1.0306941256299998e-05,1.5460411884449996e-05
B_tbl_minus_hqql,mod.blocks.6.attn.h6,neutral_hadron<-neutral_hadron,0.013738196377026049,1.0286590613439727e-05,0.0,0.0,0.0,1.0286590613439727e-05,1.0286590613439727e-05,1.0286590613439727e-05,1.542988592015959e-05
B_tbl_minus_hqql,mod.blocks.2.attn.h0,photon<-neutral_hadron,0.010685598078830726,-1.0280848655926005e-05,0.0,0.0,0.0,-1.0280848655926005e-05,-1.0280848655926005e-05,1.0280848655926005e-05,1.5421272983889007e-05
B_tbl_minus_hqql,mod.blocks.4.attn.h2,photon<-neutral_hadron,0.014453194855089738,1.0250496588873041e-05,0.0,0.0,0.0,1.0250496588873041e-05,1.0250496588873041e-05,1.0250496588873041e-05,1.5375744883309562e-05
signed_hqql_tbl,mod.blocks.4.attn.h2,muon<-muon,3.017988638021052e-05,-7.646811468475789e-07,2.845102085302642e-05,3.7835179682588205e-06,-8.625991263500055e-07,-2.9215701999874e-05,-4.548199115106399e-06,7.646811468475789e-07,1.537253214678458e-05
signed_hqql_tbl,mod.blocks.7.attn.h3,charged_hadron<-neutral_hadron,0.011914295952036648,-1.45126285398239e-06,2.6335190992737096e-05,4.774965601547511e-06,8.481511219286718e-07,-2.7786453846719485e-05,-6.2262284555299015e-06,1.45126285398239e-06,1.534448977734213e-05
signed_hqql_tbl,mod.blocks.1.attn.h7,photon<-photon,0.014062254278242876,-2.0615040063304348e-06,2.445440902272047e-05,-1.2367717924601321e-05,1.0590899402867365e-05,-2.6515913029050903e-05,1.0306213918270887e-05,2.0615040063304348e-06,1.5319460520855886e-05
B_tbl_minus_hqql,mod.blocks.4.attn.h6,neutral_hadron<-charged_hadron,0.02536946384795106,1.0208964057370246e-05,0.0,0.0,0.0,1.0208964057370246e-05,1.0208964057370246e-05,1.0208964057370246e-05,1.531344608605537e-05
B_tbl_minus_hqql,mod.blocks.3.attn.h6,charged_hadron<-electron,0.0035564013217624867,1.0194870379851445e-05,0.0,0.0,0.0,1.0194870379851445e-05,1.0194870379851445e-05,1.0194870379851445e-05,1.5292305569777166e-05
signed_hqql_tbl,mod.blocks.1.attn.h5,charged_hadron<-neutral_hadron,0.011720342269216194,-6.029497025840318e-06,-2.4489322875213164e-05,-2.8417354619311325e-05,6.2341040760779255e-06,1.8459825849372846e-05,2.2387857593471007e-05,6.029497025840318e-06,1.5259409950526743e-05
signed_hqql_tbl,mod.blocks.0.attn.h4,neutral_hadron<-charged_hadron,0.023771754994689344,1.3640130116550104e-06,-2.6234312545138973e-05,7.755005865268211e-06,5.0000488115546775e-06,2.7598325556793982e-05,-6.390992853613201e-06,1.3640130116550104e-06,1.5163175790052001e-05
signed_hqql_tbl,mod.blocks.1.attn.h4,muon<-charged_hadron,0.012320308974294952,-7.331942800771106e-06,8.291611447930335e-06,-0.00011418999638408422,1.7626061407899687e-05,-1.562355424870144e-05,0.00010685805358331312,7.331942800771106e-06,1.5143719925121827e-05
B_tbl_minus_hqql,mod.blocks.4.attn.h3,neutral_hadron<-neutral_hadron,0.015776955247976076,1.0080994586995729e-05,0.0,0.0,0.0,1.0080994586995729e-05,1.0080994586995729e-05,1.0080994586995729e-05,1.5121491880493594e-05
signed_hqql_tbl,mod.blocks.2.attn.h4,charged_hadron<-photon,0.014480104359351115,-1.039190518852525e-05,-9.478392346697917e-07,-1.6411513036740528e-05,3.657011259845353e-06,-9.444065953855458e-06,6.019607848215278e-06,1.039190518852525e-05,1.5113938165452978e-05
B_tbl_minus_hqql,mod.blocks.6.attn.h2,charged_hadron<-photon,0.01577116349065456,1.0064913902984455e-05,0.0,0.0,0.0,1.0064913902984455e-05,1.0064913902984455e-05,1.0064913902984455e-05,1.5097370854476683e-05
B_tbl_minus_hqql,mod.blocks.3.attn.h7,charged_hadron<-charged_hadron,0.022345822839225815,1.005672630728544e-05,0.0,0.0,0.0,1.005672630728544e-05,1.005672630728544e-05,1.005672630728544e-05,1.508508946092816e-05
B_tbl_minus_hqql,mod.blocks.4.attn.h6,charged_hadron<-muon,0.002208914720650875,-1.0050072115987088e-05,0.0,0.0,0.0,-1.0050072115987088e-05,-1.0050072115987088e-05,1.0050072115987088e-05,1.5075108173980633e-05
B_tbl_minus_hqql,mod.blocks.1.attn.h2,neutral_hadron<-photon,0.012268045761065776,-1.0043950862618173e-05,0.0,0.0,0.0,-1.0043950862618173e-05,-1.0043950862618173e-05,1.0043950862618173e-05,1.5065926293927258e-05
B_tbl_minus_hqql,mod.blocks.5.attn.h0,charged_hadron<-photon,0.015604441773246366,-1.0025423571010138e-05,0.0,0.0,0.0,-1.0025423571010138e-05,-1.0025423571010138e-05,1.0025423571010138e-05,1.5038135356515207e-05
B_tbl_minus_hqql,mod.blocks.7.attn.h0,photon<-neutral_hadron,0.012782140243578816,-1.0025079173867953e-05,0.0,0.0,0.0,-1.0025079173867953e-05,-1.0025079173867953e-05,1.0025079173867953e-05,1.503761876080193e-05
B_tbl_minus_hqql,mod.blocks.7.attn.h1,photon<-electron,0.018259166677792867,-1.0018783420188508e-05,0.0,0.0,0.0,-1.0018783420188508e-05,-1.0018783420188508e-05,1.0018783420188508e-05,1.5028175130282762e-05
B_tbl_minus_hqql,mod.blocks.1.attn.h4,charged_hadron<-photon,0.016972408596765506,-1.0004506841403531e-05,0.0,0.0,0.0,-1.0004506841403531e-05,-1.0004506841403531e-05,1.0004506841403531e-05,1.5006760262105296e-05
B_tbl_minus_hqql,mod.blocks.1.attn.h6,neutral_hadron<-charged_hadron,0.02212047040063698,-9.992501749482142e-06,0.0,0.0,0.0,-9.992501749482142e-06,-9.992501749482142e-06,9.992501749482142e-06,1.4988752624223214e-05
B_tbl_minus_hqql,mod.blocks.1.attn.h5,neutral_hadron<-charged_hadron,0.020345763023894778,9.989186818699476e-06,0.0,0.0,0.0,9.989186818699476e-06,9.989186818699476e-06,9.989186818699476e-06,1.4983780228049214e-05
signed_hqql_tbl,mod.cls_blocks.1.attn.h1,neutral_hadron<-CLS,0.008375559002161026,-1.1521216947585344e-05,-4.643919510272099e-06,0.0,0.0,-6.877297437313246e-06,-1.1521216947585344e-05,1.1521216947585344e-05,1.4959865666241967e-05
signed_hqql_tbl,mod.blocks.0.attn.h3,charged_hadron<-photon,0.014861261535204826,-1.0767696139325249e-05,-2.3974432093868442e-06,-1.820436920199094e-05,-5.070074855469765e-07,-8.370252929938405e-06,7.436673062665692e-06,1.0767696139325249e-05,1.495282260429445e-05
B_tbl_minus_hqql,mod.blocks.7.attn.h4,muon<-photon,0.021706713871522385,9.963877594352446e-06,0.0,0.0,0.0,9.963877594352446e-06,9.963877594352446e-06,9.963877594352446e-06,1.494581639152867e-05
signed_hqql_tbl,mod.blocks.3.attn.h1,neutral_hadron<-photon,0.01578415063580395,7.65120901515627e-06,-6.934080996003725e-06,-2.4404456465747976e-06,1.884891365154635e-05,1.4585290011159995e-05,1.0091654661731067e-05,7.65120901515627e-06,1.4943854020736268e-05
signed_hqql_tbl,mod.blocks.4.attn.h2,neutral_hadron<-charged_hadron,0.02387354641431886,-1.4885684767659136e-05,-1.4928342873620726e-05,-7.00045861695574e-06,1.4146148458481779e-06,4.265810596158949e-08,-7.885226150703395e-06,1.4885684767659136e-05,1.4907013820639931e-05
B_tbl_minus_hqql,mod.blocks.1.attn.h3,charged_hadron<-photon,0.017230568559380603,-9.928854731199596e-06,0.0,0.0,0.0,-9.928854731199596e-06,-9.928854731199596e-06,9.928854731199596e-06,1.4893282096799394e-05
B_tbl_minus_hqql,mod.blocks.7.attn.h4,photon<-electron,0.036084760228792825,-9.9121565843537e-06,0.0,0.0,0.0,-9.9121565843537e-06,-9.9121565843537e-06,9.9121565843537e-06,1.4868234876530549e-05
signed_hqql_tbl,mod.blocks.4.attn.h6,photon<-photon,0.011943373266425812,5.738709898545563e-06,-1.2378488343920231e-05,3.90656045742159e-06,-1.0431709450594386e-06,1.8117198242465795e-05,1.8321494411239725e-06,5.738709898545563e-06,1.479730901977846e-05
signed_hqql_tbl,mod.blocks.3.attn.h5,neutral_hadron<-photon,0.016127097355068877,-3.5445768469083225e-06,-2.6008356863853615e-05,3.0383645700880377e-06,-9.999384958338378e-06,2.2463780016945292e-05,-6.58294141699636e-06,3.5445768469083225e-06,1.4776466855380969e-05
B_tbl_minus_hqql,mod.blocks.3.attn.h6,neutral_hadron<-neutral_hadron,0.011591892164702026,-9.836465380302774e-06,0.0,0.0,0.0,-9.836465380302774e-06,-9.836465380302774e-06,9.836465380302774e-06,1.4754698070454162e-05
signed_hqql_tbl,mod.blocks.0.attn.h3,photon<-charged_hadron,0.0188998002288523,-6.385733412592633e-06,1.0294286139549363e-05,-1.0500107799191848e-05,2.0657011406606375e-05,-1.6680019552141996e-05,4.114374386599215e-06,6.385733412592633e-06,1.472574318866363e-05
B_tbl_minus_hqql,mod.blocks.2.attn.h6,photon<-neutral_hadron,0.014800736376545135,9.812865285812758e-06,0.0,0.0,0.0,9.812865285812758e-06,9.812865285812758e-06,9.812865285812758e-06,1.4719297928719138e-05
signed_hqql_tbl,mod.blocks.4.attn.h6,photon<-electron,0.005924268439412117,6.059141560399439e-06,-1.1211898887657818e-05,-1.2997850896161773e-05,-1.552763451518213e-05,1.7271040448057255e-05,1.905699245656121e-05,6.059141560399439e-06,1.4694661784428066e-05
B_tbl_minus_hqql,mod.blocks.5.attn.h6,photon<-neutral_hadron,0.03302687370466342,-9.794786980171939e-06,0.0,0.0,0.0,-9.794786980171939e-06,-9.794786980171939e-06,9.794786980171939e-06,1.4692180470257908e-05
signed_hqql_tbl,mod.blocks.4.attn.h1,photon<-photon,0.013367264593625552,-7.122402398349883e-06,7.977842860316707e-06,4.122762912168243e-06,1.1034406745969959e-05,-1.510024525866659e-05,-1.1245165310518126e-05,7.122402398349883e-06,1.4672525027683179e-05
B_tbl_minus_hqql,mod.blocks.2.attn.h4,neutral_hadron<-photon,0.012923115625061802,-9.756568631907077e-06,0.0,0.0,0.0,-9.756568631907077e-06,-9.756568631907077e-06,9.756568631907077e-06,1.4634852947860615e-05
signed_hqql_tbl,mod.blocks.0.attn.h7,photon<-photon,0.013632421489387465,-4.433783840048682e-06,1.591673592320574e-05,1.3470077108094666e-06,4.474417442937663e-06,-2.0350519763254422e-05,-5.780791550858148e-06,4.433783840048682e-06,1.4609043721675892e-05
B_tbl_minus_hqql,mod.blocks.4.attn.h2,charged_hadron<-charged_hadron,0.02291176035376445,-9.731249140848526e-06,0.0,0.0,0.0,-9.731249140848526e-06,-9.731249140848526e-06,9.731249140848526e-06,1.4596873711272789e-05
signed_hqql_tbl,mod.blocks.5.attn.h5,muon<-neutral_hadron,0.003778042271733284,-1.4084323083807248e-06,-2.7758695068769157e-05,-1.8884800738305785e-05,1.4033065584924216e-06,2.6350262760388433e-05,1.747636842992506e-05,1.4084323083807248e-06,1.458356368857494e-05
signed_hqql_tbl,mod.blocks.1.attn.h0,neutral_hadron<-charged_hadron,0.020708727026746497,9.66712868400014e-06,1.9478107155468484e-05,7.628801659489124e-06,7.329165131739252e-07,-9.810978471468345e-06,2.038327024511015e-06,9.66712868400014e-06,1.4572617919734312e-05
signed_hqql_tbl,mod.blocks.3.attn.h0,photon<-charged_hadron,0.022163718742155787,-6.768371785349252e-06,8.778053046805778e-06,-7.116916389671673e-07,5.748134218968966e-06,-1.554642483215503e-05,-6.0566801463820844e-06,6.768371785349252e-06,1.4541584201426767e-05
signed_hqql_tbl,mod.blocks.7.attn.h4,electron<-photon,0.022217665115992227,-1.2400791941521069e-05,-1.6615728757837394e-05,2.2798655274008134e-05,1.6809848697354122e-05,4.214936816316325e-06,-3.51994472155292e-05,1.2400791941521069e-05,1.4508260349679231e-05
B_tbl_minus_hqql,mod.blocks.1.attn.h0,neutral_hadron<-charged_hadron,0.02070872714945292,9.667117330061134e-06,0.0,0.0,0.0,9.667117330061134e-06,9.667117330061134e-06,9.667117330061134e-06,1.45006759950917e-05
signed_hqql_tbl,mod.blocks.7.attn.h6,electron<-charged_hadron,0.02361971649684404,-4.065272055174175e-06,1.675805018749088e-05,-8.86362833479398e-05,5.444879207061604e-06,-2.0823322242665054e-05,8.457101129276562e-05,4.065272055174175e-06,1.4476933176506701e-05
signed_hqql_tbl,mod.blocks.5.attn.h2,neutral_hadron<-neutral_hadron,0.019081470575119032,7.307014151892607e-06,-7.028817540456333e-06,3.232642219771676e-06,8.25151976930292e-06,1.433583169234894e-05,4.0743719321209315e-06,7.307014151892607e-06,1.4474929998067077e-05
signed_hqql_tbl,mod.blocks.3.attn.h4,neutral_hadron<-electron,0.008558398255935082,7.751011882926553e-07,2.816392725435435e-05,2.2184124845807672e-05,-2.116660792429078e-05,-2.7388826066061694e-05,-2.1409023657515018e-05,7.751011882926553e-07,1.4469514221323503e-05
B_tbl_minus_hqql,mod.blocks.2.attn.h6,charged_hadron<-neutral_hadron,0.01636775160842008,-9.637840793909513e-06,0.0,0.0,0.0,-9.637840793909513e-06,-9.637840793909513e-06,9.637840793909513e-06,1.4456761190864269e-05
signed_hqql_tbl,mod.blocks.3.attn.h1,neutral_hadron<-charged_hadron,0.02201270572438537,-1.0741466702581818e-05,-3.389780056193001e-06,-3.5006896751360302e-06,1.0470617170721167e-05,-7.351686646388817e-06,-7.2407770274457875e-06,1.0741466702581818e-05,1.4417310025776226e-05
signed_hqql_tbl,mod.blocks.5.attn.h0,neutral_hadron<-neutral_hadron,0.009390518030984542,-2.626800007837059e-06,2.092967127624629e-05,-3.021483779807904e-06,1.3520870342162626e-05,-2.355647128408335e-05,3.9468377197084535e-07,2.626800007837059e-06,1.4405035649878733e-05
B_tbl_minus_hqql,mod.blocks.3.attn.h6,neutral_hadron<-charged_hadron,0.019731237111604526,9.589446441337995e-06,0.0,0.0,0.0,9.589446441337995e-06,9.589446441337995e-06,9.589446441337995e-06,1.4384169662006993e-05
signed_hqql_tbl,mod.blocks.3.attn.h6,neutral_hadron<-neutral_hadron,0.011591891434569008,-9.836466626048162e-06,-8.45793216591165e-07,4.050516843715016e-06,8.90851675897386e-06,-8.990673409456997e-06,-1.3886983469763178e-05,9.836466626048162e-06,1.4331803330776661e-05
B_tbl_minus_hqql,mod.blocks.7.attn.h1,photon<-photon,0.013371825647277189,-9.539582884438273e-06,0.0,0.0,0.0,-9.539582884438273e-06,-9.539582884438273e-06,9.539582884438273e-06,1.430937432665741e-05
B_tbl_minus_hqql,mod.blocks.7.attn.h5,charged_hadron<-neutral_hadron,0.0060316077939211185,9.537302390494918e-06,0.0,0.0,0.0,9.537302390494918e-06,9.537302390494918e-06,9.537302390494918e-06,1.4305953585742377e-05
B_tbl_minus_hqql,mod.blocks.2.attn.h2,photon<-electron,0.03127462814251582,-9.528086714756985e-06,0.0,0.0,0.0,-9.528086714756985e-06,-9.528086714756985e-06,9.528086714756985e-06,1.4292130072135478e-05
signed_hqql_tbl,mod.blocks.5.attn.h4,electron<-neutral_hadron,0.006027475447179033,-1.3975409624086191e-05,-1.4527342443670932e-05,-1.8480244398233482e-06,-1.0900016908029406e-06,5.51932819584741e-07,-1.2127385184262843e-05,1.3975409624086191e-05,1.4251376033878561e-05
B_tbl_minus_hqql,mod.blocks.2.attn.h3,neutral_hadron<-charged_hadron,0.019297431561975092,9.481842086989072e-06,0.0,0.0,0.0,9.481842086989072e-06,9.481842086989072e-06,9.481842086989072e-06,1.4222763130483607e-05
signed_hqql_tbl,mod.blocks.5.attn.h3,photon<-muon,0.004984881051562049,-4.5617039590566e-06,-2.3882302999621832e-05,-1.0024666109876263e-05,-3.84974107094292e-06,1.932059904056523e-05,5.462962150819663e-06,4.5617039590566e-06,1.4222003479339216e-05
signed_hqql_tbl,mod.blocks.6.attn.h6,charged_hadron<-neutral_hadron,0.01371825309647645,-7.850671939069392e-06,-2.058452801639424e-05,-6.9614784738546e-06,2.8091215243375347e-06,1.2733856077324848e-05,-8.891934652147925e-07,7.850671939069392e-06,1.4217599977731816e-05
B_tbl_minus_hqql,mod.blocks.0.attn.h7,photon<-electron,0.059724443157513935,9.47279380246376e-06,0.0,0.0,0.0,9.47279380246376e-06,9.47279380246376e-06,9.47279380246376e-06,1.420919070369564e-05
B_tbl_minus_hqql,mod.blocks.7.attn.h3,photon<-charged_hadron,0.019773090981828764,9.453631247872354e-06,0.0,0.0,0.0,9.453631247872354e-06,9.453631247872354e-06,9.453631247872354e-06,1.4180446871808532e-05
B_tbl_minus_hqql,mod.blocks.7.attn.h1,photon<-muon,0.008033043281598524,-9.40460317492993e-06,0.0,0.0,0.0,-9.40460317492993e-06,-9.40460317492993e-06,9.40460317492993e-06,1.4106904762394894e-05
B_tbl_minus_hqql,mod.blocks.1.attn.h6,electron<-neutral_hadron,0.003898510942235589,-9.391618133437218e-06,0.0,0.0,0.0,-9.391618133437218e-06,-9.391618133437218e-06,9.391618133437218e-06,1.4087427200155827e-05
B_tbl_minus_hqql,mod.blocks.1.attn.h2,photon<-charged_hadron,0.020487385020610576,-9.377025849576359e-06,0.0,0.0,0.0,-9.377025849576359e-06,-9.377025849576359e-06,9.377025849576359e-06,1.4065538774364537e-05
B_tbl_minus_hqql,mod.blocks.1.attn.h1,charged_hadron<-charged_hadron,0.021141336542925784,-9.372879022341836e-06,0.0,0.0,0.0,-9.372879022341836e-06,-9.372879022341836e-06,9.372879022341836e-06,1.4059318533512754e-05
signed_hqql_tbl,mod.blocks.3.attn.h0,neutral_hadron<-charged_hadron,0.019133737144921774,5.333384808595808e-06,-1.2115679963424735e-05,1.372410903628437e-06,-2.8389624713436347e-06,1.7449064772020543e-05,3.960973904967371e-06,5.333384808595808e-06,1.405791719460608e-05
signed_hqql_tbl,mod.blocks.3.attn.h4,charged_hadron<-charged_hadron,0.020892344774770564,-1.3043527004579928e-05,-1.506256368776433e-05,-7.197117799422295e-06,3.289420719483147e-06,2.0190366831844023e-06,-5.846409205157633e-06,1.3043527004579928e-05,1.4053045346172129e-05
B_tbl_minus_hqql,mod.blocks.2.attn.h1,charged_hadron<-charged_hadron,0.021069659242502013,-9.36017331588027e-06,0.0,0.0,0.0,-9.36017331588027e-06,-9.36017331588027e-06,9.36017331588027e-06,1.4040259973820406e-05
signed_hqql_tbl,mod.blocks.6.attn.h4,photon<-photon,0.012303485684082942,-7.194083839582331e-06,6.462389147464943e-06,-6.513739764383127e-06,7.482805637592746e-06,-1.3656472987047274e-05,-6.803440751992035e-07,7.194083839582331e-06,1.4022320333105967e-05
signed_hqql_tbl,mod.blocks.2.attn.h4,photon<-charged_hadron,0.018127376530802937,-4.5800058294482634e-06,1.4286114166681361e-05,-9.489118604624149e-06,2.0691457187962002e-06,-1.8866119996129625e-05,4.909112775175885e-06,4.5800058294482634e-06,1.4013065827513077e-05
B_tbl_minus_hqql,mod.blocks.2.attn.h3,photon<-electron,0.04847303330898285,9.327670947338143e-06,0.0,0.0,0.0,9.327670947338143e-06,9.327670947338143e-06,9.327670947338143e-06,1.3991506421007216e-05
B_tbl_minus_hqql,mod.blocks.3.attn.h3,neutral_hadron<-photon,0.01075167645955219,-9.293352210883244e-06,0.0,0.0,0.0,-9.293352210883244e-06,-9.293352210883244e-06,9.293352210883244e-06,1.3940028316324866e-05
B_tbl_minus_hqql,mod.blocks.0.attn.h5,neutral_hadron<-muon,0.0017154484987258912,9.285360283683985e-06,0.0,0.0,0.0,9.285360283683985e-06,9.285360283683985e-06,9.285360283683985e-06,1.3928040425525977e-05
B_tbl_minus_hqql,mod.blocks.3.attn.h7,charged_hadron<-photon,0.013413411533575566,-9.283338813951139e-06,0.0,0.0,0.0,-9.283338813951139e-06,-9.283338813951139e-06,9.283338813951139e-06,1.392500822092671e-05
B_tbl_minus_hqql,mod.blocks.4.attn.h1,photon<-neutral_hadron,0.01832548843859738,-9.272029619649646e-06,0.0,0.0,0.0,-9.272029619649646e-06,-9.272029619649646e-06,9.272029619649646e-06,1.390804442947447e-05
signed_hqql_tbl,mod.blocks.1.attn.h2,photon<-charged_hadron,0.020487384915718988,-9.377027975065078e-06,-3.2769428853154783e-07,7.96435484589528e-06,-1.1104385486941567e-06,-9.04933368653353e-06,-1.734138282096036e-05,9.377027975065078e-06,1.3901694818331842e-05
signed_hqql_tbl,mod.blocks.7.attn.h0,charged_hadron<-photon,0.015350471075756981,1.9190396018141085e-06,2.5778213944231573e-05,6.890678104415134e-06,9.086691457273106e-06,-2.3859174342417466e-05,-4.971638502601026e-06,1.9190396018141085e-06,1.3848626773022841e-05
B_tbl_minus_hqql,mod.blocks.7.attn.h1,neutral_hadron<-neutral_hadron,0.013186141468871098,-9.214684562718317e-06,0.0,0.0,0.0,-9.214684562718317e-06,-9.214684562718317e-06,9.214684562718317e-06,1.3822026844077475e-05
signed_hqql_tbl,mod.blocks.0.attn.h6,charged_hadron<-neutral_hadron,0.01689322308909936,-3.171699104578499e-06,-2.445843843439057e-05,-8.448483346883186e-07,2.4001811208679924e-06,2.1286739329812072e-05,-2.3268507698901805e-06,3.171699104578499e-06,1.3815068769484535e-05
B_tbl_minus_hqql,mod.blocks.5.attn.h1,charged_hadron<-photon,0.014596225929008513,-9.197455932690651e-06,0.0,0.0,0.0,-9.197455932690651e-06,-9.197455932690651e-06,9.197455932690651e-06,1.3796183899035978e-05
B_tbl_minus_hqql,mod.blocks.4.attn.h7,charged_hadron<-charged_hadron,0.02223472817295255,9.19455990745575e-06,0.0,0.0,0.0,9.19455990745575e-06,9.19455990745575e-06,9.19455990745575e-06,1.3791839861183626e-05
B_tbl_minus_hqql,mod.blocks.6.attn.h1,charged_hadron<-neutral_hadron,0.008118522854361777,9.179462294553934e-06,0.0,0.0,0.0,9.179462294553934e-06,9.179462294553934e-06,9.179462294553934e-06,1.37691934418309e-05
B_tbl_minus_hqql,mod.blocks.2.attn.h5,photon<-photon,0.01775442072870833,-9.173048651258547e-06,0.0,0.0,0.0,-9.173048651258547e-06,-9.173048651258547e-06,9.173048651258547e-06,1.375957297688782e-05
signed_hqql_tbl,mod.blocks.1.attn.h5,photon<-neutral_hadron,0.00884371529744324,-2.0477595570116245e-06,-2.5419319737576752e-05,-6.2981500047269605e-06,5.16398637342451e-06,2.3371560180565126e-05,4.250390447715336e-06,2.0477595570116245e-06,1.3733539647294187e-05
B_tbl_minus_hqql,mod.blocks.1.attn.h0,neutral_hadron<-muon,0.011560352891683579,9.147259697783739e-06,0.0,0.0,0.0,9.147259697783739e-06,9.147259697783739e-06,9.147259697783739e-06,1.3720889546675609e-05
B_tbl_minus_hqql,mod.blocks.7.attn.h1,charged_hadron<-neutral_hadron,0.017876652378552488,-9.13067093607694e-06,0.0,0.0,0.0,-9.13067093607694e-06,-9.13067093607694e-06,9.13067093607694e-06,1.369600640411541e-05
B_tbl_minus_hqql,mod.blocks.2.attn.h1,electron<-neutral_hadron,0.010908764787018299,9.123168778247558e-06,0.0,0.0,0.0,9.123168778247558e-06,9.123168778247558e-06,9.123168778247558e-06,1.3684753167371338e-05
signed_hqql_tbl,mod.blocks.5.attn.h6,photon<-charged_hadron,0.023319725312695754,3.442192986198638e-06,-1.7041805573848925e-05,-2.297100302491842e-06,-4.998873414834367e-06,2.0483998560047563e-05,5.7392932886904806e-06,3.442192986198638e-06,1.368419226622242e-05
signed_hqql_tbl,mod.blocks.2.attn.h3,charged_hadron<-charged_hadron,0.01983360972534592,1.7111047866630318e-06,-2.2188561270922238e-05,6.34846434017612e-06,-1.1413450285199918e-05,2.389966605758527e-05,-4.6373595535130885e-06,1.7111047866630318e-06,1.3660937815455665e-05
B_tbl_minus_hqql,mod.blocks.7.attn.h4,muon<-neutral_hadron,0.016296571493148802,9.091020911000668e-06,0.0,0.0,0.0,9.091020911000668e-06,9.091020911000668e-06,9.091020911000668e-06,1.3636531366501002e-05
signed_hqql_tbl,mod.blocks.6.attn.h4,charged_hadron<-charged_hadron,0.027510167736337934,-8.289833412124995e-06,2.3200586699909014e-06,-1.3098667364383398e-05,6.961881807335638e-06,-1.0609892082115897e-05,4.808833952258403e-06,8.289833412124995e-06,1.3594779453182944e-05
B_tbl_minus_hqql,mod.blocks.7.attn.h7,charged_hadron<-photon,0.014595782080254678,9.058087957560774e-06,0.0,0.0,0.0,9.058087957560774e-06,9.058087957560774e-06,9.058087957560774e-06,1.3587131936341161e-05
B_tbl_minus_hqql,mod.blocks.2.attn.h7,photon<-charged_hadron,0.02234284168709966,-9.012656404464303e-06,0.0,0.0,0.0,-9.012656404464303e-06,-9.012656404464303e-06,9.012656404464303e-06,1.3518984606696454e-05
signed_hqql_tbl,mod.cls_blocks.1.attn.h0,muon<-CLS,0.0,0.0,-2.7030118872062303e-05,0.0,0.0,2.7030118872062303e-05,0.0,0.0,1.3515059436031152e-05
B_tbl_minus_hqql,mod.blocks.6.attn.h6,neutral_hadron<-muon,0.046712905168533325,-9.003771265270188e-06,0.0,0.0,0.0,-9.003771265270188e-06,-9.003771265270188e-06,9.003771265270188e-06,1.3505656897905282e-05
signed_hqql_tbl,mod.blocks.7.attn.h0,neutral_hadron<-muon,0.004548545926809311,-4.251215068507009e-06,-2.274757341069744e-05,-5.903069450141629e-06,-1.8829033923912388e-06,1.8496358342190435e-05,1.6518543816346206e-06,4.251215068507009e-06,1.3499394239602226e-05
B_tbl_minus_hqql,mod.blocks.1.attn.h5,neutral_hadron<-electron,0.0094258284706694,-8.997840513284946e-06,0.0,0.0,0.0,-8.997840513284946e-06,-8.997840513284946e-06,8.997840513284946e-06,1.349676076992742e-05
B_tbl_minus_hqql,mod.blocks.1.attn.h3,photon<-neutral_hadron,0.008365950474895948,8.996679993681055e-06,0.0,0.0,0.0,8.996679993681055e-06,8.996679993681055e-06,8.996679993681055e-06,1.3495019990521583e-05
B_tbl_minus_hqql,mod.blocks.0.attn.h7,neutral_hadron<-neutral_hadron,0.017987445990244547,-8.993432745158386e-06,0.0,0.0,0.0,-8.993432745158386e-06,-8.993432745158386e-06,8.993432745158386e-06,1.3490149117737579e-05
signed_hqql_tbl,mod.blocks.5.attn.h3,neutral_hadron<-electron,0.018907197679464634,8.456664755403135e-06,-1.5726994195830457e-06,1.9708731088030617e-06,-7.311125439931251e-06,1.0029364174986181e-05,6.485791646600073e-06,8.456664755403135e-06,1.3471346842896225e-05
signed_hqql_tbl,mod.blocks.4.attn.h0,muon<-charged_hadron,0.02071888157815644,-8.20016474321936e-06,-1.8739962251856922e-05,-4.801549948751926e-07,-0.0004087751464783607,1.0539797508637561e-05,-7.720009748344168e-06,8.20016474321936e-06,1.3470063497538141e-05
signed_hqql_tbl,mod.blocks.7.attn.h2,photon<-electron,0.015260580678780873,7.0234179778102165e-06,-5.850330564628946e-06,-3.231928660950091e-05,4.124857013585505e-05,1.2873748542439162e-05,3.934270458731113e-05,7.0234179778102165e-06,1.3460292249029798e-05
B_tbl_minus_hqql,mod.blocks.1.attn.h6,photon<-photon,0.016081389117894876,-8.973133475382741e-06,0.0,0.0,0.0,-8.973133475382741e-06,-8.973133475382741e-06,8.973133475382741e-06,1.3459700213074112e-05
B_tbl_minus_hqql,mod.blocks.5.attn.h6,neutral_hadron<-muon,0.03942166566848755,8.969892951427027e-06,0.0,0.0,0.0,8.969892951427027e-06,8.969892951427027e-06,8.969892951427027e-06,1.345483942714054e-05
signed_hqql_tbl,mod.blocks.6.attn.h7,photon<-photon,0.012579333120826399,-1.4249597771692709e-06,2.2632644363170853e-05,5.9928810039815575e-06,6.6814959435967505e-06,-2.4057604140340124e-05,-7.417840781150829e-06,1.4249597771692709e-06,1.3453761847339332e-05
B_tbl_minus_hqql,mod.blocks.2.attn.h4,charged_hadron<-muon,0.013004086234352806,8.95106738122801e-06,0.0,0.0,0.0,8.95106738122801e-06,8.95106738122801e-06,8.95106738122801e-06,1.3426601071842015e-05
B_tbl_minus_hqql,mod.blocks.2.attn.h6,charged_hadron<-charged_hadron,0.020733019583236482,8.915380957233353e-06,0.0,0.0,0.0,8.915380957233353e-06,8.915380957233353e-06,8.915380957233353e-06,1.3373071435850029e-05
B_tbl_minus_hqql,mod.blocks.0.attn.h3,photon<-photon,0.018833480225139653,8.904712634854434e-06,0.0,0.0,0.0,8.904712634854434e-06,8.904712634854434e-06,8.904712634854434e-06,1.335706895228165e-05
B_tbl_minus_hqql,mod.blocks.6.attn.h2,neutral_hadron<-photon,0.012940169009712451,8.900971072241249e-06,0.0,0.0,0.0,8.900971072241249e-06,8.900971072241249e-06,8.900971072241249e-06,1.3351456608361874e-05
signed_hqql_tbl,mod.blocks.5.attn.h6,neutral_hadron<-charged_hadron,0.02130453346073781,6.905873978269759e-06,-5.930948139615105e-06,9.275189814557965e-07,-2.026344479232526e-06,1.2836822117884864e-05,5.978354996813963e-06,6.905873978269759e-06,1.3324285037212191e-05
B_tbl_minus_hqql,mod.blocks.5.attn.h5,charged_hadron<-charged_hadron,0.02167767150149262,8.87402962133687e-06,0.0,0.0,0.0,8.87402962133687e-06,8.87402962133687e-06,8.87402962133687e-06,1.3311044432005306e-05
signed_hqql_tbl,mod.blocks.2.attn.h4,neutral_hadron<-charged_hadron,0.022468938940404557,-2.9690164044054584e-07,-2.6220176880235305e-05,-4.105626598710472e-06,4.543177963978098e-06,2.5923275239794758e-05,3.8087249582699263e-06,2.9690164044054584e-07,1.3258539260337925e-05
signed_hqql_tbl,mod.blocks.7.attn.h5,photon<-charged_hadron,0.020868259277629055,3.20447053026049e-06,-1.6896803736922698e-05,-4.844388100191905e-06,-1.1768236519563173e-05,2.010127426718319e-05,8.048858630452395e-06,3.20447053026049e-06,1.3255107663852085e-05
B_tbl_minus_hqql,mod.blocks.1.attn.h1,photon<-electron,0.02058996061484019,-8.831462764646858e-06,0.0,0.0,0.0,-8.831462764646858e-06,-8.831462764646858e-06,8.831462764646858e-06,1.3247194146970287e-05
B_tbl_minus_hqql,mod.blocks.3.attn.h4,photon<-photon,0.019924919466471073,-8.828065623919956e-06,0.0,0.0,0.0,-8.828065623919956e-06,-8.828065623919956e-06,8.828065623919956e-06,1.3242098435879934e-05
B_tbl_minus_hqql,mod.blocks.0.attn.h5,photon<-electron,0.016998461882273355,-8.813535290149351e-06,0.0,0.0,0.0,-8.813535290149351e-06,-8.813535290149351e-06,8.813535290149351e-06,1.3220302935224027e-05
signed_hqql_tbl,mod.blocks.5.attn.h6,neutral_hadron<-neutral_hadron,0.0213389474991112,-5.9263799638296035e-06,-2.0478492038766515e-05,5.84225086937628e-06,8.711883614997882e-07,1.4552112074936912e-05,-1.1768630833205883e-05,5.9263799638296035e-06,1.320243600129806e-05
signed_hqql_tbl,mod.blocks.4.attn.h3,charged_hadron<-neutral_hadron,0.008104919137196387,4.533877320439285e-06,-1.2782761624695414e-05,1.0345211438267035e-05,-8.523194191529769e-06,1.7316638945134697e-05,-5.81133411782775e-06,4.533877320439285e-06,1.3192196793006632e-05
B_tbl_minus_hqql,mod.blocks.6.attn.h2,photon<-neutral_hadron,0.01504170569035668,-8.794561316158616e-06,0.0,0.0,0.0,-8.794561316158616e-06,-8.794561316158616e-06,8.794561316158616e-06,1.3191841974237923e-05
signed_hqql_tbl,mod.blocks.7.attn.h4,muon<-charged_hadron,0.01336116592089335,1.8425417885847502e-06,2.4540711698743205e-05,7.301191217266024e-05,3.4801662976345813e-05,-2.2698169910158455e-05,-7.116937038407548e-05,1.8425417885847502e-06,1.3191626743663977e-05
signed_hqql_tbl,mod.blocks.6.attn.h4,neutral_hadron<-electron,0.011624933077165714,-1.1841518069279398e-05,-1.4496774895178532e-05,6.074708926462336e-07,-4.16072956189358e-06,2.655256825899134e-06,-1.2448988961925632e-05,1.1841518069279398e-05,1.3169146482228965e-05
signed_hqql_tbl,mod.blocks.3.attn.h3,photon<-neutral_hadron,0.008503278078017658,3.677957253990213e-06,-1.527809405514023e-05,1.5138937306660202e-05,-1.1922531898483173e-05,1.8956051309130443e-05,-1.1460980052669989e-05,3.677957253990213e-06,1.3155982908555435e-05
B_tbl_minus_hqql,mod.blocks.4.attn.h3,photon<-electron,0.036105173329512276,-8.753676471921305e-06,0.0,0.0,0.0,-8.753676471921305e-06,-8.753676471921305e-06,8.753676471921305e-06,1.3130514707881957e-05
signed_hqql_tbl,mod.blocks.0.attn.h7,muon<-charged_hadron,0.015189448992411295,7.830281516141964e-06,-2.69254669547081e-06,3.676501219160855e-05,5.733150480289141e-05,1.0522828211612774e-05,-2.893473067546658e-05,7.830281516141964e-06,1.3091695621948351e-05
signed_hqql_tbl,mod.blocks.6.attn.h6,photon<-photon,0.011599325654346002,3.505465808780294e-06,-1.5648724191311133e-05,9.170417178719826e-06,-1.0211112283144606e-05,1.915419000009143e-05,-5.664951369939532e-06,3.505465808780294e-06,1.3082560808826008e-05
B_tbl_minus_hqql,mod.blocks.5.attn.h3,neutral_hadron<-neutral_hadron,0.036546436181435216,8.710114282924527e-06,0.0,0.0,0.0,8.710114282924527e-06,8.710114282924527e-06,8.710114282924527e-06,1.306517142438679e-05
B_tbl_minus_hqql,mod.blocks.5.attn.h1,photon<-muon,0.013256361538713629,-8.700611942913383e-06,0.0,0.0,0.0,-8.700611942913383e-06,-8.700611942913383e-06,8.700611942913383e-06,1.3050917914370075e-05
signed_hqql_tbl,mod.blocks.3.attn.h5,charged_hadron<-neutral_hadron,0.003997783236516179,-2.8561533994358454e-06,1.750784978686899e-05,4.569765687265349e-06,-1.18941963723685e-05,-2.0364003186304834e-05,-7.4259190867011945e-06,2.8561533994358454e-06,1.3038154992588262e-05
signed_hqql_tbl,mod.blocks.0.attn.h2,photon<-electron,0.0415456086397171,-5.986492518180361e-06,-1.9963994418503717e-05,-3.47698104243526e-05,-3.987971739389922e-05,1.3977501900323357e-05,2.8783317906172238e-05,5.986492518180361e-06,1.2975243468342038e-05
signed_hqql_tbl,mod.blocks.0.attn.h5,photon<-charged_hadron,0.02015115870707789,-1.7033243536280474e-06,2.0829635720114015e-05,1.3400402000264449e-05,4.923556180331056e-07,-2.253296007374206e-05,-1.5103726353892497e-05,1.7033243536280474e-06,1.2969804390499079e-05
signed_hqql_tbl,mod.blocks.5.attn.h5,charged_hadron<-charged_hadron,0.021677671671019652,8.874036346957631e-06,7.597120541637177e-07,3.51482409667564e-06,-1.1395400684725173e-05,8.114324292793913e-06,5.359212250281991e-06,8.874036346957631e-06,1.2931198493354588e-05
signed_hqql_tbl,mod.blocks.1.attn.h2,charged_hadron<-neutral_hadron,0.012661797050587982,4.313547584567098e-06,2.1538059311071495e-05,2.866421380338961e-05,-3.102046590375423e-05,-1.72245117265044e-05,-2.4350666218822513e-05,4.313547584567098e-06,1.2925803447819298e-05
signed_hqql_tbl,mod.blocks.1.attn.h6,electron<-neutral_hadron,0.003898511300436579,-9.391626686185471e-06,-1.6419333405792713e-05,-4.7744686744408684e-05,-6.8650744894209e-05,7.027706719607242e-06,3.835306005822321e-05,9.391626686185471e-06,1.2905480045989092e-05
signed_hqql_tbl,mod.blocks.5.attn.h4,photon<-neutral_hadron,0.00974035755604561,8.502214807058233e-06,-2.941548524083197e-07,5.7761092176879715e-06,-9.845748912257268e-06,8.796369659466554e-06,2.7261055893702617e-06,8.502214807058233e-06,1.290039963679151e-05
signed_hqql_tbl,mod.blocks.7.attn.h4,charged_hadron<-neutral_hadron,0.011848605145392072,-6.174491301850702e-06,7.165808220871678e-06,-1.7160210621683717e-05,1.326088148760471e-06,-1.334029952272238e-05,1.0985719319833015e-05,6.174491301850702e-06,1.2844641063211891e-05
B_tbl_minus_hqql,mod.blocks.5.attn.h7,charged_hadron<-photon,0.008368275184438348,-8.558038647569925e-06,0.0,0.0,0.0,-8.558038647569925e-06,-8.558038647569925e-06,8.558038647569925e-06,1.2837057971354887e-05
B_tbl_minus_hqql,mod.blocks.4.attn.h3,electron<-neutral_hadron,0.009466728911950039,-8.551631113872505e-06,0.0,0.0,0.0,-8.551631113872505e-06,-8.551631113872505e-06,8.551631113872505e-06,1.2827446670808757e-05
B_tbl_minus_hqql,mod.blocks.4.attn.h1,neutral_hadron<-muon,0.03146963119506836,-8.547264587832615e-06,0.0,0.0,0.0,-8.547264587832615e-06,-8.547264587832615e-06,8.547264587832615e-06,1.2820896881748923e-05
B_tbl_minus_hqql,mod.blocks.5.attn.h2,charged_hadron<-electron,0.004845872227298586,8.542170306961788e-06,0.0,0.0,0.0,8.542170306961788e-06,8.542170306961788e-06,8.542170306961788e-06,1.2813255460442682e-05
signed_hqql_tbl,mod.blocks.7.attn.h6,neutral_hadron<-charged_hadron,0.023709809663549748,-4.843493496469014e-06,-2.0755379555667204e-05,-5.9948198262234756e-06,3.782638200638137e-06,1.591188605919819e-05,1.1513263297544611e-06,4.843493496469014e-06,1.2799436526068108e-05
B_tbl_minus_hqql,mod.blocks.6.attn.h2,muon<-neutral_hadron,0.007650641351938247,-8.531308412784711e-06,0.0,0.0,0.0,-8.531308412784711e-06,-8.531308412784711e-06,8.531308412784711e-06,1.2796962619177067e-05
B_tbl_minus_hqql,mod.blocks.0.attn.h5,photon<-neutral_hadron,0.011588652059204604,8.526504107908196e-06,0.0,0.0,0.0,8.526504107908196e-06,8.526504107908196e-06,8.526504107908196e-06,1.2789756161862294e-05
B_tbl_minus_hqql,mod.blocks.5.attn.h4,photon<-neutral_hadron,0.009740357939905443,8.502214425420481e-06,0.0,0.0,0.0,8.502214425420481e-06,8.502214425420481e-06,8.502214425420481e-06,1.2753321638130722e-05
signed_hqql_tbl,mod.blocks.1.attn.h1,neutral_hadron<-charged_hadron,0.02207445751681993,-1.0735910275063803e-05,-1.4742305512783361e-05,-1.731460920122886e-05,5.230069153241871e-06,4.006395237719559e-06,6.578698926165059e-06,1.0735910275063803e-05,1.2739107893923582e-05
signed_hqql_tbl,mod.blocks.6.attn.h2,neutral_hadron<-electron,0.03459543876726037,-8.013987850902664e-06,1.4198647866336955e-06,1.8786531409205054e-05,4.106505866730004e-06,-9.43385263753636e-06,-2.680051926010772e-05,8.013987850902664e-06,1.2730914169670844e-05
signed_hqql_tbl,mod.blocks.7.attn.h6,neutral_hadron<-muon,0.0015059401281177997,2.7497123937791913e-07,-2.457895243423991e-05,2.145453436241951e-06,1.380257921947186e-06,2.4853923673617827e-05,-1.8704821968640318e-06,2.7497123937791913e-07,1.2701933076186832e-05
B_tbl_minus_hqql,mod.blocks.5.attn.h3,neutral_hadron<-electron,0.01890719596009988,8.456662236802424e-06,0.0,0.0,0.0,8.456662236802424e-06,8.456662236802424e-06,8.456662236802424e-06,1.2684993355203635e-05
B_tbl_minus_hqql,mod.blocks.0.attn.h0,charged_hadron<-muon,0.023276661381577,-8.448829634510206e-06,0.0,0.0,0.0,-8.448829634510206e-06,-8.448829634510206e-06,8.448829634510206e-06,1.267324445176531e-05
B_tbl_minus_hqql,mod.blocks.4.attn.h6,photon<-neutral_hadron,0.013338112668322155,8.440026456636419e-06,0.0,0.0,0.0,8.440026456636419e-06,8.440026456636419e-06,8.440026456636419e-06,1.2660039684954628e-05
B_tbl_minus_hqql,mod.blocks.6.attn.h3,muon<-photon,0.013087160208008507,-8.422604216982357e-06,0.0,0.0,0.0,-8.422604216982357e-06,-8.422604216982357e-06,8.422604216982357e-06,1.2633906325473536e-05
signed_hqql_tbl,mod.blocks.1.attn.h5,charged_hadron<-photon,0.018437769095172873,-1.0594095951999226e-06,2.208170566858071e-05,-8.983577678391829e-06,-3.361093669619935e-06,-2.314111526378063e-05,7.924168083191905e-06,1.0594095951999226e-06,1.2629967227090239e-05
B_tbl_minus_hqql,mod.cls_blocks.1.attn.h2,CLS<-neutral_hadron,0.018691391858737916,-8.402554543509825e-06,0.0,0.0,0.0,-8.402554543509825e-06,-8.402554543509825e-06,8.402554543509825e-06,1.2603831815264737e-05
signed_hqql_tbl,mod.blocks.1.attn.h5,neutral_hadron<-charged_hadron,0.02034576308524799,9.989182474844185e-06,1.5153063918455495e-05,3.5876164783597557e-06,-1.961527864096171e-05,-5.16388144361131e-06,6.401565996484429e-06,9.989182474844185e-06,1.257112319664984e-05
B_tbl_minus_hqql,mod.blocks.0.attn.h1,neutral_hadron<-photon,0.013961015670363168,8.366865099495604e-06,0.0,0.0,0.0,8.366865099495604e-06,8.366865099495604e-06,8.366865099495604e-06,1.2550297649243406e-05
signed_hqql_tbl,mod.blocks.3.attn.h1,photon<-charged_hadron,0.023226002109139908,-3.406816198327896e-06,1.486913171961967e-05,4.680759305114495e-06,5.16425846869522e-06,-1.8275947917947566e-05,-8.087575503442391e-06,3.406816198327896e-06,1.2544790157301679e-05
signed_hqql_tbl,mod.blocks.4.attn.h3,charged_hadron<-charged_hadron,0.023932313041764994,-4.716250276799446e-06,1.0918814402744669e-05,-5.807618745602175e-07,6.098679392935722e-06,-1.5635064679544115e-05,-4.135488402239229e-06,4.716250276799446e-06,1.2533782616571504e-05
signed_hqql_tbl,mod.blocks.0.attn.h7,charged_hadron<-charged_hadron,0.020985751202472865,-6.864901771177073e-06,4.406372901938483e-06,5.753446278991531e-07,8.149516883010749e-06,-1.1271274673115556e-05,-7.440246399076226e-06,6.864901771177073e-06,1.250053910773485e-05
B_tbl_minus_hqql,mod.blocks.3.attn.h4,photon<-neutral_hadron,0.016029888154704106,8.310862320208196e-06,0.0,0.0,0.0,8.310862320208196e-06,8.310862320208196e-06,8.310862320208196e-06,1.2466293480312295e-05
B_tbl_minus_hqql,mod.blocks.6.attn.h4,charged_hadron<-charged_hadron,0.02751016739728387,-8.289835171133502e-06,0.0,0.0,0.0,-8.289835171133502e-06,-8.289835171133502e-06,8.289835171133502e-06,1.2434752756700253e-05
B_tbl_minus_hqql,mod.blocks.2.attn.h1,charged_hadron<-photon,0.016288555827478558,8.28812644285102e-06,0.0,0.0,0.0,8.28812644285102e-06,8.28812644285102e-06,8.28812644285102e-06,1.2432189664276528e-05
signed_hqql_tbl,mod.blocks.3.attn.h6,electron<-neutral_hadron,0.00644826280991905,7.6526148055004e-06,-1.8711470914922756e-06,2.6560996775515377e-06,-4.915944373351522e-05,9.523761896992675e-06,4.996515127948861e-06,7.6526148055004e-06,1.2414495753996736e-05
B_tbl_minus_hqql,mod.blocks.7.attn.h5,charged_hadron<-muon,0.0067666272322336836,8.266022301871669e-06,0.0,0.0,0.0,8.266022301871669e-06,8.266022301871669e-06,8.266022301871669e-06,1.2399033452807503e-05
signed_hqql_tbl,mod.blocks.6.attn.h0,photon<-charged_hadron,0.021976024371330505,-4.435841135246973e-06,1.145066284065898e-05,-3.5827814975523463e-06,2.1042523393010892e-06,-1.5886503975905953e-05,-8.530596376946271e-07,4.435841135246973e-06,1.237909312319995e-05
signed_hqql_tbl,mod.blocks.7.attn.h6,photon<-electron,0.006973812977472941,-4.443077811326172e-06,-2.0310682105316247e-05,-1.249363413080573e-05,-5.263579210308804e-06,1.5867604293990074e-05,8.050556319479559e-06,4.443077811326172e-06,1.2376879958321209e-05
B_tbl_minus_hqql,mod.blocks.3.attn.h2,neutral_hadron<-photon,0.020855438479868097,-8.251190733009618e-06,0.0,0.0,0.0,-8.251190733009618e-06,-8.251190733009618e-06,8.251190733009618e-06,1.2376786099514426e-05
B_tbl_minus_hqql,mod.blocks.4.attn.h3,photon<-muon,0.013832650401375511,-8.232812846968459e-06,0.0,0.0,0.0,-8.232812846968459e-06,-8.232812846968459e-06,8.232812846968459e-06,1.234921927045269e-05
B_tbl_minus_hqql,mod.blocks.2.attn.h3,charged_hadron<-electron,0.041908013977502524,8.22682360242317e-06,0.0,0.0,0.0,8.22682360242317e-06,8.22682360242317e-06,8.22682360242317e-06,1.2340235403634754e-05
B_tbl_minus_hqql,mod.blocks.0.attn.h3,electron<-electron,0.0006417599991740038,8.22154554214194e-06,0.0,0.0,0.0,8.22154554214194e-06,8.22154554214194e-06,8.22154554214194e-06,1.2332318313212909e-05
B_tbl_minus_hqql,mod.blocks.2.attn.h2,photon<-neutral_hadron,0.012065714159269351,8.210077878055385e-06,0.0,0.0,0.0,8.210077878055385e-06,8.210077878055385e-06,8.210077878055385e-06,1.2315116817083077e-05
signed_hqql_tbl,mod.blocks.1.attn.h4,neutral_hadron<-charged_hadron,0.02612089135262749,-1.1580103253504733e-06,-2.3448253551242153e-05,9.685722973382585e-07,6.991979184449778e-06,2.229024322589168e-05,-2.1265826226887318e-06,1.1580103253504733e-06,1.2303131938296313e-05
B_tbl_minus_hqql,mod.blocks.4.attn.h0,muon<-charged_hadron,0.02071888157815644,-8.20016474321936e-06,0.0,0.0,0.0,-8.20016474321936e-06,-8.20016474321936e-06,8.20016474321936e-06,1.2300247114829041e-05
B_tbl_minus_hqql,mod.blocks.7.attn.h2,neutral_hadron<-neutral_hadron,0.011622778901846176,8.190127605080522e-06,0.0,0.0,0.0,8.190127605080522e-06,8.190127605080522e-06,8.190127605080522e-06,1.2285191407620783e-05
signed_hqql_tbl,mod.blocks.7.attn.h7,neutral_hadron<-photon,0.01473924230892861,2.7124118356150936e-06,2.181010098535229e-05,4.857966225875056e-06,1.2608719104252682e-05,-1.9097689149737195e-05,-2.1455543902599622e-06,2.7124118356150936e-06,1.2261256410483691e-05
signed_hqql_tbl,mod.blocks.5.attn.h7,neutral_hadron<-charged_hadron,0.022732931010451932,-1.9988409276237798e-06,1.8523734373350937e-05,-6.189465401738778e-06,1.3246851016945405e-05,-2.0522575300974717e-05,4.190624474114998e-06,1.9988409276237798e-06,1.2260128578111138e-05
signed_hqql_tbl,mod.blocks.5.attn.h3,photon<-photon,0.017454568248122387,4.374498448796886e-06,-1.1382688182065369e-05,-4.56996463399771e-06,3.072515542403247e-06,1.5757186630862255e-05,8.944463082794595e-06,4.374498448796886e-06,1.2253091764228014e-05
signed_hqql_tbl,mod.blocks.6.attn.h0,neutral_hadron<-photon,0.017799493746310565,1.1323601965882661e-08,2.448133642599902e-05,8.91569038709712e-06,-7.920094175733661e-07,-2.4470012824033137e-05,-8.904366785131238e-06,1.1323601965882661e-08,1.2246330013982451e-05
signed_hqql_tbl,mod.blocks.5.attn.h4,neutral_hadron<-neutral_hadron,0.009659714547869487,5.407992609481227e-06,-8.261034951121452e-06,8.576056026452905e-06,-1.1500973147777565e-06,1.3669027560602679e-05,-3.1680634169716786e-06,5.407992609481227e-06,1.2242506389782566e-05
B_tbl_minus_hqql,mod.blocks.6.attn.h5,photon<-photon,0.015543176590160888,8.15396912725275e-06,0.0,0.0,0.0,8.15396912725275e-06,8.15396912725275e-06,8.15396912725275e-06,1.2230953690879125e-05
B_tbl_minus_hqql,mod.blocks.5.attn.h1,neutral_hadron<-neutral_hadron,0.022284176066899912,-8.144243816460426e-06,0.0,0.0,0.0,-8.144243816460426e-06,-8.144243816460426e-06,8.144243816460426e-06,1.221636572469064e-05
signed_hqql_tbl,mod.blocks.4.attn.h4,photon<-muon,0.0003308271354233677,-2.0881334318222467e-08,-2.4392253320771626e-05,4.131525721667069e-06,2.2720426378392794e-07,2.4371371986453404e-05,-4.152407055985291e-06,2.0881334318222467e-08,1.2206567327544924e-05
signed_hqql_tbl,mod.blocks.7.attn.h7,photon<-neutral_hadron,0.015228286875766823,7.591613766799139e-06,1.680546562498863e-05,1.0765102275090592e-05,-1.8716777609752097e-05,-9.213851858189492e-06,-3.1734885082914535e-06,7.591613766799139e-06,1.2198539695893886e-05
B_tbl_minus_hqql,mod.blocks.4.attn.h3,photon<-charged_hadron,0.019916033776279488,-8.132104392934163e-06,0.0,0.0,0.0,-8.132104392934163e-06,-8.132104392934163e-06,8.132104392934163e-06,1.2198156589401245e-05
signed_hqql_tbl,mod.blocks.7.attn.h1,neutral_hadron<-neutral_hadron,0.013186141833639106,-9.214685876384301e-06,-1.5159004717539258e-05,-9.524215865924047e-06,-6.9395633147566775e-06,5.944318841154956e-06,3.095299895397459e-07,9.214685876384301e-06,1.2186845296961779e-05
signed_hqql_tbl,mod.blocks.5.attn.h7,muon<-photon,0.0012564274736426094,4.91342151773014e-07,2.3833513506150877e-05,-1.5230475193155663e-05,3.405967228380697e-05,-2.3342171354377862e-05,1.5721817344928678e-05,4.91342151773014e-07,1.2162427828961944e-05
B_tbl_minus_hqql,mod.blocks.7.attn.h1,photon<-neutral_hadron,0.018213969443171458,-8.090153665826405e-06,0.0,0.0,0.0,-8.090153665826405e-06,-8.090153665826405e-06,8.090153665826405e-06,1.2135230498739607e-05
B_tbl_minus_hqql,mod.blocks.6.attn.h0,neutral_hadron<-electron,0.016410652691355117,-8.086259194547332e-06,0.0,0.0,0.0,-8.086259194547332e-06,-8.086259194547332e-06,8.086259194547332e-06,1.2129388791820999e-05
signed_hqql_tbl,mod.blocks.4.attn.h2,charged_hadron<-charged_hadron,0.022911760226619178,-9.731234923920947e-06,-1.4475600395546491e-05,6.742306533216964e-07,2.3631951325940367e-06,4.744365471625544e-06,-1.0405465577242643e-05,9.731234923920947e-06,1.2103417659733718e-05
B_tbl_minus_hqql,mod.blocks.0.attn.h0,neutral_hadron<-neutral_hadron,0.010282322863741474,8.068095117335198e-06,0.0,0.0,0.0,8.068095117335198e-06,8.068095117335198e-06,8.068095117335198e-06,1.2102142676002798e-05
signed_hqql_tbl,mod.blocks.4.attn.h1,neutral_hadron<-charged_hadron,0.02183402142939467,-6.960324947679117e-06,3.321217383501363e-06,4.751936470320173e-06,-2.6778828019386963e-06,-1.028154233118048e-05,-1.171226141799929e-05,6.960324947679117e-06,1.2101096113269356e-05
signed_hqql_tbl,mod.blocks.5.attn.h1,neutral_hadron<-charged_hadron,0.023237838305828196,-5.74678876779962e-06,6.918230451651858e-06,-5.3958165521977136e-06,6.382257568719736e-07,-1.2665019219451478e-05,-3.5097221560190607e-07,5.74678876779962e-06,1.2079298377525359e-05
B_tbl_minus_hqql,mod.blocks.3.attn.h2,neutral_hadron<-charged_hadron,0.013798495021236968,-8.045592383283602e-06,0.0,0.0,0.0,-8.045592383283602e-06,-8.045592383283602e-06,8.045592383283602e-06,1.2068388574925404e-05
B_tbl_minus_hqql,mod.blocks.1.attn.h1,electron<-charged_hadron,0.021344569168592755,8.035022658173388e-06,0.0,0.0,0.0,8.035022658173388e-06,8.035022658173388e-06,8.035022658173388e-06,1.2052533987260082e-05
signed_hqql_tbl,mod.blocks.5.attn.h3,photon<-charged_hadron,0.020091853055773566,-3.9754640849801315e-06,1.2175627955103416e-05,-5.780162485282355e-06,1.1732750970925358e-06,-1.6151092040083547e-05,1.8046984003022239e-06,3.9754640849801315e-06,1.2051010105021905e-05
B_tbl_minus_hqql,mod.blocks.5.attn.h0,neutral_hadron<-electron,0.02453926159068942,-8.0145281082458e-06,0.0,0.0,0.0,-8.0145281082458e-06,-8.0145281082458e-06,8.0145281082458e-06,1.20217921623687e-05
B_tbl_minus_hqql,mod.blocks.6.attn.h2,neutral_hadron<-electron,0.03459543535987345,-8.01397395487304e-06,0.0,0.0,0.0,-8.01397395487304e-06,-8.01397395487304e-06,8.01397395487304e-06,1.2020960932309559e-05
B_tbl_minus_hqql,mod.blocks.5.attn.h0,charged_hadron<-neutral_hadron,0.009720447946318756,-7.946020472692675e-06,0.0,0.0,0.0,-7.946020472692675e-06,-7.946020472692675e-06,7.946020472692675e-06,1.1919030709039013e-05
B_tbl_minus_hqql,mod.blocks.4.attn.h6,charged_hadron<-photon,0.01458097123071794,7.944876642695829e-06,0.0,0.0,0.0,7.944876642695829e-06,7.944876642695829e-06,7.944876642695829e-06,1.1917314964043742e-05
B_tbl_minus_hqql,mod.blocks.5.attn.h3,charged_hadron<-photon,0.015559335401076029,-7.93741225762587e-06,0.0,0.0,0.0,-7.93741225762587e-06,-7.93741225762587e-06,7.93741225762587e-06,1.1906118386438804e-05
B_tbl_minus_hqql,mod.blocks.1.attn.h4,photon<-neutral_hadron,0.015100773504844444,7.915999027128631e-06,0.0,0.0,0.0,7.915999027128631e-06,7.915999027128631e-06,7.915999027128631e-06,1.1873998540692948e-05
signed_hqql_tbl,mod.blocks.5.attn.h7,charged_hadron<-neutral_hadron,0.010600851926371663,-2.2908784911646187e-06,1.6868722086000414e-05,-4.456449460913701e-06,3.7597160538518922e-06,-1.9159600577165034e-05,2.165570969749082e-06,2.2908784911646187e-06,1.1870678779747135e-05
signed_hqql_tbl,mod.blocks.6.attn.h4,charged_hadron<-photon,0.00691497711373802,-6.625055183553671e-06,3.862899439033202e-06,-2.349789579493424e-06,4.5391728816075e-06,-1.0487954622586873e-05,-4.275265604060247e-06,6.625055183553671e-06,1.1869032494847107e-05
signed_hqql_tbl,mod.blocks.5.attn.h7,muon<-neutral_hadron,0.0025480810552835466,5.287558087729849e-06,1.844536564021837e-05,-3.128425305476412e-05,0.00014447007054948935,-1.3157807552488521e-05,3.657181114249397e-05,5.287558087729849e-06,1.186646186397411e-05
signed_hqql_tbl,mod.blocks.7.attn.h2,photon<-photon,0.012216255965770821,2.95085390685021e-06,-1.4877382150471271e-05,4.040968044550966e-06,-1.5213466646065464e-05,1.7828236057321483e-05,-1.0901141377007557e-06,2.95085390685021e-06,1.1864971935510951e-05
signed_hqql_tbl,mod.blocks.4.attn.h5,photon<-charged_hadron,0.019932718618924115,-2.3911418497736133e-06,-2.1336395868888763e-05,-1.134610123664072e-06,-1.600772301709505e-05,1.894525401911515e-05,-1.2565317261095413e-06,2.3911418497736133e-06,1.1863768859331187e-05
B_tbl_minus_hqql,mod.blocks.5.attn.h6,neutral_hadron<-photon,0.013408184181008555,7.880968990166857e-06,0.0,0.0,0.0,7.880968990166857e-06,7.880968990166857e-06,7.880968990166857e-06,1.1821453485250285e-05
signed_hqql_tbl,mod.blocks.6.attn.h4,neutral_hadron<-photon,0.013468978569272289,-4.73389245835922e-06,9.435037281052427e-06,-4.0655460692017705e-06,1.850073606692114e-06,-1.4168929739411647e-05,-6.683463891574495e-07,4.73389245835922e-06,1.1818357328065043e-05
B_tbl_minus_hqql,mod.blocks.3.attn.h1,photon<-muon,0.010258091444318945,7.87557457277382e-06,0.0,0.0,0.0,7.87557457277382e-06,7.87557457277382e-06,7.87557457277382e-06,1.1813361859160729e-05
signed_hqql_tbl,mod.blocks.4.attn.h2,electron<-neutral_hadron,0.019354805391720638,-7.75622327882257e-06,-1.5818559376157282e-05,8.710315392818302e-05,-2.4836818435384583e-05,8.062336097334712e-06,-9.485937720700559e-05,7.75622327882257e-06,1.1787391327489926e-05
B_tbl_minus_hqql,mod.blocks.5.attn.h2,photon<-photon,0.014510656292361273,7.854080599616758e-06,0.0,0.0,0.0,7.854080599616758e-06,7.854080599616758e-06,7.854080599616758e-06,1.1781120899425136e-05
B_tbl_minus_hqql,mod.blocks.6.attn.h6,charged_hadron<-neutral_hadron,0.01371825358730214,-7.850678175871969e-06,0.0,0.0,0.0,-7.850678175871969e-06,-7.850678175871969e-06,7.850678175871969e-06,1.1776017263807954e-05
B_tbl_minus_hqql,mod.blocks.5.attn.h0,photon<-muon,0.016395873644135216,-7.850218521939082e-06,0.0,0.0,0.0,-7.850218521939082e-06,-7.850218521939082e-06,7.850218521939082e-06,1.1775327782908622e-05
signed_hqql_tbl,mod.blocks.6.attn.h6,charged_hadron<-photon,0.006501818930478648,3.289285849600996e-06,-1.3656042219259367e-05,5.4627216600851925e-06,-8.042544039907918e-06,1.6945328068860362e-05,-2.1734358104841965e-06,3.289285849600996e-06,1.1761949884031178e-05
B_tbl_minus_hqql,mod.blocks.6.attn.h3,muon<-neutral_hadron,0.011216221004724502,-7.830550748622045e-06,0.0,0.0,0.0,-7.830550748622045e-06,-7.830550748622045e-06,7.830550748622045e-06,1.1745826122933066e-05
B_tbl_minus_hqql,mod.blocks.0.attn.h7,muon<-charged_hadron,0.015189448992411295,7.830281516141964e-06,0.0,0.0,0.0,7.830281516141964e-06,7.830281516141964e-06,7.830281516141964e-06,1.1745422274212945e-05
signed_hqql_tbl,mod.blocks.6.attn.h0,neutral_hadron<-neutral_hadron,0.011027037920258664,2.0542721770037787e-07,-2.2853838891542474e-05,-2.35257300098503e-06,7.545570511206232e-07,2.305926610924285e-05,2.5580002186854077e-06,2.0542721770037787e-07,1.1735060272321803e-05
signed_hqql_tbl,mod.blocks.6.attn.h0,photon<-photon,0.015143445130833861,-4.694185526268824e-06,9.37308181239805e-06,-5.478786089797291e-06,1.5184755053638937e-05,-1.4067267338666872e-05,7.846005635284669e-07,4.694185526268824e-06,1.172781919560226e-05
B_tbl_minus_hqql,mod.blocks.0.attn.h7,charged_hadron<-photon,0.013817024556120954,-7.800505924937134e-06,0.0,0.0,0.0,-7.800505924937134e-06,-7.800505924937134e-06,7.800505924937134e-06,1.17007588874057e-05
signed_hqql_tbl,mod.blocks.1.attn.h7,charged_hadron<-neutral_hadron,0.016528855539509394,-3.773685538528005e-06,1.2033028545923666e-05,-5.6882569721251606e-06,-1.0782651959988228e-05,-1.5806714084451672e-05,1.9145714335971556e-06,3.773685538528005e-06,1.167704258075384e-05
signed_hqql_tbl,mod.blocks.6.attn.h4,neutral_hadron<-muon,0.02756944000720978,1.7175050743389875e-06,-1.8195610209659208e-05,-0.00010645818838384002,3.851537827437784e-05,1.9913115283998196e-05,0.00010817569345817901,1.7175050743389875e-06,1.1674062716338086e-05
signed_hqql_tbl,mod.blocks.3.attn.h4,photon<-photon,0.019924919407288105,-8.828065856909538e-06,-3.1382395890937714e-06,-9.61371717859543e-06,5.573135741883864e-06,-5.689826267815767e-06,7.856513216858924e-07,8.828065856909538e-06,1.1672978990817422e-05
B_tbl_minus_hqql,mod.blocks.5.attn.h3,charged_hadron<-muon,0.007899565227103956,-7.780752970244397e-06,0.0,0.0,0.0,-7.780752970244397e-06,-7.780752970244397e-06,7.780752970244397e-06,1.1671129455366595e-05
signed_hqql_tbl,mod.blocks.3.attn.h7,charged_hadron<-charged_hadron,0.02234582313589812,1.0056728169765035e-05,1.3280760062092174e-05,4.215654562983679e-06,-1.822090161000291e-06,-3.2240318923271394e-06,5.841073606781356e-06,1.0056728169765035e-05,1.1668744115928605e-05
signed_hqql_tbl,mod.blocks.2.attn.h6,charged_hadron<-charged_hadron,0.02073301920180066,8.915377966918892e-06,3.434690226923244e-06,-5.181444617442111e-06,-7.0929333596502594e-06,5.480687739995648e-06,1.4096822584361004e-05,8.915377966918892e-06,1.1655721836916716e-05
B_tbl_minus_hqql,mod.blocks.5.attn.h1,muon<-photon,0.012836701490662315,7.761786533096297e-06,0.0,0.0,0.0,7.761786533096297e-06,7.761786533096297e-06,7.761786533096297e-06,1.1642679799644444e-05
B_tbl_minus_hqql,mod.blocks.4.attn.h2,electron<-neutral_hadron,0.019354836339726508,-7.756214345660668e-06,0.0,0.0,0.0,-7.756214345660668e-06,-7.756214345660668e-06,7.756214345660668e-06,1.1634321518491002e-05
signed_hqql_tbl,mod.blocks.6.attn.h4,muon<-neutral_hadron,0.012647761404514313,2.035504439845681e-06,2.12223967821501e-05,0.00012691602751147002,-0.0001813821157987189,-1.9186892342304417e-05,-0.00012488052307162433,2.035504439845681e-06,1.1628950610997889e-05
signed_hqql_tbl,mod.blocks.5.attn.h4,photon<-photon,0.012246584443222193,-3.4174838004840925e-06,1.2966126876769083e-05,-3.568665773428649e-06,1.8140400892921857e-06,-1.6383610677253176e-05,1.5118197294455668e-07,3.4174838004840925e-06,1.1609289139110681e-05
signed_hqql_tbl,mod.blocks.3.attn.h5,charged_hadron<-photon,0.014711594980192038,7.044549114544074e-06,-2.0792394034150023e-06,4.518010716719412e-06,-8.927686699667057e-06,9.123788517959076e-06,2.5265383978246617e-06,7.044549114544074e-06,1.1606443373523612e-05
B_tbl_minus_hqql,mod.blocks.2.attn.h1,photon<-charged_hadron,0.022070904004642,-7.71447398417719e-06,0.0,0.0,0.0,-7.71447398417719e-06,-7.71447398417719e-06,7.71447398417719e-06,1.1571710976265784e-05
B_tbl_minus_hqql,mod.blocks.0.attn.h3,neutral_hadron<-photon,0.013955197650257066,-7.711988645790735e-06,0.0,0.0,0.0,-7.711988645790735e-06,-7.711988645790735e-06,7.711988645790735e-06,1.1567982968686102e-05
B_tbl_minus_hqql,mod.cls_blocks.0.attn.h3,CLS<-photon,0.01569147596957017,-7.71124624467377e-06,0.0,0.0,0.0,-7.71124624467377e-06,-7.71124624467377e-06,7.71124624467377e-06,1.1566869367010656e-05
signed_hqql_tbl,mod.blocks.5.attn.h3,neutral_hadron<-photon,0.009823344874500414,-2.604235308448244e-06,1.5173138867112915e-05,1.7673693366483721e-06,3.5242763696386307e-06,-1.7777374175561157e-05,-4.371604645096616e-06,2.604235308448244e-06,1.1492922396228823e-05
signed_hqql_tbl,mod.blocks.5.attn.h6,charged_hadron<-muon,0.009013622096090607,-7.1319994855333455e-06,-1.5847941782946387e-05,3.751227632164955e-06,3.7995744770089816e-05,8.715942297413042e-06,-1.0883227117698301e-05,7.1319994855333455e-06,1.1489970634239866e-05
B_tbl_minus_hqql,mod.blocks.3.attn.h6,electron<-neutral_hadron,0.006448258869708157,7.652576396839531e-06,0.0,0.0,0.0,7.652576396839531e-06,7.652576396839531e-06,7.652576396839531e-06,1.1478864595259296e-05
B_tbl_minus_hqql,mod.blocks.3.attn.h1,neutral_hadron<-photon,0.01578415046931053,7.651211788240054e-06,0.0,0.0,0.0,7.651211788240054e-06,7.651211788240054e-06,7.651211788240054e-06,1.147681768236008e-05
B_tbl_minus_hqql,mod.blocks.6.attn.h7,charged_hadron<-photon,0.012897032685495923,-7.64007600834794e-06,0.0,0.0,0.0,-7.64007600834794e-06,-7.64007600834794e-06,7.64007600834794e-06,1.1460114012521909e-05
signed_hqql_tbl,mod.blocks.7.attn.h1,photon<-photon,0.013371825410545324,-9.539582255908237e-06,-5.703807705268011e-06,-9.578489257974133e-06,2.2296330938239673e-06,-3.835774550640226e-06,3.8907002065896145e-08,9.539582255908237e-06,1.145746953122835e-05
signed_hqql_tbl,mod.blocks.0.attn.h0,charged_hadron<-photon,0.01666342960387875,3.99007866371323e-06,1.885813830972178e-05,1.1809054933966449e-05,-2.7578464393632955e-06,-1.4868059646008551e-05,-7.81897627025322e-06,3.99007866371323e-06,1.1424108486717505e-05
B_tbl_minus_hqql,mod.blocks.4.attn.h2,neutral_hadron<-photon,0.012600730760063465,7.601711404909311e-06,0.0,0.0,0.0,7.601711404909311e-06,7.601711404909311e-06,7.601711404909311e-06,1.1402567107363967e-05
B_tbl_minus_hqql,mod.blocks.4.attn.h5,neutral_hadron<-charged_hadron,0.019506391120582774,7.599821444591234e-06,0.0,0.0,0.0,7.599821444591234e-06,7.599821444591234e-06,7.599821444591234e-06,1.139973216688685e-05
B_tbl_minus_hqql,mod.blocks.7.attn.h7,photon<-neutral_hadron,0.015228287652736122,7.591614480393989e-06,0.0,0.0,0.0,7.591614480393989e-06,7.591614480393989e-06,7.591614480393989e-06,1.1387421720590984e-05
signed_hqql_tbl,mod.blocks.7.attn.h4,neutral_hadron<-neutral_hadron,0.007413359296520074,-3.511945408773406e-06,1.2202017156166791e-05,-3.63126010200818e-06,-2.3786454235118587e-06,-1.5713962564940196e-05,1.1931469323477393e-07,3.511945408773406e-06,1.1368926691243503e-05
B_tbl_minus_hqql,mod.blocks.7.attn.h2,muon<-charged_hadron,0.01051408052444458,7.578279385625413e-06,0.0,0.0,0.0,7.578279385625413e-06,7.578279385625413e-06,7.578279385625413e-06,1.1367419078438118e-05
B_tbl_minus_hqql,mod.blocks.1.attn.h0,photon<-charged_hadron,0.02018125566993576,7.577356562289637e-06,0.0,0.0,0.0,7.577356562289637e-06,7.577356562289637e-06,7.577356562289637e-06,1.1366034843434455e-05
B_tbl_minus_hqql,mod.blocks.5.attn.h5,photon<-neutral_hadron,0.008372884972135447,7.556913449047572e-06,0.0,0.0,0.0,7.556913449047572e-06,7.556913449047572e-06,7.556913449047572e-06,1.1335370173571358e-05
B_tbl_minus_hqql,mod.blocks.4.attn.h3,charged_hadron<-photon,0.013781697436465705,-7.548176303868101e-06,0.0,0.0,0.0,-7.548176303868101e-06,-7.548176303868101e-06,7.548176303868101e-06,1.1322264455802152e-05
signed_hqql_tbl,mod.blocks.0.attn.h5,neutral_hadron<-photon,0.0170259437969499,-2.864224469930299e-06,1.4047548563862608e-05,-3.437107563701802e-05,9.406348563477517e-06,-1.6911773033792907e-05,3.150685116708772e-05,2.864224469930299e-06,1.1320110986826753e-05
B_tbl_minus_hqql,mod.blocks.4.attn.h1,charged_hadron<-neutral_hadron,0.01626243239447927,-7.515285328495289e-06,0.0,0.0,0.0,-7.515285328495289e-06,-7.515285328495289e-06,7.515285328495289e-06,1.1272927992742933e-05
signed_hqql_tbl,mod.blocks.7.attn.h0,neutral_hadron<-photon,0.01744840359332619,4.593917567711867e-06,1.7843956851926162e-05,1.3042415074333884e-05,-1.8987036670506763e-05,-1.3250039284214296e-05,-8.448497506622018e-06,4.593917567711867e-06,1.1218937209819016e-05
B_tbl_minus_hqql,mod.blocks.5.attn.h6,charged_hadron<-electron,0.008684278122688594,-7.439036907223788e-06,0.0,0.0,0.0,-7.439036907223788e-06,-7.439036907223788e-06,7.439036907223788e-06,1.1158555360835682e-05
B_tbl_minus_hqql,mod.blocks.5.attn.h5,photon<-photon,0.015460163943004384,7.436279407383931e-06,0.0,0.0,0.0,7.436279407383931e-06,7.436279407383931e-06,7.436279407383931e-06,1.1154419111075897e-05
signed_hqql_tbl,mod.blocks.4.attn.h4,photon<-neutral_hadron,0.021816714793388182,-5.005637913205835e-06,7.290953881260585e-06,1.9834440780155472e-06,2.801478225822419e-06,-1.229659179446642e-05,-6.989081991221382e-06,5.005637913205835e-06,1.1153933810439046e-05
signed_hqql_tbl,mod.blocks.7.attn.h5,neutral_hadron<-neutral_hadron,0.00846623894317301,4.80102912635589e-06,-7.877573279861519e-06,2.2462705562972975e-05,-7.29665781014855e-06,1.2678602406217408e-05,-1.7661676436617087e-05,4.80102912635589e-06,1.1140330329464593e-05
B_tbl_minus_hqql,mod.blocks.6.attn.h5,charged_hadron<-photon,0.01778009826267442,7.424570143207853e-06,0.0,0.0,0.0,7.424570143207853e-06,7.424570143207853e-06,7.424570143207853e-06,1.1136855214811779e-05
signed_hqql_tbl,mod.blocks.4.attn.h7,photon<-photon,0.012986556004394858,-4.14835356582898e-06,9.799597571863234e-06,-5.106240916309606e-06,1.338408427757559e-05,-1.3947951137692214e-05,9.578873504806258e-07,4.14835356582898e-06,1.1122329134675087e-05
signed_hqql_tbl,mod.blocks.4.attn.h5,charged_hadron<-neutral_hadron,0.008863270535827358,-5.137797825999953e-06,6.742406319742938e-06,-5.312023152632523e-06,-5.703052347622215e-06,-1.188020414574289e-05,1.7422532663256985e-07,5.137797825999953e-06,1.10778998988714e-05
B_tbl_minus_hqql,mod.blocks.7.attn.h1,neutral_hadron<-photon,0.013584581666818545,-7.375994522825044e-06,0.0,0.0,0.0,-7.375994522825044e-06,-7.375994522825044e-06,7.375994522825044e-06,1.1063991784237567e-05
signed_hqql_tbl,mod.blocks.7.attn.h5,charged_hadron<-photon,0.02026884051288113,-4.014441157844113e-06,1.0075280411847655e-05,-6.904652670880116e-06,6.251379635463857e-06,-1.4089721569691767e-05,2.8902115130360027e-06,4.014441157844113e-06,1.1059301942689998e-05
signed_hqql_tbl,mod.blocks.5.attn.h3,charged_hadron<-charged_hadron,0.02108660906370497,-6.252547198580897e-06,3.3565182755006933e-06,-9.157506265299928e-06,-5.900891919253214e-07,-9.60906547408159e-06,2.9049590667190307e-06,6.252547198580897e-06,1.1057079935621693e-05
signed_hqql_tbl,mod.blocks.4.attn.h6,muon<-muon,0.000584194203838706,6.7604387368191965e-06,-1.7449002882585773e-06,5.8455120779399294e-06,-6.363427145217315e-07,8.505339025077774e-06,9.14926658879267e-07,6.7604387368191965e-06,1.1013108249358083e-05
B_tbl_minus_hqql,mod.blocks.7.attn.h5,neutral_hadron<-photon,0.016715927959450427,-7.337218363563259e-06,0.0,0.0,0.0,-7.337218363563259e-06,-7.337218363563259e-06,7.337218363563259e-06,1.1005827545344888e-05
B_tbl_minus_hqql,mod.blocks.1.attn.h4,muon<-charged_hadron,0.012320308974294952,-7.331942800771106e-06,0.0,0.0,0.0,-7.331942800771106e-06,-7.331942800771106e-06,7.331942800771106e-06,1.0997914201156659e-05
B_tbl_minus_hqql,mod.blocks.6.attn.h4,photon<-electron,0.02368363638718923,-7.329689469770528e-06,0.0,0.0,0.0,-7.329689469770528e-06,-7.329689469770528e-06,7.329689469770528e-06,1.0994534204655792e-05
B_tbl_minus_hqql,mod.blocks.5.attn.h2,neutral_hadron<-neutral_hadron,0.019081471726033857,7.3070209721819545e-06,0.0,0.0,0.0,7.3070209721819545e-06,7.3070209721819545e-06,7.3070209721819545e-06,1.0960531458272932e-05
B_tbl_minus_hqql,mod.blocks.2.attn.h0,neutral_hadron<-muon,0.015466269850730897,7.286678737727925e-06,0.0,0.0,0.0,7.286678737727925e-06,7.286678737727925e-06,7.286678737727925e-06,1.0930018106591888e-05
signed_hqql_tbl,mod.blocks.0.attn.h3,photon<-photon,0.01883348010677372,8.904713039425491e-06,4.8676870760775375e-06,7.110982897882039e-06,-4.91223292383543e-06,4.037025963347953e-06,1.7937301415434515e-06,8.904713039425491e-06,1.0923226021099467e-05
B_tbl_minus_hqql,mod.blocks.4.attn.h5,charged_hadron<-photon,0.014779584081593558,-7.270876300495381e-06,0.0,0.0,0.0,-7.270876300495381e-06,-7.270876300495381e-06,7.270876300495381e-06,1.0906314450743073e-05
B_tbl_minus_hqql,mod.blocks.4.attn.h3,neutral_hadron<-photon,0.012895458681401371,-7.268066944286787e-06,0.0,0.0,0.0,-7.268066944286787e-06,-7.268066944286787e-06,7.268066944286787e-06,1.0902100416430181e-05
signed_hqql_tbl,mod.blocks.2.attn.h7,neutral_hadron<-charged_hadron,0.020616584718687537,-3.3629958710057554e-06,1.1693011877034698e-05,-1.4916812770131895e-05,2.429843173321404e-05,-1.5056007748040453e-05,1.1553816899126139e-05,3.3629958710057554e-06,1.0890999745025981e-05
B_tbl_minus_hqql,mod.blocks.6.attn.h4,charged_hadron<-neutral_hadron,0.019022935937190878,7.2541552680439465e-06,0.0,0.0,0.0,7.2541552680439465e-06,7.2541552680439465e-06,7.2541552680439465e-06,1.0881232902065919e-05
B_tbl_minus_hqql,mod.blocks.3.attn.h5,neutral_hadron<-neutral_hadron,0.012259422197269323,-7.252968601844072e-06,0.0,0.0,0.0,-7.252968601844072e-06,-7.252968601844072e-06,7.252968601844072e-06,1.0879452902766108e-05
signed_hqql_tbl,mod.blocks.6.attn.h4,muon<-charged_hadron,0.02789074182510376,-1.5681526940280685e-07,-2.1579902386292817e-05,-9.226909023709595e-05,0.00011507770110059148,2.142308711689001e-05,9.211227496769313e-05,1.5681526940280685e-07,1.0868358827847813e-05
signed_hqql_tbl,mod.blocks.4.attn.h1,neutral_hadron<-neutral_hadron,0.013087788040343768,-1.9434564120064562e-07,-2.1462905373485796e-05,5.774685855042653e-07,-1.8041027896364087e-06,2.126855973228515e-05,-7.71814226704911e-07,1.9434564120064562e-07,1.082862550734322e-05
signed_hqql_tbl,mod.blocks.2.attn.h3,electron<-electron,0.0009694511924559871,-6.1023990838293685e-06,3.2807671175305586e-06,0.00029792915938742226,-2.6064573510418334e-05,-9.383166201359927e-06,-0.00030403155847125163,6.1023990838293685e-06,1.0793982184509332e-05
B_tbl_minus_hqql,mod.blocks.6.attn.h4,photon<-photon,0.012303485761760585,-7.1940833844398915e-06,0.0,0.0,0.0,-7.1940833844398915e-06,-7.1940833844398915e-06,7.1940833844398915e-06,1.0791125076659837e-05
B_tbl_minus_hqql,mod.blocks.6.attn.h7,charged_hadron<-neutral_hadron,0.015556955990936115,-7.193331787090919e-06,0.0,0.0,0.0,-7.193331787090919e-06,-7.193331787090919e-06,7.193331787090919e-06,1.078999768063638e-05
B_tbl_minus_hqql,mod.blocks.7.attn.h6,charged_hadron<-neutral_hadron,0.010104525084662426,7.145836938354002e-06,0.0,0.0,0.0,7.145836938354002e-06,7.145836938354002e-06,7.145836938354002e-06,1.0718755407531004e-05
B_tbl_minus_hqql,mod.blocks.5.attn.h6,charged_hadron<-muon,0.009013622096090607,-7.1319994855333455e-06,0.0,0.0,0.0,-7.1319994855333455e-06,-7.1319994855333455e-06,7.1319994855333455e-06,1.0697999228300018e-05
signed_hqql_tbl,mod.blocks.6.attn.h6,electron<-neutral_hadron,0.0044098887441438046,-6.950934212349798e-06,-1.4443493044136169e-05,-1.0495501046534627e-05,-2.887234738106296e-06,7.4925588317863705e-06,3.544566834184829e-06,6.950934212349798e-06,1.0697213628242984e-05
B_tbl_minus_hqql,mod.blocks.4.attn.h1,photon<-photon,0.013367265007906314,-7.122400462188394e-06,0.0,0.0,0.0,-7.122400462188394e-06,-7.122400462188394e-06,7.122400462188394e-06,1.068360069328259e-05
signed_hqql_tbl,mod.blocks.6.attn.h6,neutral_hadron<-photon,0.009525865427386605,2.2896935180266102e-06,-1.449784596862523e-05,5.860088763213281e-06,-8.457042617448525e-06,1.678753948665184e-05,-3.570395245186671e-06,2.2896935180266102e-06,1.068346326135253e-05
B_tbl_minus_hqql,mod.blocks.1.attn.h4,neutral_hadron<-electron,0.02081835097991503,7.101568581464772e-06,0.0,0.0,0.0,7.101568581464772e-06,7.101568581464772e-06,7.101568581464772e-06,1.0652352872197158e-05
B_tbl_minus_hqql,mod.blocks.1.attn.h0,neutral_hadron<-photon,0.01563397321843124,-7.100732230929939e-06,0.0,0.0,0.0,-7.100732230929939e-06,-7.100732230929939e-06,7.100732230929939e-06,1.0651098346394908e-05
B_tbl_minus_hqql,mod.blocks.6.attn.h4,photon<-charged_hadron,0.022471459384956812,-7.099300358681636e-06,0.0,0.0,0.0,-7.099300358681636e-06,-7.099300358681636e-06,7.099300358681636e-06,1.0648950538022454e-05
B_tbl_minus_hqql,mod.blocks.6.attn.h0,charged_hadron<-photon,0.01674247281015365,-7.096172901297794e-06,0.0,0.0,0.0,-7.096172901297794e-06,-7.096172901297794e-06,7.096172901297794e-06,1.0644259351946691e-05
signed_hqql_tbl,mod.blocks.1.attn.h0,photon<-charged_hadron,0.020181255879718932,7.577354295955282e-06,1.4834938785777642e-06,6.45641990138854e-06,-1.2905483927099618e-06,6.093860417377518e-06,1.1209343945667419e-06,7.577354295955282e-06,1.0624284504644041e-05
B_tbl_minus_hqql,mod.blocks.5.attn.h2,charged_hadron<-neutral_hadron,0.007349675447438957,7.074234078450601e-06,0.0,0.0,0.0,7.074234078450601e-06,7.074234078450601e-06,7.074234078450601e-06,1.0611351117675903e-05
signed_hqql_tbl,mod.blocks.5.attn.h7,photon<-charged_hadron,0.02483600438349162,1.6294816361180536e-06,1.954287901002143e-05,-5.677519055052883e-06,8.403788660660589e-08,-1.7913397373903378e-05,7.307000691170937e-06,1.6294816361180536e-06,1.0586180323069742e-05
B_tbl_minus_hqql,mod.blocks.3.attn.h5,charged_hadron<-photon,0.014711594665517275,7.044550343742369e-06,0.0,0.0,0.0,7.044550343742369e-06,7.044550343742369e-06,7.044550343742369e-06,1.0566825515613553e-05
signed_hqql_tbl,mod.blocks.7.attn.h4,charged_hadron<-electron,0.013157486131316736,-5.805914330075642e-06,3.6947902844985946e-06,-7.22279772831491e-05,3.0386867422294017e-07,-9.500704614574236e-06,6.642206295307345e-05,5.805914330075642e-06,1.055626663736276e-05
B_tbl_minus_hqql,mod.blocks.7.attn.h2,photon<-electron,0.015260581920544306,7.023422343384785e-06,0.0,0.0,0.0,7.023422343384785e-06,7.023422343384785e-06,7.023422343384785e-06,1.0535133515077178e-05
signed_hqql_tbl,mod.blocks.3.attn.h5,neutral_hadron<-neutral_hadron,0.012259423040832655,-7.2529633180296605e-06,-7.309355360458882e-07,-8.217961274105584e-06,7.290769467072688e-06,-6.522027781983772e-06,9.649979560759237e-07,7.2529633180296605e-06,1.0513977209021546e-05
B_tbl_minus_hqql,mod.blocks.6.attn.h2,charged_hadron<-charged_hadron,0.02200330029529059,-7.004841198443932e-06,0.0,0.0,0.0,-7.004841198443932e-06,-7.004841198443932e-06,7.004841198443932e-06,1.0507261797665897e-05
signed_hqql_tbl,mod.blocks.2.attn.h1,neutral_hadron<-photon,0.01466238898271955,5.864899710727211e-06,-3.3682616326285194e-06,-5.164312845619185e-06,6.0053673987421e-06,9.23316134335573e-06,1.1029212556346397e-05,5.864899710727211e-06,1.0481480382405075e-05
B_tbl_minus_hqql,mod.blocks.4.attn.h1,neutral_hadron<-charged_hadron,0.02183402093856898,-6.9603229929442355e-06,0.0,0.0,0.0,-6.9603229929442355e-06,-6.9603229929442355e-06,6.9603229929442355e-06,1.0440484489416354e-05
B_tbl_minus_hqql,mod.blocks.3.attn.h2,photon<-electron,0.03998225629329681,6.959535433755567e-06,0.0,0.0,0.0,6.959535433755567e-06,6.959535433755567e-06,6.959535433755567e-06,1.0439303150633351e-05
B_tbl_minus_hqql,mod.blocks.6.attn.h6,electron<-neutral_hadron,0.004409890961072121,-6.950957247598721e-06,0.0,0.0,0.0,-6.950957247598721e-06,-6.950957247598721e-06,6.950957247598721e-06,1.0426435871398082e-05
signed_hqql_tbl,mod.blocks.1.attn.h7,photon<-charged_hadron,0.02262935389834671,-1.0512912494283673e-06,1.7672797146538112e-05,-3.7770160355750048e-06,1.3303512660876956e-05,-1.872408839596648e-05,2.7257247861466374e-06,1.0512912494283673e-06,1.0413335447411607e-05
B_tbl_minus_hqql,mod.blocks.2.attn.h5,charged_hadron<-neutral_hadron,0.011061786163485179,-6.922948379627977e-06,0.0,0.0,0.0,-6.922948379627977e-06,-6.922948379627977e-06,6.922948379627977e-06,1.0384422569441967e-05
B_tbl_minus_hqql,mod.blocks.5.attn.h6,neutral_hadron<-charged_hadron,0.02130453346073781,6.905879537281123e-06,0.0,0.0,0.0,6.905879537281123e-06,6.905879537281123e-06,6.905879537281123e-06,1.0358819305921684e-05
B_tbl_minus_hqql,mod.blocks.7.attn.h4,charged_hadron<-charged_hadron,0.02379551498362906,-6.893205288978071e-06,0.0,0.0,0.0,-6.893205288978071e-06,-6.893205288978071e-06,6.893205288978071e-06,1.0339807933467106e-05
signed_hqql_tbl,mod.blocks.2.attn.h1,photon<-neutral_hadron,0.014715657387365843,-4.280698341508249e-06,-1.638344012364443e-05,-1.8130579307245595e-06,-8.131529263773505e-06,1.2102741782136182e-05,-2.467640410783689e-06,4.280698341508249e-06,1.0332069232576339e-05
B_tbl_minus_hqql,mod.blocks.7.attn.h1,electron<-neutral_hadron,0.02486334189486045,6.866446011162435e-06,0.0,0.0,0.0,6.866446011162435e-06,6.866446011162435e-06,6.866446011162435e-06,1.0299669016743652e-05
B_tbl_minus_hqql,mod.blocks.0.attn.h7,charged_hadron<-charged_hadron,0.020985750863418803,-6.864901264168739e-06,0.0,0.0,0.0,-6.864901264168739e-06,-6.864901264168739e-06,6.864901264168739e-06,1.0297351896253109e-05
signed_hqql_tbl,mod.blocks.5.attn.h1,neutral_hadron<-photon,0.011044471549514212,-4.026753857954677e-06,8.497652839333664e-06,-5.024957877711404e-06,9.504692482637946e-06,-1.2524406697288342e-05,9.982040197567268e-07,4.026753857954677e-06,1.0288957206598849e-05
B_tbl_minus_hqql,mod.blocks.5.attn.h4,charged_hadron<-photon,0.014904229351459911,-6.854902742204395e-06,0.0,0.0,0.0,-6.854902742204395e-06,-6.854902742204395e-06,6.854902742204395e-06,1.0282354113306594e-05
B_tbl_minus_hqql,mod.blocks.2.attn.h7,charged_hadron<-neutral_hadron,0.008088865049463293,-6.846031226564417e-06,0.0,0.0,0.0,-6.846031226564417e-06,-6.846031226564417e-06,6.846031226564417e-06,1.0269046839846625e-05
B_tbl_minus_hqql,mod.blocks.5.attn.h0,photon<-neutral_hadron,0.014830412570916666,-6.824027838364352e-06,0.0,0.0,0.0,-6.824027838364352e-06,-6.824027838364352e-06,6.824027838364352e-06,1.0236041757546527e-05
B_tbl_minus_hqql,mod.blocks.5.attn.h1,neutral_hadron<-muon,0.01705557405948639,6.821768329245969e-06,0.0,0.0,0.0,6.821768329245969e-06,6.821768329245969e-06,6.821768329245969e-06,1.0232652493868953e-05
B_tbl_minus_hqql,mod.blocks.6.attn.h0,charged_hadron<-charged_hadron,0.021103611183997187,-6.790289624089875e-06,0.0,0.0,0.0,-6.790289624089875e-06,-6.790289624089875e-06,6.790289624089875e-06,1.0185434436134812e-05
B_tbl_minus_hqql,mod.blocks.6.attn.h7,muon<-charged_hadron,0.024697437430873062,6.771214292243575e-06,0.0,0.0,0.0,6.771214292243575e-06,6.771214292243575e-06,6.771214292243575e-06,1.0156821438365363e-05
B_tbl_minus_hqql,mod.blocks.3.attn.h0,photon<-charged_hadron,0.02216371879460158,-6.768370402501171e-06,0.0,0.0,0.0,-6.768370402501171e-06,-6.768370402501171e-06,6.768370402501171e-06,1.0152555603751756e-05
B_tbl_minus_hqql,mod.blocks.1.attn.h5,muon<-photon,0.019476702267473393,-6.763202360492539e-06,0.0,0.0,0.0,-6.763202360492539e-06,-6.763202360492539e-06,6.763202360492539e-06,1.0144803540738808e-05
B_tbl_minus_hqql,mod.blocks.4.attn.h6,muon<-muon,0.000584194203838706,6.7604387368191965e-06,0.0,0.0,0.0,6.7604387368191965e-06,6.7604387368191965e-06,6.7604387368191965e-06,1.0140658105228795e-05
B_tbl_minus_hqql,mod.blocks.6.attn.h2,charged_hadron<-muon,0.011590262254079184,-6.7594761882598204e-06,0.0,0.0,0.0,-6.7594761882598204e-06,-6.7594761882598204e-06,6.7594761882598204e-06,1.013921428238973e-05
signed_hqql_tbl,mod.blocks.2.attn.h5,neutral_hadron<-neutral_hadron,0.013789502218461189,-6.701616000963184e-06,-1.3574716139492407e-05,-2.7956301549960893e-05,1.793506177027981e-06,6.873100138529223e-06,2.1254685548997707e-05,6.701616000963184e-06,1.0138166070227796e-05
signed_hqql_tbl,mod.blocks.3.attn.h2,photon<-neutral_hadron,0.009699435799407486,-3.7732861912534716e-06,-1.6422311203177854e-05,1.395949526540463e-05,-1.0814212508544121e-05,1.2649025011924383e-05,-1.7732781456658103e-05,3.7732861912534716e-06,1.0097798697215663e-05
B_tbl_minus_hqql,mod.blocks.2.attn.h5,neutral_hadron<-neutral_hadron,0.013789500853715417,-6.7016140420515185e-06,0.0,0.0,0.0,-6.7016140420515185e-06,-6.7016140420515185e-06,6.7016140420515185e-06,1.0052421063077278e-05
B_tbl_minus_hqql,mod.blocks.7.attn.h2,photon<-neutral_hadron,0.024375571477938555,6.693440908974402e-06,0.0,0.0,0.0,6.693440908974402e-06,6.693440908974402e-06,6.693440908974402e-06,1.0040161363461603e-05
signed_hqql_tbl,mod.blocks.7.attn.h2,muon<-charged_hadron,0.01051408052444458,7.578279385625413e-06,1.2494922460367282e-05,-0.00014537349343299866,-2.308727763817612e-05,-4.916643074741869e-06,0.00015295177281862408,7.578279385625413e-06,1.0036600922996347e-05
signed_hqql_tbl,mod.blocks.7.attn.h1,neutral_hadron<-photon,0.013584581676068179,-7.375995800972781e-06,-2.0786269208542485e-06,-1.0756656924339352e-05,-5.332006478489754e-07,-5.297368880118532e-06,3.3806611233665706e-06,7.375995800972781e-06,1.0024680241032047e-05
signed_hqql_tbl,mod.blocks.7.attn.h2,neutral_hadron<-charged_hadron,0.019852598150305323,1.0799439997523468e-06,-1.674934451207141e-05,2.8684013792089926e-06,-6.059970624278027e-07,1.7829288511823757e-05,-1.7884573794566458e-06,1.0799439997523468e-06,9.994588255664225e-06
signed_hqql_tbl,mod.blocks.7.attn.h3,photon<-charged_hadron,0.019773091034274555,9.453631824059056e-06,1.0515774686597456e-05,1.6690909139347024e-05,2.382262342211639e-06,-1.0621428625383998e-06,-7.2372773152879685e-06,9.453631824059056e-06,9.984703255328256e-06
signed_hqql_tbl,mod.blocks.7.attn.h5,photon<-photon,0.01647435871619984,-1.761393755693666e-06,1.4680496069753309e-05,-1.9158493542229975e-06,7.120505146378157e-06,-1.6441889825446976e-05,1.5445559852933147e-07,1.761393755693666e-06,9.982338668417155e-06
B_tbl_minus_hqql,mod.blocks.6.attn.h4,charged_hadron<-photon,0.006914977015402156,-6.625054729006385e-06,0.0,0.0,0.0,-6.625054729006385e-06,-6.625054729006385e-06,6.625054729006385e-06,9.937582093509576e-06
B_tbl_minus_hqql,mod.blocks.2.attn.h3,photon<-neutral_hadron,0.006287696086272625,-6.6234401582682724e-06,0.0,0.0,0.0,-6.6234401582682724e-06,-6.6234401582682724e-06,6.6234401582682724e-06,9.935160237402408e-06
B_tbl_minus_hqql,mod.blocks.2.attn.h1,muon<-muon,0.0002338415215490386,6.606619990634499e-06,0.0,0.0,0.0,6.606619990634499e-06,6.606619990634499e-06,6.606619990634499e-06,9.909929985951749e-06
signed_hqql_tbl,mod.blocks.6.attn.h0,photon<-neutral_hadron,0.012240431388848172,-6.931158157573084e-07,1.7633250840074046e-05,-2.728571785602093e-06,4.036625963988279e-06,-1.8326366655831355e-05,2.0354559698447846e-06,6.931158157573084e-07,9.856299143672986e-06
signed_hqql_tbl,mod.blocks.4.attn.h5,charged_hadron<-photon,0.014779584134039353,-7.270882523311748e-06,-2.101765144590337e-06,-7.097573401637126e-06,-2.2902622294077756e-06,-5.1691173787214115e-06,-1.7330912167462198e-07,7.270882523311748e-06,9.855441212672454e-06
B_tbl_minus_hqql,mod.blocks.4.attn.h7,charged_hadron<-muon,0.028088426951206093,-6.562533654329e-06,0.0,0.0,0.0,-6.562533654329e-06,-6.562533654329e-06,6.562533654329e-06,9.8438004814935e-06
signed_hqql_tbl,mod.blocks.3.attn.h4,charged_hadron<-photon,0.015155217587764286,-8.859294979864616e-07,1.7018736872325275e-05,1.6558588761319379e-06,-2.536826371879719e-06,-1.7904666370311737e-05,-2.5417883741183995e-06,8.859294979864616e-07,9.838262683142331e-06
signed_hqql_tbl,mod.blocks.2.attn.h7,muon<-neutral_hadron,0.004816102981567383,-1.2880485883215441e-06,1.575719943502918e-05,-6.268626020755619e-05,2.607179466513512e-05,-1.7045248023350722e-05,6.139821161923464e-05,1.2880485883215441e-06,9.810672599996905e-06
B_tbl_minus_hqql,mod.blocks.1.attn.h7,charged_hadron<-charged_hadron,0.02145874933628133,-6.535393205573069e-06,0.0,0.0,0.0,-6.535393205573069e-06,-6.535393205573069e-06,6.535393205573069e-06,9.803089808359604e-06
signed_hqql_tbl,mod.blocks.4.attn.h6,neutral_hadron<-neutral_hadron,0.010786469571907311,3.378197262877008e-06,-9.377548847196783e-06,7.670958499802743e-06,-1.6904230764443175e-06,1.2755746110073791e-05,-4.292761236925734e-06,3.378197262877008e-06,9.756070317913904e-06
B_tbl_minus_hqql,mod.blocks.3.attn.h6,charged_hadron<-neutral_hadron,0.006356689467358945,6.50014371280266e-06,0.0,0.0,0.0,6.50014371280266e-06,6.50014371280266e-06,6.50014371280266e-06,9.75021556920399e-06
B_tbl_minus_hqql,mod.blocks.5.attn.h5,charged_hadron<-photon,0.016830129949625926,6.465881939761683e-06,0.0,0.0,0.0,6.465881939761683e-06,6.465881939761683e-06,6.465881939761683e-06,9.698822909642526e-06
signed_hqql_tbl,mod.blocks.4.attn.h1,muon<-muon,0.00041255532414652407,-5.7803572417469695e-06,2.0277274401792056e-06,-3.117489313808619e-06,-1.3120429208868245e-05,-7.808084681926175e-06,-2.6628679279383505e-06,5.7803572417469695e-06,9.684399582710057e-06
B_tbl_minus_hqql,mod.blocks.7.attn.h1,neutral_hadron<-electron,0.032649812216942124,-6.448541870878006e-06,0.0,0.0,0.0,-6.448541870878006e-06,-6.448541870878006e-06,6.448541870878006e-06,9.67281280631701e-06
signed_hqql_tbl,mod.blocks.1.attn.h1,photon<-charged_hadron,0.021106469646928805,-1.4590742529500596e-06,1.49628226203427e-05,-5.069419996808149e-07,-4.167537669399769e-06,-1.642189687329276e-05,-9.521322532692447e-07,1.4590742529500596e-06,9.670022689596438e-06
signed_hqql_tbl,mod.blocks.5.attn.h7,photon<-photon,0.011957917376784928,-5.115225839011202e-06,3.957497593136703e-06,7.824117955882262e-08,8.7222670921403e-06,-9.072723432147905e-06,-5.193467018570024e-06,5.115225839011202e-06,9.651587555085155e-06
B_tbl_minus_hqql,mod.blocks.0.attn.h7,photon<-neutral_hadron,0.02847385288098819,-6.418487156523377e-06,0.0,0.0,0.0,-6.418487156523377e-06,-6.418487156523377e-06,6.418487156523377e-06,9.627730734785064e-06
signed_hqql_tbl,mod.blocks.5.attn.h0,neutral_hadron<-photon,0.017609438786663528,-5.6409568271332265e-06,2.316598410684391e-06,6.987741574438027e-06,-1.5252234100384205e-05,-7.957555237817617e-06,-1.2628698401571254e-05,5.6409568271332265e-06,9.619734446042036e-06
signed_hqql_tbl,mod.blocks.3.attn.h7,charged_hadron<-neutral_hadron,0.012306840638800252,-1.8135703242385336e-06,1.3765458044856116e-05,1.1354270914198914e-07,5.498415441853921e-06,-1.557902836909465e-05,-1.9271130333805227e-06,1.8135703242385336e-06,9.603084508785858e-06
B_tbl_minus_hqql,mod.blocks.7.attn.h0,neutral_hadron<-neutral_hadron,0.008464868631488523,-6.399336781616792e-06,0.0,0.0,0.0,-6.399336781616792e-06,-6.399336781616792e-06,6.399336781616792e-06,9.599005172425187e-06
B_tbl_minus_hqql,mod.blocks.0.attn.h3,photon<-charged_hadron,0.0188998002288523,-6.385731543186893e-06,0.0,0.0,0.0,-6.385731543186893e-06,-6.385731543186893e-06,6.385731543186893e-06,9.578597314780339e-06
B_tbl_minus_hqql,mod.blocks.4.attn.h3,muon<-charged_hadron,0.021528256661964184,6.369037278504535e-06,0.0,0.0,0.0,6.369037278504535e-06,6.369037278504535e-06,6.369037278504535e-06,9.553555917756801e-06
B_tbl_minus_hqql,mod.blocks.1.attn.h4,charged_hadron<-muon,0.027665338732979515,6.36484279918174e-06,0.0,0.0,0.0,6.36484279918174e-06,6.36484279918174e-06,6.36484279918174e-06,9.54726419877261e-06
signed_hqql_tbl,mod.blocks.0.attn.h7,charged_hadron<-neutral_hadron,0.023572988566576792,5.197294653291233e-06,-3.462522825528238e-06,-9.209630883375444e-06,-1.4839679224161522e-05,8.659817478819471e-06,1.4406925536666676e-05,5.197294653291233e-06,9.527203392700969e-06
signed_hqql_tbl,mod.blocks.1.attn.h6,photon<-charged_hadron,0.020721700083459468,6.330857781750292e-06,-3.427185580761058e-08,8.470199666232733e-06,-3.454893301873531e-06,6.365129637557903e-06,-2.13934188448244e-06,6.330857781750292e-06,9.513422600529244e-06
B_tbl_minus_hqql,mod.blocks.1.attn.h6,photon<-charged_hadron,0.02072169987367629,6.330858543597152e-06,0.0,0.0,0.0,6.330858543597152e-06,6.330858543597152e-06,6.330858543597152e-06,9.496287815395728e-06
B_tbl_minus_hqql,mod.blocks.6.attn.h1,electron<-photon,0.001760194116892914,6.318948968934516e-06,0.0,0.0,0.0,6.318948968934516e-06,6.318948968934516e-06,6.318948968934516e-06,9.478423453401773e-06
B_tbl_minus_hqql,mod.blocks.6.attn.h1,muon<-neutral_hadron,0.0037563897669315336,6.2694205553270875e-06,0.0,0.0,0.0,6.2694205553270875e-06,6.2694205553270875e-06,6.2694205553270875e-06,9.40413083299063e-06
signed_hqql_tbl,mod.blocks.2.attn.h6,neutral_hadron<-photon,0.015706905476577826,2.375187524808987e-06,1.642886458848047e-05,-1.802822792744746e-05,2.434335666718676e-06,-1.4053677063671483e-05,2.0403415452256447e-05,2.375187524808987e-06,9.402026056644729e-06
B_tbl_minus_hqql,mod.blocks.5.attn.h3,charged_hadron<-charged_hadron,0.021086608767032666,-6.252554234614924e-06,0.0,0.0,0.0,-6.252554234614924e-06,-6.252554234614924e-06,6.252554234614924e-06,9.378831351922386e-06
B_tbl_minus_hqql,mod.blocks.7.attn.h0,photon<-charged_hadron,0.022197373417889132,-6.243874736005679e-06,0.0,0.0,0.0,-6.243874736005679e-06,-6.243874736005679e-06,6.243874736005679e-06,9.365812104008518e-06
B_tbl_minus_hqql,mod.blocks.1.attn.h7,neutral_hadron<-neutral_hadron,0.014082666429189535,-6.225370457403374e-06,0.0,0.0,0.0,-6.225370457403374e-06,-6.225370457403374e-06,6.225370457403374e-06,9.338055686105061e-06
B_tbl_minus_hqql,mod.blocks.0.attn.h7,neutral_hadron<-electron,0.06809583592873353,-6.221233958897826e-06,0.0,0.0,0.0,-6.221233958897826e-06,-6.221233958897826e-06,6.221233958897826e-06,9.331850938346739e-06
signed_hqql_tbl,mod.cls_blocks.1.attn.h3,neutral_hadron<-CLS,0.010604228591546416,-4.9334518053001375e-06,-1.371746930090012e-05,0.0,0.0,8.784017495599983e-06,-4.9334518053001375e-06,4.9334518053001375e-06,9.325460553100129e-06
B_tbl_minus_hqql,mod.blocks.0.attn.h4,charged_hadron<-photon,0.021918197638968566,-6.215408129627406e-06,0.0,0.0,0.0,-6.215408129627406e-06,-6.215408129627406e-06,6.215408129627406e-06,9.323112194441109e-06
B_tbl_minus_hqql,mod.blocks.4.attn.h0,photon<-photon,0.01391129307952844,-6.179241644732023e-06,0.0,0.0,0.0,-6.179241644732023e-06,-6.179241644732023e-06,6.179241644732023e-06,9.268862467098035e-06
B_tbl_minus_hqql,mod.blocks.7.attn.h4,charged_hadron<-neutral_hadron,0.011848604830956865,-6.174488249917889e-06,0.0,0.0,0.0,-6.174488249917889e-06,-6.174488249917889e-06,6.174488249917889e-06,9.261732374876834e-06
signed_hqql_tbl,mod.blocks.1.attn.h4,neutral_hadron<-photon,0.01081931856498446,1.5794503969762679e-06,-1.3730166644700037e-05,-2.0792692111841468e-05,-1.004126394063505e-06,1.5309617041676304e-05,2.2372142508817737e-05,1.5794503969762679e-06,9.23425891781442e-06
B_tbl_minus_hqql,mod.blocks.2.attn.h3,neutral_hadron<-photon,0.016835060310541362,-6.142334819902579e-06,0.0,0.0,0.0,-6.142334819902579e-06,-6.142334819902579e-06,6.142334819902579e-06,9.213502229853867e-06
signed_hqql_tbl,mod.blocks.4.attn.h3,neutral_hadron<-charged_hadron,0.022944845431745513,3.693250800725945e-06,1.4702392454145829e-05,8.645396594799046e-06,-4.9777997679315335e-06,-1.1009141653419884e-05,-4.952145794073101e-06,3.693250800725945e-06,9.197821627435887e-06
B_tbl_minus_hqql,mod.blocks.5.attn.h7,electron<-electron,0.000359167574060848,6.12298625431625e-06,0.0,0.0,0.0,6.12298625431625e-06,6.12298625431625e-06,6.12298625431625e-06,9.184479381474375e-06
signed_hqql_tbl,mod.blocks.0.attn.h4,charged_hadron<-charged_hadron,0.013467114773361155,-4.235427846840547e-06,5.656284146348216e-06,-2.250717327310299e-07,-7.244836569650685e-07,-9.891711993188762e-06,-4.010356114109517e-06,4.235427846840547e-06,9.181283843434927e-06
signed_hqql_tbl,mod.blocks.6.attn.h5,neutral_hadron<-neutral_hadron,0.005826495048999137,2.197918627419226e-06,-1.1739120639712533e-05,-1.7118109179522832e-07,8.094727982764377e-07,1.393703926713176e-05,2.369099719214454e-06,2.197918627419226e-06,9.166438260985106e-06
B_tbl_minus_hqql,mod.blocks.2.attn.h3,electron<-electron,0.0009694509596253434,-6.10239483952076e-06,0.0,0.0,0.0,-6.10239483952076e-06,-6.10239483952076e-06,6.10239483952076e-06,9.15359225928114e-06
signed_hqql_tbl,mod.blocks.6.attn.h3,photon<-photon,0.011885930863920535,-3.7905114226180085e-06,6.8412086584023556e-06,-4.801811472914378e-06,5.126366078892446e-06,-1.0631720081020365e-05,1.0113000502963691e-06,3.7905114226180085e-06,9.106371463128192e-06
B_tbl_minus_hqql,mod.blocks.4.attn.h6,photon<-electron,0.005924267880618572,6.059136345963149e-06,0.0,0.0,0.0,6.059136345963149e-06,6.059136345963149e-06,6.059136345963149e-06,9.088704518944723e-06
B_tbl_minus_hqql,mod.blocks.1.attn.h5,charged_hadron<-neutral_hadron,0.011720342391922618,-6.029502238466669e-06,0.0,0.0,0.0,-6.029502238466669e-06,-6.029502238466669e-06,6.029502238466669e-06,9.044253357700003e-06
signed_hqql_tbl,mod.blocks.2.attn.h2,photon<-neutral_hadron,0.01206571407602264,8.210082611266793e-06,9.820436434110933e-06,-3.2106829259076e-07,-3.652555147210364e-05,-1.6103538228441398e-06,8.531150903857554e-06,8.210082611266793e-06,9.015259522688862e-06
B_tbl_minus_hqql,mod.blocks.7.attn.h1,charged_hadron<-charged_hadron,0.02252529013073187,-6.006203872271616e-06,0.0,0.0,0.0,-6.006203872271616e-06,-6.006203872271616e-06,6.006203872271616e-06,9.009305808407424e-06
B_tbl_minus_hqql,mod.blocks.4.attn.h4,neutral_hadron<-charged_hadron,0.025815269472178146,5.995254493211849e-06,0.0,0.0,0.0,5.995254493211849e-06,5.995254493211849e-06,5.995254493211849e-06,8.992881739817773e-06
B_tbl_minus_hqql,mod.blocks.3.attn.h5,muon<-muon,0.0005148681811988354,5.9943813539575785e-06,0.0,0.0,0.0,5.9943813539575785e-06,5.9943813539575785e-06,5.9943813539575785e-06,8.991572030936368e-06
B_tbl_minus_hqql,mod.blocks.0.attn.h2,photon<-electron,0.041545607646306354,-5.986528897968432e-06,0.0,0.0,0.0,-5.986528897968432e-06,-5.986528897968432e-06,5.986528897968432e-06,8.979793346952648e-06
signed_hqql_tbl,mod.blocks.3.attn.h5,muon<-muon,0.0005148681811988354,5.9943813539575785e-06,2.7772070865239584e-08,1.2164197187303216e-06,-3.962891717890216e-06,5.966609283092339e-06,4.777961635227257e-06,5.9943813539575785e-06,8.977685995503748e-06
B_tbl_minus_hqql,mod.blocks.5.attn.h1,photon<-photon,0.013440350733398726,-5.968943517499085e-06,0.0,0.0,0.0,-5.968943517499085e-06,-5.968943517499085e-06,5.968943517499085e-06,8.953415276248628e-06
B_tbl_minus_hqql,mod.blocks.6.attn.h0,muon<-neutral_hadron,0.006684403121471405,-5.940158735029399e-06,0.0,0.0,0.0,-5.940158735029399e-06,-5.940158735029399e-06,5.940158735029399e-06,8.910238102544098e-06
signed_hqql_tbl,mod.blocks.7.attn.h2,neutral_hadron<-muon,0.007485491037368774,5.678461093339138e-06,-7.80410346123972e-07,4.001381512352964e-06,-2.688410760405848e-06,6.45887143946311e-06,1.6770795809861738e-06,5.678461093339138e-06,8.907896813070693e-06
B_tbl_minus_hqql,mod.blocks.0.attn.h1,muon<-charged_hadron,0.019093634504260437,-5.935431655609246e-06,0.0,0.0,0.0,-5.935431655609246e-06,-5.935431655609246e-06,5.935431655609246e-06,8.90314748341387e-06
signed_hqql_tbl,mod.blocks.2.attn.h1,neutral_hadron<-neutral_hadron,0.009585742856590794,4.919170130681148e-06,-3.0395661408123407e-06,-4.089522525766217e-06,-1.789860136874775e-06,7.958736271493488e-06,9.008692656447365e-06,4.919170130681148e-06,8.898538266427892e-06
signed_hqql_tbl,mod.blocks.2.attn.h7,photon<-neutral_hadron,0.00959094423710523,-2.755150571270383e-06,9.515956378855379e-06,-1.2987914121983407e-06,-1.1680638937005073e-06,-1.2271106950125763e-05,-1.4563591590720422e-06,2.755150571270383e-06,8.890704046333265e-06
B_tbl_minus_hqql,mod.blocks.5.attn.h6,neutral_hadron<-neutral_hadron,0.021338946835842365,-5.926379107243006e-06,0.0,0.0,0.0,-5.926379107243006e-06,-5.926379107243006e-06,5.926379107243006e-06,8.88956866086451e-06
B_tbl_minus_hqql,mod.blocks.6.attn.h0,charged_hadron<-neutral_hadron,0.009628110558055323,-5.916446089214079e-06,0.0,0.0,0.0,-5.916446089214079e-06,-5.916446089214079e-06,5.916446089214079e-06,8.874669133821118e-06
B_tbl_minus_hqql,mod.blocks.5.attn.h7,photon<-muon,0.0219730098139156,-5.9099931439215485e-06,0.0,0.0,0.0,-5.9099931439215485e-06,-5.9099931439215485e-06,5.9099931439215485e-06,8.864989715882324e-06
B_tbl_minus_hqql,mod.blocks.6.attn.h2,neutral_hadron<-charged_hadron,0.023250081523202216,-5.909893868445039e-06,0.0,0.0,0.0,-5.909893868445039e-06,-5.909893868445039e-06,5.909893868445039e-06,8.864840802667558e-06
signed_hqql_tbl,mod.blocks.5.attn.h1,neutral_hadron<-neutral_hadron,0.02228417473916824,-8.144244244389344e-06,-9.579163970820314e-06,-2.1692669378034696e-06,-1.3677016149091016e-05,1.4349197264309706e-06,-5.974977306585874e-06,8.144244244389344e-06,8.861704107604829e-06
signed_hqql_tbl,mod.blocks.4.attn.h6,neutral_hadron<-muon,0.0015320106409490108,3.7493675336008893e-06,-6.468780611612601e-06,-8.192171662813053e-06,-6.852274434204051e-06,1.021814814521349e-05,1.1941539196413941e-05,3.7493675336008893e-06,8.858441606207635e-06
signed_hqql_tbl,mod.blocks.2.attn.h6,photon<-charged_hadron,0.022265009663989248,1.5653669219537816e-06,1.6133134734353543e-05,1.4870686563914706e-06,-1.2432682326117225e-05,-1.4567767812399762e-05,7.829826556231099e-08,1.5653669219537816e-06,8.849250828153662e-06
signed_hqql_tbl,mod.blocks.3.attn.h6,photon<-neutral_hadron,0.005059187171586473,-3.785826807782692e-07,-1.729495993715823e-05,2.781080689090437e-06,-1.0786310934604547e-06,1.691637725637996e-05,-3.159663369868706e-06,3.785826807782692e-07,8.83677130896825e-06
B_tbl_minus_hqql,mod.blocks.1.attn.h5,neutral_hadron<-photon,0.017596940606518018,-5.890447779342967e-06,0.0,0.0,0.0,-5.890447779342967e-06,-5.890447779342967e-06,5.890447779342967e-06,8.83567166901445e-06
signed_hqql_tbl,mod.blocks.4.attn.h3,electron<-neutral_hadron,0.009466728338828454,-8.551626636360128e-06,-7.985399292920192e-06,5.269917164696381e-07,-5.400735002088671e-06,-5.662273434399357e-07,-9.078618352829766e-06,8.551626636360128e-06,8.834740308080096e-06
signed_hqql_tbl,mod.blocks.4.attn.h7,neutral_hadron<-charged_hadron,0.021608495675468346,1.5814953466385558e-06,1.6073589155509196e-05,2.566322984930467e-06,5.201797842743593e-06,-1.449209380887064e-05,-9.84827638291911e-07,1.5814953466385558e-06,8.827542251073875e-06
signed_hqql_tbl,mod.blocks.5.attn.h1,neutral_hadron<-muon,0.01705557405948639,6.821768329245969e-06,2.8362928787828423e-06,-9.133305866271257e-06,5.0499823887746416e-05,3.985475450463127e-06,1.595507419551723e-05,6.821768329245969e-06,8.814506054477532e-06
B_tbl_minus_hqql,mod.blocks.2.attn.h1,neutral_hadron<-photon,0.014662389315706391,5.864897904157971e-06,0.0,0.0,0.0,5.864897904157971e-06,5.864897904157971e-06,5.864897904157971e-06,8.797346856236957e-06
signed_hqql_tbl,mod.blocks.7.attn.h1,charged_hadron<-charged_hadron,0.022525289410241983,-6.0062036549823305e-06,-1.1566725128791408e-05,-5.193130015911453e-06,-7.322913151283468e-07,5.560521473809077e-06,-8.130736390708777e-07,6.0062036549823305e-06,8.786464391886869e-06
B_tbl_minus_hqql,mod.blocks.7.attn.h4,charged_hadron<-electron,0.013157480053211512,-5.805918159527018e-06,0.0,0.0,0.0,-5.805918159527018e-06,-5.805918159527018e-06,5.805918159527018e-06,8.708877239290527e-06
signed_hqql_tbl,mod.blocks.5.attn.h0,neutral_hadron<-electron,0.024539264420477245,-8.014534544669845e-06,-6.639336220359837e-06,-4.887023649644107e-05,9.425498016450243e-06,-1.3751983243100075e-06,4.085570195177122e-05,8.014534544669845e-06,8.702133706824848e-06
B_tbl_minus_hqql,mod.blocks.4.attn.h3,muon<-photon,0.011549039320512251,-5.7901356326924125e-06,0.0,0.0,0.0,-5.7901356326924125e-06,-5.7901356326924125e-06,5.7901356326924125e-06,8.68520344903862e-06
B_tbl_minus_hqql,mod.blocks.4.attn.h1,muon<-muon,0.00041255532414652407,-5.7803572417469695e-06,0.0,0.0,0.0,-5.7803572417469695e-06,-5.7803572417469695e-06,5.7803572417469695e-06,8.670535862620454e-06
B_tbl_minus_hqql,mod.blocks.5.attn.h1,neutral_hadron<-charged_hadron,0.023237837937708925,-5.746786487275592e-06,0.0,0.0,0.0,-5.746786487275592e-06,-5.746786487275592e-06,5.746786487275592e-06,8.620179730913389e-06
signed_hqql_tbl,mod.blocks.6.attn.h1,neutral_hadron<-photon,0.01384218432087842,2.97889219345363e-07,-1.6332526619177704e-05,-8.218999320951928e-07,3.085277202276859e-06,1.663041583852307e-05,1.1197891514405558e-06,2.97889219345363e-07,8.613097138606897e-06
B_tbl_minus_hqql,mod.blocks.4.attn.h6,photon<-photon,0.01194337342917897,5.738710295892138e-06,0.0,0.0,0.0,5.738710295892138e-06,5.738710295892138e-06,5.738710295892138e-06,8.608065443838208e-06
B_tbl_minus_hqql,mod.blocks.1.attn.h7,neutral_hadron<-charged_hadron,0.021671157980235164,5.731776815827608e-06,0.0,0.0,0.0,5.731776815827608e-06,5.731776815827608e-06,5.731776815827608e-06,8.597665223741412e-06
signed_hqql_tbl,mod.blocks.5.attn.h1,muon<-photon,0.012836701490662315,7.761786533096297e-06,6.228516073091529e-06,-7.289849842588107e-05,-4.559001847935308e-05,1.5332704600047682e-06,8.066028495897737e-05,7.761786533096297e-06,8.52842176309868e-06
signed_hqql_tbl,mod.blocks.0.attn.h3,electron<-electron,0.0006417599215637892,8.221539234890921e-06,8.830453580799258e-06,0.0003860719435238025,0.0008376474877216176,-6.08914345908337e-07,-0.00037785040428891153,8.221539234890921e-06,8.525996407845089e-06
signed_hqql_tbl,mod.blocks.5.attn.h2,charged_hadron<-neutral_hadron,0.0073496755317996225,7.074229704637686e-06,4.181017924041429e-06,-8.872618510934791e-06,7.018960977168104e-06,2.8932117805962575e-06,1.594684821557248e-05,7.074229704637686e-06,8.520835594935816e-06
B_tbl_minus_hqql,mod.blocks.7.attn.h2,neutral_hadron<-muon,0.007485491037368774,5.678461093339138e-06,0.0,0.0,0.0,5.678461093339138e-06,5.678461093339138e-06,5.678461093339138e-06,8.517691640008707e-06
B_tbl_minus_hqql,mod.blocks.6.attn.h4,photon<-neutral_hadron,0.02577760578829779,5.667336836973769e-06,0.0,0.0,0.0,5.667336836973769e-06,5.667336836973769e-06,5.667336836973769e-06,8.501005255460653e-06
signed_hqql_tbl,mod.blocks.4.attn.h2,neutral_hadron<-photon,0.012600730912682434,7.601708749252528e-06,9.390141914200485e-06,1.9085932049544777e-05,-1.6791577500619105e-05,-1.788433164947957e-06,-1.1484223300292249e-05,7.601708749252528e-06,8.495925331726508e-06
signed_hqql_tbl,mod.blocks.0.attn.h5,charged_hadron<-neutral_hadron,0.01050655377383583,-3.127336643595005e-06,-1.3856239407637938e-05,-5.40553094706878e-06,1.2205706672256845e-05,1.0728902764042933e-05,2.278194303473775e-06,3.127336643595005e-06,8.491788025616471e-06
B_tbl_minus_hqql,mod.blocks.5.attn.h0,neutral_hadron<-photon,0.01760943817618765,-5.640956310567334e-06,0.0,0.0,0.0,-5.640956310567334e-06,-5.640956310567334e-06,5.640956310567334e-06,8.461434465851e-06
signed_hqql_tbl,mod.blocks.7.attn.h6,photon<-photon,0.013646098376947966,1.602352426278251e-06,-1.2065601184908598e-05,2.5108039036985977e-06,-1.9984252869871303e-06,1.3667953611186848e-05,-9.084514774203466e-07,1.602352426278251e-06,8.436329231871675e-06
signed_hqql_tbl,mod.blocks.6.attn.h2,neutral_hadron<-neutral_hadron,0.013639718761421065,3.205195985543605e-06,-7.196713398806991e-06,4.184202044173071e-06,5.7086875377307e-06,1.0401909384350596e-05,-9.790060586294658e-07,3.205195985543605e-06,8.406150677718902e-06
signed_hqql_tbl,mod.blocks.3.attn.h5,photon<-photon,0.01617833352405557,-3.5554192195276225e-07,-1.645400919370409e-05,-1.417779972613174e-05,1.703324577314143e-05,1.6098467271751326e-05,1.382225780417898e-05,3.5554192195276225e-07,8.404775557828424e-06
signed_hqql_tbl,mod.blocks.7.attn.h3,muon<-photon,0.0012991010973399336,-4.269804776413366e-06,-1.251231627135824e-05,-9.547273900049428e-06,1.8909760391189984e-06,8.242511494944874e-06,5.277469123636061e-06,4.269804776413366e-06,8.391060523885804e-06
signed_hqql_tbl,mod.blocks.7.attn.h5,neutral_hadron<-charged_hadron,0.02131649383980775,1.4009411590307093e-06,-1.2555147134719904e-05,5.068015786001161e-06,-1.316787824772439e-05,1.3956088293750613e-05,-3.6670746269704517e-06,1.4009411590307093e-06,8.378985305906016e-06
B_tbl_minus_hqql,mod.blocks.0.attn.h5,muon<-charged_hadron,0.010771524725538311,5.577742051558964e-06,0.0,0.0,0.0,5.577742051558964e-06,5.577742051558964e-06,5.577742051558964e-06,8.366613077338446e-06
B_tbl_minus_hqql,mod.blocks.1.attn.h5,charged_hadron<-charged_hadron,0.01948278349311116,5.571488635376944e-06,0.0,0.0,0.0,5.571488635376944e-06,5.571488635376944e-06,5.571488635376944e-06,8.357232953065417e-06
B_tbl_minus_hqql,mod.blocks.2.attn.h6,photon<-muon,0.008913829922676086,5.546083808770742e-06,0.0,0.0,0.0,5.546083808770742e-06,5.546083808770742e-06,5.546083808770742e-06,8.319125713156113e-06
signed_hqql_tbl,mod.blocks.5.attn.h3,muon<-muon,0.0016698510153219104,4.4406747292669024e-06,-3.272452886449173e-06,-4.6856553126417566e-07,5.884604689754269e-06,7.713127615716076e-06,4.909240260531078e-06,4.4406747292669024e-06,8.29723853712494e-06
signed_hqql_tbl,mod.blocks.7.attn.h0,photon<-photon,0.014788347615103161,1.088477446985129e-06,1.546474405074547e-05,4.77332909012117e-07,1.2437034829684138e-05,-1.4376266603760342e-05,6.111445379730119e-07,1.088477446985129e-06,8.2766107488653e-06
signed_hqql_tbl,mod.blocks.7.attn.h0,photon<-charged_hadron,0.02219737310321437,-6.243873365961746e-06,-2.1837789680345726e-06,-1.0350514457352924e-05,1.3350993014279856e-05,-4.0600943979271735e-06,4.106641091391178e-06,6.243873365961746e-06,8.273920564925333e-06
signed_hqql_tbl,mod.blocks.6.attn.h3,neutral_hadron<-photon,0.01048875176466303,-2.5711412339900953e-06,8.784671856646903e-06,-1.7784919824155928e-06,4.741393785410113e-06,-1.1355813090636999e-05,-7.926492515745025e-07,2.5711412339900953e-06,8.249047779308594e-06
B_tbl_minus_hqql,mod.blocks.1.attn.h4,charged_hadron<-neutral_hadron,0.020565455467873976,5.4929944388453365e-06,0.0,0.0,0.0,5.4929944388453365e-06,5.4929944388453365e-06,5.4929944388453365e-06,8.239491658268004e-06
signed_hqql_tbl,mod.blocks.7.attn.h4,charged_hadron<-photon,0.013335282444377015,-2.986031925230487e-06,-1.3420713480040411e-05,-4.061452954514533e-06,4.662507127101612e-08,1.0434681554809924e-05,1.075421029284046e-06,2.986031925230487e-06,8.20337270263545e-06
signed_hqql_tbl,mod.blocks.4.attn.h6,neutral_hadron<-photon,0.011429461668471532,-3.6234999337159315e-06,-1.2738973919895171e-05,-1.0952738081370584e-05,5.929044385636188e-06,9.11547398617924e-06,7.329238147654653e-06,3.6234999337159315e-06,8.181236926805552e-06
signed_hqql_tbl,mod.blocks.6.attn.h3,neutral_hadron<-neutral_hadron,0.01113586090863324,-3.7062898872346313e-07,1.524854563123093e-05,-4.33196378384941e-06,1.629661919780634e-08,-1.5619174619954395e-05,3.961334795125947e-06,3.7062898872346313e-07,8.18021629870066e-06
signed_hqql_tbl,mod.blocks.4.attn.h4,muon<-muon,0.0013433152344077826,-5.23805010743672e-06,6.419229379162061e-07,-2.1815528725710465e-06,2.1655083415339504e-07,-5.879973045352926e-06,-3.056497234865674e-06,5.23805010743672e-06,8.178036630113183e-06
B_tbl_minus_hqql,mod.blocks.3.attn.h1,charged_hadron<-electron,0.02540911067473261,5.449895213946308e-06,0.0,0.0,0.0,5.449895213946308e-06,5.449895213946308e-06,5.449895213946308e-06,8.174842820919462e-06
signed_hqql_tbl,mod.blocks.4.attn.h7,photon<-neutral_hadron,0.020548275488640935,-3.8937555989805516e-06,-1.2413472456615007e-05,-8.485735681226602e-06,-3.1248792554070097e-06,8.519716857634455e-06,4.59198008224605e-06,3.8937555989805516e-06,8.15361402779778e-06
B_tbl_minus_hqql,mod.blocks.7.attn.h2,neutral_hadron<-photon,0.017867493340866968,5.433753226833993e-06,0.0,0.0,0.0,5.433753226833993e-06,5.433753226833993e-06,5.433753226833993e-06,8.150629840250989e-06
signed_hqql_tbl,mod.blocks.6.attn.h4,photon<-neutral_hadron,0.025777605492309483,5.667336827940922e-06,7.232777174451807e-07,8.225546682072404e-06,-1.3415286869617884e-06,4.944059110495741e-06,-2.5582098541314814e-06,5.667336827940922e-06,8.139366383188794e-06
B_tbl_minus_hqql,mod.blocks.6.attn.h1,charged_hadron<-charged_hadron,0.02646963726244082,5.423673739008332e-06,0.0,0.0,0.0,5.423673739008332e-06,5.423673739008332e-06,5.423673739008332e-06,8.135510608512499e-06
B_tbl_minus_hqql,mod.blocks.5.attn.h4,neutral_hadron<-neutral_hadron,0.009659714294740787,5.4079914603696525e-06,0.0,0.0,0.0,5.4079914603696525e-06,5.4079914603696525e-06,5.4079914603696525e-06,8.111987190554479e-06
signed_hqql_tbl,mod.blocks.2.attn.h0,photon<-charged_hadron,0.02209375458460152,3.458172576833849e-07,1.5828490323201913e-05,-2.408625089457652e-06,7.216737315645359e-06,-1.5482673065518526e-05,2.7544423471410367e-06,3.458172576833849e-07,8.087153790442648e-06
B_tbl_minus_hqql,mod.blocks.6.attn.h2,photon<-charged_hadron,0.02337992794441327,-5.38311645339845e-06,0.0,0.0,0.0,-5.38311645339845e-06,-5.38311645339845e-06,5.38311645339845e-06,8.074674680097674e-06
signed_hqql_tbl,mod.blocks.4.attn.h1,neutral_hadron<-photon,0.014376557776085862,-4.220074349072023e-06,3.4629158523787243e-06,-8.703076710050224e-06,-3.480299022709913e-06,-7.682990201450747e-06,4.483002360978201e-06,4.220074349072023e-06,8.061569449797396e-06
B_tbl_minus_hqql,mod.blocks.5.attn.h4,photon<-muon,0.028319762511686844,-5.343960021326149e-06,0.0,0.0,0.0,-5.343960021326149e-06,-5.343960021326149e-06,5.343960021326149e-06,8.015940031989224e-06
signed_hqql_tbl,mod.cls_blocks.1.attn.h6,muon<-muon,0.0,0.0,1.6014288121368736e-05,0.0,0.0,-1.6014288121368736e-05,0.0,0.0,8.007144060684368e-06
B_tbl_minus_hqql,mod.blocks.1.attn.h3,photon<-muon,0.002795281396670775,-5.337466559880837e-06,0.0,0.0,0.0,-5.337466559880837e-06,-5.337466559880837e-06,5.337466559880837e-06,8.006199839821255e-06
B_tbl_minus_hqql,mod.blocks.3.attn.h0,neutral_hadron<-charged_hadron,0.019133736592742874,5.333385138129658e-06,0.0,0.0,0.0,5.333385138129658e-06,5.333385138129658e-06,5.333385138129658e-06,8.000077707194486e-06
B_tbl_minus_hqql,mod.blocks.5.attn.h7,muon<-neutral_hadron,0.0025480810552835466,5.287558087729849e-06,0.0,0.0,0.0,5.287558087729849e-06,5.287558087729849e-06,5.287558087729849e-06,7.931337131594772e-06
B_tbl_minus_hqql,mod.blocks.4.attn.h4,muon<-muon,0.0013433152344077826,-5.23805010743672e-06,0.0,0.0,0.0,-5.23805010743672e-06,-5.23805010743672e-06,5.23805010743672e-06,7.85707516115508e-06
B_tbl_minus_hqql,mod.blocks.1.attn.h1,photon<-neutral_hadron,0.02089875914309056,-5.228432775680311e-06,0.0,0.0,0.0,-5.228432775680311e-06,-5.228432775680311e-06,5.228432775680311e-06,7.842649163520467e-06
signed_hqql_tbl,mod.blocks.3.attn.h6,photon<-electron,0.00622753898302714,-4.789405162834252e-06,-1.0871797258005245e-05,2.367925286047726e-05,2.1567754523054538e-06,6.0823920951709925e-06,-2.8468658023311515e-05,4.789405162834252e-06,7.830601210419749e-06
signed_hqql_tbl,mod.blocks.5.attn.h7,photon<-neutral_hadron,0.011732748891721224,-1.97270362135205e-06,9.675163779472384e-06,2.831584002137668e-06,-2.871252230759008e-06,-1.1647867400824434e-05,-4.804287623489718e-06,1.97270362135205e-06,7.796637321764266e-06
B_tbl_minus_hqql,mod.blocks.0.attn.h7,charged_hadron<-neutral_hadron,0.023572988443870367,5.197299731108281e-06,0.0,0.0,0.0,5.197299731108281e-06,5.197299731108281e-06,5.197299731108281e-06,7.79594959666242e-06
B_tbl_minus_hqql,mod.blocks.6.attn.h2,muon<-charged_hadron,0.011371318138006962,5.193168445574966e-06,0.0,0.0,0.0,5.193168445574966e-06,5.193168445574966e-06,5.193168445574966e-06,7.78975266836245e-06
B_tbl_minus_hqql,mod.blocks.2.attn.h6,neutral_hadron<-charged_hadron,0.02007306137467805,5.189774031772427e-06,0.0,0.0,0.0,5.189774031772427e-06,5.189774031772427e-06,5.189774031772427e-06,7.784661047658641e-06
signed_hqql_tbl,mod.blocks.7.attn.h3,electron<-neutral_hadron,0.0019628988104963916,4.0107832796492785e-06,-3.454750366671533e-06,-3.0719673702606087e-06,6.737115351522031e-06,7.465533646320811e-06,7.082750649909887e-06,4.0107832796492785e-06,7.743550102809684e-06
B_tbl_minus_hqql,mod.blocks.3.attn.h2,charged_hadron<-neutral_hadron,0.013354196998794485,-5.162285621183561e-06,0.0,0.0,0.0,-5.162285621183561e-06,-5.162285621183561e-06,5.162285621183561e-06,7.743428431775342e-06
B_tbl_minus_hqql,mod.blocks.4.attn.h5,charged_hadron<-charged_hadron,0.022809984418892582,5.1568210874596825e-06,0.0,0.0,0.0,5.1568210874596825e-06,5.1568210874596825e-06,5.1568210874596825e-06,7.735231631189523e-06
signed_hqql_tbl,mod.blocks.1.attn.h2,charged_hadron<-charged_hadron,0.020291889013687607,5.001579150166811e-06,-4.1669882960460503e-07,-8.037867507856894e-06,-1.4927395835207852e-05,5.418277979771416e-06,1.3039446658023705e-05,5.001579150166811e-06,7.710718140052518e-06
B_tbl_minus_hqql,mod.blocks.4.attn.h5,charged_hadron<-neutral_hadron,0.008863271371764863,-5.137800095289873e-06,0.0,0.0,0.0,-5.137800095289873e-06,-5.137800095289873e-06,5.137800095289873e-06,7.70670014293481e-06
B_tbl_minus_hqql,mod.blocks.4.attn.h6,photon<-charged_hadron,0.025172740260357904,5.134200904984642e-06,0.0,0.0,0.0,5.134200904984642e-06,5.134200904984642e-06,5.134200904984642e-06,7.701301357476963e-06
B_tbl_minus_hqql,mod.blocks.5.attn.h7,photon<-photon,0.011957917332397703,-5.115225990725348e-06,0.0,0.0,0.0,-5.115225990725348e-06,-5.115225990725348e-06,5.115225990725348e-06,7.672838986088023e-06
signed_hqql_tbl,mod.blocks.0.attn.h4,charged_hadron<-photon,0.021918197534076977,-6.215393917022123e-06,-3.3360397739899597e-06,2.0095232971359553e-06,-1.423905895226011e-05,-2.8793541430321636e-06,-8.224917214158079e-06,6.215393917022123e-06,7.655070988538206e-06
signed_hqql_tbl,mod.blocks.7.attn.h4,charged_hadron<-charged_hadron,0.02379551536506488,-6.893201858911482e-06,-5.374614605632851e-06,-1.0383609273447924e-05,9.352241535539941e-07,-1.518587253278631e-06,3.4904074145364417e-06,6.893201858911482e-06,7.652495485550798e-06
signed_hqql_tbl,mod.blocks.6.attn.h2,photon<-charged_hadron,0.023379928101750654,-5.383113790135478e-06,-9.506899382079222e-07,-1.3195133763577885e-05,1.0328353576759542e-05,-4.432423851927556e-06,7.812019973442407e-06,5.383113790135478e-06,7.599325716099256e-06
B_tbl_minus_hqql,mod.blocks.1.attn.h6,neutral_hadron<-neutral_hadron,0.010222171193872316,5.060394376426139e-06,0.0,0.0,0.0,5.060394376426139e-06,5.060394376426139e-06,5.060394376426139e-06,7.5905915646392084e-06
signed_hqql_tbl,mod.blocks.3.attn.h1,charged_hadron<-photon,0.014813147396753918,-4.655164147649752e-06,1.2094951424393718e-06,-1.1305925863084797e-05,3.839720698176755e-06,-5.864659290089123e-06,6.6507617154350455e-06,4.655164147649752e-06,7.587493792694314e-06
signed_hqql_tbl,mod.blocks.3.attn.h7,neutral_hadron<-charged_hadron,0.021892333362008024,3.6445159722829924e-07,1.4753014752263758e-05,6.164861172980973e-07,3.524052065818809e-06,-1.4388563155035458e-05,-2.520345200697981e-07,3.6445159722829924e-07,7.558733174746028e-06
signed_hqql_tbl,mod.blocks.5.attn.h2,neutral_hadron<-photon,0.014350006048128814,2.651181757264533e-06,1.2463554633762436e-05,8.311550116457572e-07,6.105376023709559e-06,-9.812372876497903e-06,1.8200267456187756e-06,2.651181757264533e-06,7.557368195513484e-06
B_tbl_minus_hqql,mod.blocks.4.attn.h4,photon<-neutral_hadron,0.02181671339669337,-5.005637238000582e-06,0.0,0.0,0.0,-5.005637238000582e-06,-5.005637238000582e-06,5.005637238000582e-06,7.508455857000873e-06
B_tbl_minus_hqql,mod.blocks.1.attn.h2,charged_hadron<-charged_hadron,0.02029188918321464,5.001577132480583e-06,0.0,0.0,0.0,5.001577132480583e-06,5.001577132480583e-06,5.001577132480583e-06,7.502365698720874e-06
signed_hqql_tbl,mod.blocks.0.attn.h4,photon<-charged_hadron,0.020433197973899992,4.6732114674871747e-07,1.4515256757756494e-05,5.011476307282335e-07,-2.211156735448847e-07,-1.4047935611007776e-05,-3.382648397951608e-08,4.6732114674871747e-07,7.491288952252606e-06
B_tbl_minus_hqql,mod.blocks.7.attn.h3,electron<-photon,0.0008449955649363498,-4.9794763678316185e-06,0.0,0.0,0.0,-4.9794763678316185e-06,-4.9794763678316185e-06,4.9794763678316185e-06,7.469214551747427e-06
signed_hqql_tbl,mod.blocks.6.attn.h4,charged_hadron<-neutral_hadron,0.01902293454140532,7.254151653469532e-06,6.826880850509566e-06,1.0368168238334977e-05,-8.97559942106069e-06,4.2727080295996603e-07,-3.114016584865445e-06,7.254151653469532e-06,7.467787054949515e-06
B_tbl_minus_hqql,mod.blocks.2.attn.h1,neutral_hadron<-neutral_hadron,0.00958574216794939,4.919166209359761e-06,0.0,0.0,0.0,4.919166209359761e-06,4.919166209359761e-06,4.919166209359761e-06,7.378749314039642e-06
signed_hqql_tbl,mod.blocks.2.attn.h1,muon<-muon,0.0002338415215490386,6.606619990634499e-06,5.094280912221194e-06,2.5977603854698827e-06,3.5826560104368355e-05,1.512339078413305e-06,4.008859605164616e-06,6.606619990634499e-06,7.362789529841152e-06
B_tbl_minus_hqql,mod.blocks.0.attn.h4,muon<-neutral_hadron,0.004154869168996811,4.903612716589123e-06,0.0,0.0,0.0,4.903612716589123e-06,4.903612716589123e-06,4.903612716589123e-06,7.355419074883685e-06
B_tbl_minus_hqql,mod.blocks.0.attn.h1,charged_hadron<-electron,0.03791405652698718,-4.886361574263949e-06,0.0,0.0,0.0,-4.886361574263949e-06,-4.886361574263949e-06,4.886361574263949e-06,7.329542361395924e-06
B_tbl_minus_hqql,mod.blocks.7.attn.h7,neutral_hadron<-neutral_hadron,0.012169241129110256,4.88561179806241e-06,0.0,0.0,0.0,4.88561179806241e-06,4.88561179806241e-06,4.88561179806241e-06,7.328417697093615e-06
signed_hqql_tbl,mod.blocks.1.attn.h1,photon<-neutral_hadron,0.020898757959137343,-5.228434257067088e-06,-1.0707431872711683e-06,7.830653696123278e-06,-3.1057257817250903e-06,-4.15769106979592e-06,-1.3059087953190366e-05,5.228434257067088e-06,7.307279791965048e-06
signed_hqql_tbl,mod.cls_blocks.1.attn.h4,muon<-CLS,0.0,0.0,-1.4587059922632761e-05,0.0,0.0,1.4587059922632761e-05,0.0,0.0,7.293529961316381e-06
B_tbl_minus_hqql,mod.blocks.7.attn.h6,neutral_hadron<-charged_hadron,0.023709809663549748,-4.843493934599247e-06,0.0,0.0,0.0,-4.843493934599247e-06,-4.843493934599247e-06,4.843493934599247e-06,7.26524090189887e-06
signed_hqql_tbl,mod.blocks.0.attn.h0,photon<-charged_hadron,0.01911477674433066,1.7380814591043264e-06,-9.230186281879951e-06,-5.013082364363023e-06,5.2622804479709965e-06,1.0968267740984278e-05,6.75116382346735e-06,1.7380814591043264e-06,7.2222153295964654e-06
B_tbl_minus_hqql,mod.blocks.7.attn.h4,photon<-charged_hadron,0.02418092468788694,-4.804805538054101e-06,0.0,0.0,0.0,-4.804805538054101e-06,-4.804805538054101e-06,4.804805538054101e-06,7.2072083070811525e-06
B_tbl_minus_hqql,mod.blocks.7.attn.h5,neutral_hadron<-neutral_hadron,0.008466237957192136,4.801029221028877e-06,0.0,0.0,0.0,4.801029221028877e-06,4.801029221028877e-06,4.801029221028877e-06,7.2015438315433164e-06
signed_hqql_tbl,mod.blocks.1.attn.h6,photon<-neutral_hadron,0.01666889654635495,-2.5413306680011367e-06,6.75879255811288e-06,1.1786745030222974e-05,-3.497887264578672e-06,-9.300123226114016e-06,-1.4328075698224111e-05,2.5413306680011367e-06,7.191392281058144e-06
B_tbl_minus_hqql,mod.blocks.3.attn.h6,photon<-electron,0.006227540845672289,-4.789412923855707e-06,0.0,0.0,0.0,-4.789412923855707e-06,-4.789412923855707e-06,4.789412923855707e-06,7.184119385783561e-06
B_tbl_minus_hqql,mod.blocks.6.attn.h4,neutral_hadron<-photon,0.013468979438737932,-4.733894188149268e-06,0.0,0.0,0.0,-4.733894188149268e-06,-4.733894188149268e-06,4.733894188149268e-06,7.100841282223902e-06
B_tbl_minus_hqql,mod.blocks.5.attn.h4,muon<-photon,0.010513148524544456,4.732325495834547e-06,0.0,0.0,0.0,4.732325495834547e-06,4.732325495834547e-06,4.732325495834547e-06,7.09848824375182e-06
signed_hqql_tbl,mod.blocks.5.attn.h5,neutral_hadron<-photon,0.015301318937469758,-2.012354422078545e-06,8.146497840004577e-06,-3.456429218346132e-06,-1.573007915008871e-05,-1.0158852262083121e-05,1.444074796267587e-06,2.012354422078545e-06,7.0917805531201056e-06
B_tbl_minus_hqql,mod.blocks.4.attn.h3,charged_hadron<-charged_hadron,0.02393231274509269,-4.7162514356756385e-06,0.0,0.0,0.0,-4.7162514356756385e-06,-4.7162514356756385e-06,4.7162514356756385e-06,7.074377153513458e-06
signed_hqql_tbl,mod.blocks.6.attn.h2,charged_hadron<-charged_hadron,0.02200330114292575,-7.00484158128696e-06,-7.085019673870049e-06,-1.593657423742017e-06,8.261129421309997e-06,8.017809258308926e-08,-5.411184157544943e-06,7.00484158128696e-06,7.044930627578504e-06
B_tbl_minus_hqql,mod.blocks.6.attn.h0,photon<-photon,0.015143445559910365,-4.694184733381795e-06,0.0,0.0,0.0,-4.694184733381795e-06,-4.694184733381795e-06,4.694184733381795e-06,7.0412771000726926e-06
B_tbl_minus_hqql,mod.blocks.5.attn.h4,photon<-charged_hadron,0.024426620173338905,4.685329499669222e-06,0.0,0.0,0.0,4.685329499669222e-06,4.685329499669222e-06,4.685329499669222e-06,7.027994249503834e-06
signed_hqql_tbl,mod.blocks.3.attn.h4,muon<-photon,0.01620344953103499,-1.5756430167874151e-06,-1.246776362397493e-05,6.840885838582402e-05,-5.3731885730355445e-05,1.0892120607187515e-05,-6.998450140261143e-05,1.5756430167874151e-06,7.021703320381173e-06
signed_hqql_tbl,mod.blocks.0.attn.h1,charged_hadron<-photon,0.013156809158593718,-2.2171799324369292e-07,1.3353803312899989e-05,5.588077440660201e-07,5.254946169637541e-06,-1.3575521306143682e-05,-7.80525737309713e-07,2.2171799324369292e-07,7.0094786463155336e-06
B_tbl_minus_hqql,mod.blocks.3.attn.h1,charged_hadron<-photon,0.01481314702963336,-4.655163430617414e-06,0.0,0.0,0.0,-4.655163430617414e-06,-4.655163430617414e-06,4.655163430617414e-06,6.982745145926121e-06
B_tbl_minus_hqql,mod.blocks.2.attn.h3,charged_hadron<-photon,0.01783371595784635,-4.625170620906487e-06,0.0,0.0,0.0,-4.625170620906487e-06,-4.625170620906487e-06,4.625170620906487e-06,6.937755931359731e-06
signed_hqql_tbl,mod.blocks.0.attn.h6,charged_hadron<-photon,0.02064740007478552,-1.3605323962267411e-06,-1.2442193044627684e-05,-1.0821378912261814e-06,2.5391386283777824e-05,1.1081660648400943e-05,-2.783945050005597e-07,1.3605323962267411e-06,6.901362720427213e-06
B_tbl_minus_hqql,mod.blocks.7.attn.h6,muon<-charged_hadron,0.008335054823846527,-4.596471571307065e-06,0.0,0.0,0.0,-4.596471571307065e-06,-4.596471571307065e-06,4.596471571307065e-06,6.8947073569605974e-06
B_tbl_minus_hqql,mod.blocks.7.attn.h0,neutral_hadron<-photon,0.017448403204841544,4.5939179019271765e-06,0.0,0.0,0.0,4.5939179019271765e-06,4.5939179019271765e-06,4.5939179019271765e-06,6.890876852890764e-06
B_tbl_minus_hqql,mod.blocks.2.attn.h1,neutral_hadron<-charged_hadron,0.022727444070059187,4.582908793006953e-06,0.0,0.0,0.0,4.582908793006953e-06,4.582908793006953e-06,4.582908793006953e-06,6.87436318951043e-06
B_tbl_minus_hqql,mod.blocks.2.attn.h4,photon<-charged_hadron,0.018127376373465554,-4.580006831372915e-06,0.0,0.0,0.0,-4.580006831372915e-06,-4.580006831372915e-06,4.580006831372915e-06,6.870010247059373e-06
B_tbl_minus_hqql,mod.blocks.5.attn.h3,photon<-muon,0.004984881051562049,-4.5617039590566e-06,0.0,0.0,0.0,-4.5617039590566e-06,-4.5617039590566e-06,4.5617039590566e-06,6.8425559385848995e-06
B_tbl_minus_hqql,mod.blocks.0.attn.h2,photon<-charged_hadron,0.019489091868134148,4.556538462163565e-06,0.0,0.0,0.0,4.556538462163565e-06,4.556538462163565e-06,4.556538462163565e-06,6.834807693245347e-06
B_tbl_minus_hqql,mod.blocks.2.attn.h7,neutral_hadron<-muon,0.019034266471862793,-4.554296901915223e-06,0.0,0.0,0.0,-4.554296901915223e-06,-4.554296901915223e-06,4.554296901915223e-06,6.831445352872834e-06
B_tbl_minus_hqql,mod.blocks.4.attn.h3,charged_hadron<-neutral_hadron,0.008104919313586869,4.533878282827914e-06,0.0,0.0,0.0,4.533878282827914e-06,4.533878282827914e-06,4.533878282827914e-06,6.800817424241872e-06
B_tbl_minus_hqql,mod.blocks.3.attn.h2,photon<-charged_hadron,0.024562278509244907,4.531581799505427e-06,0.0,0.0,0.0,4.531581799505427e-06,4.531581799505427e-06,4.531581799505427e-06,6.79737269925814e-06
signed_hqql_tbl,mod.blocks.5.attn.h7,electron<-electron,0.00035916712901477393,6.12297712147362e-06,4.779605667248887e-06,-1.0510339743715254e-06,3.006710763564513e-05,1.3433714542247328e-06,7.174011095845145e-06,6.12297712147362e-06,6.794662848585986e-06
B_tbl_minus_hqql,mod.blocks.6.attn.h5,muon<-neutral_hadron,0.003983163833618164,-4.525812983047217e-06,0.0,0.0,0.0,-4.525812983047217e-06,-4.525812983047217e-06,4.525812983047217e-06,6.788719474570826e-06
signed_hqql_tbl,mod.blocks.6.attn.h2,photon<-photon,0.01331155726553652,1.5307568498344188e-06,-8.951901592343929e-06,1.6105553199029783e-06,-1.1324181582757206e-05,1.0482658442178348e-05,-7.97984700685595e-08,1.5307568498344188e-06,6.7720860709235924e-06
signed_hqql_tbl,mod.blocks.7.attn.h6,neutral_hadron<-photon,0.013591411615439189,-8.084913209293655e-08,-1.3420666875895478e-05,-1.627922541468769e-06,-2.28909614427306e-06,1.3339817743802542e-05,1.5470734093758325e-06,8.084913209293655e-08,6.7507580039942075e-06
signed_hqql_tbl,mod.cls_blocks.1.attn.h6,neutral_hadron<-CLS,0.00032561692933086306,-3.899824946529407e-06,1.7838326584751485e-06,0.0,0.0,-5.683657605004555e-06,-3.899824946529407e-06,3.899824946529407e-06,6.741653749031684e-06
signed_hqql_tbl,mod.blocks.2.attn.h2,electron<-electron,7.087814143839448e-05,1.1498758851757884e-06,1.2226253396363518e-05,-9.159337396387931e-06,6.583455325943016e-07,-1.107637751118773e-05,1.030921328156372e-05,1.1498758851757884e-06,6.688064640769653e-06
signed_hqql_tbl,mod.blocks.6.attn.h2,neutral_hadron<-charged_hadron,0.023250079559899457,-5.909896845483795e-06,-7.451709605955838e-06,6.789859881939615e-07,3.7961689812776174e-06,1.541812760472043e-06,-6.588882833677756e-06,5.909896845483795e-06,6.680803225719817e-06
B_tbl_minus_hqql,mod.blocks.1.attn.h0,charged_hadron<-photon,0.016731453948853774,-4.445423571424853e-06,0.0,0.0,0.0,-4.445423571424853e-06,-4.445423571424853e-06,4.445423571424853e-06,6.6681353571372795e-06
B_tbl_minus_hqql,mod.blocks.7.attn.h6,photon<-electron,0.006973812449723482,-4.443079418100145e-06,0.0,0.0,0.0,-4.443079418100145e-06,-4.443079418100145e-06,4.443079418100145e-06,6.664619127150217e-06
B_tbl_minus_hqql,mod.blocks.5.attn.h3,muon<-muon,0.0016698510153219104,4.4406747292669024e-06,0.0,0.0,0.0,4.4406747292669024e-06,4.4406747292669024e-06,4.4406747292669024e-06,6.661012093900354e-06
B_tbl_minus_hqql,mod.blocks.5.attn.h1,neutral_hadron<-electron,0.021548484953550193,-4.435942593353013e-06,0.0,0.0,0.0,-4.435942593353013e-06,-4.435942593353013e-06,4.435942593353013e-06,6.653913890029519e-06
B_tbl_minus_hqql,mod.blocks.6.attn.h0,photon<-charged_hadron,0.02197602426643892,-4.43584111604075e-06,0.0,0.0,0.0,-4.43584111604075e-06,-4.43584111604075e-06,4.43584111604075e-06,6.6537616740611255e-06
B_tbl_minus_hqql,mod.blocks.0.attn.h7,photon<-photon,0.013632421607753398,-4.4337841326402504e-06,0.0,0.0,0.0,-4.4337841326402504e-06,-4.4337841326402504e-06,4.4337841326402504e-06,6.650676198960375e-06
B_tbl_minus_hqql,mod.blocks.3.attn.h7,photon<-muon,0.045441269874572754,-4.424782012144781e-06,0.0,0.0,0.0,-4.424782012144781e-06,-4.424782012144781e-06,4.424782012144781e-06,6.637173018217171e-06
signed_hqql_tbl,mod.blocks.6.attn.h4,neutral_hadron<-neutral_hadron,0.016677639891321844,4.114906381894402e-06,9.11736980349591e-06,7.4899860772002814e-06,7.278765868939115e-07,-5.002463421601508e-06,-3.3750796953058795e-06,4.114906381894402e-06,6.6161380926951555e-06
B_tbl_minus_hqql,mod.blocks.4.attn.h3,photon<-photon,0.019291304115682705,4.398051098364062e-06,0.0,0.0,0.0,4.398051098364062e-06,4.398051098364062e-06,4.398051098364062e-06,6.597076647546093e-06
B_tbl_minus_hqql,mod.blocks.5.attn.h3,photon<-photon,0.017454568040982006,4.374501658273535e-06,0.0,0.0,0.0,4.374501658273535e-06,4.374501658273535e-06,4.374501658273535e-06,6.5617524874103025e-06
signed_hqql_tbl,mod.blocks.7.attn.h3,photon<-neutral_hadron,0.01176528403018662,-1.0195883861867206e-08,1.307310299740198e-05,2.8097056566609497e-06,9.856729007991654e-08,-1.3083298881263848e-05,-2.819901540522817e-06,1.0195883861867206e-08,6.551845324493791e-06
signed_hqql_tbl,mod.blocks.5.attn.h1,charged_hadron<-neutral_hadron,0.01866431064171332,-2.5717231828591878e-06,-1.0509833629003952e-05,3.974172996989993e-06,-2.4923581206745128e-05,7.938110446144764e-06,-6.545896179849181e-06,2.5717231828591878e-06,6.54077840593157e-06
B_tbl_minus_hqql,mod.blocks.0.attn.h0,charged_hadron<-charged_hadron,0.019886830363546135,-4.34959493850644e-06,0.0,0.0,0.0,-4.34959493850644e-06,-4.34959493850644e-06,4.34959493850644e-06,6.52439240775966e-06
B_tbl_minus_hqql,mod.blocks.1.attn.h2,charged_hadron<-neutral_hadron,0.012661797541413673,4.313554834311793e-06,0.0,0.0,0.0,4.313554834311793e-06,4.313554834311793e-06,4.313554834311793e-06,6.470332251467689e-06
signed_hqql_tbl,mod.blocks.0.attn.h7,photon<-neutral_hadron,0.028473852954985265,-6.4184858919249085e-06,-6.495351978653186e-06,-1.6832978656988023e-05,-2.103148745548376e-07,7.68660867282773e-08,1.0414492765063114e-05,6.4184858919249085e-06,6.456918935289047e-06
signed_hqql_tbl,mod.blocks.6.attn.h3,electron<-electron,5.3108502470422536e-05,1.0896027902163041e-07,1.2780319159411135e-05,0.00020423141774964884,0.0001047603933867239,-1.2671358880389505e-05,-0.0002041224574706272,1.0896027902163041e-07,6.444639719216383e-06
signed_hqql_tbl,mod.blocks.4.attn.h3,photon<-neutral_hadron,0.004979986635000346,1.0604799499583196e-06,-9.699141608404696e-06,1.0258668384480574e-05,-1.4365642507182006e-05,1.0759621558363016e-05,-9.198188434522254e-06,1.0604799499583196e-06,6.440290729139828e-06
B_tbl_minus_hqql,mod.cls_blocks.1.attn.h2,charged_hadron<-charged_hadron,0.01991286561456333,-4.280867819959151e-06,0.0,0.0,0.0,-4.280867819959151e-06,-4.280867819959151e-06,4.280867819959151e-06,6.4213017299387264e-06
B_tbl_minus_hqql,mod.blocks.2.attn.h1,photon<-neutral_hadron,0.014715657257870959,-4.280698829281944e-06,0.0,0.0,0.0,-4.280698829281944e-06,-4.280698829281944e-06,4.280698829281944e-06,6.421048243922915e-06
B_tbl_minus_hqql,mod.blocks.7.attn.h3,muon<-photon,0.0012991010973399336,-4.269804776413366e-06,0.0,0.0,0.0,-4.269804776413366e-06,-4.269804776413366e-06,4.269804776413366e-06,6.404707164620049e-06
signed_hqql_tbl,mod.blocks.4.attn.h7,neutral_hadron<-photon,0.014977905189376821,-1.6789843160936564e-06,7.739504654800258e-06,-4.628769031802286e-06,6.339043813781414e-07,-9.418488970893915e-06,2.94978471570863e-06,1.6789843160936564e-06,6.3882288015406136e-06
B_tbl_minus_hqql,mod.blocks.7.attn.h0,neutral_hadron<-muon,0.004548545926809311,-4.251215068507009e-06,0.0,0.0,0.0,-4.251215068507009e-06,-4.251215068507009e-06,4.251215068507009e-06,6.376822602760513e-06
B_tbl_minus_hqql,mod.blocks.0.attn.h4,charged_hadron<-charged_hadron,0.013467114858124673,-4.235426320641989e-06,0.0,0.0,0.0,-4.235426320641989e-06,-4.235426320641989e-06,4.235426320641989e-06,6.3531394809629836e-06
B_tbl_minus_hqql,mod.blocks.4.attn.h1,neutral_hadron<-photon,0.014376558201569049,-4.220073757420596e-06,0.0,0.0,0.0,-4.220073757420596e-06,-4.220073757420596e-06,4.220073757420596e-06,6.330110636130894e-06
B_tbl_minus_hqql,mod.blocks.0.attn.h6,electron<-electron,0.0007725195464445278,-4.197552073037514e-06,0.0,0.0,0.0,-4.197552073037514e-06,-4.197552073037514e-06,4.197552073037514e-06,6.296328109556271e-06
B_tbl_minus_hqql,mod.blocks.6.attn.h6,charged_hadron<-charged_hadron,0.028854989738488088,4.179545895239293e-06,0.0,0.0,0.0,4.179545895239293e-06,4.179545895239293e-06,4.179545895239293e-06,6.26931884285894e-06
B_tbl_minus_hqql,mod.blocks.3.attn.h4,charged_hadron<-muon,0.007541791056141708,4.17274625788471e-06,0.0,0.0,0.0,4.17274625788471e-06,4.17274625788471e-06,4.17274625788471e-06,6.259119386827065e-06
B_tbl_minus_hqql,mod.blocks.6.attn.h7,neutral_hadron<-charged_hadron,0.02107286533006245,4.168895972270781e-06,0.0,0.0,0.0,4.168895972270781e-06,4.168895972270781e-06,4.168895972270781e-06,6.253343958406172e-06
signed_hqql_tbl,mod.blocks.4.attn.h4,neutral_hadron<-photon,0.01129290369043877,2.226212012640349e-06,-5.811598997041686e-06,1.9689427276193327e-06,1.5721646966426765e-06,8.037811009682035e-06,2.572692850210165e-07,2.226212012640349e-06,6.245117517481367e-06
B_tbl_minus_hqql,mod.blocks.2.attn.h5,neutral_hadron<-charged_hadron,0.02223180178447415,4.16244031709e-06,0.0,0.0,0.0,4.16244031709e-06,4.16244031709e-06,4.16244031709e-06,6.243660475635e-06
signed_hqql_tbl,mod.blocks.3.attn.h5,charged_hadron<-charged_hadron,0.023711972825315918,4.008789285626711e-06,-4.3971125788224757e-07,3.7397919912180386e-06,-2.2841403812975285e-06,4.448500543508958e-06,2.6899729440867224e-07,4.008789285626711e-06,6.23303955738119e-06
B_tbl_minus_hqql,mod.blocks.4.attn.h7,photon<-photon,0.012986556477858586,-4.1483504159543175e-06,0.0,0.0,0.0,-4.1483504159543175e-06,-4.1483504159543175e-06,4.1483504159543175e-06,6.222525623931476e-06
B_tbl_minus_hqql,mod.blocks.1.attn.h1,neutral_hadron<-photon,0.014294670280797521,4.144231645733784e-06,0.0,0.0,0.0,4.144231645733784e-06,4.144231645733784e-06,4.144231645733784e-06,6.216347468600677e-06
B_tbl_minus_hqql,mod.blocks.3.attn.h3,charged_hadron<-charged_hadron,0.022383164600863602,-4.143366354766217e-06,0.0,0.0,0.0,-4.143366354766217e-06,-4.143366354766217e-06,4.143366354766217e-06,6.215049532149326e-06
B_tbl_minus_hqql,mod.blocks.4.attn.h4,charged_hadron<-photon,0.015693779407069907,-4.123967096917954e-06,0.0,0.0,0.0,-4.123967096917954e-06,-4.123967096917954e-06,4.123967096917954e-06,6.1859506453769315e-06
B_tbl_minus_hqql,mod.blocks.6.attn.h4,neutral_hadron<-neutral_hadron,0.016677640087138384,4.11490355896277e-06,0.0,0.0,0.0,4.11490355896277e-06,4.11490355896277e-06,4.11490355896277e-06,6.172355338444154e-06
B_tbl_minus_hqql,mod.blocks.3.attn.h7,neutral_hadron<-photon,0.015256279618158465,-4.112534390288115e-06,0.0,0.0,0.0,-4.112534390288115e-06,-4.112534390288115e-06,4.112534390288115e-06,6.168801585432173e-06
B_tbl_minus_hqql,mod.blocks.5.attn.h0,charged_hadron<-charged_hadron,0.022026891677011523,-4.105606065777798e-06,0.0,0.0,0.0,-4.105606065777798e-06,-4.105606065777798e-06,4.105606065777798e-06,6.158409098666697e-06
B_tbl_minus_hqql,mod.blocks.6.attn.h3,neutral_hadron<-charged_hadron,0.024184858007524287,4.068426760666698e-06,0.0,0.0,0.0,4.068426760666698e-06,4.068426760666698e-06,4.068426760666698e-06,6.102640141000048e-06
B_tbl_minus_hqql,mod.blocks.7.attn.h6,electron<-charged_hadron,0.02361971728111568,-4.065290436540779e-06,0.0,0.0,0.0,-4.065290436540779e-06,-4.065290436540779e-06,4.065290436540779e-06,6.097935654811168e-06
B_tbl_minus_hqql,mod.blocks.5.attn.h3,neutral_hadron<-charged_hadron,0.021420154507725865,4.048484901791439e-06,0.0,0.0,0.0,4.048484901791439e-06,4.048484901791439e-06,4.048484901791439e-06,6.072727352687159e-06
signed_hqql_tbl,mod.blocks.0.attn.h6,electron<-electron,0.0007725195221913358,-4.197550007726629e-06,-4.767442689512791e-07,-7.362975460030914e-05,6.238011614811967e-06,-3.7208057387753497e-06,6.943220459258251e-05,4.197550007726629e-06,6.057952877114303e-06
B_tbl_minus_hqql,mod.blocks.5.attn.h1,neutral_hadron<-photon,0.011044471660509826,-4.026754679943682e-06,0.0,0.0,0.0,-4.026754679943682e-06,-4.026754679943682e-06,4.026754679943682e-06,6.0401320199155225e-06
signed_hqql_tbl,mod.blocks.3.attn.h5,photon<-neutral_hadron,0.005972493571720088,-3.620145096247617e-06,-8.431268739487236e-06,5.044832730251158e-06,8.348811176213189e-07,4.8111236432396196e-06,-8.664977826498774e-06,3.620145096247617e-06,6.025706917867426e-06
B_tbl_minus_hqql,mod.blocks.7.attn.h5,charged_hadron<-photon,0.02026883998842319,-4.014440727304607e-06,0.0,0.0,0.0,-4.014440727304607e-06,-4.014440727304607e-06,4.014440727304607e-06,6.0216610909569105e-06
B_tbl_minus_hqql,mod.blocks.7.attn.h3,electron<-neutral_hadron,0.0019628983790111166,4.010775767982776e-06,0.0,0.0,0.0,4.010775767982776e-06,4.010775767982776e-06,4.010775767982776e-06,6.016163651974165e-06
B_tbl_minus_hqql,mod.blocks.3.attn.h5,charged_hadron<-charged_hadron,0.023711973461042285,4.008787712866164e-06,0.0,0.0,0.0,4.008787712866164e-06,4.008787712866164e-06,4.008787712866164e-06,6.013181569299246e-06
B_tbl_minus_hqql,mod.blocks.0.attn.h0,charged_hadron<-photon,0.01666342965632454,3.990080635552162e-06,0.0,0.0,0.0,3.990080635552162e-06,3.990080635552162e-06,3.990080635552162e-06,5.985120953328243e-06
B_tbl_minus_hqql,mod.blocks.2.attn.h5,photon<-neutral_hadron,0.009688761619438229,3.987115520297727e-06,0.0,0.0,0.0,3.987115520297727e-06,3.987115520297727e-06,3.987115520297727e-06,5.98067328044659e-06
B_tbl_minus_hqql,mod.blocks.5.attn.h3,photon<-charged_hadron,0.020091853055773566,-3.975467119563422e-06,0.0,0.0,0.0,-3.975467119563422e-06,-3.975467119563422e-06,3.975467119563422e-06,5.9632006793451324e-06
B_tbl_minus_hqql,mod.blocks.1.attn.h4,photon<-charged_hadron,0.021983720844032162,-3.9701315218802364e-06,0.0,0.0,0.0,-3.9701315218802364e-06,-3.9701315218802364e-06,3.9701315218802364e-06,5.955197282820354e-06
signed_hqql_tbl,mod.blocks.1.attn.h4,charged_hadron<-neutral_hadron,0.02056545494637168,5.49299647596368e-06,4.581641668017518e-06,2.3239370938033696e-05,8.94461329472889e-06,9.113548079461624e-07,-1.7746374462070017e-05,5.49299647596368e-06,5.948673879936761e-06
B_tbl_minus_hqql,mod.blocks.1.attn.h2,muon<-neutral_hadron,0.010546018928289413,3.959150853916072e-06,0.0,0.0,0.0,3.959150853916072e-06,3.959150853916072e-06,3.959150853916072e-06,5.9387262808741075e-06
B_tbl_minus_hqql,mod.blocks.5.attn.h5,charged_hadron<-neutral_hadron,0.005273490131852312,3.950410621440612e-06,0.0,0.0,0.0,3.950410621440612e-06,3.950410621440612e-06,3.950410621440612e-06,5.925615932160918e-06
signed_hqql_tbl,mod.blocks.7.attn.h6,photon<-charged_hadron,0.024143104924538878,-3.7241504987348583e-06,-8.037626532114405e-06,-6.882364518614669e-06,-9.644080630251597e-06,4.313476033379547e-06,3.1582140198798104e-06,3.7241504987348583e-06,5.880888515424632e-06
B_tbl_minus_hqql,mod.blocks.2.attn.h5,photon<-electron,0.04162234763304393,3.919226583093405e-06,0.0,0.0,0.0,3.919226583093405e-06,3.919226583093405e-06,3.919226583093405e-06,5.878839874640108e-06
B_tbl_minus_hqql,mod.blocks.5.attn.h6,charged_hadron<-charged_hadron,0.01970007841072764,3.90026932521832e-06,0.0,0.0,0.0,3.90026932521832e-06,3.90026932521832e-06,3.90026932521832e-06,5.850403987827481e-06
signed_hqql_tbl,mod.blocks.1.attn.h4,photon<-charged_hadron,0.02198372063424899,-3.9701281896004845e-06,-2.1801450871583596e-07,-7.965793919403984e-06,-4.5944236446576646e-06,-3.7521136808846485e-06,3.9956657298035e-06,3.9701281896004845e-06,5.846185030042809e-06
B_tbl_minus_hqql,mod.blocks.4.attn.h7,photon<-neutral_hadron,0.020548275303648243,-3.893762382648048e-06,0.0,0.0,0.0,-3.893762382648048e-06,-3.893762382648048e-06,3.893762382648048e-06,5.840643573972072e-06
B_tbl_minus_hqql,mod.blocks.7.attn.h1,photon<-charged_hadron,0.022948550905260386,-3.893449894083747e-06,0.0,0.0,0.0,-3.893449894083747e-06,-3.893449894083747e-06,3.893449894083747e-06,5.84017484112562e-06
signed_hqql_tbl,mod.blocks.4.attn.h0,charged_hadron<-charged_hadron,0.022563012692464447,-4.768455807497402e-07,1.0214510168749359e-05,2.9378883876610687e-06,-4.008762055018349e-06,-1.06913557494991e-05,-3.414733968410809e-06,4.768455807497402e-07,5.82252345549929e-06
signed_hqql_tbl,mod.blocks.7.attn.h1,photon<-charged_hadron,0.022948550643031418,-3.893450002919012e-06,-7.703667630520564e-06,-4.833638263356707e-06,-1.2938266154726525e-06,3.810217627601552e-06,9.401882604376951e-07,3.893450002919012e-06,5.798558816719788e-06
signed_hqql_tbl,mod.blocks.6.attn.h1,charged_hadron<-photon,0.009323554053686288,1.5411537257996272e-06,-6.925900754168538e-06,-1.1113841322766188e-06,3.982689210413956e-06,8.467054479968165e-06,2.652537858076246e-06,1.5411537257996272e-06,5.77468096578371e-06
signed_hqql_tbl,mod.blocks.1.attn.h2,photon<-neutral_hadron,0.010320197585056761,9.888632501655303e-08,1.1362086498711706e-05,-3.4732763889543674e-06,8.056173198994294e-06,-1.1263200173695152e-05,3.5721627139709204e-06,9.888632501655303e-08,5.730486411864129e-06
B_tbl_minus_hqql,mod.blocks.6.attn.h3,photon<-photon,0.011885930775146087,-3.790512354576338e-06,0.0,0.0,0.0,-3.790512354576338e-06,-3.790512354576338e-06,3.790512354576338e-06,5.6857685318645065e-06
B_tbl_minus_hqql,mod.blocks.1.attn.h7,charged_hadron<-neutral_hadron,0.01652885550883279,-3.7736844900112103e-06,0.0,0.0,0.0,-3.7736844900112103e-06,-3.7736844900112103e-06,3.7736844900112103e-06,5.660526735016816e-06
B_tbl_minus_hqql,mod.blocks.3.attn.h2,photon<-neutral_hadron,0.009699435198181242,-3.7732782875130462e-06,0.0,0.0,0.0,-3.7732782875130462e-06,-3.7732782875130462e-06,3.7732782875130462e-06,5.659917431269569e-06
signed_hqql_tbl,mod.blocks.7.attn.h1,neutral_hadron<-charged_hadron,0.022787783051420596,-3.7129471849684175e-06,1.4596799365454564e-07,-9.563816935825456e-06,2.522614103343665e-06,-3.858915178622963e-06,5.850869750857039e-06,3.7129471849684175e-06,5.6424047742799e-06
signed_hqql_tbl,mod.blocks.4.attn.h4,charged_hadron<-neutral_hadron,0.016096191681112388,2.0316939920089216e-06,9.241140166219945e-06,9.476909711484627e-06,4.63085453545203e-06,-7.209446174211023e-06,-7.445215719475705e-06,2.0316939920089216e-06,5.636417079114433e-06
B_tbl_minus_hqql,mod.blocks.4.attn.h6,neutral_hadron<-muon,0.0015320106409490108,3.7493675336008893e-06,0.0,0.0,0.0,3.7493675336008893e-06,3.7493675336008893e-06,3.7493675336008893e-06,5.624051300401334e-06
B_tbl_minus_hqql,mod.blocks.6.attn.h5,muon<-photon,0.025611056522889572,-3.748940467961471e-06,0.0,0.0,0.0,-3.748940467961471e-06,-3.748940467961471e-06,3.748940467961471e-06,5.623410701942206e-06
signed_hqql_tbl,mod.blocks.7.attn.h3,neutral_hadron<-charged_hadron,0.020983029381245973,-1.9591952044621295e-06,5.338466698057354e-06,1.0293914929792953e-05,5.35086034126315e-06,-7.297661902519483e-06,-1.2253110134255083e-05,1.9591952044621295e-06,5.608026155721872e-06
B_tbl_minus_hqql,mod.blocks.7.attn.h6,photon<-charged_hadron,0.024143105029430467,-3.724150249053955e-06,0.0,0.0,0.0,-3.724150249053955e-06,-3.724150249053955e-06,3.724150249053955e-06,5.586225373580932e-06
B_tbl_minus_hqql,mod.cls_blocks.0.attn.h7,CLS<-photon,0.016557908453240518,-3.7140433873809466e-06,0.0,0.0,0.0,-3.7140433873809466e-06,-3.7140433873809466e-06,3.7140433873809466e-06,5.57106508107142e-06
B_tbl_minus_hqql,mod.blocks.7.attn.h1,neutral_hadron<-charged_hadron,0.02278778280600775,-3.7129478234402517e-06,0.0,0.0,0.0,-3.7129478234402517e-06,-3.7129478234402517e-06,3.7129478234402517e-06,5.569421735160377e-06
B_tbl_minus_hqql,mod.blocks.4.attn.h3,neutral_hadron<-charged_hadron,0.02294484579986478,3.6932499619125094e-06,0.0,0.0,0.0,3.6932499619125094e-06,3.6932499619125094e-06,3.6932499619125094e-06,5.539874942868764e-06
B_tbl_minus_hqql,mod.blocks.0.attn.h4,neutral_hadron<-electron,0.016792782224141635,3.688723574249217e-06,0.0,0.0,0.0,3.688723574249217e-06,3.688723574249217e-06,3.688723574249217e-06,5.5330853613738255e-06
B_tbl_minus_hqql,mod.blocks.3.attn.h3,photon<-neutral_hadron,0.00850327805951839,3.6779578264468407e-06,0.0,0.0,0.0,3.6779578264468407e-06,3.6779578264468407e-06,3.6779578264468407e-06,5.516936739670261e-06
B_tbl_minus_hqql,mod.blocks.5.attn.h6,photon<-muon,0.010766280645673925,3.670008895410733e-06,0.0,0.0,0.0,3.670008895410733e-06,3.670008895410733e-06,3.670008895410733e-06,5.505013343116099e-06
signed_hqql_tbl,mod.blocks.0.attn.h7,neutral_hadron<-photon,0.014454349422218044,-2.432158062914369e-06,3.703205890013065e-06,-2.459143075148881e-06,1.2850394956002947e-05,-6.135363952927434e-06,2.6985012234511835e-08,2.432158062914369e-06,5.499840039378086e-06
signed_hqql_tbl,mod.blocks.6.attn.h5,muon<-neutral_hadron,0.003983163833618164,-4.525812983047217e-06,-2.610486262710765e-06,5.248652996669989e-06,-9.941878548394688e-05,-1.915326720336452e-06,-9.774465979717206e-06,4.525812983047217e-06,5.483476343215443e-06
signed_hqql_tbl,mod.blocks.5.attn.h4,neutral_hadron<-photon,0.013527603511259765,-3.989523981953234e-07,9.764731358483615e-06,-1.1169878103221553e-06,2.2173365973385676e-06,-1.0163683756678937e-05,7.180354121268319e-07,3.989523981953234e-07,5.480794276534792e-06
signed_hqql_tbl,mod.blocks.5.attn.h2,neutral_hadron<-charged_hadron,0.02130179919352313,3.4783307711698777e-06,7.455622209043803e-06,6.812619280082635e-06,6.277254847743493e-06,-3.977291437873926e-06,-3.3342885089127574e-06,3.4783307711698777e-06,5.466976490106841e-06
B_tbl_minus_hqql,mod.blocks.2.attn.h3,neutral_hadron<-electron,0.057084120236910306,3.6402301562842554e-06,0.0,0.0,0.0,3.6402301562842554e-06,3.6402301562842554e-06,3.6402301562842554e-06,5.460345234426383e-06
signed_hqql_tbl,mod.blocks.0.attn.h2,charged_hadron<-charged_hadron,0.019316205257056036,-2.160363464503911e-06,-8.73329943525085e-06,-5.10375731313763e-06,-1.5922760246917683e-05,6.572935970746939e-06,2.943393848633719e-06,2.160363464503911e-06,5.446831449877381e-06
B_tbl_minus_hqql,mod.blocks.4.attn.h6,neutral_hadron<-photon,0.01142946207545545,-3.6235086075064953e-06,0.0,0.0,0.0,-3.6235086075064953e-06,-3.6235086075064953e-06,3.6235086075064953e-06,5.435262911259743e-06
B_tbl_minus_hqql,mod.blocks.0.attn.h4,charged_hadron<-muon,0.006342045737035347,-3.6223524754556515e-06,0.0,0.0,0.0,-3.6223524754556515e-06,-3.6223524754556515e-06,3.6223524754556515e-06,5.4335287131834775e-06
B_tbl_minus_hqql,mod.blocks.3.attn.h5,photon<-neutral_hadron,0.005972493784461681,-3.620141347616444e-06,0.0,0.0,0.0,-3.620141347616444e-06,-3.620141347616444e-06,3.620141347616444e-06,5.4302120214246655e-06
B_tbl_minus_hqql,mod.blocks.4.attn.h4,charged_hadron<-charged_hadron,0.02122118750441584,-3.583814366917212e-06,0.0,0.0,0.0,-3.583814366917212e-06,-3.583814366917212e-06,3.583814366917212e-06,5.375721550375818e-06
signed_hqql_tbl,mod.blocks.7.attn.h2,charged_hadron<-charged_hadron,0.022835865814138462,-7.967784972325843e-08,1.0487777847108911e-05,6.333857358496549e-06,4.759155389412732e-06,-1.056745569683217e-05,-6.413535208219807e-06,7.967784972325843e-08,5.363405698139343e-06
signed_hqql_tbl,mod.blocks.7.attn.h4,neutral_hadron<-photon,0.013989815332370098,-1.0387399396107576e-07,1.0383934175979782e-05,-3.0048536000984875e-06,-2.3259069520430478e-06,-1.0487808169940859e-05,2.900979606137412e-06,1.0387399396107576e-07,5.347778078931505e-06
signed_hqql_tbl,mod.blocks.5.attn.h5,electron<-electron,0.00027769763255491853,3.5260713768063092e-06,-1.10174081413561e-07,0.0005693132995929773,-5.174128060564892e-05,3.6362454582198702e-06,-0.000565787228216171,3.5260713768063092e-06,5.3441941059162446e-06
signed_hqql_tbl,mod.blocks.7.attn.h4,photon<-charged_hadron,0.024180925369682263,-4.804805912575457e-06,-5.875624022995649e-06,-8.257232235180533e-06,1.883866224819498e-06,1.0708181104201925e-06,3.452426322605076e-06,4.804805912575457e-06,5.340214967785553e-06
signed_hqql_tbl,mod.blocks.7.attn.h4,photon<-photon,0.012885540365003927,-2.293067565942048e-07,-1.0424866257710307e-05,-1.7038759251543655e-06,-2.4667371404477077e-07,1.0195559501116102e-05,1.4745691685601607e-06,2.293067565942048e-07,5.3270865071522555e-06
B_tbl_minus_hqql,mod.blocks.3.attn.h5,neutral_hadron<-photon,0.016127096911086422,-3.544586891433297e-06,0.0,0.0,0.0,-3.544586891433297e-06,-3.544586891433297e-06,3.544586891433297e-06,5.316880337149945e-06
signed_hqql_tbl,mod.blocks.7.attn.h5,charged_hadron<-charged_hadron,0.01888077664445235,1.8275668851823627e-06,-5.149159170243711e-06,1.1728200371527554e-06,-2.3969369945345994e-06,6.976726055426074e-06,6.547468480296074e-07,1.8275668851823627e-06,5.3159299128954e-06
B_tbl_minus_hqql,mod.blocks.2.attn.h6,photon<-electron,0.010385507096846899,3.5361526897759177e-06,0.0,0.0,0.0,3.5361526897759177e-06,3.5361526897759177e-06,3.5361526897759177e-06,5.3042290346638765e-06
B_tbl_minus_hqql,mod.blocks.4.attn.h5,photon<-electron,0.07434315780798594,3.5342386884925265e-06,0.0,0.0,0.0,3.5342386884925265e-06,3.5342386884925265e-06,3.5342386884925265e-06,5.30135803273879e-06
signed_hqql_tbl,mod.blocks.1.attn.h6,charged_hadron<-neutral_hadron,0.010448695839647772,2.11085638838302e-06,-4.264271876046871e-06,-2.254915698790257e-06,-1.4205500260909937e-05,6.375128264429891e-06,4.3657720871732765e-06,2.11085638838302e-06,5.298420520597965e-06
B_tbl_minus_hqql,mod.blocks.5.attn.h5,electron<-electron,0.00027769769561321783,3.5260734231693882e-06,0.0,0.0,0.0,3.5260734231693882e-06,3.5260734231693882e-06,3.5260734231693882e-06,5.2891101347540825e-06
signed_hqql_tbl,mod.blocks.3.attn.h4,photon<-charged_hadron,0.017597482637639515,-1.9628211610663306e-07,-1.0354650102254318e-05,-2.3155645534161168e-06,-2.847164077378156e-06,1.0158367986147684e-05,2.1192824373094837e-06,1.9628211610663306e-07,5.275466109180475e-06
B_tbl_minus_hqql,mod.blocks.7.attn.h4,neutral_hadron<-neutral_hadron,0.007413357493276589,-3.5119437486540705e-06,0.0,0.0,0.0,-3.5119437486540705e-06,-3.5119437486540705e-06,3.5119437486540705e-06,5.267915622981106e-06
B_tbl_minus_hqql,mod.blocks.6.attn.h6,photon<-photon,0.011599325388022655,3.50546755349298e-06,0.0,0.0,0.0,3.50546755349298e-06,3.50546755349298e-06,3.50546755349298e-06,5.25820133023947e-06
signed_hqql_tbl,mod.blocks.5.attn.h2,photon<-neutral_hadron,0.006612258134866486,-2.695975397683999e-06,-7.812085969980545e-06,-1.7411218055154157e-06,1.2081930121080386e-05,5.116110572296546e-06,-9.548535921685834e-07,2.695975397683999e-06,5.254030683832272e-06
signed_hqql_tbl,mod.blocks.6.attn.h3,neutral_hadron<-charged_hadron,0.024184858252937133,4.068424042012438e-06,1.7298961546993606e-06,-1.805846740261189e-06,-1.831510442956435e-06,2.3385278873130775e-06,5.874270782273627e-06,4.068424042012438e-06,5.237687985668977e-06
B_tbl_minus_hqql,mod.blocks.6.attn.h7,neutral_hadron<-neutral_hadron,0.010959218814969062,-3.4834669373268323e-06,0.0,0.0,0.0,-3.4834669373268323e-06,-3.4834669373268323e-06,3.4834669373268323e-06,5.2252004059902485e-06
B_tbl_minus_hqql,mod.blocks.5.attn.h2,neutral_hadron<-charged_hadron,0.021301798948110285,3.478329123500629e-06,0.0,0.0,0.0,3.478329123500629e-06,3.478329123500629e-06,3.478329123500629e-06,5.217493685250944e-06
signed_hqql_tbl,mod.blocks.3.attn.h1,photon<-neutral_hadron,0.013971077311786342,-1.4976108638249732e-06,-8.93330330650393e-06,2.4980867816058578e-06,3.322437212082982e-06,7.435692442678956e-06,-3.995697645430831e-06,1.4976108638249732e-06,5.215457085164452e-06
signed_hqql_tbl,mod.blocks.3.attn.h4,neutral_hadron<-charged_hadron,0.02160631254415075,-1.6900391158649274e-06,-8.707732942295135e-06,-5.337517571205867e-06,3.900321930567481e-06,7.017693826430207e-06,3.6474784553409393e-06,1.6900391158649274e-06,5.1988860290800306e-06
signed_hqql_tbl,mod.blocks.5.attn.h4,photon<-charged_hadron,0.024426619806218346,4.6853292948028394e-06,5.642275064677944e-06,5.28622554425774e-06,-1.0728570046298508e-05,-9.56945769875105e-07,-6.008962494549006e-07,4.6853292948028394e-06,5.1638021797403915e-06
B_tbl_minus_hqql,mod.blocks.5.attn.h6,photon<-charged_hadron,0.023319725522478928,3.442193447147999e-06,0.0,0.0,0.0,3.442193447147999e-06,3.442193447147999e-06,3.442193447147999e-06,5.163290170721999e-06
signed_hqql_tbl,mod.blocks.7.attn.h4,photon<-neutral_hadron,0.013106607173556203,-3.233339842671932e-06,6.073979829699464e-07,-1.578678838727073e-05,7.380865955183817e-07,-3.840737825641879e-06,1.2553448544598799e-05,3.233339842671932e-06,5.1537087554928715e-06
B_tbl_minus_hqql,mod.blocks.2.attn.h7,electron<-charged_hadron,0.023962349483841343,3.4339601896997343e-06,0.0,0.0,0.0,3.4339601896997343e-06,3.4339601896997343e-06,3.4339601896997343e-06,5.150940284549602e-06
B_tbl_minus_hqql,mod.blocks.5.attn.h4,photon<-photon,0.012246584372942421,-3.417482407061901e-06,0.0,0.0,0.0,-3.417482407061901e-06,-3.417482407061901e-06,3.417482407061901e-06,5.126223610592851e-06
B_tbl_minus_hqql,mod.blocks.3.attn.h1,photon<-charged_hadron,0.023226002056694114,-3.406814649025879e-06,0.0,0.0,0.0,-3.406814649025879e-06,-3.406814649025879e-06,3.406814649025879e-06,5.110221973538819e-06
B_tbl_minus_hqql,mod.blocks.1.attn.h1,photon<-photon,0.014876451033049753,-3.4027032249449825e-06,0.0,0.0,0.0,-3.4027032249449825e-06,-3.4027032249449825e-06,3.4027032249449825e-06,5.104054837417473e-06
B_tbl_minus_hqql,mod.blocks.2.attn.h5,neutral_hadron<-photon,0.014295540412415044,3.3931164664963825e-06,0.0,0.0,0.0,3.3931164664963825e-06,3.3931164664963825e-06,3.3931164664963825e-06,5.089674699744574e-06
signed_hqql_tbl,mod.blocks.4.attn.h1,photon<-charged_hadron,0.022720420984670132,2.445599092246397e-06,7.710712694131395e-06,2.0605301416636774e-06,7.71487279873451e-06,-5.265113601884997e-06,3.8506895058271944e-07,2.445599092246397e-06,5.078155893188896e-06
B_tbl_minus_hqql,mod.blocks.4.attn.h4,muon<-charged_hadron,0.017990536762006355,-3.382341343570839e-06,0.0,0.0,0.0,-3.382341343570839e-06,-3.382341343570839e-06,3.382341343570839e-06,5.0735120153562585e-06
B_tbl_minus_hqql,mod.blocks.4.attn.h6,neutral_hadron<-neutral_hadron,0.010786469698714194,3.3781931061109087e-06,0.0,0.0,0.0,3.3781931061109087e-06,3.3781931061109087e-06,3.3781931061109087e-06,5.067289659166363e-06
B_tbl_minus_hqql,mod.blocks.5.attn.h1,photon<-charged_hadron,0.022172389447925062,-3.377302839972646e-06,0.0,0.0,0.0,-3.377302839972646e-06,-3.377302839972646e-06,3.377302839972646e-06,5.065954259958969e-06
signed_hqql_tbl,mod.blocks.2.attn.h1,neutral_hadron<-charged_hadron,0.022727444376825244,4.582909257350105e-06,5.536786265365007e-06,-1.8019123667523485e-05,9.840363024454804e-06,-9.538770080149026e-07,2.260203292487359e-05,4.582909257350105e-06,5.059847761357556e-06
signed_hqql_tbl,mod.blocks.2.attn.h1,photon<-photon,0.014960427430422649,1.2320417769387803e-06,8.870594283371972e-06,-6.95096883067707e-06,-4.032139972962948e-06,-7.638552506433192e-06,8.18301060761585e-06,1.2320417769387803e-06,5.051318030155376e-06
B_tbl_minus_hqql,mod.blocks.2.attn.h7,neutral_hadron<-charged_hadron,0.02061658435056827,-3.3629922611122196e-06,0.0,0.0,0.0,-3.3629922611122196e-06,-3.3629922611122196e-06,3.3629922611122196e-06,5.044488391668329e-06
B_tbl_minus_hqql,mod.blocks.6.attn.h2,electron<-neutral_hadron,0.005995644008950107,-3.361872247800499e-06,0.0,0.0,0.0,-3.361872247800499e-06,-3.361872247800499e-06,3.361872247800499e-06,5.042808371700748e-06
signed_hqql_tbl,mod.blocks.1.attn.h1,photon<-photon,0.014876450959071046,-3.402701982333877e-06,-1.281332996761993e-07,-8.894294334943474e-06,-9.784087864723398e-07,-3.2745686826576775e-06,5.491592352609597e-06,3.402701982333877e-06,5.039986323662716e-06
signed_hqql_tbl,mod.blocks.3.attn.h7,neutral_hadron<-neutral_hadron,0.006879327018769124,1.5028519649207831e-06,8.388951051821913e-06,-9.960763116548335e-06,2.87799473903251e-06,-6.886099086901129e-06,1.1463615081469119e-05,1.5028519649207831e-06,4.945901508371347e-06
signed_hqql_tbl,mod.blocks.2.attn.h0,neutral_hadron<-photon,0.017389873145604858,-1.2038347464804043e-06,-8.685975379873461e-06,3.605612995806903e-05,-5.664194087669614e-05,7.482140633393057e-06,-3.725996470454943e-05,1.2038347464804043e-06,4.944905063176933e-06
B_tbl_minus_hqql,mod.blocks.6.attn.h6,charged_hadron<-photon,0.006501819061593132,3.289287891862746e-06,0.0,0.0,0.0,3.289287891862746e-06,3.289287891862746e-06,3.289287891862746e-06,4.933931837794119e-06
signed_hqql_tbl,mod.blocks.6.attn.h1,photon<-charged_hadron,0.022994671316855918,9.504398411456159e-07,-7.015026877501606e-06,9.144188839242748e-06,1.8541029380041932e-07,7.965466718647222e-06,-8.193748998097132e-06,9.504398411456159e-07,4.933173200469227e-06
signed_hqql_tbl,mod.blocks.0.attn.h6,photon<-photon,0.015937355858702304,2.9545808226573854e-06,6.9081041260495175e-06,1.440496449398755e-05,2.4131100531626152e-05,-3.953523303392132e-06,-1.1450383671330164e-05,2.9545808226573854e-06,4.931342474353451e-06
B_tbl_minus_hqql,mod.blocks.0.attn.h7,photon<-charged_hadron,0.020603261117729595,-3.284942477426684e-06,0.0,0.0,0.0,-3.284942477426684e-06,-3.284942477426684e-06,3.284942477426684e-06,4.927413716140026e-06
signed_hqql_tbl,mod.blocks.0.attn.h7,photon<-charged_hadron,0.020603260960392212,-3.2849430792216823e-06,-3.5630587150290956e-08,3.2909050030618425e-06,3.665364567949048e-06,-3.2493124920713913e-06,-6.575848082283525e-06,3.2849430792216823e-06,4.909599325257378e-06
signed_hqql_tbl,mod.blocks.7.attn.h0,neutral_hadron<-charged_hadron,0.0207455671146489,2.57633503155454e-06,-2.0255253787639105e-06,-4.503303789787082e-06,-3.9718168813528286e-06,4.601860410318451e-06,7.079638821341623e-06,2.57633503155454e-06,4.877265236713765e-06
signed_hqql_tbl,mod.blocks.6.attn.h6,neutral_hadron<-charged_hadron,0.025876524947809915,-2.28683164323346e-07,-9.505406283219722e-06,-4.3802712046576545e-06,4.7520281643503243e-07,9.276723118896375e-06,4.151588040334309e-06,2.28683164323346e-07,4.867044723771533e-06
signed_hqql_tbl,mod.blocks.1.attn.h1,neutral_hadron<-photon,0.014294670021807756,4.14423113086155e-06,5.5748036760391776e-06,7.148813827547472e-06,4.5670567047161776e-07,-1.4305725451776272e-06,-3.0045826966859213e-06,4.14423113086155e-06,4.859517403450364e-06
B_tbl_minus_hqql,mod.blocks.7.attn.h4,photon<-neutral_hadron,0.013106605924855545,-3.2333373044421498e-06,0.0,0.0,0.0,-3.2333373044421498e-06,-3.2333373044421498e-06,3.2333373044421498e-06,4.850005956663224e-06
signed_hqql_tbl,mod.blocks.0.attn.h4,electron<-electron,0.00016666899925136627,1.3205004970965698e-07,9.563701112824674e-06,-0.0005623178407555921,-2.1112572850060214e-05,-9.431651063115018e-06,0.0005624498908053017,1.3205004970965698e-07,4.847875581267166e-06
signed_hqql_tbl,mod.blocks.4.attn.h5,neutral_hadron<-photon,0.016344088526855413,-2.5872247349089304e-06,-7.0967878886584034e-06,-1.233147164421213e-05,-1.723056201569073e-05,4.509563153749473e-06,9.744246909303201e-06,2.5872247349089304e-06,4.8420063117836665e-06
B_tbl_minus_hqql,mod.blocks.4.attn.h6,electron<-charged_hadron,0.023534284610497325,-3.224624762017476e-06,0.0,0.0,0.0,-3.224624762017476e-06,-3.224624762017476e-06,3.224624762017476e-06,4.836937143026214e-06
signed_hqql_tbl,mod.blocks.4.attn.h3,photon<-photon,0.01929130370140194,4.398051921955144e-06,5.274007755191791e-06,-1.501628049677822e-06,-8.749770867855626e-06,-8.759558332366474e-07,5.899679971632966e-06,4.398051921955144e-06,4.8360298385734675e-06
B_tbl_minus_hqql,mod.blocks.3.attn.h6,charged_hadron<-photon,0.015592688461048615,-3.2161598219185925e-06,0.0,0.0,0.0,-3.2161598219185925e-06,-3.2161598219185925e-06,3.2161598219185925e-06,4.824239732877889e-06
B_tbl_minus_hqql,mod.blocks.6.attn.h2,neutral_hadron<-neutral_hadron,0.0136397169925215,3.205196415191945e-06,0.0,0.0,0.0,3.205196415191945e-06,3.205196415191945e-06,3.205196415191945e-06,4.807794622787917e-06
B_tbl_minus_hqql,mod.blocks.7.attn.h5,photon<-charged_hadron,0.0208682597496412,3.2044710168181486e-06,0.0,0.0,0.0,3.2044710168181486e-06,3.2044710168181486e-06,3.2044710168181486e-06,4.806706525227223e-06
B_tbl_minus_hqql,mod.blocks.3.attn.h0,photon<-photon,0.015587497463264195,-3.2004948536208505e-06,0.0,0.0,0.0,-3.2004948536208505e-06,-3.2004948536208505e-06,3.2004948536208505e-06,4.800742280431276e-06
signed_hqql_tbl,mod.blocks.5.attn.h2,photon<-electron,0.009005798771977425,-2.3840373614802955e-06,2.4231543258273244e-06,1.1430372978793457e-05,-7.990410161361872e-06,-4.80719168730762e-06,-1.3814410340273753e-05,2.3840373614802955e-06,4.787633205134105e-06
B_tbl_minus_hqql,mod.blocks.0.attn.h6,charged_hadron<-neutral_hadron,0.016893222966392937,-3.171708720975387e-06,0.0,0.0,0.0,-3.171708720975387e-06,-3.171708720975387e-06,3.171708720975387e-06,4.757563081463081e-06
B_tbl_minus_hqql,mod.blocks.4.attn.h3,neutral_hadron<-muon,0.010467739403247833,-3.1505041988566518e-06,0.0,0.0,0.0,-3.1505041988566518e-06,-3.1505041988566518e-06,3.1505041988566518e-06,4.725756298284978e-06
signed_hqql_tbl,mod.blocks.3.attn.h2,charged_hadron<-charged_hadron,0.022023605904084566,3.087950318935193e-06,-1.5799415364692817e-07,4.624051990730859e-06,6.286023935839278e-06,3.245944472582121e-06,-1.5361016717956661e-06,3.087950318935193e-06,4.710922555226253e-06
B_tbl_minus_hqql,mod.blocks.6.attn.h1,photon<-neutral_hadron,0.01369604037312674,3.1393438825224227e-06,0.0,0.0,0.0,3.1393438825224227e-06,3.1393438825224227e-06,3.1393438825224227e-06,4.709015823783634e-06
B_tbl_minus_hqql,mod.blocks.3.attn.h1,charged_hadron<-muon,0.014183594421906904,-3.1316120646696426e-06,0.0,0.0,0.0,-3.1316120646696426e-06,-3.1316120646696426e-06,3.1316120646696426e-06,4.697418097004464e-06
B_tbl_minus_hqql,mod.blocks.2.attn.h6,neutral_hadron<-neutral_hadron,0.019424771980191463,3.1292366190591098e-06,0.0,0.0,0.0,3.1292366190591098e-06,3.1292366190591098e-06,3.1292366190591098e-06,4.693854928588664e-06
B_tbl_minus_hqql,mod.blocks.0.attn.h5,charged_hadron<-neutral_hadron,0.01050655371248262,-3.127331535820334e-06,0.0,0.0,0.0,-3.127331535820334e-06,-3.127331535820334e-06,3.127331535820334e-06,4.6909973037305e-06
B_tbl_minus_hqql,mod.blocks.1.attn.h3,photon<-charged_hadron,0.017701391233938463,-3.124891630866804e-06,0.0,0.0,0.0,-3.124891630866804e-06,-3.124891630866804e-06,3.124891630866804e-06,4.687337446300206e-06
signed_hqql_tbl,mod.blocks.3.attn.h1,photon<-photon,0.013872091388737903,-1.437793522462872e-06,5.0565465986627606e-06,2.237317826402084e-06,7.208630266705133e-06,-6.494340121125633e-06,-3.675111348864956e-06,1.437793522462872e-06,4.6849635830256886e-06
B_tbl_minus_hqql,mod.blocks.5.attn.h0,neutral_hadron<-charged_hadron,0.020367597404731284,-3.1167196770875924e-06,0.0,0.0,0.0,-3.1167196770875924e-06,-3.1167196770875924e-06,3.1167196770875924e-06,4.675079515631388e-06
B_tbl_minus_hqql,mod.blocks.6.attn.h3,neutral_hadron<-muon,0.09858600497245788,3.1147908885031937e-06,0.0,0.0,0.0,3.1147908885031937e-06,3.1147908885031937e-06,3.1147908885031937e-06,4.67218633275479e-06
signed_hqql_tbl,mod.blocks.3.attn.h4,neutral_hadron<-photon,0.015367906482822033,2.191911466079484e-06,-2.7450450250698156e-06,-3.4524013515494945e-06,-2.5504151683377194e-06,4.9369564911493e-06,5.644312817628978e-06,2.191911466079484e-06,4.660389711654134e-06
signed_hqql_tbl,mod.blocks.4.attn.h4,neutral_hadron<-neutral_hadron,0.009268945145110289,1.12942743755458e-06,8.182680565153243e-06,2.388795894091617e-06,-2.0285391019014243e-06,-7.053253127598663e-06,-1.2593684565370368e-06,1.12942743755458e-06,4.656054001353911e-06
B_tbl_minus_hqql,mod.blocks.3.attn.h2,charged_hadron<-charged_hadron,0.022023606412665663,3.0879577274651392e-06,0.0,0.0,0.0,3.0879577274651392e-06,3.0879577274651392e-06,3.0879577274651392e-06,4.6319365911977084e-06
B_tbl_minus_hqql,mod.blocks.7.attn.h1,electron<-electron,0.00046155266075705487,-3.0801311178644633e-06,0.0,0.0,0.0,-3.0801311178644633e-06,-3.0801311178644633e-06,3.0801311178644633e-06,4.620196676796695e-06
signed_hqql_tbl,mod.blocks.4.attn.h4,charged_hadron<-photon,0.01569377956440729,-4.123967231361517e-06,-3.17880314998408e-06,1.7294260727343e-06,-3.051540876122159e-06,-9.451640813774369e-07,-5.853393304095817e-06,4.123967231361517e-06,4.596549272050236e-06
signed_hqql_tbl,mod.blocks.2.attn.h5,photon<-electron,0.04162235955397288,3.919349789309005e-06,2.5666720050919267e-06,9.752811378608126e-05,-3.9817982688909035e-05,1.3526777842170785e-06,-9.360876399677225e-05,3.919349789309005e-06,4.595688681417545e-06
B_tbl_minus_hqql,mod.blocks.5.attn.h5,neutral_hadron<-charged_hadron,0.023138825020959434,3.0607444432392e-06,0.0,0.0,0.0,3.0607444432392e-06,3.0607444432392e-06,3.0607444432392e-06,4.5911166648588e-06
signed_hqql_tbl,mod.blocks.5.attn.h7,neutral_hadron<-photon,0.014917786708905192,-7.887796819248207e-07,6.788791948114236e-06,-5.086771421008591e-06,9.011008153048446e-06,-7.5775716300390566e-06,4.297991739083771e-06,7.887796819248207e-07,4.577565496944349e-06
signed_hqql_tbl,mod.blocks.0.attn.h0,charged_hadron<-charged_hadron,0.019886830533073167,-4.349597090705084e-06,-3.898373390944161e-06,-3.997439285764845e-06,7.588418122811832e-06,-4.512236997609224e-07,-3.521578049402392e-07,4.349597090705084e-06,4.575208940585545e-06
signed_hqql_tbl,mod.blocks.5.attn.h4,charged_hadron<-charged_hadron,0.021906103666978732,-9.387357840419634e-07,-8.203376958453497e-06,4.307051575631029e-06,-7.157289750211248e-06,7.264641174411534e-06,-5.2457873596729925e-06,9.387357840419634e-07,4.5710563712477304e-06
B_tbl_minus_hqql,mod.blocks.4.attn.h5,photon<-neutral_hadron,0.0070806852895084335,-3.0455096419348567e-06,0.0,0.0,0.0,-3.0455096419348567e-06,-3.0455096419348567e-06,3.0455096419348567e-06,4.568264462902285e-06
B_tbl_minus_hqql,mod.blocks.5.attn.h6,neutral_hadron<-electron,0.03733914418038554,-3.0349774030687863e-06,0.0,0.0,0.0,-3.0349774030687863e-06,-3.0349774030687863e-06,3.0349774030687863e-06,4.55246610460318e-06
signed_hqql_tbl,mod.cls_blocks.1.attn.h2,muon<-CLS,0.0,0.0,9.076674359675962e-06,0.0,0.0,-9.076674359675962e-06,0.0,0.0,4.538337179837981e-06
signed_hqql_tbl,mod.blocks.4.attn.h4,charged_hadron<-charged_hadron,0.021221187165361775,-3.5838132494294546e-06,-1.6802253502775143e-06,2.119172931391003e-06,2.0462811508750086e-06,-1.9035878991519403e-06,-5.702986180820458e-06,3.5838132494294546e-06,4.535607199005425e-06
signed_hqql_tbl,mod.blocks.3.attn.h6,charged_hadron<-photon,0.015592688723277584,-3.2161610511168872e-06,-5.82746946963583e-06,3.2775610130236383e-06,2.3731396171901234e-05,2.611308418518943e-06,-6.493722064140525e-06,3.2161610511168872e-06,4.521815260376358e-06
B_tbl_minus_hqql,mod.blocks.4.attn.h7,neutral_hadron<-neutral_hadron,0.011420418751927522,-3.0123550395262262e-06,0.0,0.0,0.0,-3.0123550395262262e-06,-3.0123550395262262e-06,3.0123550395262262e-06,4.51853255928934e-06
B_tbl_minus_hqql,mod.blocks.7.attn.h4,charged_hadron<-photon,0.013335282680383087,-2.9860325662381912e-06,0.0,0.0,0.0,-2.9860325662381912e-06,-2.9860325662381912e-06,2.9860325662381912e-06,4.479048849357287e-06
B_tbl_minus_hqql,mod.blocks.6.attn.h7,photon<-neutral_hadron,0.017444644763853,-2.9745038199813114e-06,0.0,0.0,0.0,-2.9745038199813114e-06,-2.9745038199813114e-06,2.9745038199813114e-06,4.461755729971967e-06
signed_hqql_tbl,mod.blocks.7.attn.h1,electron<-electron,0.0004615527917242919,-3.0801321789416156e-06,-3.3836674230569574e-07,-3.4202172116692964e-07,-7.870252900168204e-05,-2.74176543663592e-06,-2.738110457774686e-06,3.0801321789416156e-06,4.451014897259575e-06
B_tbl_minus_hqql,mod.blocks.0.attn.h6,photon<-photon,0.015937355917885268,2.9545817618401977e-06,0.0,0.0,0.0,2.9545817618401977e-06,2.9545817618401977e-06,2.9545817618401977e-06,4.431872642760296e-06
B_tbl_minus_hqql,mod.blocks.7.attn.h2,photon<-photon,0.012216256150717591,2.9508527075860033e-06,0.0,0.0,0.0,2.9508527075860033e-06,2.9508527075860033e-06,2.9508527075860033e-06,4.426279061379005e-06
B_tbl_minus_hqql,mod.blocks.4.attn.h3,muon<-neutral_hadron,0.005566633492708206,2.9271010134834797e-06,0.0,0.0,0.0,2.9271010134834797e-06,2.9271010134834797e-06,2.9271010134834797e-06,4.39065152022522e-06
B_tbl_minus_hqql,mod.blocks.2.attn.h4,neutral_hadron<-neutral_hadron,0.018378961793123146,-2.9177483576439466e-06,0.0,0.0,0.0,-2.9177483576439466e-06,-2.9177483576439466e-06,2.9177483576439466e-06,4.37662253646592e-06
B_tbl_minus_hqql,mod.blocks.0.attn.h6,neutral_hadron<-photon,0.010439186460442014,2.8864445037906267e-06,0.0,0.0,0.0,2.8864445037906267e-06,2.8864445037906267e-06,2.8864445037906267e-06,4.32966675568594e-06
signed_hqql_tbl,mod.blocks.5.attn.h6,neutral_hadron<-electron,0.037339105252892926,-3.0349427417009933e-06,-5.575375439548225e-06,-5.038999370299279e-07,1.9029671117702188e-06,2.5404326978472313e-06,-2.5310428046710655e-06,3.0349427417009933e-06,4.305159090624609e-06
B_tbl_minus_hqql,mod.blocks.6.attn.h0,charged_hadron<-muon,0.005008989211284753,-2.865535145357364e-06,0.0,0.0,0.0,-2.865535145357364e-06,-2.865535145357364e-06,2.865535145357364e-06,4.298302718036046e-06
B_tbl_minus_hqql,mod.blocks.0.attn.h5,neutral_hadron<-photon,0.017025944166935283,-2.864219384437888e-06,0.0,0.0,0.0,-2.864219384437888e-06,-2.864219384437888e-06,2.864219384437888e-06,4.296329076656832e-06
B_tbl_minus_hqql,mod.blocks.3.attn.h5,charged_hadron<-neutral_hadron,0.003997783263358208,-2.856156523454188e-06,0.0,0.0,0.0,-2.856156523454188e-06,-2.856156523454188e-06,2.856156523454188e-06,4.284234785181282e-06
B_tbl_minus_hqql,mod.blocks.0.attn.h5,neutral_hadron<-charged_hadron,0.020637305538738996,2.8554889075343013e-06,0.0,0.0,0.0,2.8554889075343013e-06,2.8554889075343013e-06,2.8554889075343013e-06,4.2832333613014515e-06
B_tbl_minus_hqql,mod.blocks.2.attn.h4,photon<-muon,0.012026179920543324,-2.8467819158157166e-06,0.0,0.0,0.0,-2.8467819158157166e-06,-2.8467819158157166e-06,2.8467819158157166e-06,4.270172873723575e-06
signed_hqql_tbl,mod.blocks.3.attn.h7,photon<-neutral_hadron,0.013088693693141475,1.1999087824707608e-06,7.301820890436805e-06,8.034375837955863e-06,-1.2644967566429817e-05,-6.101912107966044e-06,-6.8344670554851025e-06,1.1999087824707608e-06,4.250864836453783e-06
B_tbl_minus_hqql,mod.blocks.4.attn.h2,photon<-charged_hadron,0.02035538567040809,2.829328525737272e-06,0.0,0.0,0.0,2.829328525737272e-06,2.829328525737272e-06,2.829328525737272e-06,4.243992788605908e-06
signed_hqql_tbl,mod.blocks.7.attn.h2,electron<-electron,0.00028999347847739426,2.8210759622041928e-06,-5.670820465986104e-09,-3.188975254531101e-06,-2.5072894113434524e-07,2.826746782670179e-06,6.0100512167352935e-06,2.8210759622041928e-06,4.234449353539282e-06
B_tbl_minus_hqql,mod.blocks.7.attn.h2,electron<-electron,0.00028999320665216527,2.821073526485899e-06,0.0,0.0,0.0,2.821073526485899e-06,2.821073526485899e-06,2.821073526485899e-06,4.231610289728849e-06
B_tbl_minus_hqql,mod.blocks.1.attn.h0,charged_hadron<-charged_hadron,0.020284297508447926,2.8078011875708424e-06,0.0,0.0,0.0,2.8078011875708424e-06,2.8078011875708424e-06,2.8078011875708424e-06,4.211701781356264e-06
B_tbl_minus_hqql,mod.blocks.5.attn.h3,electron<-electron,0.00012507275520571662,-2.804452189290411e-06,0.0,0.0,0.0,-2.804452189290411e-06,-2.804452189290411e-06,2.804452189290411e-06,4.2066782839356165e-06
signed_hqql_tbl,mod.blocks.5.attn.h6,photon<-electron,0.008253075182437897,-1.992125832354456e-06,2.422498515183439e-06,8.542992645743652e-06,-1.333116280828155e-05,-4.414624347537895e-06,-1.0535118478098107e-05,1.992125832354456e-06,4.199438006123403e-06
signed_hqql_tbl,mod.blocks.3.attn.h7,photon<-charged_hadron,0.0223102028339485,1.0180717333741536e-06,7.371294140143457e-06,6.69369083533324e-06,-4.449372888803894e-06,-6.353222406769304e-06,-5.675619101959087e-06,1.0180717333741536e-06,4.194682936758806e-06
B_tbl_minus_hqql,mod.blocks.5.attn.h3,charged_hadron<-neutral_hadron,0.01707787300223735,2.78880090270109e-06,0.0,0.0,0.0,2.78880090270109e-06,2.78880090270109e-06,2.78880090270109e-06,4.183201354051635e-06
B_tbl_minus_hqql,mod.blocks.2.attn.h7,neutral_hadron<-neutral_hadron,0.004402126889460935,2.770540670145494e-06,0.0,0.0,0.0,2.770540670145494e-06,2.770540670145494e-06,2.770540670145494e-06,4.155811005218241e-06
signed_hqql_tbl,mod.blocks.2.attn.h5,neutral_hadron<-photon,0.014295539986931855,3.393118381459777e-06,4.886186587154014e-06,-1.4503202146635151e-05,-2.09764070755772e-05,-1.493068205694237e-06,1.7896320528094927e-05,3.393118381459777e-06,4.139652484306896e-06
B_tbl_minus_hqql,mod.blocks.2.attn.h7,photon<-neutral_hadron,0.009590944107610347,-2.75514688135271e-06,0.0,0.0,0.0,-2.75514688135271e-06,-2.75514688135271e-06,2.75514688135271e-06,4.132720322029065e-06
B_tbl_minus_hqql,mod.blocks.4.attn.h6,charged_hadron<-electron,0.006695559738497985,-2.753591137374506e-06,0.0,0.0,0.0,-2.753591137374506e-06,-2.753591137374506e-06,2.753591137374506e-06,4.130386706061759e-06
signed_hqql_tbl,mod.blocks.4.attn.h2,photon<-charged_hadron,0.020355385565516502,2.8293285705517935e-06,2.2986830442217728e-07,-2.0908867566869886e-06,1.3894210309004496e-05,2.5994602661296163e-06,4.920215327238782e-06,2.8293285705517935e-06,4.129058703616602e-06
signed_hqql_tbl,mod.blocks.4.attn.h7,neutral_hadron<-neutral_hadron,0.011420418231342083,-3.012360410209042e-06,-8.232052739798162e-07,-8.348487992576788e-06,1.7038935788550516e-05,-2.1891551362292258e-06,5.336127582367746e-06,3.012360410209042e-06,4.106937978323655e-06
B_tbl_minus_hqql,mod.blocks.7.attn.h7,photon<-muon,0.016769991679625076,2.730410911185159e-06,0.0,0.0,0.0,2.730410911185159e-06,2.730410911185159e-06,2.730410911185159e-06,4.0956163667777385e-06
B_tbl_minus_hqql,mod.blocks.7.attn.h7,neutral_hadron<-photon,0.014739242271930072,2.7124110587903204e-06,0.0,0.0,0.0,2.7124110587903204e-06,2.7124110587903204e-06,2.7124110587903204e-06,4.068616588185481e-06
signed_hqql_tbl,mod.blocks.6.attn.h5,neutral_hadron<-charged_hadron,0.01917731430625032,-8.72008350268687e-07,5.496366210135018e-06,6.461517701505671e-06,-5.741823733560452e-06,-6.368374560403705e-06,-7.3335260517743574e-06,8.72008350268687e-07,4.056195630470539e-06
signed_hqql_tbl,mod.blocks.2.attn.h6,neutral_hadron<-neutral_hadron,0.019424772979572225,3.129243772584745e-06,4.979095467496191e-06,-3.477777385593551e-05,-1.344319067012458e-05,-1.8498516949114462e-06,3.7907017628520254e-05,3.129243772584745e-06,4.054169620040468e-06
B_tbl_minus_hqql,mod.blocks.5.attn.h2,photon<-neutral_hadron,0.006612257783380374,-2.6959758809412707e-06,0.0,0.0,0.0,-2.6959758809412707e-06,-2.6959758809412707e-06,2.6959758809412707e-06,4.043963821411906e-06
signed_hqql_tbl,mod.blocks.2.attn.h7,neutral_hadron<-neutral_hadron,0.004402126681704361,2.7705423830271822e-06,2.2697273019762862e-07,-4.046699508750988e-06,1.774045076135161e-06,2.5435696528295537e-06,6.81724189177817e-06,2.7705423830271822e-06,4.042327209441959e-06
signed_hqql_tbl,mod.blocks.4.attn.h4,electron<-neutral_hadron,0.00260181651593974,2.6640800570021383e-06,5.4153819064595154e-06,-4.978381330147386e-06,4.146331987916104e-06,-2.751301849457377e-06,7.642461387149524e-06,2.6640800570021383e-06,4.039730981730827e-06
B_tbl_minus_hqql,mod.blocks.6.attn.h4,neutral_hadron<-charged_hadron,0.02239229233683352,-2.68891013066351e-06,0.0,0.0,0.0,-2.68891013066351e-06,-2.68891013066351e-06,2.68891013066351e-06,4.033365195995265e-06
B_tbl_minus_hqql,mod.blocks.6.attn.h7,neutral_hadron<-photon,0.01519269319071968,-2.671666390550945e-06,0.0,0.0,0.0,-2.671666390550945e-06,-2.671666390550945e-06,2.671666390550945e-06,4.007499585826418e-06
B_tbl_minus_hqql,mod.blocks.4.attn.h4,electron<-neutral_hadron,0.0026018165696698884,2.664078727740651e-06,0.0,0.0,0.0,2.664078727740651e-06,2.664078727740651e-06,2.664078727740651e-06,3.996118091610977e-06
B_tbl_minus_hqql,mod.blocks.5.attn.h2,neutral_hadron<-photon,0.014350006489798861,2.6511772724563948e-06,0.0,0.0,0.0,2.6511772724563948e-06,2.6511772724563948e-06,2.6511772724563948e-06,3.9767659086845925e-06
B_tbl_minus_hqql,mod.blocks.4.attn.h0,neutral_hadron<-charged_hadron,0.01964838137899056,-2.6451306824648597e-06,0.0,0.0,0.0,-2.6451306824648597e-06,-2.6451306824648597e-06,2.6451306824648597e-06,3.96769602369729e-06
B_tbl_minus_hqql,mod.blocks.5.attn.h0,neutral_hadron<-neutral_hadron,0.009390517392901716,-2.62679944246367e-06,0.0,0.0,0.0,-2.62679944246367e-06,-2.62679944246367e-06,2.62679944246367e-06,3.940199163695505e-06
B_tbl_minus_hqql,mod.blocks.5.attn.h3,neutral_hadron<-photon,0.009823345346231775,-2.604232008072064e-06,0.0,0.0,0.0,-2.604232008072064e-06,-2.604232008072064e-06,2.604232008072064e-06,3.906348012108096e-06
signed_hqql_tbl,mod.blocks.4.attn.h6,photon<-muon,0.0026605650782585144,-2.4571920882656495e-06,4.185349098406732e-07,1.8396109919108095e-05,-4.918727784440437e-06,-2.8757269981063227e-06,-2.0853302007373745e-05,2.4571920882656495e-06,3.895055587318811e-06
B_tbl_minus_hqql,mod.blocks.5.attn.h3,neutral_hadron<-muon,0.011265428364276886,-2.5944653316400943e-06,0.0,0.0,0.0,-2.5944653316400943e-06,-2.5944653316400943e-06,2.5944653316400943e-06,3.891697997460141e-06
B_tbl_minus_hqql,mod.blocks.6.attn.h3,photon<-charged_hadron,0.023622444428067556,-2.593260778771206e-06,0.0,0.0,0.0,-2.593260778771206e-06,-2.593260778771206e-06,2.593260778771206e-06,3.8898911681568095e-06
B_tbl_minus_hqql,mod.blocks.4.attn.h5,neutral_hadron<-photon,0.01634408839736053,-2.5872262885584772e-06,0.0,0.0,0.0,-2.5872262885584772e-06,-2.5872262885584772e-06,2.5872262885584772e-06,3.880839432837716e-06
B_tbl_minus_hqql,mod.blocks.0.attn.h7,photon<-muon,0.01744946837425232,2.5858955103269015e-06,0.0,0.0,0.0,2.5858955103269015e-06,2.5858955103269015e-06,2.5858955103269015e-06,3.878843265490352e-06
B_tbl_minus_hqql,mod.blocks.7.attn.h0,neutral_hadron<-charged_hadron,0.020745567789534226,2.5763344885726285e-06,0.0,0.0,0.0,2.5763344885726285e-06,2.5763344885726285e-06,2.5763344885726285e-06,3.864501732858943e-06
signed_hqql_tbl,mod.blocks.6.attn.h3,photon<-charged_hadron,0.023622444375621762,-2.5932600641396454e-06,-5.132274389911978e-06,-5.652833463426433e-06,1.1651365650823596e-06,2.539014325772332e-06,3.0595733992867876e-06,2.5932600641396454e-06,3.862767227025812e-06
B_tbl_minus_hqql,mod.blocks.5.attn.h1,charged_hadron<-neutral_hadron,0.018664310963817682,-2.5717230031134516e-06,0.0,0.0,0.0,-2.5717230031134516e-06,-2.5717230031134516e-06,2.5717230031134516e-06,3.857584504670177e-06
B_tbl_minus_hqql,mod.blocks.6.attn.h3,neutral_hadron<-photon,0.010488752296517015,-2.57114203452609e-06,0.0,0.0,0.0,-2.57114203452609e-06,-2.57114203452609e-06,2.57114203452609e-06,3.856713051789135e-06
signed_hqql_tbl,mod.blocks.6.attn.h6,photon<-charged_hadron,0.022165916325812083,4.0845420020822973e-07,7.273751486510253e-06,3.838852428417253e-06,3.6473831404810366e-06,-6.865297286302023e-06,-3.4303982282090233e-06,4.0845420020822973e-07,3.841102843359241e-06
B_tbl_minus_hqql,mod.blocks.1.attn.h6,photon<-neutral_hadron,0.016668897249327172,-2.541326440629115e-06,0.0,0.0,0.0,-2.541326440629115e-06,-2.541326440629115e-06,2.541326440629115e-06,3.8119896609436725e-06
B_tbl_minus_hqql,mod.blocks.0.attn.h0,electron<-neutral_hadron,0.010433480143547058,2.529841087660036e-06,0.0,0.0,0.0,2.529841087660036e-06,2.529841087660036e-06,2.529841087660036e-06,3.794761631490054e-06
signed_hqql_tbl,mod.blocks.5.attn.h3,electron<-electron,0.00012507270366768353,-2.804451260847903e-06,-8.423574229254882e-07,7.373994446879806e-05,-7.45926426888714e-07,-1.962093837922415e-06,-7.654439572964596e-05,2.804451260847903e-06,3.7854981798091103e-06
B_tbl_minus_hqql,mod.blocks.7.attn.h6,charged_hadron<-photon,0.014882655433238575,2.5189108601138257e-06,0.0,0.0,0.0,2.5189108601138257e-06,2.5189108601138257e-06,2.5189108601138257e-06,3.7783662901707386e-06
B_tbl_minus_hqql,mod.cls_blocks.1.attn.h2,neutral_hadron<-neutral_hadron,0.002775041785623346,2.5038543429088478e-06,0.0,0.0,0.0,2.5038543429088478e-06,2.5038543429088478e-06,2.5038543429088478e-06,3.7557815143632714e-06
B_tbl_minus_hqql,mod.blocks.4.attn.h5,photon<-photon,0.01827995740436688,-2.503067847601149e-06,0.0,0.0,0.0,-2.503067847601149e-06,-2.503067847601149e-06,2.503067847601149e-06,3.7546017714017238e-06
signed_hqql_tbl,mod.blocks.6.attn.h1,photon<-photon,0.013429959994828981,1.3619112321027099e-06,-3.4144085009414015e-06,-2.366534638546982e-06,2.5889042003812416e-07,4.776319733044112e-06,3.7284458706496915e-06,1.3619112321027099e-06,3.7500710986247654e-06
signed_hqql_tbl,mod.blocks.1.attn.h1,charged_hadron<-photon,0.014949567507816421,1.017573267857356e-06,-4.431223700064467e-06,-2.382511266848748e-07,8.594825212343755e-06,5.448796967921823e-06,1.2558243945422308e-06,1.017573267857356e-06,3.7419717518182677e-06
B_tbl_minus_hqql,mod.blocks.4.attn.h7,photon<-charged_hadron,0.022722987000028623,2.4667943889165386e-06,0.0,0.0,0.0,2.4667943889165386e-06,2.4667943889165386e-06,2.4667943889165386e-06,3.700191583374808e-06
B_tbl_minus_hqql,mod.blocks.4.attn.h6,photon<-muon,0.0026605650782585144,-2.4571920882656495e-06,0.0,0.0,0.0,-2.4571920882656495e-06,-2.4571920882656495e-06,2.4571920882656495e-06,3.685788132398474e-06
B_tbl_minus_hqql,mod.blocks.2.attn.h7,electron<-neutral_hadron,0.007045077876402781,2.4562899712831354e-06,0.0,0.0,0.0,2.4562899712831354e-06,2.4562899712831354e-06,2.4562899712831354e-06,3.6844349569247033e-06
B_tbl_minus_hqql,mod.blocks.4.attn.h1,photon<-charged_hadron,0.02272042119445331,2.4455970755929443e-06,0.0,0.0,0.0,2.4455970755929443e-06,2.4455970755929443e-06,2.4455970755929443e-06,3.668395613389416e-06
B_tbl_minus_hqql,mod.blocks.0.attn.h7,neutral_hadron<-photon,0.014454349181727546,-2.432151252148334e-06,0.0,0.0,0.0,-2.432151252148334e-06,-2.432151252148334e-06,2.432151252148334e-06,3.648226878222501e-06
signed_hqql_tbl,mod.blocks.6.attn.h0,neutral_hadron<-charged_hadron,0.019967534096659426,-1.321891560595496e-06,3.2974192337762263e-06,3.2039852645067244e-06,-4.186498534261641e-06,-4.619310794371722e-06,-4.52587682510222e-06,1.321891560595496e-06,3.6315469577813573e-06
B_tbl_minus_hqql,mod.blocks.4.attn.h5,photon<-charged_hadron,0.019932718304249353,-2.3911434246839285e-06,0.0,0.0,0.0,-2.3911434246839285e-06,-2.3911434246839285e-06,2.3911434246839285e-06,3.586715137025893e-06
B_tbl_minus_hqql,mod.blocks.5.attn.h2,photon<-electron,0.009005798771977425,-2.3840288728630792e-06,0.0,0.0,0.0,-2.3840288728630792e-06,-2.3840288728630792e-06,2.3840288728630792e-06,3.576043309294619e-06
B_tbl_minus_hqql,mod.blocks.2.attn.h6,neutral_hadron<-photon,0.015706905032595368,2.375184110393123e-06,0.0,0.0,0.0,2.375184110393123e-06,2.375184110393123e-06,2.375184110393123e-06,3.5627761655896847e-06
signed_hqql_tbl,mod.blocks.3.attn.h4,electron<-electron,0.004314581863582134,1.570603709903177e-06,-2.385044126640423e-06,-2.263159255259476e-06,-0.0004850517159204835,3.9556478365436005e-06,3.833762965162653e-06,1.570603709903177e-06,3.548427628174977e-06
signed_hqql_tbl,mod.cls_blocks.1.attn.h6,muon<-CLS,0.0,0.0,7.045808615657734e-06,0.0,0.0,-7.045808615657734e-06,0.0,0.0,3.522904307828867e-06
B_tbl_minus_hqql,mod.blocks.3.attn.h4,neutral_hadron<-neutral_hadron,0.013141620015868773,2.3442734135852123e-06,0.0,0.0,0.0,2.3442734135852123e-06,2.3442734135852123e-06,2.3442734135852123e-06,3.5164101203778184e-06
signed_hqql_tbl,mod.blocks.5.attn.h2,neutral_hadron<-electron,0.0005980472184756553,1.7706215155263076e-06,-1.6715411810253045e-06,-8.431135779574105e-06,-1.7831986648767876e-07,3.442162696551612e-06,1.0201757295100412e-05,1.7706215155263076e-06,3.491702863802114e-06
B_tbl_minus_hqql,mod.blocks.5.attn.h4,charged_hadron<-muon,0.019511593110633618,-2.321513337929818e-06,0.0,0.0,0.0,-2.321513337929818e-06,-2.321513337929818e-06,2.321513337929818e-06,3.4822700068947268e-06
B_tbl_minus_hqql,mod.blocks.2.attn.h1,charged_hadron<-neutral_hadron,0.012116210666502866,2.313927769987128e-06,0.0,0.0,0.0,2.313927769987128e-06,2.313927769987128e-06,2.313927769987128e-06,3.4708916549806923e-06
signed_hqql_tbl,mod.blocks.6.attn.h4,muon<-muon,0.001163046807050705,3.212946921848925e-07,-5.97666098656191e-06,-1.921759121614741e-06,2.726041776668353e-05,6.297955678746803e-06,2.2430538137996336e-06,3.212946921848925e-07,3.470272531558294e-06
B_tbl_minus_hqql,mod.blocks.5.attn.h7,charged_hadron<-neutral_hadron,0.010600852539903775,-2.2908774688607443e-06,0.0,0.0,0.0,-2.2908774688607443e-06,-2.2908774688607443e-06,2.2908774688607443e-06,3.4363162032911164e-06
B_tbl_minus_hqql,mod.blocks.6.attn.h6,neutral_hadron<-photon,0.009525864955655246,2.289692729346226e-06,0.0,0.0,0.0,2.289692729346226e-06,2.289692729346226e-06,2.289692729346226e-06,3.434539094019339e-06
B_tbl_minus_hqql,mod.blocks.7.attn.h7,neutral_hadron<-muon,0.024220576882362364,-2.2894560970598833e-06,0.0,0.0,0.0,-2.2894560970598833e-06,-2.2894560970598833e-06,2.2894560970598833e-06,3.434184145589825e-06
B_tbl_minus_hqql,mod.blocks.7.attn.h5,muon<-neutral_hadron,0.0008234712295234203,2.288397081429139e-06,0.0,0.0,0.0,2.288397081429139e-06,2.288397081429139e-06,2.288397081429139e-06,3.4325956221437084e-06
signed_hqql_tbl,mod.blocks.5.attn.h0,neutral_hadron<-charged_hadron,0.020367596913905592,-3.1167201264519333e-06,-2.578800588191764e-06,6.473145847446798e-06,-3.701401513445285e-06,-5.379195382601695e-07,-9.589865973898732e-06,3.1167201264519333e-06,3.385679895582018e-06
signed_hqql_tbl,mod.blocks.4.attn.h5,photon<-neutral_hadron,0.007080685234010627,-3.0455079324687136e-06,-2.365730731230039e-06,-4.942000897151567e-06,3.195239753449213e-06,-6.797772012386744e-07,1.8964929646828533e-06,3.0455079324687136e-06,3.3853965330880506e-06
B_tbl_minus_hqql,mod.blocks.4.attn.h2,neutral_hadron<-muon,0.005732453614473343,2.2486488887807355e-06,0.0,0.0,0.0,2.2486488887807355e-06,2.2486488887807355e-06,2.2486488887807355e-06,3.3729733331711035e-06
B_tbl_minus_hqql,mod.blocks.4.attn.h4,neutral_hadron<-photon,0.011292904374911724,2.2262135098346067e-06,0.0,0.0,0.0,2.2262135098346067e-06,2.2262135098346067e-06,2.2262135098346067e-06,3.33932026475191e-06
B_tbl_minus_hqql,mod.blocks.5.attn.h7,charged_hadron<-charged_hadron,0.026704658858882683,-2.2234572268179467e-06,0.0,0.0,0.0,-2.2234572268179467e-06,-2.2234572268179467e-06,2.2234572268179467e-06,3.3351858402269203e-06
B_tbl_minus_hqql,mod.blocks.6.attn.h5,neutral_hadron<-neutral_hadron,0.005826495959781124,2.197919922048587e-06,0.0,0.0,0.0,2.197919922048587e-06,2.197919922048587e-06,2.197919922048587e-06,3.29687988307288e-06
signed_hqql_tbl,mod.blocks.2.attn.h5,electron<-electron,0.0005036556491783509,-1.440448637405704e-06,2.269011986300029e-06,0.0007401605465323277,8.983740185509636e-05,-3.7094606237057332e-06,-0.0007416009951697333,1.440448637405704e-06,3.2951789492585704e-06
B_tbl_minus_hqql,mod.blocks.3.attn.h4,neutral_hadron<-photon,0.015367905816848347,2.1919114976944453e-06,0.0,0.0,0.0,2.1919114976944453e-06,2.1919114976944453e-06,2.1919114976944453e-06,3.2878672465416677e-06
B_tbl_minus_hqql,mod.blocks.3.attn.h7,photon<-photon,0.014381635658081404,-2.174414072136744e-06,0.0,0.0,0.0,-2.174414072136744e-06,-2.174414072136744e-06,2.174414072136744e-06,3.261621108205116e-06
B_tbl_minus_hqql,mod.blocks.0.attn.h2,charged_hadron<-charged_hadron,0.019316205257056036,-2.160362450487242e-06,0.0,0.0,0.0,-2.160362450487242e-06,-2.160362450487242e-06,2.160362450487242e-06,3.240543675730863e-06
signed_hqql_tbl,mod.blocks.1.attn.h0,charged_hadron<-charged_hadron,0.020284297338920895,2.807799780364037e-06,1.983838974680696e-06,-2.7767605336015334e-08,-4.666386330924808e-06,8.23960805683341e-07,2.8355673857000526e-06,2.807799780364037e-06,3.2197801832057077e-06
B_tbl_minus_hqql,mod.blocks.3.attn.h1,neutral_hadron<-neutral_hadron,0.008980765266534992,2.13712690030941e-06,0.0,0.0,0.0,2.13712690030941e-06,2.13712690030941e-06,2.13712690030941e-06,3.205690350464115e-06
B_tbl_minus_hqql,mod.blocks.6.attn.h0,electron<-neutral_hadron,0.005720731137374129,-2.115976039581605e-06,0.0,0.0,0.0,-2.115976039581605e-06,-2.115976039581605e-06,2.115976039581605e-06,3.173964059372408e-06
signed_hqql_tbl,mod.blocks.4.attn.h7,photon<-charged_hadron,0.02272298710492021,2.4667918664992046e-06,3.869567026272872e-06,-1.6273570028757137e-06,-6.232131389091475e-06,-1.4027751597736678e-06,4.094148869374918e-06,2.4667918664992046e-06,3.1681794463860384e-06
B_tbl_minus_hqql,mod.blocks.1.attn.h6,charged_hadron<-neutral_hadron,0.0104486959930308,2.1108606180248757e-06,0.0,0.0,0.0,2.1108606180248757e-06,2.1108606180248757e-06,2.1108606180248757e-06,3.166290927037314e-06
signed_hqql_tbl,mod.blocks.1.attn.h4,charged_hadron<-charged_hadron,0.019062392987756558,-1.589697528032515e-06,-4.639645498958442e-06,-2.525662095755597e-07,1.3419490919873106e-06,3.049947970925927e-06,-1.3371313184569554e-06,1.589697528032515e-06,3.114671513495478e-06
B_tbl_minus_hqql,mod.blocks.0.attn.h5,electron<-neutral_hadron,0.0016715116306351353,-2.0696477262250623e-06,0.0,0.0,0.0,-2.0696477262250623e-06,-2.0696477262250623e-06,2.0696477262250623e-06,3.1044715893375933e-06
signed_hqql_tbl,mod.blocks.7.attn.h4,neutral_hadron<-charged_hadron,0.0239361252173651,-1.1975697555799254e-06,2.5946542181217255e-06,-4.513703421802589e-06,-2.6120552008468784e-06,-3.792223973701651e-06,3.316133666222664e-06,1.1975697555799254e-06,3.0936817424307507e-06
B_tbl_minus_hqql,mod.blocks.1.attn.h7,photon<-photon,0.014062254159876945,-2.061503619820585e-06,0.0,0.0,0.0,-2.061503619820585e-06,-2.061503619820585e-06,2.061503619820585e-06,3.0922554297308776e-06
B_tbl_minus_hqql,mod.blocks.7.attn.h6,photon<-neutral_hadron,0.010425437836081696,2.0610551704412117e-06,0.0,0.0,0.0,2.0610551704412117e-06,2.0610551704412117e-06,2.0610551704412117e-06,3.0915827556618177e-06
B_tbl_minus_hqql,mod.blocks.4.attn.h4,photon<-photon,0.010733206240758271,-2.0596040851056894e-06,0.0,0.0,0.0,-2.0596040851056894e-06,-2.0596040851056894e-06,2.0596040851056894e-06,3.089406127658534e-06
signed_hqql_tbl,mod.blocks.1.attn.h3,neutral_hadron<-electron,0.02056824989043749,1.8573001188297685e-06,-6.049206149327802e-07,1.8943974282592536e-07,3.146218756834666e-05,2.4622207337625487e-06,1.6678603760038432e-06,1.8573001188297685e-06,3.088410485711043e-06
B_tbl_minus_hqql,mod.blocks.7.attn.h2,photon<-charged_hadron,0.02273004478785208,2.054206090744706e-06,0.0,0.0,0.0,2.054206090744706e-06,2.054206090744706e-06,2.054206090744706e-06,3.081309136117059e-06
B_tbl_minus_hqql,mod.blocks.1.attn.h5,photon<-neutral_hadron,0.008843715722926427,-2.0477647418653433e-06,0.0,0.0,0.0,-2.0477647418653433e-06,-2.0477647418653433e-06,2.0477647418653433e-06,3.071647112798015e-06
B_tbl_minus_hqql,mod.blocks.0.attn.h6,muon<-muon,0.00017162738367915154,2.04445041163126e-06,0.0,0.0,0.0,2.04445041163126e-06,2.04445041163126e-06,2.04445041163126e-06,3.06667561744689e-06
signed_hqql_tbl,mod.blocks.6.attn.h3,charged_hadron<-charged_hadron,0.019736955583535262,-1.7649181959957729e-06,8.363756608075003e-07,-6.897575096799162e-06,3.4043141454501672e-06,-2.6012938568032732e-06,5.1326569008033895e-06,1.7649181959957729e-06,3.0655651243974093e-06
signed_hqql_tbl,mod.blocks.1.attn.h5,electron<-electron,0.00032629927348655957,-1.7218228170653067e-06,9.607968927127786e-07,0.0010391370281771135,-0.0003864543409535641,-2.682619709778085e-06,-0.0010408588509941787,1.7218228170653067e-06,3.0631326719543495e-06
B_tbl_minus_hqql,mod.blocks.6.attn.h4,muon<-neutral_hadron,0.012647761404514313,2.035504439845681e-06,0.0,0.0,0.0,2.035504439845681e-06,2.035504439845681e-06,2.035504439845681e-06,3.0532566597685215e-06
B_tbl_minus_hqql,mod.blocks.4.attn.h4,charged_hadron<-neutral_hadron,0.016096190101267196,2.03169480835414e-06,0.0,0.0,0.0,2.03169480835414e-06,2.03169480835414e-06,2.03169480835414e-06,3.0475422125312102e-06
B_tbl_minus_hqql,mod.blocks.6.attn.h1,muon<-photon,0.0020251360467889094,-2.0190337553768503e-06,0.0,0.0,0.0,-2.0190337553768503e-06,-2.0190337553768503e-06,2.0190337553768503e-06,3.0285506330652754e-06
B_tbl_minus_hqql,mod.blocks.5.attn.h5,neutral_hadron<-photon,0.015301318511986569,-2.0123547291953156e-06,0.0,0.0,0.0,-2.0123547291953156e-06,-2.0123547291953156e-06,2.0123547291953156e-06,3.0185320937929734e-06
B_tbl_minus_hqql,mod.blocks.5.attn.h7,neutral_hadron<-charged_hadron,0.022732932176162946,-1.99884485956176e-06,0.0,0.0,0.0,-1.99884485956176e-06,-1.99884485956176e-06,1.99884485956176e-06,2.99826728934264e-06
B_tbl_minus_hqql,mod.blocks.5.attn.h6,photon<-electron,0.00825307493408521,-1.9921282804110283e-06,0.0,0.0,0.0,-1.9921282804110283e-06,-1.9921282804110283e-06,1.9921282804110283e-06,2.9881924206165422e-06
B_tbl_minus_hqql,mod.blocks.5.attn.h7,photon<-neutral_hadron,0.011732749543820458,-1.972704156548187e-06,0.0,0.0,0.0,-1.972704156548187e-06,-1.972704156548187e-06,1.972704156548187e-06,2.9590562348222806e-06
signed_hqql_tbl,mod.blocks.1.attn.h7,photon<-neutral_hadron,0.014838094151885816,-6.031428233527854e-07,4.085935204614787e-06,-1.02846262007342e-05,7.392132516043489e-06,-4.689078027967572e-06,9.681483377381415e-06,6.031428233527854e-07,2.9476818373365718e-06
B_tbl_minus_hqql,mod.blocks.7.attn.h3,neutral_hadron<-charged_hadron,0.020983029565305608,-1.9591925007866803e-06,0.0,0.0,0.0,-1.9591925007866803e-06,-1.9591925007866803e-06,1.9591925007866803e-06,2.9387887511800204e-06
signed_hqql_tbl,mod.blocks.6.attn.h2,charged_hadron<-neutral_hadron,0.010302327922245797,-1.736926015840802e-06,6.646965368155826e-07,2.3926568808926866e-06,-1.0768783375625655e-05,-2.4016225526563845e-06,-4.129582896733489e-06,1.736926015840802e-06,2.937737292168994e-06
B_tbl_minus_hqql,mod.blocks.7.attn.h0,charged_hadron<-photon,0.015350470761082218,1.9190395762058105e-06,0.0,0.0,0.0,1.9190395762058105e-06,1.9190395762058105e-06,1.9190395762058105e-06,2.878559364308716e-06
signed_hqql_tbl,mod.blocks.0.attn.h1,photon<-photon,0.013058245189435224,-1.701411535948158e-07,-5.561888437255808e-06,-8.158015940204659e-06,3.208840425360118e-07,5.3917472836609916e-06,7.987874786609843e-06,1.701411535948158e-07,2.8660147954253115e-06
B_tbl_minus_hqql,mod.blocks.3.attn.h5,electron<-neutral_hadron,0.0006632185563480911,-1.9069364305743454e-06,0.0,0.0,0.0,-1.9069364305743454e-06,-1.9069364305743454e-06,1.9069364305743454e-06,2.860404645861518e-06
B_tbl_minus_hqql,mod.blocks.1.attn.h3,electron<-electron,0.0003031871674465947,1.8910097878688248e-06,0.0,0.0,0.0,1.8910097878688248e-06,1.8910097878688248e-06,1.8910097878688248e-06,2.836514681803237e-06
signed_hqql_tbl,mod.blocks.4.attn.h5,photon<-photon,0.01827995768548597,-2.5030697259667737e-06,-1.863536245554999e-06,-1.2227798573789884e-05,1.8481276338521684e-05,-6.395334804117748e-07,9.72472884782311e-06,2.5030697259667737e-06,2.822836466172661e-06
B_tbl_minus_hqql,mod.blocks.1.attn.h3,neutral_hadron<-electron,0.02056825189636304,1.8573135513669024e-06,0.0,0.0,0.0,1.8573135513669024e-06,1.8573135513669024e-06,1.8573135513669024e-06,2.7859703270503537e-06
B_tbl_minus_hqql,mod.blocks.7.attn.h4,muon<-charged_hadron,0.01336116592089335,1.8425417885847502e-06,0.0,0.0,0.0,1.8425417885847502e-06,1.8425417885847502e-06,1.8425417885847502e-06,2.7638126828771252e-06
B_tbl_minus_hqql,mod.blocks.7.attn.h5,charged_hadron<-charged_hadron,0.018880776220634773,1.8275629532809943e-06,0.0,0.0,0.0,1.8275629532809943e-06,1.8275629532809943e-06,1.8275629532809943e-06,2.7413444299214914e-06
B_tbl_minus_hqql,mod.blocks.3.attn.h7,charged_hadron<-neutral_hadron,0.012306840270680984,-1.813563329133632e-06,0.0,0.0,0.0,-1.813563329133632e-06,-1.813563329133632e-06,1.813563329133632e-06,2.720344993700448e-06
signed_hqql_tbl,mod.blocks.4.attn.h4,photon<-photon,0.01073320611499447,-2.0596041966336485e-06,-3.380936711306787e-06,-2.5691646992902327e-06,-1.0670535115328036e-06,1.3213325146731383e-06,5.095605026565842e-07,2.0596041966336485e-06,2.7202704539702177e-06
B_tbl_minus_hqql,mod.blocks.4.attn.h4,photon<-electron,0.004472222179174423,1.8130287116946419e-06,0.0,0.0,0.0,1.8130287116946419e-06,1.8130287116946419e-06,1.8130287116946419e-06,2.7195430675419626e-06
B_tbl_minus_hqql,mod.blocks.0.attn.h4,photon<-photon,0.016683378378806672,-1.7908310195283388e-06,0.0,0.0,0.0,-1.7908310195283388e-06,-1.7908310195283388e-06,1.7908310195283388e-06,2.686246529292508e-06
signed_hqql_tbl,mod.blocks.6.attn.h3,charged_hadron<-neutral_hadron,0.012288885023320267,1.0315818048164496e-06,-2.258136367156833e-06,-8.228345768083038e-06,2.2958960969666458e-07,3.2897181719732828e-06,9.259927572899487e-06,1.0315818048164496e-06,2.6764408908030908e-06
B_tbl_minus_hqql,mod.blocks.5.attn.h2,neutral_hadron<-electron,0.0005980478273998485,1.7706259404311945e-06,0.0,0.0,0.0,1.7706259404311945e-06,1.7706259404311945e-06,1.7706259404311945e-06,2.655938910646792e-06
signed_hqql_tbl,mod.blocks.0.attn.h6,muon<-muon,0.00017162738367915154,2.04445041163126e-06,8.310284047574612e-07,-1.4432123407459585e-07,-3.889603224394023e-06,1.2134220068737989e-06,2.188771645705856e-06,2.04445041163126e-06,2.6511614150681595e-06
B_tbl_minus_hqql,mod.blocks.6.attn.h3,charged_hadron<-charged_hadron,0.019736955583535262,-1.7649194842108265e-06,0.0,0.0,0.0,-1.7649194842108265e-06,-1.7649194842108265e-06,1.7649194842108265e-06,2.64737922631624e-06
B_tbl_minus_hqql,mod.blocks.7.attn.h5,photon<-photon,0.016474358849361513,-1.7613928598577528e-06,0.0,0.0,0.0,-1.7613928598577528e-06,-1.7613928598577528e-06,1.7613928598577528e-06,2.6420892897866294e-06
B_tbl_minus_hqql,mod.blocks.7.attn.h6,neutral_hadron<-neutral_hadron,0.010214509683534673,1.7402155645612902e-06,0.0,0.0,0.0,1.7402155645612902e-06,1.7402155645612902e-06,1.7402155645612902e-06,2.6103233468419355e-06
B_tbl_minus_hqql,mod.blocks.0.attn.h0,photon<-charged_hadron,0.019114776429655894,1.7380795896985865e-06,0.0,0.0,0.0,1.7380795896985865e-06,1.7380795896985865e-06,1.7380795896985865e-06,2.6071193845478795e-06
B_tbl_minus_hqql,mod.blocks.6.attn.h2,charged_hadron<-neutral_hadron,0.010302327983599008,-1.7369270231658655e-06,0.0,0.0,0.0,-1.7369270231658655e-06,-1.7369270231658655e-06,1.7369270231658655e-06,2.605390534748798e-06
B_tbl_minus_hqql,mod.blocks.1.attn.h5,electron<-electron,0.00032629921527889866,-1.7218182695917978e-06,0.0,0.0,0.0,-1.7218182695917978e-06,-1.7218182695917978e-06,1.7218182695917978e-06,2.582727404387697e-06
B_tbl_minus_hqql,mod.blocks.6.attn.h4,neutral_hadron<-muon,0.02756944000720978,1.7175050743389875e-06,0.0,0.0,0.0,1.7175050743389875e-06,1.7175050743389875e-06,1.7175050743389875e-06,2.5762576115084814e-06
B_tbl_minus_hqql,mod.blocks.1.attn.h4,electron<-charged_hadron,0.021433193432657344,1.7147961587301995e-06,0.0,0.0,0.0,1.7147961587301995e-06,1.7147961587301995e-06,1.7147961587301995e-06,2.572194238095299e-06
B_tbl_minus_hqql,mod.blocks.2.attn.h3,charged_hadron<-charged_hadron,0.019833610064399983,1.7110972953562143e-06,0.0,0.0,0.0,1.7110972953562143e-06,1.7110972953562143e-06,1.7110972953562143e-06,2.5666459430343214e-06
signed_hqql_tbl,mod.blocks.3.attn.h5,electron<-neutral_hadron,0.0006632188541026643,-1.9069383501328748e-06,-6.081986452244337e-07,-1.3043125363765284e-07,-2.5067517829787297e-06,-1.2987397049084411e-06,-1.776507096495222e-06,1.9069383501328748e-06,2.5563082025870954e-06
B_tbl_minus_hqql,mod.blocks.0.attn.h5,photon<-charged_hadron,0.02015115870707789,-1.703321511106991e-06,0.0,0.0,0.0,-1.703321511106991e-06,-1.703321511106991e-06,1.703321511106991e-06,2.5549822666604866e-06
B_tbl_minus_hqql,mod.blocks.4.attn.h0,charged_hadron<-photon,0.014382465211924508,1.6965568999834015e-06,0.0,0.0,0.0,1.6965568999834015e-06,1.6965568999834015e-06,1.6965568999834015e-06,2.544835349975102e-06
B_tbl_minus_hqql,mod.blocks.3.attn.h4,neutral_hadron<-charged_hadron,0.02160631291227002,-1.6900398573160892e-06,0.0,0.0,0.0,-1.6900398573160892e-06,-1.6900398573160892e-06,1.6900398573160892e-06,2.535059785974134e-06
signed_hqql_tbl,mod.blocks.4.attn.h4,photon<-electron,0.004472223793466886,1.8130301289905522e-06,3.97256893539374e-07,-7.990004178282106e-07,3.08523711093774e-06,1.415773235451178e-06,2.6120305468187626e-06,1.8130301289905522e-06,2.520916746716141e-06
signed_hqql_tbl,mod.cls_blocks.1.attn.h3,muon<-charged_hadron,0.0,0.0,-5.041718064934354e-06,0.0,0.0,5.041718064934354e-06,0.0,0.0,2.520859032467177e-06
B_tbl_minus_hqql,mod.blocks.4.attn.h7,neutral_hadron<-photon,0.014977904819391442,-1.678988724122602e-06,0.0,0.0,0.0,-1.678988724122602e-06,-1.678988724122602e-06,1.678988724122602e-06,2.518483086183903e-06
B_tbl_minus_hqql,mod.blocks.5.attn.h7,photon<-charged_hadron,0.02483600422615424,1.6294814952724157e-06,0.0,0.0,0.0,1.6294814952724157e-06,1.6294814952724157e-06,1.6294814952724157e-06,2.4442222429086235e-06
B_tbl_minus_hqql,mod.blocks.0.attn.h1,photon<-charged_hadron,0.021756862838835742,1.6185402123901207e-06,0.0,0.0,0.0,1.6185402123901207e-06,1.6185402123901207e-06,1.6185402123901207e-06,2.427810318585181e-06
B_tbl_minus_hqql,mod.blocks.0.attn.h1,charged_hadron<-charged_hadron,0.021565865584558173,-1.613379002651149e-06,0.0,0.0,0.0,-1.613379002651149e-06,-1.613379002651149e-06,1.613379002651149e-06,2.4200685039767236e-06
B_tbl_minus_hqql,mod.blocks.7.attn.h6,photon<-photon,0.013646098155011843,1.6023521535540113e-06,0.0,0.0,0.0,1.6023521535540113e-06,1.6023521535540113e-06,1.6023521535540113e-06,2.403528230331017e-06
signed_hqql_tbl,mod.blocks.7.attn.h2,photon<-charged_hadron,0.02273004489274367,2.0542072191103284e-06,1.3699362476871691e-06,5.14252532030961e-06,-1.2788180857998384e-06,6.842709714231592e-07,-3.0883181011992815e-06,2.0542072191103284e-06,2.396342704821908e-06
signed_hqql_tbl,mod.blocks.1.attn.h3,electron<-electron,0.00030318716502127546,1.8910063204202743e-06,2.8864293781794004e-06,0.0002672186016449511,-1.5068279646419052e-05,-9.95423057759126e-07,-0.0002653275953245308,1.8910063204202743e-06,2.3887178492998373e-06
B_tbl_minus_hqql,mod.blocks.1.attn.h4,charged_hadron<-charged_hadron,0.01906239315728359,-1.5896999544295436e-06,0.0,0.0,0.0,-1.5896999544295436e-06,-1.5896999544295436e-06,1.5896999544295436e-06,2.3845499316443153e-06
B_tbl_minus_hqql,mod.blocks.4.attn.h7,neutral_hadron<-charged_hadron,0.021608495675468346,1.581494927231838e-06,0.0,0.0,0.0,1.581494927231838e-06,1.581494927231838e-06,1.581494927231838e-06,2.372242390847757e-06
B_tbl_minus_hqql,mod.blocks.1.attn.h4,neutral_hadron<-photon,0.010819318537235556,1.5794434258772129e-06,0.0,0.0,0.0,1.5794434258772129e-06,1.5794434258772129e-06,1.5794434258772129e-06,2.3691651388158194e-06
B_tbl_minus_hqql,mod.blocks.3.attn.h4,muon<-photon,0.01620344953103499,-1.5756430167874151e-06,0.0,0.0,0.0,-1.5756430167874151e-06,-1.5756430167874151e-06,1.5756430167874151e-06,2.3634645251811226e-06
B_tbl_minus_hqql,mod.blocks.3.attn.h4,electron<-electron,0.004314582659086834,1.570603444633889e-06,0.0,0.0,0.0,1.570603444633889e-06,1.570603444633889e-06,1.570603444633889e-06,2.3559051669508335e-06
B_tbl_minus_hqql,mod.blocks.2.attn.h6,photon<-charged_hadron,0.022265009768880836,1.565368586493139e-06,0.0,0.0,0.0,1.565368586493139e-06,1.565368586493139e-06,1.565368586493139e-06,2.3480528797397087e-06
signed_hqql_tbl,mod.blocks.5.attn.h1,photon<-neutral_hadron,0.021425398349909957,-4.2595889322196085e-07,3.382358344641333e-06,-2.5935569033616764e-06,-1.980247242417886e-05,-3.808317237863294e-06,2.1675980101397155e-06,4.2595889322196085e-07,2.3301175121536077e-06
signed_hqql_tbl,mod.cls_blocks.1.attn.h7,muon<-muon,0.0,0.0,-4.638455266103847e-06,0.0,0.0,4.638455266103847e-06,0.0,0.0,2.3192276330519235e-06
signed_hqql_tbl,mod.blocks.3.attn.h6,neutral_hadron<-photon,0.01794942756530885,-1.4696290686828895e-06,2.229353055444887e-07,-1.7233726172698754e-05,4.704752645529255e-06,-1.6925643742273782e-06,1.5764097104015865e-05,1.4696290686828895e-06,2.3159112557965786e-06
B_tbl_minus_hqql,mod.blocks.6.attn.h1,charged_hadron<-photon,0.009323553581674141,1.5411536361705847e-06,0.0,0.0,0.0,1.5411536361705847e-06,1.5411536361705847e-06,1.5411536361705847e-06,2.311730454255877e-06
B_tbl_minus_hqql,mod.blocks.6.attn.h2,photon<-photon,0.01331155679947066,1.5307549606320694e-06,0.0,0.0,0.0,1.5307549606320694e-06,1.5307549606320694e-06,1.5307549606320694e-06,2.296132440948104e-06
B_tbl_minus_hqql,mod.blocks.0.attn.h5,neutral_hadron<-electron,0.0006202076867619046,-1.5266818297076357e-06,0.0,0.0,0.0,-1.5266818297076357e-06,-1.5266818297076357e-06,1.5266818297076357e-06,2.2900227445614537e-06
B_tbl_minus_hqql,mod.blocks.5.attn.h5,neutral_hadron<-neutral_hadron,0.004376220587362649,-1.5225417811529442e-06,0.0,0.0,0.0,-1.5225417811529442e-06,-1.5225417811529442e-06,1.5225417811529442e-06,2.2838126717294165e-06
B_tbl_minus_hqql,mod.blocks.3.attn.h5,neutral_hadron<-charged_hadron,0.02108662556693901,1.5171583411410812e-06,0.0,0.0,0.0,1.5171583411410812e-06,1.5171583411410812e-06,1.5171583411410812e-06,2.275737511711622e-06
signed_hqql_tbl,mod.blocks.1.attn.h1,muon<-muon,0.0002123860758729279,-1.5055807125463616e-06,2.1424741092346267e-08,2.202964282105313e-07,-2.2221210912221068e-05,-1.5270054536387079e-06,-1.725877140756893e-06,1.5055807125463616e-06,2.2690834393657155e-06
B_tbl_minus_hqql,mod.blocks.1.attn.h1,muon<-muon,0.0002123860758729279,-1.5055807125463616e-06,0.0,0.0,0.0,-1.5055807125463616e-06,-1.5055807125463616e-06,1.5055807125463616e-06,2.2583710688195424e-06
B_tbl_minus_hqql,mod.blocks.3.attn.h7,neutral_hadron<-neutral_hadron,0.006879326627136041,1.5028521275804125e-06,0.0,0.0,0.0,1.5028521275804125e-06,1.5028521275804125e-06,1.5028521275804125e-06,2.2542781913706188e-06
B_tbl_minus_hqql,mod.blocks.3.attn.h1,photon<-neutral_hadron,0.01397107845874102,-1.497610694459107e-06,0.0,0.0,0.0,-1.497610694459107e-06,-1.497610694459107e-06,1.497610694459107e-06,2.2464160416886605e-06
B_tbl_minus_hqql,mod.blocks.7.attn.h5,muon<-muon,0.0005509926122613251,1.4903837382007623e-06,0.0,0.0,0.0,1.4903837382007623e-06,1.4903837382007623e-06,1.4903837382007623e-06,2.2355756073011435e-06
signed_hqql_tbl,mod.blocks.0.attn.h5,electron<-neutral_hadron,0.0016715114157145412,-2.06964726273257e-06,-1.7544780614997535e-06,-2.0474533666856587e-05,-8.3622727591622e-06,-3.151692012328167e-07,1.8404886404124016e-05,2.06964726273257e-06,2.2272318633489785e-06
B_tbl_minus_hqql,mod.blocks.0.attn.h1,photon<-neutral_hadron,0.025792687372862368,-1.4793931915292378e-06,0.0,0.0,0.0,-1.4793931915292378e-06,-1.4793931915292378e-06,1.4793931915292378e-06,2.219089787293857e-06
B_tbl_minus_hqql,mod.blocks.3.attn.h6,neutral_hadron<-photon,0.017949426917834434,-1.4696285357449635e-06,0.0,0.0,0.0,-1.4696285357449635e-06,-1.4696285357449635e-06,1.4696285357449635e-06,2.2044428036174455e-06
B_tbl_minus_hqql,mod.blocks.1.attn.h1,photon<-charged_hadron,0.021106469751820393,-1.459072204286235e-06,0.0,0.0,0.0,-1.459072204286235e-06,-1.459072204286235e-06,1.459072204286235e-06,2.1886083064293525e-06
B_tbl_minus_hqql,mod.blocks.7.attn.h3,charged_hadron<-neutral_hadron,0.01191429737849881,-1.4512629850469894e-06,0.0,0.0,0.0,-1.4512629850469894e-06,-1.4512629850469894e-06,1.4512629850469894e-06,2.176894477570484e-06
B_tbl_minus_hqql,mod.blocks.0.attn.h6,photon<-charged_hadron,0.019852311140212308,-1.445782419623544e-06,0.0,0.0,0.0,-1.445782419623544e-06,-1.445782419623544e-06,1.445782419623544e-06,2.168673629435316e-06
B_tbl_minus_hqql,mod.blocks.2.attn.h5,electron<-electron,0.0005036555958213285,-1.4404453878569257e-06,0.0,0.0,0.0,-1.4404453878569257e-06,-1.4404453878569257e-06,1.4404453878569257e-06,2.1606680817853885e-06
B_tbl_minus_hqql,mod.blocks.3.attn.h1,photon<-photon,0.01387209097445714,-1.4377936236056365e-06,0.0,0.0,0.0,-1.4377936236056365e-06,-1.4377936236056365e-06,1.4377936236056365e-06,2.1566904354084547e-06
B_tbl_minus_hqql,mod.blocks.6.attn.h7,photon<-photon,0.012579333076439174,-1.424958650149896e-06,0.0,0.0,0.0,-1.424958650149896e-06,-1.424958650149896e-06,1.424958650149896e-06,2.1374379752248443e-06
signed_hqql_tbl,mod.blocks.5.attn.h7,neutral_hadron<-neutral_hadron,0.006068286665070515,9.510756848239674e-07,3.302693501716465e-06,-2.9482065425309616e-06,4.1731896034343845e-06,-2.3516178168924978e-06,3.899282227354929e-06,9.510756848239674e-07,2.1268845932702165e-06
B_tbl_minus_hqql,mod.blocks.3.attn.h4,charged_hadron<-electron,0.011516889067072617,1.4117689907403762e-06,0.0,0.0,0.0,1.4117689907403762e-06,1.4117689907403762e-06,1.4117689907403762e-06,2.117653486110564e-06
B_tbl_minus_hqql,mod.blocks.5.attn.h5,muon<-neutral_hadron,0.003778042271733284,-1.4084323083807248e-06,0.0,0.0,0.0,-1.4084323083807248e-06,-1.4084323083807248e-06,1.4084323083807248e-06,2.112648462571087e-06
B_tbl_minus_hqql,mod.blocks.7.attn.h5,neutral_hadron<-charged_hadron,0.021316494299956835,1.4009343960973839e-06,0.0,0.0,0.0,1.4009343960973839e-06,1.4009343960973839e-06,1.4009343960973839e-06,2.101401594146076e-06
B_tbl_minus_hqql,mod.blocks.0.attn.h4,neutral_hadron<-charged_hadron,0.023771754871982922,1.3640193926286465e-06,0.0,0.0,0.0,1.3640193926286465e-06,1.3640193926286465e-06,1.3640193926286465e-06,2.0460290889429696e-06
B_tbl_minus_hqql,mod.blocks.6.attn.h1,photon<-photon,0.013429960261152328,1.361908938329303e-06,0.0,0.0,0.0,1.361908938329303e-06,1.361908938329303e-06,1.361908938329303e-06,2.0428634074939543e-06
B_tbl_minus_hqql,mod.blocks.0.attn.h6,charged_hadron<-photon,0.020647399760110756,-1.3605277739289872e-06,0.0,0.0,0.0,-1.3605277739289872e-06,-1.3605277739289872e-06,1.3605277739289872e-06,2.0407916608934807e-06
B_tbl_minus_hqql,mod.blocks.6.attn.h4,muon<-photon,0.0006910832175476985,-1.3318046760766513e-06,0.0,0.0,0.0,-1.3318046760766513e-06,-1.3318046760766513e-06,1.3318046760766513e-06,1.997707014114977e-06
signed_hqql_tbl,mod.blocks.5.attn.h4,neutral_hadron<-charged_hadron,0.022584468018928876,-8.921923397570979e-07,1.3142134333532807e-06,2.9574454853065476e-06,-4.761666815291166e-07,-2.206405773110379e-06,-3.849637825063646e-06,8.921923397570979e-07,1.9953952263122873e-06
B_tbl_minus_hqql,mod.blocks.7.attn.h1,neutral_hadron<-muon,0.05430672764778137,1.3280065104481765e-06,0.0,0.0,0.0,1.3280065104481765e-06,1.3280065104481765e-06,1.3280065104481765e-06,1.992009765672265e-06
B_tbl_minus_hqql,mod.blocks.6.attn.h0,neutral_hadron<-charged_hadron,0.019967533544480526,-1.321895144276112e-06,0.0,0.0,0.0,-1.321895144276112e-06,-1.321895144276112e-06,1.321895144276112e-06,1.982842716414168e-06
signed_hqql_tbl,mod.blocks.0.attn.h6,photon<-charged_hadron,0.01985231093042913,-1.445787579695552e-06,-2.4327056024829407e-06,3.645007151664534e-06,-8.174589694984537e-06,9.869180227873887e-07,-5.090794731360086e-06,1.445787579695552e-06,1.9392465910892465e-06
B_tbl_minus_hqql,mod.blocks.1.attn.h4,photon<-photon,0.014877190997675422,1.2890748199701042e-06,0.0,0.0,0.0,1.2890748199701042e-06,1.2890748199701042e-06,1.2890748199701042e-06,1.9336122299551565e-06
B_tbl_minus_hqql,mod.blocks.2.attn.h7,muon<-neutral_hadron,0.004816102981567383,-1.2880485883215441e-06,0.0,0.0,0.0,-1.2880485883215441e-06,-1.2880485883215441e-06,1.2880485883215441e-06,1.932072882482316e-06
signed_hqql_tbl,mod.blocks.2.attn.h6,electron<-electron,0.00014715649740537629,-8.320960015832194e-07,1.2867572110053516e-06,8.114482769390936e-05,5.796559827848052e-06,-2.118853212588571e-06,-8.197692369549259e-05,8.320960015832194e-07,1.891522607877505e-06
signed_hqql_tbl,mod.blocks.5.attn.h5,neutral_hadron<-neutral_hadron,0.004376220181429511,-1.522543957695651e-06,-2.2283214840216225e-06,4.775483723400834e-06,-4.13764868886095e-06,7.057775263259716e-07,-6.298027681096485e-06,1.522543957695651e-06,1.8754327208586368e-06
B_tbl_minus_hqql,mod.blocks.4.attn.h4,charged_hadron<-electron,0.003308821518562342,1.2431832098962714e-06,0.0,0.0,0.0,1.2431832098962714e-06,1.2431832098962714e-06,1.2431832098962714e-06,1.864774814844407e-06
signed_hqql_tbl,mod.blocks.7.attn.h5,muon<-muon,0.0005509926122613251,1.4903837382007623e-06,2.2075719812164607e-06,3.3481619254871475e-08,3.1250377301034193e-06,-7.171882430156984e-07,1.4569021189458908e-06,1.4903837382007623e-06,1.8489778597086115e-06
B_tbl_minus_hqql,mod.blocks.2.attn.h1,photon<-photon,0.014960426986550403,1.2320422898770855e-06,0.0,0.0,0.0,1.2320422898770855e-06,1.2320422898770855e-06,1.2320422898770855e-06,1.8480634348156282e-06
signed_hqql_tbl,mod.blocks.7.attn.h6,neutral_hadron<-electron,0.003452898364352782,2.5539245521818327e-07,-2.920016669349934e-06,-3.4798216074705122e-06,9.79810613888077e-07,3.1754091245681175e-06,3.7352140626886956e-06,2.5539245521818327e-07,1.8430970175022421e-06
B_tbl_minus_hqql,mod.blocks.2.attn.h0,neutral_hadron<-photon,0.0173898734785917,-1.203829362904069e-06,0.0,0.0,0.0,-1.203829362904069e-06,-1.203829362904069e-06,1.203829362904069e-06,1.8057440443561035e-06
B_tbl_minus_hqql,mod.blocks.3.attn.h7,photon<-neutral_hadron,0.013088694100125394,1.199905991321285e-06,0.0,0.0,0.0,1.199905991321285e-06,1.199905991321285e-06,1.199905991321285e-06,1.7998589869819276e-06
B_tbl_minus_hqql,mod.blocks.7.attn.h4,neutral_hadron<-charged_hadron,0.02393612601495685,-1.197569276257962e-06,0.0,0.0,0.0,-1.197569276257962e-06,-1.197569276257962e-06,1.197569276257962e-06,1.796353914386943e-06
signed_hqql_tbl,mod.blocks.4.attn.h5,electron<-neutral_hadron,0.0018985940584500965,4.75271290357481e-07,-2.131013629558254e-06,-2.4405436124652625e-06,-1.034323565060428e-05,2.606284919915735e-06,2.9158149028227436e-06,4.75271290357481e-07,1.7784137503153486e-06
B_tbl_minus_hqql,mod.blocks.0.attn.h2,muon<-charged_hadron,0.0027155505888389816,-1.178025823636827e-06,0.0,0.0,0.0,-1.178025823636827e-06,-1.178025823636827e-06,1.178025823636827e-06,1.7670387354552406e-06
B_tbl_minus_hqql,mod.blocks.4.attn.h1,charged_hadron<-charged_hadron,0.023320059004534342,1.1659678942218864e-06,0.0,0.0,0.0,1.1659678942218864e-06,1.1659678942218864e-06,1.1659678942218864e-06,1.7489518413328295e-06
B_tbl_minus_hqql,mod.blocks.5.attn.h3,photon<-neutral_hadron,0.014376787629503408,-1.1635122441156716e-06,0.0,0.0,0.0,-1.1635122441156716e-06,-1.1635122441156716e-06,1.1635122441156716e-06,1.7452683661735074e-06
B_tbl_minus_hqql,mod.blocks.1.attn.h4,neutral_hadron<-charged_hadron,0.0261208914139807,-1.1580090671303195e-06,0.0,0.0,0.0,-1.1580090671303195e-06,-1.1580090671303195e-06,1.1580090671303195e-06,1.7370136006954793e-06
B_tbl_minus_hqql,mod.blocks.2.attn.h2,electron<-electron,7.087814143839448e-05,1.1498750668674045e-06,0.0,0.0,0.0,1.1498750668674045e-06,1.1498750668674045e-06,1.1498750668674045e-06,1.7248126003011066e-06
signed_hqql_tbl,mod.blocks.4.attn.h4,charged_hadron<-electron,0.0033088205872397673,1.243184789544964e-06,3.016909454345296e-07,4.16110594216306e-07,-2.0250178422998033e-06,9.414938441104345e-07,8.270741953286581e-07,1.243184789544964e-06,1.7139317116001812e-06
B_tbl_minus_hqql,mod.blocks.4.attn.h4,neutral_hadron<-neutral_hadron,0.009268944507512526,1.129428703705297e-06,0.0,0.0,0.0,1.129428703705297e-06,1.129428703705297e-06,1.129428703705297e-06,1.6941430555579455e-06
signed_hqql_tbl,mod.blocks.5.attn.h6,electron<-neutral_hadron,0.0003844878945248918,-8.606921780413428e-08,-3.282186817443744e-06,3.7873098517593464e-06,-7.907839414353171e-05,3.1961175996396096e-06,-3.8733790695634804e-06,8.606921780413428e-08,1.684128017623939e-06
B_tbl_minus_hqql,mod.blocks.2.attn.h2,neutral_hadron<-photon,0.015318011956359939,1.1150308121296372e-06,0.0,0.0,0.0,1.1150308121296372e-06,1.1150308121296372e-06,1.1150308121296372e-06,1.6725462181944557e-06
signed_hqql_tbl,mod.blocks.6.attn.h2,electron<-electron,8.350981958453e-05,1.0880128371582032e-06,-3.7196639435244094e-08,4.37084651168836e-06,-5.967250960026149e-08,1.1252094765934473e-06,-3.282833674530157e-06,1.0880128371582032e-06,1.6506175754549268e-06
B_tbl_minus_hqql,mod.blocks.7.attn.h0,photon<-photon,0.014788348044179665,1.0884783030863849e-06,0.0,0.0,0.0,1.0884783030863849e-06,1.0884783030863849e-06,1.0884783030863849e-06,1.6327174546295772e-06
B_tbl_minus_hqql,mod.blocks.6.attn.h2,electron<-electron,8.350986839407899e-05,1.0880125766258668e-06,0.0,0.0,0.0,1.0880125766258668e-06,1.0880125766258668e-06,1.0880125766258668e-06,1.6320188649388001e-06
B_tbl_minus_hqql,mod.blocks.7.attn.h2,neutral_hadron<-charged_hadron,0.019852597659479634,1.07994558750635e-06,0.0,0.0,0.0,1.07994558750635e-06,1.07994558750635e-06,1.07994558750635e-06,1.619918381259525e-06
B_tbl_minus_hqql,mod.blocks.6.attn.h5,neutral_hadron<-photon,0.01923882143605503,1.0653998567488607e-06,0.0,0.0,0.0,1.0653998567488607e-06,1.0653998567488607e-06,1.0653998567488607e-06,1.5980997851232911e-06
B_tbl_minus_hqql,mod.blocks.4.attn.h3,photon<-neutral_hadron,0.00497998659337699,1.060480484025351e-06,0.0,0.0,0.0,1.060480484025351e-06,1.060480484025351e-06,1.060480484025351e-06,1.5907207260380266e-06
B_tbl_minus_hqql,mod.blocks.1.attn.h5,charged_hadron<-photon,0.0184377688853897,-1.0594084172182233e-06,0.0,0.0,0.0,-1.0594084172182233e-06,-1.0594084172182233e-06,1.0594084172182233e-06,1.5891126258273349e-06
B_tbl_minus_hqql,mod.blocks.6.attn.h1,neutral_hadron<-charged_hadron,0.022287609585768406,-1.0566292392859635e-06,0.0,0.0,0.0,-1.0566292392859635e-06,-1.0566292392859635e-06,1.0566292392859635e-06,1.5849438589289452e-06
B_tbl_minus_hqql,mod.blocks.1.attn.h7,photon<-charged_hadron,0.02262935389834671,-1.0512920720949342e-06,0.0,0.0,0.0,-1.0512920720949342e-06,-1.0512920720949342e-06,1.0512920720949342e-06,1.5769381081424013e-06
B_tbl_minus_hqql,mod.blocks.6.attn.h3,charged_hadron<-neutral_hadron,0.012288885621514077,1.0315794849730415e-06,0.0,0.0,0.0,1.0315794849730415e-06,1.0315794849730415e-06,1.0315794849730415e-06,1.5473692274595622e-06
B_tbl_minus_hqql,mod.blocks.3.attn.h7,photon<-charged_hadron,0.0223102028339485,1.0180699215870837e-06,0.0,0.0,0.0,1.0180699215870837e-06,1.0180699215870837e-06,1.0180699215870837e-06,1.5271048823806256e-06
B_tbl_minus_hqql,mod.blocks.1.attn.h1,charged_hadron<-photon,0.014949567298033244,1.0175773779891539e-06,0.0,0.0,0.0,1.0175773779891539e-06,1.0175773779891539e-06,1.0175773779891539e-06,1.5263660669837308e-06
B_tbl_minus_hqql,mod.blocks.7.attn.h6,muon<-muon,0.0002323061489732936,-9.875253681457252e-07,0.0,0.0,0.0,-9.875253681457252e-07,-9.875253681457252e-07,9.875253681457252e-07,1.4812880522185878e-06
signed_hqql_tbl,mod.blocks.7.attn.h6,muon<-muon,0.0002323061489732936,-9.875253681457252e-07,-1.0097602398673189e-07,-1.4024353234276532e-08,1.7169112527248842e-06,-8.865493441589933e-07,-9.735010149114487e-07,9.875253681457252e-07,1.4308000402252219e-06
B_tbl_minus_hqql,mod.blocks.5.attn.h7,neutral_hadron<-neutral_hadron,0.006068287257296153,9.510741620033514e-07,0.0,0.0,0.0,9.510741620033514e-07,9.510741620033514e-07,9.510741620033514e-07,1.426611243005027e-06
B_tbl_minus_hqql,mod.blocks.6.attn.h1,photon<-charged_hadron,0.022994670425277423,9.504435543487979e-07,0.0,0.0,0.0,9.504435543487979e-07,9.504435543487979e-07,9.504435543487979e-07,1.4256653315231969e-06
B_tbl_minus_hqql,mod.blocks.0.attn.h2,muon<-muon,5.14903076691553e-05,9.462261800763372e-07,0.0,0.0,0.0,9.462261800763372e-07,9.462261800763372e-07,9.462261800763372e-07,1.4193392701145058e-06
B_tbl_minus_hqql,mod.blocks.5.attn.h4,charged_hadron<-charged_hadron,0.021906104260323345,-9.387374266454956e-07,0.0,0.0,0.0,-9.387374266454956e-07,-9.387374266454956e-07,9.387374266454956e-07,1.4081061399682434e-06
signed_hqql_tbl,mod.blocks.0.attn.h2,muon<-muon,5.14903076691553e-05,9.462261800763372e-07,5.370845501673216e-08,-6.897676740891256e-08,-1.6537195612897904e-07,8.92517725059605e-07,1.0152029474852498e-06,9.462261800763372e-07,1.3924850426061397e-06
B_tbl_minus_hqql,mod.blocks.5.attn.h4,neutral_hadron<-charged_hadron,0.02258446875516741,-8.921929126966321e-07,0.0,0.0,0.0,-8.921929126966321e-07,-8.921929126966321e-07,8.921929126966321e-07,1.338289369044948e-06
B_tbl_minus_hqql,mod.blocks.3.attn.h4,charged_hadron<-photon,0.01515521764021008,-8.859312009382657e-07,0.0,0.0,0.0,-8.859312009382657e-07,-8.859312009382657e-07,8.859312009382657e-07,1.3288968014073985e-06
B_tbl_minus_hqql,mod.blocks.4.attn.h6,electron<-electron,8.8129654614022e-05,8.813636635333447e-07,0.0,0.0,0.0,8.813636635333447e-07,8.813636635333447e-07,8.813636635333447e-07,1.3220454953000171e-06
signed_hqql_tbl,mod.blocks.1.attn.h0,electron<-electron,2.4440343584804698e-05,1.297676851900557e-07,2.510464838678672e-06,-4.073199987667901e-07,-2.7868254414445657e-06,-2.3806971534886165e-06,5.370876839568458e-07,1.297676851900557e-07,1.320116261934364e-06
B_tbl_minus_hqql,mod.blocks.6.attn.h5,neutral_hadron<-charged_hadron,0.019177314490309953,-8.720111325828956e-07,0.0,0.0,0.0,-8.720111325828956e-07,-8.720111325828956e-07,8.720111325828956e-07,1.3080166988743434e-06
B_tbl_minus_hqql,mod.blocks.4.attn.h3,electron<-electron,0.0004108246260633071,8.618313485457089e-07,0.0,0.0,0.0,8.618313485457089e-07,8.618313485457089e-07,8.618313485457089e-07,1.2927470228185634e-06
signed_hqql_tbl,mod.blocks.0.attn.h1,muon<-muon,8.803804666968063e-05,-6.602953703804815e-07,5.93475557975065e-07,1.2436174756658147e-06,-1.635873597294335e-05,-1.2537709283555465e-06,-1.9039128460462962e-06,6.602953703804815e-07,1.2871808345582547e-06
signed_hqql_tbl,mod.cls_blocks.1.attn.h3,muon<-photon,0.0,0.0,-2.511314960429445e-06,0.0,0.0,2.511314960429445e-06,0.0,0.0,1.2556574802147225e-06
signed_hqql_tbl,mod.blocks.4.attn.h3,electron<-electron,0.0004108245678556462,8.618316074867257e-07,1.6461423026914446e-06,0.0003146163020772974,-1.4777239395893169e-05,-7.843106952047189e-07,-0.0003137544704698107,8.618316074867257e-07,1.2539869550890852e-06
B_tbl_minus_hqql,mod.blocks.2.attn.h6,electron<-electron,0.00014715645860026902,-8.320963236959263e-07,0.0,0.0,0.0,-8.320963236959263e-07,-8.320963236959263e-07,8.320963236959263e-07,1.2481444855438895e-06
B_tbl_minus_hqql,mod.cls_blocks.1.attn.h5,CLS<-muon,0.0010860791662707925,-8.166662155417725e-07,0.0,0.0,0.0,-8.166662155417725e-07,-8.166662155417725e-07,8.166662155417725e-07,1.2249993233126588e-06
B_tbl_minus_hqql,mod.cls_blocks.1.attn.h5,charged_hadron<-muon,0.0010860791662707925,-8.166662155417725e-07,0.0,0.0,0.0,-8.166662155417725e-07,-8.166662155417725e-07,8.166662155417725e-07,1.2249993233126588e-06
B_tbl_minus_hqql,mod.blocks.5.attn.h7,neutral_hadron<-photon,0.014917785913436624,-7.887792935124341e-07,0.0,0.0,0.0,-7.887792935124341e-07,-7.887792935124341e-07,7.887792935124341e-07,1.1831689402686513e-06
B_tbl_minus_hqql,mod.blocks.3.attn.h4,neutral_hadron<-electron,0.008558398829056667,7.751101433174111e-07,0.0,0.0,0.0,7.751101433174111e-07,7.751101433174111e-07,7.751101433174111e-07,1.1626652149761167e-06
B_tbl_minus_hqql,mod.blocks.1.attn.h1,charged_hadron<-muon,0.013260680617708149,7.699250779820211e-07,0.0,0.0,0.0,7.699250779820211e-07,7.699250779820211e-07,7.699250779820211e-07,1.1548876169730318e-06
B_tbl_minus_hqql,mod.blocks.4.attn.h2,muon<-muon,3.017988638021052e-05,-7.646811468475789e-07,0.0,0.0,0.0,-7.646811468475789e-07,-7.646811468475789e-07,7.646811468475789e-07,1.1470217202713684e-06
B_tbl_minus_hqql,mod.blocks.4.attn.h0,muon<-muon,1.4024495612829924e-05,-7.52226696931757e-07,0.0,0.0,0.0,-7.52226696931757e-07,-7.52226696931757e-07,7.52226696931757e-07,1.1283400453976355e-06
signed_hqql_tbl,mod.blocks.4.attn.h6,electron<-electron,8.812962065955314e-05,8.813646417138443e-07,3.92157043505037e-07,2.2685265188708097e-05,1.8558682316180156e-07,4.892075982088073e-07,-2.1803900546994253e-05,8.813646417138443e-07,1.125968440818248e-06
signed_hqql_tbl,mod.blocks.5.attn.h2,photon<-charged_hadron,0.024004034150606517,-4.118630679769239e-07,-1.8291629933659656e-06,1.459950474658846e-05,9.404706655841905e-07,1.4172999253890416e-06,-1.5011367814565385e-05,4.118630679769239e-07,1.1205130306714447e-06
B_tbl_minus_hqql,mod.blocks.7.attn.h4,photon<-muon,0.002199858935041861,-7.195391266246919e-07,0.0,0.0,0.0,-7.195391266246919e-07,-7.195391266246919e-07,7.195391266246919e-07,1.0793086899370379e-06
B_tbl_minus_hqql,mod.blocks.0.attn.h2,charged_hadron<-neutral_hadron,0.017414068599000028,-7.09100494355853e-07,0.0,0.0,0.0,-7.09100494355853e-07,-7.09100494355853e-07,7.09100494355853e-07,1.0636507415337794e-06
signed_hqql_tbl,mod.blocks.7.attn.h4,neutral_hadron<-electron,0.0045704244134517815,-6.283059209321297e-07,-1.4989274177423795e-06,-1.0813774424605072e-05,-1.114672496405067e-06,8.706214968102498e-07,1.0185468503672943e-05,6.283059209321297e-07,1.0636166693372545e-06
B_tbl_minus_hqql,mod.blocks.6.attn.h0,photon<-neutral_hadron,0.012240432040947406,-6.931156599407115e-07,0.0,0.0,0.0,-6.931156599407115e-07,-6.931156599407115e-07,6.931156599407115e-07,1.0396734899110672e-06
B_tbl_minus_hqql,mod.blocks.4.attn.h4,neutral_hadron<-electron,0.0022421400846304516,-6.896420752757247e-07,0.0,0.0,0.0,-6.896420752757247e-07,-6.896420752757247e-07,6.896420752757247e-07,1.0344631129135869e-06
signed_hqql_tbl,mod.blocks.6.attn.h7,electron<-electron,7.737096690145032e-06,6.7610775289495e-07,-2.2554699774524067e-09,-5.453202371145475e-09,-5.776200120554233e-06,6.783632228724024e-07,6.815609552660954e-07,6.7610775289495e-07,1.0152893643311511e-06
B_tbl_minus_hqql,mod.blocks.6.attn.h7,electron<-electron,7.737093587441754e-06,6.761070583394257e-07,0.0,0.0,0.0,6.761070583394257e-07,6.761070583394257e-07,6.761070583394257e-07,1.0141605875091386e-06
signed_hqql_tbl,mod.blocks.3.attn.h1,muon<-muon,5.341395444702357e-05,-2.4644091922709777e-07,1.2838023097927476e-06,2.5068538889172487e-06,9.222519654628059e-06,-1.5302432290198453e-06,-2.7532948081443465e-06,2.4644091922709777e-07,1.0115625337370204e-06
B_tbl_minus_hqql,mod.blocks.0.attn.h1,muon<-muon,8.803804666968063e-05,-6.602953703804815e-07,0.0,0.0,0.0,-6.602953703804815e-07,-6.602953703804815e-07,6.602953703804815e-07,9.904430555707222e-07
B_tbl_minus_hqql,mod.blocks.7.attn.h4,neutral_hadron<-electron,0.004570426025356238,-6.283040123050271e-07,0.0,0.0,0.0,-6.283040123050271e-07,-6.283040123050271e-07,6.283040123050271e-07,9.424560184575406e-07
B_tbl_minus_hqql,mod.blocks.0.attn.h3,charged_hadron<-muon,0.0032717289798187485,6.13913553851572e-07,0.0,0.0,0.0,6.13913553851572e-07,6.13913553851572e-07,6.13913553851572e-07,9.20870330777358e-07
signed_hqql_tbl,mod.blocks.6.attn.h3,photon<-neutral_hadron,0.0073378063243490655,-2.3280348160306948e-07,-1.5878551082925286e-06,-3.957498346893428e-06,-6.4214073712104765e-06,1.3550516266894592e-06,3.7246948652903582e-06,2.3280348160306948e-07,9.103292949477991e-07
B_tbl_minus_hqql,mod.blocks.1.attn.h7,photon<-neutral_hadron,0.014838093985392395,-6.031445983070637e-07,0.0,0.0,0.0,-6.031445983070637e-07,-6.031445983070637e-07,6.031445983070637e-07,9.047168974605955e-07
signed_hqql_tbl,mod.blocks.7.attn.h3,muon<-neutral_hadron,2.032802440226078e-05,-9.713578492664965e-08,-1.705161480458628e-06,4.913047632726375e-06,0.00016853158583807686,1.6080256955319782e-06,-5.0101834176530245e-06,9.713578492664965e-08,9.011486326926388e-07
B_tbl_minus_hqql,mod.blocks.3.attn.h0,charged_hadron<-neutral_hadron,0.012582546294625126,5.98724734117682e-07,0.0,0.0,0.0,5.98724734117682e-07,5.98724734117682e-07,5.98724734117682e-07,8.98087101176523e-07
B_tbl_minus_hqql,mod.blocks.7.attn.h0,electron<-electron,8.717827222426422e-05,-5.719963288205084e-07,0.0,0.0,0.0,-5.719963288205084e-07,-5.719963288205084e-07,5.719963288205084e-07,8.579944932307626e-07
B_tbl_minus_hqql,mod.blocks.4.attn.h4,charged_hadron<-muon,0.0007942903674010074,5.689545849401673e-07,0.0,0.0,0.0,5.689545849401673e-07,5.689545849401673e-07,5.689545849401673e-07,8.53431877410251e-07
signed_hqql_tbl,mod.blocks.4.attn.h4,neutral_hadron<-electron,0.002242139166740414,-6.896411308004574e-07,-3.9635569137885795e-07,-8.63309542182833e-07,-1.6318934664620124e-06,-2.9328543942159945e-07,1.7366841138237555e-07,6.896411308004574e-07,8.362838505112571e-07
B_tbl_minus_hqql,mod.blocks.2.attn.h4,neutral_hadron<-muon,0.00856456309556961,-5.509013135451824e-07,0.0,0.0,0.0,-5.509013135451824e-07,-5.509013135451824e-07,5.509013135451824e-07,8.263519703177736e-07
B_tbl_minus_hqql,mod.blocks.3.attn.h6,neutral_hadron<-electron,0.01241428057255689,-5.259640583578682e-07,0.0,0.0,0.0,-5.259640583578682e-07,-5.259640583578682e-07,5.259640583578682e-07,7.889460875368023e-07
signed_hqql_tbl,mod.blocks.1.attn.h0,muon<-muon,5.8393321523908526e-05,-3.838241298126377e-07,-1.1772316099722957e-06,1.9253201344326953e-07,-1.3169673618307343e-07,7.93407480159658e-07,-5.763561432559072e-07,3.838241298126377e-07,7.805278698924667e-07
B_tbl_minus_hqql,mod.blocks.2.attn.h2,muon<-muon,2.4255381504190154e-05,-5.15417752922076e-07,0.0,0.0,0.0,-5.15417752922076e-07,-5.15417752922076e-07,5.15417752922076e-07,7.73126629383114e-07
signed_hqql_tbl,mod.blocks.5.attn.h7,muon<-muon,6.632930308114737e-05,-1.128316071685731e-07,1.2017029007438396e-06,-8.379637250754968e-08,-2.0405292957548227e-06,-1.3145345079124127e-06,-2.9035234661023424e-08,1.128316071685731e-07,7.700988611247794e-07
B_tbl_minus_hqql,mod.blocks.5.attn.h7,muon<-photon,0.0012564274736426094,4.91342151773014e-07,0.0,0.0,0.0,4.91342151773014e-07,4.91342151773014e-07,4.91342151773014e-07,7.370132276595209e-07
signed_hqql_tbl,mod.blocks.7.attn.h0,electron<-electron,8.717827525591322e-05,-5.719954382736129e-07,-2.6631587268788337e-07,1.354451895085873e-08,-1.4266412842593597e-06,-3.056795655857295e-07,-5.855399572244716e-07,5.719954382736129e-07,7.248352210664777e-07
signed_hqql_tbl,mod.blocks.5.attn.h2,muon<-muon,7.945768447825685e-05,3.6990948615311936e-07,-3.2732384624978295e-07,1.7251474915269682e-08,-5.298574198842054e-07,6.972333324029023e-07,3.526580112378497e-07,3.6990948615311936e-07,7.185261523545705e-07
B_tbl_minus_hqql,mod.blocks.4.attn.h0,charged_hadron<-charged_hadron,0.02256301286199148,-4.768503404198175e-07,0.0,0.0,0.0,-4.768503404198175e-07,-4.768503404198175e-07,4.768503404198175e-07,7.152755106297263e-07
B_tbl_minus_hqql,mod.blocks.4.attn.h5,electron<-neutral_hadron,0.0018985948767154836,4.752684350688259e-07,0.0,0.0,0.0,4.752684350688259e-07,4.752684350688259e-07,4.752684350688259e-07,7.129026526032388e-07
B_tbl_minus_hqql,mod.blocks.2.attn.h7,muon<-charged_hadron,0.01971943089456269,4.752585510053023e-07,0.0,0.0,0.0,4.752585510053023e-07,4.752585510053023e-07,4.752585510053023e-07,7.128878265079535e-07
B_tbl_minus_hqql,mod.blocks.0.attn.h4,photon<-charged_hadron,0.020433197973899992,4.673209866968562e-07,0.0,0.0,0.0,4.673209866968562e-07,4.673209866968562e-07,4.673209866968562e-07,7.009814800452843e-07
signed_hqql_tbl,mod.blocks.1.attn.h7,muon<-muon,1.9506354874465615e-05,-4.6028887368265714e-07,3.2513725045646424e-10,5.5925099218256946e-08,2.406560355439069e-07,-4.606140109331136e-07,-5.162139729009141e-07,4.6028887368265714e-07,6.905958791492139e-07
B_tbl_minus_hqql,mod.blocks.1.attn.h7,muon<-muon,1.9506354874465615e-05,-4.6028887368265714e-07,0.0,0.0,0.0,-4.6028887368265714e-07,-4.6028887368265714e-07,4.6028887368265714e-07,6.904333105239857e-07
signed_hqql_tbl,mod.blocks.4.attn.h4,photon<-charged_hadron,0.02475805346576642,2.9953286824403746e-07,-4.6013588403875397e-07,-1.4642718549012427e-06,3.13543422196612e-06,7.596687522827914e-07,1.7638047231452802e-06,2.9953286824403746e-07,6.793672443854332e-07
B_tbl_minus_hqql,mod.blocks.1.attn.h1,electron<-neutral_hadron,0.030877342590918906,-4.506392332796867e-07,0.0,0.0,0.0,-4.506392332796867e-07,-4.506392332796867e-07,4.506392332796867e-07,6.759588499195301e-07
B_tbl_minus_hqql,mod.blocks.0.attn.h3,photon<-muon,0.0008211068978363818,4.478859574936161e-07,0.0,0.0,0.0,4.478859574936161e-07,4.478859574936161e-07,4.478859574936161e-07,6.718289362404242e-07
signed_hqql_tbl,mod.blocks.2.attn.h0,electron<-electron,3.9315458138844406e-05,-1.4043509584856414e-07,-1.190383664528838e-06,-6.458315149634093e-06,-2.911789847298058e-06,1.0499485686802739e-06,6.3178800537855295e-06,1.4043509584856414e-07,6.654093801887011e-07
B_tbl_minus_hqql,mod.blocks.5.attn.h1,photon<-neutral_hadron,0.021425399385869022,-4.259597423095036e-07,0.0,0.0,0.0,-4.259597423095036e-07,-4.259597423095036e-07,4.259597423095036e-07,6.389396134642554e-07
B_tbl_minus_hqql,mod.blocks.7.attn.h5,electron<-electron,3.7118387202402424e-05,-4.2447227965869416e-07,0.0,0.0,0.0,-4.2447227965869416e-07,-4.2447227965869416e-07,4.2447227965869416e-07,6.367084194880412e-07
signed_hqql_tbl,mod.blocks.7.attn.h5,electron<-electron,3.7118365222947126e-05,-4.244722874857665e-07,-7.036553673067658e-09,0.0003204166717220384,2.974992133918487e-05,-4.1743573381269883e-07,-0.0003208411440095242,4.244722874857665e-07,6.331901543921159e-07
signed_hqql_tbl,mod.blocks.4.attn.h4,neutral_hadron<-muon,0.0008055012673139572,-1.077811248251237e-07,-1.1572841458473704e-06,-1.423285539203789e-06,-3.6527934847309433e-06,1.0495030210222466e-06,1.3155044143786653e-06,1.077811248251237e-07,6.32532635336247e-07
B_tbl_minus_hqql,mod.blocks.5.attn.h5,electron<-neutral_hadron,0.002419675867713522,-4.204854961314525e-07,0.0,0.0,0.0,-4.204854961314525e-07,-4.204854961314525e-07,4.204854961314525e-07,6.307282441971788e-07
B_tbl_minus_hqql,mod.blocks.7.attn.h4,neutral_hadron<-muon,0.0007781999185681344,4.1716320993145927e-07,0.0,0.0,0.0,4.1716320993145927e-07,4.1716320993145927e-07,4.1716320993145927e-07,6.257448148971889e-07
B_tbl_minus_hqql,mod.blocks.6.attn.h7,photon<-muon,0.0028095948086543517,4.121308682608122e-07,0.0,0.0,0.0,4.121308682608122e-07,4.121308682608122e-07,4.121308682608122e-07,6.181963023912183e-07
B_tbl_minus_hqql,mod.blocks.5.attn.h2,photon<-charged_hadron,0.024004034255498106,-4.118646684955368e-07,0.0,0.0,0.0,-4.118646684955368e-07,-4.118646684955368e-07,4.118646684955368e-07,6.177970027433053e-07
B_tbl_minus_hqql,mod.blocks.6.attn.h6,photon<-charged_hadron,0.02216591627336629,4.084535023821145e-07,0.0,0.0,0.0,4.084535023821145e-07,4.084535023821145e-07,4.084535023821145e-07,6.126802535731718e-07
B_tbl_minus_hqql,mod.blocks.5.attn.h4,neutral_hadron<-photon,0.013527602780538639,-3.9895231915791913e-07,0.0,0.0,0.0,-3.9895231915791913e-07,-3.9895231915791913e-07,3.9895231915791913e-07,5.984284787368787e-07
B_tbl_minus_hqql,mod.blocks.7.attn.h5,neutral_hadron<-muon,0.0004493700806051493,3.9515975913673174e-07,0.0,0.0,0.0,3.9515975913673174e-07,3.9515975913673174e-07,3.9515975913673174e-07,5.927396387050976e-07
B_tbl_minus_hqql,mod.blocks.1.attn.h0,muon<-muon,5.8393321523908526e-05,-3.838241298126377e-07,0.0,0.0,0.0,-3.838241298126377e-07,-3.838241298126377e-07,3.838241298126377e-07,5.757361947189565e-07
signed_hqql_tbl,mod.blocks.2.attn.h2,muon<-muon,2.4255381504190154e-05,-5.15417752922076e-07,-3.974169011655704e-07,1.5169599976161408e-07,-1.128872102462708e-07,-1.1800085175650565e-07,-6.671137526836901e-07,5.15417752922076e-07,5.744181788003289e-07
signed_hqql_tbl,mod.blocks.5.attn.h2,electron<-electron,8.62943822236654e-06,3.7652737698105437e-07,-1.923349546295583e-08,1.4761146596597996e-05,-4.663063341519608e-07,3.957608724440102e-07,-1.4384619219616942e-05,3.7652737698105437e-07,5.744078132030594e-07
signed_hqql_tbl,mod.blocks.1.attn.h2,muon<-muon,1.4808560990786646e-05,-1.7646448213781696e-07,6.133217738124586e-07,-7.730438369435433e-07,-3.115857607483008e-07,-7.897862559502755e-07,5.965793548057263e-07,1.7646448213781696e-07,5.713576101129547e-07
B_tbl_minus_hqql,mod.blocks.3.attn.h6,photon<-neutral_hadron,0.0050591870420915895,-3.785845573520673e-07,0.0,0.0,0.0,-3.785845573520673e-07,-3.785845573520673e-07,3.785845573520673e-07,5.678768360281009e-07
B_tbl_minus_hqql,mod.blocks.5.attn.h2,electron<-electron,8.629444134082101e-06,3.7652749540484365e-07,0.0,0.0,0.0,3.7652749540484365e-07,3.7652749540484365e-07,3.7652749540484365e-07,5.647912431072655e-07
B_tbl_minus_hqql,mod.blocks.6.attn.h3,neutral_hadron<-neutral_hadron,0.011135862633968012,-3.7063096862346775e-07,0.0,0.0,0.0,-3.7063096862346775e-07,-3.7063096862346775e-07,3.7063096862346775e-07,5.559464529352017e-07
B_tbl_minus_hqql,mod.blocks.5.attn.h2,muon<-muon,7.945768447825685e-05,3.6990948615311936e-07,0.0,0.0,0.0,3.6990948615311936e-07,3.6990948615311936e-07,3.6990948615311936e-07,5.54864229229679e-07
B_tbl_minus_hqql,mod.blocks.7.attn.h3,neutral_hadron<-neutral_hadron,0.016942261727765584,3.6787605611793994e-07,0.0,0.0,0.0,3.6787605611793994e-07,3.6787605611793994e-07,3.6787605611793994e-07,5.518140841769099e-07
B_tbl_minus_hqql,mod.blocks.3.attn.h7,neutral_hadron<-charged_hadron,0.021892333362008024,3.644548251621456e-07,0.0,0.0,0.0,3.644548251621456e-07,3.644548251621456e-07,3.644548251621456e-07,5.466822377432184e-07
B_tbl_minus_hqql,mod.blocks.3.attn.h5,photon<-photon,0.016178333168957774,-3.555383024866933e-07,0.0,0.0,0.0,-3.555383024866933e-07,-3.555383024866933e-07,3.555383024866933e-07,5.333074537300399e-07
B_tbl_minus_hqql,mod.blocks.3.attn.h5,electron<-electron,5.15256018237172e-05,3.5253742443804487e-07,0.0,0.0,0.0,3.5253742443804487e-07,3.5253742443804487e-07,3.5253742443804487e-07,5.288061366570673e-07
B_tbl_minus_hqql,mod.blocks.2.attn.h0,photon<-charged_hadron,0.022093754741938903,3.4582116294880034e-07,0.0,0.0,0.0,3.4582116294880034e-07,3.4582116294880034e-07,3.4582116294880034e-07,5.187317444232005e-07
signed_hqql_tbl,mod.blocks.3.attn.h5,electron<-electron,5.1525580299009256e-05,3.525377039181876e-07,3.34470491303307e-08,0.0012915384791085671,5.691730199363189e-05,3.190906547878569e-07,-0.001291185941404649,3.525377039181876e-07,5.120830313121161e-07
signed_hqql_tbl,mod.blocks.6.attn.h0,muon<-muon,1.3702054957320797e-06,-2.4732654813064414e-10,9.70444489212241e-07,-3.6862284336081075e-09,2.210194820495559e-07,-9.706918157603717e-07,3.4389018854774633e-09,2.4732654813064414e-10,4.855932344283165e-07
B_tbl_minus_hqql,mod.blocks.6.attn.h4,muon<-muon,0.001163046807050705,3.212946921848925e-07,0.0,0.0,0.0,3.212946921848925e-07,3.212946921848925e-07,3.212946921848925e-07,4.819420382773387e-07
signed_hqql_tbl,mod.blocks.5.attn.h5,electron<-neutral_hadron,0.0024196771230960553,-4.204805157734462e-07,-4.903167162007005e-07,7.343749530264177e-07,-2.5239046711552266e-05,6.98362004272543e-08,-1.1548554687998638e-06,4.204805157734462e-07,4.5539861598707335e-07
B_tbl_minus_hqql,mod.blocks.4.attn.h4,photon<-charged_hadron,0.024758053937778565,2.9953051228063926e-07,0.0,0.0,0.0,2.9953051228063926e-07,2.9953051228063926e-07,2.9953051228063926e-07,4.492957684209589e-07
B_tbl_minus_hqql,mod.blocks.6.attn.h1,neutral_hadron<-photon,0.013842184986852106,2.9789060475814896e-07,0.0,0.0,0.0,2.9789060475814896e-07,2.9789060475814896e-07,2.9789060475814896e-07,4.4683590713722344e-07
B_tbl_minus_hqql,mod.blocks.2.attn.h4,neutral_hadron<-charged_hadron,0.022468939369877036,-2.969014157583756e-07,0.0,0.0,0.0,-2.969014157583756e-07,-2.969014157583756e-07,2.969014157583756e-07,4.453521236375634e-07
signed_hqql_tbl,mod.blocks.4.attn.h5,muon<-muon,4.2222276533721015e-05,2.844423079295666e-07,-1.3305573087762923e-08,1.5812153719707567e-07,-2.1200759716677453e-06,2.977478810173295e-07,1.2632077073249093e-07,2.844423079295666e-07,4.3331624843823136e-07
B_tbl_minus_hqql,mod.blocks.4.attn.h5,muon<-muon,4.2222276533721015e-05,2.844423079295666e-07,0.0,0.0,0.0,2.844423079295666e-07,2.844423079295666e-07,2.844423079295666e-07,4.266634618943499e-07
signed_hqql_tbl,mod.blocks.5.attn.h6,muon<-muon,0.00013019006291870028,-2.8040111033078574e-07,1.1546871014900262e-08,-8.688213171126336e-08,1.2187538074234783e-06,-2.91947981345686e-07,-1.9351897861952239e-07,2.8040111033078574e-07,4.2637510100362874e-07
B_tbl_minus_hqql,mod.blocks.7.attn.h0,muon<-charged_hadron,0.015729904174804688,2.814799010979407e-07,0.0,0.0,0.0,2.814799010979407e-07,2.814799010979407e-07,2.814799010979407e-07,4.22219851646911e-07
B_tbl_minus_hqql,mod.blocks.5.attn.h6,muon<-muon,0.00013019006291870028,-2.8040111033078574e-07,0.0,0.0,0.0,-2.8040111033078574e-07,-2.8040111033078574e-07,2.8040111033078574e-07,4.206016654961786e-07
B_tbl_minus_hqql,mod.blocks.7.attn.h7,photon<-photon,0.012476395137318609,-2.7894864130575167e-07,0.0,0.0,0.0,-2.7894864130575167e-07,-2.7894864130575167e-07,2.7894864130575167e-07,4.184229619586275e-07
B_tbl_minus_hqql,mod.blocks.7.attn.h6,neutral_hadron<-muon,0.0015059401281177997,2.7497123937791913e-07,0.0,0.0,0.0,2.7497123937791913e-07,2.7497123937791913e-07,2.7497123937791913e-07,4.124568590668787e-07
signed_hqql_tbl,mod.blocks.7.attn.h5,electron<-neutral_hadron,0.0001737946653380417,2.2071511169157859e-07,-1.4929443281630483e-07,6.809348196838982e-06,-1.0242191395567109e-05,3.7000954450788345e-07,-6.588633085147404e-06,2.2071511169157859e-07,4.0571988394552034e-07
signed_hqql_tbl,mod.blocks.7.attn.h4,muon<-muon,5.101511851535179e-05,1.9151320884702727e-07,5.943133629671138e-07,-5.418858677330718e-07,-4.073116697256296e-07,-4.028001541200865e-07,7.333990765800991e-07,1.9151320884702727e-07,3.9291328590707053e-07
B_tbl_minus_hqql,mod.blocks.7.attn.h6,neutral_hadron<-electron,0.0034529010150226194,2.553927306858661e-07,0.0,0.0,0.0,2.553927306858661e-07,2.553927306858661e-07,2.553927306858661e-07,3.8308909602879915e-07
signed_hqql_tbl,mod.blocks.1.attn.h2,electron<-electron,3.8502375597696904e-05,-1.8092001378515002e-07,2.1537440630936544e-07,1.3937768365224201e-05,1.5458094469910189e-06,-3.9629442009451543e-07,-1.411868837900935e-05,1.8092001378515002e-07,3.7906722383240776e-07
B_tbl_minus_hqql,mod.blocks.3.attn.h1,muon<-muon,5.341395444702357e-05,-2.4644091922709777e-07,0.0,0.0,0.0,-2.4644091922709777e-07,-2.4644091922709777e-07,2.4644091922709777e-07,3.6966137884064665e-07
signed_hqql_tbl,mod.blocks.7.attn.h1,muon<-muon,0.0002189830702263862,1.569497101172601e-07,5.753409340059079e-07,3.2577117963228375e-06,2.5512408718952884e-06,-4.183912238886478e-07,-3.1007620862055774e-06,1.569497101172601e-07,3.66145322061584e-07
B_tbl_minus_hqql,mod.blocks.6.attn.h3,photon<-neutral_hadron,0.0073378066712103595,-2.3280470703568091e-07,0.0,0.0,0.0,-2.3280470703568091e-07,-2.3280470703568091e-07,2.3280470703568091e-07,3.492070605535214e-07
B_tbl_minus_hqql,mod.blocks.7.attn.h4,photon<-photon,0.012885540557348567,-2.2930680806864738e-07,0.0,0.0,0.0,-2.2930680806864738e-07,-2.2930680806864738e-07,2.2930680806864738e-07,3.439602121029711e-07
B_tbl_minus_hqql,mod.blocks.6.attn.h6,neutral_hadron<-charged_hadron,0.025876524947809915,-2.2868131818484689e-07,0.0,0.0,0.0,-2.2868131818484689e-07,-2.2868131818484689e-07,2.2868131818484689e-07,3.4302197727727034e-07
signed_hqql_tbl,mod.blocks.5.attn.h1,muon<-muon,6.225197284948081e-05,1.9636937054201553e-07,4.7408833836470876e-07,3.6955125892745855e-07,-1.9080187740883048e-06,-2.7771896782269323e-07,-1.7318188838544302e-07,1.9636937054201553e-07,3.3522885445336215e-07
B_tbl_minus_hqql,mod.blocks.0.attn.h1,charged_hadron<-photon,0.013156808896364749,-2.2171568849689036e-07,0.0,0.0,0.0,-2.2171568849689036e-07,-2.2171568849689036e-07,2.2171568849689036e-07,3.3257353274533554e-07
B_tbl_minus_hqql,mod.blocks.7.attn.h5,electron<-neutral_hadron,0.0001737947257844588,2.2071529315326188e-07,0.0,0.0,0.0,2.2071529315326188e-07,2.2071529315326188e-07,2.2071529315326188e-07,3.310729397298928e-07
signed_hqql_tbl,mod.blocks.0.attn.h7,muon<-muon,0.00013125593250151724,2.0570485048665432e-07,-3.644197565932927e-08,-1.1074491368390227e-07,-2.523393674014329e-07,2.421468261459836e-07,3.164497641705566e-07,2.0570485048665432e-07,3.267782635596461e-07
B_tbl_minus_hqql,mod.blocks.4.attn.h4,electron<-electron,5.35459597206985e-05,-2.1722618415154216e-07,0.0,0.0,0.0,-2.1722618415154216e-07,-2.1722618415154216e-07,2.1722618415154216e-07,3.2583927622731323e-07
B_tbl_minus_hqql,mod.blocks.0.attn.h7,muon<-muon,0.00013125593250151724,2.0570485048665432e-07,0.0,0.0,0.0,2.0570485048665432e-07,2.0570485048665432e-07,2.0570485048665432e-07,3.085572757299815e-07
B_tbl_minus_hqql,mod.blocks.6.attn.h0,neutral_hadron<-neutral_hadron,0.01102703813920902,2.0542699675802513e-07,0.0,0.0,0.0,2.0542699675802513e-07,2.0542699675802513e-07,2.0542699675802513e-07,3.081404951370377e-07
signed_hqql_tbl,mod.blocks.7.attn.h3,muon<-muon,7.335340796998935e-07,7.276111713139244e-09,6.02207982591807e-07,-1.28858928860609e-07,4.005349237936814e-06,-5.949318708786677e-07,1.3613504057374826e-07,7.276111713139244e-09,3.047420471524731e-07
B_tbl_minus_hqql,mod.blocks.0.attn.h7,electron<-electron,3.372060352072973e-05,-1.989923627358318e-07,0.0,0.0,0.0,-1.989923627358318e-07,-1.989923627358318e-07,1.989923627358318e-07,2.984885441037477e-07
B_tbl_minus_hqql,mod.blocks.5.attn.h1,muon<-muon,6.225197284948081e-05,1.9636937054201553e-07,0.0,0.0,0.0,1.9636937054201553e-07,1.9636937054201553e-07,1.9636937054201553e-07,2.945540558130233e-07
B_tbl_minus_hqql,mod.blocks.3.attn.h4,photon<-charged_hadron,0.017597482375410544,-1.9628366380813172e-07,0.0,0.0,0.0,-1.9628366380813172e-07,-1.9628366380813172e-07,1.9628366380813172e-07,2.9442549571219757e-07
B_tbl_minus_hqql,mod.blocks.4.attn.h1,neutral_hadron<-neutral_hadron,0.013087788451080903,-1.9434296402136962e-07,0.0,0.0,0.0,-1.9434296402136962e-07,-1.9434296402136962e-07,1.9434296402136962e-07,2.9151444603205446e-07
B_tbl_minus_hqql,mod.blocks.7.attn.h4,muon<-muon,5.101511851535179e-05,1.9151320884702727e-07,0.0,0.0,0.0,1.9151320884702727e-07,1.9151320884702727e-07,1.9151320884702727e-07,2.872698132705409e-07
signed_hqql_tbl,mod.blocks.7.attn.h3,electron<-electron,3.9273372038923365e-07,-1.0840192109294426e-09,5.627727907991931e-07,-2.7131699174010038e-06,6.0733815611820186e-06,-5.638568100101225e-07,2.7120858981900743e-06,1.0840192109294426e-09,2.830124242159907e-07
B_tbl_minus_hqql,mod.blocks.6.attn.h0,neutral_hadron<-muon,0.002842681109905243,-1.8431741182212137e-07,0.0,0.0,0.0,-1.8431741182212137e-07,-1.8431741182212137e-07,1.8431741182212137e-07,2.764761177331821e-07
signed_hqql_tbl,mod.blocks.6.attn.h2,muon<-muon,3.0370878789653943e-07,-1.3528889120095755e-09,-5.457363272398652e-07,6.9610428532485e-09,9.523412924927754e-08,5.443834383278556e-07,-8.313931765258076e-09,1.3528889120095755e-09,2.735446080759374e-07
signed_hqql_tbl,mod.blocks.4.attn.h4,electron<-electron,5.3545933042187244e-05,-2.172260957777894e-07,-1.0883653689397477e-07,3.7715916931801985e-06,-0.00015088017744088492,-1.0838955888381463e-07,-3.988817788957988e-06,2.172260957777894e-07,2.714208752196967e-07
B_tbl_minus_hqql,mod.blocks.1.attn.h2,electron<-electron,3.8502374991367105e-05,-1.8092050879658927e-07,0.0,0.0,0.0,-1.8092050879658927e-07,-1.8092050879658927e-07,1.8092050879658927e-07,2.713807631948839e-07
B_tbl_minus_hqql,mod.blocks.1.attn.h2,muon<-muon,1.4808560990786646e-05,-1.7646448213781696e-07,0.0,0.0,0.0,-1.7646448213781696e-07,-1.7646448213781696e-07,1.7646448213781696e-07,2.6469672320672544e-07
B_tbl_minus_hqql,mod.blocks.0.attn.h1,photon<-photon,0.013058245366984123,-1.7014394043919925e-07,0.0,0.0,0.0,-1.7014394043919925e-07,-1.7014394043919925e-07,1.7014394043919925e-07,2.5521591065879885e-07
B_tbl_minus_hqql,mod.blocks.7.attn.h6,charged_hadron<-electron,0.006201532749017994,1.6994261530175878e-07,0.0,0.0,0.0,1.6994261530175878e-07,1.6994261530175878e-07,1.6994261530175878e-07,2.5491392295263814e-07
signed_hqql_tbl,mod.blocks.6.attn.h1,electron<-electron,2.7783921723312233e-06,-1.557761327338388e-07,3.3361871876191884e-08,1.2448886395806843e-07,0.00010522134798985793,-1.891380046100307e-07,-2.8026499669190724e-07,1.557761327338388e-07,2.5034513503885414e-07
signed_hqql_tbl,mod.cls_blocks.1.attn.h3,muon<-CLS,0.0,0.0,-4.842350449507649e-07,0.0,0.0,4.842350449507649e-07,0.0,0.0,2.4211752247538243e-07
signed_hqql_tbl,mod.blocks.7.attn.h4,electron<-electron,4.992873139523605e-05,5.5450519583407264e-08,-3.050379817903792e-07,-1.104366682399179e-06,4.848192441488728e-05,3.6048850137378646e-07,1.159817201982586e-06,5.5450519583407264e-08,2.356947702703005e-07
B_tbl_minus_hqql,mod.blocks.7.attn.h1,muon<-muon,0.0002189830702263862,1.569497101172601e-07,0.0,0.0,0.0,1.569497101172601e-07,1.569497101172601e-07,1.569497101172601e-07,2.3542456517589017e-07
B_tbl_minus_hqql,mod.blocks.6.attn.h4,muon<-charged_hadron,0.02789074182510376,-1.5681526940280685e-07,0.0,0.0,0.0,-1.5681526940280685e-07,-1.5681526940280685e-07,1.5681526940280685e-07,2.3522290410421026e-07
B_tbl_minus_hqql,mod.blocks.6.attn.h1,electron<-electron,2.7783931007737315e-06,-1.5577620970930184e-07,0.0,0.0,0.0,-1.5577620970930184e-07,-1.5577620970930184e-07,1.5577620970930184e-07,2.3366431456395276e-07
signed_hqql_tbl,mod.blocks.0.attn.h7,electron<-electron,3.372060352072973e-05,-1.9899235563040443e-07,-1.352814907873423e-07,3.4096352008461395e-07,0.00018952621444027912,-6.371086484306213e-08,-5.399558757150184e-07,1.9899235563040443e-07,2.308477880519355e-07
B_tbl_minus_hqql,mod.blocks.2.attn.h3,muon<-neutral_hadron,0.004326193407177925,1.4951147022657097e-07,0.0,0.0,0.0,1.4951147022657097e-07,1.4951147022657097e-07,1.4951147022657097e-07,2.2426720533985647e-07
B_tbl_minus_hqql,mod.blocks.7.attn.h4,charged_hadron<-muon,0.0003170719031583179,1.4829155395890473e-07,0.0,0.0,0.0,1.4829155395890473e-07,1.4829155395890473e-07,1.4829155395890473e-07,2.224373309383571e-07
signed_hqql_tbl,mod.blocks.0.attn.h2,electron<-electron,2.1018929980224737e-05,-1.3156855160900705e-07,4.874784342856486e-08,-1.2297098332207193e-07,1.5043475811715723e-06,-1.803163950375719e-07,-8.597568286935114e-09,1.3156855160900705e-07,2.21726749127793e-07
B_tbl_minus_hqql,mod.blocks.2.attn.h0,electron<-electron,3.9315439228933734e-05,-1.4043513137570093e-07,0.0,0.0,0.0,-1.4043513137570093e-07,-1.4043513137570093e-07,1.4043513137570093e-07,2.1065269706355139e-07
B_tbl_minus_hqql,mod.blocks.0.attn.h4,electron<-electron,0.00016666897984881265,1.3205056366890253e-07,0.0,0.0,0.0,1.3205056366890253e-07,1.3205056366890253e-07,1.3205056366890253e-07,1.9807584550335378e-07
B_tbl_minus_hqql,mod.blocks.0.attn.h2,electron<-electron,2.1018929828642285e-05,-1.315688210231277e-07,0.0,0.0,0.0,-1.315688210231277e-07,-1.315688210231277e-07,1.315688210231277e-07,1.9735323153469153e-07
B_tbl_minus_hqql,mod.blocks.1.attn.h0,electron<-electron,2.4440344115343276e-05,1.2976749985682545e-07,0.0,0.0,0.0,1.2976749985682545e-07,1.2976749985682545e-07,1.2976749985682545e-07,1.9465124978523818e-07
signed_hqql_tbl,mod.blocks.7.attn.h6,electron<-electron,3.7713295644910736e-06,1.2406317010752824e-08,3.6489157506647274e-07,-6.61223038071294e-06,-7.89455146911099e-08,-3.524852580557199e-07,6.624636697723693e-06,1.2406317010752824e-08,1.8864894603861276e-07
signed_hqql_tbl,mod.blocks.5.attn.h0,muon<-muon,8.339094165421557e-06,7.91092560348261e-08,-1.283884181191297e-07,4.97312102609726e-09,-4.794444224964778e-08,2.0749767415395581e-07,7.413613500872884e-08,7.91092560348261e-08,1.82858093111804e-07
B_tbl_minus_hqql,mod.blocks.5.attn.h7,muon<-muon,6.632930308114737e-05,-1.128316071685731e-07,0.0,0.0,0.0,-1.128316071685731e-07,-1.128316071685731e-07,1.128316071685731e-07,1.6924741075285965e-07
B_tbl_minus_hqql,mod.blocks.2.attn.h5,electron<-neutral_hadron,0.006055683927395596,1.1267362564327553e-07,0.0,0.0,0.0,1.1267362564327553e-07,1.1267362564327553e-07,1.1267362564327553e-07,1.690104384649133e-07
B_tbl_minus_hqql,mod.blocks.6.attn.h3,electron<-electron,5.3108466696964264e-05,1.0896049692140271e-07,0.0,0.0,0.0,1.0896049692140271e-07,1.0896049692140271e-07,1.0896049692140271e-07,1.6344074538210407e-07
B_tbl_minus_hqql,mod.blocks.4.attn.h4,neutral_hadron<-muon,0.0008055012673139572,-1.077811248251237e-07,0.0,0.0,0.0,-1.077811248251237e-07,-1.077811248251237e-07,1.077811248251237e-07,1.6167168723768557e-07
B_tbl_minus_hqql,mod.blocks.7.attn.h4,neutral_hadron<-photon,0.013989814592399336,-1.0387387653407517e-07,0.0,0.0,0.0,-1.0387387653407517e-07,-1.0387387653407517e-07,1.0387387653407517e-07,1.5581081480111276e-07
signed_hqql_tbl,mod.blocks.3.attn.h2,electron<-electron,8.58526400785801e-07,8.45899387572994e-09,-2.7809539775158765e-07,2.5269952074561766e-06,-1.1680146385437885e-08,2.865543916273176e-07,-2.5185362135804468e-06,8.45899387572994e-09,1.5173618968938873e-07
B_tbl_minus_hqql,mod.blocks.4.attn.h7,muon<-muon,2.6193336452706717e-05,1.0025978980365835e-07,0.0,0.0,0.0,1.0025978980365835e-07,1.0025978980365835e-07,1.0025978980365835e-07,1.5038968470548753e-07
B_tbl_minus_hqql,mod.blocks.0.attn.h0,electron<-electron,1.1739189365774413e-05,9.952949220348728e-08,0.0,0.0,0.0,9.952949220348728e-08,9.952949220348728e-08,9.952949220348728e-08,1.4929423830523092e-07
signed_hqql_tbl,mod.blocks.6.attn.h0,electron<-electron,6.166550747366273e-06,3.7155407639488658e-09,-2.858628667529173e-07,-8.040288879129776e-09,8.235259951346179e-07,2.8957840751686614e-07,1.1755829643078641e-08,3.7155407639488658e-09,1.4850474452238194e-07
B_tbl_minus_hqql,mod.blocks.1.attn.h2,photon<-neutral_hadron,0.010320197205821747,9.888603596547462e-08,0.0,0.0,0.0,9.888603596547462e-08,9.888603596547462e-08,9.888603596547462e-08,1.4832905394821194e-07
signed_hqql_tbl,mod.blocks.4.attn.h7,muon<-muon,2.6193336452706717e-05,1.0025978980365835e-07,6.3882952261451464e-09,9.69670921335819e-09,1.7912640404293967e-07,9.38714945775132e-08,9.056308059030016e-08,1.0025978980365835e-07,1.4719553709241495e-07
B_tbl_minus_hqql,mod.blocks.7.attn.h3,muon<-neutral_hadron,2.032802440226078e-05,-9.713578492664965e-08,0.0,0.0,0.0,-9.713578492664965e-08,-9.713578492664965e-08,9.713578492664965e-08,1.4570367738997448e-07
signed_hqql_tbl,mod.blocks.7.attn.h0,muon<-muon,3.5123052839480806e-06,-1.725781650918634e-08,2.366972466916195e-07,4.250567897656765e-09,-1.9237707991892616e-07,-2.5395506320080585e-07,-2.1508384406843106e-08,1.725781650918634e-08,1.4423534810958927e-07
signed_hqql_tbl,mod.blocks.6.attn.h1,muon<-muon,8.523748874722514e-06,-4.097888606224842e-08,1.4573114988369884e-07,-1.7792837425645303e-08,1.1216876272257537e-07,-1.8671003594594726e-07,-2.3186048636603118e-08,4.097888606224842e-08,1.3433390403522205e-07
B_tbl_minus_hqql,mod.blocks.5.attn.h6,electron<-neutral_hadron,0.00038448759677031863,-8.606913035272065e-08,0.0,0.0,0.0,-8.606913035272065e-08,-8.606913035272065e-08,8.606913035272065e-08,1.2910369552908097e-07
B_tbl_minus_hqql,mod.blocks.7.attn.h6,neutral_hadron<-photon,0.013591412484904834,-8.084738776565237e-08,0.0,0.0,0.0,-8.084738776565237e-08,-8.084738776565237e-08,8.084738776565237e-08,1.2127108164847855e-07
B_tbl_minus_hqql,mod.blocks.7.attn.h2,charged_hadron<-charged_hadron,0.02283586517841209,-7.967888443414482e-08,0.0,0.0,0.0,-7.967888443414482e-08,-7.967888443414482e-08,7.967888443414482e-08,1.195183266512172e-07
B_tbl_minus_hqql,mod.blocks.5.attn.h0,muon<-muon,8.339094165421557e-06,7.91092560348261e-08,0.0,0.0,0.0,7.91092560348261e-08,7.91092560348261e-08,7.91092560348261e-08,1.1866388405223915e-07
signed_hqql_tbl,mod.blocks.0.attn.h0,electron<-electron,1.1739189441565637e-05,9.952958812675661e-08,1.1403970878731684e-07,-8.937573288865981e-08,4.0573562515078265e-05,-1.4510120660560233e-08,1.889053210154164e-07,9.952958812675661e-08,1.0678464845703672e-07
B_tbl_minus_hqql,mod.blocks.3.attn.h7,muon<-muon,4.576024366542697e-06,7.102451604623639e-08,0.0,0.0,0.0,7.102451604623639e-08,7.102451604623639e-08,7.102451604623639e-08,1.0653677406935458e-07
B_tbl_minus_hqql,mod.blocks.0.attn.h2,neutral_hadron<-muon,4.042796790599823e-05,-7.083760351633828e-08,0.0,0.0,0.0,-7.083760351633828e-08,-7.083760351633828e-08,7.083760351633828e-08,1.0625640527450743e-07
B_tbl_minus_hqql,mod.blocks.4.attn.h5,electron<-electron,1.0906003884277501e-05,7.082016632390757e-08,0.0,0.0,0.0,7.082016632390757e-08,7.082016632390757e-08,7.082016632390757e-08,1.0623024948586135e-07
signed_hqql_tbl,mod.blocks.4.attn.h5,electron<-electron,1.0905998351518065e-05,7.082027645803161e-08,1.3887120119127072e-07,0.0004198402884962131,0.00017288508699704735,-6.805092473323911e-08,-0.000419769468219755,7.082027645803161e-08,1.0484573882465117e-07
B_tbl_minus_hqql,mod.blocks.3.attn.h6,electron<-electron,9.108347986360362e-06,6.83681876297489e-08,0.0,0.0,0.0,6.83681876297489e-08,6.83681876297489e-08,6.83681876297489e-08,1.0255228144462336e-07
signed_hqql_tbl,mod.blocks.2.attn.h0,muon<-muon,1.6329995560226962e-05,-5.608884467989128e-09,1.789660473150434e-07,3.129494530185184e-07,1.4959744110143447e-07,-1.8457493178303253e-07,-3.185583374865075e-07,5.608884467989128e-09,9.789635035950539e-08
signed_hqql_tbl,mod.cls_blocks.1.attn.h3,muon<-neutral_hadron,0.0,0.0,-1.8044881926471136e-07,0.0,0.0,1.8044881926471136e-07,0.0,0.0,9.022440963235568e-08
signed_hqql_tbl,mod.blocks.3.attn.h7,muon<-muon,4.576024366542697e-06,7.102451604623639e-08,3.9321662759217446e-08,1.2976070884462843e-08,1.2202624924406713e-07,3.170285328701894e-08,5.804844516177354e-08,7.102451604623639e-08,8.687594268974586e-08
signed_hqql_tbl,mod.blocks.3.attn.h6,electron<-electron,9.108339980912206e-06,6.836816549930329e-08,1.0398897509755756e-07,2.1711081435190256e-05,2.2884856967018344e-07,-3.562080959825427e-08,-2.164271326969095e-05,6.836816549930329e-08,8.617857029843043e-08
B_tbl_minus_hqql,mod.blocks.7.attn.h4,electron<-electron,4.9928674153913256e-05,5.545057035760692e-08,0.0,0.0,0.0,5.545057035760692e-08,5.545057035760692e-08,5.545057035760692e-08,8.317585553641038e-08
B_tbl_minus_hqql,mod.blocks.5.attn.h6,electron<-electron,5.98183194711055e-06,-5.120237301277827e-08,0.0,0.0,0.0,-5.120237301277827e-08,-5.120237301277827e-08,5.120237301277827e-08,7.68035595191674e-08
signed_hqql_tbl,mod.blocks.5.attn.h6,electron<-electron,5.981829668044725e-06,-5.12022911338302e-08,-5.365521036368795e-10,1.5756173403029077e-06,1.0823980884114546e-06,-5.066573903019332e-08,-1.6268196314367378e-06,5.12022911338302e-08,7.653516064892686e-08
B_tbl_minus_hqql,mod.blocks.5.attn.h0,neutral_hadron<-muon,0.015128040313720703,4.489647835725918e-08,0.0,0.0,0.0,4.489647835725918e-08,4.489647835725918e-08,4.489647835725918e-08,6.734471753588877e-08
signed_hqql_tbl,mod.blocks.4.attn.h7,electron<-electron,1.2888825040135998e-05,6.024779490113967e-09,1.2489764777967594e-07,-8.198308698581513e-08,9.943813583778262e-06,-1.1887286828956196e-07,8.80078664759291e-08,6.024779490113967e-09,6.546121363489495e-08
B_tbl_minus_hqql,mod.blocks.6.attn.h1,muon<-muon,8.523748874722514e-06,-4.097888606224842e-08,0.0,0.0,0.0,-4.097888606224842e-08,-4.097888606224842e-08,4.097888606224842e-08,6.146832909337263e-08
signed_hqql_tbl,mod.blocks.3.attn.h0,muon<-muon,1.3824884490531986e-06,5.73656455671312e-09,-9.824285029935709e-08,3.066671894202955e-08,4.449304247255981e-08,1.0397941485607021e-07,-2.4930154385316428e-08,5.73656455671312e-09,5.772627198474822e-08
signed_hqql_tbl,mod.blocks.3.attn.h0,electron<-electron,7.523484081654412e-06,-3.3720347921336234e-08,-7.95184418311834e-08,-3.892171445585291e-06,-2.446783475304218e-06,4.579809390984716e-08,3.858451097663955e-06,3.3720347921336234e-08,5.661939487625982e-08
B_tbl_minus_hqql,mod.blocks.3.attn.h0,electron<-electron,7.523484725879825e-06,-3.372038196817565e-08,0.0,0.0,0.0,-3.372038196817565e-08,-3.372038196817565e-08,3.372038196817565e-08,5.058057295226348e-08
B_tbl_minus_hqql,mod.blocks.0.attn.h0,muon<-muon,7.118818757589906e-05,-3.115574287448908e-08,0.0,0.0,0.0,-3.115574287448908e-08,-3.115574287448908e-08,3.115574287448908e-08,4.673361431173362e-08
signed_hqql_tbl,mod.blocks.3.attn.h2,muon<-muon,2.241913080069935e-06,2.7843498173751868e-08,-6.696935783701008e-09,4.428210687024148e-09,-8.588727735958646e-09,3.4540433957452876e-08,2.341528748672772e-08,2.7843498173751868e-08,4.5113715152478306e-08
signed_hqql_tbl,mod.blocks.0.attn.h0,muon<-muon,7.118818757589906e-05,-3.115574287448908e-08,-5.414668713399351e-08,2.8879554747618386e-07,-1.307346051415692e-07,2.299094425950443e-08,-3.1995129035067293e-07,3.115574287448908e-08,4.2651215004241294e-08
B_tbl_minus_hqql,mod.blocks.3.attn.h2,muon<-muon,2.241913080069935e-06,2.7843498173751868e-08,0.0,0.0,0.0,2.7843498173751868e-08,2.7843498173751868e-08,2.7843498173751868e-08,4.17652472606278e-08
signed_hqql_tbl,mod.blocks.2.attn.h7,electron<-electron,1.1075875221422393e-06,-1.1647741262240293e-08,-6.568447638577446e-08,-3.223981128360383e-10,2.869295707436608e-05,5.4036735123534165e-08,-1.1325343149404254e-08,1.1647741262240293e-08,3.8666108824007374e-08
B_tbl_minus_hqql,mod.blocks.5.attn.h0,electron<-electron,1.9385559077989e-06,-2.4488455670675553e-08,0.0,0.0,0.0,-2.4488455670675553e-08,-2.4488455670675553e-08,2.4488455670675553e-08,3.673268350601333e-08
B_tbl_minus_hqql,mod.blocks.6.attn.h5,muon<-muon,3.484929766273126e-05,-2.366627249728026e-08,0.0,0.0,0.0,-2.366627249728026e-08,-2.366627249728026e-08,2.366627249728026e-08,3.549940874592039e-08
signed_hqql_tbl,mod.blocks.5.attn.h0,electron<-electron,1.9385583816718586e-06,-2.448849432494053e-08,-4.1688045099297355e-08,-1.914644276457267e-09,2.777362582988148e-06,1.7199550774356826e-08,-2.2573850048483262e-08,2.448849432494053e-08,3.3088269712118944e-08
signed_hqql_tbl,mod.blocks.7.attn.h2,muon<-muon,1.1396753762937806e-07,-5.572444172763369e-10,-6.534154017856508e-08,1.1762849361218741e-08,-2.105835200660877e-08,6.478429576128875e-08,-1.2320093778495078e-08,5.572444172763369e-10,3.294939229792071e-08
B_tbl_minus_hqql,mod.blocks.4.attn.h4,photon<-muon,0.0003308271354233677,-2.0881334318222467e-08,0.0,0.0,0.0,-2.0881334318222467e-08,-2.0881334318222467e-08,2.0881334318222467e-08,3.13220014773337e-08
B_tbl_minus_hqql,mod.blocks.7.attn.h0,muon<-muon,3.5123052839480806e-06,-1.725781650918634e-08,0.0,0.0,0.0,-1.725781650918634e-08,-1.725781650918634e-08,1.725781650918634e-08,2.5886724763779512e-08
signed_hqql_tbl,mod.blocks.6.attn.h5,muon<-muon,3.484929766273126e-05,-2.366627249728026e-08,-1.991872755624513e-08,-6.151517339958446e-08,-5.533486541198229e-07,-3.74754494103513e-09,3.7848900902304194e-08,2.366627249728026e-08,2.5540044967797826e-08
signed_hqql_tbl,mod.blocks.6.attn.h5,electron<-electron,8.451205625685058e-07,1.5587751385955546e-08,-8.772333813132291e-10,0.0003653105937170646,-0.00015958960220691603,1.6464984767268775e-08,-0.00036529500596567865,1.5587751385955546e-08,2.3820243769589935e-08
B_tbl_minus_hqql,mod.blocks.6.attn.h5,electron<-electron,8.45120249929702e-07,1.5587742800230824e-08,0.0,0.0,0.0,1.5587742800230824e-08,1.5587742800230824e-08,1.5587742800230824e-08,2.3381614200346235e-08
signed_hqql_tbl,mod.blocks.6.attn.h7,muon<-muon,1.7407082850695588e-06,-4.020470179000313e-09,2.55230423462649e-08,-3.5648167084900706e-08,-1.0780746656502416e-08,-2.9543512525265214e-08,3.162769690590039e-08,4.020470179000313e-09,1.879222644163292e-08
B_tbl_minus_hqql,mod.blocks.7.attn.h6,electron<-electron,3.7713250264914677e-06,1.2406291253578653e-08,0.0,0.0,0.0,1.2406291253578653e-08,1.2406291253578653e-08,1.2406291253578653e-08,1.860943688036798e-08
B_tbl_minus_hqql,mod.blocks.2.attn.h7,electron<-electron,1.107587593196513e-06,-1.1647741354758878e-08,0.0,0.0,0.0,-1.1647741354758878e-08,-1.1647741354758878e-08,1.1647741354758878e-08,1.7471612032138317e-08
B_tbl_minus_hqql,mod.blocks.6.attn.h0,neutral_hadron<-photon,0.017799494356786443,1.1324655986123635e-08,0.0,0.0,0.0,1.1324655986123635e-08,1.1324655986123635e-08,1.1324655986123635e-08,1.6986983979185452e-08
signed_hqql_tbl,mod.blocks.1.attn.h7,electron<-electron,1.319583172213849e-06,-9.342454957798433e-09,5.415747905690438e-09,-1.3910933442199772e-08,8.90019928491238e-05,-1.475820286348887e-08,4.568478484401339e-09,9.342454957798433e-09,1.672155638954287e-08
B_tbl_minus_hqql,mod.blocks.2.attn.h7,muon<-muon,4.779101345775416e-07,-1.033107199788219e-08,0.0,0.0,0.0,-1.033107199788219e-08,-1.033107199788219e-08,1.033107199788219e-08,1.5496607996823286e-08
B_tbl_minus_hqql,mod.blocks.7.attn.h3,photon<-neutral_hadron,0.01176528369257496,-1.0196446156543162e-08,0.0,0.0,0.0,-1.0196446156543162e-08,-1.0196446156543162e-08,1.0196446156543162e-08,1.5294669234814744e-08
B_tbl_minus_hqql,mod.blocks.1.attn.h7,electron<-electron,1.319582717466498e-06,-9.342441339062665e-09,0.0,0.0,0.0,-9.342441339062665e-09,-9.342441339062665e-09,9.342441339062665e-09,1.4013662008593997e-08
signed_hqql_tbl,mod.blocks.2.attn.h7,muon<-muon,4.779101345775416e-07,-1.033107199788219e-08,-1.6710935413222217e-08,7.83663467451845e-10,-1.875096880127325e-07,6.379863415340026e-09,-1.1114735465334036e-08,1.033107199788219e-08,1.3521003705552204e-08
B_tbl_minus_hqql,mod.blocks.3.attn.h2,electron<-electron,8.585270805383516e-07,8.45897912826743e-09,0.0,0.0,0.0,8.45897912826743e-09,8.45897912826743e-09,8.45897912826743e-09,1.2688468692401145e-08
B_tbl_minus_hqql,mod.blocks.7.attn.h3,muon<-muon,7.335340796998935e-07,7.276111713139244e-09,0.0,0.0,0.0,7.276111713139244e-09,7.276111713139244e-09,7.276111713139244e-09,1.0914167569708866e-08
B_tbl_minus_hqql,mod.blocks.4.attn.h7,electron<-electron,1.288881799155206e-05,6.024794885206575e-09,0.0,0.0,0.0,6.024794885206575e-09,6.024794885206575e-09,6.024794885206575e-09,9.037192327809862e-09
B_tbl_minus_hqql,mod.blocks.3.attn.h0,muon<-muon,1.3824884490531986e-06,5.73656455671312e-09,0.0,0.0,0.0,5.73656455671312e-09,5.73656455671312e-09,5.73656455671312e-09,8.60484683506968e-09
B_tbl_minus_hqql,mod.blocks.2.attn.h0,muon<-muon,1.6329995560226962e-05,-5.608884467989128e-09,0.0,0.0,0.0,-5.608884467989128e-09,-5.608884467989128e-09,5.608884467989128e-09,8.413326701983692e-09
signed_hqql_tbl,mod.blocks.6.attn.h6,muon<-muon,5.561195735026558e-07,3.7729686042098365e-09,-1.967464413610287e-09,3.0928815064612536e-09,3.521019205192377e-08,5.7404330178201235e-09,6.800870977485829e-10,3.7729686042098365e-09,6.643185113119898e-09
B_tbl_minus_hqql,mod.blocks.6.attn.h7,muon<-muon,1.7407082850695588e-06,-4.020470179000313e-09,0.0,0.0,0.0,-4.020470179000313e-09,-4.020470179000313e-09,4.020470179000313e-09,6.030705268500469e-09
B_tbl_minus_hqql,mod.blocks.6.attn.h6,muon<-muon,5.561195735026558e-07,3.7729686042098365e-09,0.0,0.0,0.0,3.7729686042098365e-09,3.7729686042098365e-09,3.7729686042098365e-09,5.659452906314755e-09
B_tbl_minus_hqql,mod.blocks.6.attn.h0,electron<-electron,6.166551618965362e-06,3.7155452048409643e-09,0.0,0.0,0.0,3.7155452048409643e-09,3.7155452048409643e-09,3.7155452048409643e-09,5.5733178072614464e-09
signed_hqql_tbl,mod.blocks.3.attn.h7,electron<-electron,1.9906770039786656e-07,-2.3726182187914593e-09,-6.391762195911976e-09,-6.916597553955721e-09,7.737822317510634e-05,4.0191439771205175e-09,4.543979335164261e-09,2.3726182187914593e-09,4.3821902073517185e-09
B_tbl_minus_hqql,mod.blocks.3.attn.h7,electron<-electron,1.9906775132009594e-07,-2.3726182141655303e-09,0.0,0.0,0.0,-2.3726182141655303e-09,-2.3726182141655303e-09,2.3726182141655303e-09,3.5589273212482953e-09
B_tbl_minus_hqql,mod.blocks.6.attn.h2,muon<-muon,3.0370878789653943e-07,-1.3528889120095755e-09,0.0,0.0,0.0,-1.3528889120095755e-09,-1.3528889120095755e-09,1.3528889120095755e-09,2.0293333680143633e-09
B_tbl_minus_hqql,mod.blocks.7.attn.h3,electron<-electron,3.9273413753298375e-07,-1.0840197175054023e-09,0.0,0.0,0.0,-1.0840197175054023e-09,-1.0840197175054023e-09,1.0840197175054023e-09,1.6260295762581035e-09
signed_hqql_tbl,mod.blocks.7.attn.h7,electron<-electron,6.944356171582437e-08,9.222973796722359e-10,-1.0887860057984255e-10,-1.5879282365289609e-09,6.399200168474081e-05,1.0311759802520784e-09,2.510225616201197e-09,9.222973796722359e-10,1.4378853697982752e-09
B_tbl_minus_hqql,mod.blocks.7.attn.h7,electron<-electron,6.944351908326023e-08,9.222963041436808e-10,0.0,0.0,0.0,9.222963041436808e-10,9.222963041436808e-10,9.222963041436808e-10,1.3834444562155213e-09
B_tbl_minus_hqql,mod.blocks.7.attn.h7,muon<-muon,1.8026231884959998e-07,8.937291462451924e-10,0.0,0.0,0.0,8.937291462451924e-10,8.937291462451924e-10,8.937291462451924e-10,1.3405937193677886e-09
signed_hqql_tbl,mod.blocks.7.attn.h7,muon<-muon,1.8026231884959998e-07,8.937291462451924e-10,2.7946013428717387e-10,1.0147149787087528e-10,-2.1880421474228945e-09,6.142690119580185e-10,7.922576483743171e-10,8.937291462451924e-10,1.2008636522242017e-09
B_tbl_minus_hqql,mod.blocks.7.attn.h2,muon<-muon,1.1396753762937806e-07,-5.572444172763369e-10,0.0,0.0,0.0,-5.572444172763369e-10,-5.572444172763369e-10,5.572444172763369e-10,8.358666259145053e-10
B_tbl_minus_hqql,mod.blocks.6.attn.h0,muon<-muon,1.3702054957320797e-06,-2.4732654813064414e-10,0.0,0.0,0.0,-2.4732654813064414e-10,-2.4732654813064414e-10,2.4732654813064414e-10,3.709898221959662e-10
signed_hqql_tbl,mod.blocks.6.attn.h6,electron<-electron,1.0539264216902211e-07,2.9294973854140004e-11,-1.1188645170946698e-10,8.349644514793475e-06,-2.04131603580167e-07,1.41181425563607e-10,-8.34961521981962e-06,2.9294973854140004e-11,9.98856866359435e-11
B_tbl_minus_hqql,mod.blocks.6.attn.h6,electron<-electron,1.0539273986864828e-07,2.9295723254681626e-11,0.0,0.0,0.0,2.9295723254681626e-11,2.9295723254681626e-11,2.9295723254681626e-11,4.3943584882022435e-11
signed_hqql_tbl,mod.cls_blocks.0.attn.h1,neutral_hadron<-muon,0.0,0.0,0.0,0.0009973376290872693,0.023434063885360956,0.0,-0.0009973376290872693,0.0,0.0
signed_hqql_tbl,mod.cls_blocks.0.attn.h3,neutral_hadron<-muon,0.0,0.0,0.0,0.00024466944159939885,-0.006820287788286805,0.0,-0.00024466944159939885,0.0,0.0
signed_hqql_tbl,mod.cls_blocks.1.attn.h0,neutral_hadron<-muon,0.0,0.0,0.0,3.175883102812804e-05,0.006519612092233729,0.0,-3.175883102812804e-05,0.0,0.0
signed_hqql_tbl,mod.blocks.3.attn.h0,electron<-muon,0.0,0.0,0.0,0.0,-0.005465116972724597,0.0,0.0,0.0,0.0
signed_hqql_tbl,mod.blocks.2.attn.h3,muon<-electron,0.0,0.0,0.0,0.0,0.005459209904074669,0.0,0.0,0.0,0.0
signed_hqql_tbl,mod.cls_blocks.0.attn.h4,neutral_hadron<-muon,0.0,0.0,0.0,0.0033546763006597757,0.003804846783168614,0.0,-0.0033546763006597757,0.0,0.0
signed_hqql_tbl,mod.cls_blocks.0.attn.h6,neutral_hadron<-electron,0.0,0.0,0.0,0.0034277080558240414,0.0,0.0,-0.0034277080558240414,0.0,0.0
signed_hqql_tbl,mod.cls_blocks.0.attn.h2,neutral_hadron<-muon,0.0,0.0,0.0,-0.0005599422729574144,-0.003276994058978744,0.0,0.0005599422729574144,0.0,0.0
signed_hqql_tbl,mod.cls_blocks.0.attn.h4,photon<-electron,0.0,0.0,0.0,0.0,0.0032036582415457815,0.0,0.0,0.0,0.0
signed_hqql_tbl,mod.cls_blocks.1.attn.h5,neutral_hadron<-muon,0.0,0.0,0.0,7.462703069904819e-05,0.003189156064763665,0.0,-7.462703069904819e-05,0.0,0.0
signed_hqql_tbl,mod.blocks.6.attn.h6,muon<-electron,0.0,0.0,0.0,0.0,0.0029468918219208717,0.0,0.0,0.0,0.0
signed_hqql_tbl,mod.blocks.3.attn.h7,electron<-muon,0.0,0.0,0.0,0.0,-0.0029313378036022186,0.0,0.0,0.0,0.0
signed_hqql_tbl,mod.cls_blocks.1.attn.h5,photon<-electron,0.0,0.0,0.0,0.0,-0.0028866352076875046,0.0,0.0,0.0,0.0
signed_hqql_tbl,mod.blocks.4.attn.h5,muon<-electron,0.0,0.0,0.0,0.0,0.0027932217344641685,0.0,0.0,0.0,0.0
signed_hqql_tbl,mod.cls_blocks.0.attn.h4,neutral_hadron<-electron,0.0,0.0,0.0,-0.0026314323768019676,0.0,0.0,0.0026314323768019676,0.0,0.0
signed_hqql_tbl,mod.blocks.4.attn.h5,electron<-muon,0.0,0.0,0.0,0.0,-0.0026018650581439338,0.0,0.0,0.0,0.0
signed_hqql_tbl,mod.blocks.3.attn.h5,electron<-muon,0.0,0.0,0.0,0.0,-0.0023299138993024826,0.0,0.0,0.0,0.0
signed_hqql_tbl,mod.cls_blocks.0.attn.h1,photon<-electron,0.0,0.0,0.0,0.0,0.0022745785099687055,0.0,0.0,0.0,0.0
signed_hqql_tbl,mod.blocks.3.attn.h0,muon<-electron,0.0,0.0,0.0,0.0,0.001988522553195556,0.0,0.0,0.0,0.0
signed_hqql_tbl,mod.blocks.3.attn.h6,electron<-muon,0.0,0.0,0.0,0.0,-0.0019303682881097,0.0,0.0,0.0,0.0
signed_hqql_tbl,mod.blocks.7.attn.h3,electron<-muon,0.0,0.0,0.0,0.0,-0.001860885415226221,0.0,0.0,0.0,0.0
signed_hqql_tbl,mod.cls_blocks.0.attn.h0,neutral_hadron<-muon,0.0,0.0,0.0,-4.8364850954385474e-05,-0.0018185852095484734,0.0,4.8364850954385474e-05,0.0,0.0
signed_hqql_tbl,mod.blocks.2.attn.h3,electron<-muon,0.0,0.0,0.0,0.0,-0.0017703111904362838,0.0,0.0,0.0,0.0
signed_hqql_tbl,mod.cls_blocks.0.attn.h7,neutral_hadron<-muon,0.0,0.0,0.0,0.0016878157621249557,-0.00152920899563469,0.0,-0.0016878157621249557,0.0,0.0
signed_hqql_tbl,mod.blocks.3.attn.h5,muon<-electron,0.0,0.0,0.0,0.0,0.0016067707911133766,0.0,0.0,0.0,0.0
signed_hqql_tbl,mod.cls_blocks.1.attn.h6,neutral_hadron<-electron,0.0,0.0,0.0,-0.0014913316117599607,0.0,0.0,0.0014913316117599607,0.0,0.0
signed_hqql_tbl,mod.blocks.2.attn.h4,electron<-muon,0.0,0.0,0.0,0.0,-0.0014089688969155152,0.0,0.0,0.0,0.0
signed_hqql_tbl,mod.cls_blocks.0.attn.h2,photon<-electron,0.0,0.0,0.0,0.0,-0.001387741882354021,0.0,0.0,0.0,0.0
signed_hqql_tbl,mod.cls_blocks.0.attn.h5,photon<-electron,0.0,0.0,0.0,0.0,0.0013290118949953467,0.0,0.0,0.0,0.0
signed_hqql_tbl,mod.cls_blocks.1.attn.h6,photon<-electron,0.0,0.0,0.0,0.0,0.0011866526523282572,0.0,0.0,0.0,0.0
signed_hqql_tbl,mod.cls_blocks.0.attn.h2,neutral_hadron<-electron,0.0,0.0,0.0,-0.001168097136542201,0.0,0.0,0.001168097136542201,0.0,0.0
signed_hqql_tbl,mod.cls_blocks.0.attn.h6,neutral_hadron<-muon,0.0,0.0,0.0,0.0011253604898229241,0.00024975393898785114,0.0,-0.0011253604898229241,0.0,0.0
signed_hqql_tbl,mod.blocks.6.attn.h2,electron<-muon,0.0,0.0,0.0,0.0,-0.0009586998106290897,0.0,0.0,0.0,0.0
signed_hqql_tbl,mod.blocks.4.attn.h2,electron<-muon,0.0,0.0,0.0,0.0,-0.0009379862652470669,0.0,0.0,0.0,0.0
signed_hqql_tbl,mod.blocks.0.attn.h6,muon<-electron,0.0,0.0,0.0,0.0,0.0009250250489761432,0.0,0.0,0.0,0.0
signed_hqql_tbl,mod.cls_blocks.0.attn.h6,photon<-electron,0.0,0.0,0.0,0.0,-0.0008723190985620022,0.0,0.0,0.0,0.0
signed_hqql_tbl,mod.blocks.4.attn.h3,muon<-electron,0.0,0.0,0.0,0.0,0.0008678294252604246,0.0,0.0,0.0,0.0
signed_hqql_tbl,mod.blocks.1.attn.h6,electron<-muon,0.0,0.0,0.0,0.0,-0.0008625605454047521,0.0,0.0,0.0,0.0
signed_hqql_tbl,mod.cls_blocks.0.attn.h1,neutral_hadron<-electron,0.0,0.0,0.0,-0.0008433464681729674,0.0,0.0,0.0008433464681729674,0.0,0.0
signed_hqql_tbl,mod.blocks.5.attn.h2,electron<-muon,0.0,0.0,0.0,0.0,-0.000829794987415274,0.0,0.0,0.0,0.0
signed_hqql_tbl,mod.cls_blocks.0.attn.h0,neutral_hadron<-electron,0.0,0.0,0.0,-0.0007437860476784408,0.0,0.0,0.0007437860476784408,0.0,0.0
signed_hqql_tbl,mod.blocks.7.attn.h3,muon<-electron,0.0,0.0,0.0,0.0,-0.0006905790263166031,0.0,0.0,0.0,0.0
signed_hqql_tbl,mod.cls_blocks.1.attn.h4,neutral_hadron<-muon,0.0,0.0,0.0,-0.0005750738782808185,0.0006745391146978363,0.0,0.0005750738782808185,0.0,0.0
signed_hqql_tbl,mod.cls_blocks.1.attn.h5,neutral_hadron<-electron,0.0,0.0,0.0,-0.0006599683547392488,0.0,0.0,0.0006599683547392488,0.0,0.0
signed_hqql_tbl,mod.cls_blocks.1.attn.h1,photon<-electron,0.0,0.0,0.0,0.0,0.0006421101425075904,0.0,0.0,0.0,0.0
signed_hqql_tbl,mod.cls_blocks.0.attn.h3,neutral_hadron<-electron,0.0,0.0,0.0,-0.0006230258150026202,0.0,0.0,0.0006230258150026202,0.0,0.0
signed_hqql_tbl,mod.cls_blocks.0.attn.h7,photon<-electron,0.0,0.0,0.0,0.0,-0.0005892604240216315,0.0,0.0,0.0,0.0
signed_hqql_tbl,mod.blocks.1.attn.h5,electron<-muon,0.0,0.0,0.0,0.0,0.0005813316286851963,0.0,0.0,0.0,0.0
signed_hqql_tbl,mod.blocks.6.attn.h0,muon<-electron,0.0,0.0,0.0,0.0,-0.0005709220810482899,0.0,0.0,0.0,0.0
signed_hqql_tbl,mod.blocks.3.attn.h7,muon<-electron,0.0,0.0,0.0,0.0,0.0005364083529760441,0.0,0.0,0.0,0.0
signed_hqql_tbl,mod.cls_blocks.1.attn.h4,neutral_hadron<-electron,0.0,0.0,0.0,-0.0005333017325028777,0.0,0.0,0.0005333017325028777,0.0,0.0
signed_hqql_tbl,mod.blocks.1.attn.h6,muon<-electron,0.0,0.0,0.0,0.0,0.0005202010118712982,0.0,0.0,0.0,0.0
signed_hqql_tbl,mod.blocks.2.attn.h0,electron<-muon,0.0,0.0,0.0,0.0,-0.00051146000623703,0.0,0.0,0.0,0.0
signed_hqql_tbl,mod.blocks.0.attn.h0,muon<-electron,0.0,0.0,0.0,0.0,-0.000510828608336548,0.0,0.0,0.0,0.0
signed_hqql_tbl,mod.blocks.2.attn.h0,muon<-electron,0.0,0.0,0.0,0.0,0.0005056078856190046,0.0,0.0,0.0,0.0
signed_hqql_tbl,mod.blocks.1.attn.h3,electron<-muon,0.0,0.0,0.0,0.0,-0.0004835408569003145,0.0,0.0,0.0,0.0
signed_hqql_tbl,mod.blocks.6.attn.h2,muon<-electron,0.0,0.0,0.0,0.0,0.00046063757811983425,0.0,0.0,0.0,0.0
signed_hqql_tbl,mod.blocks.0.attn.h6,electron<-muon,0.0,0.0,0.0,0.0,0.00045834594250967103,0.0,0.0,0.0,0.0
signed_hqql_tbl,mod.blocks.2.attn.h5,muon<-electron,0.0,0.0,0.0,0.0,-0.0003893363755196333,0.0,0.0,0.0,0.0
signed_hqql_tbl,mod.cls_blocks.1.attn.h1,neutral_hadron<-electron,0.0,0.0,0.0,-0.0003855142567772418,0.0,0.0,0.0003855142567772418,0.0,0.0
signed_hqql_tbl,mod.cls_blocks.1.attn.h2,neutral_hadron<-muon,0.0,0.0,0.0,-7.5650868893717416e-06,0.00038263916212599725,0.0,7.5650868893717416e-06,0.0,0.0
signed_hqql_tbl,mod.blocks.1.attn.h4,muon<-electron,0.0,0.0,0.0,0.0,0.00038085412234067917,0.0,0.0,0.0,0.0
signed_hqql_tbl,mod.cls_blocks.0.attn.h5,neutral_hadron<-muon,0.0,0.0,0.0,2.609672719700029e-06,-0.00035473337629809976,0.0,-2.609672719700029e-06,0.0,0.0
signed_hqql_tbl,mod.cls_blocks.0.attn.h5,neutral_hadron<-electron,0.0,0.0,0.0,-0.00034824179601855576,0.0,0.0,0.00034824179601855576,0.0,0.0
signed_hqql_tbl,mod.cls_blocks.0.attn.h3,photon<-electron,0.0,0.0,0.0,0.0,-0.0003450568183325231,0.0,0.0,0.0,0.0
signed_hqql_tbl,mod.cls_blocks.1.attn.h3,neutral_hadron<-electron,0.0,0.0,0.0,-0.0003343173593748361,0.0,0.0,0.0003343173593748361,0.0,0.0
signed_hqql_tbl,mod.blocks.1.attn.h0,muon<-electron,0.0,0.0,0.0,0.0,-0.000304686992118756,0.0,0.0,0.0,0.0
signed_hqql_tbl,mod.blocks.2.attn.h2,electron<-muon,0.0,0.0,0.0,0.0,-0.0002884992281906307,0.0,0.0,0.0,0.0
signed_hqql_tbl,mod.blocks.3.attn.h2,electron<-muon,0.0,0.0,0.0,0.0,-0.00027647796863069135,0.0,0.0,0.0,0.0
signed_hqql_tbl,mod.blocks.2.attn.h2,muon<-electron,0.0,0.0,0.0,0.0,0.00026792415883392096,0.0,0.0,0.0,0.0
signed_hqql_tbl,mod.cls_blocks.1.attn.h1,neutral_hadron<-muon,0.0,0.0,0.0,-0.00014089226897340268,-0.0002533046031203412,0.0,0.00014089226897340268,0.0,0.0
signed_hqql_tbl,mod.blocks.4.attn.h1,electron<-muon,0.0,0.0,0.0,0.0,0.0002518190109791855,0.0,0.0,0.0,0.0
signed_hqql_tbl,mod.blocks.0.attn.h1,muon<-electron,0.0,0.0,0.0,0.0,0.0002444225052992503,0.0,0.0,0.0,0.0
signed_hqql_tbl,mod.blocks.1.attn.h2,muon<-electron,0.0,0.0,0.0,0.0,0.00024405292545755705,0.0,0.0,0.0,0.0
signed_hqql_tbl,mod.cls_blocks.1.attn.h7,photon<-electron,0.0,0.0,0.0,0.0,-0.0002360019407205982,0.0,0.0,0.0,0.0
signed_hqql_tbl,mod.blocks.1.attn.h0,electron<-muon,0.0,0.0,0.0,0.0,0.00023567845346406102,0.0,0.0,0.0,0.0
signed_hqql_tbl,mod.blocks.0.attn.h7,muon<-electron,0.0,0.0,0.0,0.0,-0.00022935434632624188,0.0,0.0,0.0,0.0
signed_hqql_tbl,mod.blocks.6.attn.h3,muon<-electron,0.0,0.0,0.0,0.0,0.0002254681894555688,0.0,0.0,0.0,0.0
signed_hqql_tbl,mod.blocks.5.attn.h4,muon<-electron,0.0,0.0,0.0,0.0,0.00022522414413591227,0.0,0.0,0.0,0.0
signed_hqql_tbl,mod.blocks.7.attn.h2,muon<-electron,0.0,0.0,0.0,0.0,-0.00020090024918317795,0.0,0.0,0.0,0.0
signed_hqql_tbl,mod.blocks.6.attn.h3,electron<-muon,0.0,0.0,0.0,0.0,-0.00020032641865933934,0.0,0.0,0.0,0.0
signed_hqql_tbl,mod.blocks.6.attn.h1,electron<-muon,0.0,0.0,0.0,0.0,0.00019471865380182862,0.0,0.0,0.0,0.0
signed_hqql_tbl,mod.blocks.1.attn.h5,muon<-electron,0.0,0.0,0.0,0.0,0.00019307624703894058,0.0,0.0,0.0,0.0
signed_hqql_tbl,mod.blocks.3.attn.h2,muon<-electron,0.0,0.0,0.0,0.0,0.00018351177762572965,0.0,0.0,0.0,0.0
signed_hqql_tbl,mod.blocks.2.attn.h4,muon<-electron,0.0,0.0,0.0,0.0,0.0001778958442931374,0.0,0.0,0.0,0.0
signed_hqql_tbl,mod.cls_blocks.1.attn.h7,neutral_hadron<-electron,0.0,0.0,0.0,-0.00017714762361720204,0.0,0.0,0.00017714762361720204,0.0,0.0
signed_hqql_tbl,mod.blocks.2.attn.h1,muon<-electron,0.0,0.0,0.0,0.0,0.00017477422564600906,0.0,0.0,0.0,0.0
signed_hqql_tbl,mod.blocks.0.attn.h2,muon<-electron,0.0,0.0,0.0,0.0,0.00017081567784771323,0.0,0.0,0.0,0.0
signed_hqql_tbl,mod.cls_blocks.1.attn.h7,neutral_hadron<-muon,0.0,0.0,0.0,-0.00017041139653883874,-8.449035522062331e-05,0.0,0.00017041139653883874,0.0,0.0
signed_hqql_tbl,mod.blocks.3.attn.h3,muon<-electron,0.0,0.0,0.0,0.0,-0.0001676697478008767,0.0,0.0,0.0,0.0
signed_hqql_tbl,mod.blocks.4.attn.h2,muon<-electron,0.0,0.0,0.0,0.0,-0.00015854510517480472,0.0,0.0,0.0,0.0
signed_hqql_tbl,mod.blocks.1.attn.h7,muon<-electron,0.0,0.0,0.0,0.0,0.00015720596032527587,0.0,0.0,0.0,0.0
signed_hqql_tbl,mod.blocks.5.attn.h5,muon<-electron,0.0,0.0,0.0,0.0,0.0001486262190155685,0.0,0.0,0.0,0.0
signed_hqql_tbl,mod.cls_blocks.1.attn.h0,neutral_hadron<-electron,0.0,0.0,0.0,0.00014333461876958609,0.0,0.0,-0.00014333461876958609,0.0,0.0
signed_hqql_tbl,mod.blocks.4.attn.h7,muon<-electron,0.0,0.0,0.0,0.0,-0.00014064638526178896,0.0,0.0,0.0,0.0
signed_hqql_tbl,mod.blocks.5.attn.h3,muon<-electron,0.0,0.0,0.0,0.0,-0.00013109011342749,0.0,0.0,0.0,0.0
signed_hqql_tbl,mod.blocks.6.attn.h1,muon<-electron,0.0,0.0,0.0,0.0,-0.00013041121807570258,0.0,0.0,0.0,0.0
signed_hqql_tbl,mod.blocks.2.attn.h1,electron<-muon,0.0,0.0,0.0,0.0,-0.00012652508060758313,0.0,0.0,0.0,0.0
signed_hqql_tbl,mod.blocks.6.attn.h6,electron<-muon,0.0,0.0,0.0,0.0,-0.00012623166549019516,0.0,0.0,0.0,0.0
signed_hqql_tbl,mod.blocks.4.attn.h0,electron<-muon,0.0,0.0,0.0,0.0,0.00012495129097563526,0.0,0.0,0.0,0.0
signed_hqql_tbl,mod.blocks.3.attn.h6,muon<-electron,0.0,0.0,0.0,0.0,0.00012222992760750154,0.0,0.0,0.0,0.0
signed_hqql_tbl,mod.blocks.5.attn.h0,electron<-muon,0.0,0.0,0.0,0.0,-0.00011964395525865257,0.0,0.0,0.0,0.0
signed_hqql_tbl,mod.blocks.6.attn.h0,electron<-muon,0.0,0.0,0.0,0.0,0.00011291668245879312,0.0,0.0,0.0,0.0
signed_hqql_tbl,mod.blocks.2.attn.h6,electron<-muon,0.0,0.0,0.0,0.0,0.00011077231223074098,0.0,0.0,0.0,0.0
signed_hqql_tbl,mod.blocks.4.attn.h3,electron<-muon,0.0,0.0,0.0,0.0,-0.00010460522025823593,0.0,0.0,0.0,0.0
signed_hqql_tbl,mod.blocks.5.attn.h2,muon<-electron,0.0,0.0,0.0,0.0,-0.00010013521144477029,0.0,0.0,0.0,0.0
signed_hqql_tbl,mod.blocks.2.attn.h6,muon<-electron,0.0,0.0,0.0,0.0,-8.821490337140858e-05,0.0,0.0,0.0,0.0
signed_hqql_tbl,mod.blocks.4.attn.h4,muon<-electron,0.0,0.0,0.0,0.0,8.805687927330534e-05,0.0,0.0,0.0,0.0
signed_hqql_tbl,mod.blocks.7.attn.h4,electron<-muon,0.0,0.0,0.0,0.0,8.591156802140176e-05,0.0,0.0,0.0,0.0
signed_hqql_tbl,mod.blocks.7.attn.h6,electron<-muon,0.0,0.0,0.0,0.0,-8.544883651969333e-05,0.0,0.0,0.0,0.0
signed_hqql_tbl,mod.cls_blocks.0.attn.h0,photon<-electron,0.0,0.0,0.0,0.0,-8.423981489613652e-05,0.0,0.0,0.0,0.0
signed_hqql_tbl,mod.blocks.5.attn.h7,electron<-muon,0.0,0.0,0.0,0.0,-7.937055973646541e-05,0.0,0.0,0.0,0.0
signed_hqql_tbl,mod.blocks.7.attn.h0,electron<-muon,0.0,0.0,0.0,0.0,7.518504086571436e-05,0.0,0.0,0.0,0.0
signed_hqql_tbl,mod.blocks.4.attn.h7,electron<-muon,0.0,0.0,0.0,0.0,-6.677582859992981e-05,0.0,0.0,0.0,0.0
signed_hqql_tbl,mod.cls_blocks.1.attn.h3,photon<-electron,0.0,0.0,0.0,0.0,-6.312452387646772e-05,0.0,0.0,0.0,0.0
signed_hqql_tbl,mod.blocks.5.attn.h1,muon<-electron,0.0,0.0,0.0,0.0,-6.206299197704841e-05,0.0,0.0,0.0,0.0
signed_hqql_tbl,mod.blocks.5.attn.h4,electron<-muon,0.0,0.0,0.0,0.0,6.0314632719382644e-05,0.0,0.0,0.0,0.0
signed_hqql_tbl,mod.blocks.5.attn.h6,electron<-muon,0.0,0.0,0.0,0.0,5.974357191007584e-05,0.0,0.0,0.0,0.0
signed_hqql_tbl,mod.blocks.3.attn.h1,muon<-electron,0.0,0.0,0.0,0.0,-5.831252201460302e-05,0.0,0.0,0.0,0.0
signed_hqql_tbl,mod.cls_blocks.1.attn.h2,photon<-electron,0.0,0.0,0.0,0.0,5.7434630434727296e-05,0.0,0.0,0.0,0.0
signed_hqql_tbl,mod.cls_blocks.1.attn.h2,neutral_hadron<-electron,0.0,0.0,0.0,5.12012884428259e-05,0.0,0.0,-5.12012884428259e-05,0.0,0.0
signed_hqql_tbl,mod.blocks.1.attn.h3,muon<-electron,0.0,0.0,0.0,0.0,-4.739733412861824e-05,0.0,0.0,0.0,0.0
signed_hqql_tbl,mod.blocks.7.attn.h0,muon<-electron,0.0,0.0,0.0,0.0,-4.572605151527872e-05,0.0,0.0,0.0,0.0
signed_hqql_tbl,mod.blocks.4.attn.h0,muon<-electron,0.0,0.0,0.0,0.0,-4.390900236709664e-05,0.0,0.0,0.0,0.0
signed_hqql_tbl,mod.blocks.4.attn.h6,muon<-electron,0.0,0.0,0.0,0.0,-4.29138308390975e-05,0.0,0.0,0.0,0.0
signed_hqql_tbl,mod.cls_blocks.1.attn.h0,photon<-electron,0.0,0.0,0.0,0.0,4.080496000824496e-05,0.0,0.0,0.0,0.0
signed_hqql_tbl,mod.cls_blocks.1.attn.h4,photon<-electron,0.0,0.0,0.0,0.0,3.706454754137667e-05,0.0,0.0,0.0,0.0
signed_hqql_tbl,mod.blocks.3.attn.h3,electron<-muon,0.0,0.0,0.0,0.0,-3.5412175445041307e-05,0.0,0.0,0.0,0.0
signed_hqql_tbl,mod.blocks.3.attn.h4,muon<-electron,0.0,0.0,0.0,0.0,3.38759734101283e-05,0.0,0.0,0.0,0.0
signed_hqql_tbl,mod.cls_blocks.1.attn.h6,neutral_hadron<-muon,0.0,0.0,0.0,-3.3344796975143254e-05,-1.3459924957714975e-05,0.0,3.3344796975143254e-05,0.0,0.0
signed_hqql_tbl,mod.blocks.6.attn.h4,muon<-electron,0.0,0.0,0.0,0.0,3.298011142760515e-05,0.0,0.0,0.0,0.0
signed_hqql_tbl,mod.cls_blocks.1.attn.h3,neutral_hadron<-muon,0.0,0.0,0.0,2.316766085641575e-06,3.110616197687932e-05,0.0,-2.316766085641575e-06,0.0,0.0
signed_hqql_tbl,mod.cls_blocks.0.attn.h7,neutral_hadron<-electron,0.0,0.0,0.0,-2.9688759241253138e-05,0.0,0.0,2.9688759241253138e-05,0.0,0.0
signed_hqql_tbl,mod.blocks.5.attn.h0,muon<-electron,0.0,0.0,0.0,0.0,2.9105072220166523e-05,0.0,0.0,0.0,0.0
signed_hqql_tbl,mod.blocks.1.attn.h4,electron<-muon,0.0,0.0,0.0,0.0,2.8755564320211608e-05,0.0,0.0,0.0,0.0
signed_hqql_tbl,mod.blocks.0.attn.h4,electron<-muon,0.0,0.0,0.0,0.0,2.858267301538338e-05,0.0,0.0,0.0,0.0
signed_hqql_tbl,mod.blocks.3.attn.h1,electron<-muon,0.0,0.0,0.0,0.0,-2.442227560095489e-05,0.0,0.0,0.0,0.0
signed_hqql_tbl,mod.blocks.3.attn.h4,electron<-muon,0.0,0.0,0.0,0.0,2.3238157154992223e-05,0.0,0.0,0.0,0.0
signed_hqql_tbl,mod.blocks.1.attn.h1,electron<-muon,0.0,0.0,0.0,0.0,2.3023050744086504e-05,0.0,0.0,0.0,0.0
signed_hqql_tbl,mod.blocks.0.attn.h2,electron<-muon,0.0,0.0,0.0,0.0,2.121798509809499e-05,0.0,0.0,0.0,0.0
signed_hqql_tbl,mod.blocks.7.attn.h2,electron<-muon,0.0,0.0,0.0,0.0,2.071648001826058e-05,0.0,0.0,0.0,0.0
signed_hqql_tbl,mod.blocks.5.attn.h5,electron<-muon,0.0,0.0,0.0,0.0,-2.0228486391715705e-05,0.0,0.0,0.0,0.0
signed_hqql_tbl,mod.blocks.1.attn.h2,electron<-muon,0.0,0.0,0.0,0.0,1.9657255810064573e-05,0.0,0.0,0.0,0.0
signed_hqql_tbl,mod.blocks.0.attn.h5,electron<-muon,0.0,0.0,0.0,0.0,1.6935801492460694e-05,0.0,0.0,0.0,0.0
signed_hqql_tbl,mod.blocks.2.attn.h7,electron<-muon,0.0,0.0,0.0,0.0,1.614920135277013e-05,0.0,0.0,0.0,0.0
signed_hqql_tbl,mod.blocks.1.attn.h1,muon<-electron,0.0,0.0,0.0,0.0,1.4529573187852899e-05,0.0,0.0,0.0,0.0
signed_hqql_tbl,mod.blocks.0.attn.h3,electron<-muon,0.0,0.0,0.0,0.0,1.4501802070299163e-05,0.0,0.0,0.0,0.0
signed_hqql_tbl,mod.blocks.0.attn.h1,electron<-muon,0.0,0.0,0.0,0.0,-1.39706195720161e-05,0.0,0.0,0.0,0.0
signed_hqql_tbl,mod.blocks.5.attn.h3,electron<-muon,0.0,0.0,0.0,0.0,1.3402674085227773e-05,0.0,0.0,0.0,0.0
signed_hqql_tbl,mod.blocks.1.attn.h7,electron<-muon,0.0,0.0,0.0,0.0,1.2842952855862677e-05,0.0,0.0,0.0,0.0
signed_hqql_tbl,mod.blocks.6.attn.h7,muon<-electron,0.0,0.0,0.0,0.0,-1.2231444998178631e-05,0.0,0.0,0.0,0.0
signed_hqql_tbl,mod.blocks.6.attn.h5,electron<-muon,0.0,0.0,0.0,0.0,1.1231687191563347e-05,0.0,0.0,0.0,0.0
signed_hqql_tbl,mod.blocks.2.attn.h5,electron<-muon,0.0,0.0,0.0,0.0,1.084447770457094e-05,0.0,0.0,0.0,0.0
signed_hqql_tbl,mod.blocks.4.attn.h1,muon<-electron,0.0,0.0,0.0,0.0,-1.0827732088121897e-05,0.0,0.0,0.0,0.0
signed_hqql_tbl,mod.blocks.2.attn.h7,muon<-electron,0.0,0.0,0.0,0.0,1.0799582620772222e-05,0.0,0.0,0.0,0.0
signed_hqql_tbl,mod.blocks.6.attn.h4,electron<-muon,0.0,0.0,0.0,0.0,1.0696099100944897e-05,0.0,0.0,0.0,0.0
signed_hqql_tbl,mod.blocks.7.attn.h1,muon<-electron,0.0,0.0,0.0,0.0,8.579040392457197e-06,0.0,0.0,0.0,0.0
signed_hqql_tbl,mod.blocks.7.attn.h5,electron<-muon,0.0,0.0,0.0,0.0,-7.885068043833598e-06,0.0,0.0,0.0,0.0
signed_hqql_tbl,mod.blocks.0.attn.h7,electron<-muon,0.0,0.0,0.0,0.0,-7.339569492614828e-06,0.0,0.0,0.0,0.0
signed_hqql_tbl,mod.blocks.5.attn.h1,electron<-muon,0.0,0.0,0.0,0.0,-6.516130573193853e-06,0.0,0.0,0.0,0.0
signed_hqql_tbl,mod.blocks.7.attn.h4,muon<-electron,0.0,0.0,0.0,0.0,-6.41769111098256e-06,0.0,0.0,0.0,0.0
signed_hqql_tbl,mod.blocks.7.attn.h5,muon<-electron,0.0,0.0,0.0,0.0,5.993946615490131e-06,0.0,0.0,0.0,0.0
signed_hqql_tbl,mod.blocks.4.attn.h6,electron<-muon,0.0,0.0,0.0,0.0,-4.216633290828516e-06,0.0,0.0,0.0,0.0
signed_hqql_tbl,mod.blocks.6.attn.h5,muon<-electron,0.0,0.0,0.0,0.0,3.587180496348689e-06,0.0,0.0,0.0,0.0
signed_hqql_tbl,mod.blocks.0.attn.h3,muon<-electron,0.0,0.0,0.0,0.0,-2.078163561236579e-06,0.0,0.0,0.0,0.0
signed_hqql_tbl,mod.blocks.5.attn.h7,muon<-electron,0.0,0.0,0.0,0.0,1.2997094624248955e-06,0.0,0.0,0.0,0.0
signed_hqql_tbl,mod.blocks.0.attn.h4,muon<-electron,0.0,0.0,0.0,0.0,-1.226356365198929e-06,0.0,0.0,0.0,0.0
signed_hqql_tbl,mod.blocks.6.attn.h7,electron<-muon,0.0,0.0,0.0,0.0,-1.1170737555706485e-06,0.0,0.0,0.0,0.0
signed_hqql_tbl,mod.blocks.7.attn.h1,electron<-muon,0.0,0.0,0.0,0.0,-9.70156179391779e-07,0.0,0.0,0.0,0.0
signed_hqql_tbl,mod.blocks.7.attn.h7,electron<-muon,0.0,0.0,0.0,0.0,6.495880976823779e-07,0.0,0.0,0.0,0.0
signed_hqql_tbl,mod.blocks.7.attn.h7,muon<-electron,0.0,0.0,0.0,0.0,-6.306994843422823e-07,0.0,0.0,0.0,0.0
signed_hqql_tbl,mod.blocks.0.attn.h0,electron<-muon,0.0,0.0,0.0,0.0,-4.185320297741176e-07,0.0,0.0,0.0,0.0
signed_hqql_tbl,mod.blocks.5.attn.h6,muon<-electron,0.0,0.0,0.0,0.0,-3.389250953963104e-07,0.0,0.0,0.0,0.0
signed_hqql_tbl,mod.blocks.7.attn.h6,muon<-electron,0.0,0.0,0.0,0.0,3.2103294718884473e-07,0.0,0.0,0.0,0.0
signed_hqql_tbl,mod.blocks.4.attn.h4,electron<-muon,0.0,0.0,0.0,0.0,-1.2233834922881215e-07,0.0,0.0,0.0,0.0
signed_hqql_tbl,mod.blocks.0.attn.h5,muon<-electron,0.0,0.0,0.0,0.0,-4.3395625463441924e-08,0.0,0.0,0.0,0.0
