objective,head_id,pair_role,B_mean_A,B_mean_AxGrad,A_mean_AxGrad,C_mean_AxGrad,D_mean_AxGrad,B_minus_A_AxGrad,B_minus_C_AxGrad,abs_B_mean_AxGrad,support_score
signed_hqql_tbl,mod.cls_blocks.0.attn.h4,neutral_hadron<-CLS,0.08643738180398941,-0.1377042979001999,0.17037956416606903,0.0,0.0,-0.3080838620662689,-0.1377042979001999,0.1377042979001999,0.29174622893333435
B_tbl_minus_hqql,mod.cls_blocks.0.attn.h4,electron<-electron,0.07485907897353172,-0.16752776503562927,0.0,0.0,0.0,-0.16752776503562927,-0.16752776503562927,0.16752776503562927,0.2512916475534439
signed_hqql_tbl,mod.cls_blocks.0.attn.h6,neutral_hadron<-CLS,0.07997483387589455,-0.10017123818397522,0.08813758939504623,0.0,0.0,-0.18830882757902145,-0.10017123818397522,0.10017123818397522,0.19432565197348595
signed_hqql_tbl,mod.cls_blocks.0.attn.h4,electron<-electron,0.05450328066945076,-0.12097425521642435,0.0,-0.37954701483249664,0.0,-0.12097425521642435,0.2585727596160723,0.12097425521642435,0.18146138282463653
signed_hqql_tbl,mod.cls_blocks.0.attn.h4,CLS<-CLS,0.0786129217594862,-0.1137192752212286,-0.045590171444928274,0.0,0.0,-0.06812910377630033,-0.1137192752212286,0.1137192752212286,0.14778382710937876
B_tbl_minus_hqql,mod.cls_blocks.0.attn.h6,electron<-electron,0.0694178156554699,-0.09409203380346298,0.0,0.0,0.0,-0.09409203380346298,-0.09409203380346298,0.09409203380346298,0.14113805070519447
signed_hqql_tbl,mod.cls_blocks.0.attn.h4,electron<-CLS,0.07297349721193314,-0.09340173006057739,0.0,0.0,0.0,-0.09340173006057739,-0.09340173006057739,0.09340173006057739,0.1401025950908661
signed_hqql_tbl,mod.cls_blocks.0.attn.h6,CLS<-CLS,0.0746429841965437,-0.08331952895969152,0.02680213077837834,0.0,0.0,-0.11012165973806987,-0.08331952895969152,0.08331952895969152,0.13838035882872646
signed_hqql_tbl,mod.cls_blocks.0.attn.h0,neutral_hadron<-CLS,0.05304400250315666,-0.046153467148542404,0.08669029921293259,0.0,0.0,-0.132843766361475,-0.046153467148542404,0.046153467148542404,0.1125753503292799
signed_hqql_tbl,mod.cls_blocks.0.attn.h0,CLS<-muon,0.10423073917627335,0.07445821911096573,-0.0010229882318526506,0.001595034429556108,-0.011130039192115268,0.07548120734281838,0.07286318468140962,0.07445821911096573,0.11219882278237492
B_tbl_minus_hqql,mod.cls_blocks.0.attn.h0,CLS<-muon,0.10423073917627335,0.07445823401212692,0.0,0.0,0.0,0.07445823401212692,0.07445823401212692,0.07445823401212692,0.11168735101819038
B_tbl_minus_hqql,mod.cls_blocks.0.attn.h0,electron<-muon,0.10423073917627335,0.07445823401212692,0.0,0.0,0.0,0.07445823401212692,0.07445823401212692,0.07445823401212692,0.11168735101819038
signed_hqql_tbl,mod.cls_blocks.0.attn.h0,electron<-muon,0.10423073917627335,0.07445821911096573,0.0,0.0,0.0,0.07445821911096573,0.07445821911096573,0.07445821911096573,0.1116873286664486
signed_hqql_tbl,mod.cls_blocks.0.attn.h6,electron<-CLS,0.07072179019451141,-0.07081624865531921,0.0,0.0,0.0,-0.07081624865531921,-0.07081624865531921,0.07081624865531921,0.10622437298297882
signed_hqql_tbl,mod.cls_blocks.0.attn.h6,charged_hadron<-CLS,0.06790047883987427,-0.062119390815496445,0.018857358540925715,0.0,0.0,-0.08097674935642216,-0.062119390815496445,0.062119390815496445,0.10260776549370752
signed_hqql_tbl,mod.cls_blocks.0.attn.h4,charged_hadron<-CLS,0.06860342621803284,-0.08606677502393723,-0.060795685483349696,0.0,0.0,-0.02527108954058753,-0.08606677502393723,0.08606677502393723,0.098702319794231
signed_hqql_tbl,mod.cls_blocks.0.attn.h0,CLS<-CLS,0.04859031084924936,-0.04114180617034435,0.06375800096429884,0.0,0.0,-0.1048998071346432,-0.04114180617034435,0.04114180617034435,0.09359170973766595
signed_hqql_tbl,mod.cls_blocks.0.attn.h6,electron<-electron,0.08030377700924873,-0.05698770412709564,0.0,-0.19098804146051407,0.0,-0.05698770412709564,0.13400033733341843,0.05698770412709564,0.08548155619064346
signed_hqql_tbl,mod.cls_blocks.0.attn.h0,charged_hadron<-CLS,0.04503996670246124,-0.0365678109228611,0.06108821431795756,0.0,0.0,-0.09765602524081865,-0.0365678109228611,0.0365678109228611,0.08539582354327042
signed_hqql_tbl,mod.cls_blocks.1.attn.h3,electron<-muon,0.4981849491596222,0.04918743297457695,0.0,0.0,0.0,0.04918743297457695,0.04918743297457695,0.04918743297457695,0.07378114946186543
B_tbl_minus_hqql,mod.cls_blocks.1.attn.h3,CLS<-muon,0.4981849491596222,0.04918742924928665,0.0,0.0,0.0,0.04918742924928665,0.04918742924928665,0.04918742924928665,0.07378114387392998
B_tbl_minus_hqql,mod.cls_blocks.1.attn.h3,electron<-muon,0.4981849491596222,0.04918742924928665,0.0,0.0,0.0,0.04918742924928665,0.04918742924928665,0.04918742924928665,0.07378114387392998
signed_hqql_tbl,mod.cls_blocks.1.attn.h3,CLS<-muon,0.4981849491596222,0.04918743297457695,0.0164273539558053,0.0001361025794276438,7.274260146535501e-05,0.03276007901877165,0.049051330395149306,0.04918743297457695,0.06556747248396277
signed_hqql_tbl,mod.cls_blocks.0.attn.h1,electron<-muon,0.06310725957155228,0.043505534529685974,0.0,0.0,0.0,0.043505534529685974,0.043505534529685974,0.043505534529685974,0.06525830179452896
B_tbl_minus_hqql,mod.cls_blocks.0.attn.h1,CLS<-muon,0.06310724467039108,0.043505534529685974,0.0,0.0,0.0,0.043505534529685974,0.043505534529685974,0.043505534529685974,0.06525830179452896
B_tbl_minus_hqql,mod.cls_blocks.0.attn.h1,electron<-muon,0.06310724467039108,0.043505534529685974,0.0,0.0,0.0,0.043505534529685974,0.043505534529685974,0.043505534529685974,0.06525830179452896
signed_hqql_tbl,mod.cls_blocks.0.attn.h4,muon<-CLS,0.0,0.0,-0.12385821342468262,0.0,0.0,0.12385821342468262,0.0,0.0,0.06192910671234131
B_tbl_minus_hqql,mod.cls_blocks.0.attn.h4,CLS<-electron,0.03001111641060561,-0.04008042876375839,0.0,0.0,0.0,-0.04008042876375839,-0.04008042876375839,0.04008042876375839,0.06012064314563759
signed_hqql_tbl,mod.cls_blocks.0.attn.h1,CLS<-muon,0.06310725957155228,0.043505534529685974,0.07637148723006248,-0.004300746819353662,-0.0014954742800910026,-0.03286595270037651,0.04780628134903964,0.043505534529685974,0.05993851087987423
signed_hqql_tbl,mod.cls_blocks.0.attn.h0,electron<-CLS,0.043233271688222885,-0.0356924794614315,0.0,0.0,0.0,-0.0356924794614315,-0.0356924794614315,0.0356924794614315,0.053538719192147255
signed_hqql_tbl,mod.cls_blocks.0.attn.h1,muon<-muon,0.0,0.0,0.09817822277545929,-0.008737911935895681,0.0,-0.09817822277545929,0.008737911935895681,0.0,0.049089111387729645
signed_hqql_tbl,mod.cls_blocks.0.attn.h4,CLS<-electron,0.023675663745962083,-0.028488552274211543,0.003072406288993079,-0.107204989330577,-0.0028400024554381766,-0.03156095856320462,0.07871643705636545,0.028488552274211543,0.044269031555813854
B_tbl_minus_hqql,mod.cls_blocks.0.attn.h0,electron<-electron,0.0336610022932291,-0.027523371390998363,0.0,0.0,0.0,-0.027523371390998363,-0.027523371390998363,0.027523371390998363,0.041285057086497545
signed_hqql_tbl,mod.cls_blocks.0.attn.h1,electron<-electron,0.09580141864717007,-0.02705360553227365,0.0,-0.005244633532129228,0.0,-0.02705360553227365,-0.021808972000144422,0.02705360553227365,0.040580408298410475
signed_hqql_tbl,mod.cls_blocks.0.attn.h6,charged_hadron<-muon,0.0,0.0,0.07515791803598404,0.0021758689545094967,-0.0006398909608833492,-0.07515791803598404,-0.0021758689545094967,0.0,0.03757895901799202
B_tbl_minus_hqql,mod.cls_blocks.0.attn.h4,neutral_hadron<-neutral_hadron,0.038348610584552474,-0.024233515159441874,0.0,0.0,0.0,-0.024233515159441874,-0.024233515159441874,0.024233515159441874,0.03635027273916281
B_tbl_minus_hqql,mod.cls_blocks.0.attn.h6,CLS<-electron,0.027504402212798595,-0.02208985819015652,0.0,0.0,0.0,-0.02208985819015652,-0.02208985819015652,0.02208985819015652,0.03313478728523478
signed_hqql_tbl,mod.cls_blocks.0.attn.h0,photon<-CLS,0.0,0.0,0.06514646261930465,0.0,0.0,-0.06514646261930465,0.0,0.0,0.032573231309652326
signed_hqql_tbl,mod.cls_blocks.0.attn.h1,CLS<-electron,0.041636097128503025,-0.0064192842110060155,0.04074952215887606,-0.0008879963175526687,0.0019807436813910804,-0.04716880636988208,-0.005531287893453347,0.0064192842110060155,0.030003687395947054
B_tbl_minus_hqql,mod.cls_blocks.0.attn.h6,neutral_hadron<-neutral_hadron,0.035187482833862305,-0.019891971005843237,0.0,0.0,0.0,-0.019891971005843237,-0.019891971005843237,0.019891971005843237,0.029837956508764855
signed_hqql_tbl,mod.cls_blocks.0.attn.h0,muon<-CLS,0.0,0.0,0.057911474257707596,0.0,0.0,-0.057911474257707596,0.0,0.0,0.028955737128853798
signed_hqql_tbl,mod.cls_blocks.0.attn.h6,CLS<-electron,0.03662407607771456,-0.01199683643062599,0.02179896875168197,-0.05357588318708752,-0.000867444085694539,-0.03379580518230796,0.04157904675646153,0.01199683643062599,0.02889473902177997
signed_hqql_tbl,mod.cls_blocks.1.attn.h4,charged_hadron<-muon,0.0,0.0,0.057190004736185074,4.56251364084892e-05,2.4687524273758754e-06,-0.057190004736185074,-4.56251364084892e-05,0.0,0.028595002368092537
signed_hqql_tbl,mod.cls_blocks.0.attn.h6,CLS<-muon,0.03474001586437225,0.006201679352670908,0.050960113294422626,-0.033490275893200305,0.00026160135166719556,-0.04475843394175172,0.03969195524587121,0.006201679352670908,0.028580896323546767
signed_hqql_tbl,mod.cls_blocks.0.attn.h0,neutral_hadron<-electron,0.032871630508452654,0.018416749546304345,0.0,0.015372361056506634,-0.013642575591802597,0.018416749546304345,0.0030443884897977114,0.018416749546304345,0.027625124319456518
signed_hqql_tbl,mod.cls_blocks.0.attn.h1,charged_hadron<-muon,0.0,0.0,0.05456475168466568,0.03224792703986168,0.0007177062216214836,-0.05456475168466568,-0.03224792703986168,0.0,0.02728237584233284
B_tbl_minus_hqql,mod.blocks.3.attn.h7,electron<-muon,0.40466058254241943,-0.017740560695528984,0.0,0.0,0.0,-0.017740560695528984,-0.017740560695528984,0.017740560695528984,0.026610841043293476
signed_hqql_tbl,mod.blocks.3.attn.h7,electron<-muon,0.4046603739261627,-0.017740555107593536,0.0,0.00032193411607295275,1.3066691053609247e-06,-0.017740555107593536,-0.01806248922366649,0.017740555107593536,0.026610832661390305
B_tbl_minus_hqql,mod.cls_blocks.0.attn.h0,photon<-neutral_hadron,0.030536619946360588,0.017539112363010645,0.0,0.0,0.0,0.017539112363010645,0.017539112363010645,0.017539112363010645,0.026308668544515967
B_tbl_minus_hqql,mod.blocks.4.attn.h3,electron<-muon,0.3315809369087219,-0.01703694462776184,0.0,0.0,0.0,-0.01703694462776184,-0.01703694462776184,0.01703694462776184,0.02555541694164276
signed_hqql_tbl,mod.blocks.4.attn.h3,electron<-muon,0.3315810561180115,-0.017036939039826393,0.0,0.0016749472124502063,0.00012076773418812081,-0.017036939039826393,-0.0187118862522766,0.017036939039826393,0.02555540855973959
B_tbl_minus_hqql,mod.blocks.3.attn.h2,electron<-muon,0.33688950538635254,0.016749786213040352,0.0,0.0,0.0,0.016749786213040352,0.016749786213040352,0.016749786213040352,0.025124679319560528
signed_hqql_tbl,mod.blocks.3.attn.h2,electron<-muon,0.3368895351886749,0.016749784350395203,0.0,0.003895888105034828,2.8267163543205243e-06,0.016749784350395203,0.012853896245360374,0.016749784350395203,0.025124676525592804
signed_hqql_tbl,mod.cls_blocks.0.attn.h7,CLS<-muon,0.07869166880846024,0.016270406544208527,-0.0013790891971439123,-0.0008677466976223513,-0.0015710160369053483,0.01764949574135244,0.017138153241830878,0.016270406544208527,0.025095154414884746
signed_hqql_tbl,mod.cls_blocks.0.attn.h0,photon<-neutral_hadron,0.030536622740328312,0.01753911469131708,0.003036140144104138,0.01651787473575065,-0.004660897023443665,0.014502974547212943,0.0010212399555664317,0.01753911469131708,0.024790601964923553
signed_hqql_tbl,mod.cls_blocks.0.attn.h7,neutral_hadron<-CLS,0.027552188374102116,-0.010069418232887983,0.019315242767333984,0.0,0.0,-0.029384661000221968,-0.010069418232887983,0.010069418232887983,0.024761748732998967
B_tbl_minus_hqql,mod.cls_blocks.0.attn.h7,CLS<-muon,0.07869166880846024,0.016270413994789124,0.0,0.0,0.0,0.016270413994789124,0.016270413994789124,0.016270413994789124,0.024405620992183685
B_tbl_minus_hqql,mod.cls_blocks.0.attn.h7,electron<-muon,0.07869166880846024,0.016270413994789124,0.0,0.0,0.0,0.016270413994789124,0.016270413994789124,0.016270413994789124,0.024405620992183685
signed_hqql_tbl,mod.cls_blocks.0.attn.h7,electron<-muon,0.07869166880846024,0.016270406544208527,0.0,0.0,0.0,0.016270406544208527,0.016270406544208527,0.016270406544208527,0.02440560981631279
signed_hqql_tbl,mod.cls_blocks.0.attn.h2,photon<-neutral_hadron,0.04197681788355112,0.014675654689199291,-0.004546047747135162,-0.002972632738467502,0.000508460939662265,0.019221702436334455,0.017648287427666793,0.014675654689199291,0.02428650590736652
signed_hqql_tbl,mod.cls_blocks.0.attn.h7,CLS<-CLS,0.028899908997118473,-0.010808654595166445,0.01550839637639001,0.0,0.0,-0.026317050971556455,-0.010808654595166445,0.010808654595166445,0.023967180080944672
signed_hqql_tbl,mod.cls_blocks.0.attn.h4,photon<-CLS,0.0,0.0,-0.04576058490201831,0.0,0.0,0.04576058490201831,0.0,0.0,0.022880292451009154
signed_hqql_tbl,mod.cls_blocks.0.attn.h1,neutral_hadron<-CLS,0.022956904023885727,-0.008289504796266556,0.019208751618862152,0.0,0.0,-0.027498256415128708,-0.008289504796266556,0.008289504796266556,0.02203863300383091
B_tbl_minus_hqql,mod.cls_blocks.0.attn.h2,photon<-neutral_hadron,0.04197681741788983,0.014675653830636293,0.0,0.0,0.0,0.014675653830636293,0.014675653830636293,0.014675653830636293,0.02201348074595444
signed_hqql_tbl,mod.cls_blocks.0.attn.h7,charged_hadron<-CLS,0.026539893820881844,-0.00953584723174572,0.01538975133250157,0.0,0.0,-0.024925598564247288,-0.00953584723174572,0.00953584723174572,0.021998646513869364
signed_hqql_tbl,mod.cls_blocks.0.attn.h1,charged_hadron<-electron,0.012341160094365478,0.003053257125429809,0.04074952215887606,0.0009200606339921554,0.001937607186846435,-0.03769626503344625,0.0021331964914376536,0.003053257125429809,0.021901389642152935
signed_hqql_tbl,mod.cls_blocks.0.attn.h1,CLS<-CLS,0.02208115765824914,-0.007865598890930414,0.01908995385747403,0.0,0.0,-0.026955552748404443,-0.007865598890930414,0.007865598890930414,0.021343375265132636
B_tbl_minus_hqql,mod.blocks.4.attn.h3,muon<-electron,0.2720409631729126,-0.01383977197110653,0.0,0.0,0.0,-0.01383977197110653,-0.01383977197110653,0.01383977197110653,0.020759657956659794
signed_hqql_tbl,mod.blocks.4.attn.h3,muon<-electron,0.2720409631729126,-0.013839764520525932,0.0,0.00041723105823621154,-3.715353523148224e-05,-0.013839764520525932,-0.014256995578762144,0.013839764520525932,0.0207596467807889
signed_hqql_tbl,mod.cls_blocks.0.attn.h7,electron<-CLS,0.03395536541938782,-0.013559934683144093,0.0,0.0,0.0,-0.013559934683144093,-0.013559934683144093,0.013559934683144093,0.02033990202471614
signed_hqql_tbl,mod.cls_blocks.0.attn.h1,charged_hadron<-CLS,0.022161968052387238,-0.006581878289580345,0.0191644790271918,0.0,0.0,-0.025746357316772144,-0.006581878289580345,0.006581878289580345,0.01945505694796642
B_tbl_minus_hqql,mod.blocks.2.attn.h0,electron<-muon,0.16849903762340546,-0.012040119618177414,0.0,0.0,0.0,-0.012040119618177414,-0.012040119618177414,0.012040119618177414,0.01806017942726612
signed_hqql_tbl,mod.blocks.2.attn.h0,electron<-muon,0.16849905252456665,-0.012040115892887115,0.0,-0.0010377290891483426,-1.3938013410097483e-07,-0.012040115892887115,-0.011002386803738773,0.012040115892887115,0.018060173839330673
signed_hqql_tbl,mod.blocks.4.attn.h2,muon<-muon,0.18983356654644012,-0.011792984791100025,9.230605428456329e-06,1.4755433710433863e-07,-1.3865881574777935e-05,-0.011802215396528482,-0.01179313234543713,0.011792984791100025,0.017694092489364266
B_tbl_minus_hqql,mod.blocks.4.attn.h2,muon<-muon,0.18983370065689087,-0.011792987585067749,0.0,0.0,0.0,-0.011792987585067749,-0.011792987585067749,0.011792987585067749,0.017689481377601624
B_tbl_minus_hqql,mod.blocks.7.attn.h5,electron<-muon,0.4393805265426636,-0.011428073048591614,0.0,0.0,0.0,-0.011428073048591614,-0.011428073048591614,0.011428073048591614,0.01714210957288742
signed_hqql_tbl,mod.blocks.7.attn.h5,electron<-muon,0.43938058614730835,-0.01142806839197874,0.0,-0.0006617342005483806,-0.00020134045917075127,-0.01142806839197874,-0.01076633419143036,0.01142806839197874,0.01714210258796811
B_tbl_minus_hqql,mod.blocks.1.attn.h2,electron<-muon,0.32309508323669434,0.011392290703952312,0.0,0.0,0.0,0.011392290703952312,0.011392290703952312,0.011392290703952312,0.01708843605592847
signed_hqql_tbl,mod.blocks.1.attn.h2,electron<-muon,0.32309508323669434,0.011392283253371716,0.0,0.0022286768071353436,-2.5614593823775067e-07,0.011392283253371716,0.009163606446236372,0.011392283253371716,0.017088424880057573
B_tbl_minus_hqql,mod.cls_blocks.0.attn.h0,electron<-neutral_hadron,0.02678467333316803,0.010570898078955136,0.0,0.0,0.0,0.010570898078955136,0.010570898078955136,0.010570898078955136,0.015856347118432704
signed_hqql_tbl,mod.blocks.3.attn.h5,electron<-muon,0.28736862540245056,-0.010187370702624321,0.0,-0.001756927464157343,-0.00034366120235063136,-0.010187370702624321,-0.008430443238466978,0.010187370702624321,0.015281056053936481
B_tbl_minus_hqql,mod.blocks.3.attn.h5,electron<-muon,0.2873685657978058,-0.010187369771301746,0.0,0.0,0.0,-0.010187369771301746,-0.010187369771301746,0.010187369771301746,0.01528105465695262
signed_hqql_tbl,mod.cls_blocks.0.attn.h6,photon<-CLS,0.0,0.0,0.030557722528465094,0.0,0.0,-0.030557722528465094,0.0,0.0,0.015278861264232547
B_tbl_minus_hqql,mod.cls_blocks.0.attn.h7,electron<-electron,0.025293883867561817,-0.009913960471749306,0.0,0.0,0.0,-0.009913960471749306,-0.009913960471749306,0.009913960471749306,0.014870940707623959
B_tbl_minus_hqql,mod.cls_blocks.0.attn.h0,photon<-charged_hadron,0.03976961293003776,0.00984806163151833,0.0,0.0,0.0,0.00984806163151833,0.00984806163151833,0.00984806163151833,0.014772092447277497
B_tbl_minus_hqql,mod.blocks.3.attn.h7,muon<-electron,0.5159152746200562,-0.009825860150158405,0.0,0.0,0.0,-0.009825860150158405,-0.009825860150158405,0.009825860150158405,0.014738790225237608
signed_hqql_tbl,mod.blocks.3.attn.h7,muon<-electron,0.5159152150154114,-0.009825856424868107,0.0,0.0011833396274596453,4.177812940042713e-08,-0.009825856424868107,-0.011009196052327752,0.009825856424868107,0.01473878463730216
B_tbl_minus_hqql,mod.blocks.4.attn.h7,electron<-muon,0.11782220751047134,-0.009804443456232548,0.0,0.0,0.0,-0.009804443456232548,-0.009804443456232548,0.009804443456232548,0.014706665184348822
signed_hqql_tbl,mod.blocks.4.attn.h7,electron<-muon,0.11782222986221313,-0.009804442524909973,0.0,-0.0029652973171323538,8.901559311880192e-08,-0.009804442524909973,-0.006839145207777619,0.009804442524909973,0.01470666378736496
signed_hqql_tbl,mod.cls_blocks.1.attn.h4,CLS<-muon,0.0024402085691690445,0.00015890662325546145,0.02878424627124332,-0.00018643903518977822,-1.5779465684317984e-05,-0.028625339647987857,0.0003453456584452397,0.00015890662325546145,0.01447157644724939
B_tbl_minus_hqql,mod.blocks.5.attn.h2,electron<-muon,0.3054730296134949,0.009561181999742985,0.0,0.0,0.0,0.009561181999742985,0.009561181999742985,0.009561181999742985,0.014341772999614477
signed_hqql_tbl,mod.blocks.5.attn.h2,electron<-muon,0.30547288060188293,0.009561172686517239,0.0,0.00026562405400909483,-9.289141189583461e-07,0.009561172686517239,0.009295548632508144,0.009561172686517239,0.014341759029775858
signed_hqql_tbl,mod.blocks.2.attn.h3,electron<-muon,0.11282578855752945,-0.009513981640338898,0.0,0.0029331455007195473,0.0017563641304150224,-0.009513981640338898,-0.012447127141058445,0.009513981640338898,0.014270972460508347
B_tbl_minus_hqql,mod.blocks.2.attn.h3,electron<-muon,0.11282569169998169,-0.009513975121080875,0.0,0.0,0.0,-0.009513975121080875,-0.009513975121080875,0.009513975121080875,0.014270962681621313
B_tbl_minus_hqql,mod.cls_blocks.0.attn.h0,charged_hadron<-neutral_hadron,0.02469217391877339,0.009442998754695571,0.0,0.0,0.0,0.009442998754695571,0.009442998754695571,0.009442998754695571,0.014164498132043356
B_tbl_minus_hqql,mod.blocks.5.attn.h5,electron<-muon,0.3030969500541687,-0.009196358732879162,0.0,0.0,0.0,-0.009196358732879162,-0.009196358732879162,0.009196358732879162,0.013794538099318743
signed_hqql_tbl,mod.blocks.5.attn.h5,electron<-muon,0.30309686064720154,-0.009196354076266289,0.0,-0.0003541356709320098,0.001064110780134797,-0.009196354076266289,-0.008842218405334279,0.009196354076266289,0.013794531114399433
signed_hqql_tbl,mod.cls_blocks.0.attn.h6,muon<-muon,0.0,0.0,0.026762308552861214,-0.09236315389474233,0.0,-0.026762308552861214,0.09236315389474233,0.0,0.013381154276430607
signed_hqql_tbl,mod.cls_blocks.0.attn.h1,photon<-charged_hadron,0.0403056645935232,-0.004735836505212567,0.011663654079175976,0.003107255877694115,0.005109276218586658,-0.016399490584388544,-0.007843092382906681,0.004735836505212567,0.01293558179740684
B_tbl_minus_hqql,mod.blocks.2.attn.h3,muon<-electron,0.13186892867088318,-0.00860707089304924,0.0,0.0,0.0,-0.00860707089304924,-0.00860707089304924,0.00860707089304924,0.01291060633957386
signed_hqql_tbl,mod.blocks.2.attn.h3,muon<-electron,0.13186883926391602,-0.008607067167758942,0.0,0.0012544820783659816,-0.0009356935042887926,-0.008607067167758942,-0.009861549246124923,0.008607067167758942,0.012910600751638412
signed_hqql_tbl,mod.cls_blocks.0.attn.h1,photon<-photon,0.023818158789684896,-0.006136072015291766,0.0072705568272178455,0.00039159390673210675,0.004860707722302224,-0.013406628842509611,-0.006527665922023873,0.006136072015291766,0.012839386436546571
signed_hqql_tbl,mod.cls_blocks.0.attn.h1,electron<-CLS,0.020248854532837868,-0.0083015076816082,0.0,0.0,0.0,-0.0083015076816082,-0.0083015076816082,0.0083015076816082,0.0124522615224123
B_tbl_minus_hqql,mod.blocks.6.attn.h6,muon<-electron,0.4845777750015259,0.008248955011367798,0.0,0.0,0.0,0.008248955011367798,0.008248955011367798,0.008248955011367798,0.012373432517051697
signed_hqql_tbl,mod.blocks.6.attn.h6,muon<-electron,0.4845777750015259,0.008248947560787201,0.0,0.010695086792111397,-0.0001620709808776155,0.008248947560787201,-0.002446139231324196,0.008248947560787201,0.012373421341180801
signed_hqql_tbl,mod.cls_blocks.0.attn.h6,charged_hadron<-electron,0.01580767845734954,0.002301198255736381,0.02179896875168197,0.001358638284727931,-0.0014146505272947252,-0.019497770495945588,0.0009425599710084498,0.002301198255736381,0.012050083503709175
B_tbl_minus_hqql,mod.blocks.1.attn.h3,electron<-muon,0.07318335026502609,-0.007793714292347431,0.0,0.0,0.0,-0.007793714292347431,-0.007793714292347431,0.007793714292347431,0.011690571438521147
signed_hqql_tbl,mod.blocks.1.attn.h3,electron<-muon,0.0731833428144455,-0.007793709635734558,0.0,0.001340596005320549,-0.0010402409825474024,-0.007793709635734558,-0.009134305641055107,0.007793709635734558,0.011690564453601837
signed_hqql_tbl,mod.cls_blocks.0.attn.h0,photon<-charged_hadron,0.039769614284688774,0.00984806171618402,0.0069538060422629526,0.015370445481191078,-0.002704067716756499,0.0028942556739210675,-0.005522383765007058,0.00984806171618402,0.011295189553144553
signed_hqql_tbl,mod.cls_blocks.0.attn.h0,electron<-charged_hadron,0.02343576295035226,0.007471056743746712,0.0,0.017665448997701918,0.0,0.007471056743746712,-0.010194392253955206,0.007471056743746712,0.011206585115620067
B_tbl_minus_hqql,mod.cls_blocks.0.attn.h0,neutral_hadron<-neutral_hadron,0.030170359290563144,-0.007299796749766056,0.0,0.0,0.0,-0.007299796749766056,-0.007299796749766056,0.007299796749766056,0.010949695124649085
signed_hqql_tbl,mod.cls_blocks.0.attn.h0,neutral_hadron<-photon,0.01708539747274839,0.004988501908687445,-0.006928733804009177,0.008103702290385378,-0.0001982975130279859,0.011917235712696622,-0.003115200381697933,0.004988501908687445,0.010947119765035755
B_tbl_minus_hqql,mod.cls_blocks.0.attn.h0,CLS<-neutral_hadron,0.02699653059244156,0.007248955239201822,0.0,0.0,0.0,0.007248955239201822,0.007248955239201822,0.007248955239201822,0.010873432858802733
B_tbl_minus_hqql,mod.cls_blocks.0.attn.h0,electron<-charged_hadron,0.022188604587600344,0.007246136487949462,0.0,0.0,0.0,0.007246136487949462,0.007246136487949462,0.007246136487949462,0.010869204731924193
signed_hqql_tbl,mod.cls_blocks.0.attn.h4,neutral_hadron<-neutral_hadron,0.028778690558213454,-0.005987105891108513,-0.015186846256256104,-0.06727134808897972,0.004014329953740041,0.00919974036514759,0.06128424219787121,0.005987105891108513,0.010586976073682308
B_tbl_minus_hqql,mod.blocks.4.attn.h5,muon<-electron,0.23625756800174713,-0.006996200419962406,0.0,0.0,0.0,-0.006996200419962406,-0.006996200419962406,0.006996200419962406,0.01049430062994361
signed_hqql_tbl,mod.blocks.4.attn.h5,muon<-electron,0.2362576425075531,-0.006996198557317257,0.0,0.009872423484921455,-0.001988696865737438,-0.006996198557317257,-0.016868622042238712,0.006996198557317257,0.010494297835975885
B_tbl_minus_hqql,mod.blocks.4.attn.h5,electron<-muon,0.27466273307800293,-0.006905762478709221,0.0,0.0,0.0,-0.006905762478709221,-0.006905762478709221,0.006905762478709221,0.010358643718063831
signed_hqql_tbl,mod.blocks.4.attn.h5,electron<-muon,0.27466273307800293,-0.006905760150402784,0.0,0.008853615261614323,-0.00265608006156981,-0.006905760150402784,-0.015759375412017107,0.006905760150402784,0.010358640225604177
B_tbl_minus_hqql,mod.blocks.5.attn.h0,muon<-electron,0.1281951367855072,-0.006867008283734322,0.0,0.0,0.0,-0.006867008283734322,-0.006867008283734322,0.006867008283734322,0.010300512425601482
signed_hqql_tbl,mod.blocks.5.attn.h0,muon<-electron,0.128195121884346,-0.006867004558444023,0.0,-0.0002258596068713814,5.814695924755142e-08,-0.006867004558444023,-0.006641144951572642,0.006867004558444023,0.010300506837666035
signed_hqql_tbl,mod.cls_blocks.0.attn.h0,CLS<-electron,0.026404652162455022,0.005402409820817411,-0.004264717990736244,-0.01035759285358446,-0.004942264718314012,0.009667127811553655,0.01576000267440187,0.005402409820817411,0.010235973726594239
B_tbl_minus_hqql,mod.blocks.3.attn.h4,muon<-electron,0.33506113290786743,-0.006775404792279005,0.0,0.0,0.0,-0.006775404792279005,-0.006775404792279005,0.006775404792279005,0.010163107188418508
signed_hqql_tbl,mod.blocks.3.attn.h4,muon<-electron,0.33506107330322266,-0.006775403395295143,0.0,-7.983233081176877e-05,0.006250209640711546,-0.006775403395295143,-0.006695571064483374,0.006775403395295143,0.010163105092942715
signed_hqql_tbl,mod.cls_blocks.1.attn.h3,charged_hadron<-muon,0.0,0.0,0.02000279910862446,2.2416185174733982e-07,0.0002059257822111249,-0.02000279910862446,-2.2416185174733982e-07,0.0,0.01000139955431223
signed_hqql_tbl,mod.cls_blocks.0.attn.h1,photon<-CLS,0.0,0.0,0.019514940679073334,0.0,0.0,-0.019514940679073334,0.0,0.0,0.009757470339536667
B_tbl_minus_hqql,mod.blocks.6.attn.h2,muon<-electron,0.5089833736419678,0.006393253803253174,0.0,0.0,0.0,0.006393253803253174,0.006393253803253174,0.006393253803253174,0.00958988070487976
signed_hqql_tbl,mod.blocks.6.attn.h2,muon<-electron,0.508983314037323,0.006393251474946737,0.0,0.00016544718528166413,2.8189932166355902e-08,0.006393251474946737,0.006227804289665073,0.006393251474946737,0.009589877212420106
signed_hqql_tbl,mod.cls_blocks.0.attn.h6,electron<-muon,0.03474001586437225,0.006201679352670908,0.0,0.0,0.0,0.006201679352670908,0.006201679352670908,0.006201679352670908,0.009302519029006362
B_tbl_minus_hqql,mod.cls_blocks.0.attn.h6,CLS<-muon,0.03474001586437225,0.006201678887009621,0.0,0.0,0.0,0.006201678887009621,0.006201678887009621,0.006201678887009621,0.009302518330514431
B_tbl_minus_hqql,mod.cls_blocks.0.attn.h6,electron<-muon,0.03474001586437225,0.006201678887009621,0.0,0.0,0.0,0.006201678887009621,0.006201678887009621,0.006201678887009621,0.009302518330514431
signed_hqql_tbl,mod.cls_blocks.0.attn.h1,photon<-neutral_hadron,0.035850790329277515,-0.004275877610780299,0.005693002103362233,-0.0002936231536104491,0.006201771187729069,-0.009968879714142532,-0.00398225445716985,0.004275877610780299,0.009260317467851564
B_tbl_minus_hqql,mod.cls_blocks.0.attn.h1,photon<-photon,0.023818158789684896,-0.006136071672172923,0.0,0.0,0.0,-0.006136071672172923,-0.006136071672172923,0.006136071672172923,0.009204107508259386
signed_hqql_tbl,mod.cls_blocks.0.attn.h6,muon<-CLS,0.0,0.0,0.018191663548350334,0.0,0.0,-0.018191663548350334,0.0,0.0,0.009095831774175167
signed_hqql_tbl,mod.cls_blocks.0.attn.h0,electron<-neutral_hadron,0.019094728506528415,0.005964224298412983,0.0,0.011531679192557931,0.0,0.005964224298412983,-0.005567454894144948,0.005964224298412983,0.008946336447619475
signed_hqql_tbl,mod.cls_blocks.0.attn.h6,photon<-photon,0.03158864849492123,-0.005289516264670773,0.001966466211666495,-0.006572399627078663,0.0015025560341372683,-0.0072559824763372685,0.0012828833624078896,0.005289516264670773,0.008917507502839407
B_tbl_minus_hqql,mod.blocks.1.attn.h6,electron<-muon,0.2890731692314148,-0.005921055097132921,0.0,0.0,0.0,-0.005921055097132921,-0.005921055097132921,0.005921055097132921,0.008881582645699382
signed_hqql_tbl,mod.blocks.1.attn.h6,electron<-muon,0.2890731394290924,-0.0059210509061813354,0.0,0.0011439478257670999,-0.0019763275049626827,-0.0059210509061813354,-0.007064998731948435,0.0059210509061813354,0.008881576359272003
signed_hqql_tbl,mod.blocks.4.attn.h0,muon<-muon,0.3244122564792633,-0.005831897724419832,3.709787324623903e-05,-2.2752423990368698e-05,-5.540892743738368e-05,-0.005868995597666071,-0.005809145300429463,0.005831897724419832,0.008766395523252868
B_tbl_minus_hqql,mod.blocks.4.attn.h0,muon<-muon,0.32441216707229614,-0.005831888876855373,0.0,0.0,0.0,-0.005831888876855373,-0.005831888876855373,0.005831888876855373,0.00874783331528306
signed_hqql_tbl,mod.cls_blocks.0.attn.h3,charged_hadron<-muon,0.0,0.0,-0.017251810058951378,0.00033308734418824315,0.004428897984325886,0.017251810058951378,-0.00033308734418824315,0.0,0.008625905029475689
signed_hqql_tbl,mod.cls_blocks.0.attn.h0,neutral_hadron<-neutral_hadron,0.0156268821312831,-0.0023570939038808528,-0.01488985742131869,-0.004780221808080872,0.009351188068588574,0.012532763517437836,0.002423127904200019,0.0023570939038808528,0.00862347566259977
signed_hqql_tbl,mod.cls_blocks.0.attn.h4,charged_hadron<-neutral_hadron,0.024934207057130748,0.0022762587679357365,-0.010383615448303959,0.00255991832476438,-0.002659528190270066,0.012659874216239694,-0.00028365955682864343,0.0022762587679357365,0.008606195876055583
signed_hqql_tbl,mod.cls_blocks.0.attn.h4,neutral_hadron<-charged_hadron,0.021898247193599094,0.002868938057318978,-0.007883558670679728,0.003716004171198414,-0.0011553240194916725,0.010752496727998705,-0.0008470661138794363,0.002868938057318978,0.00824518642131833
B_tbl_minus_hqql,mod.cls_blocks.0.attn.h0,neutral_hadron<-charged_hadron,0.019088112357733906,0.005443256024433219,0.0,0.0,0.0,0.005443256024433219,0.005443256024433219,0.005443256024433219,0.008164884036649828
signed_hqql_tbl,mod.cls_blocks.0.attn.h7,neutral_hadron<-electron,0.03956379555165768,0.005397330300183967,0.0,0.004318554420024157,-8.342239016201347e-05,0.005397330300183967,0.0010787758801598102,0.005397330300183967,0.00809599545027595
signed_hqql_tbl,mod.cls_blocks.0.attn.h1,muon<-CLS,0.0,0.0,0.016175495460629463,0.0,0.0,-0.016175495460629463,0.0,0.0,0.008087747730314732
signed_hqql_tbl,mod.cls_blocks.0.attn.h2,photon<-photon,0.03175207423536401,0.0008972427979307739,-0.013394957376738726,-0.0034881366670809007,-0.002018257390355339,0.014292200174669499,0.004385379465011675,0.0008972427979307739,0.008043342885265523
B_tbl_minus_hqql,mod.cls_blocks.0.attn.h6,photon<-photon,0.031588649279192874,-0.005289515284331222,0.0,0.0,0.0,-0.005289515284331222,-0.005289515284331222,0.005289515284331222,0.007934272926496833
signed_hqql_tbl,mod.cls_blocks.0.attn.h7,photon<-CLS,0.0,0.0,0.015409015491604805,0.0,0.0,-0.015409015491604805,0.0,0.0,0.007704507745802403
B_tbl_minus_hqql,mod.cls_blocks.0.attn.h7,photon<-neutral_hadron,0.04364336375147104,0.0050414163852110505,0.0,0.0,0.0,0.0050414163852110505,0.0050414163852110505,0.0050414163852110505,0.007562124577816576
signed_hqql_tbl,mod.cls_blocks.0.attn.h6,neutral_hadron<-neutral_hadron,0.018444099965003822,-0.005096326653773968,-0.00018319433244566122,-0.03572364151477814,0.012361196676890056,-0.004913132321328307,0.03062731486100417,0.005096326653773968,0.007552892814438121
signed_hqql_tbl,mod.cls_blocks.0.attn.h0,CLS<-neutral_hadron,0.021180383920196503,0.005719775104865668,0.002157375939385665,0.012796988782827697,-0.0019596991242488496,0.003562399165480003,-0.007077213677962029,0.005719775104865668,0.007500974687605669
B_tbl_minus_hqql,mod.blocks.1.attn.h0,electron<-muon,0.27738693356513977,-0.0049738152883946896,0.0,0.0,0.0,-0.0049738152883946896,-0.0049738152883946896,0.0049738152883946896,0.007460722932592034
signed_hqql_tbl,mod.blocks.1.attn.h0,electron<-muon,0.27738696336746216,-0.004973812028765678,0.0,0.01442047581076622,-1.7830762999437866e-07,-0.004973812028765678,-0.0193942878395319,0.004973812028765678,0.007460718043148518
signed_hqql_tbl,mod.cls_blocks.0.attn.h0,charged_hadron<-neutral_hadron,0.02202380230200702,0.005970352377485612,0.003096291220144314,0.007595331435475279,-0.004889622175445159,0.002874061157341298,-0.0016249790579896672,0.005970352377485612,0.0074073829561562615
B_tbl_minus_hqql,mod.blocks.5.attn.h7,muon<-muon,0.4272763431072235,0.004937374964356422,0.0,0.0,0.0,0.004937374964356422,0.004937374964356422,0.004937374964356422,0.007406062446534634
signed_hqql_tbl,mod.blocks.5.attn.h7,muon<-muon,0.4272765517234802,0.004937370773404837,2.4586804556747666e-06,0.01034850866535635,-8.867860591029361e-07,0.004934912092949162,-0.0054111378919515125,0.004937370773404837,0.007404826819879418
B_tbl_minus_hqql,mod.cls_blocks.0.attn.h0,CLS<-charged_hadron,0.02600561278809305,0.00491833504157626,0.0,0.0,0.0,0.00491833504157626,0.00491833504157626,0.00491833504157626,0.0073775025623643905
signed_hqql_tbl,mod.cls_blocks.0.attn.h4,photon<-neutral_hadron,0.03148512355983257,0.0017420275835320354,-0.009190433844923972,0.0024276045028512414,-0.0011845324022163237,0.010932461428456008,-0.0006855769193192061,0.0017420275835320354,0.007208258297760039
B_tbl_minus_hqql,mod.cls_blocks.0.attn.h0,neutral_hadron<-electron,0.014359736815094948,0.004803918302059174,0.0,0.0,0.0,0.004803918302059174,0.004803918302059174,0.004803918302059174,0.00720587745308876
signed_hqql_tbl,mod.cls_blocks.0.attn.h7,photon<-neutral_hadron,0.04364336282014847,0.00504141632700339,0.0007477083745470736,0.0021392527085385823,-0.0021604233604323652,0.004293707952456316,0.0029021636184648073,0.00504141632700339,0.007188270303231548
signed_hqql_tbl,mod.cls_blocks.0.attn.h4,neutral_hadron<-photon,0.014004817146521348,0.0018395076004358438,-0.008800460533662275,0.003787520688538458,-0.0012684252811595797,0.01063996813409812,-0.0019480130881026141,0.0018395076004358438,0.007159491667484904
B_tbl_minus_hqql,mod.cls_blocks.0.attn.h1,photon<-charged_hadron,0.0403056645935232,-0.004735836505212567,0.0,0.0,0.0,-0.004735836505212567,-0.004735836505212567,0.004735836505212567,0.007103754757818851
signed_hqql_tbl,mod.cls_blocks.0.attn.h1,neutral_hadron<-electron,0.046060649678111076,-0.00473004556261003,0.0,0.00658691069111228,0.0020670166704803705,-0.00473004556261003,-0.01131695625372231,0.00473004556261003,0.007095068343915045
signed_hqql_tbl,mod.cls_blocks.1.attn.h4,electron<-electron,0.2821838531526737,-0.0046560072969441535,0.0,1.2914394119434291e-05,0.0,-0.0046560072969441535,-0.004668921691063588,0.0046560072969441535,0.00698401094541623
B_tbl_minus_hqql,mod.blocks.7.attn.h6,electron<-muon,0.09443197399377823,-0.004621644504368305,0.0,0.0,0.0,-0.004621644504368305,-0.004621644504368305,0.004621644504368305,0.006932466756552458
signed_hqql_tbl,mod.blocks.7.attn.h6,electron<-muon,0.09443196654319763,-0.004621642641723156,0.0,-0.00011302446364425123,3.632757170635159e-06,-0.004621642641723156,-0.004508618178078905,0.004621642641723156,0.006932463962584734
B_tbl_minus_hqql,mod.cls_blocks.0.attn.h4,charged_hadron<-charged_hadron,0.028264360359081857,-0.004588717881303567,0.0,0.0,0.0,-0.004588717881303567,-0.004588717881303567,0.004588717881303567,0.006883076821955351
B_tbl_minus_hqql,mod.blocks.0.attn.h3,electron<-muon,0.03706538677215576,-0.004556614905595779,0.0,0.0,0.0,-0.004556614905595779,-0.004556614905595779,0.004556614905595779,0.006834922358393669
signed_hqql_tbl,mod.blocks.0.attn.h3,electron<-muon,0.03706538677215576,-0.004556613974273205,0.0,-2.0788040274055675e-05,-0.0012174883158877492,-0.004556613974273205,-0.004535825933999149,0.004556613974273205,0.006834920961409807
signed_hqql_tbl,mod.cls_blocks.0.attn.h7,CLS<-electron,0.026066881138831377,0.0018625550947035663,-0.008002549933735281,-0.002709648374418196,4.426396238462379e-05,0.009865105028438848,0.004572203469121763,0.0018625550947035663,0.00679510760892299
B_tbl_minus_hqql,mod.blocks.0.attn.h4,electron<-muon,0.10466670244932175,-0.004436340183019638,0.0,0.0,0.0,-0.004436340183019638,-0.004436340183019638,0.004436340183019638,0.006654510274529457
signed_hqql_tbl,mod.blocks.0.attn.h4,electron<-muon,0.10466670244932175,-0.004436336923390627,0.0,-1.6307447367580608e-05,-0.00015511008678004146,-0.004436336923390627,-0.004420029476023046,0.004436336923390627,0.00665450538508594
signed_hqql_tbl,mod.cls_blocks.0.attn.h2,neutral_hadron<-photon,0.02267855084859408,0.001195540135869613,-0.009708420796827837,-0.0036055901471306294,-0.004284400617082914,0.01090396093269745,0.004801130283000242,0.001195540135869613,0.006647520602218338
signed_hqql_tbl,mod.cls_blocks.0.attn.h7,muon<-CLS,0.0,0.0,0.013266259804368019,0.0,0.0,-0.013266259804368019,0.0,0.0,0.0066331299021840096
signed_hqql_tbl,mod.cls_blocks.0.attn.h1,neutral_hadron<-photon,0.01637915625022008,-0.001042091789153906,0.01010812209411101,0.002322495641077266,0.0032921485602855683,-0.011150213883264915,-0.003364587430231172,0.001042091789153906,0.006617198730786363
signed_hqql_tbl,mod.cls_blocks.0.attn.h2,charged_hadron<-photon,0.025028736658499275,-0.0009297990554969915,-0.012299014763398603,-0.0006364946844192539,-0.0030138220790089394,0.011369215707901613,-0.00029330437107773753,0.0009297990554969915,0.006614406909447798
signed_hqql_tbl,mod.cls_blocks.0.attn.h6,neutral_hadron<-electron,0.03457717038691044,0.004397961893118918,0.0,0.002507414435967803,0.0002269687975058332,0.004397961893118918,0.001890547457151115,0.004397961893118918,0.006596942839678377
signed_hqql_tbl,mod.cls_blocks.0.attn.h0,charged_hadron<-electron,0.024728472344577312,0.0029371530981734395,-0.004264717990736244,0.00046817120164632797,-0.0005921092815697193,0.007201871088909684,0.0024689818965271115,0.0029371530981734395,0.006538088642628281
B_tbl_minus_hqql,mod.blocks.2.attn.h2,electron<-muon,0.2487839311361313,-0.004349276889115572,0.0,0.0,0.0,-0.004349276889115572,-0.004349276889115572,0.004349276889115572,0.006523915333673358
signed_hqql_tbl,mod.blocks.2.attn.h2,electron<-muon,0.24878375232219696,-0.004349274095147848,0.0,0.0009503578767180443,-6.789934445805557e-07,-0.004349274095147848,-0.005299631971865892,0.004349274095147848,0.006523911142721772
signed_hqql_tbl,mod.cls_blocks.0.attn.h3,electron<-photon,0.018763723021203823,-0.0043211608109149065,0.0,-0.006251598397890727,0.0,-0.0043211608109149065,0.0019304375869758205,0.0043211608109149065,0.00648174121637236
B_tbl_minus_hqql,mod.cls_blocks.0.attn.h3,electron<-photon,0.019321704452688045,-0.0042930647138167514,0.0,0.0,0.0,-0.0042930647138167514,-0.0042930647138167514,0.0042930647138167514,0.006439597070725127
signed_hqql_tbl,mod.cls_blocks.1.attn.h3,muon<-muon,0.0,0.0,0.012851908802986145,-2.0712224581664884e-05,0.0,-0.012851908802986145,2.0712224581664884e-05,0.0,0.0064259544014930725
B_tbl_minus_hqql,mod.cls_blocks.0.attn.h1,photon<-neutral_hadron,0.03585078939795494,-0.004275877494364977,0.0,0.0,0.0,-0.004275877494364977,-0.004275877494364977,0.004275877494364977,0.006413816241547465
signed_hqql_tbl,mod.cls_blocks.0.attn.h1,CLS<-charged_hadron,0.02732560383545241,-0.0009753911073208814,0.009798015899493964,0.0005312514644104185,0.004947629370758323,-0.010773407006814846,-0.0015066425717312998,0.0009753911073208814,0.006362094610728304
signed_hqql_tbl,mod.cls_blocks.0.attn.h2,CLS<-photon,0.02474361194046311,-0.00016417623268743286,-0.012479628348231908,-0.002690652941794064,-0.003022942809699587,0.012315452115544476,0.002526476709106631,0.00016417623268743286,0.006321902290459671
B_tbl_minus_hqql,mod.cls_blocks.0.attn.h0,CLS<-electron,0.02436942094936967,-0.004211286664940417,0.0,0.0,0.0,-0.004211286664940417,-0.004211286664940417,0.004211286664940417,0.006316929997410625
signed_hqql_tbl,mod.blocks.3.attn.h4,electron<-muon,0.0728449821472168,-0.004203015472739935,0.0,0.00037311192136257887,0.0063173808157444,-0.004203015472739935,-0.004576127394102514,0.004203015472739935,0.006304523209109902
B_tbl_minus_hqql,mod.blocks.3.attn.h4,electron<-muon,0.0728449821472168,-0.004203015007078648,0.0,0.0,0.0,-0.004203015007078648,-0.004203015007078648,0.004203015007078648,0.006304522510617971
signed_hqql_tbl,mod.blocks.2.attn.h2,muon<-electron,0.333950936794281,-0.004189101047813892,0.0,0.0028005228377878666,2.1764826385606284e-08,-0.004189101047813892,-0.006989623885601759,0.004189101047813892,0.0062836515717208385
B_tbl_minus_hqql,mod.blocks.2.attn.h2,muon<-electron,0.3339509665966034,-0.004189100582152605,0.0,0.0,0.0,-0.004189100582152605,-0.004189100582152605,0.004189100582152605,0.006283650873228908
signed_hqql_tbl,mod.blocks.3.attn.h3,muon<-muon,0.1766400933265686,-0.004055264871567488,0.0002998200179717969,0.0007233667214677552,-0.00031360166879797663,-0.004355084889539285,-0.004778631593035243,0.004055264871567488,0.00623280731633713
B_tbl_minus_hqql,mod.cls_blocks.0.attn.h1,neutral_hadron<-neutral_hadron,0.02581774156827193,-0.004115178034855769,0.0,0.0,0.0,-0.004115178034855769,-0.004115178034855769,0.004115178034855769,0.006172767052283654
signed_hqql_tbl,mod.cls_blocks.0.attn.h2,muon<-photon,0.0,0.0,-0.012312939763069153,-0.0050947161104816655,0.0,0.012312939763069153,0.0050947161104816655,0.0,0.006156469881534577
B_tbl_minus_hqql,mod.blocks.3.attn.h3,muon<-muon,0.17664003372192383,-0.004055269993841648,0.0,0.0,0.0,-0.004055269993841648,-0.004055269993841648,0.004055269993841648,0.006082904990762472
signed_hqql_tbl,mod.cls_blocks.0.attn.h1,neutral_hadron<-charged_hadron,0.023794196654057156,-0.0007765199179234712,0.009777419765790303,0.0008184133518126703,0.005143695399165153,-0.010553939683713775,-0.0015949332697361416,0.0007765199179234712,0.006053489759780359
B_tbl_minus_hqql,mod.cls_blocks.0.attn.h2,electron<-electron,0.005163859110325575,0.003931687388103455,0.0,0.0,0.0,0.003931687388103455,0.003931687388103455,0.003931687388103455,0.005897531082155183
signed_hqql_tbl,mod.cls_blocks.0.attn.h0,charged_hadron<-photon,0.020540596523755034,0.0038958524917842635,-4.594166539917308e-05,0.006396778518470322,-0.002132211552083898,0.003941794157183437,-0.0025009260266860584,0.0038958524917842635,0.005866749570375982
signed_hqql_tbl,mod.cls_blocks.0.attn.h1,charged_hadron<-charged_hadron,0.02694346545598446,-0.0007807167921549616,0.00927820295754184,-0.0027762187514887298,0.00480340583168942,-0.010058919749696802,0.001995501959333768,0.0007807167921549616,0.0058101766670033625
signed_hqql_tbl,mod.cls_blocks.0.attn.h3,CLS<-muon,0.02434620074927807,-0.0011696845758706331,-0.010347655275836587,-0.003660686044895556,0.0019795030190531784,0.009177970699965954,0.0024910014690249227,0.0011696845758706331,0.00575866992585361
signed_hqql_tbl,mod.cls_blocks.0.attn.h3,electron<-charged_hadron,0.021801546216011047,-0.003832325671932527,0.0,-0.0046237448363431865,0.0,-0.003832325671932527,0.0007914191644106594,0.003832325671932527,0.00574848850789879
signed_hqql_tbl,mod.cls_blocks.1.attn.h4,neutral_hadron<-CLS,0.05487261681264499,0.0016676919155145242,-0.006398665253072977,0.0,0.0,0.008066357168587501,0.0016676919155145242,0.0016676919155145242,0.005700870499808275
signed_hqql_tbl,mod.cls_blocks.0.attn.h0,CLS<-charged_hadron,0.027036092576489954,0.004934811656186627,0.006406498005627281,0.010575796246911935,6.144898658504291e-05,-0.0014716863494406542,-0.005640984590725309,0.004934811656186627,0.005670654830906953
B_tbl_minus_hqql,mod.cls_blocks.0.attn.h3,electron<-charged_hadron,0.019988428978692917,-0.0037687934181165126,0.0,0.0,0.0,-0.0037687934181165126,-0.0037687934181165126,0.0037687934181165126,0.005653190127174769
signed_hqql_tbl,mod.cls_blocks.0.attn.h2,CLS<-neutral_hadron,0.022540635828460966,0.0024938777182436003,-0.0035393300744134093,-0.002456366436533807,-0.0005150758378157341,0.00603320779265701,0.004950244154777407,0.0024938777182436003,0.005510481614572105
B_tbl_minus_hqql,mod.cls_blocks.0.attn.h0,charged_hadron<-photon,0.020854490953432003,0.003669719342929377,0.0,0.0,0.0,0.003669719342929377,0.003669719342929377,0.003669719342929377,0.005504579014394065
B_tbl_minus_hqql,mod.blocks.1.attn.h0,muon<-electron,0.4640936553478241,0.003660137765109539,0.0,0.0,0.0,0.003660137765109539,0.003660137765109539,0.003660137765109539,0.0054902066476643085
signed_hqql_tbl,mod.blocks.1.attn.h0,muon<-electron,0.46409356594085693,0.003660130314528942,0.0,-0.0030293017625808716,2.031747783348692e-07,0.003660130314528942,0.006689432077109814,0.003660130314528942,0.005490195471793413
signed_hqql_tbl,mod.cls_blocks.0.attn.h4,charged_hadron<-charged_hadron,0.027993146234597914,-0.003921568322067077,-0.0008067091608919748,-0.003913801639925602,0.0021170766544036613,-0.0031148591611751025,-7.766682141475446e-06,0.003921568322067077,0.005478997902654628
signed_hqql_tbl,mod.blocks.0.attn.h0,electron<-muon,0.11111123859882355,-0.003639566944912076,0.0,-0.0024521946907043457,1.4133494374846123e-08,-0.003639566944912076,-0.0011873722542077303,0.003639566944912076,0.005459350417368114
B_tbl_minus_hqql,mod.blocks.0.attn.h0,electron<-muon,0.11111124604940414,-0.0036395664792507887,0.0,0.0,0.0,-0.0036395664792507887,-0.0036395664792507887,0.0036395664792507887,0.005459349718876183
signed_hqql_tbl,mod.blocks.1.attn.h6,muon<-electron,0.11806352436542511,0.0035662802401930094,0.0,0.0037782054860144854,-3.0309598514577374e-05,0.0035662802401930094,-0.00021192524582147598,0.0035662802401930094,0.005349420360289514
B_tbl_minus_hqql,mod.blocks.1.attn.h6,muon<-electron,0.11806352436542511,0.003566279774531722,0.0,0.0,0.0,0.003566279774531722,0.003566279774531722,0.003566279774531722,0.005349419661797583
signed_hqql_tbl,mod.blocks.0.attn.h6,muon<-electron,0.25578683614730835,0.003565215039998293,0.0,0.0014028210425749421,2.968260378111154e-05,0.003565215039998293,0.002162393997423351,0.003565215039998293,0.005347822559997439
B_tbl_minus_hqql,mod.blocks.0.attn.h6,muon<-electron,0.25578680634498596,0.003565215039998293,0.0,0.0,0.0,0.003565215039998293,0.003565215039998293,0.003565215039998293,0.005347822559997439
B_tbl_minus_hqql,mod.cls_blocks.0.attn.h6,charged_hadron<-charged_hadron,0.026622216288860027,-0.003504196587854471,0.0,0.0,0.0,-0.003504196587854471,-0.003504196587854471,0.003504196587854471,0.005256294881781707
signed_hqql_tbl,mod.cls_blocks.0.attn.h4,CLS<-neutral_hadron,0.025910115312962306,0.00010396900867658948,-0.01005302277213383,-0.007535880067734979,-0.0010276658498254176,0.01015699178081042,0.007639849076411569,0.00010396900867658948,0.0051824648990818
signed_hqql_tbl,mod.cls_blocks.0.attn.h7,muon<-muon,0.0,0.0,-0.010297096334397793,-0.0028099239182968936,0.0,0.010297096334397793,0.0028099239182968936,0.0,0.005148548167198896
B_tbl_minus_hqql,mod.cls_blocks.0.attn.h0,neutral_hadron<-photon,0.01874415874481201,0.0034089390475016373,0.0,0.0,0.0,0.0034089390475016373,0.0034089390475016373,0.0034089390475016373,0.005113408571252456
signed_hqql_tbl,mod.cls_blocks.0.attn.h6,neutral_hadron<-charged_hadron,0.021445783152096512,0.002233622514683267,-0.0035011887550354002,0.0056418982003965685,-0.0020000793039798735,0.005734811269718667,-0.0034082756857133014,0.002233622514683267,0.005101028149542601
signed_hqql_tbl,mod.blocks.1.attn.h1,muon<-electron,0.04930184781551361,0.003342405194416642,0.0,-1.2301307833695319e-05,8.052078328546486e-07,0.003342405194416642,0.0033547065022503375,0.003342405194416642,0.005013607791624963
B_tbl_minus_hqql,mod.blocks.1.attn.h1,muon<-electron,0.04930182918906212,0.0033424028661102057,0.0,0.0,0.0,0.0033424028661102057,0.0033424028661102057,0.0033424028661102057,0.0050136042991653085
signed_hqql_tbl,mod.cls_blocks.0.attn.h0,charged_hadron<-charged_hadron,0.026759413572458122,0.003341532067562907,0.006468185189566235,0.0018797643309415772,0.0016302744516674776,-0.0031266531220033277,0.0014617677366213298,0.003341532067562907,0.004904858628564571
signed_hqql_tbl,mod.cls_blocks.0.attn.h0,CLS<-photon,0.018768632958504568,0.0029978743693098477,-0.0007678684523672014,0.0055821870120800355,-0.0006092072371724873,0.003765742821677049,-0.002584312642770188,0.0029978743693098477,0.004880745780148372
B_tbl_minus_hqql,mod.cls_blocks.0.attn.h4,CLS<-neutral_hadron,0.028069012340099092,-0.003247329081955647,0.0,0.0,0.0,-0.003247329081955647,-0.003247329081955647,0.003247329081955647,0.00487099362293347
B_tbl_minus_hqql,mod.blocks.5.attn.h6,electron<-muon,0.15200674533843994,-0.0032219463028013706,0.0,0.0,0.0,-0.0032219463028013706,-0.0032219463028013706,0.0032219463028013706,0.004832919454202056
signed_hqql_tbl,mod.blocks.5.attn.h6,electron<-muon,0.15200656652450562,-0.0032219411805272102,0.0,4.686713145929389e-05,2.5197366539941868e-06,-0.0032219411805272102,-0.003268808311986504,0.0032219411805272102,0.004832911770790815
signed_hqql_tbl,mod.cls_blocks.0.attn.h2,CLS<-muon,0.014181297272443771,-0.0013775869738310575,0.005521755665540695,-0.004799550893949345,-0.008018133201403543,-0.006899342639371753,0.003421963920118287,0.0013775869738310575,0.004827258293516934
signed_hqql_tbl,mod.blocks.5.attn.h0,muon<-muon,0.05372575297951698,-0.0032174831721931696,1.3989377833922845e-07,-6.395645729684318e-08,1.0156057802153858e-07,-0.003217623065971509,-0.0032174192157358728,0.0032174831721931696,0.004826294705178924
B_tbl_minus_hqql,mod.blocks.5.attn.h0,muon<-muon,0.0537257045507431,-0.003217479446902871,0.0,0.0,0.0,-0.003217479446902871,-0.003217479446902871,0.003217479446902871,0.004826219170354307
signed_hqql_tbl,mod.cls_blocks.0.attn.h6,charged_hadron<-charged_hadron,0.0269268831381431,-0.003008479300217751,0.0004744903672849987,-0.0028999576041864794,0.002819871391106096,-0.0034829696675027495,-0.00010852169603127156,0.003008479300217751,0.0047499641339691255
signed_hqql_tbl,mod.cls_blocks.0.attn.h0,neutral_hadron<-charged_hadron,0.02173320581947548,0.0038601206345618634,0.002274597187836965,0.01164561293778881,-0.0003994112834334373,0.0015855234467248985,-0.007785492303226947,0.0038601206345618634,0.004652882357924312
B_tbl_minus_hqql,mod.blocks.5.attn.h2,muon<-electron,0.20943637192249298,0.003095014952123165,0.0,0.0,0.0,0.003095014952123165,0.003095014952123165,0.003095014952123165,0.004642522428184748
signed_hqql_tbl,mod.blocks.5.attn.h2,muon<-electron,0.20943637192249298,0.003095010295510292,0.0,-6.765359285054728e-05,2.002825283398124e-08,0.003095010295510292,0.0031626638883608393,0.003095010295510292,0.004642515443265438
B_tbl_minus_hqql,mod.cls_blocks.0.attn.h3,electron<-electron,0.006211515748873353,0.0030846117006149143,0.0,0.0,0.0,0.0030846117006149143,0.0030846117006149143,0.0030846117006149143,0.0046269175509223714
signed_hqql_tbl,mod.cls_blocks.0.attn.h2,charged_hadron<-neutral_hadron,0.02655770115811249,0.0019953617242020392,-0.0032600324792677864,-0.002113660003113396,-0.0011755036785163814,0.005255394203469826,0.004109021727315435,0.0019953617242020392,0.004623058825936952
B_tbl_minus_hqql,mod.blocks.2.attn.h5,muon<-muon,0.05674571171402931,-0.003066411940380931,0.0,0.0,0.0,-0.003066411940380931,-0.003066411940380931,0.003066411940380931,0.004599617910571396
signed_hqql_tbl,mod.blocks.2.attn.h5,muon<-muon,0.056745681911706924,-0.003066412406042218,-6.27215405302195e-06,9.94866941255168e-06,-6.85841828650761e-05,-0.0030601402519891963,-0.0030763610754547697,0.003066412406042218,0.004596482532036816
B_tbl_minus_hqql,mod.cls_blocks.0.attn.h1,charged_hadron<-electron,0.01234115962870419,0.003053257125429809,0.0,0.0,0.0,0.003053257125429809,0.003053257125429809,0.003053257125429809,0.004579885688144714
signed_hqql_tbl,mod.cls_blocks.0.attn.h1,CLS<-neutral_hadron,0.022959555011420024,-0.001684765231662563,0.003912519670144144,0.0008511893060390971,0.007205888824033979,-0.005597284901806707,-0.00253595453770166,0.001684765231662563,0.004483407682565916
B_tbl_minus_hqql,mod.blocks.1.attn.h5,muon<-electron,0.07861211895942688,-0.002971583977341652,0.0,0.0,0.0,-0.002971583977341652,-0.002971583977341652,0.002971583977341652,0.004457375966012478
signed_hqql_tbl,mod.blocks.1.attn.h5,muon<-electron,0.07861211895942688,-0.002971580484881997,0.0,0.0011208205251023173,-0.008770125918090343,-0.002971580484881997,-0.0040924010099843144,0.002971580484881997,0.004457370727322996
B_tbl_minus_hqql,mod.blocks.5.attn.h2,muon<-muon,0.10421597957611084,-0.0029644020833075047,0.0,0.0,0.0,-0.0029644020833075047,-0.0029644020833075047,0.0029644020833075047,0.004446603124961257
signed_hqql_tbl,mod.blocks.5.attn.h2,muon<-muon,0.10421590507030487,-0.0029644009191542864,-1.599056787426889e-06,7.945117815211233e-07,-4.935623419299873e-06,-0.0029628018623668595,-0.0029651954309358073,0.0029644009191542864,0.004445801850337716
signed_hqql_tbl,mod.cls_blocks.0.attn.h1,CLS<-photon,0.018551143343885877,-0.0008945640572910697,0.006128146496151958,0.0005373277840967751,0.0035042405605740395,-0.007022710553443028,-0.0014318918413878448,0.0008945640572910697,0.0044059193340125835
B_tbl_minus_hqql,mod.cls_blocks.0.attn.h0,charged_hadron<-electron,0.024728472344577312,0.0029371532145887613,0.0,0.0,0.0,0.0029371532145887613,0.0029371532145887613,0.0029371532145887613,0.004405729821883142
signed_hqql_tbl,mod.cls_blocks.0.attn.h1,charged_hadron<-neutral_hadron,0.02608412067437994,-0.001954968777838452,0.0028953764036379974,-0.0013325984713018818,0.006513763715823491,-0.004850345181476449,-0.0006223703065365703,0.001954968777838452,0.004380141368576677
signed_hqql_tbl,mod.cls_blocks.0.attn.h7,charged_hadron<-electron,0.018106841016560793,0.00023407486150972545,-0.008002549933735281,0.0003347543388372287,0.00010810713865794241,0.008236624795245007,-0.00010067947732750326,0.00023407486150972545,0.004352387259132229
signed_hqql_tbl,mod.cls_blocks.0.attn.h4,electron<-charged_hadron,0.01914119507585253,0.002886794862293062,0.0,0.0038735002412327696,0.0,0.002886794862293062,-0.0009867053789397078,0.002886794862293062,0.004330192293439593
signed_hqql_tbl,mod.blocks.2.attn.h6,electron<-muon,0.037747420370578766,-0.0028329782653599977,0.0,-0.0016978896455839276,-8.530254126526415e-05,-0.0028329782653599977,-0.0011350886197760701,0.0028329782653599977,0.004249467398039997
B_tbl_minus_hqql,mod.blocks.2.attn.h6,electron<-muon,0.03774741664528847,-0.002832976635545492,0.0,0.0,0.0,-0.002832976635545492,-0.002832976635545492,0.002832976635545492,0.004249464953318238
B_tbl_minus_hqql,mod.cls_blocks.0.attn.h4,charged_hadron<-neutral_hadron,0.02512442217818622,0.002799290874651794,0.0,0.0,0.0,0.002799290874651794,0.002799290874651794,0.002799290874651794,0.0041989363119776905
signed_hqql_tbl,mod.blocks.1.attn.h0,muon<-muon,0.08553649485111237,-0.0027649924159049988,8.233796293666273e-07,6.385138059030737e-05,-3.026750997984588e-07,-0.0027658157955343654,-0.002828843796495306,0.0027649924159049988,0.0041479003136721815
B_tbl_minus_hqql,mod.blocks.1.attn.h0,muon<-muon,0.08553647249937057,-0.002764991484582424,0.0,0.0,0.0,-0.002764991484582424,-0.002764991484582424,0.002764991484582424,0.004147487226873636
signed_hqql_tbl,mod.blocks.2.attn.h3,muon<-muon,0.10065486282110214,-0.00273119006305933,6.198385449351917e-05,0.0013172409097023774,-0.00015131795043998864,-0.002793173917552849,-0.0040484309727617076,0.00273119006305933,0.004127777021835755
B_tbl_minus_hqql,mod.blocks.2.attn.h3,muon<-muon,0.10065481811761856,-0.002731187967583537,0.0,0.0,0.0,-0.002731187967583537,-0.002731187967583537,0.002731187967583537,0.004096781951375306
signed_hqql_tbl,mod.cls_blocks.0.attn.h4,muon<-neutral_hadron,0.0,0.0,-0.00817505419254303,0.0023299195907182163,0.0,0.00817505419254303,-0.0023299195907182163,0.0,0.004087527096271515
B_tbl_minus_hqql,mod.blocks.1.attn.h4,electron<-muon,0.051993224769830704,-0.0026854942552745342,0.0,0.0,0.0,-0.0026854942552745342,-0.0026854942552745342,0.0026854942552745342,0.004028241382911801
signed_hqql_tbl,mod.blocks.1.attn.h4,electron<-muon,0.0519932396709919,-0.0026854935567826033,0.0,-0.002227338030934334,-0.008034647442400455,-0.0026854935567826033,-0.00045815552584826946,0.0026854935567826033,0.004028240335173905
signed_hqql_tbl,mod.blocks.2.attn.h6,muon<-muon,0.0450311005115509,-0.0026836791075766087,4.053486009070184e-07,-8.831064889136542e-06,-2.575901279063449e-05,-0.0026840844561775157,-0.002674848042687472,0.0026836791075766087,0.0040257213356653665
B_tbl_minus_hqql,mod.blocks.2.attn.h6,muon<-muon,0.045031093060970306,-0.0026836793404072523,0.0,0.0,0.0,-0.0026836793404072523,-0.0026836793404072523,0.0026836793404072523,0.0040255190106108785
signed_hqql_tbl,mod.cls_blocks.0.attn.h0,electron<-electron,0.02329003345221281,-0.0026814164593815804,0.0,-0.045054685324430466,0.0,-0.0026814164593815804,0.042373268865048885,0.0026814164593815804,0.0040221246890723705
B_tbl_minus_hqql,mod.cls_blocks.0.attn.h0,charged_hadron<-charged_hadron,0.026210778607771948,0.0026690069741259017,0.0,0.0,0.0,0.0026690069741259017,0.0026690069741259017,0.0026690069741259017,0.004003510461188853
B_tbl_minus_hqql,mod.cls_blocks.0.attn.h0,photon<-photon,0.02471898182442314,-0.002620977104494446,0.0,0.0,0.0,-0.002620977104494446,-0.002620977104494446,0.002620977104494446,0.003931465656741669
B_tbl_minus_hqql,mod.cls_blocks.0.attn.h4,charged_hadron<-electron,0.013978127855807543,0.0026181707507930696,0.0,0.0,0.0,0.0026181707507930696,0.0026181707507930696,0.0026181707507930696,0.003927256126189604
signed_hqql_tbl,mod.blocks.2.attn.h0,muon<-electron,0.17670491337776184,-0.002616180805489421,0.0,-0.0021200370974838734,2.4767456352492445e-07,-0.002616180805489421,-0.0004961437080055475,0.002616180805489421,0.003924271208234131
B_tbl_minus_hqql,mod.blocks.2.attn.h0,muon<-electron,0.17670494318008423,-0.0026161791756749153,0.0,0.0,0.0,-0.0026161791756749153,-0.0026161791756749153,0.0026161791756749153,0.003924268763512373
B_tbl_minus_hqql,mod.cls_blocks.0.attn.h6,CLS<-neutral_hadron,0.028470578293005627,-0.002612704898060728,0.0,0.0,0.0,-0.002612704898060728,-0.002612704898060728,0.002612704898060728,0.003919057347091092
B_tbl_minus_hqql,mod.cls_blocks.0.attn.h2,CLS<-neutral_hadron,0.024099822614401106,0.0025705955040249383,0.0,0.0,0.0,0.0025705955040249383,0.0025705955040249383,0.0025705955040249383,0.0038558932560374074
B_tbl_minus_hqql,mod.blocks.2.attn.h4,muon<-electron,0.15435902774333954,-0.0025396344717592,0.0,0.0,0.0,-0.0025396344717592,-0.0025396344717592,0.0025396344717592,0.0038094517076388
signed_hqql_tbl,mod.blocks.2.attn.h4,muon<-electron,0.15435904264450073,-0.00253963191062212,0.0,0.0005083357100374997,0.0017877476057037711,-0.00253963191062212,-0.0030479676206596196,0.00253963191062212,0.00380944786593318
signed_hqql_tbl,mod.cls_blocks.0.attn.h7,photon<-charged_hadron,0.03585402193394574,0.0024094336920163846,-0.00038080158554119604,0.0034403743532796702,-0.0003091070284864989,0.0027902352775575805,-0.0010309406612632856,0.0024094336920163846,0.003804551330795175
signed_hqql_tbl,mod.blocks.6.attn.h3,muon<-muon,0.12633417546749115,-0.002504403004422784,6.492157717730151e-05,0.0007466039599989926,-2.3126446042927757e-05,-0.0025693245816000854,-0.0032510069644217767,0.002504403004422784,0.0037890652952228265
signed_hqql_tbl,mod.cls_blocks.0.attn.h7,charged_hadron<-muon,0.0,0.0,0.007538917940109968,0.002322455868124962,0.0020058711525052786,-0.007538917940109968,-0.002322455868124962,0.0,0.003769458970054984
B_tbl_minus_hqql,mod.blocks.6.attn.h3,muon<-muon,0.12633419036865234,-0.002504404867067933,0.0,0.0,0.0,-0.002504404867067933,-0.002504404867067933,0.002504404867067933,0.0037566073006018996
B_tbl_minus_hqql,mod.cls_blocks.0.attn.h4,electron<-charged_hadron,0.018988550418899172,0.0025032832331600644,0.0,0.0,0.0,0.0025032832331600644,0.0025032832331600644,0.0025032832331600644,0.0037549248497400966
signed_hqql_tbl,mod.cls_blocks.0.attn.h1,muon<-charged_hadron,0.0,0.0,0.007496501234444705,-0.0020515722437546803,0.0,-0.007496501234444705,0.0020515722437546803,0.0,0.0037482506172223525
B_tbl_minus_hqql,mod.cls_blocks.0.attn.h7,CLS<-electron,0.02121697715483606,-0.0024908066843636334,0.0,0.0,0.0,-0.0024908066843636334,-0.0024908066843636334,0.0024908066843636334,0.00373621002654545
B_tbl_minus_hqql,mod.blocks.7.attn.h5,muon<-electron,0.26526033878326416,-0.0024664481170475483,0.0,0.0,0.0,-0.0024664481170475483,-0.0024664481170475483,0.0024664481170475483,0.0036996721755713224
signed_hqql_tbl,mod.blocks.7.attn.h5,muon<-electron,0.26526036858558655,-0.002466444158926606,0.0,-0.000139800482429564,0.00012526723730843514,-0.002466444158926606,-0.002326643676497042,0.002466444158926606,0.0036996662383899093
signed_hqql_tbl,mod.cls_blocks.0.attn.h6,charged_hadron<-neutral_hadron,0.02390631583744082,0.0018427050812972773,-0.0018467525951564312,0.001282563665881753,-0.001034772150321967,0.0036894576764537083,0.0005601414154155244,0.0018427050812972773,0.0036874339195241317
signed_hqql_tbl,mod.cls_blocks.0.attn.h4,charged_hadron<-photon,0.019006431102752686,0.002375486503604432,-0.00015156736120212175,0.0026464496807354254,-0.0018715417031578872,0.0025270538648065537,-0.0002709631771309934,0.002375486503604432,0.003639013436007709
B_tbl_minus_hqql,mod.cls_blocks.0.attn.h7,photon<-charged_hadron,0.03585402193394574,0.002409434030679139,0.0,0.0,0.0,0.002409434030679139,0.002409434030679139,0.002409434030679139,0.0036141510460187087
B_tbl_minus_hqql,mod.cls_blocks.0.attn.h4,photon<-photon,0.030669729176320527,-0.002408146760181377,0.0,0.0,0.0,-0.002408146760181377,-0.002408146760181377,0.002408146760181377,0.0036122201402720654
B_tbl_minus_hqql,mod.cls_blocks.0.attn.h0,CLS<-photon,0.01919117131653954,0.002406231884983172,0.0,0.0,0.0,0.002406231884983172,0.002406231884983172,0.002406231884983172,0.0036093478274747577
B_tbl_minus_hqql,mod.cls_blocks.0.attn.h4,charged_hadron<-photon,0.019103834536713615,0.0023863814561299874,0.0,0.0,0.0,0.0023863814561299874,0.0023863814561299874,0.0023863814561299874,0.003579572184194981
signed_hqql_tbl,mod.blocks.6.attn.h5,muon<-muon,0.06666002422571182,-0.002316440222784877,3.8424704751349736e-08,-1.4632940624453861e-06,4.701565063195782e-09,-0.002316478647489628,-0.0023149769287224313,0.002316440222784877,0.003474679546529691
B_tbl_minus_hqql,mod.blocks.6.attn.h5,muon<-muon,0.0666600689291954,-0.0023164430167526007,0.0,0.0,0.0,-0.0023164430167526007,-0.0023164430167526007,0.0023164430167526007,0.003474664525128901
signed_hqql_tbl,mod.cls_blocks.0.attn.h0,muon<-charged_hadron,0.0,0.0,0.0069477856159210205,0.011158706668095712,0.0,-0.0069477856159210205,-0.011158706668095712,0.0,0.0034738928079605103
B_tbl_minus_hqql,mod.cls_blocks.0.attn.h6,charged_hadron<-electron,0.01580767799168825,0.0023011983139440417,0.0,0.0,0.0,0.0023011983139440417,0.0023011983139440417,0.0023011983139440417,0.0034517974709160626
signed_hqql_tbl,mod.cls_blocks.0.attn.h6,electron<-charged_hadron,0.019704567534582957,0.002298609664042791,0.0,0.004883147776126862,0.0,0.002298609664042791,-0.0025845381120840707,0.002298609664042791,0.003447914496064186
signed_hqql_tbl,mod.cls_blocks.0.attn.h0,muon<-muon,0.0,0.0,-0.006868801545351744,-0.016370487709840138,0.0,0.006868801545351744,0.016370487709840138,0.0,0.003434400772675872
signed_hqql_tbl,mod.cls_blocks.1.attn.h3,charged_hadron<-electron,0.014932017016690224,-5.587959910258178e-05,0.006610207376070321,-0.00011834289974406904,-5.047027298132889e-05,-0.006666086975172902,6.246330064148727e-05,5.587959910258178e-05,0.003388923086689033
B_tbl_minus_hqql,mod.cls_blocks.0.attn.h4,neutral_hadron<-charged_hadron,0.02088351655697477,0.0022451774743588076,0.0,0.0,0.0,0.0022451774743588076,0.0022451774743588076,0.0022451774743588076,0.0033677662115382113
signed_hqql_tbl,mod.blocks.7.attn.h0,muon<-electron,0.3673522174358368,0.0022316251415759325,0.0,6.575017323484644e-05,3.752633759290802e-08,0.0022316251415759325,0.002165874968341086,0.0022316251415759325,0.0033474377123638988
B_tbl_minus_hqql,mod.blocks.7.attn.h0,muon<-electron,0.3673521876335144,0.002231617458164692,0.0,0.0,0.0,0.002231617458164692,0.002231617458164692,0.002231617458164692,0.003347426187247038
B_tbl_minus_hqql,mod.cls_blocks.0.attn.h4,electron<-photon,0.014931080693548376,0.0022243794307790017,0.0,0.0,0.0,0.0022243794307790017,0.0022243794307790017,0.0022243794307790017,0.003336569146168503
signed_hqql_tbl,mod.cls_blocks.0.attn.h0,photon<-photon,0.02471898182442314,-0.0026209776926981775,-0.0012386332392313722,0.002648384088057686,0.0020830502066559887,-0.0013823444534668053,-0.005269361780755863,0.0026209776926981775,0.0033121499194315803
signed_hqql_tbl,mod.cls_blocks.1.attn.h3,CLS<-electron,0.1346095793419831,1.816402657217435e-06,0.006610207376070321,-6.282958504599604e-05,-3.4015025145587664e-05,-0.006608390973413103,6.464598770321348e-05,1.816402657217435e-06,0.003306011889363769
signed_hqql_tbl,mod.blocks.1.attn.h3,electron<-electron,0.03269084109197138,-0.0021971071223106263,1.3730520294075177e-06,-3.404603694434627e-05,-0.0001006805693274752,-0.0021984801743400338,-0.00216306108536628,0.0021971071223106263,0.003296347209480643
B_tbl_minus_hqql,mod.blocks.1.attn.h3,electron<-electron,0.032690817412367325,-0.0021971046759290402,0.0,0.0,0.0,-0.0021971046759290402,-0.0021971046759290402,0.0021971046759290402,0.0032956570138935604
signed_hqql_tbl,mod.cls_blocks.0.attn.h2,electron<-electron,0.007166761439293623,0.0021970822708681226,0.0,0.005863701459020376,0.0,0.0021970822708681226,-0.0036666191881522536,0.0021970822708681226,0.003295623406302184
signed_hqql_tbl,mod.cls_blocks.0.attn.h3,CLS<-CLS,0.00677774753421545,0.0011453319457359612,0.005402847644290887,0.0,0.0,-0.004257515698554926,0.0011453319457359612,0.0011453319457359612,0.003274089795013424
signed_hqql_tbl,mod.cls_blocks.0.attn.h6,photon<-charged_hadron,0.034062823111360725,0.0019178461198779669,-0.0007804232611231608,0.0056379671053340035,-0.0005281147805143552,0.002698269381001128,-0.0037201209854560366,0.0019178461198779669,0.003266980810378531
B_tbl_minus_hqql,mod.cls_blocks.0.attn.h6,charged_hadron<-neutral_hadron,0.025826970821824568,0.002174945514055033,0.0,0.0,0.0,0.002174945514055033,0.002174945514055033,0.002174945514055033,0.0032624182710825496
signed_hqql_tbl,mod.cls_blocks.0.attn.h4,photon<-photon,0.030669729960592168,-0.0024081461719776456,-0.0007157355736372834,-0.012251064519990574,8.705878831647538e-05,-0.0016924105983403622,0.009842918348012928,0.0024081461719776456,0.0032543514711478264
signed_hqql_tbl,mod.cls_blocks.0.attn.h3,CLS<-charged_hadron,0.027257685971796706,-0.0020475554402761905,-0.004408440377604026,-0.004591056181662911,-0.0004932127214277632,0.0023608849373278353,0.0025435007413867204,0.0020475554402761905,0.003227997908940108
signed_hqql_tbl,mod.cls_blocks.0.attn.h2,charged_hadron<-muon,0.0,0.0,0.0064156269654631615,-0.002454776084050536,-0.0008823719690553844,-0.0064156269654631615,0.002454776084050536,0.0,0.0032078134827315807
signed_hqql_tbl,mod.cls_blocks.0.attn.h4,electron<-photon,0.014386391097849066,0.002137950134717605,0.0,0.005591011047363282,0.0,0.002137950134717605,-0.0034530609126456765,0.002137950134717605,0.003206925202076408
signed_hqql_tbl,mod.cls_blocks.0.attn.h3,charged_hadron<-CLS,0.004650943912565708,0.0006751807522960007,0.005716116555655996,0.0,0.0,-0.005040935803359996,0.0006751807522960007,0.0006751807522960007,0.0031956486539759985
signed_hqql_tbl,mod.cls_blocks.0.attn.h2,CLS<-CLS,0.005089084501378238,0.0015877409314271063,0.004768676910316572,0.0,0.0,-0.0031809359788894653,0.0015877409314271063,0.0015877409314271063,0.003178208920871839
signed_hqql_tbl,mod.cls_blocks.0.attn.h3,charged_hadron<-charged_hadron,0.026735540765982408,-0.0017851553976726837,-0.004540102615975207,-0.002139034626875506,-0.0003836448586354992,0.0027549472183025234,0.0003538792292028224,0.0017851553976726837,0.003162629006823945
B_tbl_minus_hqql,mod.cls_blocks.0.attn.h2,electron<-photon,0.018646899272095074,-0.0021036629438061605,0.0,0.0,0.0,-0.0021036629438061605,-0.0021036629438061605,0.0021036629438061605,0.0031554944157092405
B_tbl_minus_hqql,mod.cls_blocks.0.attn.h1,electron<-electron,0.022269824519753456,-0.002102804835885763,0.0,0.0,0.0,-0.002102804835885763,-0.002102804835885763,0.002102804835885763,0.0031542072538286448
signed_hqql_tbl,mod.blocks.5.attn.h4,muon<-electron,0.2350475788116455,0.002095636213198304,0.0,2.4947867132141255e-05,1.0532093256188091e-05,0.002095636213198304,0.002070688346066163,0.002095636213198304,0.0031434543197974563
B_tbl_minus_hqql,mod.blocks.5.attn.h4,muon<-electron,0.23504747450351715,0.0020956352818757296,0.0,0.0,0.0,0.0020956352818757296,0.0020956352818757296,0.0020956352818757296,0.0031434529228135943
signed_hqql_tbl,mod.cls_blocks.0.attn.h3,charged_hadron<-electron,0.014271635562181473,-0.0006911007512826473,-0.005591148801613599,-0.0005125797251821496,-0.0021449039631988853,0.004900048050330952,-0.0001785210261004977,0.0006911007512826473,0.003141124776448123
signed_hqql_tbl,mod.cls_blocks.0.attn.h2,charged_hadron<-CLS,0.0041691311635077,0.0011973680229857564,0.005072498435361518,0.0,0.0,-0.003875130412375761,0.0011973680229857564,0.0011973680229857564,0.003134933229173637
B_tbl_minus_hqql,mod.cls_blocks.0.attn.h6,electron<-neutral_hadron,0.026575238085710086,0.0020853331885658777,0.0,0.0,0.0,0.0020853331885658777,0.0020853331885658777,0.0020853331885658777,0.0031279997828488164
signed_hqql_tbl,mod.cls_blocks.1.attn.h1,charged_hadron<-muon,0.0,0.0,0.006242391187697649,0.0009899104479700327,1.488184693698713e-06,-0.006242391187697649,-0.0009899104479700327,0.0,0.0031211955938488245
signed_hqql_tbl,mod.blocks.7.attn.h6,muon<-muon,0.056988343596458435,-0.0020525390282273293,1.6710544104014957e-07,-7.292957547200273e-07,8.10275231799551e-07,-0.0020527061336683694,-0.0020518097324726094,0.0020525390282273293,0.003078892095061514
B_tbl_minus_hqql,mod.blocks.7.attn.h6,muon<-muon,0.05698828771710396,-0.002052537864074111,0.0,0.0,0.0,-0.002052537864074111,-0.002052537864074111,0.002052537864074111,0.0030788067961111665
signed_hqql_tbl,mod.cls_blocks.1.attn.h2,neutral_hadron<-CLS,0.3275427247863263,0.0010618932288863903,0.005094448570162058,0.0,0.0,-0.004032555341275668,0.0010618932288863903,0.0010618932288863903,0.003078170899524224
B_tbl_minus_hqql,mod.blocks.3.attn.h6,electron<-muon,0.0529891662299633,-0.002050774870440364,0.0,0.0,0.0,-0.002050774870440364,-0.002050774870440364,0.002050774870440364,0.003076162305660546
signed_hqql_tbl,mod.blocks.3.attn.h6,electron<-muon,0.0529891662299633,-0.0020507746376097202,0.0,-0.00075451226439327,-2.9147413442842662e-05,-0.0020507746376097202,-0.0012962623732164502,0.0020507746376097202,0.0030761619564145803
B_tbl_minus_hqql,mod.cls_blocks.0.attn.h7,charged_hadron<-neutral_hadron,0.026480584309018892,0.0020465987437436805,0.0,0.0,0.0,0.0020465987437436805,0.0020465987437436805,0.0020465987437436805,0.003069898115615521
B_tbl_minus_hqql,mod.blocks.5.attn.h5,muon<-electron,0.04474077373743057,-0.0020349761471152306,0.0,0.0,0.0,-0.0020349761471152306,-0.0020349761471152306,0.0020349761471152306,0.003052464220672846
signed_hqql_tbl,mod.blocks.5.attn.h5,muon<-electron,0.044740788638591766,-0.0020349754486232996,0.0,0.0010626516304910183,-0.0010117323836311698,-0.0020349754486232996,-0.003097627079114318,0.0020349754486232996,0.0030524631729349494
B_tbl_minus_hqql,mod.blocks.0.attn.h5,muon<-muon,0.11965417861938477,0.0020326918456703424,0.0,0.0,0.0,0.0020326918456703424,0.0020326918456703424,0.0020326918456703424,0.0030490377685055137
signed_hqql_tbl,mod.cls_blocks.0.attn.h2,electron<-charged_hadron,0.02006312424228305,-0.00203167957564195,0.0,-0.001622663245403341,0.0,-0.00203167957564195,-0.00040901633023860914,0.00203167957564195,0.003047519363462925
B_tbl_minus_hqql,mod.blocks.5.attn.h0,electron<-muon,0.06957561522722244,-0.002029108116403222,0.0,0.0,0.0,-0.002029108116403222,-0.002029108116403222,0.002029108116403222,0.003043662174604833
signed_hqql_tbl,mod.blocks.5.attn.h0,electron<-muon,0.06957552582025528,-0.0020291057880967855,0.0,-0.0028895155992358923,1.772982955117186e-06,-0.0020291057880967855,0.0008604098111391068,0.0020291057880967855,0.0030436586821451783
signed_hqql_tbl,mod.blocks.0.attn.h5,muon<-muon,0.11965413391590118,0.002032690914347768,1.4399321742075699e-05,-7.68865502323024e-06,0.00027417222668191243,0.002018291592605692,0.002040379569370998,0.002032690914347768,0.003041836710650614
B_tbl_minus_hqql,mod.blocks.6.attn.h0,electron<-muon,0.14530792832374573,0.0020188160706311464,0.0,0.0,0.0,0.0020188160706311464,0.0020188160706311464,0.0020188160706311464,0.0030282241059467196
signed_hqql_tbl,mod.blocks.6.attn.h0,electron<-muon,0.14530780911445618,0.00201881374232471,0.0,-0.0003326906298752874,2.2038534552848432e-08,0.00201881374232471,0.0023515043721999973,0.00201881374232471,0.003028220613487065
signed_hqql_tbl,mod.cls_blocks.0.attn.h0,electron<-photon,0.010397683490406383,0.0020117992535233498,0.0,0.006825737655162811,0.0,0.0020117992535233498,-0.0048139384016394615,0.0020117992535233498,0.0030176988802850246
signed_hqql_tbl,mod.blocks.2.attn.h7,muon<-electron,0.01962331309914589,0.002003671834245324,0.0,-2.2298698240774684e-05,1.5133370112607736e-08,0.002003671834245324,0.002025970532486099,0.002003671834245324,0.003005507751367986
B_tbl_minus_hqql,mod.blocks.2.attn.h7,muon<-electron,0.01962331309914589,0.002003671834245324,0.0,0.0,0.0,0.002003671834245324,0.002003671834245324,0.002003671834245324,0.003005507751367986
B_tbl_minus_hqql,mod.cls_blocks.0.attn.h6,electron<-charged_hadron,0.018306967757997058,0.0020033310034445356,0.0,0.0,0.0,0.0020033310034445356,0.0020033310034445356,0.0020033310034445356,0.0030049965051668036
signed_hqql_tbl,mod.cls_blocks.0.attn.h2,photon<-charged_hadron,0.03038245236331766,0.0016183743824843657,-0.0011475967268829476,-0.0034717418214616678,-0.002486277977565685,0.0027659711093673133,0.005090116203946033,0.0016183743824843657,0.0030013599371680223
B_tbl_minus_hqql,mod.cls_blocks.0.attn.h3,CLS<-photon,0.021083714846508724,-0.001993462734994282,0.0,0.0,0.0,-0.001993462734994282,-0.001993462734994282,0.001993462734994282,0.002990194102491423
signed_hqql_tbl,mod.cls_blocks.0.attn.h1,charged_hadron<-photon,0.020266888846813793,0.0007333155413171355,0.005246704109474893,-0.0010265654248253601,0.0029079613092095674,-0.004513388568157758,0.0017598809661424956,0.0007333155413171355,0.0029900098253960146
B_tbl_minus_hqql,mod.cls_blocks.0.attn.h6,neutral_hadron<-charged_hadron,0.019544695598491722,0.001983909638247628,0.0,0.0,0.0,0.001983909638247628,0.001983909638247628,0.001983909638247628,0.0029758644573714423
signed_hqql_tbl,mod.blocks.0.attn.h2,muon<-muon,0.20887908339500427,-0.001980037894099951,-1.1717995462845465e-09,3.6166562722428354e-08,-1.593901638822596e-07,-0.0019800367223004045,-0.0019800740606626733,0.001980037894099951,0.002970056255250153
B_tbl_minus_hqql,mod.blocks.0.attn.h2,muon<-muon,0.20887908339500427,-0.0019800334703177214,0.0,0.0,0.0,-0.0019800334703177214,-0.0019800334703177214,0.0019800334703177214,0.002970050205476582
B_tbl_minus_hqql,mod.cls_blocks.0.attn.h4,neutral_hadron<-electron,0.01722913095727563,0.0019697084790095687,0.0,0.0,0.0,0.0019697084790095687,0.0019697084790095687,0.0019697084790095687,0.002954562718514353
B_tbl_minus_hqql,mod.cls_blocks.0.attn.h6,charged_hadron<-photon,0.020629408493847916,0.0019639692347968966,0.0,0.0,0.0,0.0019639692347968966,0.0019639692347968966,0.0019639692347968966,0.002945953852195345
signed_hqql_tbl,mod.cls_blocks.0.attn.h3,neutral_hadron<-CLS,0.007646931568160653,0.0015683816163800657,0.004299565218389034,0.0,0.0,-0.0027311836020089686,0.0015683816163800657,0.0015683816163800657,0.00293397341738455
B_tbl_minus_hqql,mod.cls_blocks.0.attn.h3,CLS<-charged_hadron,0.026141730918761617,-0.0019449273220164599,0.0,0.0,0.0,-0.0019449273220164599,-0.0019449273220164599,0.0019449273220164599,0.00291739098302469
signed_hqql_tbl,mod.cls_blocks.0.attn.h3,muon<-photon,0.0,0.0,-0.005791568756103515,-0.0036811587902215812,0.0,0.005791568756103515,0.0036811587902215812,0.0,0.0028957843780517576
B_tbl_minus_hqql,mod.cls_blocks.0.attn.h6,photon<-charged_hadron,0.03406282175670971,0.0019178462045436556,0.0,0.0,0.0,0.0019178462045436556,0.0019178462045436556,0.0019178462045436556,0.0028767693068154836
signed_hqql_tbl,mod.cls_blocks.0.attn.h1,electron<-charged_hadron,0.02094841358207521,0.0019143301372726758,0.0,0.004819540839110102,0.0,0.0019143301372726758,-0.002905210701837427,0.0019143301372726758,0.0028714952059090137
signed_hqql_tbl,mod.cls_blocks.0.attn.h1,neutral_hadron<-neutral_hadron,0.011363995476410938,-0.0015804313947088444,0.000951260949174563,0.002714110266727706,0.01021944060921669,-0.0025316923438834073,-0.00429454166143655,0.0015804313947088444,0.002846277566650548
signed_hqql_tbl,mod.cls_blocks.0.attn.h4,charged_hadron<-electron,0.01397812832146883,0.0026181707507930696,0.003072406288993079,0.0017756192634503047,-0.00491841125767678,-0.0004542355382000096,0.0008425514873427649,0.0026181707507930696,0.0028452885198930744
signed_hqql_tbl,mod.cls_blocks.0.attn.h3,muon<-charged_hadron,0.0,0.0,-0.0056806287982247095,-0.003057715124808825,0.0,0.0056806287982247095,0.003057715124808825,0.0,0.0028403143991123547
signed_hqql_tbl,mod.cls_blocks.0.attn.h3,CLS<-electron,0.01566214335616678,-8.748026448301971e-05,-0.005591148801613599,0.0017037700090440921,-0.0024979871814139187,0.005503668537130579,-0.0017912502735271119,8.748026448301971e-05,0.0028393145330483094
signed_hqql_tbl,mod.cls_blocks.0.attn.h1,muon<-photon,0.0,0.0,0.005675405263900757,7.196857880514402e-06,0.0,-0.005675405263900757,-7.196857880514402e-06,0.0,0.0028377026319503784
B_tbl_minus_hqql,mod.cls_blocks.0.attn.h7,electron<-neutral_hadron,0.023543893144680902,0.0018760189414024353,0.0,0.0,0.0,0.0018760189414024353,0.0018760189414024353,0.0018760189414024353,0.002814028412103653
B_tbl_minus_hqql,mod.blocks.2.attn.h6,muon<-electron,0.0521358884871006,-0.0018657709006220102,0.0,0.0,0.0,-0.0018657709006220102,-0.0018657709006220102,0.0018657709006220102,0.0027986563509330153
signed_hqql_tbl,mod.blocks.2.attn.h6,muon<-electron,0.0521358847618103,-0.001865769736468792,0.0,0.0002916317025665194,-3.531799666234292e-05,-0.001865769736468792,-0.0021574014390353113,0.001865769736468792,0.002798654604703188
B_tbl_minus_hqql,mod.blocks.7.attn.h2,electron<-muon,0.087689109146595,-0.0018579998286440969,0.0,0.0,0.0,-0.0018579998286440969,-0.0018579998286440969,0.0018579998286440969,0.0027869997429661453
signed_hqql_tbl,mod.blocks.7.attn.h2,electron<-muon,0.087689109146595,-0.0018579987809062004,0.0,0.00013706838944926858,-1.7449140443659417e-07,-0.0018579987809062004,-0.001995067170355469,0.0018579987809062004,0.0027869981713593006
B_tbl_minus_hqql,mod.cls_blocks.0.attn.h2,charged_hadron<-neutral_hadron,0.026895351579477048,0.0018518319130666427,0.0,0.0,0.0,0.0018518319130666427,0.0018518319130666427,0.0018518319130666427,0.0027777478695999638
B_tbl_minus_hqql,mod.cls_blocks.0.attn.h4,neutral_hadron<-photon,0.01541646420955658,0.0018482173291536478,0.0,0.0,0.0,0.0018482173291536478,0.0018482173291536478,0.0018482173291536478,0.0027723259937304716
B_tbl_minus_hqql,mod.cls_blocks.0.attn.h3,neutral_hadron<-photon,0.018734229986484233,-0.0018442637358720487,0.0,0.0,0.0,-0.0018442637358720487,-0.0018442637358720487,0.0018442637358720487,0.002766395603808073
signed_hqql_tbl,mod.cls_blocks.0.attn.h3,photon<-CLS,0.0,0.0,0.005518375989049673,0.0,0.0,-0.005518375989049673,0.0,0.0,0.0027591879945248364
signed_hqql_tbl,mod.blocks.0.attn.h3,electron<-electron,0.08644493759711622,-0.0018377053148469712,4.857811319425309e-06,-8.972435825348334e-05,-7.33366056617039e-05,-0.0018425631261663965,-0.001747980956593488,0.0018377053148469712,0.0027589868779301693
B_tbl_minus_hqql,mod.blocks.0.attn.h3,electron<-electron,0.08644493766114465,-0.0018377081050971356,0.0,0.0,0.0,-0.0018377081050971356,-0.0018377081050971356,0.0018377081050971356,0.0027565621576457035
signed_hqql_tbl,mod.cls_blocks.1.attn.h4,CLS<-electron,0.07452127745636972,-0.0011578707475337069,0.0020249391618563095,-0.00025029898922314587,0.00012763331111879475,-0.0031828099093900164,-0.0009075717583105611,0.0011578707475337069,0.002749275702228715
signed_hqql_tbl,mod.cls_blocks.0.attn.h1,muon<-neutral_hadron,0.0,0.0,0.005483919382095337,0.0033698255817095437,0.0,-0.005483919382095337,-0.0033698255817095437,0.0,0.0027419596910476683
signed_hqql_tbl,mod.cls_blocks.0.attn.h3,photon<-charged_hadron,0.038195555860346016,-0.0013662534765899181,-0.004112607097789033,-0.006898751521172623,-0.0007577038605708674,0.0027463536211991147,0.005532498044582705,0.0013662534765899181,0.0027394302871894755
B_tbl_minus_hqql,mod.cls_blocks.0.attn.h6,neutral_hadron<-photon,0.017166794721896833,0.0018262656262287727,0.0,0.0,0.0,0.0018262656262287727,0.0018262656262287727,0.0018262656262287727,0.002739398439343159
B_tbl_minus_hqql,mod.blocks.5.attn.h3,muon<-electron,0.06227203831076622,-0.0018193656578660011,0.0,0.0,0.0,-0.0018193656578660011,-0.0018193656578660011,0.0018193656578660011,0.0027290484867990017
signed_hqql_tbl,mod.blocks.5.attn.h3,muon<-electron,0.06227201223373413,-0.0018193632131442428,0.0,5.298463656799868e-05,-0.0013807900249958038,-0.0018193632131442428,-0.0018723478497122414,0.0018193632131442428,0.002729044819716364
signed_hqql_tbl,mod.cls_blocks.0.attn.h3,electron<-electron,0.01923662656918168,0.0018172960262745619,0.0,0.008295380044728518,0.0,0.0018172960262745619,-0.006478084018453956,0.0018172960262745619,0.002725944039411843
B_tbl_minus_hqql,mod.cls_blocks.0.attn.h3,charged_hadron<-charged_hadron,0.026583812939815033,-0.0017974648672418718,0.0,0.0,0.0,-0.0017974648672418718,-0.0017974648672418718,0.0017974648672418718,0.0026961973008628078
signed_hqql_tbl,mod.blocks.6.attn.h3,muon<-electron,0.2497018575668335,0.001786877866834402,0.0,7.715103856753558e-05,0.00034414566471241415,0.001786877866834402,0.0017097268282668665,0.001786877866834402,0.002680316800251603
B_tbl_minus_hqql,mod.blocks.6.attn.h3,muon<-electron,0.24970191717147827,0.0017868756549432874,0.0,0.0,0.0,0.0017868756549432874,0.0017868756549432874,0.0017868756549432874,0.002680313482414931
signed_hqql_tbl,mod.cls_blocks.0.attn.h4,CLS<-photon,0.018711686082777266,0.0015897831450954441,-0.0005878545529213711,-0.0016752025078887974,-0.0012269743661863523,0.002177637698016815,0.0032649856529842415,0.0015897831450954441,0.0026786019941038514
signed_hqql_tbl,mod.cls_blocks.0.attn.h4,neutral_hadron<-electron,0.012243117671459913,0.0017837046179920435,0.0,0.002503580879420042,0.00131681514903903,0.0017837046179920435,-0.0007198762614279985,0.0017837046179920435,0.0026755569269880652
B_tbl_minus_hqql,mod.cls_blocks.0.attn.h1,CLS<-neutral_hadron,0.03151861785186662,-0.0017602791702966132,0.0,0.0,0.0,-0.0017602791702966132,-0.0017602791702966132,0.0017602791702966132,0.0026404187554449196
signed_hqql_tbl,mod.cls_blocks.0.attn.h6,charged_hadron<-photon,0.02028423463794547,0.0019304182865774967,0.0005596264598367751,0.002294885676081588,-0.0017232411750117127,0.0013707918267407216,-0.00036446738950409114,0.0019304182865774967,0.0026158141999478575
B_tbl_minus_hqql,mod.cls_blocks.0.attn.h4,photon<-neutral_hadron,0.03148512542247772,0.0017420281074009836,0.0,0.0,0.0,0.0017420281074009836,0.0017420281074009836,0.0017420281074009836,0.0026130421611014754
B_tbl_minus_hqql,mod.blocks.2.attn.h4,electron<-muon,0.08736002445220947,-0.0017344523221254349,0.0,0.0,0.0,-0.0017344523221254349,-0.0017344523221254349,0.0017344523221254349,0.0026016784831881523
signed_hqql_tbl,mod.blocks.2.attn.h4,electron<-muon,0.0873599722981453,-0.0017344487132504582,0.0,-0.001971988473087549,0.0004049423732794821,-0.0017344487132504582,0.00023753975983709097,0.0017344487132504582,0.0026016730698756874
B_tbl_minus_hqql,mod.cls_blocks.0.attn.h7,CLS<-neutral_hadron,0.027708397852996038,0.0017195564199475543,0.0,0.0,0.0,0.0017195564199475543,0.0017195564199475543,0.0017195564199475543,0.002579334629921331
B_tbl_minus_hqql,mod.blocks.7.attn.h3,electron<-muon,0.3584148585796356,0.0017149077029898763,0.0,0.0,0.0,0.0017149077029898763,0.0017149077029898763,0.0017149077029898763,0.0025723615544848144
signed_hqql_tbl,mod.blocks.7.attn.h3,electron<-muon,0.35841479897499084,0.0017149046761915088,0.0,0.00018609721155371517,9.497524297330528e-05,0.0017149046761915088,0.0015288074646377936,0.0017149046761915088,0.002572357014287263
B_tbl_minus_hqql,mod.cls_blocks.0.attn.h3,electron<-neutral_hadron,0.017285127479296464,-0.0017120503605558323,0.0,0.0,0.0,-0.0017120503605558323,-0.0017120503605558323,0.0017120503605558323,0.0025680755408337484
signed_hqql_tbl,mod.blocks.7.attn.h7,muon<-electron,0.08859513700008392,0.001677324646152556,0.0,1.5193712954442162e-07,4.346983606406951e-10,0.001677324646152556,0.0016771727090230115,0.001677324646152556,0.002515986969228834
B_tbl_minus_hqql,mod.blocks.7.attn.h7,muon<-electron,0.08859514445066452,0.0016773245297372341,0.0,0.0,0.0,0.0016773245297372341,0.0016773245297372341,0.0016773245297372341,0.002515986794605851
B_tbl_minus_hqql,mod.cls_blocks.0.attn.h3,photon<-neutral_hadron,0.02752308500930667,-0.001626323166419752,0.0,0.0,0.0,-0.001626323166419752,-0.001626323166419752,0.001626323166419752,0.002439484749629628
signed_hqql_tbl,mod.cls_blocks.0.attn.h6,neutral_hadron<-photon,0.015938054139797504,0.0016468475644405072,8.193528364327821e-05,0.0035805373507387496,-0.0018917839663724104,0.0015649122807972291,-0.0019336897862982424,0.0016468475644405072,0.002429303704839122
B_tbl_minus_hqql,mod.cls_blocks.0.attn.h2,photon<-charged_hadron,0.030382451685992153,0.0016183742131529884,0.0,0.0,0.0,0.0016183742131529884,0.0016183742131529884,0.0016183742131529884,0.0024275613197294824
B_tbl_minus_hqql,mod.cls_blocks.0.attn.h4,CLS<-photon,0.019159972100521866,0.001610254018106675,0.0,0.0,0.0,0.001610254018106675,0.001610254018106675,0.001610254018106675,0.0024153810271600124
signed_hqql_tbl,mod.cls_blocks.0.attn.h0,charged_hadron<-muon,0.0,0.0,0.004822825081646442,0.044198185205459595,0.006124916486442089,-0.004822825081646442,-0.044198185205459595,0.0,0.002411412540823221
signed_hqql_tbl,mod.blocks.0.attn.h6,electron<-electron,0.031383502208336723,0.0016046160818603994,-3.0447657195509237e-06,4.459328314017815e-05,5.317168870533351e-06,0.0016076608475799504,0.0015600227987202214,0.0016046160818603994,0.0024084465056503747
B_tbl_minus_hqql,mod.blocks.0.attn.h6,electron<-electron,0.03138350224471651,0.001604615732682646,0.0,0.0,0.0,0.001604615732682646,0.001604615732682646,0.001604615732682646,0.0024069235990239694
signed_hqql_tbl,mod.cls_blocks.0.attn.h2,photon<-CLS,0.0,0.0,0.004803287517279387,0.0,0.0,-0.004803287517279387,0.0,0.0,0.0024016437586396933
signed_hqql_tbl,mod.cls_blocks.0.attn.h7,electron<-electron,0.028490046970546246,0.0015847403556108475,0.0,-0.01225635502487421,0.0,0.0015847403556108475,0.013841095380485058,0.0015847403556108475,0.002377110533416271
signed_hqql_tbl,mod.cls_blocks.0.attn.h4,muon<-muon,0.0,0.0,0.004753698129206896,-0.11674617727597554,0.0,-0.004753698129206896,0.11674617727597554,0.0,0.002376849064603448
B_tbl_minus_hqql,mod.cls_blocks.0.attn.h1,electron<-neutral_hadron,0.0342502616919004,-0.001581713270682555,0.0,0.0,0.0,-0.001581713270682555,-0.001581713270682555,0.001581713270682555,0.0023725699060238325
B_tbl_minus_hqql,mod.cls_blocks.0.attn.h4,CLS<-charged_hadron,0.026320431872579444,-0.0015704497826731856,0.0,0.0,0.0,-0.0015704497826731856,-0.0015704497826731856,0.0015704497826731856,0.0023556746740097784
B_tbl_minus_hqql,mod.cls_blocks.0.attn.h7,electron<-charged_hadron,0.023031737832796006,0.00156166541966654,0.0,0.0,0.0,0.00156166541966654,0.00156166541966654,0.00156166541966654,0.0023424981294998103
signed_hqql_tbl,mod.cls_blocks.0.attn.h3,CLS<-photon,0.02032948638534876,-0.00193568355819552,-0.0027346112661119273,-0.003477352345194197,-0.0003466607836651818,0.0007989277079164072,0.001541668786998677,0.00193568355819552,0.0023351474121537236
B_tbl_minus_hqql,mod.cls_blocks.0.attn.h2,CLS<-electron,0.018372913415078074,0.001554847665829584,0.0,0.0,0.0,0.001554847665829584,0.001554847665829584,0.001554847665829584,0.002332271498744376
B_tbl_minus_hqql,mod.cls_blocks.0.attn.h1,charged_hadron<-charged_hadron,0.026022449899942447,-0.0015473929398024504,0.0,0.0,0.0,-0.0015473929398024504,-0.0015473929398024504,0.0015473929398024504,0.0023210894097036756
signed_hqql_tbl,mod.cls_blocks.0.attn.h2,muon<-muon,0.0,0.0,0.004627884365618229,0.0021188141157229743,0.0,-0.004627884365618229,-0.0021188141157229743,0.0,0.0023139421828091145
B_tbl_minus_hqql,mod.cls_blocks.0.attn.h3,neutral_hadron<-charged_hadron,0.021201231341431107,-0.0015371507168679998,0.0,0.0,0.0,-0.0015371507168679998,-0.0015371507168679998,0.0015371507168679998,0.0023057260753019996
B_tbl_minus_hqql,mod.cls_blocks.0.attn.h3,charged_hadron<-photon,0.02097912216690225,-0.0015360792462622197,0.0,0.0,0.0,-0.0015360792462622197,-0.0015360792462622197,0.0015360792462622197,0.0023041188693933294
signed_hqql_tbl,mod.cls_blocks.0.attn.h3,neutral_hadron<-charged_hadron,0.024784443171127983,-0.001988879256490348,-0.0025427788496017456,-0.00536880005271204,-0.0004069659486413002,0.0005538995931113977,0.0033799207962216925,0.001988879256490348,0.0022658290530460467
B_tbl_minus_hqql,mod.blocks.3.attn.h6,electron<-electron,0.047268393300794284,-0.0014959002673400224,0.0,0.0,0.0,-0.0014959002673400224,-0.0014959002673400224,0.0014959002673400224,0.0022438504010100337
signed_hqql_tbl,mod.blocks.3.attn.h6,electron<-electron,0.04726838425816595,-0.0014959004612432937,-1.0730713012607751e-08,-1.1700354448862527e-05,-4.293717175585243e-05,-0.001495889730530281,-0.0014842001067944311,0.0014959004612432937,0.0022438453265084344
B_tbl_minus_hqql,mod.cls_blocks.0.attn.h1,CLS<-charged_hadron,0.026272765980656122,-0.0014955112523432235,0.0,0.0,0.0,-0.0014955112523432235,-0.0014955112523432235,0.0014955112523432235,0.0022432668785148354
signed_hqql_tbl,mod.cls_blocks.0.attn.h2,muon<-CLS,0.0,0.0,0.004475472029298544,0.0,0.0,-0.004475472029298544,0.0,0.0,0.002237736014649272
signed_hqql_tbl,mod.blocks.4.attn.h5,neutral_hadron<-muon,0.14920228719711304,-0.0012928731739521027,0.0005814522446598858,-0.0003446597823456518,0.00014855131181927087,-0.0018743254186119884,-0.0009482133916064509,0.0012928731739521027,0.002230035883258097
signed_hqql_tbl,mod.blocks.1.attn.h2,muon<-electron,0.3587591052055359,0.0014800652861595154,0.0,0.0001262676960323006,-9.610835682849483e-09,0.0014800652861595154,0.0013537975901272148,0.0014800652861595154,0.002220097929239273
B_tbl_minus_hqql,mod.blocks.1.attn.h2,muon<-electron,0.3587590754032135,0.0014800616772845387,0.0,0.0,0.0,0.0014800616772845387,0.0014800616772845387,0.0014800616772845387,0.002220092515926808
B_tbl_minus_hqql,mod.cls_blocks.0.attn.h3,CLS<-neutral_hadron,0.02287691252099143,-0.0014752658242951073,0.0,0.0,0.0,-0.0014752658242951073,-0.0014752658242951073,0.0014752658242951073,0.002212898736442661
signed_hqql_tbl,mod.cls_blocks.0.attn.h7,electron<-charged_hadron,0.024371137931233362,0.0014645848312370834,0.0,0.0048079098175678936,0.0,0.0014645848312370834,-0.0033433249863308104,0.0014645848312370834,0.002196877246855625
B_tbl_minus_hqql,mod.cls_blocks.0.attn.h3,charged_hadron<-neutral_hadron,0.024823348198471398,-0.0014605920055303081,0.0,0.0,0.0,-0.0014605920055303081,-0.0014605920055303081,0.0014605920055303081,0.002190888008295462
B_tbl_minus_hqql,mod.cls_blocks.1.attn.h4,neutral_hadron<-electron,0.05735916816047393,0.0014450607498019963,0.0,0.0,0.0,0.0014450607498019963,0.0014450607498019963,0.0014450607498019963,0.0021675911247029944
B_tbl_minus_hqql,mod.blocks.3.attn.h3,muon<-electron,0.027105027809739113,-0.0014380411012098193,0.0,0.0,0.0,-0.0014380411012098193,-0.0014380411012098193,0.0014380411012098193,0.002157061651814729
signed_hqql_tbl,mod.blocks.3.attn.h3,muon<-electron,0.027105018496513367,-0.0014380407519638538,0.0,-1.3039741588727338e-06,-0.00022876422735862434,-0.0014380407519638538,-0.001436736777804981,0.0014380407519638538,0.0021570611279457808
B_tbl_minus_hqql,mod.blocks.6.attn.h2,electron<-muon,0.4552607536315918,0.0014285825891420245,0.0,0.0,0.0,0.0014285825891420245,0.0014285825891420245,0.0014285825891420245,0.0021428738837130368
signed_hqql_tbl,mod.blocks.6.attn.h2,electron<-muon,0.4552607536315918,0.0014285810757428408,0.0,0.0016009731916710734,-3.7128043572920433e-07,0.0014285810757428408,-0.00017239211592823267,0.0014285810757428408,0.002142871613614261
B_tbl_minus_hqql,mod.blocks.1.attn.h4,muon<-electron,0.2668328583240509,-0.0014077508822083473,0.0,0.0,0.0,-0.0014077508822083473,-0.0014077508822083473,0.0014077508822083473,0.002111626323312521
signed_hqql_tbl,mod.blocks.1.attn.h4,muon<-electron,0.2668328881263733,-0.001407747738994658,0.0,-0.00013580051017925143,-0.0014136427780613303,-0.001407747738994658,-0.0012719472288154066,0.001407747738994658,0.002111621608491987
signed_hqql_tbl,mod.cls_blocks.0.attn.h1,electron<-photon,0.011673795905980196,-0.0014034799215468493,0.0,0.0026641167079408962,0.0,-0.0014034799215468493,-0.0040675966294877455,0.0014034799215468493,0.002105219882320274
signed_hqql_tbl,mod.cls_blocks.0.attn.h2,neutral_hadron<-CLS,0.005436468869447708,0.0020387512631714344,0.0021544350311160088,0.0,0.0,-0.00011568376794457436,0.0020387512631714344,0.0020387512631714344,0.0020965931471437216
B_tbl_minus_hqql,mod.cls_blocks.0.attn.h6,electron<-photon,0.015000349418683485,0.0013964702375233173,0.0,0.0,0.0,0.0013964702375233173,0.0013964702375233173,0.0013964702375233173,0.002094705356284976
signed_hqql_tbl,mod.cls_blocks.0.attn.h3,photon<-photon,0.027533640986994692,-0.0012951443756097241,-0.002881850810500525,-0.0034633054059337487,-0.0008060812975305158,0.0015867064348908007,0.0021681610303240246,0.0012951443756097241,0.0020884975930551245
signed_hqql_tbl,mod.cls_blocks.0.attn.h3,photon<-neutral_hadron,0.027523085242137313,-0.001626323391974438,-0.0025323374691652136,-0.005264273354489552,5.867871056709971e-05,0.0009060140771907756,0.003637949962515114,0.001626323391974438,0.0020793304305698258
signed_hqql_tbl,mod.cls_blocks.0.attn.h2,electron<-muon,0.014181297272443771,-0.0013775869738310575,0.0,0.0,0.0,-0.0013775869738310575,-0.0013775869738310575,0.0013775869738310575,0.0020663804607465863
B_tbl_minus_hqql,mod.cls_blocks.0.attn.h2,CLS<-muon,0.014181295409798622,-0.001377586741000414,0.0,0.0,0.0,-0.001377586741000414,-0.001377586741000414,0.001377586741000414,0.002066380111500621
B_tbl_minus_hqql,mod.cls_blocks.0.attn.h2,electron<-muon,0.014181295409798622,-0.001377586741000414,0.0,0.0,0.0,-0.001377586741000414,-0.001377586741000414,0.001377586741000414,0.002066380111500621
B_tbl_minus_hqql,mod.cls_blocks.0.attn.h1,electron<-photon,0.012052974917671898,-0.00137697071345015,0.0,0.0,0.0,-0.00137697071345015,-0.00137697071345015,0.00137697071345015,0.0020654560701752252
signed_hqql_tbl,mod.cls_blocks.0.attn.h2,neutral_hadron<-charged_hadron,0.019287295531535496,-0.0012158724492874699,0.000451645627617836,-0.002285027395813696,-0.0027441662549972535,-0.001667518076905306,0.001069154946526226,0.0012158724492874699,0.0020496314877401227
B_tbl_minus_hqql,mod.cls_blocks.0.attn.h3,photon<-charged_hadron,0.03819555721499703,-0.0013662535189227624,0.0,0.0,0.0,-0.0013662535189227624,-0.0013662535189227624,0.0013662535189227624,0.002049380278384144
signed_hqql_tbl,mod.cls_blocks.0.attn.h3,electron<-neutral_hadron,0.012129336022413693,-0.0013490711392548222,0.0,-0.0019306888534629252,0.0,-0.0013490711392548222,0.000581617714208103,0.0013490711392548222,0.002023606708882233
signed_hqql_tbl,mod.cls_blocks.0.attn.h5,photon<-photon,0.030341434635614093,0.0005008945866536937,-0.0025306371661195123,-0.0017435210439461198,-0.0012000435082292235,0.0030315317527732063,0.0022444156305998133,0.0005008945866536937,0.002016660463040297
signed_hqql_tbl,mod.cls_blocks.0.attn.h3,neutral_hadron<-photon,0.015559493349148678,-0.0014928835802353346,-0.002534925090995702,-0.0047382345678759555,-0.00010872967541217804,0.0010420415107603672,0.003245350987640621,0.0014928835802353346,0.0020139043356155184
signed_hqql_tbl,mod.cls_blocks.0.attn.h3,charged_hadron<-photon,0.02107022765656592,-0.0015706236172519938,-0.0024283289512973434,-0.0016286302494203171,-0.00021250260998589957,0.0008577053340453496,5.800663216832332e-05,0.0015706236172519938,0.0019994762842746685
B_tbl_minus_hqql,mod.cls_blocks.0.attn.h5,photon<-neutral_hadron,0.023853851947933435,-0.001324717644820339,0.0,0.0,0.0,-0.001324717644820339,-0.001324717644820339,0.001324717644820339,0.0019870764672305086
signed_hqql_tbl,mod.cls_blocks.0.attn.h4,muon<-photon,0.0,0.0,0.00392143502831459,0.0013907624122041923,0.0,-0.00392143502831459,-0.0013907624122041923,0.0,0.001960717514157295
signed_hqql_tbl,mod.cls_blocks.0.attn.h6,electron<-photon,0.014454326169057325,0.001301582098345865,0.0,0.004543755203485489,0.0,0.001301582098345865,-0.0032421731051396237,0.001301582098345865,0.0019523731475187974
B_tbl_minus_hqql,mod.cls_blocks.0.attn.h3,photon<-photon,0.02753363941845141,-0.001295144400118213,0.0,0.0,0.0,-0.001295144400118213,-0.001295144400118213,0.001295144400118213,0.0019427166001773194
B_tbl_minus_hqql,mod.blocks.4.attn.h5,neutral_hadron<-muon,0.1492022673288981,-0.001292872941121459,0.0,0.0,0.0,-0.001292872941121459,-0.001292872941121459,0.001292872941121459,0.0019393094116821885
signed_hqql_tbl,mod.cls_blocks.1.attn.h1,CLS<-muon,0.004394318908452988,-0.00023207286722026765,0.0031190438157864264,-5.574092551796639e-05,-1.1379313264114899e-05,-0.003351116683006694,-0.00017633194170230126,0.00023207286722026765,0.0019076312087236147
signed_hqql_tbl,mod.cls_blocks.0.attn.h6,electron<-neutral_hadron,0.01738167554140091,0.0012529319725357569,0.0,0.004271133337169886,0.0,0.0012529319725357569,-0.0030182013646341288,0.0012529319725357569,0.0018793979588036353
B_tbl_minus_hqql,mod.cls_blocks.0.attn.h7,neutral_hadron<-charged_hadron,0.020612783190132915,0.001226531719599945,0.0,0.0,0.0,0.001226531719599945,0.001226531719599945,0.001226531719599945,0.0018397975793999176
B_tbl_minus_hqql,mod.cls_blocks.0.attn.h7,neutral_hadron<-neutral_hadron,0.024805738375737116,-0.0012106835716762221,0.0,0.0,0.0,-0.0012106835716762221,-0.0012106835716762221,0.0012106835716762221,0.0018160253575143332
B_tbl_minus_hqql,mod.cls_blocks.0.attn.h0,electron<-photon,0.00970952653072097,0.0011890218169851737,0.0,0.0,0.0,0.0011890218169851737,0.0011890218169851737,0.0011890218169851737,0.0017835327254777605
B_tbl_minus_hqql,mod.blocks.0.attn.h0,muon<-electron,0.18513520061969757,0.0011889463057741523,0.0,0.0,0.0,0.0011889463057741523,0.0011889463057741523,0.0011889463057741523,0.0017834194586612284
signed_hqql_tbl,mod.blocks.0.attn.h0,muon<-electron,0.18513517081737518,0.0011889461893588305,0.0,-0.0024189495015889406,7.41687022909332e-09,0.0011889461893588305,0.003607895690947771,0.0011889461893588305,0.0017834192840382457
B_tbl_minus_hqql,mod.blocks.3.attn.h5,muon<-electron,0.18929170072078705,-0.001184784690849483,0.0,0.0,0.0,-0.001184784690849483,-0.001184784690849483,0.001184784690849483,0.0017771770362742245
signed_hqql_tbl,mod.blocks.3.attn.h5,muon<-electron,0.18929167091846466,-0.0011847801506519318,0.0,0.01733594387769699,-0.0010754391551017761,-0.0011847801506519318,-0.018520724028348923,0.0011847801506519318,0.0017771702259778976
B_tbl_minus_hqql,mod.cls_blocks.0.attn.h4,electron<-neutral_hadron,0.022255891790756814,0.0011798695911868261,0.0,0.0,0.0,0.0011798695911868261,0.0011798695911868261,0.0011798695911868261,0.0017698043867802392
B_tbl_minus_hqql,mod.cls_blocks.0.attn.h3,neutral_hadron<-neutral_hadron,0.02126746567396017,-0.0011782568270483841,0.0,0.0,0.0,-0.0011782568270483841,-0.0011782568270483841,0.0011782568270483841,0.0017673852405725762
B_tbl_minus_hqql,mod.cls_blocks.0.attn.h2,electron<-neutral_hadron,0.016403653300725497,-0.0011732074826096112,0.0,0.0,0.0,-0.0011732074826096112,-0.0011732074826096112,0.0011732074826096112,0.001759811223914417
signed_hqql_tbl,mod.cls_blocks.0.attn.h3,electron<-muon,0.02434620074927807,-0.0011696845758706331,0.0,0.0,0.0,-0.0011696845758706331,-0.0011696845758706331,0.0011696845758706331,0.0017545268638059497
B_tbl_minus_hqql,mod.cls_blocks.0.attn.h3,CLS<-muon,0.02434620074927807,-0.001169683295302093,0.0,0.0,0.0,-0.001169683295302093,-0.001169683295302093,0.001169683295302093,0.0017545249429531395
B_tbl_minus_hqql,mod.cls_blocks.0.attn.h3,electron<-muon,0.02434620074927807,-0.001169683295302093,0.0,0.0,0.0,-0.001169683295302093,-0.001169683295302093,0.001169683295302093,0.0017545249429531395
signed_hqql_tbl,mod.cls_blocks.0.attn.h7,neutral_hadron<-photon,0.018677832988592293,0.0006332566675085288,-0.0016006346453319895,0.0013250065419603797,-0.0005576184717938304,0.0022338913128405182,-0.0006917498744518508,0.0006332566675085288,0.001750202323928788
signed_hqql_tbl,mod.cls_blocks.0.attn.h5,photon<-neutral_hadron,0.023853851249441504,-0.0013247171555121895,-0.002137015893822536,-0.0018067279046303348,0.0006725506058761052,0.0008122987383103464,0.0004820107491181453,0.0013247171555121895,0.0017308665246673627
signed_hqql_tbl,mod.cls_blocks.0.attn.h3,muon<-muon,0.0,0.0,-0.003443500492721796,-0.003479859015593926,0.0,0.003443500492721796,0.003479859015593926,0.0,0.001721750246360898
B_tbl_minus_hqql,mod.cls_blocks.0.attn.h1,charged_hadron<-photon,0.02025539585402314,0.0011389297384007927,0.0,0.0,0.0,0.0011389297384007927,0.0011389297384007927,0.0011389297384007927,0.001708394607601189
signed_hqql_tbl,mod.blocks.1.attn.h7,muon<-electron,0.049765992909669876,0.001133843557909131,0.0,-1.966500531125348e-05,-6.816661679565073e-10,0.001133843557909131,0.0011535085632203845,0.001133843557909131,0.0017007653368636966
B_tbl_minus_hqql,mod.blocks.1.attn.h7,muon<-electron,0.049765996634960175,0.0011338433250784874,0.0,0.0,0.0,0.0011338433250784874,0.0011338433250784874,0.0011338433250784874,0.001700764987617731
B_tbl_minus_hqql,mod.cls_blocks.0.attn.h1,CLS<-electron,0.01360576570732519,0.0011308351677143946,0.0,0.0,0.0,0.0011308351677143946,0.0011308351677143946,0.0011308351677143946,0.001696252751571592
B_tbl_minus_hqql,mod.cls_blocks.0.attn.h6,neutral_hadron<-electron,0.008984437212347984,0.001130204414948821,0.0,0.0,0.0,0.001130204414948821,0.001130204414948821,0.001130204414948821,0.0016953066224232316
signed_hqql_tbl,mod.cls_blocks.1.attn.h4,neutral_hadron<-neutral_hadron,0.016024379489513543,0.00029886556764652667,-0.002485397271811962,-0.00016191325933808307,0.0008486444363370538,0.002784262839458489,0.0004607788269846097,0.00029886556764652667,0.0016909969873757712
B_tbl_minus_hqql,mod.cls_blocks.0.attn.h1,electron<-charged_hadron,0.019945072985830762,0.0011191600046697118,0.0,0.0,0.0,0.0011191600046697118,0.0011191600046697118,0.0011191600046697118,0.0016787400070045677
B_tbl_minus_hqql,mod.cls_blocks.0.attn.h2,charged_hadron<-charged_hadron,0.021271595779137734,-0.0011118735956887787,0.0,0.0,0.0,-0.0011118735956887787,-0.0011118735956887787,0.0011118735956887787,0.001667810393533168
signed_hqql_tbl,mod.cls_blocks.0.attn.h3,CLS<-neutral_hadron,0.0204108382560431,-0.001272624691150018,-0.0020551191456991457,-0.00397915157269121,-0.0004501849093562546,0.0007824944545491276,0.0027065268815411915,0.001272624691150018,0.001663871918424582
signed_hqql_tbl,mod.blocks.6.attn.h6,neutral_hadron<-muon,0.09365853667259216,3.888417874501708e-06,-0.003272043977631256,0.0007759141113446707,-6.475368415218934e-05,0.0032759323955057575,-0.0007720256934701691,3.888417874501708e-06,0.0016418546156273806
signed_hqql_tbl,mod.cls_blocks.0.attn.h5,CLS<-charged_hadron,0.02631398815050769,-0.0005939323005904339,-0.002659319084219254,-0.0020579361847910273,-0.00023122699804553368,0.00206538678362882,0.0014640038842005936,0.0005939323005904339,0.001626625692404844
signed_hqql_tbl,mod.cls_blocks.0.attn.h5,photon<-charged_hadron,0.03559787232767452,-6.325585259632631e-08,-0.0032310593005729048,-0.002878652730335792,-0.000708717830389379,0.0032309960447203085,0.0028785894744831958,6.325585259632631e-08,0.0016155612782127505
signed_hqql_tbl,mod.cls_blocks.0.attn.h2,electron<-CLS,0.005314269103109837,0.0010760931763797998,0.0,0.0,0.0,0.0010760931763797998,0.0010760931763797998,0.0010760931763797998,0.0016141397645696998
signed_hqql_tbl,mod.cls_blocks.0.attn.h3,charged_hadron<-neutral_hadron,0.023559528435098714,-0.0013927431327515635,-0.0018071336192352807,-0.0019306815674473695,-0.0006011618314207428,0.0004143904864837172,0.000537938434695806,0.0013927431327515635,0.0015999383759934221
signed_hqql_tbl,mod.cls_blocks.1.attn.h0,neutral_hadron<-electron,0.06472964724525809,-0.0010659890558599727,0.0,-1.0977370948239695e-05,-9.643918019719422e-06,-0.0010659890558599727,-0.001055011684911733,0.0010659890558599727,0.001598983583789959
signed_hqql_tbl,mod.cls_blocks.0.attn.h5,muon<-charged_hadron,0.0,0.0,-0.0031570108099417253,-0.0019734975141592515,0.0,0.0031570108099417253,0.0019734975141592515,0.0,0.0015785054049708626
B_tbl_minus_hqql,mod.cls_blocks.0.attn.h5,electron<-photon,0.01684802296486768,-0.0010521611706777053,0.0,0.0,0.0,-0.0010521611706777053,-0.0010521611706777053,0.0010521611706777053,0.001578241756016558
signed_hqql_tbl,mod.blocks.3.attn.h2,electron<-electron,0.03559777076263622,-0.001047750056994623,4.963082417125397e-07,-2.6446561656672745e-08,-1.713193097015638e-07,-0.0010482463652363356,-0.0010477236104329663,0.001047750056994623,0.0015718732396127909
B_tbl_minus_hqql,mod.blocks.3.attn.h2,electron<-electron,0.035597779703411804,-0.0010477494050696312,0.0,0.0,0.0,-0.0010477494050696312,-0.0010477494050696312,0.0010477494050696312,0.0015716241076044468
signed_hqql_tbl,mod.blocks.5.attn.h3,electron<-muon,0.09957344084978104,-0.0010472879512235522,0.0,0.00014938808453734964,3.601313437684439e-05,-0.0010472879512235522,-0.0011966760357609019,0.0010472879512235522,0.0015709319268353283
B_tbl_minus_hqql,mod.blocks.5.attn.h3,electron<-muon,0.09957350045442581,-0.0010472872527316213,0.0,0.0,0.0,-0.0010472872527316213,-0.0010472872527316213,0.0010472872527316213,0.001570930879097432
B_tbl_minus_hqql,mod.cls_blocks.0.attn.h2,charged_hadron<-photon,0.024946350866640116,-0.0010470663931902865,0.0,0.0,0.0,-0.0010470663931902865,-0.0010470663931902865,0.0010470663931902865,0.0015705995897854297
signed_hqql_tbl,mod.cls_blocks.0.attn.h3,muon<-neutral_hadron,0.0,0.0,-0.0031315606087446214,-0.008119754493236542,0.0,0.0031315606087446214,0.008119754493236542,0.0,0.0015657803043723107
signed_hqql_tbl,mod.cls_blocks.0.attn.h3,muon<-CLS,0.0,0.0,0.0031090681441128254,0.0,0.0,-0.0031090681441128254,0.0,0.0,0.0015545340720564127
signed_hqql_tbl,mod.blocks.6.attn.h0,muon<-electron,0.2187340259552002,0.001025454024784267,0.0,-0.0021315475460141897,5.218615317659214e-09,0.001025454024784267,0.0031570015707984567,0.001025454024784267,0.0015381810371764004
B_tbl_minus_hqql,mod.blocks.6.attn.h0,muon<-electron,0.21873417496681213,0.0010254528606310487,0.0,0.0,0.0,0.0010254528606310487,0.0010254528606310487,0.0010254528606310487,0.001538179290946573
signed_hqql_tbl,mod.blocks.6.attn.h2,photon<-muon,0.04389755542461689,0.0008854244907314961,-0.0004125872980624151,0.0006561274989508092,-0.0002404293030580178,0.0012980117887939112,0.0002292969917806869,0.0008854244907314961,0.0015344303851284517
signed_hqql_tbl,mod.cls_blocks.0.attn.h7,CLS<-charged_hadron,0.026165636214412678,0.0008744512994585025,-0.0004444579350809655,0.0027374087434585454,-0.00016969124324062244,0.001318909234539468,-0.0018629574440000428,0.0008744512994585025,0.0015339059167282366
signed_hqql_tbl,mod.blocks.4.attn.h1,muon<-muon,0.04821273311972618,0.0010108684655278921,-1.488957293815929e-05,0.00802130666049301,-1.1399124559829943e-05,0.0010257580384660514,-0.007010438194965118,0.0010108684655278921,0.0015237474847609178
signed_hqql_tbl,mod.cls_blocks.0.attn.h5,charged_hadron<-charged_hadron,0.025501941450131245,-0.0005690901993941038,-0.0024746641766552517,-0.0007150245906222005,-4.7012329136270176e-05,0.001905573977261148,0.0001459343912280967,0.0005690901993941038,0.001521877188024678
signed_hqql_tbl,mod.cls_blocks.1.attn.h4,CLS<-CLS,0.04861587183040683,0.0008345384524801602,-0.0005335067817415773,0.0,0.0,0.0013680452342217375,0.0008345384524801602,0.0008345384524801602,0.001518561069591029
B_tbl_minus_hqql,mod.blocks.4.attn.h1,muon<-muon,0.048212725669145584,0.0010108684655278921,0.0,0.0,0.0,0.0010108684655278921,0.0010108684655278921,0.0010108684655278921,0.0015163026982918382
B_tbl_minus_hqql,mod.blocks.0.attn.h0,muon<-muon,0.1032426655292511,0.0010072533041238785,0.0,0.0,0.0,0.0010072533041238785,0.0010072533041238785,0.0010072533041238785,0.0015108799561858177
signed_hqql_tbl,mod.blocks.0.attn.h0,muon<-muon,0.10324275493621826,0.0010072562145069242,1.7299380505875206e-07,6.371199498378388e-06,-4.342340389484889e-07,0.0010070832207018654,0.0010008850150085458,0.0010072562145069242,0.0015107978248578569
signed_hqql_tbl,mod.cls_blocks.0.attn.h5,electron<-photon,0.017323434352874756,-0.001002118033780293,0.0,-0.0013617310517777999,0.0,-0.001002118033780293,0.00035961301799750686,0.001002118033780293,0.0015031770506704395
signed_hqql_tbl,mod.blocks.1.attn.h2,muon<-muon,0.030540557578206062,-0.0009962983895093203,1.3831924654539307e-06,1.6986003359420465e-07,-3.1519876605064684e-07,-0.0009976815819747742,-0.0009964682495429145,0.0009962983895093203,0.0014951391804967074
B_tbl_minus_hqql,mod.blocks.1.attn.h2,muon<-muon,0.030540579929947853,-0.0009962983895093203,0.0,0.0,0.0,-0.0009962983895093203,-0.0009962983895093203,0.0009962983895093203,0.0014944475842639804
B_tbl_minus_hqql,mod.blocks.6.attn.h6,electron<-muon,0.4815227687358856,0.0009696402121335268,0.0,0.0,0.0,0.0009696402121335268,0.0009696402121335268,0.0009696402121335268,0.0014544603182002902
signed_hqql_tbl,mod.blocks.6.attn.h6,electron<-muon,0.4815227687358856,0.0009696354391053319,0.0,0.007562325801700354,-0.0012954325648024678,0.0009696354391053319,-0.006592690362595022,0.0009696354391053319,0.0014544531586579978
signed_hqql_tbl,mod.cls_blocks.0.attn.h6,muon<-charged_hadron,0.0,0.0,-0.0028834800151261416,0.0031142834669504412,0.0,0.0028834800151261416,-0.0031142834669504412,0.0,0.0014417400075630708
B_tbl_minus_hqql,mod.blocks.4.attn.h5,photon<-muon,0.10808232197394738,-0.0009515701005092034,0.0,0.0,0.0,-0.0009515701005092034,-0.0009515701005092034,0.0009515701005092034,0.001427355150763805
B_tbl_minus_hqql,mod.blocks.2.attn.h0,muon<-muon,0.026837026700377464,0.0009494099067524076,0.0,0.0,0.0,0.0009494099067524076,0.0009494099067524076,0.0009494099067524076,0.0014241148601286113
signed_hqql_tbl,mod.blocks.2.attn.h0,muon<-muon,0.026837041601538658,0.0009494100231677294,1.730766143737128e-06,-5.1532935287923465e-06,3.6370623490711296e-07,0.0009476792570239922,0.0009545633166965217,0.0009494100231677294,0.0014232496516797255
signed_hqql_tbl,mod.cls_blocks.1.attn.h1,photon<-charged_hadron,0.038623358715664254,0.000928785651922226,-1.4265910889762008e-05,-0.0006097154655435588,8.529551041099322e-05,0.000943051562811988,0.0015385011174657848,0.000928785651922226,0.0014003114333282199
signed_hqql_tbl,mod.cls_blocks.0.attn.h5,neutral_hadron<-photon,0.01833247863329374,-6.202807506689658e-05,-0.00272483615712686,-0.0026869133991353654,-0.0006998551310971379,0.0026628080820599634,0.0026248853240684687,6.202807506689658e-05,0.0013934321160968782
B_tbl_minus_hqql,mod.cls_blocks.1.attn.h1,photon<-charged_hadron,0.038623358038338745,0.0009287856201725928,0.0,0.0,0.0,0.0009287856201725928,0.0009287856201725928,0.0009287856201725928,0.0013931784302588892
signed_hqql_tbl,mod.cls_blocks.0.attn.h7,charged_hadron<-photon,0.0212163872702021,0.0007487631773471202,-0.000537803007890124,0.0009351158287467026,-0.0007191003461805534,0.0012865661852372442,-0.00018635265139958237,0.0007487631773471202,0.0013920462699657423
B_tbl_minus_hqql,mod.blocks.3.attn.h5,electron<-electron,0.04744934505451966,0.0009264941975914099,0.0,0.0,0.0,0.0009264941975914099,0.0009264941975914099,0.0009264941975914099,0.0013897412963871148
signed_hqql_tbl,mod.blocks.3.attn.h5,electron<-electron,0.047449321217027315,0.0009264928937312789,1.2874757260306069e-08,-3.928033341556632e-07,1.6786882864513093e-06,0.0009264800189740186,0.0009268856970654346,0.0009264928937312789,0.0013897329032182882
signed_hqql_tbl,mod.cls_blocks.0.attn.h6,photon<-neutral_hadron,0.030218612402677536,0.0004765579797094688,-0.0013439447619020938,0.0036003952600846163,-0.0003286537581256458,0.0018205027416115626,-0.0031238372803751475,0.0004765579797094688,0.0013868093505152502
B_tbl_minus_hqql,mod.blocks.1.attn.h3,muon<-electron,0.045963164418935776,-0.0009202450746670365,0.0,0.0,0.0,-0.0009202450746670365,-0.0009202450746670365,0.0009202450746670365,0.0013803676120005548
signed_hqql_tbl,mod.blocks.1.attn.h3,muon<-electron,0.045963164418935776,-0.0009202436194755137,0.0,0.0004837524320464581,-0.0017454014159739017,-0.0009202436194755137,-0.0014039960515219718,0.0009202436194755137,0.0013803654292132705
signed_hqql_tbl,mod.cls_blocks.0.attn.h2,muon<-neutral_hadron,0.0,0.0,-0.002759895846247673,-0.0026517598372366694,0.0,0.002759895846247673,0.0026517598372366694,0.0,0.0013799479231238366
B_tbl_minus_hqql,mod.cls_blocks.0.attn.h1,neutral_hadron<-charged_hadron,0.021741822145987248,-0.0009034581860338433,0.0,0.0,0.0,-0.0009034581860338433,-0.0009034581860338433,0.0009034581860338433,0.001355187279050765
signed_hqql_tbl,mod.cls_blocks.1.attn.h5,electron<-muon,0.08535681664943695,0.0009030552464537323,0.0,0.0,0.0,0.0009030552464537323,0.0009030552464537323,0.0009030552464537323,0.0013545828696805984
B_tbl_minus_hqql,mod.cls_blocks.1.attn.h5,CLS<-muon,0.08535685390233994,0.0009030548390001059,0.0,0.0,0.0,0.0009030548390001059,0.0009030548390001059,0.0009030548390001059,0.0013545822585001588
B_tbl_minus_hqql,mod.cls_blocks.1.attn.h5,electron<-muon,0.08535685390233994,0.0009030548390001059,0.0,0.0,0.0,0.0009030548390001059,0.0009030548390001059,0.0009030548390001059,0.0013545822585001588
B_tbl_minus_hqql,mod.blocks.6.attn.h5,muon<-electron,0.03748948872089386,0.0008980912389233708,0.0,0.0,0.0,0.0008980912389233708,0.0008980912389233708,0.0008980912389233708,0.0013471368583850563
signed_hqql_tbl,mod.blocks.6.attn.h5,muon<-electron,0.03748945891857147,0.0008980897255241871,0.0,-2.3378815967589617e-06,-4.7433019062737e-05,0.0008980897255241871,0.000900427607120946,0.0008980897255241871,0.0013471345882862806
B_tbl_minus_hqql,mod.cls_blocks.0.attn.h2,photon<-photon,0.03175207266682073,0.0008972427611680407,0.0,0.0,0.0,0.0008972427611680407,0.0008972427611680407,0.0008972427611680407,0.001345864141752061
signed_hqql_tbl,mod.cls_blocks.0.attn.h4,muon<-charged_hadron,0.0,0.0,0.002690743146972223,0.0019084152120810288,0.0,-0.002690743146972223,-0.0019084152120810288,0.0,0.0013453715734861114
B_tbl_minus_hqql,mod.cls_blocks.0.attn.h6,CLS<-photon,0.02043460799336021,0.000892851234229997,0.0,0.0,0.0,0.000892851234229997,0.000892851234229997,0.000892851234229997,0.0013392768513449955
signed_hqql_tbl,mod.cls_blocks.1.attn.h5,CLS<-muon,0.08535681664943695,0.0009030552464537323,4.728264343611954e-05,7.405620338829522e-05,-0.00020796347416762728,0.0008557726030176127,0.000828999043065437,0.0009030552464537323,0.0013309415479625386
B_tbl_minus_hqql,mod.blocks.6.attn.h2,photon<-muon,0.043897546254671536,0.000885424419091298,0.0,0.0,0.0,0.000885424419091298,0.000885424419091298,0.000885424419091298,0.001328136628636947
signed_hqql_tbl,mod.cls_blocks.0.attn.h2,charged_hadron<-charged_hadron,0.021388039852564152,-0.0012610668752294702,-0.0013919133329536857,-0.0005512718804353892,-0.0017978129416750454,0.00013084645772421552,-0.000709794994794081,0.0012610668752294702,0.0013264901040915779
B_tbl_minus_hqql,mod.cls_blocks.0.attn.h7,photon<-photon,0.026559314445445414,-0.0008805673446898398,0.0,0.0,0.0,-0.0008805673446898398,-0.0008805673446898398,0.0008805673446898398,0.0013208510170347597
B_tbl_minus_hqql,mod.cls_blocks.0.attn.h7,CLS<-charged_hadron,0.025487760255574414,0.0008787455919147784,0.0,0.0,0.0,0.0008787455919147784,0.0008787455919147784,0.0008787455919147784,0.0013181183878721676
B_tbl_minus_hqql,mod.cls_blocks.0.attn.h2,CLS<-photon,0.023982427524447854,-0.0008682206121618153,0.0,0.0,0.0,-0.0008682206121618153,-0.0008682206121618153,0.0008682206121618153,0.001302330918242723
signed_hqql_tbl,mod.cls_blocks.0.attn.h2,electron<-neutral_hadron,0.013215226049606617,-0.0008629364176438405,0.0,-0.0009025633917190135,0.0,-0.0008629364176438405,3.9626974075172914e-05,0.0008629364176438405,0.0012944046264657609
signed_hqql_tbl,mod.blocks.5.attn.h5,neutral_hadron<-muon,0.1701471209526062,-0.0006435648538172245,0.0006243052703212015,-0.00013553304865797,-5.525383846816112e-05,-0.001267870124138426,-0.0005080318051592545,0.0006435648538172245,0.0012774999158864375
signed_hqql_tbl,mod.blocks.2.attn.h4,electron<-electron,0.06515835132449865,-0.0008351756147021661,3.0173873483363423e-05,-0.0004508638169985109,2.20385172724491e-05,-0.0008653494881855295,-0.00038431179770365517,0.0008351756147021661,0.0012678503587949309
signed_hqql_tbl,mod.cls_blocks.1.attn.h0,electron<-neutral_hadron,0.07747234518711384,-0.0008437435932976839,0.0,-7.71403283579275e-05,0.0,-0.0008437435932976839,-0.0007666032649397564,0.0008437435932976839,0.001265615389946526
signed_hqql_tbl,mod.blocks.4.attn.h0,electron<-muon,0.012969549745321274,-0.0008401266532018781,0.0,-0.0005677907029166818,-6.591865542304731e-08,-0.0008401266532018781,-0.0002723359502851963,0.0008401266532018781,0.001260189979802817
B_tbl_minus_hqql,mod.blocks.4.attn.h0,electron<-muon,0.012969551607966423,-0.0008401264785788953,0.0,0.0,0.0,-0.0008401264785788953,-0.0008401264785788953,0.0008401264785788953,0.001260189717868343
B_tbl_minus_hqql,mod.cls_blocks.1.attn.h0,electron<-neutral_hadron,0.07764696014615205,-0.0008401153351699647,0.0,0.0,0.0,-0.0008401153351699647,-0.0008401153351699647,0.0008401153351699647,0.0012601730027549472
B_tbl_minus_hqql,mod.blocks.2.attn.h4,electron<-electron,0.06515836254693567,-0.0008351760770892724,0.0,0.0,0.0,-0.0008351760770892724,-0.0008351760770892724,0.0008351760770892724,0.0012527641156339087
signed_hqql_tbl,mod.cls_blocks.0.attn.h0,muon<-neutral_hadron,0.0,0.0,0.0024860352277755737,0.03147293461693658,0.0,-0.0024860352277755737,-0.03147293461693658,0.0,0.0012430176138877869
signed_hqql_tbl,mod.cls_blocks.0.attn.h2,muon<-charged_hadron,0.0,0.0,-0.0024834759533405304,-0.0016223140156421906,0.0,0.0024834759533405304,0.0016223140156421906,0.0,0.0012417379766702652
signed_hqql_tbl,mod.cls_blocks.0.attn.h7,neutral_hadron<-charged_hadron,0.021149330381034077,0.0007339811789384787,-0.00027206502854824064,0.004518242853303109,-0.0006185868196189404,0.0010060462074867192,-0.0037842616743646307,0.0007339811789384787,0.0012370042826818383
signed_hqql_tbl,mod.cls_blocks.0.attn.h2,CLS<-electron,0.018962016270961612,0.0008896728977560997,0.001581548829562962,0.00207644969798691,-0.001724637559770296,-0.0006918759318068624,-0.0011867768002308105,0.0008896728977560997,0.0012356108636595309
B_tbl_minus_hqql,mod.cls_blocks.0.attn.h1,neutral_hadron<-photon,0.017326771983733544,-0.0008129665628075599,0.0,0.0,0.0,-0.0008129665628075599,-0.0008129665628075599,0.0008129665628075599,0.0012194498442113398
B_tbl_minus_hqql,mod.cls_blocks.1.attn.h4,electron<-neutral_hadron,0.05055985771692716,-0.0008107194354614386,0.0,0.0,0.0,-0.0008107194354614386,-0.0008107194354614386,0.0008107194354614386,0.0012160791531921579
signed_hqql_tbl,mod.blocks.5.attn.h5,muon<-photon,0.029779106378555298,0.0004427952763552849,-0.0010802319201712424,0.0006305430211465468,-0.00035505439370387684,0.0015230271965265274,-0.00018774774479126186,0.0004427952763552849,0.0012043088746185487
signed_hqql_tbl,mod.cls_blocks.0.attn.h2,charged_hadron<-electron,0.02938334969803691,0.0007856647134758532,0.001581548829562962,-0.0022109154912565523,-0.0006463444733526558,-0.0007958841160871089,0.0029965802047324055,0.0007856647134758532,0.0011836067715194076
B_tbl_minus_hqql,mod.cls_blocks.0.attn.h2,charged_hadron<-electron,0.02938334783539176,0.0007856639567762613,0.0,0.0,0.0,0.0007856639567762613,0.0007856639567762613,0.0007856639567762613,0.001178495935164392
signed_hqql_tbl,mod.cls_blocks.0.attn.h3,neutral_hadron<-electron,0.014868675731122494,-0.0007850155816413462,0.0,-0.0004110944573767483,-0.0032041536178439856,-0.0007850155816413462,-0.0003739211242645979,0.0007850155816413462,0.0011775233724620193
B_tbl_minus_hqql,mod.blocks.3.attn.h1,muon<-electron,0.015615947544574738,0.0007833025883883238,0.0,0.0,0.0,0.0007833025883883238,0.0007833025883883238,0.0007833025883883238,0.0011749538825824857
signed_hqql_tbl,mod.blocks.3.attn.h1,muon<-electron,0.015615947544574738,0.0007833017152734101,0.0,-5.971116115688346e-05,-4.6054610720602795e-06,0.0007833017152734101,0.0008430128764302935,0.0007833017152734101,0.0011749525729101151
B_tbl_minus_hqql,mod.blocks.3.attn.h3,electron<-muon,0.013293581083416939,-0.0007787211798131466,0.0,0.0,0.0,-0.0007787211798131466,-0.0007787211798131466,0.0007787211798131466,0.0011680817697197199
signed_hqql_tbl,mod.blocks.3.attn.h3,electron<-muon,0.013293573632836342,-0.0007787207141518593,0.0,-8.655934652779251e-05,-0.00036708341212943196,-0.0007787207141518593,-0.0006921613676240668,0.0007787207141518593,0.001168081071227789
B_tbl_minus_hqql,mod.cls_blocks.0.attn.h6,CLS<-charged_hadron,0.02498169305623536,-0.0007756905708090669,0.0,0.0,0.0,-0.0007756905708090669,-0.0007756905708090669,0.0007756905708090669,0.0011635358562136003
signed_hqql_tbl,mod.blocks.2.attn.h5,electron<-muon,0.039635345339775085,-0.0007735878461971879,0.0,-0.003329200902953744,0.00034027869696728885,-0.0007735878461971879,0.002555613056756556,0.0007735878461971879,0.0011603817692957819
B_tbl_minus_hqql,mod.blocks.2.attn.h5,electron<-muon,0.039635322988033295,-0.0007735868566669524,0.0,0.0,0.0,-0.0007735868566669524,-0.0007735868566669524,0.0007735868566669524,0.0011603802850004286
signed_hqql_tbl,mod.blocks.2.attn.h4,muon<-charged_hadron,0.022745902836322784,0.0006476860027760268,-0.0003756075631827116,-0.00015658944371509654,-5.138099279102622e-05,0.0010232935659587384,0.0008042754464911233,0.0006476860027760268,0.001159332785755396
signed_hqql_tbl,mod.cls_blocks.0.attn.h5,neutral_hadron<-charged_hadron,0.024050364027852596,-0.001144758884565554,-0.0011657958229382833,-0.002559413863045554,-3.1763450242578986e-05,2.1036938372729448e-05,0.00141465497848,0.001144758884565554,0.0011552773537519185
signed_hqql_tbl,mod.cls_blocks.0.attn.h3,electron<-CLS,0.007166183087974787,0.0007693837978877127,0.0,0.0,0.0,0.0007693837978877127,0.0007693837978877127,0.0007693837978877127,0.001154075696831569
B_tbl_minus_hqql,mod.blocks.1.attn.h1,muon<-muon,0.027442559599876404,0.0007622363045811653,0.0,0.0,0.0,0.0007622363045811653,0.0007622363045811653,0.0007622363045811653,0.001143354456871748
signed_hqql_tbl,mod.blocks.1.attn.h1,muon<-muon,0.027442557737231255,0.000762236537411809,9.37975599413221e-08,0.0006572849152689742,-4.37926852706975e-07,0.0007621427398518676,0.0001049516221428348,0.000762236537411809,0.0011433079073377428
signed_hqql_tbl,mod.cls_blocks.0.attn.h5,neutral_hadron<-neutral_hadron,0.007979004572217282,-0.0004975648167041632,0.000793596962466836,-0.002505406921651835,-0.00039099834005658823,-0.0012911617791709993,0.0020078421049476718,0.0004975648167041632,0.001143145706289663
signed_hqql_tbl,mod.cls_blocks.0.attn.h2,CLS<-charged_hadron,0.022015552189189137,-0.0009477289417501048,-0.0013135406358616196,-0.002029173995496951,-0.0021531199608758396,0.00036581169411151486,0.0010814450537468463,0.0009477289417501048,0.0011306347888058621
signed_hqql_tbl,mod.cls_blocks.0.attn.h3,neutral_hadron<-neutral_hadron,0.01729157194495201,-0.0007105609805036623,0.00010990281589329243,-0.0010717880601684253,-0.0004721935217579206,-0.0008204637963969547,0.00036122707966476306,0.0007105609805036623,0.0011207928787021395
B_tbl_minus_hqql,mod.blocks.0.attn.h6,electron<-muon,0.271971732378006,0.0007465212256647646,0.0,0.0,0.0,0.0007465212256647646,0.0007465212256647646,0.0007465212256647646,0.001119781838497147
signed_hqql_tbl,mod.blocks.0.attn.h6,electron<-muon,0.271971732378006,0.0007465208182111382,0.0,0.0005568370688706636,0.0002731241984292865,0.0007465208182111382,0.0001896837493404746,0.0007465208182111382,0.0011197812273167074
signed_hqql_tbl,mod.blocks.3.attn.h2,muon<-electron,0.36340171098709106,0.0007462832727469504,0.0,0.01341382134705782,-1.5540603470753922e-08,0.0007462832727469504,-0.012667538074310869,0.0007462832727469504,0.0011194249091204256
B_tbl_minus_hqql,mod.blocks.3.attn.h2,muon<-electron,0.36340174078941345,0.0007462764624506235,0.0,0.0,0.0,0.0007462764624506235,0.0007462764624506235,0.0007462764624506235,0.0011194146936759353
B_tbl_minus_hqql,mod.cls_blocks.0.attn.h4,photon<-charged_hadron,0.03495300764387304,-0.0007414780557155609,0.0,0.0,0.0,-0.0007414780557155609,-0.0007414780557155609,0.0007414780557155609,0.0011122170835733414
signed_hqql_tbl,mod.cls_blocks.0.attn.h7,neutral_hadron<-neutral_hadron,0.013782002318363924,-0.0009505674019097709,-0.0012500723823904991,0.00012609067683418593,0.0021925903235872585,0.0002995049804807282,-0.0010766580787439568,0.0009505674019097709,0.001100319892150135
signed_hqql_tbl,mod.cls_blocks.0.attn.h4,CLS<-muon,0.04493241757154465,-0.0002812201273627579,0.0013487610267475247,-0.04267244410584681,-0.0015532982846101124,-0.0016299811541102827,0.04239122397848405,0.0002812201273627579,0.0010962107044178993
signed_hqql_tbl,mod.cls_blocks.0.attn.h7,CLS<-neutral_hadron,0.022159508532947965,0.0010040545242927259,0.0008223783593313137,0.0031241124746711215,-0.00098083759154621,0.00018167616496141212,-0.0021200579503783956,0.0010040545242927259,0.001094892606773432
signed_hqql_tbl,mod.blocks.4.attn.h5,photon<-muon,0.10808234031383808,-0.0009515706736307878,-0.0012090772641106294,0.0003317629632709379,-0.00041483589167775654,0.0002575065904798417,-0.0012833336369017256,0.0009515706736307878,0.0010803239688707087
signed_hqql_tbl,mod.cls_blocks.0.attn.h4,CLS<-charged_hadron,0.026430136329491424,-0.001045619428061979,-0.0009763763068638144,0.0018631939542662485,0.0005942768772484317,-6.924312119816454e-05,-0.0029088133823282273,0.001045619428061979,0.0010802409886610611
signed_hqql_tbl,mod.blocks.0.attn.h7,muon<-muon,0.07454098761081696,-0.0007177431834861636,3.263511469953073e-07,0.0028261388477796245,1.1381205311522535e-08,-0.0007180695346331589,-0.003543882031265788,0.0007177431834861636,0.001076777950802743
B_tbl_minus_hqql,mod.blocks.0.attn.h7,muon<-muon,0.074540875852108,-0.0007177426014095545,0.0,0.0,0.0,-0.0007177426014095545,-0.0007177426014095545,0.0007177426014095545,0.0010766139021143317
B_tbl_minus_hqql,mod.cls_blocks.0.attn.h7,charged_hadron<-photon,0.021404655046865975,0.0007165106928343295,0.0,0.0,0.0,0.0007165106928343295,0.0007165106928343295,0.0007165106928343295,0.0010747660392514942
B_tbl_minus_hqql,mod.cls_blocks.0.attn.h2,neutral_hadron<-electron,0.0095610988792032,0.000716375361662358,0.0,0.0,0.0,0.000716375361662358,0.000716375361662358,0.000716375361662358,0.001074563042493537
signed_hqql_tbl,mod.blocks.3.attn.h0,muon<-charged_hadron,0.018759134411811828,0.0006333964411169291,-0.00023654311274488767,0.0003828641838105074,6.0515967672880816e-05,0.0008699395538618168,0.00025053225730642165,0.0006333964411169291,0.0010683662180478374
B_tbl_minus_hqql,mod.blocks.1.attn.h4,electron<-electron,0.029884137475164607,-0.0006992812557427896,0.0,0.0,0.0,-0.0006992812557427896,-0.0006992812557427896,0.0006992812557427896,0.0010489218836141844
signed_hqql_tbl,mod.cls_blocks.1.attn.h4,muon<-neutral_hadron,0.0,0.0,0.0020921044051647186,0.005043753539212048,0.0,-0.0020921044051647186,-0.005043753539212048,0.0,0.0010460522025823593
signed_hqql_tbl,mod.cls_blocks.0.attn.h7,photon<-photon,0.026559314445445414,-0.0008805672221473957,-0.0005611147834145921,2.725482508222657e-05,0.000776175711606,-0.0003194524387328036,-0.0009078220472296223,0.0008805672221473957,0.0010402934415137976
signed_hqql_tbl,mod.blocks.1.attn.h4,electron<-electron,0.029884130862774326,-0.0006992808875793344,-1.9409534615988377e-05,-0.00022685303338221274,4.524954510998214e-05,-0.000679871352963346,-0.00047242785419712165,0.0006992808875793344,0.0010392165640610075
B_tbl_minus_hqql,mod.cls_blocks.0.attn.h3,charged_hadron<-electron,0.014271636493504047,-0.0006911009550094604,0.0,0.0,0.0,-0.0006911009550094604,-0.0006911009550094604,0.0006911009550094604,0.0010366514325141907
signed_hqql_tbl,mod.cls_blocks.0.attn.h4,charged_hadron<-muon,0.0,0.0,-0.0020561760757118464,0.0015248493291437626,0.0011375256581231952,0.0020561760757118464,-0.0015248493291437626,0.0,0.0010280880378559232
signed_hqql_tbl,mod.cls_blocks.1.attn.h4,charged_hadron<-electron,0.005793541669845581,2.9171212190703955e-05,0.0020249391618563095,-0.0005679810069523228,1.609321816431475e-05,-0.0019957679496656056,0.0005971522191430267,2.9171212190703955e-05,0.0010270551870235067
B_tbl_minus_hqql,mod.cls_blocks.0.attn.h5,CLS<-neutral_hadron,0.019853588991931508,-0.0006831575140365333,0.0,0.0,0.0,-0.0006831575140365333,-0.0006831575140365333,0.0006831575140365333,0.0010247362710548
signed_hqql_tbl,mod.cls_blocks.0.attn.h5,charged_hadron<-muon,0.0,0.0,-0.002021647756919265,-0.0010982764651998878,0.0008938495884649456,0.002021647756919265,0.0010982764651998878,0.0,0.0010108238784596324
B_tbl_minus_hqql,mod.cls_blocks.0.attn.h2,neutral_hadron<-photon,0.02094611387986403,-0.0006733289919793606,0.0,0.0,0.0,-0.0006733289919793606,-0.0006733289919793606,0.0006733289919793606,0.0010099934879690409
B_tbl_minus_hqql,mod.cls_blocks.1.attn.h1,neutral_hadron<-electron,0.033138858852908015,-0.0006701083657389972,0.0,0.0,0.0,-0.0006701083657389972,-0.0006701083657389972,0.0006701083657389972,0.0010051625486084959
signed_hqql_tbl,mod.blocks.2.attn.h5,muon<-charged_hadron,0.015720239281654357,0.0005802121013402939,-0.00026259856143345437,-2.6562055653153822e-05,-7.746041495809141e-05,0.0008428106627737483,0.0006067741569934477,0.0005802121013402939,0.0010016174327271681
signed_hqql_tbl,mod.cls_blocks.0.attn.h7,charged_hadron<-neutral_hadron,0.022767768723183666,0.0009441911684477638,0.001057118276709362,0.001668423883315614,-0.0016716646573816736,-0.00011292710826159812,-0.0007242327148678502,0.0009441911684477638,0.0010006547225785629
signed_hqql_tbl,mod.cls_blocks.0.attn.h5,CLS<-photon,0.02219177416451662,-0.00018087285490236068,-0.0018186936357964423,-0.0016315172742447054,-0.0008848483021308094,0.0016378207808940817,0.0014506444193423448,0.00018087285490236068,0.0009997832453494016
signed_hqql_tbl,mod.cls_blocks.1.attn.h7,electron<-neutral_hadron,0.03659876034809993,-0.0006653410460925302,0.0,0.0002315514939255081,0.0,-0.0006653410460925302,-0.0008968925400180384,0.0006653410460925302,0.0009980115691387954
B_tbl_minus_hqql,mod.blocks.2.attn.h1,muon<-neutral_hadron,0.02962477256854375,-0.0006552295138438543,0.0,0.0,0.0,-0.0006552295138438543,-0.0006552295138438543,0.0006552295138438543,0.0009828442707657814
B_tbl_minus_hqql,mod.cls_blocks.1.attn.h7,electron<-neutral_hadron,0.039397552609443665,-0.0006536749446800408,0.0,0.0,0.0,-0.0006536749446800408,-0.0006536749446800408,0.0006536749446800408,0.0009805124170200613
signed_hqql_tbl,mod.blocks.2.attn.h5,muon<-photon,0.017684040161279533,0.0005359924040161646,-0.00035293677893395606,0.00045465052826330064,-0.0002075739730908363,0.0008889291829501207,8.134187575286396e-05,0.0005359924040161646,0.0009804569954912248
B_tbl_minus_hqql,mod.blocks.2.attn.h4,muon<-charged_hadron,0.022745905816555022,0.0006476861424744129,0.0,0.0,0.0,0.0006476861424744129,0.0006476861424744129,0.0006476861424744129,0.0009715292137116193
B_tbl_minus_hqql,mod.blocks.5.attn.h5,neutral_hadron<-muon,0.17014716068903604,-0.0006435648150121173,0.0,0.0,0.0,-0.0006435648150121173,-0.0006435648150121173,0.0006435648150121173,0.0009653472225181758
signed_hqql_tbl,mod.blocks.2.attn.h1,muon<-neutral_hadron,0.029624782502651215,-0.0006552295914540688,-4.43000344603206e-05,-3.158387354280996e-05,-8.770950004569993e-05,-0.0006109295569937482,-0.0006236457179112588,0.0006552295914540688,0.0009606943699509429
B_tbl_minus_hqql,mod.cls_blocks.0.attn.h1,CLS<-photon,0.018816357510725107,-0.000639696327556943,0.0,0.0,0.0,-0.000639696327556943,-0.000639696327556943,0.000639696327556943,0.0009595444913354145
B_tbl_minus_hqql,mod.blocks.3.attn.h0,muon<-charged_hadron,0.018759128451347352,0.0006333969533443451,0.0,0.0,0.0,0.0006333969533443451,0.0006333969533443451,0.0006333969533443451,0.0009500954300165177
B_tbl_minus_hqql,mod.cls_blocks.0.attn.h5,charged_hadron<-neutral_hadron,0.020012363984153188,-0.0006325911446514636,0.0,0.0,0.0,-0.0006325911446514636,-0.0006325911446514636,0.0006325911446514636,0.0009488867169771954
B_tbl_minus_hqql,mod.cls_blocks.0.attn.h5,charged_hadron<-electron,0.02397908829152584,0.0006314771308097988,0.0,0.0,0.0,0.0006314771308097988,0.0006314771308097988,0.0006314771308097988,0.0009472156962146983
B_tbl_minus_hqql,mod.cls_blocks.0.attn.h5,neutral_hadron<-charged_hadron,0.018568172834921574,-0.0006314106825469197,0.0,0.0,0.0,-0.0006314106825469197,-0.0006314106825469197,0.0006314106825469197,0.0009471160238203795
signed_hqql_tbl,mod.blocks.4.attn.h5,photon<-electron,0.1273820443851192,0.0004046772508711622,-0.0006739481780511726,0.0003413401001088372,-0.0003000372660938989,0.0010786254289223349,6.3337150762325e-05,0.0004046772508711622,0.0009439899653323296
signed_hqql_tbl,mod.blocks.2.attn.h2,photon<-muon,0.05679903122094961,-0.00026172265195502684,0.0010883389578129237,0.0002145041277716783,-9.441952311640812e-05,-0.0013500616097679506,-0.00047622677972670514,0.00026172265195502684,0.0009367534568390022
signed_hqql_tbl,mod.cls_blocks.1.attn.h2,CLS<-CLS,0.16552903802949004,0.0005417283803659245,-0.00024493682030879427,0.0,0.0,0.0007866652006747188,0.0005417283803659245,0.0005417283803659245,0.0009350609807032839
signed_hqql_tbl,mod.blocks.0.attn.h1,muon<-electron,0.03572506457567215,0.0006227486883290112,0.0,7.523151725763455e-05,-8.06720322543697e-07,0.0006227486883290112,0.0005475171710713767,0.0006227486883290112,0.0009341230324935168
B_tbl_minus_hqql,mod.blocks.0.attn.h1,muon<-electron,0.03572506457567215,0.0006227486883290112,0.0,0.0,0.0,0.0006227486883290112,0.0006227486883290112,0.0006227486883290112,0.0009341230324935168
signed_hqql_tbl,mod.blocks.7.attn.h6,electron<-electron,0.045039527001767964,-0.0006192737863397468,6.059145927439502e-06,-1.8780268180785326e-06,2.508091408041461e-06,-0.0006253329322671863,-0.0006173957595216683,0.0006192737863397468,0.00093194025247334
B_tbl_minus_hqql,mod.blocks.7.attn.h6,electron<-electron,0.0450395419944698,-0.0006192738823155963,0.0,0.0,0.0,-0.0006192738823155963,-0.0006192738823155963,0.0006192738823155963,0.0009289108234733944
signed_hqql_tbl,mod.cls_blocks.0.attn.h2,electron<-photon,0.020821332254193047,-0.0006186545572497628,0.0,-0.0023271519225090743,0.0,-0.0006186545572497628,0.0017084973652593115,0.0006186545572497628,0.0009279818358746442
signed_hqql_tbl,mod.blocks.6.attn.h1,electron<-muon,0.03678744658827782,0.0006180915515869856,0.0,0.00022788505884818733,1.0123053471033927e-06,0.0006180915515869856,0.00039020649273879826,0.0006180915515869856,0.0009271373273804784
B_tbl_minus_hqql,mod.blocks.6.attn.h1,electron<-muon,0.036787450313568115,0.0006180914933793247,0.0,0.0,0.0,0.0006180914933793247,0.0006180914933793247,0.0006180914933793247,0.000927137240068987
B_tbl_minus_hqql,mod.cls_blocks.0.attn.h5,neutral_hadron<-neutral_hadron,0.014347873628139496,-0.000614536364502363,0.0,0.0,0.0,-0.000614536364502363,-0.000614536364502363,0.000614536364502363,0.0009218045467535446
signed_hqql_tbl,mod.blocks.7.attn.h2,muon<-neutral_hadron,0.0016274373047053814,-2.8580022141492617e-07,-0.0018314746339456178,0.00010034973903011153,-3.962752392302112e-06,0.0018311888337242028,-0.00010063553925152646,2.8580022141492617e-07,0.0009158802170835163
B_tbl_minus_hqql,mod.blocks.2.attn.h6,muon<-photon,0.019603330355424147,-0.0006098626181483269,0.0,0.0,0.0,-0.0006098626181483269,-0.0006098626181483269,0.0006098626181483269,0.0009147939272224903
signed_hqql_tbl,mod.cls_blocks.0.attn.h2,neutral_hadron<-neutral_hadron,0.010944172453421813,-0.0005337121412874415,-0.0012923087148616712,-0.002196347573772073,0.000510906691973408,0.0007585965735742297,0.0016626354324846314,0.0005337121412874415,0.0009130104280745564
signed_hqql_tbl,mod.cls_blocks.0.attn.h7,electron<-neutral_hadron,0.015959293223344363,0.0006076874426351144,0.0,0.004971618589479476,0.0,0.0006076874426351144,-0.004363931146844362,0.0006076874426351144,0.0009115311639526717
B_tbl_minus_hqql,mod.blocks.6.attn.h5,electron<-muon,0.11293476819992065,-0.0006037877174094319,0.0,0.0,0.0,-0.0006037877174094319,-0.0006037877174094319,0.0006037877174094319,0.0009056815761141479
signed_hqql_tbl,mod.blocks.6.attn.h5,electron<-muon,0.11293479800224304,-0.0006037869025021791,0.0,-4.564937989925966e-05,-0.00015257149061653763,-0.0006037869025021791,-0.0005581375226029195,0.0006037869025021791,0.0009056803537532687
signed_hqql_tbl,mod.blocks.6.attn.h6,neutral_hadron<-electron,0.03159449032973498,0.00014482222453082727,-0.0013617632128291035,-2.5333140740713134e-06,-0.0001000430052044976,0.0015065854373599308,0.00014735553860489858,0.00014482222453082727,0.0008981149432107927
signed_hqql_tbl,mod.cls_blocks.0.attn.h4,photon<-charged_hadron,0.03495300764387304,-0.0007414794103665786,-0.0010434215735286882,0.005237102105941934,-0.0013056113069080356,0.0003019421631621096,-0.005978581516308512,0.0007414794103665786,0.0008924504919476334
signed_hqql_tbl,mod.blocks.5.attn.h5,charged_hadron<-muon,0.1306837320327759,7.982287206687033e-05,0.001702702852586905,-0.00042768726205645965,0.0003979312937839755,-0.0016228799805200348,0.0005075101341233299,7.982287206687033e-05,0.0008912628623268877
signed_hqql_tbl,mod.blocks.4.attn.h4,muon<-electron,0.15163438022136688,-0.0005899903480894864,0.0,-3.3468171750428155e-05,-0.00010100614599650726,-0.0005899903480894864,-0.0005565221763390582,0.0005899903480894864,0.0008849855221342295
B_tbl_minus_hqql,mod.blocks.4.attn.h4,muon<-electron,0.1516345590353012,-0.00058998994063586,0.0,0.0,0.0,-0.00058998994063586,-0.00058998994063586,0.00058998994063586,0.00088498491095379
B_tbl_minus_hqql,mod.blocks.1.attn.h3,muon<-charged_hadron,0.023394937813282012,0.0005882767960429192,0.0,0.0,0.0,0.0005882767960429192,0.0005882767960429192,0.0005882767960429192,0.0008824151940643788
signed_hqql_tbl,mod.blocks.6.attn.h4,muon<-muon,0.16024193167686462,0.000582025502808392,-1.6429911738669034e-05,0.005040504689623049,-0.0005483058956391081,0.0005984554145470611,-0.004458479186814657,0.000582025502808392,0.0008812532100819226
signed_hqql_tbl,mod.blocks.1.attn.h3,muon<-charged_hadron,0.023394939303398133,0.0005882767029106617,6.020255386829376e-06,-0.00026900104632408454,-0.00016408331801506633,0.0005822564475238324,0.0008572777492347463,0.0005882767029106617,0.0008794049266725779
B_tbl_minus_hqql,mod.cls_blocks.0.attn.h2,neutral_hadron<-charged_hadron,0.019402541112208713,0.0005849607869226863,0.0,0.0,0.0,0.0005849607869226863,0.0005849607869226863,0.0005849607869226863,0.0008774411803840295
signed_hqql_tbl,mod.cls_blocks.0.attn.h7,CLS<-photon,0.019900092616625724,0.00038980458505374335,-0.0005801864193094459,0.0007608285308681052,-0.0002908464645456483,0.0009699910043631892,-0.00037102394581436184,0.00038980458505374335,0.0008748000872353379
B_tbl_minus_hqql,mod.blocks.6.attn.h4,muon<-muon,0.16024187207221985,0.0005820274818688631,0.0,0.0,0.0,0.0005820274818688631,0.0005820274818688631,0.0005820274818688631,0.0008730412228032947
B_tbl_minus_hqql,mod.blocks.1.attn.h7,muon<-neutral_hadron,0.02488165597120921,-0.0005802312710632881,0.0,0.0,0.0,-0.0005802312710632881,-0.0005802312710632881,0.0005802312710632881,0.0008703469065949321
B_tbl_minus_hqql,mod.blocks.2.attn.h5,muon<-charged_hadron,0.015720242261886598,0.0005802121013402939,0.0,0.0,0.0,0.0005802121013402939,0.0005802121013402939,0.0005802121013402939,0.0008703181520104408
B_tbl_minus_hqql,mod.cls_blocks.0.attn.h5,neutral_hadron<-photon,0.022393485674491294,-0.0005757727337857852,0.0,0.0,0.0,-0.0005757727337857852,-0.0005757727337857852,0.0005757727337857852,0.0008636591006786778
signed_hqql_tbl,mod.cls_blocks.0.attn.h5,electron<-neutral_hadron,0.015306512896831218,-0.0005747534406299775,0.0,-0.0007958604255691171,0.0,-0.0005747534406299775,0.00022110698493913957,0.0005747534406299775,0.0008621301609449662
B_tbl_minus_hqql,mod.blocks.3.attn.h2,neutral_hadron<-muon,0.0955559213956197,-0.0005743100773543119,0.0,0.0,0.0,-0.0005743100773543119,-0.0005743100773543119,0.0005743100773543119,0.0008614651160314679
signed_hqql_tbl,mod.cls_blocks.0.attn.h6,CLS<-neutral_hadron,0.02223439904905501,0.00011566317998730237,-0.0013731143234537975,-0.00168669814454569,0.0018142169023662605,0.0014887775034411,0.0018023613245329924,0.00011566317998730237,0.0008600519317078524
signed_hqql_tbl,mod.cls_blocks.0.attn.h6,CLS<-photon,0.01990551498934472,0.000821565683918222,0.0008883872202629993,0.00021264750497005476,-0.0009097307622167564,-6.68215363447773e-05,0.0006089181789481672,0.000821565683918222,0.0008549764520906106
signed_hqql_tbl,mod.blocks.7.attn.h2,charged_hadron<-muon,0.054233938455581665,0.0001850480679422617,-0.0011428949578354756,0.0009203066658991357,-8.46834490013342e-05,0.0013279430257777374,-0.000735258597956874,0.0001850480679422617,0.0008490195808311304
B_tbl_minus_hqql,mod.cls_blocks.0.attn.h5,charged_hadron<-charged_hadron,0.024850568901269864,-0.0005624592393779984,0.0,0.0,0.0,-0.0005624592393779984,-0.0005624592393779984,0.0005624592393779984,0.0008436888590669976
signed_hqql_tbl,mod.blocks.2.attn.h0,muon<-photon,0.01635806606366084,0.0005572158126876905,0.0011292766206539595,-0.00014035003788938577,0.00045320785742391037,-0.000572060807966269,0.0006975658505770763,0.0005572158126876905,0.0008432462166708249
B_tbl_minus_hqql,mod.blocks.4.attn.h3,muon<-muon,0.016115250065922737,-0.0005608238861896098,0.0,0.0,0.0,-0.0005608238861896098,-0.0005608238861896098,0.0005608238861896098,0.0008412358292844146
B_tbl_minus_hqql,mod.blocks.2.attn.h1,muon<-electron,0.014180735684931278,0.0005578564596362412,0.0,0.0,0.0,0.0005578564596362412,0.0005578564596362412,0.0005578564596362412,0.0008367846894543618
signed_hqql_tbl,mod.blocks.2.attn.h1,muon<-electron,0.014180731028318405,0.0005578561685979366,0.0,0.00029925795388408005,-1.4585415556211956e-05,0.0005578561685979366,0.0002585982147138566,0.0005578561685979366,0.0008367842528969049
signed_hqql_tbl,mod.blocks.4.attn.h3,muon<-muon,0.016115250065922737,-0.0005608235369436443,-1.0198611562373117e-05,0.001342644440364893,-1.1405461615746995e-05,-0.0005506249253812712,-0.0019034679773085373,0.0005608235369436443,0.0008361359996342799
B_tbl_minus_hqql,mod.blocks.2.attn.h0,muon<-photon,0.01635806720990401,0.0005572156694072944,0.0,0.0,0.0,0.0005572156694072944,0.0005572156694072944,0.0005572156694072944,0.0008358235041109415
B_tbl_minus_hqql,mod.blocks.7.attn.h0,electron<-muon,0.3203495442867279,-0.0005565051105804741,0.0,0.0,0.0,-0.0005565051105804741,-0.0005565051105804741,0.0005565051105804741,0.0008347576658707112
signed_hqql_tbl,mod.blocks.7.attn.h0,electron<-muon,0.320349782705307,-0.0005565048777498305,0.0,0.00973809789866209,2.7758965188695583e-06,-0.0005565048777498305,-0.01029460277641192,0.0005565048777498305,0.0008347573166247457
signed_hqql_tbl,mod.blocks.1.attn.h3,muon<-muon,0.038865115493535995,-0.0005382485105656087,3.666593420348363e-05,0.000282276163284223,4.156364006272876e-05,-0.0005749144447690924,-0.0008205246738498317,0.0005382485105656087,0.0008257057329501549
B_tbl_minus_hqql,mod.blocks.0.attn.h4,muon<-muon,0.08973179757595062,0.0005428355070762336,0.0,0.0,0.0,0.0005428355070762336,0.0005428355070762336,0.0005428355070762336,0.0008142532606143504
B_tbl_minus_hqql,mod.blocks.0.attn.h7,electron<-muon,0.01293761096894741,0.0005421569803729653,0.0,0.0,0.0,0.0005421569803729653,0.0005421569803729653,0.0005421569803729653,0.000813235470559448
signed_hqql_tbl,mod.blocks.0.attn.h7,electron<-muon,0.01293761283159256,0.0005421568057499826,0.0,-0.00015028360940050334,2.7809701919068175e-07,0.0005421568057499826,0.0006924404151504859,0.0005421568057499826,0.0008132352086249739
signed_hqql_tbl,mod.cls_blocks.0.attn.h5,CLS<-neutral_hadron,0.015636203899270014,-0.000638204046741261,-0.00098815189689518,-0.0016924212672858544,-0.00010892537436636819,0.0003499478501539189,0.0010542172205445935,0.000638204046741261,0.0008131779718182205
signed_hqql_tbl,mod.blocks.1.attn.h6,charged_hadron<-muon,0.05451178550720215,0.0004296682309359312,-0.00033556600101292133,-0.00010327545500456773,-0.00025571553673291083,0.0007652342319488525,0.000532943685940499,0.0004296682309359312,0.0008122853469103575
B_tbl_minus_hqql,mod.blocks.1.attn.h3,muon<-muon,0.0388651043176651,-0.0005382488598115742,0.0,0.0,0.0,-0.0005382488598115742,-0.0005382488598115742,0.0005382488598115742,0.0008073732897173613
B_tbl_minus_hqql,mod.blocks.0.attn.h2,muon<-electron,0.16442374885082245,0.0005371376173570752,0.0,0.0,0.0,0.0005371376173570752,0.0005371376173570752,0.0005371376173570752,0.0008057064260356128
signed_hqql_tbl,mod.blocks.0.attn.h2,muon<-electron,0.16442374885082245,0.0005371365696191788,0.0,0.00013615426723845303,3.6879701514891394e-09,0.0005371365696191788,0.00040098230238072574,0.0005371365696191788,0.0008057048544287682
B_tbl_minus_hqql,mod.blocks.2.attn.h5,muon<-photon,0.017684040161279533,0.0005359924398362637,0.0,0.0,0.0,0.0005359924398362637,0.0005359924398362637,0.0005359924398362637,0.0008039886597543955
signed_hqql_tbl,mod.cls_blocks.0.attn.h5,charged_hadron<-photon,0.02328595770916469,-0.0001632481055911368,-0.0014374366565030221,-0.0005850494021504391,-0.0008016860232922901,0.0012741885509118854,0.00042180129655930226,0.0001632481055911368,0.0008003423810470795
signed_hqql_tbl,mod.blocks.1.attn.h7,muon<-neutral_hadron,0.024881653487682343,-0.0005802314650888244,-0.0001487232730141841,0.00010697841552380276,0.00023076019503302328,-0.0004315081920746403,-0.0006872098806126271,0.0005802314650888244,0.0007959855611261446
signed_hqql_tbl,mod.cls_blocks.0.attn.h5,charged_hadron<-electron,0.023979087825864553,0.0006314771817415021,0.00033361125315423124,-0.0011567238834686577,-0.0003127937379758805,0.0002978659285872709,0.0017882010652101599,0.0006314771817415021,0.0007804101460351376
B_tbl_minus_hqql,mod.cls_blocks.0.attn.h1,neutral_hadron<-electron,0.007470919052138925,0.0005196312558837235,0.0,0.0,0.0,0.0005196312558837235,0.0005196312558837235,0.0005196312558837235,0.0007794468838255852
B_tbl_minus_hqql,mod.cls_blocks.0.attn.h7,neutral_hadron<-electron,0.023360338993370533,-0.0005174161633476615,0.0,0.0,0.0,-0.0005174161633476615,-0.0005174161633476615,0.0005174161633476615,0.0007761242450214922
signed_hqql_tbl,mod.cls_blocks.0.attn.h5,muon<-muon,0.0,0.0,0.0015458922134712338,-0.014830486150458455,0.0,-0.0015458922134712338,0.014830486150458455,0.0,0.0007729461067356169
signed_hqql_tbl,mod.blocks.1.attn.h3,electron<-charged_hadron,0.021887411403915157,0.0003168569215315232,-0.0005741237352291743,0.0009476059443137098,0.00026895351820038977,0.0008909806567606975,-0.0006307490227821866,0.0003168569215315232,0.0007623472499118719
signed_hqql_tbl,mod.blocks.2.attn.h6,muon<-photon,0.019603330355424147,-0.0006098619017463464,-0.000314037288682392,0.0005317701538098679,-0.0002200207177170173,-0.0002958246130639544,-0.0011416320555562142,0.0006098619017463464,0.0007577742082783235
B_tbl_minus_hqql,mod.blocks.4.attn.h5,muon<-charged_hadron,0.018737371265888213,0.0005017478484660387,0.0,0.0,0.0,0.0005017478484660387,0.0005017478484660387,0.0005017478484660387,0.0007526217726990581
B_tbl_minus_hqql,mod.cls_blocks.0.attn.h5,photon<-photon,0.030341436204157378,0.0005008946785605268,0.0,0.0,0.0,0.0005008946785605268,0.0005008946785605268,0.0005008946785605268,0.0007513420178407902
signed_hqql_tbl,mod.blocks.6.attn.h1,muon<-electron,0.04047312214970589,0.0005008248845115304,0.0,0.000337361911078915,-1.0962386198798413e-07,0.0005008248845115304,0.0001634629734326154,0.0005008248845115304,0.0007512373267672956
B_tbl_minus_hqql,mod.blocks.6.attn.h1,muon<-electron,0.04047313332557678,0.000500824477057904,0.0,0.0,0.0,0.000500824477057904,0.000500824477057904,0.000500824477057904,0.000751236715586856
signed_hqql_tbl,mod.blocks.5.attn.h5,photon<-muon,0.11186450261336106,-0.00045689668219823105,0.00010820774164480659,-0.0003480517093604166,0.00025531401883603796,-0.0005651044238430377,-0.00010884497283781446,0.00045689668219823105,0.0007394488941197499
signed_hqql_tbl,mod.blocks.6.attn.h5,muon<-neutral_hadron,0.006115732714533806,1.2564814824145287e-05,-0.0014374941820278764,0.0004739158177088891,-0.00023565965769497174,0.0014500589968520217,-0.0004613510028847438,1.2564814824145287e-05,0.0007375943132501561
signed_hqql_tbl,mod.blocks.5.attn.h6,muon<-neutral_hadron,0.011538021266460419,6.875011119215439e-05,0.001405453156621661,-0.0009191526646885139,0.001334811695717993,-0.0013367030454295066,0.0009879027758806682,6.875011119215439e-05,0.0007371016339069076
signed_hqql_tbl,mod.blocks.0.attn.h5,photon<-muon,0.022243997225394614,9.098041874284927e-05,-0.0011988909413608222,-7.394794930322942e-05,0.00015296196754745864,0.0012898713601036714,0.0001649283680460787,9.098041874284927e-05,0.000735916098794685
B_tbl_minus_hqql,mod.blocks.4.attn.h6,electron<-muon,0.02160848118364811,-0.0004901759675703943,0.0,0.0,0.0,-0.0004901759675703943,-0.0004901759675703943,0.0004901759675703943,0.0007352639513555914
signed_hqql_tbl,mod.blocks.4.attn.h6,electron<-muon,0.021608486771583557,-0.0004901752690784633,0.0,0.00011185209586983547,1.2441096259863116e-05,-0.0004901752690784633,-0.0006020273649482988,0.0004901752690784633,0.000735262903617695
signed_hqql_tbl,mod.blocks.3.attn.h3,muon<-photon,0.01431779907299922,0.00041386399131554825,-0.0002175200945482804,0.00016119236666285857,-0.00010808399033353285,0.0006313840858638287,0.0002526716246526897,0.00041386399131554825,0.0007295560342474626
signed_hqql_tbl,mod.cls_blocks.1.attn.h3,neutral_hadron<-neutral_hadron,0.016312720397344,-1.908346894197166e-05,-0.0014383966724077861,8.683026817379869e-05,0.0001188525165465156,0.0014193132034658145,-0.00010591373711577035,1.908346894197166e-05,0.0007287400706748789
signed_hqql_tbl,mod.blocks.6.attn.h6,electron<-electron,0.07607461459707565,0.00048573412152954634,-1.7239821949296876e-10,1.6393591479375087e-07,-3.8552806354748746e-08,0.00048573429392776584,0.0004855701856147526,0.00048573412152954634,0.0007286012684934293
B_tbl_minus_hqql,mod.blocks.6.attn.h6,electron<-electron,0.07607459075492215,0.00048573360929040634,0.0,0.0,0.0,0.00048573360929040634,0.00048573360929040634,0.00048573360929040634,0.0007286004139356096
signed_hqql_tbl,mod.blocks.4.attn.h5,muon<-charged_hadron,0.018737366795539855,0.0005017473828047514,0.0009409286081790924,-0.00023003751010601891,0.0005941776399428205,-0.000439181225374341,0.0007317848929107704,0.0005017473828047514,0.0007213379954919219
signed_hqql_tbl,mod.cls_blocks.0.attn.h7,charged_hadron<-charged_hadron,0.02613489941144601,0.00034475645784718485,-0.0004068237300621482,0.0003944072265957677,4.159005486076663e-05,0.000751580187909333,-4.9650768748582845e-05,0.00034475645784718485,0.0007205465518018514
B_tbl_minus_hqql,mod.cls_blocks.0.attn.h6,photon<-neutral_hadron,0.03021861333400011,0.0004765578923979774,0.0,0.0,0.0,0.0004765578923979774,0.0004765578923979774,0.0004765578923979774,0.0007148368385969661
B_tbl_minus_hqql,mod.blocks.2.attn.h1,muon<-charged_hadron,0.01840555965900421,-0.0004761268850415945,0.0,0.0,0.0,-0.0004761268850415945,-0.0004761268850415945,0.0004761268850415945,0.0007141903275623917
B_tbl_minus_hqql,mod.cls_blocks.0.attn.h5,CLS<-charged_hadron,0.024523303823072426,-0.00047472489015513677,0.0,0.0,0.0,-0.00047472489015513677,-0.00047472489015513677,0.00047472489015513677,0.0007120873352327051
B_tbl_minus_hqql,mod.blocks.5.attn.h7,neutral_hadron<-muon,0.15849332014719644,-0.00047307333443313837,0.0,0.0,0.0,-0.00047307333443313837,-0.00047307333443313837,0.00047307333443313837,0.0007096100016497076
signed_hqql_tbl,mod.cls_blocks.1.attn.h5,photon<-charged_hadron,0.03851542418653315,-0.00017167487980755553,0.0009021518930588683,-0.00013995029318418042,3.2864401610680376e-05,-0.0010738267728664238,-3.17245866233751e-05,0.00017167487980755553,0.0007085882662407674
signed_hqql_tbl,mod.blocks.7.attn.h5,charged_hadron<-muon,0.06251385807991028,-0.000374100636690855,0.0002948600798845291,-0.0005786568714217443,-0.00013933916606758282,-0.0006689607165753841,0.0002045562347308893,0.000374100636690855,0.0007085809949785471
B_tbl_minus_hqql,mod.blocks.4.attn.h6,muon<-electron,0.048029787838459015,0.0004711678484454751,0.0,0.0,0.0,0.0004711678484454751,0.0004711678484454751,0.0004711678484454751,0.0007067517726682127
signed_hqql_tbl,mod.blocks.4.attn.h6,muon<-electron,0.04802979528903961,0.00047116767382249236,0.0,0.00015289521252270788,2.879470685002161e-06,0.00047116767382249236,0.0003182724612997845,0.00047116767382249236,0.0007067515107337385
signed_hqql_tbl,mod.blocks.6.attn.h6,muon<-neutral_hadron,0.014696725954612097,-0.0002596278015213708,0.000633515793595052,-0.00027462372006419554,0.00025923224717416815,-0.0008931435951164228,1.4995918542824716e-05,0.0002596278015213708,0.0007061995990795822
B_tbl_minus_hqql,mod.cls_blocks.0.attn.h5,electron<-neutral_hadron,0.022543413707843192,-0.0004697743301781324,0.0,0.0,0.0,-0.0004697743301781324,-0.0004697743301781324,0.0004697743301781324,0.0007046614952671987
B_tbl_minus_hqql,mod.cls_blocks.0.attn.h2,neutral_hadron<-neutral_hadron,0.014558584357683476,0.0004685275310363907,0.0,0.0,0.0,0.0004685275310363907,0.0004685275310363907,0.0004685275310363907,0.000702791296554586
B_tbl_minus_hqql,mod.cls_blocks.0.attn.h3,CLS<-electron,0.011262164684012532,0.00046811317952233367,0.0,0.0,0.0,0.00046811317952233367,0.00046811317952233367,0.00046811317952233367,0.0007021697692835005
signed_hqql_tbl,mod.blocks.6.attn.h6,charged_hadron<-muon,0.14698046445846558,0.0003390827449038625,-0.0003779140921930472,0.00048741952160871103,-0.0002711710605618297,0.0007169968370969097,-0.00014833677670484855,0.0003390827449038625,0.0006975811634523173
B_tbl_minus_hqql,mod.blocks.5.attn.h5,photon<-muon,0.11186449344341572,-0.0004568968971188252,0.0,0.0,0.0,-0.0004568968971188252,-0.0004568968971188252,0.0004568968971188252,0.0006853453456782377
signed_hqql_tbl,mod.blocks.5.attn.h7,neutral_hadron<-muon,0.15849334001541138,-0.000473073140407602,-0.0008975135351647623,0.0001229607686773785,0.00019389856061025057,0.0004244403947571603,-0.0005960339090849805,0.000473073140407602,0.0006852933377861822
signed_hqql_tbl,mod.blocks.2.attn.h1,muon<-charged_hadron,0.018405558168888093,-0.00047612679190933704,-5.9403898194432256e-05,-4.38337089847131e-05,5.22277313189543e-05,-0.0004167228937149048,-0.0004322930829246239,0.00047612679190933704,0.0006844882387667895
signed_hqql_tbl,mod.blocks.6.attn.h3,muon<-photon,0.01262865043603457,-1.397536694779634e-06,-0.0013636273976701957,0.0003391478808639063,-0.00031847238143974983,0.0013622298609754161,-0.00034054541755868596,1.397536694779634e-06,0.0006825124671824877
B_tbl_minus_hqql,mod.cls_blocks.0.attn.h2,electron<-charged_hadron,0.021238862758591062,-0.00045469766926197776,0.0,0.0,0.0,-0.00045469766926197776,-0.00045469766926197776,0.00045469766926197776,0.0006820465038929666
signed_hqql_tbl,mod.blocks.7.attn.h5,neutral_hadron<-muon,0.0728263904651006,-0.00015500510926358402,-0.0012063478352501988,-1.049770457640127e-05,4.2957407610325994e-05,0.0010513427259866148,-0.00014450740468718274,0.00015500510926358402,0.0006806764722568914
signed_hqql_tbl,mod.blocks.6.attn.h2,muon<-photon,0.013879951376181383,-1.89230575835189e-05,0.0013012282120493741,-0.0007562989771196788,0.00010091702979816882,-0.001320151269632893,0.0007373759195361599,1.89230575835189e-05,0.0006789986923999654
signed_hqql_tbl,mod.blocks.3.attn.h0,electron<-electron,0.03212856417929473,-0.00044939430105024326,1.3198265419456234e-07,-1.348325221906594e-05,-5.2658086559631556e-05,-0.0004495262837044378,-0.0004359110488311773,0.00044939430105024326,0.0006741574429024622
B_tbl_minus_hqql,mod.blocks.3.attn.h0,electron<-electron,0.03212858504447027,-0.00044939439424445115,0.0,0.0,0.0,-0.00044939439424445115,-0.00044939439424445115,0.00044939439424445115,0.0006740915913666767
B_tbl_minus_hqql,mod.blocks.4.attn.h2,electron<-muon,0.005335012450814247,-0.0004475296591408551,0.0,0.0,0.0,-0.0004475296591408551,-0.0004475296591408551,0.0004475296591408551,0.0006712944887112826
signed_hqql_tbl,mod.blocks.4.attn.h2,electron<-muon,0.005335012450814247,-0.0004475295136217028,0.0,-3.1138431950239465e-05,-8.426165321040457e-11,-0.0004475295136217028,-0.0004163910816714633,0.0004475295136217028,0.0006712942704325542
signed_hqql_tbl,mod.cls_blocks.1.attn.h4,muon<-charged_hadron,0.0,0.0,0.0013421178710731592,-6.264039219763034e-05,0.0,-0.0013421178710731592,6.264039219763034e-05,0.0,0.0006710589355365796
signed_hqql_tbl,mod.cls_blocks.0.attn.h5,charged_hadron<-neutral_hadron,0.0169495968469258,-0.0005403096674226931,-0.0007966975578764344,-0.0007041072856415721,-0.00025802691298950877,0.0002563878904537413,0.000163797618218879,0.0005403096674226931,0.0006685036126495637
B_tbl_minus_hqql,mod.blocks.5.attn.h5,muon<-photon,0.029779110963527974,0.0004427953121753839,0.0,0.0,0.0,0.0004427953121753839,0.0004427953121753839,0.0004427953121753839,0.0006641929682630759
signed_hqql_tbl,mod.blocks.4.attn.h2,muon<-photon,0.014105322269292979,0.0002531313444845952,-0.000563885559901022,0.00025909671851629605,-0.00010776208431774716,0.0008170169043856172,-5.965374031700877e-06,0.0002531313444845952,0.0006616397966774038
signed_hqql_tbl,mod.cls_blocks.1.attn.h3,photon<-photon,0.033643131977633425,-0.00038333280061028505,0.00016645128815040246,-1.140846553808346e-05,0.0004491100285982562,-0.0005497840887606875,-0.0003719243350722016,0.00038333280061028505,0.0006582248449906288
signed_hqql_tbl,mod.blocks.0.attn.h4,muon<-muon,0.08973179757595062,0.0005428357981145382,0.0003120665205642581,-0.0006608652489376255,0.00020159823786040457,0.0002307692775502801,0.0012037010470521635,0.0005428357981145382,0.0006582204368896782
B_tbl_minus_hqql,mod.cls_blocks.1.attn.h6,photon<-neutral_hadron,0.04624334943946451,-0.00043255140826659044,0.0,0.0,0.0,-0.00043255140826659044,-0.00043255140826659044,0.00043255140826659044,0.0006488271123998857
B_tbl_minus_hqql,mod.blocks.1.attn.h6,charged_hadron<-muon,0.054511791467666625,0.00042966874316334723,0.0,0.0,0.0,0.00042966874316334723,0.00042966874316334723,0.00042966874316334723,0.0006445031147450208
B_tbl_minus_hqql,mod.blocks.3.attn.h2,muon<-photon,0.012895204699956454,-0.000428949948400259,0.0,0.0,0.0,-0.000428949948400259,-0.000428949948400259,0.000428949948400259,0.0006434249226003885
signed_hqql_tbl,mod.blocks.6.attn.h5,muon<-photon,0.022344240775475137,0.00036592649009365303,-0.00018830173156367472,0.00018245125327005305,-0.00026859373018076575,0.0005542282216573277,0.00018347523682359998,0.00036592649009365303,0.0006430406009223169
signed_hqql_tbl,mod.blocks.2.attn.h7,electron<-muon,0.007319014519453049,0.0004263112205080688,0.0,-4.812897168449126e-05,-1.8745809882148023e-07,0.0004263112205080688,0.00047444019219256006,0.0004263112205080688,0.0006394668307621032
B_tbl_minus_hqql,mod.blocks.2.attn.h7,electron<-muon,0.007319013588130474,0.0004263112205080688,0.0,0.0,0.0,0.0004263112205080688,0.0004263112205080688,0.0004263112205080688,0.0006394668307621032
signed_hqql_tbl,mod.blocks.3.attn.h2,neutral_hadron<-muon,0.09555591146151225,-0.0005743106594309211,-0.000446323690994177,5.230194093249003e-05,0.0004085971311080054,-0.00012798696843674406,-0.0006266126003634111,0.0005743106594309211,0.0006383041436492931
signed_hqql_tbl,mod.blocks.3.attn.h7,muon<-neutral_hadron,0.013275557508071264,0.0003830193697164456,-0.00012069411968695931,8.977635393660564e-05,7.14337452336622e-05,0.000503713489403405,0.00029324301577984,0.0003830193697164456,0.0006348761144181481
signed_hqql_tbl,mod.blocks.0.attn.h2,photon<-muon,0.05579584836959839,-0.00017871809765123404,0.0007323574883720049,0.00016473071803127162,3.6363134212378e-06,-0.000911075586023239,-0.0003434488156825057,0.00017871809765123404,0.0006342558906628535
signed_hqql_tbl,mod.blocks.0.attn.h0,muon<-photon,0.015822674219424907,3.6343506788118524e-05,0.0012174163891289097,-0.00012991900386458092,0.00014960190620277663,-0.0011810728823407912,0.00016626251065269946,3.6343506788118524e-05,0.0006268799479585141
signed_hqql_tbl,mod.blocks.4.attn.h7,muon<-electron,0.08134973049163818,0.00041748909279704094,0.0,0.00020388986740726978,5.0836050036195957e-08,0.00041748909279704094,0.00021359922538977116,0.00041748909279704094,0.0006262336391955614
B_tbl_minus_hqql,mod.blocks.4.attn.h7,muon<-electron,0.08134973049163818,0.00041748880175873637,0.0,0.0,0.0,0.00041748880175873637,0.00041748880175873637,0.00041748880175873637,0.0006262332026381046
signed_hqql_tbl,mod.cls_blocks.1.attn.h0,CLS<-electron,0.021631886623481478,-0.0002674293507114456,-0.0009793020744837122,9.007329014057827e-05,-7.477795528150939e-05,0.0007118727237722666,-0.00035750264085202384,0.0002674293507114456,0.0006233657125975789
B_tbl_minus_hqql,mod.blocks.3.attn.h3,muon<-photon,0.014317802511728726,0.0004138642420562414,0.0,0.0,0.0,0.0004138642420562414,0.0004138642420562414,0.0004138642420562414,0.0006207963630843621
signed_hqql_tbl,mod.blocks.7.attn.h2,photon<-muon,0.0873637474500216,0.00017937724120341815,-0.0007030831139463072,0.000538252508902753,-0.0001708356603221209,0.0008824603551497253,-0.00035887526769933485,0.00017937724120341815,0.0006206074187782808
signed_hqql_tbl,mod.blocks.3.attn.h0,muon<-neutral_hadron,0.005321747933824857,2.134998794645071e-05,-0.0011752609434552141,0.0003777423744874173,0.0003459255500880924,0.0011966109314016649,-0.0003563923865409666,2.134998794645071e-05,0.0006196554536472831
B_tbl_minus_hqql,mod.blocks.4.attn.h0,muon<-photon,0.0066007501803911645,0.0004129684171997584,0.0,0.0,0.0,0.0004129684171997584,0.0004129684171997584,0.0004129684171997584,0.0006194526257996376
signed_hqql_tbl,mod.cls_blocks.0.attn.h5,muon<-neutral_hadron,0.0,0.0,0.001236365269869566,-0.0027895706395308175,0.0,-0.001236365269869566,0.0027895706395308175,0.0,0.000618182634934783
signed_hqql_tbl,mod.cls_blocks.0.attn.h5,muon<-photon,0.0,0.0,-0.0012346794828772545,-0.0027939179697288917,0.0,0.0012346794828772545,0.0027939179697288917,0.0,0.0006173397414386272
signed_hqql_tbl,mod.cls_blocks.0.attn.h1,electron<-neutral_hadron,0.019651861718067758,0.0004081933830793087,0.0,0.005301750265061855,0.0,0.0004081933830793087,-0.004893556881982546,0.0004081933830793087,0.0006122900746189631
signed_hqql_tbl,mod.blocks.3.attn.h6,muon<-photon,0.011299168834319482,-0.00021100850202716314,-0.001010216656140983,0.0005165552471722053,-6.921783400078614e-06,0.0007992081541138199,-0.0007275637491993684,0.00021100850202716314,0.0006106125790840731
signed_hqql_tbl,mod.blocks.5.attn.h0,muon<-charged_hadron,0.01725519448518753,0.00032589028123766186,-0.00023793781486650307,-0.00042358118948398224,-6.701408087142877e-05,0.0005638280961041649,0.0007494714707216441,0.00032589028123766186,0.0006078043292897443
B_tbl_minus_hqql,mod.blocks.4.attn.h5,photon<-electron,0.12738203893347486,0.0004046772615189051,0.0,0.0,0.0,0.0004046772615189051,0.0004046772615189051,0.0004046772615189051,0.0006070158922783577
signed_hqql_tbl,mod.cls_blocks.1.attn.h4,charged_hadron<-charged_hadron,0.02568199886725499,0.00021589618625465588,0.0009971426902111711,-0.000139973362397435,0.00037432537610810365,-0.0007812465039565152,0.00035586954865209086,0.00021589618625465588,0.0006065194382329135
signed_hqql_tbl,mod.cls_blocks.0.attn.h5,electron<-charged_hadron,0.02332299876780737,-0.00040342209727636406,0.0,-0.002375904071543898,0.0,-0.00040342209727636406,0.0019724819742675337,0.00040342209727636406,0.0006051331459145461
B_tbl_minus_hqql,mod.blocks.3.attn.h2,photon<-muon,0.06497450975271371,-0.000402940043176596,0.0,0.0,0.0,-0.000402940043176596,-0.000402940043176596,0.000402940043176596,0.000604410064764894
signed_hqql_tbl,mod.blocks.4.attn.h0,muon<-photon,0.0066007467416616585,0.0004129682739193623,0.0007840225544686501,-0.00010821501597423445,0.00011935898887545422,-0.00037105428054928785,0.0005211832898935967,0.0004129682739193623,0.0005984954141940062
signed_hqql_tbl,mod.cls_blocks.0.attn.h5,electron<-muon,0.019471004605293274,-0.00039743990055285394,0.0,0.0,0.0,-0.00039743990055285394,-0.00039743990055285394,0.00039743990055285394,0.0005961598508292809
B_tbl_minus_hqql,mod.cls_blocks.0.attn.h5,CLS<-muon,0.019471000880002975,-0.0003974398714490235,0.0,0.0,0.0,-0.0003974398714490235,-0.0003974398714490235,0.0003974398714490235,0.0005961598071735352
B_tbl_minus_hqql,mod.cls_blocks.0.attn.h5,electron<-muon,0.019471000880002975,-0.0003974398714490235,0.0,0.0,0.0,-0.0003974398714490235,-0.0003974398714490235,0.0003974398714490235,0.0005961598071735352
signed_hqql_tbl,mod.blocks.4.attn.h5,electron<-electron,0.0751373795686959,0.00039482085267863456,-1.9068384106077363e-08,9.65200932512289e-08,-3.5319655096917774e-07,0.00039483992106274064,0.00039472433258538333,0.00039482085267863456,0.0005922408132100049
B_tbl_minus_hqql,mod.blocks.4.attn.h5,electron<-electron,0.07513732592931319,0.0003948209925106028,0.0,0.0,0.0,0.0003948209925106028,0.0003948209925106028,0.0003948209925106028,0.0005922314887659042
signed_hqql_tbl,mod.cls_blocks.1.attn.h0,photon<-photon,0.04299470546998476,0.0002933391982591466,-0.00030370072414309294,0.00012625009218357843,-0.00014636244914318259,0.0005970399224022396,0.00016708910607556818,0.0002933391982591466,0.0005918591594602664
signed_hqql_tbl,mod.blocks.2.attn.h0,muon<-charged_hadron,0.015131358802318574,0.00037913164123892784,0.0007984727310637633,0.0001232271291444014,-0.00044890512888704675,-0.00041934108982483544,0.00025590451209452645,0.00037913164123892784,0.0005888021861513456
B_tbl_minus_hqql,mod.blocks.3.attn.h4,muon<-neutral_hadron,0.009251449878017107,0.00039249945742388565,0.0,0.0,0.0,0.00039249945742388565,0.00039249945742388565,0.00039249945742388565,0.0005887491861358285
B_tbl_minus_hqql,mod.cls_blocks.0.attn.h5,CLS<-electron,0.014009565704327542,0.0003924555118715034,0.0,0.0,0.0,0.0003924555118715034,0.0003924555118715034,0.0003924555118715034,0.0005886832678072551
signed_hqql_tbl,mod.blocks.7.attn.h0,muon<-photon,0.01317599301154797,8.822095472938739e-05,0.0010883394055641615,-0.00020207574231211436,0.0001526561315619835,-0.0010001184508347742,0.0002902966970415018,8.822095472938739e-05,0.0005882801801467745
B_tbl_minus_hqql,mod.cls_blocks.0.attn.h5,electron<-charged_hadron,0.02148924626055218,-0.0003887067238489787,0.0,0.0,0.0,-0.0003887067238489787,-0.0003887067238489787,0.0003887067238489787,0.000583060085773468
B_tbl_minus_hqql,mod.cls_blocks.1.attn.h3,photon<-photon,0.033643128056275215,-0.0003833328251187739,0.0,0.0,0.0,-0.0003833328251187739,-0.0003833328251187739,0.0003833328251187739,0.0005749992376781609
B_tbl_minus_hqql,mod.blocks.3.attn.h7,muon<-neutral_hadron,0.013275561233361563,0.0003830193697164456,0.0,0.0,0.0,0.0003830193697164456,0.0003830193697164456,0.0003830193697164456,0.0005745290545746684
B_tbl_minus_hqql,mod.blocks.5.attn.h5,muon<-muon,0.010148651897907257,-0.00038251641672104597,0.0,0.0,0.0,-0.00038251641672104597,-0.00038251641672104597,0.00038251641672104597,0.000573774625081569
signed_hqql_tbl,mod.blocks.6.attn.h5,photon<-muon,0.07439856804334201,-0.0001705102980709993,-0.0009760566843816867,-0.000118654571600597,8.360092114243243e-05,0.0008055463863106874,-5.185572647040229e-05,0.0001705102980709993,0.000573283491226343
signed_hqql_tbl,mod.cls_blocks.1.attn.h1,muon<-CLS,0.0,0.0,-0.001139080268330872,0.0,0.0,0.001139080268330872,0.0,0.0,0.000569540134165436
B_tbl_minus_hqql,mod.blocks.2.attn.h0,muon<-charged_hadron,0.01513136327266693,0.0003791318507865071,0.0,0.0,0.0,0.0003791318507865071,0.0003791318507865071,0.0003791318507865071,0.0005686977761797606
B_tbl_minus_hqql,mod.cls_blocks.1.attn.h4,CLS<-electron,0.02796510968619259,0.0003787617790180775,0.0,0.0,0.0,0.0003787617790180775,0.0003787617790180775,0.0003787617790180775,0.0005681426685271163
signed_hqql_tbl,mod.cls_blocks.1.attn.h1,neutral_hadron<-photon,0.02021719217300415,-1.7360814112740068e-05,-0.0011175522072748704,-0.0002566768363227739,0.0002598512452095747,0.0011001913931621304,0.00023931602221003383,1.7360814112740068e-05,0.0005674565106938052
B_tbl_minus_hqql,mod.blocks.0.attn.h6,photon<-muon,0.0529705652823815,-0.0003780709722867379,0.0,0.0,0.0,-0.0003780709722867379,-0.0003780709722867379,0.0003780709722867379,0.0005671064584301068
signed_hqql_tbl,mod.blocks.1.attn.h0,muon<-photon,0.008040042450794807,3.656040868148781e-05,0.0010948022021553838,-0.00022436543156138875,0.00041615134600929367,-0.0010582417934738959,0.00026092584024287654,3.656040868148781e-05,0.0005656813054184357
B_tbl_minus_hqql,mod.blocks.6.attn.h7,muon<-neutral_hadron,0.01836409419775009,-0.0003769937514637907,0.0,0.0,0.0,-0.0003769937514637907,-0.0003769937514637907,0.0003769937514637907,0.0005654906271956861
signed_hqql_tbl,mod.blocks.5.attn.h6,electron<-neutral_hadron,0.05430340589955449,0.00037465157811311656,-5.510881585735206e-06,0.00018589963550160368,-0.0002685882037600523,0.00038016245969885176,0.00018875194261151287,0.00037465157811311656,0.0005647328079625424
signed_hqql_tbl,mod.cls_blocks.1.attn.h3,electron<-electron,0.4207568768198924,0.00037586914123206513,0.0,-7.405513377002626e-12,0.0,0.00037586914123206513,0.0003758691486375785,0.00037586914123206513,0.0005638037118480977
B_tbl_minus_hqql,mod.blocks.5.attn.h6,electron<-neutral_hadron,0.05430339416489005,0.00037465160103238303,0.0,0.0,0.0,0.00037465160103238303,0.00037465160103238303,0.00037465160103238303,0.0005619774015485745
signed_hqql_tbl,mod.blocks.4.attn.h0,neutral_hadron<-muon,0.01155076672633489,2.882506426734229e-06,0.0011202569682495778,4.640594948126052e-05,5.7062224186665844e-05,-0.0011173744618228436,-4.352344305452629e-05,2.882506426734229e-06,0.0005615697373381561
B_tbl_minus_hqql,mod.blocks.7.attn.h5,charged_hadron<-muon,0.06251387000083923,-0.00037410082295536996,0.0,0.0,0.0,-0.00037410082295536996,-0.00037410082295536996,0.00037410082295536996,0.000561151234433055
signed_hqql_tbl,mod.blocks.2.attn.h4,muon<-muon,0.03910864144563675,-0.00028695512446574867,0.00026121630799025297,-0.0005672458833942074,0.00011281958965507026,-0.0005481714324560016,0.0002802907589284587,0.00028695512446574867,0.0005610408406937495
B_tbl_minus_hqql,mod.blocks.3.attn.h6,muon<-charged_hadron,0.03227478861808777,0.00037401290610432624,0.0,0.0,0.0,0.00037401290610432624,0.00037401290610432624,0.00037401290610432624,0.0005610193591564893
signed_hqql_tbl,mod.cls_blocks.1.attn.h6,photon<-neutral_hadron,0.04624334746040404,-0.00043255134687569807,-0.0001845931081334129,-0.0003744156948462325,-5.023776351923256e-05,-0.00024795823874228516,-5.813565202946559e-05,0.00043255134687569807,0.0005565304662468407
signed_hqql_tbl,mod.cls_blocks.0.attn.h5,CLS<-electron,0.01478345461509889,0.00048153662646654993,0.00033361125315423124,-0.0003222575635715787,-0.003021534668126454,0.0001479253733123187,0.0008037941900381286,0.00048153662646654993,0.0005554993131227093
B_tbl_minus_hqql,mod.blocks.6.attn.h5,muon<-photon,0.02234423389801612,0.00036592649009365303,0.0,0.0,0.0,0.00036592649009365303,0.00036592649009365303,0.00036592649009365303,0.0005488897351404795
signed_hqql_tbl,mod.blocks.5.attn.h5,muon<-muon,0.010148639790713787,-0.000382515718229115,-5.694040837056491e-05,7.087331697448462e-05,-2.4287043710084315e-05,-0.0003255753098585501,-0.00045338903520359964,0.000382515718229115,0.0005453033731583901
signed_hqql_tbl,mod.blocks.6.attn.h7,muon<-neutral_hadron,0.01836409295598666,-0.00037699359624336165,-4.075262768310495e-05,-3.0248980405495356e-05,-3.685338015202433e-06,-0.0003362409685602567,-0.0003467446158378663,0.00037699359624336165,0.00054511408052349
signed_hqql_tbl,mod.blocks.3.attn.h2,electron<-photon,0.024394419498559906,-0.0003237293348009677,0.0001179865494123078,-4.510780715077401e-05,0.0001703045034611767,-0.0004417158842132755,-0.00027862152765019367,0.0003237293348009677,0.0005445872769076054
signed_hqql_tbl,mod.blocks.6.attn.h2,electron<-photon,0.017879152307059706,-0.00018210852027639304,0.0005418787934883897,-0.0004096374650045668,8.981545159423893e-05,-0.0007239873137647828,0.00022752894472817374,0.00018210852027639304,0.0005441021771587845
signed_hqql_tbl,mod.blocks.3.attn.h2,photon<-muon,0.0649745326775771,-0.00040294018645699206,-0.0001218784824371911,0.0002660189236683602,-0.00015605963913171931,-0.000281061704019801,-0.0006689591101253522,0.00040294018645699206,0.0005434710384668926
signed_hqql_tbl,mod.blocks.0.attn.h6,photon<-muon,0.0529705652823815,-0.0003780708290063418,-5.68741379538551e-05,0.00013507555387067523,6.909033550915342e-05,-0.0003211966910524867,-0.000513146382877017,0.0003780708290063418,0.0005386691745325852
signed_hqql_tbl,mod.cls_blocks.1.attn.h0,charged_hadron<-electron,0.007909027044661343,3.251474163334933e-05,-0.0009793020744837122,0.00016933391937830797,-0.00010734497391240438,0.0010118168161170615,-0.00013681917774495864,3.251474163334933e-05,0.0005384231496918801
signed_hqql_tbl,mod.blocks.1.attn.h2,muon<-charged_hadron,0.013044214248657227,0.0002643970772624016,-0.0002746197239806255,0.00022326696840725067,-1.2458050243404447e-05,0.000539016801243027,4.113010885515092e-05,0.0002643970772624016,0.000533905477883915
signed_hqql_tbl,mod.cls_blocks.0.attn.h7,muon<-charged_hadron,0.0,0.0,-0.0010537677867846055,0.00185606738504691,0.0,0.0010537677867846055,-0.00185606738504691,0.0,0.0005268838933923028
signed_hqql_tbl,mod.cls_blocks.0.attn.h5,neutral_hadron<-electron,0.006075464189052582,0.00035029138962272555,0.0,0.0005125812604092062,-0.0084390165284276,0.00035029138962272555,-0.0001622898707864806,0.00035029138962272555,0.0005254370844340883
signed_hqql_tbl,mod.blocks.3.attn.h2,muon<-photon,0.012895210431172298,-0.0004289501991409522,-0.00023832200811459468,-0.00031362150541760706,-1.8205300202006817e-05,-0.00019062819102635752,-0.00011532869372334514,0.0004289501991409522,0.0005242642946541309
B_tbl_minus_hqql,mod.cls_blocks.1.attn.h1,electron<-neutral_hadron,0.022209084377839014,-0.0003483016133451691,0.0,0.0,0.0,-0.0003483016133451691,-0.0003483016133451691,0.0003483016133451691,0.0005224524200177537
signed_hqql_tbl,mod.blocks.0.attn.h4,electron<-electron,0.01711470627615199,-0.00034341352844080575,3.4467294796058923e-06,-1.553504959398803e-05,-2.0329425372741147e-07,-0.00034686025792041164,-0.0003278784788468177,0.00034341352844080575,0.0005168436574010116
signed_hqql_tbl,mod.blocks.5.attn.h5,charged_hadron<-electron,0.03818122904909694,-0.00012047243470315944,0.0006710981577634812,-9.480517417673141e-05,0.0002286415733073631,-0.0007915705924666406,-2.5667260526428024e-05,0.00012047243470315944,0.0005162577309364797
B_tbl_minus_hqql,mod.blocks.0.attn.h4,electron<-electron,0.017114706244865375,-0.0003434137138611959,0.0,0.0,0.0,-0.0003434137138611959,-0.0003434137138611959,0.0003434137138611959,0.0005151205707917938
signed_hqql_tbl,mod.cls_blocks.1.attn.h0,charged_hadron<-neutral_hadron,0.02477577145628888,0.00025466553196220676,-0.00026057346953808414,0.0001697924224786488,0.0001061347609922652,0.0005152390015002909,8.487310948355797e-05,0.00025466553196220676,0.0005122850327123523
signed_hqql_tbl,mod.cls_blocks.0.attn.h4,electron<-neutral_hadron,0.02178779187110754,0.00034113070712639735,0.0,0.0021881740540266037,0.0,0.00034113070712639735,-0.0018470433469002063,0.00034113070712639735,0.000511696060689596
B_tbl_minus_hqql,mod.blocks.6.attn.h6,charged_hadron<-muon,0.1469804525375366,0.0003390830010175705,0.0,0.0,0.0,0.0003390830010175705,0.0003390830010175705,0.0003390830010175705,0.0005086245015263557
signed_hqql_tbl,mod.cls_blocks.0.attn.h6,muon<-neutral_hadron,0.0,0.0,0.0010169956833124161,0.010468153903881708,0.0,-0.0010169956833124161,-0.010468153903881708,0.0,0.0005084978416562081
B_tbl_minus_hqql,mod.cls_blocks.1.attn.h1,CLS<-electron,0.02822525725059677,-0.00033858181029700063,0.0,0.0,0.0,-0.00033858181029700063,-0.00033858181029700063,0.00033858181029700063,0.0005078727154455009
signed_hqql_tbl,mod.blocks.1.attn.h5,muon<-neutral_hadron,0.013697635382413864,0.00013079682442670068,-0.0006164681290101726,0.0003898800559430751,-9.81990378932096e-05,0.0007472649534368733,-0.00025908323151637444,0.00013079682442670068,0.0005044293011451373
signed_hqql_tbl,mod.blocks.6.attn.h3,electron<-electron,0.05624929842888378,0.0003325192927491116,-5.6336598017736605e-06,1.030437450329676e-06,-3.624191523954323e-05,0.00033815295255088527,0.00033148885529878195,0.0003325192927491116,0.0005015957690245542
signed_hqql_tbl,mod.blocks.1.attn.h6,charged_hadron<-electron,0.029837362630211788,0.00016466615868367902,-0.0005082403123378754,0.00029881319759653943,-0.00012675312959968492,0.0006729064710215544,-0.00013414703891286042,0.00016466615868367902,0.0005011193941944562
signed_hqql_tbl,mod.blocks.4.attn.h5,muon<-photon,0.013512317950908955,0.00032563600689172745,-2.2910150269476268e-05,-1.3729660052128814e-05,7.79381182467289e-05,0.00034854615716120374,0.00033936566694385626,0.00032563600689172745,0.0004999090854723293
signed_hqql_tbl,mod.blocks.6.attn.h5,neutral_hadron<-muon,0.18436517318089804,-0.00021797932762031755,0.00034571418655104935,-0.00016478554837368918,-0.00019960028468328042,-0.0005636935141713669,-5.319377924662837e-05,0.00021797932762031755,0.000499826084706001
B_tbl_minus_hqql,mod.blocks.6.attn.h3,electron<-electron,0.05624930375488475,0.00033251935263933774,0.0,0.0,0.0,0.00033251935263933774,0.00033251935263933774,0.00033251935263933774,0.0004987790289590066
B_tbl_minus_hqql,mod.blocks.3.attn.h6,electron<-photon,0.018406046327294374,0.00033178220385197184,0.0,0.0,0.0,0.00033178220385197184,0.00033178220385197184,0.00033178220385197184,0.0004976733057779578
signed_hqql_tbl,mod.blocks.4.attn.h2,muon<-neutral_hadron,0.006724829475084941,9.332590464813013e-05,-0.000704262696672231,-0.00019233996777314277,-7.904104980601308e-05,0.0007975886013203611,0.0002856658724212729,9.332590464813013e-05,0.0004921202053083107
signed_hqql_tbl,mod.cls_blocks.1.attn.h4,CLS<-charged_hadron,0.02637121148431416,9.6991250757128e-05,0.0008871901867890825,0.00015550004259400201,0.00037273598302687915,-0.0007901989360319545,-5.8508791836874014e-05,9.6991250757128e-05,0.0004920907187731052
B_tbl_minus_hqql,mod.blocks.0.attn.h3,muon<-electron,0.029206370934844017,-0.00032776035368442535,0.0,0.0,0.0,-0.00032776035368442535,-0.00032776035368442535,0.00032776035368442535,0.000491640530526638
signed_hqql_tbl,mod.blocks.0.attn.h3,muon<-electron,0.029206370934844017,-0.0003277586947660893,0.0,4.836569132748991e-06,-0.0002113327063852921,-0.0003277586947660893,-0.0003325952638988383,0.0003277586947660893,0.000491638042149134
B_tbl_minus_hqql,mod.blocks.5.attn.h0,muon<-charged_hadron,0.01725519895553589,0.00032589056063443423,0.0,0.0,0.0,0.00032589056063443423,0.00032589056063443423,0.00032589056063443423,0.0004888358409516514
B_tbl_minus_hqql,mod.blocks.4.attn.h5,muon<-photon,0.013512319097152123,0.00032563629345251963,0.0,0.0,0.0,0.00032563629345251963,0.00032563629345251963,0.00032563629345251963,0.0004884544401787794
signed_hqql_tbl,mod.cls_blocks.1.attn.h4,photon<-photon,0.017931410356571798,-0.00023983554504076508,0.0002539850864164784,0.00014115567930937024,0.0003902945601431703,-0.0004938206314572434,-0.0003809912243501353,0.00023983554504076508,0.0004867458607693868
signed_hqql_tbl,mod.cls_blocks.1.attn.h1,charged_hadron<-electron,0.03686311561614275,-0.0002318489428034809,0.0002757701936388912,0.0003204040371732238,4.557397005555686e-06,-0.0005076191364423721,-0.0005522529799767046,0.0002318489428034809,0.00048565851102466695
B_tbl_minus_hqql,mod.blocks.3.attn.h2,electron<-photon,0.024394418862534732,-0.0003237295420770285,0.0,0.0,0.0,-0.0003237295420770285,-0.0003237295420770285,0.0003237295420770285,0.0004855943131155427
B_tbl_minus_hqql,mod.blocks.4.attn.h0,muon<-charged_hadron,0.008426739275455475,0.0003208668436855078,0.0,0.0,0.0,0.0003208668436855078,0.0003208668436855078,0.0003208668436855078,0.0004813002655282617
signed_hqql_tbl,mod.blocks.7.attn.h2,muon<-electron,0.4839353859424591,0.0003202121297363192,0.0,0.00111239159014076,-3.912991708432401e-09,0.0003202121297363192,-0.0007921794604044408,0.0003202121297363192,0.0004803181946044788
B_tbl_minus_hqql,mod.blocks.7.attn.h2,muon<-electron,0.48393532633781433,0.00032021090737544,0.0,0.0,0.0,0.00032021090737544,0.00032021090737544,0.00032021090737544,0.00048031636106316
signed_hqql_tbl,mod.blocks.6.attn.h2,muon<-neutral_hadron,0.004735021541515986,-2.2661576319175463e-05,0.0008887667645467445,-0.0006109472014941275,0.0008260544591394137,-0.00091142834086592,0.0005882856251749521,2.2661576319175463e-05,0.00047837574675213546
signed_hqql_tbl,mod.blocks.3.attn.h6,electron<-photon,0.018406046327294374,0.00033178215327519335,3.942782599811575e-05,0.0005466307713554484,6.539155094122345e-05,0.0002923543272770776,-0.00021484861808025501,0.00033178215327519335,0.00047795931691373215
signed_hqql_tbl,mod.cls_blocks.0.attn.h5,CLS<-muon,0.019471004605293274,-0.00039743990055285394,-0.00023787777172401547,-0.0070826159353600815,0.0009493041185730059,-0.00015956212882883847,0.0066851760348072276,0.00039743990055285394,0.0004772209649672732
signed_hqql_tbl,mod.blocks.4.attn.h2,charged_hadron<-muon,0.05557774305343628,-5.609105573967099e-05,-0.0008954526507295668,2.6956873399944142e-05,-0.0001891355804756892,0.0008393615949898958,-8.304792913961513e-05,5.609105573967099e-05,0.0004757718532346189
B_tbl_minus_hqql,mod.blocks.1.attn.h3,electron<-charged_hadron,0.02188741399542145,0.0003168569724632265,0.0,0.0,0.0,0.0003168569724632265,0.0003168569724632265,0.0003168569724632265,0.00047528545869483975
signed_hqql_tbl,mod.cls_blocks.0.attn.h6,CLS<-charged_hadron,0.025745044567194016,-0.00043175556963471356,-0.00034711266235604773,0.0028933484550457676,0.0010549721155999874,-8.464290727866583e-05,-0.0033251040246804814,0.00043175556963471356,0.0004740770232740465
signed_hqql_tbl,mod.blocks.6.attn.h5,muon<-charged_hadron,0.010577292740345001,0.00010487008839845657,-0.0006304996010536948,0.0006217510319025866,-0.0002791459971506681,0.0007353696894521514,-0.00051688094350413,0.00010487008839845657,0.0004725549331245323
signed_hqql_tbl,mod.blocks.5.attn.h7,charged_hadron<-electron,0.08823452517390251,0.00029938673754298617,-4.477610345929861e-05,0.00023893661584166223,1.3098796545010475e-05,0.00034416284100228476,6.045012170132394e-05,0.00029938673754298617,0.0004714681580441285
signed_hqql_tbl,mod.cls_blocks.0.attn.h5,electron<-electron,0.005100178619613871,0.0003129007527604699,0.0,0.0002778095076791942,0.0,0.0003129007527604699,3.50912450812757e-05,0.0003129007527604699,0.00046935112914070487
signed_hqql_tbl,mod.blocks.0.attn.h5,electron<-photon,0.028875314426131365,0.00022217611322270298,-0.00027206746744923294,0.0005782924214543852,-0.0001633060842075131,0.0004942435806719359,-0.0003561163082316822,0.00022217611322270298,0.00046929790355867095
B_tbl_minus_hqql,mod.cls_blocks.1.attn.h4,charged_hadron<-photon,0.02325099307886312,0.0003118088805447923,0.0,0.0,0.0,0.0003118088805447923,0.0003118088805447923,0.0003118088805447923,0.0004677133208171885
signed_hqql_tbl,mod.blocks.1.attn.h5,electron<-photon,0.024586118485142545,0.00023792508807496122,-0.00022083900902154191,0.000440586335982566,6.567882162264803e-05,0.0004587640970965031,-0.0002026612479076048,0.00023792508807496122,0.0004673071366232128
signed_hqql_tbl,mod.blocks.5.attn.h1,muon<-neutral_hadron,0.027439887324968975,-0.00024100067093968391,0.0002017919596255524,-9.700968975697546e-05,4.129173854986827e-06,-0.0004427926305652363,-0.00014399098118270847,0.00024100067093968391,0.0004623969862223021
signed_hqql_tbl,mod.cls_blocks.1.attn.h0,charged_hadron<-muon,0.0,0.0,-0.0009241977822966874,-1.154437086370308e-06,-0.0028453217819333076,0.0009241977822966874,1.154437086370308e-06,0.0,0.0004620988911483437
signed_hqql_tbl,mod.blocks.4.attn.h0,muon<-charged_hadron,0.008426735550165177,0.00032086654100567104,4.082572607633968e-05,-6.200484289177532e-05,-0.000657931805293703,0.00028004081492933133,0.00038287138389744634,0.00032086654100567104,0.0004608869484703367
signed_hqql_tbl,mod.blocks.2.attn.h5,electron<-photon,0.025136747193045733,0.00026254657735457507,-0.00013238421420932615,0.0004034548677338211,-0.00045492834496227175,0.0003949307915639012,-0.000140908290379246,0.00026254657735457507,0.00046001197313652565
signed_hqql_tbl,mod.blocks.4.attn.h5,charged_hadron<-muon,0.06824257373809814,-0.00022351732477545738,0.0002485812020798524,0.0007593893229254874,-5.787891354791972e-05,-0.0004720985268553098,-0.0009829066477009447,0.00022351732477545738,0.0004595665882031123
signed_hqql_tbl,mod.blocks.3.attn.h6,muon<-charged_hadron,0.03227479159832001,0.0003740133251994848,0.0005396900232881308,-0.0004415267159166778,-0.0003875417881930361,-0.00016567669808864594,0.0008155400411161626,0.0003740133251994848,0.0004568516742438078
signed_hqql_tbl,mod.blocks.1.attn.h1,muon<-charged_hadron,0.019694389402866365,-0.00028267428278923036,6.430876286079486e-05,-2.820114805844837e-06,2.1985923272690604e-05,-0.00034698304565002524,-0.0002798541679833855,0.00028267428278923036,0.000456165805614243
signed_hqql_tbl,mod.blocks.7.attn.h2,muon<-photon,0.012749965374286357,-0.00016703445894213824,0.0004069026114078812,-0.0002318651230201464,6.529471742127228e-05,-0.0005739370703500195,6.483066407800815e-05,0.00016703445894213824,0.000454002994117148
B_tbl_minus_hqql,mod.blocks.4.attn.h2,photon<-muon,0.05870212041414701,-0.00030205724760890007,0.0,0.0,0.0,-0.00030205724760890007,-0.00030205724760890007,0.00030205724760890007,0.0004530858714133501
signed_hqql_tbl,mod.blocks.7.attn.h6,muon<-neutral_hadron,0.02433805416027705,-0.00014391150519562265,0.00046891045622032834,-0.0003471639944396692,7.82334880871834e-05,-0.000612821961415951,0.00020325248924404657,0.00014391150519562265,0.00045032248590359814
B_tbl_minus_hqql,mod.blocks.5.attn.h7,charged_hadron<-electron,0.08823451610363048,0.0002993866818660931,0.0,0.0,0.0,0.0002993866818660931,0.0002993866818660931,0.0002993866818660931,0.00044908002279913967
signed_hqql_tbl,mod.blocks.4.attn.h2,electron<-neutral_hadron,0.0184460103046149,0.0002832884825693327,-4.5848467124187664e-05,2.1299778381944634e-05,-0.00011429648785612218,0.0003291369496935204,0.0002619887041873881,0.0002832884825693327,0.0004478569574160929
B_tbl_minus_hqql,mod.cls_blocks.0.attn.h5,CLS<-photon,0.023057694150502295,-0.00029816642197358156,0.0,0.0,0.0,-0.00029816642197358156,-0.00029816642197358156,0.00029816642197358156,0.0004472496329603723
B_tbl_minus_hqql,mod.blocks.4.attn.h0,muon<-electron,0.006863236427307129,-0.00029795721638947725,0.0,0.0,0.0,-0.00029795721638947725,-0.00029795721638947725,0.00029795721638947725,0.0004469358245842159
signed_hqql_tbl,mod.blocks.4.attn.h0,muon<-electron,0.0068632327020168304,-0.00029795675072818995,0.0,-5.67346069146879e-05,-1.4022238925548436e-09,-0.00029795675072818995,-0.00024122214381350204,0.00029795675072818995,0.0004469351260922849
B_tbl_minus_hqql,mod.blocks.0.attn.h1,muon<-neutral_hadron,0.024788839121659596,-0.0002962380725269516,0.0,0.0,0.0,-0.0002962380725269516,-0.0002962380725269516,0.0002962380725269516,0.00044435710879042745
signed_hqql_tbl,mod.blocks.2.attn.h5,neutral_hadron<-muon,0.03212305158376694,8.501268651646872e-05,0.0007965962286107242,-0.000353462355729119,9.717368419615013e-05,-0.0007115835420942555,0.0004384750422455877,8.501268651646872e-05,0.00044080445756359643
signed_hqql_tbl,mod.blocks.4.attn.h2,neutral_hadron<-electron,0.011427014839136973,-1.027562245781155e-05,0.0008495147533924552,-0.00012767733149606406,-5.968198017987615e-06,-0.0008597903758502667,0.0001174017090382525,1.027562245781155e-05,0.0004401708103829449
B_tbl_minus_hqql,mod.cls_blocks.1.attn.h0,photon<-photon,0.04299470703852804,0.0002933392166405132,0.0,0.0,0.0,0.0002933392166405132,0.0002933392166405132,0.0002933392166405132,0.0004400088249607698
signed_hqql_tbl,mod.blocks.0.attn.h4,muon<-photon,0.012541854610809913,5.050946492701769e-05,-0.0007276752909931999,-0.000296850553819571,-0.00012695533007866256,0.0007781847559202176,0.0003473600187465887,5.050946492701769e-05,0.0004396018428871265
signed_hqql_tbl,mod.cls_blocks.1.attn.h2,CLS<-muon,0.046066008508205414,-0.00029134497162885964,1.9050819446420064e-06,0.0002598356056751072,-0.00016657386458973633,-0.00029325005357350165,-0.0005511805773039669,0.00029134497162885964,0.00043796999841561046
signed_hqql_tbl,mod.blocks.0.attn.h5,charged_hadron<-muon,0.023823659121990203,-4.2725770617835225e-05,0.0007463522488251328,-0.00028195217861954507,0.0001311305938858767,-0.0007890780194429681,0.00023922640800170985,4.2725770617835225e-05,0.0004372647803393193
signed_hqql_tbl,mod.cls_blocks.1.attn.h2,electron<-muon,0.046066008508205414,-0.00029134497162885964,0.0,0.0,0.0,-0.00029134497162885964,-0.00029134497162885964,0.00029134497162885964,0.00043701745744328946
B_tbl_minus_hqql,mod.cls_blocks.1.attn.h2,CLS<-muon,0.046066004782915115,-0.00029134497162885964,0.0,0.0,0.0,-0.00029134497162885964,-0.00029134497162885964,0.00029134497162885964,0.00043701745744328946
B_tbl_minus_hqql,mod.cls_blocks.1.attn.h2,electron<-muon,0.046066004782915115,-0.00029134497162885964,0.0,0.0,0.0,-0.00029134497162885964,-0.00029134497162885964,0.00029134497162885964,0.00043701745744328946
signed_hqql_tbl,mod.blocks.4.attn.h7,muon<-muon,0.024921664968132973,-0.0002905978763010353,1.7630958808467767e-06,0.0001777379767020193,1.5180940948766874e-08,-0.00029236097218188206,-0.0004683358530030546,0.0002905978763010353,0.0004367783623919763
signed_hqql_tbl,mod.blocks.4.attn.h2,muon<-charged_hadron,0.010538081079721451,0.0002538916189223528,-0.00011034654453396797,6.288093362196252e-05,-0.00028962209554655213,0.00036423816345632076,0.00019101068530039025,0.0002538916189223528,0.00043601070065051316
B_tbl_minus_hqql,mod.blocks.4.attn.h7,muon<-muon,0.02492162026464939,-0.0002905971196014434,0.0,0.0,0.0,-0.0002905971196014434,-0.0002905971196014434,0.0002905971196014434,0.0004358956794021651
signed_hqql_tbl,mod.blocks.1.attn.h5,electron<-electron,0.014157777953369078,-0.0002898449648114365,1.0270810264501051e-06,8.969759594240006e-06,-1.9080142465099925e-05,-0.0002908720458378866,-0.0002988147244056765,0.0002898449648114365,0.0004352809877303798
B_tbl_minus_hqql,mod.blocks.1.attn.h5,electron<-electron,0.014157767551660072,-0.00028984461950471997,0.0,0.0,0.0,-0.00028984461950471997,-0.00028984461950471997,0.00028984461950471997,0.00043476692925708
signed_hqql_tbl,mod.cls_blocks.1.attn.h7,CLS<-muon,0.027778320014476776,-0.0002787437988445163,2.8518816179712303e-05,-0.00030363218218099064,3.0333946066699962e-05,-0.0003072626150242286,2.4888383336474362e-05,0.0002787437988445163,0.00043237510635663057
signed_hqql_tbl,mod.cls_blocks.1.attn.h1,CLS<-electron,0.023853498860262334,-0.0001961983459750627,0.0002757701936388912,0.00013095653524126355,-1.0404172523218827e-05,-0.0004719685396139539,-0.0003271548812163262,0.0001961983459750627,0.00043218261578203965
signed_hqql_tbl,mod.blocks.6.attn.h1,neutral_hadron<-electron,0.11310767291579396,5.18165524908909e-05,0.0008119665337744664,0.00021925766032400892,0.00019758532931411858,-0.0007601499812835754,-0.00016744110783311803,5.18165524908909e-05,0.00043189154313267865
B_tbl_minus_hqql,mod.blocks.2.attn.h4,muon<-muon,0.039108630269765854,-0.00028695620130747557,0.0,0.0,0.0,-0.00028695620130747557,-0.00028695620130747557,0.00028695620130747557,0.00043043430196121335
signed_hqql_tbl,mod.blocks.5.attn.h5,photon<-electron,0.04512793661617651,-5.314975945710591e-05,0.0006990252305903206,-0.0003179330584092372,0.0006127432697791268,-0.0007521749900474265,0.00026478329895213127,5.314975945710591e-05,0.0004292372544808192
signed_hqql_tbl,mod.blocks.2.attn.h5,muon<-neutral_hadron,0.0034545371308922768,0.0002391297797051569,-0.00013671555643668398,-0.00012173685842610307,-0.0005411880022923773,0.0003758453361418409,0.00036086663813125996,0.0002391297797051569,0.0004270524477760773
signed_hqql_tbl,mod.blocks.0.attn.h5,electron<-electron,0.07178208787918265,-0.00028091616706547027,8.99988901181814e-06,-5.900059028836798e-05,-0.00010981609617980818,-0.0002899160560772884,-0.00022191557677710228,0.00028091616706547027,0.0004258741951041145
B_tbl_minus_hqql,mod.blocks.4.attn.h2,electron<-neutral_hadron,0.018446010327897965,0.00028328827356745024,0.0,0.0,0.0,0.00028328827356745024,0.00028328827356745024,0.00028328827356745024,0.0004249324103511754
B_tbl_minus_hqql,mod.blocks.1.attn.h1,muon<-charged_hadron,0.019694389402866365,-0.0002826741198077798,0.0,0.0,0.0,-0.0002826741198077798,-0.0002826741198077798,0.0002826741198077798,0.0004240111797116697
signed_hqql_tbl,mod.blocks.0.attn.h3,charged_hadron<-muon,0.025502124428749086,-6.201604846864939e-05,0.000661600047412018,-9.612153597368762e-06,-7.883060191358839e-05,-0.0007236160958806674,-5.240389487128063e-05,6.201604846864939e-05,0.00042382409640898306
signed_hqql_tbl,mod.blocks.4.attn.h3,muon<-charged_hadron,0.016131605207920074,0.0002699313685297966,-3.63408587872982e-05,-0.00019141216922936768,1.6108309679037455e-05,0.0003062722273170948,0.00046134353775916426,0.0002699313685297966,0.000423067482188344
signed_hqql_tbl,mod.blocks.6.attn.h3,photon<-muon,0.1648079798771785,0.00017151918907005055,-0.0003298996016383171,0.0004395128452663564,-0.00019854004926013726,0.0005014187907083677,-0.00026799365619630585,0.00017151918907005055,0.0004222285844242344
signed_hqql_tbl,mod.cls_blocks.0.attn.h4,electron<-muon,0.04493241757154465,-0.0002812201273627579,0.0,0.0,0.0,-0.0002812201273627579,-0.0002812201273627579,0.0002812201273627579,0.0004218301910441369
B_tbl_minus_hqql,mod.cls_blocks.0.attn.h4,CLS<-muon,0.044932425022125244,-0.0002812189923133701,0.0,0.0,0.0,-0.0002812189923133701,-0.0002812189923133701,0.0002812189923133701,0.00042182848847005516
B_tbl_minus_hqql,mod.cls_blocks.0.attn.h4,electron<-muon,0.044932425022125244,-0.0002812189923133701,0.0,0.0,0.0,-0.0002812189923133701,-0.0002812189923133701,0.0002812189923133701,0.00042182848847005516
B_tbl_minus_hqql,mod.blocks.0.attn.h5,electron<-electron,0.07178208787518088,-0.00028091670292269556,0.0,0.0,0.0,-0.00028091670292269556,-0.00028091670292269556,0.00028091670292269556,0.00042137505438404337
signed_hqql_tbl,mod.cls_blocks.1.attn.h5,neutral_hadron<-neutral_hadron,0.027397401057756864,-0.00013894305224172198,0.0004254574499403437,0.0004059456183919489,8.91703685435156e-05,-0.0005644005021820656,-0.0005448886706336709,0.00013894305224172198,0.00042114330333275476
signed_hqql_tbl,mod.blocks.7.attn.h2,electron<-electron,0.01416294271652987,0.00028023002311152736,-1.7678383285035792e-08,1.618695348875421e-07,-1.4958138313166577e-07,0.0002802477014948124,0.0002800681535766398,0.00028023002311152736,0.00042035387385893356
B_tbl_minus_hqql,mod.blocks.7.attn.h2,electron<-electron,0.014162939736593216,0.0002802299532730368,0.0,0.0,0.0,0.0002802299532730368,0.0002802299532730368,0.0002802299532730368,0.0004203449299095552
signed_hqql_tbl,mod.cls_blocks.1.attn.h7,electron<-muon,0.027778320014476776,-0.0002787437988445163,0.0,0.0,0.0,-0.0002787437988445163,-0.0002787437988445163,0.0002787437988445163,0.0004181156982667744
B_tbl_minus_hqql,mod.cls_blocks.1.attn.h7,CLS<-muon,0.027778303250670433,-0.000278743653325364,0.0,0.0,0.0,-0.000278743653325364,-0.000278743653325364,0.000278743653325364,0.000418115479988046
B_tbl_minus_hqql,mod.cls_blocks.1.attn.h7,electron<-muon,0.027778303250670433,-0.000278743653325364,0.0,0.0,0.0,-0.000278743653325364,-0.000278743653325364,0.000278743653325364,0.000418115479988046
signed_hqql_tbl,mod.cls_blocks.1.attn.h3,neutral_hadron<-CLS,0.0017218577268067747,5.408460515354818e-05,-0.0006720972014591098,0.0,0.0,0.000726181806612658,5.408460515354818e-05,5.408460515354818e-05,0.00041717550845987716
signed_hqql_tbl,mod.blocks.5.attn.h0,photon<-muon,0.03983125319847694,0.00012981662383446327,0.0007035567496831601,-2.9108268658588218e-05,-1.1579002063997365e-05,-0.0005737401258486968,0.00015892489249305148,0.00012981662383446327,0.0004166866867588117
signed_hqql_tbl,mod.blocks.7.attn.h6,charged_hadron<-electron,0.01200241968035698,-8.579291573804095e-05,0.0005738615981924038,-0.00024080759687950052,9.276257737332748e-05,-0.0006596545139304447,0.00015501468114145956,8.579291573804095e-05,0.0004156201727032633
signed_hqql_tbl,mod.blocks.3.attn.h5,muon<-charged_hadron,0.02007516324520111,6.950595416128635e-05,0.0007562786340713501,-0.00048525375795775445,-0.00012404862458684614,-0.0006867726799100638,0.0005547597121190408,6.950595416128635e-05,0.00041289229411631826
B_tbl_minus_hqql,mod.blocks.3.attn.h2,charged_hadron<-muon,0.05181964635848999,-0.00027505899779498575,0.0,0.0,0.0,-0.00027505899779498575,-0.00027505899779498575,0.00027505899779498575,0.0004125884966924786
signed_hqql_tbl,mod.cls_blocks.1.attn.h4,neutral_hadron<-photon,0.019224865161455596,-0.000189881404199136,0.0002515185412696817,0.00013778524418525835,0.00017675095393011967,-0.0004413999454688177,-0.00032766664838439436,0.000189881404199136,0.00041058137693354485
signed_hqql_tbl,mod.blocks.1.attn.h4,muon<-muon,0.011259355582296848,-0.00014679311425425112,0.0003786117013078183,-0.00017194303836731706,-1.2007470407600824e-06,-0.0005254048155620694,2.5149924113065936e-05,0.00014679311425425112,0.00040949552203528583
signed_hqql_tbl,mod.blocks.5.attn.h6,muon<-electron,0.2056744545698166,-0.0002727575192693621,0.0,0.0002199105074396357,-3.672244474728359e-06,-0.0002727575192693621,-0.0004926680267089978,0.0002727575192693621,0.00040913627890404314
B_tbl_minus_hqql,mod.blocks.5.attn.h6,muon<-electron,0.2056744545698166,-0.0002727543469518423,0.0,0.0,0.0,-0.0002727543469518423,-0.0002727543469518423,0.0002727543469518423,0.00040913152042776346
B_tbl_minus_hqql,mod.blocks.2.attn.h7,muon<-muon,0.005360094830393791,0.00027251409483142197,0.0,0.0,0.0,0.00027251409483142197,0.00027251409483142197,0.00027251409483142197,0.00040877114224713296
signed_hqql_tbl,mod.blocks.2.attn.h7,muon<-muon,0.005360102746635675,0.00027251450228504837,5.4502488272545335e-08,-0.00019886093952020955,1.6065155206135273e-08,0.0002724599997967758,0.0004713754418052579,0.00027251450228504837,0.0004087445021834363
signed_hqql_tbl,mod.cls_blocks.1.attn.h0,neutral_hadron<-charged_hadron,0.02306471808233123,0.00029979405340070474,0.0005158927602072557,1.09797861847666e-05,-0.00029539728770032524,-0.0002160987068065509,0.00028881426721593815,0.00029979405340070474,0.0004078434068039802
signed_hqql_tbl,mod.cls_blocks.1.attn.h4,photon<-charged_hadron,0.04514351487159729,0.000138937575022944,0.0006717143353865776,0.0008450367410356799,0.0005076847611421562,-0.0005327767603636336,-0.000706099166012736,0.000138937575022944,0.0004053259552047608
B_tbl_minus_hqql,mod.blocks.4.attn.h3,muon<-charged_hadron,0.016131602227687836,0.00026993146166205407,0.0,0.0,0.0,0.00026993146166205407,0.00026993146166205407,0.00026993146166205407,0.00040489719249308114
signed_hqql_tbl,mod.cls_blocks.1.attn.h2,muon<-charged_hadron,0.0,0.0,-0.0008075999265367335,-0.00021680862977145574,0.0,0.0008075999265367335,0.00021680862977145574,0.0,0.00040379996326836675
signed_hqql_tbl,mod.blocks.3.attn.h3,muon<-neutral_hadron,0.005678081264098485,0.0001162483337490509,-0.00045863972627557814,0.00045647762262409453,1.2800806265052719e-05,0.000574888060024629,-0.0003402292888750436,0.0001162483337490509,0.0004036923637613654
signed_hqql_tbl,mod.blocks.7.attn.h6,photon<-electron,0.029587506430178153,-0.00016460189806643828,0.0003118356196085058,-0.0002501931885490194,8.604690638921139e-05,-0.00047643751767494406,8.559129048258112e-05,0.00016460189806643828,0.0004028206569039103
signed_hqql_tbl,mod.blocks.3.attn.h0,charged_hadron<-muon,0.04002242386341095,-0.00015245176618918776,0.000347937053690354,0.0006558355995742926,0.00011736858987762612,-0.0005003888198795418,-0.0008082873657634804,0.00015245176618918776,0.00040264617612895863
signed_hqql_tbl,mod.blocks.3.attn.h4,muon<-neutral_hadron,0.009251452361543974,0.00039249949622899294,0.00037288025487214327,-6.076237830137344e-05,0.00031808781629176036,1.961924135684967e-05,0.00045326187453036636,0.00039249949622899294,0.0004023091169074178
B_tbl_minus_hqql,mod.cls_blocks.0.attn.h7,electron<-photon,0.011416685513474724,-0.00026766682805662805,0.0,0.0,0.0,-0.00026766682805662805,-0.00026766682805662805,0.00026766682805662805,0.0004015002420849421
B_tbl_minus_hqql,mod.blocks.7.attn.h5,photon<-muon,0.06379196277031532,-0.0002675739905008903,0.0,0.0,0.0,-0.0002675739905008903,-0.0002675739905008903,0.0002675739905008903,0.00040136098575133545
signed_hqql_tbl,mod.cls_blocks.1.attn.h0,charged_hadron<-charged_hadron,0.024534585575262707,0.0001511123689572112,-0.00034673416294248363,0.00015082794917086788,-6.572670058885254e-05,0.0004978465318996948,2.8441978634332677e-07,0.0001511123689572112,0.0004000356349070586
signed_hqql_tbl,mod.blocks.6.attn.h1,electron<-charged_hadron,0.0352067524648231,0.00012816180076143886,-0.0004147741035558283,0.00015553970701031146,-0.00025675579510991357,0.0005429359043172672,-2.737790624887261e-05,0.00012816180076143886,0.0003996297529200724
signed_hqql_tbl,mod.blocks.0.attn.h6,muon<-charged_hadron,0.015582242608070373,-0.000238121603615582,8.419114553059141e-05,7.626070472379697e-06,0.00011635447403282992,-0.0003223127491461734,-0.0002457476740879617,0.000238121603615582,0.0003992779781886687
signed_hqql_tbl,mod.blocks.3.attn.h6,neutral_hadron<-muon,0.017982761065165203,7.449410986737348e-06,0.000790322545071831,-0.0006256980962605571,0.00017209479289211535,-0.0007828731340850936,0.0006331475072472944,7.449410986737348e-06,0.00039888597802928416
signed_hqql_tbl,mod.blocks.6.attn.h3,photon<-electron,0.24545373858475103,0.0002467703988503029,-5.351000592262218e-05,0.0002183233115069364,-1.3560395349155773e-05,0.0003002804047729251,2.8447087343366474e-05,0.0002467703988503029,0.00039691060123676544
signed_hqql_tbl,mod.cls_blocks.1.attn.h5,photon<-photon,0.019265596411730115,-5.7064278639460864e-05,0.0006224218523129821,-7.647527342090721e-05,1.04263866936939e-05,-0.000679486130952443,1.941099478144635e-05,5.7064278639460864e-05,0.00039680734411568234
B_tbl_minus_hqql,mod.blocks.1.attn.h2,muon<-charged_hadron,0.013044214248657227,0.0002643969841301441,0.0,0.0,0.0,0.0002643969841301441,0.0002643969841301441,0.0002643969841301441,0.00039659547619521615
B_tbl_minus_hqql,mod.blocks.3.attn.h1,muon<-charged_hadron,0.01723081022500992,-0.0002635967917740345,0.0,0.0,0.0,-0.0002635967917740345,-0.0002635967917740345,0.0002635967917740345,0.0003953951876610518
signed_hqql_tbl,mod.blocks.3.attn.h3,electron<-electron,0.006137196713825688,0.00023956374253657485,-7.180445857102313e-05,0.0003262166220186676,-0.0005153195039990047,0.000311368201107598,-8.665287948209273e-05,0.00023956374253657485,0.0003952478430903738
B_tbl_minus_hqql,mod.blocks.2.attn.h5,electron<-photon,0.02513674537583095,0.000262546483654438,0.0,0.0,0.0,0.000262546483654438,0.000262546483654438,0.000262546483654438,0.000393819725481657
signed_hqql_tbl,mod.blocks.6.attn.h2,electron<-neutral_hadron,0.015046834340319037,-0.00022411210852624208,0.00011525612126206397,-5.3809176923399114e-05,0.00013033887765178566,-0.00033936822978830605,-0.00017030293160284296,0.00022411210852624208,0.0003937962234203951
signed_hqql_tbl,mod.blocks.1.attn.h4,muon<-photon,0.012310172502811138,0.00013538944320036814,-0.00037965962949853676,-0.000452006131474098,7.255836249829304e-05,0.0005150490726989049,0.0005873955746744661,0.00013538944320036814,0.0003929139795498206
signed_hqql_tbl,mod.blocks.0.attn.h1,muon<-neutral_hadron,0.024788839121659596,-0.0002962380337218444,-0.00010300199210178107,-3.278594273356966e-05,-6.854813667208266e-05,-0.0001932360416200633,-0.0002634520909882747,0.0002962380337218444,0.000392856054531876
B_tbl_minus_hqql,mod.blocks.2.attn.h2,photon<-muon,0.05679903122094961,-0.00026172268777512585,0.0,0.0,0.0,-0.00026172268777512585,-0.00026172268777512585,0.00026172268777512585,0.00039258403166268877
signed_hqql_tbl,mod.blocks.4.attn.h2,photon<-muon,0.05870211124420166,-0.0003020567103074147,-0.0001213850023654791,-0.00020910904974946542,4.545922355545271e-05,-0.0001806717079419356,-9.294766055794928e-05,0.0003020567103074147,0.0003923925642783825
signed_hqql_tbl,mod.blocks.2.attn.h0,muon<-neutral_hadron,0.0069473472734292345,2.137136956055959e-05,-0.0007191975987552723,-0.0008139205310726538,0.000250050776230637,0.000740568968315832,0.0008352919006332135,2.137136956055959e-05,0.00039165585371847556
B_tbl_minus_hqql,mod.blocks.1.attn.h5,electron<-muon,0.06700780987739563,-0.0002605142944958061,0.0,0.0,0.0,-0.0002605142944958061,-0.0002605142944958061,0.0002605142944958061,0.00039077144174370915
signed_hqql_tbl,mod.blocks.1.attn.h5,electron<-muon,0.06700773537158966,-0.0002605132176540792,0.0,-0.00033384672133252025,0.0008715517469681799,-0.0002605132176540792,7.333350367844105e-05,0.0002605132176540792,0.0003907698264811188
B_tbl_minus_hqql,mod.cls_blocks.0.attn.h2,CLS<-charged_hadron,0.02214149321007192,-0.0002603820686818511,0.0,0.0,0.0,-0.0002603820686818511,-0.0002603820686818511,0.0002603820686818511,0.00039057310302277663
signed_hqql_tbl,mod.blocks.1.attn.h2,muon<-neutral_hadron,0.0067654574910799665,0.00020898579775045315,-0.00015410911873914301,-0.0005855574670835937,2.92051966728953e-05,0.00036309491648959613,0.0007945432648340468,0.00020898579775045315,0.00039053325599525124
signed_hqql_tbl,mod.blocks.3.attn.h4,muon<-charged_hadron,0.01734664589166641,0.00020514228381216527,-0.0001650917596028497,7.04280468073256e-05,-1.615758662169077e-05,0.00037023404341501496,0.00013471423700483966,0.00020514228381216527,0.0003902593055196727
B_tbl_minus_hqql,mod.blocks.6.attn.h6,muon<-neutral_hadron,0.014696747064590454,-0.00025962828658521175,0.0,0.0,0.0,-0.00025962828658521175,-0.00025962828658521175,0.00025962828658521175,0.00038944242987781763
B_tbl_minus_hqql,mod.blocks.3.attn.h1,muon<-photon,0.019821529205028828,-0.00025882747454138903,0.0,0.0,0.0,-0.00025882747454138903,-0.00025882747454138903,0.00025882747454138903,0.00038824121181208355
signed_hqql_tbl,mod.cls_blocks.1.attn.h4,electron<-charged_hadron,0.018736455412138076,-0.0002578570690405156,0.0,0.0002984413960283356,0.0,-0.0002578570690405156,-0.0005562984650688513,0.0002578570690405156,0.0003867856035607734
signed_hqql_tbl,mod.blocks.6.attn.h7,muon<-muon,0.014931661076843739,-0.00025694011128507555,1.880900879491776e-09,3.1865245726250824e-05,3.7175724530019716e-09,-0.00025694199218595504,-0.00028880535701132637,0.00025694011128507555,0.00038541110737805306
B_tbl_minus_hqql,mod.blocks.6.attn.h7,muon<-muon,0.014931673184037209,-0.0002569399948697537,0.0,0.0,0.0,-0.0002569399948697537,-0.0002569399948697537,0.0002569399948697537,0.0003854099923046306
signed_hqql_tbl,mod.cls_blocks.1.attn.h3,neutral_hadron<-electron,0.08781740651465952,-0.00025684433239803184,0.0,0.00021860463311895728,-1.1045294741052203e-06,-0.00025684433239803184,-0.0004754489655169891,0.00025684433239803184,0.00038526649859704776
signed_hqql_tbl,mod.blocks.1.attn.h5,photon<-muon,0.026258010130662184,-8.781471003133517e-05,-0.0006825308530376508,-0.00017262657135936685,8.141092365366165e-05,0.0005947161430063157,8.481186132803168e-05,8.781471003133517e-05,0.000385172781534493
signed_hqql_tbl,mod.cls_blocks.0.attn.h7,muon<-neutral_hadron,0.0,0.0,0.0007682973053306341,0.012387178010410733,0.0,-0.0007682973053306341,-0.012387178010410733,0.0,0.00038414865266531704
B_tbl_minus_hqql,mod.blocks.6.attn.h6,electron<-charged_hadron,0.0302612339323589,0.0002559544718678808,0.0,0.0,0.0,0.0002559544718678808,0.0002559544718678808,0.0002559544718678808,0.0003839317078018212
B_tbl_minus_hqql,mod.blocks.6.attn.h7,muon<-photon,0.01934860761349018,-0.0002555894629599956,0.0,0.0,0.0,-0.0002555894629599956,-0.0002555894629599956,0.0002555894629599956,0.0003833841944399934
B_tbl_minus_hqql,mod.blocks.7.attn.h7,muon<-photon,0.01722356677055359,-0.0002548845592313088,0.0,0.0,0.0,-0.0002548845592313088,-0.0002548845592313088,0.0002548845592313088,0.00038232683884696324
signed_hqql_tbl,mod.blocks.0.attn.h6,neutral_hadron<-muon,0.01806512475013733,-1.6014415450626984e-05,0.0007153632323024794,9.358309417668926e-05,-7.346912389039062e-05,-0.0007313776477531064,-0.00010959750962731625,1.6014415450626984e-05,0.0003817032393271802
B_tbl_minus_hqql,mod.blocks.3.attn.h2,electron<-neutral_hadron,0.012920618569478393,-0.0002541536881153661,0.0,0.0,0.0,-0.0002541536881153661,-0.0002541536881153661,0.0002541536881153661,0.0003812305321730491
signed_hqql_tbl,mod.cls_blocks.1.attn.h1,electron<-neutral_hadron,0.012949478167753953,-0.00025390418103108037,0.0,-0.0005134495149832219,0.0,-0.00025390418103108037,0.0002595453339521415,0.00025390418103108037,0.00038085627154662053
B_tbl_minus_hqql,mod.blocks.4.attn.h2,muon<-charged_hadron,0.010538074374198913,0.0002538912231102586,0.0,0.0,0.0,0.0002538912231102586,0.0002538912231102586,0.0002538912231102586,0.00038083683466538787
signed_hqql_tbl,mod.blocks.2.attn.h3,electron<-charged_hadron,0.018289704361687534,0.00016797093596086717,-0.0002563986118184403,0.00041835047755270236,-0.00012383017801093283,0.00042436954777930744,-0.0002503795415918352,0.00016797093596086717,0.0003801557098505209
B_tbl_minus_hqql,mod.blocks.4.attn.h2,muon<-photon,0.014105314245590797,0.00025313107583385246,0.0,0.0,0.0,0.00025313107583385246,0.00025313107583385246,0.00025313107583385246,0.0003796966137507787
signed_hqql_tbl,mod.cls_blocks.1.attn.h1,electron<-electron,0.014687254093587399,-0.00025247936719097197,0.0,-2.0009086600936143e-05,0.0,-0.00025247936719097197,-0.00023247028059003583,0.00025247936719097197,0.00037871905078645796
signed_hqql_tbl,mod.blocks.3.attn.h2,electron<-neutral_hadron,0.012920622373349034,-0.0002541538068612681,-5.278092828575609e-06,-5.968039272374881e-05,-1.6011430061018257e-05,-0.0002488757140326925,-0.00019447341413751927,0.0002541538068612681,0.0003785916638776143
signed_hqql_tbl,mod.blocks.1.attn.h6,muon<-photon,0.01615190964478713,-0.00024929513724950643,-0.0005041687842234611,5.9952921318736944e-05,1.1930927737719483e-05,0.00025487364697395463,-0.0003092480585682434,0.00024929513724950643,0.00037673196073648374
B_tbl_minus_hqql,mod.blocks.4.attn.h1,neutral_hadron<-muon,0.05829267203807831,-0.00025028913902739686,0.0,0.0,0.0,-0.00025028913902739686,-0.00025028913902739686,0.00025028913902739686,0.00037543370854109526
signed_hqql_tbl,mod.blocks.7.attn.h5,photon<-muon,0.063791967355288,-0.00026757400841093983,-0.00048302167292254476,-7.025734561135654e-05,-0.0001692149908868251,0.00021544766451160493,-0.0001973166627995833,0.00026757400841093983,0.0003752978406667423
B_tbl_minus_hqql,mod.cls_blocks.1.attn.h4,electron<-charged_hadron,0.018458749566759382,-0.00025015591000694605,0.0,0.0,0.0,-0.00025015591000694605,-0.00025015591000694605,0.00025015591000694605,0.0003752338650104191
signed_hqql_tbl,mod.cls_blocks.1.attn.h5,photon<-neutral_hadron,0.0677294684574008,-8.249797792814206e-05,0.0005014451227907557,-0.0003448383695764565,0.00024162555304688534,-0.0005839431007188978,0.00026234039164831443,8.249797792814206e-05,0.00037446952828759097
B_tbl_minus_hqql,mod.blocks.2.attn.h6,muon<-charged_hadron,0.01585995703935623,0.0002493474166840315,0.0,0.0,0.0,0.0002493474166840315,0.0002493474166840315,0.0002493474166840315,0.00037402112502604723
B_tbl_minus_hqql,mod.blocks.1.attn.h6,muon<-photon,0.01615190964478713,-0.0002492949223289123,0.0,0.0,0.0,-0.0002492949223289123,-0.0002492949223289123,0.0002492949223289123,0.00037394238349336845
B_tbl_minus_hqql,mod.cls_blocks.1.attn.h2,neutral_hadron<-neutral_hadron,0.07549757911608769,0.0002490618543771024,0.0,0.0,0.0,0.0002490618543771024,0.0002490618543771024,0.0002490618543771024,0.0003735927815656536
signed_hqql_tbl,mod.blocks.6.attn.h6,electron<-charged_hadron,0.030261231325668,0.00025595452382770855,2.5567675475031138e-05,0.0003843578973770021,4.9133019341819886e-05,0.00023038684835267743,-0.00012840337354929357,0.00025595452382770855,0.0003711479480040473
signed_hqql_tbl,mod.blocks.2.attn.h3,neutral_hadron<-muon,0.07236068447430928,-0.00017228268552571535,0.00022455903672380373,9.28695808397606e-05,1.97566359929624e-05,-0.0003968417222495191,-0.00026515226636547595,0.00017228268552571535,0.0003707035466504749
B_tbl_minus_hqql,mod.blocks.6.attn.h3,photon<-electron,0.2454537487611538,0.00024677046131706094,0.0,0.0,0.0,0.00024677046131706094,0.00024677046131706094,0.00024677046131706094,0.0003701556919755914
signed_hqql_tbl,mod.blocks.6.attn.h6,charged_hadron<-electron,0.03627146667871705,0.00016644114074275106,-0.00023871718905866147,0.00021562472909628864,-0.00021911385206126229,0.0004051583298014125,-4.918358835353758e-05,0.00016644114074275106,0.00036902030564345734
signed_hqql_tbl,mod.blocks.3.attn.h6,muon<-neutral_hadron,0.009447721143563589,3.81563101351882e-05,-0.0006211645959410816,0.00021302723995942965,-0.0010033928031892476,0.0006593209060762698,-0.00017487092982424146,3.81563101351882e-05,0.0003678167631733231
B_tbl_minus_hqql,mod.cls_blocks.1.attn.h4,neutral_hadron<-neutral_hadron,0.016038493181650456,0.0002442274282937153,0.0,0.0,0.0,0.0002442274282937153,0.0002442274282937153,0.0002442274282937153,0.00036634114244057296
signed_hqql_tbl,mod.blocks.1.attn.h2,photon<-muon,0.014343158556864811,-2.0262281535766444e-05,0.0006702353443520573,7.836379385976628e-06,-7.213820289406512e-05,-0.0006904976258878238,-2.8098660921743072e-05,2.0262281535766444e-05,0.0003655110944796783
signed_hqql_tbl,mod.blocks.3.attn.h3,photon<-muon,0.01868000511939709,8.509625107623063e-05,-0.0004747007400370561,1.5590238564817066e-05,0.000272280270345854,0.0005597969911132867,6.950601251141357e-05,8.509625107623063e-05,0.000364994746632874
signed_hqql_tbl,mod.blocks.3.attn.h3,photon<-electron,0.029730022498747198,-2.2454499252844692e-05,0.0006624248386028089,-0.00010732593653127169,0.0003261529459533366,-0.0006848793378556536,8.487143727842699e-05,2.2454499252844692e-05,0.0003648941681806715
signed_hqql_tbl,mod.cls_blocks.1.attn.h4,photon<-neutral_hadron,0.036054326221346855,-0.00013522402878152207,0.00031858597067184745,0.0003921855792501255,0.00029584286884138625,-0.0004538099994533695,-0.0005274096080316476,0.00013522402878152207,0.00036212902850820685
signed_hqql_tbl,mod.blocks.2.attn.h4,neutral_hadron<-muon,0.034036574264367424,2.7269141961975645e-05,-0.0006417855911422521,-9.712712198961526e-06,3.147562286661317e-06,0.0006690547331042277,3.6981854160937175e-05,2.7269141961975645e-05,0.0003617965085140895
signed_hqql_tbl,mod.blocks.6.attn.h1,photon<-muon,0.041652257625873275,1.7179430310184565e-05,0.000705952572528846,-0.00015018447408113967,0.0023489440618841735,-0.0006887731422186614,0.00016736390439132424,1.7179430310184565e-05,0.00036156600141951524
B_tbl_minus_hqql,mod.blocks.5.attn.h1,muon<-neutral_hadron,0.027439884841442108,-0.00024100074854989847,0.0,0.0,0.0,-0.00024100074854989847,-0.00024100074854989847,0.00024100074854989847,0.0003615011228248477
signed_hqql_tbl,mod.blocks.3.attn.h2,charged_hadron<-muon,0.05181964635848999,-0.00027505881153047087,-0.00010397701213757196,0.00043234382274335827,-0.0003157815966061411,-0.0001710817993928989,-0.0007074026342738292,0.00027505881153047087,0.0003605997112269203
signed_hqql_tbl,mod.cls_blocks.1.attn.h2,photon<-photon,0.052305748588160464,0.00020519658114368978,-0.00010558279560211951,0.00011329797052894719,-7.492399654930105e-05,0.0003107793767458093,9.189861061474259e-05,0.00020519658114368978,0.00036058626951659446
signed_hqql_tbl,mod.blocks.2.attn.h5,photon<-electron,0.03240232478554656,-0.00015636708405686588,0.0002509186410212091,-0.0005669554719208638,0.0005291770572181453,-0.00040728572507807496,0.0004105883878639979,0.00015636708405686588,0.00036000994659590333
signed_hqql_tbl,mod.blocks.3.attn.h7,muon<-photon,0.0087014207473168,0.0002024251466187147,-0.00011261708389681119,-0.00011020252581643449,-2.29324020134906e-05,0.0003150422305155259,0.0003126276724351492,0.0002024251466187147,0.00035994626187647763
B_tbl_minus_hqql,mod.cls_blocks.1.attn.h4,photon<-photon,0.017931408788028517,-0.00023983548223776254,0.0,0.0,0.0,-0.00023983548223776254,-0.00023983548223776254,0.00023983548223776254,0.0003597532233566438
B_tbl_minus_hqql,mod.blocks.3.attn.h3,electron<-electron,0.006137195532210172,0.0002395636857613681,0.0,0.0,0.0,0.0002395636857613681,0.0002395636857613681,0.0002395636857613681,0.0003593455286420522
signed_hqql_tbl,mod.cls_blocks.1.attn.h1,charged_hadron<-photon,0.02951888278336592,-0.00014465006230674474,0.00028362702761107114,-7.937027059109292e-05,-4.4509956967972574e-05,-0.0004282770899178159,-6.527979171565183e-05,0.00014465006230674474,0.00035878860726565266
B_tbl_minus_hqql,mod.blocks.2.attn.h5,muon<-neutral_hadron,0.003454535889128844,0.0002391297797051569,0.0,0.0,0.0,0.0002391297797051569,0.0002391297797051569,0.0002391297797051569,0.0003586946695577353
B_tbl_minus_hqql,mod.cls_blocks.1.attn.h0,charged_hadron<-neutral_hadron,0.024841734063651026,0.00023900561394651145,0.0,0.0,0.0,0.00023900561394651145,0.00023900561394651145,0.00023900561394651145,0.00035850842091976714
B_tbl_minus_hqql,mod.blocks.2.attn.h5,muon<-electron,0.09159153699874878,-0.00023877830244600773,0.0,0.0,0.0,-0.00023877830244600773,-0.00023877830244600773,0.00023877830244600773,0.0003581674536690116
signed_hqql_tbl,mod.blocks.2.attn.h5,muon<-electron,0.09159159660339355,-0.00023877806961536407,0.0,0.0011443038238212466,-0.0010159637313336134,-0.00023877806961536407,-0.0013830818934366107,0.00023877806961536407,0.0003581671044230461
signed_hqql_tbl,mod.blocks.1.attn.h6,neutral_hadron<-electron,0.028738206904381513,2.0852091256529093e-05,-0.0006534873968462307,-0.00016778878622858429,-0.00013496418165125172,0.0006743394881027597,0.0001886408774851134,2.0852091256529093e-05,0.000358021835307909
B_tbl_minus_hqql,mod.blocks.0.attn.h6,muon<-charged_hadron,0.015582241117954254,-0.0002381216734647751,0.0,0.0,0.0,-0.0002381216734647751,-0.0002381216734647751,0.0002381216734647751,0.00035718251019716267
B_tbl_minus_hqql,mod.blocks.1.attn.h5,electron<-photon,0.024586120120635848,0.00023792508346093933,0.0,0.0,0.0,0.00023792508346093933,0.00023792508346093933,0.00023792508346093933,0.000356887625191409
B_tbl_minus_hqql,mod.blocks.3.attn.h1,muon<-neutral_hadron,0.01794177417953809,-0.00023784903654207787,0.0,0.0,0.0,-0.00023784903654207787,-0.00023784903654207787,0.00023784903654207787,0.0003567735548131168
signed_hqql_tbl,mod.blocks.3.attn.h5,photon<-muon,0.025610508827062752,-0.0001925577839406637,0.00013423430321451562,-0.00019951072542674162,-0.0002067228978611874,-0.00032679208715517935,6.952941486077912e-06,0.0001925577839406637,0.00035595382751825336
signed_hqql_tbl,mod.blocks.6.attn.h7,muon<-charged_hadron,0.017826658487319947,-0.00021594944410026075,6.375055042250703e-05,-0.00011524608527342308,-0.00014648191241502324,-0.00027969999452276775,-0.00010070335882683767,0.00021594944410026075,0.0003557994413616446
signed_hqql_tbl,mod.blocks.1.attn.h2,charged_hadron<-muon,0.019771789014339448,-5.043053533881903e-05,-0.0006601381426056226,-0.00025575495533773613,2.572683549761696e-05,0.0006097076072668036,0.0002053244199989171,5.043053533881903e-05,0.0003552843389722208
signed_hqql_tbl,mod.cls_blocks.1.attn.h4,charged_hadron<-photon,0.023508667735986307,0.00030140633121769037,0.0004088197669306816,0.00039206102217842893,0.00024805133728719107,-0.00010741343571299124,-9.065469096073857e-05,0.00030140633121769037,0.000355113049074186
signed_hqql_tbl,mod.blocks.5.attn.h5,electron<-photon,0.028564763777866597,0.00014845439745397193,-0.0002636151880973817,0.0004746426065924437,-8.182793601670048e-05,0.00041206958555135365,-0.0003261882091384718,0.00014845439745397193,0.00035448919022964875
signed_hqql_tbl,mod.blocks.0.attn.h3,muon<-neutral_hadron,0.04163722197214762,-0.00015398685354739428,-0.0005543827792280354,0.00029989634793692907,-0.00032582633806062705,0.0004003959256806411,-0.00045388320148432334,0.00015398685354739428,0.0003541848163877148
signed_hqql_tbl,mod.blocks.3.attn.h3,neutral_hadron<-electron,0.021872057276777924,-5.2173554990986304e-05,0.0005501872360582638,-4.7999393094263114e-06,-2.4998028867925957e-05,-0.0006023607910492501,-4.737361568155999e-05,5.2173554990986304e-05,0.00035335395051561136
signed_hqql_tbl,mod.blocks.4.attn.h1,electron<-charged_hadron,0.03155979514122009,-0.00016242426025438243,0.0002152322744950652,0.00010058359776232992,-5.1633676910703934e-05,-0.0003776565347494476,-0.00026300785801671236,0.00016242426025438243,0.00035125252762910624
B_tbl_minus_hqql,mod.cls_blocks.0.attn.h7,charged_hadron<-electron,0.018106842879205942,0.00023407494882121682,0.0,0.0,0.0,0.00023407494882121682,0.00023407494882121682,0.00023407494882121682,0.00035111242323182523
signed_hqql_tbl,mod.cls_blocks.1.attn.h0,CLS<-charged_hadron,0.022468394495043724,0.0001577292540907213,-0.00022875198441809112,1.7445829342841096e-05,-0.00011569162875059105,0.0003864812385088124,0.0001402834247478802,0.0001577292540907213,0.00035096987334512747
signed_hqql_tbl,mod.blocks.6.attn.h4,muon<-charged_hadron,0.015084964036941529,-0.00015811260091140865,0.0002265614370116964,-0.0001197163368613411,-2.3596465102948096e-06,-0.0003846740379231051,-3.8396264050067554e-05,0.00015811260091140865,0.0003504496198729612
signed_hqql_tbl,mod.blocks.2.attn.h1,electron<-neutral_hadron,0.019795997906476258,-0.0002306809178662661,8.737174539419357e-06,-4.2954443036554345e-05,-1.7959718688336364e-05,-0.00023941809240568546,-0.00018772647482971175,0.0002306809178662661,0.00035038996406910883
signed_hqql_tbl,mod.cls_blocks.1.attn.h1,electron<-muon,0.004394318908452988,-0.00023207286722026765,0.0,0.0,0.0,-0.00023207286722026765,-0.00023207286722026765,0.00023207286722026765,0.0003481093008304015
B_tbl_minus_hqql,mod.cls_blocks.1.attn.h1,CLS<-muon,0.004394316580146551,-0.0002320728381164372,0.0,0.0,0.0,-0.0002320728381164372,-0.0002320728381164372,0.0002320728381164372,0.0003481092571746558
B_tbl_minus_hqql,mod.cls_blocks.1.attn.h1,electron<-muon,0.004394316580146551,-0.0002320728381164372,0.0,0.0,0.0,-0.0002320728381164372,-0.0002320728381164372,0.0002320728381164372,0.0003481092571746558
B_tbl_minus_hqql,mod.cls_blocks.1.attn.h1,charged_hadron<-electron,0.0368631174787879,-0.0002318489428034809,0.0,0.0,0.0,-0.0002318489428034809,-0.0002318489428034809,0.0002318489428034809,0.00034777341420522134
signed_hqql_tbl,mod.blocks.6.attn.h7,muon<-photon,0.01934860761349018,-0.0002555894629599956,-7.196366473530921e-05,-6.36089697019832e-05,-2.9021892394801534e-05,-0.0001836257982246864,-0.0001919804932580124,0.0002555894629599956,0.0003474023620723388
B_tbl_minus_hqql,mod.blocks.2.attn.h1,electron<-neutral_hadron,0.019796000979840755,-0.0002306810368281731,0.0,0.0,0.0,-0.0002306810368281731,-0.0002306810368281731,0.0002306810368281731,0.0003460215552422597
signed_hqql_tbl,mod.blocks.4.attn.h6,muon<-neutral_hadron,0.00678954894344012,-3.956286673201248e-05,-0.0006500610797957052,0.00019489448363617013,-0.0002018802680746982,0.0006104982130636927,-0.0002344573503681826,3.956286673201248e-05,0.0003448119732638588
signed_hqql_tbl,mod.blocks.3.attn.h4,muon<-photon,0.009735361887858464,0.00010509008111862036,-0.0003735801706520411,0.00010649164085572754,-1.3450315573545932e-05,0.00047867025177066144,-1.4015597371071778e-06,0.00010509008111862036,0.00034442520700395107
signed_hqql_tbl,mod.blocks.6.attn.h2,charged_hadron<-muon,0.011949259042739867,8.915275102481247e-05,-0.0004172456431357811,0.0005854926557793956,-2.3740930280800225e-05,0.0005063983941605935,-0.0004963399047545831,8.915275102481247e-05,0.00034235194810510925
signed_hqql_tbl,mod.blocks.3.attn.h0,muon<-photon,0.008773283889660468,6.11355107349272e-05,0.0006229006953967306,-0.00027201029839819634,0.0001582466497051495,-0.0005617651846618033,0.00033314580913312354,6.11355107349272e-05,0.00034201810306582885
B_tbl_minus_hqql,mod.blocks.6.attn.h1,charged_hadron<-muon,0.13653072118759155,0.00022782604210078717,0.0,0.0,0.0,0.00022782604210078717,0.00022782604210078717,0.00022782604210078717,0.00034173906315118077
signed_hqql_tbl,mod.cls_blocks.1.attn.h6,electron<-photon,0.018927493555979294,-0.00022726680750069633,0.0,-0.0010231991608937582,0.0,-0.00022726680750069633,0.0007959323533930618,0.00022726680750069633,0.0003409002112510445
signed_hqql_tbl,mod.blocks.5.attn.h5,muon<-charged_hadron,0.007673392444849015,-0.00010255598463118076,0.0003709364061554273,5.2122114194107465e-05,0.00025176142261610653,-0.0004734923907866081,-0.00015467809882528823,0.00010255598463118076,0.0003393021800244848
B_tbl_minus_hqql,mod.blocks.6.attn.h2,electron<-neutral_hadron,0.01504683243110776,-0.00022411202444345691,0.0,0.0,0.0,-0.00022411202444345691,-0.00022411202444345691,0.00022411202444345691,0.0003361680366651854
B_tbl_minus_hqql,mod.cls_blocks.1.attn.h0,neutral_hadron<-charged_hadron,0.018304457915002022,0.00022366215963974474,0.0,0.0,0.0,0.00022366215963974474,0.00022366215963974474,0.00022366215963974474,0.00033549323945961714
B_tbl_minus_hqql,mod.blocks.4.attn.h5,charged_hadron<-muon,0.06824255585670472,-0.00022351720836013555,0.0,0.0,0.0,-0.00022351720836013555,-0.00022351720836013555,0.00022351720836013555,0.0003352758125402033
signed_hqql_tbl,mod.cls_blocks.1.attn.h2,photon<-CLS,0.0,0.0,-0.0006690879649795534,0.0,0.0,0.0006690879649795534,0.0,0.0,0.0003345439824897767
signed_hqql_tbl,mod.blocks.2.attn.h6,muon<-charged_hadron,0.015859958529472352,0.00024934732355177405,7.904202842231219e-05,-0.0001292987873151513,5.22708738868942e-05,0.00017030529512946187,0.00037864611086692535,0.00024934732355177405,0.00033449997111650496
B_tbl_minus_hqql,mod.blocks.2.attn.h2,muon<-photon,0.010649587099368755,-0.00022228855568055922,0.0,0.0,0.0,-0.00022228855568055922,-0.00022228855568055922,0.00022228855568055922,0.0003334328335208388
B_tbl_minus_hqql,mod.blocks.0.attn.h5,electron<-photon,0.028875314426131365,0.00022217621544103432,0.0,0.0,0.0,0.00022217621544103432,0.00022217621544103432,0.00022217621544103432,0.0003332643231615515
signed_hqql_tbl,mod.blocks.6.attn.h0,muon<-muon,0.07131629437208176,-0.00022035595611669123,2.960958958908577e-06,-5.189707379837927e-06,1.0984714838476368e-06,-0.0002233169150755998,-0.0002151662487368533,0.00022035595611669123,0.00033201441365449114
B_tbl_minus_hqql,mod.cls_blocks.1.attn.h1,electron<-electron,0.006035935191903263,-0.0002205209898420435,0.0,0.0,0.0,-0.0002205209898420435,-0.0002205209898420435,0.0002205209898420435,0.00033078148476306524
B_tbl_minus_hqql,mod.blocks.6.attn.h0,muon<-muon,0.07131626456975937,-0.00022035589790903032,0.0,0.0,0.0,-0.00022035589790903032,-0.00022035589790903032,0.00022035589790903032,0.0003305338468635455
signed_hqql_tbl,mod.blocks.7.attn.h0,neutral_hadron<-muon,0.015521232038736343,5.0311427912674844e-06,-0.0006447390167636513,6.589789355578097e-05,-0.0002073446682212913,0.0006497701595549188,-6.086675076451349e-05,5.0311427912674844e-06,0.0003299162225687269
signed_hqql_tbl,mod.blocks.7.attn.h3,charged_hadron<-muon,0.0999032735824585,3.282162942923606e-05,-0.0005592128038794423,0.00012908527499129032,-0.00028106092584642527,0.0005920344333086784,-9.626364556205426e-05,3.282162942923606e-05,0.00032883884608357524
B_tbl_minus_hqql,mod.blocks.6.attn.h5,neutral_hadron<-muon,0.18436525265375772,-0.00021797928881521025,0.0,0.0,0.0,-0.00021797928881521025,-0.00021797928881521025,0.00021797928881521025,0.0003269689332228154
signed_hqql_tbl,mod.blocks.3.attn.h1,muon<-neutral_hadron,0.017941767970720928,-0.00023784884251654148,-6.067150388844311e-05,-3.886177831334766e-05,0.00016401757602579892,-0.00017717733862809837,-0.0001989870642031938,0.00023784884251654148,0.00032643751183059067
signed_hqql_tbl,mod.cls_blocks.1.attn.h3,photon<-charged_hadron,0.022416956384073605,-0.0001421009021049196,0.00022638664255556585,0.0023562861509465924,9.996075122140303e-05,-0.00036848754466048547,-0.002498387053051512,0.0001421009021049196,0.00032634467443516234
signed_hqql_tbl,mod.blocks.5.attn.h0,muon<-photon,0.01526325367964231,0.00012777263047890022,-0.0002689932365543567,6.335707558636469e-05,-0.00015105543126183975,0.0003967658670332569,6.441555489253552e-05,0.00012777263047890022,0.0003261555639955287
signed_hqql_tbl,mod.blocks.3.attn.h3,muon<-charged_hadron,0.010664175450801849,-0.00011785347014665603,0.00029558671910005313,-0.00013443156113398486,-7.031529034696975e-05,-0.0004134401892467092,1.6578090987328826e-05,0.00011785347014665603,0.00032457356477001064
B_tbl_minus_hqql,mod.blocks.6.attn.h7,muon<-charged_hadron,0.017826654016971588,-0.00021594944410026075,0.0,0.0,0.0,-0.00021594944410026075,-0.00021594944410026075,0.00021594944410026075,0.00032392416615039115
B_tbl_minus_hqql,mod.cls_blocks.1.attn.h6,electron<-photon,0.019710107283158737,-0.0002159483251902698,0.0,0.0,0.0,-0.0002159483251902698,-0.0002159483251902698,0.0002159483251902698,0.0003239224877854047
signed_hqql_tbl,mod.cls_blocks.1.attn.h5,CLS<-charged_hadron,0.027856311901589298,-6.167429321149059e-05,0.0004618013561571554,-2.073347860486082e-05,-1.6526943334017177e-05,-0.000523475649368646,-4.094081460662977e-05,6.167429321149059e-05,0.0003234121178958136
signed_hqql_tbl,mod.blocks.7.attn.h5,muon<-photon,0.02256008294912485,0.00011404922518592614,-0.00030187254882408667,0.00047103807869875293,-9.48200317065197e-05,0.0004159217740100128,-0.0003569888535128268,0.00011404922518592614,0.00032201011219093256
signed_hqql_tbl,mod.blocks.2.attn.h5,charged_hadron<-muon,0.03719423413276672,7.197444792836905e-05,-0.0004280613240553066,-0.0005232368298838365,0.00045815812262269305,0.0005000357719836757,0.0005952112778122055,7.197444792836905e-05,0.0003219923339202069
signed_hqql_tbl,mod.blocks.2.attn.h2,charged_hadron<-muon,0.042126885056495665,0.00010348127689212561,-0.0003312335970501105,7.834123640224851e-05,2.300314728778844e-05,0.00043471487394223607,2.5140040489877096e-05,0.00010348127689212561,0.00032083871386324363
signed_hqql_tbl,mod.cls_blocks.1.attn.h2,photon<-charged_hadron,0.019613986496220936,0.00011915897088825163,-0.00028400445095429276,-0.00020620831977187967,-7.233390071238559e-05,0.0004031634218425444,0.0003253672906601313,0.00011915897088825163,0.00032074068180952385
signed_hqql_tbl,mod.cls_blocks.1.attn.h2,charged_hadron<-CLS,0.0010491100838407874,4.614725185092539e-06,-0.000627147994489658,0.0,0.0,0.0006317627196747506,4.614725185092539e-06,4.614725185092539e-06,0.00032049608502246783
B_tbl_minus_hqql,mod.cls_blocks.0.attn.h7,CLS<-photon,0.019788587433656607,0.00021361326073718524,0.0,0.0,0.0,0.00021361326073718524,0.00021361326073718524,0.00021361326073718524,0.0003204198911057779
signed_hqql_tbl,mod.blocks.1.attn.h6,muon<-charged_hadron,0.021397694945335388,-0.00015341140097007154,0.00017851231023087167,-6.0823396578880734e-05,5.6866784485018986e-05,-0.0003319237112009432,-9.258800439119081e-05,0.00015341140097007154,0.00031937325657054315
signed_hqql_tbl,mod.blocks.2.attn.h2,electron<-photon,0.019440948690583066,-0.0002030019006669158,2.9264235178873476e-05,0.00011437608898706632,0.00023315172134475275,-0.00023226613584578928,-0.0003173779896539821,0.0002030019006669158,0.00031913496858981046
signed_hqql_tbl,mod.blocks.2.attn.h4,photon<-muon,0.038977714685293346,9.697622870309994e-05,-0.0003435555576848296,1.7541365973143416e-05,-2.8841907839739213e-05,0.0004405317863879295,7.943486272995652e-05,9.697622870309994e-05,0.00031724212189706473
B_tbl_minus_hqql,mod.blocks.3.attn.h6,muon<-photon,0.01129917112680582,-0.00021100869903770776,0.0,0.0,0.0,-0.00021100869903770776,-0.00021100869903770776,0.00021100869903770776,0.00031651304855656164
B_tbl_minus_hqql,mod.blocks.7.attn.h6,muon<-charged_hadron,0.016279833018779756,0.00021064868196845054,0.0,0.0,0.0,0.00021064868196845054,0.00021064868196845054,0.00021064868196845054,0.0003159730229526758
signed_hqql_tbl,mod.blocks.3.attn.h1,muon<-charged_hadron,0.01723081022500992,-0.0002635966520756483,-0.00015924598750037452,-1.0454670750889285e-05,0.00010172993286835905,-0.00010435066457527379,-0.000253141981324759,0.0002635966520756483,0.0003157719843632852
B_tbl_minus_hqql,mod.blocks.6.attn.h7,neutral_hadron<-muon,0.03945112725098928,-0.00020996518045042953,0.0,0.0,0.0,-0.00020996518045042953,-0.00020996518045042953,0.00020996518045042953,0.0003149477706756443
signed_hqql_tbl,mod.blocks.4.attn.h5,muon<-neutral_hadron,0.006255614881714185,1.2369243146774048e-05,0.0006172382818476763,1.2664098329351922e-05,-0.00043601219113043044,-0.0006048690387009022,-2.948551825778736e-07,1.2369243146774048e-05,0.0003148037624972252
signed_hqql_tbl,mod.cls_blocks.0.attn.h2,neutral_hadron<-electron,0.009914604248479009,-0.00020972010679543018,0.0,0.010466501116752625,-0.0038812237326055765,-0.00020972010679543018,-0.010676221223548055,0.00020972010679543018,0.0003145801601931453
signed_hqql_tbl,mod.blocks.4.attn.h5,electron<-neutral_hadron,0.027515800786204636,-0.0002092721799044739,7.042547949254185e-07,4.585616295571526e-05,-0.0001348530545596184,-0.00020997643469939932,-0.00025512834286018916,0.0002092721799044739,0.0003142603972541736
B_tbl_minus_hqql,mod.blocks.4.attn.h5,electron<-neutral_hadron,0.027515793847851456,-0.0002092722686484194,0.0,0.0,0.0,-0.0002092722686484194,-0.0002092722686484194,0.0002092722686484194,0.0003139084029726291
signed_hqql_tbl,mod.blocks.7.attn.h2,muon<-charged_hadron,0.008708708733320237,-8.61835666000843e-05,0.0003685197327286005,-0.000158044186436796,1.0338683769448983e-05,-0.00045470329932868476,7.18606198367117e-05,8.61835666000843e-05,0.0003135352162644267
B_tbl_minus_hqql,mod.blocks.1.attn.h2,muon<-neutral_hadron,0.006765455007553101,0.00020898568133513132,0.0,0.0,0.0,0.00020898568133513132,0.00020898568133513132,0.00020898568133513132,0.000313478522002697
signed_hqql_tbl,mod.blocks.0.attn.h2,muon<-charged_hadron,0.011936679482460022,0.00015762235270813107,-0.00015380144856559733,0.00014438926531323072,0.0001113067377520231,0.0003114238012737284,1.3233087394900345e-05,0.00015762235270813107,0.00031333425334499523
signed_hqql_tbl,mod.blocks.5.attn.h7,electron<-charged_hadron,0.039237268916938614,-0.00020196879600205094,2.0247946861976135e-05,-2.296019135223281e-05,-8.111295324784738e-05,-0.00022221674286402706,-0.00017900860464981812,0.00020196879600205094,0.0003130771674340645
signed_hqql_tbl,mod.blocks.7.attn.h7,muon<-photon,0.01722356791679676,-0.0002548845413212593,-0.0003675672745045561,3.775602596182249e-05,1.7139992215325713e-05,0.0001126827331832968,-0.0002926405672830818,0.0002548845413212593,0.00031122590791290766
signed_hqql_tbl,mod.blocks.1.attn.h5,charged_hadron<-muon,0.02749045193195343,5.542397266253829e-05,-0.0004548788749768088,-0.0003340038936585188,0.0001208253884307888,0.0005103028476393471,0.00038942786632105707,5.542397266253829e-05,0.0003105753964822118
signed_hqql_tbl,mod.blocks.1.attn.h0,muon<-neutral_hadron,0.0026367316022515297,5.680229514837265e-05,-0.00045016252715868177,-0.000729218439837017,0.00040159138734452426,0.0005069648223070544,0.0007860207349853896,5.680229514837265e-05,0.00031028470630189986
signed_hqql_tbl,mod.blocks.6.attn.h7,neutral_hadron<-muon,0.03945111731688181,-0.00020996516104787588,-1.1025818821508437e-05,2.2885542899817474e-05,-1.7661046589031077e-05,-0.00019893934222636744,-0.00023285070394769334,0.00020996516104787588,0.0003094348321610596
signed_hqql_tbl,mod.cls_blocks.1.attn.h5,charged_hadron<-charged_hadron,0.027953889698554307,-8.109200336128616e-05,0.00037370662166944294,-0.00011001546531482492,-1.9933176602913727e-05,-0.00045479862503072907,2.8923461953538757e-05,8.109200336128616e-05,0.0003084913158766507
B_tbl_minus_hqql,mod.cls_blocks.1.attn.h2,photon<-photon,0.052305751725247034,0.0002051966730505228,0.0,0.0,0.0,0.0002051966730505228,0.0002051966730505228,0.0002051966730505228,0.0003077950095757842
B_tbl_minus_hqql,mod.blocks.3.attn.h4,muon<-charged_hadron,0.017346647381782532,0.0002051424002274871,0.0,0.0,0.0,0.0002051424002274871,0.0002051424002274871,0.0002051424002274871,0.00030771360034123065
B_tbl_minus_hqql,mod.blocks.3.attn.h4,electron<-electron,0.013249173178337514,-0.000204884780600878,0.0,0.0,0.0,-0.000204884780600878,-0.000204884780600878,0.000204884780600878,0.000307327170901317
B_tbl_minus_hqql,mod.blocks.1.attn.h5,muon<-muon,0.026246406137943268,-0.0002047479647444561,0.0,0.0,0.0,-0.0002047479647444561,-0.0002047479647444561,0.0002047479647444561,0.00030712194711668417
signed_hqql_tbl,mod.cls_blocks.1.attn.h0,charged_hadron<-photon,0.023620254661835417,0.00014862116560680974,-0.00016523592947589711,4.848742519687043e-07,-3.05536680626778e-05,0.00031385709508270686,0.00014813629135484104,0.00014862116560680974,0.00030554971314816315
B_tbl_minus_hqql,mod.blocks.2.attn.h2,electron<-photon,0.019440947963697153,-0.00020300195869711433,0.0,0.0,0.0,-0.00020300195869711433,-0.00020300195869711433,0.00020300195869711433,0.00030450293804567153
B_tbl_minus_hqql,mod.blocks.3.attn.h7,muon<-photon,0.008701419601073632,0.00020242496751821958,0.0,0.0,0.0,0.00020242496751821958,0.00020242496751821958,0.00020242496751821958,0.00030363745127732935
signed_hqql_tbl,mod.cls_blocks.0.attn.h6,muon<-photon,0.0,0.0,-0.000607176497578621,0.005006686139565248,0.0,0.000607176497578621,-0.005006686139565248,0.0,0.0003035882487893105
B_tbl_minus_hqql,mod.blocks.5.attn.h7,electron<-charged_hadron,0.039237268916938614,-0.00020196889818180352,0.0,0.0,0.0,-0.00020196889818180352,-0.00020196889818180352,0.00020196889818180352,0.0003029533472727053
signed_hqql_tbl,mod.cls_blocks.1.attn.h1,CLS<-neutral_hadron,0.01937935155417238,-6.551657122419407e-05,0.0004069374163009343,-0.00012148554123130106,-0.0004307495730884241,-0.00047245398752512836,5.596897000710699e-05,6.551657122419407e-05,0.00030174356498675827
signed_hqql_tbl,mod.blocks.6.attn.h3,neutral_hadron<-muon,0.1606129209200541,0.0001422690984327346,0.0004598936611728277,-0.00012029167479149212,-1.506447915744502e-06,-0.0003176245627400931,0.00026256077322422673,0.0001422690984327346,0.00030108137980278116
signed_hqql_tbl,mod.blocks.1.attn.h5,muon<-muon,0.02624640241265297,-0.00020474812481552362,-1.3123218195687514e-05,0.00025776952452361,-0.000696350082246037,-0.0001916249066198361,-0.00046251764933913364,0.00020474812481552362,0.0003005605781254417
signed_hqql_tbl,mod.blocks.7.attn.h2,photon<-electron,0.049577011068056266,0.0001936773545954876,-1.423642551604384e-05,0.0006783927506958581,-3.15729970514605e-05,0.00020791378011153144,-0.00048471539610037053,0.0001936773545954876,0.0002976342446512533
signed_hqql_tbl,mod.blocks.6.attn.h5,charged_hadron<-electron,0.06952402497763219,-0.000133836339480932,0.00019362613558769227,-0.00039472953386364445,-7.910183537913124e-05,-0.00032746247506862424,0.00026089319438271245,0.000133836339480932,0.0002975675770152441
signed_hqql_tbl,mod.blocks.4.attn.h2,charged_hadron<-electron,0.04372178929169541,0.0001256074792763684,-0.00021690863650292158,0.0002284776498263161,-0.00028823389436217475,0.00034251611577929,-0.0001028701705499477,0.0001256074792763684,0.0002968655371660134
signed_hqql_tbl,mod.blocks.3.attn.h0,electron<-photon,0.016934037708291192,-0.00013236952278331468,0.0001916189316294289,-0.00025073400210614687,0.0005976186641915278,-0.0003239884544127436,0.00011836447932283219,0.00013236952278331468,0.00029436374998968647
signed_hqql_tbl,mod.cls_blocks.1.attn.h3,neutral_hadron<-photon,0.019959392914405235,-8.212265271980029e-05,0.00034102797508239746,9.395004998819501e-05,0.0003512718171502153,-0.0004231506278021978,-0.0001760727027079953,8.212265271980029e-05,0.0002936979666208992
B_tbl_minus_hqql,mod.blocks.3.attn.h1,muon<-muon,0.008378693833947182,0.000195438988157548,0.0,0.0,0.0,0.000195438988157548,0.000195438988157548,0.000195438988157548,0.000293158482236322
signed_hqql_tbl,mod.blocks.3.attn.h1,muon<-muon,0.008378693833947182,0.0001954387844307348,5.706384502701667e-07,0.00033850619775794845,-2.1035903981688384e-07,0.00019486814598046465,-0.00014306741332721363,0.0001954387844307348,0.00029287285742096714
signed_hqql_tbl,mod.blocks.3.attn.h4,electron<-electron,0.0132491709664464,-0.0002048847702440071,-2.9032029033260187e-05,-5.0492954465476534e-05,-2.3820855706920458e-05,-0.0001758527412107469,-0.00015439181577853056,0.0002048847702440071,0.0002928111408493806
signed_hqql_tbl,mod.blocks.1.attn.h3,charged_hadron<-muon,0.02123989462852478,0.00015061083249747753,0.00043465085327625274,3.7778734735309563e-05,7.695733624206361e-05,-0.00028404002077877524,0.00011283209776216796,0.00015061083249747753,0.0002926308428868651
signed_hqql_tbl,mod.blocks.7.attn.h6,muon<-charged_hadron,0.016279827058315276,0.00021064865868538618,5.019244272261858e-05,6.117334926565145e-05,-0.00027626321997911653,0.0001604562159627676,0.00014947530941973472,0.00021064865868538618,0.00029087676666676997
B_tbl_minus_hqql,mod.blocks.7.attn.h2,photon<-electron,0.04957699989218537,0.00019367730898765576,0.0,0.0,0.0,0.00019367730898765576,0.00019367730898765576,0.00019367730898765576,0.00029051596348148365
B_tbl_minus_hqql,mod.blocks.2.attn.h3,charged_hadron<-muon,0.06876858472824096,0.0001931936712935567,0.0,0.0,0.0,0.0001931936712935567,0.0001931936712935567,0.0001931936712935567,0.00028979050694033504
B_tbl_minus_hqql,mod.blocks.3.attn.h5,photon<-muon,0.025610511119549092,-0.0001925577660306142,0.0,0.0,0.0,-0.0001925577660306142,-0.0001925577660306142,0.0001925577660306142,0.0002888366490459213
signed_hqql_tbl,mod.blocks.3.attn.h3,neutral_hadron<-muon,0.014461535960435867,-1.2287136390417194e-05,0.0005403645700425841,4.309811112379018e-05,-5.995302444716799e-06,-0.0005526517064330013,-5.538524751420738e-05,1.2287136390417194e-05,0.00028861298960691784
signed_hqql_tbl,mod.blocks.2.attn.h2,electron<-charged_hadron,0.020630046725273132,-0.00012957931682214385,0.0001854265108704567,-5.62323234795082e-05,0.00033719265074641616,-0.0003150058276926006,-7.334699334263564e-05,0.00012957931682214385,0.0002870822306684441
signed_hqql_tbl,mod.blocks.0.attn.h5,muon<-charged_hadron,0.01161218285560608,-0.00010675262892618775,0.00025351901228229206,-6.83048553363388e-05,5.6930071655280734e-05,-0.0003602716412084798,-3.844777358984895e-05,0.00010675262892618775,0.00028688844953042765
B_tbl_minus_hqql,mod.blocks.2.attn.h2,muon<-muon,0.023814614862203598,-0.00019074908050242811,0.0,0.0,0.0,-0.00019074908050242811,-0.00019074908050242811,0.00019074908050242811,0.00028612362075364217
signed_hqql_tbl,mod.blocks.2.attn.h2,muon<-muon,0.023814598098397255,-0.00019074944430030882,-7.547690614728708e-07,2.0560470233021987e-07,-3.1526836608009035e-07,-0.00018999467523883595,-0.00019095504900263905,0.00019074944430030882,0.0002857467819197268
signed_hqql_tbl,mod.blocks.7.attn.h7,muon<-muon,0.008921156637370586,0.00018951449601445347,2.8701178109505343e-10,3.655945429689462e-06,2.26296964384957e-11,0.00018951420900267238,0.00018585855058476401,0.00018951449601445347,0.00028427160051578966
B_tbl_minus_hqql,mod.blocks.7.attn.h7,muon<-muon,0.008921133354306221,0.00018951392848975956,0.0,0.0,0.0,0.00018951392848975956,0.00018951392848975956,0.00018951392848975956,0.00028427089273463935
B_tbl_minus_hqql,mod.blocks.2.attn.h6,muon<-neutral_hadron,0.005152694880962372,-0.00018932586923862496,0.0,0.0,0.0,-0.00018932586923862496,-0.00018932586923862496,0.00018932586923862496,0.00028398880385793746
signed_hqql_tbl,mod.blocks.0.attn.h2,charged_hadron<-muon,0.04464315176010132,3.903370234183967e-05,-0.00044931101923187573,0.0001965974800786453,-1.8796515270915566e-05,0.0004883447215737154,-0.00015756377773680564,3.903370234183967e-05,0.0002832060631286974
B_tbl_minus_hqql,mod.blocks.2.attn.h4,electron<-photon,0.016834121833487255,0.00018830059210502928,0.0,0.0,0.0,0.00018830059210502928,0.00018830059210502928,0.00018830059210502928,0.00028245088815754394
signed_hqql_tbl,mod.blocks.3.attn.h0,photon<-muon,0.044996953927553617,0.00013431667600973294,0.00043047498911619186,0.000352202928413383,-7.487159463279467e-05,-0.0002961583131064589,-0.00021788625240365004,0.00013431667600973294,0.00028239583256296243
signed_hqql_tbl,mod.blocks.4.attn.h7,muon<-photon,0.020412378586255588,0.00018321799759108288,-1.4363300019445327e-05,-4.0787384072742e-05,0.00024833445247538665,0.0001975812976105282,0.0002240053816638249,0.00018321799759108288,0.00028200864639634697
signed_hqql_tbl,mod.blocks.1.attn.h1,muon<-photon,0.014577765877430256,-0.00016000897337037785,8.373878965637862e-05,-5.255912169972858e-05,0.0001208186774790563,-0.00024374776302675647,-0.00010744985167064927,0.00016000897337037785,0.0002818828548837561
signed_hqql_tbl,mod.blocks.1.attn.h0,muon<-charged_hadron,0.006998598575592041,7.207891321741045e-05,0.0004916012597580751,0.00018095959495785163,-0.00024670727933490913,-0.0004195223465406647,-0.00010888068174044119,7.207891321741045e-05,0.0002818400864877428
B_tbl_minus_hqql,mod.blocks.2.attn.h0,neutral_hadron<-electron,0.01732952971942723,0.00018766610141938145,0.0,0.0,0.0,0.00018766610141938145,0.00018766610141938145,0.00018766610141938145,0.0002814991521290722
signed_hqql_tbl,mod.blocks.0.attn.h6,muon<-neutral_hadron,0.00430076631406943,2.6686842223474134e-05,-0.00048131113089766586,4.982720910399956e-05,-9.82080275472678e-06,0.00050799797312114,-2.3140366880525426e-05,2.6686842223474134e-05,0.00028068582878404413
B_tbl_minus_hqql,mod.cls_blocks.1.attn.h4,charged_hadron<-charged_hadron,0.023721471046790097,0.00018695517307302603,0.0,0.0,0.0,0.00018695517307302603,0.00018695517307302603,0.00018695517307302603,0.00028043275960953906
B_tbl_minus_hqql,mod.blocks.7.attn.h7,photon<-muon,0.11639467569497916,0.0001862328857756578,0.0,0.0,0.0,0.0001862328857756578,0.0001862328857756578,0.0001862328857756578,0.0002793493286634867
signed_hqql_tbl,mod.blocks.4.attn.h1,neutral_hadron<-muon,0.0582926869392395,-0.00025028908081973594,-0.00019379932200536132,8.641099423369412e-05,-3.988224004084865e-05,-5.6489758814374624e-05,-0.00033670007505343005,0.00025028908081973594,0.00027853396022692323
signed_hqql_tbl,mod.blocks.1.attn.h2,electron<-charged_hadron,0.020365000985886738,-4.6130774021351144e-05,0.00041809178267916046,-9.840644497965132e-05,0.00025369773060514555,-0.0004642225567005116,5.2275670958300174e-05,4.6130774021351144e-05,0.00027824205237160694
signed_hqql_tbl,mod.blocks.7.attn.h5,electron<-photon,0.022319524071928932,0.0001177119714755951,-0.00020258512813597918,0.0003852378648756812,-8.91940181397579e-05,0.0003202970996115743,-0.00026752589340008607,0.0001177119714755951,0.00027786052128138226
B_tbl_minus_hqql,mod.blocks.7.attn.h2,charged_hadron<-muon,0.05423393249511719,0.0001850480563007295,0.0,0.0,0.0,0.0001850480563007295,0.0001850480563007295,0.0001850480563007295,0.00027757208445109425
signed_hqql_tbl,mod.cls_blocks.1.attn.h0,CLS<-photon,0.02272180260310536,0.00012515752238828116,-0.00017961867420646866,8.368229467021671e-06,-9.301212534235518e-05,0.0003047761965947498,0.00011678929292125948,0.00012515752238828116,0.00027754562068565606
signed_hqql_tbl,mod.blocks.1.attn.h5,neutral_hadron<-muon,0.026510352889696758,-8.061940025072545e-05,-0.00047221975455613574,0.00019335495017003268,-0.00018113457129705543,0.0003916003543054103,-0.00027397435042075813,8.061940025072545e-05,0.0002764195774034306
signed_hqql_tbl,mod.blocks.2.attn.h6,charged_hadron<-electron,0.01786790180789388,9.278566437348238e-05,-0.0002735944930464029,-0.0001470806591603304,8.807490101187593e-05,0.0003663801574198853,0.0002398663235338128,9.278566437348238e-05,0.000275975743083425
signed_hqql_tbl,mod.blocks.2.attn.h7,electron<-photon,0.018964299886691863,0.00010005653046657865,-0.0002503637194552409,-0.00012201099829550527,-5.966987122188915e-05,0.00035042024992181956,0.00022206752876208392,0.00010005653046657865,0.00027526665542748846
signed_hqql_tbl,mod.blocks.4.attn.h0,electron<-photon,0.01339028253242737,0.0001718950887862309,-3.453929740057252e-05,-0.00013036300714864486,-1.880594381046566e-05,0.00020643438618680342,0.00030225809593487573,0.0001718950887862309,0.0002751122818796326
signed_hqql_tbl,mod.blocks.4.attn.h6,muon<-photon,0.01949170231819153,-8.22296581016137e-05,-0.00046790564934221597,8.451936978830914e-05,2.0956583924729516e-05,0.0003856759912406023,-0.00016674902788992285,8.22296581016137e-05,0.00027506765372191486
signed_hqql_tbl,mod.blocks.3.attn.h4,electron<-neutral_hadron,0.02455058880150318,7.988482611835934e-05,-0.00031038145834827446,0.00023155474445957225,1.8734407015418745e-05,0.0003902662844666338,-0.00015166991834121292,7.988482611835934e-05,0.00027501796835167626
B_tbl_minus_hqql,mod.blocks.4.attn.h7,muon<-photon,0.020412380878741924,0.00018321792595088482,0.0,0.0,0.0,0.00018321792595088482,0.00018321792595088482,0.00018321792595088482,0.00027482688892632723
signed_hqql_tbl,mod.blocks.5.attn.h1,muon<-photon,0.018983542919158936,-9.073760324659255e-05,0.0002763153125460331,-0.00014196481672363668,8.311260413999359e-05,-0.0003670529157926257,5.122721347704412e-05,9.073760324659255e-05,0.0002742640611429054
signed_hqql_tbl,mod.blocks.4.attn.h1,photon<-muon,0.05389455190071693,5.413728873603619e-05,-0.0003848413650233012,0.00011665932066865604,4.691361876515051e-05,0.0004389786537593374,-6.252203193261985e-05,5.413728873603619e-05,0.0002736266156157049
B_tbl_minus_hqql,mod.blocks.6.attn.h2,electron<-photon,0.017879152602357107,-0.0001821086040386368,0.0,0.0,0.0,-0.0001821086040386368,-0.0001821086040386368,0.0001821086040386368,0.0002731629060579552
signed_hqql_tbl,mod.blocks.2.attn.h0,photon<-electron,0.029778728034438158,0.00013137866197921984,-0.00014872500261325122,6.242592425136636e-05,-0.00018516014864541252,0.0002801036645924711,6.895273772785348e-05,0.00013137866197921984,0.0002714304942754554
B_tbl_minus_hqql,mod.cls_blocks.1.attn.h7,neutral_hadron<-electron,0.013248862815089524,0.00018091503534378717,0.0,0.0,0.0,0.00018091503534378717,0.00018091503534378717,0.00018091503534378717,0.00027137255301568075
B_tbl_minus_hqql,mod.cls_blocks.0.attn.h5,electron<-electron,0.0006974458519835025,0.00017980793450078636,0.0,0.0,0.0,0.00017980793450078636,0.00017980793450078636,0.00017980793450078636,0.00026971190175117954
B_tbl_minus_hqql,mod.blocks.7.attn.h2,photon<-muon,0.08736371994018555,0.0001793771695632201,0.0,0.0,0.0,0.0001793771695632201,0.0001793771695632201,0.0001793771695632201,0.0002690657543448301
signed_hqql_tbl,mod.blocks.3.attn.h1,muon<-photon,0.019821531497515164,-0.0002588272954408939,-0.0002387931185344664,-3.700721373950893e-07,0.00017818967225375,-2.0034176906427514e-05,-0.0002584572233034988,0.0002588272954408939,0.00026884438389410765
signed_hqql_tbl,mod.blocks.6.attn.h3,charged_hadron<-electron,0.15186304607145165,0.00013675137700414305,-0.00012704942375421524,9.368023339418634e-05,-6.95746286375517e-05,0.0002638008007583583,4.307114360995671e-05,0.00013675137700414305,0.00026865177738332217
signed_hqql_tbl,mod.cls_blocks.1.attn.h1,neutral_hadron<-neutral_hadron,0.016953099662294753,-0.00012135246764116276,0.00017280554554114738,-0.00022902061027707532,1.684974510377894e-05,-0.00029415801318231015,0.00010766814263591256,0.00012135246764116276,0.0002684314742323178
signed_hqql_tbl,mod.blocks.2.attn.h0,neutral_hadron<-electron,0.017329531908035278,0.00018766611642604403,2.6454986709723016e-05,1.4953971411083936e-05,-1.8130551646155416e-05,0.00016121112971632102,0.0001727121450149601,0.00018766611642604403,0.00026827168128420455
signed_hqql_tbl,mod.blocks.1.attn.h7,electron<-neutral_hadron,0.01683661499992013,-0.0001537413050300529,7.512142110499553e-05,-0.00014228548267662214,0.00012210893670699615,-0.00022886272613504844,-1.1455822353430772e-05,0.0001537413050300529,0.00026817266809757716
signed_hqql_tbl,mod.blocks.4.attn.h0,photon<-muon,0.02252402901649475,3.471538030470793e-05,-0.00043205547934541333,5.7685676438268274e-05,8.102580236650451e-06,0.00046677085965012125,-2.2970296133560347e-05,3.471538030470793e-05,0.00026810081012976856
B_tbl_minus_hqql,mod.blocks.0.attn.h2,photon<-muon,0.05579584836959839,-0.00017871816929143207,0.0,0.0,0.0,-0.00017871816929143207,-0.00017871816929143207,0.00017871816929143207,0.00026807725393714814
signed_hqql_tbl,mod.cls_blocks.1.attn.h7,photon<-neutral_hadron,0.02104833535850048,9.649049684412603e-05,-0.00024634020919620523,1.6284705404694633e-05,-8.345349170570313e-05,0.00034283070604033126,8.02057914394314e-05,9.649049684412603e-05,0.00026790584986429166
signed_hqql_tbl,mod.cls_blocks.1.attn.h2,electron<-neutral_hadron,0.021790666648974784,-0.00017715458726832786,0.0,-0.00011451513728388818,0.0,-0.00017715458726832786,-6.263944998443968e-05,0.00017715458726832786,0.0002657318809024918
signed_hqql_tbl,mod.blocks.2.attn.h2,muon<-photon,0.010649589391855093,-0.0002222886631408563,-0.000307695022246872,0.0002154353442165302,-4.621310142317304e-05,8.54063591060157e-05,-0.0004377240073573865,0.0002222886631408563,0.00026499184269386414
signed_hqql_tbl,mod.blocks.6.attn.h4,photon<-muon,0.02335798740386963,5.3414148099433915e-06,-0.0005112443244657838,0.0003679578761379658,-0.0005015208939935461,0.0005165857392757272,-0.0003626164613280224,5.3414148099433915e-06,0.000263634284447807
B_tbl_minus_hqql,mod.blocks.0.attn.h3,muon<-muon,0.04885292053222656,0.00017547923198435456,0.0,0.0,0.0,0.00017547923198435456,0.00017547923198435456,0.00017547923198435456,0.00026321884797653183
signed_hqql_tbl,mod.blocks.2.attn.h5,photon<-muon,0.026037314763435952,-0.00012950994110164733,-0.0003962297565661944,-0.0003979482455179095,0.0002115047100232914,0.0002667198154645471,0.0002684383044162622,0.00012950994110164733,0.0002628698488339209
signed_hqql_tbl,mod.blocks.1.attn.h3,muon<-neutral_hadron,0.012912654628356298,-0.00010570994345471263,0.0002078742218145635,0.0002627444245215309,5.568262470963721e-06,-0.00031358416526927613,-0.00036845436797624354,0.00010570994345471263,0.0002625020260893507
signed_hqql_tbl,mod.blocks.0.attn.h5,neutral_hadron<-muon,0.03202454000711441,2.934038396536683e-05,-0.00043637887574732304,7.579059930369687e-05,-0.00010072114469039661,0.00046571925971268985,-4.6450215338330044e-05,2.934038396536683e-05,0.00026220001382171176
signed_hqql_tbl,mod.cls_blocks.1.attn.h6,neutral_hadron<-charged_hadron,0.024490730054136635,-9.789088179114397e-05,0.00022984758640329044,-0.00023287578369490802,-8.237234782427549e-05,-0.0003277384681944344,0.00013498490190376407,9.789088179114397e-05,0.0002617601158883612
signed_hqql_tbl,mod.blocks.3.attn.h7,electron<-neutral_hadron,0.011186559172347187,0.00010934184082316279,-0.00019391033572446759,4.907630045636324e-05,-0.00015102681701297544,0.00030325217654763036,6.0265540366799544e-05,0.00010934184082316279,0.000260967929096978
B_tbl_minus_hqql,mod.blocks.7.attn.h1,neutral_hadron<-muon,0.05214356382687887,0.000173752021510154,0.0,0.0,0.0,0.000173752021510154,0.000173752021510154,0.000173752021510154,0.000260628032265231
B_tbl_minus_hqql,mod.blocks.7.attn.h6,electron<-charged_hadron,0.02492623225502346,0.00017357462970919542,0.0,0.0,0.0,0.00017357462970919542,0.00017357462970919542,0.00017357462970919542,0.00026036194456379314
signed_hqql_tbl,mod.cls_blocks.1.attn.h1,charged_hadron<-CLS,0.023584581911563873,-8.642621105536819e-05,0.0002612542728791646,0.0,0.0,-0.0003476804839345328,-8.642621105536819e-05,8.642621105536819e-05,0.0002602664530226346
signed_hqql_tbl,mod.cls_blocks.1.attn.h1,charged_hadron<-neutral_hadron,0.02449214959452892,6.4879874618531304e-06,0.0005136386483654325,2.71533037234536e-05,-0.0007145191538762043,-0.0005071506609035793,-2.0665316261600468e-05,6.4879874618531304e-06,0.0002600633179136428
signed_hqql_tbl,mod.blocks.0.attn.h6,neutral_hadron<-electron,0.025247499183751642,-1.230845964528271e-05,-0.0005076880821377472,-3.758872552831841e-05,-3.030848815529573e-05,0.0004953796224924645,2.5280265883035703e-05,1.230845964528271e-05,0.00025999827089151495
signed_hqql_tbl,mod.blocks.4.attn.h2,muon<-electron,0.0024839043617248535,-0.00017319724429398775,0.0,-6.227981543815986e-07,-2.0331394900985345e-10,-0.00017319724429398775,-0.00017257444613960615,0.00017319724429398775,0.0002597958664409816
B_tbl_minus_hqql,mod.blocks.4.attn.h2,muon<-electron,0.0024839043617248535,-0.00017319724429398775,0.0,0.0,0.0,-0.00017319724429398775,-0.00017319724429398775,0.00017319724429398775,0.0002597958664409816
signed_hqql_tbl,mod.blocks.2.attn.h3,photon<-muon,0.07529663122617282,-0.0001603784397817575,-0.0003586062051069278,-0.0001633977284654975,-5.964304835759793e-05,0.00019822776532517027,3.0192886837399915e-06,0.0001603784397817575,0.00025949232244434266
B_tbl_minus_hqql,mod.blocks.2.attn.h3,neutral_hadron<-muon,0.07236065963904063,-0.0001722826079155008,0.0,0.0,0.0,-0.0001722826079155008,-0.0001722826079155008,0.0001722826079155008,0.0002584239118732512
signed_hqql_tbl,mod.blocks.3.attn.h2,electron<-charged_hadron,0.013330073379304098,-2.188730476241883e-05,0.00045006252204378444,6.372767590707348e-05,0.00013135753127884258,-0.00047194982680620325,-8.56149806694923e-05,2.188730476241883e-05,0.00025786221816552046
B_tbl_minus_hqql,mod.blocks.4.attn.h0,electron<-photon,0.013390285803413973,0.00017189523359553366,0.0,0.0,0.0,0.00017189523359553366,0.00017189523359553366,0.00017189523359553366,0.00025784285039330047
B_tbl_minus_hqql,mod.blocks.2.attn.h1,muon<-photon,0.01680256540958698,-0.00017174186471563118,0.0,0.0,0.0,-0.00017174186471563118,-0.00017174186471563118,0.00017174186471563118,0.0002576127970734468
B_tbl_minus_hqql,mod.cls_blocks.1.attn.h5,photon<-charged_hadron,0.038515429605137215,-0.00017167489039076662,0.0,0.0,0.0,-0.00017167489039076662,-0.00017167489039076662,0.00017167489039076662,0.0002575123355861499
signed_hqql_tbl,mod.cls_blocks.1.attn.h0,CLS<-muon,0.0029654852114617825,-4.6974786528153345e-05,-0.00046765657634750823,-6.368236370235536e-05,-0.0010175479716660145,0.0004206817898193549,1.6707577174202015e-05,4.6974786528153345e-05,0.0002573156814378308
B_tbl_minus_hqql,mod.blocks.6.attn.h3,photon<-muon,0.16480799821706918,0.00017151911742985249,0.0,0.0,0.0,0.00017151911742985249,0.00017151911742985249,0.00017151911742985249,0.00025727867614477873
signed_hqql_tbl,mod.blocks.2.attn.h2,electron<-electron,0.015502984111878958,-0.00017083095033774143,1.5157637180962524e-06,-6.970012123414588e-06,5.136060726348054e-07,-0.00017234671405583769,-0.00016386093821432683,0.00017083095033774143,0.0002570043073656603
B_tbl_minus_hqql,mod.blocks.2.attn.h2,electron<-electron,0.015502984117057394,-0.0001708311016677122,0.0,0.0,0.0,-0.0001708311016677122,-0.0001708311016677122,0.0001708311016677122,0.0002562466525015683
signed_hqql_tbl,mod.blocks.1.attn.h1,electron<-neutral_hadron,0.028641818463802336,0.0001069582678610459,-0.00019128988787997514,0.0004200225885142572,0.0001508128034937031,0.000298248155741021,-0.00031306432065321134,0.0001069582678610459,0.0002560823457315564
B_tbl_minus_hqql,mod.blocks.4.attn.h1,muon<-photon,0.02338659534087548,-0.0001706849389637892,0.0,0.0,0.0,-0.0001706849389637892,-0.0001706849389637892,0.0001706849389637892,0.0002560274084456838
B_tbl_minus_hqql,mod.blocks.6.attn.h5,photon<-muon,0.07439859555317806,-0.00017051038762124686,0.0,0.0,0.0,-0.00017051038762124686,-0.00017051038762124686,0.00017051038762124686,0.0002557655814318703
signed_hqql_tbl,mod.blocks.2.attn.h6,muon<-neutral_hadron,0.005152693639198939,-0.0001893256170054277,-5.7737750466912985e-05,-6.675789336441085e-06,-0.0003059514328924706,-0.0001315878665385147,-0.0001826498276689866,0.0001893256170054277,0.000255119550274685
B_tbl_minus_hqql,mod.cls_blocks.0.attn.h3,neutral_hadron<-electron,0.010293870000168681,0.00017004292749334127,0.0,0.0,0.0,0.00017004292749334127,0.00017004292749334127,0.00017004292749334127,0.0002550643912400119
signed_hqql_tbl,mod.blocks.4.attn.h5,charged_hadron<-electron,0.04915626241785029,0.00014197137765538923,-8.420581929385662e-05,0.0006502091238695767,4.085063173314901e-05,0.00022617719694924585,-0.0005082377462141875,0.00014197137765538923,0.0002550599761300122
B_tbl_minus_hqql,mod.blocks.5.attn.h6,muon<-muon,0.0051989019848406315,-0.0001694146340014413,0.0,0.0,0.0,-0.0001694146340014413,-0.0001694146340014413,0.0001694146340014413,0.00025412195100216195
signed_hqql_tbl,mod.blocks.5.attn.h6,muon<-muon,0.005198897328227758,-0.00016941434296313673,-2.0039087189616112e-07,4.807945773621646e-07,-2.9058121242542256e-08,-0.00016921395209124057,-0.00016989513754049889,0.00016941434296313673,0.000254021319008757
signed_hqql_tbl,mod.blocks.7.attn.h7,photon<-muon,0.1163946665250338,0.00018623292159575684,5.079235415905714e-05,3.725432801399041e-05,3.408523345435107e-05,0.0001354405674366997,0.00014897859358176642,0.00018623292159575684,0.00025395320531410666
B_tbl_minus_hqql,mod.blocks.6.attn.h3,charged_hadron<-muon,0.08093257546424866,0.0001691686105914414,0.0,0.0,0.0,0.0001691686105914414,0.0001691686105914414,0.0001691686105914414,0.0002537529158871621
signed_hqql_tbl,mod.blocks.3.attn.h5,charged_hadron<-electron,0.02848882203840691,3.331075593292632e-06,-0.0004972731366675968,0.00012901540162161954,-0.00013270317706175975,0.0005006042122608895,-0.0001256843260283269,3.331075593292632e-06,0.00025363318172373737
B_tbl_minus_hqql,mod.blocks.7.attn.h6,photon<-muon,0.05045634049635667,-0.00016871664243248792,0.0,0.0,0.0,-0.00016871664243248792,-0.00016871664243248792,0.00016871664243248792,0.0002530749636487319
signed_hqql_tbl,mod.blocks.4.attn.h5,electron<-photon,0.015935164399263336,0.00015007882828330167,-5.5636278180567646e-05,0.00027651588975895224,-1.683375607667999e-05,0.00020571510646386933,-0.00012643706147565058,0.00015007882828330167,0.00025293638151523633
signed_hqql_tbl,mod.cls_blocks.1.attn.h6,charged_hadron<-photon,0.027878174689454093,-0.0001450091015062177,-0.0003605076237649018,-4.699942229951664e-05,-5.411740283950606e-05,0.0002154985222586841,-9.800967920670106e-05,0.0001450091015062177,0.00025275836263555977
B_tbl_minus_hqql,mod.blocks.2.attn.h3,muon<-charged_hadron,0.02094850838184357,0.00016836216673254967,0.0,0.0,0.0,0.00016836216673254967,0.00016836216673254967,0.00016836216673254967,0.0002525432500988245
B_tbl_minus_hqql,mod.blocks.2.attn.h3,electron<-charged_hadron,0.018289705171533253,0.0001679709293176015,0.0,0.0,0.0,0.0001679709293176015,0.0001679709293176015,0.0001679709293176015,0.00025195639397640224
signed_hqql_tbl,mod.blocks.6.attn.h6,photon<-electron,0.03295528915960614,0.00014891438837455608,-5.634595787081967e-05,3.382536306162365e-05,-0.00043738654287815075,0.00020526034624537576,0.00011508902531293244,0.00014891438837455608,0.00025154456149724397
B_tbl_minus_hqql,mod.cls_blocks.1.attn.h6,photon<-photon,0.040361638916166204,-0.00016762701584651185,0.0,0.0,0.0,-0.00016762701584651185,-0.00016762701584651185,0.00016762701584651185,0.00025144052376976776
signed_hqql_tbl,mod.blocks.2.attn.h2,neutral_hadron<-muon,0.03036520630121231,-0.00012606544381317994,0.0001239301054738462,-0.0004917012008119951,0.00014421586899970862,-0.00024999554928702616,0.0003656357569988151,0.00012606544381317994,0.000251063218456693
signed_hqql_tbl,mod.blocks.7.attn.h6,photon<-muon,0.05045634049635667,-0.00016871664243248792,-4.685230053907547e-06,-4.6537011704375884e-05,6.855221981907191e-05,-0.00016403141237858037,-0.00012217963072811203,0.00016871664243248792,0.0002507323486217781
B_tbl_minus_hqql,mod.blocks.7.attn.h2,muon<-photon,0.012749961935556851,-0.0001670344231220392,0.0,0.0,0.0,-0.0001670344231220392,-0.0001670344231220392,0.0001670344231220392,0.00025055163468305883
signed_hqql_tbl,mod.blocks.0.attn.h3,muon<-muon,0.048852935433387756,0.00017548022151459008,2.5360539098073787e-05,-0.00017894779757625655,-3.6553416938052884e-05,0.0001501196824165163,0.00035442801909084664,0.00017548022151459008,0.00025054006272284823
signed_hqql_tbl,mod.blocks.7.attn.h2,neutral_hadron<-muon,0.009846951191624006,2.8008772157287847e-05,-0.0004163053963566199,0.0002674788412677069,-2.4584367565694265e-05,0.00044431416851390776,-0.00023947006911041906,2.8008772157287847e-05,0.0002501658564142417
signed_hqql_tbl,mod.blocks.0.attn.h2,electron<-muon,0.32492709159851074,0.00016675019287504256,0.0,-0.003466846887022257,-5.233903834778175e-07,0.00016675019287504256,0.0036335970798972994,0.00016675019287504256,0.00025012528931256384
B_tbl_minus_hqql,mod.blocks.0.attn.h2,electron<-muon,0.32492709159851074,0.00016674611833877861,0.0,0.0,0.0,0.00016674611833877861,0.00016674611833877861,0.00016674611833877861,0.0002501191775081679
B_tbl_minus_hqql,mod.blocks.6.attn.h6,charged_hadron<-electron,0.03627146230555018,0.00016644110491656846,0.0,0.0,0.0,0.00016644110491656846,0.00016644110491656846,0.00016644110491656846,0.00024966165737485267
signed_hqql_tbl,mod.cls_blocks.1.attn.h2,CLS<-charged_hadron,0.023423335871320828,9.240027702909668e-05,-0.00021846945846647052,-7.751741981091894e-06,-0.0001307603410923486,0.0003108697354955672,0.00010015201901018858,9.240027702909668e-05,0.0002478351447768803
B_tbl_minus_hqql,mod.blocks.1.attn.h6,charged_hadron<-electron,0.029837367327316948,0.00016466629154899198,0.0,0.0,0.0,0.00016466629154899198,0.00016466629154899198,0.00016466629154899198,0.000246999437323488
B_tbl_minus_hqql,mod.blocks.7.attn.h6,photon<-electron,0.029587507974810717,-0.0001646019072057509,0.0,0.0,0.0,-0.0001646019072057509,-0.0001646019072057509,0.0001646019072057509,0.0002469028608086263
signed_hqql_tbl,mod.blocks.7.attn.h1,neutral_hadron<-muon,0.05214358369509379,0.00017375207971781492,2.8382754635458696e-05,-1.941938511376257e-05,1.6859755949856965e-05,0.00014536932508235623,0.00019317146483157748,0.00017375207971781492,0.00024643674225899304
signed_hqql_tbl,mod.blocks.4.attn.h2,neutral_hadron<-muon,0.02260354906320572,7.071560927821945e-05,0.0004219948605168611,-1.0653877612448445e-05,0.00012684114760001344,-0.0003512792512386416,8.136948689066789e-05,7.071560927821945e-05,0.00024635523489754024
signed_hqql_tbl,mod.blocks.7.attn.h2,electron<-photon,0.02043412471326386,-0.00014874719596352917,4.640437548784705e-05,-7.586655456553634e-05,5.5599707940762694e-05,-0.00019515157145137623,-7.288064139799283e-05,0.00014874719596352917,0.00024632298168921727
signed_hqql_tbl,mod.blocks.0.attn.h0,muon<-charged_hadron,0.008784257620573045,3.9123767055571077e-05,0.00045310219284147026,5.9145118174111024e-05,-0.0003278330788111352,-0.0004139784257858992,-2.0021351118539947e-05,3.9123767055571077e-05,0.00024611297994852065
signed_hqql_tbl,mod.blocks.3.attn.h4,electron<-photon,0.020532056144097956,0.00015207260872646258,-3.525904841288658e-05,4.5961006672108825e-05,-1.4109609500420364e-05,0.00018733165713934917,0.00010611160205435376,0.00015207260872646258,0.00024573843729613714
signed_hqql_tbl,mod.blocks.5.attn.h6,muon<-photon,0.014522902094400846,-0.00015998746340091413,-0.0003313915482207309,0.0006056439256843243,-4.660932177945075e-05,0.00017140408481981678,-0.0007656313890852384,0.00015998746340091413,0.00024568950581082253
signed_hqql_tbl,mod.blocks.7.attn.h6,electron<-charged_hadron,0.024926234846529755,0.00017357464615918656,3.0290925254424415e-05,-0.00016790461921763997,6.961993360029603e-05,0.00014328372090476215,0.0003414792653768265,0.00017357464615918656,0.0002452165066115676
B_tbl_minus_hqql,mod.blocks.3.attn.h5,muon<-photon,0.015273841527792124,-0.0001633383262042816,0.0,0.0,0.0,-0.0001633383262042816,-0.0001633383262042816,0.0001633383262042816,0.0002450074893064224
signed_hqql_tbl,mod.blocks.6.attn.h2,electron<-charged_hadron,0.018498353538629803,-3.836443734737417e-05,0.0003741370032851895,-0.00035971854681960276,1.9484309531334373e-05,-0.00041250144063256365,0.0003213541094722286,3.836443734737417e-05,0.000244615157663656
signed_hqql_tbl,mod.blocks.7.attn.h0,photon<-electron,0.04808101103436656,0.0001459090609254107,-5.116274509678728e-05,5.208681065833183e-05,-2.731596640925008e-05,0.00019707180602219796,9.382225026707885e-05,0.0001459090609254107,0.0002444449639365097
signed_hqql_tbl,mod.blocks.6.attn.h2,muon<-charged_hadron,0.0034492995589971544,-1.730424119159579e-05,0.00043615513325979315,-0.000302386994409407,-4.362839046029412e-05,-0.0004534593744513889,0.00028508275321781123,1.730424119159579e-05,0.00024403392841729026
B_tbl_minus_hqql,mod.blocks.4.attn.h1,electron<-charged_hadron,0.031559797084849815,-0.0001624242589889985,0.0,0.0,0.0,-0.0001624242589889985,-0.0001624242589889985,0.0001624242589889985,0.00024363638848349774
signed_hqql_tbl,mod.cls_blocks.1.attn.h5,neutral_hadron<-CLS,0.0007097887573763728,-1.1226414244447369e-05,0.0004524746327660978,0.0,0.0,-0.00046370104701054515,-1.1226414244447369e-05,1.1226414244447369e-05,0.00024307693774971995
signed_hqql_tbl,mod.blocks.5.attn.h7,photon<-muon,0.20176935195922852,-0.000158968148753047,-0.00032619962719484017,0.0002562245069632561,-0.00022526639643021755,0.00016723147844179318,-0.0004151926557163031,0.000158968148753047,0.00024258388797394358
signed_hqql_tbl,mod.blocks.3.attn.h5,photon<-electron,0.05544707796922544,6.202807317760477e-05,-0.0002980837603640144,-0.00011930817978182322,-0.00012683043446899816,0.00036011183354161917,0.000181336252959428,6.202807317760477e-05,0.00024208398994841435
signed_hqql_tbl,mod.blocks.0.attn.h1,charged_hadron<-muon,0.044124838709831235,-1.2724632688332349e-05,0.0004452402703464031,-3.1205892145376783e-05,-4.046716803342712e-05,-0.00045796490303473547,1.8481259457044433e-05,1.2724632688332349e-05,0.00024170708420570008
signed_hqql_tbl,mod.blocks.0.attn.h0,electron<-neutral_hadron,0.014991140260826796,-0.00012975380195712205,9.274577985252108e-05,-0.0002119908338803119,-1.7866701134206616e-05,-0.00022249958180964313,8.223703192318985e-05,0.00012975380195712205,0.00024100359286194362
signed_hqql_tbl,mod.blocks.4.attn.h1,charged_hadron<-muon,0.04174929857254028,-8.347457041963935e-05,-0.00039804605767130853,-9.631934447278237e-05,-5.2512851448691624e-05,0.00031457148725166917,1.2844774053143022e-05,8.347457041963935e-05,0.00024076031404547394
B_tbl_minus_hqql,mod.blocks.2.attn.h3,photon<-muon,0.07529660371633676,-0.00016037836814155945,0.0,0.0,0.0,-0.00016037836814155945,-0.00016037836814155945,0.00016037836814155945,0.00024056755221233919
signed_hqql_tbl,mod.blocks.5.attn.h6,muon<-charged_hadron,0.016855207085609437,-9.584705112501979e-05,-0.00038493676111102105,8.853275884858107e-05,0.00012174938634342077,0.0002890897099860013,-0.00018437980997360086,9.584705112501979e-05,0.00024039190611802042
signed_hqql_tbl,mod.blocks.6.attn.h1,photon<-electron,0.0762580625894593,4.08376507970743e-05,0.0004399065292091109,0.00014845336757900117,0.0001089309072333642,-0.0003990688784120366,-0.00010761571678192687,4.08376507970743e-05,0.0002403720900030926
signed_hqql_tbl,mod.blocks.2.attn.h4,electron<-photon,0.016834122742094646,0.00018830062475810736,8.441621737022485e-05,-1.2162994682686786e-05,4.82224250101188e-05,0.00010388440738788251,0.00020046361944079413,0.00018830062475810736,0.0002402428284520486
B_tbl_minus_hqql,mod.blocks.1.attn.h1,muon<-photon,0.014577767023673424,-0.00016000895546032832,0.0,0.0,0.0,-0.00016000895546032832,-0.00016000895546032832,0.00016000895546032832,0.00024001343319049248
B_tbl_minus_hqql,mod.blocks.5.attn.h6,muon<-photon,0.014522903240644015,-0.00015998762459135972,0.0,0.0,0.0,-0.00015998762459135972,-0.00015998762459135972,0.00015998762459135972,0.00023998143688703957
signed_hqql_tbl,mod.blocks.4.attn.h7,electron<-electron,0.008842087597554383,-0.00015967266051664097,7.5427820322993e-08,-0.00013597686460305644,2.5608575941286443e-07,-0.00015974808833696397,-2.3695795913584533e-05,0.00015967266051664097,0.00023954670468512296
B_tbl_minus_hqql,mod.blocks.4.attn.h7,electron<-electron,0.008842085997889626,-0.0001596728261899827,0.0,0.0,0.0,-0.0001596728261899827,-0.0001596728261899827,0.0001596728261899827,0.00023950923928497405
signed_hqql_tbl,mod.blocks.0.attn.h1,electron<-charged_hadron,0.025820796418449154,-0.00011453607796442077,0.0001352389565242144,3.4504873028415585e-05,0.0001519790029204968,-0.0002497750344886352,-0.00014904095099283637,0.00011453607796442077,0.00023942359520873836
B_tbl_minus_hqql,mod.blocks.5.attn.h7,photon<-muon,0.20176935195922852,-0.00015896789801235383,0.0,0.0,0.0,-0.00015896789801235383,-0.00015896789801235383,0.00015896789801235383,0.00023845184701853076
signed_hqql_tbl,mod.cls_blocks.1.attn.h4,electron<-muon,0.0024402085691690445,0.00015890662325546145,0.0,0.0,0.0,0.00015890662325546145,0.00015890662325546145,0.00015890662325546145,0.00023835993488319218
B_tbl_minus_hqql,mod.cls_blocks.1.attn.h4,CLS<-muon,0.002440205542370677,0.00015890644863247871,0.0,0.0,0.0,0.00015890644863247871,0.00015890644863247871,0.00015890644863247871,0.00023835967294871807
B_tbl_minus_hqql,mod.cls_blocks.1.attn.h4,electron<-muon,0.002440205542370677,0.00015890644863247871,0.0,0.0,0.0,0.00015890644863247871,0.00015890644863247871,0.00015890644863247871,0.00023835967294871807
signed_hqql_tbl,mod.cls_blocks.1.attn.h2,charged_hadron<-charged_hadron,0.02819108198850583,0.00011454160511885466,-0.00013116743840084117,0.00016036837599998297,-0.00015952987726546407,0.0002457090435196958,-4.582677088112832e-05,0.00011454160511885466,0.00023739612687870255
B_tbl_minus_hqql,mod.blocks.6.attn.h4,muon<-charged_hadron,0.015084965527057648,-0.00015811267076060176,0.0,0.0,0.0,-0.00015811267076060176,-0.00015811267076060176,0.00015811267076060176,0.00023716900614090264
signed_hqql_tbl,mod.cls_blocks.1.attn.h2,charged_hadron<-photon,0.02232145451822541,0.00010809282254522771,-0.00014953698057581263,0.00012623598918364178,-4.486936041776433e-05,0.00025762980312104037,-1.8143166638414065e-05,0.00010809282254522771,0.0002369077241057479
signed_hqql_tbl,mod.blocks.0.attn.h3,photon<-muon,0.012321217701985286,2.1115308090184743e-05,0.00045234287524810777,-0.00010213946172205561,3.510162248319291e-05,-0.000431227567157923,0.00012325476981224037,2.1115308090184743e-05,0.00023672909166914626
B_tbl_minus_hqql,mod.blocks.0.attn.h2,muon<-charged_hadron,0.011936679482460022,0.00015762224793434144,0.0,0.0,0.0,0.00015762224793434144,0.00015762224793434144,0.00015762224793434144,0.00023643337190151217
B_tbl_minus_hqql,mod.cls_blocks.1.attn.h2,electron<-neutral_hadron,0.019258053256915167,-0.0001575540053846243,0.0,0.0,0.0,-0.0001575540053846243,-0.0001575540053846243,0.0001575540053846243,0.00023633100807693644
B_tbl_minus_hqql,mod.blocks.3.attn.h5,neutral_hadron<-electron,0.025008324650116265,-0.00015688181526911648,0.0,0.0,0.0,-0.00015688181526911648,-0.00015688181526911648,0.00015688181526911648,0.00023532272290367471
signed_hqql_tbl,mod.blocks.3.attn.h6,electron<-charged_hadron,0.01984526492331339,8.417629499529974e-05,-0.0002180004760157317,-5.493104202492583e-05,-9.6149492525944e-05,0.0003021767710110314,0.00013910733702022558,8.417629499529974e-05,0.00023526468050081545
B_tbl_minus_hqql,mod.blocks.2.attn.h5,photon<-electron,0.032402324422103605,-0.0001563671884047458,0.0,0.0,0.0,-0.0001563671884047458,-0.0001563671884047458,0.0001563671884047458,0.00023455078260711869
signed_hqql_tbl,mod.cls_blocks.1.attn.h2,CLS<-photon,0.023931906719701718,0.00011005592424701254,-0.0001376374634877612,0.00011299058888695919,-7.185542642066813e-05,0.00024769338773477376,-2.934664639946645e-06,0.00011005592424701254,0.00023390261811439942
signed_hqql_tbl,mod.blocks.3.attn.h5,neutral_hadron<-electron,0.02500832618679851,-0.0001568818048099274,-3.648500253916609e-06,-6.478614864136034e-05,-4.848711903511739e-06,-0.0001532333045560108,-9.209565616856706e-05,0.0001568818048099274,0.0002334984570879328
signed_hqql_tbl,mod.blocks.7.attn.h3,muon<-charged_hadron,0.027755099534988403,4.7272013034671545e-05,-0.00032462462161978085,0.0001470050576558449,-3.0240572024402873e-05,0.0003718966346544524,-9.973304462117336e-05,4.7272013034671545e-05,0.00023322033036189774
B_tbl_minus_hqql,mod.blocks.7.attn.h5,neutral_hadron<-muon,0.07282640039920807,-0.0001550052062763522,0.0,0.0,0.0,-0.0001550052062763522,-0.0001550052062763522,0.0001550052062763522,0.0002325078094145283
signed_hqql_tbl,mod.cls_blocks.1.attn.h1,neutral_hadron<-charged_hadron,0.020655722289845562,-0.00013863158149077842,-0.00032504123325149216,-0.00020869736063985095,0.0003319679138076026,0.00018640965176071374,7.006577914907253e-05,0.00013863158149077842,0.00023183640737113527
signed_hqql_tbl,mod.blocks.6.attn.h1,charged_hadron<-muon,0.13653072118759155,0.00022782611194998025,0.00023419860129555067,5.479434200016589e-05,0.0017116134416083901,-6.372489345570425e-06,0.00017303176994981436,0.00022782611194998025,0.00023101235662276545
B_tbl_minus_hqql,mod.blocks.0.attn.h3,muon<-neutral_hadron,0.04163722197214762,-0.00015398703787165383,0.0,0.0,0.0,-0.00015398703787165383,-0.00015398703787165383,0.00015398703787165383,0.00023098055680748075
B_tbl_minus_hqql,mod.blocks.1.attn.h7,electron<-neutral_hadron,0.01683661565184593,-0.00015374135305137315,0.0,0.0,0.0,-0.00015374135305137315,-0.00015374135305137315,0.00015374135305137315,0.0002306120295770597
B_tbl_minus_hqql,mod.blocks.4.attn.h1,charged_hadron<-electron,0.05815467270820037,0.00015356925138368516,0.0,0.0,0.0,0.00015356925138368516,0.00015356925138368516,0.00015356925138368516,0.00023035387707552775
B_tbl_minus_hqql,mod.blocks.1.attn.h6,muon<-charged_hadron,0.02139769643545151,-0.00015341134276241063,0.0,0.0,0.0,-0.00015341134276241063,-0.00015341134276241063,0.00015341134276241063,0.00023011701414361594
signed_hqql_tbl,mod.blocks.1.attn.h2,electron<-photon,0.018983935800994316,-7.578571470420262e-05,0.0002319438556566768,-0.00010271232068053867,-1.0646505027332089e-05,-0.0003077295703608794,2.692660597633605e-05,7.578571470420262e-05,0.00022965049988464233
B_tbl_minus_hqql,mod.cls_blocks.1.attn.h0,charged_hadron<-charged_hadron,0.024307348598272372,0.0001529995560980378,0.0,0.0,0.0,0.0001529995560980378,0.0001529995560980378,0.0001529995560980378,0.0002294993341470567
B_tbl_minus_hqql,mod.blocks.3.attn.h0,charged_hadron<-muon,0.040022420883178714,-0.00015245187096297742,0.0,0.0,0.0,-0.00015245187096297742,-0.00015245187096297742,0.00015245187096297742,0.00022867780644446613
B_tbl_minus_hqql,mod.blocks.3.attn.h4,electron<-photon,0.020532055235490565,0.00015207263215149684,0.0,0.0,0.0,0.00015207263215149684,0.00015207263215149684,0.00015207263215149684,0.00022810894822724526
signed_hqql_tbl,mod.blocks.5.attn.h5,muon<-neutral_hadron,0.0012062105039755504,3.0008212585623067e-05,-0.00036424442714633187,-1.0919313689029015e-06,-3.1608997270874774e-05,0.00039425263973195496,3.110014395452597e-05,3.0008212585623067e-05,0.00022713453245160053
signed_hqql_tbl,mod.blocks.7.attn.h2,electron<-neutral_hadron,0.011726870253914968,-4.199363102230791e-06,-0.00044999254983224546,1.1557758504624852e-05,-4.4943430767114694e-05,0.0004457931867300147,-1.5757121606855643e-05,4.199363102230791e-06,0.00022709595646723814
B_tbl_minus_hqql,mod.cls_blocks.0.attn.h5,charged_hadron<-photon,0.02333668629888078,-0.00015129418682936633,0.0,0.0,0.0,-0.00015129418682936633,-0.00015129418682936633,0.00015129418682936633,0.0002269412802440495
signed_hqql_tbl,mod.cls_blocks.1.attn.h5,electron<-neutral_hadron,0.02926115462413201,0.00015077729431840664,0.0,-0.0002581370536063332,0.0,0.00015077729431840664,0.0004089143479247398,0.00015077729431840664,0.00022616594147760997
B_tbl_minus_hqql,mod.blocks.1.attn.h3,charged_hadron<-muon,0.02123989462852478,0.00015061084413900972,0.0,0.0,0.0,0.00015061084413900972,0.00015061084413900972,0.00015061084413900972,0.0002259162662085146
signed_hqql_tbl,mod.blocks.1.attn.h0,photon<-muon,0.03135282947466923,4.9106463288458494e-05,0.00040201804278275143,-2.489204813503999e-05,-7.489620960162331e-06,-0.00035291157949429296,7.399851142349849e-05,4.9106463288458494e-05,0.00022556225303560498
B_tbl_minus_hqql,mod.cls_blocks.1.attn.h4,neutral_hadron<-photon,0.02072072900258578,-0.0001501660650739303,0.0,0.0,0.0,-0.0001501660650739303,-0.0001501660650739303,0.0001501660650739303,0.00022524909761089545
B_tbl_minus_hqql,mod.cls_blocks.1.attn.h1,neutral_hadron<-charged_hadron,0.0211750536725141,-0.0001501137874953017,0.0,0.0,0.0,-0.0001501137874953017,-0.0001501137874953017,0.0001501137874953017,0.00022517068124295253
B_tbl_minus_hqql,mod.blocks.4.attn.h5,electron<-photon,0.01593516485356703,0.00015007883360717309,0.0,0.0,0.0,0.00015007883360717309,0.00015007883360717309,0.00015007883360717309,0.00022511825041075963
B_tbl_minus_hqql,mod.cls_blocks.1.attn.h0,charged_hadron<-photon,0.02384532368938688,0.00014964444316844914,0.0,0.0,0.0,0.00014964444316844914,0.00014964444316844914,0.00014964444316844914,0.0002244666647526737
B_tbl_minus_hqql,mod.blocks.6.attn.h6,photon<-electron,0.03295529097682092,0.00014891438589008276,0.0,0.0,0.0,0.00014891438589008276,0.00014891438589008276,0.00014891438589008276,0.00022337157883512413
B_tbl_minus_hqql,mod.blocks.7.attn.h2,electron<-photon,0.02043412389551721,-0.00014874719880292726,0.0,0.0,0.0,-0.00014874719880292726,-0.00014874719880292726,0.00014874719880292726,0.0002231207982043909
signed_hqql_tbl,mod.blocks.6.attn.h5,photon<-electron,0.08815915882587433,-9.631798829792476e-05,0.00015700826250914752,-0.00021287076787589347,0.00019453277058015706,-0.0002533262508070723,0.00011655277957796871,9.631798829792476e-05,0.0002229811137014609
B_tbl_minus_hqql,mod.blocks.5.attn.h5,electron<-photon,0.028564762869259207,0.00014845436125164623,0.0,0.0,0.0,0.00014845436125164623,0.00014845436125164623,0.00014845436125164623,0.00022268154187746935
signed_hqql_tbl,mod.blocks.3.attn.h5,neutral_hadron<-muon,0.013327792286872864,-4.5897652550290026e-05,-0.00039795880093151936,3.632567907181127e-05,0.0002836611691539777,0.0003520611483812293,-8.22233316221013e-05,4.5897652550290026e-05,0.00022192822674090468
signed_hqql_tbl,mod.blocks.6.attn.h4,muon<-neutral_hadron,0.019022295872370403,-2.603357279440388e-05,0.00036507434552390805,-3.688719299301929e-05,0.00021483232497606272,-0.00039110791831831193,1.0853620198615411e-05,2.603357279440388e-05,0.00022158753195355985
signed_hqql_tbl,mod.blocks.2.attn.h3,charged_hadron<-muon,0.06876859068870544,0.00019319370621815324,0.0001389903132803738,-0.00018996619458856254,-0.00010036296931057408,5.420339293777944e-05,0.0003831599008067158,0.00019319370621815324,0.00022029540268704296
B_tbl_minus_hqql,mod.blocks.0.attn.h1,muon<-photon,0.015243359483205356,-0.0001468371617822693,0.0,0.0,0.0,-0.0001468371617822693,-0.0001468371617822693,0.0001468371617822693,0.00022025574267340396
B_tbl_minus_hqql,mod.blocks.1.attn.h4,muon<-muon,0.011259357444941998,-0.00014679323066957295,0.0,0.0,0.0,-0.00014679323066957295,-0.00014679323066957295,0.00014679323066957295,0.00022018984600435942
signed_hqql_tbl,mod.blocks.6.attn.h5,charged_hadron<-muon,0.1277130961418152,-8.405158878304065e-05,-0.00035626340347031754,-0.00036261061945095144,-2.719609181774419e-06,0.0002722118146872769,0.0002785590306679108,8.405158878304065e-05,0.00022015749612667909
B_tbl_minus_hqql,mod.blocks.7.attn.h0,photon<-electron,0.048081019575276024,0.000145909024723085,0.0,0.0,0.0,0.000145909024723085,0.000145909024723085,0.000145909024723085,0.0002188635370846275
signed_hqql_tbl,mod.cls_blocks.1.attn.h5,neutral_hadron<-photon,0.010715812673935524,1.9035288446153013e-05,0.0004184748554094271,0.0002571745209541975,5.40391081206811e-05,-0.0003994395669632741,-0.0002381392325080445,1.9035288446153013e-05,0.00021875507192779006
B_tbl_minus_hqql,mod.cls_blocks.1.attn.h6,charged_hadron<-photon,0.027934033895882084,-0.00014488615216949667,0.0,0.0,0.0,-0.00014488615216949667,-0.00014488615216949667,0.00014488615216949667,0.000217329228254245
B_tbl_minus_hqql,mod.blocks.6.attn.h6,neutral_hadron<-electron,0.03159448376391083,0.00014482229479213516,0.0,0.0,0.0,0.00014482229479213516,0.00014482229479213516,0.00014482229479213516,0.00021723344218820275
B_tbl_minus_hqql,mod.cls_blocks.1.attn.h1,charged_hadron<-photon,0.029901265468395933,-0.0001443914694442663,0.0,0.0,0.0,-0.0001443914694442663,-0.0001443914694442663,0.0001443914694442663,0.00021658720416639944
B_tbl_minus_hqql,mod.blocks.7.attn.h6,muon<-neutral_hadron,0.024338056643803913,-0.0001439113305726399,0.0,0.0,0.0,-0.0001439113305726399,-0.0001439113305726399,0.0001439113305726399,0.00021586699585895985
B_tbl_minus_hqql,mod.blocks.0.attn.h5,muon<-photon,0.019027750079448406,-0.000143817187143633,0.0,0.0,0.0,-0.000143817187143633,-0.000143817187143633,0.000143817187143633,0.00021572578071544948
signed_hqql_tbl,mod.blocks.4.attn.h7,muon<-neutral_hadron,0.012015794714291891,4.111269178489844e-05,-0.00030704143864568323,8.932968194130808e-05,5.672163206327241e-05,0.0003481541304305817,-4.821699015640964e-05,4.111269178489844e-05,0.00021518975700018927
signed_hqql_tbl,mod.blocks.2.attn.h0,electron<-electron,0.015474406606995218,-0.00014209545768295584,6.165948021052969e-07,-8.599538535087387e-05,7.173078984124004e-07,-0.00014271205248506114,-5.610007233208197e-05,0.00014209545768295584,0.0002134514839254864
B_tbl_minus_hqql,mod.blocks.6.attn.h3,neutral_hadron<-muon,0.16061291098594666,0.0001422690984327346,0.0,0.0,0.0,0.0001422690984327346,0.0001422690984327346,0.0001422690984327346,0.0002134036476491019
B_tbl_minus_hqql,mod.cls_blocks.1.attn.h3,photon<-charged_hadron,0.02241695773872462,-0.00014210088490720162,0.0,0.0,0.0,-0.00014210088490720162,-0.00014210088490720162,0.00014210088490720162,0.00021315132736080244
B_tbl_minus_hqql,mod.blocks.2.attn.h0,electron<-electron,0.01547440514407299,-0.00014209537569485065,0.0,0.0,0.0,-0.00014209537569485065,-0.00014209537569485065,0.00014209537569485065,0.000213143063542276
B_tbl_minus_hqql,mod.blocks.4.attn.h5,charged_hadron<-electron,0.04915626622412516,0.00014197128827776317,0.0,0.0,0.0,0.00014197128827776317,0.00014197128827776317,0.00014197128827776317,0.00021295693241664475
B_tbl_minus_hqql,mod.cls_blocks.1.attn.h0,CLS<-photon,0.024099923006442592,0.00014111637174084164,0.0,0.0,0.0,0.00014111637174084164,0.00014111637174084164,0.00014111637174084164,0.00021167455761126247
signed_hqql_tbl,mod.blocks.0.attn.h4,electron<-photon,0.026385010924281145,4.556864960028267e-05,-0.00028518838267440775,-0.0002074799363258971,-4.1547977492551915e-05,0.0003307570322746904,0.0002530485859261798,4.556864960028267e-05,0.00021094716573762787
B_tbl_minus_hqql,mod.blocks.2.attn.h4,electron<-charged_hadron,0.020119370325751926,0.0001402286840027006,0.0,0.0,0.0,0.0001402286840027006,0.0001402286840027006,0.0001402286840027006,0.0002103430260040509
signed_hqql_tbl,mod.cls_blocks.1.attn.h0,photon<-neutral_hadron,0.015681149263400584,1.3087132856526296e-05,-0.00038038700440665705,0.000299760232385444,0.00018660147647356747,0.00039347413726318334,-0.0002866730995289177,1.3087132856526296e-05,0.00020982420148811797
signed_hqql_tbl,mod.cls_blocks.1.attn.h0,photon<-charged_hadron,0.026007396253672512,6.183235613703305e-05,-0.0002329517666199436,2.452981304183292e-05,-0.0001043551285885813,0.00029478412275697665,3.730254309520012e-05,6.183235613703305e-05,0.00020922441751552138
signed_hqql_tbl,mod.cls_blocks.1.attn.h1,photon<-neutral_hadron,0.015236662235110998,7.033010115264915e-05,0.00034681824645304004,-7.710236020916215e-05,1.7962385235088213e-06,-0.0002764881453003909,0.0001474324613618113,7.033010115264915e-05,0.0002085741738028446
B_tbl_minus_hqql,mod.cls_blocks.1.attn.h4,photon<-charged_hadron,0.045143513516946274,0.0001389376173557883,0.0,0.0,0.0,0.0001389376173557883,0.0001389376173557883,0.0001389376173557883,0.00020840642603368244
B_tbl_minus_hqql,mod.cls_blocks.1.attn.h0,CLS<-charged_hadron,0.02099125490934136,0.00013812372039236545,0.0,0.0,0.0,0.00013812372039236545,0.00013812372039236545,0.00013812372039236545,0.0002071855805885482
signed_hqql_tbl,mod.blocks.5.attn.h7,muon<-charged_hadron,0.002474444918334484,-3.5565352300181984e-05,0.0003076117873812715,-0.0004736360804787998,-0.00019954706955587073,-0.0003431771396814535,0.0004380707281786178,3.5565352300181984e-05,0.00020715392214090873
B_tbl_minus_hqql,mod.blocks.7.attn.h0,muon<-muon,0.018546253442764282,-0.00013776503328699619,0.0,0.0,0.0,-0.00013776503328699619,-0.00013776503328699619,0.00013776503328699619,0.00020664754993049428
signed_hqql_tbl,mod.blocks.7.attn.h0,muon<-muon,0.01854628697037697,-0.00013776536798104644,-1.0973125874613743e-06,2.2360069847460194e-06,-2.530463041002425e-05,-0.00013666805539358506,-0.00014000137496579247,0.00013776536798104644,0.00020609939567783897
signed_hqql_tbl,mod.cls_blocks.1.attn.h4,CLS<-photon,0.019869627708176015,6.530058212098134e-05,0.00034598838879648056,0.00020839575164747972,0.00027028612550754046,-0.00028068780667549924,-0.00014309516952649837,6.530058212098134e-05,0.00020564448545873097
signed_hqql_tbl,mod.blocks.5.attn.h2,muon<-neutral_hadron,0.002192260387043158,2.5933710276149213e-05,-0.0003326442083562142,-0.0004166812218978808,0.000521871562417194,0.00035857791863236343,0.00044261493217403,2.5933710276149213e-05,0.00020522266959233093
B_tbl_minus_hqql,mod.blocks.6.attn.h3,charged_hadron<-electron,0.15186306324018084,0.00013675136435030373,0.0,0.0,0.0,0.00013675136435030373,0.00013675136435030373,0.00013675136435030373,0.0002051270465254556
signed_hqql_tbl,mod.cls_blocks.1.attn.h6,charged_hadron<-neutral_hadron,0.021391722726924665,-0.00010490398688426498,-0.00030384946598239956,-0.00015827649429625394,-4.135969599398474e-06,0.00019894547909813458,5.337250741198896e-05,0.00010490398688426498,0.00020437672643333225
signed_hqql_tbl,mod.blocks.0.attn.h2,charged_hadron<-electron,0.020211772669268692,4.1562784407806646e-05,0.00036575546798606716,-4.964785532079517e-05,0.00028115051551409395,-0.0003241926835782605,9.121063972860181e-05,4.1562784407806646e-05,0.0002036591261969369
B_tbl_minus_hqql,mod.blocks.1.attn.h4,muon<-photon,0.01231017135656797,0.00013538929991997205,0.0,0.0,0.0,0.00013538929991997205,0.00013538929991997205,0.00013538929991997205,0.00020308394987995806
B_tbl_minus_hqql,mod.cls_blocks.1.attn.h4,photon<-neutral_hadron,0.03605432715266943,-0.00013522390872822143,0.0,0.0,0.0,-0.00013522390872822143,-0.00013522390872822143,0.00013522390872822143,0.00020283586309233215
signed_hqql_tbl,mod.blocks.5.attn.h2,muon<-photon,0.011382833123207092,4.612038341852335e-05,0.0003585380752785848,-0.0003284026942723854,0.00010470426167119984,-0.00031241769186006143,0.00037452307769090875,4.612038341852335e-05,0.00020232922934855407
signed_hqql_tbl,mod.blocks.0.attn.h1,neutral_hadron<-muon,0.052029321591059365,1.8473672146986548e-05,-0.00034869382943725213,-0.00013749543722951785,-4.111673357935312e-06,0.00036716750158423867,0.0001559691093765044,1.8473672146986548e-05,0.0002020574229391059
B_tbl_minus_hqql,mod.blocks.3.attn.h0,photon<-muon,0.044996949342580944,0.00013431663123460917,0.0,0.0,0.0,0.00013431663123460917,0.00013431663123460917,0.00013431663123460917,0.00020147494685191376
B_tbl_minus_hqql,mod.blocks.6.attn.h5,charged_hadron<-electron,0.06952401849886646,-0.0001338362939271104,0.0,0.0,0.0,-0.0001338362939271104,-0.0001338362939271104,0.0001338362939271104,0.0002007544408906656
signed_hqql_tbl,mod.cls_blocks.1.attn.h5,CLS<-photon,0.0159098063063869,-4.358714488520252e-05,0.00027038040925662926,-3.6528125566696004e-05,1.244212252591667e-05,-0.00031396755414183177,-7.059019318506513e-06,4.358714488520252e-05,0.0002005709219561184
signed_hqql_tbl,mod.blocks.3.attn.h6,neutral_hadron<-electron,0.015664573723915963,-0.00010230481998405594,9.391386872437124e-05,-1.2296841859438246e-05,5.12745019103236e-05,-0.00019621868870842719,-9.00079781246177e-05,0.00010230481998405594,0.00020041416433826955
signed_hqql_tbl,mod.blocks.3.attn.h5,muon<-photon,0.01527383579657628,-0.00016333854112487572,-8.958239567828759e-05,0.0001058379722632129,1.8446666082901948e-05,-7.375614544658813e-05,-0.00026917651338808865,0.00016333854112487572,0.00020021661384816977
B_tbl_minus_hqql,mod.cls_blocks.1.attn.h3,charged_hadron<-neutral_hadron,0.025469100263355107,-0.00013338656271085273,0.0,0.0,0.0,-0.00013338656271085273,-0.00013338656271085273,0.00013338656271085273,0.0002000798440662791
signed_hqql_tbl,mod.blocks.2.attn.h4,muon<-photon,0.008914977312088013,-7.573558160891899e-05,-0.00032415504280764324,-9.70098535948306e-05,-4.02798091440841e-06,0.0002484194611987242,2.1274271985911603e-05,7.573558160891899e-05,0.0001999453122082811
signed_hqql_tbl,mod.cls_blocks.1.attn.h3,charged_hadron<-charged_hadron,0.018730837039840527,-3.1190266338690446e-05,0.0003058116708416492,-0.00012871515338152084,0.00023213490076950225,-0.0003370019371803396,9.75248870428304e-05,3.1190266338690446e-05,0.00019969123492886024
signed_hqql_tbl,mod.blocks.3.attn.h0,charged_hadron<-neutral_hadron,0.020837241018827432,-0.0001034334976719488,8.825450062726599e-05,-7.722843921326391e-06,5.8629467915716926e-05,-0.0001916879982992148,-9.57106537506224e-05,0.0001034334976719488,0.0001992774968215562
signed_hqql_tbl,mod.blocks.5.attn.h2,electron<-charged_hadron,0.023648420753686325,-0.00011881948953289438,4.1477966587990525e-05,3.4644031303844624e-05,9.340184664728845e-05,-0.0001602974561208849,-0.000153463520836739,0.00011881948953289438,0.00019896821759333685
signed_hqql_tbl,mod.blocks.2.attn.h3,electron<-photon,0.022342792371424232,-0.00012312669733967972,2.8352408532685202e-05,-0.00046012754398972204,-0.00011477174888237972,-0.00015147910587236493,0.00033700084665004234,0.00012312669733967972,0.00019886625027586217
B_tbl_minus_hqql,mod.blocks.3.attn.h0,electron<-photon,0.016934038753189693,-0.00013236954407880037,0.0,0.0,0.0,-0.00013236954407880037,-0.00013236954407880037,0.00013236954407880037,0.00019855431611820056
B_tbl_minus_hqql,mod.cls_blocks.1.attn.h6,CLS<-photon,0.026113442483657785,-0.00013210832488370227,0.0,0.0,0.0,-0.00013210832488370227,-0.00013210832488370227,0.00013210832488370227,0.0001981624873255534
signed_hqql_tbl,mod.blocks.3.attn.h2,neutral_hadron<-electron,0.03586403854424134,8.91606279537882e-05,-0.00012766899355565187,-0.0004408302543410514,-0.00023494006735050147,0.00021682962150944008,0.0005299908822948396,8.91606279537882e-05,0.00019757543870850823
B_tbl_minus_hqql,mod.blocks.2.attn.h0,photon<-electron,0.029778728216159636,0.00013137870066601886,0.0,0.0,0.0,0.00013137870066601886,0.00013137870066601886,0.00013137870066601886,0.0001970680509990283
signed_hqql_tbl,mod.blocks.3.attn.h7,electron<-photon,0.013339871540665627,5.724501232446239e-05,-0.00022118683617528795,-0.0001841056729150196,-0.00020786339353600687,0.0002784318484997503,0.000241350685239482,5.724501232446239e-05,0.00019646093657433756
B_tbl_minus_hqql,mod.cls_blocks.1.attn.h7,charged_hadron<-electron,0.04861608799546957,0.00013083647354505956,0.0,0.0,0.0,0.00013083647354505956,0.00013083647354505956,0.00013083647354505956,0.00019625471031758934
B_tbl_minus_hqql,mod.blocks.1.attn.h5,muon<-neutral_hadron,0.01369763786594073,0.00013079705725734433,0.0,0.0,0.0,0.00013079705725734433,0.00013079705725734433,0.00013079705725734433,0.0001961955858860165
signed_hqql_tbl,mod.blocks.7.attn.h2,charged_hadron<-electron,0.041784613109801125,0.00011668440097507656,-4.2203425837215034e-05,0.0008289475309392137,-1.7746305847712966e-05,0.0001588878268122916,-0.0007122631299641372,0.00011668440097507656,0.00019612831438122234
signed_hqql_tbl,mod.blocks.2.attn.h0,charged_hadron<-muon,0.02071874588727951,-8.554624509997666e-05,-0.00030603571018824975,0.0001375204708391062,-3.0361908566377752e-05,0.0002204894650882731,-0.00022306671593908287,8.554624509997666e-05,0.00019579097764411323
signed_hqql_tbl,mod.blocks.4.attn.h6,electron<-photon,0.01556829653862046,-0.0001152069875743331,4.582389595140869e-05,6.838988477670371e-05,3.6739409816536035e-05,-0.0001610308835257418,-0.0001835968723510368,0.0001152069875743331,0.00019572242933720398
B_tbl_minus_hqql,mod.blocks.5.attn.h0,photon<-muon,0.03983124402853159,0.0001298165342842157,0.0,0.0,0.0,0.0001298165342842157,0.0001298165342842157,0.0001298165342842157,0.00019472480142632357
B_tbl_minus_hqql,mod.blocks.0.attn.h0,electron<-neutral_hadron,0.014991142135113478,-0.00012975406789337285,0.0,0.0,0.0,-0.00012975406789337285,-0.00012975406789337285,0.00012975406789337285,0.0001946311018400593
B_tbl_minus_hqql,mod.blocks.1.attn.h6,electron<-neutral_hadron,0.012640913296490908,0.00012967415732418887,0.0,0.0,0.0,0.00012967415732418887,0.00012967415732418887,0.00012967415732418887,0.0001945112359862833
B_tbl_minus_hqql,mod.blocks.2.attn.h2,electron<-charged_hadron,0.0206300451055817,-0.00012957926739308397,0.0,0.0,0.0,-0.00012957926739308397,-0.00012957926739308397,0.00012957926739308397,0.00019436890108962595
B_tbl_minus_hqql,mod.blocks.6.attn.h5,neutral_hadron<-electron,0.06884889993816615,-0.00012951672947565386,0.0,0.0,0.0,-0.00012951672947565386,-0.00012951672947565386,0.00012951672947565386,0.00019427509421348079
B_tbl_minus_hqql,mod.blocks.2.attn.h5,photon<-muon,0.026037319348408625,-0.00012950999483179586,0.0,0.0,0.0,-0.00012950999483179586,-0.00012950999483179586,0.00012950999483179586,0.0001942649922476938
signed_hqql_tbl,mod.blocks.7.attn.h0,photon<-muon,0.046167731285095215,2.5290955538646533e-05,0.00036278665692617115,0.00012288920168595558,-0.00020806511047003032,-0.0003374957013875246,-9.759824614730905e-05,2.5290955538646533e-05,0.00019403880623240882
signed_hqql_tbl,mod.blocks.5.attn.h1,charged_hadron<-muon,0.03400224149227142,3.4718308597803116e-05,0.00035332746386605626,-1.9002525569421465e-05,-7.460654798743068e-05,-0.00031860915526825314,5.372083416722458e-05,3.4718308597803116e-05,0.0001940228862319297
signed_hqql_tbl,mod.blocks.1.attn.h6,electron<-neutral_hadron,0.012640914740040898,0.000129674102026911,1.6176761619135505e-06,0.00012411661433967916,-6.214786844793707e-05,0.00012805642586499744,5.557487687231827e-06,0.000129674102026911,0.0001937023149594097
B_tbl_minus_hqql,mod.blocks.0.attn.h5,neutral_hadron<-electron,0.014584890817059205,-0.0001289177382290063,0.0,0.0,0.0,-0.0001289177382290063,-0.0001289177382290063,0.0001289177382290063,0.00019337660734350946
B_tbl_minus_hqql,mod.cls_blocks.1.attn.h7,CLS<-neutral_hadron,0.019305975390746008,-0.00012868774095454321,0.0,0.0,0.0,-0.00012868774095454321,-0.00012868774095454321,0.00012868774095454321,0.00019303161143181482
signed_hqql_tbl,mod.blocks.0.attn.h5,photon<-electron,0.01698097677492514,-4.9696809095089185e-05,0.000236643453328205,-6.627932731907382e-05,5.5851448136805135e-05,-0.0002863402624232942,1.658251822398463e-05,4.9696809095089185e-05,0.0001928669403067363
signed_hqql_tbl,mod.blocks.7.attn.h5,charged_hadron<-photon,0.025918322538144023,9.535405368708815e-05,-9.912950171309923e-05,7.792767557649367e-05,-9.191055221882399e-05,0.0001944835554001874,1.7426378110594476e-05,9.535405368708815e-05,0.00019259583138718186
signed_hqql_tbl,mod.blocks.2.attn.h4,electron<-charged_hadron,0.020119370325751926,0.0001402287156372989,3.574972040951252e-05,6.886566350717218e-05,-8.760439878743555e-05,0.00010447899522778638,7.136305213012673e-05,0.0001402287156372989,0.0001924682132511921
signed_hqql_tbl,mod.cls_blocks.1.attn.h2,charged_hadron<-neutral_hadron,0.012667057385411242,5.3857931122585234e-05,-0.00022332964269534226,9.780430060773677e-05,-8.960377028617788e-05,0.0002771875738179275,-4.3946369485151536e-05,5.3857931122585234e-05,0.000192451718031549
B_tbl_minus_hqql,mod.cls_blocks.1.attn.h7,electron<-charged_hadron,0.020017130034310476,-0.00012827218493579755,0.0,0.0,0.0,-0.00012827218493579755,-0.00012827218493579755,0.00012827218493579755,0.00019240827740369632
B_tbl_minus_hqql,mod.blocks.6.attn.h1,electron<-charged_hadron,0.035206751816946526,0.00012816186149986765,0.0,0.0,0.0,0.00012816186149986765,0.00012816186149986765,0.00012816186149986765,0.00019224279224980148
signed_hqql_tbl,mod.cls_blocks.1.attn.h6,CLS<-photon,0.025850633591104132,-0.00012756345609213454,-0.00025690676126367324,-0.000456302150216505,-0.00011925837362692211,0.0001293433051715387,0.00032873869412437047,0.00012756345609213454,0.00019223510867790388
B_tbl_minus_hqql,mod.blocks.3.attn.h0,charged_hadron<-electron,0.03461248136085013,0.00012814974078260687,0.0,0.0,0.0,0.00012814974078260687,0.00012814974078260687,0.00012814974078260687,0.00019222461117391032
B_tbl_minus_hqql,mod.blocks.5.attn.h0,muon<-photon,0.015263254825885478,0.00012777263943392498,0.0,0.0,0.0,0.00012777263943392498,0.00012777263943392498,0.00012777263943392498,0.00019165895915088747
signed_hqql_tbl,mod.blocks.0.attn.h7,muon<-electron,0.30990323424339294,0.0001276703696930781,0.0,-0.0001134664416895248,1.2773421076417435e-07,0.0001276703696930781,0.0002411368113826029,0.0001276703696930781,0.00019150555453961715
B_tbl_minus_hqql,mod.blocks.0.attn.h7,muon<-electron,0.3099033832550049,0.00012766964209731668,0.0,0.0,0.0,0.00012766964209731668,0.00012766964209731668,0.00012766964209731668,0.00019150446314597502
signed_hqql_tbl,mod.blocks.4.attn.h7,muon<-charged_hadron,0.013299515843391419,3.747520968317985e-05,-0.000269970305574437,-0.00015825432873780613,1.3212944209879759e-05,0.00030744551525761684,0.00019572953842098597,3.747520968317985e-05,0.00019119796731198826
signed_hqql_tbl,mod.cls_blocks.1.attn.h3,CLS<-charged_hadron,0.01686009635603792,-4.231655390057608e-05,0.00025539488443381654,0.001155844348515716,0.0001730707124212985,-0.00029771143833439264,-0.001198160902416292,4.231655390057608e-05,0.0001911722730677724
B_tbl_minus_hqql,mod.blocks.1.attn.h5,muon<-photon,0.013002181282410255,-0.00012743979011877225,0.0,0.0,0.0,-0.00012743979011877225,-0.00012743979011877225,0.00012743979011877225,0.00019115968517815837
B_tbl_minus_hqql,mod.blocks.2.attn.h0,electron<-neutral_hadron,0.01164961843751371,-0.0001274225829547504,0.0,0.0,0.0,-0.0001274225829547504,-0.0001274225829547504,0.0001274225829547504,0.00019113387443212557
signed_hqql_tbl,mod.cls_blocks.1.attn.h7,charged_hadron<-photon,0.028804245129437515,-7.149763927962237e-05,-0.000310649507013265,7.430049193250697e-05,-0.00018276913929215891,0.00023915186773364265,-0.00014579813121212934,7.149763927962237e-05,0.0001910735731464437
signed_hqql_tbl,mod.blocks.2.attn.h0,electron<-photon,0.01791901205007623,9.50402380378985e-05,0.00028682040699225454,-0.00022536445144334273,2.6747177947651257e-05,-0.00019178016895435605,0.00032040468948124124,9.50402380378985e-05,0.0001909303225150765
B_tbl_minus_hqql,mod.cls_blocks.0.attn.h5,neutral_hadron<-electron,0.007382640382274985,0.00012705985136562958,0.0,0.0,0.0,0.00012705985136562958,0.00012705985136562958,0.00012705985136562958,0.00019058977704844438
signed_hqql_tbl,mod.cls_blocks.1.attn.h4,muon<-muon,0.0,0.0,0.000378487806301564,-0.00024916865625831025,0.0,-0.000378487806301564,0.00024916865625831025,0.0,0.000189243903150782
B_tbl_minus_hqql,mod.blocks.2.attn.h2,neutral_hadron<-muon,0.03036520133415858,-0.00012606514307359853,0.0,0.0,0.0,-0.00012606514307359853,-0.00012606514307359853,0.00012606514307359853,0.00018909771461039782
signed_hqql_tbl,mod.blocks.1.attn.h7,muon<-charged_hadron,0.018311162292957307,-0.00010549307335168123,6.167179283996423e-05,-6.051167327878547e-05,-4.227611483359824e-05,-0.00016716486619164546,-4.498140007289576e-05,0.00010549307335168123,0.00018907550644750397
B_tbl_minus_hqql,mod.cls_blocks.1.attn.h0,neutral_hadron<-neutral_hadron,0.02719991446401064,-0.00012588987794095793,0.0,0.0,0.0,-0.00012588987794095793,-0.00012588987794095793,0.00012588987794095793,0.0001888348169114369
signed_hqql_tbl,mod.blocks.0.attn.h5,neutral_hadron<-electron,0.01458488893113099,-0.00012891770262228873,-9.100325495836614e-06,-3.345366330620436e-06,-1.2162751799598268e-05,-0.00011981737712645212,-0.0001255723362916683,0.00012891770262228873,0.0001888263911855148
signed_hqql_tbl,mod.cls_blocks.1.attn.h3,charged_hadron<-neutral_hadron,0.024551475195792215,-0.00016161051412225412,-0.00010793221500695355,-7.204994390389508e-05,0.0001939126414880674,-5.367829911530057e-05,-8.956057021835904e-05,0.00016161051412225412,0.00018844966367990442
B_tbl_minus_hqql,mod.blocks.4.attn.h2,charged_hadron<-electron,0.04372179512258457,0.00012560749461914858,0.0,0.0,0.0,0.00012560749461914858,0.00012560749461914858,0.00012560749461914858,0.00018841124192872286
signed_hqql_tbl,mod.blocks.2.attn.h2,muon<-charged_hadron,0.015942531824111938,1.0300998110324144e-05,0.0003656240024914344,7.498296828747823e-06,0.00036229957750409235,-0.0003553230043811103,2.8027012815763205e-06,1.0300998110324144e-05,0.00018796250030087927
signed_hqql_tbl,mod.cls_blocks.1.attn.h7,electron<-charged_hadron,0.0190315367210479,-0.00012529376406399977,0.0,-0.0003395149916676538,0.0,-0.00012529376406399977,0.00021422122760365406,0.00012529376406399977,0.00018794064609599967
B_tbl_minus_hqql,mod.cls_blocks.1.attn.h4,charged_hadron<-neutral_hadron,0.032455721259887875,0.0001249500510939156,0.0,0.0,0.0,0.0001249500510939156,0.0001249500510939156,0.0001249500510939156,0.0001874250766408734
signed_hqql_tbl,mod.blocks.6.attn.h2,charged_hadron<-photon,0.01720594087852299,-7.916092216577483e-05,0.00013632124996604535,-6.814159952450175e-05,8.461861970482182e-05,-0.00021548217213182019,-1.1019322641273084e-05,7.916092216577483e-05,0.00018690200823168494
B_tbl_minus_hqql,mod.blocks.0.attn.h4,muon<-neutral_hadron,0.008564628660678864,-0.00012446591669383147,0.0,0.0,0.0,-0.00012446591669383147,-0.00012446591669383147,0.00012446591669383147,0.00018669887504074723
B_tbl_minus_hqql,mod.cls_blocks.1.attn.h6,charged_hadron<-charged_hadron,0.020580977440262452,-0.00012438228119348283,0.0,0.0,0.0,-0.00012438228119348283,-0.00012438228119348283,0.00012438228119348283,0.00018657342179022427
signed_hqql_tbl,mod.blocks.7.attn.h4,neutral_hadron<-muon,0.00377666795005401,-1.0201739920982316e-06,-0.0003714742069860222,-0.00011112006214525057,7.436439204866474e-06,0.00037045403299392393,0.00011009988815315233,1.0201739920982316e-06,0.0001862471904890602
signed_hqql_tbl,mod.blocks.2.attn.h3,charged_hadron<-electron,0.024033629375955334,-2.1070261857897528e-05,0.00030889336019754407,-5.096825339170473e-05,0.00020099554529695997,-0.0003299636220554416,2.9897991533807203e-05,2.1070261857897528e-05,0.00018605207288561833
B_tbl_minus_hqql,mod.blocks.3.attn.h1,electron<-photon,0.017295951705153394,-0.00012383970720182379,0.0,0.0,0.0,-0.00012383970720182379,-0.00012383970720182379,0.00012383970720182379,0.00018575956080273568
signed_hqql_tbl,mod.cls_blocks.1.attn.h1,CLS<-photon,0.025850898254288934,-6.00012763085933e-05,0.00019049541940750433,-0.0001382925790891771,8.840060600633087e-05,-0.00025049669571609764,7.82913027805838e-05,6.00012763085933e-05,0.0001852496241666421
B_tbl_minus_hqql,mod.blocks.2.attn.h3,electron<-photon,0.022342792371424232,-0.0001231266716963657,0.0,0.0,0.0,-0.0001231266716963657,-0.0001231266716963657,0.0001231266716963657,0.00018469000754454853
signed_hqql_tbl,mod.blocks.0.attn.h7,electron<-electron,0.12311067497421391,0.00012267245604231648,-1.0440228015440312e-08,1.1654196037448452e-05,0.00021172105193537996,0.00012268289627033192,0.00011101826000486803,0.00012267245604231648,0.00018401390417748244
B_tbl_minus_hqql,mod.blocks.0.attn.h7,electron<-electron,0.12311067497721524,0.00012267289838212568,0.0,0.0,0.0,0.00012267289838212568,0.00012267289838212568,0.00012267289838212568,0.00018400934757318853
signed_hqql_tbl,mod.blocks.1.attn.h1,photon<-muon,0.03773502890880291,1.0847228203112116e-05,0.000356889132840129,0.00011234474130271171,5.620018122566829e-05,-0.0003460419046370169,-0.0001014975130995996,1.0847228203112116e-05,0.00018386818052162056
signed_hqql_tbl,mod.blocks.6.attn.h5,neutral_hadron<-electron,0.0688488956540823,-0.0001295167431635491,-2.127268442109198e-05,-0.0001859867562264602,-4.837224059883738e-05,-0.00010824405874245712,5.6470013062911084e-05,0.0001295167431635491,0.00018363877253477765
signed_hqql_tbl,mod.blocks.2.attn.h1,muon<-photon,0.01680256540958698,-0.00017174179307543315,-0.00019472380741857566,-0.00011244130225598134,0.00014317210621407462,2.298201434314251e-05,-5.9300490819451805e-05,0.00017174179307543315,0.0001832328002470044
signed_hqql_tbl,mod.cls_blocks.1.attn.h5,charged_hadron<-electron,0.009714395157061517,-7.565890518890228e-05,0.00013939442828814208,-0.0003719387168530375,-0.00028384532379277516,-0.00021505333347704436,0.0002962798116641352,7.565890518890228e-05,0.00018318557192742446
B_tbl_minus_hqql,mod.blocks.0.attn.h6,muon<-muon,0.004503984469920397,0.00012193390284664929,0.0,0.0,0.0,0.00012193390284664929,0.00012193390284664929,0.00012193390284664929,0.00018290085426997393
signed_hqql_tbl,mod.cls_blocks.1.attn.h6,charged_hadron<-charged_hadron,0.020538912942776315,-0.00012381109988778824,-0.00024194885386017765,-6.151826494524992e-05,-1.820989939389947e-05,0.00011813775397238942,-6.229283494253832e-05,0.00012381109988778824,0.00018287997687398296
signed_hqql_tbl,mod.blocks.0.attn.h4,electron<-neutral_hadron,0.028505004849284886,-1.3827267684973776e-05,-0.00035164158543921076,-0.0002243108889767124,-3.7287168465006875e-05,0.00033781431775423696,0.00021048362129173862,1.3827267684973776e-05,0.00018273442656209225
B_tbl_minus_hqql,mod.blocks.3.attn.h0,muon<-electron,0.3560318350791931,0.00012167246313765645,0.0,0.0,0.0,0.00012167246313765645,0.00012167246313765645,0.00012167246313765645,0.00018250869470648468
signed_hqql_tbl,mod.blocks.3.attn.h0,muon<-electron,0.3560316264629364,0.00012166169472038746,0.0,-0.013153975829482079,5.808547484775772e-06,0.00012166169472038746,0.013275637524202466,0.00012166169472038746,0.0001824925420805812
signed_hqql_tbl,mod.blocks.0.attn.h1,photon<-muon,0.05650019187193651,-1.586248310139546e-05,0.0003158551587078434,0.00020638671174476092,-2.8116076093822442e-05,-0.0003317176418092389,-0.00022224919484615637,1.586248310139546e-05,0.0001817213040060149
B_tbl_minus_hqql,mod.cls_blocks.1.attn.h6,electron<-electron,0.0038296090497169644,-0.00012092546535313886,0.0,0.0,0.0,-0.00012092546535313886,-0.00012092546535313886,0.00012092546535313886,0.0001813881980297083
signed_hqql_tbl,mod.blocks.5.attn.h2,muon<-charged_hadron,0.013651230931282043,0.00011686119250953197,0.00024580690854539473,-0.00021370217677783865,0.00010844626062955323,-0.00012894571603586276,0.0003305633692873706,0.00011686119250953197,0.00018133405052746335
signed_hqql_tbl,mod.blocks.1.attn.h2,charged_hadron<-electron,0.024197721934836845,-8.043683413669224e-05,-0.0002820276837640752,0.0003332926230805535,-0.0004104545280117438,0.00020159084962738296,-0.0004137294572172458,8.043683413669224e-05,0.00018123225895038373
B_tbl_minus_hqql,mod.blocks.5.attn.h5,charged_hadron<-electron,0.038181238362322685,-0.00012047248342044085,0.0,0.0,0.0,-0.00012047248342044085,-0.00012047248342044085,0.00012047248342044085,0.00018070872513066126
signed_hqql_tbl,mod.blocks.2.attn.h3,muon<-charged_hadron,0.020948509871959686,0.00016836242284625768,0.00014451506625240047,-5.5160975196109765e-05,8.468079405637192e-05,2.3847356593857216e-05,0.00022352339804236745,0.00016836242284625768,0.0001802861011431863
signed_hqql_tbl,mod.cls_blocks.1.attn.h6,electron<-electron,0.0037439128063851967,-0.000120009694228429,0.0,-1.1338731724208628e-05,0.0,-0.000120009694228429,-0.00010867096250422037,0.000120009694228429,0.0001800145413426435
B_tbl_minus_hqql,mod.cls_blocks.1.attn.h2,neutral_hadron<-photon,0.015759883477137637,0.00011985971090885309,0.0,0.0,0.0,0.00011985971090885309,0.00011985971090885309,0.00011985971090885309,0.00017978956636327962
signed_hqql_tbl,mod.blocks.6.attn.h3,charged_hadron<-muon,0.0809326171875,0.00016916872700676323,0.00014976112094397347,-8.636885884635407e-05,8.714747406086143e-05,1.9407606062789756e-05,0.0002555375858531173,0.00016916872700676323,0.00017887253003815812
signed_hqql_tbl,mod.blocks.0.attn.h6,muon<-muon,0.004503984469920397,0.00012193379370728508,8.294625331473071e-06,-7.914155696653325e-06,-1.069842531364884e-05,0.000113639168375812,0.0001298479494039384,0.00012193379370728508,0.00017875337789519108
B_tbl_minus_hqql,mod.cls_blocks.1.attn.h2,photon<-charged_hadron,0.01961398514156992,0.00011915898676306824,0.0,0.0,0.0,0.00011915898676306824,0.00011915898676306824,0.00011915898676306824,0.00017873848014460236
signed_hqql_tbl,mod.blocks.5.attn.h7,photon<-electron,0.029327483620585466,7.741037900747714e-05,-0.00012523857419312532,0.00010370470628091325,-7.651385431844657e-05,0.00020264895320060248,-2.629432727343611e-05,7.741037900747714e-05,0.00017873485560777837
B_tbl_minus_hqql,mod.blocks.5.attn.h2,electron<-charged_hadron,0.02364841961990232,-0.00011881947055213539,0.0,0.0,0.0,-0.00011881947055213539,-0.00011881947055213539,0.00011881947055213539,0.00017822920582820308
signed_hqql_tbl,mod.blocks.2.attn.h7,muon<-photon,0.020582804313072793,7.281088843368567e-05,-0.00013694841226634497,7.631935983557593e-05,1.3202756505321574e-05,0.00020975930070003064,-3.5084714018902548e-06,7.281088843368567e-05,0.000177690538783701
signed_hqql_tbl,mod.blocks.5.attn.h2,electron<-neutral_hadron,0.0064842230043723244,-0.00010725369752435654,3.348636587929832e-05,-7.193793061333054e-05,5.255010674933574e-05,-0.00014074006340365487,-3.5315766911026e-05,0.00010725369752435654,0.00017762372922618396
B_tbl_minus_hqql,mod.blocks.3.attn.h3,muon<-charged_hadron,0.01066417694091797,-0.00011785352835431695,0.0,0.0,0.0,-0.00011785352835431695,-0.00011785352835431695,0.00011785352835431695,0.00017678029253147541
B_tbl_minus_hqql,mod.blocks.7.attn.h5,electron<-photon,0.022319522481866,0.00011771191610733229,0.0,0.0,0.0,0.00011771191610733229,0.00011771191610733229,0.00011771191610733229,0.00017656787416099842
B_tbl_minus_hqql,mod.blocks.2.attn.h4,muon<-neutral_hadron,0.013452703754107157,0.00011735656880773604,0.0,0.0,0.0,0.00011735656880773604,0.00011735656880773604,0.00011735656880773604,0.00017603485321160406
signed_hqql_tbl,mod.blocks.4.attn.h1,muon<-neutral_hadron,0.027002587914466858,-7.091805067223807e-05,-0.0002810537043842487,-8.081599466286686e-05,6.496795928493763e-05,0.00021013565371201065,9.897943990628793e-06,7.091805067223807e-05,0.0001759858775282434
signed_hqql_tbl,mod.blocks.3.attn.h3,charged_hadron<-electron,0.032027268215366035,-6.0397420463192724e-05,-0.00029129915046117576,-0.0003200368722900748,0.00013061892349031513,0.00023090172999798303,0.0002596394518268821,6.0397420463192724e-05,0.00017584828546218423
signed_hqql_tbl,mod.blocks.6.attn.h4,charged_hadron<-muon,0.06193190813064575,0.00010756265837699174,-2.80564450804377e-05,0.00037697413825863525,-2.287566538291926e-05,0.00013561910345742944,-0.00026941147988164354,0.00010756265837699174,0.00017537221010570646
signed_hqql_tbl,mod.blocks.0.attn.h4,photon<-muon,0.039328235846299395,7.908731304968779e-05,-0.00011343722983908195,-4.062777072910897e-05,-1.188471085495419e-05,0.00019252454288876973,0.00011971508377879675,7.908731304968779e-05,0.00017534958449407265
B_tbl_minus_hqql,mod.blocks.5.attn.h2,muon<-charged_hadron,0.013651223480701446,0.00011686107609421015,0.0,0.0,0.0,0.00011686107609421015,0.00011686107609421015,0.00011686107609421015,0.00017529161414131522
signed_hqql_tbl,mod.cls_blocks.1.attn.h7,neutral_hadron<-electron,0.02893118467181921,0.00011677802831400186,0.0,0.0007754848920740187,-0.0004046596586704254,0.00011677802831400186,-0.0006587068637600169,0.00011677802831400186,0.0001751670424710028
signed_hqql_tbl,mod.blocks.7.attn.h5,muon<-neutral_hadron,0.001739436915765206,1.1597079719649628e-05,-0.0003154185509401941,1.7144142041639786e-05,-6.351085280205855e-06,0.00032701563065984374,-5.5470623219901585e-06,1.1597079719649628e-05,0.0001751048950495715
B_tbl_minus_hqql,mod.blocks.7.attn.h2,charged_hadron<-electron,0.04178459577910278,0.00011668438673950732,0.0,0.0,0.0,0.00011668438673950732,0.00011668438673950732,0.00011668438673950732,0.00017502658010926098
B_tbl_minus_hqql,mod.blocks.3.attn.h3,muon<-neutral_hadron,0.005678081264098485,0.00011624832404777408,0.0,0.0,0.0,0.00011624832404777408,0.00011624832404777408,0.00011624832404777408,0.00017437248607166111
signed_hqql_tbl,mod.cls_blocks.0.attn.h5,charged_hadron<-CLS,0.0006777818198315799,3.340043986099772e-05,0.0003151160789356153,0.0,0.0,-0.0002817156390746176,3.340043986099772e-05,3.340043986099772e-05,0.00017425825939830652
signed_hqql_tbl,mod.blocks.4.attn.h1,muon<-photon,0.023386599925848153,-0.00017068495687383873,-0.0001642819468263322,-4.3135084210503425e-05,0.00016779823151106635,-6.403010047506541e-06,-0.0001275498726633353,0.00017068495687383873,0.000173886461897592
B_tbl_minus_hqql,mod.blocks.1.attn.h2,muon<-photon,0.010718566867021414,0.00011571537918196275,0.0,0.0,0.0,0.00011571537918196275,0.00011571537918196275,0.00011571537918196275,0.00017357306877294413
signed_hqql_tbl,mod.blocks.3.attn.h7,charged_hadron<-muon,0.07914228439331054,3.221079532522708e-05,-0.0002497135661542416,0.00030787914573889355,0.00015004341281494316,0.00028192436147946867,-0.00027566835041366647,3.221079532522708e-05,0.00017317297606496141
signed_hqql_tbl,mod.blocks.0.attn.h3,electron<-charged_hadron,0.015876664253680603,4.2397905971207045e-05,-0.00021902221875886124,0.0002098360596949445,-0.00034126345309670324,0.0002614201247300683,-0.00016743815372373744,4.2397905971207045e-05,0.0001731079683362412
B_tbl_minus_hqql,mod.blocks.4.attn.h6,electron<-photon,0.015568299446164108,-0.00011520704635874675,0.0,0.0,0.0,-0.00011520704635874675,-0.00011520704635874675,0.00011520704635874675,0.00017281056953812014
signed_hqql_tbl,mod.blocks.1.attn.h1,photon<-electron,0.0443629167701413,2.6981999681305663e-05,0.0003174939088889265,-4.526484524033811e-05,7.559864951128309e-06,-0.00029051190920762084,7.224684492164377e-05,2.6981999681305663e-05,0.0001722379542851161
B_tbl_minus_hqql,mod.blocks.0.attn.h1,electron<-charged_hadron,0.025820795608603436,-0.00011453609528436336,0.0,0.0,0.0,-0.00011453609528436336,-0.00011453609528436336,0.00011453609528436336,0.00017180414292654504
B_tbl_minus_hqql,mod.cls_blocks.1.attn.h6,CLS<-muon,0.012510661035776138,-0.0001143595072790049,0.0,0.0,0.0,-0.0001143595072790049,-0.0001143595072790049,0.0001143595072790049,0.00017153926091850735
B_tbl_minus_hqql,mod.cls_blocks.1.attn.h6,electron<-muon,0.012510661035776138,-0.0001143595072790049,0.0,0.0,0.0,-0.0001143595072790049,-0.0001143595072790049,0.0001143595072790049,0.00017153926091850735
signed_hqql_tbl,mod.cls_blocks.1.attn.h6,electron<-muon,0.012510651722550392,-0.00011435939813964069,0.0,0.0,0.0,-0.00011435939813964069,-0.00011435939813964069,0.00011435939813964069,0.00017153909720946103
signed_hqql_tbl,mod.cls_blocks.1.attn.h6,CLS<-neutral_hadron,0.01870263690158488,-0.00010687703148245678,-0.00023576580010300068,-0.0003267393498650303,-3.87887084306803e-06,0.0001288887686205439,0.00021986231838257348,0.00010687703148245678,0.00017132141579272875
signed_hqql_tbl,mod.cls_blocks.1.attn.h7,charged_hadron<-charged_hadron,0.020337968873671997,-5.0058291936949943e-05,-0.00029254799407747825,8.801782373772111e-05,-9.340614728305651e-05,0.0002424897021405283,-0.00013807611567467107,5.0058291936949943e-05,0.0001713031430072141
B_tbl_minus_hqql,mod.blocks.7.attn.h5,muon<-photon,0.022560078364152174,0.00011404928787109944,0.0,0.0,0.0,0.00011404928787109944,0.00011404928787109944,0.00011404928787109944,0.00017107393180664917
signed_hqql_tbl,mod.blocks.6.attn.h3,muon<-charged_hadron,0.007873229682445526,-2.3230534861795604e-05,0.0002722045484309395,-0.00013489411222539715,0.0001793381860231736,-0.0002954350832927351,0.00011166357736360154,2.3230534861795604e-05,0.00017094807650816314
signed_hqql_tbl,mod.cls_blocks.1.attn.h4,electron<-neutral_hadron,0.0065443754339447385,-0.0001138883448080518,0.0,-2.699147444218397e-05,0.0,-0.0001138883448080518,-8.689687036586783e-05,0.0001138883448080518,0.00017083251721207768
signed_hqql_tbl,mod.blocks.3.attn.h3,charged_hadron<-muon,0.03638275563716888,-6.008806522004306e-05,-0.0002805768473384281,-0.00019793551503520073,0.0008976901501265108,0.00022048878211838502,0.00013784744981515767,6.008806522004306e-05,0.00017033245627923557
B_tbl_minus_hqql,mod.cls_blocks.1.attn.h2,charged_hadron<-charged_hadron,0.02812743215606763,0.00011353769572544993,0.0,0.0,0.0,0.00011353769572544993,0.00011353769572544993,0.00011353769572544993,0.00017030654358817489
signed_hqql_tbl,mod.cls_blocks.1.attn.h6,photon<-photon,0.04036164048470949,-0.00016762700263490458,-0.00016366075073226782,-0.0004348290928067978,-0.000256620002973422,-3.966251902636766e-06,0.0002672020901718932,0.00016762700263490458,0.00016961012858622297
signed_hqql_tbl,mod.blocks.0.attn.h1,muon<-muon,0.019820328801870346,0.00011279813043074682,-1.5849185430738544e-07,0.0005992817068094069,-9.641723623203073e-07,0.00011295662228505421,-0.0004864835763786601,0.00011279813043074682,0.00016927644157327393
B_tbl_minus_hqql,mod.blocks.0.attn.h1,muon<-muon,0.0198203194886446,0.00011279821046628058,0.0,0.0,0.0,0.00011279821046628058,0.00011279821046628058,0.00011279821046628058,0.00016919731569942087
B_tbl_minus_hqql,mod.cls_blocks.1.attn.h2,CLS<-photon,0.024806097088620117,0.00011277652121427755,0.0,0.0,0.0,0.00011277652121427755,0.00011277652121427755,0.00011277652121427755,0.00016916478182141633
signed_hqql_tbl,mod.cls_blocks.0.attn.h5,CLS<-CLS,0.0006491042877314612,2.9750185262855666e-05,0.00030840475074001006,0.0,0.0,-0.0002786545654771544,2.9750185262855666e-05,2.9750185262855666e-05,0.00016907746800143286
signed_hqql_tbl,mod.cls_blocks.1.attn.h2,muon<-photon,0.0,0.0,-0.00033777602948248386,9.619720423450836e-05,0.0,0.00033777602948248386,-9.619720423450836e-05,0.0,0.00016888801474124193
B_tbl_minus_hqql,mod.blocks.1.attn.h1,electron<-muon,0.002375009236857295,0.00011230474046897143,0.0,0.0,0.0,0.00011230474046897143,0.00011230474046897143,0.00011230474046897143,0.00016845711070345715
signed_hqql_tbl,mod.blocks.1.attn.h1,electron<-muon,0.0023750097025185823,0.00011230471136514097,0.0,-0.00030516082188114524,3.622768190325587e-06,0.00011230471136514097,0.0004174655332462862,0.00011230471136514097,0.00016845706704771146
signed_hqql_tbl,mod.blocks.7.attn.h3,charged_hadron<-electron,0.06512045398678469,1.629230163139848e-05,-0.0002873494817564885,2.321164546658345e-05,-4.334552856259203e-05,0.00030364178338788695,-6.91934383518497e-06,1.629230163139848e-05,0.00016811319332534196
signed_hqql_tbl,mod.blocks.0.attn.h4,muon<-neutral_hadron,0.008564628660678864,-0.0001244658196810633,-3.752595875994302e-05,-9.194729079210542e-05,-3.2899907334164404e-05,-8.693986092112027e-05,-3.251852888895787e-05,0.0001244658196810633,0.00016793575014162343
B_tbl_minus_hqql,mod.blocks.0.attn.h4,muon<-electron,0.07136669754981995,-0.00011169567005708814,0.0,0.0,0.0,-0.00011169567005708814,-0.00011169567005708814,0.00011169567005708814,0.0001675435050856322
signed_hqql_tbl,mod.blocks.0.attn.h4,muon<-electron,0.07136669009923935,-0.00011169532081112266,0.0,-0.000148687424371019,0.002493767999112606,-0.00011169532081112266,3.699210355989635e-05,0.00011169532081112266,0.00016754298121668398
signed_hqql_tbl,mod.cls_blocks.1.attn.h0,CLS<-neutral_hadron,0.03303130517255456,-6.462728283839256e-05,-0.00026834451302655055,0.00028374531553882187,7.266375959679371e-05,0.000203717230188158,-0.00034837259837721443,6.462728283839256e-05,0.00016648589793247156
signed_hqql_tbl,mod.blocks.3.attn.h7,electron<-charged_hadron,0.02455888927468787,9.793757307425435e-05,-3.8407091051340106e-05,3.434107000488908e-05,-0.00011344215750728768,0.00013634466412559446,6.359650306936526e-05,9.793757307425435e-05,0.00016610990513705158
signed_hqql_tbl,mod.blocks.2.attn.h6,electron<-charged_hadron,0.022926092957672867,7.11969864230765e-05,-0.00011722956163187822,-0.0003761986308100243,0.00028953233871746944,0.00018842654805495472,0.0004473956172331008,7.11969864230765e-05,0.00016541026045055387
B_tbl_minus_hqql,mod.blocks.2.attn.h2,electron<-neutral_hadron,0.009078960365150124,-0.00011019465273420792,0.0,0.0,0.0,-0.00011019465273420792,-0.00011019465273420792,0.00011019465273420792,0.00016529197910131188
signed_hqql_tbl,mod.cls_blocks.0.attn.h5,photon<-CLS,0.0,0.0,0.00033017623063642533,0.0,0.0,-0.00033017623063642533,0.0,0.0,0.00016508811531821266
B_tbl_minus_hqql,mod.blocks.6.attn.h6,muon<-photon,0.007906476465555338,-0.00010977440083829257,0.0,0.0,0.0,-0.00010977440083829257,-0.00010977440083829257,0.00010977440083829257,0.00016466160125743886
signed_hqql_tbl,mod.cls_blocks.1.attn.h6,CLS<-muon,0.012510651722550392,-0.00011435939813964069,-1.4696258688218222e-05,-0.000366550118997111,0.0005044814667295819,-9.966313945142247e-05,0.0002521907208574703,0.00011435939813964069,0.00016419096786535192
B_tbl_minus_hqql,mod.blocks.3.attn.h7,electron<-neutral_hadron,0.011186558194458485,0.00010934185637552218,0.0,0.0,0.0,0.00010934185637552218,0.00010934185637552218,0.00010934185637552218,0.00016401278456328327
B_tbl_minus_hqql,mod.cls_blocks.0.attn.h7,charged_hadron<-charged_hadron,0.025381419521111708,0.00010932144523860935,0.0,0.0,0.0,0.00010932144523860935,0.00010932144523860935,0.00010932144523860935,0.00016398216785791403
signed_hqql_tbl,mod.blocks.1.attn.h3,muon<-photon,0.012728152366784902,-4.580995300784707e-05,-0.0002820036338212398,-4.1418927933343434e-05,-8.828429364021523e-06,0.00023619368081339274,-4.3910250745036366e-06,4.580995300784707e-05,0.00016390679341454344
signed_hqql_tbl,mod.blocks.2.attn.h2,electron<-neutral_hadron,0.009078960673650726,-0.00011019461562682409,-2.7763770731326076e-06,-0.00020019608313267176,0.0004372460945673725,-0.00010741823855369148,9.000146750584767e-05,0.00011019461562682409,0.00016390373490366984
signed_hqql_tbl,mod.blocks.7.attn.h2,electron<-charged_hadron,0.02099304953994958,3.0337206611796358e-05,0.0002970137749798596,0.00013098186482825587,8.087016612989828e-05,-0.0002666765683680632,-0.00010064465821645951,3.0337206611796358e-05,0.00016367549079582795
B_tbl_minus_hqql,mod.cls_blocks.1.attn.h2,charged_hadron<-photon,0.02239478283076429,0.00010892175599968744,0.0,0.0,0.0,0.00010892175599968744,0.00010892175599968744,0.00010892175599968744,0.00016338263399953115
signed_hqql_tbl,mod.blocks.7.attn.h4,muon<-photon,0.01718840690759512,8.62085188810642e-05,-6.764771611555121e-05,5.437417672841217e-05,-2.7202744469697655e-05,0.00015385623499661541,3.183434215265203e-05,8.62085188810642e-05,0.00016313663637937192
B_tbl_minus_hqql,mod.cls_blocks.1.attn.h6,electron<-charged_hadron,0.02193253380911691,-0.00010829630108284099,0.0,0.0,0.0,-0.00010829630108284099,-0.00010829630108284099,0.00010829630108284099,0.00016244445162426149
signed_hqql_tbl,mod.blocks.1.attn.h5,muon<-photon,0.013002178989923917,-0.00012743974534364848,-5.8284864420644364e-05,0.00013413264850069853,-0.00011485830893636578,-6.915488092300412e-05,-0.000261572393844347,0.00012743974534364848,0.00016201718580515054
signed_hqql_tbl,mod.blocks.4.attn.h1,charged_hadron<-electron,0.05815467027866322,0.00015356920962601535,0.0001703136293993642,0.00011646745110591573,0.00023889760353557467,-1.6744419773348854e-05,3.710175852009962e-05,0.00015356920962601535,0.00016194141951268978
signed_hqql_tbl,mod.cls_blocks.1.attn.h5,CLS<-neutral_hadron,0.038327195400756506,2.835509053150576e-06,0.0003204810265390646,-0.00012303627967672322,0.0002165374403498513,-0.000317645517485914,0.0001258717887298738,2.835509053150576e-06,0.00016165826779610757
B_tbl_minus_hqql,mod.blocks.6.attn.h4,charged_hadron<-muon,0.06193192601203919,0.00010756272822618485,0.0,0.0,0.0,0.00010756272822618485,0.00010756272822618485,0.00010756272822618485,0.0001613440923392773
signed_hqql_tbl,mod.blocks.6.attn.h1,muon<-charged_hadron,0.04238968193531036,7.130505982786418e-05,-0.00010832813568413257,0.0003851220686117123,0.0005233539078308611,0.00017963319551199674,-0.0003138170087838481,7.130505982786418e-05,0.00016112165758386254
B_tbl_minus_hqql,mod.blocks.5.attn.h2,electron<-neutral_hadron,0.006484223181905691,-0.00010725376721438806,0.0,0.0,0.0,-0.00010725376721438806,-0.00010725376721438806,0.00010725376721438806,0.00016088065082158208
signed_hqql_tbl,mod.blocks.0.attn.h1,neutral_hadron<-electron,0.06975629925727844,2.463964356138604e-05,0.0002966667707369197,-0.00014771891598760098,8.665026518214932e-05,-0.00027202712717553366,0.000172358559548987,2.463964356138604e-05,0.00016065320714915286
signed_hqql_tbl,mod.blocks.1.attn.h1,muon<-neutral_hadron,0.020483877509832382,-3.9008336898405105e-05,-0.00028198593645356596,0.0001368438918832812,-0.0004256243264535442,0.00024297759955516085,-0.0001758522287816863,3.9008336898405105e-05,0.00016049713667598553
signed_hqql_tbl,mod.blocks.3.attn.h3,electron<-charged_hadron,0.02220938354730606,8.44560498713374e-05,-6.751407558719317e-05,0.00011965559960733498,-5.997591263925036e-05,0.00015197012545853058,-3.519954973599758e-05,8.44560498713374e-05,0.0001604411126006027
B_tbl_minus_hqql,mod.blocks.1.attn.h1,electron<-neutral_hadron,0.028641816414892673,0.00010695836899685674,0.0,0.0,0.0,0.00010695836899685674,0.00010695836899685674,0.00010695836899685674,0.00016043755349528512
B_tbl_minus_hqql,mod.blocks.0.attn.h5,muon<-charged_hadron,0.01161218136548996,-0.0001067527336999774,0.0,0.0,0.0,-0.0001067527336999774,-0.0001067527336999774,0.0001067527336999774,0.0001601291005499661
signed_hqql_tbl,mod.blocks.2.attn.h7,muon<-charged_hadron,0.017282532155513765,-8.310479461215437e-06,-0.00031116683967411516,-3.433908428193937e-05,3.4858489276043004e-05,0.0003028563602128997,2.6028604820723932e-05,8.310479461215437e-06,0.0001597386595676653
B_tbl_minus_hqql,mod.blocks.2.attn.h3,neutral_hadron<-electron,0.04143020287156105,-0.00010639255360729294,0.0,0.0,0.0,-0.00010639255360729294,-0.00010639255360729294,0.00010639255360729294,0.0001595888304109394
signed_hqql_tbl,mod.blocks.0.attn.h1,muon<-photon,0.015243361775691692,-0.0001468371976023683,-0.00017166527238889382,3.2020670716354454e-05,0.00011081299615196056,2.482807478652551e-05,-0.00017885786831872276,0.0001468371976023683,0.00015925123499563106
B_tbl_minus_hqql,mod.blocks.0.attn.h5,electron<-muon,0.0014743738574907184,-0.00010603149712551385,0.0,0.0,0.0,-0.00010603149712551385,-0.00010603149712551385,0.00010603149712551385,0.00015904724568827078
signed_hqql_tbl,mod.blocks.0.attn.h5,electron<-muon,0.0014743738574907184,-0.00010603146074572578,0.0,1.8017904949374497e-05,-0.0037265794817358255,-0.00010603146074572578,-0.00012404936569510028,0.00010603146074572578,0.00015904719111858867
signed_hqql_tbl,mod.cls_blocks.1.attn.h7,photon<-photon,0.03696534586580176,3.6331544642483716e-05,-0.0002088701822084643,-0.00011943836712320758,-0.00028420559671782966,0.00024520172685094804,0.00015576991176569131,3.6331544642483716e-05,0.00015893240806795774
signed_hqql_tbl,mod.blocks.0.attn.h4,muon<-charged_hadron,0.018584688007831574,7.728596683591605e-05,-8.598462833712499e-05,-1.4666550399350194e-05,2.3642005470144203e-05,0.00016327059517304103,9.195251723526624e-05,7.728596683591605e-05,0.00015892126442243655
B_tbl_minus_hqql,mod.blocks.1.attn.h5,electron<-charged_hadron,0.013690634104220764,-0.00010587821895529962,0.0,0.0,0.0,-0.00010587821895529962,-0.00010587821895529962,0.00010587821895529962,0.0001588173284329494
signed_hqql_tbl,mod.cls_blocks.1.attn.h2,neutral_hadron<-photon,0.011689442281539623,0.00010680277796032337,3.271793089383705e-06,0.0002749266705530531,-0.00013418671830246846,0.00010353098487093966,-0.00016812389259272977,0.00010680277796032337,0.0001585682703957932
B_tbl_minus_hqql,mod.blocks.1.attn.h3,muon<-neutral_hadron,0.01291265587011973,-0.0001057099337534358,0.0,0.0,0.0,-0.0001057099337534358,-0.0001057099337534358,0.0001057099337534358,0.00015856490063015372
B_tbl_minus_hqql,mod.blocks.6.attn.h7,electron<-neutral_hadron,0.01300773029215634,-0.00010567417284619296,0.0,0.0,0.0,-0.00010567417284619296,-0.00010567417284619296,0.00010567417284619296,0.00015851125926928943
signed_hqql_tbl,mod.blocks.6.attn.h6,muon<-charged_hadron,0.011083404719829559,-0.00010301151778548955,7.647834718227386e-06,-0.00024349958709128007,0.00037955352086193705,-0.00011065935250371694,0.00014048806930579052,0.00010301151778548955,0.00015834119403734803
B_tbl_minus_hqql,mod.blocks.1.attn.h7,muon<-charged_hadron,0.018311160802841186,-0.00010549301514402032,0.0,0.0,0.0,-0.00010549301514402032,-0.00010549301514402032,0.00010549301514402032,0.00015823952271603047
B_tbl_minus_hqql,mod.blocks.7.attn.h7,muon<-charged_hadron,0.015130525827407837,-0.00010541556403040886,0.0,0.0,0.0,-0.00010541556403040886,-0.00010541556403040886,0.00010541556403040886,0.0001581233460456133
signed_hqql_tbl,mod.cls_blocks.1.attn.h2,neutral_hadron<-charged_hadron,0.02077371961828591,0.00010859797222782736,1.0023438759769003e-05,0.00024990519253356805,-0.0001351103256456554,9.857453346805835e-05,-0.00014130722030574069,0.00010859797222782736,0.00015788523896185654
signed_hqql_tbl,mod.blocks.0.attn.h5,muon<-photon,0.019027750079448406,-0.00014381711550343496,-0.00017186219842047789,0.0001550550064580007,-8.821000436135498e-05,2.804508291704292e-05,-0.0002988721219614357,0.00014381711550343496,0.0001578396569619564
signed_hqql_tbl,mod.cls_blocks.1.attn.h7,charged_hadron<-electron,0.048616087064146996,0.00013083637531963177,7.707392472866559e-05,3.249058696989474e-05,-5.208688435232034e-05,5.376245059096618e-05,9.834578834973703e-05,0.00013083637531963177,0.00015771760061511486
B_tbl_minus_hqql,mod.blocks.3.attn.h4,muon<-photon,0.009735360741615295,0.00010509011693871938,0.0,0.0,0.0,0.00010509011693871938,0.00010509011693871938,0.00010509011693871938,0.00015763517540807906
B_tbl_minus_hqql,mod.cls_blocks.1.attn.h7,CLS<-electron,0.027989634429332,0.00010502003615897593,0.0,0.0,0.0,0.00010502003615897593,0.00010502003615897593,0.00010502003615897593,0.0001575300542384639
B_tbl_minus_hqql,mod.blocks.6.attn.h5,muon<-charged_hadron,0.01057729497551918,0.00010487028630450368,0.0,0.0,0.0,0.00010487028630450368,0.00010487028630450368,0.00010487028630450368,0.00015730542945675553
signed_hqql_tbl,mod.blocks.1.attn.h5,electron<-charged_hadron,0.013690635238004767,-0.00010587813543996005,-3.0680124958356224e-06,-0.0003051018732930383,6.0758820769411546e-05,-0.00010281012294412443,0.00019922373785307828,0.00010587813543996005,0.00015728319691202226
signed_hqql_tbl,mod.blocks.2.attn.h1,neutral_hadron<-electron,0.05807064948603511,9.922514936988591e-05,-1.671178029027942e-05,0.00024139273515781193,-3.207283846088959e-06,0.00011593692966016533,-0.00014216758578792602,9.922514936988591e-05,0.00015719361419996858
B_tbl_minus_hqql,mod.cls_blocks.1.attn.h5,electron<-neutral_hadron,0.022606320679187775,0.00010463617330130476,0.0,0.0,0.0,0.00010463617330130476,0.00010463617330130476,0.00010463617330130476,0.00015695425995195715
signed_hqql_tbl,mod.cls_blocks.1.attn.h1,photon<-photon,0.02811530467710997,2.776577419258262e-05,0.0002857961191724733,-1.823628669874531e-05,0.00021341161147968188,-0.0002580303449798907,4.6002060891327934e-05,2.776577419258262e-05,0.00015678094668252797
signed_hqql_tbl,mod.blocks.2.attn.h0,photon<-muon,0.02526709895867568,6.804464814754632e-05,0.00024385967005330784,0.00023368713816373864,-8.652163281415899e-05,-0.0001758150219057615,-0.0001656424900161923,6.804464814754632e-05,0.00015595215910042706
B_tbl_minus_hqql,mod.cls_blocks.1.attn.h6,CLS<-charged_hadron,0.021735749324226686,-0.00010393736205064508,0.0,0.0,0.0,-0.00010393736205064508,-0.00010393736205064508,0.00010393736205064508,0.00015590604307596763
B_tbl_minus_hqql,mod.blocks.2.attn.h2,charged_hadron<-muon,0.04212688803672791,0.00010348138166591526,0.0,0.0,0.0,0.00010348138166591526,0.00010348138166591526,0.00010348138166591526,0.0001552220724988729
B_tbl_minus_hqql,mod.blocks.3.attn.h0,charged_hadron<-neutral_hadron,0.020837240248077715,-0.00010343349602972639,0.0,0.0,0.0,-0.00010343349602972639,-0.00010343349602972639,0.00010343349602972639,0.00015515024404458958
signed_hqql_tbl,mod.blocks.0.attn.h1,muon<-charged_hadron,0.01897869408130646,-9.41424397751689e-05,2.7827002728978793e-05,1.672813106842082e-06,0.00014504321793816526,-0.00012196944250414769,-9.581525288201098e-05,9.41424397751689e-05,0.00015512716102724275
signed_hqql_tbl,mod.cls_blocks.0.attn.h5,neutral_hadron<-CLS,0.0006306337891146541,3.9867287341621704e-05,0.000269917567493394,0.0,0.0,-0.0002300502801517723,3.9867287341621704e-05,3.9867287341621704e-05,0.00015489242741750786
B_tbl_minus_hqql,mod.blocks.6.attn.h6,muon<-charged_hadron,0.011083406955003738,-0.00010301161091774702,0.0,0.0,0.0,-0.00010301161091774702,-0.00010301161091774702,0.00010301161091774702,0.00015451741637662053
signed_hqql_tbl,mod.blocks.6.attn.h2,electron<-electron,0.01517277099204648,0.0001029947673128806,-2.3358669665185516e-08,-3.617604583795576e-08,2.0207806395814803e-08,0.00010301812598254579,0.00010303094335871856,0.0001029947673128806,0.0001545038303041535
B_tbl_minus_hqql,mod.blocks.6.attn.h2,electron<-electron,0.015172756093897987,0.0001029943249737375,0.0,0.0,0.0,0.0001029943249737375,0.0001029943249737375,0.0001029943249737375,0.00015449148746060626
B_tbl_minus_hqql,mod.cls_blocks.1.attn.h6,charged_hadron<-neutral_hadron,0.02086041479146686,-0.0001029313106896709,0.0,0.0,0.0,-0.0001029313106896709,-0.0001029313106896709,0.0001029313106896709,0.00015439696603450635
B_tbl_minus_hqql,mod.blocks.2.attn.h6,electron<-neutral_hadron,0.010293445782735944,-0.00010280036417498195,0.0,0.0,0.0,-0.00010280036417498195,-0.00010280036417498195,0.00010280036417498195,0.00015420054626247293
B_tbl_minus_hqql,mod.blocks.5.attn.h5,muon<-charged_hadron,0.007673388719558716,-0.00010255593806505204,0.0,0.0,0.0,-0.00010255593806505204,-0.00010255593806505204,0.00010255593806505204,0.00015383390709757807
signed_hqql_tbl,mod.blocks.1.attn.h0,charged_hadron<-muon,0.028698831796646118,-2.2582804376725107e-05,-0.0002849051651234428,0.00020053385243076703,9.926264910787648e-05,0.0002623223607467177,-0.00022311665680749214,2.2582804376725107e-05,0.00015374398475008396
B_tbl_minus_hqql,mod.blocks.3.attn.h6,neutral_hadron<-electron,0.015664577286224814,-0.00010230486950604245,0.0,0.0,0.0,-0.00010230486950604245,-0.00010230486950604245,0.00010230486950604245,0.00015345730425906365
signed_hqql_tbl,mod.blocks.1.attn.h0,electron<-photon,0.018906719800902576,-2.43375380239563e-05,0.00023262021256544228,-0.00015963693723490793,0.00012502041645348072,-0.00025695775058939856,0.00013529939921095164,2.43375380239563e-05,0.00015281641331865557
signed_hqql_tbl,mod.blocks.6.attn.h6,muon<-photon,0.007906482769892765,-0.00010977459784883719,-2.3865717384279167e-05,0.00011034960863815451,-6.854430210768003e-05,-8.590888046455802e-05,-0.0002201242064869917,0.00010977459784883719,0.00015272903808111622
signed_hqql_tbl,mod.blocks.7.attn.h7,muon<-neutral_hadron,0.02385656287272771,9.141977837619682e-05,-3.0143358344503213e-05,-2.4299232264686574e-06,3.598961204905512e-05,0.00012156313672070003,9.384970160266548e-05,9.141977837619682e-05,0.00015220134673654684
signed_hqql_tbl,mod.cls_blocks.1.attn.h3,CLS<-photon,0.023716495828457137,-5.385011776436846e-05,0.00014206390821993808,0.0001082004710700902,0.00022555578121371913,-0.00019591402598430655,-0.00016205058883445866,5.385011776436846e-05,0.00015180713075652174
B_tbl_minus_hqql,mod.blocks.1.attn.h7,electron<-charged_hadron,0.026671188357083694,-0.00010054297466843349,0.0,0.0,0.0,-0.00010054297466843349,-0.00010054297466843349,0.00010054297466843349,0.00015081446200265023
B_tbl_minus_hqql,mod.cls_blocks.1.attn.h6,charged_hadron<-electron,0.024153853300958872,-0.00010047733121609781,0.0,0.0,0.0,-0.00010047733121609781,-0.00010047733121609781,0.00010047733121609781,0.00015071599682414671
signed_hqql_tbl,mod.blocks.1.attn.h4,neutral_hadron<-muon,0.03832770884037018,4.183215302570412e-05,-0.00017569454212207347,0.00010206956243277283,-0.000104890065510214,0.0002175266951477776,-6.0237409407068705e-05,4.183215302570412e-05,0.00015059550059959292
signed_hqql_tbl,mod.cls_blocks.1.attn.h6,CLS<-charged_hadron,0.022369413561759654,-0.00010595617541798893,-0.00019483998696730612,-0.00036856056834118876,-6.818983919259642e-05,8.888381154931719e-05,0.00026260439292319983,0.00010595617541798893,0.00015039808119264754
B_tbl_minus_hqql,mod.blocks.2.attn.h7,electron<-photon,0.018964300068413337,0.00010005653933969769,0.0,0.0,0.0,0.00010005653933969769,0.00010005653933969769,0.00010005653933969769,0.00015008480900954654
B_tbl_minus_hqql,mod.blocks.2.attn.h3,electron<-neutral_hadron,0.016670547472313047,0.00010000166635109054,0.0,0.0,0.0,0.00010000166635109054,0.00010000166635109054,0.00010000166635109054,0.0001500024995266358
B_tbl_minus_hqql,mod.blocks.7.attn.h4,muon<-charged_hadron,0.01988981068134308,9.998994646593928e-05,0.0,0.0,0.0,9.998994646593928e-05,9.998994646593928e-05,9.998994646593928e-05,0.00014998491969890891
signed_hqql_tbl,mod.cls_blocks.1.attn.h3,neutral_hadron<-charged_hadron,0.018823154594587242,-2.9271703037986722e-05,0.0002117883103589217,0.0005900858405737146,0.00010424656153190881,-0.00024106001339690842,-0.0006193575436117014,2.9271703037986722e-05,0.00014980170973644092
signed_hqql_tbl,mod.blocks.6.attn.h0,muon<-neutral_hadron,0.001597128187616666,5.433497184033816e-07,-0.0002979235106010947,-0.00018772863605638697,-6.251764390678242e-05,0.00029846686031949804,0.00018827198577479036,5.433497184033816e-07,0.0001497767798781524
signed_hqql_tbl,mod.blocks.7.attn.h4,charged_hadron<-muon,0.004058631882071495,-7.575238782919769e-08,-0.00029932724428363147,-4.489968306455106e-05,-5.9094099441961366e-05,0.00029925149189580225,4.482393067672186e-05,7.575238782919769e-08,0.00014970149833573032
signed_hqql_tbl,mod.cls_blocks.1.attn.h7,CLS<-photon,0.02634208502447729,-3.159498415402359e-05,-0.00026756820161201396,-2.887930375581022e-05,-0.0002034525685018555,0.00023597321745799036,-2.7156803982133705e-06,3.159498415402359e-05,0.00014958159288301878
signed_hqql_tbl,mod.cls_blocks.1.attn.h5,charged_hadron<-photon,0.017057302657147527,-6.64219891481941e-05,9.878861733754589e-05,-6.635362146104255e-05,-3.5215147808954425e-06,-0.00016521060648574,-6.836768715155902e-08,6.64219891481941e-05,0.0001490272923910641
signed_hqql_tbl,mod.blocks.7.attn.h5,photon<-electron,0.041432696190185664,-5.436053071185242e-05,-0.00024360541179443577,-0.00015530928358701153,-0.00026899560312317175,0.00018924488108258334,0.0001009487528751591,5.436053071185242e-05,0.00014898297125314408
B_tbl_minus_hqql,mod.blocks.2.attn.h1,neutral_hadron<-electron,0.0580706600099802,9.922516483129584e-05,0.0,0.0,0.0,9.922516483129584e-05,9.922516483129584e-05,9.922516483129584e-05,0.00014883774724694376
signed_hqql_tbl,mod.blocks.2.attn.h4,muon<-neutral_hadron,0.01345270499587059,0.00011735677253454924,5.47295330761699e-05,-0.00010754915140416032,9.509658411843702e-06,6.262723945837934e-05,0.00022490592393870957,0.00011735677253454924,0.0001486703922637389
signed_hqql_tbl,mod.blocks.3.attn.h2,charged_hadron<-electron,0.023626065732020397,7.351985787745039e-05,-7.61258928105235e-05,0.00053383510094136,-0.00028567512284401647,0.0001496457506879739,-0.0004603152430639096,7.351985787745039e-05,0.00014834273322143733
signed_hqql_tbl,mod.blocks.2.attn.h3,electron<-neutral_hadron,0.016670546494424343,0.00010000164265875356,3.394728082639631e-06,0.0014993077978336562,-0.00018405774180256927,9.660691457611393e-05,-0.0013993061551749026,0.00010000164265875356,0.00014830509994681054
signed_hqql_tbl,mod.blocks.1.attn.h6,neutral_hadron<-muon,0.008824363350868225,1.1567761248443276e-05,0.00028483985806815326,-0.0005084253252789495,1.890826022569551e-05,-0.00027327209681971,0.0005199930865273927,1.1567761248443276e-05,0.00014820380965829827
signed_hqql_tbl,mod.blocks.0.attn.h5,electron<-charged_hadron,0.00986594990219759,1.8774307176025342e-05,0.00027713618357665836,-6.1657034882134e-05,3.9125723695313485e-06,-0.00025836187640063303,8.043134205815935e-05,1.8774307176025342e-05,0.00014795524537634185
signed_hqql_tbl,mod.blocks.7.attn.h5,muon<-charged_hadron,0.006586503982543945,-5.239026722847484e-06,0.0002794668156032761,6.439004731685693e-05,0.00041307409413334704,-0.00028470584232612357,-6.962907403970441e-05,5.239026722847484e-06,0.00014759194788590928
signed_hqql_tbl,mod.blocks.7.attn.h0,charged_hadron<-electron,0.043159083341774734,7.716089242856707e-05,0.00021743652410805226,2.76984891013032e-05,-5.099821740899373e-05,-0.00014027563167948518,4.946240332726386e-05,7.716089242856707e-05,0.00014729870826830964
signed_hqql_tbl,mod.blocks.7.attn.h4,muon<-charged_hadron,0.019889819622039794,9.998995810747146e-05,5.700959203143915e-06,2.9485789428721984e-05,7.149827552541178e-06,9.428899890432754e-05,7.050416867874948e-05,9.998995810747146e-05,0.00014713445755963525
B_tbl_minus_hqql,mod.blocks.3.attn.h7,electron<-charged_hadron,0.0245588891937033,9.79375693967323e-05,0.0,0.0,0.0,9.79375693967323e-05,9.79375693967323e-05,9.79375693967323e-05,0.00014690635409509844
B_tbl_minus_hqql,mod.blocks.0.attn.h0,electron<-electron,0.014155829995809199,9.780905554563901e-05,0.0,0.0,0.0,9.780905554563901e-05,9.780905554563901e-05,9.780905554563901e-05,0.0001467135833184585
signed_hqql_tbl,mod.cls_blocks.1.attn.h7,CLS<-charged_hadron,0.020740120980133964,-3.47845130742279e-05,-0.0002584984486418722,6.133691449664605e-05,-0.00016685451149661728,0.0002237139355676443,-9.612142757087395e-05,3.47845130742279e-05,0.00014664148085805005
signed_hqql_tbl,mod.blocks.0.attn.h0,electron<-electron,0.014155829995752356,9.780896240414449e-05,1.5515604306903796e-07,3.662252967255123e-06,8.798332847466857e-08,9.765380636107545e-05,9.414670943688936e-05,9.780896240414449e-05,0.0001466358655846822
signed_hqql_tbl,mod.blocks.2.attn.h5,neutral_hadron<-electron,0.022040612995624542,-5.0881821698567366e-05,0.00014036594606636754,-2.0627931225665936e-05,1.7955234130460987e-05,-0.0001912477677649349,-3.025389047290143e-05,5.0881821698567366e-05,0.00014650570558103482
B_tbl_minus_hqql,mod.blocks.2.attn.h4,photon<-muon,0.038977714685293346,9.697624661314946e-05,0.0,0.0,0.0,9.697624661314946e-05,9.697624661314946e-05,9.697624661314946e-05,0.00014546436991972418
signed_hqql_tbl,mod.blocks.0.attn.h5,muon<-neutral_hadron,0.0055510252714157104,4.0545091906096786e-05,-0.00016854526779752632,-3.4354313606742514e-05,1.0549004552255306e-05,0.0002090903597036231,7.48994055128393e-05,4.0545091906096786e-05,0.00014509027175790834
B_tbl_minus_hqql,mod.blocks.5.attn.h6,electron<-charged_hadron,0.01730885372861572,9.672361984089746e-05,0.0,0.0,0.0,9.672361984089746e-05,9.672361984089746e-05,9.672361984089746e-05,0.00014508542976134618
B_tbl_minus_hqql,mod.blocks.6.attn.h2,muon<-muon,0.01637100800871849,9.666186815593392e-05,0.0,0.0,0.0,9.666186815593392e-05,9.666186815593392e-05,9.666186815593392e-05,0.00014499280223390087
signed_hqql_tbl,mod.blocks.1.attn.h7,electron<-charged_hadron,0.026671188357083694,-0.00010054294398287311,-1.1906121702243885e-05,-6.129484954139879e-05,2.6446011529683516e-05,-8.863682228062923e-05,-3.924809444147432e-05,0.00010054294398287311,0.00014486135512318773
signed_hqql_tbl,mod.blocks.5.attn.h1,photon<-electron,0.04086306545792556,8.611307608899973e-05,0.00020354412013797889,7.375281990652471e-05,-3.366504666204988e-05,-0.00011743104404897915,1.2360256182475024e-05,8.611307608899973e-05,0.0001448285981134893
B_tbl_minus_hqql,mod.blocks.4.attn.h2,electron<-charged_hadron,0.030206485216141395,9.65399720608611e-05,0.0,0.0,0.0,9.65399720608611e-05,9.65399720608611e-05,9.65399720608611e-05,0.00014480995809129166
signed_hqql_tbl,mod.blocks.6.attn.h2,muon<-muon,0.016370952129364014,9.666163532529026e-05,4.3856539377884474e-07,8.260650830038685e-08,-2.948789491104738e-07,9.622306993151142e-05,9.657902881698988e-05,9.666163532529026e-05,0.00014477317029104597
B_tbl_minus_hqql,mod.cls_blocks.1.attn.h7,photon<-neutral_hadron,0.021048335183877498,9.649048826076978e-05,0.0,0.0,0.0,9.649048826076978e-05,9.649048826076978e-05,9.649048826076978e-05,0.00014473573239115467
signed_hqql_tbl,mod.blocks.4.attn.h3,muon<-neutral_hadron,0.0032301501681407294,4.5001492253504694e-05,0.0002443929188302718,4.091980401043609e-05,3.2297608337709484e-05,-0.00019939142657676712,4.0816882430686055e-06,4.5001492253504694e-05,0.00014469720554188825
signed_hqql_tbl,mod.blocks.1.attn.h3,photon<-muon,0.009032715971653279,2.6620696119677563e-05,-0.00020936624003717533,-8.19605235433714e-05,3.802927191524456e-05,0.0002359869361568529,0.00010858121966304896,2.6620696119677563e-05,0.000144614164198104
signed_hqql_tbl,mod.blocks.5.attn.h4,photon<-muon,0.09621084653414212,4.158766331294408e-05,-0.00016435266185838444,0.00016750003772110424,-3.4834311076405424e-05,0.00020594032517132853,-0.00012591237440816015,4.158766331294408e-05,0.00014455782589860834
B_tbl_minus_hqql,mod.blocks.6.attn.h5,photon<-electron,0.08815916136997502,-9.63179528054486e-05,0.0,0.0,0.0,-9.63179528054486e-05,-9.63179528054486e-05,9.63179528054486e-05,0.0001444769292081729
signed_hqql_tbl,mod.blocks.1.attn.h6,muon<-muon,0.001802077516913414,9.584108192939311e-05,-1.0932984082501207e-06,1.2965801415631971e-06,-1.8679784403730082e-05,9.693438033764323e-05,9.454450178782991e-05,9.584108192939311e-05,0.00014430827209821473
B_tbl_minus_hqql,mod.blocks.5.attn.h6,muon<-charged_hadron,0.016855208575725554,-9.584707440808415e-05,0.0,0.0,0.0,-9.584707440808415e-05,-9.584707440808415e-05,9.584707440808415e-05,0.00014377061161212622
B_tbl_minus_hqql,mod.blocks.1.attn.h6,muon<-muon,0.0018020769348368049,9.584103827364743e-05,0.0,0.0,0.0,9.584103827364743e-05,9.584103827364743e-05,9.584103827364743e-05,0.00014376155741047114
B_tbl_minus_hqql,mod.cls_blocks.1.attn.h6,CLS<-neutral_hadron,0.019675723143986294,-9.543392990876565e-05,0.0,0.0,0.0,-9.543392990876565e-05,-9.543392990876565e-05,9.543392990876565e-05,0.00014315089486314846
B_tbl_minus_hqql,mod.blocks.7.attn.h5,charged_hadron<-photon,0.02591832294977831,9.535404725530241e-05,0.0,0.0,0.0,9.535404725530241e-05,9.535404725530241e-05,9.535404725530241e-05,0.00014303107088295362
B_tbl_minus_hqql,mod.blocks.2.attn.h0,electron<-photon,0.017919011504911795,9.504032889863749e-05,0.0,0.0,0.0,9.504032889863749e-05,9.504032889863749e-05,9.504032889863749e-05,0.00014256049334795623
signed_hqql_tbl,mod.blocks.7.attn.h7,charged_hadron<-muon,0.08508769273757935,7.954409811645746e-05,-4.5934028457850216e-05,8.245111068766886e-05,3.9679576804367254e-05,0.00012547812657430767,-2.907012571211397e-06,7.954409811645746e-05,0.00014228316140361128
B_tbl_minus_hqql,mod.cls_blocks.1.attn.h3,neutral_hadron<-neutral_hadron,0.026116877221144162,-9.477196055321166e-05,0.0,0.0,0.0,-9.477196055321166e-05,-9.477196055321166e-05,9.477196055321166e-05,0.0001421579408298175
signed_hqql_tbl,mod.blocks.4.attn.h7,electron<-neutral_hadron,0.01784848067909479,7.368709266302176e-05,-6.302690826487378e-05,-0.00015686512718578646,5.72672562317594e-05,0.00013671400092789553,0.00023055221984880824,7.368709266302176e-05,0.00014204409312696954
signed_hqql_tbl,mod.blocks.1.attn.h4,charged_hadron<-muon,0.04361008107662201,8.526775054633618e-05,-2.7574109844863413e-05,-3.209702212941544e-05,-4.275467921504561e-05,0.00011284186039119958,0.00011736477267575162,8.526775054633618e-05,0.00014168868074193597
B_tbl_minus_hqql,mod.blocks.0.attn.h1,muon<-charged_hadron,0.01897869408130646,-9.414225351065398e-05,0.0,0.0,0.0,-9.414225351065398e-05,-9.414225351065398e-05,9.414225351065398e-05,0.00014121338026598098
signed_hqql_tbl,mod.blocks.5.attn.h1,muon<-charged_hadron,0.016795608401298522,-6.812078063376248e-05,7.753761747153476e-05,-5.5443493103415804e-05,3.8496918301573216e-05,-0.00014565839810529724,-1.267728753034668e-05,6.812078063376248e-05,0.00014094997968641112
B_tbl_minus_hqql,mod.blocks.3.attn.h4,muon<-muon,0.004688925575464964,9.38038865569979e-05,0.0,0.0,0.0,9.38038865569979e-05,9.38038865569979e-05,9.38038865569979e-05,0.00014070582983549684
B_tbl_minus_hqql,mod.blocks.5.attn.h1,charged_hadron<-electron,0.042276232624831406,9.356106752618317e-05,0.0,0.0,0.0,9.356106752618317e-05,9.356106752618317e-05,9.356106752618317e-05,0.00014034160128927476
signed_hqql_tbl,mod.cls_blocks.1.attn.h6,neutral_hadron<-photon,0.017624311492993282,1.461834360200625e-06,0.0002791980196806517,-0.0004891326340536276,-0.0001094410758620749,-0.0002777361853204511,0.0004905944684138282,1.461834360200625e-06,0.00014032992702042618
B_tbl_minus_hqql,mod.blocks.1.attn.h0,electron<-neutral_hadron,0.012401100108399987,-9.341435215901584e-05,0.0,0.0,0.0,-9.341435215901584e-05,-9.341435215901584e-05,9.341435215901584e-05,0.00014012152823852377
B_tbl_minus_hqql,mod.blocks.4.attn.h2,muon<-neutral_hadron,0.006724826370676358,9.332583673919241e-05,0.0,0.0,0.0,9.332583673919241e-05,9.332583673919241e-05,9.332583673919241e-05,0.0001399887551087886
signed_hqql_tbl,mod.blocks.3.attn.h0,electron<-muon,0.4031570255756378,-9.322402183897793e-05,0.0,0.0017067273147404194,0.0001228758628712967,-9.322402183897793e-05,-0.0017999513365793973,9.322402183897793e-05,0.0001398360327584669
B_tbl_minus_hqql,mod.blocks.3.attn.h0,electron<-muon,0.40315717458724976,-9.321983088739216e-05,0.0,0.0,0.0,-9.321983088739216e-05,-9.321983088739216e-05,9.321983088739216e-05,0.00013982974633108824
signed_hqql_tbl,mod.blocks.0.attn.h7,electron<-photon,0.015748652652269456,-3.431847236664375e-05,0.00017586513422429562,-0.00012835333473049104,-4.001137038523501e-05,-0.00021018360659093936,9.40348623638473e-05,3.431847236664375e-05,0.00013941027566211344
B_tbl_minus_hqql,mod.blocks.2.attn.h6,charged_hadron<-electron,0.017867901969863022,9.27856431783015e-05,0.0,0.0,0.0,9.27856431783015e-05,9.27856431783015e-05,9.27856431783015e-05,0.00013917846476745225
B_tbl_minus_hqql,mod.cls_blocks.1.attn.h0,neutral_hadron<-photon,0.020272483275486874,9.27685652501308e-05,0.0,0.0,0.0,9.27685652501308e-05,9.27685652501308e-05,9.27685652501308e-05,0.0001391528478751962
B_tbl_minus_hqql,mod.blocks.1.attn.h3,charged_hadron<-electron,0.013374669355866701,9.26823321724837e-05,0.0,0.0,0.0,9.26823321724837e-05,9.26823321724837e-05,9.26823321724837e-05,0.00013902349825872554
signed_hqql_tbl,mod.blocks.6.attn.h0,muon<-photon,0.015612245752261234,6.308548080806549e-05,-8.799480901171382e-05,-0.0001635955794799057,2.937257145445242e-05,0.0001510802898197793,0.00022668106028797118,6.308548080806549e-05,0.00013862562571795515
B_tbl_minus_hqql,mod.blocks.3.attn.h5,electron<-photon,0.02053704403522538,9.233645687345415e-05,0.0,0.0,0.0,9.233645687345415e-05,9.233645687345415e-05,9.233645687345415e-05,0.00013850468531018123
signed_hqql_tbl,mod.blocks.0.attn.h1,photon<-electron,0.05077141477930837,5.421154709460452e-05,0.0002224918537519573,-9.708291147707974e-05,3.1764755575832996e-05,-0.00016828030665735276,0.00015129445857168427,5.421154709460452e-05,0.0001383517004232809
signed_hqql_tbl,mod.blocks.3.attn.h0,neutral_hadron<-muon,0.017238731185595196,6.222834053914994e-05,-8.920891104935436e-05,5.582568083857615e-05,-5.8151040623973436e-05,0.0001514372515885043,6.402659700573788e-06,6.222834053914994e-05,0.0001379469663334021
signed_hqql_tbl,mod.cls_blocks.1.attn.h3,CLS<-neutral_hadron,0.017464645609675606,-9.063318578224454e-05,-0.0001848312247542224,0.001589008343979605,0.00017099969813529783,9.419803897197785e-05,-0.0016796415297618496,9.063318578224454e-05,0.00013773220526823346
signed_hqql_tbl,mod.blocks.2.attn.h1,electron<-charged_hadron,0.025166743313488754,-5.496015538760137e-05,0.00011041068840616693,1.1645023140215104e-05,5.3135064835832624e-05,-0.0001653708437937683,-6.660517852781648e-05,5.496015538760137e-05,0.00013764557728448553
B_tbl_minus_hqql,mod.cls_blocks.1.attn.h3,photon<-neutral_hadron,0.02144207525998354,-9.156819578493014e-05,0.0,0.0,0.0,-9.156819578493014e-05,-9.156819578493014e-05,9.156819578493014e-05,0.0001373522936773952
signed_hqql_tbl,mod.blocks.3.attn.h6,muon<-muon,0.0012836994137614965,9.14461343199946e-05,-8.7845589469282e-08,1.9457516842180667e-07,-1.1569117859266953e-06,9.153397990946388e-05,9.125155915157279e-05,9.14461343199946e-05,0.00013721312427472654
signed_hqql_tbl,mod.blocks.1.attn.h2,muon<-photon,0.010718568013264583,0.00011571554932743311,7.273969374811993e-05,0.000223026458512653,-0.0001541847143218749,4.297585557931318e-05,-0.0001073109091852199,0.00011571554932743311,0.0001372034771170897
B_tbl_minus_hqql,mod.blocks.3.attn.h6,muon<-muon,0.0012836992973461747,9.144614159595221e-05,0.0,0.0,0.0,9.144614159595221e-05,9.144614159595221e-05,9.144614159595221e-05,0.00013716921239392832
B_tbl_minus_hqql,mod.blocks.7.attn.h7,muon<-neutral_hadron,0.023856565356254578,9.141988509024183e-05,0.0,0.0,0.0,9.141988509024183e-05,9.141988509024183e-05,9.141988509024183e-05,0.00013712982763536274
signed_hqql_tbl,mod.blocks.6.attn.h3,muon<-neutral_hadron,0.0019700401462614536,1.2215553094089652e-05,0.0002618473517941311,-0.000260902182114813,1.0430679481032712e-05,-0.00024963179870004143,0.0002731177352089027,1.2215553094089652e-05,0.00013703145244411036
B_tbl_minus_hqql,mod.blocks.0.attn.h5,photon<-muon,0.022243997225394614,9.098036501270074e-05,0.0,0.0,0.0,9.098036501270074e-05,9.098036501270074e-05,9.098036501270074e-05,0.00013647054751905112
signed_hqql_tbl,mod.cls_blocks.1.attn.h6,photon<-charged_hadron,0.02234272692691196,-8.070010649548335e-05,-0.00019219989723116094,-0.0005861653892983062,-0.00015659519914447902,0.00011149979073567759,0.0005054652828028228,8.070010649548335e-05,0.00013645000186332214
B_tbl_minus_hqql,mod.blocks.5.attn.h1,muon<-photon,0.01898353948042943,-9.07375942915678e-05,0.0,0.0,0.0,-9.07375942915678e-05,-9.07375942915678e-05,9.07375942915678e-05,0.0001361063914373517
signed_hqql_tbl,mod.blocks.1.attn.h0,electron<-neutral_hadron,0.012401100364513695,-9.341442091681529e-05,-8.033862286538351e-06,-2.1386523030741955e-05,-3.396012685056228e-05,-8.538055863027694e-05,-7.202789788607333e-05,9.341442091681529e-05,0.00013610470023195376
B_tbl_minus_hqql,mod.cls_blocks.0.attn.h1,charged_hadron<-neutral_hadron,0.031654571279369555,-9.07234759230552e-05,0.0,0.0,0.0,-9.07234759230552e-05,-9.07234759230552e-05,9.07234759230552e-05,0.0001360852138845828
signed_hqql_tbl,mod.cls_blocks.1.attn.h7,CLS<-neutral_hadron,0.017942069527057427,-0.00012685603298219606,-0.00014333293731925227,6.48050210570329e-05,-0.0001352640917419907,1.6476904337056218e-05,-0.00019166105403922896,0.00012685603298219606,0.00013509448515072416
signed_hqql_tbl,mod.blocks.7.attn.h1,charged_hadron<-muon,0.02631588876247406,3.249861183576286e-05,0.00023726677366842826,-3.3802180430562844e-05,3.4017208310281286e-05,-0.0002047681618326654,6.63007922663257e-05,3.249861183576286e-05,0.00013488269275209556
signed_hqql_tbl,mod.blocks.1.attn.h6,muon<-neutral_hadron,0.00507145623366038,-4.12847778837507e-05,0.00014547121429586696,0.00016855710016802492,-0.0006605480719675446,-0.00018675599217961766,-0.00020984187805177563,4.12847778837507e-05,0.00013466277397355952
signed_hqql_tbl,mod.blocks.5.attn.h5,charged_hadron<-photon,0.019813556615160315,6.55628052264843e-05,-7.159896920632699e-05,6.830566668822565e-05,-6.340077124937415e-05,0.0001371617744328113,-2.7428614617413464e-06,6.55628052264843e-05,0.00013414369244288995
signed_hqql_tbl,mod.blocks.4.attn.h3,electron<-charged_hadron,0.021133457674928333,5.916663797941747e-05,-9.069954665998618e-05,-3.23644996951184e-05,-1.6803361278208386e-06,0.00014986618463940367,9.153113767453586e-05,5.916663797941747e-05,0.0001340997302991193
signed_hqql_tbl,mod.blocks.2.attn.h5,electron<-electron,0.004886305269610603,8.9175920766138e-05,-8.470266910087787e-08,3.175888751785452e-06,-9.753983514807866e-06,8.926062343523888e-05,8.600003201435256e-05,8.9175920766138e-05,0.00013380623248375744
B_tbl_minus_hqql,mod.blocks.2.attn.h5,electron<-electron,0.0048863074036489705,8.91758981623525e-05,0.0,0.0,0.0,8.91758981623525e-05,8.91758981623525e-05,8.91758981623525e-05,0.00013376384724352877
B_tbl_minus_hqql,mod.blocks.3.attn.h2,neutral_hadron<-electron,0.03586404527304694,8.916070160012169e-05,0.0,0.0,0.0,8.916070160012169e-05,8.916070160012169e-05,8.916070160012169e-05,0.00013374105240018255
B_tbl_minus_hqql,mod.blocks.6.attn.h2,charged_hadron<-muon,0.011949247121810913,8.915252983570099e-05,0.0,0.0,0.0,8.915252983570099e-05,8.915252983570099e-05,8.915252983570099e-05,0.0001337287947535515
signed_hqql_tbl,mod.blocks.3.attn.h0,charged_hadron<-photon,0.015169970814694357,-5.423302117584644e-05,0.0001042484392823876,-1.1418378111187247e-05,9.151885573070369e-05,-0.00015848146045823404,-4.281464306465919e-05,5.423302117584644e-05,0.00013347375140496345
signed_hqql_tbl,mod.cls_blocks.1.attn.h3,photon<-neutral_hadron,0.02144207712262869,-9.15681775950361e-05,-0.00017377555377606768,-2.4065309509368443e-06,0.00015322293191794806,8.220737618103158e-05,-8.916164664409927e-05,9.15681775950361e-05,0.0001326718656855519
B_tbl_minus_hqql,mod.blocks.7.attn.h5,charged_hadron<-electron,0.035054854076841606,-8.833569731707584e-05,0.0,0.0,0.0,-8.833569731707584e-05,-8.833569731707584e-05,8.833569731707584e-05,0.00013250354597561375
signed_hqql_tbl,mod.cls_blocks.1.attn.h7,muon<-photon,0.0,0.0,-0.0002647591754794121,-5.779811852754882e-05,0.0,0.0002647591754794121,5.779811852754882e-05,0.0,0.00013237958773970604
B_tbl_minus_hqql,mod.blocks.7.attn.h0,muon<-photon,0.013175998742763814,8.822107114470922e-05,0.0,0.0,0.0,8.822107114470922e-05,8.822107114470922e-05,8.822107114470922e-05,0.00013233160671706381
B_tbl_minus_hqql,mod.blocks.5.attn.h0,muon<-neutral_hadron,0.003734143450856209,-8.798811662321289e-05,0.0,0.0,0.0,-8.798811662321289e-05,-8.798811662321289e-05,8.798811662321289e-05,0.00013198217493481934
B_tbl_minus_hqql,mod.cls_blocks.1.attn.h1,charged_hadron<-charged_hadron,0.017608802144726116,-8.793835205814012e-05,0.0,0.0,0.0,-8.793835205814012e-05,-8.793835205814012e-05,8.793835205814012e-05,0.0001319075280872102
signed_hqql_tbl,mod.blocks.3.attn.h7,muon<-muon,0.0021261954680085182,-8.789983985479921e-05,4.8711712885562974e-08,-6.0899223463428684e-05,1.4516985391566095e-09,-8.794855156768477e-05,-2.7000616391370527e-05,8.789983985479921e-05,0.0001318741156386416
B_tbl_minus_hqql,mod.blocks.3.attn.h7,muon<-muon,0.002126191509887576,-8.789964340394363e-05,0.0,0.0,0.0,-8.789964340394363e-05,-8.789964340394363e-05,8.789964340394363e-05,0.00013184946510591544
signed_hqql_tbl,mod.blocks.1.attn.h0,electron<-charged_hadron,0.0196056191040122,-7.104282722929898e-05,5.051349444935719e-05,-0.00011281474313187984,-5.480729655742093e-05,-0.00012155632167865616,4.177191590258086e-05,7.104282722929898e-05,0.00013182098806862707
B_tbl_minus_hqql,mod.blocks.1.attn.h5,photon<-muon,0.026258010130662184,-8.781473689640944e-05,0.0,0.0,0.0,-8.781473689640944e-05,-8.781473689640944e-05,8.781473689640944e-05,0.00013172210534461416
signed_hqql_tbl,mod.blocks.1.attn.h3,neutral_hadron<-muon,0.017347777883211773,8.635782554241208e-06,-0.00023745187354506925,-6.656089738642454e-05,7.74616152436162e-06,0.00024608765609931044,7.519667994066575e-05,8.635782554241208e-06,0.00013167961060389644
B_tbl_minus_hqql,mod.cls_blocks.1.attn.h0,CLS<-neutral_hadron,0.03506141036216702,-8.765409315206593e-05,0.0,0.0,0.0,-8.765409315206593e-05,-8.765409315206593e-05,8.765409315206593e-05,0.0001314811397280989
signed_hqql_tbl,mod.blocks.3.attn.h0,charged_hadron<-electron,0.03461248006509698,0.00012814986732100016,0.00013457120939468345,7.977795246387682e-05,1.4071704720629863e-06,-6.421342073683288e-06,4.837191485712334e-05,0.00012814986732100016,0.0001313605383578418
signed_hqql_tbl,mod.blocks.5.attn.h3,photon<-electron,0.0262725136992408,-7.964601687357261e-05,2.239166542494786e-05,-2.7208808068567186e-05,-9.32878506070913e-05,-0.00010203768229852047,-5.2437208805005424e-05,7.964601687357261e-05,0.00013066485802283286
signed_hqql_tbl,mod.blocks.3.attn.h2,photon<-electron,0.051872755514412394,-3.173128349838563e-05,-0.00022781303219484732,0.0004036348856896264,-0.0006777799914495765,0.00019608174869646167,-0.00043536616918801204,3.173128349838563e-05,0.00012977215784661648
signed_hqql_tbl,mod.blocks.5.attn.h0,electron<-neutral_hadron,0.008107081335037947,7.25702770978387e-05,-4.163088445352514e-05,8.821453415445527e-06,-1.2440465712536346e-05,0.00011420116155136384,6.374882368239317e-05,7.25702770978387e-05,0.00012967085787352062
signed_hqql_tbl,mod.blocks.0.attn.h6,charged_hadron<-muon,0.03113173842430115,2.167609054595232e-05,-0.00019420928632219632,-0.0002409342411455923,-8.894492544195786e-05,0.00021588537686814864,0.00026261033169154465,2.167609054595232e-05,0.00012961877898002663
signed_hqql_tbl,mod.blocks.2.attn.h2,charged_hadron<-electron,0.026068840904728226,1.7949729859221566e-05,0.0002410035766661167,0.0002921053185878742,4.120991501689854e-05,-0.00022305384680689513,-0.00027415558872865263,1.7949729859221566e-05,0.00012947665326266914
signed_hqql_tbl,mod.cls_blocks.1.attn.h7,photon<-charged_hadron,0.025641678070480175,-1.5308436228555035e-05,-0.0002433802684918939,1.3994693290442228e-05,-0.00031232375213988573,0.00022807183226333889,-2.9303129518997263e-05,1.5308436228555035e-05,0.00012934435236022448
B_tbl_minus_hqql,mod.blocks.7.attn.h4,muon<-photon,0.01718840805383829,8.62085367911137e-05,0.0,0.0,0.0,8.62085367911137e-05,8.62085367911137e-05,8.62085367911137e-05,0.00012931280518667056
B_tbl_minus_hqql,mod.blocks.7.attn.h2,muon<-charged_hadron,0.008708712458610535,-8.618360152468085e-05,0.0,0.0,0.0,-8.618360152468085e-05,-8.618360152468085e-05,8.618360152468085e-05,0.00012927540228702128
B_tbl_minus_hqql,mod.blocks.5.attn.h1,photon<-electron,0.040863069092355125,8.611310022388352e-05,0.0,0.0,0.0,8.611310022388352e-05,8.611310022388352e-05,8.611310022388352e-05,0.00012916965033582528
B_tbl_minus_hqql,mod.cls_blocks.1.attn.h2,CLS<-charged_hadron,0.02174074562128717,8.603361347806079e-05,0.0,0.0,0.0,8.603361347806079e-05,8.603361347806079e-05,8.603361347806079e-05,0.00012905042021709118
B_tbl_minus_hqql,mod.blocks.7.attn.h6,charged_hadron<-electron,0.012002421704971272,-8.579295583489431e-05,0.0,0.0,0.0,-8.579295583489431e-05,-8.579295583489431e-05,8.579295583489431e-05,0.00012868943375234147
B_tbl_minus_hqql,mod.blocks.3.attn.h0,muon<-muon,0.004374906420707703,8.574216917622834e-05,0.0,0.0,0.0,8.574216917622834e-05,8.574216917622834e-05,8.574216917622834e-05,0.00012861325376434252
signed_hqql_tbl,mod.blocks.3.attn.h0,muon<-muon,0.004374912474304438,8.574217645218596e-05,2.4484702265681335e-07,-6.304381425792371e-08,3.376444771182226e-07,8.549732942952915e-05,8.580522026644389e-05,8.574217645218596e-05,0.00012849084116695053
signed_hqql_tbl,mod.cls_blocks.1.attn.h5,muon<-neutral_hadron,0.0,0.0,0.00025689422618597747,-0.0003511051117028627,0.0,-0.00025689422618597747,0.0003511051117028627,0.0,0.00012844711309298873
B_tbl_minus_hqql,mod.blocks.2.attn.h0,charged_hadron<-muon,0.02071874886751175,-8.554629748687148e-05,0.0,0.0,0.0,-8.554629748687148e-05,-8.554629748687148e-05,8.554629748687148e-05,0.0001283194462303072
signed_hqql_tbl,mod.blocks.0.attn.h2,electron<-charged_hadron,0.016860551605729954,6.020876120917661e-06,-0.00023854674208754052,1.4719938213426259e-07,3.0065149379273255e-05,0.00024456761820845817,5.873676738783398e-06,6.020876120917661e-06,0.00012830468522514673
signed_hqql_tbl,mod.blocks.2.attn.h0,electron<-neutral_hadron,0.01164962014881894,-0.00012742268918373157,-0.00012611868243084245,-0.00031847214813751634,0.00021386436556520706,-1.304006752889114e-06,0.00019104945895378477,0.00012742268918373157,0.00012807469256017614
B_tbl_minus_hqql,mod.blocks.1.attn.h4,charged_hadron<-muon,0.04361007809638977,8.526770398020744e-05,0.0,0.0,0.0,8.526770398020744e-05,8.526770398020744e-05,8.526770398020744e-05,0.00012790155597031116
signed_hqql_tbl,mod.cls_blocks.1.attn.h4,charged_hadron<-CLS,0.0008277411106973886,1.1863427971547935e-05,-0.00021978750189196225,0.0,0.0,0.00023165092986351019,1.1863427971547935e-05,1.1863427971547935e-05,0.00012768889290330304
B_tbl_minus_hqql,mod.blocks.3.attn.h3,photon<-muon,0.018680008558126595,8.509635853652771e-05,0.0,0.0,0.0,8.509635853652771e-05,8.509635853652771e-05,8.509635853652771e-05,0.00012764453780479156
signed_hqql_tbl,mod.blocks.0.attn.h2,electron<-photon,0.02276321673175184,-5.296993256750994e-05,9.617749414506502e-05,-0.00010757833202560878,0.00010199234185909683,-0.00014914742671257497,5.4608399458098845e-05,5.296993256750994e-05,0.00012754364592379742
B_tbl_minus_hqql,mod.blocks.2.attn.h5,neutral_hadron<-muon,0.0321230540672938,8.501281263306737e-05,0.0,0.0,0.0,8.501281263306737e-05,8.501281263306737e-05,8.501281263306737e-05,0.00012751921894960105
signed_hqql_tbl,mod.blocks.3.attn.h0,electron<-charged_hadron,0.020059855249912842,4.57013685144889e-05,0.0002093046399143835,-0.00018033497035503389,0.00014061296921378622,-0.0001636032713998946,0.0002260363388695228,4.57013685144889e-05,0.0001275030042144362
B_tbl_minus_hqql,mod.cls_blocks.1.attn.h2,neutral_hadron<-charged_hadron,0.013477002149042875,8.497406404627407e-05,0.0,0.0,0.0,8.497406404627407e-05,8.497406404627407e-05,8.497406404627407e-05,0.0001274610960694111
B_tbl_minus_hqql,mod.blocks.3.attn.h3,electron<-charged_hadron,0.022209382737460343,8.445595243677457e-05,0.0,0.0,0.0,8.445595243677457e-05,8.445595243677457e-05,8.445595243677457e-05,0.00012668392865516185
B_tbl_minus_hqql,mod.blocks.3.attn.h6,electron<-charged_hadron,0.019845263141652813,8.417626873858313e-05,0.0,0.0,0.0,8.417626873858313e-05,8.417626873858313e-05,8.417626873858313e-05,0.0001262644031078747
B_tbl_minus_hqql,mod.blocks.6.attn.h5,charged_hadron<-muon,0.127713143825531,-8.405183325521648e-05,0.0,0.0,0.0,-8.405183325521648e-05,-8.405183325521648e-05,8.405183325521648e-05,0.00012607774988282472
B_tbl_minus_hqql,mod.blocks.0.attn.h4,neutral_hadron<-electron,0.03579303668811917,8.375401346256694e-05,0.0,0.0,0.0,8.375401346256694e-05,8.375401346256694e-05,8.375401346256694e-05,0.0001256310201938504
signed_hqql_tbl,mod.blocks.1.attn.h1,charged_hadron<-muon,0.034488508105278017,-3.237093915231526e-05,0.00015352074212084214,3.603494501319425e-05,-2.9478402694269103e-05,-0.0001858916812731574,-6.84058841655095e-05,3.237093915231526e-05,0.00012531677978889396
signed_hqql_tbl,mod.blocks.3.attn.h1,electron<-photon,0.017295951523431916,-0.00012383970396313533,-0.00012675698131455908,-2.5363191675190647e-05,-0.00024119232019240207,2.9172773514237415e-06,-9.847651228794469e-05,0.00012383970396313533,0.0001252983426388472
B_tbl_minus_hqql,mod.blocks.4.attn.h1,charged_hadron<-muon,0.041749289631843566,-8.347474504262209e-05,0.0,0.0,0.0,-8.347474504262209e-05,-8.347474504262209e-05,8.347474504262209e-05,0.00012521211756393312
B_tbl_minus_hqql,mod.blocks.4.attn.h4,muon<-charged_hadron,0.016155296564102174,-8.346078102476895e-05,0.0,0.0,0.0,-8.346078102476895e-05,-8.346078102476895e-05,8.346078102476895e-05,0.00012519117153715343
signed_hqql_tbl,mod.blocks.1.attn.h7,muon<-photon,0.016148195816920355,7.11384301002209e-05,-3.6894489312544465e-05,3.929373058120043e-05,0.00021194117100633406,0.00010803291941276536,3.184469951902047e-05,7.11384301002209e-05,0.00012515488980660358
signed_hqql_tbl,mod.cls_blocks.1.attn.h5,neutral_hadron<-charged_hadron,0.02790528708609982,-5.420238754806527e-06,0.00023295947661002478,0.00040379213544750406,-8.754850481636823e-05,-0.0002383797153648313,-0.0004092123742023106,5.420238754806527e-06,0.00012461009643722218
B_tbl_minus_hqql,mod.cls_blocks.1.attn.h5,charged_hadron<-charged_hadron,0.027792633726046637,-8.297475347390924e-05,0.0,0.0,0.0,-8.297475347390924e-05,-8.297475347390924e-05,8.297475347390924e-05,0.00012446213021086386
signed_hqql_tbl,mod.blocks.4.attn.h1,photon<-electron,0.030694218852171083,4.1038084662698275e-05,-0.00012509648149716668,5.8107943243145474e-05,-6.765370063393758e-05,0.00016613456615986494,-1.70698585804472e-05,4.1038084662698275e-05,0.00012410536774263073
signed_hqql_tbl,mod.blocks.7.attn.h7,muon<-charged_hadron,0.015130524337291718,-0.00010541557567194104,-0.00014213086687959732,7.461509837945602e-05,-0.00013885773021647023,3.671529120765627e-05,-0.00018003067405139708,0.00010541557567194104,0.00012377322127576917
B_tbl_minus_hqql,mod.cls_blocks.1.attn.h5,photon<-neutral_hadron,0.06772946659475565,-8.249796519521624e-05,0.0,0.0,0.0,-8.249796519521624e-05,-8.249796519521624e-05,8.249796519521624e-05,0.00012374694779282436
signed_hqql_tbl,mod.blocks.1.attn.h0,charged_hadron<-electron,0.03962277523849322,6.832692989796077e-05,-4.2164323385804895e-05,0.00010528060384169822,7.933818226404212e-05,0.00011049125328376566,-3.6953673943737456e-05,6.832692989796077e-05,0.0001235725565398436
signed_hqql_tbl,mod.blocks.5.attn.h7,charged_hadron<-muon,0.12145107984542847,-8.107001194730401e-05,3.633454131583373e-06,0.00038124146100519034,-0.0004457751507585754,-8.470346607888738e-05,-0.00046231147295249436,8.107001194730401e-05,0.0001234217449867477
B_tbl_minus_hqql,mod.blocks.4.attn.h6,muon<-photon,0.019491697733218852,-8.222961332648993e-05,0.0,0.0,0.0,-8.222961332648993e-05,-8.222961332648993e-05,8.222961332648993e-05,0.0001233444199897349
signed_hqql_tbl,mod.blocks.5.attn.h4,neutral_hadron<-electron,0.18006668649613858,7.919678280359222e-05,-9.03264844964724e-06,8.987085448097787e-05,-2.9969578476726275e-05,8.822943125323946e-05,-1.0674071677385652e-05,7.919678280359222e-05,0.00012331149843021195
signed_hqql_tbl,mod.cls_blocks.1.attn.h3,CLS<-CLS,0.0015170683782343986,2.872415591070876e-05,-0.00015997647636423196,0.0,0.0,0.00018870063227494072,2.872415591070876e-05,2.872415591070876e-05,0.00012307447204817912
B_tbl_minus_hqql,mod.blocks.2.attn.h2,muon<-neutral_hadron,0.0037799750765164695,-8.201213010276358e-05,0.0,0.0,0.0,-8.201213010276358e-05,-8.201213010276358e-05,8.201213010276358e-05,0.00012301819515414536
signed_hqql_tbl,mod.blocks.3.attn.h3,photon<-photon,0.022720368524527114,-5.4169055779604184e-05,8.299611533321528e-05,-3.562878199485713e-05,3.3330691752358955e-05,-0.00013716517111281946,-1.8540273784747053e-05,5.4169055779604184e-05,0.0001227516413360139
signed_hqql_tbl,mod.blocks.3.attn.h5,charged_hadron<-muon,0.04703294634819031,5.8379664551466703e-05,0.00018686237550961474,5.7765419578886236e-05,0.0002015398040755975,-0.00012848271095814803,6.142449725804675e-07,5.8379664551466703e-05,0.0001226210200305407
signed_hqql_tbl,mod.blocks.2.attn.h1,neutral_hadron<-muon,0.016212483247121174,1.8718700933580596e-05,-0.0001878590419437387,4.3427218291694057e-05,2.9553820392417645e-05,0.0002065777428773193,-2.470851735811346e-05,1.8718700933580596e-05,0.00012200757237224025
signed_hqql_tbl,mod.blocks.6.attn.h7,electron<-neutral_hadron,0.013007731316611171,-0.00010567420122242766,-0.0001377041508021648,0.00014716754035741056,-6.614858343442286e-05,3.202994957973715e-05,-0.0002528417415798382,0.00010567420122242766,0.00012168917601229623
B_tbl_minus_hqql,mod.blocks.5.attn.h7,charged_hadron<-muon,0.12145109176635742,-8.10700177680701e-05,0.0,0.0,0.0,-8.10700177680701e-05,-8.10700177680701e-05,8.10700177680701e-05,0.00012160502665210516
signed_hqql_tbl,mod.blocks.0.attn.h0,neutral_hadron<-electron,0.017129920411389322,-3.532197497406742e-05,0.00013625642441184027,-8.560377712759267e-06,5.82237263348789e-06,-0.00017157839938590768,-2.676159726130815e-05,3.532197497406742e-05,0.00012111117466702126
B_tbl_minus_hqql,mod.cls_blocks.1.attn.h6,photon<-charged_hadron,0.02234272760423747,-8.070013890656728e-05,0.0,0.0,0.0,-8.070013890656728e-05,-8.070013890656728e-05,8.070013890656728e-05,0.00012105020835985091
B_tbl_minus_hqql,mod.blocks.1.attn.h5,neutral_hadron<-muon,0.02651035040616989,-8.061940995200227e-05,0.0,0.0,0.0,-8.061940995200227e-05,-8.061940995200227e-05,8.061940995200227e-05,0.0001209291149280034
B_tbl_minus_hqql,mod.cls_blocks.0.attn.h7,neutral_hadron<-photon,0.01796696369464581,8.044020774272772e-05,0.0,0.0,0.0,8.044020774272772e-05,8.044020774272772e-05,8.044020774272772e-05,0.00012066031161409157
B_tbl_minus_hqql,mod.blocks.1.attn.h2,charged_hadron<-electron,0.02419772452634314,-8.043688728281742e-05,0.0,0.0,0.0,-8.043688728281742e-05,-8.043688728281742e-05,8.043688728281742e-05,0.00012065533092422613
signed_hqql_tbl,mod.blocks.5.attn.h1,charged_hadron<-electron,0.042276228413633675,9.356100710410037e-05,3.9472665327290695e-05,-4.335525614630071e-06,1.3149623690104042e-05,5.4088341776809675e-05,9.789653271873044e-05,9.356100710410037e-05,0.0001206051779925052
B_tbl_minus_hqql,mod.cls_blocks.1.attn.h3,CLS<-neutral_hadron,0.033257773297962215,-8.036487016155776e-05,0.0,0.0,0.0,-8.036487016155776e-05,-8.036487016155776e-05,8.036487016155776e-05,0.00012054730524233665
signed_hqql_tbl,mod.blocks.7.attn.h4,muon<-neutral_hadron,0.006022293741504352,5.688705035330107e-05,-7.001016308549879e-05,6.096260292571586e-05,5.958410838502459e-06,0.00012689721343879987,-4.07555257241479e-06,5.688705035330107e-05,0.000120335657072701
B_tbl_minus_hqql,mod.blocks.5.attn.h0,photon<-electron,0.04508538996210185,8.004741837838792e-05,0.0,0.0,0.0,8.004741837838792e-05,8.004741837838792e-05,8.004741837838792e-05,0.00012007112756758189
B_tbl_minus_hqql,mod.blocks.3.attn.h4,electron<-neutral_hadron,0.024550589732825756,7.988483775989152e-05,0.0,0.0,0.0,7.988483775989152e-05,7.988483775989152e-05,7.988483775989152e-05,0.00011982725663983729
B_tbl_minus_hqql,mod.blocks.5.attn.h5,charged_hadron<-muon,0.1306837558746338,7.982294773682952e-05,0.0,0.0,0.0,7.982294773682952e-05,7.982294773682952e-05,7.982294773682952e-05,0.00011973442160524429
B_tbl_minus_hqql,mod.blocks.5.attn.h3,photon<-electron,0.026272512427190454,-7.964600374135643e-05,0.0,0.0,0.0,-7.964600374135643e-05,-7.964600374135643e-05,7.964600374135643e-05,0.00011946900561203464
signed_hqql_tbl,mod.blocks.1.attn.h4,neutral_hadron<-electron,0.036453231051564214,3.0731182027921024e-05,0.00020801964546990348,0.00019918511655229545,-1.94152829970014e-06,-0.00017728846344198246,-0.00016845393452437444,3.0731182027921024e-05,0.00011937541374891226
B_tbl_minus_hqql,mod.blocks.7.attn.h7,charged_hadron<-muon,0.08508769273757935,7.954414468258619e-05,0.0,0.0,0.0,7.954414468258619e-05,7.954414468258619e-05,7.954414468258619e-05,0.00011931621702387929
B_tbl_minus_hqql,mod.blocks.7.attn.h6,muon<-photon,0.01580990392428178,7.935100270865056e-05,0.0,0.0,0.0,7.935100270865056e-05,7.935100270865056e-05,7.935100270865056e-05,0.00011902650406297584
signed_hqql_tbl,mod.cls_blocks.1.attn.h6,electron<-charged_hadron,0.02571135333606175,-7.934674864546174e-05,0.0,-0.0005160436599648424,0.0,-7.934674864546174e-05,0.00043669691131938067,7.934674864546174e-05,0.0001190201229681926
signed_hqql_tbl,mod.cls_blocks.1.attn.h6,neutral_hadron<-electron,0.00743038859218359,7.930464926175773e-05,0.0,3.9416980143869296e-05,-0.0009807044407352805,7.930464926175773e-05,3.9887669117888436e-05,7.930464926175773e-05,0.0001189569738926366
signed_hqql_tbl,mod.cls_blocks.1.attn.h5,charged_hadron<-neutral_hadron,0.03917987374909993,2.361295678540422e-05,0.00021411993261341087,0.0001836767979137435,0.00025118794033510817,-0.00019050697582800665,-0.0001600638411283393,2.361295678540422e-05,0.00011886644469940754
B_tbl_minus_hqql,mod.blocks.5.attn.h4,neutral_hadron<-electron,0.18006671257317067,7.91967823943196e-05,0.0,0.0,0.0,7.91967823943196e-05,7.91967823943196e-05,7.91967823943196e-05,0.0001187951735914794
B_tbl_minus_hqql,mod.blocks.6.attn.h2,charged_hadron<-photon,0.017205940919686417,-7.916092216577483e-05,0.0,0.0,0.0,-7.916092216577483e-05,-7.916092216577483e-05,7.916092216577483e-05,0.00011874138324866225
B_tbl_minus_hqql,mod.blocks.0.attn.h4,photon<-muon,0.039328231261326715,7.908730409466304e-05,0.0,0.0,0.0,7.908730409466304e-05,7.908730409466304e-05,7.908730409466304e-05,0.00011863095614199455
B_tbl_minus_hqql,mod.cls_blocks.1.attn.h6,neutral_hadron<-electron,0.01543925516307354,7.902308789198287e-05,0.0,0.0,0.0,7.902308789198287e-05,7.902308789198287e-05,7.902308789198287e-05,0.0001185346318379743
signed_hqql_tbl,mod.blocks.5.attn.h3,charged_hadron<-electron,0.017389928253934435,-6.334199900700933e-05,4.6390995460872846e-05,1.6413085188926948e-05,6.814340209799681e-06,-0.00010973299446788217,-7.975508419593629e-05,6.334199900700933e-05,0.00011820849624095042
signed_hqql_tbl,mod.blocks.5.attn.h1,electron<-charged_hadron,0.02440835697495419,-1.393898855894804e-05,0.00019378676622485122,-3.1270439391054456e-05,1.0521198014935686e-05,-0.00020772575478379926,1.7331450832106416e-05,1.393898855894804e-05,0.00011780186595084767
B_tbl_minus_hqql,mod.cls_blocks.1.attn.h4,CLS<-charged_hadron,0.024994545810858918,7.837509322414396e-05,0.0,0.0,0.0,7.837509322414396e-05,7.837509322414396e-05,7.837509322414396e-05,0.00011756263983621595
signed_hqql_tbl,mod.blocks.2.attn.h6,charged_hadron<-neutral_hadron,0.023424726621858006,5.755276353829971e-05,-6.240634599004176e-05,3.633671461427788e-05,-3.443777833851261e-05,0.00011995910952834147,2.121604892402183e-05,5.755276353829971e-05,0.00011753231830247045
signed_hqql_tbl,mod.cls_blocks.1.attn.h0,charged_hadron<-CLS,0.0017932815244421363,4.328866907599149e-06,-0.00022170044346915397,0.0,0.0,0.00022602931037675312,4.328866907599149e-06,4.328866907599149e-06,0.00011734352209597571
signed_hqql_tbl,mod.blocks.3.attn.h3,electron<-photon,0.018897724406021398,-4.860611567515085e-05,-0.0001850780245149508,-0.000112182298062803,-4.5540959531949326e-05,0.00013647190883979996,6.357618238765216e-05,4.860611567515085e-05,0.00011684207009505083
signed_hqql_tbl,mod.blocks.6.attn.h6,photon<-muon,0.07803142070770264,-5.7611368202532714e-05,-0.0001756486890371889,0.00028174682044085456,-0.0001465150152971209,0.00011803732083465617,-0.00033935818864338726,5.7611368202532714e-05,0.0001166300286198608
signed_hqql_tbl,mod.cls_blocks.1.attn.h7,neutral_hadron<-photon,0.022489946622114915,4.071716505747575e-05,-0.00011106233366511084,0.00014620164281451236,-0.00015453156859924396,0.00015177949872258658,-0.0001054844777570366,4.071716505747575e-05,0.00011660691441876903
signed_hqql_tbl,mod.blocks.3.attn.h7,photon<-electron,0.05576198979667047,1.6033390149858882e-05,0.00021645893866661936,-2.0159976622679792e-05,9.804307595583271e-05,-0.00020042554851676047,3.6193366772538675e-05,1.6033390149858882e-05,0.00011624616440823912
signed_hqql_tbl,mod.cls_blocks.1.attn.h4,muon<-photon,0.0,0.0,0.00023246502969413995,-5.992372573998112e-05,0.0,-0.00023246502969413995,5.992372573998112e-05,0.0,0.00011623251484706997
signed_hqql_tbl,mod.blocks.1.attn.h7,photon<-electron,0.030726482773699413,1.8108248252424456e-06,0.00023059707434315766,-4.857846883393518e-05,8.519915202420882e-05,-0.00022878624951791523,5.0389293659177624e-05,1.8108248252424456e-06,0.00011620394958420006
B_tbl_minus_hqql,mod.blocks.5.attn.h7,photon<-electron,0.02932748589210394,7.741041578655557e-05,0.0,0.0,0.0,7.741041578655557e-05,7.741041578655557e-05,7.741041578655557e-05,0.00011611562367983336
B_tbl_minus_hqql,mod.blocks.0.attn.h4,muon<-charged_hadron,0.01858468949794769,7.72858562413603e-05,0.0,0.0,0.0,7.72858562413603e-05,7.72858562413603e-05,7.72858562413603e-05,0.00011592878436204045
B_tbl_minus_hqql,mod.cls_blocks.1.attn.h4,CLS<-photon,0.02007440186289355,7.723851153984744e-05,0.0,0.0,0.0,7.723851153984744e-05,7.723851153984744e-05,7.723851153984744e-05,0.00011585776730977115
signed_hqql_tbl,mod.cls_blocks.1.attn.h1,CLS<-charged_hadron,0.02179804343694276,5.211790566373065e-05,-7.520516257075403e-05,-0.00030249399281353194,0.00020747789396879858,0.00012732306823448467,0.0003546118984772626,5.211790566373065e-05,0.000115779439780973
B_tbl_minus_hqql,mod.blocks.7.attn.h0,charged_hadron<-electron,0.043159086257219315,7.716092161148401e-05,0.0,0.0,0.0,7.716092161148401e-05,7.716092161148401e-05,7.716092161148401e-05,0.00011574138241722602
signed_hqql_tbl,mod.blocks.4.attn.h4,muon<-photon,0.019375934050633356,3.3609443702376804e-05,-0.0001300636392373305,-3.095461923459714e-05,1.720228249690047e-06,0.0001636730829397073,6.456406293697394e-05,3.3609443702376804e-05,0.00011544598517223046
B_tbl_minus_hqql,mod.cls_blocks.1.attn.h3,neutral_hadron<-photon,0.019025454154381387,-7.686145120085432e-05,0.0,0.0,0.0,-7.686145120085432e-05,-7.686145120085432e-05,7.686145120085432e-05,0.00011529217680128148
signed_hqql_tbl,mod.blocks.0.attn.h1,charged_hadron<-electron,0.048700574623501816,7.679214563129632e-05,0.0001537433258878688,-9.314335822578399e-06,2.3573821332926553e-05,-7.695118025657247e-05,8.610648145387473e-05,7.679214563129632e-05,0.00011526773575958255
B_tbl_minus_hqql,mod.blocks.0.attn.h1,charged_hadron<-electron,0.048700575271378395,7.679215227456197e-05,0.0,0.0,0.0,7.679215227456197e-05,7.679215227456197e-05,7.679215227456197e-05,0.00011518822841184296
signed_hqql_tbl,mod.cls_blocks.1.attn.h6,charged_hadron<-electron,0.024153849575668573,-0.00010047733485407662,-0.00012937643623445183,1.0751099277210111e-05,-0.0007481524535251083,2.8899101380375214e-05,-0.00011122843413128673,0.00010047733485407662,0.00011492688554426422
B_tbl_minus_hqql,mod.blocks.0.attn.h2,electron<-electron,0.006940985242656694,7.660273062081447e-05,0.0,0.0,0.0,7.660273062081447e-05,7.660273062081447e-05,7.660273062081447e-05,0.0001149040959312217
signed_hqql_tbl,mod.blocks.0.attn.h2,electron<-electron,0.006940985242656694,7.660276554875417e-05,1.0439019759722612e-08,3.3633900523947585e-07,4.2759346285947686e-08,7.659232652899445e-05,7.626642654351469e-05,7.660276554875417e-05,0.0001148989288132514
signed_hqql_tbl,mod.blocks.5.attn.h6,photon<-muon,0.015153745046028724,-2.6130533884637632e-05,-0.000203607815470045,-4.2029583908680996e-05,-2.068062386334296e-05,0.00017747728158540736,1.5899050024043364e-05,2.6130533884637632e-05,0.0001148691746773413
B_tbl_minus_hqql,mod.cls_blocks.1.attn.h4,CLS<-neutral_hadron,0.03326077929269227,-7.654977589337496e-05,0.0,0.0,0.0,-7.654977589337496e-05,-7.654977589337496e-05,7.654977589337496e-05,0.00011482466384006243
B_tbl_minus_hqql,mod.blocks.0.attn.h2,muon<-neutral_hadron,0.0032074454550941787,7.640396264226486e-05,0.0,0.0,0.0,7.640396264226486e-05,7.640396264226486e-05,7.640396264226486e-05,0.0001146059439633973
signed_hqql_tbl,mod.blocks.5.attn.h5,charged_hadron<-charged_hadron,0.02818671757896823,-4.880376209371225e-05,8.181809188883859e-05,1.4578114509843546e-05,4.8228945922480033e-05,-0.00013062185398255083,-6.33818766035558e-05,4.880376209371225e-05,0.00011411468908498766
signed_hqql_tbl,mod.blocks.1.attn.h4,muon<-neutral_hadron,0.020368301620086033,-4.734294877077142e-05,8.574171079089865e-05,-0.00023328915612134886,0.00022511219140142202,-0.00013308465956167007,0.00018594620735057745,4.734294877077142e-05,0.00011388527855160646
signed_hqql_tbl,mod.cls_blocks.1.attn.h0,neutral_hadron<-photon,0.01587113841221883,3.8526737346098976e-05,0.00018910830840468407,-0.00010671947886436886,-0.00018023661298987765,-0.00015058157105858508,0.00014524621621046785,3.8526737346098976e-05,0.00011381752287539151
B_tbl_minus_hqql,mod.blocks.1.attn.h2,electron<-photon,0.01898393598271579,-7.578572215762262e-05,0.0,0.0,0.0,-7.578572215762262e-05,-7.578572215762262e-05,7.578572215762262e-05,0.00011367858323643393
signed_hqql_tbl,mod.blocks.4.attn.h5,neutral_hadron<-electron,0.07803299385122955,7.397910588053946e-05,-5.35156346082033e-06,-0.00019557042801920943,-0.00036593419270716636,7.933066934135979e-05,0.0002695495338997489,7.397910588053946e-05,0.00011364444055121935
B_tbl_minus_hqql,mod.blocks.2.attn.h4,muon<-photon,0.008914977312088013,-7.573568906921607e-05,0.0,0.0,0.0,-7.573568906921607e-05,-7.573568906921607e-05,7.573568906921607e-05,0.0001136035336038241
B_tbl_minus_hqql,mod.cls_blocks.1.attn.h5,charged_hadron<-electron,0.009714396903291345,-7.565891974081751e-05,0.0,0.0,0.0,-7.565891974081751e-05,-7.565891974081751e-05,7.565891974081751e-05,0.00011348837961122626
signed_hqql_tbl,mod.blocks.0.attn.h7,electron<-neutral_hadron,0.015788478404283525,-1.3411738564172992e-05,0.00018653062579687685,-0.00010785832129537691,7.345849607030258e-05,-0.00019994236436104984,9.444658273120392e-05,1.3411738564172992e-05,0.00011338292074469791
B_tbl_minus_hqql,mod.blocks.4.attn.h1,electron<-neutral_hadron,0.018767607118934392,7.555013069122651e-05,0.0,0.0,0.0,7.555013069122651e-05,7.555013069122651e-05,7.555013069122651e-05,0.00011332519603683976
signed_hqql_tbl,mod.blocks.3.attn.h4,muon<-muon,0.00468892976641655,9.38039884204045e-05,5.5261782563320594e-05,-0.000175693396886345,9.23554622810722e-05,3.85422058570839e-05,0.0002694973853067495,9.38039884204045e-05,0.00011307509134894644
B_tbl_minus_hqql,mod.blocks.6.attn.h4,charged_hadron<-electron,0.046866301933060524,7.53798993410664e-05,0.0,0.0,0.0,7.53798993410664e-05,7.53798993410664e-05,7.53798993410664e-05,0.00011306984901159961
signed_hqql_tbl,mod.blocks.6.attn.h1,electron<-neutral_hadron,0.011588552175089717,3.293811560070026e-05,-0.00012653179726385133,9.075131487653228e-05,-3.988829388724887e-05,0.00015946991286455158,-5.781319927583202e-05,3.293811560070026e-05,0.00011267307203297606
signed_hqql_tbl,mod.blocks.3.attn.h1,neutral_hadron<-muon,0.01569470887382825,-2.028946255450137e-08,-0.00022501179591927212,1.7797595723167386e-05,-3.875149559462443e-06,0.00022499150645671762,-1.7817885185721887e-05,2.028946255450137e-08,0.00011251604269091331
signed_hqql_tbl,mod.blocks.5.attn.h0,electron<-photon,0.016647915151424525,6.723599653923884e-05,-2.3295452722647626e-05,8.184967198957727e-05,-2.9459881426935847e-06,9.053144926188646e-05,-1.4613675450338433e-05,6.723599653923884e-05,0.00011250172117018207
signed_hqql_tbl,mod.blocks.6.attn.h1,charged_hadron<-electron,0.06534014674632446,-3.390467139505073e-05,0.00012276748816172282,0.0002805954709108318,0.00022736988116607622,-0.00015667215955677356,-0.0003145001423058825,3.390467139505073e-05,0.00011224075117343751
signed_hqql_tbl,mod.blocks.0.attn.h0,charged_hadron<-electron,0.03667378053069115,1.2050333363889797e-05,-0.00018733881103495756,6.361903262234503e-05,0.00011490419274196029,0.00019938914439884736,-5.156869925845523e-05,1.2050333363889797e-05,0.00011174490556331347
signed_hqql_tbl,mod.cls_blocks.1.attn.h1,electron<-photon,0.020380208438093014,7.439303391782397e-05,0.0,-0.00021310274411613742,0.0,7.439303391782397e-05,0.0002874957780339614,7.439303391782397e-05,0.00011158955087673596
signed_hqql_tbl,mod.blocks.4.attn.h1,muon<-charged_hadron,0.006651315838098526,-5.520126433111727e-06,0.00020643034173796574,-0.00018846712974381858,0.0001859458410466204,-0.00021195046817107746,0.00018294700331070686,5.520126433111727e-06,0.00011149536051865046
B_tbl_minus_hqql,mod.blocks.4.attn.h5,neutral_hadron<-electron,0.07803300530649722,7.397922102256871e-05,0.0,0.0,0.0,7.397922102256871e-05,7.397922102256871e-05,7.397922102256871e-05,0.00011096883153385307
B_tbl_minus_hqql,mod.blocks.4.attn.h7,electron<-neutral_hadron,0.017848479747772216,7.368712249444798e-05,0.0,0.0,0.0,7.368712249444798e-05,7.368712249444798e-05,7.368712249444798e-05,0.00011053068374167196
signed_hqql_tbl,mod.blocks.5.attn.h0,charged_hadron<-muon,0.04126142561435699,6.785628502257169e-05,-1.749193324940279e-05,-0.00030162228017459336,3.659099486551951e-05,8.534821827197448e-05,0.000369478565197165,6.785628502257169e-05,0.00011053039415855893
B_tbl_minus_hqql,mod.blocks.3.attn.h2,charged_hadron<-electron,0.023626066582358402,7.351983968755636e-05,0.0,0.0,0.0,7.351983968755636e-05,7.351983968755636e-05,7.351983968755636e-05,0.00011027975953133453
signed_hqql_tbl,mod.cls_blocks.1.attn.h5,electron<-electron,0.00803920223552268,7.349104180320865e-05,0.0,-3.2109450387451943e-07,0.0,7.349104180320865e-05,7.381213630708316e-05,7.349104180320865e-05,0.00011023656270481297
signed_hqql_tbl,mod.cls_blocks.1.attn.h7,muon<-charged_hadron,0.0,0.0,-0.00022002415392886508,-9.071696788454667e-05,0.0,0.00022002415392886508,9.071696788454667e-05,0.0,0.00011001207696443254
signed_hqql_tbl,mod.blocks.0.attn.h3,electron<-photon,0.019619719829501177,3.205028805518296e-05,0.00018776812482558723,-0.00033742008405444147,0.00045460083056241273,-0.00015571783677040426,0.0003694703721096244,3.205028805518296e-05,0.00010990920644038509
signed_hqql_tbl,mod.blocks.1.attn.h4,photon<-muon,0.023806306032034066,4.46506399804583e-05,0.00017513228634085792,6.516829175366597e-07,3.565963359303876e-05,-0.0001304816463603996,4.399895706292164e-05,4.46506399804583e-05,0.00010989146316065811
signed_hqql_tbl,mod.cls_blocks.1.attn.h1,CLS<-CLS,0.008756905421250849,-4.762505557209806e-05,7.662003535990891e-05,0.0,0.0,-0.00012424509093200697,-4.762505557209806e-05,4.762505557209806e-05,0.00010974760103810155
signed_hqql_tbl,mod.blocks.0.attn.h0,muon<-neutral_hadron,0.0035507784535487494,-4.470330895856023e-05,-0.00017474852120358264,-0.0004982112987866122,0.0002411367095191963,0.0001300452122450224,0.000453507989828052,4.470330895856023e-05,0.00010972591508107143
B_tbl_minus_hqql,mod.blocks.2.attn.h7,muon<-photon,0.02058280660555913,7.28111660394531e-05,0.0,0.0,0.0,7.28111660394531e-05,7.28111660394531e-05,7.28111660394531e-05,0.00010921674905917965
B_tbl_minus_hqql,mod.blocks.5.attn.h0,electron<-neutral_hadron,0.008107084361836315,7.257029010361293e-05,0.0,0.0,0.0,7.257029010361293e-05,7.257029010361293e-05,7.257029010361293e-05,0.00010885543515541939
signed_hqql_tbl,mod.blocks.0.attn.h2,muon<-neutral_hadron,0.0032074454550941787,7.640401114864896e-05,1.1532421922311187e-05,-8.704121328743273e-05,9.017448724080168e-05,6.487158922633778e-05,0.0001634452244360817,7.640401114864896e-05,0.00010883980576181784
B_tbl_minus_hqql,mod.blocks.2.attn.h2,photon<-electron,0.036159391810254356,-7.253800708340572e-05,0.0,0.0,0.0,-7.253800708340572e-05,-7.253800708340572e-05,7.253800708340572e-05,0.00010880701062510858
B_tbl_minus_hqql,mod.blocks.1.attn.h0,muon<-charged_hadron,0.0069985978305339815,7.20788782928139e-05,0.0,0.0,0.0,7.20788782928139e-05,7.20788782928139e-05,7.20788782928139e-05,0.00010811831743922083
signed_hqql_tbl,mod.blocks.3.attn.h5,electron<-photon,0.02053704603416164,9.233645944665867e-05,6.09745157557232e-05,0.00012331773895349303,-2.596343295987357e-05,3.1361943690935474e-05,-3.098127950683435e-05,9.233645944665867e-05,0.00010801743129212641
signed_hqql_tbl,mod.blocks.0.attn.h3,muon<-charged_hadron,0.018178747594356538,-2.3274534032680095e-05,-0.00019266755552962422,-4.9321283987755405e-06,-9.657092254646883e-05,0.0001693930214969441,-1.8342405633904553e-05,2.3274534032680095e-05,0.00010797104478115215
B_tbl_minus_hqql,mod.blocks.2.attn.h5,charged_hadron<-muon,0.037194240093231204,7.197469822131097e-05,0.0,0.0,0.0,7.197469822131097e-05,7.197469822131097e-05,7.197469822131097e-05,0.00010796204733196645
signed_hqql_tbl,mod.cls_blocks.1.attn.h4,CLS<-neutral_hadron,0.01876747201655119,3.027542051212448e-05,0.0001847098592993608,0.0006878169525797213,0.00038269101299659734,-0.00015443443878723631,-0.0006575415320675969,3.027542051212448e-05,0.00010749263990574265
signed_hqql_tbl,mod.blocks.1.attn.h7,neutral_hadron<-electron,0.035138866491615774,2.9600517700600902e-05,0.0001853759104051278,-2.8040495635650586e-05,-2.2171287663000196e-05,-0.0001557753927045269,5.764101333625149e-05,2.9600517700600902e-05,0.00010748821405286434
B_tbl_minus_hqql,mod.blocks.0.attn.h1,electron<-muon,0.0025177712086588144,7.158005610108376e-05,0.0,0.0,0.0,7.158005610108376e-05,7.158005610108376e-05,7.158005610108376e-05,0.00010737008415162563
signed_hqql_tbl,mod.blocks.0.attn.h1,electron<-muon,0.0025177712086588144,7.158001244533807e-05,0.0,-0.000275684375083074,4.0871768760553095e-06,7.158001244533807e-05,0.00034726438752841204,7.158001244533807e-05,0.0001073700186680071
B_tbl_minus_hqql,mod.blocks.6.attn.h1,muon<-charged_hadron,0.04238968193531036,7.130489684641362e-05,0.0,0.0,0.0,7.130489684641362e-05,7.130489684641362e-05,7.130489684641362e-05,0.00010695734526962043
signed_hqql_tbl,mod.blocks.1.attn.h6,photon<-muon,0.015885776052108176,-4.8182806215034085e-05,-0.00016571931505145936,-6.090229832228612e-05,4.01412344891233e-05,0.00011753650883642527,1.2719492107252034e-05,4.8182806215034085e-05,0.00010695106063324673
signed_hqql_tbl,mod.blocks.2.attn.h3,neutral_hadron<-electron,0.041430204175412655,-0.00010639259780873545,-0.00010549220326083741,-0.0004460688187464257,-3.7173166032623744e-05,-9.003945478980367e-07,0.00033967622093769025,0.00010639259780873545,0.00010684279508268447
B_tbl_minus_hqql,mod.blocks.2.attn.h6,electron<-charged_hadron,0.02292609360554944,7.119697440192913e-05,0.0,0.0,0.0,7.119697440192913e-05,7.119697440192913e-05,7.119697440192913e-05,0.00010679546160289368
B_tbl_minus_hqql,mod.blocks.1.attn.h7,muon<-photon,0.01614819696316352,7.113859576817889e-05,0.0,0.0,0.0,7.113859576817889e-05,7.113859576817889e-05,7.113859576817889e-05,0.00010670789365226834
B_tbl_minus_hqql,mod.blocks.1.attn.h0,electron<-charged_hadron,0.019605618132197338,-7.104279306393279e-05,0.0,0.0,0.0,-7.104279306393279e-05,-7.104279306393279e-05,7.104279306393279e-05,0.00010656418959589919
B_tbl_minus_hqql,mod.blocks.4.attn.h1,muon<-neutral_hadron,0.027002592881520588,-7.091810402926058e-05,0.0,0.0,0.0,-7.091810402926058e-05,-7.091810402926058e-05,7.091810402926058e-05,0.00010637715604389086
signed_hqql_tbl,mod.blocks.2.attn.h0,charged_hadron<-photon,0.018304434146999653,-4.130468539956659e-05,8.837833563309577e-05,1.018329810818019e-05,6.948221080127812e-05,-0.00012968302103266236,-5.148798350774678e-05,4.130468539956659e-05,0.00010614619591589776
B_tbl_minus_hqql,mod.blocks.4.attn.h2,neutral_hadron<-muon,0.022603541612625122,7.07156383820499e-05,0.0,0.0,0.0,7.07156383820499e-05,7.07156383820499e-05,7.07156383820499e-05,0.00010607345757307485
signed_hqql_tbl,mod.blocks.7.attn.h2,charged_hadron<-neutral_hadron,0.022797510448294374,3.898084650584716e-05,-9.47613224713866e-05,1.7745713101076236e-05,-4.7921195576926084e-05,0.00013374216897723374,2.1235133404770923e-05,3.898084650584716e-05,0.00010585193099446403
B_tbl_minus_hqql,mod.cls_blocks.1.attn.h1,photon<-neutral_hadron,0.015236661420203745,7.033005385892466e-05,0.0,0.0,0.0,7.033005385892466e-05,7.033005385892466e-05,7.033005385892466e-05,0.00010549508078838699
B_tbl_minus_hqql,mod.cls_blocks.1.attn.h7,charged_hadron<-photon,0.02916326174433802,-7.026600022226388e-05,0.0,0.0,0.0,-7.026600022226388e-05,-7.026600022226388e-05,7.026600022226388e-05,0.00010539900033339583
signed_hqql_tbl,mod.blocks.5.attn.h0,muon<-neutral_hadron,0.003734142209092776,-8.798816512959699e-05,-5.331137663233676e-05,0.0005718949046958618,-0.00022435527110549933,-3.467678849726023e-05,-0.0006598830698254588,8.798816512959699e-05,0.0001053265593782271
signed_hqql_tbl,mod.blocks.0.attn.h2,neutral_hadron<-photon,0.018273849836375936,-5.0992236085628046e-05,-0.00015934229286671307,-3.941005559888387e-05,1.955379993212877e-05,0.00010835005678108502,-1.1582180486744174e-05,5.0992236085628046e-05,0.00010516726447617056
signed_hqql_tbl,mod.blocks.3.attn.h4,photon<-muon,0.014568938658787655,1.1822759496191373e-05,-0.0001747873902786523,-4.1408910130319946e-07,1.6879644304194866e-06,0.00018661014977484368,1.2236848597494572e-05,1.1822759496191373e-05,0.00010512783438361321
B_tbl_minus_hqql,mod.cls_blocks.1.attn.h4,electron<-photon,0.010718640956011686,-7.00088328978216e-05,0.0,0.0,0.0,-7.00088328978216e-05,-7.00088328978216e-05,7.00088328978216e-05,0.00010501324934673241
signed_hqql_tbl,mod.blocks.3.attn.h0,neutral_hadron<-neutral_hadron,0.03249150467542899,4.9503306325939695e-05,-6.131930605791501e-05,-7.853845654627534e-06,1.2033249761774483e-05,0.0001108226123838547,5.735715198056723e-05,4.9503306325939695e-05,0.00010491461251786705
signed_hqql_tbl,mod.blocks.6.attn.h1,electron<-photon,0.005852085788075517,-1.1761555725104523e-05,-0.00019796625115629598,1.1509612499114703e-05,-7.58859815753319e-05,0.00018620469543119146,-2.3271168224219224e-05,1.1761555725104523e-05,0.00010486390344070025
B_tbl_minus_hqql,mod.cls_blocks.1.attn.h6,neutral_hadron<-charged_hadron,0.023839697457742,-6.987873875650753e-05,0.0,0.0,0.0,-6.987873875650753e-05,-6.987873875650753e-05,6.987873875650753e-05,0.0001048181081347613
signed_hqql_tbl,mod.blocks.5.attn.h6,electron<-charged_hadron,0.017308851542032284,9.672354170343961e-05,8.088233104596536e-05,-0.000462276711984868,0.0002671935433479828,1.5841210657474252e-05,0.0005590002536883076,9.672354170343961e-05,0.00010464414703217673
B_tbl_minus_hqql,mod.blocks.3.attn.h5,muon<-charged_hadron,0.020075152814388274,6.950622191652656e-05,0.0,0.0,0.0,6.950622191652656e-05,6.950622191652656e-05,6.950622191652656e-05,0.00010425933287478984
signed_hqql_tbl,mod.blocks.2.attn.h7,charged_hadron<-muon,0.02609002888202667,-1.5284288383554668e-05,-0.0001929194200783968,-2.9856753876786037e-05,3.572454443201423e-05,0.00017763513169484211,1.4572465493231369e-05,1.5284288383554668e-05,0.00010410185423097572
signed_hqql_tbl,mod.blocks.2.attn.h6,electron<-neutral_hadron,0.010293444246053695,-0.00010280019901074411,-0.00010026522176076469,0.0001802202629429909,-0.00011929997366250438,-2.5349772499794253e-06,-0.000283020461953735,0.00010280019901074411,0.00010406768763573383
signed_hqql_tbl,mod.blocks.4.attn.h2,electron<-charged_hadron,0.030206484244326533,9.65399081589725e-05,8.192929827297728e-05,-0.00032800569709750914,0.00013393725277166123,1.461060988599522e-05,0.0004245456052564816,9.65399081589725e-05,0.0001038452131019701
signed_hqql_tbl,mod.cls_blocks.1.attn.h7,neutral_hadron<-CLS,0.002107124077156186,-6.674722044408554e-05,7.296881449292414e-06,0.0,0.0,-7.404410189337796e-05,-6.674722044408554e-05,6.674722044408554e-05,0.00010376927139077452
signed_hqql_tbl,mod.blocks.5.attn.h0,photon<-electron,0.04508538923521594,8.004740785265046e-05,3.2923014909361624e-05,-0.0001115024095095777,-7.743182074839503e-05,4.712439294328883e-05,0.00019154981736222814,8.004740785265046e-05,0.00010360960432429487
B_tbl_minus_hqql,mod.cls_blocks.1.attn.h1,neutral_hadron<-neutral_hadron,0.018407112560593165,6.907021760036095e-05,0.0,0.0,0.0,6.907021760036095e-05,6.907021760036095e-05,6.907021760036095e-05,0.00010360532640054142
B_tbl_minus_hqql,mod.cls_blocks.1.attn.h7,electron<-photon,0.012853917411782524,-6.895984080818545e-05,0.0,0.0,0.0,-6.895984080818545e-05,-6.895984080818545e-05,6.895984080818545e-05,0.00010343976121227817
signed_hqql_tbl,mod.blocks.5.attn.h0,electron<-charged_hadron,0.02611161071969115,6.682544810009067e-05,-6.28095818683505e-06,-9.681186676325818e-05,-0.00011242236359976232,7.310640628692572e-05,0.00016363731486334883,6.682544810009067e-05,0.00010337865124355352
signed_hqql_tbl,mod.blocks.3.attn.h2,muon<-neutral_hadron,0.0019072620198130608,-5.166370344037811e-05,5.138102642376907e-05,-0.0005287810214978986,0.000342820424217886,-0.00010304472986414717,0.00047711731805752047,5.166370344037811e-05,0.0001031860683724517
signed_hqql_tbl,mod.cls_blocks.1.attn.h0,electron<-electron,0.005979845159345132,-6.875783025250826e-05,0.0,-8.372826272307066e-07,0.0,-6.875783025250826e-05,-6.792054762527755e-05,6.875783025250826e-05,0.00010313674537876238
B_tbl_minus_hqql,mod.blocks.5.attn.h6,muon<-neutral_hadron,0.011538016299406687,6.874997537427892e-05,0.0,0.0,0.0,6.874997537427892e-05,6.874997537427892e-05,6.874997537427892e-05,0.00010312496306141838
signed_hqql_tbl,mod.cls_blocks.1.attn.h1,neutral_hadron<-electron,0.007000510115176439,-6.861613110231701e-05,0.0,-3.2999007089529186e-05,-4.0327311580767855e-05,-6.861613110231701e-05,-3.5617124012787826e-05,6.861613110231701e-05,0.00010292419665347552
signed_hqql_tbl,mod.blocks.5.attn.h2,electron<-photon,0.016057542320795176,-3.212368330157294e-05,0.00010924746280644675,-5.9677039955627834e-05,-0.0001242442247034474,-0.0001413711461080197,2.7553356654054894e-05,3.212368330157294e-05,0.0001028092563555828
B_tbl_minus_hqql,mod.blocks.1.attn.h0,charged_hadron<-electron,0.039622770379418915,6.83268236057104e-05,0.0,0.0,0.0,6.83268236057104e-05,6.83268236057104e-05,6.83268236057104e-05,0.00010249023540856561
signed_hqql_tbl,mod.cls_blocks.1.attn.h7,electron<-photon,0.014912047508088026,-6.830681972628967e-05,0.0,-0.0003178387957935532,0.0,-6.830681972628967e-05,0.0002495319760672635,6.830681972628967e-05,0.0001024602295894345
B_tbl_minus_hqql,mod.blocks.4.attn.h7,charged_hadron<-electron,0.03153545871053053,6.816912671480247e-05,0.0,0.0,0.0,6.816912671480247e-05,6.816912671480247e-05,6.816912671480247e-05,0.00010225369007220371
signed_hqql_tbl,mod.cls_blocks.1.attn.h7,CLS<-electron,0.031655807712013484,9.383668071905049e-05,7.707392472866559e-05,0.00012292794359122387,-0.00016961114245835537,1.6762755990384903e-05,-2.909126287217338e-05,9.383668071905049e-05,0.00010221805871424294
B_tbl_minus_hqql,mod.blocks.5.attn.h1,muon<-charged_hadron,0.016795606911182405,-6.812078645452857e-05,0.0,0.0,0.0,-6.812078645452857e-05,-6.812078645452857e-05,6.812078645452857e-05,0.00010218117968179284
B_tbl_minus_hqql,mod.blocks.2.attn.h0,photon<-muon,0.02526709895867568,6.80446750126206e-05,0.0,0.0,0.0,6.80446750126206e-05,6.80446750126206e-05,6.80446750126206e-05,0.0001020670125189309
signed_hqql_tbl,mod.blocks.3.attn.h1,photon<-muon,0.020623956735317524,-6.421810786168162e-05,1.1377430592591945e-05,-1.7401753972411494e-05,4.9551822788392506e-05,-7.559553845427357e-05,-4.681635388927013e-05,6.421810786168162e-05,0.00010201587708881841
B_tbl_minus_hqql,mod.blocks.5.attn.h0,charged_hadron<-muon,0.04126139879226685,6.785623263567686e-05,0.0,0.0,0.0,6.785623263567686e-05,6.785623263567686e-05,6.785623263567686e-05,0.00010178434895351528
signed_hqql_tbl,mod.blocks.0.attn.h3,neutral_hadron<-electron,0.027952419267967342,3.928212707933198e-05,-8.545975742890732e-05,5.453717828155883e-05,-7.812030055313645e-06,0.00012474188450823932,-1.5255051202226848e-05,3.928212707933198e-05,0.00010165306933345164
signed_hqql_tbl,mod.cls_blocks.1.attn.h2,photon<-neutral_hadron,0.010104883695021272,-3.6770228774685165e-05,-0.000165050673422229,9.357883391203359e-05,-7.76586502913647e-05,0.00012828044464754384,-0.00013034906268671875,3.6770228774685165e-05,0.00010091045109845709
B_tbl_minus_hqql,mod.blocks.5.attn.h0,electron<-photon,0.016647915424006742,6.723594170336316e-05,0.0,0.0,0.0,6.723594170336316e-05,6.723594170336316e-05,6.723594170336316e-05,0.00010085391255504475
signed_hqql_tbl,mod.blocks.4.attn.h5,charged_hadron<-photon,0.015999352322757572,5.251727654558133e-05,-4.360610863358964e-05,4.4879274104871215e-05,-3.932015026135254e-05,9.612338517917096e-05,7.638002440710113e-06,5.251727654558133e-05,0.00010057896913516681
signed_hqql_tbl,mod.cls_blocks.1.attn.h1,charged_hadron<-charged_hadron,0.017816844085852306,-8.81771262263497e-05,-6.345268970684761e-05,-4.137834328630138e-05,0.00023180483088406346,-2.4724436519502093e-05,-4.6798782940048326e-05,8.81771262263497e-05,0.00010053934448610074
signed_hqql_tbl,mod.blocks.7.attn.h6,muon<-photon,0.01580990507052495,7.93509937536258e-05,3.740585872527355e-05,-9.670262965797024e-05,5.153121121650286e-05,4.194513502835224e-05,0.00017605362341159602,7.93509937536258e-05,0.00010032356126780191
signed_hqql_tbl,mod.blocks.1.attn.h1,charged_hadron<-electron,0.038157905087522835,-2.3876528797225784e-05,0.00012891620261749873,-2.50497484587193e-05,8.340381060002578e-05,-0.0001527927314147245,1.173219661493517e-06,2.3876528797225784e-05,0.00010027289450458804
B_tbl_minus_hqql,mod.blocks.5.attn.h0,electron<-charged_hadron,0.026111609747876293,6.6825442089517e-05,0.0,0.0,0.0,6.6825442089517e-05,6.6825442089517e-05,6.6825442089517e-05,0.0001002381631342755
B_tbl_minus_hqql,mod.blocks.5.attn.h6,charged_hadron<-neutral_hadron,0.05497022884019116,-6.613104103671731e-05,0.0,0.0,0.0,-6.613104103671731e-05,-6.613104103671731e-05,6.613104103671731e-05,9.919656155507598e-05
B_tbl_minus_hqql,mod.cls_blocks.1.attn.h1,CLS<-photon,0.02547924736173095,-6.604640564162632e-05,0.0,0.0,0.0,-6.604640564162632e-05,-6.604640564162632e-05,6.604640564162632e-05,9.906960846243949e-05
B_tbl_minus_hqql,mod.cls_blocks.1.attn.h5,charged_hadron<-photon,0.016990248271277254,-6.598696497131244e-05,0.0,0.0,0.0,-6.598696497131244e-05,-6.598696497131244e-05,6.598696497131244e-05,9.898044745696866e-05
B_tbl_minus_hqql,mod.blocks.5.attn.h5,charged_hadron<-photon,0.01981355710912146,6.556280763840396e-05,0.0,0.0,0.0,6.556280763840396e-05,6.556280763840396e-05,6.556280763840396e-05,9.834421145760593e-05
signed_hqql_tbl,mod.blocks.0.attn.h6,electron<-charged_hadron,0.019076739518862705,-3.254943041373854e-05,9.884282480925322e-05,-0.00019534894851066414,-1.5053783836602062e-05,-0.00013139225522299175,0.0001627995180969256,3.254943041373854e-05,9.824555802523442e-05
B_tbl_minus_hqql,mod.blocks.3.attn.h1,photon<-electron,0.02752124136540948,-6.543161459110085e-05,0.0,0.0,0.0,-6.543161459110085e-05,-6.543161459110085e-05,6.543161459110085e-05,9.814742188665127e-05
signed_hqql_tbl,mod.blocks.3.attn.h7,photon<-muon,0.03519624700913063,2.366574335610494e-06,-0.00018799777787465317,-7.232473951510408e-05,-4.4731878140872276e-05,0.00019036435221026366,7.469131385071458e-05,2.366574335610494e-06,9.754875044074233e-05
signed_hqql_tbl,mod.blocks.5.attn.h4,charged_hadron<-electron,0.12755588693139347,6.333445518343386e-05,0.00013175044441595673,0.00016596359125668964,-0.0001277868616819399,-6.841598923252287e-05,-0.00010262913607325578,6.333445518343386e-05,9.754244979969529e-05
signed_hqql_tbl,mod.blocks.3.attn.h4,charged_hadron<-muon,0.015524914860725403,1.3608869630843401e-05,-0.00015389870192545157,1.8263143258458323e-05,3.752949628598836e-06,0.00016750757155629498,-4.654273627614922e-06,1.3608869630843401e-05,9.73626554089909e-05
signed_hqql_tbl,mod.cls_blocks.1.attn.h1,muon<-charged_hadron,0.0,0.0,-0.0001946792472153902,-0.00022702597272701753,0.0,0.0001946792472153902,0.00022702597272701753,0.0,9.73396236076951e-05
B_tbl_minus_hqql,mod.blocks.7.attn.h6,charged_hadron<-muon,0.028769895434379578,-6.472315290011466e-05,0.0,0.0,0.0,-6.472315290011466e-05,-6.472315290011466e-05,6.472315290011466e-05,9.7084729350172e-05
signed_hqql_tbl,mod.cls_blocks.1.attn.h2,CLS<-neutral_hadron,0.01354510854146192,-7.124676029788033e-06,-0.0001868937330529676,0.00016193162456970423,-9.066630509057493e-05,0.00017976905702317956,-0.00016905630059949227,7.124676029788033e-06,9.700920454137782e-05
B_tbl_minus_hqql,mod.blocks.3.attn.h1,electron<-charged_hadron,0.024620375069587128,-6.427270000131102e-05,0.0,0.0,0.0,-6.427270000131102e-05,-6.427270000131102e-05,6.427270000131102e-05,9.640905000196653e-05
signed_hqql_tbl,mod.blocks.0.attn.h2,neutral_hadron<-muon,0.0072153906027476,5.236183521143782e-06,0.0001875481193565065,-1.0109121567917388e-06,-8.292129268265095e-06,-0.00018231193583536273,6.247095677935521e-06,5.236183521143782e-06,9.639215143882515e-05
B_tbl_minus_hqql,mod.blocks.3.attn.h1,photon<-muon,0.020623956735317524,-6.421816606934254e-05,0.0,0.0,0.0,-6.421816606934254e-05,-6.421816606934254e-05,6.421816606934254e-05,9.632724910401381e-05
signed_hqql_tbl,mod.cls_blocks.1.attn.h7,CLS<-CLS,0.0018600504772621207,-4.5276650780579075e-05,5.5829815096331004e-05,0.0,0.0,-0.00010110646587691008,-4.5276650780579075e-05,4.5276650780579075e-05,9.582988371903411e-05
signed_hqql_tbl,mod.blocks.3.attn.h1,photon<-electron,0.027521239729916176,-6.543153029646996e-05,-5.5847589724830215e-06,-5.8690066870352994e-08,3.1152314543512394e-05,-5.984677132398694e-05,-6.537284022959961e-05,6.543153029646996e-05,9.535491595846344e-05
B_tbl_minus_hqql,mod.blocks.1.attn.h7,charged_hadron<-muon,0.03844582736492157,-6.349827744998038e-05,0.0,0.0,0.0,-6.349827744998038e-05,-6.349827744998038e-05,6.349827744998038e-05,9.524741617497058e-05
signed_hqql_tbl,mod.blocks.4.attn.h2,charged_hadron<-neutral_hadron,0.015168674360248362,-4.245300742496115e-05,6.30904917252829e-05,-1.5388388251344766e-05,2.5827231683282336e-05,-0.00010554349915024405,-2.706461917361638e-05,4.245300742496115e-05,9.522475700008318e-05
B_tbl_minus_hqql,mod.blocks.5.attn.h3,charged_hadron<-electron,0.017389929711656725,-6.334201767142234e-05,0.0,0.0,0.0,-6.334201767142234e-05,-6.334201767142234e-05,6.334201767142234e-05,9.50130265071335e-05
B_tbl_minus_hqql,mod.blocks.5.attn.h4,charged_hadron<-electron,0.12755589697348035,6.333448420817781e-05,0.0,0.0,0.0,6.333448420817781e-05,6.333448420817781e-05,6.333448420817781e-05,9.500172631226673e-05
signed_hqql_tbl,mod.cls_blocks.1.attn.h6,CLS<-electron,0.014870500137476483,-6.0414928668706125e-05,-0.00012937643623445183,5.120277332285436e-06,-0.0008256697825951657,6.89615075657457e-05,-6.553520600099156e-05,6.0414928668706125e-05,9.489568245157898e-05
signed_hqql_tbl,mod.blocks.4.attn.h7,charged_hadron<-electron,0.0315354656752037,6.816916886790473e-05,0.00012158095215757688,-4.569460701708111e-05,8.322239695930707e-05,-5.3411783289672145e-05,0.00011386377588498583,6.816916886790473e-05,9.48750605127408e-05
B_tbl_minus_hqql,mod.blocks.6.attn.h0,muon<-photon,0.015612243459774898,6.308549424060262e-05,0.0,0.0,0.0,6.308549424060262e-05,6.308549424060262e-05,6.308549424060262e-05,9.462824136090394e-05
signed_hqql_tbl,mod.blocks.3.attn.h0,photon<-electron,0.049273957384795675,2.6274249937226314e-05,-0.00011037197379794504,0.00025143516142310394,-0.00017938195272687485,0.00013664622373517135,-0.00022516091148587763,2.6274249937226314e-05,9.459736180481198e-05
signed_hqql_tbl,mod.blocks.5.attn.h1,neutral_hadron<-electron,0.0364073964767158,4.30370735557517e-05,-5.9787863733617996e-05,-9.99616641005711e-05,-2.9955075232839375e-05,0.0001028249372893697,0.0001429987376563228,4.30370735557517e-05,9.444954220043654e-05
signed_hqql_tbl,mod.blocks.1.attn.h3,charged_hadron<-electron,0.013374669193897558,9.268235494939448e-05,8.925800832609336e-05,4.764967804564343e-05,-1.4397311234562141e-05,3.42434662330112e-06,4.503267690375105e-05,9.268235494939448e-05,9.439452826104505e-05
signed_hqql_tbl,mod.blocks.4.attn.h6,charged_hadron<-electron,0.005177392674933957,-5.0415387269585274e-05,3.742581213979671e-05,-3.963972135792456e-05,3.5241889960431125e-05,-8.784119940938198e-05,-1.077566591166071e-05,5.0415387269585274e-05,9.433598697427626e-05
signed_hqql_tbl,mod.blocks.1.attn.h0,neutral_hadron<-neutral_hadron,0.031609049848488176,-4.455283223100125e-05,5.480016060387378e-05,1.3337792268830762e-05,-4.064437563886027e-05,-9.935299283487503e-05,-5.789062449983202e-05,4.455283223100125e-05,9.422932864843877e-05
signed_hqql_tbl,mod.blocks.5.attn.h4,neutral_hadron<-muon,0.13046228885650635,2.5073563544234883e-05,-0.00011256156722083688,0.0003322582196185402,-2.930179653048981e-05,0.00013763513076507175,-0.0003071846560743053,2.5073563544234883e-05,9.389112892677076e-05
signed_hqql_tbl,mod.blocks.5.attn.h1,photon<-muon,0.036598265171051025,2.6274900077483973e-05,0.00016141894089881904,6.61649960834025e-05,-4.106976740769352e-05,-0.00013514404082133507,-3.9890096005918526e-05,2.6274900077483973e-05,9.384692048815152e-05
signed_hqql_tbl,mod.blocks.7.attn.h5,charged_hadron<-electron,0.0350548480839833,-8.833570253678455e-05,-7.769053801894188e-05,-0.00021993233409199503,-0.00034209053033178123,-1.0645164517842672e-05,0.00013159663155521046,8.833570253678455e-05,9.365828479570589e-05
B_tbl_minus_hqql,mod.blocks.3.attn.h0,neutral_hadron<-muon,0.017238732427358627,6.222828718212743e-05,0.0,0.0,0.0,6.222828718212743e-05,6.222828718212743e-05,6.222828718212743e-05,9.334243077319115e-05
signed_hqql_tbl,mod.cls_blocks.1.attn.h5,muon<-charged_hadron,0.0,0.0,-0.00018662703223526478,-0.0001194107656677564,0.0,0.00018662703223526478,0.0001194107656677564,0.0,9.331351611763239e-05
signed_hqql_tbl,mod.blocks.5.attn.h7,electron<-neutral_hadron,0.005224678339436651,-1.7419917276129128e-05,0.00013424437588582805,-0.00015743220910735545,8.504653712460662e-06,-0.00015166429316195717,0.00014001229183122633,1.7419917276129128e-05,9.325206385710772e-05
signed_hqql_tbl,mod.blocks.7.attn.h1,electron<-neutral_hadron,0.01570321973413229,3.749469410649908e-05,-7.399766036542132e-05,5.328264933268656e-05,-1.1372996489038033e-05,0.00011149235447192041,-1.578795522618748e-05,3.749469410649908e-05,9.324087134245928e-05
signed_hqql_tbl,mod.blocks.1.attn.h5,charged_hadron<-electron,0.015688033774495125,-3.0905396551647954e-05,-0.00015527650713920594,2.117228333748156e-05,-4.084550716840938e-05,0.00012437111058755798,-5.2077679889129516e-05,3.0905396551647954e-05,9.309095184542695e-05
B_tbl_minus_hqql,mod.blocks.3.attn.h5,photon<-electron,0.05544707978644022,6.202828613246178e-05,0.0,0.0,0.0,6.202828613246178e-05,6.202828613246178e-05,6.202828613246178e-05,9.304242919869267e-05
B_tbl_minus_hqql,mod.blocks.0.attn.h3,charged_hadron<-muon,0.025502124428749086,-6.201600190252066e-05,0.0,0.0,0.0,-6.201600190252066e-05,-6.201600190252066e-05,6.201600190252066e-05,9.3024002853781e-05
B_tbl_minus_hqql,mod.blocks.0.attn.h7,muon<-photon,0.014602872041555552,6.187974045482966e-05,0.0,0.0,0.0,6.187974045482966e-05,6.187974045482966e-05,6.187974045482966e-05,9.28196106822445e-05
B_tbl_minus_hqql,mod.cls_blocks.1.attn.h0,photon<-charged_hadron,0.026007396253672512,6.183239846987735e-05,0.0,0.0,0.0,6.183239846987735e-05,6.183239846987735e-05,6.183239846987735e-05,9.274859770481602e-05
signed_hqql_tbl,mod.blocks.4.attn.h0,charged_hadron<-photon,0.016065838134420512,-4.7169527131710354e-05,4.3671191367574804e-05,-3.2948638172942647e-06,3.0168752842159435e-05,-9.084071849928515e-05,-4.387466331441609e-05,4.7169527131710354e-05,9.258988638135294e-05
B_tbl_minus_hqql,mod.blocks.2.attn.h1,muon<-muon,0.0015463498421013355,6.161790224723518e-05,0.0,0.0,0.0,6.161790224723518e-05,6.161790224723518e-05,6.161790224723518e-05,9.242685337085277e-05
signed_hqql_tbl,mod.blocks.4.attn.h4,muon<-charged_hadron,0.01615530401468277,-8.34607461001724e-05,-0.00010096574939476947,-3.099542910008338e-05,-6.299538238506232e-05,1.7505003294597074e-05,-5.246531700008902e-05,8.34607461001724e-05,9.221324774747093e-05
signed_hqql_tbl,mod.blocks.2.attn.h2,muon<-neutral_hadron,0.003779976318279902,-8.201210099893312e-05,-6.179748743306845e-05,-0.00045682916626040086,0.0003765239768351118,-2.0214613565864667e-05,0.0003748170652614677,8.201210099893312e-05,9.211940778186545e-05
signed_hqql_tbl,mod.blocks.0.attn.h7,muon<-photon,0.014602870895312382,6.187953448926027e-05,1.5703100451411535e-06,-0.00014563109368530356,0.00012597650951378186,6.030922444411912e-05,0.00020751062817456385,6.187953448926027e-05,9.203414671131983e-05
signed_hqql_tbl,mod.blocks.1.attn.h5,photon<-charged_hadron,0.02422194627437802,-3.64806983672669e-05,7.431500011027287e-05,-1.289587672783501e-05,4.3547518023147234e-05,-0.00011079569847753976,-2.358482163943189e-05,3.64806983672669e-05,9.187854760603679e-05
signed_hqql_tbl,mod.blocks.2.attn.h6,photon<-muon,0.016009150789334223,3.031445577597389e-05,0.00015335933018762333,5.7905608049292246e-06,4.5788734698564644e-05,-0.00012304487441164945,2.4523894971044664e-05,3.031445577597389e-05,9.183689298179862e-05
signed_hqql_tbl,mod.blocks.0.attn.h3,neutral_hadron<-neutral_hadron,0.023497615707215487,2.794562917747354e-05,-9.973935698346982e-05,9.513783615259243e-06,2.893398547656739e-06,0.00012768498616094336,1.8431845562214295e-05,2.794562917747354e-05,9.178812225794522e-05
signed_hqql_tbl,mod.blocks.5.attn.h3,muon<-photon,0.020632154666460477,-2.498648245818913e-05,0.00010851565233539217,-1.974917937662791e-06,3.5649184913684926e-06,-0.0001335021347935813,-2.301156452052634e-05,2.498648245818913e-05,9.173754985497978e-05
B_tbl_minus_hqql,mod.blocks.3.attn.h0,muon<-photon,0.008773281024052547,6.113554207751385e-05,0.0,0.0,0.0,6.113554207751385e-05,6.113554207751385e-05,6.113554207751385e-05,9.170331311627077e-05
signed_hqql_tbl,mod.blocks.2.attn.h5,charged_hadron<-electron,0.020648649043363075,-1.1563707670100722e-05,0.00014840441988781095,-0.0005694660590961576,0.00046299494365316434,-0.00015996812755791166,0.0005579023514260569,1.1563707670100722e-05,9.154777144905656e-05
B_tbl_minus_hqql,mod.blocks.2.attn.h6,charged_hadron<-muon,0.023755371570587158,6.0898857191205026e-05,0.0,0.0,0.0,6.0898857191205026e-05,6.0898857191205026e-05,6.0898857191205026e-05,9.134828578680754e-05
signed_hqql_tbl,mod.blocks.0.attn.h4,neutral_hadron<-electron,0.03579303929582238,8.375405375318223e-05,9.885124200081918e-05,0.0005160858884967942,-5.741048987735721e-06,-1.5097188247636956e-05,-0.0004323318347436119,8.375405375318223e-05,9.13026478770007e-05
signed_hqql_tbl,mod.blocks.2.attn.h5,charged_hadron<-photon,0.019361953462026397,3.780637034752087e-05,-6.907256783053402e-05,3.640834808571625e-06,-4.6868895541484935e-05,0.00010687893817805489,3.416553553894924e-05,3.780637034752087e-05,9.124583943654832e-05
signed_hqql_tbl,mod.blocks.2.attn.h6,electron<-photon,0.019937967836129958,-4.315119972821643e-05,5.3010143996548974e-05,0.0007075941483553959,1.3082832182672891e-05,-9.616134372476541e-05,-0.0007507453480836123,4.315119972821643e-05,9.123187159059914e-05
signed_hqql_tbl,mod.blocks.0.attn.h6,neutral_hadron<-charged_hadron,0.029829970441268155,-1.4376245602544945e-05,0.0001393016851989569,-1.25549001015333e-05,-2.7908907698083376e-06,-0.00015367793080150186,-1.8213455010116455e-06,1.4376245602544945e-05,9.121521100329588e-05
B_tbl_minus_hqql,mod.blocks.0.attn.h5,electron<-neutral_hadron,0.018208599602803587,-6.079695740481839e-05,0.0,0.0,0.0,-6.079695740481839e-05,-6.079695740481839e-05,6.079695740481839e-05,9.119543610722758e-05
signed_hqql_tbl,mod.blocks.0.attn.h2,neutral_hadron<-electron,0.0048058499131002465,1.5462474129890326e-05,0.00016668562650323793,-3.166181756508735e-05,1.91980167824395e-06,-0.0001512231523733476,4.712429169497767e-05,1.5462474129890326e-05,9.107405031656414e-05
B_tbl_minus_hqql,mod.cls_blocks.1.attn.h6,CLS<-electron,0.016894142703677062,-6.07142599733379e-05,0.0,0.0,0.0,-6.07142599733379e-05,-6.07142599733379e-05,6.07142599733379e-05,9.107138996000685e-05
signed_hqql_tbl,mod.blocks.5.attn.h0,neutral_hadron<-muon,0.01004717064400514,1.914613524907812e-06,0.00017963145637622802,4.342796264130524e-05,-4.7641213920239046e-05,-0.0001777168428513202,-4.1513349116397426e-05,1.914613524907812e-06,9.07730349505679e-05
B_tbl_minus_hqql,mod.blocks.3.attn.h3,charged_hadron<-electron,0.032027274046255196,-6.039735086707641e-05,0.0,0.0,0.0,-6.039735086707641e-05,-6.039735086707641e-05,6.039735086707641e-05,9.059602630061462e-05
signed_hqql_tbl,mod.blocks.0.attn.h7,photon<-muon,0.038979356105511,-9.898813844371874e-06,-0.00017089400297174088,1.1796415889297019e-05,-2.210868923510942e-05,0.000160995189127369,-2.169522973366889e-05,9.898813844371874e-06,9.039640840805638e-05
signed_hqql_tbl,mod.blocks.2.attn.h1,muon<-muon,0.0015463500749319792,6.161788769531995e-05,4.374949347241142e-06,-0.00041739239190192735,7.563954322146552e-07,5.724293834807881e-05,0.0004790102795972473,6.161788769531995e-05,9.023935686935936e-05
signed_hqql_tbl,mod.blocks.7.attn.h2,photon<-neutral_hadron,0.03952109249731067,4.127068717679697e-05,-5.6641853811489346e-05,1.604519599692099e-05,-5.524127564016118e-05,9.791254098828631e-05,2.5225491179875977e-05,4.127068717679697e-05,9.022695767094012e-05
B_tbl_minus_hqql,mod.blocks.3.attn.h3,charged_hadron<-muon,0.03638275563716888,-6.008806522004306e-05,0.0,0.0,0.0,-6.008806522004306e-05,-6.008806522004306e-05,6.008806522004306e-05,9.013209783006459e-05
signed_hqql_tbl,mod.blocks.2.attn.h5,charged_hadron<-neutral_hadron,0.013005929377198593,1.9976533128720122e-05,-0.00012015591132735649,1.9227292459773087e-06,-5.855080094948443e-05,0.0001401324444560766,1.8053803882742814e-05,1.9976533128720122e-05,9.004275535675843e-05
signed_hqql_tbl,mod.blocks.1.attn.h0,photon<-electron,0.03241759684027695,2.09992846598985e-05,-0.00011613169889252666,-2.376347033096452e-05,-8.077955254438249e-05,0.00013713098355242517,4.4762754990863016e-05,2.09992846598985e-05,8.956477643611108e-05
signed_hqql_tbl,mod.blocks.6.attn.h2,charged_hadron<-neutral_hadron,0.012840180573138323,-2.8205953839856863e-05,9.385568734393707e-05,-3.861457187539491e-06,4.6192537890277194e-05,-0.00012206164118379393,-2.4344496652317372e-05,2.8205953839856863e-05,8.923677443175383e-05
B_tbl_minus_hqql,mod.blocks.7.attn.h0,muon<-charged_hadron,0.011774247884750367,5.934801883995533e-05,0.0,0.0,0.0,5.934801883995533e-05,5.934801883995533e-05,5.934801883995533e-05,8.902202825993298e-05
signed_hqql_tbl,mod.blocks.4.attn.h2,electron<-photon,0.010288133354085247,5.492251556261624e-05,-1.3153137583036109e-05,3.7088456674485325e-05,-2.860991331875663e-05,6.807565314565235e-05,1.7834058888130916e-05,5.492251556261624e-05,8.896034213544242e-05
B_tbl_minus_hqql,mod.cls_blocks.1.attn.h3,electron<-neutral_hadron,0.06504460032150607,5.92157347621371e-05,0.0,0.0,0.0,5.92157347621371e-05,5.92157347621371e-05,5.92157347621371e-05,8.882360214320566e-05
signed_hqql_tbl,mod.cls_blocks.0.attn.h5,muon<-CLS,0.0,0.0,0.0001776325807441026,0.0,0.0,-0.0001776325807441026,0.0,0.0,8.88162903720513e-05
B_tbl_minus_hqql,mod.blocks.4.attn.h3,electron<-charged_hadron,0.02113345917314291,5.916662500923216e-05,0.0,0.0,0.0,5.916662500923216e-05,5.916662500923216e-05,5.916662500923216e-05,8.874993751384824e-05
signed_hqql_tbl,mod.blocks.0.attn.h5,electron<-neutral_hadron,0.01820860104635358,-6.0796860270784234e-05,-5.085645200963995e-06,4.111863941128983e-05,-0.00010382803328170935,-5.571121506982024e-05,-0.00010191549968207407,6.0796860270784234e-05,8.865246780569435e-05
signed_hqql_tbl,mod.blocks.5.attn.h3,muon<-charged_hadron,0.014673085510730743,-3.4996308386325836e-05,-0.00014180727303028106,-0.00012995242984194694,-4.482357875605551e-05,0.00010681096464395523,9.49561214556211e-05,3.4996308386325836e-05,8.840179070830345e-05
signed_hqql_tbl,mod.blocks.4.attn.h1,electron<-neutral_hadron,0.01876760823652148,7.555009967745719e-05,4.9863499327784666e-05,4.319564989903787e-05,-4.977094666922794e-05,2.568660034967252e-05,3.235444977841932e-05,7.555009967745719e-05,8.839339985229345e-05
B_tbl_minus_hqql,mod.blocks.4.attn.h6,electron<-charged_hadron,0.02694390827546949,-5.841403522619816e-05,0.0,0.0,0.0,-5.841403522619816e-05,-5.841403522619816e-05,5.841403522619816e-05,8.762105283929723e-05
B_tbl_minus_hqql,mod.blocks.3.attn.h5,charged_hadron<-muon,0.04703294634819031,5.837951321154833e-05,0.0,0.0,0.0,5.837951321154833e-05,5.837951321154833e-05,5.837951321154833e-05,8.75692698173225e-05
signed_hqql_tbl,mod.blocks.4.attn.h0,muon<-neutral_hadron,0.0006930228943626086,2.3826158818944048e-05,0.00015123558409868565,-0.0001815833851364196,0.00018023983197205476,-0.0001274094252797416,0.00020540954395536365,2.3826158818944048e-05,8.753087145881486e-05
signed_hqql_tbl,mod.blocks.6.attn.h3,electron<-charged_hadron,0.01674957747530678,-3.002560159707766e-05,8.429099922068418e-05,-0.0001272891397914669,6.56912550817247e-05,-0.00011431660081776183,9.726353819438922e-05,3.002560159707766e-05,8.718390200595857e-05
signed_hqql_tbl,mod.blocks.3.attn.h1,electron<-charged_hadron,0.024620377985031708,-6.427271676764813e-05,-1.9134965259581805e-05,-0.00013621703537571573,-3.7376932730829275e-05,-4.513775150806633e-05,7.19443186080676e-05,6.427271676764813e-05,8.68415925216813e-05
signed_hqql_tbl,mod.blocks.2.attn.h0,charged_hadron<-neutral_hadron,0.015866756135580307,-2.9967935636514056e-05,8.377578899501361e-05,1.8977471782373823e-05,7.927336956060351e-05,-0.00011374372463152767,-4.894540741888788e-05,2.9967935636514056e-05,8.683979795227789e-05
signed_hqql_tbl,mod.blocks.1.attn.h5,muon<-charged_hadron,0.022432631254196166,-6.1991013353690505e-06,-0.0001672599542265137,0.00013470439208221847,9.135522984196337e-05,0.00016106085289114465,-0.00014090349341758753,6.1991013353690505e-06,8.672952778094138e-05
signed_hqql_tbl,mod.blocks.4.attn.h6,photon<-muon,0.006826519966125488,1.7208447948528024e-05,0.00015567327780165494,-5.160208185605535e-05,5.57610693182074e-05,-0.00013846482985312692,6.881052980458338e-05,1.7208447948528024e-05,8.64408628750915e-05
B_tbl_minus_hqql,mod.blocks.6.attn.h6,photon<-muon,0.07803142987764798,-5.7611314472384176e-05,0.0,0.0,0.0,-5.7611314472384176e-05,-5.7611314472384176e-05,5.7611314472384176e-05,8.641697170857627e-05
B_tbl_minus_hqql,mod.blocks.2.attn.h6,charged_hadron<-neutral_hadron,0.0234247265751459,5.755276764385573e-05,0.0,0.0,0.0,5.755276764385573e-05,5.755276764385573e-05,5.755276764385573e-05,8.63291514657836e-05
signed_hqql_tbl,mod.blocks.2.attn.h5,photon<-charged_hadron,0.023789715618718395,-3.702095120428748e-05,6.120734619279634e-05,-1.0518549125654644e-05,2.7412390392141267e-05,-9.822829739708382e-05,-2.650240207863283e-05,3.702095120428748e-05,8.613509990282938e-05
B_tbl_minus_hqql,mod.blocks.2.attn.h3,muon<-photon,0.008634196451077094,-5.738763138651848e-05,0.0,0.0,0.0,-5.738763138651848e-05,-5.738763138651848e-05,5.738763138651848e-05,8.608144707977772e-05
signed_hqql_tbl,mod.blocks.2.attn.h3,muon<-photon,0.00863419702419868,-5.738756422383281e-05,-0.00011457760746662434,-0.00010883630549704487,-3.414426121000563e-05,5.719004324279153e-05,5.144874127321206e-05,5.738756422383281e-05,8.598258584522858e-05
B_tbl_minus_hqql,mod.blocks.3.attn.h7,electron<-photon,0.013339869768881216,5.724502013280715e-05,0.0,0.0,0.0,5.724502013280715e-05,5.724502013280715e-05,5.724502013280715e-05,8.586753019921073e-05
signed_hqql_tbl,mod.blocks.4.attn.h7,electron<-photon,0.014152054107043802,4.689794762426329e-05,-3.103055444496151e-05,4.031074377676243e-05,9.09498617561026e-06,7.79285020692248e-05,6.58720384750086e-06,4.689794762426329e-05,8.586219865887568e-05
B_tbl_minus_hqql,mod.cls_blocks.1.attn.h5,photon<-photon,0.019265596411730115,-5.706427557589976e-05,0.0,0.0,0.0,-5.706427557589976e-05,-5.706427557589976e-05,5.706427557589976e-05,8.559641336384964e-05
B_tbl_minus_hqql,mod.blocks.7.attn.h4,muon<-neutral_hadron,0.006022291257977486,5.688704065202425e-05,0.0,0.0,0.0,5.688704065202425e-05,5.688704065202425e-05,5.688704065202425e-05,8.533056097803637e-05
B_tbl_minus_hqql,mod.blocks.1.attn.h0,muon<-neutral_hadron,0.002636731912692388,5.680241156369448e-05,0.0,0.0,0.0,5.680241156369448e-05,5.680241156369448e-05,5.680241156369448e-05,8.520361734554172e-05
B_tbl_minus_hqql,mod.cls_blocks.1.attn.h1,CLS<-charged_hadron,0.021547987745697474,5.678122835005469e-05,0.0,0.0,0.0,5.678122835005469e-05,5.678122835005469e-05,5.678122835005469e-05,8.517184252508204e-05
B_tbl_minus_hqql,mod.cls_blocks.1.attn.h5,electron<-charged_hadron,0.01997312122867221,5.6770815890991975e-05,0.0,0.0,0.0,5.6770815890991975e-05,5.6770815890991975e-05,5.6770815890991975e-05,8.515622383648797e-05
B_tbl_minus_hqql,mod.cls_blocks.1.attn.h5,CLS<-charged_hadron,0.027490746936614106,-5.662182978222632e-05,0.0,0.0,0.0,-5.662182978222632e-05,-5.662182978222632e-05,5.662182978222632e-05,8.493274467333948e-05
signed_hqql_tbl,mod.blocks.2.attn.h6,photon<-electron,0.014753223737565482,-5.910631621301901e-06,0.00015204757099646877,-2.4082635195243288e-05,0.00016271273753690448,-0.00015795820261777066,1.8172003573941386e-05,5.910631621301901e-06,8.488973293018724e-05
B_tbl_minus_hqql,mod.blocks.6.attn.h4,electron<-charged_hadron,0.03272812764929688,-5.629600190846047e-05,0.0,0.0,0.0,-5.629600190846047e-05,-5.629600190846047e-05,5.629600190846047e-05,8.44440028626907e-05
signed_hqql_tbl,mod.blocks.3.attn.h4,electron<-charged_hadron,0.018329010061595753,3.62909778904514e-05,0.0001324112534833451,1.2322014287835167e-05,-7.73220586038574e-05,-9.61202755928937e-05,2.3968963602616236e-05,3.62909778904514e-05,8.435111568689825e-05
signed_hqql_tbl,mod.cls_blocks.1.attn.h4,electron<-photon,0.01075185818428343,-5.61770185330798e-05,0.0,0.0002561963008095821,0.0,-5.61770185330798e-05,-0.0003123733193426619,5.61770185330798e-05,8.42655277996197e-05
B_tbl_minus_hqql,mod.cls_blocks.1.attn.h7,neutral_hadron<-charged_hadron,0.017203580642092056,5.6164597323083356e-05,0.0,0.0,0.0,5.6164597323083356e-05,5.6164597323083356e-05,5.6164597323083356e-05,8.424689598462504e-05
B_tbl_minus_hqql,mod.blocks.4.attn.h2,charged_hadron<-muon,0.05557774305343628,-5.6090939324349165e-05,0.0,0.0,0.0,-5.6090939324349165e-05,-5.6090939324349165e-05,5.6090939324349165e-05,8.413640898652375e-05
signed_hqql_tbl,mod.blocks.2.attn.h6,charged_hadron<-muon,0.02375537306070328,6.089871749281883e-05,1.4886508385340372e-05,-3.469013087130312e-05,0.00017624512007127384,4.601220910747846e-05,9.558884836412195e-05,6.089871749281883e-05,8.390482204655806e-05
B_tbl_minus_hqql,mod.cls_blocks.1.attn.h3,charged_hadron<-electron,0.014932020741980523,-5.587959910258178e-05,0.0,0.0,0.0,-5.587959910258178e-05,-5.587959910258178e-05,5.587959910258178e-05,8.381939865387267e-05
B_tbl_minus_hqql,mod.cls_blocks.1.attn.h5,electron<-photon,0.01571128856052052,-5.5859610173766583e-05,0.0,0.0,0.0,-5.5859610173766583e-05,-5.5859610173766583e-05,5.5859610173766583e-05,8.378941526064988e-05
signed_hqql_tbl,mod.cls_blocks.1.attn.h3,photon<-CLS,0.0,0.0,-0.00016663300475556754,0.0,0.0,0.00016663300475556754,0.0,0.0,8.331650237778377e-05
signed_hqql_tbl,mod.blocks.5.attn.h3,electron<-neutral_hadron,0.026029958529397844,-5.1961850658699404e-05,1.065713422576664e-05,0.0002592087366792839,-2.783051604637876e-05,-6.261898488446604e-05,-0.0003111705873379833,5.1961850658699404e-05,8.327134310093243e-05
signed_hqql_tbl,mod.blocks.7.attn.h0,muon<-charged_hadron,0.011774247884750367,5.934796645306051e-05,0.0001071372302249074,-9.43689263859314e-06,-0.00010082214757115865,-4.778926377184689e-05,6.878485909165365e-05,5.934796645306051e-05,8.324259833898396e-05
B_tbl_minus_hqql,mod.blocks.1.attn.h5,charged_hadron<-muon,0.02749045193195343,5.542428698390722e-05,0.0,0.0,0.0,5.542428698390722e-05,5.542428698390722e-05,5.542428698390722e-05,8.313643047586083e-05
signed_hqql_tbl,mod.blocks.2.attn.h0,neutral_hadron<-muon,0.007101333389679591,1.1290242885782694e-05,-0.00013181118265492842,0.00013967680756889566,-0.00011302872947756744,0.00014310142554071112,-0.00012838656468311296,1.1290242885782694e-05,8.284095565613825e-05
B_tbl_minus_hqql,mod.blocks.7.attn.h5,electron<-charged_hadron,0.01717545117413544,-5.5158796662315424e-05,0.0,0.0,0.0,-5.5158796662315424e-05,-5.5158796662315424e-05,5.5158796662315424e-05,8.273819499347314e-05
B_tbl_minus_hqql,mod.cls_blocks.1.attn.h2,charged_hadron<-neutral_hadron,0.012570951816401091,5.5021120307832585e-05,0.0,0.0,0.0,5.5021120307832585e-05,5.5021120307832585e-05,5.5021120307832585e-05,8.253168046174888e-05
B_tbl_minus_hqql,mod.blocks.2.attn.h1,electron<-charged_hadron,0.025166745257118473,-5.496013150347964e-05,0.0,0.0,0.0,-5.496013150347964e-05,-5.496013150347964e-05,5.496013150347964e-05,8.244019725521946e-05
signed_hqql_tbl,mod.blocks.7.attn.h1,muon<-charged_hadron,0.021509116888046263,2.5262488634325564e-05,-8.898833960605165e-05,-2.153245290612866e-05,-9.448013781588905e-05,0.00011425082824037721,4.6794941540454224e-05,2.5262488634325564e-05,8.238790275451416e-05
B_tbl_minus_hqql,mod.blocks.4.attn.h2,electron<-photon,0.010288134217262268,5.4922504914873394e-05,0.0,0.0,0.0,5.4922504914873394e-05,5.4922504914873394e-05,5.4922504914873394e-05,8.238375737231009e-05
signed_hqql_tbl,mod.blocks.1.attn.h5,neutral_hadron<-electron,0.014258678210899234,-3.4209082514280452e-06,-0.00016130539947312172,-8.629459625808522e-05,-4.75840488969184e-05,0.00015788449122169367,8.287368800665717e-05,3.4209082514280452e-06,8.236315386227489e-05
signed_hqql_tbl,mod.cls_blocks.1.attn.h3,charged_hadron<-photon,0.029276585075217233,3.972649328331922e-05,0.00012366448443436857,-0.00018859920432654824,6.170560119572242e-05,-8.393799115104936e-05,0.00022832569760986745,3.972649328331922e-05,8.16954888588439e-05
B_tbl_minus_hqql,mod.blocks.7.attn.h5,photon<-electron,0.041432699461172263,-5.436054206944479e-05,0.0,0.0,0.0,-5.436054206944479e-05,-5.436054206944479e-05,5.436054206944479e-05,8.154081310416719e-05
signed_hqql_tbl,mod.blocks.2.attn.h5,electron<-neutral_hadron,0.013925312273204326,3.307518272777088e-05,-6.373951850946469e-05,1.6429265997430775e-05,-0.00013174332728821728,9.681470123723557e-05,1.6645916730340105e-05,3.307518272777088e-05,8.148253334638866e-05
signed_hqql_tbl,mod.blocks.2.attn.h4,charged_hadron<-muon,0.036321622133255,5.036977818235755e-05,0.00011250062379986048,3.748591627989863e-05,-6.1679813222085334e-06,-6.213084561750293e-05,1.2883861902458914e-05,5.036977818235755e-05,8.143520099110902e-05
B_tbl_minus_hqql,mod.blocks.3.attn.h0,charged_hadron<-photon,0.0151699707323675,-5.423304871192912e-05,0.0,0.0,0.0,-5.423304871192912e-05,-5.423304871192912e-05,5.423304871192912e-05,8.134957306789367e-05
B_tbl_minus_hqql,mod.blocks.0.attn.h1,photon<-electron,0.05077141541533354,5.4211511247203595e-05,0.0,0.0,0.0,5.4211511247203595e-05,5.4211511247203595e-05,5.4211511247203595e-05,8.13172668708054e-05
B_tbl_minus_hqql,mod.blocks.3.attn.h3,photon<-photon,0.02272036868218529,-5.416905855093934e-05,0.0,0.0,0.0,-5.416905855093934e-05,-5.416905855093934e-05,5.416905855093934e-05,8.125358782640901e-05
B_tbl_minus_hqql,mod.blocks.4.attn.h1,photon<-muon,0.05389454731574425,5.413728425852381e-05,0.0,0.0,0.0,5.413728425852381e-05,5.413728425852381e-05,5.413728425852381e-05,8.120592638778572e-05
signed_hqql_tbl,mod.blocks.5.attn.h6,charged_hadron<-neutral_hadron,0.054970231175796365,-6.613105354725885e-05,-3.600358928402735e-05,-5.0228019131669306e-05,-1.7734404047317776e-05,-3.01274642632315e-05,-1.5903034415589546e-05,6.613105354725885e-05,8.11947856788746e-05
signed_hqql_tbl,mod.blocks.6.attn.h4,electron<-electron,0.003019577730447054,5.204887239074196e-05,-6.196039578298951e-06,0.0002260368858818159,-8.71532910669733e-06,5.8244911969040913e-05,-0.00017398801349107393,5.204887239074196e-05,8.117132837526242e-05
signed_hqql_tbl,mod.blocks.2.attn.h3,muon<-neutral_hadron,0.0038936886315544448,-1.449575211154297e-05,0.00011829294817289338,0.0005840581292144826,-7.756579725537449e-05,-0.00013278870028443635,-0.0005985538813260255,1.449575211154297e-05,8.089010225376114e-05
signed_hqql_tbl,mod.blocks.7.attn.h5,neutral_hadron<-photon,0.02871955685669991,3.390029387016436e-05,-5.9973599575974817e-05,2.3125220912414663e-05,-4.411851847346388e-05,9.387389344613918e-05,1.0775072957749696e-05,3.390029387016436e-05,8.083724059323395e-05
signed_hqql_tbl,mod.blocks.2.attn.h2,neutral_hadron<-electron,0.017893028678372502,-2.092497375087987e-05,-0.0001404085290914736,5.076622297413754e-05,-6.601372446953867e-05,0.00011948355534059374,-7.169119672501741e-05,2.092497375087987e-05,8.066675142117674e-05
signed_hqql_tbl,mod.cls_blocks.1.attn.h5,CLS<-electron,0.009124511077970965,-7.2716031809250126e-06,0.00013939442828814208,-0.0001538928104025672,-0.0002203584457068549,-0.0001466660314690671,0.00014662120722164218,7.2716031809250126e-06,8.060461891545856e-05
signed_hqql_tbl,mod.blocks.1.attn.h4,charged_hadron<-electron,0.04878112916713175,5.061694513563492e-05,-9.110252528140942e-06,-8.724660222088137e-05,1.0945793527989062e-05,5.972719766377586e-05,0.0001378635473565163,5.061694513563492e-05,8.048054396752286e-05
signed_hqql_tbl,mod.blocks.2.attn.h2,photon<-electron,0.03615939362746913,-7.253798206121002e-05,-8.835849647376952e-05,1.5922052600765473e-05,-0.0003826397397047417,1.58205144125595e-05,-8.84600346619755e-05,7.253798206121002e-05,8.044823926748977e-05
B_tbl_minus_hqql,mod.cls_blocks.1.attn.h0,electron<-photon,0.014257534195414999,5.355167112694207e-05,0.0,0.0,0.0,5.355167112694207e-05,5.355167112694207e-05,5.355167112694207e-05,8.03275066904131e-05
signed_hqql_tbl,mod.blocks.6.attn.h0,electron<-charged_hadron,0.026068731656540996,-4.254030405402022e-05,3.2005205284804105e-05,-3.993514636080832e-05,-0.00011255848746966674,-7.454550933882432e-05,-2.6051576932118953e-06,4.254030405402022e-05,7.981305872343237e-05
B_tbl_minus_hqql,mod.blocks.5.attn.h5,photon<-electron,0.04512794542966819,-5.314971473658594e-05,0.0,0.0,0.0,-5.314971473658594e-05,-5.314971473658594e-05,5.314971473658594e-05,7.97245721048789e-05
signed_hqql_tbl,mod.blocks.0.attn.h0,electron<-photon,0.018439325981023835,3.724953883026567e-05,0.00012205661914777011,-5.2362850074630795e-05,0.0001378041734410958,-8.480708031750444e-05,8.961238890489647e-05,3.724953883026567e-05,7.965307898901789e-05
B_tbl_minus_hqql,mod.blocks.0.attn.h2,electron<-photon,0.02276321673175184,-5.2969948894048975e-05,0.0,0.0,0.0,-5.2969948894048975e-05,-5.2969948894048975e-05,5.2969948894048975e-05,7.945492334107346e-05
B_tbl_minus_hqql,mod.blocks.2.attn.h7,photon<-muon,0.03399329231335567,-5.2911059286158816e-05,0.0,0.0,0.0,-5.2911059286158816e-05,-5.2911059286158816e-05,5.2911059286158816e-05,7.936658892923822e-05
signed_hqql_tbl,mod.cls_blocks.1.attn.h2,neutral_hadron<-electron,0.004930326249450445,5.287939893605653e-05,0.0,5.556145197260776e-07,-8.764542144490406e-06,5.287939893605653e-05,5.2323784416330454e-05,5.287939893605653e-05,7.93190984040848e-05
signed_hqql_tbl,mod.blocks.3.attn.h1,electron<-neutral_hadron,0.01488808924332261,-4.9394603865948736e-05,1.022341120915371e-05,-2.306537498952821e-05,-5.732415422030231e-06,-5.9618015075102446e-05,-2.6329228876420527e-05,4.9394603865948736e-05,7.920361140349995e-05
B_tbl_minus_hqql,mod.blocks.7.attn.h0,charged_hadron<-muon,0.02601395845413208,5.2782974671572445e-05,0.0,0.0,0.0,5.2782974671572445e-05,5.2782974671572445e-05,5.2782974671572445e-05,7.917446200735866e-05
B_tbl_minus_hqql,mod.cls_blocks.1.attn.h5,CLS<-photon,0.015461518819150628,-5.274758695151051e-05,0.0,0.0,0.0,-5.274758695151051e-05,-5.274758695151051e-05,5.274758695151051e-05,7.912138042726576e-05
signed_hqql_tbl,mod.blocks.4.attn.h0,neutral_hadron<-neutral_hadron,0.03195555613445309,3.11178472152487e-05,-6.465833876102894e-05,2.2664477042190544e-06,-5.379426448710046e-06,9.577618597627764e-05,2.8851399511029648e-05,3.11178472152487e-05,7.900594020338752e-05
signed_hqql_tbl,mod.blocks.6.attn.h3,charged_hadron<-photon,0.01860012657405263,4.0390940352686483e-05,-3.647736444533127e-05,5.337494306305487e-05,-4.976171274326973e-05,7.686830479801775e-05,-1.2984002710368384e-05,4.0390940352686483e-05,7.882509275169535e-05
B_tbl_minus_hqql,mod.blocks.4.attn.h5,charged_hadron<-photon,0.015999351787633,5.251727033488823e-05,0.0,0.0,0.0,5.251727033488823e-05,5.251727033488823e-05,5.251727033488823e-05,7.877590550233234e-05
signed_hqql_tbl,mod.blocks.7.attn.h2,charged_hadron<-photon,0.015207901802840153,-4.371324102574373e-05,2.6307040374016597e-05,-6.0324992831081386e-05,3.782337194526749e-05,-7.002028139976033e-05,1.6611751805337657e-05,4.371324102574373e-05,7.87233817256239e-05
B_tbl_minus_hqql,mod.blocks.1.attn.h0,neutral_hadron<-electron,0.017165748868137598,5.237943287283997e-05,0.0,0.0,0.0,5.237943287283997e-05,5.237943287283997e-05,5.237943287283997e-05,7.856914930925996e-05
signed_hqql_tbl,mod.blocks.2.attn.h2,charged_hadron<-photon,0.018060981980344868,-2.2853714498277698e-05,8.851909594888466e-05,1.6982475006716175e-05,3.629909755398679e-05,-0.00011137281044716236,-3.9836189504993874e-05,2.2853714498277698e-05,7.854011972185888e-05
signed_hqql_tbl,mod.cls_blocks.1.attn.h0,muon<-charged_hadron,0.0,0.0,0.00015697484327988192,-0.00031783216847823217,0.0,-0.00015697484327988192,0.00031783216847823217,0.0,7.848742163994096e-05
signed_hqql_tbl,mod.blocks.3.attn.h1,charged_hadron<-muon,0.01974699944257736,1.925334945553914e-05,0.0001377023096817235,-9.213988508643775e-06,-5.205842899158597e-05,-0.00011844896022618437,2.8467337964182915e-05,1.925334945553914e-05,7.847782956863132e-05
B_tbl_minus_hqql,mod.blocks.1.attn.h6,electron<-charged_hadron,0.01587412449652734,5.2267231259737976e-05,0.0,0.0,0.0,5.2267231259737976e-05,5.2267231259737976e-05,5.2267231259737976e-05,7.840084688960697e-05
B_tbl_minus_hqql,mod.blocks.7.attn.h1,neutral_hadron<-electron,0.055008658580482005,-5.222840836722753e-05,0.0,0.0,0.0,-5.222840836722753e-05,-5.222840836722753e-05,5.222840836722753e-05,7.834261255084128e-05
B_tbl_minus_hqql,mod.blocks.3.attn.h3,neutral_hadron<-electron,0.02187205560039729,-5.2173527842569455e-05,0.0,0.0,0.0,-5.2173527842569455e-05,-5.2173527842569455e-05,5.2173527842569455e-05,7.826029176385418e-05
signed_hqql_tbl,mod.blocks.6.attn.h4,charged_hadron<-electron,0.04686630614425825,7.537988036030741e-05,6.962961245638629e-05,0.0002660660766020057,-9.441850340442249e-05,5.7502679039211246e-06,-0.00019068619624169826,7.537988036030741e-05,7.825501431226798e-05
B_tbl_minus_hqql,mod.blocks.6.attn.h4,electron<-electron,0.0030195773375453427,5.204886836622791e-05,0.0,0.0,0.0,5.204886836622791e-05,5.204886836622791e-05,5.204886836622791e-05,7.807330254934187e-05
B_tbl_minus_hqql,mod.blocks.5.attn.h3,electron<-neutral_hadron,0.02602995652705431,-5.1961918688903094e-05,0.0,0.0,0.0,-5.1961918688903094e-05,-5.1961918688903094e-05,5.1961918688903094e-05,7.794287803335463e-05
B_tbl_minus_hqql,mod.cls_blocks.1.attn.h3,CLS<-photon,0.023440293266936935,-5.1923961813967234e-05,0.0,0.0,0.0,-5.1923961813967234e-05,-5.1923961813967234e-05,5.1923961813967234e-05,7.788594272095085e-05
B_tbl_minus_hqql,mod.blocks.6.attn.h1,neutral_hadron<-electron,0.11310765279922634,5.181656167678739e-05,0.0,0.0,0.0,5.181656167678739e-05,5.181656167678739e-05,5.181656167678739e-05,7.772484251518109e-05
signed_hqql_tbl,mod.blocks.7.attn.h2,neutral_hadron<-electron,0.0356550530414097,4.437788488758088e-05,-2.227520295150498e-05,0.00011874798481888622,-5.1530194281547345e-06,6.665308783908586e-05,-7.437009993130534e-05,4.437788488758088e-05,7.770442880712382e-05
B_tbl_minus_hqql,mod.blocks.3.attn.h2,muon<-neutral_hadron,0.0019072637272377808,-5.1663684037824474e-05,0.0,0.0,0.0,-5.1663684037824474e-05,-5.1663684037824474e-05,5.1663684037824474e-05,7.749552605673671e-05
signed_hqql_tbl,mod.blocks.1.attn.h7,charged_hadron<-muon,0.03844582736492157,-6.349822506308555e-05,-3.6531302612274885e-05,-0.0001852188146962174,0.00024419598642508593,-2.6966922450810668e-05,0.00012172058963313185,6.349822506308555e-05,7.698168628849088e-05
signed_hqql_tbl,mod.blocks.6.attn.h5,charged_hadron<-photon,0.021502732736629677,3.411951654131437e-05,-5.1563336178789295e-05,3.899525082527311e-05,-3.066586023576354e-05,8.568285272010366e-05,-4.87573428395874e-06,3.411951654131437e-05,7.696094290136619e-05
signed_hqql_tbl,mod.blocks.7.attn.h1,neutral_hadron<-electron,0.05500865262001753,-5.2228432923584475e-05,-2.842094545485452e-06,-5.7887080231466825e-06,4.644508408091497e-06,-4.9386338378099023e-05,-4.643972490043779e-05,5.2228432923584475e-05,7.692160211263398e-05
signed_hqql_tbl,mod.blocks.3.attn.h3,electron<-neutral_hadron,0.018157183821313084,2.9191121666372055e-05,-6.624323418691347e-05,0.0006206055512999834,-4.4076651273130934e-05,9.543435585328553e-05,-0.0005914144296336113,2.9191121666372055e-05,7.690829959301481e-05
signed_hqql_tbl,mod.blocks.1.attn.h3,photon<-electron,0.014574517155202424,-4.0557607263042706e-05,3.199412562285683e-05,-0.00018662961968539716,0.00011639804076615043,-7.255173288589953e-05,0.00014607201242235445,4.0557607263042706e-05,7.683347370599247e-05
signed_hqql_tbl,mod.blocks.4.attn.h3,photon<-muon,0.012337877200200008,1.0649109474168374e-05,-0.0001215776688835691,-1.3315468888983808e-05,-3.800175330036803e-06,0.00013222677835773747,2.396457836315218e-05,1.0649109474168374e-05,7.676249865303711e-05
signed_hqql_tbl,mod.blocks.7.attn.h5,muon<-muon,0.0030054477974772453,-4.585611532093026e-05,1.5766185242682695e-05,-0.0014964575920497936,-2.4560318756527977e-07,-6.162230056361295e-05,0.0014506014767288633,4.585611532093026e-05,7.666726560273673e-05
signed_hqql_tbl,mod.blocks.6.attn.h5,electron<-charged_hadron,0.014655302541897348,3.8188011943851094e-05,-3.8445773534476756e-05,0.00039302320369789676,-7.73154822666213e-05,7.663378547832786e-05,-0.00035483519175404565,3.8188011943851094e-05,7.650490468301502e-05
signed_hqql_tbl,mod.blocks.0.attn.h7,muon<-charged_hadron,0.005656971782445908,3.5685885814018546e-05,-4.5939966609391075e-05,-9.357655317530614e-05,-5.736566809177095e-05,8.162585242340963e-05,0.00012926243898932468,3.5685885814018546e-05,7.649881202572337e-05
B_tbl_minus_hqql,mod.blocks.0.attn.h2,neutral_hadron<-photon,0.01827384998222743,-5.099221965834365e-05,0.0,0.0,0.0,-5.099221965834365e-05,-5.099221965834365e-05,5.099221965834365e-05,7.648832948751547e-05
signed_hqql_tbl,mod.blocks.3.attn.h6,electron<-neutral_hadron,0.01878043431788683,5.0722074297482324e-05,-7.784821178802304e-07,-0.00011344183549984639,-6.783962838680429e-05,5.1500556415362554e-05,0.00016416390979732872,5.0722074297482324e-05,7.64723525051636e-05
B_tbl_minus_hqql,mod.cls_blocks.1.attn.h7,charged_hadron<-charged_hadron,0.01983539779216815,-5.093410193997746e-05,0.0,0.0,0.0,-5.093410193997746e-05,-5.093410193997746e-05,5.093410193997746e-05,7.640115290996619e-05
signed_hqql_tbl,mod.blocks.4.attn.h6,electron<-charged_hadron,0.02694391200075979,-5.841398967237657e-05,-9.42618539556861e-05,-9.62566991802305e-05,0.00010676816519763734,3.584786428330952e-05,3.7842709507853925e-05,5.841398967237657e-05,7.633792181403133e-05
B_tbl_minus_hqql,mod.blocks.2.attn.h5,neutral_hadron<-electron,0.022040616627782582,-5.088178750156658e-05,0.0,0.0,0.0,-5.088178750156658e-05,-5.088178750156658e-05,5.088178750156658e-05,7.632268125234987e-05
signed_hqql_tbl,mod.blocks.5.attn.h6,electron<-electron,0.0045459264918918055,-5.079059348400694e-05,1.035562174206417e-09,-1.7991614590250215e-06,-4.7018839895625795e-08,-5.079162904618115e-05,-4.8991432024981916e-05,5.079059348400694e-05,7.618640800709751e-05
B_tbl_minus_hqql,mod.blocks.5.attn.h6,electron<-electron,0.004545929080995848,-5.079062243871224e-05,0.0,0.0,0.0,-5.079062243871224e-05,-5.079062243871224e-05,5.079062243871224e-05,7.618593365806836e-05
signed_hqql_tbl,mod.cls_blocks.1.attn.h5,electron<-photon,0.016981285404075275,-5.076394485182721e-05,0.0,-0.00018668692209757864,0.0,-5.076394485182721e-05,0.00013592297724575143,5.076394485182721e-05,7.614591727774082e-05
B_tbl_minus_hqql,mod.blocks.3.attn.h6,electron<-neutral_hadron,0.018780444923322648,5.07220641566164e-05,0.0,0.0,0.0,5.07220641566164e-05,5.07220641566164e-05,5.07220641566164e-05,7.608309623492461e-05
signed_hqql_tbl,mod.blocks.3.attn.h0,electron<-neutral_hadron,0.010105116287013516,-4.086243043275317e-05,2.9520712814701255e-05,-0.0002848420466155706,0.0005057245948324528,-7.038314324745443e-05,0.00024397961618281743,4.086243043275317e-05,7.605400205648038e-05
B_tbl_minus_hqql,mod.blocks.1.attn.h4,charged_hadron<-electron,0.04878112689956375,5.061690685777095e-05,0.0,0.0,0.0,5.061690685777095e-05,5.061690685777095e-05,5.061690685777095e-05,7.592536028665643e-05
B_tbl_minus_hqql,mod.cls_blocks.1.attn.h5,neutral_hadron<-electron,0.004926719586364925,5.059135764895473e-05,0.0,0.0,0.0,5.059135764895473e-05,5.059135764895473e-05,5.059135764895473e-05,7.588703647343209e-05
B_tbl_minus_hqql,mod.blocks.0.attn.h4,muon<-photon,0.012541854610809913,5.0509482837067204e-05,0.0,0.0,0.0,5.0509482837067204e-05,5.0509482837067204e-05,5.0509482837067204e-05,7.57642242556008e-05
B_tbl_minus_hqql,mod.blocks.1.attn.h2,charged_hadron<-muon,0.019771787524223327,-5.043053533881903e-05,0.0,0.0,0.0,-5.043053533881903e-05,-5.043053533881903e-05,5.043053533881903e-05,7.564580300822854e-05
B_tbl_minus_hqql,mod.blocks.4.attn.h6,charged_hadron<-electron,0.005177392715426243,-5.041539264746699e-05,0.0,0.0,0.0,-5.041539264746699e-05,-5.041539264746699e-05,5.041539264746699e-05,7.562308897120047e-05
B_tbl_minus_hqql,mod.blocks.2.attn.h4,charged_hadron<-muon,0.036321622133255,5.036974907852709e-05,0.0,0.0,0.0,5.036974907852709e-05,5.036974907852709e-05,5.036974907852709e-05,7.555462361779063e-05
signed_hqql_tbl,mod.blocks.1.attn.h2,neutral_hadron<-charged_hadron,0.030765065205134567,-2.828226428859222e-05,6.589656160842325e-05,-2.5104577446338286e-05,-1.4171380978497646e-06,-9.417882589701547e-05,-3.1776868422539333e-06,2.828226428859222e-05,7.537167723709996e-05
signed_hqql_tbl,mod.blocks.2.attn.h3,photon<-photon,0.026911238359604853,-4.090929234849656e-05,2.7903031242620382e-05,-2.0998005440702343e-05,2.8190058774389238e-05,-6.881232359111695e-05,-1.9911286907794214e-05,4.090929234849656e-05,7.531545414405502e-05
B_tbl_minus_hqql,mod.blocks.7.attn.h0,neutral_hadron<-electron,0.032566223107278344,5.019282298235339e-05,0.0,0.0,0.0,5.019282298235339e-05,5.019282298235339e-05,5.019282298235339e-05,7.528923447353009e-05
signed_hqql_tbl,mod.blocks.5.attn.h7,neutral_hadron<-electron,0.0317522257566452,2.6128181968942953e-05,-7.219217832243885e-05,-1.9281543700344628e-05,-3.4950196148950934e-06,9.83203602913818e-05,4.5409725669287584e-05,2.6128181968942953e-05,7.528836211463385e-05
signed_hqql_tbl,mod.blocks.2.attn.h5,electron<-charged_hadron,0.017350146870898163,-3.621076377938785e-05,4.1870116256177425e-05,-0.00031357467692765976,-1.6201539741208155e-05,-7.808088003556527e-05,0.00027736391314827193,3.621076377938785e-05,7.525120379717048e-05
B_tbl_minus_hqql,mod.cls_blocks.1.attn.h1,electron<-photon,0.01989466358314861,5.0160700497640804e-05,0.0,0.0,0.0,5.0160700497640804e-05,5.0160700497640804e-05,5.0160700497640804e-05,7.524105074646121e-05
signed_hqql_tbl,mod.blocks.4.attn.h4,muon<-neutral_hadron,0.002949551368753115,-1.1081553869492685e-05,-0.00013922761354479007,9.546225249467075e-05,5.115227895657881e-05,0.00012814605967529738,-0.00010654380636416343,1.1081553869492685e-05,7.515458370714137e-05
signed_hqql_tbl,mod.cls_blocks.1.attn.h7,muon<-neutral_hadron,0.0,0.0,-0.00015005713794380426,1.9199498638045043e-05,0.0,0.00015005713794380426,-1.9199498638045043e-05,0.0,7.502856897190213e-05
signed_hqql_tbl,mod.blocks.4.attn.h4,electron<-charged_hadron,0.02695292169633119,-4.9272905807415753e-05,1.965955210228761e-06,-2.120476053659654e-05,-1.2443711124500691e-05,-5.123886101764451e-05,-2.8068145270819215e-05,4.9272905807415753e-05,7.4892336316238e-05
signed_hqql_tbl,mod.blocks.5.attn.h4,muon<-charged_hadron,0.0122834712266922,3.354492946527898e-05,-4.912400618195534e-05,5.395917707636695e-05,-6.811881416515276e-05,8.266893564723432e-05,-2.041424761108797e-05,3.354492946527898e-05,7.487939728889614e-05
B_tbl_minus_hqql,mod.blocks.0.attn.h5,photon<-electron,0.01698097659320366,-4.969680465852967e-05,0.0,0.0,0.0,-4.969680465852967e-05,-4.969680465852967e-05,4.969680465852967e-05,7.45452069877945e-05
signed_hqql_tbl,mod.blocks.7.attn.h4,electron<-photon,0.017822944082138015,3.482857227492964e-05,-4.452341954674921e-05,3.673354742254373e-05,-2.1768967218866403e-05,7.935199182167884e-05,-1.904975147614093e-06,3.482857227492964e-05,7.450456818576905e-05
signed_hqql_tbl,mod.cls_blocks.1.attn.h1,neutral_hadron<-CLS,0.004861342149524717,-4.846563183491526e-05,3.4576589769130806e-06,0.0,0.0,-5.192329081182834e-05,-4.846563183491526e-05,4.846563183491526e-05,7.442727724082943e-05
signed_hqql_tbl,mod.blocks.0.attn.h5,photon<-charged_hadron,0.025582985407081097,-2.689209762927388e-05,6.81717295545687e-05,2.1171326443755395e-06,3.0758159555316394e-05,-9.506382718384258e-05,-2.900923027364942e-05,2.689209762927388e-05,7.442401122119516e-05
B_tbl_minus_hqql,mod.blocks.3.attn.h0,neutral_hadron<-neutral_hadron,0.032491508835117096,4.950326366003277e-05,0.0,0.0,0.0,4.950326366003277e-05,4.950326366003277e-05,4.950326366003277e-05,7.425489549004915e-05
B_tbl_minus_hqql,mod.blocks.3.attn.h1,electron<-neutral_hadron,0.014888090547174215,-4.9394611778552644e-05,0.0,0.0,0.0,-4.9394611778552644e-05,-4.9394611778552644e-05,4.9394611778552644e-05,7.409191766782897e-05
signed_hqql_tbl,mod.cls_blocks.1.attn.h0,electron<-charged_hadron,0.010106770366075494,4.937750262407852e-05,0.0,6.479625257530383e-05,0.0,4.937750262407852e-05,-1.5418749951225314e-05,4.937750262407852e-05,7.406625393611778e-05
signed_hqql_tbl,mod.cls_blocks.1.attn.h0,CLS<-CLS,0.001063439718564041,1.933732804104693e-06,-0.00014220899052030944,0.0,0.0,0.00014414272332441413,1.933732804104693e-06,1.933732804104693e-06,7.400509446631176e-05
B_tbl_minus_hqql,mod.blocks.4.attn.h4,electron<-charged_hadron,0.02695291926679404,-4.927291078986499e-05,0.0,0.0,0.0,-4.927291078986499e-05,-4.927291078986499e-05,4.927291078986499e-05,7.390936618479748e-05
B_tbl_minus_hqql,mod.blocks.3.attn.h4,neutral_hadron<-electron,0.04275420792400837,4.925057460241078e-05,0.0,0.0,0.0,4.925057460241078e-05,4.925057460241078e-05,4.925057460241078e-05,7.387586190361618e-05
signed_hqql_tbl,mod.blocks.0.attn.h6,electron<-neutral_hadron,0.015358815575018525,4.0742236842561395e-05,-2.5161802561513014e-05,3.960251770725639e-05,1.8335312822326907e-05,6.590403940407442e-05,1.1397191353050063e-06,4.0742236842561395e-05,7.36942565445986e-05
B_tbl_minus_hqql,mod.blocks.1.attn.h0,photon<-muon,0.03135283176715557,4.9106431945871846e-05,0.0,0.0,0.0,4.9106431945871846e-05,4.9106431945871846e-05,4.9106431945871846e-05,7.365964791880777e-05
B_tbl_minus_hqql,mod.cls_blocks.1.attn.h2,electron<-charged_hadron,0.013822951841922034,-4.908648995859992e-05,0.0,0.0,0.0,-4.908648995859992e-05,-4.908648995859992e-05,4.908648995859992e-05,7.362973493789988e-05
signed_hqql_tbl,mod.blocks.3.attn.h4,photon<-photon,0.023348706047246034,3.345266585299093e-05,-4.643539178801625e-05,2.9009119284877084e-05,-3.766284343727106e-05,7.988805764100719e-05,4.443546568113849e-06,3.345266585299093e-05,7.339669467349452e-05
signed_hqql_tbl,mod.blocks.1.attn.h2,neutral_hadron<-electron,0.015468219108879567,-2.1311197997420095e-07,-0.00014631653301933056,-5.5049152768068175e-05,-5.5615434950381954e-05,0.00014610342103935637,5.483604078809397e-05,2.1311197997420095e-07,7.326482249965238e-05
B_tbl_minus_hqql,mod.blocks.5.attn.h5,charged_hadron<-charged_hadron,0.02818671757896823,-4.8803763125403655e-05,0.0,0.0,0.0,-4.8803763125403655e-05,-4.8803763125403655e-05,4.8803763125403655e-05,7.320564468810549e-05
signed_hqql_tbl,mod.cls_blocks.1.attn.h5,neutral_hadron<-electron,0.009030051762238145,4.874035585089587e-05,0.0,5.404647163231857e-05,-9.338468953501433e-05,4.874035585089587e-05,-5.3061157814227045e-06,4.874035585089587e-05,7.31105337763438e-05
signed_hqql_tbl,mod.blocks.0.attn.h6,charged_hadron<-electron,0.018203023011269776,-2.8288076503921058e-05,-0.00011785802276184161,2.3671536661324e-06,-0.00010089447109580592,8.956994625792055e-05,-3.065523017005346e-05,2.8288076503921058e-05,7.307304963288134e-05
B_tbl_minus_hqql,mod.blocks.3.attn.h3,electron<-photon,0.018897726223236176,-4.8606136260787025e-05,0.0,0.0,0.0,-4.8606136260787025e-05,-4.8606136260787025e-05,4.8606136260787025e-05,7.290920439118054e-05
signed_hqql_tbl,mod.blocks.2.attn.h5,photon<-photon,0.021179980336191003,2.4982022201147556e-05,-7.030951120047782e-05,7.171949523956298e-06,-2.8789002120254393e-05,9.529153340162537e-05,1.7810072677191258e-05,2.4982022201147556e-05,7.262778890196025e-05
B_tbl_minus_hqql,mod.blocks.1.attn.h6,photon<-muon,0.015885779490837686,-4.818282860259597e-05,0.0,0.0,0.0,-4.818282860259597e-05,-4.818282860259597e-05,4.818282860259597e-05,7.227424290389396e-05
signed_hqql_tbl,mod.blocks.5.attn.h4,photon<-electron,0.14079715893035982,1.8885442486640474e-05,0.00012562775685052787,4.362141512563988e-05,-5.3241598255805336e-05,-0.0001067423143638874,-2.4735972638999404e-05,1.8885442486640474e-05,7.225659966858417e-05
signed_hqql_tbl,mod.blocks.2.attn.h1,photon<-electron,0.04375781391451999,-1.3300346703234515e-05,0.00010449987231757924,5.810081098413682e-06,4.6112910653887825e-06,-0.00011780021902081376,-1.9110427801648197e-05,1.3300346703234515e-05,7.22004562136414e-05
signed_hqql_tbl,mod.blocks.7.attn.h4,charged_hadron<-electron,0.11577965344464325,-4.351436450880773e-05,1.3691993432682162e-05,-3.4540017957389805e-05,-9.550877486482798e-06,-5.720635794148989e-05,-8.974346551417926e-06,4.351436450880773e-05,7.211754347955268e-05
signed_hqql_tbl,mod.blocks.4.attn.h1,electron<-electron,0.0009910078307257208,4.2495619326210486e-05,-1.6421844989622514e-05,0.00022146111629063448,-1.545427949167788e-06,5.8917464315833e-05,-0.000178965496964424,4.2495619326210486e-05,7.195435148412698e-05
signed_hqql_tbl,mod.blocks.1.attn.h4,electron<-neutral_hadron,0.030489679798483847,3.791082781390287e-05,-3.004128302563913e-05,-0.00021323802260061106,2.210682021755287e-05,6.7952110839542e-05,0.00025114885041451396,3.791082781390287e-05,7.188688323367387e-05
B_tbl_minus_hqql,mod.cls_blocks.1.attn.h1,CLS<-neutral_hadron,0.02150513593935304,-4.787752452160468e-05,0.0,0.0,0.0,-4.787752452160468e-05,-4.787752452160468e-05,4.787752452160468e-05,7.181628678240702e-05
signed_hqql_tbl,mod.cls_blocks.1.attn.h7,neutral_hadron<-charged_hadron,0.019563711639763653,4.2420568997445315e-05,-1.6227527521550655e-05,0.0003743086858922916,-0.00016187930479645728,5.864809651899597e-05,-0.00033188811689484625,4.2420568997445315e-05,7.174461725694331e-05
signed_hqql_tbl,mod.cls_blocks.1.attn.h6,muon<-photon,0.0,0.0,-0.0001432030461728573,-0.0011013478327255982,0.0,0.0001432030461728573,0.0011013478327255982,0.0,7.160152308642864e-05
signed_hqql_tbl,mod.blocks.5.attn.h6,charged_hadron<-muon,0.05910990238189697,-4.553233738988638e-05,6.570339125270645e-06,-5.709751938662395e-05,-3.852068068820755e-06,-5.210267651515702e-05,1.1565181996737574e-05,4.553233738988638e-05,7.158367564746489e-05
B_tbl_minus_hqql,mod.blocks.1.attn.h7,muon<-muon,0.007433855440467596,4.7685298341093585e-05,0.0,0.0,0.0,4.7685298341093585e-05,4.7685298341093585e-05,4.7685298341093585e-05,7.152794751164038e-05
B_tbl_minus_hqql,mod.blocks.0.attn.h4,charged_hadron<-electron,0.025217806920409203,4.767585391085089e-05,0.0,0.0,0.0,4.767585391085089e-05,4.767585391085089e-05,4.767585391085089e-05,7.151378086627633e-05
signed_hqql_tbl,mod.blocks.7.attn.h5,electron<-charged_hadron,0.017175448471275362,-5.515875320428598e-05,-8.780405391007661e-05,-2.5321173691941845e-06,8.274851831999883e-05,3.2645300705790634e-05,-5.262663583509179e-05,5.515875320428598e-05,7.14814035571813e-05
signed_hqql_tbl,mod.blocks.1.attn.h7,muon<-muon,0.007433862891048193,4.768529106513597e-05,2.5068147380125083e-07,0.003367444140158149,1.3120990397889423e-07,4.743460959133472e-05,-0.003319758849093013,4.768529106513597e-05,7.140259586080333e-05
B_tbl_minus_hqql,mod.blocks.1.attn.h4,muon<-neutral_hadron,0.0203683003783226,-4.734306518609325e-05,0.0,0.0,0.0,-4.734306518609325e-05,-4.734306518609325e-05,4.734306518609325e-05,7.101459777913988e-05
signed_hqql_tbl,mod.cls_blocks.1.attn.h6,muon<-charged_hadron,0.0,0.0,-0.00014198480427942493,-0.000619804295591819,0.0,0.00014198480427942493,0.000619804295591819,0.0,7.099240213971247e-05
B_tbl_minus_hqql,mod.blocks.7.attn.h3,muon<-charged_hadron,0.027755096554756165,4.727197519969195e-05,0.0,0.0,0.0,4.727197519969195e-05,4.727197519969195e-05,4.727197519969195e-05,7.090796279953792e-05
signed_hqql_tbl,mod.blocks.6.attn.h3,electron<-neutral_hadron,0.013166994391940533,-4.442124522938684e-05,8.25026568662679e-06,-0.00021570774701965925,-1.1426563479985549e-06,-5.267151091601363e-05,0.0001712865017902724,4.442124522938684e-05,7.075700068739365e-05
B_tbl_minus_hqql,mod.blocks.4.attn.h0,charged_hadron<-photon,0.016065837969766798,-4.716953249823158e-05,0.0,0.0,0.0,-4.716953249823158e-05,-4.716953249823158e-05,4.716953249823158e-05,7.075429874734737e-05
signed_hqql_tbl,mod.blocks.7.attn.h1,photon<-muon,0.022524753442177407,1.2805122353781302e-05,0.00012827530512228035,2.2283534582873638e-05,1.3197741618905976e-05,-0.00011547018276849904,-9.478412229092336e-06,1.2805122353781302e-05,7.054021373803083e-05
signed_hqql_tbl,mod.cls_blocks.1.attn.h0,electron<-muon,0.0029654852114617825,-4.6974786528153345e-05,0.0,0.0,0.0,-4.6974786528153345e-05,-4.6974786528153345e-05,4.6974786528153345e-05,7.046217979223002e-05
B_tbl_minus_hqql,mod.cls_blocks.1.attn.h0,CLS<-muon,0.0029654838144779205,-4.6974735596450046e-05,0.0,0.0,0.0,-4.6974735596450046e-05,-4.6974735596450046e-05,4.6974735596450046e-05,7.046210339467507e-05
B_tbl_minus_hqql,mod.cls_blocks.1.attn.h0,electron<-muon,0.0029654838144779205,-4.6974735596450046e-05,0.0,0.0,0.0,-4.6974735596450046e-05,-4.6974735596450046e-05,4.6974735596450046e-05,7.046210339467507e-05
B_tbl_minus_hqql,mod.blocks.4.attn.h7,electron<-photon,0.014152054016183063,4.6897994208138256e-05,0.0,0.0,0.0,4.6897994208138256e-05,4.6897994208138256e-05,4.6897994208138256e-05,7.034699131220739e-05
signed_hqql_tbl,mod.blocks.7.attn.h6,photon<-neutral_hadron,0.016056204795059526,-2.3103014206693038e-05,7.130431833091198e-05,-2.5443671449637227e-05,3.748410210442345e-05,-9.440733253760503e-05,2.3406572429441893e-06,2.3103014206693038e-05,7.030668047549555e-05
signed_hqql_tbl,mod.blocks.7.attn.h3,electron<-charged_hadron,0.027334046104679936,3.102972764578305e-05,-4.6291118681741255e-05,5.7287814871092595e-05,-7.528825130133623e-05,7.732084632752431e-05,-2.6258087225309547e-05,3.102972764578305e-05,6.969015080954521e-05
signed_hqql_tbl,mod.cls_blocks.1.attn.h2,muon<-neutral_hadron,0.0,0.0,-0.00013874103315174579,0.00014120734219128886,0.0,0.00013874103315174579,-0.00014120734219128886,0.0,6.937051657587289e-05
signed_hqql_tbl,mod.blocks.4.attn.h6,photon<-electron,0.012774511944593453,-3.645270363649172e-05,2.928885065297696e-05,-2.260012095650556e-05,1.125889512794939e-05,-6.574155428946867e-05,-1.3852582679986159e-05,3.645270363649172e-05,6.932348078122606e-05
B_tbl_minus_hqql,mod.blocks.1.attn.h2,electron<-charged_hadron,0.020365001228840454,-4.613076516366361e-05,0.0,0.0,0.0,-4.613076516366361e-05,-4.613076516366361e-05,4.613076516366361e-05,6.919614774549541e-05
B_tbl_minus_hqql,mod.blocks.5.attn.h2,muon<-photon,0.011382833123207092,4.6120387896035725e-05,0.0,0.0,0.0,4.6120387896035725e-05,4.6120387896035725e-05,4.6120387896035725e-05,6.918058184405358e-05
B_tbl_minus_hqql,mod.blocks.3.attn.h5,neutral_hadron<-muon,0.01332779104510943,-4.58976379983748e-05,0.0,0.0,0.0,-4.58976379983748e-05,-4.58976379983748e-05,4.58976379983748e-05,6.88464569975622e-05
signed_hqql_tbl,mod.blocks.1.attn.h0,charged_hadron<-neutral_hadron,0.022731570486084422,-3.7522130123676067e-05,2.5053141242195222e-05,2.5364146189743748e-05,6.882723352692503e-05,-6.257527136587129e-05,-6.288627631341981e-05,3.7522130123676067e-05,6.880976580661171e-05
B_tbl_minus_hqql,mod.blocks.7.attn.h5,muon<-muon,0.0030054484959691763,-4.585615897667594e-05,0.0,0.0,0.0,-4.585615897667594e-05,-4.585615897667594e-05,4.585615897667594e-05,6.878423846501391e-05
B_tbl_minus_hqql,mod.cls_blocks.1.attn.h6,electron<-neutral_hadron,0.012771965649265509,4.5822333329572124e-05,0.0,0.0,0.0,4.5822333329572124e-05,4.5822333329572124e-05,4.5822333329572124e-05,6.873349999435819e-05
signed_hqql_tbl,mod.blocks.6.attn.h2,photon<-photon,0.013647235391711102,-3.193859125252405e-05,4.164678818824464e-05,-3.2146512774036055e-05,2.400990931290304e-05,-7.358537944076869e-05,2.0792152151200493e-07,3.193859125252405e-05,6.87312809729084e-05
B_tbl_minus_hqql,mod.blocks.1.attn.h3,muon<-photon,0.012728150074298564,-4.5809814204963353e-05,0.0,0.0,0.0,-4.5809814204963353e-05,-4.5809814204963353e-05,4.5809814204963353e-05,6.871472130744503e-05
B_tbl_minus_hqql,mod.blocks.3.attn.h0,electron<-charged_hadron,0.020059851605607117,4.570146784712763e-05,0.0,0.0,0.0,4.570146784712763e-05,4.570146784712763e-05,4.570146784712763e-05,6.855220177069145e-05
B_tbl_minus_hqql,mod.blocks.0.attn.h4,electron<-photon,0.026385011287724098,4.556860416991318e-05,0.0,0.0,0.0,4.556860416991318e-05,4.556860416991318e-05,4.556860416991318e-05,6.835290625486977e-05
B_tbl_minus_hqql,mod.blocks.5.attn.h6,charged_hadron<-muon,0.05910990834236145,-4.553230828605592e-05,0.0,0.0,0.0,-4.553230828605592e-05,-4.553230828605592e-05,4.553230828605592e-05,6.829846242908388e-05
signed_hqql_tbl,mod.blocks.2.attn.h4,photon<-photon,0.019858712814212497,3.1805105545402684e-05,-4.114102684591432e-05,2.2029056628205674e-05,-3.3808546102474465e-05,7.2946132391317e-05,9.77604891719701e-06,3.1805105545402684e-05,6.827817174106119e-05
signed_hqql_tbl,mod.cls_blocks.1.attn.h3,charged_hadron<-CLS,0.0025155211333185434,6.432064765249379e-06,-0.00011713956802042149,0.0,0.0,0.00012357163278567087,6.432064765249379e-06,6.432064765249379e-06,6.821788115808481e-05
signed_hqql_tbl,mod.blocks.6.attn.h4,photon<-electron,0.07001717424974209,3.79971177430778e-05,-2.160617577828816e-05,0.00023914049473217983,-2.1412668469234963e-05,5.9603293521365964e-05,-0.00020114337698910203,3.79971177430778e-05,6.779876450376078e-05
B_tbl_minus_hqql,mod.blocks.1.attn.h7,photon<-muon,0.03820907840361962,-4.509038094861003e-05,0.0,0.0,0.0,-4.509038094861003e-05,-4.509038094861003e-05,4.509038094861003e-05,6.763557142291505e-05
signed_hqql_tbl,mod.blocks.3.attn.h6,photon<-electron,0.011508106140465272,-3.38528038033784e-05,3.3693072509777267e-05,-2.7585530168000505e-05,0.00011656180544047278,-6.754587631315566e-05,-6.267273635377892e-06,3.38528038033784e-05,6.762574195995623e-05
signed_hqql_tbl,mod.cls_blocks.1.attn.h2,neutral_hadron<-neutral_hadron,0.009375341379871735,4.511052863493275e-05,1.7167885365173183e-07,0.0006690702236179883,-0.00010599438731636231,4.493884978128102e-05,-0.0006239596949830556,4.511052863493275e-05,6.757995352557326e-05
B_tbl_minus_hqql,mod.blocks.4.attn.h3,muon<-neutral_hadron,0.0032301504785815873,4.500151650669674e-05,0.0,0.0,0.0,4.500151650669674e-05,4.500151650669674e-05,4.500151650669674e-05,6.750227476004511e-05
signed_hqql_tbl,mod.blocks.4.attn.h6,charged_hadron<-muon,0.006087274104356766,-9.164521179627627e-06,0.00010741084503630797,-0.00012937613586284992,8.796920942864856e-05,-0.00011657536621593559,0.0001202116146832223,9.164521179627627e-06,6.745220428759542e-05
signed_hqql_tbl,mod.blocks.5.attn.h7,muon<-neutral_hadron,0.0019484783212343852,6.490205729884716e-07,-0.00013285017297448576,0.00011748316822042015,7.556041479498769e-05,0.00013349919354747422,-0.00011683414764743167,6.490205729884716e-07,6.739861734672559e-05
signed_hqql_tbl,mod.blocks.3.attn.h7,charged_hadron<-electron,0.08081599697470665,2.197184569566794e-05,-6.880355921263496e-05,-0.00011186373209761035,6.516832810895587e-05,9.07754049083029e-05,0.0001338355777932783,2.197184569566794e-05,6.735954814981939e-05
signed_hqql_tbl,mod.blocks.4.attn.h3,photon<-photon,0.021785779361154133,-2.6555426911001195e-05,5.500001831105874e-05,-2.604550560252389e-05,2.2400113325521777e-05,-8.155544522205993e-05,-5.099213084773045e-07,2.6555426911001195e-05,6.733314952203116e-05
signed_hqql_tbl,mod.blocks.0.attn.h7,charged_hadron<-electron,0.04435399887354478,2.8644480232248064e-05,-4.84018970746547e-05,7.683409907434496e-05,-5.70514843005825e-05,7.704637730690276e-05,-4.81896188420969e-05,2.8644480232248064e-05,6.716766888569944e-05
B_tbl_minus_hqql,mod.blocks.3.attn.h7,neutral_hadron<-muon,0.03069235881169637,4.4776233456407986e-05,0.0,0.0,0.0,4.4776233456407986e-05,4.4776233456407986e-05,4.4776233456407986e-05,6.716435018461198e-05
B_tbl_minus_hqql,mod.blocks.0.attn.h0,muon<-neutral_hadron,0.0035507790744304657,-4.470321194579204e-05,0.0,0.0,0.0,-4.470321194579204e-05,-4.470321194579204e-05,4.470321194579204e-05,6.705481791868806e-05
signed_hqql_tbl,mod.blocks.1.attn.h6,electron<-charged_hadron,0.015874125508834488,5.22672515058809e-05,2.272644080221653e-05,-0.0001946507359764749,-0.0003596181998512259,2.9540810703664368e-05,0.0002469179874823558,5.22672515058809e-05,6.703765685771308e-05
B_tbl_minus_hqql,mod.blocks.1.attn.h4,photon<-muon,0.023806306032034066,4.465064445797067e-05,0.0,0.0,0.0,4.465064445797067e-05,4.465064445797067e-05,4.465064445797067e-05,6.6975966686956e-05
signed_hqql_tbl,mod.blocks.1.attn.h2,neutral_hadron<-neutral_hadron,0.019854111293100014,-4.371165108437082e-05,2.7618543500376536e-06,-2.2942406496345856e-05,-1.733421025968645e-05,-4.647350543440847e-05,-2.0769244588024964e-05,4.371165108437082e-05,6.694840380157506e-05
signed_hqql_tbl,mod.blocks.1.attn.h5,photon<-electron,0.025549536798058485,2.4757755099704898e-05,-5.938948119624651e-05,3.6743397275081596e-05,5.212862425568429e-05,8.414723629595141e-05,-1.1985642175376699e-05,2.4757755099704898e-05,6.68313732476806e-05
B_tbl_minus_hqql,mod.blocks.1.attn.h0,neutral_hadron<-neutral_hadron,0.03160905020390456,-4.4552831344002885e-05,0.0,0.0,0.0,-4.4552831344002885e-05,-4.4552831344002885e-05,4.4552831344002885e-05,6.682924701600432e-05
signed_hqql_tbl,mod.cls_blocks.1.attn.h2,electron<-charged_hadron,0.01405825253043856,-4.448235822131946e-05,0.0,-0.00012303781321471824,0.0,-4.448235822131946e-05,7.855545499339879e-05,4.448235822131946e-05,6.67235373319792e-05
signed_hqql_tbl,mod.blocks.7.attn.h3,muon<-muon,0.005742451176047325,-4.444007572601549e-05,8.714180538271776e-08,-5.152891942028504e-08,1.0687796973366896e-06,-4.452721753139821e-05,-4.438854680659521e-05,4.444007572601549e-05,6.67036844917146e-05
signed_hqql_tbl,mod.blocks.6.attn.h7,photon<-muon,0.015963271260261536,-2.5784281136181493e-05,5.596987186716153e-05,-3.0149394895447172e-05,8.683826830814791e-06,-8.175415300334302e-05,4.365113759265679e-06,2.5784281136181493e-05,6.6661357637853e-05
B_tbl_minus_hqql,mod.blocks.7.attn.h3,muon<-muon,0.005742449313402176,-4.444005753612146e-05,0.0,0.0,0.0,-4.444005753612146e-05,-4.444005753612146e-05,4.444005753612146e-05,6.666008630418219e-05
B_tbl_minus_hqql,mod.blocks.6.attn.h3,electron<-neutral_hadron,0.013166986173018813,-4.4421227028124124e-05,0.0,0.0,0.0,-4.4421227028124124e-05,-4.4421227028124124e-05,4.4421227028124124e-05,6.66318405421862e-05
B_tbl_minus_hqql,mod.blocks.2.attn.h4,photon<-neutral_hadron,0.02932333122167074,-4.441500242592897e-05,0.0,0.0,0.0,-4.441500242592897e-05,-4.441500242592897e-05,4.441500242592897e-05,6.662250363889346e-05
B_tbl_minus_hqql,mod.blocks.7.attn.h2,neutral_hadron<-electron,0.03565505315782502,4.437789084477117e-05,0.0,0.0,0.0,4.437789084477117e-05,4.437789084477117e-05,4.437789084477117e-05,6.656683626715676e-05
signed_hqql_tbl,mod.blocks.6.attn.h5,electron<-photon,0.028670023854185895,-1.5209381228664935e-05,-0.00011792329626457234,8.393531268118077e-05,0.0002173823897134174,0.0001027139150359074,-9.91446939098457e-05,1.5209381228664935e-05,6.656633874661863e-05
signed_hqql_tbl,mod.blocks.5.attn.h5,photon<-photon,0.016842608570875186,2.8921287036615572e-05,-4.628816352340479e-05,2.897502406782824e-05,-3.109438062408279e-05,7.520945056002037e-05,-5.373703121266645e-08,2.8921287036615572e-05,6.652601231662575e-05
signed_hqql_tbl,mod.blocks.1.attn.h0,neutral_hadron<-muon,0.010743416845798492,1.4862995158182457e-05,-8.830590741126798e-05,0.00017434905059513097,-8.332681924609156e-06,0.00010316890256945044,-0.0001594860554369485,1.4862995158182457e-05,6.644744644290768e-05
signed_hqql_tbl,mod.blocks.7.attn.h5,photon<-photon,0.01797304714705495,2.9610082662482215e-05,-4.396258834664192e-05,2.4074458404433082e-05,-4.5584957366531675e-05,7.357267100912413e-05,5.5356242580491335e-06,2.9610082662482215e-05,6.639641816704428e-05
B_tbl_minus_hqql,mod.blocks.1.attn.h3,electron<-neutral_hadron,0.021302678901702166,4.424528015078977e-05,0.0,0.0,0.0,4.424528015078977e-05,4.424528015078977e-05,4.424528015078977e-05,6.636792022618465e-05
signed_hqql_tbl,mod.cls_blocks.1.attn.h2,CLS<-electron,0.006177791277877986,2.380299929427565e-05,-6.0913569996046135e-05,7.0923204556753e-05,-0.000254292047884519,8.471656929032179e-05,-4.7120205262477354e-05,2.380299929427565e-05,6.616128393943654e-05
signed_hqql_tbl,mod.blocks.6.attn.h4,electron<-charged_hadron,0.03272812635354374,-5.629601377143484e-05,-3.664189639190833e-05,7.1220709932892915e-06,0.00020858485475872403,-1.9654117379526514e-05,-6.341808476472414e-05,5.629601377143484e-05,6.61230724611981e-05
signed_hqql_tbl,mod.blocks.7.attn.h6,charged_hadron<-muon,0.028769907355308533,-6.47231878247112e-05,-6.749714569499095e-05,-0.0002486665128501421,0.0002349296245279684,2.773957870279753e-06,0.0001839433250254309,6.47231878247112e-05,6.611016675985107e-05
signed_hqql_tbl,mod.blocks.0.attn.h1,charged_hadron<-neutral_hadron,0.0272492356948718,2.2859221849744544e-05,-6.364243087224528e-05,2.6546565690751975e-05,-7.82847606477647e-06,8.650165272198982e-05,-3.6873438410074314e-06,2.2859221849744544e-05,6.611004821073945e-05
signed_hqql_tbl,mod.blocks.3.attn.h4,charged_hadron<-neutral_hadron,0.023256742328311954,-4.33463140333883e-06,-0.0001277139072011745,-0.00010720535604636709,-5.412958819037817e-05,0.00012337927579783567,0.00010287072464302825,4.33463140333883e-06,6.602426930225666e-05
signed_hqql_tbl,mod.blocks.0.attn.h5,charged_hadron<-charged_hadron,0.027742578742209444,-2.9918980267542056e-05,4.200568618245603e-05,9.248026285635454e-06,2.0487467257912655e-05,-7.192466644999809e-05,-3.916700655317751e-05,2.9918980267542056e-05,6.58813134925411e-05
B_tbl_minus_hqql,mod.blocks.7.attn.h2,charged_hadron<-photon,0.015207902296801298,-4.371324231210088e-05,0.0,0.0,0.0,-4.371324231210088e-05,-4.371324231210088e-05,4.371324231210088e-05,6.556986346815132e-05
B_tbl_minus_hqql,mod.blocks.1.attn.h2,neutral_hadron<-neutral_hadron,0.01985411329424546,-4.3711678082145076e-05,0.0,0.0,0.0,-4.3711678082145076e-05,-4.3711678082145076e-05,4.3711678082145076e-05,6.556751712321761e-05
B_tbl_minus_hqql,mod.blocks.7.attn.h4,charged_hadron<-electron,0.11577965859728663,-4.3514366980260725e-05,0.0,0.0,0.0,-4.3514366980260725e-05,-4.3514366980260725e-05,4.3514366980260725e-05,6.527155047039109e-05
signed_hqql_tbl,mod.blocks.2.attn.h7,muon<-neutral_hadron,0.014808811247348785,-2.437155004978801e-05,5.736843741033226e-05,1.1691061445162632e-05,8.905790355129284e-05,-8.173998746012028e-05,-3.6062611494950644e-05,2.437155004978801e-05,6.524154377984814e-05
B_tbl_minus_hqql,mod.blocks.1.attn.h3,charged_hadron<-neutral_hadron,0.01840495740918904,-4.3158840204130705e-05,0.0,0.0,0.0,-4.3158840204130705e-05,-4.3158840204130705e-05,4.3158840204130705e-05,6.473826030619606e-05
B_tbl_minus_hqql,mod.blocks.2.attn.h6,electron<-photon,0.01993796465600409,-4.315144746570007e-05,0.0,0.0,0.0,-4.315144746570007e-05,-4.315144746570007e-05,4.315144746570007e-05,6.47271711985501e-05
B_tbl_minus_hqql,mod.blocks.5.attn.h1,neutral_hadron<-electron,0.03640739936381578,4.303710707063146e-05,0.0,0.0,0.0,4.303710707063146e-05,4.303710707063146e-05,4.303710707063146e-05,6.455566060594719e-05
signed_hqql_tbl,mod.blocks.5.attn.h0,charged_hadron<-charged_hadron,0.02772567181255946,3.594851723114127e-05,-2.12570084102603e-05,-1.9460213771380727e-06,-2.1913373002388876e-05,5.720552564140157e-05,3.789453860827934e-05,3.594851723114127e-05,6.455128005184205e-05
B_tbl_minus_hqql,mod.cls_blocks.1.attn.h3,CLS<-charged_hadron,0.016902573176860284,-4.3015241522044e-05,0.0,0.0,0.0,-4.3015241522044e-05,-4.3015241522044e-05,4.3015241522044e-05,6.452286228306601e-05
signed_hqql_tbl,mod.blocks.6.attn.h6,electron<-neutral_hadron,0.005562928416475188,-4.275922378838004e-05,6.056235670182097e-07,-0.00010363035495449442,0.00010766880394144477,-4.336484735539825e-05,6.087113116611438e-05,4.275922378838004e-05,6.444164746607917e-05
signed_hqql_tbl,mod.blocks.5.attn.h2,photon<-electron,0.011950081259739108,7.473917232745429e-06,-0.00010618819134171937,9.807376080385588e-05,-8.094936165021367e-05,0.0001136621085744648,-9.059984357111044e-05,7.473917232745429e-06,6.430497151997783e-05
signed_hqql_tbl,mod.cls_blocks.1.attn.h6,muon<-neutral_hadron,0.0,0.0,-0.00012859050184488297,-0.00044136679369128414,0.0,0.00012859050184488297,0.00044136679369128414,0.0,6.429525092244148e-05
B_tbl_minus_hqql,mod.blocks.5.attn.h0,charged_hadron<-electron,0.04486947846801385,-4.283586302177434e-05,0.0,0.0,0.0,-4.283586302177434e-05,-4.283586302177434e-05,4.283586302177434e-05,6.42537945326615e-05
B_tbl_minus_hqql,mod.blocks.6.attn.h6,electron<-neutral_hadron,0.005562921169621404,-4.2759217376442396e-05,0.0,0.0,0.0,-4.2759217376442396e-05,-4.2759217376442396e-05,4.2759217376442396e-05,6.41388260646636e-05
signed_hqql_tbl,mod.blocks.6.attn.h2,charged_hadron<-charged_hadron,0.03022643096991441,-1.459534575213245e-05,8.443763515396534e-05,-1.1961811551255347e-05,9.41989492765386e-06,-9.90329809060978e-05,-2.6335342008771033e-06,1.459534575213245e-05,6.411183620518135e-05
B_tbl_minus_hqql,mod.blocks.0.attn.h5,charged_hadron<-muon,0.023823659121990203,-4.272572405170649e-05,0.0,0.0,0.0,-4.272572405170649e-05,-4.272572405170649e-05,4.272572405170649e-05,6.408858607755973e-05
signed_hqql_tbl,mod.blocks.2.attn.h3,photon<-electron,0.03273474197925591,-2.390947817574914e-05,5.6326786372145375e-05,1.7884537643013037e-05,6.874556314538825e-05,-8.023626454789452e-05,-4.179401581876218e-05,2.390947817574914e-05,6.40276104496964e-05
signed_hqql_tbl,mod.blocks.0.attn.h7,muon<-neutral_hadron,0.008033438275257746,3.846852147641281e-05,-1.2623417205759324e-05,-7.694357957102751e-05,7.814970498050873e-05,5.1091938682172135e-05,0.00011541210104744031,3.846852147641281e-05,6.401449081749888e-05
signed_hqql_tbl,mod.blocks.6.attn.h2,photon<-charged_hadron,0.03005917411482795,-2.342999145566764e-05,5.76161186495017e-05,-3.0464431622753687e-05,1.2301751868879466e-05,-8.104611010516934e-05,7.034440167086049e-06,2.342999145566764e-05,6.39530465082523e-05
signed_hqql_tbl,mod.cls_blocks.1.attn.h7,electron<-CLS,0.00293050822801888,-4.2548323108348995e-05,0.0,0.0,0.0,-4.2548323108348995e-05,-4.2548323108348995e-05,4.2548323108348995e-05,6.382248466252349e-05
B_tbl_minus_hqql,mod.blocks.6.attn.h0,electron<-charged_hadron,0.026068730684726135,-4.2540310064593896e-05,0.0,0.0,0.0,-4.2540310064593896e-05,-4.2540310064593896e-05,4.2540310064593896e-05,6.381046509689085e-05
B_tbl_minus_hqql,mod.blocks.4.attn.h1,electron<-electron,0.0009910082003955268,4.249566198080146e-05,0.0,0.0,0.0,4.249566198080146e-05,4.249566198080146e-05,4.249566198080146e-05,6.374349297120219e-05
B_tbl_minus_hqql,mod.blocks.0.attn.h7,photon<-electron,0.06116916352837551,4.245841780463773e-05,0.0,0.0,0.0,4.245841780463773e-05,4.245841780463773e-05,4.245841780463773e-05,6.36876267069566e-05
B_tbl_minus_hqql,mod.blocks.4.attn.h2,charged_hadron<-neutral_hadron,0.015168674827369402,-4.245301155332581e-05,0.0,0.0,0.0,-4.245301155332581e-05,-4.245301155332581e-05,4.245301155332581e-05,6.367951732998871e-05
B_tbl_minus_hqql,mod.blocks.0.attn.h3,electron<-charged_hadron,0.015876664739588032,4.239787433660872e-05,0.0,0.0,0.0,4.239787433660872e-05,4.239787433660872e-05,4.239787433660872e-05,6.359681150491309e-05
signed_hqql_tbl,mod.blocks.5.attn.h4,muon<-muon,0.011068977415561676,-2.17018423427362e-05,6.183546292959363e-05,-8.198811203783408e-05,5.974161945232481e-05,-8.353730527232983e-05,6.028626969509788e-05,2.17018423427362e-05,6.347049497890112e-05
signed_hqql_tbl,mod.blocks.7.attn.h6,electron<-photon,0.012908429043685518,6.389644290831667e-06,0.00012053712933785781,-3.6797469102279984e-05,5.949772576886145e-05,-0.00011414748504702613,4.318711339311165e-05,6.389644290831667e-06,6.346338681434473e-05
B_tbl_minus_hqql,mod.blocks.2.attn.h3,electron<-electron,0.0078003176036872904,4.2263441257883726e-05,0.0,0.0,0.0,4.2263441257883726e-05,4.2263441257883726e-05,4.2263441257883726e-05,6.339516188682559e-05
signed_hqql_tbl,mod.blocks.5.attn.h3,neutral_hadron<-muon,0.012970055143038431,-6.383207922529739e-06,0.00010704483975132462,-4.24374479016957e-05,1.1844597433234108e-05,-0.00011342804767385435,3.605423997916596e-05,6.383207922529739e-06,6.309723175945692e-05
signed_hqql_tbl,mod.blocks.3.attn.h1,electron<-electron,0.0036304943058098615,-4.162263634093222e-05,1.1430497128817052e-06,-0.00013519414010924416,-1.2850295310803024e-06,-4.2765686053813925e-05,9.357150376831194e-05,4.162263634093222e-05,6.300547936783919e-05
signed_hqql_tbl,mod.blocks.7.attn.h0,neutral_hadron<-electron,0.03256621342152357,5.019280761189293e-05,7.579331304441439e-05,1.9401123914519758e-05,5.750018787279366e-06,-2.5600505432521457e-05,3.0791683697373175e-05,5.019280761189293e-05,6.299306032815366e-05
B_tbl_minus_hqql,mod.blocks.1.attn.h4,neutral_hadron<-muon,0.03832771132389704,4.1832070564851165e-05,0.0,0.0,0.0,4.1832070564851165e-05,4.1832070564851165e-05,4.1832070564851165e-05,6.274810584727675e-05
B_tbl_minus_hqql,mod.blocks.2.attn.h1,charged_hadron<-electron,0.04722512319036152,4.183093994430712e-05,0.0,0.0,0.0,4.183093994430712e-05,4.183093994430712e-05,4.183093994430712e-05,6.274640991646068e-05
signed_hqql_tbl,mod.blocks.7.attn.h6,charged_hadron<-neutral_hadron,0.012960927263135821,-2.4766876357884898e-05,5.087357259309339e-05,-3.878654744961852e-05,4.838057960341594e-05,-7.564044895097828e-05,1.4019671091733622e-05,2.4766876357884898e-05,6.258710083337404e-05
signed_hqql_tbl,mod.blocks.7.attn.h4,photon<-electron,0.15685680292251453,-3.570726567143472e-05,1.7756812740949662e-05,-0.0001670211179877186,-3.872553167060356e-06,-5.3464078412384375e-05,0.00013131385231628388,3.570726567143472e-05,6.24393048776269e-05
B_tbl_minus_hqql,mod.blocks.3.attn.h1,electron<-electron,0.003630495956355162,-4.162267403309272e-05,0.0,0.0,0.0,-4.162267403309272e-05,-4.162267403309272e-05,4.162267403309272e-05,6.243401104963909e-05
B_tbl_minus_hqql,mod.blocks.5.attn.h4,photon<-muon,0.09621081902430607,4.158770808806786e-05,0.0,0.0,0.0,4.158770808806786e-05,4.158770808806786e-05,4.158770808806786e-05,6.23815621321018e-05
B_tbl_minus_hqql,mod.blocks.0.attn.h2,charged_hadron<-electron,0.020211772021392117,4.156272058500453e-05,0.0,0.0,0.0,4.156272058500453e-05,4.156272058500453e-05,4.156272058500453e-05,6.23440808775068e-05
B_tbl_minus_hqql,mod.blocks.7.attn.h6,charged_hadron<-charged_hadron,0.032153738320373736,4.1448455582464075e-05,0.0,0.0,0.0,4.1448455582464075e-05,4.1448455582464075e-05,4.1448455582464075e-05,6.21726833736961e-05
B_tbl_minus_hqql,mod.cls_blocks.1.attn.h3,charged_hadron<-photon,0.02923914443858912,4.138018727682951e-05,0.0,0.0,0.0,4.138018727682951e-05,4.138018727682951e-05,4.138018727682951e-05,6.207028091524427e-05
signed_hqql_tbl,mod.blocks.3.attn.h5,electron<-charged_hadron,0.018708720965229946,-3.548601355008862e-05,-8.846974621216457e-05,-8.817442106984315e-05,-0.00019336633246254037,5.2983732662075944e-05,5.268840751975453e-05,3.548601355008862e-05,6.19778798811266e-05
B_tbl_minus_hqql,mod.blocks.2.attn.h0,charged_hadron<-photon,0.0183044346409608,-4.130469165045835e-05,0.0,0.0,0.0,-4.130469165045835e-05,-4.130469165045835e-05,4.130469165045835e-05,6.195703747568753e-05
B_tbl_minus_hqql,mod.blocks.1.attn.h6,muon<-neutral_hadron,0.005071458717187245,-4.128477303311229e-05,0.0,0.0,0.0,-4.128477303311229e-05,-4.128477303311229e-05,4.128477303311229e-05,6.192715954966843e-05
B_tbl_minus_hqql,mod.blocks.7.attn.h2,photon<-neutral_hadron,0.0395210952684891,4.1270690322194633e-05,0.0,0.0,0.0,4.1270690322194633e-05,4.1270690322194633e-05,4.1270690322194633e-05,6.190603548329195e-05
B_tbl_minus_hqql,mod.blocks.4.attn.h7,muon<-neutral_hadron,0.01201579843958219,4.1112759693836175e-05,0.0,0.0,0.0,4.1112759693836175e-05,4.1112759693836175e-05,4.1112759693836175e-05,6.166913954075426e-05
signed_hqql_tbl,mod.blocks.3.attn.h2,muon<-charged_hadron,0.014413657784461974,-1.6532570589333774e-05,7.373237361510595e-05,-1.704761696224711e-05,0.00031394754507940037,-9.026494420443973e-05,5.150463729133364e-07,1.6532570589333774e-05,6.166504269155363e-05
B_tbl_minus_hqql,mod.blocks.4.attn.h1,photon<-electron,0.030694222123157686,4.103810107796851e-05,0.0,0.0,0.0,4.103810107796851e-05,4.103810107796851e-05,4.103810107796851e-05,6.155715161695276e-05
signed_hqql_tbl,mod.blocks.2.attn.h7,photon<-muon,0.03399329231335567,-5.291108615123309e-05,-3.56473745061801e-05,-2.3598784834823826e-05,2.5134346085704034e-05,-1.7263711645052986e-05,-2.9312301316409262e-05,5.291108615123309e-05,6.154294197375959e-05
signed_hqql_tbl,mod.blocks.7.attn.h7,neutral_hadron<-muon,0.05669682224591573,-3.4032035424994923e-05,2.096148455166258e-05,0.00010105420449834032,9.084958795331962e-06,-5.49935199766575e-05,-0.00013508623992333524,3.4032035424994923e-05,6.152879541332368e-05
B_tbl_minus_hqql,mod.blocks.2.attn.h3,photon<-photon,0.02691123867492121,-4.090930097042815e-05,0.0,0.0,0.0,-4.090930097042815e-05,-4.090930097042815e-05,4.090930097042815e-05,6.136395145564222e-05
B_tbl_minus_hqql,mod.blocks.3.attn.h0,electron<-neutral_hadron,0.010105115704936907,-4.0862403193386856e-05,0.0,0.0,0.0,-4.0862403193386856e-05,-4.0862403193386856e-05,4.0862403193386856e-05,6.129360479008029e-05
B_tbl_minus_hqql,mod.blocks.6.attn.h1,photon<-electron,0.07625806740507847,4.083763056636288e-05,0.0,0.0,0.0,4.083763056636288e-05,4.083763056636288e-05,4.083763056636288e-05,6.125644584954432e-05
signed_hqql_tbl,mod.blocks.2.attn.h3,electron<-electron,0.007800316708744504,4.226335208192822e-05,4.3280923307520425e-06,6.439111631253682e-05,6.402370678822618e-05,3.793525975117618e-05,-2.21277642306086e-05,4.226335208192822e-05,6.123098195751631e-05
signed_hqql_tbl,mod.blocks.3.attn.h2,charged_hadron<-photon,0.015714721990883022,3.966901491387125e-05,-3.360072566042135e-06,1.960586879719098e-06,-1.3509441913254322e-05,4.302908747991338e-05,3.770842803415215e-05,3.966901491387125e-05,6.118355865382794e-05
B_tbl_minus_hqql,mod.blocks.0.attn.h6,electron<-neutral_hadron,0.015358815947547556,4.07421117188278e-05,0.0,0.0,0.0,4.07421117188278e-05,4.07421117188278e-05,4.07421117188278e-05,6.111316757824171e-05
B_tbl_minus_hqql,mod.blocks.1.attn.h3,photon<-electron,0.014574516428316512,-4.055765411311124e-05,0.0,0.0,0.0,-4.055765411311124e-05,-4.055765411311124e-05,4.055765411311124e-05,6.0836481169666866e-05
B_tbl_minus_hqql,mod.blocks.0.attn.h5,muon<-neutral_hadron,0.005551024650533994,4.054500701992462e-05,0.0,0.0,0.0,4.054500701992462e-05,4.054500701992462e-05,4.054500701992462e-05,6.081751052988693e-05
signed_hqql_tbl,mod.blocks.0.attn.h1,electron<-photon,0.012195420110734498,3.113414179718281e-05,-2.782506302472549e-05,5.065954261625262e-05,2.2170811214230277e-05,5.89592048219083e-05,-1.952540081906981e-05,3.113414179718281e-05,6.061374420813696e-05
B_tbl_minus_hqql,mod.blocks.6.attn.h3,charged_hadron<-photon,0.018600127150340633,4.0390941387802e-05,0.0,0.0,0.0,4.0390941387802e-05,4.0390941387802e-05,4.0390941387802e-05,6.0586412081702995e-05
signed_hqql_tbl,mod.blocks.1.attn.h1,charged_hadron<-neutral_hadron,0.022453699062423647,2.3640246804019723e-05,-4.995977757750331e-05,8.092761271856408e-06,-2.9981826501548472e-05,7.360002438152303e-05,1.5547485532163315e-05,2.3640246804019723e-05,6.044025899478124e-05
signed_hqql_tbl,mod.blocks.0.attn.h4,charged_hadron<-photon,0.027262644296851605,2.4381251741993082e-05,-4.7638271889424495e-05,-1.7972944400662606e-05,-1.9774290690706536e-05,7.201952363141758e-05,4.235419614265569e-05,2.4381251741993082e-05,6.0391013557701875e-05
signed_hqql_tbl,mod.blocks.5.attn.h0,photon<-neutral_hadron,0.030522808979522153,1.9947033312641156e-05,-6.0895986863468025e-05,7.4180294212766205e-06,-4.419624333401604e-05,8.084302017610918e-05,1.2529003891364536e-05,1.9947033312641156e-05,6.0368543400695747e-05
signed_hqql_tbl,mod.blocks.0.attn.h4,charged_hadron<-electron,0.02521780570564063,4.7675857311570205e-05,2.240005104492108e-05,-4.741674384868313e-05,5.454442914385625e-06,2.5275806266649125e-05,9.509260116025334e-05,4.7675857311570205e-05,6.031376044489477e-05
signed_hqql_tbl,mod.blocks.5.attn.h4,charged_hadron<-muon,0.053693455457687375,1.889407758426387e-06,-0.0001148752790565292,0.00019375324441955007,-6.069449413263676e-06,0.00011676468681495558,-0.00019186383666112367,1.889407758426387e-06,6.0271751165904176e-05
signed_hqql_tbl,mod.blocks.6.attn.h4,muon<-photon,0.010072763149554912,-3.358304652815255e-05,-8.690354154667218e-05,-4.365942726384343e-05,-2.6562908951072366e-05,5.332049501851963e-05,1.0076380735690882e-05,3.358304652815255e-05,6.0243294037412364e-05
B_tbl_minus_hqql,mod.blocks.2.attn.h4,charged_hadron<-electron,0.04443009748407032,4.014134023948471e-05,0.0,0.0,0.0,4.014134023948471e-05,4.014134023948471e-05,4.014134023948471e-05,6.0212010359227065e-05
signed_hqql_tbl,mod.blocks.4.attn.h7,charged_hadron<-neutral_hadron,0.025179424582977655,2.217987965760303e-05,-5.3549278861799e-05,1.4435389014572776e-05,-7.136281623565722e-06,7.572915851940202e-05,7.744490643030255e-06,2.217987965760303e-05,6.004445891730404e-05
signed_hqql_tbl,mod.blocks.0.attn.h7,photon<-electron,0.06116916062083186,4.245843768042439e-05,7.756217590732767e-06,4.44183080542469e-05,-4.132959848820147e-05,3.4702220089691623e-05,-1.9598703738225135e-06,4.245843768042439e-05,5.98095477252702e-05
B_tbl_minus_hqql,mod.blocks.1.attn.h7,electron<-muon,0.0032946551218628883,3.9752696466166526e-05,0.0,0.0,0.0,3.9752696466166526e-05,3.9752696466166526e-05,3.9752696466166526e-05,5.962904469924979e-05
signed_hqql_tbl,mod.blocks.1.attn.h7,electron<-muon,0.003294655354693532,3.975262006861158e-05,0.0,-0.0014562044525519013,-3.610285848054673e-09,3.975262006861158e-05,0.001495957072620513,3.975262006861158e-05,5.9628930102917366e-05
signed_hqql_tbl,mod.blocks.5.attn.h3,electron<-photon,0.022085883086774408,1.7864342847066682e-06,-0.00011368625954284133,-0.00017504596585178213,3.15758727744899e-06,0.000115472693827548,0.0001768324001364888,1.7864342847066682e-06,5.9522781198480663e-05
B_tbl_minus_hqql,mod.blocks.3.attn.h2,charged_hadron<-photon,0.01571472244368074,3.9669024179662574e-05,0.0,0.0,0.0,3.9669024179662574e-05,3.9669024179662574e-05,3.9669024179662574e-05,5.950353626949386e-05
B_tbl_minus_hqql,mod.blocks.7.attn.h3,neutral_hadron<-electron,0.060819202847778794,-3.9660464011603835e-05,0.0,0.0,0.0,-3.9660464011603835e-05,-3.9660464011603835e-05,3.9660464011603835e-05,5.949069601740575e-05
signed_hqql_tbl,mod.blocks.0.attn.h0,photon<-muon,0.05715743853495671,8.785493824129495e-06,0.00011001984015680276,-8.82084581958638e-05,1.2168530735868478e-05,-0.00010123434633267327,9.69939520199933e-05,8.785493824129495e-06,5.940266699046613e-05
B_tbl_minus_hqql,mod.blocks.4.attn.h6,muon<-neutral_hadron,0.006789551426966985,-3.956283035222441e-05,0.0,0.0,0.0,-3.956283035222441e-05,-3.956283035222441e-05,3.956283035222441e-05,5.9344245528336614e-05
B_tbl_minus_hqql,mod.cls_blocks.1.attn.h2,CLS<-neutral_hadron,0.02662253790047197,3.954051969108222e-05,0.0,0.0,0.0,3.954051969108222e-05,3.954051969108222e-05,3.954051969108222e-05,5.931077953662333e-05
signed_hqql_tbl,mod.blocks.0.attn.h4,photon<-electron,0.05569769660147225,3.638668953854216e-05,8.219632218242623e-05,-2.685764167387651e-06,3.434441645037044e-05,-4.580963264388407e-05,3.907245370592981e-05,3.638668953854216e-05,5.9291505860484196e-05
B_tbl_minus_hqql,mod.blocks.0.attn.h3,neutral_hadron<-electron,0.027952419640496374,3.928213199060338e-05,0.0,0.0,0.0,3.928213199060338e-05,3.928213199060338e-05,3.928213199060338e-05,5.8923197985905067e-05
signed_hqql_tbl,mod.blocks.5.attn.h5,neutral_hadron<-photon,0.022517415234548623,3.289007694767347e-05,-1.9051790924191346e-05,-1.5323410157570255e-06,-2.9219685203699507e-05,5.194186787186482e-05,3.44224179634305e-05,3.289007694767347e-05,5.8861010883605884e-05
signed_hqql_tbl,mod.blocks.3.attn.h5,charged_hadron<-photon,0.016505959819364285,3.5844509978971614e-05,-9.990663027280774e-06,3.85985190500191e-05,-2.9703666913517175e-05,4.583517300625239e-05,-2.7540090710474895e-06,3.5844509978971614e-05,5.876209648209781e-05
signed_hqql_tbl,mod.blocks.0.attn.h4,charged_hadron<-muon,0.023989564180374144,1.7914455384016037e-05,-6.375224256771617e-05,-4.1967969797230484e-05,-5.83848248387934e-05,8.16666979517322e-05,5.988242518124652e-05,1.7914455384016037e-05,5.874780435988214e-05
B_tbl_minus_hqql,mod.blocks.0.attn.h0,muon<-charged_hadron,0.008784258365631103,3.912380489055067e-05,0.0,0.0,0.0,3.912380489055067e-05,3.912380489055067e-05,3.912380489055067e-05,5.8685707335826004e-05
signed_hqql_tbl,mod.blocks.7.attn.h7,electron<-photon,0.01888108789557364,-3.305587939039248e-05,1.8133412855344693e-05,2.338523934244446e-05,-1.6497289603152736e-05,-5.118929224573717e-05,-5.644111873283694e-05,3.305587939039248e-05,5.865052551326106e-05
B_tbl_minus_hqql,mod.blocks.0.attn.h2,charged_hadron<-muon,0.04464315176010132,3.903375181835145e-05,0.0,0.0,0.0,3.903375181835145e-05,3.903375181835145e-05,3.903375181835145e-05,5.855062772752717e-05
signed_hqql_tbl,mod.blocks.7.attn.h0,electron<-neutral_hadron,0.006552463627303951,3.8922145654396446e-05,-3.2934610771917505e-07,-2.522737927771838e-05,-1.9288220889446913e-05,3.925149176211562e-05,6.414952493211482e-05,3.8922145654396446e-05,5.854789153545426e-05
signed_hqql_tbl,mod.cls_blocks.1.attn.h2,electron<-photon,0.02271005240353671,3.9030242160978645e-05,0.0,-0.0001848522302073737,0.0,3.9030242160978645e-05,0.00022388247236835234,3.9030242160978645e-05,5.854536324146797e-05
B_tbl_minus_hqql,mod.blocks.1.attn.h1,muon<-neutral_hadron,0.020483873784542084,-3.900836357691636e-05,0.0,0.0,0.0,-3.900836357691636e-05,-3.900836357691636e-05,3.900836357691636e-05,5.8512545365374535e-05
signed_hqql_tbl,mod.blocks.5.attn.h3,muon<-neutral_hadron,0.015989821404218674,-5.030911779613234e-06,-0.00011191745579708368,0.00013791173229324877,-0.00020171048527117819,0.00010688654401747044,-0.000142942644072862,5.030911779613234e-06,5.8474183788348455e-05
B_tbl_minus_hqql,mod.blocks.7.attn.h2,charged_hadron<-neutral_hadron,0.022797511475960663,3.898084573035324e-05,0.0,0.0,0.0,3.898084573035324e-05,3.898084573035324e-05,3.898084573035324e-05,5.8471268595529854e-05
B_tbl_minus_hqql,mod.blocks.7.attn.h0,electron<-neutral_hadron,0.00655246441019699,3.892214615461853e-05,0.0,0.0,0.0,3.892214615461853e-05,3.892214615461853e-05,3.892214615461853e-05,5.838321923192779e-05
signed_hqql_tbl,mod.blocks.5.attn.h5,photon<-charged_hadron,0.028037770018393162,-1.72815506032331e-05,6.479815147878611e-05,3.7461945825435163e-06,2.861402519568146e-05,-8.207970208201922e-05,-2.1027745185776618e-05,1.72815506032331e-05,5.832140164424271e-05
signed_hqql_tbl,mod.blocks.1.attn.h1,electron<-photon,0.013491840351645539,1.3766825825924326e-05,-7.510989962611347e-05,8.743834021590549e-06,-7.673393172973937e-05,8.88767254520378e-05,5.022991804333777e-06,1.3766825825924326e-05,5.8205188551943226e-05
B_tbl_minus_hqql,mod.blocks.4.attn.h0,photon<-electron,0.025490343752430707,3.877939640760149e-05,0.0,0.0,0.0,3.877939640760149e-05,3.877939640760149e-05,3.877939640760149e-05,5.8169094611402234e-05
signed_hqql_tbl,mod.blocks.2.attn.h1,charged_hadron<-electron,0.04722511962704037,4.1830957343336195e-05,9.402858170991142e-06,-2.7308022254146636e-05,-0.00018164157706821612,3.2428099172345055e-05,6.913897959748283e-05,4.1830957343336195e-05,5.804500692950872e-05
signed_hqql_tbl,mod.blocks.7.attn.h1,muon<-photon,0.01678898586676671,-2.429005689918995e-05,-9.162043436215474e-05,-2.8859971776414156e-05,-3.63647343840933e-05,6.73303774629648e-05,4.569914877224207e-06,2.429005689918995e-05,5.795524563067235e-05
B_tbl_minus_hqql,mod.blocks.5.attn.h6,electron<-photon,0.013985135637950607,3.862293847416323e-05,0.0,0.0,0.0,3.862293847416323e-05,3.862293847416323e-05,3.862293847416323e-05,5.793440771124485e-05
signed_hqql_tbl,mod.blocks.4.attn.h0,charged_hadron<-electron,0.03064886180926924,-4.190104253053584e-06,-0.00011166545504238456,1.1101809157539279e-05,-0.00015004378251938356,0.00010747535078933097,-1.5291913410592862e-05,4.190104253053584e-06,5.792777964771907e-05
signed_hqql_tbl,mod.blocks.2.attn.h1,charged_hadron<-muon,0.01954413652420044,3.499361628200859e-05,-1.0609813034534455e-05,-5.132757239686004e-05,4.603642238570111e-05,4.560342931654304e-05,8.632118867886863e-05,3.499361628200859e-05,5.779533094028011e-05
signed_hqql_tbl,mod.cls_blocks.1.attn.h2,electron<-CLS,0.005981592461466789,3.851233850582503e-05,0.0,0.0,0.0,3.851233850582503e-05,3.851233850582503e-05,3.851233850582503e-05,5.776850775873754e-05
signed_hqql_tbl,mod.blocks.6.attn.h1,muon<-photon,0.003271850828941052,-8.428206246417875e-07,-0.00011464134821345887,0.00016463279971503652,-2.1599211322609335e-05,0.00011379852758881709,-0.0001654756203396783,8.428206246417875e-07,5.774208441905033e-05
B_tbl_minus_hqql,mod.blocks.0.attn.h7,muon<-neutral_hadron,0.008033440137902895,3.846864516769225e-05,0.0,0.0,0.0,3.846864516769225e-05,3.846864516769225e-05,3.846864516769225e-05,5.770296775153838e-05
B_tbl_minus_hqql,mod.cls_blocks.1.attn.h2,neutral_hadron<-electron,0.003764956840313971,3.843695412797388e-05,0.0,0.0,0.0,3.843695412797388e-05,3.843695412797388e-05,3.843695412797388e-05,5.7655431191960815e-05
B_tbl_minus_hqql,mod.blocks.6.attn.h2,electron<-charged_hadron,0.018498353518383658,-3.8364408718062684e-05,0.0,0.0,0.0,-3.8364408718062684e-05,-3.8364408718062684e-05,3.8364408718062684e-05,5.754661307709402e-05
B_tbl_minus_hqql,mod.blocks.1.attn.h6,electron<-electron,0.16262890182297268,-3.831782163459252e-05,0.0,0.0,0.0,-3.831782163459252e-05,-3.831782163459252e-05,3.831782163459252e-05,5.747673245188878e-05
signed_hqql_tbl,mod.blocks.1.attn.h6,electron<-electron,0.16262888979945272,-3.832010849720291e-05,-9.430048564240678e-08,-1.4779807884224283e-06,-0.0024575859768371324,-3.82258080115605e-05,-3.684212770878048e-05,3.832010849720291e-05,5.7433012502983157e-05
B_tbl_minus_hqql,mod.blocks.6.attn.h5,electron<-charged_hadron,0.014655302217959063,3.818799533568697e-05,0.0,0.0,0.0,3.818799533568697e-05,3.818799533568697e-05,3.818799533568697e-05,5.728199300353046e-05
B_tbl_minus_hqql,mod.blocks.3.attn.h6,muon<-neutral_hadron,0.00944772424797217,3.815644595306367e-05,0.0,0.0,0.0,3.815644595306367e-05,3.815644595306367e-05,3.815644595306367e-05,5.72346689295955e-05
signed_hqql_tbl,mod.blocks.6.attn.h1,muon<-neutral_hadron,0.0044327111293872195,-2.709681090588371e-05,-8.730472472961992e-05,9.254087547704235e-05,-3.802390839761453e-05,6.0207913823736206e-05,-0.00011963768638292606,2.709681090588371e-05,5.720076781775181e-05
signed_hqql_tbl,mod.blocks.4.attn.h7,neutral_hadron<-electron,0.03486895924434066,3.0447518747678258e-05,8.392232803089428e-05,2.0764472083101282e-05,-8.518207644502741e-06,-5.347480928321602e-05,9.683046664576976e-06,3.0447518747678258e-05,5.718492338928627e-05
signed_hqql_tbl,mod.blocks.1.attn.h7,photon<-muon,0.03820908069610596,-4.509038542612241e-05,-6.927302680336512e-05,-4.483159282244742e-05,6.573269342037815e-05,2.418264137724271e-05,-2.5879260367499073e-07,4.509038542612241e-05,5.7181706114743764e-05
B_tbl_minus_hqql,mod.cls_blocks.1.attn.h7,neutral_hadron<-photon,0.023134657969841592,3.801082762388083e-05,0.0,0.0,0.0,3.801082762388083e-05,3.801082762388083e-05,3.801082762388083e-05,5.7016241435821244e-05
B_tbl_minus_hqql,mod.blocks.6.attn.h4,photon<-electron,0.07001717552179243,3.799712572888494e-05,0.0,0.0,0.0,3.799712572888494e-05,3.799712572888494e-05,3.799712572888494e-05,5.699568859332741e-05
B_tbl_minus_hqql,mod.blocks.1.attn.h4,electron<-neutral_hadron,0.030489678122103216,3.791093313338933e-05,0.0,0.0,0.0,3.791093313338933e-05,3.791093313338933e-05,3.791093313338933e-05,5.6866399700084e-05
signed_hqql_tbl,mod.blocks.6.attn.h0,neutral_hadron<-muon,0.03829412907361984,-3.693387164579084e-05,2.7349675519872108e-06,-1.8605772418978678e-05,3.7827108675022223e-06,-3.966883919777805e-05,-1.832809922681216e-05,3.693387164579084e-05,5.676829124467986e-05
B_tbl_minus_hqql,mod.blocks.4.attn.h6,muon<-charged_hadron,0.019435788691043853,-3.782696439884603e-05,0.0,0.0,0.0,-3.782696439884603e-05,-3.782696439884603e-05,3.782696439884603e-05,5.674044659826905e-05
B_tbl_minus_hqql,mod.blocks.2.attn.h5,charged_hadron<-photon,0.01936195296806525,3.780638176394055e-05,0.0,0.0,0.0,3.780638176394055e-05,3.780638176394055e-05,3.780638176394055e-05,5.670957264591083e-05
signed_hqql_tbl,mod.blocks.5.attn.h6,electron<-photon,0.01398513709172243,3.862287157084566e-05,2.461730283747394e-06,0.0002881972596036551,2.77195464481007e-06,3.616114128709826e-05,-0.00024957438803280946,3.862287157084566e-05,5.6703442214394784e-05
signed_hqql_tbl,mod.blocks.1.attn.h6,electron<-photon,0.014445666405485898,1.611033998991976e-05,-6.486860664673648e-05,0.0002658331446981134,0.00028913688676601105,8.097894663665624e-05,-0.00024972280470819365,1.611033998991976e-05,5.6599813308247875e-05
B_tbl_minus_hqql,mod.blocks.4.attn.h6,muon<-muon,0.007866492494940758,-3.773253774852492e-05,0.0,0.0,0.0,-3.773253774852492e-05,-3.773253774852492e-05,3.773253774852492e-05,5.659880662278738e-05
B_tbl_minus_hqql,mod.cls_blocks.1.attn.h3,charged_hadron<-charged_hadron,0.018553361248893615,-3.770193479095514e-05,0.0,0.0,0.0,-3.770193479095514e-05,-3.770193479095514e-05,3.770193479095514e-05,5.6552902186432715e-05
signed_hqql_tbl,mod.blocks.3.attn.h1,charged_hadron<-electron,0.03140638711983743,1.976137560711283e-05,-5.347988568246364e-05,-1.2746480605264585e-05,-2.482141954479394e-05,7.324126128957647e-05,3.250785621237741e-05,1.976137560711283e-05,5.638200625190106e-05
B_tbl_minus_hqql,mod.blocks.1.attn.h0,charged_hadron<-neutral_hadron,0.02273157163053097,-3.752210693868887e-05,0.0,0.0,0.0,-3.752210693868887e-05,-3.752210693868887e-05,3.752210693868887e-05,5.628316040803331e-05
B_tbl_minus_hqql,mod.blocks.7.attn.h1,electron<-neutral_hadron,0.015703217778354883,3.749472643903573e-05,0.0,0.0,0.0,3.749472643903573e-05,3.749472643903573e-05,3.749472643903573e-05,5.62420896585536e-05
B_tbl_minus_hqql,mod.blocks.4.attn.h7,muon<-charged_hadron,0.013299515843391419,3.7475189310498534e-05,0.0,0.0,0.0,3.7475189310498534e-05,3.7475189310498534e-05,3.7475189310498534e-05,5.62127839657478e-05
signed_hqql_tbl,mod.blocks.6.attn.h7,electron<-photon,0.00918652203570052,-1.7620744473810545e-05,-9.432589506884272e-05,-9.430058336675595e-05,-0.00010397174628451467,7.670515059503218e-05,7.66798388929454e-05,1.7620744473810545e-05,5.5973319771326633e-05
signed_hqql_tbl,mod.blocks.4.attn.h3,electron<-electron,0.004773952949744853,3.706461252397375e-05,-6.401058403326942e-07,2.574018146124975e-05,-2.2083282941176563e-06,3.7704718364306446e-05,1.1324431062724e-05,3.706461252397375e-05,5.591697170612698e-05
B_tbl_minus_hqql,mod.blocks.0.attn.h0,electron<-photon,0.018439325254137922,3.724952179387712e-05,0.0,0.0,0.0,3.724952179387712e-05,3.724952179387712e-05,3.724952179387712e-05,5.5874282690815676e-05
signed_hqql_tbl,mod.blocks.2.attn.h7,electron<-neutral_hadron,0.008314520306885242,1.972046325136034e-05,-5.252148002909962e-05,-0.00010038821392299724,-5.868905153714449e-05,7.224194328045997e-05,0.00012010867717435759,1.972046325136034e-05,5.5841434891590326e-05
signed_hqql_tbl,mod.blocks.1.attn.h2,charged_hadron<-neutral_hadron,0.016303785262063004,-3.178707304535445e-05,1.6307498135410987e-05,6.0206691816918225e-05,-1.6125873212536576e-05,-4.8094571180765436e-05,-9.199376486227268e-05,3.178707304535445e-05,5.583435863573717e-05
signed_hqql_tbl,mod.blocks.1.attn.h2,electron<-electron,0.009864063279087532,3.705064550487691e-05,-2.85072460304292e-07,-4.740372347100674e-06,1.9037669171477016e-06,3.7335717965181205e-05,4.179101785197759e-05,3.705064550487691e-05,5.571850448746752e-05
signed_hqql_tbl,mod.blocks.7.attn.h5,charged_hadron<-charged_hadron,0.02237666968134201,-3.559911429197006e-05,4.634269974897866e-06,-3.961257036117112e-05,3.0883954260385475e-05,-4.023338426686793e-05,4.013456069201058e-06,3.559911429197006e-05,5.5715806425404025e-05
B_tbl_minus_hqql,mod.blocks.4.attn.h3,electron<-electron,0.004773953718085977,3.7064634897543416e-05,0.0,0.0,0.0,3.7064634897543416e-05,3.7064634897543416e-05,3.7064634897543416e-05,5.5596952346315125e-05
B_tbl_minus_hqql,mod.blocks.1.attn.h2,electron<-electron,0.009864064024100117,3.705062219676592e-05,0.0,0.0,0.0,3.705062219676592e-05,3.705062219676592e-05,3.705062219676592e-05,5.5575933295148876e-05
B_tbl_minus_hqql,mod.blocks.2.attn.h5,photon<-charged_hadron,0.023789715371737824,-3.702094737536503e-05,0.0,0.0,0.0,-3.702094737536503e-05,-3.702094737536503e-05,3.702094737536503e-05,5.553142106304754e-05
signed_hqql_tbl,mod.blocks.2.attn.h4,neutral_hadron<-electron,0.051357028633356096,3.0345736058734472e-05,-2.0011992319268757e-05,0.0006113337096849136,3.282120836528895e-05,5.035772837800323e-05,-0.0005809879736261792,3.0345736058734472e-05,5.5524600247736084e-05
B_tbl_minus_hqql,mod.blocks.6.attn.h0,neutral_hadron<-muon,0.038294121623039246,-3.693384254196038e-05,0.0,0.0,0.0,-3.693384254196038e-05,-3.693384254196038e-05,3.693384254196038e-05,5.540076381294057e-05
signed_hqql_tbl,mod.blocks.2.attn.h6,neutral_hadron<-photon,0.018715201617259574,1.7349940432113296e-05,-5.871778205597741e-05,-6.8026938480666876e-06,-3.941580229903063e-05,7.60677224880907e-05,2.4152634280179982e-05,1.7349940432113296e-05,5.538380167615865e-05
signed_hqql_tbl,mod.blocks.4.attn.h6,muon<-muon,0.007866494357585907,-3.773262142203748e-05,-2.8277761288109104e-06,1.56306934189665e-05,-1.4724633084976327e-05,-3.490484529322657e-05,-5.3363314841003986e-05,3.773262142203748e-05,5.518504406865077e-05
B_tbl_minus_hqql,mod.cls_blocks.1.attn.h2,photon<-neutral_hadron,0.010104883025633171,-3.677022316139755e-05,0.0,0.0,0.0,-3.677022316139755e-05,-3.677022316139755e-05,3.677022316139755e-05,5.515533474209633e-05
signed_hqql_tbl,mod.blocks.5.attn.h5,electron<-charged_hadron,0.014071980531772842,-7.412739606756393e-06,-0.00010254378973816832,6.444306270549855e-06,2.4994647968991626e-05,9.513105013141193e-05,-1.3857045877306248e-05,7.412739606756393e-06,5.497826467246236e-05
B_tbl_minus_hqql,mod.blocks.4.attn.h2,photon<-electron,0.042029155281985676,3.662010305738588e-05,0.0,0.0,0.0,3.662010305738588e-05,3.662010305738588e-05,3.662010305738588e-05,5.493015458607882e-05
signed_hqql_tbl,mod.blocks.1.attn.h0,neutral_hadron<-electron,0.017165751848369836,5.237940204096958e-05,4.7329640779025794e-05,2.3386092635746536e-05,5.260287466893822e-06,5.049761261943787e-06,2.8993309405223046e-05,5.237940204096958e-05,5.490428267194148e-05
B_tbl_minus_hqql,mod.blocks.1.attn.h0,muon<-photon,0.008040042450794807,3.656038405516973e-05,0.0,0.0,0.0,3.656038405516973e-05,3.656038405516973e-05,3.656038405516973e-05,5.484057608275459e-05
signed_hqql_tbl,mod.blocks.5.attn.h2,charged_hadron<-muon,0.006653846055269241,1.5607220120728016e-05,-6.283352850005031e-05,8.539195190804032e-05,-3.537994557611492e-05,7.844074862077832e-05,-6.97847317873123e-05,1.5607220120728016e-05,5.482759443111718e-05
signed_hqql_tbl,mod.blocks.4.attn.h5,neutral_hadron<-neutral_hadron,0.006437370029023878,2.3867210719980287e-05,-3.7896594672087964e-05,7.996894711524813e-06,-7.805722290174567e-06,6.176380539206825e-05,1.5870316008455476e-05,2.3867210719980287e-05,5.4749113416014414e-05
B_tbl_minus_hqql,mod.blocks.1.attn.h5,photon<-charged_hadron,0.024221946109724307,-3.648069157369322e-05,0.0,0.0,0.0,-3.648069157369322e-05,-3.648069157369322e-05,3.648069157369322e-05,5.4721037360539826e-05
B_tbl_minus_hqql,mod.blocks.4.attn.h6,photon<-electron,0.012774511308568279,-3.645270523365314e-05,0.0,0.0,0.0,-3.645270523365314e-05,-3.645270523365314e-05,3.645270523365314e-05,5.467905785047971e-05
B_tbl_minus_hqql,mod.blocks.0.attn.h4,photon<-electron,0.055697697146636686,3.6386706796758694e-05,0.0,0.0,0.0,3.6386706796758694e-05,3.6386706796758694e-05,3.6386706796758694e-05,5.458006019513804e-05
signed_hqql_tbl,mod.blocks.3.attn.h5,muon<-neutral_hadron,0.001892543553064267,-1.9828250515274704e-05,4.962844002420752e-05,-3.1555233698255557e-05,-0.00010246673256612364,-6.945669053948222e-05,1.1726983182980853e-05,1.9828250515274704e-05,5.4556595785015816e-05
B_tbl_minus_hqql,mod.blocks.0.attn.h0,muon<-photon,0.015822676511911247,3.6343511265630906e-05,0.0,0.0,0.0,3.6343511265630906e-05,3.6343511265630906e-05,3.6343511265630906e-05,5.451526689844636e-05
B_tbl_minus_hqql,mod.cls_blocks.1.attn.h7,photon<-photon,0.03696534429725848,3.6331484903042254e-05,0.0,0.0,0.0,3.6331484903042254e-05,3.6331484903042254e-05,3.6331484903042254e-05,5.449722735456338e-05
B_tbl_minus_hqql,mod.blocks.4.attn.h1,neutral_hadron<-electron,0.04973098440095782,3.63291383791875e-05,0.0,0.0,0.0,3.63291383791875e-05,3.63291383791875e-05,3.63291383791875e-05,5.449370756878125e-05
B_tbl_minus_hqql,mod.blocks.3.attn.h4,electron<-charged_hadron,0.018329009737657463,3.629097377795362e-05,0.0,0.0,0.0,3.629097377795362e-05,3.629097377795362e-05,3.629097377795362e-05,5.443646066693043e-05
signed_hqql_tbl,mod.blocks.6.attn.h4,electron<-photon,0.009933145838880502,3.536070949494166e-05,-2.5932438550820995e-06,-2.0355855019871555e-05,2.742908195200884e-07,3.7953953350023756e-05,5.571656451481321e-05,3.536070949494166e-05,5.433768616995354e-05
B_tbl_minus_hqql,mod.blocks.2.attn.h5,electron<-charged_hadron,0.017350147356805595,-3.6210788454374544e-05,0.0,0.0,0.0,-3.6210788454374544e-05,-3.6210788454374544e-05,3.6210788454374544e-05,5.431618268156181e-05
signed_hqql_tbl,mod.blocks.2.attn.h7,electron<-charged_hadron,0.0246616054488265,-9.547712461030839e-06,7.993337232619523e-05,-0.00010316737968805096,-3.4738202682799765e-06,-8.948108478722607e-05,9.361966722702012e-05,9.547712461030839e-06,5.428825485464388e-05
signed_hqql_tbl,mod.blocks.2.attn.h5,charged_hadron<-charged_hadron,0.028006469133742003,-2.8491301154315443e-05,2.3099647209289644e-05,-4.477618064983873e-06,1.5121690435698544e-05,-5.159094836360509e-05,-2.4013683089331568e-05,2.8491301154315443e-05,5.428677533611798e-05
signed_hqql_tbl,mod.blocks.0.attn.h3,electron<-neutral_hadron,0.02306198924779892,-1.6948832490015774e-05,5.7435896906099515e-05,0.0002223946266137015,-0.00014410730492433205,-7.43847293961153e-05,-0.00023934345910371727,1.6948832490015774e-05,5.414119718807342e-05
signed_hqql_tbl,mod.blocks.7.attn.h0,charged_hadron<-muon,0.026013967394828797,5.2782957209274175e-05,5.007307142174492e-05,6.379397301974803e-05,-0.00016442598725730856,2.7098857875292536e-06,-1.1011015810473854e-05,5.2782957209274175e-05,5.41379001030388e-05
B_tbl_minus_hqql,mod.blocks.5.attn.h0,charged_hadron<-charged_hadron,0.027725670529724883,3.594850742086134e-05,0.0,0.0,0.0,3.594850742086134e-05,3.594850742086134e-05,3.594850742086134e-05,5.392276113129201e-05
B_tbl_minus_hqql,mod.blocks.3.attn.h5,charged_hadron<-photon,0.01650595994285457,3.5844511365825414e-05,0.0,0.0,0.0,3.5844511365825414e-05,3.5844511365825414e-05,3.5844511365825414e-05,5.3766767048738125e-05
B_tbl_minus_hqql,mod.blocks.4.attn.h1,electron<-photon,0.008733651010183299,3.5831017867610904e-05,0.0,0.0,0.0,3.5831017867610904e-05,3.5831017867610904e-05,3.5831017867610904e-05,5.3746526801416356e-05
signed_hqql_tbl,mod.blocks.0.attn.h2,photon<-electron,0.030688451648485368,-1.249959154293032e-05,6.993881054638353e-05,4.255062051688334e-05,1.6274005809629504e-05,-8.243840208931386e-05,-5.5050212059813655e-05,1.249959154293032e-05,5.3718792587587246e-05
B_tbl_minus_hqql,mod.blocks.7.attn.h4,photon<-electron,0.1568567916160313,-3.5707275775699025e-05,0.0,0.0,0.0,-3.5707275775699025e-05,-3.5707275775699025e-05,3.5707275775699025e-05,5.356091366354854e-05
signed_hqql_tbl,mod.blocks.7.attn.h3,neutral_hadron<-electron,0.060819205828011036,-3.966047915469062e-05,-1.1917250787973899e-05,-6.26805414754017e-05,-1.7100097947524558e-05,-2.774322836671672e-05,2.3020062320711078e-05,3.966047915469062e-05,5.3532093338048975e-05
B_tbl_minus_hqql,mod.blocks.0.attn.h7,muon<-charged_hadron,0.0056569729000329975,3.5685981856659055e-05,0.0,0.0,0.0,3.5685981856659055e-05,3.5685981856659055e-05,3.5685981856659055e-05,5.352897278498858e-05
signed_hqql_tbl,mod.blocks.2.attn.h6,charged_hadron<-photon,0.017652397327001582,1.6568302728739972e-05,-5.733560709273336e-05,-2.352045897939663e-05,-2.8546872990205188e-05,7.390390982147334e-05,4.00887617081366e-05,1.6568302728739972e-05,5.352025763947664e-05
B_tbl_minus_hqql,mod.blocks.7.attn.h5,charged_hadron<-charged_hadron,0.022376669530420293,-3.559911668696798e-05,0.0,0.0,0.0,-3.559911668696798e-05,-3.559911668696798e-05,3.559911668696798e-05,5.3398675030451965e-05
signed_hqql_tbl,mod.blocks.7.attn.h1,muon<-neutral_hadron,0.021846026182174683,1.6434375235500436e-05,-5.742655164908683e-05,-0.00010254174476119117,0.00016210324974963441,7.386092688458727e-05,0.00011897611999669161,1.6434375235500436e-05,5.336483867779407e-05
B_tbl_minus_hqql,mod.blocks.5.attn.h7,muon<-charged_hadron,0.0024744503200054167,-3.5565430880524215e-05,0.0,0.0,0.0,-3.5565430880524215e-05,-3.5565430880524215e-05,3.5565430880524215e-05,5.334814632078632e-05
signed_hqql_tbl,mod.cls_blocks.1.attn.h5,muon<-photon,0.0,0.0,0.00010669268667697906,-0.00021010625641793013,0.0,-0.00010669268667697906,0.00021010625641793013,0.0,5.334634333848953e-05
signed_hqql_tbl,mod.blocks.3.attn.h1,neutral_hadron<-electron,0.02936051175929606,1.8924454798252556e-05,-4.96958173243911e-05,-4.3125724005221855e-06,-1.93372975980524e-05,6.862027212264365e-05,2.323702719877474e-05,1.8924454798252556e-05,5.323459085957438e-05
B_tbl_minus_hqql,mod.blocks.3.attn.h5,electron<-charged_hadron,0.018708724204612816,-3.5486031898155645e-05,0.0,0.0,0.0,-3.5486031898155645e-05,-3.5486031898155645e-05,3.5486031898155645e-05,5.322904784723347e-05
signed_hqql_tbl,mod.blocks.5.attn.h0,charged_hadron<-electron,0.04486947539060012,-4.2835776501147926e-05,-6.346375914290548e-05,-9.859823621809483e-05,-5.17999713472953e-05,2.0627982641757552e-05,5.57624597169469e-05,4.2835776501147926e-05,5.3149767822026705e-05
signed_hqql_tbl,mod.blocks.6.attn.h2,neutral_hadron<-muon,0.02593463162581126,3.308237986251091e-05,-6.8440494942478836e-06,0.00028892445133303564,6.872324433970789e-06,3.9926429356758795e-05,-0.00025584207147052475,3.308237986251091e-05,5.3045594540890306e-05
B_tbl_minus_hqql,mod.blocks.6.attn.h4,electron<-photon,0.00993314424881757,3.536070612315642e-05,0.0,0.0,0.0,3.536070612315642e-05,3.536070612315642e-05,3.536070612315642e-05,5.304105918473463e-05
signed_hqql_tbl,mod.blocks.0.attn.h4,neutral_hadron<-muon,0.053774163126945496,1.6976557769036543e-05,8.909821917768568e-05,3.681400764770316e-05,-3.748935114344931e-05,-7.212166140864913e-05,-1.9837449878666617e-05,1.6976557769036543e-05,5.3037388473361105e-05
signed_hqql_tbl,mod.blocks.1.attn.h3,electron<-photon,0.016142281726366135,-3.217875466982993e-05,9.491031440640135e-06,-0.0006466674301868993,-0.00024320353351702745,-4.1669786110470065e-05,0.0006144886755170694,3.217875466982993e-05,5.3013647725064965e-05
B_tbl_minus_hqql,mod.blocks.0.attn.h0,neutral_hadron<-electron,0.01712992190150544,-3.532210762386967e-05,0.0,0.0,0.0,-3.532210762386967e-05,-3.532210762386967e-05,3.532210762386967e-05,5.29831614358045e-05
signed_hqql_tbl,mod.blocks.4.attn.h1,neutral_hadron<-electron,0.04973096502944827,3.632920549989649e-05,3.181420652254019e-06,-0.00019672625838514554,-0.00010532609956178075,3.314778484764247e-05,0.00023305546388504203,3.632920549989649e-05,5.2903097923717723e-05
B_tbl_minus_hqql,mod.blocks.7.attn.h3,muon<-photon,0.01027499597806197,-3.520133815562496e-05,0.0,0.0,0.0,-3.520133815562496e-05,-3.520133815562496e-05,3.520133815562496e-05,5.280200723343744e-05
signed_hqql_tbl,mod.blocks.0.attn.h5,charged_hadron<-photon,0.02029471272263079,2.616051130156928e-05,-2.6981567434774696e-05,3.424385757618939e-05,-3.647108658018644e-05,5.3142078736343976e-05,-8.083346274620106e-06,2.616051130156928e-05,5.273155066974127e-05
B_tbl_minus_hqql,mod.blocks.5.attn.h3,muon<-charged_hadron,0.014673079550266265,-3.499625599943101e-05,0.0,0.0,0.0,-3.499625599943101e-05,-3.499625599943101e-05,3.499625599943101e-05,5.2494383999146516e-05
B_tbl_minus_hqql,mod.blocks.2.attn.h1,charged_hadron<-muon,0.01954413503408432,3.4993563895113765e-05,0.0,0.0,0.0,3.4993563895113765e-05,3.4993563895113765e-05,3.4993563895113765e-05,5.2490345842670644e-05
B_tbl_minus_hqql,mod.cls_blocks.1.attn.h2,electron<-photon,0.022202088751576164,3.4935693044892766e-05,0.0,0.0,0.0,3.4935693044892766e-05,3.4935693044892766e-05,3.4935693044892766e-05,5.240353956733915e-05
B_tbl_minus_hqql,mod.blocks.7.attn.h4,electron<-photon,0.017822942991809147,3.482856624120869e-05,0.0,0.0,0.0,3.482856624120869e-05,3.482856624120869e-05,3.482856624120869e-05,5.224284936181304e-05
signed_hqql_tbl,mod.blocks.6.attn.h5,charged_hadron<-charged_hadron,0.025297959972586243,1.8752371123870316e-05,-4.819846116071807e-05,2.9420893109472353e-05,-2.8049318124740704e-05,6.695083228458839e-05,-1.0668521985602037e-05,1.8752371123870316e-05,5.222778726616451e-05
signed_hqql_tbl,mod.blocks.0.attn.h7,neutral_hadron<-electron,0.02792549626901746,-1.2064547036061413e-05,6.822469867984182e-05,0.00011351633504711837,0.00013939381803057213,-8.028924571590323e-05,-0.0001255808820831798,1.2064547036061413e-05,5.220916989401303e-05
signed_hqql_tbl,mod.blocks.3.attn.h4,neutral_hadron<-muon,0.01537716637055079,3.1344735665091626e-05,-1.0323929927835707e-05,7.344761246785263e-05,4.256865395291243e-06,4.166866559292733e-05,-4.2102876802761e-05,3.1344735665091626e-05,5.217906846155529e-05
signed_hqql_tbl,mod.blocks.1.attn.h4,charged_hadron<-photon,0.02159504971122215,6.654135805190649e-06,-8.430373693186972e-05,3.670825884986822e-07,-3.771387658448136e-05,9.095787273706037e-05,6.287053216691967e-06,6.654135805190649e-06,5.2133072173720834e-05
B_tbl_minus_hqql,mod.blocks.5.attn.h1,charged_hadron<-muon,0.03400224447250366,3.471836971584708e-05,0.0,0.0,0.0,3.471836971584708e-05,3.471836971584708e-05,3.471836971584708e-05,5.2077554573770617e-05
B_tbl_minus_hqql,mod.blocks.4.attn.h0,photon<-muon,0.022524038186440103,3.4715400453513634e-05,0.0,0.0,0.0,3.4715400453513634e-05,3.4715400453513634e-05,3.4715400453513634e-05,5.207310068027045e-05
signed_hqql_tbl,mod.blocks.6.attn.h0,electron<-photon,0.014853048433617847,-2.969898227226023e-05,1.5021525151886245e-05,-0.00014345549046594573,3.770016932817684e-06,-4.4720507424146475e-05,0.0001137565081936855,2.969898227226023e-05,5.205923598433347e-05
signed_hqql_tbl,mod.cls_blocks.1.attn.h7,charged_hadron<-neutral_hadron,0.013944797089387631,-9.83328889811548e-06,-9.391465616371373e-05,0.00020813245132825722,-0.00016760565207126396,8.408136726559825e-05,-0.0002179657402263727,9.83328889811548e-06,5.18739725309146e-05
signed_hqql_tbl,mod.blocks.3.attn.h0,charged_hadron<-charged_hadron,0.02984295307901355,-1.4711543129148939e-05,5.952989668741671e-05,-1.7947885112075158e-05,3.707405618607527e-05,-7.424143981656565e-05,3.2363419829262194e-06,1.4711543129148939e-05,5.183226303743176e-05
signed_hqql_tbl,mod.blocks.3.attn.h4,neutral_hadron<-electron,0.04275420601479709,4.9250644656240185e-05,4.4398370846465696e-05,2.1706514844529085e-05,6.229086011444451e-06,4.852273809774489e-06,2.75441298117111e-05,4.9250644656240185e-05,5.167678156112743e-05
signed_hqql_tbl,mod.blocks.1.attn.h4,photon<-electron,0.0680054148159376,2.67206046484672e-05,7.661368415158774e-05,-7.807299319721683e-06,0.00017535245808010752,-4.9893079503120536e-05,3.452790396818888e-05,2.67206046484672e-05,5.166714440002746e-05
B_tbl_minus_hqql,mod.blocks.4.attn.h4,photon<-electron,0.03468170965362976,-3.437180874811236e-05,0.0,0.0,0.0,-3.437180874811236e-05,-3.437180874811236e-05,3.437180874811236e-05,5.1557713122168536e-05
signed_hqql_tbl,mod.cls_blocks.1.attn.h0,neutral_hadron<-neutral_hadron,0.01768347477683654,-4.56038150542344e-05,-3.380221217715492e-05,0.0004001406899381739,-0.0001340911136746096,-1.180160287707948e-05,-0.00044574450499240833,4.56038150542344e-05,5.150461649277414e-05
B_tbl_minus_hqql,mod.blocks.0.attn.h7,electron<-photon,0.015748653470016107,-3.431848230453708e-05,0.0,0.0,0.0,-3.431848230453708e-05,-3.431848230453708e-05,3.431848230453708e-05,5.147772345680562e-05
B_tbl_minus_hqql,mod.blocks.5.attn.h7,muon<-photon,0.0032369806789434873,-3.430507674168509e-05,0.0,0.0,0.0,-3.430507674168509e-05,-3.430507674168509e-05,3.430507674168509e-05,5.145761511252763e-05
signed_hqql_tbl,mod.blocks.3.attn.h3,photon<-charged_hadron,0.022940497289705014,2.874658260612172e-05,-1.6203523909245238e-05,4.637800279505205e-05,-3.262814688344729e-05,4.4950106515366956e-05,-1.7631420188930326e-05,2.874658260612172e-05,5.12216358638052e-05
B_tbl_minus_hqql,mod.blocks.6.attn.h5,charged_hadron<-photon,0.021502732736629677,3.411951758647955e-05,0.0,0.0,0.0,3.411951758647955e-05,3.411951758647955e-05,3.411951758647955e-05,5.117927637971933e-05
signed_hqql_tbl,mod.blocks.1.attn.h6,photon<-electron,0.028684284628891363,-1.7322957186168913e-05,-8.489314963558822e-05,-2.72943126057651e-05,-1.1438704347132112e-05,6.757019244941931e-05,9.971355419596186e-06,1.7322957186168913e-05,5.110805341087857e-05
signed_hqql_tbl,mod.blocks.0.attn.h0,charged_hadron<-neutral_hadron,0.028366930105469444,-2.0869491734252922e-05,3.951626044786157e-05,-5.3799496504933905e-05,3.531643618818215e-05,-6.03857521821145e-05,3.2930004770680987e-05,2.0869491734252922e-05,5.1062367825310175e-05
B_tbl_minus_hqql,mod.blocks.7.attn.h7,neutral_hadron<-muon,0.05669682721296946,-3.403200147052606e-05,0.0,0.0,0.0,-3.403200147052606e-05,-3.403200147052606e-05,3.403200147052606e-05,5.104800220578909e-05
signed_hqql_tbl,mod.blocks.2.attn.h4,photon<-neutral_hadron,0.029323331343213653,-4.441500370782689e-05,-3.128259647832108e-05,-3.666919112920444e-05,2.4737552763070837e-05,-1.3132407229505816e-05,-7.745812578622452e-06,4.441500370782689e-05,5.0981207322579804e-05
signed_hqql_tbl,mod.blocks.4.attn.h4,photon<-electron,0.03468170671201334,-3.4371795506195314e-05,-1.188114382496711e-06,3.903992005658213e-05,4.450460602873301e-06,-3.3183681123698605e-05,-7.341171556277744e-05,3.4371795506195314e-05,5.0963636068044616e-05
B_tbl_minus_hqql,mod.blocks.6.attn.h1,charged_hadron<-electron,0.06534014480269473,-3.390477294211134e-05,0.0,0.0,0.0,-3.390477294211134e-05,-3.390477294211134e-05,3.390477294211134e-05,5.085715941316701e-05
B_tbl_minus_hqql,mod.blocks.7.attn.h5,neutral_hadron<-photon,0.02871955734287156,3.390029181675381e-05,0.0,0.0,0.0,3.390029181675381e-05,3.390029181675381e-05,3.390029181675381e-05,5.0850437725130715e-05
B_tbl_minus_hqql,mod.blocks.3.attn.h6,photon<-electron,0.011508104959275664,-3.385280114144268e-05,0.0,0.0,0.0,-3.385280114144268e-05,-3.385280114144268e-05,3.385280114144268e-05,5.0779201712164024e-05
signed_hqql_tbl,mod.blocks.7.attn.h0,charged_hadron<-photon,0.018830456127777943,-2.3947273692513626e-05,2.9707244488427755e-05,-1.394914052596905e-05,1.932880226672504e-05,-5.365451818094138e-05,-9.998133166544576e-06,2.3947273692513626e-05,5.0774532782984314e-05
signed_hqql_tbl,mod.cls_blocks.1.attn.h4,neutral_hadron<-electron,0.004314173333114013,-3.3818117572081974e-05,0.0,1.5389028703793883e-05,0.0003507134970277548,-3.3818117572081974e-05,-4.920714627587586e-05,3.3818117572081974e-05,5.072717635812296e-05
B_tbl_minus_hqql,mod.blocks.4.attn.h4,muon<-photon,0.01937593175814702,3.360939444974065e-05,0.0,0.0,0.0,3.360939444974065e-05,3.360939444974065e-05,3.360939444974065e-05,5.041409167461097e-05
signed_hqql_tbl,mod.blocks.1.attn.h2,charged_hadron<-photon,0.01977395146920536,-9.074880810999904e-06,7.35995261058596e-05,-2.0927842624818517e-05,4.0389412057297174e-05,-8.26744069168595e-05,1.1852961813818613e-05,9.074880810999904e-06,5.0412084269429655e-05
B_tbl_minus_hqql,mod.blocks.6.attn.h4,muon<-photon,0.010072764295798082,-3.3583057721933495e-05,0.0,0.0,0.0,-3.3583057721933495e-05,-3.3583057721933495e-05,3.3583057721933495e-05,5.037458658290024e-05
B_tbl_minus_hqql,mod.blocks.5.attn.h4,muon<-charged_hadron,0.0122834712266922,3.3544906182214616e-05,0.0,0.0,0.0,3.3544906182214616e-05,3.3544906182214616e-05,3.3544906182214616e-05,5.031735927332192e-05
B_tbl_minus_hqql,mod.blocks.3.attn.h4,photon<-photon,0.023348705416613325,3.345267047188286e-05,0.0,0.0,0.0,3.345267047188286e-05,3.345267047188286e-05,3.345267047188286e-05,5.017900570782429e-05
signed_hqql_tbl,mod.blocks.4.attn.h2,charged_hadron<-photon,0.015126448433372856,-2.5852465848065397e-05,2.2791985061445037e-05,-3.4712812896755886e-05,2.650177918337606e-05,-4.864445090951043e-05,8.860347048690489e-06,2.5852465848065397e-05,5.017469130282061e-05
signed_hqql_tbl,mod.blocks.4.attn.h7,neutral_hadron<-muon,0.013603265086809794,2.796044039617603e-05,-1.60113459060085e-05,0.00015742774987876672,-1.6808651707833633e-05,4.3971786302184526e-05,-0.00012946730948259068,2.796044039617603e-05,4.9946333547268296e-05
signed_hqql_tbl,mod.cls_blocks.1.attn.h5,electron<-charged_hadron,0.016246731792177473,3.326996479050389e-05,0.0,-0.00014034450785922154,0.0,3.326996479050389e-05,0.00017361447264972542,3.326996479050389e-05,4.990494718575584e-05
signed_hqql_tbl,mod.blocks.7.attn.h6,charged_hadron<-charged_hadron,0.032153738395834595,4.144845882492279e-05,2.469558910478363e-05,6.473435469181685e-05,-2.0463014027626476e-05,1.675286972013916e-05,-2.3285895866894054e-05,4.144845882492279e-05,4.982489368499237e-05
signed_hqql_tbl,mod.blocks.0.attn.h2,photon<-neutral_hadron,0.021386778131005816,1.5463959245272526e-05,-5.323409545635782e-05,3.8730933567089184e-05,-4.479070812128369e-05,6.869805470163034e-05,-2.3266974321816658e-05,1.5463959245272526e-05,4.9812986596087694e-05
signed_hqql_tbl,mod.blocks.6.attn.h0,electron<-neutral_hadron,0.011795376567170024,-3.139225309496396e-05,5.403051559937921e-06,-7.842588824284272e-06,-2.993520905981902e-06,-3.679530465490188e-05,-2.354966427067969e-05,3.139225309496396e-05,4.97899054224149e-05
B_tbl_minus_hqql,mod.blocks.7.attn.h3,muon<-electron,0.07374674081802368,-3.3095304388552904e-05,0.0,0.0,0.0,-3.3095304388552904e-05,-3.3095304388552904e-05,3.3095304388552904e-05,4.9642956582829356e-05
signed_hqql_tbl,mod.blocks.7.attn.h3,muon<-electron,0.07374675571918488,-3.3094853279180825e-05,0.0,0.0004964424297213554,-9.372353815706447e-06,-3.3094853279180825e-05,-0.0005295372830005363,3.3094853279180825e-05,4.964227991877124e-05
B_tbl_minus_hqql,mod.blocks.6.attn.h2,neutral_hadron<-muon,0.025934604307015736,3.308235318399966e-05,0.0,0.0,0.0,3.308235318399966e-05,3.308235318399966e-05,3.308235318399966e-05,4.9623529775999486e-05
B_tbl_minus_hqql,mod.blocks.2.attn.h7,neutral_hadron<-muon,0.029527428249518078,-3.3079598021383085e-05,0.0,0.0,0.0,-3.3079598021383085e-05,-3.3079598021383085e-05,3.3079598021383085e-05,4.961939703207463e-05
B_tbl_minus_hqql,mod.blocks.2.attn.h5,electron<-neutral_hadron,0.013925318326801061,3.3075010469474365e-05,0.0,0.0,0.0,3.3075010469474365e-05,3.3075010469474365e-05,3.3075010469474365e-05,4.961251570421155e-05
B_tbl_minus_hqql,mod.blocks.3.attn.h3,charged_hadron<-neutral_hadron,0.015638703159217178,-3.306573028946266e-05,0.0,0.0,0.0,-3.306573028946266e-05,-3.306573028946266e-05,3.306573028946266e-05,4.959859543419399e-05
B_tbl_minus_hqql,mod.blocks.7.attn.h7,electron<-photon,0.018881086805244772,-3.305588897336104e-05,0.0,0.0,0.0,-3.305588897336104e-05,-3.305588897336104e-05,3.305588897336104e-05,4.958383346004156e-05
signed_hqql_tbl,mod.blocks.5.attn.h6,photon<-neutral_hadron,0.04549219219855733,-2.298678918735946e-05,-7.593658400847661e-05,-3.3126034445923925e-05,-1.7168068444324654e-06,5.294979482111715e-05,1.0139245258564464e-05,2.298678918735946e-05,4.946168659791804e-05
B_tbl_minus_hqql,mod.blocks.6.attn.h1,electron<-neutral_hadron,0.011588550917804242,3.293814725111588e-05,0.0,0.0,0.0,3.293814725111588e-05,3.293814725111588e-05,3.293814725111588e-05,4.940722087667381e-05
signed_hqql_tbl,mod.blocks.1.attn.h3,photon<-neutral_hadron,0.01242705661846024,-2.9134050760927897e-05,1.1408418330881076e-05,-4.727430429620477e-05,6.621617161153515e-06,-4.0542469091808975e-05,1.8140253535276875e-05,2.9134050760927897e-05,4.9405285306832384e-05
B_tbl_minus_hqql,mod.blocks.5.attn.h5,neutral_hadron<-photon,0.022517415623485946,3.289007538090936e-05,0.0,0.0,0.0,3.289007538090936e-05,3.289007538090936e-05,3.289007538090936e-05,4.933511307136404e-05
signed_hqql_tbl,mod.blocks.7.attn.h5,photon<-charged_hadron,0.02616177910928568,-3.168631724669799e-05,3.5907514009100186e-06,-2.7527346807421003e-05,1.5571499279091534e-05,-3.5277068647608005e-05,-4.158970439276985e-06,3.168631724669799e-05,4.932485157050199e-05
signed_hqql_tbl,mod.blocks.2.attn.h6,neutral_hadron<-electron,0.010983158042654395,3.1462470542464874e-05,6.716877973644841e-05,-0.0002627825946177609,-1.0316198955372196e-05,-3.570630919398354e-05,0.00029424506516022574,3.1462470542464874e-05,4.9315625139456644e-05
B_tbl_minus_hqql,mod.blocks.7.attn.h3,charged_hadron<-muon,0.09990330338478089,3.282161778770387e-05,0.0,0.0,0.0,3.282161778770387e-05,3.282161778770387e-05,3.282161778770387e-05,4.92324266815558e-05
B_tbl_minus_hqql,mod.blocks.5.attn.h6,photon<-electron,0.0158246242691104,-3.2744833378074405e-05,0.0,0.0,0.0,-3.2744833378074405e-05,-3.2744833378074405e-05,3.2744833378074405e-05,4.911725006711161e-05
signed_hqql_tbl,mod.blocks.3.attn.h6,charged_hadron<-photon,0.01793622102032709,2.538254800495738e-05,-2.206553579108541e-05,1.112771970215829e-05,-2.4945716440867182e-06,4.744808379604279e-05,1.425482830279909e-05,2.538254800495738e-05,4.9106589902978774e-05
B_tbl_minus_hqql,mod.blocks.4.attn.h6,electron<-neutral_hadron,0.010855178628116847,3.262269201513846e-05,0.0,0.0,0.0,3.262269201513846e-05,3.262269201513846e-05,3.262269201513846e-05,4.8934038022707686e-05
B_tbl_minus_hqql,mod.cls_blocks.1.attn.h7,CLS<-charged_hadron,0.020097499443787088,-3.257673842026897e-05,0.0,0.0,0.0,-3.257673842026897e-05,-3.257673842026897e-05,3.257673842026897e-05,4.886510763040345e-05
B_tbl_minus_hqql,mod.blocks.0.attn.h6,electron<-charged_hadron,0.019076739194924416,-3.254942155605101e-05,0.0,0.0,0.0,-3.254942155605101e-05,-3.254942155605101e-05,3.254942155605101e-05,4.882413233407651e-05
signed_hqql_tbl,mod.blocks.2.attn.h0,photon<-photon,0.017565954537564297,-1.989676018400559e-05,3.793968018464916e-05,-3.502714213923433e-06,1.67257351908764e-05,-5.7836440368654756e-05,-1.6394045970082158e-05,1.989676018400559e-05,4.8814980368332966e-05
B_tbl_minus_hqql,mod.cls_blocks.1.attn.h0,charged_hadron<-electron,0.007909026928246021,3.2514754366275156e-05,0.0,0.0,0.0,3.2514754366275156e-05,3.2514754366275156e-05,3.2514754366275156e-05,4.8772131549412734e-05
signed_hqql_tbl,mod.blocks.5.attn.h0,photon<-charged_hadron,0.025798304387219046,2.0765144081602327e-05,-3.520838341483646e-05,2.6371602644845124e-06,-4.864730989369552e-06,5.597352749643878e-05,1.8127983817117814e-05,2.0765144081602327e-05,4.8751907829821715e-05
B_tbl_minus_hqql,mod.blocks.7.attn.h1,charged_hadron<-muon,0.02631589472293854,3.2498649670742455e-05,0.0,0.0,0.0,3.2498649670742455e-05,3.2498649670742455e-05,3.2498649670742455e-05,4.874797450611368e-05
signed_hqql_tbl,mod.blocks.3.attn.h7,neutral_hadron<-muon,0.0306923712293307,4.4776296514707305e-05,5.267794767860323e-05,0.0002766771546559635,-6.059633960830979e-05,-7.901651163895927e-06,-0.00023190085814125621,4.4776296514707305e-05,4.8727122096655265e-05
signed_hqql_tbl,mod.blocks.1.attn.h5,neutral_hadron<-photon,0.022226987130101315,1.2539503512411039e-05,-5.975763946462706e-05,-5.960657562508436e-06,-1.3944598558427941e-05,7.22971429770381e-05,1.8500161074919474e-05,1.2539503512411039e-05,4.868807500093009e-05
B_tbl_minus_hqql,mod.blocks.1.attn.h1,charged_hadron<-muon,0.034488505125045775,-3.237100609112531e-05,0.0,0.0,0.0,-3.237100609112531e-05,-3.237100609112531e-05,3.237100609112531e-05,4.855650913668797e-05
B_tbl_minus_hqql,mod.cls_blocks.1.attn.h5,charged_hadron<-neutral_hadron,0.040234572157777586,3.236636834556301e-05,0.0,0.0,0.0,3.236636834556301e-05,3.236636834556301e-05,3.236636834556301e-05,4.854955251834451e-05
B_tbl_minus_hqql,mod.blocks.6.attn.h7,electron<-muon,0.00044991669710725546,-3.232838571420871e-05,0.0,0.0,0.0,-3.232838571420871e-05,-3.232838571420871e-05,3.232838571420871e-05,4.849257857131306e-05
signed_hqql_tbl,mod.blocks.6.attn.h7,electron<-muon,0.00044991634786129,-3.2328349334420636e-05,0.0,-1.0149118878644003e-07,-1.8538313939497897e-10,-3.2328349334420636e-05,-3.2226858145634196e-05,3.2328349334420636e-05,4.8492524001630954e-05
signed_hqql_tbl,mod.blocks.0.attn.h7,electron<-charged_hadron,0.019177716549323952,-3.0976138077676296e-05,3.823738855620225e-06,-3.3808229800929586e-05,-6.417746556474379e-05,-3.4799876933296524e-05,2.83209172325329e-06,3.0976138077676296e-05,4.837607654432456e-05
B_tbl_minus_hqql,mod.blocks.3.attn.h7,charged_hadron<-muon,0.07914227247238159,3.221081860829145e-05,0.0,0.0,0.0,3.221081860829145e-05,3.221081860829145e-05,3.221081860829145e-05,4.8316227912437176e-05
B_tbl_minus_hqql,mod.blocks.1.attn.h3,electron<-photon,0.016142280817758745,-3.217873284195709e-05,0.0,0.0,0.0,-3.217873284195709e-05,-3.217873284195709e-05,3.217873284195709e-05,4.826809926293563e-05
signed_hqql_tbl,mod.cls_blocks.1.attn.h0,electron<-photon,0.012434136037799444,3.216343165232419e-05,0.0,-0.00016941616001228492,0.0,3.216343165232419e-05,0.00020157959166460911,3.216343165232419e-05,4.824514747848629e-05
B_tbl_minus_hqql,mod.blocks.5.attn.h2,electron<-photon,0.016057541684770003,-3.2123721455984815e-05,0.0,0.0,0.0,-3.2123721455984815e-05,-3.2123721455984815e-05,3.2123721455984815e-05,4.818558218397722e-05
signed_hqql_tbl,mod.blocks.4.attn.h3,neutral_hadron<-electron,0.024448424018919467,-1.7957131341006516e-05,4.232710498541792e-05,2.7634952080764683e-06,-1.705560803469887e-05,-6.0284236326424434e-05,-2.0720626549082983e-05,1.7957131341006516e-05,4.809924950421873e-05
B_tbl_minus_hqql,mod.blocks.0.attn.h3,electron<-photon,0.019619720919830042,3.20503349052515e-05,0.0,0.0,0.0,3.20503349052515e-05,3.20503349052515e-05,3.20503349052515e-05,4.807550235787725e-05
B_tbl_minus_hqql,mod.cls_blocks.1.attn.h2,electron<-electron,0.003437857114477083,3.202280277037062e-05,0.0,0.0,0.0,3.202280277037062e-05,3.202280277037062e-05,3.202280277037062e-05,4.8034204155555926e-05
signed_hqql_tbl,mod.blocks.0.attn.h2,charged_hadron<-neutral_hadron,0.020664395910445426,-1.904027762590706e-05,3.874773056842051e-05,-3.109073174136341e-05,2.806436925634486e-05,-5.778800819432757e-05,1.2050454115456347e-05,1.904027762590706e-05,4.793428172307085e-05
signed_hqql_tbl,mod.blocks.5.attn.h6,photon<-electron,0.01582463444551317,-3.274484714250032e-05,-2.3682530922997103e-06,-4.4847136500533925e-05,1.6167802691184492e-05,-3.0376594050200607e-05,1.2102289358033608e-05,3.274484714250032e-05,4.793314416760062e-05
B_tbl_minus_hqql,mod.blocks.6.attn.h2,photon<-photon,0.013647235766149273,-3.193859210894359e-05,0.0,0.0,0.0,-3.193859210894359e-05,-3.193859210894359e-05,3.193859210894359e-05,4.7907888163415386e-05
signed_hqql_tbl,mod.blocks.2.attn.h7,charged_hadron<-electron,0.0197584909265456,9.021583359160855e-06,-6.853057925278942e-05,9.22685531775407e-06,4.973630967907849e-05,7.755216261195028e-05,-2.0527195859321412e-07,9.021583359160855e-06,4.7797664665135996e-05
signed_hqql_tbl,mod.cls_blocks.1.attn.h1,electron<-charged_hadron,0.02083550500018256,-3.182593354722485e-05,0.0,-0.00036397000907787254,0.0,-3.182593354722485e-05,0.0003321440755306477,3.182593354722485e-05,4.7738900320837274e-05
B_tbl_minus_hqql,mod.blocks.2.attn.h4,photon<-photon,0.019858713050699764,3.180510206198836e-05,0.0,0.0,0.0,3.180510206198836e-05,3.180510206198836e-05,3.180510206198836e-05,4.770765309298254e-05
B_tbl_minus_hqql,mod.blocks.1.attn.h2,charged_hadron<-neutral_hadron,0.016303785098570642,-3.178708577257812e-05,0.0,0.0,0.0,-3.178708577257812e-05,-3.178708577257812e-05,3.178708577257812e-05,4.768062865886718e-05
signed_hqql_tbl,mod.blocks.7.attn.h6,neutral_hadron<-muon,0.010360890999436378,-1.0396903235232458e-05,6.406958459592715e-05,-3.1851125243065326e-05,3.7647907380033985e-05,-7.446648783115961e-05,2.1454222007832868e-05,1.0396903235232458e-05,4.763014715081226e-05
B_tbl_minus_hqql,mod.blocks.3.attn.h2,photon<-electron,0.05187275369719761,-3.173122959418745e-05,0.0,0.0,0.0,-3.173122959418745e-05,-3.173122959418745e-05,3.173122959418745e-05,4.7596844391281176e-05
B_tbl_minus_hqql,mod.cls_blocks.1.attn.h7,CLS<-photon,0.02635014320121092,-3.1697940502608205e-05,0.0,0.0,0.0,-3.1697940502608205e-05,-3.1697940502608205e-05,3.1697940502608205e-05,4.7546910753912304e-05
B_tbl_minus_hqql,mod.blocks.7.attn.h5,photon<-charged_hadron,0.02616177952091997,-3.168631333737822e-05,0.0,0.0,0.0,-3.168631333737822e-05,-3.168631333737822e-05,3.168631333737822e-05,4.7529470006067335e-05
signed_hqql_tbl,mod.blocks.7.attn.h2,charged_hadron<-charged_hadron,0.02911354322413852,-1.9969556946823267e-05,3.494886296294531e-05,-3.621077107553571e-05,2.78332257089625e-05,-5.4918419909768576e-05,1.6241214128712445e-05,1.9969556946823267e-05,4.742876690170755e-05
signed_hqql_tbl,mod.blocks.7.attn.h7,charged_hadron<-electron,0.0419779058707797,3.122255186652815e-05,6.359410976680616e-05,0.000189956609486422,2.079793806910015e-05,-3.237155790027801e-05,-0.00015873405761989383,3.122255186652815e-05,4.7408330816667155e-05
signed_hqql_tbl,mod.blocks.4.attn.h0,neutral_hadron<-electron,0.02121671075001359,3.0452898619159897e-05,6.433634184332959e-05,8.753319434617879e-06,-7.710570999359548e-06,-3.3883443224169695e-05,2.169957918454202e-05,3.0452898619159897e-05,4.739462023124474e-05
signed_hqql_tbl,mod.blocks.2.attn.h3,charged_hadron<-neutral_hadron,0.017259395561621853,6.966738812742188e-06,-7.379227362443098e-05,-5.7745927085402056e-05,-2.1570922019201448e-05,8.075901243717316e-05,6.471266589814424e-05,6.966738812742188e-06,4.734624503132877e-05
signed_hqql_tbl,mod.blocks.7.attn.h0,electron<-charged_hadron,0.02437278571660104,-1.31671184372744e-05,-8.146838828300437e-05,-0.00012836914524556168,-0.00011393144571532805,6.830126984572997e-05,0.00011520202680828728,1.31671184372744e-05,4.731775336013939e-05
B_tbl_minus_hqql,mod.blocks.2.attn.h6,neutral_hadron<-electron,0.010983157763257622,3.1462473452847915e-05,0.0,0.0,0.0,3.1462473452847915e-05,3.1462473452847915e-05,3.1462473452847915e-05,4.719371017927187e-05
B_tbl_minus_hqql,mod.blocks.6.attn.h0,electron<-neutral_hadron,0.01179538223077543,-3.1392241271532836e-05,0.0,0.0,0.0,-3.1392241271532836e-05,-3.1392241271532836e-05,3.1392241271532836e-05,4.7088361907299255e-05
signed_hqql_tbl,mod.blocks.0.attn.h6,electron<-photon,0.01840090760734023,2.3312397122314972e-05,-2.418963413219899e-05,0.00025841540478374045,-0.00010484187144108795,4.750203125451396e-05,-0.00023510300766142546,2.3312397122314972e-05,4.7063412749571954e-05
B_tbl_minus_hqql,mod.blocks.3.attn.h4,neutral_hadron<-muon,0.01537716512878736,3.134473809041083e-05,0.0,0.0,0.0,3.134473809041083e-05,3.134473809041083e-05,3.134473809041083e-05,4.701710713561624e-05
signed_hqql_tbl,mod.blocks.2.attn.h6,photon<-charged_hadron,0.02885523767761104,-1.9535031855442094e-05,3.536169830930814e-05,1.5882657966139832e-05,-4.669146008128938e-06,-5.4896730164750234e-05,-3.5417689821581926e-05,1.9535031855442094e-05,4.698339693781721e-05
signed_hqql_tbl,mod.blocks.0.attn.h3,charged_hadron<-neutral_hadron,0.026599771246827882,-3.0167977222796896e-05,-6.370340360680947e-05,-8.08360839600096e-06,-4.2049586302090804e-05,3.353542638401257e-05,-2.2084368826795935e-05,3.0167977222796896e-05,4.693569041480318e-05
signed_hqql_tbl,mod.blocks.6.attn.h0,photon<-muon,0.04697100474284245,-1.564925164879801e-05,-7.820544459928687e-05,-4.203009117521684e-05,-0.0010775407782704052,6.255619295048885e-05,2.638083952641883e-05,1.564925164879801e-05,4.692734812404244e-05
signed_hqql_tbl,mod.blocks.3.attn.h4,neutral_hadron<-neutral_hadron,0.016753964323563627,1.2941563986537998e-05,-5.494440276718877e-05,-2.635865565078003e-06,-7.902055780765035e-06,6.788596675372677e-05,1.5577429551616e-05,1.2941563986537998e-05,4.688454736340138e-05
B_tbl_minus_hqql,mod.blocks.7.attn.h7,charged_hadron<-electron,0.04197790433207284,3.122254225751891e-05,0.0,0.0,0.0,3.122254225751891e-05,3.122254225751891e-05,3.122254225751891e-05,4.6833813386278365e-05
signed_hqql_tbl,mod.blocks.1.attn.h3,charged_hadron<-neutral_hadron,0.018404957269052728,-4.315882058869639e-05,-3.583418983580159e-05,-6.314060856687888e-05,-1.0030940897756441e-05,-7.3246307528947996e-06,1.998178797818249e-05,4.315882058869639e-05,4.6821135965143784e-05
signed_hqql_tbl,mod.blocks.1.attn.h5,photon<-photon,0.02089707716218025,1.0209814022569386e-05,-6.297899802679953e-05,1.8408112655161167e-05,-3.809800416569694e-05,7.318881204936891e-05,-8.198298632591781e-06,1.0209814022569386e-05,4.680422004725384e-05
signed_hqql_tbl,mod.cls_blocks.0.attn.h7,electron<-photon,0.011706515469334343,-3.115852384574034e-05,0.0,0.001122219938163956,0.0,-3.115852384574034e-05,-0.0011533784620096964,3.115852384574034e-05,4.673778576861051e-05
B_tbl_minus_hqql,mod.blocks.0.attn.h1,electron<-photon,0.012195419747291542,3.1134145523892806e-05,0.0,0.0,0.0,3.1134145523892806e-05,3.1134145523892806e-05,3.1134145523892806e-05,4.6701218285839205e-05
B_tbl_minus_hqql,mod.blocks.4.attn.h0,neutral_hadron<-neutral_hadron,0.0319555538966462,3.111785059934029e-05,0.0,0.0,0.0,3.111785059934029e-05,3.111785059934029e-05,3.111785059934029e-05,4.667677589901044e-05
signed_hqql_tbl,mod.blocks.5.attn.h3,neutral_hadron<-neutral_hadron,0.03408067673444748,1.7714702355637964e-05,-4.000271359558795e-05,7.90424808186559e-06,-3.437762545997559e-05,5.771741595122591e-05,9.810454273772375e-06,1.7714702355637964e-05,4.657341033125092e-05
signed_hqql_tbl,mod.blocks.2.attn.h1,photon<-neutral_hadron,0.020264223959375945,2.137047357722011e-05,-2.9026204927513235e-05,1.0778858449562889e-05,-1.5073999621469234e-05,5.0396678504733345e-05,1.0591615127657221e-05,2.137047357722011e-05,4.656881282958678e-05
B_tbl_minus_hqql,mod.blocks.7.attn.h3,electron<-charged_hadron,0.027334049344062805,3.1029748524617943e-05,0.0,0.0,0.0,3.1029748524617943e-05,3.1029748524617943e-05,3.1029748524617943e-05,4.6544622786926915e-05
signed_hqql_tbl,mod.blocks.2.attn.h5,photon<-neutral_hadron,0.013396696811982509,2.1670928430879493e-05,-2.7982047410036553e-05,-1.3163583618804808e-05,-4.566832166848851e-06,4.965297584091605e-05,3.48345120496843e-05,2.1670928430879493e-05,4.649741635133752e-05
B_tbl_minus_hqql,mod.blocks.0.attn.h7,electron<-charged_hadron,0.01917771557750909,-3.09761418738281e-05,0.0,0.0,0.0,-3.09761418738281e-05,-3.09761418738281e-05,3.09761418738281e-05,4.646421281074215e-05
B_tbl_minus_hqql,mod.blocks.7.attn.h3,photon<-electron,0.09510948599838628,-3.091567906245118e-05,0.0,0.0,0.0,-3.091567906245118e-05,-3.091567906245118e-05,3.091567906245118e-05,4.637351859367677e-05
B_tbl_minus_hqql,mod.blocks.1.attn.h5,charged_hadron<-electron,0.015688033855479698,-3.090542692086234e-05,0.0,0.0,0.0,-3.090542692086234e-05,-3.090542692086234e-05,3.090542692086234e-05,4.635814038129351e-05
B_tbl_minus_hqql,mod.blocks.1.attn.h4,neutral_hadron<-electron,0.03645323384553194,3.073113250593451e-05,0.0,0.0,0.0,3.073113250593451e-05,3.073113250593451e-05,3.073113250593451e-05,4.609669875890176e-05
B_tbl_minus_hqql,mod.blocks.6.attn.h3,electron<-photon,0.01947986489025558,-3.0612397251122565e-05,0.0,0.0,0.0,-3.0612397251122565e-05,-3.0612397251122565e-05,3.0612397251122565e-05,4.591859587668385e-05
signed_hqql_tbl,mod.blocks.5.attn.h6,charged_hadron<-charged_hadron,0.024973768583485777,2.1637465681307094e-05,-2.679598821613539e-05,2.3461113274608146e-05,1.054671306280898e-06,4.843345389744249e-05,-1.8236475933010524e-06,2.1637465681307094e-05,4.585419263002834e-05
signed_hqql_tbl,mod.blocks.1.attn.h0,electron<-electron,0.024104617868147216,-3.034149757183968e-05,5.941931413566692e-07,-8.48204357867625e-05,5.043702392034296e-07,-3.093569071319635e-05,5.447893821492282e-05,3.034149757183968e-05,4.580934292843785e-05
B_tbl_minus_hqql,mod.blocks.1.attn.h1,neutral_hadron<-muon,0.031018448372681934,3.0516452776889007e-05,0.0,0.0,0.0,3.0516452776889007e-05,3.0516452776889007e-05,3.0516452776889007e-05,4.577467916533351e-05
B_tbl_minus_hqql,mod.blocks.4.attn.h0,neutral_hadron<-electron,0.021216711960732937,3.04529117158836e-05,0.0,0.0,0.0,3.04529117158836e-05,3.04529117158836e-05,3.04529117158836e-05,4.56793675738254e-05
B_tbl_minus_hqql,mod.blocks.4.attn.h7,neutral_hadron<-electron,0.03486895700916648,3.0447499739238992e-05,0.0,0.0,0.0,3.0447499739238992e-05,3.0447499739238992e-05,3.0447499739238992e-05,4.567124960885849e-05
B_tbl_minus_hqql,mod.blocks.4.attn.h4,muon<-muon,0.001893978682346642,-3.0393930501304567e-05,0.0,0.0,0.0,-3.0393930501304567e-05,-3.0393930501304567e-05,3.0393930501304567e-05,4.559089575195685e-05
B_tbl_minus_hqql,mod.blocks.2.attn.h4,neutral_hadron<-electron,0.05135702099651098,3.034570424915728e-05,0.0,0.0,0.0,3.034570424915728e-05,3.034570424915728e-05,3.034570424915728e-05,4.551855637373592e-05
B_tbl_minus_hqql,mod.blocks.1.attn.h0,electron<-electron,0.024104616378076572,-3.0341445198445173e-05,0.0,0.0,0.0,-3.0341445198445173e-05,-3.0341445198445173e-05,3.0341445198445173e-05,4.551216779766776e-05
B_tbl_minus_hqql,mod.blocks.7.attn.h2,electron<-charged_hadron,0.020993049054042152,3.0337275733393692e-05,0.0,0.0,0.0,3.0337275733393692e-05,3.0337275733393692e-05,3.0337275733393692e-05,4.550591360009054e-05
signed_hqql_tbl,mod.blocks.4.attn.h4,muon<-muon,0.001893980777822435,-3.0393954148166813e-05,-2.3394580139779464e-07,-1.0438166168569295e-05,-9.061419395569222e-07,-3.016000834676902e-05,-1.9955787979597518e-05,3.0393954148166813e-05,4.547395832155132e-05
B_tbl_minus_hqql,mod.blocks.2.attn.h6,photon<-muon,0.016009151935577393,3.031445577597389e-05,0.0,0.0,0.0,3.031445577597389e-05,3.031445577597389e-05,3.031445577597389e-05,4.547168366396084e-05
signed_hqql_tbl,mod.blocks.2.attn.h6,electron<-electron,0.002453962057188619,2.9590930333256436e-05,-2.1153859108835604e-06,1.2715042001016425e-06,-9.567262016692743e-06,3.170631624414e-05,2.8319426133154795e-05,2.9590930333256436e-05,4.544408845532643e-05
signed_hqql_tbl,mod.blocks.7.attn.h2,neutral_hadron<-photon,0.022675719385629376,-2.288846479230112e-05,2.187330948165446e-05,-2.003749184678628e-05,1.6352679772233954e-05,-4.476177427395558e-05,-2.8509729455148426e-06,2.288846479230112e-05,4.526935192927891e-05
B_tbl_minus_hqql,mod.blocks.0.attn.h3,charged_hadron<-neutral_hadron,0.02659977134025209,-3.0167981476609106e-05,0.0,0.0,0.0,-3.0167981476609106e-05,-3.0167981476609106e-05,3.0167981476609106e-05,4.525197221491366e-05
signed_hqql_tbl,mod.blocks.0.attn.h3,neutral_hadron<-charged_hadron,0.025103233521074336,-1.5283311959166303e-05,-7.500321072576618e-05,4.964101214954344e-06,-2.9109490849677695e-05,5.971989876659988e-05,-2.0247413174120647e-05,1.5283311959166303e-05,4.514326134246625e-05
signed_hqql_tbl,mod.blocks.1.attn.h3,electron<-neutral_hadron,0.021302680019289255,4.4245103345019744e-05,4.261862432031194e-05,0.00027902157849742554,0.000549643648435663,1.6264790247078067e-06,-0.0002347764751524058,4.4245103345019744e-05,4.505834285737365e-05
signed_hqql_tbl,mod.blocks.7.attn.h4,photon<-muon,0.007185370303117312,1.538414065949977e-06,-8.546279814953987e-05,-1.0163090753807905e-05,-7.594774042782201e-05,8.700121221548985e-05,1.1701504819757882e-05,1.538414065949977e-06,4.50390201736949e-05
B_tbl_minus_hqql,mod.blocks.6.attn.h3,electron<-charged_hadron,0.0167495794189365,-3.002559345116859e-05,0.0,0.0,0.0,-3.002559345116859e-05,-3.002559345116859e-05,3.002559345116859e-05,4.5038390176752884e-05
B_tbl_minus_hqql,mod.blocks.5.attn.h5,muon<-neutral_hadron,0.0012062102711449068,3.000819803370784e-05,0.0,0.0,0.0,3.000819803370784e-05,3.000819803370784e-05,3.000819803370784e-05,4.5012297050561756e-05
B_tbl_minus_hqql,mod.cls_blocks.1.attn.h3,electron<-photon,0.002436201311178882,-2.9985678976758706e-05,0.0,0.0,0.0,-2.9985678976758706e-05,-2.9985678976758706e-05,2.9985678976758706e-05,4.497851846513806e-05
B_tbl_minus_hqql,mod.blocks.2.attn.h0,charged_hadron<-neutral_hadron,0.015866755831951632,-2.996795032528115e-05,0.0,0.0,0.0,-2.996795032528115e-05,-2.996795032528115e-05,2.996795032528115e-05,4.495192548792173e-05
B_tbl_minus_hqql,mod.blocks.1.attn.h4,electron<-charged_hadron,0.016646030642416165,2.9958306008072963e-05,0.0,0.0,0.0,2.9958306008072963e-05,2.9958306008072963e-05,2.9958306008072963e-05,4.493745901210944e-05
signed_hqql_tbl,mod.blocks.3.attn.h2,muon<-muon,0.0008030706085264683,2.9925180569989607e-05,-1.883671352231886e-08,6.624201986937806e-09,-6.735968449689267e-09,2.9944017283511926e-05,2.9918556368002668e-05,2.9925180569989607e-05,4.489718921174557e-05
B_tbl_minus_hqql,mod.blocks.3.attn.h2,muon<-muon,0.0008030719473026693,2.9925242415629327e-05,0.0,0.0,0.0,2.9925242415629327e-05,2.9925242415629327e-05,2.9925242415629327e-05,4.488786362344399e-05
B_tbl_minus_hqql,mod.blocks.0.attn.h5,charged_hadron<-charged_hadron,0.027742578968592016,-2.9918986420844397e-05,0.0,0.0,0.0,-2.9918986420844397e-05,-2.9918986420844397e-05,2.9918986420844397e-05,4.4878479631266594e-05
B_tbl_minus_hqql,mod.blocks.6.attn.h0,electron<-photon,0.014853047161567502,-2.9698984579271183e-05,0.0,0.0,0.0,-2.9698984579271183e-05,-2.9698984579271183e-05,2.9698984579271183e-05,4.454847686890678e-05
signed_hqql_tbl,mod.cls_blocks.1.attn.h5,charged_hadron<-muon,0.0,0.0,8.895673818187788e-05,-2.062909334199503e-05,-2.5285769879701547e-05,-8.895673818187788e-05,2.062909334199503e-05,0.0,4.447836909093894e-05
B_tbl_minus_hqql,mod.blocks.7.attn.h5,photon<-photon,0.01797304722588404,2.9610082008139194e-05,0.0,0.0,0.0,2.9610082008139194e-05,2.9610082008139194e-05,2.9610082008139194e-05,4.441512301220879e-05
B_tbl_minus_hqql,mod.blocks.1.attn.h7,neutral_hadron<-electron,0.035138864815235135,2.96005064228666e-05,0.0,0.0,0.0,2.96005064228666e-05,2.96005064228666e-05,2.96005064228666e-05,4.44007596342999e-05
B_tbl_minus_hqql,mod.blocks.2.attn.h6,electron<-electron,0.002453961273567984,2.9590897139541993e-05,0.0,0.0,0.0,2.9590897139541993e-05,2.9590897139541993e-05,2.9590897139541993e-05,4.438634570931299e-05
signed_hqql_tbl,mod.cls_blocks.1.attn.h3,electron<-photon,0.0027498331626557874,-2.952789159445372e-05,0.0,0.001438664162194714,0.0,-2.952789159445372e-05,-0.0014681920537891677,2.952789159445372e-05,4.429183739168058e-05
signed_hqql_tbl,mod.blocks.4.attn.h0,photon<-electron,0.025490340481444104,3.87793815007615e-05,2.777899758906902e-05,-9.777981082052438e-05,7.248477618718011e-05,1.1000383911692479e-05,0.00013655919232128587,3.87793815007615e-05,4.4279573456607735e-05
signed_hqql_tbl,mod.blocks.1.attn.h7,neutral_hadron<-muon,0.032573786874612175,1.923090167110786e-06,8.658016213303199e-05,8.281155264979277e-05,-4.048935322013373e-05,-8.46570719659212e-05,-8.088846248268198e-05,1.923090167110786e-06,4.425162615007139e-05
signed_hqql_tbl,mod.blocks.3.attn.h6,charged_hadron<-charged_hadron,0.030623449330692862,-1.9438134783132862e-05,3.0031613405767733e-05,1.2332878535881537e-05,2.188366457217023e-05,-4.9469748188900595e-05,-3.17710133190144e-05,1.9438134783132862e-05,4.4173008877583156e-05
signed_hqql_tbl,mod.blocks.0.attn.h4,electron<-charged_hadron,0.011696616592614548,2.7245160076152228e-05,-6.549223714197676e-06,9.28473718006224e-05,5.5685482005140295e-05,3.3794383790349905e-05,-6.560221172447016e-05,2.7245160076152228e-05,4.414235197132718e-05
signed_hqql_tbl,mod.blocks.5.attn.h7,muon<-photon,0.0032369717955589294,-3.4304998385218474e-05,-5.379125314693038e-05,-9.206723933113442e-06,-5.363350134791324e-05,1.9486254761711906e-05,-2.5098274452105034e-05,3.4304998385218474e-05,4.404812576607443e-05
signed_hqql_tbl,mod.blocks.6.attn.h1,photon<-neutral_hadron,0.017121663064882768,1.448763530011263e-05,-4.4632389109194995e-05,-1.0465803452487035e-06,-2.260277134749946e-05,5.912002440930763e-05,1.5534215645361333e-05,1.448763530011263e-05,4.4047647504766446e-05
signed_hqql_tbl,mod.blocks.3.attn.h4,photon<-electron,0.03378957241955327,2.2162412411800198e-05,6.592468655851138e-05,0.0001765464320707084,1.0300044000773182e-05,-4.3762274146711184e-05,-0.00015438401965890819,2.2162412411800198e-05,4.404354948515579e-05
B_tbl_minus_hqql,mod.blocks.0.attn.h5,neutral_hadron<-muon,0.03202454000711441,2.9340376689409215e-05,0.0,0.0,0.0,2.9340376689409215e-05,2.9340376689409215e-05,2.9340376689409215e-05,4.4010565034113824e-05
signed_hqql_tbl,mod.blocks.4.attn.h2,neutral_hadron<-photon,0.014692270371692216,-1.5205647367194028e-05,4.203394052506189e-05,2.4428444937818974e-05,1.3351768826154655e-05,-5.723958789225591e-05,-3.9634092305013005e-05,1.5205647367194028e-05,4.382544131332198e-05
signed_hqql_tbl,mod.blocks.0.attn.h4,charged_hadron<-neutral_hadron,0.036638197386900086,1.2237283669055955e-05,-5.0895653485723243e-05,-5.3784266239430966e-05,-3.266950947403876e-05,6.31329371547792e-05,6.602154990848692e-05,1.2237283669055955e-05,4.3803752246445555e-05
B_tbl_minus_hqql,mod.blocks.3.attn.h3,electron<-neutral_hadron,0.01815718428697437,2.9191062276368028e-05,0.0,0.0,0.0,2.9191062276368028e-05,2.9191062276368028e-05,2.9191062276368028e-05,4.378659341455204e-05
B_tbl_minus_hqql,mod.cls_blocks.1.attn.h4,charged_hadron<-electron,0.005793541902676225,2.9171226515245507e-05,0.0,0.0,0.0,2.9171226515245507e-05,2.9171226515245507e-05,2.9171226515245507e-05,4.375683977286826e-05
signed_hqql_tbl,mod.blocks.4.attn.h5,neutral_hadron<-photon,0.01697932560525555,1.6742711152046156e-05,-3.7215008045413994e-05,-1.555817165123278e-05,-3.155361505581924e-05,5.395771919746015e-05,3.230088280327894e-05,1.6742711152046156e-05,4.372157075077623e-05
B_tbl_minus_hqql,mod.blocks.1.attn.h3,photon<-neutral_hadron,0.012427056667077406,-2.913405567486991e-05,0.0,0.0,0.0,-2.913405567486991e-05,-2.913405567486991e-05,2.913405567486991e-05,4.370108351230487e-05
signed_hqql_tbl,mod.blocks.0.attn.h2,charged_hadron<-photon,0.017697938692174564,-1.4614351547209968e-05,4.343834110962796e-05,-1.7741678456476287e-05,4.745199103511137e-05,-5.8052692656837925e-05,3.127326909266319e-06,1.4614351547209968e-05,4.364069787562893e-05
signed_hqql_tbl,mod.cls_blocks.1.attn.h7,charged_hadron<-CLS,0.0002954455267172307,-5.063839125796221e-06,7.182881054745849e-05,0.0,0.0,-7.689264967325471e-05,-5.063839125796221e-06,5.063839125796221e-06,4.3510163962423576e-05
signed_hqql_tbl,mod.blocks.5.attn.h6,neutral_hadron<-muon,0.015963478634754818,-8.359495647406826e-06,6.191292777657509e-05,-0.0001398334072866036,1.1368914177486053e-05,-7.027242342398192e-05,0.00013147391163919678,8.359495647406826e-06,4.3495707359397784e-05
B_tbl_minus_hqql,mod.blocks.5.attn.h5,photon<-photon,0.016842608846776998,2.8921285304531102e-05,0.0,0.0,0.0,2.8921285304531102e-05,2.8921285304531102e-05,2.8921285304531102e-05,4.338192795679665e-05
signed_hqql_tbl,mod.blocks.4.attn.h6,muon<-charged_hadron,0.019435782730579377,-3.7826935295015576e-05,-4.89301688503474e-05,-0.000104776343756259,6.573329197375902e-05,1.1103233555331825e-05,6.694940846124342e-05,3.7826935295015576e-05,4.337855207268149e-05
signed_hqql_tbl,mod.cls_blocks.1.attn.h2,electron<-electron,0.0025029988028109074,2.885382855311036e-05,0.0,6.140289769973606e-07,0.0,2.885382855311036e-05,2.8239799576113e-05,2.885382855311036e-05,4.328074282966554e-05
signed_hqql_tbl,mod.blocks.4.attn.h7,electron<-charged_hadron,0.025223145018453182,5.974763315980849e-06,8.037865161895752e-05,6.715353998926378e-06,0.00017116599957700128,-7.440388830297667e-05,-7.405906829455294e-07,5.974763315980849e-06,4.3176707467469185e-05
B_tbl_minus_hqql,mod.blocks.5.attn.h1,muon<-electron,0.004021241795271635,2.878392297134269e-05,0.0,0.0,0.0,2.878392297134269e-05,2.878392297134269e-05,2.878392297134269e-05,4.3175884457014035e-05
signed_hqql_tbl,mod.blocks.5.attn.h1,muon<-electron,0.004021244589239359,2.8783919333363883e-05,0.0,-4.2760850192280486e-05,-1.3883250105095613e-08,2.8783919333363883e-05,7.154476952564437e-05,2.8783919333363883e-05,4.3175879000045825e-05
signed_hqql_tbl,mod.blocks.4.attn.h6,electron<-neutral_hadron,0.010855176113545894,3.2622768776491286e-05,1.1542051531421293e-05,0.00015687938465210513,-6.269577972810058e-06,2.1080717245069992e-05,-0.00012425661587561385,3.2622768776491286e-05,4.3163127399026285e-05
B_tbl_minus_hqql,mod.blocks.3.attn.h3,photon<-charged_hadron,0.02294049737203187,2.874657924953354e-05,0.0,0.0,0.0,2.874657924953354e-05,2.874657924953354e-05,2.874657924953354e-05,4.311986887430031e-05
signed_hqql_tbl,mod.cls_blocks.1.attn.h7,muon<-CLS,0.0,0.0,8.621910092188045e-05,0.0,0.0,-8.621910092188045e-05,0.0,0.0,4.310955046094023e-05
signed_hqql_tbl,mod.blocks.6.attn.h3,neutral_hadron<-electron,0.173514867387712,2.825088612325999e-05,-1.3024127838434651e-06,9.01941772705565e-05,5.45423330656965e-06,2.9553298907103455e-05,-6.19432911472965e-05,2.825088612325999e-05,4.302753557681172e-05
B_tbl_minus_hqql,mod.blocks.0.attn.h7,charged_hadron<-electron,0.04435399741582249,2.8644491304357476e-05,0.0,0.0,0.0,2.8644491304357476e-05,2.8644491304357476e-05,2.8644491304357476e-05,4.2966736956536216e-05
signed_hqql_tbl,mod.blocks.2.attn.h0,neutral_hadron<-photon,0.01823004895477855,-2.1605495221800434e-05,2.1112399398582628e-05,6.499018384191437e-06,1.0335886093173925e-05,-4.271789462038306e-05,-2.810451360599187e-05,2.1605495221800434e-05,4.2964442531991965e-05
B_tbl_minus_hqql,mod.blocks.2.attn.h5,charged_hadron<-charged_hadron,0.028006469435585435,-2.849130165173809e-05,0.0,0.0,0.0,-2.849130165173809e-05,-2.849130165173809e-05,2.849130165173809e-05,4.273695247760713e-05
signed_hqql_tbl,mod.blocks.3.attn.h2,photon<-charged_hadron,0.031037033015851815,-1.597629162355568e-05,3.7317422497125144e-05,-2.1809023396029584e-05,2.7780285804733506e-05,-5.329371412068082e-05,5.832731772473903e-06,1.597629162355568e-05,4.262314868389609e-05
B_tbl_minus_hqql,mod.cls_blocks.1.attn.h1,neutral_hadron<-photon,0.018058091631302467,-2.839988043818336e-05,0.0,0.0,0.0,-2.839988043818336e-05,-2.839988043818336e-05,2.839988043818336e-05,4.259982065727504e-05
signed_hqql_tbl,mod.blocks.1.attn.h4,electron<-charged_hadron,0.016646029103709305,2.9958313442203572e-05,5.5030337631857646e-05,6.212106954696919e-05,-3.902215784937316e-06,-2.5072024189654074e-05,-3.216275610476561e-05,2.9958313442203572e-05,4.249432553703061e-05
signed_hqql_tbl,mod.blocks.6.attn.h2,photon<-neutral_hadron,0.020396339903064498,-7.877540077552082e-06,6.135188901787784e-05,-1.9204230550025175e-06,2.7115308316899506e-06,-6.922942909542992e-05,-5.9571170225495645e-06,7.877540077552082e-06,4.2492254625267044e-05
B_tbl_minus_hqql,mod.blocks.1.attn.h5,neutral_hadron<-neutral_hadron,0.012610763141905144,-2.829620769731174e-05,0.0,0.0,0.0,-2.829620769731174e-05,-2.829620769731174e-05,2.829620769731174e-05,4.244431154596761e-05
signed_hqql_tbl,mod.blocks.2.attn.h1,electron<-photon,0.015332881815549804,-4.260235294989288e-06,7.209501459978387e-05,-6.0187661478117315e-05,-0.00010163190732286735,-7.635524989477317e-05,5.592742618312803e-05,4.260235294989288e-06,4.243786024237587e-05
B_tbl_minus_hqql,mod.blocks.0.attn.h6,charged_hadron<-electron,0.018203023011269776,-2.8288136293311887e-05,0.0,0.0,0.0,-2.8288136293311887e-05,-2.8288136293311887e-05,2.8288136293311887e-05,4.243220443996783e-05
B_tbl_minus_hqql,mod.blocks.1.attn.h2,neutral_hadron<-charged_hadron,0.030765064224180384,-2.8282267778314836e-05,0.0,0.0,0.0,-2.8282267778314836e-05,-2.8282267778314836e-05,2.8282267778314836e-05,4.2423401667472256e-05
signed_hqql_tbl,mod.blocks.3.attn.h6,charged_hadron<-neutral_hadron,0.009882436720741954,1.0953308840364007e-05,-5.193179404323182e-05,-4.3497209773832874e-05,-3.323695901777154e-05,6.288510288359583e-05,5.4450518614196884e-05,1.0953308840364007e-05,4.239586028216192e-05
B_tbl_minus_hqql,mod.blocks.6.attn.h3,neutral_hadron<-electron,0.17351489271968604,2.8250884486169526e-05,0.0,0.0,0.0,2.8250884486169526e-05,2.8250884486169526e-05,2.8250884486169526e-05,4.237632672925429e-05
B_tbl_minus_hqql,mod.blocks.6.attn.h2,charged_hadron<-neutral_hadron,0.012840182102959731,-2.8205961412326857e-05,0.0,0.0,0.0,-2.8205961412326857e-05,-2.8205961412326857e-05,2.8205961412326857e-05,4.2308942118490286e-05
signed_hqql_tbl,mod.blocks.3.attn.h1,charged_hadron<-photon,0.019689259772801268,1.4079877594300965e-05,-4.2267897931548046e-05,-1.2649147502758021e-05,1.6981858381736023e-06,5.634777552584901e-05,2.6729025097058987e-05,1.4079877594300965e-05,4.225376535722547e-05
signed_hqql_tbl,mod.blocks.4.attn.h5,photon<-photon,0.01811789252340626,1.3499732572227534e-05,-4.393236077672945e-05,3.182695010578169e-06,-1.4700812787773907e-05,5.7432093348956984e-05,1.0317037561649364e-05,1.3499732572227534e-05,4.221577924670602e-05
signed_hqql_tbl,mod.blocks.3.attn.h2,charged_hadron<-neutral_hadron,0.020635725749323736,-2.2649311031387145e-05,1.6263183463272545e-05,4.403026223748043e-05,1.301455048813552e-05,-3.891249449465969e-05,-6.667957326886757e-05,2.2649311031387145e-05,4.210555827871699e-05
signed_hqql_tbl,mod.blocks.3.attn.h3,charged_hadron<-charged_hadron,0.028659792107897368,-2.589727021473168e-05,6.361260017686197e-06,-8.895254984032717e-06,5.915835428081107e-06,-3.225853023241788e-05,-1.7002015230698963e-05,2.589727021473168e-05,4.202653533094062e-05
B_tbl_minus_hqql,mod.blocks.7.attn.h2,neutral_hadron<-muon,0.009846954916914305,2.800878428388387e-05,0.0,0.0,0.0,2.800878428388387e-05,2.800878428388387e-05,2.800878428388387e-05,4.2013176425825804e-05
B_tbl_minus_hqql,mod.blocks.4.attn.h7,neutral_hadron<-muon,0.013603263845046362,2.7960406441707164e-05,0.0,0.0,0.0,2.7960406441707164e-05,2.7960406441707164e-05,2.7960406441707164e-05,4.1940609662560746e-05
signed_hqql_tbl,mod.cls_blocks.1.attn.h4,neutral_hadron<-charged_hadron,0.020605929951736893,1.7408949687429097e-05,6.646468924979369e-05,-0.00042965626644511374,0.00014360316563397646,-4.905573956236459e-05,0.0004470652161325428,1.7408949687429097e-05,4.193681946861139e-05
B_tbl_minus_hqql,mod.blocks.0.attn.h3,neutral_hadron<-neutral_hadron,0.02349761533863553,2.7945641595450668e-05,0.0,0.0,0.0,2.7945641595450668e-05,2.7945641595450668e-05,2.7945641595450668e-05,4.1918462393176e-05
B_tbl_minus_hqql,mod.cls_blocks.1.attn.h1,photon<-photon,0.028115306245653254,2.7765758874777118e-05,0.0,0.0,0.0,2.7765758874777118e-05,2.7765758874777118e-05,2.7765758874777118e-05,4.1648638312165675e-05
signed_hqql_tbl,mod.blocks.2.attn.h4,charged_hadron<-electron,0.044430103638897774,4.014137076687209e-05,3.715950219581525e-05,8.634339281988721e-05,8.449358035620577e-06,2.981868571056845e-06,-4.620202205301512e-05,4.014137076687209e-05,4.163230505240052e-05
B_tbl_minus_hqql,mod.cls_blocks.1.attn.h3,neutral_hadron<-electron,0.003512659342959523,2.7733054594136775e-05,0.0,0.0,0.0,2.7733054594136775e-05,2.7733054594136775e-05,2.7733054594136775e-05,4.159958189120516e-05
B_tbl_minus_hqql,mod.blocks.7.attn.h7,electron<-muon,0.00484344270080328,-2.7695334210875444e-05,0.0,0.0,0.0,-2.7695334210875444e-05,-2.7695334210875444e-05,2.7695334210875444e-05,4.1543001316313166e-05
signed_hqql_tbl,mod.blocks.7.attn.h7,electron<-muon,0.004843440838158131,-2.7695286917150952e-05,0.0,1.0767391245281033e-07,-2.7119556600396777e-10,-2.7695286917150952e-05,-2.7802960829603762e-05,2.7695286917150952e-05,4.154293037572643e-05
signed_hqql_tbl,mod.blocks.2.attn.h1,charged_hadron<-neutral_hadron,0.017128665408931182,1.587336676986815e-05,-3.544670657615538e-05,-8.311019269998781e-06,-1.4243455458387103e-05,5.1320073346023526e-05,2.4184386039866934e-05,1.587336676986815e-05,4.153340344287992e-05
signed_hqql_tbl,mod.cls_blocks.0.attn.h7,muon<-photon,0.0,0.0,-8.305530063807964e-05,0.0011703711038885207,0.0,8.305530063807964e-05,-0.0011703711038885207,0.0,4.152765031903982e-05
B_tbl_minus_hqql,mod.blocks.2.attn.h4,neutral_hadron<-muon,0.03403657674789429,2.7269122559422005e-05,0.0,0.0,0.0,2.7269122559422005e-05,2.7269122559422005e-05,2.7269122559422005e-05,4.090368383913301e-05
B_tbl_minus_hqql,mod.blocks.5.attn.h1,electron<-neutral_hadron,0.02478533796966076,-2.7266670076642186e-05,0.0,0.0,0.0,-2.7266670076642186e-05,-2.7266670076642186e-05,2.7266670076642186e-05,4.090000511496328e-05
signed_hqql_tbl,mod.blocks.4.attn.h2,photon<-electron,0.04202916073363002,3.662015319050846e-05,4.5159162725992375e-05,-0.00025902221566193723,0.0002943853146875468,-8.539009535483914e-06,0.0002956423688524457,3.662015319050846e-05,4.088965795825042e-05
B_tbl_minus_hqql,mod.blocks.0.attn.h4,electron<-charged_hadron,0.01169661675458369,2.724516387230403e-05,0.0,0.0,0.0,2.724516387230403e-05,2.724516387230403e-05,2.724516387230403e-05,4.086774580845604e-05
signed_hqql_tbl,mod.blocks.4.attn.h3,muon<-photon,0.013604440368138827,2.1289510186761618e-05,6.020044048245136e-05,0.00013941744083157656,-0.00016718602058029286,-3.8910930295689745e-05,-0.00011812793064481494,2.1289510186761618e-05,4.074497533460649e-05
signed_hqql_tbl,mod.blocks.1.attn.h1,neutral_hadron<-muon,0.031018448372681934,3.051647460476185e-05,1.0188919986831024e-05,1.4745244027979329e-05,-1.7069107646724053e-05,2.0327554617930826e-05,1.5771230576782523e-05,3.051647460476185e-05,4.068025191372726e-05
signed_hqql_tbl,mod.blocks.0.attn.h3,charged_hadron<-electron,0.015753904458783243,1.7150419175184492e-05,6.419006967917085e-05,-7.9870238644822e-05,-2.8671723730103286e-05,-4.703965050398635e-05,9.702065782000649e-05,1.7150419175184492e-05,4.0670244427177664e-05
B_tbl_minus_hqql,mod.blocks.6.attn.h1,muon<-neutral_hadron,0.004432712371150653,-2.7096835159075756e-05,0.0,0.0,0.0,-2.7096835159075756e-05,-2.7096835159075756e-05,2.7096835159075756e-05,4.0645252738613635e-05
signed_hqql_tbl,mod.cls_blocks.1.attn.h4,charged_hadron<-neutral_hadron,0.02070766597472388,2.015309743502916e-05,6.105769566869746e-05,-2.1254055301302715e-05,0.0002543926278425109,-4.0904598233668305e-05,4.1407152736331875e-05,2.015309743502916e-05,4.060539655186331e-05
signed_hqql_tbl,mod.cls_blocks.1.attn.h2,charged_hadron<-electron,0.008638920029625297,6.739384843967855e-06,-6.0913569996046135e-05,0.00013460539291069532,-0.00037705580075453327,6.765295484001399e-05,-0.00012786600806672746,6.739384843967855e-06,4.056586226397485e-05
B_tbl_minus_hqql,mod.blocks.1.attn.h1,photon<-electron,0.044362919495963465,2.6981990586358645e-05,0.0,0.0,0.0,2.6981990586358645e-05,2.6981990586358645e-05,2.6981990586358645e-05,4.047298587953797e-05
signed_hqql_tbl,mod.blocks.5.attn.h2,charged_hadron<-neutral_hadron,0.010336007817785568,-1.9866963855770407e-05,2.1333388852056217e-05,-3.523257653933662e-05,2.1608408461154874e-05,-4.120035270782662e-05,1.5365612683566214e-05,1.9866963855770407e-05,4.046714020968372e-05
signed_hqql_tbl,mod.blocks.6.attn.h3,charged_hadron<-neutral_hadron,0.013571097244009329,-2.056378890247687e-05,1.9239741618753418e-05,-4.712800763950537e-05,1.1716352672527466e-05,-3.9803530521230284e-05,2.65642187370285e-05,2.056378890247687e-05,4.0465554163092015e-05
signed_hqql_tbl,mod.blocks.4.attn.h3,photon<-charged_hadron,0.02475154844436856,1.8368616417334647e-05,-2.5808688931515163e-05,3.4735578601636274e-05,-2.0664721098737187e-05,4.417730534884981e-05,-1.6366962184301627e-05,1.8368616417334647e-05,4.045726909175955e-05
signed_hqql_tbl,mod.blocks.4.attn.h0,charged_hadron<-neutral_hadron,0.01941884157239083,-2.524160159526241e-05,5.106166527430351e-06,3.318208163698179e-05,-6.238524848695261e-06,-3.0347768122692763e-05,-5.84236832322442e-05,2.524160159526241e-05,4.041548565660879e-05
signed_hqql_tbl,mod.blocks.1.attn.h5,electron<-neutral_hadron,0.02933016256429255,1.6503062943229453e-05,-3.128253723616581e-05,3.864866812364198e-06,-7.269285732250223e-05,4.778560017939526e-05,1.2638196130865255e-05,1.6503062943229453e-05,4.039586303292709e-05
B_tbl_minus_hqql,mod.blocks.5.attn.h6,charged_hadron<-electron,0.018076202103301235,-2.6914881108614676e-05,0.0,0.0,0.0,-2.6914881108614676e-05,-2.6914881108614676e-05,2.6914881108614676e-05,4.037232166292201e-05
B_tbl_minus_hqql,mod.blocks.0.attn.h5,photon<-charged_hadron,0.025582984830793097,-2.6892102538535337e-05,0.0,0.0,0.0,-2.6892102538535337e-05,-2.6892102538535337e-05,2.6892102538535337e-05,4.033815380780301e-05
B_tbl_minus_hqql,mod.blocks.1.attn.h4,photon<-electron,0.06800541336216577,2.672063854378194e-05,0.0,0.0,0.0,2.672063854378194e-05,2.672063854378194e-05,2.672063854378194e-05,4.008095781567291e-05
B_tbl_minus_hqql,mod.blocks.0.attn.h6,muon<-neutral_hadron,0.0043007660036285715,2.6686781590494018e-05,0.0,0.0,0.0,2.6686781590494018e-05,2.6686781590494018e-05,2.6686781590494018e-05,4.0030172385741025e-05
B_tbl_minus_hqql,mod.cls_blocks.1.attn.h6,neutral_hadron<-photon,0.018141001004439133,-2.6675682658186325e-05,0.0,0.0,0.0,-2.6675682658186325e-05,-2.6675682658186325e-05,2.6675682658186325e-05,4.001352398727949e-05
signed_hqql_tbl,mod.blocks.0.attn.h3,photon<-neutral_hadron,0.017308036688879303,-1.92834881028361e-05,2.213432827560547e-05,-1.8890827725392476e-05,-4.8986188197847444e-06,-4.1417816378441574e-05,-3.9266037744362526e-07,1.92834881028361e-05,3.999239629205689e-05
B_tbl_minus_hqql,mod.blocks.1.attn.h3,photon<-muon,0.009032716544774862,2.6620729701020398e-05,0.0,0.0,0.0,2.6620729701020398e-05,2.6620729701020398e-05,2.6620729701020398e-05,3.9931094551530594e-05
B_tbl_minus_hqql,mod.blocks.7.attn.h5,neutral_hadron<-electron,0.00891902152216062,-2.6591658797769924e-05,0.0,0.0,0.0,-2.6591658797769924e-05,-2.6591658797769924e-05,2.6591658797769924e-05,3.988748819665489e-05
B_tbl_minus_hqql,mod.blocks.4.attn.h3,photon<-photon,0.021785779321739588,-2.6555429027993327e-05,0.0,0.0,0.0,-2.6555429027993327e-05,-2.6555429027993327e-05,2.6555429027993327e-05,3.983314354198999e-05
B_tbl_minus_hqql,mod.blocks.7.attn.h7,photon<-electron,0.03597832310990226,2.654170253752055e-05,0.0,0.0,0.0,2.654170253752055e-05,2.654170253752055e-05,2.654170253752055e-05,3.981255380628083e-05
B_tbl_minus_hqql,mod.blocks.6.attn.h2,photon<-electron,0.030832628855799755,2.6442978617901313e-05,0.0,0.0,0.0,2.6442978617901313e-05,2.6442978617901313e-05,2.6442978617901313e-05,3.966446792685197e-05
B_tbl_minus_hqql,mod.cls_blocks.1.attn.h5,CLS<-electron,0.006429306442441884,-2.64352258341205e-05,0.0,0.0,0.0,-2.64352258341205e-05,-2.64352258341205e-05,2.64352258341205e-05,3.965283875118075e-05
signed_hqql_tbl,mod.blocks.7.attn.h5,neutral_hadron<-electron,0.00891901747090742,-2.6591641562845326e-05,-5.782232707363111e-07,-0.0001309107777179482,-4.225064438234019e-06,-2.6013418292109015e-05,0.00010431913615510289,2.6591641562845326e-05,3.959835070889984e-05
signed_hqql_tbl,mod.blocks.6.attn.h3,charged_hadron<-charged_hadron,0.024492995915184255,-1.539086899255871e-05,3.300807191601356e-05,-1.1214946473963553e-05,1.8256332709108984e-05,-4.8398940908572274e-05,-4.175922518595158e-06,1.539086899255871e-05,3.959033944684485e-05
B_tbl_minus_hqql,mod.blocks.5.attn.h1,photon<-muon,0.036598265171051025,2.627493365882681e-05,0.0,0.0,0.0,2.627493365882681e-05,2.627493365882681e-05,2.627493365882681e-05,3.9412400488240215e-05
B_tbl_minus_hqql,mod.blocks.3.attn.h0,photon<-electron,0.04927396392676889,2.6274213734900624e-05,0.0,0.0,0.0,2.6274213734900624e-05,2.6274213734900624e-05,2.6274213734900624e-05,3.9411320602350934e-05
signed_hqql_tbl,mod.blocks.4.attn.h3,charged_hadron<-photon,0.01567095411087268,1.583698304377764e-05,-3.124656975477545e-05,2.062373405271826e-05,-1.647552823141953e-05,4.708355279855309e-05,-4.786751008940621e-06,1.583698304377764e-05,3.937875944305418e-05
signed_hqql_tbl,mod.blocks.3.attn.h7,neutral_hadron<-electron,0.06666239984333515,1.962663995982439e-05,-1.978557884285692e-05,2.0726785578517593e-05,-2.7588940932165476e-05,3.941221880268131e-05,-1.1001456186932032e-06,1.962663995982439e-05,3.933274936116505e-05
signed_hqql_tbl,mod.blocks.4.attn.h5,electron<-charged_hadron,0.01622446498874089,-1.3123452410344845e-05,-6.550674792379141e-05,-0.00018260053869697355,0.0001337625213569414,5.238329551344657e-05,0.0001694770862866287,1.3123452410344845e-05,3.931510016706813e-05
B_tbl_minus_hqql,mod.blocks.0.attn.h5,charged_hadron<-photon,0.020294712887284506,2.616051650729586e-05,0.0,0.0,0.0,2.616051650729586e-05,2.616051650729586e-05,2.616051650729586e-05,3.924077476094379e-05
B_tbl_minus_hqql,mod.blocks.5.attn.h6,photon<-muon,0.015153750777244568,-2.6130547317174765e-05,0.0,0.0,0.0,-2.6130547317174765e-05,-2.6130547317174765e-05,2.6130547317174765e-05,3.919582097576215e-05
B_tbl_minus_hqql,mod.blocks.5.attn.h7,neutral_hadron<-electron,0.031752231810241935,2.6128191473162586e-05,0.0,0.0,0.0,2.6128191473162586e-05,2.6128191473162586e-05,2.6128191473162586e-05,3.9192287209743876e-05
B_tbl_minus_hqql,mod.blocks.6.attn.h4,muon<-neutral_hadron,0.01902229090531667,-2.6033533989296604e-05,0.0,0.0,0.0,-2.6033533989296604e-05,-2.6033533989296604e-05,2.6033533989296604e-05,3.905030098394491e-05
signed_hqql_tbl,mod.blocks.1.attn.h3,photon<-photon,0.023325997751632944,-1.6119646360818403e-05,2.9549062888085257e-05,4.536738585450749e-06,4.080020066321408e-05,-4.5668709248903664e-05,-2.0656384946269153e-05,1.6119646360818403e-05,3.8954000985270235e-05
B_tbl_minus_hqql,mod.blocks.3.attn.h6,muon<-electron,0.0014720610342919827,-2.5958341211662628e-05,0.0,0.0,0.0,-2.5958341211662628e-05,-2.5958341211662628e-05,2.5958341211662628e-05,3.893751181749394e-05
signed_hqql_tbl,mod.blocks.3.attn.h6,muon<-electron,0.0014720611507073045,-2.5958308469853364e-05,0.0,0.00917788501828909,-0.0005172559758648276,-2.5958308469853364e-05,-0.009203843326758943,2.5958308469853364e-05,3.8937462704780046e-05
B_tbl_minus_hqql,mod.blocks.5.attn.h2,muon<-neutral_hadron,0.0021922599213818708,2.5933734529341262e-05,0.0,0.0,0.0,2.5933734529341262e-05,2.5933734529341262e-05,2.5933734529341262e-05,3.890060179401189e-05
signed_hqql_tbl,mod.blocks.2.attn.h4,charged_hadron<-neutral_hadron,0.027060160022170567,-1.5987543252166828e-05,-6.180439408667184e-05,-7.288727369454039e-05,-1.741908360659308e-05,4.581685083450502e-05,5.6899730442373564e-05,1.5987543252166828e-05,3.8895968669419334e-05
B_tbl_minus_hqql,mod.blocks.3.attn.h3,charged_hadron<-charged_hadron,0.028659792258819084,-2.589725901351065e-05,0.0,0.0,0.0,-2.589725901351065e-05,-2.589725901351065e-05,2.589725901351065e-05,3.8845888520265973e-05
B_tbl_minus_hqql,mod.blocks.4.attn.h2,charged_hadron<-photon,0.015126447774757997,-2.585246693342924e-05,0.0,0.0,0.0,-2.585246693342924e-05,-2.585246693342924e-05,2.585246693342924e-05,3.877870040014386e-05
signed_hqql_tbl,mod.blocks.2.attn.h7,neutral_hadron<-electron,0.017118964111432433,4.468316092243185e-07,-7.615765707669198e-05,-4.286114900272272e-05,-1.089403881718788e-06,7.660448868591629e-05,4.3307980611947035e-05,4.468316092243185e-07,3.874907595218246e-05
B_tbl_minus_hqql,mod.blocks.6.attn.h7,photon<-muon,0.015963278137720548,-2.5784294568718626e-05,0.0,0.0,0.0,-2.5784294568718626e-05,-2.5784294568718626e-05,2.5784294568718626e-05,3.867644185307794e-05
signed_hqql_tbl,mod.blocks.4.attn.h7,charged_hadron<-muon,0.013953521847724915,1.8263561651110648e-05,5.894092028029263e-05,-8.491626458949056e-05,5.738163718535584e-05,-4.0677358629181985e-05,0.0001031798262406012,1.8263561651110648e-05,3.860224096570164e-05
signed_hqql_tbl,mod.blocks.6.attn.h5,charged_hadron<-neutral_hadron,0.006816158789358916,7.97611432530272e-06,-5.3128920080780516e-05,1.8643719632274283e-06,-2.0242430782712243e-05,6.110503440608324e-05,6.1117423620752915e-06,7.97611432530272e-06,3.852863152834434e-05
B_tbl_minus_hqql,mod.blocks.3.attn.h3,neutral_hadron<-neutral_hadron,0.02090158031812405,-2.5679431112142536e-05,0.0,0.0,0.0,-2.5679431112142536e-05,-2.5679431112142536e-05,2.5679431112142536e-05,3.8519146668213804e-05
signed_hqql_tbl,mod.blocks.0.attn.h7,neutral_hadron<-muon,0.011134479194879532,-1.5740868548164144e-05,2.9735485441051424e-05,-1.9438007975144215e-06,1.5311167165540002e-05,-4.547635398921557e-05,-1.3797067750649722e-05,1.5740868548164144e-05,3.847904554277193e-05
B_tbl_minus_hqql,mod.blocks.5.attn.h4,muon<-photon,0.01659102737903595,2.560647240338417e-05,0.0,0.0,0.0,2.560647240338417e-05,2.560647240338417e-05,2.560647240338417e-05,3.840970860507626e-05
signed_hqql_tbl,mod.blocks.1.attn.h5,charged_hadron<-photon,0.021518853158581982,2.291003982674778e-05,-7.995546808813858e-06,2.2625966498744163e-05,-2.328767446439408e-05,3.090558663556164e-05,2.8407332800361787e-07,2.291003982674778e-05,3.8362833144528596e-05
signed_hqql_tbl,mod.blocks.5.attn.h2,charged_hadron<-charged_hadron,0.03167727590078869,-1.853306573353004e-05,2.1104081072186606e-05,-3.45579003780422e-05,-6.600308449328457e-06,-3.9637146805716645e-05,1.602483464451216e-05,1.853306573353004e-05,3.835163913638836e-05
signed_hqql_tbl,mod.blocks.4.attn.h1,electron<-photon,0.008733652463955124,3.5831003315695676e-05,4.080328439418476e-05,0.00010698560500925738,5.908386109777811e-05,-4.972281078489083e-06,-7.11546016935617e-05,3.5831003315695676e-05,3.8317143854940214e-05
signed_hqql_tbl,mod.blocks.0.attn.h5,charged_hadron<-electron,0.00999037662278051,-1.0235761020221221e-06,-7.544626637051502e-05,-0.0002268803252410444,-7.369180524687249e-05,7.44226902684929e-05,0.00022585674913902227,1.0235761020221221e-06,3.823492123626857e-05
signed_hqql_tbl,mod.blocks.2.attn.h4,neutral_hadron<-neutral_hadron,0.020099639655633866,-7.40933162489307e-06,-6.900121691259024e-05,-1.0202525163190348e-05,4.796759111165872e-06,6.159188528769717e-05,2.793193538297278e-06,7.40933162489307e-06,3.8205274268741654e-05
B_tbl_minus_hqql,mod.blocks.3.attn.h6,charged_hadron<-photon,0.017936220691019657,2.538255473823307e-05,0.0,0.0,0.0,2.538255473823307e-05,2.538255473823307e-05,2.538255473823307e-05,3.8073832107349604e-05
signed_hqql_tbl,mod.blocks.1.attn.h2,photon<-electron,0.027546299848614668,1.8466892603411417e-05,5.749214376139987e-05,2.7246683140680807e-05,-0.00019060567614029755,-3.902525115798845e-05,-8.77979053726939e-06,1.8466892603411417e-05,3.7979518182405645e-05
signed_hqql_tbl,mod.blocks.5.attn.h3,photon<-photon,0.019400804431837716,-1.8956652765634494e-05,1.9009963749181863e-05,-2.938187288179113e-05,1.2916330767335316e-05,-3.796661651481635e-05,1.0425220116156638e-05,1.8956652765634494e-05,3.793996102304267e-05
signed_hqql_tbl,mod.blocks.5.attn.h6,neutral_hadron<-photon,0.013619466400652104,-1.3687518977166608e-05,3.481428798932252e-05,-1.5554288411732434e-05,3.0786337795968913e-06,-4.850180696648913e-05,1.866769434565826e-06,1.3687518977166608e-05,3.793842246041117e-05
B_tbl_minus_hqql,mod.blocks.7.attn.h0,photon<-muon,0.04616771294520451,2.529098464247699e-05,0.0,0.0,0.0,2.529098464247699e-05,2.529098464247699e-05,2.529098464247699e-05,3.793647696371548e-05
B_tbl_minus_hqql,mod.blocks.7.attn.h1,muon<-charged_hadron,0.021509118378162384,2.5262506096623837e-05,0.0,0.0,0.0,2.5262506096623837e-05,2.5262506096623837e-05,2.5262506096623837e-05,3.7893759144935754e-05
B_tbl_minus_hqql,mod.blocks.4.attn.h0,charged_hadron<-neutral_hadron,0.0194188406615048,-2.5241613843504538e-05,0.0,0.0,0.0,-2.5241613843504538e-05,-2.5241613843504538e-05,2.5241613843504538e-05,3.786242076525681e-05
signed_hqql_tbl,mod.cls_blocks.1.attn.h5,muon<-CLS,0.0,0.0,7.567463035229594e-05,0.0,0.0,-7.567463035229594e-05,0.0,0.0,3.783731517614797e-05
signed_hqql_tbl,mod.blocks.1.attn.h0,neutral_hadron<-photon,0.015477872546306443,-1.3327078838136843e-05,3.565220446588989e-05,-5.688503178313728e-06,2.06949709924251e-05,-4.897928330402673e-05,-7.638575659823114e-06,1.3327078838136843e-05,3.7816720490150206e-05
signed_hqql_tbl,mod.blocks.6.attn.h4,neutral_hadron<-muon,0.007938410465915998,2.031884681249115e-06,-6.95106737111928e-05,0.0003335759165745338,-2.5371812777545227e-05,7.15425583924419e-05,-0.0003315440318932847,2.031884681249115e-06,3.780316387747007e-05
signed_hqql_tbl,mod.blocks.0.attn.h6,charged_hadron<-neutral_hadron,0.019336858466501145,1.7908333543816517e-05,-2.1840282343046137e-05,-2.326003800424149e-05,-2.0132284753045243e-05,3.9748615886862654e-05,4.116837154805801e-05,1.7908333543816517e-05,3.778264148724784e-05
B_tbl_minus_hqql,mod.blocks.5.attn.h6,neutral_hadron<-electron,0.02918018875643611,-2.5128914853667083e-05,0.0,0.0,0.0,-2.5128914853667083e-05,-2.5128914853667083e-05,2.5128914853667083e-05,3.769337228050062e-05
B_tbl_minus_hqql,mod.blocks.5.attn.h4,neutral_hadron<-muon,0.13046228885650635,2.507355626827727e-05,0.0,0.0,0.0,2.507355626827727e-05,2.507355626827727e-05,2.507355626827727e-05,3.76103344024159e-05
signed_hqql_tbl,mod.blocks.7.attn.h6,neutral_hadron<-electron,0.010808364977128804,-2.4709557578717067e-05,1.0248248898392376e-06,-3.461407203531053e-06,4.719199317632421e-05,-2.5734382468556305e-05,-2.1248150375186015e-05,2.4709557578717067e-05,3.757674881299522e-05
signed_hqql_tbl,mod.blocks.7.attn.h6,muon<-electron,0.003340917406603694,-2.505090924387332e-05,0.0,-8.563463779864833e-05,0.00021472391381394118,-2.505090924387332e-05,6.058372855477501e-05,2.505090924387332e-05,3.757636386580998e-05
B_tbl_minus_hqql,mod.blocks.7.attn.h6,muon<-electron,0.0033409136813133955,-2.505089287296869e-05,0.0,0.0,0.0,-2.505089287296869e-05,-2.505089287296869e-05,2.505089287296869e-05,3.757633930945303e-05
signed_hqql_tbl,mod.blocks.0.attn.h3,muon<-photon,0.00998805807187007,-1.4935143274040176e-05,-6.0145820428330735e-05,3.493275752672079e-05,-0.00011844220635895099,4.521067715429056e-05,-4.986790080076097e-05,1.4935143274040176e-05,3.7540481851185454e-05
B_tbl_minus_hqql,mod.blocks.5.attn.h3,muon<-photon,0.020632156958946817,-2.498656529216812e-05,0.0,0.0,0.0,-2.498656529216812e-05,-2.498656529216812e-05,2.498656529216812e-05,3.7479847938252184e-05
B_tbl_minus_hqql,mod.blocks.2.attn.h5,photon<-photon,0.02117997994204556,2.4982031246477572e-05,0.0,0.0,0.0,2.4982031246477572e-05,2.4982031246477572e-05,2.4982031246477572e-05,3.747304686971636e-05
signed_hqql_tbl,mod.blocks.4.attn.h2,photon<-charged_hadron,0.026240635642689237,-1.5132304498712269e-05,2.9098746775941254e-05,-1.6056896523245195e-05,7.180088845381616e-06,-4.4231051274653527e-05,9.245920245329263e-07,1.5132304498712269e-05,3.724783013603903e-05
B_tbl_minus_hqql,mod.blocks.7.attn.h6,charged_hadron<-neutral_hadron,0.01296092667923452,-2.4766875194644024e-05,0.0,0.0,0.0,-2.4766875194644024e-05,-2.4766875194644024e-05,2.4766875194644024e-05,3.7150312791966036e-05
B_tbl_minus_hqql,mod.blocks.1.attn.h5,photon<-electron,0.02554953734322292,2.4757761488350607e-05,0.0,0.0,0.0,2.4757761488350607e-05,2.4757761488350607e-05,2.4757761488350607e-05,3.7136642232525914e-05
B_tbl_minus_hqql,mod.blocks.7.attn.h6,neutral_hadron<-electron,0.010808369284495712,-2.4709571607672843e-05,0.0,0.0,0.0,-2.4709571607672843e-05,-2.4709571607672843e-05,2.4709571607672843e-05,3.7064357411509266e-05
signed_hqql_tbl,mod.blocks.7.attn.h3,muon<-photon,0.010274991393089294,-3.5201320245575444e-05,-3.162478354240123e-05,-3.841795412220315e-06,-7.775767766428612e-06,-3.5765367031742137e-06,-3.135952483335513e-05,3.5201320245575444e-05,3.6989588597162554e-05
signed_hqql_tbl,mod.blocks.5.attn.h2,charged_hadron<-photon,0.016539048218266083,-1.8684109918919818e-05,1.7895622812023116e-05,-1.186788601247393e-06,2.7052871155591937e-05,-3.6579732730942934e-05,-1.7497321317672426e-05,1.8684109918919818e-05,3.697397628439129e-05
signed_hqql_tbl,mod.blocks.7.attn.h1,electron<-charged_hadron,0.0285869596283073,9.721413097513901e-06,6.420743380052347e-05,1.1507531387671348e-05,8.319024696161419e-05,-5.448602070300957e-05,-1.7861182901574471e-06,9.721413097513901e-06,3.696442344901869e-05
B_tbl_minus_hqql,mod.blocks.0.attn.h1,neutral_hadron<-electron,0.06975629646331072,2.46395942667732e-05,0.0,0.0,0.0,2.46395942667732e-05,2.46395942667732e-05,2.46395942667732e-05,3.69593914001598e-05
signed_hqql_tbl,mod.blocks.7.attn.h7,photon<-electron,0.03597832065666231,2.6541685368035205e-05,4.724684237901654e-05,0.000106154953786469,1.3030185701526617e-05,-2.0705157010981334e-05,-7.961326841843379e-05,2.6541685368035205e-05,3.689426387352587e-05
signed_hqql_tbl,mod.blocks.6.attn.h0,charged_hadron<-electron,0.020916433761949123,-1.7476063357721813e-05,2.0988247512529294e-05,-0.00010837686948493244,7.068236165516147e-06,-3.846431087025111e-05,9.090080612721063e-05,1.7476063357721813e-05,3.6708218792847367e-05
signed_hqql_tbl,mod.blocks.6.attn.h3,electron<-photon,0.01947986552628075,-3.0612375778174485e-05,-4.266530283660229e-05,0.00013497396936793237,1.2728526202078105e-05,1.2052927058427806e-05,-0.00016558634514610685,3.0612375778174485e-05,3.6638839307388384e-05
B_tbl_minus_hqql,mod.blocks.0.attn.h4,charged_hadron<-photon,0.027262644955466465,2.4381246837756458e-05,0.0,0.0,0.0,2.4381246837756458e-05,2.4381246837756458e-05,2.4381246837756458e-05,3.6571870256634685e-05
B_tbl_minus_hqql,mod.blocks.2.attn.h7,muon<-neutral_hadron,0.014808812489112219,-2.4371414231912542e-05,0.0,0.0,0.0,-2.4371414231912542e-05,-2.4371414231912542e-05,2.4371414231912542e-05,3.6557121347868815e-05
B_tbl_minus_hqql,mod.blocks.1.attn.h0,electron<-photon,0.018906720800370706,-2.4337515308771556e-05,0.0,0.0,0.0,-2.4337515308771556e-05,-2.4337515308771556e-05,2.4337515308771556e-05,3.650627296315733e-05
signed_hqql_tbl,mod.blocks.0.attn.h0,photon<-neutral_hadron,0.02309446447630691,2.1640428649200823e-05,-8.05583719137818e-06,-1.9485165592872504e-05,-4.807970371268081e-06,2.9696265840579003e-05,4.1125594242073324e-05,2.1640428649200823e-05,3.6488561569490325e-05
signed_hqql_tbl,mod.blocks.4.attn.h5,neutral_hadron<-charged_hadron,0.027781993664544206,-6.203059176905271e-06,5.431936854267963e-05,2.196703429493618e-06,1.92280843755285e-05,-6.05224277195849e-05,-8.39976260639889e-06,6.203059176905271e-06,3.6464273036697725e-05
B_tbl_minus_hqql,mod.blocks.7.attn.h1,muon<-photon,0.01678898701300988,-2.4290088241776593e-05,0.0,0.0,0.0,-2.4290088241776593e-05,-2.4290088241776593e-05,2.4290088241776593e-05,3.643513236266489e-05
B_tbl_minus_hqql,mod.blocks.6.attn.h6,charged_hadron<-neutral_hadron,0.01881738832705073,-2.4278947093533526e-05,0.0,0.0,0.0,-2.4278947093533526e-05,-2.4278947093533526e-05,2.4278947093533526e-05,3.641842064030029e-05
signed_hqql_tbl,mod.blocks.0.attn.h2,neutral_hadron<-neutral_hadron,0.0016643744908299983,1.5731888155041642e-06,-6.782142661513383e-05,-1.0885915554993578e-05,-1.1250506640335192e-05,6.939461543063799e-05,1.2459104370497742e-05,1.5731888155041642e-06,3.627049653082316e-05
signed_hqql_tbl,mod.blocks.4.attn.h4,electron<-photon,0.0175427393760623,2.1551047965902664e-05,-7.765756639141078e-06,-1.0735075841083715e-05,-4.354672511743212e-05,2.931680460504374e-05,3.228612380698638e-05,2.1551047965902664e-05,3.6209450268424534e-05
signed_hqql_tbl,mod.blocks.1.attn.h5,charged_hadron<-charged_hadron,0.025805091646619756,-1.424139571597369e-05,2.9482404358981645e-05,-2.860116211290316e-05,1.6204675861736473e-05,-4.372380007495533e-05,1.435976639692947e-05,1.424139571597369e-05,3.6103295753451355e-05
signed_hqql_tbl,mod.blocks.7.attn.h6,charged_hadron<-photon,0.015180101052173593,-1.497487170448577e-05,2.722817796362043e-05,-8.977073923040648e-06,3.072132934382227e-05,-4.22030496681062e-05,-5.997797781445122e-06,1.497487170448577e-05,3.607639653853887e-05
signed_hqql_tbl,mod.blocks.7.attn.h6,electron<-neutral_hadron,0.01643328710924834,1.584945630384027e-06,7.056674363958848e-05,-0.0010804022368044268,8.939339964212301e-05,-6.898179800920445e-05,0.001081987182434811,1.584945630384027e-06,3.607584463498625e-05
signed_hqql_tbl,mod.blocks.4.attn.h7,neutral_hadron<-neutral_hadron,0.015110297385247773,1.63482326130089e-05,-2.302365646058118e-05,-4.1589783533791955e-06,-4.26299310656388e-06,3.937188907359008e-05,2.0507210966388095e-05,1.63482326130089e-05,3.603417714980394e-05
signed_hqql_tbl,mod.blocks.2.attn.h5,neutral_hadron<-charged_hadron,0.026643416304199672,-1.396203788032399e-05,2.999684169284395e-05,5.161155718324905e-06,1.4430057927739454e-05,-4.3958879573167943e-05,-1.9123193598648895e-05,1.396203788032399e-05,3.594147766690796e-05
B_tbl_minus_hqql,mod.blocks.7.attn.h0,charged_hadron<-photon,0.018830456127777943,-2.3947278214862972e-05,0.0,0.0,0.0,-2.3947278214862972e-05,-2.3947278214862972e-05,2.3947278214862972e-05,3.5920917322294454e-05
B_tbl_minus_hqql,mod.blocks.2.attn.h3,photon<-electron,0.032734744886799554,-2.3909430615831076e-05,0.0,0.0,0.0,-2.3909430615831076e-05,-2.3909430615831076e-05,2.3909430615831076e-05,3.586414592374662e-05
B_tbl_minus_hqql,mod.blocks.1.attn.h1,charged_hadron<-electron,0.03815790435866169,-2.3876558375575215e-05,0.0,0.0,0.0,-2.3876558375575215e-05,-2.3876558375575215e-05,2.3876558375575215e-05,3.581483756336282e-05
B_tbl_minus_hqql,mod.blocks.4.attn.h5,neutral_hadron<-neutral_hadron,0.006437371348877448,2.3867220920612144e-05,0.0,0.0,0.0,2.3867220920612144e-05,2.3867220920612144e-05,2.3867220920612144e-05,3.5800831380918214e-05
B_tbl_minus_hqql,mod.blocks.4.attn.h0,muon<-neutral_hadron,0.0006930236704647541,2.3826156393624842e-05,0.0,0.0,0.0,2.3826156393624842e-05,2.3826156393624842e-05,2.3826156393624842e-05,3.573923459043726e-05
signed_hqql_tbl,mod.blocks.1.attn.h4,muon<-charged_hadron,0.013418708741664887,-8.20867862785235e-06,-6.325811652156214e-05,-1.9580075629697792e-05,1.629225895454993e-05,5.504943789370979e-05,1.1371397001845442e-05,8.20867862785235e-06,3.5733397574707244e-05
signed_hqql_tbl,mod.blocks.2.attn.h2,charged_hadron<-neutral_hadron,0.011595009893272364,-7.840212403784205e-06,4.76522946956794e-05,3.7522822824424194e-05,2.0400068524167604e-05,-5.5492507099463606e-05,-4.53630352282084e-05,7.840212403784205e-06,3.558646595351601e-05
B_tbl_minus_hqql,mod.blocks.1.attn.h1,charged_hadron<-neutral_hadron,0.022453699506188633,2.3640254581767516e-05,0.0,0.0,0.0,2.3640254581767516e-05,2.3640254581767516e-05,2.3640254581767516e-05,3.5460381872651274e-05
signed_hqql_tbl,mod.blocks.7.attn.h3,photon<-electron,0.09510949980921862,-3.091567065517089e-05,-2.1967192359235404e-05,-2.712268397859489e-05,6.41192036709981e-05,-8.948478295935484e-06,-3.792986676575997e-06,3.091567065517089e-05,3.538990980313863e-05
signed_hqql_tbl,mod.blocks.1.attn.h6,neutral_hadron<-charged_hadron,0.030609274545807075,-1.1971975978884298e-05,3.465282476951813e-05,-1.555042853642656e-05,7.84361156701319e-06,-4.6624800748402426e-05,3.578452557542263e-06,1.1971975978884298e-05,3.528437635308551e-05
B_tbl_minus_hqql,mod.blocks.6.attn.h2,photon<-charged_hadron,0.030059173620866807,-2.3429996038314973e-05,0.0,0.0,0.0,-2.3429996038314973e-05,-2.3429996038314973e-05,2.3429996038314973e-05,3.514499405747246e-05
B_tbl_minus_hqql,mod.blocks.2.attn.h0,charged_hadron<-electron,0.031642871220474655,-2.3416354214651104e-05,0.0,0.0,0.0,-2.3416354214651104e-05,-2.3416354214651104e-05,2.3416354214651104e-05,3.5124531321976655e-05
signed_hqql_tbl,mod.blocks.0.attn.h3,charged_hadron<-photon,0.019309923958383213,2.1658178718113572e-05,-4.999258644464393e-06,4.949882862425028e-06,-2.6311322290529076e-05,2.6657437362577963e-05,1.6708295855688543e-05,2.1658178718113572e-05,3.498689739940256e-05
B_tbl_minus_hqql,mod.blocks.0.attn.h6,electron<-photon,0.01840090678959358,2.331242409659686e-05,0.0,0.0,0.0,2.331242409659686e-05,2.331242409659686e-05,2.331242409659686e-05,3.496863614489529e-05
signed_hqql_tbl,mod.blocks.0.attn.h1,neutral_hadron<-neutral_hadron,0.02048124535809466,-9.927524778351393e-06,-5.9909760530583455e-05,-2.0363123350369064e-05,-6.158643702515199e-06,4.9982235752232064e-05,1.0435598572017672e-05,9.927524778351393e-06,3.491864265446742e-05
B_tbl_minus_hqql,mod.blocks.0.attn.h3,muon<-charged_hadron,0.018178747594356538,-2.3274615523405372e-05,0.0,0.0,0.0,-2.3274615523405372e-05,-2.3274615523405372e-05,2.3274615523405372e-05,3.4911923285108054e-05
B_tbl_minus_hqql,mod.blocks.6.attn.h3,muon<-charged_hadron,0.007873227447271347,-2.323051303392276e-05,0.0,0.0,0.0,-2.323051303392276e-05,-2.323051303392276e-05,2.323051303392276e-05,3.484576955088414e-05
signed_hqql_tbl,mod.blocks.5.attn.h7,electron<-photon,0.0034768823761402107,-1.5175074833411889e-05,2.39734877790657e-05,1.7895502162290327e-05,1.324055939965712e-05,-3.914856261247759e-05,-3.3070576995702214e-05,1.5175074833411889e-05,3.4749356139650684e-05
B_tbl_minus_hqql,mod.blocks.5.attn.h3,muon<-muon,0.0059456671588122845,-2.3164851882029325e-05,0.0,0.0,0.0,-2.3164851882029325e-05,-2.3164851882029325e-05,2.3164851882029325e-05,3.474727782304399e-05
B_tbl_minus_hqql,mod.blocks.7.attn.h6,photon<-neutral_hadron,0.016056204746442364,-2.3103012877317423e-05,0.0,0.0,0.0,-2.3103012877317423e-05,-2.3103012877317423e-05,2.3103012877317423e-05,3.465451931597614e-05
B_tbl_minus_hqql,mod.blocks.5.attn.h6,photon<-neutral_hadron,0.04549219253887749,-2.298679931197911e-05,0.0,0.0,0.0,-2.298679931197911e-05,-2.298679931197911e-05,2.298679931197911e-05,3.448019896796866e-05
B_tbl_minus_hqql,mod.blocks.1.attn.h5,charged_hadron<-photon,0.021518853817196842,2.291003930416519e-05,0.0,0.0,0.0,2.291003930416519e-05,2.291003930416519e-05,2.291003930416519e-05,3.436505895624779e-05
B_tbl_minus_hqql,mod.blocks.5.attn.h5,neutral_hadron<-electron,0.03717184215784073,-2.2894853827892803e-05,0.0,0.0,0.0,-2.2894853827892803e-05,-2.2894853827892803e-05,2.2894853827892803e-05,3.4342280741839204e-05
B_tbl_minus_hqql,mod.blocks.7.attn.h2,neutral_hadron<-photon,0.022675719093926384,-2.2888467735918558e-05,0.0,0.0,0.0,-2.2888467735918558e-05,-2.2888467735918558e-05,2.2888467735918558e-05,3.4332701603877835e-05
B_tbl_minus_hqql,mod.blocks.0.attn.h1,charged_hadron<-neutral_hadron,0.0272492373998636,2.285921847406515e-05,0.0,0.0,0.0,2.285921847406515e-05,2.285921847406515e-05,2.285921847406515e-05,3.428882771109772e-05
signed_hqql_tbl,mod.blocks.6.attn.h2,photon<-electron,0.03083262931010345,2.644296029491049e-05,4.212789001810181e-05,0.00044072779136301616,-1.3558880461707965e-05,-1.5684929723191322e-05,-0.00041428483106810567,2.644296029491049e-05,3.428542515650615e-05
signed_hqql_tbl,mod.blocks.1.attn.h7,charged_hadron<-electron,0.032098962075036507,1.1077025745813128e-05,-3.53366582809637e-05,-1.1100523894832981e-05,0.00017347700324737362,4.641368402677682e-05,2.217754964064611e-05,1.1077025745813128e-05,3.428386775920154e-05
signed_hqql_tbl,mod.blocks.1.attn.h6,neutral_hadron<-neutral_hadron,0.011174987118597416,1.7710559364632343e-05,-1.543212273434725e-05,2.980525260465658e-06,6.007191507947306e-06,3.3142682098979596e-05,1.4730034104166685e-05,1.7710559364632343e-05,3.428190041412214e-05
B_tbl_minus_hqql,mod.blocks.2.attn.h2,charged_hadron<-photon,0.01806098156871058,-2.2853728829100292e-05,0.0,0.0,0.0,-2.2853728829100292e-05,-2.2853728829100292e-05,2.2853728829100292e-05,3.4280593243650436e-05
signed_hqql_tbl,mod.blocks.7.attn.h3,muon<-neutral_hadron,0.015419435997804007,2.2227720667918522e-05,-1.8486273347662063e-06,-1.4464640894642033e-05,5.2728779564858996e-08,2.407634800268473e-05,3.669236156256055e-05,2.2227720667918522e-05,3.426589466926089e-05
signed_hqql_tbl,mod.blocks.7.attn.h2,photon<-photon,0.011147589087584803,-1.8350890469099176e-05,1.3449596981374277e-05,-1.761848899931959e-05,1.3619243250315144e-05,-3.180048745047345e-05,-7.324014697795864e-07,1.8350890469099176e-05,3.42511341943359e-05
signed_hqql_tbl,mod.blocks.1.attn.h0,charged_hadron<-photon,0.020775879779573302,-1.69624493522338e-05,1.7370963156806333e-05,2.6620994097537685e-05,3.5547146840551305e-05,-3.4333412509040135e-05,-4.3583443449771484e-05,1.69624493522338e-05,3.4129155606753866e-05
B_tbl_minus_hqql,mod.blocks.6.attn.h2,muon<-neutral_hadron,0.004735024645924568,-2.2661593296409894e-05,0.0,0.0,0.0,-2.2661593296409894e-05,-2.2661593296409894e-05,2.2661593296409894e-05,3.399238994461484e-05
B_tbl_minus_hqql,mod.blocks.3.attn.h2,charged_hadron<-neutral_hadron,0.020635726730277918,-2.2649335664723267e-05,0.0,0.0,0.0,-2.2649335664723267e-05,-2.2649335664723267e-05,2.2649335664723267e-05,3.39740034970849e-05
B_tbl_minus_hqql,mod.cls_blocks.1.attn.h5,CLS<-neutral_hadron,0.04244984686374664,2.2586853389391705e-05,0.0,0.0,0.0,2.2586853389391705e-05,2.2586853389391705e-05,2.2586853389391705e-05,3.3880280084087556e-05
B_tbl_minus_hqql,mod.blocks.1.attn.h0,charged_hadron<-muon,0.028698837757110594,-2.2582935343962163e-05,0.0,0.0,0.0,-2.2582935343962163e-05,-2.2582935343962163e-05,2.2582935343962163e-05,3.3874403015943244e-05
signed_hqql_tbl,mod.blocks.5.attn.h4,electron<-charged_hadron,0.028619618843431057,-1.64364308780616e-05,1.8378669531860698e-05,2.501411607579118e-06,-2.213765078017281e-06,-3.48151004099223e-05,-1.8937842485640718e-05,1.64364308780616e-05,3.3843981083022745e-05
signed_hqql_tbl,mod.blocks.5.attn.h3,neutral_hadron<-electron,0.019497163081541657,-1.6233159851708478e-05,1.8939521538641202e-05,-1.6673922605292546e-05,4.262892135182697e-06,-3.517268139034968e-05,4.4076275358406815e-07,1.6233159851708478e-05,3.3819500546883316e-05
signed_hqql_tbl,mod.blocks.3.attn.h3,charged_hadron<-neutral_hadron,0.015638703252641384,-3.306571879390581e-05,-3.161159181979963e-05,-8.300767247446126e-05,-1.1986494989320369e-05,-1.4541269741061798e-06,4.9941953680555454e-05,3.306571879390581e-05,3.37927822809589e-05
signed_hqql_tbl,mod.blocks.2.attn.h2,neutral_hadron<-charged_hadron,0.028911534708495425,-6.484963976441252e-06,4.807576798804541e-05,-6.9553168193684156e-06,1.517854623947194e-05,-5.456073196448666e-05,4.7035284292716355e-07,6.484963976441252e-06,3.376532995868458e-05
B_tbl_minus_hqql,mod.cls_blocks.1.attn.h7,electron<-electron,0.0014774989112993353,-2.2507837798002583e-05,0.0,0.0,0.0,-2.2507837798002583e-05,-2.2507837798002583e-05,2.2507837798002583e-05,3.3761756697003875e-05
signed_hqql_tbl,mod.blocks.6.attn.h6,photon<-charged_hadron,0.028173109115157996,-1.262844013897908e-05,2.9525791889436826e-05,-1.555072742789383e-05,3.4961088505123064e-05,-4.215423202841591e-05,2.9222872889147494e-06,1.262844013897908e-05,3.370555615318703e-05
B_tbl_minus_hqql,mod.blocks.3.attn.h3,photon<-electron,0.029730027950391535,-2.2454508480888497e-05,0.0,0.0,0.0,-2.2454508480888497e-05,-2.2454508480888497e-05,2.2454508480888497e-05,3.3681762721332746e-05
signed_hqql_tbl,mod.blocks.3.attn.h2,neutral_hadron<-photon,0.01874788325480497,1.1434657218126158e-05,-3.305276374147257e-05,-3.6076425281746723e-06,-5.774946331922425e-05,4.448742095959873e-05,1.504229974630083e-05,1.1434657218126158e-05,3.3678367697925525e-05
B_tbl_minus_hqql,mod.blocks.4.attn.h0,electron<-neutral_hadron,0.009823815524578094,-2.2440129578171762e-05,0.0,0.0,0.0,-2.2440129578171762e-05,-2.2440129578171762e-05,2.2440129578171762e-05,3.366019436725764e-05
signed_hqql_tbl,mod.blocks.4.attn.h0,photon<-neutral_hadron,0.019668391998401473,-9.3181097534748e-06,3.916315572563426e-05,1.2326652881270307e-05,1.954566797553209e-06,-4.848126547910906e-05,-2.1644762634745107e-05,9.3181097534748e-06,3.355874249302933e-05
signed_hqql_tbl,mod.blocks.2.attn.h7,neutral_hadron<-muon,0.02952742576599121,-3.3079600446702294e-05,-3.389381890883669e-05,1.368530827580559e-05,2.1835940060555004e-05,8.142184621343987e-07,-4.676490872250789e-05,3.3079600446702294e-05,3.3486709677769497e-05
B_tbl_minus_hqql,mod.cls_blocks.1.attn.h0,electron<-charged_hadron,0.007833353908998626,2.226742245035157e-05,0.0,0.0,0.0,2.226742245035157e-05,2.226742245035157e-05,2.226742245035157e-05,3.3401133675527354e-05
B_tbl_minus_hqql,mod.blocks.7.attn.h3,muon<-neutral_hadron,0.01541941612958908,2.2227701265364885e-05,0.0,0.0,0.0,2.2227701265364885e-05,2.2227701265364885e-05,2.2227701265364885e-05,3.334155189804733e-05
B_tbl_minus_hqql,mod.blocks.4.attn.h7,charged_hadron<-neutral_hadron,0.02517942523694711,2.2179879976924054e-05,0.0,0.0,0.0,2.2179879976924054e-05,2.2179879976924054e-05,2.2179879976924054e-05,3.326981996538608e-05
signed_hqql_tbl,mod.blocks.0.attn.h2,muon<-photon,0.00614768209365698,2.081493864982174e-05,4.567862701011248e-05,0.00013813507169040598,-2.852024583801351e-05,-2.4863688360290744e-05,-0.00011732013304058424,2.081493864982174e-05,3.324678282996711e-05
B_tbl_minus_hqql,mod.blocks.3.attn.h4,photon<-electron,0.03378956887598445,2.2162421418016025e-05,0.0,0.0,0.0,2.2162421418016025e-05,2.2162421418016025e-05,2.2162421418016025e-05,3.324363212702404e-05
signed_hqql_tbl,mod.blocks.1.attn.h4,electron<-photon,0.020211680814987275,-1.9824830105346513e-05,6.6925541822066795e-06,-0.0002711470392755909,-0.00012557277963920073,-2.6517384287553192e-05,0.0002513222091702444,1.9824830105346513e-05,3.3083522249123106e-05
signed_hqql_tbl,mod.blocks.3.attn.h5,photon<-photon,0.018592238406501226,1.0486682644460315e-05,-3.463730769324764e-05,4.9770571341028144e-06,-6.680558209131581e-06,4.512399033770795e-05,5.5096255103575006e-06,1.0486682644460315e-05,3.304867781331429e-05
signed_hqql_tbl,mod.blocks.3.attn.h5,charged_hadron<-neutral_hadron,0.005432009490405364,1.7112202093524852e-05,-1.4722122527477499e-05,2.4581599282897433e-05,-4.9608819649057124e-06,3.1834324621002354e-05,-7.469397189372581e-06,1.7112202093524852e-05,3.302936440402603e-05
signed_hqql_tbl,mod.blocks.0.attn.h3,neutral_hadron<-muon,0.02034605046113332,1.1364789922178412e-05,-3.192356962244958e-05,6.988696106035557e-05,-4.811376629731967e-05,4.328835954462799e-05,-5.8522171138177156e-05,1.1364789922178412e-05,3.300896969449241e-05
B_tbl_minus_hqql,mod.blocks.3.attn.h7,charged_hadron<-electron,0.08081600960829984,2.1971806152420037e-05,0.0,0.0,0.0,2.1971806152420037e-05,2.1971806152420037e-05,2.1971806152420037e-05,3.295770922863005e-05
B_tbl_minus_hqql,mod.blocks.3.attn.h2,electron<-charged_hadron,0.013330074998995533,-2.188727755666427e-05,0.0,0.0,0.0,-2.188727755666427e-05,-2.188727755666427e-05,2.188727755666427e-05,3.28309163349964e-05
signed_hqql_tbl,mod.blocks.1.attn.h3,photon<-charged_hadron,0.022411178324104015,1.9116637862007037e-05,-8.26684836276413e-06,6.4748446077539355e-06,-2.7927389041598353e-05,2.7383486224771165e-05,1.2641793254253101e-05,1.9116637862007037e-05,3.280838097439262e-05
signed_hqql_tbl,mod.cls_blocks.1.attn.h5,CLS<-CLS,0.0010514892492210492,-6.539305559272179e-06,4.5982402033573067e-05,0.0,0.0,-5.2521707592845246e-05,-6.539305559272179e-06,6.539305559272179e-06,3.28001593556948e-05
signed_hqql_tbl,mod.blocks.5.attn.h5,photon<-neutral_hadron,0.009385287360596618,1.6049871844899282e-05,-1.7337194131451305e-05,1.2423986480538779e-05,-8.805591663524905e-06,3.338706597635059e-05,3.6258853643605033e-06,1.6049871844899282e-05,3.2743404833074576e-05
B_tbl_minus_hqql,mod.blocks.5.attn.h4,muon<-muon,0.011068971827626228,-2.170178595406469e-05,0.0,0.0,0.0,-2.170178595406469e-05,-2.170178595406469e-05,2.170178595406469e-05,3.2552678931097034e-05
signed_hqql_tbl,mod.blocks.3.attn.h3,neutral_hadron<-neutral_hadron,0.020901578053990018,-2.567942302631685e-05,-3.938343703352523e-05,3.1688058667057766e-06,1.3308806547702632e-05,1.3704014007208384e-05,-2.8848228893022624e-05,2.567942302631685e-05,3.253143002992104e-05
B_tbl_minus_hqql,mod.blocks.0.attn.h6,charged_hadron<-muon,0.03113173842430115,2.1676160395145415e-05,0.0,0.0,0.0,2.1676160395145415e-05,2.1676160395145415e-05,2.1676160395145415e-05,3.251424059271812e-05
B_tbl_minus_hqql,mod.blocks.2.attn.h5,photon<-neutral_hadron,0.013396696495970932,2.167093095906705e-05,0.0,0.0,0.0,2.167093095906705e-05,2.167093095906705e-05,2.167093095906705e-05,3.250639643860057e-05
B_tbl_minus_hqql,mod.blocks.0.attn.h3,charged_hadron<-photon,0.019309924123036927,2.1658179783378084e-05,0.0,0.0,0.0,2.1658179783378084e-05,2.1658179783378084e-05,2.1658179783378084e-05,3.2487269675067124e-05
B_tbl_minus_hqql,mod.blocks.0.attn.h0,photon<-neutral_hadron,0.023094464184603918,2.164042772338566e-05,0.0,0.0,0.0,2.164042772338566e-05,2.164042772338566e-05,2.164042772338566e-05,3.246064158507849e-05
B_tbl_minus_hqql,mod.blocks.5.attn.h6,charged_hadron<-charged_hadron,0.024973769036250922,2.163747036076456e-05,0.0,0.0,0.0,2.163747036076456e-05,2.163747036076456e-05,2.163747036076456e-05,3.245620554114684e-05
signed_hqql_tbl,mod.blocks.5.attn.h5,neutral_hadron<-electron,0.037171836290508506,-2.2894881931279086e-05,-3.839155738205591e-06,-0.0002467007711667672,-1.5656408590182444e-05,-1.9055726193073495e-05,0.0002238058892354881,2.2894881931279086e-05,3.242274502781583e-05
signed_hqql_tbl,mod.blocks.5.attn.h1,neutral_hadron<-muon,0.027877313395341236,1.0414531667872021e-05,5.442072870209813e-05,-1.3806624744910023e-05,-4.552620089270931e-05,-4.400619703422611e-05,2.4221156412782043e-05,1.0414531667872021e-05,3.241763018498508e-05
B_tbl_minus_hqql,mod.blocks.2.attn.h0,neutral_hadron<-photon,0.01823004922217296,-2.1605485441394114e-05,0.0,0.0,0.0,-2.1605485441394114e-05,-2.1605485441394114e-05,2.1605485441394114e-05,3.240822816209117e-05
B_tbl_minus_hqql,mod.blocks.4.attn.h4,electron<-photon,0.017542740375530427,2.155107014870027e-05,0.0,0.0,0.0,2.155107014870027e-05,2.155107014870027e-05,2.155107014870027e-05,3.23266052230504e-05
signed_hqql_tbl,mod.blocks.6.attn.h6,charged_hadron<-neutral_hadron,0.018817388292016655,-2.427893605414956e-05,-8.248150514371626e-06,-3.4685955702636215e-05,1.5312458880001687e-05,-1.6030785539777934e-05,1.0407019648486655e-05,2.427893605414956e-05,3.229432882403853e-05
signed_hqql_tbl,mod.blocks.5.attn.h6,charged_hadron<-electron,0.018076206881390965,-2.6914906614009574e-05,-1.6301183083366293e-05,-0.00016293134268057804,-2.0725845691534537e-06,-1.0613723530643281e-05,0.00013601643606656847,2.6914906614009574e-05,3.222176837933121e-05
signed_hqql_tbl,mod.blocks.3.attn.h4,charged_hadron<-charged_hadron,0.02730199969593983,2.0111315261512467e-05,-4.100755384521941e-06,3.917247519075802e-05,-9.9294038774937e-06,2.421207064603441e-05,-1.9061159929245556e-05,2.0111315261512467e-05,3.2217350584529675e-05
B_tbl_minus_hqql,mod.blocks.7.attn.h4,electron<-neutral_hadron,0.012307930551469327,2.146523593182792e-05,0.0,0.0,0.0,2.146523593182792e-05,2.146523593182792e-05,2.146523593182792e-05,3.219785389774188e-05
signed_hqql_tbl,mod.blocks.6.attn.h2,neutral_hadron<-photon,0.016547804045054886,-1.849518170360731e-05,8.8680072807557e-06,-1.8796419924286073e-05,1.737121250617161e-05,-2.7363188984363012e-05,3.012382206787613e-07,1.849518170360731e-05,3.217677619578882e-05
signed_hqql_tbl,mod.blocks.5.attn.h3,photon<-charged_hadron,0.025580496666181153,1.650595319880564e-05,-1.4704715311557e-05,3.877589693350112e-05,-1.3484583523765894e-05,3.1210668510362635e-05,-2.226994373469548e-05,1.650595319880564e-05,3.2111287453986956e-05
signed_hqql_tbl,mod.cls_blocks.1.attn.h0,neutral_hadron<-CLS,0.0007760293956380337,1.3215409353506402e-06,-6.021009539836086e-05,0.0,0.0,6.15316363337115e-05,1.3215409353506402e-06,1.3215409353506402e-06,3.208735910220639e-05
B_tbl_minus_hqql,mod.blocks.2.attn.h0,muon<-neutral_hadron,0.006947344169020653,2.137145687205096e-05,0.0,0.0,0.0,2.137145687205096e-05,2.137145687205096e-05,2.137145687205096e-05,3.205718530807644e-05
B_tbl_minus_hqql,mod.blocks.2.attn.h1,photon<-neutral_hadron,0.020264224688633425,2.137047618849364e-05,0.0,0.0,0.0,2.137047618849364e-05,2.137047618849364e-05,2.137047618849364e-05,3.205571428274046e-05
signed_hqql_tbl,mod.blocks.3.attn.h4,charged_hadron<-electron,0.04048691017796164,-2.1043211152415175e-05,9.723783781131108e-07,0.00027910874773477836,1.4428402075147326e-05,-2.2015589530528285e-05,-0.0003001519588871935,2.1043211152415175e-05,3.205100591767932e-05
B_tbl_minus_hqql,mod.blocks.3.attn.h0,muon<-neutral_hadron,0.005321749796470006,2.1350160144114245e-05,0.0,0.0,0.0,2.1350160144114245e-05,2.1350160144114245e-05,2.1350160144114245e-05,3.202524021617137e-05
B_tbl_minus_hqql,mod.blocks.4.attn.h3,muon<-photon,0.013604443806868333,2.1289671377207225e-05,0.0,0.0,0.0,2.1289671377207225e-05,2.1289671377207225e-05,2.1289671377207225e-05,3.193450706581084e-05
signed_hqql_tbl,mod.blocks.6.attn.h5,photon<-photon,0.016882186409736946,1.3026279652079207e-05,-2.46338866507049e-05,1.6693535581245536e-05,-1.0419007020396745e-05,3.766016630278411e-05,-3.6672559291663286e-06,1.3026279652079207e-05,3.185636280347126e-05
B_tbl_minus_hqql,mod.blocks.6.attn.h5,electron<-neutral_hadron,0.009226807597769948,-2.1125071219074697e-05,0.0,0.0,0.0,-2.1125071219074697e-05,-2.1125071219074697e-05,2.1125071219074697e-05,3.168760682861204e-05
B_tbl_minus_hqql,mod.blocks.0.attn.h3,photon<-muon,0.012321217701985286,2.1115310328940934e-05,0.0,0.0,0.0,2.1115310328940934e-05,2.1115310328940934e-05,2.1115310328940934e-05,3.16729654934114e-05
B_tbl_minus_hqql,mod.blocks.2.attn.h3,charged_hadron<-electron,0.02403363212943077,-2.1070277042504724e-05,0.0,0.0,0.0,-2.1070277042504724e-05,-2.1070277042504724e-05,2.1070277042504724e-05,3.1605415563757084e-05
B_tbl_minus_hqql,mod.blocks.3.attn.h4,charged_hadron<-electron,0.04048691285045251,-2.1043201503862687e-05,0.0,0.0,0.0,-2.1043201503862687e-05,-2.1043201503862687e-05,2.1043201503862687e-05,3.156480225579403e-05
signed_hqql_tbl,mod.blocks.0.attn.h3,neutral_hadron<-photon,0.01872446953180758,1.0905415271942506e-05,5.2180542210568916e-05,2.5437681399120684e-06,8.473656893683701e-06,-4.127512693862641e-05,8.361647132030437e-06,1.0905415271942506e-05,3.1542978741255716e-05
B_tbl_minus_hqql,mod.blocks.1.attn.h0,photon<-electron,0.032417597567162865,2.0999264872843036e-05,0.0,0.0,0.0,2.0999264872843036e-05,2.0999264872843036e-05,2.0999264872843036e-05,3.149889730926455e-05
B_tbl_minus_hqql,mod.cls_blocks.1.attn.h2,CLS<-electron,0.006120163445302751,2.0984632101317402e-05,0.0,0.0,0.0,2.0984632101317402e-05,2.0984632101317402e-05,2.0984632101317402e-05,3.14769481519761e-05
B_tbl_minus_hqql,mod.cls_blocks.1.attn.h3,CLS<-electron,0.008357804904832518,-2.0969614749905734e-05,0.0,0.0,0.0,-2.0969614749905734e-05,-2.0969614749905734e-05,2.0969614749905734e-05,3.14544221248586e-05
signed_hqql_tbl,mod.blocks.5.attn.h1,electron<-neutral_hadron,0.024785339552909135,-2.7266691540717146e-05,-3.56254472535511e-05,-0.00013339076819344578,-2.2905407069415294e-05,8.358755712833955e-06,0.00010612407665272863,2.7266691540717146e-05,3.144606939713413e-05
signed_hqql_tbl,mod.blocks.0.attn.h1,photon<-neutral_hadron,0.027298404089194917,5.729124500152433e-06,-4.5630493140104397e-05,7.3836207450457805e-06,-7.419345034588664e-07,5.135961764025683e-05,-1.6544962448933474e-06,5.729124500152433e-06,3.140893332028085e-05
signed_hqql_tbl,mod.blocks.1.attn.h7,neutral_hadron<-neutral_hadron,0.0189343467124412,9.852758772184684e-06,-3.3247518324342826e-05,7.897973864026594e-06,1.7604917910811846e-05,4.310027709652751e-05,1.9547849081580904e-06,9.852758772184684e-06,3.1402897320448436e-05
B_tbl_minus_hqql,mod.blocks.2.attn.h2,neutral_hadron<-electron,0.017893031099811198,-2.0924963837387623e-05,0.0,0.0,0.0,-2.0924963837387623e-05,-2.0924963837387623e-05,2.0924963837387623e-05,3.1387445756081436e-05
B_tbl_minus_hqql,mod.blocks.0.attn.h0,charged_hadron<-neutral_hadron,0.028366928937666843,-2.0869492350086326e-05,0.0,0.0,0.0,-2.0869492350086326e-05,-2.0869492350086326e-05,2.0869492350086326e-05,3.130423852512949e-05
B_tbl_minus_hqql,mod.blocks.1.attn.h6,neutral_hadron<-electron,0.02873820336535573,2.0852071338595123e-05,0.0,0.0,0.0,2.0852071338595123e-05,2.0852071338595123e-05,2.0852071338595123e-05,3.127810700789268e-05
signed_hqql_tbl,mod.blocks.5.attn.h4,muon<-photon,0.016591023940306444,2.5606512700995572e-05,3.689790201651004e-05,-4.19277948656765e-05,6.617707172322466e-05,-1.1291389315514465e-05,6.753430756667208e-05,2.5606512700995572e-05,3.125220735875281e-05
B_tbl_minus_hqql,mod.blocks.0.attn.h2,muon<-photon,0.00614768209365698,2.081485133833037e-05,0.0,0.0,0.0,2.081485133833037e-05,2.081485133833037e-05,2.081485133833037e-05,3.1222277007495555e-05
signed_hqql_tbl,mod.cls_blocks.1.attn.h1,muon<-neutral_hadron,0.0,0.0,6.232484010979534e-05,-9.785094395435105e-05,0.0,-6.232484010979534e-05,9.785094395435105e-05,0.0,3.116242005489767e-05
B_tbl_minus_hqql,mod.blocks.5.attn.h0,photon<-charged_hadron,0.02579830356395047,2.0765139860742937e-05,0.0,0.0,0.0,2.0765139860742937e-05,2.0765139860742937e-05,2.0765139860742937e-05,3.1147709791114405e-05
B_tbl_minus_hqql,mod.cls_blocks.1.attn.h1,electron<-charged_hadron,0.018903442791530063,2.0681642559966783e-05,0.0,0.0,0.0,2.0681642559966783e-05,2.0681642559966783e-05,2.0681642559966783e-05,3.1022463839950175e-05
signed_hqql_tbl,mod.blocks.4.attn.h3,neutral_hadron<-muon,0.022642028828461964,-1.1572275980142877e-05,2.720766860875301e-05,1.7713558714891214e-05,9.642579425417352e-05,-3.877994458889589e-05,-2.928583469503409e-05,1.1572275980142877e-05,3.096224827459082e-05
B_tbl_minus_hqql,mod.blocks.6.attn.h3,charged_hadron<-neutral_hadron,0.013571095118608593,-2.056378630229139e-05,0.0,0.0,0.0,-2.056378630229139e-05,-2.056378630229139e-05,2.056378630229139e-05,3.0845679453437083e-05
signed_hqql_tbl,mod.blocks.4.attn.h3,photon<-electron,0.019520713357118573,1.7127122746165785e-05,4.4477972031537707e-05,-7.834113914637558e-06,-1.4104379806667566e-05,-2.7350849285371922e-05,2.496123666080334e-05,1.7127122746165785e-05,3.080254738885174e-05
B_tbl_minus_hqql,mod.cls_blocks.1.attn.h0,CLS<-electron,0.005123115103174314,2.053445417793398e-05,0.0,0.0,0.0,2.053445417793398e-05,2.053445417793398e-05,2.053445417793398e-05,3.080168126690097e-05
signed_hqql_tbl,mod.blocks.0.attn.h7,photon<-neutral_hadron,0.031410591005306646,-1.8426205144713133e-05,6.0142200501558156e-06,-2.2566086261783446e-05,3.860902745266614e-06,-2.4440425194868948e-05,4.139881117070313e-06,1.8426205144713133e-05,3.064641774214761e-05
signed_hqql_tbl,mod.blocks.4.attn.h2,charged_hadron<-charged_hadron,0.03066378595104963,-7.873103771288573e-06,3.76412208311283e-05,-3.393634172086941e-05,-5.053704840549133e-06,-4.551432460241687e-05,2.6063237949580837e-05,7.873103771288573e-06,3.063026607249701e-05
signed_hqql_tbl,mod.blocks.7.attn.h4,electron<-neutral_hadron,0.01230793260037899,2.1465260851982747e-05,3.3677775022056267e-06,1.7893411344023964e-05,-3.762972819993807e-05,1.809748334977712e-05,3.5718495079587832e-06,2.1465260851982747e-05,3.0514002526871307e-05
B_tbl_minus_hqql,mod.blocks.6.attn.h3,electron<-muon,0.3171035647392273,-2.031726762652397e-05,0.0,0.0,0.0,-2.031726762652397e-05,-2.031726762652397e-05,2.031726762652397e-05,3.0475901439785957e-05
signed_hqql_tbl,mod.blocks.6.attn.h3,electron<-muon,0.3171035647392273,-2.0315637812018394e-05,0.0,0.0003873454697895795,0.0016714428784325719,-2.0315637812018394e-05,-0.0004076611076015979,2.0315637812018394e-05,3.0473456718027592e-05
B_tbl_minus_hqql,mod.blocks.1.attn.h2,photon<-muon,0.014343158556864811,-2.026229272954739e-05,0.0,0.0,0.0,-2.026229272954739e-05,-2.026229272954739e-05,2.026229272954739e-05,3.0393439094321082e-05
signed_hqql_tbl,mod.blocks.5.attn.h3,charged_hadron<-neutral_hadron,0.01879057232115336,4.0758956477540865e-06,-4.854993026825255e-05,-1.0448228650157897e-05,-4.861493637527318e-05,5.262582591600664e-05,1.4524124297911983e-05,4.0758956477540865e-06,3.0388808605757406e-05
B_tbl_minus_hqql,mod.blocks.6.attn.h0,charged_hadron<-muon,0.027022355794906618,-2.0247738575562835e-05,0.0,0.0,0.0,-2.0247738575562835e-05,-2.0247738575562835e-05,2.0247738575562835e-05,3.0371607863344252e-05
signed_hqql_tbl,mod.blocks.6.attn.h0,charged_hadron<-muon,0.027022355794906618,-2.0247697830200195e-05,-3.23195611902823e-08,-2.0474535179753982e-05,2.087023327773323e-05,-2.021537826900991e-05,2.2683734955378755e-07,2.0247697830200195e-05,3.035538696470515e-05
B_tbl_minus_hqql,mod.blocks.5.attn.h5,electron<-electron,0.004426311182396603,2.019086388997948e-05,0.0,0.0,0.0,2.019086388997948e-05,2.019086388997948e-05,2.019086388997948e-05,3.028629583496922e-05
signed_hqql_tbl,mod.blocks.5.attn.h5,electron<-electron,0.0044263091291213644,2.0190837355471557e-05,1.0467102951050578e-07,-1.934828453108316e-06,-7.8784377783118e-06,2.008616632596105e-05,2.2125665808579872e-05,2.0190837355471557e-05,3.0233920518452082e-05
signed_hqql_tbl,mod.blocks.1.attn.h1,neutral_hadron<-neutral_hadron,0.014974833543500007,1.0341586684031048e-05,-2.9374902788876554e-05,-9.424964277385457e-06,-1.1009251602909176e-05,3.97164894729076e-05,1.9766550961416505e-05,1.0341586684031048e-05,3.0199831420484848e-05
B_tbl_minus_hqql,mod.blocks.3.attn.h4,charged_hadron<-charged_hadron,0.027301999394096402,2.0111316459011425e-05,0.0,0.0,0.0,2.0111316459011425e-05,2.0111316459011425e-05,2.0111316459011425e-05,3.0166974688517138e-05
signed_hqql_tbl,mod.blocks.6.attn.h4,neutral_hadron<-electron,0.06820084508508444,-1.6294483475576272e-05,1.1410884383167286e-05,8.86208218844331e-05,-1.0859457474640186e-05,-2.7705367858743558e-05,-0.00010491530536000937,1.6294483475576272e-05,3.0147167404948053e-05
signed_hqql_tbl,mod.blocks.7.attn.h4,electron<-charged_hadron,0.0247123746768288,1.4368667111937057e-05,4.587286035530269e-05,2.4792857302893554e-05,-8.564932310643295e-06,-3.1504193243365634e-05,-1.0424190190956497e-05,1.4368667111937057e-05,3.0120763733619874e-05
B_tbl_minus_hqql,mod.blocks.2.attn.h5,charged_hadron<-neutral_hadron,0.013005929260418332,1.997653886509423e-05,0.0,0.0,0.0,1.997653886509423e-05,1.997653886509423e-05,1.997653886509423e-05,2.9964808297641343e-05
B_tbl_minus_hqql,mod.blocks.7.attn.h2,charged_hadron<-charged_hadron,0.029113543073216803,-1.99695543860178e-05,0.0,0.0,0.0,-1.99695543860178e-05,-1.99695543860178e-05,1.99695543860178e-05,2.99543315790267e-05
B_tbl_minus_hqql,mod.blocks.5.attn.h0,photon<-neutral_hadron,0.030522809015985024,1.9947042143493465e-05,0.0,0.0,0.0,1.9947042143493465e-05,1.9947042143493465e-05,1.9947042143493465e-05,2.9920563215240198e-05
signed_hqql_tbl,mod.blocks.5.attn.h1,electron<-photon,0.015237834940596325,-1.437150697201127e-07,-5.967946617602138e-05,-7.458507443765459e-05,-1.2106131709350104e-05,5.9535751106301265e-05,7.444135936793447e-05,1.437150697201127e-07,2.9911590622870746e-05
signed_hqql_tbl,mod.cls_blocks.1.attn.h1,muon<-photon,0.0,0.0,-5.981877911835909e-05,-0.00041193415437681746,0.0,5.981877911835909e-05,0.00041193415437681746,0.0,2.9909389559179546e-05
B_tbl_minus_hqql,mod.blocks.6.attn.h7,electron<-charged_hadron,0.03244934652162635,-1.9908129378682528e-05,0.0,0.0,0.0,-1.9908129378682528e-05,-1.9908129378682528e-05,1.9908129378682528e-05,2.986219406802379e-05
B_tbl_minus_hqql,mod.blocks.2.attn.h0,photon<-photon,0.01756595473463702,-1.989675723946199e-05,0.0,0.0,0.0,-1.989675723946199e-05,-1.989675723946199e-05,1.989675723946199e-05,2.9845135859192985e-05
B_tbl_minus_hqql,mod.blocks.5.attn.h2,charged_hadron<-neutral_hadron,0.010336008938876066,-1.9866954686695294e-05,0.0,0.0,0.0,-1.9866954686695294e-05,-1.9866954686695294e-05,1.9866954686695294e-05,2.9800432030042942e-05
B_tbl_minus_hqql,mod.blocks.3.attn.h5,muon<-neutral_hadron,0.0018925441739459832,-1.982824323931709e-05,0.0,0.0,0.0,-1.982824323931709e-05,-1.982824323931709e-05,1.982824323931709e-05,2.9742364858975634e-05
B_tbl_minus_hqql,mod.blocks.1.attn.h4,electron<-photon,0.020211680996708753,-1.982498875671498e-05,0.0,0.0,0.0,-1.982498875671498e-05,-1.982498875671498e-05,1.982498875671498e-05,2.9737483135072473e-05
signed_hqql_tbl,mod.blocks.1.attn.h5,neutral_hadron<-neutral_hadron,0.012610760726390058,-2.8296178259250014e-05,-2.5470758225270877e-05,-1.0206549709735194e-05,-1.5830300006720272e-06,-2.8254200339791364e-06,-1.808962854951482e-05,2.8296178259250014e-05,2.9708888276239582e-05
signed_hqql_tbl,mod.blocks.3.attn.h2,neutral_hadron<-neutral_hadron,0.03338618857815678,-1.02611133667679e-05,2.8588774700003103e-05,3.175800233222556e-05,2.6547409965021464e-06,-3.884988806677101e-05,-4.201911569899346e-05,1.02611133667679e-05,2.9686057400153403e-05
B_tbl_minus_hqql,mod.blocks.3.attn.h1,charged_hadron<-electron,0.03140639019725115,1.976135931529469e-05,0.0,0.0,0.0,1.976135931529469e-05,1.976135931529469e-05,1.976135931529469e-05,2.9642038972942036e-05
B_tbl_minus_hqql,mod.blocks.2.attn.h7,electron<-neutral_hadron,0.008314518164843321,1.9720480167961796e-05,0.0,0.0,0.0,1.9720480167961796e-05,1.9720480167961796e-05,1.9720480167961796e-05,2.9580720251942694e-05
signed_hqql_tbl,mod.blocks.3.attn.h1,charged_hadron<-neutral_hadron,0.01555380449399679,8.582434744528878e-06,-3.335434350348707e-05,-9.91967562719196e-06,-6.450365130664913e-06,4.1936778248015944e-05,1.8502110371720837e-05,8.582434744528878e-06,2.955082386853685e-05
signed_hqql_tbl,mod.blocks.1.attn.h4,photon<-neutral_hadron,0.018133561335030038,-1.896288800978164e-05,2.193563889210966e-06,-2.1595699090892423e-05,3.87713486691102e-06,-2.1156451898992607e-05,2.6328110811107837e-06,1.896288800978164e-05,2.954111395927794e-05
B_tbl_minus_hqql,mod.blocks.3.attn.h7,neutral_hadron<-electron,0.06666238978505135,1.962662449841446e-05,0.0,0.0,0.0,1.962662449841446e-05,1.962662449841446e-05,1.962662449841446e-05,2.943993674762169e-05
signed_hqql_tbl,mod.blocks.7.attn.h6,photon<-charged_hadron,0.03169618225887994,1.6536247623149815e-05,4.226287599084842e-05,3.2490484684209464e-05,-1.3146382265958031e-05,-2.5726628367698604e-05,-1.595423706105965e-05,1.6536247623149815e-05,2.9399561806999116e-05
signed_hqql_tbl,mod.blocks.2.attn.h4,charged_hadron<-charged_hadron,0.026261841426414106,7.730898964506932e-06,-3.5599502630329674e-05,2.7316279361068475e-05,-2.2056987028898643e-05,4.33304015948366e-05,-1.9585380396561543e-05,7.730898964506932e-06,2.9396099761925234e-05
signed_hqql_tbl,mod.blocks.3.attn.h5,photon<-charged_hadron,0.02722608293946935,-1.5689234986296052e-05,1.1710946561309063e-05,-8.238888938244396e-06,1.2204271338004139e-05,-2.7400181547605117e-05,-7.450346048051655e-06,1.5689234986296052e-05,2.938932576009861e-05
signed_hqql_tbl,mod.blocks.4.attn.h2,photon<-neutral_hadron,0.016517567850928904,1.741561268548007e-05,-6.410797556784434e-06,3.4069025202680426e-05,-3.1066127087711466e-05,2.3826410242264505e-05,-1.6653412517200356e-05,1.741561268548007e-05,2.932881780661232e-05
B_tbl_minus_hqql,mod.blocks.2.attn.h6,photon<-charged_hadron,0.02885523734830361,-1.9535029162131814e-05,0.0,0.0,0.0,-1.9535029162131814e-05,-1.9535029162131814e-05,1.9535029162131814e-05,2.9302543743197723e-05
B_tbl_minus_hqql,mod.blocks.3.attn.h6,charged_hadron<-charged_hadron,0.030623448877927718,-1.9438127856061963e-05,0.0,0.0,0.0,-1.9438127856061963e-05,-1.9438127856061963e-05,1.9438127856061963e-05,2.9157191784092946e-05
signed_hqql_tbl,mod.blocks.2.attn.h4,charged_hadron<-photon,0.017419657407544593,1.0302011371839108e-05,-2.7275532281714387e-05,2.2692752469046975e-06,-2.5270291896076338e-05,3.757754365355349e-05,8.03273612493441e-06,1.0302011371839108e-05,2.9090783198615853e-05
signed_hqql_tbl,mod.blocks.0.attn.h4,photon<-photon,0.018981496210550744,9.105676273049521e-06,-3.0721439374405504e-05,-2.705975357236153e-05,-1.4011496721418985e-05,3.982711564745503e-05,3.616542984541105e-05,9.105676273049521e-06,2.9019234096777036e-05
B_tbl_minus_hqql,mod.blocks.0.attn.h3,photon<-neutral_hadron,0.01730803721151383,-1.928349209096295e-05,0.0,0.0,0.0,-1.928349209096295e-05,-1.928349209096295e-05,1.928349209096295e-05,2.8925238136444427e-05
B_tbl_minus_hqql,mod.blocks.3.attn.h1,charged_hadron<-muon,0.01974700391292572,1.9253342179581524e-05,0.0,0.0,0.0,1.9253342179581524e-05,1.9253342179581524e-05,1.9253342179581524e-05,2.8880013269372286e-05
signed_hqql_tbl,mod.blocks.5.attn.h6,neutral_hadron<-electron,0.029180195089429616,-2.51289255629672e-05,-1.769044706634304e-05,-1.2526483753087328e-05,7.3056651351233835e-06,-7.438478496624158e-06,-1.260244180987987e-05,2.51289255629672e-05,2.8848164811279277e-05
B_tbl_minus_hqql,mod.cls_blocks.1.attn.h5,neutral_hadron<-photon,0.009728835752377143,-1.919443513123462e-05,0.0,0.0,0.0,-1.919443513123462e-05,-1.919443513123462e-05,1.919443513123462e-05,2.8791652696851928e-05
signed_hqql_tbl,mod.blocks.5.attn.h3,muon<-muon,0.005945673678070307,-2.316486461495515e-05,-1.1981842817476718e-05,5.511133674644953e-05,-7.994641201491959e-06,-1.1183021797478432e-05,-7.827620136140468e-05,2.316486461495515e-05,2.8756375513694366e-05
signed_hqql_tbl,mod.blocks.7.attn.h5,photon<-neutral_hadron,0.015203810657023606,9.554654482689793e-06,-2.8801075031365043e-05,7.009592963667352e-06,-5.92774315228883e-06,3.835572951405484e-05,2.5450615190224416e-06,9.554654482689793e-06,2.873251923971721e-05
B_tbl_minus_hqql,mod.blocks.1.attn.h3,photon<-charged_hadron,0.0224111781594503,1.9116645459553937e-05,0.0,0.0,0.0,1.9116645459553937e-05,1.9116645459553937e-05,1.9116645459553937e-05,2.8674968189330903e-05
signed_hqql_tbl,mod.blocks.3.attn.h5,charged_hadron<-charged_hadron,0.031863107393013936,-1.3587221388371544e-05,1.6575390189467325e-05,-2.029405082934178e-05,-1.8342873482672875e-05,-3.0162611577838868e-05,6.7068294409702355e-06,1.3587221388371544e-05,2.8668527177290978e-05
signed_hqql_tbl,mod.blocks.3.attn.h2,charged_hadron<-charged_hadron,0.029629555811024028,1.8444275128292424e-05,-1.984799764599654e-06,1.993987589410626e-05,-1.9922150851416618e-05,2.0429074892892076e-05,-1.4956007658138376e-06,1.8444275128292424e-05,2.8658812574738462e-05
signed_hqql_tbl,mod.blocks.6.attn.h0,muon<-charged_hadron,0.011156613379716874,1.2875979882664978e-05,4.429849990022679e-05,-7.289557011219962e-05,-7.028784068320327e-05,-3.142252001756181e-05,8.57715499948646e-05,1.2875979882664978e-05,2.8587239891445883e-05
signed_hqql_tbl,mod.blocks.6.attn.h1,neutral_hadron<-muon,0.06498636305332184,2.8334604091166207e-06,5.430978490039706e-05,-0.00015102353350620863,0.0003159626855146295,-5.1476324491280444e-05,0.00015385699391532524,2.8334604091166207e-06,2.8571622654756844e-05
B_tbl_minus_hqql,mod.blocks.0.attn.h2,charged_hadron<-neutral_hadron,0.020664396412600546,-1.9040277933823763e-05,0.0,0.0,0.0,-1.9040277933823763e-05,-1.9040277933823763e-05,1.9040277933823763e-05,2.8560416900735645e-05
B_tbl_minus_hqql,mod.blocks.1.attn.h4,photon<-neutral_hadron,0.018133560605772557,-1.8962896211554417e-05,0.0,0.0,0.0,-1.8962896211554417e-05,-1.8962896211554417e-05,1.8962896211554417e-05,2.8444344317331626e-05
B_tbl_minus_hqql,mod.blocks.5.attn.h3,photon<-photon,0.019400803880034095,-1.89566562682942e-05,0.0,0.0,0.0,-1.89566562682942e-05,-1.89566562682942e-05,1.89566562682942e-05,2.8434984402441302e-05
signed_hqql_tbl,mod.blocks.2.attn.h3,charged_hadron<-charged_hadron,0.02615351064953364,-1.001217062649168e-05,2.6831487891650313e-05,1.2265982940475267e-05,1.1945492470471507e-05,-3.684365851814199e-05,-2.227815356696695e-05,1.001217062649168e-05,2.8433999885562677e-05
B_tbl_minus_hqql,mod.blocks.3.attn.h1,neutral_hadron<-electron,0.029360511200502516,1.892442901407776e-05,0.0,0.0,0.0,1.892442901407776e-05,1.892442901407776e-05,1.892442901407776e-05,2.838664352111664e-05
B_tbl_minus_hqql,mod.blocks.6.attn.h2,muon<-photon,0.0138799433524792,-1.8923126984960756e-05,0.0,0.0,0.0,-1.8923126984960756e-05,-1.8923126984960756e-05,1.8923126984960756e-05,2.8384690477441134e-05
B_tbl_minus_hqql,mod.blocks.5.attn.h4,photon<-electron,0.14079717165086328,1.8885430596660958e-05,0.0,0.0,0.0,1.8885430596660958e-05,1.8885430596660958e-05,1.8885430596660958e-05,2.8328145894991438e-05
B_tbl_minus_hqql,mod.blocks.0.attn.h5,electron<-charged_hadron,0.009865949983182161,1.8774328845725194e-05,0.0,0.0,0.0,1.8774328845725194e-05,1.8774328845725194e-05,1.8774328845725194e-05,2.816149326858779e-05
B_tbl_minus_hqql,mod.blocks.6.attn.h5,charged_hadron<-charged_hadron,0.025297960425351387,1.875236791825772e-05,0.0,0.0,0.0,1.875236791825772e-05,1.875236791825772e-05,1.875236791825772e-05,2.8128551877386576e-05
B_tbl_minus_hqql,mod.blocks.2.attn.h1,neutral_hadron<-muon,0.01621248076359431,1.8718670617090538e-05,0.0,0.0,0.0,1.8718670617090538e-05,1.8718670617090538e-05,1.8718670617090538e-05,2.8078005925635807e-05
B_tbl_minus_hqql,mod.blocks.5.attn.h2,charged_hadron<-photon,0.01653904854757351,-1.8684110984184333e-05,0.0,0.0,0.0,-1.8684110984184333e-05,-1.8684110984184333e-05,1.8684110984184333e-05,2.80261664762765e-05
B_tbl_minus_hqql,mod.blocks.6.attn.h4,muon<-electron,0.0017912801122292876,1.8673576050787233e-05,0.0,0.0,0.0,1.8673576050787233e-05,1.8673576050787233e-05,1.8673576050787233e-05,2.801036407618085e-05
signed_hqql_tbl,mod.blocks.6.attn.h4,muon<-electron,0.0017912789480760694,1.8673561498872004e-05,0.0,1.2328968068686663e-08,-7.939641477605619e-07,1.8673561498872004e-05,1.8661232530803318e-05,1.8673561498872004e-05,2.8010342248308007e-05
B_tbl_minus_hqql,mod.blocks.3.attn.h5,electron<-neutral_hadron,0.0035072255021077582,-1.8579485504233163e-05,0.0,0.0,0.0,-1.8579485504233163e-05,-1.8579485504233163e-05,1.8579485504233163e-05,2.7869228256349745e-05
signed_hqql_tbl,mod.blocks.4.attn.h3,charged_hadron<-muon,0.012764157354831695,8.452320616925136e-06,-3.036933873469631e-05,-7.199586754472091e-06,-2.571711615464479e-05,3.8821659351621444e-05,1.5651907371397226e-05,8.452320616925136e-06,2.7863150292735858e-05
B_tbl_minus_hqql,mod.blocks.5.attn.h2,charged_hadron<-charged_hadron,0.03167727469341497,-1.8533061201457056e-05,0.0,0.0,0.0,-1.8533061201457056e-05,-1.8533061201457056e-05,1.8533061201457056e-05,2.7799591802185584e-05
B_tbl_minus_hqql,mod.blocks.6.attn.h2,neutral_hadron<-photon,0.016547803498111774,-1.8495175994413814e-05,0.0,0.0,0.0,-1.8495175994413814e-05,-1.8495175994413814e-05,1.8495175994413814e-05,2.774276399162072e-05
B_tbl_minus_hqql,mod.blocks.0.attn.h1,neutral_hadron<-muon,0.052029321591059365,1.847356422028194e-05,0.0,0.0,0.0,1.847356422028194e-05,1.847356422028194e-05,1.847356422028194e-05,2.7710346330422908e-05
B_tbl_minus_hqql,mod.blocks.1.attn.h2,photon<-electron,0.02754630166582945,1.846691813581146e-05,0.0,0.0,0.0,1.846691813581146e-05,1.846691813581146e-05,1.846691813581146e-05,2.770037720371719e-05
B_tbl_minus_hqql,mod.blocks.3.attn.h2,charged_hadron<-charged_hadron,0.029629555358258883,1.8444291027393978e-05,0.0,0.0,0.0,1.8444291027393978e-05,1.8444291027393978e-05,1.8444291027393978e-05,2.7666436541090967e-05
B_tbl_minus_hqql,mod.blocks.0.attn.h7,photon<-neutral_hadron,0.03141059071360366,-1.8426199892492505e-05,0.0,0.0,0.0,-1.8426199892492505e-05,-1.8426199892492505e-05,1.8426199892492505e-05,2.7639299838738755e-05
signed_hqql_tbl,mod.blocks.6.attn.h4,neutral_hadron<-charged_hadron,0.026536286624621448,-1.1372261507636255e-06,5.1703486760825484e-05,-5.569373666584776e-06,1.2827768520856745e-05,-5.2840712911589106e-05,4.43214751582115e-06,1.1372261507636255e-06,2.755758260655818e-05
B_tbl_minus_hqql,mod.blocks.4.attn.h3,photon<-charged_hadron,0.02475154910298342,1.836861905034693e-05,0.0,0.0,0.0,1.836861905034693e-05,1.836861905034693e-05,1.836861905034693e-05,2.7552928575520397e-05
B_tbl_minus_hqql,mod.blocks.7.attn.h2,photon<-photon,0.01114758959997388,-1.835089139287756e-05,0.0,0.0,0.0,-1.835089139287756e-05,-1.835089139287756e-05,1.835089139287756e-05,2.752633708931634e-05
signed_hqql_tbl,mod.blocks.3.attn.h5,electron<-neutral_hadron,0.003507226423243992,-1.8579500067517075e-05,-7.277014393847203e-07,-4.670516449323259e-05,-2.653586125234142e-05,-1.7851798628132354e-05,2.8125664425715512e-05,1.8579500067517075e-05,2.7505399381583254e-05
B_tbl_minus_hqql,mod.blocks.4.attn.h7,charged_hadron<-muon,0.013953520357608796,1.826355146476999e-05,0.0,0.0,0.0,1.826355146476999e-05,1.826355146476999e-05,1.826355146476999e-05,2.739532719715498e-05
signed_hqql_tbl,mod.blocks.3.attn.h3,photon<-neutral_hadron,0.010478011728986053,1.4281729207046369e-05,-1.1935133233275127e-05,-6.264164863080767e-07,-2.6877919797478976e-06,2.6216862440321498e-05,1.4908145693354445e-05,1.4281729207046369e-05,2.7390160427207116e-05
signed_hqql_tbl,mod.blocks.0.attn.h2,neutral_hadron<-charged_hadron,0.031227604068558793,4.3643604928710086e-06,5.040798380316512e-05,2.714049354251678e-05,-2.966355215744752e-05,-4.604362331029411e-05,-2.277613304964577e-05,4.3643604928710086e-06,2.7386172148018064e-05
signed_hqql_tbl,mod.blocks.6.attn.h5,electron<-neutral_hadron,0.00922680615549325,-2.1125064566263064e-05,-8.703076005645016e-06,6.548299461428542e-05,-5.7447840363773355e-05,-1.2421988560618048e-05,-8.660805918054848e-05,2.1125064566263064e-05,2.733605884657209e-05
signed_hqql_tbl,mod.blocks.1.attn.h7,electron<-photon,0.0146854517118233,-1.3368234094076155e-05,1.4286779852617265e-05,4.543239100874491e-06,-2.3797867735001172e-05,-2.7655013946693422e-05,-1.7911473194950646e-05,1.3368234094076155e-05,2.7195741067422867e-05
B_tbl_minus_hqql,mod.blocks.4.attn.h7,photon<-muon,0.012306599662854122,1.805385489625713e-05,0.0,0.0,0.0,1.805385489625713e-05,1.805385489625713e-05,1.805385489625713e-05,2.7080782344385694e-05
B_tbl_minus_hqql,mod.blocks.4.attn.h3,neutral_hadron<-electron,0.024448418710380792,-1.7957124151735114e-05,0.0,0.0,0.0,-1.7957124151735114e-05,-1.7957124151735114e-05,1.7957124151735114e-05,2.693568622760267e-05
B_tbl_minus_hqql,mod.blocks.2.attn.h2,charged_hadron<-electron,0.026068843820172806,1.7949948137949992e-05,0.0,0.0,0.0,1.7949948137949992e-05,1.7949948137949992e-05,1.7949948137949992e-05,2.692492220692499e-05
B_tbl_minus_hqql,mod.blocks.2.attn.h4,electron<-neutral_hadron,0.01777340183034539,1.7936339054358542e-05,0.0,0.0,0.0,1.7936339054358542e-05,1.7936339054358542e-05,1.7936339054358542e-05,2.6904508581537814e-05
B_tbl_minus_hqql,mod.blocks.0.attn.h4,charged_hadron<-muon,0.023989564180374144,1.791447284631431e-05,0.0,0.0,0.0,1.791447284631431e-05,1.791447284631431e-05,1.791447284631431e-05,2.6871709269471464e-05
B_tbl_minus_hqql,mod.blocks.0.attn.h6,charged_hadron<-neutral_hadron,0.019336858653349564,1.7908327020544174e-05,0.0,0.0,0.0,1.7908327020544174e-05,1.7908327020544174e-05,1.7908327020544174e-05,2.686249053081626e-05
B_tbl_minus_hqql,mod.blocks.5.attn.h3,electron<-charged_hadron,0.016960322047057358,1.786985724364691e-05,0.0,0.0,0.0,1.786985724364691e-05,1.786985724364691e-05,1.786985724364691e-05,2.6804785865470364e-05
B_tbl_minus_hqql,mod.blocks.5.attn.h3,neutral_hadron<-neutral_hadron,0.0340806762868861,1.7714707266266603e-05,0.0,0.0,0.0,1.7714707266266603e-05,1.7714707266266603e-05,1.7714707266266603e-05,2.6572060899399905e-05
B_tbl_minus_hqql,mod.blocks.1.attn.h6,neutral_hadron<-neutral_hadron,0.011174987472368359,1.7710557131871058e-05,0.0,0.0,0.0,1.7710557131871058e-05,1.7710557131871058e-05,1.7710557131871058e-05,2.6565835697806587e-05
B_tbl_minus_hqql,mod.blocks.6.attn.h7,electron<-photon,0.009186521490536085,-1.7620765148177914e-05,0.0,0.0,0.0,-1.7620765148177914e-05,-1.7620765148177914e-05,1.7620765148177914e-05,2.643114772226687e-05
signed_hqql_tbl,mod.blocks.0.attn.h4,neutral_hadron<-photon,0.0160988782202828,1.2550885377179825e-05,4.0299307206500874e-05,2.08890930764955e-05,2.14664684482627e-05,-2.774842182932105e-05,-8.338207699315673e-06,1.2550885377179825e-05,2.642509629184035e-05
signed_hqql_tbl,mod.blocks.5.attn.h0,neutral_hadron<-charged_hadron,0.027970588412778132,5.28260051935355e-06,-3.6781964491138254e-05,9.207330233101063e-06,2.292057667787566e-06,4.2064565010491805e-05,-3.924729713747513e-06,5.28260051935355e-06,2.631488302459945e-05
B_tbl_minus_hqql,mod.blocks.4.attn.h6,neutral_hadron<-electron,0.003778424102347344,-1.7483694210795876e-05,0.0,0.0,0.0,-1.7483694210795876e-05,-1.7483694210795876e-05,1.7483694210795876e-05,2.6225541316193815e-05
B_tbl_minus_hqql,mod.blocks.6.attn.h0,charged_hadron<-electron,0.020916437487239422,-1.7476088269967992e-05,0.0,0.0,0.0,-1.7476088269967992e-05,-1.7476088269967992e-05,1.7476088269967992e-05,2.621413240495199e-05
signed_hqql_tbl,mod.blocks.4.attn.h0,electron<-charged_hadron,0.02925823078207348,4.4493236877631555e-06,-3.8974481479575234e-05,0.00020105576803607325,-0.00032964478412867283,4.342380516733839e-05,-0.0001966064443483101,4.4493236877631555e-06,2.616122627143235e-05
B_tbl_minus_hqql,mod.blocks.5.attn.h7,electron<-neutral_hadron,0.005224678525701165,-1.7419899722881383e-05,0.0,0.0,0.0,-1.7419899722881383e-05,-1.7419899722881383e-05,1.7419899722881383e-05,2.6129849584322076e-05
B_tbl_minus_hqql,mod.blocks.4.attn.h2,photon<-neutral_hadron,0.01651756697581993,1.7415614560849244e-05,0.0,0.0,0.0,1.7415614560849244e-05,1.7415614560849244e-05,1.7415614560849244e-05,2.6123421841273867e-05
signed_hqql_tbl,mod.blocks.4.attn.h0,electron<-neutral_hadron,0.009823817026335746,-2.2440187422034796e-05,-1.5156504119318015e-05,-8.010591363927233e-05,1.5192832934724934e-05,-7.283683302716781e-06,5.7665726217237534e-05,2.2440187422034796e-05,2.6082029073393187e-05
signed_hqql_tbl,mod.blocks.0.attn.h4,photon<-charged_hadron,0.02460130925665903,-9.649430572628352e-06,2.3161409319911896e-05,3.924291608667395e-06,2.4312197804253087e-06,-3.281083989254025e-05,-1.3573722181295746e-05,9.649430572628352e-06,2.6054850518898475e-05
B_tbl_minus_hqql,mod.blocks.2.attn.h6,neutral_hadron<-photon,0.01871520176311107,1.734994159531696e-05,0.0,0.0,0.0,1.734994159531696e-05,1.734994159531696e-05,1.734994159531696e-05,2.6024912392975442e-05
B_tbl_minus_hqql,mod.blocks.1.attn.h6,photon<-electron,0.028684284628891363,-1.7322980100998835e-05,0.0,0.0,0.0,-1.7322980100998835e-05,-1.7322980100998835e-05,1.7322980100998835e-05,2.5984470151498253e-05
B_tbl_minus_hqql,mod.blocks.6.attn.h2,muon<-charged_hadron,0.0034493006765842437,-1.7304267385043203e-05,0.0,0.0,0.0,-1.7304267385043203e-05,-1.7304267385043203e-05,1.7304267385043203e-05,2.5956401077564803e-05
B_tbl_minus_hqql,mod.blocks.5.attn.h5,photon<-charged_hadron,0.028037769442105162,-1.7281550321842478e-05,0.0,0.0,0.0,-1.7281550321842478e-05,-1.7281550321842478e-05,1.7281550321842478e-05,2.5922325482763717e-05
signed_hqql_tbl,mod.blocks.1.attn.h1,charged_hadron<-photon,0.018868652990509792,1.5544614887112e-05,-5.129560513884456e-06,-3.0412849636322358e-06,2.114668170701304e-05,2.0674175400996457e-05,1.8585899850744237e-05,1.5544614887112e-05,2.5881702587610227e-05
signed_hqql_tbl,mod.blocks.0.attn.h5,photon<-photon,0.019261005003997404,7.1079379244302445e-06,-3.0320798565880558e-05,1.539854608491634e-05,-1.0582080178087434e-05,3.74287364903108e-05,-8.290608160486096e-06,7.1079379244302445e-06,2.5822306169585647e-05
B_tbl_minus_hqql,mod.blocks.4.attn.h6,photon<-muon,0.006826520539247072,1.7208451306662308e-05,0.0,0.0,0.0,1.7208451306662308e-05,1.7208451306662308e-05,1.7208451306662308e-05,2.5812676959993463e-05
B_tbl_minus_hqql,mod.blocks.6.attn.h1,photon<-muon,0.041652253040900596,1.7179410161378866e-05,0.0,0.0,0.0,1.7179410161378866e-05,1.7179410161378866e-05,1.7179410161378866e-05,2.57691152420683e-05
signed_hqql_tbl,mod.blocks.7.attn.h7,electron<-charged_hadron,0.02458631660303344,-1.0081676998157965e-05,-4.141523114716013e-05,-8.067379202393274e-06,-1.0980501193208275e-05,3.1333554149002164e-05,-2.0142977957646913e-06,1.0081676998157965e-05,2.574845407265905e-05
B_tbl_minus_hqql,mod.blocks.0.attn.h3,charged_hadron<-electron,0.015753903486968382,1.7150416169897653e-05,0.0,0.0,0.0,1.7150416169897653e-05,1.7150416169897653e-05,1.7150416169897653e-05,2.572562425484648e-05
signed_hqql_tbl,mod.blocks.0.attn.h6,muon<-photon,0.015298297772040734,-1.2943980087024662e-05,-3.8494847173681664e-05,0.00024111517855503322,-9.888323256745934e-05,2.5550867086657003e-05,-0.0002540591586420579,1.2943980087024662e-05,2.5719413630353163e-05
B_tbl_minus_hqql,mod.blocks.4.attn.h3,photon<-electron,0.019520711903346748,1.712712243560662e-05,0.0,0.0,0.0,1.712712243560662e-05,1.712712243560662e-05,1.712712243560662e-05,2.569068365340993e-05
B_tbl_minus_hqql,mod.cls_blocks.1.attn.h3,neutral_hadron<-charged_hadron,0.019208607466324516,-1.711240021403933e-05,0.0,0.0,0.0,-1.711240021403933e-05,-1.711240021403933e-05,1.711240021403933e-05,2.5668600321058996e-05
B_tbl_minus_hqql,mod.blocks.3.attn.h5,charged_hadron<-neutral_hadron,0.005432009448802396,1.7112209165630205e-05,0.0,0.0,0.0,1.7112209165630205e-05,1.7112209165630205e-05,1.7112209165630205e-05,2.5668313748445307e-05
signed_hqql_tbl,mod.cls_blocks.0.attn.h0,muon<-photon,0.0,0.0,5.128155462443829e-05,0.006561969908384176,0.0,-5.128155462443829e-05,-0.006561969908384176,0.0,2.5640777312219144e-05
signed_hqql_tbl,mod.blocks.4.attn.h0,neutral_hadron<-photon,0.014911975547501158,-1.0577993671889121e-05,1.9528130599965755e-05,4.605716476312044e-06,1.4436129057582704e-05,-3.0106124271854877e-05,-1.5183710148201166e-05,1.0577993671889121e-05,2.5631055807816558e-05
signed_hqql_tbl,mod.blocks.3.attn.h0,neutral_hadron<-charged_hadron,0.02558255452534248,1.0380147263658784e-05,-2.000450248660117e-05,-2.1705338794431013e-05,-2.6703285271369864e-08,3.0384649750259956e-05,3.2085486058089795e-05,1.0380147263658784e-05,2.5572472138788764e-05
signed_hqql_tbl,mod.blocks.4.attn.h3,charged_hadron<-charged_hadron,0.032000930084045,-1.1895230627428752e-05,1.545678706725901e-05,-9.919854249132787e-06,1.453805551817202e-05,-2.735201769468776e-05,-1.9753763782959654e-06,1.1895230627428752e-05,2.5571239474772633e-05
signed_hqql_tbl,mod.blocks.5.attn.h2,photon<-muon,0.009899536004433265,1.432477102543299e-05,3.66344768106221e-05,-5.447655646342107e-06,-5.1531236345504615e-05,-2.230970578518911e-05,1.9772426671775097e-05,1.432477102543299e-05,2.5479623918027544e-05
signed_hqql_tbl,mod.blocks.0.attn.h0,neutral_hadron<-muon,0.011317448069651922,1.6261187738564331e-06,4.933288761321819e-05,-8.080740716602457e-05,0.00016194035151784192,-4.770676883936176e-05,8.2433525939881e-05,1.6261187738564331e-06,2.5479503193537312e-05
B_tbl_minus_hqql,mod.blocks.0.attn.h4,neutral_hadron<-muon,0.053774163126945496,1.6976472882864375e-05,0.0,0.0,0.0,1.6976472882864375e-05,1.6976472882864375e-05,1.6976472882864375e-05,2.5464709324296564e-05
B_tbl_minus_hqql,mod.blocks.1.attn.h0,charged_hadron<-photon,0.020775879367939017,-1.696244044823042e-05,0.0,0.0,0.0,-1.696244044823042e-05,-1.696244044823042e-05,1.696244044823042e-05,2.5443660672345628e-05
B_tbl_minus_hqql,mod.blocks.0.attn.h3,electron<-neutral_hadron,0.023061987943947315,-1.6948704433161767e-05,0.0,0.0,0.0,-1.6948704433161767e-05,-1.6948704433161767e-05,1.6948704433161767e-05,2.542305664974265e-05
signed_hqql_tbl,mod.blocks.3.attn.h7,muon<-charged_hadron,0.008697102963924407,-1.2745401181746275e-05,1.2495586027701695e-05,0.0001925940653469799,-0.00010212876760324805,-2.524098720944797e-05,-0.00020533946652872618,1.2745401181746275e-05,2.536589478647026e-05
B_tbl_minus_hqql,mod.blocks.1.attn.h0,neutral_hadron<-charged_hadron,0.026852049984528354,1.67789936900379e-05,0.0,0.0,0.0,1.67789936900379e-05,1.67789936900379e-05,1.67789936900379e-05,2.516849053505685e-05
B_tbl_minus_hqql,mod.cls_blocks.1.attn.h0,neutral_hadron<-electron,0.004216318600811064,1.677534692134941e-05,0.0,0.0,0.0,1.677534692134941e-05,1.677534692134941e-05,1.677534692134941e-05,2.5163020382024115e-05
B_tbl_minus_hqql,mod.blocks.7.attn.h0,electron<-photon,0.015900184286803735,1.6750720622040695e-05,0.0,0.0,0.0,1.6750720622040695e-05,1.6750720622040695e-05,1.6750720622040695e-05,2.5126080933061044e-05
B_tbl_minus_hqql,mod.blocks.4.attn.h5,neutral_hadron<-photon,0.016979326431747363,1.6742714795959676e-05,0.0,0.0,0.0,1.6742714795959676e-05,1.6742714795959676e-05,1.6742714795959676e-05,2.5114072193939514e-05
signed_hqql_tbl,mod.blocks.4.attn.h3,neutral_hadron<-charged_hadron,0.03140388368439151,-1.0764019363169299e-05,1.7666093048614424e-05,5.320836526307463e-06,1.2452166276512589e-05,-2.8430112411783722e-05,-1.608485588947676e-05,1.0764019363169299e-05,2.497907556906116e-05
B_tbl_minus_hqql,mod.blocks.1.attn.h7,photon<-neutral_hadron,0.02006494571100829,-1.664731201835791e-05,0.0,0.0,0.0,-1.664731201835791e-05,-1.664731201835791e-05,1.664731201835791e-05,2.4970968027536866e-05
signed_hqql_tbl,mod.blocks.5.attn.h5,neutral_hadron<-charged_hadron,0.024583667002875228,-9.940203048114016e-06,2.0047139480231784e-05,-1.604163143894806e-05,2.064295746308552e-05,-2.9987342528345798e-05,6.101428390834043e-06,9.940203048114016e-06,2.4933874312286917e-05
B_tbl_minus_hqql,mod.cls_blocks.1.attn.h5,neutral_hadron<-neutral_hadron,0.05167845063484632,-1.661072691114476e-05,0.0,0.0,0.0,-1.661072691114476e-05,-1.661072691114476e-05,1.661072691114476e-05,2.491609036671714e-05
signed_hqql_tbl,mod.blocks.2.attn.h0,charged_hadron<-electron,0.03164286862896836,-2.3416376675215915e-05,-2.6309493696317075e-05,8.744274025722857e-05,-0.00011409149522444716,2.8931170211011604e-06,-0.00011085911693244448,2.3416376675215915e-05,2.4862935185766493e-05
B_tbl_minus_hqql,mod.blocks.2.attn.h6,charged_hadron<-photon,0.017652397244674725,1.656830385430248e-05,0.0,0.0,0.0,1.656830385430248e-05,1.656830385430248e-05,1.656830385430248e-05,2.485245578145372e-05
signed_hqql_tbl,mod.blocks.1.attn.h5,charged_hadron<-neutral_hadron,0.015136527043524955,1.2663569937089347e-05,-1.1700220804069996e-05,-5.300095749689253e-06,-1.972236746761137e-05,2.4363790741159343e-05,1.79636656867786e-05,1.2663569937089347e-05,2.484546530766902e-05
signed_hqql_tbl,mod.blocks.7.attn.h0,photon<-charged_hadron,0.028001707232459472,8.00068711058638e-06,-2.5644773555538273e-05,-1.2171229498181737e-05,2.856745089000468e-06,3.364546066612465e-05,2.0171916608768115e-05,8.00068711058638e-06,2.4823417443648705e-05
B_tbl_minus_hqql,mod.blocks.7.attn.h6,photon<-charged_hadron,0.031696181600265085,1.6536247432206176e-05,0.0,0.0,0.0,1.6536247432206176e-05,1.6536247432206176e-05,1.6536247432206176e-05,2.4804371148309265e-05
B_tbl_minus_hqql,mod.blocks.3.attn.h2,muon<-charged_hadron,0.014413659274578095,-1.6532793233636765e-05,0.0,0.0,0.0,-1.6532793233636765e-05,-1.6532793233636765e-05,1.6532793233636765e-05,2.4799189850455148e-05
B_tbl_minus_hqql,mod.blocks.5.attn.h3,photon<-charged_hadron,0.025580496666181153,1.6505951932547818e-05,0.0,0.0,0.0,1.6505951932547818e-05,1.6505951932547818e-05,1.6505951932547818e-05,2.4758927898821726e-05
B_tbl_minus_hqql,mod.blocks.1.attn.h5,electron<-neutral_hadron,0.029330156673677266,1.6503203005413526e-05,0.0,0.0,0.0,1.6503203005413526e-05,1.6503203005413526e-05,1.6503203005413526e-05,2.475480450812029e-05
signed_hqql_tbl,mod.blocks.2.attn.h1,charged_hadron<-photon,0.02118326987021536,8.178757801822397e-06,-2.4931987445186235e-05,6.293589145183485e-06,-3.4155343003150146e-06,3.3110745247008635e-05,1.8851686566389119e-06,8.178757801822397e-06,2.4734130425326715e-05
signed_hqql_tbl,mod.blocks.6.attn.h6,photon<-photon,0.011460722192375497,1.0882940288533955e-05,-1.6723120707933905e-05,5.153607709907092e-06,-1.93258776514394e-05,2.760606099646786e-05,5.729332578626863e-06,1.0882940288533955e-05,2.4685970786767886e-05
signed_hqql_tbl,mod.blocks.1.attn.h3,charged_hadron<-photon,0.02001001936954688,1.5936738352203814e-05,-1.5488136728289979e-06,3.0319380294776453e-05,-2.2618290457806247e-05,1.748555202503281e-05,-1.4382641942572638e-05,1.5936738352203814e-05,2.4679514364720222e-05
signed_hqql_tbl,mod.blocks.6.attn.h5,photon<-charged_hadron,0.02714011962242548,9.253151138835375e-06,-2.156533429546999e-05,3.437685647997336e-05,-9.793175783864052e-06,3.0818485434305365e-05,-2.5123705341137985e-05,9.253151138835375e-06,2.4662393855988058e-05
B_tbl_minus_hqql,mod.blocks.5.attn.h4,electron<-charged_hadron,0.028619617709647053,-1.643642107133612e-05,0.0,0.0,0.0,-1.643642107133612e-05,-1.643642107133612e-05,1.643642107133612e-05,2.465463160700418e-05
B_tbl_minus_hqql,mod.blocks.7.attn.h1,muon<-neutral_hadron,0.021846021215120952,1.6434410402628902e-05,0.0,0.0,0.0,1.6434410402628902e-05,1.6434410402628902e-05,1.6434410402628902e-05,2.4651615603943355e-05
signed_hqql_tbl,mod.blocks.2.attn.h6,photon<-neutral_hadron,0.01944604725083169,5.459051294750602e-07,-4.755108351521743e-05,-3.0790505462540238e-06,8.140768832823987e-06,4.8096988644692495e-05,3.624955675729084e-06,5.459051294750602e-07,2.4594399451821306e-05
B_tbl_minus_hqql,mod.blocks.4.attn.h7,neutral_hadron<-neutral_hadron,0.015110297266775643,1.6348228235864788e-05,0.0,0.0,0.0,1.6348228235864788e-05,1.6348228235864788e-05,1.6348228235864788e-05,2.452234235379718e-05
signed_hqql_tbl,mod.blocks.4.attn.h6,neutral_hadron<-electron,0.0037784230313263833,-1.7483681136809538e-05,-3.4799189734258107e-06,-1.5903741020413993e-06,5.9254435949268925e-06,-1.4003762163383727e-05,-1.589330703476814e-05,1.7483681136809538e-05,2.4485562218501403e-05
B_tbl_minus_hqql,mod.blocks.6.attn.h4,neutral_hadron<-electron,0.06820086482912302,-1.6294491797452792e-05,0.0,0.0,0.0,-1.6294491797452792e-05,-1.6294491797452792e-05,1.6294491797452792e-05,2.4441737696179186e-05
B_tbl_minus_hqql,mod.blocks.7.attn.h3,charged_hadron<-electron,0.06512044750801894,1.6292290598832313e-05,0.0,0.0,0.0,1.6292290598832313e-05,1.6292290598832313e-05,1.6292290598832313e-05,2.443843589824847e-05
signed_hqql_tbl,mod.blocks.6.attn.h6,neutral_hadron<-photon,0.010177286934308088,8.724252633058404e-06,-2.257665545204037e-05,3.241405538876652e-06,-8.598795925627623e-06,3.130090808509878e-05,5.482847094181752e-06,8.724252633058404e-06,2.4374706675607792e-05
B_tbl_minus_hqql,mod.blocks.5.attn.h3,neutral_hadron<-electron,0.019497163640335203,-1.623314969947387e-05,0.0,0.0,0.0,-1.623314969947387e-05,-1.623314969947387e-05,1.623314969947387e-05,2.4349724549210807e-05
signed_hqql_tbl,mod.blocks.4.attn.h7,photon<-neutral_hadron,0.028051536900962157,8.025666589424816e-06,-2.4478815226238998e-05,1.2842781921246262e-05,-2.5686596500362704e-06,3.2504481815663816e-05,-4.8171153318214464e-06,8.025666589424816e-06,2.4277907497256722e-05
signed_hqql_tbl,mod.blocks.0.attn.h0,photon<-electron,0.04084709595616271,1.2460438017846971e-05,-1.1164428932326181e-05,-2.038064201470873e-06,-3.326455493648113e-05,2.3624866950173153e-05,1.4498502219317844e-05,1.2460438017846971e-05,2.4272871492933548e-05
signed_hqql_tbl,mod.blocks.6.attn.h6,charged_hadron<-photon,0.004933802493287055,1.0792473062164747e-05,-1.6088562291601385e-05,1.593597719362569e-05,-2.2270848124096044e-05,2.6881035353766134e-05,-5.143504131460942e-06,1.0792473062164747e-05,2.4232990739047816e-05
B_tbl_minus_hqql,mod.blocks.1.attn.h3,photon<-photon,0.023325997830462034,-1.6119640163805076e-05,0.0,0.0,0.0,-1.6119640163805076e-05,-1.6119640163805076e-05,1.6119640163805076e-05,2.4179460245707614e-05
B_tbl_minus_hqql,mod.blocks.1.attn.h6,electron<-photon,0.014445666042042941,1.611030307774455e-05,0.0,0.0,0.0,1.611030307774455e-05,1.611030307774455e-05,1.611030307774455e-05,2.4165454616616823e-05
signed_hqql_tbl,mod.blocks.4.attn.h3,charged_hadron<-electron,0.015138232392137465,-1.0470135392729983e-05,1.690678570109109e-05,-3.66932450678207e-05,1.9370790579597707e-05,-2.7376921093821072e-05,2.6223109675090718e-05,1.0470135392729983e-05,2.415859593964052e-05
signed_hqql_tbl,mod.blocks.1.attn.h7,photon<-neutral_hadron,0.020064945127602308,-1.6647312427853078e-05,-1.6796435169413393e-06,6.429937641056373e-06,2.2580470683605886e-06,-1.4967668910911739e-05,-2.307725006890945e-05,1.6647312427853078e-05,2.4131146883308945e-05
B_tbl_minus_hqql,mod.blocks.5.attn.h5,photon<-neutral_hadron,0.009385288332939926,1.6049875488812802e-05,0.0,0.0,0.0,1.6049875488812802e-05,1.6049875488812802e-05,1.6049875488812802e-05,2.4074813233219203e-05
signed_hqql_tbl,mod.blocks.1.attn.h2,photon<-neutral_hadron,0.01464776057889761,9.481645957224958e-06,-1.9699481153730257e-05,6.20763548140329e-05,-3.066783093433853e-05,2.9181127110955215e-05,-5.259470885680794e-05,9.481645957224958e-06,2.4072209512702566e-05
B_tbl_minus_hqql,mod.blocks.3.attn.h7,photon<-electron,0.05576199888274437,1.6033362465727474e-05,0.0,0.0,0.0,1.6033362465727474e-05,1.6033362465727474e-05,1.6033362465727474e-05,2.405004369859121e-05
B_tbl_minus_hqql,mod.blocks.2.attn.h3,neutral_hadron<-neutral_hadron,0.017290942522272625,-1.603094546219775e-05,0.0,0.0,0.0,-1.603094546219775e-05,-1.603094546219775e-05,1.603094546219775e-05,2.4046418193296625e-05
B_tbl_minus_hqql,mod.blocks.0.attn.h6,neutral_hadron<-muon,0.01806512475013733,-1.6014425151903804e-05,0.0,0.0,0.0,-1.6014425151903804e-05,-1.6014425151903804e-05,1.6014425151903804e-05,2.4021637727855705e-05
signed_hqql_tbl,mod.blocks.6.attn.h3,photon<-neutral_hadron,0.009677688392155711,-1.2624804833546876e-05,1.0147496306506747e-05,-1.8321057368903224e-05,9.329712902694678e-06,-2.2772301140053623e-05,5.696252535356348e-06,1.2624804833546876e-05,2.4010955403573687e-05
B_tbl_minus_hqql,mod.blocks.2.attn.h4,charged_hadron<-neutral_hadron,0.027060161283397374,-1.5987543639913784e-05,0.0,0.0,0.0,-1.5987543639913784e-05,-1.5987543639913784e-05,1.5987543639913784e-05,2.3981315459870675e-05
B_tbl_minus_hqql,mod.blocks.3.attn.h2,photon<-charged_hadron,0.031037032933524958,-1.5976298457328026e-05,0.0,0.0,0.0,-1.5976298457328026e-05,-1.5976298457328026e-05,1.5976298457328026e-05,2.396444768599204e-05
signed_hqql_tbl,mod.blocks.4.attn.h7,photon<-electron,0.027263664663201424,1.1986296197103845e-05,3.586908444828753e-05,1.2192072349597304e-05,0.0001188496398588706,-2.3882788251183682e-05,-2.0577615249345905e-07,1.1986296197103845e-05,2.3927690322695684e-05
B_tbl_minus_hqql,mod.blocks.1.attn.h3,charged_hadron<-photon,0.02001001961652745,1.5936743497632402e-05,0.0,0.0,0.0,1.5936743497632402e-05,1.5936743497632402e-05,1.5936743497632402e-05,2.3905115246448604e-05
signed_hqql_tbl,mod.blocks.3.attn.h7,charged_hadron<-charged_hadron,0.02609884137121781,6.386237802250129e-06,-2.8531629383886796e-05,-8.750690251194446e-06,-4.080998112407136e-06,3.491786718613692e-05,1.5136928053444574e-05,6.386237802250129e-06,2.384517139531859e-05
B_tbl_minus_hqql,mod.blocks.2.attn.h1,charged_hadron<-neutral_hadron,0.017128666576733783,1.5873372300964457e-05,0.0,0.0,0.0,1.5873372300964457e-05,1.5873372300964457e-05,1.5873372300964457e-05,2.3810058451446683e-05
B_tbl_minus_hqql,mod.blocks.0.attn.h1,photon<-muon,0.05650019187193651,-1.586253011527543e-05,0.0,0.0,0.0,-1.586253011527543e-05,-1.586253011527543e-05,1.586253011527543e-05,2.3793795172913145e-05
B_tbl_minus_hqql,mod.blocks.4.attn.h3,charged_hadron<-photon,0.015670953699238394,1.5836984370333447e-05,0.0,0.0,0.0,1.5836984370333447e-05,1.5836984370333447e-05,1.5836984370333447e-05,2.3755476555500173e-05
signed_hqql_tbl,mod.blocks.2.attn.h5,neutral_hadron<-photon,0.01975510552598446,-3.821906588286417e-06,3.598258886097287e-05,-1.2809222332641115e-05,4.154450569224113e-06,-3.980449544925929e-05,8.987315744354697e-06,3.821906588286417e-06,2.372415431291606e-05
B_tbl_minus_hqql,mod.blocks.0.attn.h7,neutral_hadron<-muon,0.011134479194879532,-1.5740874611462157e-05,0.0,0.0,0.0,-1.5740874611462157e-05,-1.5740874611462157e-05,1.5740874611462157e-05,2.3611311917193234e-05
signed_hqql_tbl,mod.blocks.3.attn.h6,photon<-muon,0.011494879539196309,-8.488569269852283e-06,2.1621525740136767e-05,-4.9512442836368625e-05,1.8848055063884845e-05,-3.011009500998905e-05,4.102387356651634e-05,8.488569269852283e-06,2.3543616774846807e-05
B_tbl_minus_hqql,mod.blocks.3.attn.h5,photon<-charged_hadron,0.027226083268776784,-1.568923583549276e-05,0.0,0.0,0.0,-1.568923583549276e-05,-1.568923583549276e-05,1.568923583549276e-05,2.3533853753239142e-05
signed_hqql_tbl,mod.blocks.2.attn.h0,neutral_hadron<-neutral_hadron,0.021473452004574425,-4.8370212062497295e-06,-4.2211688300247445e-05,3.437127379242326e-05,-6.027939925425759e-06,3.7374667093997716e-05,-3.920829499867299e-05,4.8370212062497295e-06,2.3524354753248587e-05
signed_hqql_tbl,mod.blocks.2.attn.h6,charged_hadron<-charged_hadron,0.027635615617909337,-7.292747912888078e-06,2.5164054535364057e-05,9.913181124279178e-06,7.607864434072499e-06,-3.2456802448252136e-05,-1.7205929037167257e-05,7.292747912888078e-06,2.3521149137014147e-05
B_tbl_minus_hqql,mod.blocks.6.attn.h0,photon<-muon,0.0469710139127878,-1.564925164879801e-05,0.0,0.0,0.0,-1.564925164879801e-05,-1.564925164879801e-05,1.564925164879801e-05,2.3473877473197015e-05
B_tbl_minus_hqql,mod.blocks.5.attn.h2,charged_hadron<-muon,0.006653843820095063,1.5607224486302585e-05,0.0,0.0,0.0,1.5607224486302585e-05,1.5607224486302585e-05,1.5607224486302585e-05,2.341083672945388e-05
signed_hqql_tbl,mod.blocks.1.attn.h6,charged_hadron<-photon,0.016873149499708775,-9.234950250466174e-06,1.9051578681195133e-05,-4.852092886093831e-05,2.527134270441056e-05,-2.8286528931661308e-05,3.928597861047213e-05,9.234950250466174e-06,2.3378214716296828e-05
B_tbl_minus_hqql,mod.blocks.1.attn.h1,charged_hadron<-photon,0.018868653155163506,1.5544615369495932e-05,0.0,0.0,0.0,1.5544615369495932e-05,1.5544615369495932e-05,1.5544615369495932e-05,2.33169230542439e-05
signed_hqql_tbl,mod.blocks.2.attn.h0,photon<-charged_hadron,0.027439514082439696,1.2246423250354328e-05,-9.742821833242246e-06,-6.485447625480233e-06,-1.8175829143925047e-06,2.1989245083596574e-05,1.8731870875834562e-05,1.2246423250354328e-05,2.3241045792152615e-05
B_tbl_minus_hqql,mod.blocks.2.attn.h3,charged_hadron<-photon,0.020120863921075895,1.546762096493001e-05,0.0,0.0,0.0,1.546762096493001e-05,1.546762096493001e-05,1.546762096493001e-05,2.3201431447395013e-05
B_tbl_minus_hqql,mod.blocks.0.attn.h2,photon<-neutral_hadron,0.021386778325474476,1.5463950723025274e-05,0.0,0.0,0.0,1.5463950723025274e-05,1.5463950723025274e-05,1.5463950723025274e-05,2.319592608453791e-05
B_tbl_minus_hqql,mod.blocks.0.attn.h2,neutral_hadron<-electron,0.004805850378761534,1.546245593999629e-05,0.0,0.0,0.0,1.546245593999629e-05,1.546245593999629e-05,1.546245593999629e-05,2.3193683909994436e-05
signed_hqql_tbl,mod.blocks.7.attn.h1,charged_hadron<-charged_hadron,0.028555388766803552,1.459103953666616e-05,-2.437201087747662e-06,5.6692130389493545e-06,5.473460642367721e-07,1.702824062441382e-05,8.921826497716805e-06,1.459103953666616e-05,2.310515984887307e-05
B_tbl_minus_hqql,mod.blocks.6.attn.h3,charged_hadron<-charged_hadron,0.024492995990645115,-1.539087056773042e-05,0.0,0.0,0.0,-1.539087056773042e-05,-1.539087056773042e-05,1.539087056773042e-05,2.308630585159563e-05
signed_hqql_tbl,mod.blocks.0.attn.h6,photon<-electron,0.038452562035583865,-7.32590599843051e-06,2.4133736587828025e-05,7.692621845420297e-05,7.75579172609882e-05,-3.1459642586258534e-05,-8.425212445263348e-05,7.32590599843051e-06,2.3055727291559776e-05
signed_hqql_tbl,mod.blocks.5.attn.h2,neutral_hadron<-charged_hadron,0.030476171021177476,-8.432193062389356e-06,2.0741108784915907e-05,-1.4719880444344378e-06,2.116391217934718e-06,-2.917330184730526e-05,-6.9602050179549184e-06,8.432193062389356e-06,2.3018843986041986e-05
B_tbl_minus_hqql,mod.cls_blocks.1.attn.h7,photon<-charged_hadron,0.025641676038503647,-1.5308436228555035e-05,0.0,0.0,0.0,-1.5308436228555035e-05,-1.5308436228555035e-05,1.5308436228555035e-05,2.296265434283255e-05
B_tbl_minus_hqql,mod.blocks.2.attn.h7,charged_hadron<-muon,0.026090022921562196,-1.528432476334274e-05,0.0,0.0,0.0,-1.528432476334274e-05,-1.528432476334274e-05,1.528432476334274e-05,2.292648714501411e-05
B_tbl_minus_hqql,mod.blocks.0.attn.h3,neutral_hadron<-charged_hadron,0.025103233380938023,-1.5283303001071153e-05,0.0,0.0,0.0,-1.5283303001071153e-05,-1.5283303001071153e-05,1.5283303001071153e-05,2.2924954501606727e-05
B_tbl_minus_hqql,mod.blocks.4.attn.h5,charged_hadron<-charged_hadron,0.030168503593617477,1.5255967828646021e-05,0.0,0.0,0.0,1.5255967828646021e-05,1.5255967828646021e-05,1.5255967828646021e-05,2.2883951742969033e-05
B_tbl_minus_hqql,mod.blocks.6.attn.h5,electron<-photon,0.028670023854185895,-1.5209361619071853e-05,0.0,0.0,0.0,-1.5209361619071853e-05,-1.5209361619071853e-05,1.5209361619071853e-05,2.281404242860778e-05
signed_hqql_tbl,mod.blocks.0.attn.h3,photon<-photon,0.02254833006862767,-1.3155696370418278e-05,6.153510540244401e-06,-3.7457853730093516e-06,2.1407205981339848e-05,-1.930920691066268e-05,-9.409910997408926e-06,1.3155696370418278e-05,2.2810299825749616e-05
B_tbl_minus_hqql,mod.blocks.4.attn.h2,neutral_hadron<-photon,0.014692270566160877,-1.5205659212880322e-05,0.0,0.0,0.0,-1.5205659212880322e-05,-1.5205659212880322e-05,1.5205659212880322e-05,2.2808488819320483e-05
B_tbl_minus_hqql,mod.blocks.5.attn.h7,electron<-photon,0.003476882807728721,-1.5175073236250461e-05,0.0,0.0,0.0,-1.5175073236250461e-05,-1.5175073236250461e-05,1.5175073236250461e-05,2.2762609854375692e-05
signed_hqql_tbl,mod.blocks.1.attn.h1,photon<-neutral_hadron,0.02369402025691059,3.14930091807839e-06,-3.60343012906135e-05,-2.4353236598839824e-06,-6.752394559815485e-06,3.918360220869189e-05,5.584624577962372e-06,3.14930091807839e-06,2.2741102022424334e-05
signed_hqql_tbl,mod.blocks.6.attn.h5,neutral_hadron<-photon,0.025650946195518408,8.44719235701365e-06,-2.008346981346684e-05,-4.4018521895895775e-07,-2.058793285336123e-05,2.853066217048049e-05,8.887377575972607e-06,8.44719235701365e-06,2.2712523442253892e-05
signed_hqql_tbl,mod.blocks.4.attn.h7,neutral_hadron<-charged_hadron,0.026601285863445845,6.395999571110697e-06,-2.621645543111807e-05,2.2677470148472205e-06,-1.8091288377684538e-06,3.261245500222877e-05,4.1282525562634766e-06,6.395999571110697e-06,2.270222707222508e-05
B_tbl_minus_hqql,mod.blocks.4.attn.h2,photon<-charged_hadron,0.026240635642689237,-1.5132303131957802e-05,0.0,0.0,0.0,-1.5132303131957802e-05,-1.5132303131957802e-05,1.5132303131957802e-05,2.2698454697936704e-05
signed_hqql_tbl,mod.blocks.5.attn.h3,photon<-muon,0.008570713492540212,1.4040323619086008e-05,-3.1611063884786117e-06,-6.31952646389519e-05,1.4395049801249923e-05,1.720143000756462e-05,7.72355882580379e-05,1.4040323619086008e-05,2.264103862286832e-05
signed_hqql_tbl,mod.blocks.0.attn.h5,photon<-neutral_hadron,0.016616612162325548,6.442953229884292e-06,-2.586452215385803e-05,-1.6623684137394017e-05,-3.3090870097231688e-06,3.230747538374232e-05,2.306663736727831e-05,6.442953229884292e-06,2.2596690921755452e-05
B_tbl_minus_hqql,mod.blocks.2.attn.h3,photon<-charged_hadron,0.018156814764547086,1.5001421779341409e-05,0.0,0.0,0.0,1.5001421779341409e-05,1.5001421779341409e-05,1.5001421779341409e-05,2.2502132669012114e-05
B_tbl_minus_hqql,mod.blocks.3.attn.h6,charged_hadron<-electron,0.0026173889181455193,-1.4992188485136822e-05,0.0,0.0,0.0,-1.4992188485136822e-05,-1.4992188485136822e-05,1.4992188485136822e-05,2.2488282727705233e-05
signed_hqql_tbl,mod.blocks.1.attn.h0,charged_hadron<-charged_hadron,0.024247836644069588,1.0572877258750942e-05,-1.3220344826791385e-05,-1.5314492508371822e-06,4.0145743432082485e-07,2.3793222085542326e-05,1.2104326509588124e-05,1.0572877258750942e-05,2.2469488301522106e-05
signed_hqql_tbl,mod.blocks.0.attn.h0,neutral_hadron<-charged_hadron,0.027826701492351426,9.082873261732204e-07,-4.221353698773561e-05,-1.6777347201150628e-05,2.182794284174164e-06,4.3121824313908835e-05,1.768563452732385e-05,9.082873261732204e-07,2.246919948312764e-05
B_tbl_minus_hqql,mod.blocks.7.attn.h6,charged_hadron<-photon,0.015180101340317595,-1.497487068444475e-05,0.0,0.0,0.0,-1.497487068444475e-05,-1.497487068444475e-05,1.497487068444475e-05,2.2462306026667125e-05
signed_hqql_tbl,mod.cls_blocks.1.attn.h7,neutral_hadron<-neutral_hadron,0.0062908228630056745,1.31342249705295e-05,-5.484643528082718e-06,-6.155467902620633e-05,-8.659597078803926e-05,1.8618868498612217e-05,7.468890399673583e-05,1.31342249705295e-05,2.244365921983561e-05
signed_hqql_tbl,mod.blocks.4.attn.h4,neutral_hadron<-electron,0.03747737067678827,1.4575447375619887e-05,-1.137912915893935e-06,4.3094014233228485e-05,-3.958735600035117e-06,1.5713360291513824e-05,-2.8518566857608596e-05,1.4575447375619887e-05,2.2432127521376798e-05
B_tbl_minus_hqql,mod.blocks.0.attn.h3,muon<-photon,0.00998805807187007,-1.493489701085939e-05,0.0,0.0,0.0,-1.493489701085939e-05,-1.493489701085939e-05,1.493489701085939e-05,2.2402345516289082e-05
B_tbl_minus_hqql,mod.blocks.1.attn.h0,neutral_hadron<-muon,0.010743418087561926,1.4862974542969217e-05,0.0,0.0,0.0,1.4862974542969217e-05,1.4862974542969217e-05,1.4862974542969217e-05,2.2294461814453825e-05
signed_hqql_tbl,mod.blocks.0.attn.h4,photon<-neutral_hadron,0.01672973419383144,-1.3915859998889773e-05,-3.059293169623209e-05,-3.087531473999391e-05,9.054163352289803e-06,1.6677071697342314e-05,1.695945474110414e-05,1.3915859998889773e-05,2.2254395847560928e-05
signed_hqql_tbl,mod.blocks.1.attn.h3,neutral_hadron<-neutral_hadron,0.01670284627183166,-4.501498564143348e-06,-3.99256845860467e-05,-8.556763123293307e-06,7.154208407548734e-06,3.542418602190335e-05,4.055264559149959e-06,4.501498564143348e-06,2.2213591575095024e-05
signed_hqql_tbl,mod.blocks.6.attn.h1,charged_hadron<-neutral_hadron,0.010109240568730525,7.206501733354033e-06,-2.276087432144302e-05,-6.651151696446958e-06,-1.1143091440723466e-05,2.9967376054797053e-05,1.3857653429800991e-05,7.206501733354033e-06,2.2190189760752558e-05
signed_hqql_tbl,mod.blocks.2.attn.h4,photon<-electron,0.049145202175146195,7.423175081451674e-06,3.68764137549858e-05,0.0001169851109882249,3.25516702353277e-05,-2.945323867353413e-05,-0.00010956193590677323,7.423175081451674e-06,2.214979441821874e-05
signed_hqql_tbl,mod.blocks.2.attn.h0,charged_hadron<-charged_hadron,0.028182259804275446,1.3507964588188237e-05,3.069486957229528e-05,-6.425736708919782e-07,7.964733683768645e-06,-1.7186904984107043e-05,1.4150538259080216e-05,1.3507964588188237e-05,2.210141708024176e-05
signed_hqql_tbl,mod.blocks.2.attn.h3,neutral_hadron<-neutral_hadron,0.017290942956670434,-1.6030960570093838e-05,-2.8161767698728237e-05,-3.5212938618413144e-05,1.8661215256784368e-06,1.21308071286344e-05,1.9181978048319306e-05,1.6030960570093838e-05,2.209636413441104e-05
B_tbl_minus_hqql,mod.blocks.3.attn.h0,charged_hadron<-charged_hadron,0.029842952324404974,-1.4711561146902498e-05,0.0,0.0,0.0,-1.4711561146902498e-05,-1.4711561146902498e-05,1.4711561146902498e-05,2.2067341720353746e-05
signed_hqql_tbl,mod.blocks.3.attn.h7,charged_hadron<-photon,0.01791592263385077,-1.2388019666567095e-05,6.952054957500521e-06,-2.7112879502235226e-06,-2.391805180362044e-06,-1.9340074624067614e-05,-9.676731716343573e-06,1.2388019666567095e-05,2.2058056978600902e-05
B_tbl_minus_hqql,mod.blocks.0.attn.h3,photon<-electron,0.020195144205922035,-1.4673764581391702e-05,0.0,0.0,0.0,-1.4673764581391702e-05,-1.4673764581391702e-05,1.4673764581391702e-05,2.2010646872087553e-05
signed_hqql_tbl,mod.blocks.2.attn.h3,photon<-charged_hadron,0.01815681468222023,1.50014142420925e-05,1.1460701725526252e-06,5.463669590789116e-06,-8.608413068595068e-07,1.3855344069539873e-05,9.537744651303383e-06,1.50014142420925e-05,2.1929086276862438e-05
B_tbl_minus_hqql,mod.blocks.0.attn.h2,charged_hadron<-photon,0.01769793910380885,-1.4614356531843914e-05,0.0,0.0,0.0,-1.4614356531843914e-05,-1.4614356531843914e-05,1.4614356531843914e-05,2.192153479776587e-05
B_tbl_minus_hqql,mod.blocks.6.attn.h2,charged_hadron<-charged_hadron,0.030226430517149266,-1.4595346415362643e-05,0.0,0.0,0.0,-1.4595346415362643e-05,-1.4595346415362643e-05,1.4595346415362643e-05,2.1893019623043965e-05
B_tbl_minus_hqql,mod.blocks.7.attn.h1,charged_hadron<-charged_hadron,0.02855538816311669,1.4591041351337659e-05,0.0,0.0,0.0,1.4591041351337659e-05,1.4591041351337659e-05,1.4591041351337659e-05,2.1886562027006488e-05
signed_hqql_tbl,mod.blocks.5.attn.h3,electron<-charged_hadron,0.0169603222090265,1.786986040710674e-05,9.841916228954991e-06,5.965427131271891e-05,6.690559570819864e-05,8.027944178151747e-06,-4.178441090561217e-05,1.786986040710674e-05,2.1883832496182613e-05
B_tbl_minus_hqql,mod.blocks.4.attn.h4,neutral_hadron<-electron,0.037477377022150905,1.4575464175470288e-05,0.0,0.0,0.0,1.4575464175470288e-05,1.4575464175470288e-05,1.4575464175470288e-05,2.1863196263205432e-05
B_tbl_minus_hqql,mod.blocks.2.attn.h3,muon<-neutral_hadron,0.00389368770023187,-1.4495765450798595e-05,0.0,0.0,0.0,-1.4495765450798595e-05,-1.4495765450798595e-05,1.4495765450798595e-05,2.1743648176197894e-05
B_tbl_minus_hqql,mod.blocks.6.attn.h1,photon<-neutral_hadron,0.017121663064882768,1.4487635003377e-05,0.0,0.0,0.0,1.4487635003377e-05,1.4487635003377e-05,1.4487635003377e-05,2.17314525050655e-05
signed_hqql_tbl,mod.blocks.4.attn.h0,charged_hadron<-charged_hadron,0.029365913534790754,-5.344577166964442e-06,2.7315486546032926e-05,9.912833988507649e-06,-3.129753853228259e-07,-3.266006371299737e-05,-1.5257411155472092e-05,5.344577166964442e-06,2.1674609023463126e-05
signed_hqql_tbl,mod.cls_blocks.1.attn.h0,photon<-CLS,0.0,0.0,-4.3193833994337184e-05,0.0,0.0,4.3193833994337184e-05,0.0,0.0,2.1596916997168592e-05
B_tbl_minus_hqql,mod.blocks.0.attn.h6,neutral_hadron<-charged_hadron,0.02982996969387449,-1.4376250050230634e-05,0.0,0.0,0.0,-1.4376250050230634e-05,-1.4376250050230634e-05,1.4376250050230634e-05,2.156437507534595e-05
B_tbl_minus_hqql,mod.blocks.7.attn.h4,electron<-charged_hadron,0.024712376458489376,1.436866932635894e-05,0.0,0.0,0.0,1.436866932635894e-05,1.436866932635894e-05,1.436866932635894e-05,2.155300398953841e-05
B_tbl_minus_hqql,mod.blocks.5.attn.h2,photon<-muon,0.009899534858190097,1.4324739682846344e-05,0.0,0.0,0.0,1.4324739682846344e-05,1.4324739682846344e-05,1.4324739682846344e-05,2.1487109524269516e-05
signed_hqql_tbl,mod.blocks.5.attn.h4,muon<-neutral_hadron,0.010963068654139837,1.3896084662216405e-05,2.907747057179222e-05,7.167078162015777e-05,-3.6896533174513024e-05,-1.5181385909575814e-05,-5.7774696957941364e-05,1.3896084662216405e-05,2.148677761700431e-05
signed_hqql_tbl,mod.blocks.1.attn.h1,neutral_hadron<-charged_hadron,0.02807527780532837,8.351663265305754e-06,-1.7876489201208225e-05,2.0793634757422645e-05,1.920844219618663e-05,2.622815246651398e-05,-1.244197149211689e-05,8.351663265305754e-06,2.1465739498562746e-05
B_tbl_minus_hqql,mod.blocks.3.attn.h3,photon<-neutral_hadron,0.010478011923454714,1.428173490437044e-05,0.0,0.0,0.0,1.428173490437044e-05,1.428173490437044e-05,1.428173490437044e-05,2.142260235655566e-05
signed_hqql_tbl,mod.blocks.2.attn.h1,charged_hadron<-charged_hadron,0.02484240134242668,-7.028001342761703e-06,2.1694904984106584e-05,3.7094554739741086e-06,7.30461539318478e-06,-2.8722906326868285e-05,-1.0737456816735812e-05,7.028001342761703e-06,2.1389454506195844e-05
B_tbl_minus_hqql,mod.blocks.4.attn.h6,charged_hadron<-neutral_hadron,0.01696481153976207,-1.4254318483376935e-05,0.0,0.0,0.0,-1.4254318483376935e-05,-1.4254318483376935e-05,1.4254318483376935e-05,2.1381477725065403e-05
signed_hqql_tbl,mod.blocks.5.attn.h1,muon<-muon,0.0009276098571717739,1.4185828149493318e-05,-1.9558191866053676e-07,0.0009640905286280255,-4.607644683574108e-07,1.4381410068153855e-05,-0.0009499047004785322,1.4185828149493318e-05,2.1376533183570245e-05
B_tbl_minus_hqql,mod.blocks.1.attn.h5,charged_hadron<-charged_hadron,0.025805091646619756,-1.4241389231056253e-05,0.0,0.0,0.0,-1.4241389231056253e-05,-1.4241389231056253e-05,1.4241389231056253e-05,2.136208384658438e-05
B_tbl_minus_hqql,mod.blocks.4.attn.h3,electron<-neutral_hadron,0.007175162364728749,1.422111673150539e-05,0.0,0.0,0.0,1.422111673150539e-05,1.422111673150539e-05,1.422111673150539e-05,2.1331675097258088e-05
B_tbl_minus_hqql,mod.blocks.5.attn.h1,muon<-muon,0.0009276089258491993,1.418582905898802e-05,0.0,0.0,0.0,1.418582905898802e-05,1.418582905898802e-05,1.418582905898802e-05,2.127874358848203e-05
signed_hqql_tbl,mod.blocks.3.attn.h6,photon<-charged_hadron,0.028677176540069158,-9.47795988847463e-06,1.4016352892482229e-05,7.684162012272817e-06,9.584570970519363e-06,-2.3494312780956858e-05,-1.7162121900747447e-05,9.47795988847463e-06,2.122511627895306e-05
signed_hqql_tbl,mod.blocks.1.attn.h4,photon<-photon,0.017842694262193832,1.0190644514481994e-05,-1.1855276210628963e-05,-1.845159598661185e-05,-3.2487991294050637e-06,2.2045920725110957e-05,2.864224050109384e-05,1.0190644514481994e-05,2.121360487703747e-05
signed_hqql_tbl,mod.blocks.3.attn.h5,neutral_hadron<-charged_hadron,0.03022692289472,-8.171026760618842e-07,3.996477773709869e-05,2.9766344401548922e-05,-1.8816695127932191e-06,-4.078188041316057e-05,-3.058344707761081e-05,8.171026760618842e-07,2.1208042882642167e-05
signed_hqql_tbl,mod.blocks.6.attn.h7,charged_hadron<-charged_hadron,0.030763333235045064,7.2404074073333045e-06,-2.0573820709232692e-05,-6.232128860904166e-06,-4.380794755473963e-06,2.7814228116565996e-05,1.347253626823747e-05,7.2404074073333045e-06,2.1147521465616303e-05
B_tbl_minus_hqql,mod.blocks.5.attn.h1,electron<-electron,0.0017092571843022597,-1.4086050974881914e-05,0.0,0.0,0.0,-1.4086050974881914e-05,-1.4086050974881914e-05,1.4086050974881914e-05,2.112907646232287e-05
B_tbl_minus_hqql,mod.blocks.3.attn.h1,charged_hadron<-photon,0.019689259937454982,1.4079876971221721e-05,0.0,0.0,0.0,1.4079876971221721e-05,1.4079876971221721e-05,1.4079876971221721e-05,2.111981545683258e-05
B_tbl_minus_hqql,mod.blocks.5.attn.h3,photon<-muon,0.008570716931269718,1.4040339290379332e-05,0.0,0.0,0.0,1.4040339290379332e-05,1.4040339290379332e-05,1.4040339290379332e-05,2.1060508935569e-05
signed_hqql_tbl,mod.blocks.4.attn.h0,charged_hadron<-muon,0.049140623211860655,4.807113873539492e-06,-2.769807761069387e-05,-0.00031546844462542953,-0.0006131398496313058,3.2505191484233364e-05,0.00032027555849896904,4.807113873539492e-06,2.1059709615656176e-05
signed_hqql_tbl,mod.blocks.6.attn.h7,electron<-charged_hadron,0.03244934376815091,-1.990818252480771e-05,-1.763301823909084e-05,6.74655893817544e-08,-4.436977852256624e-05,-2.275164285716871e-06,-1.9975648114189464e-05,1.990818252480771e-05,2.1045764667666147e-05
B_tbl_minus_hqql,mod.blocks.2.attn.h5,neutral_hadron<-charged_hadron,0.026643416584472297,-1.3962041689367632e-05,0.0,0.0,0.0,-1.3962041689367632e-05,-1.3962041689367632e-05,1.3962041689367632e-05,2.094306253405145e-05
signed_hqql_tbl,mod.blocks.0.attn.h7,charged_hadron<-neutral_hadron,0.02853314928873953,-1.007223528350753e-05,-3.176699602254876e-05,-7.422579012084933e-06,-7.664409397588609e-06,2.1694760739041232e-05,-2.649656271422597e-06,1.007223528350753e-05,2.0919615653028145e-05
signed_hqql_tbl,mod.blocks.2.attn.h1,photon<-photon,0.01737464946406915,1.0823079415540517e-05,-9.35476947551806e-06,5.883905093315008e-06,-9.113438965781329e-06,2.0177848891058575e-05,4.93917432222551e-06,1.0823079415540517e-05,2.0912003861069805e-05
B_tbl_minus_hqql,mod.blocks.5.attn.h1,electron<-charged_hadron,0.024408357460861622,-1.3939000263749419e-05,0.0,0.0,0.0,-1.3939000263749419e-05,-1.3939000263749419e-05,1.3939000263749419e-05,2.0908500395624127e-05
B_tbl_minus_hqql,mod.blocks.4.attn.h2,electron<-electron,0.000624260623317241,-1.392815990968188e-05,0.0,0.0,0.0,-1.392815990968188e-05,-1.392815990968188e-05,1.392815990968188e-05,2.089223986452282e-05
B_tbl_minus_hqql,mod.blocks.0.attn.h4,photon<-neutral_hadron,0.016729734169522857,-1.39158644024465e-05,0.0,0.0,0.0,-1.39158644024465e-05,-1.39158644024465e-05,1.39158644024465e-05,2.087379660366975e-05
B_tbl_minus_hqql,mod.blocks.5.attn.h1,neutral_hadron<-charged_hadron,0.026166823590437073,-1.3904661320800948e-05,0.0,0.0,0.0,-1.3904661320800948e-05,-1.3904661320800948e-05,1.3904661320800948e-05,2.0856991981201424e-05
B_tbl_minus_hqql,mod.blocks.5.attn.h4,muon<-neutral_hadron,0.010963063687086105,1.3896032517853504e-05,0.0,0.0,0.0,1.3896032517853504e-05,1.3896032517853504e-05,1.3896032517853504e-05,2.0844048776780255e-05
signed_hqql_tbl,mod.blocks.2.attn.h3,charged_hadron<-photon,0.020120863180134178,1.546762486420011e-05,4.72688313825455e-06,2.9014414511000662e-05,4.884041876285109e-06,1.0740741725945558e-05,-1.3546789646800552e-05,1.546762486420011e-05,2.083799572717289e-05
signed_hqql_tbl,mod.blocks.5.attn.h1,neutral_hadron<-charged_hadron,0.02616682284304341,-1.3904662489743983e-05,-2.1672879213567924e-07,3.0119954538630737e-06,9.327819473400135e-06,-1.3687933697608304e-05,-1.6916657943607056e-05,1.3904662489743983e-05,2.0748629338548135e-05
B_tbl_minus_hqql,mod.blocks.0.attn.h4,electron<-neutral_hadron,0.028505004476755857,-1.382728478347417e-05,0.0,0.0,0.0,-1.382728478347417e-05,-1.382728478347417e-05,1.382728478347417e-05,2.0740927175211256e-05
signed_hqql_tbl,mod.blocks.5.attn.h4,charged_hadron<-photon,0.017376024667070715,-1.1232882394897237e-05,7.730592918808585e-06,-1.198177410662664e-05,5.753388399234912e-06,-1.8963475313705822e-05,7.488917117294028e-07,1.1232882394897237e-05,2.071462005175015e-05
B_tbl_minus_hqql,mod.blocks.1.attn.h1,electron<-photon,0.013491839897341845,1.3766817307730046e-05,0.0,0.0,0.0,1.3766817307730046e-05,1.3766817307730046e-05,1.3766817307730046e-05,2.065022596159507e-05
signed_hqql_tbl,mod.blocks.2.attn.h2,charged_hadron<-charged_hadron,0.0292947965061425,-1.037414821666863e-05,9.976912267683518e-06,-5.778865725573745e-06,-8.173254207290539e-06,-2.0351060484352148e-05,-4.595282491094885e-06,1.037414821666863e-05,2.0549678458844704e-05
signed_hqql_tbl,mod.blocks.4.attn.h4,charged_hadron<-neutral_hadron,0.01675060856211522,-9.815175521380353e-06,1.1653224699018808e-05,-4.727906137961898e-06,8.744369963458663e-06,-2.146840022039916e-05,-5.0872693834184554e-06,9.815175521380353e-06,2.0549375631579934e-05
signed_hqql_tbl,mod.blocks.7.attn.h7,electron<-neutral_hadron,0.009227667073719203,-2.580451875644485e-06,-3.849444469494756e-05,-1.9398768201265664e-05,-1.552061176238674e-05,3.5913992819303074e-05,1.6818316325621178e-05,2.580451875644485e-06,2.0537448285296023e-05
B_tbl_minus_hqql,mod.blocks.5.attn.h6,neutral_hadron<-photon,0.013619466886823757,-1.3687519155207986e-05,0.0,0.0,0.0,-1.3687519155207986e-05,-1.3687519155207986e-05,1.3687519155207986e-05,2.0531278732811978e-05
B_tbl_minus_hqql,mod.blocks.3.attn.h4,charged_hadron<-muon,0.015524916350841522,1.3608868175651879e-05,0.0,0.0,0.0,1.3608868175651879e-05,1.3608868175651879e-05,1.3608868175651879e-05,2.041330226347782e-05
B_tbl_minus_hqql,mod.blocks.3.attn.h5,charged_hadron<-charged_hadron,0.03186310731755308,-1.3587216653644893e-05,0.0,0.0,0.0,-1.3587216653644893e-05,-1.3587216653644893e-05,1.3587216653644893e-05,2.038082498046734e-05
signed_hqql_tbl,mod.blocks.2.attn.h4,electron<-neutral_hadron,0.01777340183034539,1.7936341737367912e-05,1.3097740520606749e-05,-0.0001625847829321477,-0.00023871424833915252,4.838601216761163e-06,0.00018052112466951563,1.7936341737367912e-05,2.0355642345748495e-05
signed_hqql_tbl,mod.blocks.1.attn.h4,neutral_hadron<-neutral_hadron,0.011019324100586213,-6.059150360323087e-06,-3.453631232833436e-05,-1.283002115303969e-05,-8.65290539135161e-06,2.8477161968011274e-05,6.770870792716603e-06,6.059150360323087e-06,2.0297731344328724e-05
signed_hqql_tbl,mod.blocks.7.attn.h5,neutral_hadron<-charged_hadron,0.01991207257707291,-1.2325712880946267e-05,3.5773591662291437e-06,-1.2597512542832018e-05,8.20897757544055e-06,-1.590307204717541e-05,2.717996618857517e-07,1.2325712880946267e-05,2.027724890453397e-05
B_tbl_minus_hqql,mod.blocks.2.attn.h0,charged_hadron<-charged_hadron,0.028182259577892874,1.3507960102172908e-05,0.0,0.0,0.0,1.3507960102172908e-05,1.3507960102172908e-05,1.3507960102172908e-05,2.0261940153259363e-05
B_tbl_minus_hqql,mod.blocks.4.attn.h5,photon<-photon,0.018117892996380794,1.34997356707342e-05,0.0,0.0,0.0,1.34997356707342e-05,1.34997356707342e-05,1.34997356707342e-05,2.02496035061013e-05
signed_hqql_tbl,mod.blocks.0.attn.h2,photon<-charged_hadron,0.02492715722948148,3.3101045199507816e-06,-3.0504210287145327e-05,1.3939047491016302e-05,-1.1875874679424134e-05,3.381431480709611e-05,-1.062894297106552e-05,3.3101045199507816e-06,2.0217261923498833e-05
B_tbl_minus_hqql,mod.blocks.2.attn.h4,neutral_hadron<-photon,0.016141357590090392,-1.3450675696300929e-05,0.0,0.0,0.0,-1.3450675696300929e-05,-1.3450675696300929e-05,1.3450675696300929e-05,2.0176013544451393e-05
signed_hqql_tbl,mod.blocks.4.attn.h3,electron<-neutral_hadron,0.007175161852501333,1.4221136376590949e-05,2.605009149192483e-05,1.5698590042726817e-06,1.1319045477327617e-05,-1.1828955115333883e-05,1.2651277372318268e-05,1.4221136376590949e-05,2.013561393425789e-05
B_tbl_minus_hqql,mod.blocks.0.attn.h7,electron<-neutral_hadron,0.015788478218019007,-1.3411720919975778e-05,0.0,0.0,0.0,-1.3411720919975778e-05,-1.3411720919975778e-05,1.3411720919975778e-05,2.0117581379963666e-05
B_tbl_minus_hqql,mod.blocks.5.attn.h4,electron<-neutral_hadron,0.010198324173688888,-1.3380105929172715e-05,0.0,0.0,0.0,-1.3380105929172715e-05,-1.3380105929172715e-05,1.3380105929172715e-05,2.0070158893759074e-05
B_tbl_minus_hqql,mod.blocks.1.attn.h7,electron<-photon,0.014685452075266257,-1.336819718190094e-05,0.0,0.0,0.0,-1.336819718190094e-05,-1.336819718190094e-05,1.336819718190094e-05,2.0052295772851412e-05
signed_hqql_tbl,mod.blocks.5.attn.h2,photon<-charged_hadron,0.03116932000903135,-7.590075427147261e-06,1.7329223817405245e-05,-2.4708864457846524e-05,5.964055953368271e-06,-2.4919299244552508e-05,1.7118789030699262e-05,7.590075427147261e-06,2.0049725049423516e-05
B_tbl_minus_hqql,mod.blocks.1.attn.h0,neutral_hadron<-photon,0.015477873093249554,-1.3327075022116659e-05,0.0,0.0,0.0,-1.3327075022116659e-05,-1.3327075022116659e-05,1.3327075022116659e-05,1.999061253317499e-05
signed_hqql_tbl,mod.cls_blocks.1.attn.h6,electron<-neutral_hadron,0.004001958295702934,-1.331481773657008e-05,0.0,-0.0004711398978543002,0.0,-1.331481773657008e-05,0.00045782508011773013,1.331481773657008e-05,1.9972226604855117e-05
B_tbl_minus_hqql,mod.blocks.2.attn.h1,photon<-electron,0.04375782009305024,-1.3300366401558787e-05,0.0,0.0,0.0,-1.3300366401558787e-05,-1.3300366401558787e-05,1.3300366401558787e-05,1.995054960233818e-05
B_tbl_minus_hqql,mod.blocks.2.attn.h2,photon<-photon,0.017164240515632145,1.3271195919940069e-05,0.0,0.0,0.0,1.3271195919940069e-05,1.3271195919940069e-05,1.3271195919940069e-05,1.9906793879910102e-05
signed_hqql_tbl,mod.blocks.2.attn.h0,photon<-neutral_hadron,0.014368900710179017,-9.203976589759439e-06,1.2002863817681221e-05,4.353970600222108e-06,-2.2099131394492194e-06,-2.120684040744066e-05,-1.3557947189981548e-05,9.203976589759439e-06,1.980739679347977e-05
B_tbl_minus_hqql,mod.blocks.7.attn.h0,electron<-charged_hadron,0.024372787822199905,-1.3167065132976226e-05,0.0,0.0,0.0,-1.3167065132976226e-05,-1.3167065132976226e-05,1.3167065132976226e-05,1.975059769946434e-05
signed_hqql_tbl,mod.blocks.3.attn.h4,charged_hadron<-photon,0.017391656520287634,6.430149650798071e-06,-2.019422220887697e-05,1.8125222824468203e-07,-1.4363099440961541e-05,2.6624371859675042e-05,6.248897422553389e-06,6.430149650798071e-06,1.974233558063559e-05
B_tbl_minus_hqql,mod.blocks.0.attn.h3,photon<-photon,0.022548329753311315,-1.3155694330407678e-05,0.0,0.0,0.0,-1.3155694330407678e-05,-1.3155694330407678e-05,1.3155694330407678e-05,1.9733541495611516e-05
B_tbl_minus_hqql,mod.blocks.6.attn.h1,neutral_hadron<-charged_hadron,0.02872399700846418,1.3150588361028915e-05,0.0,0.0,0.0,1.3150588361028915e-05,1.3150588361028915e-05,1.3150588361028915e-05,1.972588254154337e-05
B_tbl_minus_hqql,mod.blocks.4.attn.h5,electron<-charged_hadron,0.016224468916492617,-1.3123500178588312e-05,0.0,0.0,0.0,-1.3123500178588312e-05,-1.3123500178588312e-05,1.3123500178588312e-05,1.9685250267882466e-05
signed_hqql_tbl,mod.blocks.0.attn.h6,neutral_hadron<-neutral_hadron,0.009515619590753433,5.926834635479136e-06,-2.155598976549339e-05,-1.721308572391147e-05,-2.5399356118492617e-05,2.7482824400972525e-05,2.3139920359390604e-05,5.926834635479136e-06,1.96682468359654e-05
signed_hqql_tbl,mod.blocks.7.attn.h0,electron<-photon,0.0159001837416393,1.675070926444832e-05,2.252078905127876e-05,-0.00015674235278498127,-2.4629414970563216e-05,-5.77007978683044e-06,0.0001734930620494296,1.675070926444832e-05,1.9635749157863543e-05
B_tbl_minus_hqql,mod.cls_blocks.1.attn.h0,photon<-neutral_hadron,0.015681149379815906,1.3087137176626129e-05,0.0,0.0,0.0,1.3087137176626129e-05,1.3087137176626129e-05,1.3087137176626129e-05,1.9630705764939194e-05
signed_hqql_tbl,mod.blocks.3.attn.h2,neutral_hadron<-charged_hadron,0.02193226588183436,-3.176343396655831e-06,2.9597018058396044e-05,3.36706888327729e-05,3.553694555490163e-06,-3.2773361455051876e-05,-3.684703222942873e-05,3.176343396655831e-06,1.956302412418177e-05
signed_hqql_tbl,mod.blocks.6.attn.h2,charged_hadron<-electron,0.018914883713359417,-9.654270125674488e-06,1.0132232564501464e-05,0.000622673787368131,-4.952973271159593e-06,-1.9786502690175954e-05,-0.0006323280574938055,9.654270125674488e-06,1.9547521470762467e-05
B_tbl_minus_hqql,mod.blocks.6.attn.h5,photon<-photon,0.016882186133835134,1.3026278199052789e-05,0.0,0.0,0.0,1.3026278199052789e-05,1.3026278199052789e-05,1.3026278199052789e-05,1.9539417298579183e-05
signed_hqql_tbl,mod.blocks.1.attn.h1,charged_hadron<-charged_hadron,0.02605811741027977,2.6536085393057535e-06,3.624277527987154e-05,-7.241318124344307e-06,1.016407896661009e-05,-3.3589166740565785e-05,9.89492666365006e-06,2.6536085393057535e-06,1.9448191909588644e-05
B_tbl_minus_hqql,mod.blocks.0.attn.h6,muon<-photon,0.015298298918283902,-1.2944025981526535e-05,0.0,0.0,0.0,-1.2944025981526535e-05,-1.2944025981526535e-05,1.2944025981526535e-05,1.9416038972289803e-05
B_tbl_minus_hqql,mod.blocks.3.attn.h4,neutral_hadron<-neutral_hadron,0.016753964257745776,1.2941547262119524e-05,0.0,0.0,0.0,1.2941547262119524e-05,1.2941547262119524e-05,1.2941547262119524e-05,1.9412320893179287e-05
B_tbl_minus_hqql,mod.blocks.6.attn.h0,muon<-charged_hadron,0.011156611144542694,1.2876030814368277e-05,0.0,0.0,0.0,1.2876030814368277e-05,1.2876030814368277e-05,1.2876030814368277e-05,1.9314046221552415e-05
signed_hqql_tbl,mod.blocks.5.attn.h1,charged_hadron<-charged_hadron,0.02521196523220559,-5.694316946472492e-06,2.146069324328357e-05,-4.333524964927141e-06,1.1323759757536357e-05,-2.7155010189756062e-05,-1.3607919815453513e-06,5.694316946472492e-06,1.9271822041350523e-05
signed_hqql_tbl,mod.blocks.0.attn.h0,charged_hadron<-muon,0.030967244505882265,1.2494006659835577e-05,2.601704327389598e-05,2.8090821257952987e-05,-8.951142615619667e-05,-1.3523036614060404e-05,-1.5596814598117412e-05,1.2494006659835577e-05,1.925552496686578e-05
signed_hqql_tbl,mod.blocks.4.attn.h6,neutral_hadron<-muon,0.005441019932428996,3.9741613970060525e-06,3.4473642699595075e-05,-2.664405560369089e-06,3.2069608247790406e-05,-3.0499481302589022e-05,6.638566957375141e-06,3.9741613970060525e-06,1.9223902048300563e-05
B_tbl_minus_hqql,mod.blocks.7.attn.h1,photon<-muon,0.02252475802715008,1.2805131308806058e-05,0.0,0.0,0.0,1.2805131308806058e-05,1.2805131308806058e-05,1.2805131308806058e-05,1.9207696963209088e-05
B_tbl_minus_hqql,mod.blocks.0.attn.h1,electron<-electron,0.0042115029458386745,-1.278023871273959e-05,0.0,0.0,0.0,-1.278023871273959e-05,-1.278023871273959e-05,1.278023871273959e-05,1.9170358069109385e-05
signed_hqql_tbl,mod.blocks.6.attn.h1,charged_hadron<-charged_hadron,0.033969975815749016,8.793406002488784e-06,-1.1920264815209342e-05,1.029464320803837e-05,4.27350395454362e-06,2.0713670817698125e-05,-1.5012372055495866e-06,8.793406002488784e-06,1.9150241411337845e-05
signed_hqql_tbl,mod.blocks.3.attn.h6,neutral_hadron<-charged_hadron,0.02908042017195292,-2.605522839355408e-06,3.048172576847457e-05,1.5011030225079833e-05,2.0556994294681045e-05,-3.308724860782998e-05,-1.761655306443524e-05,2.605522839355408e-06,1.9149147143270396e-05
B_tbl_minus_hqql,mod.blocks.3.attn.h7,muon<-charged_hadron,0.008697101473808288,-1.2745395360980183e-05,0.0,0.0,0.0,-1.2745395360980183e-05,-1.2745395360980183e-05,1.2745395360980183e-05,1.9118093041470276e-05
signed_hqql_tbl,mod.blocks.5.attn.h1,electron<-electron,0.0017092563703045016,-1.4086044644656682e-05,-4.045506280192512e-06,-4.119502585808732e-05,-4.808297262570704e-07,-1.004053836446417e-05,2.7108981213430638e-05,1.4086044644656682e-05,1.9106313826888768e-05
B_tbl_minus_hqql,mod.blocks.0.attn.h1,charged_hadron<-muon,0.044124838709831235,-1.272464287467301e-05,0.0,0.0,0.0,-1.272464287467301e-05,-1.272464287467301e-05,1.272464287467301e-05,1.9086964312009516e-05
signed_hqql_tbl,mod.blocks.1.attn.h0,neutral_hadron<-charged_hadron,0.026852049680899676,1.6778976651980413e-05,1.2211661407228996e-05,-1.3144799267959275e-05,-9.763115465657021e-06,4.5673152447514174e-06,2.9923775919939687e-05,1.6778976651980413e-05,1.9062634274356122e-05
signed_hqql_tbl,mod.blocks.0.attn.h7,charged_hadron<-muon,0.026219287514686586,-9.577668242854997e-06,-2.8433936919706562e-05,0.00012385849198647615,0.0001332470600740338,1.8856268676851563e-05,-0.00013343616022933115,9.577668242854997e-06,1.9005802581280777e-05
signed_hqql_tbl,mod.blocks.0.attn.h3,photon<-electron,0.020195144841947208,-1.4673808237137387e-05,-2.3326553803469453e-05,-0.00010669827525031893,-4.278901919447394e-05,8.652745566332065e-06,9.202446701318154e-05,1.4673808237137387e-05,1.900018102030342e-05
B_tbl_minus_hqql,mod.blocks.1.attn.h5,charged_hadron<-neutral_hadron,0.015136527510645995,1.2663581341411627e-05,0.0,0.0,0.0,1.2663581341411627e-05,1.2663581341411627e-05,1.2663581341411627e-05,1.899537201211744e-05
signed_hqql_tbl,mod.blocks.2.attn.h6,neutral_hadron<-neutral_hadron,0.02178249897784142,-4.815824709128417e-06,2.3509024201658853e-05,7.73227501157327e-06,-1.2574333853229531e-05,-2.832484891078727e-05,-1.2548099720701688e-05,4.815824709128417e-06,1.897824916452205e-05
B_tbl_minus_hqql,mod.blocks.6.attn.h6,photon<-charged_hadron,0.028173109444465428,-1.2628437043682194e-05,0.0,0.0,0.0,-1.2628437043682194e-05,-1.2628437043682194e-05,1.2628437043682194e-05,1.894265556552329e-05
B_tbl_minus_hqql,mod.blocks.6.attn.h3,photon<-neutral_hadron,0.009677687912061203,-1.2624802735625982e-05,0.0,0.0,0.0,-1.2624802735625982e-05,-1.2624802735625982e-05,1.2624802735625982e-05,1.8937204103438972e-05
signed_hqql_tbl,mod.blocks.2.attn.h0,electron<-charged_hadron,0.022301929152530174,-1.0053035942331443e-05,-2.7810602599250463e-05,-3.434160063343663e-05,1.6451541644831497e-05,1.775756665691902e-05,2.428856469110519e-05,1.0053035942331443e-05,1.893181927079095e-05
B_tbl_minus_hqql,mod.blocks.3.attn.h1,neutral_hadron<-charged_hadron,0.027382641937291733,-1.2577671817592185e-05,0.0,0.0,0.0,-1.2577671817592185e-05,-1.2577671817592185e-05,1.2577671817592185e-05,1.8866507726388278e-05
B_tbl_minus_hqql,mod.blocks.6.attn.h5,muon<-neutral_hadron,0.006115735818942388,1.2564814824145287e-05,0.0,0.0,0.0,1.2564814824145287e-05,1.2564814824145287e-05,1.2564814824145287e-05,1.884722223621793e-05
B_tbl_minus_hqql,mod.blocks.0.attn.h4,neutral_hadron<-photon,0.016098877734111144,1.255087925255645e-05,0.0,0.0,0.0,1.255087925255645e-05,1.255087925255645e-05,1.255087925255645e-05,1.8826318878834676e-05
B_tbl_minus_hqql,mod.blocks.1.attn.h4,neutral_hadron<-photon,0.014941961448305388,-1.2546773475965524e-05,0.0,0.0,0.0,-1.2546773475965524e-05,-1.2546773475965524e-05,1.2546773475965524e-05,1.8820160213948285e-05
B_tbl_minus_hqql,mod.blocks.1.attn.h5,neutral_hadron<-photon,0.02222698717871848,1.253948720382089e-05,0.0,0.0,0.0,1.253948720382089e-05,1.253948720382089e-05,1.253948720382089e-05,1.8809230805731334e-05
B_tbl_minus_hqql,mod.cls_blocks.1.attn.h6,neutral_hadron<-neutral_hadron,0.007587398474033062,-1.2508357031038031e-05,0.0,0.0,0.0,-1.2508357031038031e-05,-1.2508357031038031e-05,1.2508357031038031e-05,1.8762535546557046e-05
signed_hqql_tbl,mod.blocks.2.attn.h1,neutral_hadron<-neutral_hadron,0.011851848072202485,8.074117032374215e-06,-1.3281851008029195e-05,1.0212615683107703e-05,-3.069122826394848e-06,2.135596804040341e-05,-2.138498650733488e-06,8.074117032374215e-06,1.875210105257592e-05
B_tbl_minus_hqql,mod.blocks.0.attn.h2,photon<-electron,0.030688450194713546,-1.2499585864134133e-05,0.0,0.0,0.0,-1.2499585864134133e-05,-1.2499585864134133e-05,1.2499585864134133e-05,1.87493787962012e-05
B_tbl_minus_hqql,mod.blocks.0.attn.h0,charged_hadron<-muon,0.030967244505882265,1.2493949907366186e-05,0.0,0.0,0.0,1.2493949907366186e-05,1.2493949907366186e-05,1.2493949907366186e-05,1.8740924861049277e-05
signed_hqql_tbl,mod.blocks.4.attn.h7,charged_hadron<-photon,0.017489081135441585,-1.1232343139911574e-05,3.758882610427277e-06,-1.4617082586970693e-05,-4.8630666052187445e-06,-1.499122575033885e-05,3.384739447059119e-06,1.1232343139911574e-05,1.8727956015081e-05
signed_hqql_tbl,mod.blocks.0.attn.h0,charged_hadron<-charged_hadron,0.02453236376905313,-1.093810534010084e-05,4.574636958999694e-06,1.8075842485512746e-06,4.301906012523227e-06,-1.5512742299100533e-05,-1.2745689588652115e-05,1.093810534010084e-05,1.869447648965111e-05
signed_hqql_tbl,mod.blocks.2.attn.h7,charged_hadron<-charged_hadron,0.026151567155150112,8.56700305424455e-06,-1.1680511185924096e-05,-8.124128333026911e-06,-4.034118564212808e-06,2.0247514240168647e-05,1.669113138727146e-05,8.56700305424455e-06,1.8690760174328872e-05
B_tbl_minus_hqql,mod.blocks.0.attn.h0,photon<-electron,0.04084709504755532,1.2460432339050785e-05,0.0,0.0,0.0,1.2460432339050785e-05,1.2460432339050785e-05,1.2460432339050785e-05,1.8690648508576178e-05
signed_hqql_tbl,mod.blocks.4.attn.h2,neutral_hadron<-charged_hadron,0.03221081998374395,-4.615059605439056e-06,2.3490485333027907e-05,-5.643404819218724e-06,1.0150500448885971e-05,-2.8105544938466963e-05,1.028345213779668e-06,4.615059605439056e-06,1.866783207467254e-05
B_tbl_minus_hqql,mod.blocks.3.attn.h7,charged_hadron<-photon,0.01791592205756277,-1.2388019746964417e-05,0.0,0.0,0.0,-1.2388019746964417e-05,-1.2388019746964417e-05,1.2388019746964417e-05,1.8582029620446625e-05
B_tbl_minus_hqql,mod.blocks.4.attn.h5,muon<-neutral_hadron,0.006255616744359334,1.236930014177536e-05,0.0,0.0,0.0,1.236930014177536e-05,1.236930014177536e-05,1.236930014177536e-05,1.855395021266304e-05
signed_hqql_tbl,mod.blocks.4.attn.h7,photon<-muon,0.01230660080909729,1.805386497065998e-05,1.709109011034553e-05,-4.896986664045306e-05,-3.099919208411679e-05,9.627748603144502e-07,6.702373161111304e-05,1.805386497065998e-05,1.8535252400817204e-05
B_tbl_minus_hqql,mod.blocks.7.attn.h5,neutral_hadron<-charged_hadron,0.019912071502694514,-1.2325709334202037e-05,0.0,0.0,0.0,-1.2325709334202037e-05,-1.2325709334202037e-05,1.2325709334202037e-05,1.8488564001303054e-05
signed_hqql_tbl,mod.blocks.1.attn.h4,charged_hadron<-neutral_hadron,0.023799844436510977,-3.0472275914498796e-06,-3.3919800907742604e-05,-8.994917170152548e-06,-1.6646482615078997e-05,3.087257331629273e-05,5.947689578702669e-06,3.0472275914498796e-06,1.8483514249596244e-05
B_tbl_minus_hqql,mod.blocks.0.attn.h6,neutral_hadron<-electron,0.02524750700686127,-1.2308402256167028e-05,0.0,0.0,0.0,-1.2308402256167028e-05,-1.2308402256167028e-05,1.2308402256167028e-05,1.8462603384250544e-05
signed_hqql_tbl,mod.blocks.3.attn.h1,neutral_hadron<-photon,0.019178399229710878,7.025713598025966e-06,-1.582455165176229e-05,-2.661599028517603e-06,-6.496675344771696e-06,2.285026524978826e-05,9.687312626543568e-06,7.025713598025966e-06,1.8450846222920094e-05
B_tbl_minus_hqql,mod.blocks.3.attn.h3,neutral_hadron<-muon,0.014461535960435867,-1.2287189747439697e-05,0.0,0.0,0.0,-1.2287189747439697e-05,-1.2287189747439697e-05,1.2287189747439697e-05,1.8430784621159546e-05
signed_hqql_tbl,mod.blocks.0.attn.h0,neutral_hadron<-photon,0.017800089002238985,2.0188934309863855e-06,3.47956098195369e-05,-1.2666512697669381e-05,1.441452445655232e-07,-3.277671638855052e-05,1.4685406128655766e-05,2.0188934309863855e-06,1.8407251625261644e-05
B_tbl_minus_hqql,mod.blocks.2.attn.h0,photon<-charged_hadron,0.027439513588478553,1.224642051684539e-05,0.0,0.0,0.0,1.224642051684539e-05,1.224642051684539e-05,1.224642051684539e-05,1.8369630775268084e-05
B_tbl_minus_hqql,mod.blocks.0.attn.h4,charged_hadron<-neutral_hadron,0.036638197386900086,1.2237270006677866e-05,0.0,0.0,0.0,1.2237270006677866e-05,1.2237270006677866e-05,1.2237270006677866e-05,1.83559050100168e-05
signed_hqql_tbl,mod.blocks.5.attn.h1,neutral_hadron<-neutral_hadron,0.03358167956262134,-8.908441084387361e-06,9.972849262748491e-06,-6.341783554272257e-06,1.3656278621492304e-06,-1.888129034713585e-05,-2.5666575301151044e-06,8.908441084387361e-06,1.8349086257955287e-05
B_tbl_minus_hqql,mod.blocks.6.attn.h3,muon<-neutral_hadron,0.00197004076714317,1.2215556732068459e-05,0.0,0.0,0.0,1.2215556732068459e-05,1.2215556732068459e-05,1.2215556732068459e-05,1.832333509810269e-05
signed_hqql_tbl,mod.blocks.6.attn.h6,neutral_hadron<-charged_hadron,0.036063820497369316,4.296774002847475e-08,-3.648217398304123e-05,-1.2214178017764342e-06,-3.1708963903676485e-06,3.652514172306971e-05,1.264385541804909e-06,4.296774002847475e-08,1.8305538601563328e-05
signed_hqql_tbl,mod.blocks.4.attn.h2,electron<-electron,0.0006242602344173065,-1.3928163428289508e-05,-5.323533875056796e-06,-2.442201485387664e-06,-7.321753760910117e-06,-8.604629553232712e-06,-1.1485961942901844e-05,1.3928163428289508e-05,1.8230478204905863e-05
signed_hqql_tbl,mod.blocks.3.attn.h6,charged_hadron<-electron,0.0026173890041916266,-1.4992190798416825e-05,-8.611988353853425e-06,-2.6776017658712884e-05,-1.1389922831397228e-05,-6.3802024445634e-06,1.1783826860296059e-05,1.4992190798416825e-05,1.8182292020698526e-05
signed_hqql_tbl,mod.blocks.0.attn.h5,neutral_hadron<-neutral_hadron,0.010038124698513704,1.0297292303137625e-05,-5.383200059243435e-06,6.253162994401508e-05,1.2699351909109931e-06,1.568049236238106e-05,-5.223433764087746e-05,1.0297292303137625e-05,1.8137538484328155e-05
B_tbl_minus_hqql,mod.blocks.6.attn.h1,electron<-electron,0.0025098479252300353,1.207800442075968e-05,0.0,0.0,0.0,1.207800442075968e-05,1.207800442075968e-05,1.207800442075968e-05,1.8117006631139522e-05
signed_hqql_tbl,mod.blocks.4.attn.h5,charged_hadron<-charged_hadron,0.030168504272765195,1.5255971586950446e-05,9.534051889011304e-06,2.7713129511110126e-05,1.133475109526178e-05,5.721919697939142e-06,-1.245715792415968e-05,1.5255971586950446e-05,1.811693143592002e-05
signed_hqql_tbl,mod.blocks.6.attn.h1,electron<-electron,0.002509848111949209,1.2078024087151807e-05,4.841750306239234e-09,1.6875628293543264e-07,3.374794821375815e-08,1.2073182336845568e-05,1.1909267804216375e-05,1.2078024087151807e-05,1.8114615255574593e-05
B_tbl_minus_hqql,mod.blocks.0.attn.h7,neutral_hadron<-electron,0.02792549869045615,-1.2064554221069557e-05,0.0,0.0,0.0,-1.2064554221069557e-05,-1.2064554221069557e-05,1.2064554221069557e-05,1.8096831331604336e-05
B_tbl_minus_hqql,mod.blocks.0.attn.h0,charged_hadron<-electron,0.03667378312219744,1.2050240990862696e-05,0.0,0.0,0.0,1.2050240990862696e-05,1.2050240990862696e-05,1.2050240990862696e-05,1.8075361486294042e-05
signed_hqql_tbl,mod.blocks.1.attn.h2,neutral_hadron<-photon,0.014231185734174768,9.339950415622945e-06,-8.021561962874013e-06,6.164043554533118e-07,-6.107974768158515e-06,1.7361512378496956e-05,8.723546060169634e-06,9.339950415622945e-06,1.8020706604871423e-05
B_tbl_minus_hqql,mod.blocks.4.attn.h7,photon<-electron,0.0272636615739363,1.1986287057791232e-05,0.0,0.0,0.0,1.1986287057791232e-05,1.1986287057791232e-05,1.1986287057791232e-05,1.797943058668685e-05
signed_hqql_tbl,mod.blocks.5.attn.h4,electron<-neutral_hadron,0.010198326944373549,-1.3380103428062285e-05,-4.183778905542113e-06,7.34762171911522e-05,2.2500853554126533e-05,-9.196324522520172e-06,-8.685632061921448e-05,1.3380103428062285e-05,1.7978265689322373e-05
B_tbl_minus_hqql,mod.blocks.1.attn.h6,neutral_hadron<-charged_hadron,0.030609275760321783,-1.197197504372987e-05,0.0,0.0,0.0,-1.197197504372987e-05,-1.197197504372987e-05,1.197197504372987e-05,1.7957962565594805e-05
signed_hqql_tbl,mod.blocks.4.attn.h4,electron<-neutral_hadron,0.004059928213246166,2.359299651288893e-06,-2.8716260999317456e-05,1.055997529419983e-05,-2.37344519358457e-06,3.107556065060635e-05,-8.200675642910937e-06,2.359299651288893e-06,1.7897079976592065e-05
B_tbl_minus_hqql,mod.blocks.4.attn.h3,charged_hadron<-charged_hadron,0.03200093031042757,-1.1895232506580963e-05,0.0,0.0,0.0,-1.1895232506580963e-05,-1.1895232506580963e-05,1.1895232506580963e-05,1.7842848759871444e-05
signed_hqql_tbl,mod.blocks.1.attn.h1,photon<-photon,0.017002794679126812,1.1478356589523315e-05,-1.2085017318360156e-06,2.8296234710319595e-06,-1.2706071785914247e-05,1.268685832135933e-05,8.648733118491355e-06,1.1478356589523315e-05,1.7821785750202978e-05
B_tbl_minus_hqql,mod.blocks.3.attn.h4,photon<-muon,0.014568935220058147,1.1822751660544713e-05,0.0,0.0,0.0,1.1822751660544713e-05,1.1822751660544713e-05,1.1822751660544713e-05,1.7734127490817067e-05
B_tbl_minus_hqql,mod.blocks.6.attn.h1,electron<-photon,0.0058520861515184725,-1.1761555148351784e-05,0.0,0.0,0.0,-1.1761555148351784e-05,-1.1761555148351784e-05,1.1761555148351784e-05,1.7642332722527676e-05
signed_hqql_tbl,mod.cls_blocks.1.attn.h7,muon<-muon,0.0,0.0,3.5098408261546865e-05,-8.423802682955284e-06,0.0,-3.5098408261546865e-05,8.423802682955284e-06,0.0,1.7549204130773433e-05
signed_hqql_tbl,mod.blocks.5.attn.h1,photon<-neutral_hadron,0.02473331883330913,6.731280649736445e-06,-1.4862006745262287e-05,-7.559727227646534e-06,-1.1573742636640656e-07,2.159328739499873e-05,1.429100787738298e-05,6.731280649736445e-06,1.752792434723581e-05
signed_hqql_tbl,mod.blocks.5.attn.h0,charged_hadron<-neutral_hadron,0.020555025614728002,-3.545449878193867e-06,-3.1418616354868216e-05,6.473256249423762e-06,-2.3286371473016305e-05,2.7873166476674347e-05,-1.0018706127617629e-05,3.545449878193867e-06,1.7482033116531042e-05
B_tbl_minus_hqql,mod.cls_blocks.1.attn.h4,electron<-electron,0.042914186778943986,1.1643913239822723e-05,0.0,0.0,0.0,1.1643913239822723e-05,1.1643913239822723e-05,1.1643913239822723e-05,1.7465869859734084e-05
signed_hqql_tbl,mod.blocks.3.attn.h6,neutral_hadron<-photon,0.018168278512519103,6.555712231674929e-06,2.8290034441108052e-05,-8.46421029774594e-06,8.993378900303872e-06,-2.1734322209433124e-05,1.501992252942087e-05,6.555712231674929e-06,1.742287333639149e-05
signed_hqql_tbl,mod.blocks.5.attn.h7,photon<-charged_hadron,0.028966522019212418,-7.97861488515901e-06,1.090046295131184e-05,-5.533464065623143e-06,1.0211248160017605e-05,-1.887907783647085e-05,-2.4451508195358672e-06,7.97861488515901e-06,1.7418153803394433e-05
B_tbl_minus_hqql,mod.blocks.7.attn.h5,muon<-neutral_hadron,0.0017394362948834896,1.1597089420926446e-05,0.0,0.0,0.0,1.1597089420926446e-05,1.1597089420926446e-05,1.1597089420926446e-05,1.739563413138967e-05
signed_hqql_tbl,mod.blocks.0.attn.h1,electron<-electron,0.004211502847613247,-1.2780239378074044e-05,-3.5821985662209954e-06,-0.00035189796771462056,1.5349861063403598e-05,-9.198040811853048e-06,0.0003391177283365465,1.2780239378074044e-05,1.737925978400057e-05
signed_hqql_tbl,mod.blocks.2.attn.h3,photon<-neutral_hadron,0.009596842403415755,1.0144492746315604e-05,-4.2964789822768574e-06,-9.982251056529314e-06,2.4963695418458127e-06,1.4440971728592463e-05,2.0126743802844918e-05,1.0144492746315604e-05,1.7364978610611835e-05
B_tbl_minus_hqql,mod.blocks.4.attn.h3,neutral_hadron<-muon,0.022642021377881367,-1.1572294170036912e-05,0.0,0.0,0.0,-1.1572294170036912e-05,-1.1572294170036912e-05,1.1572294170036912e-05,1.7358441255055368e-05
B_tbl_minus_hqql,mod.blocks.1.attn.h6,neutral_hadron<-muon,0.00882436272998651,1.1567775800358504e-05,0.0,0.0,0.0,1.1567775800358504e-05,1.1567775800358504e-05,1.1567775800358504e-05,1.7351663700537756e-05
B_tbl_minus_hqql,mod.blocks.2.attn.h5,charged_hadron<-electron,0.020648646451856777,-1.1563708619138671e-05,0.0,0.0,0.0,-1.1563708619138671e-05,-1.1563708619138671e-05,1.1563708619138671e-05,1.7345562928708006e-05
signed_hqql_tbl,mod.blocks.2.attn.h2,neutral_hadron<-photon,0.01831726212097031,6.971787713539481e-06,2.7607584530767968e-05,3.112552642701013e-06,-3.37201873793438e-06,-2.0635796817228486e-05,3.8592350708384675e-06,6.971787713539481e-06,1.7289686122153725e-05
signed_hqql_tbl,mod.blocks.4.attn.h1,charged_hadron<-photon,0.015659649151464852,7.256400010960809e-06,-1.2675924520391256e-05,1.4971127414440869e-06,-6.010121404755341e-07,1.9932324531352067e-05,5.759287269516723e-06,7.256400010960809e-06,1.7222562276636843e-05
B_tbl_minus_hqql,mod.blocks.1.attn.h1,photon<-photon,0.01700279456088318,1.1478359365669813e-05,0.0,0.0,0.0,1.1478359365669813e-05,1.1478359365669813e-05,1.1478359365669813e-05,1.721753904850472e-05
B_tbl_minus_hqql,mod.blocks.3.attn.h2,neutral_hadron<-photon,0.018747882425274583,1.1434686262609488e-05,0.0,0.0,0.0,1.1434686262609488e-05,1.1434686262609488e-05,1.1434686262609488e-05,1.715202939391423e-05
signed_hqql_tbl,mod.blocks.7.attn.h2,neutral_hadron<-charged_hadron,0.02397516528640795,-8.05237045525106e-06,1.0142541381159194e-05,-6.02837913778555e-06,2.897548048111024e-06,-1.8194911836410254e-05,-2.02399131746551e-06,8.05237045525106e-06,1.7149826373456187e-05
signed_hqql_tbl,mod.blocks.5.attn.h0,neutral_hadron<-electron,0.009814547933638096,-1.0884672956024134e-05,1.6086742107290775e-06,1.1794799017176652e-05,-7.3473863320781245e-06,-1.2493347166753211e-05,-2.2679471973200788e-05,1.0884672956024134e-05,1.713134653940074e-05
signed_hqql_tbl,mod.blocks.4.attn.h6,charged_hadron<-neutral_hadron,0.016964811516406022,-1.4254317585286556e-05,-2.0006501133163535e-05,-2.5397797360936397e-05,5.588044212061416e-06,5.752183547876979e-06,1.114347977564984e-05,1.4254317585286556e-05,1.7130409359225046e-05
signed_hqql_tbl,mod.blocks.0.attn.h6,charged_hadron<-charged_hadron,0.0236471479952873,-9.604246014545502e-06,5.419733483347225e-06,1.8008587093171236e-05,-9.562483406469005e-07,-1.5023979497892725e-05,-2.7612833107716737e-05,9.604246014545502e-06,1.7116235763491863e-05
signed_hqql_tbl,mod.blocks.1.attn.h6,photon<-neutral_hadron,0.023386925993696902,-1.0940294568829519e-05,1.3896894194437443e-06,-2.215985937998243e-05,1.2155175250429528e-05,-1.2329983988273263e-05,1.1219564811152913e-05,1.0940294568829519e-05,1.710528656296615e-05
B_tbl_minus_hqql,mod.blocks.0.attn.h3,neutral_hadron<-muon,0.02034605046113332,1.1364766881645968e-05,0.0,0.0,0.0,1.1364766881645968e-05,1.1364766881645968e-05,1.1364766881645968e-05,1.704715032246895e-05
signed_hqql_tbl,mod.blocks.3.attn.h4,neutral_hadron<-photon,0.018323696918822036,-7.91541846660095e-06,-2.616900787166782e-05,-3.6586808565010156e-06,3.2082464346421777e-06,1.825358940506687e-05,-4.256737610099935e-06,7.91541846660095e-06,1.7042213169134387e-05
signed_hqql_tbl,mod.blocks.5.attn.h7,charged_hadron<-neutral_hadron,0.012236558881859795,-2.9893773648052892e-06,2.4940538548377787e-05,-2.394035450622723e-05,2.724443899908249e-05,-2.7929915913183076e-05,2.0950977141421942e-05,2.9893773648052892e-06,1.6954335321396827e-05
B_tbl_minus_hqql,mod.blocks.2.attn.h0,neutral_hadron<-muon,0.007101333389679591,1.1290244098442296e-05,0.0,0.0,0.0,1.1290244098442296e-05,1.1290244098442296e-05,1.1290244098442296e-05,1.6935366147663444e-05
signed_hqql_tbl,mod.blocks.2.attn.h6,photon<-photon,0.015668310041485944,2.7398939327127306e-06,-2.5552290559027226e-05,-1.1101388121936284e-05,-4.7250272350923565e-06,2.8292184491739956e-05,1.3841282054649014e-05,2.7398939327127306e-06,1.688598617858271e-05
signed_hqql_tbl,mod.blocks.6.attn.h4,photon<-neutral_hadron,0.018423704299802297,-8.243301816224218e-06,8.993558494738992e-06,-9.03244407598428e-06,7.5102841306223724e-06,-1.723686031096321e-05,7.89142259760062e-07,8.243301816224218e-06,1.6861731971705822e-05
signed_hqql_tbl,mod.blocks.4.attn.h1,neutral_hadron<-photon,0.017185722828689253,3.709461428933408e-06,-2.2593838554155996e-05,-6.831802863399034e-06,-4.884530715928651e-06,2.6303299983089403e-05,1.0541264292332442e-05,3.709461428933408e-06,1.686111142047811e-05
signed_hqql_tbl,mod.blocks.1.attn.h4,charged_hadron<-charged_hadron,0.022920199220817023,9.08599084932643e-06,-6.460348228645161e-06,9.249723839140174e-06,-4.179311591036954e-06,1.554633907797159e-05,-1.637329898137445e-07,9.08599084932643e-06,1.6859160388312226e-05
B_tbl_minus_hqql,mod.blocks.5.attn.h4,charged_hadron<-photon,0.01737602454358043,-1.1232881814529071e-05,0.0,0.0,0.0,-1.1232881814529071e-05,-1.1232881814529071e-05,1.1232881814529071e-05,1.6849322721793605e-05
B_tbl_minus_hqql,mod.blocks.4.attn.h7,charged_hadron<-photon,0.017489081382422157,-1.123234392378546e-05,0.0,0.0,0.0,-1.123234392378546e-05,-1.123234392378546e-05,1.123234392378546e-05,1.684851588567819e-05
signed_hqql_tbl,mod.blocks.2.attn.h4,neutral_hadron<-photon,0.016141357395621732,-1.3450673832801182e-05,-2.024018363324217e-05,-1.712784356449878e-05,8.749569455122826e-06,6.789509800440988e-06,3.6771697316975966e-06,1.3450673832801182e-05,1.6845428733021675e-05
signed_hqql_tbl,mod.blocks.3.attn.h0,neutral_hadron<-photon,0.016568870859472826,-5.5051751212227545e-06,1.6850753035453543e-05,-1.8644494567194777e-05,1.316513056092042e-05,-2.2355928156676298e-05,1.3139319445972022e-05,5.5051751212227545e-06,1.6683139199560904e-05
signed_hqql_tbl,mod.blocks.4.attn.h0,electron<-electron,0.00015875415290338423,-7.758183169670474e-07,-3.2558232038848445e-05,7.755116597489101e-06,3.627520012135695e-05,3.1782413721881395e-05,-8.530934914456148e-06,7.758183169670474e-07,1.6667025177907744e-05
B_tbl_minus_hqql,mod.blocks.4.attn.h4,muon<-neutral_hadron,0.002949550747871399,-1.1081544168215865e-05,0.0,0.0,0.0,-1.1081544168215865e-05,-1.1081544168215865e-05,1.1081544168215865e-05,1.66223162523238e-05
B_tbl_minus_hqql,mod.blocks.1.attn.h7,charged_hadron<-electron,0.032098963046851364,1.1077030491002876e-05,0.0,0.0,0.0,1.1077030491002876e-05,1.1077030491002876e-05,1.1077030491002876e-05,1.6615545736504316e-05
signed_hqql_tbl,mod.blocks.7.attn.h0,photon<-photon,0.016076760363787693,-7.156140459210277e-06,1.1713751482590337e-05,-1.1325966821433489e-05,1.3554364995718272e-05,-1.8869891941800615e-05,4.169826362223212e-06,7.156140459210277e-06,1.6591086430110584e-05
B_tbl_minus_hqql,mod.blocks.1.attn.h3,neutral_hadron<-electron,0.030871268827468157,-1.1052555964852218e-05,0.0,0.0,0.0,-1.1052555964852218e-05,-1.1052555964852218e-05,1.1052555964852218e-05,1.657883394727833e-05
signed_hqql_tbl,mod.blocks.1.attn.h5,neutral_hadron<-charged_hadron,0.024523822538157616,-7.6222370645442985e-06,1.0283104052792329e-05,2.592382214353318e-05,1.6648979752898515e-05,-1.7905341117336626e-05,-3.354605920807748e-05,7.6222370645442985e-06,1.657490762321261e-05
signed_hqql_tbl,mod.blocks.6.attn.h7,muon<-electron,0.0003552217676769942,-1.1036060641345102e-05,0.0,-6.93331173806655e-07,1.2371931257249003e-10,-1.1036060641345102e-05,-1.0342729467538447e-05,1.1036060641345102e-05,1.6554090962017654e-05
B_tbl_minus_hqql,mod.blocks.6.attn.h7,muon<-electron,0.0003552217094693333,-1.1036055184376892e-05,0.0,0.0,0.0,-1.1036055184376892e-05,-1.1036055184376892e-05,1.1036055184376892e-05,1.6554082776565338e-05
signed_hqql_tbl,mod.blocks.1.attn.h1,neutral_hadron<-photon,0.016594854789690326,6.324354180121159e-06,-1.4125753497073875e-05,1.714862685874227e-05,4.12047070572894e-06,2.0450107677195033e-05,-1.0824272678621112e-05,6.324354180121159e-06,1.6549408018718676e-05
signed_hqql_tbl,mod.blocks.6.attn.h0,charged_hadron<-neutral_hadron,0.022839332939502213,-8.959655016472746e-06,6.1460847031379635e-06,-1.931178546025573e-05,4.1238357204728565e-07,-1.510573971961071e-05,1.0352130443782985e-05,8.959655016472746e-06,1.6512524876278102e-05
B_tbl_minus_hqql,mod.blocks.0.attn.h4,neutral_hadron<-neutral_hadron,0.010372763348236521,1.1000638091627157e-05,0.0,0.0,0.0,1.1000638091627157e-05,1.1000638091627157e-05,1.1000638091627157e-05,1.6500957137440737e-05
signed_hqql_tbl,mod.blocks.6.attn.h1,neutral_hadron<-charged_hadron,0.028723996728191554,1.3150585692417501e-05,1.9788336860139745e-05,2.0437204434108674e-05,1.3438920887855782e-05,-6.6377511677222444e-06,-7.286618741691173e-06,1.3150585692417501e-05,1.6469461276278622e-05
signed_hqql_tbl,mod.blocks.4.attn.h4,photon<-neutral_hadron,0.020186686654367028,-5.649087272035976e-06,1.5960942426952707e-05,-7.62912469601305e-06,5.849454936380152e-06,-2.1610029698988682e-05,1.980037423977074e-06,5.649087272035976e-06,1.6454102121530316e-05
B_tbl_minus_hqql,mod.blocks.3.attn.h6,charged_hadron<-neutral_hadron,0.009882437187862993,1.0953314086352257e-05,0.0,0.0,0.0,1.0953314086352257e-05,1.0953314086352257e-05,1.0953314086352257e-05,1.6429971129528384e-05
signed_hqql_tbl,mod.blocks.3.attn.h3,neutral_hadron<-photon,0.014198753174521989,9.735221554848805e-06,-3.647371764461846e-06,-9.047907706114436e-07,-5.490659644826887e-06,1.3382593319310652e-05,1.064001232546025e-05,9.735221554848805e-06,1.6426518214504133e-05
signed_hqql_tbl,mod.blocks.2.attn.h1,electron<-electron,0.006074418949818394,-1.0485722249042873e-05,1.3901180990760764e-06,-0.0001857337435284576,2.3062392756401096e-05,-1.1875840348118949e-05,0.00017524802127941473,1.0485722249042873e-05,1.6423642423102347e-05
B_tbl_minus_hqql,mod.blocks.1.attn.h6,photon<-neutral_hadron,0.02338692545890808,-1.0940289631148658e-05,0.0,0.0,0.0,-1.0940289631148658e-05,-1.0940289631148658e-05,1.0940289631148658e-05,1.641043444672299e-05
B_tbl_minus_hqql,mod.blocks.0.attn.h0,charged_hadron<-charged_hadron,0.024532363844513988,-1.0938100163220728e-05,0.0,0.0,0.0,-1.0938100163220728e-05,-1.0938100163220728e-05,1.0938100163220728e-05,1.640715024483109e-05
B_tbl_minus_hqql,mod.blocks.0.attn.h3,neutral_hadron<-photon,0.018724469823510573,1.0905402449995992e-05,0.0,0.0,0.0,1.0905402449995992e-05,1.0905402449995992e-05,1.0905402449995992e-05,1.6358103674993986e-05
B_tbl_minus_hqql,mod.blocks.5.attn.h0,neutral_hadron<-electron,0.009814547840505838,-1.08846738200441e-05,0.0,0.0,0.0,-1.08846738200441e-05,-1.08846738200441e-05,1.08846738200441e-05,1.632701073006615e-05
B_tbl_minus_hqql,mod.blocks.6.attn.h6,photon<-photon,0.011460722369740948,1.0882939778531306e-05,0.0,0.0,0.0,1.0882939778531306e-05,1.0882939778531306e-05,1.0882939778531306e-05,1.632440966779696e-05
signed_hqql_tbl,mod.blocks.3.attn.h6,charged_hadron<-muon,0.012806163728237152,1.665134732320439e-06,3.0968940700404345e-05,-7.789489062470865e-05,5.548144913425821e-05,-2.9303805968083906e-05,7.956002535702909e-05,1.665134732320439e-06,1.6317037716362392e-05
signed_hqql_tbl,mod.blocks.0.attn.h1,charged_hadron<-charged_hadron,0.026143164890516896,-5.286183709481799e-06,1.6765062351711823e-05,5.345244612473844e-06,1.0351377078806755e-06,-2.205124606119362e-05,-1.0631428321955642e-05,5.286183709481799e-06,1.631180674007861e-05
signed_hqql_tbl,mod.blocks.6.attn.h1,charged_hadron<-photon,0.011388210096082634,9.105833654235006e-06,-5.265112444738584e-06,4.417072360442199e-06,-4.202119595473274e-06,1.4370946098973592e-05,4.688761293792808e-06,9.105833654235006e-06,1.6291306703721804e-05
signed_hqql_tbl,mod.blocks.2.attn.h1,neutral_hadron<-charged_hadron,0.02682481215665333,6.3252760200297055e-06,-1.3586848099539812e-05,1.0098314031253574e-05,3.6670914681756013e-06,1.9912124119569516e-05,-3.7730380112238683e-06,6.3252760200297055e-06,1.6281338079814465e-05
B_tbl_minus_hqql,mod.blocks.3.attn.h1,electron<-muon,0.0007429238175973296,1.0847377780009992e-05,0.0,0.0,0.0,1.0847377780009992e-05,1.0847377780009992e-05,1.0847377780009992e-05,1.627106667001499e-05
signed_hqql_tbl,mod.blocks.3.attn.h1,electron<-muon,0.000742923584766686,1.0847358680621255e-05,0.0,0.00019727459584828466,9.741792382556014e-06,1.0847358680621255e-05,-0.0001864272371676634,1.0847358680621255e-05,1.6271038020931883e-05
B_tbl_minus_hqql,mod.blocks.1.attn.h1,photon<-muon,0.03773503120128925,1.0847202457415942e-05,0.0,0.0,0.0,1.0847202457415942e-05,1.0847202457415942e-05,1.0847202457415942e-05,1.6270803686123913e-05
B_tbl_minus_hqql,mod.blocks.2.attn.h1,photon<-photon,0.017374648951680075,1.0823082230177782e-05,0.0,0.0,0.0,1.0823082230177782e-05,1.0823082230177782e-05,1.0823082230177782e-05,1.6234623345266674e-05
signed_hqql_tbl,mod.blocks.2.attn.h2,neutral_hadron<-neutral_hadron,0.00908768639798801,-1.5512317056192662e-06,2.7755085772860312e-05,1.1704250570655333e-05,1.721242696643161e-05,-2.930631747847958e-05,-1.32554822762746e-05,1.5512317056192662e-06,1.6204390444859054e-05
B_tbl_minus_hqql,mod.blocks.6.attn.h6,charged_hadron<-photon,0.004933802513868769,1.0792473598565627e-05,0.0,0.0,0.0,1.0792473598565627e-05,1.0792473598565627e-05,1.0792473598565627e-05,1.618871039784844e-05
B_tbl_minus_hqql,mod.blocks.4.attn.h3,neutral_hadron<-charged_hadron,0.03140388438507307,-1.0764022328293091e-05,0.0,0.0,0.0,-1.0764022328293091e-05,-1.0764022328293091e-05,1.0764022328293091e-05,1.6146033492439637e-05
signed_hqql_tbl,mod.blocks.1.attn.h3,neutral_hadron<-electron,0.030871270317584278,-1.105257779272506e-05,-2.1025665546403616e-05,0.0002687737839247954,-6.629580371629666e-05,9.973087753678555e-06,-0.00027982636171752047,1.105257779272506e-05,1.6039121669564337e-05
signed_hqql_tbl,mod.blocks.2.attn.h2,photon<-photon,0.017164240357973967,1.3271198845238286e-05,7.81455469940195e-06,4.2538093761656113e-07,3.545216890418087e-06,5.456644145836336e-06,1.2845817907621725e-05,1.3271198845238286e-05,1.5999520918156453e-05
B_tbl_minus_hqql,mod.blocks.4.attn.h3,photon<-muon,0.012337882931415852,1.064911059354647e-05,0.0,0.0,0.0,1.064911059354647e-05,1.064911059354647e-05,1.064911059354647e-05,1.5973665890319702e-05
signed_hqql_tbl,mod.blocks.4.attn.h3,charged_hadron<-neutral_hadron,0.011539147495289207,-6.225586191725152e-06,1.320769089517427e-05,-8.29205230457528e-06,-1.9099457382271834e-06,-1.943327708689942e-05,2.0664661128501284e-06,6.225586191725152e-06,1.5942224735174864e-05
signed_hqql_tbl,mod.blocks.3.attn.h1,neutral_hadron<-neutral_hadron,0.011251851044239517,-4.218709060065945e-06,-2.765542088760096e-05,8.031092227160275e-08,-7.605499585762879e-06,2.3436711827535017e-05,-4.299019982337548e-06,4.218709060065945e-06,1.5937064973833453e-05
signed_hqql_tbl,mod.blocks.5.attn.h5,charged_hadron<-neutral_hadron,0.004604479543234114,4.551327938144743e-06,-1.8207295230437208e-05,7.762479653959122e-06,-7.1476569296572155e-06,2.275862316858195e-05,-3.211151715814379e-06,4.551327938144743e-06,1.593063952243572e-05
signed_hqql_tbl,mod.blocks.3.attn.h0,photon<-neutral_hadron,0.013549806911735317,-3.3365704899287834e-06,-2.8479192856440656e-05,-1.0171794055472838e-05,-4.588560987705828e-06,2.5142622366511874e-05,6.835223565544054e-06,3.3365704899287834e-06,1.590788167318472e-05
B_tbl_minus_hqql,mod.blocks.4.attn.h0,neutral_hadron<-photon,0.014911975912129899,-1.0577997695624245e-05,0.0,0.0,0.0,-1.0577997695624245e-05,-1.0577997695624245e-05,1.0577997695624245e-05,1.5866996543436367e-05
B_tbl_minus_hqql,mod.blocks.1.attn.h0,charged_hadron<-charged_hadron,0.024247836644069588,1.0572880169594565e-05,0.0,0.0,0.0,1.0572880169594565e-05,1.0572880169594565e-05,1.0572880169594565e-05,1.585932025439185e-05
B_tbl_minus_hqql,mod.blocks.3.attn.h5,photon<-photon,0.018592238445915767,1.048668862015174e-05,0.0,0.0,0.0,1.048668862015174e-05,1.048668862015174e-05,1.048668862015174e-05,1.573003293022761e-05
B_tbl_minus_hqql,mod.blocks.2.attn.h1,electron<-electron,0.00607441952862473,-1.0485703078466635e-05,0.0,0.0,0.0,-1.0485703078466635e-05,-1.0485703078466635e-05,1.0485703078466635e-05,1.5728554617699954e-05
signed_hqql_tbl,mod.blocks.5.attn.h4,charged_hadron<-charged_hadron,0.027053074097969164,-6.326437799336955e-06,1.2469710753770773e-05,-6.280326382352801e-06,6.041238594437983e-06,-1.879614855310773e-05,-4.611141698415422e-08,6.326437799336955e-06,1.572451207589082e-05
B_tbl_minus_hqql,mod.blocks.4.attn.h3,charged_hadron<-electron,0.015138231258353462,-1.0470139070252037e-05,0.0,0.0,0.0,-1.0470139070252037e-05,-1.0470139070252037e-05,1.0470139070252037e-05,1.5705208605378054e-05
signed_hqql_tbl,mod.blocks.0.attn.h0,photon<-charged_hadron,0.022963371230752427,5.077519463709664e-06,-1.617637980771607e-05,-7.5482724374853965e-06,-4.0429570835663495e-06,2.1253899271425732e-05,1.262579190119506e-05,5.077519463709664e-06,1.570446909942253e-05
B_tbl_minus_hqql,mod.blocks.5.attn.h1,neutral_hadron<-muon,0.027877315878868103,1.0414535305850828e-05,0.0,0.0,0.0,1.0414535305850828e-05,1.0414535305850828e-05,1.0414535305850828e-05,1.5621802958776243e-05
B_tbl_minus_hqql,mod.blocks.7.attn.h6,neutral_hadron<-muon,0.010360893482963244,-1.0396911723849675e-05,0.0,0.0,0.0,-1.0396911723849675e-05,-1.0396911723849675e-05,1.0396911723849675e-05,1.559536758577451e-05
B_tbl_minus_hqql,mod.blocks.3.attn.h0,neutral_hadron<-charged_hadron,0.02558255499246352,1.038015319390637e-05,0.0,0.0,0.0,1.038015319390637e-05,1.038015319390637e-05,1.038015319390637e-05,1.5570229790859553e-05
B_tbl_minus_hqql,mod.blocks.0.attn.h0,photon<-photon,0.019509213091736293,1.0375015216358074e-05,0.0,0.0,0.0,1.0375015216358074e-05,1.0375015216358074e-05,1.0375015216358074e-05,1.556252282453711e-05
B_tbl_minus_hqql,mod.blocks.2.attn.h2,charged_hadron<-charged_hadron,0.029294796732525073,-1.0374160965426773e-05,0.0,0.0,0.0,-1.0374160965426773e-05,-1.0374160965426773e-05,1.0374160965426773e-05,1.556124144814016e-05
signed_hqql_tbl,mod.blocks.0.attn.h1,photon<-photon,0.014787042647437588,5.629134741558661e-06,-1.4157187303652303e-05,4.918128069615378e-06,-4.832782020092809e-06,1.9786322045210964e-05,7.110066719432828e-07,5.629134741558661e-06,1.552229576416414e-05
B_tbl_minus_hqql,mod.blocks.1.attn.h1,neutral_hadron<-neutral_hadron,0.014974833035005698,1.034158336562072e-05,0.0,0.0,0.0,1.034158336562072e-05,1.034158336562072e-05,1.034158336562072e-05,1.551237504843108e-05
B_tbl_minus_hqql,mod.blocks.6.attn.h3,photon<-charged_hadron,0.02894961504646428,1.031874472769659e-05,0.0,0.0,0.0,1.031874472769659e-05,1.031874472769659e-05,1.031874472769659e-05,1.5478117091544885e-05
B_tbl_minus_hqql,mod.blocks.2.attn.h4,charged_hadron<-photon,0.01741965724289088,1.0302016477069035e-05,0.0,0.0,0.0,1.0302016477069035e-05,1.0302016477069035e-05,1.0302016477069035e-05,1.5453024715603553e-05
B_tbl_minus_hqql,mod.blocks.2.attn.h2,muon<-charged_hadron,0.01594253331422806,1.0300922440364957e-05,0.0,0.0,0.0,1.0300922440364957e-05,1.0300922440364957e-05,1.0300922440364957e-05,1.5451383660547435e-05
B_tbl_minus_hqql,mod.blocks.0.attn.h5,neutral_hadron<-neutral_hadron,0.01003812606752498,1.0297291743943004e-05,0.0,0.0,0.0,1.0297291743943004e-05,1.0297291743943004e-05,1.0297291743943004e-05,1.5445937615914507e-05
B_tbl_minus_hqql,mod.blocks.4.attn.h2,neutral_hadron<-electron,0.011427012953208759,-1.0275622826938502e-05,0.0,0.0,0.0,-1.0275622826938502e-05,-1.0275622826938502e-05,1.0275622826938502e-05,1.5413434240407754e-05
B_tbl_minus_hqql,mod.blocks.3.attn.h2,neutral_hadron<-neutral_hadron,0.03338618831776491,-1.0261083447445286e-05,0.0,0.0,0.0,-1.0261083447445286e-05,-1.0261083447445286e-05,1.0261083447445286e-05,1.539162517116793e-05
signed_hqql_tbl,mod.blocks.0.attn.h0,electron<-charged_hadron,0.021807196185640667,-5.5056521966395415e-06,-2.5269815523643047e-05,4.31277237141565e-05,0.0001272391182956872,1.9764163327003505e-05,-4.863337591079604e-05,5.5056521966395415e-06,1.5387733860141296e-05
signed_hqql_tbl,mod.blocks.4.attn.h0,neutral_hadron<-charged_hadron,0.02718433971315342,-6.470831597718735e-06,-2.425922843080165e-05,-1.8252505768457152e-05,-1.0385386787542277e-05,1.7788396833082917e-05,1.1781674170738418e-05,6.470831597718735e-06,1.5365030014260194e-05
signed_hqql_tbl,mod.cls_blocks.1.attn.h6,charged_hadron<-CLS,0.0011265079956501722,-1.170457289845217e-05,-4.451323731144738e-06,0.0,0.0,-7.253249167307432e-06,-1.170457289845217e-05,1.170457289845217e-05,1.5331197482105887e-05
signed_hqql_tbl,mod.cls_blocks.1.attn.h7,photon<-CLS,0.0,0.0,3.066035284859936e-05,0.0,0.0,-3.066035284859936e-05,0.0,0.0,1.533017642429968e-05
B_tbl_minus_hqql,mod.blocks.1.attn.h5,photon<-photon,0.020897077398667516,1.0209809172732867e-05,0.0,0.0,0.0,1.0209809172732867e-05,1.0209809172732867e-05,1.0209809172732867e-05,1.53147137590993e-05
signed_hqql_tbl,mod.blocks.6.attn.h2,neutral_hadron<-charged_hadron,0.029583344592196067,-7.470822938244212e-06,8.184079341115829e-06,1.3088370472464117e-06,-1.4710324127580397e-06,-1.565490227936004e-05,-8.779659985490624e-06,7.470822938244212e-06,1.5298274077924234e-05
signed_hqql_tbl,mod.blocks.5.attn.h7,photon<-neutral_hadron,0.013866589798137765,-6.4814937726190375e-06,1.1129254746681001e-05,-1.4853012113522518e-05,1.326562298930155e-05,-1.761074851930004e-05,8.37151834090348e-06,6.4814937726190375e-06,1.528686803226906e-05
B_tbl_minus_hqql,mod.blocks.1.attn.h4,photon<-photon,0.017842694262193832,1.0190644673256404e-05,0.0,0.0,0.0,1.0190644673256404e-05,1.0190644673256404e-05,1.0190644673256404e-05,1.5285967009884606e-05
signed_hqql_tbl,mod.blocks.2.attn.h1,photon<-muon,0.016642102828392617,-2.399713803942387e-06,-2.8052249735292906e-05,-5.2945299963043495e-05,3.2985646544990164e-05,2.5652535931350518e-05,5.0545586159101107e-05,2.399713803942387e-06,1.5225981769617647e-05
B_tbl_minus_hqql,mod.blocks.2.attn.h3,photon<-neutral_hadron,0.009596842257564258,1.014449787984198e-05,0.0,0.0,0.0,1.014449787984198e-05,1.014449787984198e-05,1.014449787984198e-05,1.5216746819762971e-05
signed_hqql_tbl,mod.blocks.3.attn.h5,neutral_hadron<-neutral_hadron,0.010123778894780592,8.352284575115775e-06,-5.301178445883902e-06,1.2521953080647605e-06,8.825358972852863e-06,1.3653463020999678e-05,7.100089267051014e-06,8.352284575115775e-06,1.5179016085615614e-05
B_tbl_minus_hqql,mod.blocks.5.attn.h6,photon<-photon,0.01123710545966952,-1.0089899943036053e-05,0.0,0.0,0.0,-1.0089899943036053e-05,-1.0089899943036053e-05,1.0089899943036053e-05,1.513484991455408e-05
B_tbl_minus_hqql,mod.blocks.7.attn.h7,electron<-charged_hadron,0.024586318141740303,-1.0081670394435566e-05,0.0,0.0,0.0,-1.0081670394435566e-05,-1.0081670394435566e-05,1.0081670394435566e-05,1.5122505591653349e-05
B_tbl_minus_hqql,mod.blocks.7.attn.h0,charged_hadron<-neutral_hadron,0.014703645835102166,-1.0080633939628499e-05,0.0,0.0,0.0,-1.0080633939628499e-05,-1.0080633939628499e-05,1.0080633939628499e-05,1.5120950909442748e-05
signed_hqql_tbl,mod.blocks.0.attn.h1,neutral_hadron<-charged_hadron,0.026287390940989072,6.0089300759757075e-06,-1.2197755439718766e-05,1.1295869033285156e-05,1.0198798453443302e-05,1.8206685515694474e-05,-5.286938957309448e-06,6.0089300759757075e-06,1.5112272833822944e-05
B_tbl_minus_hqql,mod.blocks.0.attn.h7,charged_hadron<-neutral_hadron,0.028533150036133194,-1.0072232546470183e-05,0.0,0.0,0.0,-1.0072232546470183e-05,-1.0072232546470183e-05,1.0072232546470183e-05,1.5108348819705274e-05
signed_hqql_tbl,mod.blocks.3.attn.h1,neutral_hadron<-charged_hadron,0.027382642871533816,-1.2577668784042459e-05,-1.7599562976954018e-05,-1.0129815736746442e-05,-4.694973075770391e-06,5.021894192911559e-06,-2.4478530472960163e-06,1.2577668784042459e-05,1.5088615880498237e-05
B_tbl_minus_hqql,mod.blocks.2.attn.h0,electron<-charged_hadron,0.022301931096159893,-1.0052926486621246e-05,0.0,0.0,0.0,-1.0052926486621246e-05,-1.0052926486621246e-05,1.0052926486621246e-05,1.5079389729931869e-05
B_tbl_minus_hqql,mod.blocks.5.attn.h3,charged_hadron<-muon,0.008124542981386184,1.0046872193925083e-05,0.0,0.0,0.0,1.0046872193925083e-05,1.0046872193925083e-05,1.0046872193925083e-05,1.5070308290887625e-05
signed_hqql_tbl,mod.blocks.5.attn.h3,charged_hadron<-muon,0.008124540746212005,1.0046878742286935e-05,2.0061887335032223e-05,-0.0001488213989369828,1.6845174564989473e-05,-1.0015008592745288e-05,0.00015886827767926974,1.0046878742286935e-05,1.505438303865958e-05
signed_hqql_tbl,mod.cls_blocks.1.attn.h4,photon<-CLS,0.0,0.0,-3.010743778304459e-05,0.0,0.0,3.010743778304459e-05,0.0,0.0,1.5053718891522294e-05
B_tbl_minus_hqql,mod.blocks.2.attn.h3,charged_hadron<-charged_hadron,0.0261535107249945,-1.001217327941245e-05,0.0,0.0,0.0,-1.001217327941245e-05,-1.001217327941245e-05,1.001217327941245e-05,1.5018259919118676e-05
signed_hqql_tbl,mod.blocks.5.attn.h2,charged_hadron<-electron,0.008599069667980075,-8.070232386513533e-06,-2.195954992203042e-05,1.242084939393305e-05,-4.9081665818246416e-05,1.3889317535516887e-05,-2.0491081780446582e-05,8.070232386513533e-06,1.5014891154271977e-05
signed_hqql_tbl,mod.blocks.2.attn.h2,photon<-neutral_hadron,0.014273310295909303,-8.618326642707014e-06,4.1384531203051e-06,5.1463786906946015e-05,-2.086809639303644e-05,-1.2756779763012114e-05,-6.008211354965303e-05,8.618326642707014e-06,1.499671652421307e-05
signed_hqql_tbl,mod.blocks.7.attn.h6,neutral_hadron<-charged_hadron,0.030648869873961686,8.873912637251712e-06,-3.3290315194470757e-06,1.0616921065237657e-05,-9.192652998396456e-07,1.2202944156698788e-05,-1.743008427985945e-06,8.873912637251712e-06,1.4975384715601107e-05
signed_hqql_tbl,mod.blocks.6.attn.h0,neutral_hadron<-electron,0.016962676052935423,2.9108557669133008e-06,2.6976948603874007e-05,-3.3960057773896324e-05,1.086533991667693e-06,-2.4066092836960707e-05,3.687091354080963e-05,2.9108557669133008e-06,1.4943902185393655e-05
signed_hqql_tbl,mod.blocks.7.attn.h3,electron<-neutral_hadron,0.010319471126422286,8.147834080318717e-06,-5.436041134121439e-06,-2.071267058312287e-06,-9.015654032897574e-06,1.3583875214440155e-05,1.0219101138631004e-05,8.147834080318717e-06,1.4939771687538794e-05
B_tbl_minus_hqql,mod.blocks.5.attn.h5,neutral_hadron<-charged_hadron,0.024583665251171328,-9.940205397404407e-06,0.0,0.0,0.0,-9.940205397404407e-06,-9.940205397404407e-06,9.940205397404407e-06,1.491030809610661e-05
signed_hqql_tbl,mod.blocks.5.attn.h0,photon<-photon,0.015323198823066443,3.828855552628993e-06,-1.833344551615566e-05,2.4120407885797454e-06,-1.071585679422021e-05,2.216230106878465e-05,1.4168147640492473e-06,3.828855552628993e-06,1.4910006087021318e-05
B_tbl_minus_hqql,mod.blocks.0.attn.h1,neutral_hadron<-neutral_hadron,0.02048124546340322,-9.927529909373815e-06,0.0,0.0,0.0,-9.927529909373815e-06,-9.927529909373815e-06,9.927529909373815e-06,1.4891294864060723e-05
B_tbl_minus_hqql,mod.blocks.0.attn.h7,photon<-muon,0.03897935152053833,-9.898837351311859e-06,0.0,0.0,0.0,-9.898837351311859e-06,-9.898837351311859e-06,9.898837351311859e-06,1.4848256026967789e-05
signed_hqql_tbl,mod.blocks.7.attn.h1,photon<-charged_hadron,0.027656662200695903,9.236961977374006e-06,-1.9715331685187684e-06,2.93357282983895e-06,3.1304083958970576e-06,1.1208495145892774e-05,6.3033891475350565e-06,9.236961977374006e-06,1.4841209550320393e-05
signed_hqql_tbl,mod.blocks.1.attn.h4,neutral_hadron<-photon,0.014941961205219562,-1.2546766935912269e-05,-1.7074357961500132e-05,-2.014701586175411e-05,-7.54922554496074e-06,4.527591025587863e-06,7.60024892584184e-06,1.2546766935912269e-05,1.48105624487062e-05
signed_hqql_tbl,mod.blocks.0.attn.h5,neutral_hadron<-charged_hadron,0.023329955049816716,8.187087809814426e-06,2.138017590770179e-05,3.756990914650538e-05,1.3628642810755273e-05,-1.3193088097887366e-05,-2.938282133669095e-05,8.187087809814426e-06,1.478363185875811e-05
B_tbl_minus_hqql,mod.blocks.1.attn.h7,neutral_hadron<-neutral_hadron,0.01893434843522342,9.852764135953792e-06,0.0,0.0,0.0,9.852764135953792e-06,9.852764135953792e-06,9.852764135953792e-06,1.4779146203930688e-05
B_tbl_minus_hqql,mod.blocks.3.attn.h3,neutral_hadron<-charged_hadron,0.03027332338232979,-9.834028801991719e-06,0.0,0.0,0.0,-9.834028801991719e-06,-9.834028801991719e-06,9.834028801991719e-06,1.4751043202987579e-05
B_tbl_minus_hqql,mod.blocks.5.attn.h7,charged_hadron<-charged_hadron,0.033577614597248714,-9.830580005272786e-06,0.0,0.0,0.0,-9.830580005272786e-06,-9.830580005272786e-06,9.830580005272786e-06,1.4745870007909179e-05
B_tbl_minus_hqql,mod.blocks.4.attn.h4,charged_hadron<-neutral_hadron,0.016750609426289143,-9.815177257688421e-06,0.0,0.0,0.0,-9.815177257688421e-06,-9.815177257688421e-06,9.815177257688421e-06,1.4722765886532633e-05
signed_hqql_tbl,mod.blocks.7.attn.h1,photon<-neutral_hadron,0.020048214551091778,5.552113389072759e-06,-1.2784701829705517e-05,-7.1106120870900765e-06,-5.556837979547062e-06,1.8336815218778274e-05,1.2662725476162836e-05,5.552113389072759e-06,1.4720520998461896e-05
signed_hqql_tbl,mod.cls_blocks.1.attn.h6,neutral_hadron<-neutral_hadron,0.010456456014743218,-4.425689090007486e-06,1.6072302969405428e-05,-0.00023218235461778627,4.01607252570102e-05,-2.0497992059412914e-05,0.0002277566655277788,4.425689090007486e-06,1.4674685119713944e-05
signed_hqql_tbl,mod.blocks.3.attn.h6,photon<-neutral_hadron,0.007172895768629979,3.040015969431517e-06,-2.0206472669105695e-05,4.235434870858331e-07,5.857571150424802e-06,2.3246488638537213e-05,2.616472482345684e-06,3.040015969431517e-06,1.4663260288700124e-05
signed_hqql_tbl,mod.blocks.4.attn.h1,charged_hadron<-neutral_hadron,0.02378794032391336,-4.635443508611893e-06,1.540820508658349e-05,-2.9976319567268656e-05,1.1569273392433193e-05,-2.0043648595195385e-05,2.534087605865676e-05,4.635443508611893e-06,1.4657267806209585e-05
B_tbl_minus_hqql,mod.blocks.3.attn.h3,neutral_hadron<-photon,0.014198752445264508,9.735214658712794e-06,0.0,0.0,0.0,9.735214658712794e-06,9.735214658712794e-06,9.735214658712794e-06,1.460282198806919e-05
B_tbl_minus_hqql,mod.blocks.7.attn.h1,electron<-charged_hadron,0.02858696043815302,9.721428282121096e-06,0.0,0.0,0.0,9.721428282121096e-06,9.721428282121096e-06,9.721428282121096e-06,1.4582142423181644e-05
B_tbl_minus_hqql,mod.blocks.0.attn.h6,photon<-charged_hadron,0.02555558579402734,9.706123638447909e-06,0.0,0.0,0.0,9.706123638447909e-06,9.706123638447909e-06,9.706123638447909e-06,1.4559185457671864e-05
B_tbl_minus_hqql,mod.blocks.1.attn.h7,charged_hadron<-photon,0.019932481959379838,-9.703905174852148e-06,0.0,0.0,0.0,-9.703905174852148e-06,-9.703905174852148e-06,9.703905174852148e-06,1.4555857762278222e-05
signed_hqql_tbl,mod.blocks.5.attn.h6,photon<-photon,0.01123710553849861,-1.0089901742479363e-05,-1.222555516600336e-06,-2.200167940158382e-05,3.1622170458010842e-06,-8.867346225879028e-06,1.1911777659104458e-05,1.0089901742479363e-05,1.4523574855418878e-05
B_tbl_minus_hqql,mod.blocks.6.attn.h2,charged_hadron<-electron,0.018914876748686252,-9.65428594297365e-06,0.0,0.0,0.0,-9.65428594297365e-06,-9.65428594297365e-06,9.65428594297365e-06,1.4481428914460473e-05
B_tbl_minus_hqql,mod.blocks.0.attn.h4,photon<-charged_hadron,0.024601309421312743,-9.649431436899561e-06,0.0,0.0,0.0,-9.649431436899561e-06,-9.649431436899561e-06,9.649431436899561e-06,1.4474147155349342e-05
B_tbl_minus_hqql,mod.blocks.0.attn.h6,charged_hadron<-charged_hadron,0.023647148146209017,-9.60424968073462e-06,0.0,0.0,0.0,-9.60424968073462e-06,-9.60424968073462e-06,9.60424968073462e-06,1.440637452110193e-05
B_tbl_minus_hqql,mod.blocks.0.attn.h7,charged_hadron<-muon,0.026219287514686586,-9.577682067174465e-06,0.0,0.0,0.0,-9.577682067174465e-06,-9.577682067174465e-06,9.577682067174465e-06,1.4366523100761698e-05
signed_hqql_tbl,mod.blocks.0.attn.h6,charged_hadron<-photon,0.02284275184678768,3.6099676264852582e-06,-1.784110747204361e-05,1.5324894416388403e-05,-2.3689951659331786e-05,2.145107509852887e-05,-1.1714926789903145e-05,3.6099676264852582e-06,1.4335505175749693e-05
B_tbl_minus_hqql,mod.blocks.7.attn.h5,photon<-neutral_hadron,0.015203809781914629,9.554655182985878e-06,0.0,0.0,0.0,9.554655182985878e-06,9.554655182985878e-06,9.554655182985878e-06,1.4331982774478817e-05
B_tbl_minus_hqql,mod.blocks.2.attn.h7,electron<-charged_hadron,0.024661603829135067,-9.547796292716395e-06,0.0,0.0,0.0,-9.547796292716395e-06,-9.547796292716395e-06,9.547796292716395e-06,1.4321694439074593e-05
B_tbl_minus_hqql,mod.cls_blocks.1.attn.h7,charged_hadron<-neutral_hadron,0.014101816694541225,-9.547554139411158e-06,0.0,0.0,0.0,-9.547554139411158e-06,-9.547554139411158e-06,9.547554139411158e-06,1.4321331209116737e-05
signed_hqql_tbl,mod.blocks.3.attn.h6,photon<-photon,0.01845309260975804,5.929067328752102e-06,-1.0790540048806454e-05,-6.918003889221303e-06,1.1654591687128538e-05,1.6719607377558557e-05,1.2847071217973405e-05,5.929067328752102e-06,1.4288871017531382e-05
signed_hqql_tbl,mod.blocks.7.attn.h7,photon<-photon,0.016243899788890404,-4.817093583378139e-06,1.4072762336897756e-05,5.2384599234829e-06,6.815471950076176e-06,-1.8889855920275893e-05,-1.005555350686104e-05,4.817093583378139e-06,1.4262021543516086e-05
B_tbl_minus_hqql,mod.blocks.0.attn.h5,neutral_hadron<-photon,0.023998775110742592,9.486496101075033e-06,0.0,0.0,0.0,9.486496101075033e-06,9.486496101075033e-06,9.486496101075033e-06,1.4229744151612549e-05
B_tbl_minus_hqql,mod.blocks.1.attn.h2,photon<-neutral_hadron,0.014647759849640129,9.481673874112901e-06,0.0,0.0,0.0,9.481673874112901e-06,9.481673874112901e-06,9.481673874112901e-06,1.422251081116935e-05
B_tbl_minus_hqql,mod.blocks.3.attn.h6,photon<-charged_hadron,0.028677176540069158,-9.477962330543277e-06,0.0,0.0,0.0,-9.477962330543277e-06,-9.477962330543277e-06,9.477962330543277e-06,1.4216943495814915e-05
B_tbl_minus_hqql,mod.blocks.6.attn.h7,photon<-electron,0.017338256510656055,-9.4755256635303e-06,0.0,0.0,0.0,-9.4755256635303e-06,-9.4755256635303e-06,9.4755256635303e-06,1.421328849529545e-05
signed_hqql_tbl,mod.blocks.6.attn.h6,photon<-neutral_hadron,0.038363085412473505,-5.929690239142754e-06,-2.2457989238926806e-05,-2.3607810648540573e-05,-4.2860480762677704e-06,1.6528298999784054e-05,1.767812040939782e-05,5.929690239142754e-06,1.419383973903478e-05
signed_hqql_tbl,mod.blocks.7.attn.h3,electron<-photon,0.010779195397001942,1.9800650966871905e-06,-2.2368674438309555e-05,-8.5628397419111e-06,-1.8311585220296612e-05,2.4348739534996746e-05,1.0542904838598291e-05,1.9800650966871905e-06,1.4154434864185564e-05
B_tbl_minus_hqql,mod.blocks.2.attn.h7,neutral_hadron<-photon,0.02246758643215671,9.434270048833059e-06,0.0,0.0,0.0,9.434270048833059e-06,9.434270048833059e-06,9.434270048833059e-06,1.4151405073249588e-05
B_tbl_minus_hqql,mod.blocks.0.attn.h6,photon<-neutral_hadron,0.026976383383861373,-9.428507537880327e-06,0.0,0.0,0.0,-9.428507537880327e-06,-9.428507537880327e-06,9.428507537880327e-06,1.414276130682049e-05
signed_hqql_tbl,mod.cls_blocks.1.attn.h6,muon<-muon,0.0,0.0,-2.8213686164235696e-05,-0.00032984249022168416,0.0,2.8213686164235696e-05,0.00032984249022168416,0.0,1.4106843082117848e-05
signed_hqql_tbl,mod.blocks.2.attn.h3,neutral_hadron<-charged_hadron,0.024639266224864134,1.7107502737251872e-06,-2.302027882710267e-05,1.0465580954895086e-05,-1.274635416969561e-05,2.4731029100827855e-05,-8.754830681169898e-06,1.7107502737251872e-06,1.4076264824139115e-05
signed_hqql_tbl,mod.blocks.3.attn.h1,photon<-charged_hadron,0.027718183908673283,4.9846684159801046e-06,-1.3100585102909045e-05,-8.526327905014947e-06,-6.347590150834914e-06,1.808525351888915e-05,1.351099632099505e-05,4.9846684159801046e-06,1.402729517542468e-05
B_tbl_minus_hqql,mod.blocks.1.attn.h2,neutral_hadron<-photon,0.014231186609283747,9.339955519475758e-06,0.0,0.0,0.0,9.339955519475758e-06,9.339955519475758e-06,9.339955519475758e-06,1.4009933279213637e-05
B_tbl_minus_hqql,mod.blocks.4.attn.h0,photon<-neutral_hadron,0.019668390831589503,-9.318106673358975e-06,0.0,0.0,0.0,-9.318106673358975e-06,-9.318106673358975e-06,9.318106673358975e-06,1.3977160010038461e-05
signed_hqql_tbl,mod.blocks.5.attn.h4,electron<-electron,0.0027604612536379137,-8.792560836923258e-06,1.4774372818493475e-06,-2.4138922802150217e-05,6.871951278715945e-05,-1.0269998118772606e-05,1.534636196522696e-05,8.792560836923258e-06,1.3927559896309561e-05
B_tbl_minus_hqql,mod.blocks.7.attn.h7,neutral_hadron<-electron,0.030386504088528454,9.282189515147365e-06,0.0,0.0,0.0,9.282189515147365e-06,9.282189515147365e-06,9.282189515147365e-06,1.3923284272721047e-05
B_tbl_minus_hqql,mod.blocks.6.attn.h5,photon<-charged_hadron,0.027140120116386623,9.253153389960384e-06,0.0,0.0,0.0,9.253153389960384e-06,9.253153389960384e-06,9.253153389960384e-06,1.3879730084940576e-05
B_tbl_minus_hqql,mod.blocks.7.attn.h1,photon<-charged_hadron,0.027656662447676474,9.23696045987456e-06,0.0,0.0,0.0,9.23696045987456e-06,9.23696045987456e-06,9.23696045987456e-06,1.385544068981184e-05
B_tbl_minus_hqql,mod.blocks.1.attn.h6,charged_hadron<-photon,0.016873149170401346,-9.234952461392522e-06,0.0,0.0,0.0,-9.234952461392522e-06,-9.234952461392522e-06,9.234952461392522e-06,1.3852428692088783e-05
signed_hqql_tbl,mod.blocks.2.attn.h7,photon<-charged_hadron,0.026893720771726325,2.1634424223953046e-06,-2.1201090983618106e-05,-3.5629624418839225e-06,-3.375767427400797e-06,2.3364533406013412e-05,5.726404864279227e-06,2.1634424223953046e-06,1.3845709125402011e-05
B_tbl_minus_hqql,mod.blocks.2.attn.h0,photon<-neutral_hadron,0.014368900199698779,-9.203973978485906e-06,0.0,0.0,0.0,-9.203973978485906e-06,-9.203973978485906e-06,9.203973978485906e-06,1.3805960967728859e-05
B_tbl_minus_hqql,mod.blocks.4.attn.h6,charged_hadron<-muon,0.006087274849414825,-9.164523362414911e-06,0.0,0.0,0.0,-9.164523362414911e-06,-9.164523362414911e-06,9.164523362414911e-06,1.3746785043622367e-05
signed_hqql_tbl,mod.blocks.6.attn.h4,photon<-photon,0.015280547546422035,-7.650669811410187e-06,4.539024666389599e-06,-1.537820276016943e-05,2.8166136982321804e-06,-1.2189694477799786e-05,7.727532948759244e-06,7.650669811410187e-06,1.374551705031008e-05
signed_hqql_tbl,mod.blocks.1.attn.h7,neutral_hadron<-charged_hadron,0.026543841840331456,-7.42335574260583e-07,2.523971647328303e-05,7.601494641638635e-06,8.089957012876244e-07,-2.5982052047543612e-05,-8.343830215899218e-06,7.42335574260583e-07,1.373336159803239e-05
signed_hqql_tbl,mod.blocks.0.attn.h5,neutral_hadron<-photon,0.023998775694148575,9.486484563993792e-06,1.7946258719886952e-05,-2.366670994994223e-05,-1.8648772578365477e-05,-8.45977415589316e-06,3.315319451393602e-05,9.486484563993792e-06,1.3716371641940372e-05
B_tbl_minus_hqql,mod.blocks.6.attn.h1,charged_hadron<-photon,0.01138821026073635,9.105837937904803e-06,0.0,0.0,0.0,9.105837937904803e-06,9.105837937904803e-06,9.105837937904803e-06,1.3658756906857206e-05
B_tbl_minus_hqql,mod.blocks.0.attn.h4,photon<-photon,0.01898149605289257,9.105679167073992e-06,0.0,0.0,0.0,9.105679167073992e-06,9.105679167073992e-06,9.105679167073992e-06,1.3658518750610988e-05
signed_hqql_tbl,mod.cls_blocks.1.attn.h4,electron<-CLS,0.08389051258563995,-9.093449079955462e-06,0.0,0.0,0.0,-9.093449079955462e-06,-9.093449079955462e-06,9.093449079955462e-06,1.3640173619933194e-05
B_tbl_minus_hqql,mod.blocks.1.attn.h4,charged_hadron<-charged_hadron,0.022920199296277883,9.08598593036917e-06,0.0,0.0,0.0,9.08598593036917e-06,9.08598593036917e-06,9.08598593036917e-06,1.3628978895553753e-05
B_tbl_minus_hqql,mod.blocks.1.attn.h2,charged_hadron<-photon,0.019773951057571074,-9.074890619473151e-06,0.0,0.0,0.0,-9.074890619473151e-06,-9.074890619473151e-06,9.074890619473151e-06,1.3612335929209727e-05
signed_hqql_tbl,mod.cls_blocks.1.attn.h0,muon<-photon,0.0,0.0,-2.7165471692569554e-05,6.513115323077027e-05,0.0,2.7165471692569554e-05,-6.513115323077027e-05,0.0,1.3582735846284777e-05
B_tbl_minus_hqql,mod.blocks.6.attn.h5,neutral_hadron<-charged_hadron,0.02009745089331391,9.04729369784914e-06,0.0,0.0,0.0,9.04729369784914e-06,9.04729369784914e-06,9.04729369784914e-06,1.3570940546773712e-05
signed_hqql_tbl,mod.blocks.7.attn.h3,neutral_hadron<-muon,0.04342144231001536,1.6325266945689995e-07,-2.6597432224662043e-05,2.1779691259756585e-05,-8.906611360733526e-06,2.6760684894118942e-05,-2.1616438590299686e-05,1.6325266945689995e-07,1.3543595116516371e-05
B_tbl_minus_hqql,mod.blocks.2.attn.h7,charged_hadron<-electron,0.019758489630792454,9.021577111327687e-06,0.0,0.0,0.0,9.021577111327687e-06,9.021577111327687e-06,9.021577111327687e-06,1.353236566699153e-05
B_tbl_minus_hqql,mod.blocks.6.attn.h0,charged_hadron<-neutral_hadron,0.022839332962858266,-8.959657194698303e-06,0.0,0.0,0.0,-8.959657194698303e-06,-8.959657194698303e-06,8.959657194698303e-06,1.3439485792047454e-05
signed_hqql_tbl,mod.blocks.0.attn.h6,photon<-neutral_hadron,0.02697638416173602,-9.428509626899151e-06,-1.7439784762862594e-05,-3.4009850794247735e-05,-9.825635904559961e-07,8.011275135963442e-06,2.4581341167348584e-05,9.428509626899151e-06,1.3434147194880872e-05
B_tbl_minus_hqql,mod.blocks.6.attn.h0,charged_hadron<-photon,0.021991367004194313,-8.942383467192434e-06,0.0,0.0,0.0,-8.942383467192434e-06,-8.942383467192434e-06,8.942383467192434e-06,1.3413575200788652e-05
signed_hqql_tbl,mod.blocks.5.attn.h4,charged_hadron<-neutral_hadron,0.010808520883228338,-7.208325147634623e-06,5.142173845465673e-06,-2.7233588796157397e-05,4.049115260733317e-06,-1.2350498993100297e-05,2.0025263648522775e-05,7.208325147634623e-06,1.3383574644184773e-05
B_tbl_minus_hqql,mod.blocks.5.attn.h1,neutral_hadron<-neutral_hadron,0.033581679720841286,-8.908441098246711e-06,0.0,0.0,0.0,-8.908441098246711e-06,-8.908441098246711e-06,8.908441098246711e-06,1.3362661647370066e-05
signed_hqql_tbl,mod.blocks.6.attn.h7,charged_hadron<-neutral_hadron,0.017600188084343757,7.773670635213871e-07,-2.437694619984213e-05,-6.989423625277828e-06,-5.509639591756614e-06,2.5154313263363515e-05,7.766790688799215e-06,7.773670635213871e-07,1.3354523695203145e-05
signed_hqql_tbl,mod.blocks.2.attn.h6,neutral_hadron<-muon,0.006860695158441861,5.852560207131319e-06,-9.067527571460232e-06,9.179230119116255e-05,1.2465913338625493e-05,1.4920087778591551e-05,-8.593974098403123e-05,5.852560207131319e-06,1.3312604096427094e-05
B_tbl_minus_hqql,mod.blocks.7.attn.h6,neutral_hadron<-charged_hadron,0.030648871041764288,8.873916460550755e-06,0.0,0.0,0.0,8.873916460550755e-06,8.873916460550755e-06,8.873916460550755e-06,1.3310874690826133e-05
signed_hqql_tbl,mod.blocks.5.attn.h3,charged_hadron<-photon,0.019290911311602724,5.833872060744267e-06,-9.0864697698824e-06,-2.658262760700833e-07,-8.548143358285836e-06,1.4920341830626667e-05,6.09969833681435e-06,5.833872060744267e-06,1.32940429760576e-05
signed_hqql_tbl,mod.blocks.7.attn.h6,photon<-photon,0.012936803580788782,-4.352242175466878e-06,1.3516903344479258e-05,-4.6158996732749555e-06,1.7824672658676217e-05,-1.7869145519946134e-05,2.636574978080779e-07,4.352242175466878e-06,1.3286814935439946e-05
signed_hqql_tbl,mod.blocks.5.attn.h1,photon<-charged_hadron,0.025933592523659132,-2.0844976541773385e-06,2.027856387783735e-05,2.0381780080072824e-06,7.988335665338385e-06,-2.236306153201469e-05,-4.1226756621846205e-06,2.0844976541773385e-06,1.3266028420184683e-05
B_tbl_minus_hqql,mod.blocks.4.attn.h3,electron<-photon,0.01898497206772246,-8.81925601478121e-06,0.0,0.0,0.0,-8.81925601478121e-06,-8.81925601478121e-06,8.81925601478121e-06,1.3228884022171813e-05
B_tbl_minus_hqql,mod.blocks.2.attn.h1,electron<-muon,0.0010713504161685705,-8.818257811071817e-06,0.0,0.0,0.0,-8.818257811071817e-06,-8.818257811071817e-06,8.818257811071817e-06,1.3227386716607725e-05
signed_hqql_tbl,mod.blocks.2.attn.h1,electron<-muon,0.0010713505325838923,-8.818235073704273e-06,0.0,-0.0021283950190991163,8.915825674193911e-06,-8.818235073704273e-06,0.002119576784025412,8.818235073704273e-06,1.3227352610556409e-05
signed_hqql_tbl,mod.blocks.5.attn.h4,electron<-photon,0.013989730669957836,-2.2822177703435555e-06,1.9564212769702343e-05,-4.9469571409919235e-05,5.2213409534570845e-06,-2.18464305400459e-05,4.718735363957568e-05,2.2822177703435555e-06,1.3205433040366505e-05
B_tbl_minus_hqql,mod.blocks.4.attn.h4,charged_hadron<-electron,0.026249003351119387,-8.793812994504744e-06,0.0,0.0,0.0,-8.793812994504744e-06,-8.793812994504744e-06,8.793812994504744e-06,1.3190719491757116e-05
B_tbl_minus_hqql,mod.blocks.6.attn.h1,charged_hadron<-charged_hadron,0.0339699761930533,8.793415508788208e-06,0.0,0.0,0.0,8.793415508788208e-06,8.793415508788208e-06,8.793415508788208e-06,1.3190123263182312e-05
B_tbl_minus_hqql,mod.blocks.5.attn.h4,electron<-electron,0.0027604624585364943,-8.792568726789795e-06,0.0,0.0,0.0,-8.792568726789795e-06,-8.792568726789795e-06,8.792568726789795e-06,1.3188853090184692e-05
signed_hqql_tbl,mod.blocks.6.attn.h3,photon<-charged_hadron,0.028949615705079135,1.0318748456122385e-05,4.589940351068414e-06,1.2421159614057106e-05,7.969206837962322e-06,5.7288081050539706e-06,-2.1024111579347213e-06,1.0318748456122385e-05,1.318315250864937e-05
B_tbl_minus_hqql,mod.blocks.0.attn.h0,photon<-muon,0.05715743853495671,8.785438414913817e-06,0.0,0.0,0.0,8.785438414913817e-06,8.785438414913817e-06,8.785438414913817e-06,1.3178157622370725e-05
B_tbl_minus_hqql,mod.blocks.1.attn.h6,neutral_hadron<-photon,0.015925467549101565,8.778348428365846e-06,0.0,0.0,0.0,8.778348428365846e-06,8.778348428365846e-06,8.778348428365846e-06,1.3167522642548768e-05
signed_hqql_tbl,mod.blocks.4.attn.h4,photon<-muon,0.005203869480353136,-7.234592395924175e-07,-2.554390952214957e-05,4.004874133236379e-06,7.15397847536089e-06,2.482045028255715e-05,-4.728333372828796e-06,7.234592395924175e-07,1.3133684380870993e-05
B_tbl_minus_hqql,mod.blocks.6.attn.h6,neutral_hadron<-photon,0.010177287177393916,8.724252716144379e-06,0.0,0.0,0.0,8.724252716144379e-06,8.724252716144379e-06,8.724252716144379e-06,1.308637907421657e-05
signed_hqql_tbl,mod.blocks.7.attn.h7,charged_hadron<-neutral_hadron,0.020840329996844445,5.64382226059657e-06,-9.220337515134734e-06,-4.272321748784902e-06,-7.297225884115557e-06,1.4864159775731303e-05,9.916144009381471e-06,5.64382226059657e-06,1.3075902148462223e-05
signed_hqql_tbl,mod.blocks.0.attn.h1,charged_hadron<-photon,0.01731792413398047,3.8903209059055415e-06,-1.4405589690047723e-05,9.803673192062052e-07,1.2889488865449791e-05,1.8295910595953265e-05,2.9099535866993363e-06,3.8903209059055415e-06,1.3038276203882173e-05
signed_hqql_tbl,mod.blocks.6.attn.h3,photon<-photon,0.010023897394579803,7.0669502503903585e-06,-4.838661477585548e-06,1.4628329085197025e-05,-3.2685148671858966e-06,1.1905611727975907e-05,-7.561378834806666e-06,7.0669502503903585e-06,1.3019756114378311e-05
signed_hqql_tbl,mod.blocks.7.attn.h7,neutral_hadron<-electron,0.030386503715999425,9.282181170533477e-06,1.673806514190801e-05,6.827047628614007e-05,1.208858381741105e-05,-7.455883971374532e-06,-5.898829511560659e-05,9.282181170533477e-06,1.3010123156220743e-05
signed_hqql_tbl,mod.blocks.5.attn.h3,charged_hadron<-charged_hadron,0.027182392652209453,7.536483276827008e-06,-3.3842895946910375e-06,5.420109864270424e-05,8.123804958321626e-06,1.0920772871518046e-05,-4.666461536587723e-05,7.536483276827008e-06,1.2996869712586031e-05
signed_hqql_tbl,mod.blocks.6.attn.h4,photon<-charged_hadron,0.027845834417896377,-1.9943835021228816e-06,1.9932675519873856e-05,-1.4177519268144858e-06,1.495817176510921e-05,-2.1927059021996738e-05,-5.766315753083958e-07,1.9943835021228816e-06,1.295791301312125e-05
signed_hqql_tbl,mod.blocks.6.attn.h0,photon<-electron,0.04364621312153048,-3.9059308087084125e-07,-2.5521500382248113e-05,-5.051899653116292e-05,-1.9088344362733716e-05,2.5130907301377273e-05,5.012840345029208e-05,3.9059308087084125e-07,1.2956046731559478e-05
B_tbl_minus_hqql,mod.blocks.1.attn.h3,neutral_hadron<-muon,0.01734778160850207,8.635781341581605e-06,0.0,0.0,0.0,8.635781341581605e-06,8.635781341581605e-06,8.635781341581605e-06,1.2953672012372408e-05
B_tbl_minus_hqql,mod.blocks.6.attn.h4,charged_hadron<-charged_hadron,0.03737358059153411,-8.624947818078974e-06,0.0,0.0,0.0,-8.624947818078974e-06,-8.624947818078974e-06,8.624947818078974e-06,1.293742172711846e-05
B_tbl_minus_hqql,mod.blocks.2.attn.h2,photon<-neutral_hadron,0.014273309858354814,-8.618325253984273e-06,0.0,0.0,0.0,-8.618325253984273e-06,-8.618325253984273e-06,8.618325253984273e-06,1.292748788097641e-05
signed_hqql_tbl,mod.blocks.6.attn.h7,neutral_hadron<-electron,0.015198180684819818,-1.810793980894232e-06,-2.4040682319537154e-05,-9.53612988041641e-06,2.169600370774895e-05,2.222988833864292e-05,7.725335899522179e-06,1.810793980894232e-06,1.2925738150215692e-05
B_tbl_minus_hqql,mod.blocks.3.attn.h1,charged_hadron<-neutral_hadron,0.015553804657489154,8.582434026056574e-06,0.0,0.0,0.0,8.582434026056574e-06,8.582434026056574e-06,8.582434026056574e-06,1.2873651039084861e-05
signed_hqql_tbl,mod.blocks.7.attn.h3,charged_hadron<-neutral_hadron,0.019573406879804724,-6.564953076073569e-06,6.0173205924542885e-06,-4.767421917150318e-06,8.671696637622541e-06,-1.2582273668527858e-05,-1.7975311589232514e-06,6.564953076073569e-06,1.2856089910337498e-05
signed_hqql_tbl,mod.blocks.6.attn.h5,neutral_hadron<-charged_hadron,0.02009745243481334,9.047298213960763e-06,1.440374933178998e-06,-1.7085589042791378e-06,-1.7543709156491427e-06,7.606923280781765e-06,1.0755857118239901e-05,9.047298213960763e-06,1.2850759854351646e-05
B_tbl_minus_hqql,mod.blocks.2.attn.h7,charged_hadron<-charged_hadron,0.026151568287062974,8.567005633473076e-06,0.0,0.0,0.0,8.567005633473076e-06,8.567005633473076e-06,8.567005633473076e-06,1.2850508450209614e-05
signed_hqql_tbl,mod.blocks.4.attn.h4,charged_hadron<-electron,0.026249009981731197,-8.793805208192087e-06,-8.143135831536104e-07,-1.6470821667040112e-05,8.877291739500598e-06,-7.979491625038476e-06,7.677016458848025e-06,8.793805208192087e-06,1.2783551020711324e-05
B_tbl_minus_hqql,mod.blocks.3.attn.h6,photon<-muon,0.011494882977925815,-8.488595575237503e-06,0.0,0.0,0.0,-8.488595575237503e-06,-8.488595575237503e-06,8.488595575237503e-06,1.2732893362856255e-05
signed_hqql_tbl,mod.blocks.1.attn.h3,neutral_hadron<-photon,0.01640292822245089,5.7893387200276646e-06,-8.06942928802103e-06,-3.0677730941221407e-07,3.1094780314851903e-06,1.3858768008048694e-05,6.096116029439879e-06,5.7893387200276646e-06,1.2718722724052011e-05
signed_hqql_tbl,mod.blocks.3.attn.h7,neutral_hadron<-neutral_hadron,0.010560508501508631,-5.005812480038504e-06,1.0403383957036279e-05,-8.480273031620125e-06,4.0497262809404505e-06,-1.5409196437074785e-05,3.4744605515816203e-06,5.005812480038504e-06,1.2710410698575897e-05
B_tbl_minus_hqql,mod.blocks.1.attn.h1,photon<-charged_hadron,0.025528916996486937,8.462110564620132e-06,0.0,0.0,0.0,8.462110564620132e-06,8.462110564620132e-06,8.462110564620132e-06,1.2693165846930199e-05
B_tbl_minus_hqql,mod.blocks.4.attn.h3,charged_hadron<-muon,0.012764157354831695,8.452327165286988e-06,0.0,0.0,0.0,8.452327165286988e-06,8.452327165286988e-06,8.452327165286988e-06,1.2678490747930482e-05
signed_hqql_tbl,mod.blocks.1.attn.h7,charged_hadron<-photon,0.01993248187705298,-9.703907104387869e-06,-1.564392180940335e-05,-1.6280388586895703e-05,-7.5747352566000725e-06,5.940014705015482e-06,6.576481482507834e-06,9.703907104387869e-06,1.267391445689561e-05
B_tbl_minus_hqql,mod.blocks.6.attn.h5,neutral_hadron<-photon,0.025650946098284076,8.447192724965829e-06,0.0,0.0,0.0,8.447192724965829e-06,8.447192724965829e-06,8.447192724965829e-06,1.2670789087448743e-05
B_tbl_minus_hqql,mod.blocks.5.attn.h2,neutral_hadron<-charged_hadron,0.03047617092775327,-8.43219382647895e-06,0.0,0.0,0.0,-8.43219382647895e-06,-8.43219382647895e-06,8.43219382647895e-06,1.2648290739718425e-05
signed_hqql_tbl,mod.blocks.4.attn.h3,electron<-photon,0.018984972431165415,-8.819349005068767e-06,-1.1627707863226533e-06,-0.00016804413203379674,1.8957009623673828e-05,-7.656578218746113e-06,0.00015922478302872798,8.819349005068767e-06,1.2647638114441823e-05
signed_hqql_tbl,mod.blocks.7.attn.h0,neutral_hadron<-photon,0.018934141388725106,-8.150788524803317e-06,7.273846335082112e-07,-1.723366559087589e-06,7.831295503610551e-06,-8.878173158311529e-06,-6.427421965715728e-06,8.150788524803317e-06,1.2589875103959082e-05
signed_hqql_tbl,mod.blocks.3.attn.h0,neutral_hadron<-electron,0.016031588986516,3.958662682634895e-06,2.1175128495087847e-05,2.0576783678431337e-05,6.211243560434977e-05,-1.7216465812452954e-05,-1.661812099579644e-05,3.958662682634895e-06,1.2566895588861372e-05
B_tbl_minus_hqql,mod.blocks.5.attn.h6,neutral_hadron<-muon,0.015963477392991383,-8.359478670172393e-06,0.0,0.0,0.0,-8.359478670172393e-06,-8.359478670172393e-06,8.359478670172393e-06,1.253921800525859e-05
B_tbl_minus_hqql,mod.blocks.3.attn.h5,neutral_hadron<-neutral_hadron,0.010123780520481481,8.352268801970912e-06,0.0,0.0,0.0,8.352268801970912e-06,8.352268801970912e-06,8.352268801970912e-06,1.2528403202956367e-05
B_tbl_minus_hqql,mod.blocks.1.attn.h1,neutral_hadron<-charged_hadron,0.02807527827244941,8.35165297860706e-06,0.0,0.0,0.0,8.35165297860706e-06,8.35165297860706e-06,8.35165297860706e-06,1.252747946791059e-05
signed_hqql_tbl,mod.blocks.6.attn.h1,photon<-photon,0.016859384977555427,2.7191208945016075e-06,-1.6897523897046602e-05,5.079251017800553e-06,-1.554063585695662e-05,1.9616644791548208e-05,-2.3601301232989456e-06,2.7191208945016075e-06,1.2527443290275712e-05
signed_hqql_tbl,mod.blocks.6.attn.h7,photon<-charged_hadron,0.02838305890230843,2.8376558043293587e-06,-1.647190284058313e-05,-6.337278106475966e-06,-5.758970493229166e-06,1.930955864491249e-05,9.174933910805325e-06,2.8376558043293587e-06,1.2492435126785604e-05
signed_hqql_tbl,mod.blocks.6.attn.h0,charged_hadron<-photon,0.021991366921867456,-8.942382718492377e-06,-1.8870448300417633e-06,-1.1362059265913851e-05,-3.1541749671083454e-06,-7.055337888450614e-06,2.419676547421474e-06,8.942382718492377e-06,1.2470051662717684e-05
B_tbl_minus_hqql,mod.blocks.2.attn.h7,muon<-charged_hadron,0.017282530665397644,-8.310176781378686e-06,0.0,0.0,0.0,-8.310176781378686e-06,-8.310176781378686e-06,8.310176781378686e-06,1.246526517206803e-05
signed_hqql_tbl,mod.blocks.0.attn.h0,photon<-photon,0.019509213367638105,1.0375020489593019e-05,6.262380410290221e-06,-2.6683146583240942e-06,-8.352968972404503e-06,4.112640079302798e-06,1.3043335147917113e-05,1.0375020489593019e-05,1.2431340529244417e-05
signed_hqql_tbl,mod.blocks.6.attn.h5,photon<-neutral_hadron,0.009263662101782944,1.2794493423257522e-06,-2.1012418507469627e-05,4.666800562548124e-06,-3.2236585097561606e-06,2.2291867849795378e-05,-3.387351220222372e-06,1.2794493423257522e-06,1.2425383267223441e-05
signed_hqql_tbl,mod.blocks.0.attn.h6,neutral_hadron<-photon,0.017143031585274863,-7.910524904393692e-06,1.0960449633950537e-06,-1.9442761578950888e-05,4.337575817693002e-06,-9.006569867788746e-06,1.1532236674557196e-05,7.910524904393692e-06,1.2413809838288065e-05
signed_hqql_tbl,mod.blocks.1.attn.h4,neutral_hadron<-charged_hadron,0.031069454821673306,6.178300869367399e-06,-6.256926910184022e-06,-5.94561495617091e-06,1.455100878050488e-06,1.2435227779551421e-05,1.2123915825538309e-05,6.178300869367399e-06,1.239591475914311e-05
B_tbl_minus_hqql,mod.blocks.6.attn.h4,photon<-neutral_hadron,0.018423703655624856,-8.243304066222122e-06,0.0,0.0,0.0,-8.243304066222122e-06,-8.243304066222122e-06,8.243304066222122e-06,1.2364956099333184e-05
B_tbl_minus_hqql,mod.blocks.3.attn.h2,photon<-photon,0.013128495015355452,-8.24115163468657e-06,0.0,0.0,0.0,-8.24115163468657e-06,-8.24115163468657e-06,8.24115163468657e-06,1.2361727452029857e-05
signed_hqql_tbl,mod.blocks.0.attn.h2,electron<-neutral_hadron,0.01113067102851346,1.7437321275792783e-06,2.295102146021577e-05,-3.4916720612325015e-05,-0.0007423710813942735,-2.1207289332636492e-05,3.6660452739904294e-05,1.7437321275792783e-06,1.2347376793897524e-05
signed_hqql_tbl,mod.blocks.7.attn.h1,electron<-photon,0.01267679285530637,-2.8872927775476613e-06,-2.1787154894679717e-05,4.0471857299626335e-05,-1.230301197872243e-05,1.8899862117132057e-05,-4.3359150077174e-05,2.8872927775476613e-06,1.233722383611369e-05
B_tbl_minus_hqql,mod.blocks.1.attn.h4,muon<-charged_hadron,0.013418705761432647,-8.208690269384534e-06,0.0,0.0,0.0,-8.208690269384534e-06,-8.208690269384534e-06,8.208690269384534e-06,1.2313035404076801e-05
signed_hqql_tbl,mod.blocks.2.attn.h7,neutral_hadron<-charged_hadron,0.025699546718298456,5.215487000787905e-06,-8.966136269632157e-06,8.490710851221987e-06,-2.53063143259641e-06,1.4181623270420062e-05,-3.275223850434082e-06,5.215487000787905e-06,1.2306298635997937e-05
signed_hqql_tbl,mod.blocks.1.attn.h1,neutral_hadron<-electron,0.05551386070437729,-2.504378971934784e-06,-2.2081945644458756e-05,-0.00021234002999411436,3.0706853388384095e-05,1.957756667252397e-05,0.00020983565102217956,2.504378971934784e-06,1.2293162308196769e-05
B_tbl_minus_hqql,mod.blocks.0.attn.h5,neutral_hadron<-charged_hadron,0.023329954582695676,8.187082438378633e-06,0.0,0.0,0.0,8.187082438378633e-06,8.187082438378633e-06,8.187082438378633e-06,1.2280623657567949e-05
B_tbl_minus_hqql,mod.blocks.2.attn.h1,charged_hadron<-photon,0.021183269787888502,8.178754746724173e-06,0.0,0.0,0.0,8.178754746724173e-06,8.178754746724173e-06,8.178754746724173e-06,1.226813212008626e-05
signed_hqql_tbl,mod.blocks.1.attn.h1,photon<-charged_hadron,0.025528916749506365,8.462109760646914e-06,1.6060182020947684e-05,3.286341437763852e-06,8.301297271301224e-06,-7.5980722603007694e-06,5.175768322883062e-06,8.462109760646914e-06,1.22611458907973e-05
B_tbl_minus_hqql,mod.blocks.7.attn.h0,neutral_hadron<-photon,0.018934140294838885,-8.150786608632995e-06,0.0,0.0,0.0,-8.150786608632995e-06,-8.150786608632995e-06,8.150786608632995e-06,1.2226179912949493e-05
B_tbl_minus_hqql,mod.blocks.7.attn.h3,electron<-neutral_hadron,0.010319462791085244,8.147817555936854e-06,0.0,0.0,0.0,8.147817555936854e-06,8.147817555936854e-06,8.147817555936854e-06,1.2221726333905282e-05
signed_hqql_tbl,mod.blocks.0.attn.h0,neutral_hadron<-neutral_hadron,0.017135030214013303,-3.259975178636761e-06,1.4648652319686548e-05,-3.319099529383595e-05,-5.908262084853866e-06,-1.7908627498323307e-05,2.9931020115199188e-05,3.259975178636761e-06,1.2214288927798414e-05
signed_hqql_tbl,mod.blocks.5.attn.h3,photon<-neutral_hadron,0.015275634229669368,3.91254974420898e-06,-1.2690837341858445e-05,-7.404822600844034e-06,-1.8534008842688543e-05,1.6603387086067426e-05,1.1317372345053014e-05,3.91254974420898e-06,1.2214243287242693e-05
B_tbl_minus_hqql,mod.blocks.5.attn.h2,electron<-electron,0.01449390807819526,-8.101033763199816e-06,0.0,0.0,0.0,-8.101033763199816e-06,-8.101033763199816e-06,8.101033763199816e-06,1.2151550644799724e-05
signed_hqql_tbl,mod.blocks.5.attn.h2,electron<-electron,0.014493906578809047,-8.101083663089591e-06,-6.150700071483328e-08,2.524125972927196e-07,-2.678038096282087e-07,-8.039576662374758e-06,-8.353496260382312e-06,8.101083663089591e-06,1.212087199427697e-05
B_tbl_minus_hqql,mod.blocks.2.attn.h1,neutral_hadron<-neutral_hadron,0.011851848871683678,8.074117406225146e-06,0.0,0.0,0.0,8.074117406225146e-06,8.074117406225146e-06,8.074117406225146e-06,1.2111176109337718e-05
B_tbl_minus_hqql,mod.blocks.5.attn.h2,charged_hadron<-electron,0.008599069273180288,-8.070224240604464e-06,0.0,0.0,0.0,-8.070224240604464e-06,-8.070224240604464e-06,8.070224240604464e-06,1.2105336360906696e-05
signed_hqql_tbl,mod.blocks.5.attn.h7,neutral_hadron<-charged_hadron,0.029854076315990435,4.793197639796702e-06,1.9402926651916155e-05,4.283366362555627e-06,-2.1874046579980656e-06,-1.4609729012119452e-05,5.098312772410754e-07,4.793197639796702e-06,1.2098062145856429e-05
B_tbl_minus_hqql,mod.blocks.7.attn.h2,neutral_hadron<-charged_hadron,0.023975165613392677,-8.052369634139857e-06,0.0,0.0,0.0,-8.052369634139857e-06,-8.052369634139857e-06,8.052369634139857e-06,1.2078554451209786e-05
B_tbl_minus_hqql,mod.cls_blocks.1.attn.h7,neutral_hadron<-neutral_hadron,0.009751453852424255,-8.046018102994332e-06,0.0,0.0,0.0,-8.046018102994332e-06,-8.046018102994332e-06,8.046018102994332e-06,1.2069027154491498e-05
signed_hqql_tbl,mod.blocks.3.attn.h2,photon<-photon,0.013128495153306358,-8.241145769656099e-06,-6.023632224634032e-07,-1.569598650692352e-05,8.95870112065409e-06,-7.638782547192696e-06,7.454840737267419e-06,8.241145769656099e-06,1.2060537043252447e-05
B_tbl_minus_hqql,mod.blocks.4.attn.h7,photon<-neutral_hadron,0.028051539745066332,8.025662862425321e-06,0.0,0.0,0.0,8.025662862425321e-06,8.025662862425321e-06,8.025662862425321e-06,1.2038494293637981e-05
signed_hqql_tbl,mod.blocks.6.attn.h6,electron<-photon,0.0029611264060183267,7.726721444824517e-06,-8.780796285634551e-07,2.7889496618938633e-05,2.648102971844227e-05,8.604801073387972e-06,-2.0162775174114115e-05,7.726721444824517e-06,1.2029121981518503e-05
signed_hqql_tbl,mod.blocks.7.attn.h0,charged_hadron<-neutral_hadron,0.014703647002904767,-1.0080637161349542e-05,-6.199807476887882e-06,-6.464427768863475e-06,3.4309708390904238e-06,-3.88082968446166e-06,-3.616209392486067e-06,1.0080637161349542e-05,1.2021052003580372e-05
signed_hqql_tbl,mod.blocks.6.attn.h6,charged_hadron<-charged_hadron,0.03890793744965734,3.2909623543833713e-06,-1.4158367916540323e-05,-1.3243342960439197e-05,1.9856782355577675e-05,1.7449330270923696e-05,1.653430531482257e-05,3.2909623543833713e-06,1.201562748984522e-05
signed_hqql_tbl,mod.blocks.7.attn.h6,neutral_hadron<-neutral_hadron,0.00750748319847529,-7.857861630730057e-07,2.1649555560399207e-05,-6.872365670173181e-06,1.1035625828053155e-05,-2.2435341723472213e-05,6.086579507100175e-06,7.857861630730057e-07,1.2003457024809112e-05
signed_hqql_tbl,mod.blocks.0.attn.h4,neutral_hadron<-charged_hadron,0.029976701848559245,3.680163851375677e-06,-1.2963743637072611e-05,-1.8384040589954187e-05,-8.260964183220153e-06,1.664390748844829e-05,2.2064204441329863e-05,3.680163851375677e-06,1.200211759559982e-05
B_tbl_minus_hqql,mod.blocks.7.attn.h0,photon<-charged_hadron,0.02800170739711319,8.000688316546206e-06,0.0,0.0,0.0,8.000688316546206e-06,8.000688316546206e-06,8.000688316546206e-06,1.2001032474819308e-05
B_tbl_minus_hqql,mod.blocks.5.attn.h7,photon<-charged_hadron,0.028966521360597557,-7.978617241805502e-06,0.0,0.0,0.0,-7.978617241805502e-06,-7.978617241805502e-06,7.978617241805502e-06,1.1967925862708254e-05
B_tbl_minus_hqql,mod.blocks.6.attn.h5,charged_hadron<-neutral_hadron,0.006816158690095695,7.976116931190362e-06,0.0,0.0,0.0,7.976116931190362e-06,7.976116931190362e-06,7.976116931190362e-06,1.1964175396785542e-05
signed_hqql_tbl,mod.blocks.7.attn.h3,photon<-muon,0.04021861002995418,5.95757424329909e-06,-6.047667389234098e-06,3.945465300189839e-05,-0.000324076589162427,1.2005241632533187e-05,-3.34970787585993e-05,5.95757424329909e-06,1.1960195059565684e-05
signed_hqql_tbl,mod.blocks.6.attn.h7,charged_hadron<-photon,0.015526690350547021,2.4382808462771147e-06,-1.646565688124022e-05,-6.258746171998648e-06,-4.984303200310824e-06,1.8903937727517335e-05,8.697027018275763e-06,2.4382808462771147e-06,1.1890249710035782e-05
signed_hqql_tbl,mod.blocks.0.attn.h4,neutral_hadron<-neutral_hadron,0.010372763532526502,1.1000636144087266e-05,9.233525076155459e-06,1.730974407035515e-06,-7.4414903319477015e-06,1.7671110679318074e-06,9.269661737051752e-06,1.1000636144087266e-05,1.188419167805317e-05
B_tbl_minus_hqql,mod.blocks.3.attn.h4,neutral_hadron<-photon,0.018323697113290696,-7.915420306361848e-06,0.0,0.0,0.0,-7.915420306361848e-06,-7.915420306361848e-06,7.915420306361848e-06,1.1873130459542772e-05
signed_hqql_tbl,mod.blocks.3.attn.h4,photon<-neutral_hadron,0.017794844206744657,-5.2794916578549524e-06,-1.8457589584204805e-05,-4.159807558658396e-05,7.626161689458377e-06,1.3178097926349851e-05,3.6318583928729006e-05,5.2794916578549524e-06,1.1868540621029879e-05
B_tbl_minus_hqql,mod.blocks.0.attn.h6,neutral_hadron<-photon,0.01714303148804053,-7.91051659579609e-06,0.0,0.0,0.0,-7.91051659579609e-06,-7.91051659579609e-06,7.91051659579609e-06,1.1865774893694135e-05
signed_hqql_tbl,mod.blocks.5.attn.h4,photon<-neutral_hadron,0.009719562046776783,-5.856992599515927e-06,6.109148642334701e-06,-8.741147582624959e-06,5.654830481106569e-06,-1.1966141241850628e-05,2.884154983109032e-06,5.856992599515927e-06,1.184006322044124e-05
signed_hqql_tbl,mod.cls_blocks.1.attn.h2,muon<-CLS,0.0,0.0,-2.3665919798077084e-05,0.0,0.0,2.3665919798077084e-05,0.0,0.0,1.1832959899038542e-05
B_tbl_minus_hqql,mod.blocks.6.attn.h2,photon<-neutral_hadron,0.020396339805830166,-7.877530556789438e-06,0.0,0.0,0.0,-7.877530556789438e-06,-7.877530556789438e-06,7.877530556789438e-06,1.1816295835184156e-05
B_tbl_minus_hqql,mod.blocks.4.attn.h2,charged_hadron<-charged_hadron,0.03066378542282363,-7.873093620182018e-06,0.0,0.0,0.0,-7.873093620182018e-06,-7.873093620182018e-06,7.873093620182018e-06,1.1809640430273027e-05
signed_hqql_tbl,mod.blocks.7.attn.h4,electron<-muon,0.018435493111610413,7.868857210269198e-06,0.0,1.0426813787489664e-05,6.892660167068243e-06,7.868857210269198e-06,-2.557956577220466e-06,7.868857210269198e-06,1.1803285815403797e-05
B_tbl_minus_hqql,mod.blocks.7.attn.h4,electron<-muon,0.018435480073094368,7.868778084230144e-06,0.0,0.0,0.0,7.868778084230144e-06,7.868778084230144e-06,7.868778084230144e-06,1.1803167126345215e-05
B_tbl_minus_hqql,mod.blocks.2.attn.h2,charged_hadron<-neutral_hadron,0.011595010278647223,-7.840218145860474e-06,0.0,0.0,0.0,-7.840218145860474e-06,-7.840218145860474e-06,7.840218145860474e-06,1.1760327218790711e-05
signed_hqql_tbl,mod.blocks.7.attn.h7,charged_hadron<-photon,0.020589666224974955,-5.441355714040618e-06,7.13626048293402e-06,6.663882643748385e-06,3.64670634138709e-06,-1.2577616196974639e-05,-1.2105238357789002e-05,5.441355714040618e-06,1.1730163812527937e-05
signed_hqql_tbl,mod.blocks.1.attn.h2,charged_hadron<-charged_hadron,0.026969835339024164,-6.437064494102283e-06,4.11967948572761e-06,-4.6349820728440004e-06,-1.1263909943346662e-05,-1.0556743979829893e-05,-1.802082421258283e-06,6.437064494102283e-06,1.171543648401723e-05
signed_hqql_tbl,mod.blocks.1.attn.h1,electron<-electron,0.0018229016382974804,-2.7446155073107548e-06,-2.0656679112107668e-05,6.764071210656968e-05,0.00011432895888200771,1.7912063604796913e-05,-7.038532761388044e-05,2.7446155073107548e-06,1.1700647309709211e-05
signed_hqql_tbl,mod.blocks.7.attn.h1,photon<-electron,0.02204795151085752,6.196126677667319e-06,-4.794622587464151e-06,5.935427967191049e-05,6.65698528543792e-07,1.099074926513147e-05,-5.315815299424317e-05,6.196126677667319e-06,1.1691501310233055e-05
B_tbl_minus_hqql,mod.blocks.2.attn.h0,neutral_hadron<-charged_hadron,0.02648477784144841,7.787629867813384e-06,0.0,0.0,0.0,7.787629867813384e-06,7.787629867813384e-06,7.787629867813384e-06,1.1681444801720076e-05
signed_hqql_tbl,mod.blocks.1.attn.h0,photon<-charged_hadron,0.02378573849056307,-6.312773681473429e-07,-2.272535127998866e-05,1.017667490280479e-05,1.091416398208941e-06,2.2094073911841317e-05,-1.0807952270952134e-05,6.312773681473429e-07,1.1678314324068002e-05
signed_hqql_tbl,mod.blocks.6.attn.h6,neutral_hadron<-neutral_hadron,0.007482435385299214,4.585827490339521e-06,-9.444793321385394e-06,-1.229693172798538e-06,-2.4632059444113518e-06,1.4030620811724915e-05,5.815520663138059e-06,4.585827490339521e-06,1.1601137896201978e-05
signed_hqql_tbl,mod.blocks.6.attn.h7,photon<-electron,0.017338265210571812,-9.47552548606792e-06,-1.3721895811613649e-05,-3.977214245959695e-05,2.1572233097024517e-05,4.246370325545729e-06,3.029661697352903e-05,9.47552548606792e-06,1.1598710648840785e-05
B_tbl_minus_hqql,mod.blocks.2.attn.h4,charged_hadron<-charged_hadron,0.026261841426414106,7.730899001353054e-06,0.0,0.0,0.0,7.730899001353054e-06,7.730899001353054e-06,7.730899001353054e-06,1.1596348502029581e-05
B_tbl_minus_hqql,mod.blocks.6.attn.h6,electron<-photon,0.002961125645059638,7.726705756040911e-06,0.0,0.0,0.0,7.726705756040911e-06,7.726705756040911e-06,7.726705756040911e-06,1.1590058634061367e-05
signed_hqql_tbl,mod.blocks.3.attn.h7,photon<-charged_hadron,0.02584865853931364,6.103287817179019e-06,-4.7145377225342954e-06,-2.0789344612211904e-07,-3.488686544074354e-06,1.0817825539713316e-05,6.311181263301138e-06,6.103287817179019e-06,1.1512200587035677e-05
B_tbl_minus_hqql,mod.blocks.6.attn.h4,photon<-photon,0.015280546817252962,-7.65066906084025e-06,0.0,0.0,0.0,-7.65066906084025e-06,-7.65066906084025e-06,7.65066906084025e-06,1.1476003591260376e-05
B_tbl_minus_hqql,mod.blocks.1.attn.h5,neutral_hadron<-charged_hadron,0.024523821790763952,-7.622227587552484e-06,0.0,0.0,0.0,-7.622227587552484e-06,-7.622227587552484e-06,7.622227587552484e-06,1.1433341381328725e-05
signed_hqql_tbl,mod.blocks.0.attn.h2,charged_hadron<-charged_hadron,0.027950794792265848,5.091340219904717e-06,-7.5611158317372285e-06,9.619512170360275e-06,2.3607339009311686e-06,1.2652456051641946e-05,-4.528171950455558e-06,5.091340219904717e-06,1.1417568245725691e-05
signed_hqql_tbl,mod.blocks.1.attn.h3,charged_hadron<-charged_hadron,0.02663502238147299,5.1816657608842755e-06,1.7649335483166153e-05,2.8110030607262913e-05,-9.912494179876685e-06,-1.2467669722281878e-05,-2.292836484637864e-05,5.1816657608842755e-06,1.1415500622025214e-05
signed_hqql_tbl,mod.blocks.3.attn.h1,photon<-photon,0.016963065724901808,6.437560264821766e-06,-3.4902218475662456e-06,-1.4868132824214288e-06,-1.1964973704402383e-05,9.927782112388012e-06,7.924373547243194e-06,6.437560264821766e-06,1.1401451321015772e-05
B_tbl_minus_hqql,mod.blocks.5.attn.h2,photon<-charged_hadron,0.03116931967972392,-7.590068553176256e-06,0.0,0.0,0.0,-7.590068553176256e-06,-7.590068553176256e-06,7.590068553176256e-06,1.1385102829764384e-05
signed_hqql_tbl,mod.blocks.3.attn.h3,neutral_hadron<-charged_hadron,0.030273323756026625,-9.834027433473044e-06,-6.761808866825844e-06,-1.333801897432867e-05,-6.056522222038468e-07,-3.0722185666472e-06,3.5039915408556253e-06,9.834027433473044e-06,1.1370136716796644e-05
B_tbl_minus_hqql,mod.blocks.5.attn.h3,charged_hadron<-charged_hadron,0.027182393708661455,7.5364834103942e-06,0.0,0.0,0.0,7.5364834103942e-06,7.5364834103942e-06,7.5364834103942e-06,1.13047251155913e-05
signed_hqql_tbl,mod.blocks.3.attn.h5,photon<-neutral_hadron,0.006865422097057542,5.690443604432698e-06,-5.355414443409656e-06,1.134863865852247e-06,3.2977803852587257e-06,1.1045858047842354e-05,4.555579738580451e-06,5.690443604432698e-06,1.1213372628353875e-05
B_tbl_minus_hqql,mod.blocks.5.attn.h2,photon<-electron,0.01195008294066278,7.47393444659637e-06,0.0,0.0,0.0,7.47393444659637e-06,7.47393444659637e-06,7.47393444659637e-06,1.1210901669894555e-05
B_tbl_minus_hqql,mod.blocks.6.attn.h2,neutral_hadron<-charged_hadron,0.029583345479726044,-7.470815354369896e-06,0.0,0.0,0.0,-7.470815354369896e-06,-7.470815354369896e-06,7.470815354369896e-06,1.1206223031554844e-05
B_tbl_minus_hqql,mod.blocks.3.attn.h6,neutral_hadron<-muon,0.0179827647904555,7.449403710779734e-06,0.0,0.0,0.0,7.449403710779734e-06,7.449403710779734e-06,7.449403710779734e-06,1.1174105566169601e-05
B_tbl_minus_hqql,mod.blocks.2.attn.h4,photon<-electron,0.04914519227132565,7.423170822354533e-06,0.0,0.0,0.0,7.423170822354533e-06,7.423170822354533e-06,7.423170822354533e-06,1.11347562335318e-05
signed_hqql_tbl,mod.blocks.7.attn.h2,photon<-charged_hadron,0.027700592141125083,-2.8450790749610662e-06,1.3727945459539075e-05,-1.208132057794346e-05,1.2858991775534055e-05,-1.6573024534500142e-05,9.236241502982394e-06,2.8450790749610662e-06,1.1131591342211137e-05
B_tbl_minus_hqql,mod.blocks.5.attn.h5,electron<-charged_hadron,0.014071980410295984,-7.412776935582413e-06,0.0,0.0,0.0,-7.412776935582413e-06,-7.412776935582413e-06,7.412776935582413e-06,1.111916540337362e-05
B_tbl_minus_hqql,mod.blocks.2.attn.h4,neutral_hadron<-neutral_hadron,0.020099639339708188,-7.4093358670591705e-06,0.0,0.0,0.0,-7.4093358670591705e-06,-7.4093358670591705e-06,7.4093358670591705e-06,1.1114003800588756e-05
signed_hqql_tbl,mod.blocks.7.attn.h4,charged_hadron<-charged_hadron,0.029218647238158937,-3.209623057453584e-06,1.2369454686295831e-05,6.408197223430503e-06,7.579661177190505e-07,-1.5579077743749414e-05,-9.617820280884087e-06,3.209623057453584e-06,1.0999161929328291e-05
B_tbl_minus_hqql,mod.blocks.0.attn.h6,photon<-electron,0.03845256239902682,-7.32592303481907e-06,0.0,0.0,0.0,-7.32592303481907e-06,-7.32592303481907e-06,7.32592303481907e-06,1.0988884552228604e-05
signed_hqql_tbl,mod.cls_blocks.1.attn.h7,charged_hadron<-muon,0.0,0.0,2.193922409787774e-05,-3.237585042370483e-05,9.548028174322098e-05,-2.193922409787774e-05,3.237585042370483e-05,0.0,1.096961204893887e-05
signed_hqql_tbl,mod.blocks.7.attn.h5,charged_hadron<-neutral_hadron,0.008254116932426501,2.309383806243552e-06,-1.5006163884462948e-05,4.1215902071273686e-06,-1.0284245101772996e-06,1.73155476907065e-05,-1.8122064008838167e-06,2.309383806243552e-06,1.0967157651596803e-05
B_tbl_minus_hqql,mod.cls_blocks.1.attn.h5,neutral_hadron<-charged_hadron,0.02435393393903539,7.304252020717747e-06,0.0,0.0,0.0,7.304252020717747e-06,7.304252020717747e-06,7.304252020717747e-06,1.095637803107662e-05
B_tbl_minus_hqql,mod.blocks.2.attn.h6,charged_hadron<-charged_hadron,0.027635615693370193,-7.292744523044873e-06,0.0,0.0,0.0,-7.292744523044873e-06,-7.292744523044873e-06,7.292744523044873e-06,1.0939116784567309e-05
B_tbl_minus_hqql,mod.blocks.4.attn.h1,charged_hadron<-photon,0.015659648780993993,7.256402241986486e-06,0.0,0.0,0.0,7.256402241986486e-06,7.256402241986486e-06,7.256402241986486e-06,1.088460336297973e-05
B_tbl_minus_hqql,mod.blocks.6.attn.h7,charged_hadron<-charged_hadron,0.030763333536888492,7.240406265103528e-06,0.0,0.0,0.0,7.240406265103528e-06,7.240406265103528e-06,7.240406265103528e-06,1.0860609397655293e-05
signed_hqql_tbl,mod.blocks.6.attn.h4,charged_hadron<-charged_hadron,0.03737357945962125,-8.62494752331e-06,-4.176156070798775e-06,-1.331080350264487e-05,9.984733363469966e-06,-4.4487914525112255e-06,4.685855979334869e-06,8.62494752331e-06,1.0849343249565612e-05
signed_hqql_tbl,mod.blocks.2.attn.h7,photon<-electron,0.018829264382763607,-2.9233239574085287e-06,-1.8729014430261615e-05,-2.3432066309272172e-05,7.4501144064759664e-06,1.5805690472853086e-05,2.0508742351863643e-05,2.9233239574085287e-06,1.0826169193835072e-05
signed_hqql_tbl,mod.blocks.6.attn.h7,charged_hadron<-muon,0.017904624342918396,1.5209616321953945e-07,2.147898000354568e-05,-8.201337748624642e-05,2.8426944259174017e-05,-2.132688384032614e-05,8.216547364946596e-05,1.5209616321953945e-07,1.081553808338261e-05
B_tbl_minus_hqql,mod.blocks.5.attn.h4,charged_hadron<-neutral_hadron,0.01080852108175478,-7.208325478359969e-06,0.0,0.0,0.0,-7.208325478359969e-06,-7.208325478359969e-06,7.208325478359969e-06,1.0812488217539954e-05
B_tbl_minus_hqql,mod.blocks.6.attn.h1,charged_hadron<-neutral_hadron,0.01010924052201842,7.20650962514505e-06,0.0,0.0,0.0,7.20650962514505e-06,7.20650962514505e-06,7.20650962514505e-06,1.0809764437717575e-05
signed_hqql_tbl,mod.blocks.5.attn.h7,charged_hadron<-charged_hadron,0.03357761520093558,-9.830574478354518e-06,-7.879788211963425e-06,-2.3053241581553188e-05,4.009339727478887e-06,-1.950786266391093e-06,1.322266710319867e-05,9.830574478354518e-06,1.0805967611550064e-05
signed_hqql_tbl,mod.blocks.3.attn.h7,neutral_hadron<-charged_hadron,0.02784198858894898,7.08870026177134e-06,-2.3583491932734982e-07,3.522607319636515e-06,5.9754143152539286e-06,7.32453518109869e-06,3.566092942134825e-06,7.08870026177134e-06,1.0750967852320685e-05
B_tbl_minus_hqql,mod.blocks.7.attn.h0,photon<-photon,0.016076760363787693,-7.156138996561168e-06,0.0,0.0,0.0,-7.156138996561168e-06,-7.156138996561168e-06,7.156138996561168e-06,1.0734208494841752e-05
signed_hqql_tbl,mod.blocks.4.attn.h7,neutral_hadron<-photon,0.01894171917613529,1.6212514512389777e-06,-1.6595631378333265e-05,-7.955189301814385e-06,-3.98261739330444e-06,1.8216882829572243e-05,9.576440753053362e-06,1.6212514512389777e-06,1.07296928660251e-05
signed_hqql_tbl,mod.blocks.1.attn.h1,electron<-charged_hadron,0.025101557212031406,2.604039961980838e-06,1.8845959566533565e-05,3.5342123479612414e-05,-0.00010037903902465823,-1.6241919604552727e-05,-3.2738083517631576e-05,2.604039961980838e-06,1.0724999764257202e-05
signed_hqql_tbl,mod.cls_blocks.1.attn.h1,electron<-CLS,0.0017203554743900895,-7.142747563193552e-06,0.0,0.0,0.0,-7.142747563193552e-06,-7.142747563193552e-06,7.142747563193552e-06,1.0714121344790328e-05
signed_hqql_tbl,mod.blocks.5.attn.h6,neutral_hadron<-neutral_hadron,0.021404503236274654,5.560382606088996e-06,-4.652825031127471e-06,-1.0954286199363081e-05,-3.156915243830461e-06,1.0213207637216467e-05,1.6514668805452078e-05,5.560382606088996e-06,1.066698642469723e-05
B_tbl_minus_hqql,mod.blocks.0.attn.h5,photon<-photon,0.019261005003997404,7.107942485586018e-06,0.0,0.0,0.0,7.107942485586018e-06,7.107942485586018e-06,7.107942485586018e-06,1.0661913728379026e-05
signed_hqql_tbl,mod.blocks.4.attn.h0,photon<-photon,0.01673660967680694,-1.2555292767950929e-06,1.7501456239353897e-05,2.4209345873056356e-05,-4.945026543233213e-06,-1.875698551614899e-05,-2.546487514985145e-05,1.2555292767950929e-06,1.0634022034869587e-05
B_tbl_minus_hqql,mod.blocks.3.attn.h7,neutral_hadron<-charged_hadron,0.027841989336342646,7.088701082882545e-06,0.0,0.0,0.0,7.088701082882545e-06,7.088701082882545e-06,7.088701082882545e-06,1.0633051624323817e-05
signed_hqql_tbl,mod.blocks.2.attn.h0,neutral_hadron<-charged_hadron,0.026484776860494226,7.787632285529706e-06,2.1193923244068215e-06,-1.0510035356423996e-07,3.733306830854248e-06,5.668239961122885e-06,7.892732639093947e-06,7.787632285529706e-06,1.062175226609115e-05
signed_hqql_tbl,mod.blocks.4.attn.h3,neutral_hadron<-photon,0.015083490149231953,5.829453845865429e-06,-3.736077419590006e-06,4.814627152332943e-06,-4.8417955531898474e-06,9.565531265455435e-06,1.0148266935324857e-06,5.829453845865429e-06,1.0612219478593146e-05
B_tbl_minus_hqql,mod.blocks.6.attn.h3,photon<-photon,0.010023897236921627,7.066950279258433e-06,0.0,0.0,0.0,7.066950279258433e-06,7.066950279258433e-06,7.066950279258433e-06,1.060042541888765e-05
B_tbl_minus_hqql,mod.blocks.6.attn.h7,photon<-neutral_hadron,0.02060487052064152,-7.056812089829433e-06,0.0,0.0,0.0,-7.056812089829433e-06,-7.056812089829433e-06,7.056812089829433e-06,1.058521813474415e-05
signed_hqql_tbl,mod.blocks.2.attn.h7,neutral_hadron<-photon,0.022467587015562694,9.434271473164076e-06,1.167113199390709e-05,2.2261545684532366e-05,2.9181278808405146e-06,-2.2368605207430144e-06,-1.282727421136829e-05,9.434271473164076e-06,1.0552701733535583e-05
B_tbl_minus_hqql,mod.blocks.2.attn.h1,charged_hadron<-charged_hadron,0.02484240111604411,-7.028002227068627e-06,0.0,0.0,0.0,-7.028002227068627e-06,-7.028002227068627e-06,7.028002227068627e-06,1.0542003340602939e-05
B_tbl_minus_hqql,mod.blocks.3.attn.h1,neutral_hadron<-photon,0.01917839995896836,7.025714144019522e-06,0.0,0.0,0.0,7.025714144019522e-06,7.025714144019522e-06,7.025714144019522e-06,1.0538571216029284e-05
signed_hqql_tbl,mod.blocks.2.attn.h7,neutral_hadron<-neutral_hadron,0.0057350869130408195,2.0808627933394284e-06,-1.4787923438210765e-05,8.733717344605343e-07,4.263760339589291e-06,1.6868786231550194e-05,1.2074910588788941e-06,2.0808627933394284e-06,1.0515255909114526e-05
B_tbl_minus_hqql,mod.blocks.3.attn.h2,photon<-neutral_hadron,0.014627595953217921,-7.005341364777051e-06,0.0,0.0,0.0,-7.005341364777051e-06,-7.005341364777051e-06,7.005341364777051e-06,1.0508012047165577e-05
signed_hqql_tbl,mod.blocks.3.attn.h7,charged_hadron<-neutral_hadron,0.01902551967709042,-4.629368414729395e-06,7.119387553937666e-06,-2.8452228124813153e-05,3.083440741808597e-06,-1.1748755968667062e-05,2.382285971008376e-05,4.629368414729395e-06,1.0503746399062925e-05
B_tbl_minus_hqql,mod.blocks.2.attn.h2,photon<-charged_hadron,0.027415528234855904,6.9994239311199635e-06,0.0,0.0,0.0,6.9994239311199635e-06,6.9994239311199635e-06,6.9994239311199635e-06,1.0499135896679945e-05
signed_hqql_tbl,mod.blocks.1.attn.h3,neutral_hadron<-charged_hadron,0.02877749283111955,-3.5282661761087877e-06,-1.740938276451014e-05,2.153319388158804e-05,-2.2586089583565785e-05,1.3881116588401353e-05,-2.5061460057696826e-05,3.5282661761087877e-06,1.0468824470309463e-05
signed_hqql_tbl,mod.blocks.0.attn.h1,neutral_hadron<-photon,0.01651426904255959,3.0591086400741163e-06,-1.1747305174054995e-05,1.0530229948442997e-05,3.2048735503464293e-06,1.4806413814129112e-05,-7.4711213083688804e-06,3.0591086400741163e-06,1.0462315547138673e-05
B_tbl_minus_hqql,mod.blocks.2.attn.h2,neutral_hadron<-photon,0.018317261732032988,6.97179253252609e-06,0.0,0.0,0.0,6.97179253252609e-06,6.97179253252609e-06,6.97179253252609e-06,1.0457688798789136e-05
B_tbl_minus_hqql,mod.blocks.2.attn.h3,charged_hadron<-neutral_hadron,0.017259396215591312,6.966742142804294e-06,0.0,0.0,0.0,6.966742142804294e-06,6.966742142804294e-06,6.966742142804294e-06,1.045011321420644e-05
signed_hqql_tbl,mod.blocks.0.attn.h7,photon<-photon,0.015316036934300009,-2.3055774467501647e-06,1.3916006441414104e-05,2.0415238707606083e-06,7.208411849043756e-06,-1.622158388816427e-05,-4.3471013175107734e-06,2.3055774467501647e-06,1.0416369390832299e-05
signed_hqql_tbl,mod.blocks.3.attn.h1,charged_hadron<-charged_hadron,0.026989158902633866,-5.575903696657255e-06,3.632490542607497e-06,-2.226596010135315e-05,-3.7858710085445434e-06,-9.208394239264753e-06,1.6690056404695894e-05,5.575903696657255e-06,1.0180100816289632e-05
signed_hqql_tbl,mod.blocks.4.attn.h7,charged_hadron<-charged_hadron,0.027095051010984243,-3.5954012710457833e-07,-1.998259511446925e-05,-1.8304616875339353e-05,-4.219135159374657e-06,1.962305498736467e-05,1.7945076748234773e-05,3.5954012710457833e-07,1.0171067620786913e-05
signed_hqql_tbl,mod.blocks.6.attn.h7,photon<-neutral_hadron,0.02060487268410538,-7.0568124622326465e-06,-1.3252856641989164e-05,-9.870279629109653e-06,-3.4569368103570903e-06,6.196044179756517e-06,2.813467166877006e-06,7.0568124622326465e-06,1.0154834552110904e-05
signed_hqql_tbl,mod.blocks.6.attn.h4,charged_hadron<-neutral_hadron,0.01209709076882343,-2.6900811769328897e-06,1.220265057618071e-05,1.7382889013688792e-07,-1.3856963855462747e-06,-1.48927317531136e-05,-2.8639100670697777e-06,2.6900811769328897e-06,1.013644705348969e-05
signed_hqql_tbl,mod.blocks.5.attn.h0,neutral_hadron<-photon,0.018254696739439476,-6.966437116149641e-07,-1.955013080752919e-05,9.71288262970276e-06,3.5065184186743155e-07,1.8853487095914226e-05,-1.0409526341317725e-05,6.966437116149641e-07,1.0123387259572078e-05
signed_hqql_tbl,mod.blocks.3.attn.h1,photon<-neutral_hadron,0.016525912270265924,-3.3948030098695398e-06,-1.6824470131305624e-05,-1.0586661985970374e-05,-1.1524804050917557e-05,1.3429667121436084e-05,7.191858976100834e-06,3.3948030098695398e-06,1.0109636570587581e-05
B_tbl_minus_hqql,mod.cls_blocks.1.attn.h2,charged_hadron<-electron,0.008638919913209975,6.739385753462557e-06,0.0,0.0,0.0,6.739385753462557e-06,6.739385753462557e-06,6.739385753462557e-06,1.0109078630193835e-05
B_tbl_minus_hqql,mod.blocks.5.attn.h1,photon<-neutral_hadron,0.02473331883330913,6.731273931641812e-06,0.0,0.0,0.0,6.731273931641812e-06,6.731273931641812e-06,6.731273931641812e-06,1.0096910897462718e-05
B_tbl_minus_hqql,mod.blocks.1.attn.h4,charged_hadron<-photon,0.021595050699144438,6.6541235847977496e-06,0.0,0.0,0.0,6.6541235847977496e-06,6.6541235847977496e-06,6.6541235847977496e-06,9.981185377196623e-06
signed_hqql_tbl,mod.blocks.5.attn.h6,photon<-charged_hadron,0.027947183060382613,-5.937205974555456e-06,2.122862272694338e-06,2.878258575331893e-05,1.175134068458096e-05,-8.060068247249793e-06,-3.4719791727874386e-05,5.937205974555456e-06,9.967240098180352e-06
signed_hqql_tbl,mod.blocks.4.attn.h7,photon<-charged_hadron,0.026687240238347766,5.615606437082202e-06,-3.001440770170258e-06,-9.284023590154103e-06,1.5857495968374662e-06,8.61704720725246e-06,1.4899630027236305e-05,5.615606437082202e-06,9.924130040708431e-06
signed_hqql_tbl,mod.blocks.0.attn.h6,photon<-charged_hadron,0.025555585711700482,9.706123397255945e-06,1.0067144880308761e-05,1.45649756602845e-05,-1.6779960765514845e-06,-3.6102148305281644e-07,-4.8588522630285555e-06,9.706123397255945e-06,9.886634138782353e-06
B_tbl_minus_hqql,mod.blocks.7.attn.h3,charged_hadron<-neutral_hadron,0.019573405992274747,-6.564947385316752e-06,0.0,0.0,0.0,-6.564947385316752e-06,-6.564947385316752e-06,6.564947385316752e-06,9.847421077975128e-06
B_tbl_minus_hqql,mod.blocks.3.attn.h6,neutral_hadron<-photon,0.01816827819650753,6.555713228706641e-06,0.0,0.0,0.0,6.555713228706641e-06,6.555713228706641e-06,6.555713228706641e-06,9.833569843059962e-06
signed_hqql_tbl,mod.cls_blocks.1.attn.h5,charged_hadron<-CLS,0.00035348039818927646,-1.876809847090044e-06,1.3961155960689413e-05,0.0,0.0,-1.583796580777946e-05,-1.876809847090044e-06,1.876809847090044e-06,9.795792750979774e-06
signed_hqql_tbl,mod.blocks.5.attn.h3,electron<-electron,0.0016870587503944989,6.003647463970196e-06,-1.5635583707762635e-06,1.0660240592288675e-05,-3.781073777039031e-06,7.5672058347464596e-06,-4.656593128318479e-06,6.003647463970196e-06,9.787250381343425e-06
signed_hqql_tbl,mod.blocks.6.attn.h1,photon<-charged_hadron,0.026131591744185813,4.570582643674187e-06,-5.823367634490192e-06,1.2474738414040999e-05,-6.836871945797795e-07,1.0393950278164379e-05,-7.904155770366811e-06,4.570582643674187e-06,9.767557782756377e-06
B_tbl_minus_hqql,mod.blocks.2.attn.h2,neutral_hadron<-charged_hadron,0.02891153489534384,-6.4849670213953e-06,0.0,0.0,0.0,-6.4849670213953e-06,-6.4849670213953e-06,6.4849670213953e-06,9.727450532092951e-06
B_tbl_minus_hqql,mod.blocks.5.attn.h7,photon<-neutral_hadron,0.01386659001691501,-6.481494176179493e-06,0.0,0.0,0.0,-6.481494176179493e-06,-6.481494176179493e-06,6.481494176179493e-06,9.72224126426924e-06
signed_hqql_tbl,mod.blocks.6.attn.h3,neutral_hadron<-charged_hadron,0.02730404984988389,-1.6192219600641258e-06,1.4563431856610501e-05,2.5084610985516204e-06,6.884668769802213e-06,-1.6182653816674627e-05,-4.127683058615746e-06,1.6192219600641258e-06,9.71054886840144e-06
signed_hqql_tbl,mod.blocks.4.attn.h5,charged_hadron<-neutral_hadron,0.012478467439035638,2.199071384887912e-06,-1.2821520978652008e-05,-1.5045392625555033e-06,-2.481799471186562e-05,1.502059236353992e-05,3.703610647443415e-06,2.199071384887912e-06,9.709367566657871e-06
B_tbl_minus_hqql,mod.blocks.4.attn.h0,neutral_hadron<-charged_hadron,0.027184340460547084,-6.4708285413603634e-06,0.0,0.0,0.0,-6.4708285413603634e-06,-6.4708285413603634e-06,6.4708285413603634e-06,9.706242812040546e-06
signed_hqql_tbl,mod.blocks.6.attn.h4,neutral_hadron<-photon,0.01876534983442814,-5.494050644938249e-06,2.8477794572023655e-06,-7.958879634827396e-06,1.0680533372300463e-06,-8.341830102140614e-06,2.464828989889147e-06,5.494050644938249e-06,9.664965696008556e-06
B_tbl_minus_hqql,mod.blocks.0.attn.h5,photon<-neutral_hadron,0.016616612089399803,6.442946986566666e-06,0.0,0.0,0.0,6.442946986566666e-06,6.442946986566666e-06,6.442946986566666e-06,9.664420479849999e-06
B_tbl_minus_hqql,mod.blocks.3.attn.h1,photon<-photon,0.01696306655260724,6.437559244816467e-06,0.0,0.0,0.0,6.437559244816467e-06,6.437559244816467e-06,6.437559244816467e-06,9.6563388672247e-06
B_tbl_minus_hqql,mod.blocks.1.attn.h2,charged_hadron<-charged_hadron,0.026969835339024164,-6.4370725265568355e-06,0.0,0.0,0.0,-6.4370725265568355e-06,-6.4370725265568355e-06,6.4370725265568355e-06,9.655608789835253e-06
B_tbl_minus_hqql,mod.blocks.3.attn.h4,charged_hadron<-photon,0.017391656520287634,6.430154233445408e-06,0.0,0.0,0.0,6.430154233445408e-06,6.430154233445408e-06,6.430154233445408e-06,9.645231350168111e-06
B_tbl_minus_hqql,mod.blocks.4.attn.h7,neutral_hadron<-charged_hadron,0.02660128558317322,6.395999183363739e-06,0.0,0.0,0.0,6.395999183363739e-06,6.395999183363739e-06,6.395999183363739e-06,9.593998775045609e-06
B_tbl_minus_hqql,mod.blocks.7.attn.h6,electron<-photon,0.012908431224343254,6.38964287113262e-06,0.0,0.0,0.0,6.38964287113262e-06,6.38964287113262e-06,6.38964287113262e-06,9.58446430669893e-06
B_tbl_minus_hqql,mod.blocks.3.attn.h7,charged_hadron<-charged_hadron,0.02609884167306124,6.386247759914545e-06,0.0,0.0,0.0,6.386247759914545e-06,6.386247759914545e-06,6.386247759914545e-06,9.579371639871818e-06
B_tbl_minus_hqql,mod.blocks.5.attn.h3,neutral_hadron<-muon,0.01297005886832873,-6.3832139858277515e-06,0.0,0.0,0.0,-6.3832139858277515e-06,-6.3832139858277515e-06,6.3832139858277515e-06,9.574820978741627e-06
B_tbl_minus_hqql,mod.blocks.0.attn.h3,photon<-charged_hadron,0.022001517823387905,6.359418981466751e-06,0.0,0.0,0.0,6.359418981466751e-06,6.359418981466751e-06,6.359418981466751e-06,9.539128472200127e-06
B_tbl_minus_hqql,mod.blocks.1.attn.h2,neutral_hadron<-muon,0.004908348123232524,-6.334091570655194e-06,0.0,0.0,0.0,-6.334091570655194e-06,-6.334091570655194e-06,6.334091570655194e-06,9.501137355982792e-06
B_tbl_minus_hqql,mod.blocks.4.attn.h1,neutral_hadron<-neutral_hadron,0.02143269610925361,-6.326946699434158e-06,0.0,0.0,0.0,-6.326946699434158e-06,-6.326946699434158e-06,6.326946699434158e-06,9.490420049151238e-06
B_tbl_minus_hqql,mod.blocks.5.attn.h4,charged_hadron<-charged_hadron,0.02705307326789973,-6.326438738913061e-06,0.0,0.0,0.0,-6.326438738913061e-06,-6.326438738913061e-06,6.326438738913061e-06,9.489658108369592e-06
B_tbl_minus_hqql,mod.blocks.2.attn.h1,neutral_hadron<-charged_hadron,0.0268248117829565,6.32526623512119e-06,0.0,0.0,0.0,6.32526623512119e-06,6.32526623512119e-06,6.32526623512119e-06,9.487899352681785e-06
B_tbl_minus_hqql,mod.blocks.1.attn.h1,neutral_hadron<-photon,0.016594854984158986,6.3243644471739105e-06,0.0,0.0,0.0,6.3243644471739105e-06,6.3243644471739105e-06,6.3243644471739105e-06,9.486546670760865e-06
B_tbl_minus_hqql,mod.blocks.1.attn.h7,neutral_hadron<-photon,0.017924304425619167,6.318971656945034e-06,0.0,0.0,0.0,6.318971656945034e-06,6.318971656945034e-06,6.318971656945034e-06,9.478457485417551e-06
B_tbl_minus_hqql,mod.blocks.5.attn.h6,charged_hadron<-photon,0.01335606468810561,-6.299119578211026e-06,0.0,0.0,0.0,-6.299119578211026e-06,-6.299119578211026e-06,6.299119578211026e-06,9.448679367316538e-06
signed_hqql_tbl,mod.blocks.7.attn.h4,charged_hadron<-photon,0.015192795236137032,2.481270089371835e-06,-1.1326510380347893e-05,3.219426020459124e-06,-6.630741475225596e-06,1.3807780469719728e-05,-7.381559310872892e-07,2.481270089371835e-06,9.385160324231698e-06
B_tbl_minus_hqql,mod.blocks.6.attn.h3,neutral_hadron<-photon,0.012900681932248649,6.228417186399802e-06,0.0,0.0,0.0,6.228417186399802e-06,6.228417186399802e-06,6.228417186399802e-06,9.342625779599703e-06
B_tbl_minus_hqql,mod.blocks.4.attn.h3,charged_hadron<-neutral_hadron,0.011539146817963699,-6.225588147566423e-06,0.0,0.0,0.0,-6.225588147566423e-06,-6.225588147566423e-06,6.225588147566423e-06,9.338382221349634e-06
B_tbl_minus_hqql,mod.blocks.4.attn.h5,neutral_hadron<-charged_hadron,0.027781992263181083,-6.203072377408309e-06,0.0,0.0,0.0,-6.203072377408309e-06,-6.203072377408309e-06,6.203072377408309e-06,9.304608566112464e-06
B_tbl_minus_hqql,mod.blocks.1.attn.h5,muon<-charged_hadron,0.02243262976408005,-6.198958726599813e-06,0.0,0.0,0.0,-6.198958726599813e-06,-6.198958726599813e-06,6.198958726599813e-06,9.29843808989972e-06
B_tbl_minus_hqql,mod.blocks.7.attn.h1,photon<-electron,0.022047950874832346,6.196122418570179e-06,0.0,0.0,0.0,6.196122418570179e-06,6.196122418570179e-06,6.196122418570179e-06,9.294183627855268e-06
B_tbl_minus_hqql,mod.blocks.1.attn.h4,neutral_hadron<-charged_hadron,0.03106945528879435,6.178304735432652e-06,0.0,0.0,0.0,6.178304735432652e-06,6.178304735432652e-06,6.178304735432652e-06,9.267457103148978e-06
signed_hqql_tbl,mod.blocks.7.attn.h7,neutral_hadron<-photon,0.01913694276506321,-2.780352827033076e-06,1.018178937853719e-05,2.190377045254458e-06,2.0939251286668102e-06,-1.2962142205570267e-05,-4.9707298722875334e-06,2.780352827033076e-06,9.261423929818209e-06
signed_hqql_tbl,mod.blocks.0.attn.h1,photon<-charged_hadron,0.02673011326658133,4.74668846959126e-06,-4.07901699889014e-06,9.333584592314429e-06,-4.328411862357274e-06,8.8257054684814e-06,-4.586896122723169e-06,4.74668846959126e-06,9.15954120383196e-06
B_tbl_minus_hqql,mod.blocks.3.attn.h7,photon<-charged_hadron,0.025848657469064493,6.1032888221455406e-06,0.0,0.0,0.0,6.1032888221455406e-06,6.1032888221455406e-06,6.1032888221455406e-06,9.15493323321831e-06
B_tbl_minus_hqql,mod.blocks.1.attn.h4,neutral_hadron<-neutral_hadron,0.011019323277863091,-6.059149023398013e-06,0.0,0.0,0.0,-6.059149023398013e-06,-6.059149023398013e-06,6.059149023398013e-06,9.08872353509702e-06
B_tbl_minus_hqql,mod.blocks.0.attn.h2,electron<-charged_hadron,0.016860551767699097,6.020974820864427e-06,0.0,0.0,0.0,6.020974820864427e-06,6.020974820864427e-06,6.020974820864427e-06,9.03146223129664e-06
signed_hqql_tbl,mod.blocks.1.attn.h2,electron<-neutral_hadron,0.009866093401797116,-2.7191697881789876e-06,9.893402761917969e-06,-9.113510789878394e-05,-0.00020167716117130649,-1.2612572550096957e-05,8.841593811060496e-05,2.7191697881789876e-06,9.025456063227465e-06
B_tbl_minus_hqql,mod.blocks.0.attn.h1,neutral_hadron<-charged_hadron,0.026287391127837487,6.008933394633491e-06,0.0,0.0,0.0,6.008933394633491e-06,6.008933394633491e-06,6.008933394633491e-06,9.013400091950237e-06
B_tbl_minus_hqql,mod.blocks.5.attn.h3,electron<-electron,0.0016870581355760805,6.003641466989506e-06,0.0,0.0,0.0,6.003641466989506e-06,6.003641466989506e-06,6.003641466989506e-06,9.005462200484259e-06
signed_hqql_tbl,mod.blocks.6.attn.h0,photon<-photon,0.017765765466814614,1.9132097871443477e-06,-1.2271012378592522e-05,-2.999865231156062e-06,-4.841423095828053e-06,1.4184222165736869e-05,4.91307501830041e-06,1.9132097871443477e-06,9.005320870012783e-06
signed_hqql_tbl,mod.blocks.7.attn.h0,neutral_hadron<-charged_hadron,0.02671329121230912,-3.956416574704386e-06,-1.3992499254920797e-05,6.540752612919673e-07,3.284682680065387e-07,1.0036082680216411e-05,-4.610491835996353e-06,3.956416574704386e-06,8.97445791481259e-06
signed_hqql_tbl,mod.blocks.0.attn.h7,charged_hadron<-photon,0.017914241066624446,-1.5915072469914831e-06,1.3165285149023992e-05,-2.872534358456052e-06,5.423601218866825e-06,-1.4756792396015474e-05,1.2810271114645686e-06,1.5915072469914831e-06,8.96990344499922e-06
B_tbl_minus_hqql,mod.blocks.4.attn.h7,electron<-charged_hadron,0.02522314631420633,5.974778975107019e-06,0.0,0.0,0.0,5.974778975107019e-06,5.974778975107019e-06,5.974778975107019e-06,8.962168462660529e-06
B_tbl_minus_hqql,mod.blocks.7.attn.h3,photon<-muon,0.040218628369844876,5.957591033970507e-06,0.0,0.0,0.0,5.957591033970507e-06,5.957591033970507e-06,5.957591033970507e-06,8.93638655095576e-06
B_tbl_minus_hqql,mod.blocks.5.attn.h6,photon<-charged_hadron,0.027947183472016898,-5.9372049092909435e-06,0.0,0.0,0.0,-5.9372049092909435e-06,-5.9372049092909435e-06,5.9372049092909435e-06,8.905807363936414e-06
B_tbl_minus_hqql,mod.blocks.6.attn.h6,photon<-neutral_hadron,0.03836308256836933,-5.929691710951472e-06,0.0,0.0,0.0,-5.929691710951472e-06,-5.929691710951472e-06,5.929691710951472e-06,8.894537566427207e-06
B_tbl_minus_hqql,mod.blocks.3.attn.h6,photon<-photon,0.018453093240390753,5.929068137058188e-06,0.0,0.0,0.0,5.929068137058188e-06,5.929068137058188e-06,5.929068137058188e-06,8.893602205587283e-06
B_tbl_minus_hqql,mod.blocks.0.attn.h6,neutral_hadron<-neutral_hadron,0.009515619041174386,5.9268342602724e-06,0.0,0.0,0.0,5.9268342602724e-06,5.9268342602724e-06,5.9268342602724e-06,8.8902513904086e-06
B_tbl_minus_hqql,mod.blocks.2.attn.h6,photon<-electron,0.014753225191337307,-5.910649367539984e-06,0.0,0.0,0.0,-5.910649367539984e-06,-5.910649367539984e-06,5.910649367539984e-06,8.865974051309976e-06
signed_hqql_tbl,mod.blocks.4.attn.h1,neutral_hadron<-charged_hadron,0.02600007791504217,3.2392979499086196e-06,-7.980564912138213e-06,-1.6214572937483276e-06,-1.0612386779802329e-07,1.1219862862046833e-05,4.860755243656947e-06,3.2392979499086196e-06,8.849229380932037e-06
signed_hqql_tbl,mod.blocks.0.attn.h7,neutral_hadron<-neutral_hadron,0.02331944750523188,3.992711358815563e-06,-5.719258727423386e-06,5.535246714262946e-06,-5.429501331435654e-07,9.71197008623895e-06,-1.542535355447383e-06,3.992711358815563e-06,8.848696401935038e-06
signed_hqql_tbl,mod.blocks.1.attn.h6,neutral_hadron<-photon,0.0159254673546329,8.778353793346012e-06,8.864801488467778e-06,-1.3196555487398792e-07,3.114336414422431e-06,-8.644769512176568e-08,8.91031934822e-06,8.778353793346012e-06,8.821577640906894e-06
signed_hqql_tbl,mod.cls_blocks.0.attn.h5,electron<-CLS,0.0006573677528649569,5.8657265071815345e-06,0.0,0.0,0.0,5.8657265071815345e-06,5.8657265071815345e-06,5.8657265071815345e-06,8.798589760772302e-06
B_tbl_minus_hqql,mod.blocks.5.attn.h4,photon<-neutral_hadron,0.00971956157275942,-5.856992302409379e-06,0.0,0.0,0.0,-5.856992302409379e-06,-5.856992302409379e-06,5.856992302409379e-06,8.785488453614068e-06
B_tbl_minus_hqql,mod.blocks.2.attn.h6,neutral_hadron<-muon,0.006860695158441861,5.8525517185141025e-06,0.0,0.0,0.0,5.8525517185141025e-06,5.8525517185141025e-06,5.8525517185141025e-06,8.778827577771153e-06
signed_hqql_tbl,mod.blocks.6.attn.h4,electron<-neutral_hadron,0.00796026579628233,3.710513647092739e-06,-6.3719268581508e-06,-3.526596548416213e-05,2.361511018106659e-07,1.008244050524354e-05,3.897647913125487e-05,3.710513647092739e-06,8.751733899714509e-06
B_tbl_minus_hqql,mod.blocks.5.attn.h3,charged_hadron<-photon,0.019290910570661006,5.8338726436248496e-06,0.0,0.0,0.0,5.8338726436248496e-06,5.8338726436248496e-06,5.8338726436248496e-06,8.750808965437274e-06
B_tbl_minus_hqql,mod.blocks.4.attn.h3,neutral_hadron<-photon,0.015083490100614787,5.829456979393668e-06,0.0,0.0,0.0,5.829456979393668e-06,5.829456979393668e-06,5.829456979393668e-06,8.744185469090501e-06
signed_hqql_tbl,mod.blocks.7.attn.h1,photon<-photon,0.01644013045858521,3.0611228148217683e-06,-8.29900459657373e-06,-2.375317680252456e-06,-6.335211630093578e-06,1.1360127411395499e-05,5.436440495074224e-06,3.0611228148217683e-06,8.741186520519517e-06
signed_hqql_tbl,mod.blocks.6.attn.h7,neutral_hadron<-photon,0.017933577542203868,-2.815007168176369e-06,8.947065682566065e-06,-3.5193301731564326e-06,2.48028269194864e-07,-1.1762072850742434e-05,7.043230049800635e-07,2.815007168176369e-06,8.696043593547586e-06
B_tbl_minus_hqql,mod.blocks.1.attn.h3,neutral_hadron<-photon,0.016402929097559867,5.789336939613892e-06,0.0,0.0,0.0,5.789336939613892e-06,5.789336939613892e-06,5.789336939613892e-06,8.684005409420838e-06
signed_hqql_tbl,mod.blocks.0.attn.h5,charged_hadron<-neutral_hadron,0.01203486918935955,3.637579655811938e-07,-1.6199968353953205e-05,-2.6635301800460585e-06,1.0587992738687707e-06,1.6563726319534397e-05,3.0272881456272523e-06,3.637579655811938e-07,8.645621125348392e-06
B_tbl_minus_hqql,mod.cls_blocks.1.attn.h4,neutral_hadron<-charged_hadron,0.019002495468526646,-5.754492029655671e-06,0.0,0.0,0.0,-5.754492029655671e-06,-5.754492029655671e-06,5.754492029655671e-06,8.631738044483505e-06
signed_hqql_tbl,mod.blocks.7.attn.h7,neutral_hadron<-neutral_hadron,0.020586465146740597,4.328755871098386e-06,1.2875518939185502e-05,9.462477300832853e-07,-6.572544369398239e-06,-8.546763068087117e-06,3.3825081410151005e-06,4.328755871098386e-06,8.602137405141945e-06
B_tbl_minus_hqql,mod.blocks.0.attn.h1,photon<-neutral_hadron,0.02729840457536657,5.729126974927576e-06,0.0,0.0,0.0,5.729126974927576e-06,5.729126974927576e-06,5.729126974927576e-06,8.593690462391364e-06
signed_hqql_tbl,mod.blocks.0.attn.h3,photon<-charged_hadron,0.022001518152695333,6.359427222192226e-06,1.9826326738137705e-06,4.747507936181623e-06,-2.1219158334691695e-06,4.3767945483784555e-06,1.6119192860106028e-06,6.359427222192226e-06,8.547824496381453e-06
B_tbl_minus_hqql,mod.blocks.5.attn.h1,charged_hadron<-charged_hadron,0.02521196470397959,-5.6943158641176645e-06,0.0,0.0,0.0,-5.6943158641176645e-06,-5.6943158641176645e-06,5.6943158641176645e-06,8.541473796176497e-06
signed_hqql_tbl,mod.blocks.4.attn.h0,photon<-charged_hadron,0.02732996132163053,-4.299633800761533e-06,4.1823287645445595e-06,1.4776437429876103e-06,2.680478812314868e-06,-8.481962565306093e-06,-5.777277543749143e-06,4.299633800761533e-06,8.54061508341458e-06
B_tbl_minus_hqql,mod.blocks.3.attn.h5,photon<-neutral_hadron,0.006865422528534885,5.690444951612452e-06,0.0,0.0,0.0,5.690444951612452e-06,5.690444951612452e-06,5.690444951612452e-06,8.535667427418678e-06
signed_hqql_tbl,mod.blocks.1.attn.h2,photon<-photon,0.02004368996143262,1.4590701314788956e-06,1.550798701351681e-05,-5.716438117221332e-06,-6.245967338921209e-06,-1.4048916882037913e-05,7.175508248700228e-06,1.4590701314788956e-06,8.483528572497852e-06
B_tbl_minus_hqql,mod.blocks.3.attn.h0,photon<-charged_hadron,0.027245676072921544,5.654174378958597e-06,0.0,0.0,0.0,5.654174378958597e-06,5.654174378958597e-06,5.654174378958597e-06,8.481261568437896e-06
signed_hqql_tbl,mod.blocks.2.attn.h2,photon<-charged_hadron,0.02741552839950962,6.999418444002757e-06,9.962364784963697e-06,8.049928362821666e-06,-5.330052666660166e-06,-2.9629463409609402e-06,-1.050509918818909e-06,6.999418444002757e-06,8.480891614483227e-06
B_tbl_minus_hqql,mod.blocks.4.attn.h4,photon<-neutral_hadron,0.0201866873957788,-5.649088767583544e-06,0.0,0.0,0.0,-5.649088767583544e-06,-5.649088767583544e-06,5.649088767583544e-06,8.473633151375316e-06
B_tbl_minus_hqql,mod.blocks.7.attn.h7,charged_hadron<-neutral_hadron,0.020840329856708133,5.643827078922733e-06,0.0,0.0,0.0,5.643827078922733e-06,5.643827078922733e-06,5.643827078922733e-06,8.4657406183841e-06
B_tbl_minus_hqql,mod.blocks.0.attn.h1,photon<-photon,0.014787042371535778,5.629142199144578e-06,0.0,0.0,0.0,5.629142199144578e-06,5.629142199144578e-06,5.629142199144578e-06,8.443713298716866e-06
B_tbl_minus_hqql,mod.blocks.4.attn.h7,photon<-charged_hadron,0.026687239579732906,5.61560518087405e-06,0.0,0.0,0.0,5.61560518087405e-06,5.61560518087405e-06,5.61560518087405e-06,8.423407771311075e-06
signed_hqql_tbl,mod.blocks.7.attn.h6,neutral_hadron<-photon,0.01730078271609924,1.59934220161763e-06,1.5189795659225593e-05,-3.2362651126128697e-06,1.0961139820432622e-05,-1.3590453457607964e-05,4.8356073142305e-06,1.59934220161763e-06,8.394568930421611e-06
signed_hqql_tbl,mod.blocks.1.attn.h2,photon<-charged_hadron,0.024954096141441093,1.3197059462519711e-06,-1.28104975957712e-05,-1.95859121399508e-06,-4.2469785172454634e-06,1.4130203542023172e-05,3.278297160247051e-06,1.3197059462519711e-06,8.384807717263557e-06
signed_hqql_tbl,mod.blocks.2.attn.h7,charged_hadron<-neutral_hadron,0.01144400402483148,5.142878628853011e-06,-1.3334906307628026e-06,-2.5438984423771575e-06,7.393117083663903e-06,6.476369259615813e-06,7.686777071230168e-06,5.142878628853011e-06,8.381063258660917e-06
B_tbl_minus_hqql,mod.blocks.3.attn.h1,charged_hadron<-charged_hadron,0.026989158902633866,-5.575908468230028e-06,0.0,0.0,0.0,-5.575908468230028e-06,-5.575908468230028e-06,5.575908468230028e-06,8.363862702345042e-06
signed_hqql_tbl,mod.blocks.7.attn.h3,charged_hadron<-charged_hadron,0.0327678061037204,-1.5657572464819647e-06,-1.5116564496199488e-05,-3.8687170781790986e-06,-4.784671161713926e-06,1.3550807249717524e-05,2.302959831697134e-06,1.5657572464819647e-06,8.341160871340727e-06
signed_hqql_tbl,mod.blocks.5.attn.h6,neutral_hadron<-charged_hadron,0.03047514868006811,4.3959011932102184e-06,-3.4936772043783184e-06,-1.2441301188271502e-05,-5.735672517063306e-06,7.889578397588537e-06,1.683720238148172e-05,4.3959011932102184e-06,8.340690392004487e-06
B_tbl_minus_hqql,mod.blocks.5.attn.h6,neutral_hadron<-neutral_hadron,0.02140450261923231,5.560382940420694e-06,0.0,0.0,0.0,5.560382940420694e-06,5.560382940420694e-06,5.560382940420694e-06,8.34057441063104e-06
B_tbl_minus_hqql,mod.blocks.1.attn.h7,electron<-electron,0.0004033284064803411,-5.558553320206272e-06,0.0,0.0,0.0,-5.558553320206272e-06,-5.558553320206272e-06,5.558553320206272e-06,8.337829980309407e-06
B_tbl_minus_hqql,mod.blocks.7.attn.h1,neutral_hadron<-charged_hadron,0.02677884669886861,5.554802561409445e-06,0.0,0.0,0.0,5.554802561409445e-06,5.554802561409445e-06,5.554802561409445e-06,8.332203842114167e-06
B_tbl_minus_hqql,mod.blocks.7.attn.h1,photon<-neutral_hadron,0.02004821360305705,5.552113365333909e-06,0.0,0.0,0.0,5.552113365333909e-06,5.552113365333909e-06,5.552113365333909e-06,8.328170048000863e-06
B_tbl_minus_hqql,mod.blocks.7.attn.h1,charged_hadron<-electron,0.03454146121183167,5.5474746382653555e-06,0.0,0.0,0.0,5.5474746382653555e-06,5.5474746382653555e-06,5.5474746382653555e-06,8.321211957398033e-06
signed_hqql_tbl,mod.blocks.1.attn.h7,electron<-electron,0.0004033285471905401,-5.5585602344976335e-06,-4.997677222062791e-08,-0.00029343969796416205,-6.123779986803395e-08,-5.508583462277006e-06,0.0002878811377296644,5.5585602344976335e-06,8.312851965636136e-06
B_tbl_minus_hqql,mod.blocks.4.attn.h1,muon<-charged_hadron,0.0066513150930404665,-5.5201599025167525e-06,0.0,0.0,0.0,-5.5201599025167525e-06,-5.5201599025167525e-06,5.5201599025167525e-06,8.280239853775129e-06
signed_hqql_tbl,mod.blocks.4.attn.h6,charged_hadron<-photon,0.016931501994146166,-3.529829083660808e-06,-1.3021171029279341e-05,-1.0406277311833593e-05,1.2420037544614315e-05,9.491341945618533e-06,6.876448228172785e-06,3.529829083660808e-06,8.275500056470074e-06
B_tbl_minus_hqql,mod.blocks.0.attn.h0,electron<-charged_hadron,0.021807197157455528,-5.505597626957435e-06,0.0,0.0,0.0,-5.505597626957435e-06,-5.505597626957435e-06,5.505597626957435e-06,8.258396440436153e-06
B_tbl_minus_hqql,mod.blocks.3.attn.h0,neutral_hadron<-photon,0.016568871151175817,-5.505166385325847e-06,0.0,0.0,0.0,-5.505166385325847e-06,-5.505166385325847e-06,5.505166385325847e-06,8.25774957798877e-06
B_tbl_minus_hqql,mod.blocks.6.attn.h4,neutral_hadron<-photon,0.01876534866761617,-5.49404835117184e-06,0.0,0.0,0.0,-5.49404835117184e-06,-5.49404835117184e-06,5.49404835117184e-06,8.24107252675776e-06
signed_hqql_tbl,mod.blocks.4.attn.h1,neutral_hadron<-neutral_hadron,0.02143269642435657,-6.326951382714227e-06,-2.518435903568942e-06,-2.2467440450020108e-05,7.436020230007132e-06,-3.808515479145285e-06,1.614048906730588e-05,6.326951382714227e-06,8.23120912228687e-06
B_tbl_minus_hqql,mod.blocks.2.attn.h1,photon<-charged_hadron,0.026073054878751216,5.475649101166338e-06,0.0,0.0,0.0,5.475649101166338e-06,5.475649101166338e-06,5.475649101166338e-06,8.213473651749506e-06
signed_hqql_tbl,mod.cls_blocks.1.attn.h5,photon<-CLS,0.0,0.0,1.6383753154514126e-05,0.0,0.0,-1.6383753154514126e-05,0.0,0.0,8.191876577257063e-06
B_tbl_minus_hqql,mod.blocks.5.attn.h1,electron<-muon,0.0006755313370376825,5.458796294988133e-06,0.0,0.0,0.0,5.458796294988133e-06,5.458796294988133e-06,5.458796294988133e-06,8.1881944424822e-06
signed_hqql_tbl,mod.blocks.5.attn.h1,electron<-muon,0.000675530987791717,5.458795385493431e-06,0.0,0.00028099905466660857,8.988236572804453e-07,5.458795385493431e-06,-0.00027554025928111514,5.458795385493431e-06,8.188193078240147e-06
B_tbl_minus_hqql,mod.blocks.7.attn.h7,charged_hadron<-photon,0.020589665895667523,-5.441354065895523e-06,0.0,0.0,0.0,-5.441354065895523e-06,-5.441354065895523e-06,5.441354065895523e-06,8.162031098843284e-06
B_tbl_minus_hqql,mod.blocks.4.attn.h1,charged_hadron<-charged_hadron,0.028101830603974892,5.429552383924266e-06,0.0,0.0,0.0,5.429552383924266e-06,5.429552383924266e-06,5.429552383924266e-06,8.144328575886399e-06
signed_hqql_tbl,mod.blocks.2.attn.h1,neutral_hadron<-photon,0.018678704103482293,8.019726858310754e-07,-1.3863138113106791e-05,-3.589909160169489e-06,-8.718959940021636e-07,1.4665110798937866e-05,4.391881846000565e-06,8.019726858310754e-07,8.134528085300009e-06
signed_hqql_tbl,mod.blocks.1.attn.h6,charged_hadron<-charged_hadron,0.029927525080387908,-3.463568721243071e-06,5.805808949014528e-06,1.926178294209152e-05,-1.8672665358930926e-05,-9.269377670257598e-06,-2.272535166333459e-05,3.463568721243071e-06,8.09825755637187e-06
B_tbl_minus_hqql,mod.blocks.6.attn.h2,neutral_hadron<-electron,0.02793347801780328,-5.397403936058254e-06,0.0,0.0,0.0,-5.397403936058254e-06,-5.397403936058254e-06,5.397403936058254e-06,8.096105904087381e-06
signed_hqql_tbl,mod.blocks.1.attn.h7,photon<-photon,0.0173283677235933,-3.5425020482038234e-06,5.479474097130919e-06,1.0450701218725028e-05,6.965343027024328e-06,-9.021976145334744e-06,-1.3993203266928852e-05,3.5425020482038234e-06,8.053490120871194e-06
signed_hqql_tbl,mod.blocks.2.attn.h1,photon<-charged_hadron,0.026073055043404934,5.475649196638157e-06,1.0587021994553477e-05,1.4808878737626683e-06,6.941928455255594e-06,-5.11137279791532e-06,3.9947613228754885e-06,5.475649196638157e-06,8.031335595595818e-06
signed_hqql_tbl,mod.cls_blocks.1.attn.h6,neutral_hadron<-CLS,0.0009826131572481245,-4.9155707984027686e-06,1.2951388725923607e-06,0.0,0.0,-6.210709670995129e-06,-4.9155707984027686e-06,4.9155707984027686e-06,8.020925633900333e-06
B_tbl_minus_hqql,mod.blocks.4.attn.h0,charged_hadron<-charged_hadron,0.02936591361025161,-5.344582749151895e-06,0.0,0.0,0.0,-5.344582749151895e-06,-5.344582749151895e-06,5.344582749151895e-06,8.016874123727842e-06
B_tbl_minus_hqql,mod.blocks.6.attn.h4,photon<-muon,0.02335799657381498,5.3414304812367145e-06,0.0,0.0,0.0,5.3414304812367145e-06,5.3414304812367145e-06,5.3414304812367145e-06,8.012145721855071e-06
signed_hqql_tbl,mod.blocks.4.attn.h6,electron<-electron,0.0011695715234964154,-5.149692321992916e-06,5.552086537186085e-07,1.207978763930997e-06,3.16331011163129e-06,-5.704900975711525e-06,-6.357671085923913e-06,5.149692321992916e-06,8.00214280984868e-06
signed_hqql_tbl,mod.blocks.6.attn.h3,neutral_hadron<-photon,0.012900681810705736,6.228416785806703e-06,2.795169132828017e-06,3.2382946607472238e-06,-5.893705086755585e-06,3.433247652978686e-06,2.990122125059479e-06,6.228416785806703e-06,7.945040612296045e-06
B_tbl_minus_hqql,mod.blocks.0.attn.h1,charged_hadron<-charged_hadron,0.02614316443775175,-5.28617882737066e-06,0.0,0.0,0.0,-5.28617882737066e-06,-5.28617882737066e-06,5.28617882737066e-06,7.92926824105599e-06
B_tbl_minus_hqql,mod.blocks.5.attn.h0,neutral_hadron<-charged_hadron,0.027970587852232883,5.2825993846234835e-06,0.0,0.0,0.0,5.2825993846234835e-06,5.2825993846234835e-06,5.2825993846234835e-06,7.923899076935224e-06
signed_hqql_tbl,mod.blocks.3.attn.h0,photon<-charged_hadron,0.02724567574361411,5.654172951906137e-06,1.0191046633817889e-05,-9.204345987599561e-06,1.0306279407030203e-05,-4.536873681911752e-06,1.4858518939505698e-05,5.654172951906137e-06,7.922609792862013e-06
B_tbl_minus_hqql,mod.blocks.3.attn.h4,photon<-neutral_hadron,0.017794845057545052,-5.279502779506314e-06,0.0,0.0,0.0,-5.279502779506314e-06,-5.279502779506314e-06,5.279502779506314e-06,7.919254169259471e-06
B_tbl_minus_hqql,mod.blocks.7.attn.h4,neutral_hadron<-electron,0.19414516606775578,5.278685352294587e-06,0.0,0.0,0.0,5.278685352294587e-06,5.278685352294587e-06,5.278685352294587e-06,7.91802802844188e-06
B_tbl_minus_hqql,mod.blocks.7.attn.h5,muon<-charged_hadron,0.0065865062177181246,-5.23902490385808e-06,0.0,0.0,0.0,-5.23902490385808e-06,-5.23902490385808e-06,5.23902490385808e-06,7.85853735578712e-06
B_tbl_minus_hqql,mod.blocks.0.attn.h2,neutral_hadron<-muon,0.007215391223629315,5.236193828750402e-06,0.0,0.0,0.0,5.236193828750402e-06,5.236193828750402e-06,5.236193828750402e-06,7.854290743125603e-06
B_tbl_minus_hqql,mod.blocks.3.attn.h5,neutral_hadron<-photon,0.016643679355913817,-5.234820809257848e-06,0.0,0.0,0.0,-5.234820809257848e-06,-5.234820809257848e-06,5.234820809257848e-06,7.852231213886772e-06
B_tbl_minus_hqql,mod.blocks.2.attn.h7,neutral_hadron<-charged_hadron,0.025699546391313725,5.215489509738807e-06,0.0,0.0,0.0,5.215489509738807e-06,5.215489509738807e-06,5.215489509738807e-06,7.82323426460821e-06
signed_hqql_tbl,mod.blocks.2.attn.h5,neutral_hadron<-neutral_hadron,0.012424523354748218,9.016228499790438e-07,-1.2880452867898715e-05,1.1444551859191207e-07,-1.0460849111672248e-05,1.3782075717877758e-05,7.871773313871317e-07,9.016228499790438e-07,7.792660708917923e-06
signed_hqql_tbl,mod.blocks.4.attn.h4,neutral_hadron<-charged_hadron,0.0314680754577852,1.7640440174463121e-06,-1.028708330678611e-05,1.3237344863719178e-06,-4.051216887496812e-06,1.2051127324232423e-05,4.4030953107439426e-07,1.7640440174463121e-06,7.789607679562523e-06
B_tbl_minus_hqql,mod.blocks.1.attn.h3,charged_hadron<-charged_hadron,0.026635023136081567,5.181664581808378e-06,0.0,0.0,0.0,5.181664581808378e-06,5.181664581808378e-06,5.181664581808378e-06,7.772496872712567e-06
B_tbl_minus_hqql,mod.blocks.4.attn.h6,electron<-electron,0.0011695719007548178,-5.149693890871276e-06,0.0,0.0,0.0,-5.149693890871276e-06,-5.149693890871276e-06,5.149693890871276e-06,7.724540836306915e-06
B_tbl_minus_hqql,mod.blocks.2.attn.h7,charged_hadron<-neutral_hadron,0.011444004001475426,5.142882745813354e-06,0.0,0.0,0.0,5.142882745813354e-06,5.142882745813354e-06,5.142882745813354e-06,7.71432411872003e-06
B_tbl_minus_hqql,mod.blocks.0.attn.h2,charged_hadron<-charged_hadron,0.027950795018648417,5.091326678954955e-06,0.0,0.0,0.0,5.091326678954955e-06,5.091326678954955e-06,5.091326678954955e-06,7.636990018432434e-06
B_tbl_minus_hqql,mod.blocks.0.attn.h0,photon<-charged_hadron,0.022963371230752427,5.077521533940697e-06,0.0,0.0,0.0,5.077521533940697e-06,5.077521533940697e-06,5.077521533940697e-06,7.616282300911046e-06
B_tbl_minus_hqql,mod.blocks.2.attn.h7,electron<-electron,0.0004900727815710937,5.069252258266266e-06,0.0,0.0,0.0,5.069252258266266e-06,5.069252258266266e-06,5.069252258266266e-06,7.603878387399399e-06
signed_hqql_tbl,mod.blocks.2.attn.h7,electron<-electron,0.0004900728288648182,5.069254093997833e-06,5.555974752491366e-08,-7.900142880402145e-05,-1.2899042819749149e-07,5.013694346472919e-06,8.407068289801929e-05,5.069254093997833e-06,7.5761012672342925e-06
B_tbl_minus_hqql,mod.blocks.7.attn.h0,neutral_hadron<-muon,0.015521228313446045,5.0311406691131806e-06,0.0,0.0,0.0,5.0311406691131806e-06,5.0311406691131806e-06,5.0311406691131806e-06,7.5467110036697704e-06
B_tbl_minus_hqql,mod.blocks.5.attn.h3,muon<-neutral_hadron,0.015989818920691807,-5.030998484774803e-06,0.0,0.0,0.0,-5.030998484774803e-06,-5.030998484774803e-06,5.030998484774803e-06,7.546497727162205e-06
B_tbl_minus_hqql,mod.cls_blocks.1.attn.h5,electron<-electron,0.0013617123768199235,-5.014421503801714e-06,0.0,0.0,0.0,-5.014421503801714e-06,-5.014421503801714e-06,5.014421503801714e-06,7.5216322557025705e-06
B_tbl_minus_hqql,mod.blocks.3.attn.h7,neutral_hadron<-neutral_hadron,0.01056050897539715,-5.005813469877261e-06,0.0,0.0,0.0,-5.005813469877261e-06,-5.005813469877261e-06,5.005813469877261e-06,7.508720204815892e-06
B_tbl_minus_hqql,mod.blocks.3.attn.h1,photon<-charged_hadron,0.027718183085404708,4.984661491760773e-06,0.0,0.0,0.0,4.984661491760773e-06,4.984661491760773e-06,4.984661491760773e-06,7.476992237641159e-06
signed_hqql_tbl,mod.blocks.7.attn.h0,photon<-neutral_hadron,0.015725761165821143,-3.7921649542694903e-06,-1.1106791300169954e-05,-2.833086370812649e-06,-1.9973344828104355e-06,7.314626345900463e-06,-9.590785834568415e-07,3.7921649542694903e-06,7.449478127219722e-06
signed_hqql_tbl,mod.blocks.5.attn.h2,photon<-neutral_hadron,0.010859612636815083,4.69411891529209e-06,-7.870221362936628e-07,2.3360757292413884e-05,-9.788086160497777e-06,5.481141051585753e-06,-1.8666638377121795e-05,4.69411891529209e-06,7.434689441084966e-06
signed_hqql_tbl,mod.blocks.3.attn.h2,photon<-neutral_hadron,0.014627597265881387,-7.005344934506664e-06,-7.80899441201487e-06,1.4052901918796043e-05,-2.525069116948711e-05,8.036494775082063e-07,-2.1058246853302706e-05,7.005344934506664e-06,7.407169673260767e-06
signed_hqql_tbl,mod.blocks.7.attn.h1,charged_hadron<-electron,0.034541456676695656,5.547463862730302e-06,9.263273885456631e-06,-6.666766937762018e-06,-4.397977601102967e-05,-3.7158100227263293e-06,1.221423080049232e-05,5.547463862730302e-06,7.4053688740934665e-06
signed_hqql_tbl,mod.blocks.4.attn.h6,neutral_hadron<-charged_hadron,0.031899201739170706,-2.3286424962565417e-06,7.75076791346241e-06,1.399995651193968e-05,1.173545891014391e-06,-1.0079410409718952e-05,-1.632859900819622e-05,2.3286424962565417e-06,7.368347701116018e-06
signed_hqql_tbl,mod.blocks.0.attn.h7,neutral_hadron<-charged_hadron,0.027096905584993034,3.4200783828448584e-06,1.123985459163852e-05,5.327169282593846e-06,3.5736981642505175e-06,-7.819776208793662e-06,-1.9070908997489877e-06,3.4200783828448584e-06,7.329966487241689e-06
signed_hqql_tbl,mod.blocks.1.attn.h7,photon<-charged_hadron,0.026338927241978723,4.340652102258478e-06,-1.6341558643952628e-06,-2.9590055934177167e-06,-1.1598312613382528e-06,5.97480796665374e-06,7.299657695676194e-06,4.340652102258478e-06,7.328056085585348e-06
signed_hqql_tbl,mod.blocks.1.attn.h2,neutral_hadron<-muon,0.004908348433673382,-6.334090357995592e-06,-8.302973583340645e-06,0.00016574401668453662,-0.0002451251952114338,1.9688832253450528e-06,-0.00017207810704253222,6.334090357995592e-06,7.3185319706681184e-06
B_tbl_minus_hqql,mod.blocks.7.attn.h3,photon<-neutral_hadron,0.022810673684513783,-4.874065394557368e-06,0.0,0.0,0.0,-4.874065394557368e-06,-4.874065394557368e-06,4.874065394557368e-06,7.311098091836052e-06
B_tbl_minus_hqql,mod.blocks.2.attn.h0,neutral_hadron<-neutral_hadron,0.021473446920145526,-4.83699812500963e-06,0.0,0.0,0.0,-4.83699812500963e-06,-4.83699812500963e-06,4.83699812500963e-06,7.255497187514445e-06
B_tbl_minus_hqql,mod.blocks.7.attn.h7,photon<-photon,0.016243899118843146,-4.8170935160192994e-06,0.0,0.0,0.0,-4.8170935160192994e-06,-4.8170935160192994e-06,4.8170935160192994e-06,7.225640274028949e-06
B_tbl_minus_hqql,mod.blocks.2.attn.h6,neutral_hadron<-neutral_hadron,0.02178249836573542,-4.8158317022749585e-06,0.0,0.0,0.0,-4.8158317022749585e-06,-4.8158317022749585e-06,4.8158317022749585e-06,7.223747553412437e-06
B_tbl_minus_hqql,mod.blocks.4.attn.h0,charged_hadron<-muon,0.0491406261920929,4.807076038559899e-06,0.0,0.0,0.0,4.807076038559899e-06,4.807076038559899e-06,4.807076038559899e-06,7.210614057839848e-06
B_tbl_minus_hqql,mod.blocks.5.attn.h7,neutral_hadron<-charged_hadron,0.029854075755445186,4.793199909256835e-06,0.0,0.0,0.0,4.793199909256835e-06,4.793199909256835e-06,4.793199909256835e-06,7.189799863885253e-06
signed_hqql_tbl,mod.blocks.1.attn.h7,neutral_hadron<-photon,0.017924303988064678,6.318971051604352e-06,8.039182327751811e-06,1.2205014160053529e-05,1.0339408702507812e-05,-1.720211276147459e-06,-5.886043108449177e-06,6.318971051604352e-06,7.179076689678081e-06
signed_hqql_tbl,mod.blocks.4.attn.h6,neutral_hadron<-neutral_hadron,0.014443674948734523,-1.588242699483745e-06,-1.2744666387507293e-05,7.92733026782248e-06,-6.718240544558989e-07,1.1156423688023548e-05,-9.515572967306226e-06,1.588242699483745e-06,7.166454543495519e-06
signed_hqql_tbl,mod.blocks.5.attn.h4,photon<-photon,0.011895172791868068,-2.5681479374671338e-06,6.585100849608143e-06,-3.599404333615934e-06,3.2445368484231546e-06,-9.153248787075277e-06,1.0312563961488004e-06,2.5681479374671338e-06,7.144772331004772e-06
B_tbl_minus_hqql,mod.blocks.0.attn.h1,photon<-charged_hadron,0.02673011301960076,4.746689494657111e-06,0.0,0.0,0.0,4.746689494657111e-06,4.746689494657111e-06,4.746689494657111e-06,7.120034241985667e-06
B_tbl_minus_hqql,mod.blocks.4.attn.h6,photon<-neutral_hadron,0.01691667521661102,-4.73436747720734e-06,0.0,0.0,0.0,-4.73436747720734e-06,-4.73436747720734e-06,4.73436747720734e-06,7.101551215811009e-06
signed_hqql_tbl,mod.blocks.5.attn.h7,neutral_hadron<-photon,0.015998340863582556,-2.6882711398095456e-06,6.131856613311944e-06,-3.2492801154796243e-06,-6.602144224527457e-07,-8.82012775312149e-06,5.610089756700787e-07,2.6882711398095456e-06,7.098335016370291e-06
B_tbl_minus_hqql,mod.blocks.6.attn.h1,neutral_hadron<-neutral_hadron,0.010979593389737193,-4.722162550060177e-06,0.0,0.0,0.0,-4.722162550060177e-06,-4.722162550060177e-06,4.722162550060177e-06,7.083243825090265e-06
B_tbl_minus_hqql,mod.blocks.5.attn.h2,photon<-neutral_hadron,0.01085961235726638,4.6941176571330245e-06,0.0,0.0,0.0,4.6941176571330245e-06,4.6941176571330245e-06,4.6941176571330245e-06,7.041176485699536e-06
signed_hqql_tbl,mod.blocks.7.attn.h4,neutral_hadron<-charged_hadron,0.02818214599054809,6.433553114839242e-08,1.3865845139990016e-05,9.237237977171495e-07,2.921845158053737e-06,-1.3801509608841624e-05,-8.593882665687571e-07,6.433553114839242e-08,6.965090335569204e-06
B_tbl_minus_hqql,mod.blocks.4.attn.h1,charged_hadron<-neutral_hadron,0.023787940837746505,-4.635440840000479e-06,0.0,0.0,0.0,-4.635440840000479e-06,-4.635440840000479e-06,4.635440840000479e-06,6.9531612600007186e-06
signed_hqql_tbl,mod.blocks.1.attn.h5,photon<-neutral_hadron,0.013657852496836353,-8.532147304584891e-07,-1.3051712593745614e-05,-7.451761634999414e-06,-8.054919724591606e-08,1.2198497863287125e-05,6.598546904540925e-06,8.532147304584891e-07,6.952463662102052e-06
B_tbl_minus_hqql,mod.blocks.3.attn.h7,charged_hadron<-neutral_hadron,0.019025519817226732,-4.6293688937109315e-06,0.0,0.0,0.0,-4.6293688937109315e-06,-4.6293688937109315e-06,4.6293688937109315e-06,6.944053340566397e-06
signed_hqql_tbl,mod.blocks.0.attn.h0,charged_hadron<-photon,0.019301989830989207,2.917886708601949e-06,1.0933902578555803e-05,2.185768414350793e-06,1.8867723967112097e-05,-8.016015869953854e-06,7.321182942511561e-07,2.917886708601949e-06,6.925894643578876e-06
B_tbl_minus_hqql,mod.blocks.4.attn.h2,neutral_hadron<-charged_hadron,0.03221082087127393,-4.61506332895028e-06,0.0,0.0,0.0,-4.61506332895028e-06,-4.61506332895028e-06,4.61506332895028e-06,6.92259499342542e-06
B_tbl_minus_hqql,mod.blocks.6.attn.h6,neutral_hadron<-neutral_hadron,0.0074824358574908665,4.58583043256392e-06,0.0,0.0,0.0,4.58583043256392e-06,4.58583043256392e-06,4.58583043256392e-06,6.8787456488458804e-06
signed_hqql_tbl,mod.cls_blocks.1.attn.h0,muon<-neutral_hadron,0.0,0.0,-1.3743023737333715e-05,0.0005969645377869407,0.0,1.3743023737333715e-05,-0.0005969645377869407,0.0,6.871511868666858e-06
B_tbl_minus_hqql,mod.blocks.6.attn.h1,photon<-charged_hadron,0.026131591250224667,4.57058488474953e-06,0.0,0.0,0.0,4.57058488474953e-06,4.57058488474953e-06,4.57058488474953e-06,6.855877327124295e-06
signed_hqql_tbl,mod.blocks.6.attn.h2,neutral_hadron<-electron,0.02793347485130653,-5.397382903993275e-06,-2.5088014830032535e-06,2.0513459962974896e-05,2.941657518985106e-06,-2.888581420990022e-06,-2.591084286696817e-05,5.397382903993275e-06,6.841673614488287e-06
B_tbl_minus_hqql,mod.blocks.5.attn.h5,charged_hadron<-neutral_hadron,0.004604479817667725,4.551329962411948e-06,0.0,0.0,0.0,4.551329962411948e-06,4.551329962411948e-06,4.551329962411948e-06,6.8269949436179215e-06
signed_hqql_tbl,mod.blocks.0.attn.h7,charged_hadron<-charged_hadron,0.025577229588709786,-2.5327645347151957e-06,6.003206695790223e-06,-4.06866249474445e-06,-7.606740372066172e-07,-8.535971230505419e-06,1.5358979600292542e-06,2.5327645347151957e-06,6.800750149967905e-06
signed_hqql_tbl,mod.blocks.5.attn.h6,charged_hadron<-photon,0.01335606435879818,-6.299118899858623e-06,-7.294181856471279e-06,-4.326923569545189e-06,1.376434164421387e-05,9.950629566126554e-07,-1.9721953303134345e-06,6.299118899858623e-06,6.796650378164951e-06
signed_hqql_tbl,mod.blocks.6.attn.h4,charged_hadron<-photon,0.008339051496834386,-4.1203078158934294e-06,1.2086925018662555e-06,-8.473085069344898e-06,-2.2823788772058056e-06,-5.329000317759685e-06,4.352777253451468e-06,4.1203078158934294e-06,6.784807974773272e-06
signed_hqql_tbl,mod.blocks.1.attn.h4,photon<-charged_hadron,0.025284354528669496,2.1669517252890094e-07,-1.2889783680716632e-05,9.049422780621558e-06,-3.2182343924690557e-06,1.3106478853245533e-05,-8.832727608092657e-06,2.1669517252890094e-07,6.769934599151667e-06
B_tbl_minus_hqql,mod.blocks.1.attn.h3,neutral_hadron<-neutral_hadron,0.016702845429363185,-4.501506431433207e-06,0.0,0.0,0.0,-4.501506431433207e-06,-4.501506431433207e-06,4.501506431433207e-06,6.75225964714981e-06
signed_hqql_tbl,mod.blocks.7.attn.h1,charged_hadron<-photon,0.01696057778201709,2.538255492415188e-06,-5.876141698568184e-06,-4.337262158183337e-06,-5.754211026134462e-06,8.414397190983372e-06,6.8755176505985244e-06,2.538255492415188e-06,6.745454087906874e-06
signed_hqql_tbl,mod.blocks.7.attn.h7,photon<-neutral_hadron,0.023541299058018075,3.957033934226248e-06,9.479944348430802e-06,-2.968617025247231e-06,-3.765845350389278e-06,-5.522910414204554e-06,6.925650959473479e-06,3.957033934226248e-06,6.718489141328525e-06
signed_hqql_tbl,mod.blocks.5.attn.h0,neutral_hadron<-neutral_hadron,0.015604676552900104,1.0155565532455486e-06,-1.0388302990762906e-05,4.331721398553372e-06,-6.838211031292155e-06,1.1403859544008454e-05,-3.3161648453078236e-06,1.0155565532455486e-06,6.7174863252497755e-06
signed_hqql_tbl,mod.blocks.1.attn.h6,charged_hadron<-neutral_hadron,0.012921743118277164,-9.20720306917774e-07,-1.247208560557369e-05,1.2578993049908232e-06,-8.37527443561503e-06,1.1551365298655915e-05,-2.1786196119085973e-06,9.20720306917774e-07,6.696402956245731e-06
B_tbl_minus_hqql,mod.blocks.4.attn.h0,electron<-charged_hadron,0.029258227218752323,4.4493097685398935e-06,0.0,0.0,0.0,4.4493097685398935e-06,4.4493097685398935e-06,4.4493097685398935e-06,6.67396465280984e-06
B_tbl_minus_hqql,mod.blocks.2.attn.h4,neutral_hadron<-charged_hadron,0.027476314934069834,-4.443950742012551e-06,0.0,0.0,0.0,-4.443950742012551e-06,-4.443950742012551e-06,4.443950742012551e-06,6.665926113018826e-06
signed_hqql_tbl,mod.blocks.1.attn.h7,charged_hadron<-neutral_hadron,0.022793702897980668,-1.3800430947113315e-06,-1.1889752512378198e-05,2.488435885201632e-05,9.756997702996604e-07,1.0509709417666867e-05,-2.6264401946727653e-05,1.3800430947113315e-06,6.634897803544765e-06
B_tbl_minus_hqql,mod.blocks.5.attn.h6,neutral_hadron<-charged_hadron,0.030475149427461774,4.3958998246915456e-06,0.0,0.0,0.0,4.3958998246915456e-06,4.3958998246915456e-06,4.3958998246915456e-06,6.593849737037318e-06
signed_hqql_tbl,mod.blocks.5.attn.h0,electron<-electron,0.0001771239769857047,-4.379839490248338e-06,3.868279012386733e-08,-1.05576703140178e-05,3.1133384963411004e-06,-4.418522280372205e-06,6.177830823769463e-06,4.379839490248338e-06,6.589100630434441e-06
B_tbl_minus_hqql,mod.blocks.5.attn.h0,electron<-electron,0.00017712395363247423,-4.37983766093386e-06,0.0,0.0,0.0,-4.37983766093386e-06,-4.37983766093386e-06,4.37983766093386e-06,6.569756491400791e-06
B_tbl_minus_hqql,mod.blocks.0.attn.h2,neutral_hadron<-charged_hadron,0.031227604068558793,4.364373026221194e-06,0.0,0.0,0.0,4.364373026221194e-06,4.364373026221194e-06,4.364373026221194e-06,6.5465595393317904e-06
B_tbl_minus_hqql,mod.blocks.7.attn.h6,photon<-photon,0.012936803600496054,-4.352242045560542e-06,0.0,0.0,0.0,-4.352242045560542e-06,-4.352242045560542e-06,4.352242045560542e-06,6.528363068340813e-06
signed_hqql_tbl,mod.blocks.7.attn.h3,photon<-neutral_hadron,0.022810672323233153,-4.874065771411617e-06,-1.5777149540976436e-06,-4.148733056686976e-06,-4.343367418102629e-06,-3.296350817313973e-06,-7.253327147246404e-07,4.874065771411617e-06,6.522241180068604e-06
B_tbl_minus_hqql,mod.blocks.1.attn.h7,photon<-charged_hadron,0.026338927488959298,4.3406546247244465e-06,0.0,0.0,0.0,4.3406546247244465e-06,4.3406546247244465e-06,4.3406546247244465e-06,6.51098193708667e-06
signed_hqql_tbl,mod.blocks.6.attn.h3,neutral_hadron<-neutral_hadron,0.01228214239260649,-3.2035045966641315e-06,3.4041776390813108e-06,-7.608346142648337e-07,4.136122706373796e-06,-6.607682235745443e-06,-2.4426699823992978e-06,3.2035045966641315e-06,6.507345714536853e-06
B_tbl_minus_hqql,mod.blocks.3.attn.h4,charged_hadron<-neutral_hadron,0.02325674260858458,-4.334646228957793e-06,0.0,0.0,0.0,-4.334646228957793e-06,-4.334646228957793e-06,4.334646228957793e-06,6.5019693434366896e-06
B_tbl_minus_hqql,mod.blocks.7.attn.h7,neutral_hadron<-neutral_hadron,0.020586465883849093,4.3287563501247055e-06,0.0,0.0,0.0,4.3287563501247055e-06,4.3287563501247055e-06,4.3287563501247055e-06,6.493134525187058e-06
signed_hqql_tbl,mod.blocks.7.attn.h1,charged_hadron<-neutral_hadron,0.0195255226289217,-1.6259689702428232e-06,-1.1355521787704716e-05,-6.543081587646723e-06,-6.6065907686413445e-06,9.729552817461893e-06,4.9171126174038994e-06,1.6259689702428232e-06,6.49074537897377e-06
signed_hqql_tbl,mod.blocks.4.attn.h4,charged_hadron<-muon,0.003379592299461365,-1.85392332241463e-07,1.2416354032514694e-05,7.292891188689251e-06,2.602954340805549e-05,-1.2601746364756157e-05,-7.478283520930714e-06,1.85392332241463e-07,6.486265514619542e-06
signed_hqql_tbl,mod.blocks.4.attn.h1,charged_hadron<-charged_hadron,0.028101831358583466,5.429553507730981e-06,3.334805179327533e-06,-2.329311654913634e-05,5.877660632868013e-06,2.0947483284034477e-06,2.8722670056867322e-05,5.429553507730981e-06,6.476927671932704e-06
signed_hqql_tbl,mod.blocks.3.attn.h4,neutral_hadron<-charged_hadron,0.02656667901430758,-2.1854380079888853e-06,6.383760590504788e-06,1.1536711148008162e-06,8.175804245120025e-06,-8.569198598493674e-06,-3.3391091227897013e-06,2.1854380079888853e-06,6.470037307235722e-06
B_tbl_minus_hqql,mod.blocks.4.attn.h0,photon<-charged_hadron,0.02732996107464996,-4.299631921474137e-06,0.0,0.0,0.0,-4.299631921474137e-06,-4.299631921474137e-06,4.299631921474137e-06,6.449447882211206e-06
B_tbl_minus_hqql,mod.blocks.2.attn.h1,electron<-photon,0.015332880270917242,-4.260220033224536e-06,0.0,0.0,0.0,-4.260220033224536e-06,-4.260220033224536e-06,4.260220033224536e-06,6.390330049836804e-06
signed_hqql_tbl,mod.blocks.1.attn.h6,photon<-charged_hadron,0.024746259931701323,-3.650966220588722e-06,1.8241537105473538e-06,2.7594167174319235e-06,-5.616071001440844e-06,-5.475119931136076e-06,-6.410382938020645e-06,3.650966220588722e-06,6.38852618615676e-06
signed_hqql_tbl,mod.blocks.7.attn.h1,neutral_hadron<-charged_hadron,0.026778846418595986,5.5548068038173325e-06,7.148204213490726e-06,4.710693202776565e-06,6.380768403402245e-06,-1.5933974096733938e-06,8.441136010407675e-07,5.5548068038173325e-06,6.351505508654029e-06
signed_hqql_tbl,mod.blocks.5.attn.h1,charged_hadron<-photon,0.019727566377234065,3.2650164758801996e-06,-2.905945660482466e-06,-1.2569474162473478e-05,6.825795766137599e-06,6.170962136362665e-06,1.5834490638353677e-05,3.2650164758801996e-06,6.350497544061532e-06
signed_hqql_tbl,mod.blocks.5.attn.h3,neutral_hadron<-charged_hadron,0.02775324180395252,1.8547131786479918e-06,-7.1015135937806656e-06,1.0310952582501653e-05,-4.534644966956885e-06,8.956226772428657e-06,-8.456239403853661e-06,1.8547131786479918e-06,6.33282656486232e-06
B_tbl_minus_hqql,mod.blocks.3.attn.h1,neutral_hadron<-neutral_hadron,0.011251851820478782,-4.21870660907012e-06,0.0,0.0,0.0,-4.21870660907012e-06,-4.21870660907012e-06,4.21870660907012e-06,6.328059913605179e-06
B_tbl_minus_hqql,mod.blocks.7.attn.h2,electron<-neutral_hadron,0.011726875977910823,-4.1993650022220665e-06,0.0,0.0,0.0,-4.1993650022220665e-06,-4.1993650022220665e-06,4.1993650022220665e-06,6.2990475033331e-06
signed_hqql_tbl,mod.blocks.0.attn.h3,charged_hadron<-charged_hadron,0.025525685974570236,-2.0333867983470748e-06,6.488377881250188e-06,3.783031624244627e-06,6.35192157327126e-06,-8.521764679597263e-06,-5.816418422591702e-06,2.0333867983470748e-06,6.294269138145706e-06
B_tbl_minus_hqql,mod.blocks.4.attn.h0,charged_hadron<-electron,0.03064886699228183,-4.190097767960928e-06,0.0,0.0,0.0,-4.190097767960928e-06,-4.190097767960928e-06,4.190097767960928e-06,6.2851466519413925e-06
signed_hqql_tbl,mod.blocks.4.attn.h1,photon<-charged_hadron,0.02619341518009565,2.196091312454571e-06,-5.963549870895537e-06,2.9152895943861615e-06,8.258527210814996e-06,8.159641183350108e-06,-7.191982819315904e-07,2.196091312454571e-06,6.275911904129625e-06
B_tbl_minus_hqql,mod.blocks.6.attn.h4,electron<-muon,0.00019119902572128922,-4.1719054024724755e-06,0.0,0.0,0.0,-4.1719054024724755e-06,-4.1719054024724755e-06,4.1719054024724755e-06,6.257858103708713e-06
signed_hqql_tbl,mod.blocks.6.attn.h4,electron<-muon,0.00019119877833873034,-4.171899490756914e-06,0.0,7.479171472368762e-05,-2.640981655588348e-08,-4.171899490756914e-06,-7.896361421444453e-05,4.171899490756914e-06,6.257849236135371e-06
signed_hqql_tbl,mod.blocks.6.attn.h4,neutral_hadron<-neutral_hadron,0.011696413967490209,-1.7330360831302344e-06,7.291560974693681e-06,-1.934634092637141e-06,1.5986934089114026e-06,-9.024597057823915e-06,2.0159800950690643e-07,1.7330360831302344e-06,6.245334612042192e-06
signed_hqql_tbl,mod.blocks.3.attn.h3,charged_hadron<-photon,0.017713304711968858,2.7712349791481103e-06,-4.1305253562057136e-06,1.5268669111489282e-05,-5.166622442222945e-06,6.901760335353824e-06,-1.2497434132341173e-05,2.7712349791481103e-06,6.222115146825022e-06
B_tbl_minus_hqql,mod.blocks.5.attn.h2,neutral_hadron<-photon,0.01701249770491975,4.1301017433411e-06,0.0,0.0,0.0,4.1301017433411e-06,4.1301017433411e-06,4.1301017433411e-06,6.195152615011649e-06
signed_hqql_tbl,mod.cls_blocks.1.attn.h6,CLS<-CLS,0.0008830454316921532,-6.116357894825342e-06,-5.9676914965223204e-06,0.0,0.0,-1.486663983030212e-07,-6.116357894825342e-06,6.116357894825342e-06,6.190691093976852e-06
B_tbl_minus_hqql,mod.blocks.6.attn.h4,charged_hadron<-photon,0.008339051002873242,-4.120307866141756e-06,0.0,0.0,0.0,-4.120307866141756e-06,-4.120307866141756e-06,4.120307866141756e-06,6.180461799212634e-06
B_tbl_minus_hqql,mod.blocks.6.attn.h0,neutral_hadron<-photon,0.01884494004786306,-4.11714198389968e-06,0.0,0.0,0.0,-4.11714198389968e-06,-4.11714198389968e-06,4.11714198389968e-06,6.17571297584952e-06
signed_hqql_tbl,mod.blocks.6.attn.h1,neutral_hadron<-neutral_hadron,0.010979593093081233,-4.722163241533753e-06,-1.845627590570813e-06,-1.7780490716992418e-06,-7.790637709261398e-06,-2.87653565096294e-06,-2.944114169834511e-06,4.722163241533753e-06,6.160431067015223e-06
signed_hqql_tbl,mod.blocks.5.attn.h1,neutral_hadron<-photon,0.014940206952040581,-2.8059438046789234e-06,3.879433368893022e-06,2.0820882072310426e-07,1.4894664646484393e-06,-6.685377173571946e-06,-3.0141526254020275e-06,2.8059438046789234e-06,6.148632391464896e-06
signed_hqql_tbl,mod.blocks.6.attn.h7,photon<-photon,0.01581586765088135,-1.1741395512862745e-07,-1.2161729997031835e-05,-6.225218885902253e-06,-7.306266632716109e-06,1.2044316041903207e-05,6.107804930773625e-06,1.1741395512862745e-07,6.139571976080231e-06
B_tbl_minus_hqql,mod.blocks.5.attn.h3,charged_hadron<-neutral_hadron,0.018790572648138087,4.075897238657045e-06,0.0,0.0,0.0,4.075897238657045e-06,4.075897238657045e-06,4.075897238657045e-06,6.113845857985567e-06
signed_hqql_tbl,mod.blocks.7.attn.h4,neutral_hadron<-electron,0.19414517201657872,5.278667821073668e-06,6.9290569619795406e-06,-0.00021966061547236868,1.6338050841113727e-06,-1.6503891409058724e-06,0.00022493928329344234,5.278667821073668e-06,6.103862391526604e-06
signed_hqql_tbl,mod.blocks.6.attn.h7,charged_hadron<-electron,0.019031965173780918,-3.2964994617308863e-06,-8.897774193125467e-06,-3.742472101528678e-05,3.703869070806023e-06,5.601274731394581e-06,3.412822155355589e-05,3.2964994617308863e-06,6.097136827428176e-06
signed_hqql_tbl,mod.blocks.4.attn.h2,neutral_hadron<-neutral_hadron,0.011158824253094802,2.439376822322596e-06,9.747759726810816e-06,6.230670118135791e-08,9.081064140840385e-06,-7.3083829044882205e-06,2.377070121141238e-06,2.439376822322596e-06,6.093568274566707e-06
signed_hqql_tbl,mod.blocks.7.attn.h3,electron<-electron,0.007313895935182302,-3.665284414631001e-06,1.166863475107749e-06,8.396142549657284e-08,3.395152117965002e-07,-4.83214788973875e-06,-3.7492458401275736e-06,3.665284414631001e-06,6.0813583595003756e-06
signed_hqql_tbl,mod.blocks.3.attn.h5,neutral_hadron<-photon,0.01664367911282799,-5.234818708369597e-06,-6.830702098607056e-06,-1.0879726087951186e-05,-6.905755732468311e-06,1.5958833902374593e-06,5.6449073795815895e-06,5.234818708369597e-06,6.032760403488327e-06
B_tbl_minus_hqql,mod.blocks.4.attn.h4,neutral_hadron<-muon,0.014958841105302175,4.013923292707962e-06,0.0,0.0,0.0,4.013923292707962e-06,4.013923292707962e-06,4.013923292707962e-06,6.0208849390619434e-06
B_tbl_minus_hqql,mod.blocks.0.attn.h7,neutral_hadron<-neutral_hadron,0.02331944726828762,3.9927102018611724e-06,0.0,0.0,0.0,3.9927102018611724e-06,3.9927102018611724e-06,3.9927102018611724e-06,5.989065302791759e-06
B_tbl_minus_hqql,mod.blocks.4.attn.h6,neutral_hadron<-muon,0.005441019932428996,3.97415533370804e-06,0.0,0.0,0.0,3.97415533370804e-06,3.97415533370804e-06,3.97415533370804e-06,5.961233000562061e-06
B_tbl_minus_hqql,mod.blocks.3.attn.h0,neutral_hadron<-electron,0.01603158926591277,3.958647585022845e-06,0.0,0.0,0.0,3.958647585022845e-06,3.958647585022845e-06,3.958647585022845e-06,5.937971377534267e-06
B_tbl_minus_hqql,mod.blocks.7.attn.h7,photon<-neutral_hadron,0.023541298231526262,3.9570370855586235e-06,0.0,0.0,0.0,3.9570370855586235e-06,3.9570370855586235e-06,3.9570370855586235e-06,5.935555628337936e-06
B_tbl_minus_hqql,mod.blocks.7.attn.h0,neutral_hadron<-charged_hadron,0.026713291399157534,-3.9564186217802355e-06,0.0,0.0,0.0,-3.9564186217802355e-06,-3.9564186217802355e-06,3.9564186217802355e-06,5.934627932670353e-06
signed_hqql_tbl,mod.blocks.5.attn.h2,neutral_hadron<-photon,0.01701249823970857,4.130103345713494e-06,5.406380104157314e-07,-1.2364171676668583e-06,7.719682496551343e-06,3.589465335297763e-06,5.366520513380352e-06,4.130103345713494e-06,5.924836013362376e-06
signed_hqql_tbl,mod.blocks.4.attn.h4,neutral_hadron<-neutral_hadron,0.014389130731142874,-2.9036584764531016e-06,3.085923415906636e-06,6.865624005027175e-07,9.244644968707782e-06,-5.989581892359738e-06,-3.590220876955819e-06,2.9036584764531016e-06,5.898449422632971e-06
B_tbl_minus_hqql,mod.blocks.4.attn.h1,photon<-neutral_hadron,0.02430310648475541,-3.9301280305055416e-06,0.0,0.0,0.0,-3.9301280305055416e-06,-3.9301280305055416e-06,3.9301280305055416e-06,5.895192045758313e-06
signed_hqql_tbl,mod.blocks.6.attn.h0,photon<-charged_hadron,0.025668337447208596,-3.4196900290009974e-07,-1.1427369248716912e-05,-9.587172710228185e-06,-4.920816536809172e-06,1.1085400245816812e-05,9.245203707328086e-06,3.4196900290009974e-07,5.884669125808506e-06
B_tbl_minus_hqql,mod.blocks.5.attn.h2,neutral_hadron<-electron,0.004272363753989339,-3.916446399898632e-06,0.0,0.0,0.0,-3.916446399898632e-06,-3.916446399898632e-06,3.916446399898632e-06,5.874669599847949e-06
signed_hqql_tbl,mod.blocks.7.attn.h0,electron<-electron,0.0004979311763463557,-3.4333984349821377e-06,-8.310104416375808e-06,1.3149962621225894e-05,-1.179602945248585e-06,4.876705981393669e-06,-1.658336105620803e-05,3.4333984349821377e-06,5.871751425678972e-06
B_tbl_minus_hqql,mod.blocks.5.attn.h3,photon<-neutral_hadron,0.015275634229669368,3.912550337680237e-06,0.0,0.0,0.0,3.912550337680237e-06,3.912550337680237e-06,3.912550337680237e-06,5.868825506520356e-06
signed_hqql_tbl,mod.blocks.4.attn.h4,photon<-charged_hadron,0.03212036892195433,-1.6963873168701842e-06,6.633890079935387e-06,-6.442568934213217e-06,-9.191049270459381e-07,-8.330277396805572e-06,4.746181617343033e-06,1.6963873168701842e-06,5.8615260152729705e-06
B_tbl_minus_hqql,mod.blocks.0.attn.h1,charged_hadron<-photon,0.017317923804673042,3.8903194989524115e-06,0.0,0.0,0.0,3.8903194989524115e-06,3.8903194989524115e-06,3.8903194989524115e-06,5.835479248428617e-06
B_tbl_minus_hqql,mod.blocks.6.attn.h6,neutral_hadron<-muon,0.09365856647491455,3.88837300609642e-06,0.0,0.0,0.0,3.88837300609642e-06,3.88837300609642e-06,3.88837300609642e-06,5.83255950914463e-06
signed_hqql_tbl,mod.blocks.2.attn.h4,photon<-charged_hadron,0.021208146494396483,-3.5361071698173355e-06,1.0461298613936713e-06,7.266210550058708e-06,-3.44521107228408e-06,-4.582237031211007e-06,-1.0802317719876044e-05,3.5361071698173355e-06,5.8272256854228395e-06
signed_hqql_tbl,mod.cls_blocks.1.attn.h6,photon<-CLS,0.0,0.0,-1.1505729992222768e-05,0.0,0.0,1.1505729992222768e-05,0.0,0.0,5.752864996111384e-06
B_tbl_minus_hqql,mod.blocks.5.attn.h0,photon<-photon,0.01532319933545552,3.828856980395844e-06,0.0,0.0,0.0,3.828856980395844e-06,3.828856980395844e-06,3.828856980395844e-06,5.743285470593766e-06
B_tbl_minus_hqql,mod.blocks.2.attn.h5,neutral_hadron<-photon,0.01975510469949265,-3.8219133775976e-06,0.0,0.0,0.0,-3.8219133775976e-06,-3.8219133775976e-06,3.8219133775976e-06,5.7328700663964e-06
signed_hqql_tbl,mod.blocks.4.attn.h1,photon<-neutral_hadron,0.024303106873692734,-3.93012744890371e-06,-3.5177225126033647e-07,-1.7730283452642286e-05,5.344188427304276e-06,-3.5783551976433735e-06,1.3800156003738577e-05,3.93012744890371e-06,5.719305047725397e-06
B_tbl_minus_hqql,mod.blocks.7.attn.h0,photon<-neutral_hadron,0.01572575933052315,-3.7921658504110887e-06,0.0,0.0,0.0,-3.7921658504110887e-06,-3.7921658504110887e-06,3.7921658504110887e-06,5.688248775616633e-06
B_tbl_minus_hqql,mod.blocks.6.attn.h4,electron<-neutral_hadron,0.00796026393363718,3.7105150113347917e-06,0.0,0.0,0.0,3.7105150113347917e-06,3.7105150113347917e-06,3.7105150113347917e-06,5.565772517002187e-06
B_tbl_minus_hqql,mod.blocks.4.attn.h1,neutral_hadron<-photon,0.017185723460712402,3.7094697850087102e-06,0.0,0.0,0.0,3.7094697850087102e-06,3.7094697850087102e-06,3.7094697850087102e-06,5.564204677513066e-06
signed_hqql_tbl,mod.cls_blocks.1.attn.h0,muon<-muon,0.0,0.0,-1.1115370398329105e-05,7.949625796754844e-06,0.0,1.1115370398329105e-05,-7.949625796754844e-06,0.0,5.557685199164553e-06
B_tbl_minus_hqql,mod.blocks.0.attn.h4,neutral_hadron<-charged_hadron,0.029976702315680285,3.6801569631650204e-06,0.0,0.0,0.0,3.6801569631650204e-06,3.6801569631650204e-06,3.6801569631650204e-06,5.520235444747531e-06
signed_hqql_tbl,mod.blocks.5.attn.h2,neutral_hadron<-neutral_hadron,0.010837378339997148,-2.4835112693956095e-07,1.0261825559856524e-05,-1.4975203997491444e-06,2.990038103805592e-05,-1.0510176686796085e-05,1.2491692728095835e-06,2.4835112693956095e-07,5.5034394703376035e-06
signed_hqql_tbl,mod.blocks.7.attn.h7,neutral_hadron<-charged_hadron,0.024934417401735312,2.906313629950131e-06,8.097662564748814e-06,5.827150965441435e-06,4.5359434337277195e-07,-5.191348934798683e-06,-2.920837335491304e-06,2.906313629950131e-06,5.501988097349473e-06
B_tbl_minus_hqql,mod.blocks.7.attn.h3,electron<-electron,0.00731389742545332,-3.6652931579759377e-06,0.0,0.0,0.0,-3.6652931579759377e-06,-3.6652931579759377e-06,3.6652931579759377e-06,5.497939736963906e-06
signed_hqql_tbl,mod.blocks.4.attn.h6,photon<-photon,0.012788034998931103,-3.2038674432326123e-06,1.3673376531137115e-06,-4.129626600774016e-06,3.6584832299412834e-06,-4.571205096346324e-06,9.25759157541404e-07,3.2038674432326123e-06,5.489469991405774e-06
B_tbl_minus_hqql,mod.blocks.1.attn.h6,photon<-charged_hadron,0.024746260425662466,-3.6509717378549236e-06,0.0,0.0,0.0,-3.6509717378549236e-06,-3.6509717378549236e-06,3.6509717378549236e-06,5.4764576067823854e-06
B_tbl_minus_hqql,mod.blocks.0.attn.h6,charged_hadron<-photon,0.022842751764460822,3.6099677370315756e-06,0.0,0.0,0.0,3.6099677370315756e-06,3.6099677370315756e-06,3.6099677370315756e-06,5.414951605547363e-06
B_tbl_minus_hqql,mod.blocks.5.attn.h0,charged_hadron<-neutral_hadron,0.02055502701609112,-3.545452210377773e-06,0.0,0.0,0.0,-3.545452210377773e-06,-3.545452210377773e-06,3.545452210377773e-06,5.3181783155666595e-06
B_tbl_minus_hqql,mod.blocks.1.attn.h7,photon<-photon,0.017328367408276944,-3.5424997195124794e-06,0.0,0.0,0.0,-3.5424997195124794e-06,-3.5424997195124794e-06,3.5424997195124794e-06,5.3137495792687195e-06
signed_hqql_tbl,mod.blocks.1.attn.h0,photon<-neutral_hadron,0.018993569091327038,2.1176858315434987e-06,8.505426531889836e-06,2.612360095904516e-05,1.0348069251240037e-05,-6.387740700346337e-06,-2.400591512750166e-05,2.1176858315434987e-06,5.311556181716667e-06
B_tbl_minus_hqql,mod.blocks.2.attn.h4,photon<-charged_hadron,0.021208147153011343,-3.536109451091339e-06,0.0,0.0,0.0,-3.536109451091339e-06,-3.536109451091339e-06,3.536109451091339e-06,5.304164176637008e-06
signed_hqql_tbl,mod.blocks.7.attn.h7,photon<-charged_hadron,0.025885023135506644,-2.310756836822951e-06,3.6753807054979577e-06,1.388386902105517e-05,5.806954042742839e-06,-5.986137542320909e-06,-1.619462585787812e-05,2.310756836822951e-06,5.3038256079834054e-06
B_tbl_minus_hqql,mod.blocks.4.attn.h6,charged_hadron<-photon,0.01693150281741474,-3.5298318473187415e-06,0.0,0.0,0.0,-3.5298318473187415e-06,-3.5298318473187415e-06,3.5298318473187415e-06,5.294747770978112e-06
B_tbl_minus_hqql,mod.blocks.1.attn.h3,neutral_hadron<-charged_hadron,0.028777492784407447,-3.5282618823814496e-06,0.0,0.0,0.0,-3.5282618823814496e-06,-3.5282618823814496e-06,3.5282618823814496e-06,5.292392823572174e-06
signed_hqql_tbl,mod.blocks.5.attn.h0,charged_hadron<-photon,0.01720767122441234,-1.819053791750876e-06,-8.707727626112823e-06,1.2806255764619338e-05,-9.064547201215083e-06,6.888673834361947e-06,-1.4625309556370215e-05,1.819053791750876e-06,5.263390708931849e-06
signed_hqql_tbl,mod.blocks.4.attn.h1,muon<-electron,0.0004811964463442564,-3.4995020996575477e-06,0.0,1.18590367037541e-06,6.002427721529813e-11,-3.4995020996575477e-06,-4.685405770032958e-06,3.4995020996575477e-06,5.2492531494863215e-06
B_tbl_minus_hqql,mod.blocks.4.attn.h1,muon<-electron,0.00048119688290171325,-3.499496187941986e-06,0.0,0.0,0.0,-3.499496187941986e-06,-3.499496187941986e-06,3.499496187941986e-06,5.249244281912979e-06
signed_hqql_tbl,mod.blocks.4.attn.h6,photon<-charged_hadron,0.032537177122758894,1.6540414344992755e-07,1.0324229294419812e-05,8.021058424112307e-06,5.672935857564724e-06,-1.0158825150969884e-05,-7.855654280662379e-06,1.6540414344992755e-07,5.2448167189348695e-06
signed_hqql_tbl,mod.blocks.2.attn.h4,neutral_hadron<-charged_hadron,0.027476314560373,-4.443951812593305e-06,-5.984427575189788e-06,-1.3982913895680653e-05,7.106380093990743e-06,1.540475762596483e-06,9.538962083087348e-06,4.443951812593305e-06,5.214189693891547e-06
B_tbl_minus_hqql,mod.blocks.1.attn.h6,charged_hadron<-charged_hadron,0.029927523948475046,-3.4635562672539024e-06,0.0,0.0,0.0,-3.4635562672539024e-06,-3.4635562672539024e-06,3.4635562672539024e-06,5.195334400880854e-06
signed_hqql_tbl,mod.blocks.5.attn.h7,charged_hadron<-photon,0.010724448079233012,2.22422056155278e-06,-3.7121901914457764e-06,1.3206339750184264e-06,1.8419668341391388e-06,5.936410752998557e-06,9.035865865343534e-07,2.22422056155278e-06,5.192425938052058e-06
signed_hqql_tbl,mod.blocks.7.attn.h3,photon<-charged_hadron,0.02300095195928331,4.1076284547841935e-07,-9.119579339392992e-06,2.586451693953037e-06,-2.1223977179915616e-06,9.530342184871411e-06,-2.175688848474618e-06,4.1076284547841935e-07,5.175933937914125e-06
B_tbl_minus_hqql,mod.blocks.3.attn.h4,photon<-charged_hadron,0.020657480010011577,-3.4478563663886746e-06,0.0,0.0,0.0,-3.4478563663886746e-06,-3.4478563663886746e-06,3.4478563663886746e-06,5.171784549583012e-06
signed_hqql_tbl,mod.blocks.4.attn.h6,photon<-neutral_hadron,0.01691667686959464,-4.734370224979261e-06,-3.87262482898589e-06,-7.280280172297887e-06,1.4320414724228602e-05,-8.617453959933708e-07,2.545909947318626e-06,4.734370224979261e-06,5.165242922975947e-06
B_tbl_minus_hqql,mod.blocks.7.attn.h0,electron<-electron,0.0004979310413204985,-3.4333961091093102e-06,0.0,0.0,0.0,-3.4333961091093102e-06,-3.4333961091093102e-06,3.4333961091093102e-06,5.1500941636639656e-06
B_tbl_minus_hqql,mod.blocks.1.attn.h5,neutral_hadron<-electron,0.014258677884936333,-3.4208399938506774e-06,0.0,0.0,0.0,-3.4208399938506774e-06,-3.4208399938506774e-06,3.4208399938506774e-06,5.131259990776016e-06
B_tbl_minus_hqql,mod.blocks.0.attn.h7,neutral_hadron<-charged_hadron,0.027096905958689865,3.4200784968880814e-06,0.0,0.0,0.0,3.4200784968880814e-06,3.4200784968880814e-06,3.4200784968880814e-06,5.130117745332122e-06
B_tbl_minus_hqql,mod.blocks.3.attn.h1,photon<-neutral_hadron,0.016525912634894665,-3.3948016686244985e-06,0.0,0.0,0.0,-3.3948016686244985e-06,-3.3948016686244985e-06,3.3948016686244985e-06,5.092202502936748e-06
signed_hqql_tbl,mod.blocks.2.attn.h3,neutral_hadron<-photon,0.019691210732374457,-1.9659723526855923e-06,4.1504060125241e-06,-1.0374111094566424e-05,-6.567576408553206e-06,-6.116378365209693e-06,8.408138741880831e-06,1.9659723526855923e-06,5.024161535290438e-06
signed_hqql_tbl,mod.blocks.7.attn.h3,photon<-photon,0.0182052037995361,-2.4531918925969976e-06,-7.595008362967157e-06,-2.508725694087783e-06,2.885109968984104e-07,5.14181647037016e-06,5.5533801490785546e-08,2.4531918925969976e-06,5.024100127782077e-06
B_tbl_minus_hqql,mod.blocks.3.attn.h0,photon<-neutral_hadron,0.013549806231095002,-3.3365602510659172e-06,0.0,0.0,0.0,-3.3365602510659172e-06,-3.3365602510659172e-06,3.3365602510659172e-06,5.004840376598876e-06
B_tbl_minus_hqql,mod.blocks.3.attn.h5,charged_hadron<-electron,0.02848882017576176,3.330996032277851e-06,0.0,0.0,0.0,3.330996032277851e-06,3.330996032277851e-06,3.330996032277851e-06,4.9964940484167766e-06
B_tbl_minus_hqql,mod.blocks.0.attn.h2,photon<-charged_hadron,0.024927157147154624,3.310105344023329e-06,0.0,0.0,0.0,3.310105344023329e-06,3.310105344023329e-06,3.310105344023329e-06,4.965158016034994e-06
B_tbl_minus_hqql,mod.blocks.6.attn.h7,charged_hadron<-electron,0.019031962015382622,-3.29650278336371e-06,0.0,0.0,0.0,-3.29650278336371e-06,-3.29650278336371e-06,3.29650278336371e-06,4.944754175045565e-06
B_tbl_minus_hqql,mod.blocks.6.attn.h6,charged_hadron<-charged_hadron,0.03890793790242249,3.290968249762859e-06,0.0,0.0,0.0,3.290968249762859e-06,3.290968249762859e-06,3.290968249762859e-06,4.936452374644288e-06
signed_hqql_tbl,mod.cls_blocks.1.attn.h3,electron<-neutral_hadron,0.0003598392757759519,-3.273482902316643e-06,0.0,-2.3080477182246817e-09,0.0,-3.273482902316643e-06,-3.2711748545984184e-06,3.273482902316643e-06,4.910224353474965e-06
B_tbl_minus_hqql,mod.blocks.5.attn.h1,charged_hadron<-photon,0.019727566377234065,3.265019470680433e-06,0.0,0.0,0.0,3.265019470680433e-06,3.265019470680433e-06,3.265019470680433e-06,4.89752920602065e-06
B_tbl_minus_hqql,mod.blocks.0.attn.h0,neutral_hadron<-neutral_hadron,0.01713503000627571,-3.259996194432068e-06,0.0,0.0,0.0,-3.259996194432068e-06,-3.259996194432068e-06,3.259996194432068e-06,4.8899942916481025e-06
B_tbl_minus_hqql,mod.blocks.4.attn.h1,neutral_hadron<-charged_hadron,0.02600007810189059,3.239305031992755e-06,0.0,0.0,0.0,3.239305031992755e-06,3.239305031992755e-06,3.239305031992755e-06,4.858957547989133e-06
B_tbl_minus_hqql,mod.blocks.7.attn.h4,charged_hadron<-charged_hadron,0.02921864665333729,-3.209623087391058e-06,0.0,0.0,0.0,-3.209623087391058e-06,-3.209623087391058e-06,3.209623087391058e-06,4.814434631086587e-06
B_tbl_minus_hqql,mod.blocks.4.attn.h6,photon<-photon,0.012788034683614748,-3.203863512363133e-06,0.0,0.0,0.0,-3.203863512363133e-06,-3.203863512363133e-06,3.203863512363133e-06,4.8057952685447e-06
B_tbl_minus_hqql,mod.blocks.6.attn.h3,neutral_hadron<-neutral_hadron,0.01228214081955988,-3.2035020953528417e-06,0.0,0.0,0.0,-3.2035020953528417e-06,-3.2035020953528417e-06,3.2035020953528417e-06,4.805253143029263e-06
signed_hqql_tbl,mod.blocks.5.attn.h2,neutral_hadron<-muon,0.0014342608240743477,1.4615173616524164e-06,-5.209165010455763e-06,-7.083156687988441e-06,2.6622153301107215e-05,6.670682372108179e-06,8.544674049640857e-06,1.4615173616524164e-06,4.796858547706506e-06
signed_hqql_tbl,mod.blocks.1.attn.h6,photon<-photon,0.018427345137455028,-2.694161879636223e-06,-6.889499248301995e-06,-1.3875316410739174e-05,3.004345728173337e-06,4.1953373686657725e-06,1.1181154531102951e-05,2.694161879636223e-06,4.7918305639691095e-06
B_tbl_minus_hqql,mod.blocks.3.attn.h2,neutral_hadron<-charged_hadron,0.021932266162106983,-3.1763488165599947e-06,0.0,0.0,0.0,-3.1763488165599947e-06,-3.1763488165599947e-06,3.1763488165599947e-06,4.764523224839992e-06
signed_hqql_tbl,mod.blocks.7.attn.h0,neutral_hadron<-neutral_hadron,0.014882261601980947,-2.6101603978695685e-06,-6.841338745995609e-06,-3.8433935603233923e-08,-2.097117709818307e-06,4.23117834812604e-06,-2.5717264622663346e-06,2.6101603978695685e-06,4.725749571932589e-06
B_tbl_minus_hqql,mod.blocks.1.attn.h1,photon<-neutral_hadron,0.023694019989516178,3.1492905679396635e-06,0.0,0.0,0.0,3.1492905679396635e-06,3.1492905679396635e-06,3.1492905679396635e-06,4.723935851909495e-06
B_tbl_minus_hqql,mod.blocks.0.attn.h5,muon<-electron,0.00042039412073791027,-3.141556817354285e-06,0.0,0.0,0.0,-3.141556817354285e-06,-3.141556817354285e-06,3.141556817354285e-06,4.712335226031428e-06
signed_hqql_tbl,mod.blocks.0.attn.h5,muon<-electron,0.0004203941789455712,-3.1415399917023024e-06,0.0,3.6924518553860253e-06,-1.2107118891435675e-05,-3.1415399917023024e-06,-6.833991847088328e-06,3.1415399917023024e-06,4.7123099875534535e-06
signed_hqql_tbl,mod.blocks.0.attn.h6,photon<-photon,0.016341265695590503,-2.157114376340928e-07,8.714218642411039e-06,9.915818879969821e-07,-1.9247514568848244e-06,-8.929930080045131e-06,-1.207293325631075e-06,2.157114376340928e-07,4.680676477656658e-06
signed_hqql_tbl,mod.cls_blocks.1.attn.h7,electron<-electron,0.0004598720479407348,-3.104056077063433e-06,0.0,-1.0381312222307315e-05,0.0,-3.104056077063433e-06,7.277256145243882e-06,3.104056077063433e-06,4.656084115595149e-06
B_tbl_minus_hqql,mod.blocks.7.attn.h1,muon<-muon,0.0005444530979730189,3.096381306022522e-06,0.0,0.0,0.0,3.096381306022522e-06,3.096381306022522e-06,3.096381306022522e-06,4.644571959033783e-06
B_tbl_minus_hqql,mod.blocks.7.attn.h1,photon<-photon,0.01644013045858521,3.0611242738623677e-06,0.0,0.0,0.0,3.0611242738623677e-06,3.0611242738623677e-06,3.0611242738623677e-06,4.591686410793551e-06
B_tbl_minus_hqql,mod.blocks.0.attn.h1,neutral_hadron<-photon,0.016514268702239432,3.0591200821999564e-06,0.0,0.0,0.0,3.0591200821999564e-06,3.0591200821999564e-06,3.0591200821999564e-06,4.588680123299934e-06
B_tbl_minus_hqql,mod.blocks.6.attn.h2,neutral_hadron<-neutral_hadron,0.012492897790803915,-3.0576176420516262e-06,0.0,0.0,0.0,-3.0576176420516262e-06,-3.0576176420516262e-06,3.0576176420516262e-06,4.586426463077439e-06
B_tbl_minus_hqql,mod.blocks.1.attn.h4,charged_hadron<-neutral_hadron,0.02379984551088937,-3.0472304653390936e-06,0.0,0.0,0.0,-3.0472304653390936e-06,-3.0472304653390936e-06,3.0472304653390936e-06,4.5708456980086405e-06
B_tbl_minus_hqql,mod.blocks.3.attn.h6,photon<-neutral_hadron,0.00717289631557309,3.04001623055887e-06,0.0,0.0,0.0,3.04001623055887e-06,3.04001623055887e-06,3.04001623055887e-06,4.560024345838305e-06
B_tbl_minus_hqql,mod.blocks.7.attn.h5,electron<-neutral_hadron,0.007181031054642517,-3.0342322546061952e-06,0.0,0.0,0.0,-3.0342322546061952e-06,-3.0342322546061952e-06,3.0342322546061952e-06,4.551348381909293e-06
signed_hqql_tbl,mod.cls_blocks.1.attn.h2,charged_hadron<-muon,0.0,0.0,9.09928075998323e-06,-1.5117067960090935e-05,-0.0007160272798500955,-9.09928075998323e-06,1.5117067960090935e-05,0.0,4.549640379991615e-06
signed_hqql_tbl,mod.blocks.5.attn.h2,photon<-photon,0.01532134629021126,-1.8503348297645596e-06,-7.222592499057856e-06,8.562083189228537e-07,-1.3841234438661482e-06,5.372257669293296e-06,-2.7065431486874135e-06,1.8503348297645596e-06,4.536463664411207e-06
signed_hqql_tbl,mod.blocks.7.attn.h5,electron<-neutral_hadron,0.007181031158324913,-3.0342326269305886e-06,-6.472440028382209e-08,9.847413469543653e-06,-1.1585997740707279e-05,-2.9695082266467665e-06,-1.2881646096474242e-05,3.0342326269305886e-06,4.518986740253972e-06
B_tbl_minus_hqql,mod.blocks.0.attn.h1,electron<-neutral_hadron,0.03004435747861862,-3.0115992558421566e-06,0.0,0.0,0.0,-3.0115992558421566e-06,-3.0115992558421566e-06,3.0115992558421566e-06,4.517398883763235e-06
B_tbl_minus_hqql,mod.blocks.5.attn.h7,charged_hadron<-neutral_hadron,0.01223655883514769,-2.989378322768361e-06,0.0,0.0,0.0,-2.989378322768361e-06,-2.989378322768361e-06,2.989378322768361e-06,4.4840674841525415e-06
signed_hqql_tbl,mod.blocks.7.attn.h1,muon<-muon,0.0005444531561806798,3.096381760769873e-06,3.5012454446814445e-07,0.0008616134902139194,3.1848278148061127e-06,2.7462572163017285e-06,-0.0008585171084531495,3.096381760769873e-06,4.469510368920737e-06
signed_hqql_tbl,mod.blocks.7.attn.h0,charged_hadron<-charged_hadron,0.027566119563939884,-1.797196672691973e-06,3.544027098453808e-06,-7.823563442598838e-06,4.563248431288749e-06,-5.341223771145781e-06,6.026366769906865e-06,1.797196672691973e-06,4.4678085582648635e-06
signed_hqql_tbl,mod.blocks.5.attn.h4,neutral_hadron<-photon,0.015333718858768657,-2.191461704958243e-06,2.2890155659826913e-06,8.239715131779038e-07,5.065176092847801e-06,-4.480477270940935e-06,-3.015433218136147e-06,2.191461704958243e-06,4.43170034042871e-06
signed_hqql_tbl,mod.cls_blocks.1.attn.h4,muon<-CLS,0.0,0.0,-8.818548849376384e-06,0.0,0.0,8.818548849376384e-06,0.0,0.0,4.409274424688192e-06
signed_hqql_tbl,mod.cls_blocks.1.attn.h6,electron<-CLS,0.00044044741662219167,-2.9297170840436593e-06,0.0,0.0,0.0,-2.9297170840436593e-06,-2.9297170840436593e-06,2.9297170840436593e-06,4.394575626065489e-06
B_tbl_minus_hqql,mod.blocks.4.attn.h6,charged_hadron<-charged_hadron,0.03008221319759735,2.926050200893317e-06,0.0,0.0,0.0,2.926050200893317e-06,2.926050200893317e-06,2.926050200893317e-06,4.3890753013399754e-06
B_tbl_minus_hqql,mod.blocks.2.attn.h7,photon<-electron,0.018829264746206564,-2.9233101597084187e-06,0.0,0.0,0.0,-2.9233101597084187e-06,-2.9233101597084187e-06,2.9233101597084187e-06,4.384965239562628e-06
B_tbl_minus_hqql,mod.blocks.0.attn.h0,charged_hadron<-photon,0.01930198999564292,2.917881904861977e-06,0.0,0.0,0.0,2.917881904861977e-06,2.917881904861977e-06,2.917881904861977e-06,4.376822857292966e-06
signed_hqql_tbl,mod.blocks.4.attn.h3,photon<-neutral_hadron,0.00816793318041775,-2.1580247093983593e-06,2.2662586700005332e-06,-5.493698698353865e-06,3.2690912197233168e-06,-4.4242833793988925e-06,3.3356739889555054e-06,2.1580247093983593e-06,4.370166399097806e-06
B_tbl_minus_hqql,mod.blocks.6.attn.h0,neutral_hadron<-electron,0.016962675796821713,2.9108538797117944e-06,0.0,0.0,0.0,2.9108538797117944e-06,2.9108538797117944e-06,2.9108538797117944e-06,4.366280819567692e-06
B_tbl_minus_hqql,mod.blocks.7.attn.h7,neutral_hadron<-charged_hadron,0.02493441796228056,2.9063142628900176e-06,0.0,0.0,0.0,2.9063142628900176e-06,2.9063142628900176e-06,2.9063142628900176e-06,4.359471394335027e-06
signed_hqql_tbl,mod.blocks.6.attn.h0,photon<-neutral_hadron,0.01897503987416552,-1.3387399295301839e-06,-7.379583617044768e-06,-3.168409404044668e-05,-6.425071600041895e-06,6.040843687514584e-06,3.0345354110916495e-05,1.3387399295301839e-06,4.359161773287476e-06
B_tbl_minus_hqql,mod.blocks.4.attn.h4,neutral_hadron<-neutral_hadron,0.014389130935178207,-2.903658399322809e-06,0.0,0.0,0.0,-2.903658399322809e-06,-2.903658399322809e-06,2.903658399322809e-06,4.3554875989842135e-06
B_tbl_minus_hqql,mod.blocks.7.attn.h1,electron<-photon,0.012676792401002675,-2.887289139568854e-06,0.0,0.0,0.0,-2.887289139568854e-06,-2.887289139568854e-06,2.887289139568854e-06,4.330933709353281e-06
B_tbl_minus_hqql,mod.blocks.4.attn.h0,neutral_hadron<-muon,0.011550760517517725,2.8824858115209886e-06,0.0,0.0,0.0,2.8824858115209886e-06,2.8824858115209886e-06,2.8824858115209886e-06,4.323728717281483e-06
signed_hqql_tbl,mod.blocks.1.attn.h0,photon<-photon,0.02000331500282483,1.7153073371209266e-06,6.9092533770012585e-06,-1.310014122158531e-07,-3.300454921531359e-06,-5.193946039880332e-06,1.8463087493367798e-06,1.7153073371209266e-06,4.312280357061092e-06
signed_hqql_tbl,mod.blocks.4.attn.h1,photon<-photon,0.016474749080640932,-2.5197399293553965e-06,9.871314492669726e-07,-1.0959493800363373e-05,-4.696716450755569e-08,-3.506871378622369e-06,8.439753871007976e-06,2.5197399293553965e-06,4.273175618666581e-06
B_tbl_minus_hqql,mod.blocks.4.attn.h4,photon<-photon,0.011944378776222364,2.847397525372445e-06,0.0,0.0,0.0,2.847397525372445e-06,2.847397525372445e-06,2.847397525372445e-06,4.271096288058668e-06
B_tbl_minus_hqql,mod.blocks.7.attn.h2,photon<-charged_hadron,0.027700592470432512,-2.845083537012421e-06,0.0,0.0,0.0,-2.845083537012421e-06,-2.845083537012421e-06,2.845083537012421e-06,4.267625305518631e-06
B_tbl_minus_hqql,mod.blocks.6.attn.h7,photon<-charged_hadron,0.02838305980790386,2.8376540205137835e-06,0.0,0.0,0.0,2.8376540205137835e-06,2.8376540205137835e-06,2.8376540205137835e-06,4.256481030770675e-06
B_tbl_minus_hqql,mod.blocks.7.attn.h7,charged_hadron<-charged_hadron,0.024374893485490497,-2.83631741729245e-06,0.0,0.0,0.0,-2.83631741729245e-06,-2.83631741729245e-06,2.83631741729245e-06,4.2544761259386745e-06
B_tbl_minus_hqql,mod.blocks.6.attn.h1,neutral_hadron<-muon,0.06498635808626811,2.8335222547563412e-06,0.0,0.0,0.0,2.8335222547563412e-06,2.8335222547563412e-06,2.8335222547563412e-06,4.250283382134512e-06
B_tbl_minus_hqql,mod.blocks.6.attn.h7,neutral_hadron<-photon,0.017933578125609854,-2.815008657789225e-06,0.0,0.0,0.0,-2.815008657789225e-06,-2.815008657789225e-06,2.815008657789225e-06,4.222512986683838e-06
B_tbl_minus_hqql,mod.blocks.5.attn.h1,neutral_hadron<-photon,0.014940206903423415,-2.805943356608124e-06,0.0,0.0,0.0,-2.805943356608124e-06,-2.805943356608124e-06,2.805943356608124e-06,4.2089150349121865e-06
signed_hqql_tbl,mod.blocks.4.attn.h5,photon<-charged_hadron,0.024474598179206004,3.41121997016621e-07,-7.37607568955569e-06,-2.1899010690000957e-06,4.54171346558005e-06,7.717197686572311e-06,2.5310230660167166e-06,3.41121997016621e-07,4.199720840302777e-06
B_tbl_minus_hqql,mod.blocks.7.attn.h7,neutral_hadron<-photon,0.01913694203580573,-2.7803530718399693e-06,0.0,0.0,0.0,-2.7803530718399693e-06,-2.7803530718399693e-06,2.7803530718399693e-06,4.170529607759954e-06
signed_hqql_tbl,mod.blocks.7.attn.h1,neutral_hadron<-photon,0.016670292440868706,2.751542911732829e-06,-7.298706601807477e-08,-5.611189614816625e-07,-3.392408813515979e-06,2.8245299777509036e-06,3.3126618732144913e-06,2.751542911732829e-06,4.163807900608281e-06
B_tbl_minus_hqql,mod.blocks.3.attn.h3,charged_hadron<-photon,0.017713304958949433,2.771233813386946e-06,0.0,0.0,0.0,2.771233813386946e-06,2.771233813386946e-06,2.771233813386946e-06,4.156850720080419e-06
signed_hqql_tbl,mod.blocks.5.attn.h1,photon<-photon,0.016509329825319483,2.4899093884248627e-06,-8.332087756562491e-07,-4.5476998780953035e-07,-2.1769601854596686e-06,3.3231181640811117e-06,2.944679376234393e-06,2.4899093884248627e-06,4.1514684704654185e-06
signed_hqql_tbl,mod.blocks.4.attn.h6,charged_hadron<-charged_hadron,0.030082213348519068,2.9260398839792132e-06,5.350741933105015e-06,4.480605690881201e-05,5.505213352273723e-06,-2.4247020491258017e-06,-4.1880017024832796e-05,2.9260398839792132e-06,4.138390908542114e-06
B_tbl_minus_hqql,mod.blocks.7.attn.h1,neutral_hadron<-photon,0.016670292295017212,2.751541285621584e-06,0.0,0.0,0.0,2.751541285621584e-06,2.751541285621584e-06,2.751541285621584e-06,4.127311928432376e-06
B_tbl_minus_hqql,mod.blocks.6.attn.h0,neutral_hadron<-charged_hadron,0.026690759115084586,-2.7504917501955847e-06,0.0,0.0,0.0,-2.7504917501955847e-06,-2.7504917501955847e-06,2.7504917501955847e-06,4.125737625293377e-06
signed_hqql_tbl,mod.blocks.7.attn.h5,electron<-electron,0.001331290218945469,2.7391027737522224e-06,-3.1089115018478886e-08,-2.9764808119756322e-05,-3.7398040619862627e-07,2.7701918887707013e-06,3.250391089350855e-05,2.7391027737522224e-06,4.1241987181375734e-06
signed_hqql_tbl,mod.blocks.6.attn.h0,neutral_hadron<-photon,0.018844940874354874,-4.117143161940125e-06,-4.115476093085652e-06,-4.914620348096437e-06,1.4960919986026459e-06,-1.6670688544731716e-09,7.974771861563119e-07,4.117143161940125e-06,4.117976696367362e-06
B_tbl_minus_hqql,mod.blocks.1.attn.h1,electron<-electron,0.0018229016982331814,-2.7446325347568744e-06,0.0,0.0,0.0,-2.7446325347568744e-06,-2.7446325347568744e-06,2.7446325347568744e-06,4.116948802135311e-06
signed_hqql_tbl,mod.blocks.4.attn.h4,neutral_hadron<-muon,0.014958844830592474,4.013929052841074e-06,4.2192486944259144e-06,2.963034064937107e-06,1.7824817651520182e-06,-2.0531964158484063e-07,1.0508949879039668e-06,4.013929052841074e-06,4.1165888736334945e-06
B_tbl_minus_hqql,mod.blocks.2.attn.h6,photon<-photon,0.01566830972616959,2.7398941251665605e-06,0.0,0.0,0.0,2.7398941251665605e-06,2.7398941251665605e-06,2.7398941251665605e-06,4.109841187749841e-06
B_tbl_minus_hqql,mod.blocks.7.attn.h5,electron<-electron,0.0013312904299482397,2.739096596648949e-06,0.0,0.0,0.0,2.739096596648949e-06,2.739096596648949e-06,2.739096596648949e-06,4.108644894973423e-06
signed_hqql_tbl,mod.blocks.7.attn.h4,photon<-charged_hadron,0.02885343381383801,-1.268012337634232e-06,4.362567306969921e-06,1.3572997866585315e-06,8.092732907163472e-07,-5.630579644604152e-06,-2.6253121242927634e-06,1.268012337634232e-06,4.083302159936308e-06
B_tbl_minus_hqql,mod.blocks.1.attn.h2,electron<-neutral_hadron,0.009866090666037053,-2.7191887056687848e-06,0.0,0.0,0.0,-2.7191887056687848e-06,-2.7191887056687848e-06,2.7191887056687848e-06,4.078783058503177e-06
B_tbl_minus_hqql,mod.blocks.6.attn.h1,photon<-photon,0.01685938525345724,2.7191235936665746e-06,0.0,0.0,0.0,2.7191235936665746e-06,2.7191235936665746e-06,2.7191235936665746e-06,4.078685390499862e-06
signed_hqql_tbl,mod.blocks.3.attn.h4,photon<-charged_hadron,0.020657479845357863,-3.447857974335109e-06,-2.196609504403889e-06,2.252931790679406e-06,2.4156315924458308e-06,-1.25124846993122e-06,-5.7007897650145145e-06,3.447857974335109e-06,4.073482209300719e-06
signed_hqql_tbl,mod.blocks.4.attn.h4,photon<-photon,0.011944378441198736,2.8473977749610057e-06,4.0965234849448186e-07,-1.3143765223381328e-06,-4.542319452778594e-06,2.437745426466524e-06,4.161774297299139e-06,2.8473977749610057e-06,4.066270488194268e-06
B_tbl_minus_hqql,mod.blocks.1.attn.h6,photon<-photon,0.01842734497979685,-2.6941586079211113e-06,0.0,0.0,0.0,-2.6941586079211113e-06,-2.6941586079211113e-06,2.6941586079211113e-06,4.041237911881667e-06
B_tbl_minus_hqql,mod.blocks.6.attn.h4,charged_hadron<-neutral_hadron,0.012097090809696521,-2.6900856645337065e-06,0.0,0.0,0.0,-2.6900856645337065e-06,-2.6900856645337065e-06,2.6900856645337065e-06,4.035128496800559e-06
B_tbl_minus_hqql,mod.blocks.5.attn.h7,neutral_hadron<-photon,0.015998341714382948,-2.6882695404045076e-06,0.0,0.0,0.0,-2.6882695404045076e-06,-2.6882695404045076e-06,2.6882695404045076e-06,4.032404310606761e-06
signed_hqql_tbl,mod.blocks.6.attn.h2,neutral_hadron<-neutral_hadron,0.012492897639827794,-3.0576183555036957e-06,-1.122762291145101e-06,4.532752920841418e-06,-6.459338498634494e-07,-1.9348560643585945e-06,-7.590371276345114e-06,3.0576183555036957e-06,4.0250463876829926e-06
B_tbl_minus_hqql,mod.blocks.7.attn.h4,photon<-neutral_hadron,0.013767505113223832,-2.680639048995941e-06,0.0,0.0,0.0,-2.680639048995941e-06,-2.680639048995941e-06,2.680639048995941e-06,4.020958573493911e-06
B_tbl_minus_hqql,mod.blocks.0.attn.h2,photon<-photon,0.018262096861607378,-2.674491885740967e-06,0.0,0.0,0.0,-2.674491885740967e-06,-2.674491885740967e-06,2.674491885740967e-06,4.011737828611451e-06
B_tbl_minus_hqql,mod.blocks.1.attn.h1,charged_hadron<-charged_hadron,0.026058117485740627,2.6536122054948727e-06,0.0,0.0,0.0,2.6536122054948727e-06,2.6536122054948727e-06,2.6536122054948727e-06,3.980418308242309e-06
signed_hqql_tbl,mod.blocks.5.attn.h2,neutral_hadron<-electron,0.00427236710966099,-3.9164437652061675e-06,-3.976711036912661e-06,2.21398068996533e-06,1.4753014939368073e-06,6.026727170649371e-08,-6.130424455171498e-06,3.9164437652061675e-06,3.946577401059414e-06
B_tbl_minus_hqql,mod.blocks.7.attn.h0,neutral_hadron<-neutral_hadron,0.01488225973193129,-2.6101579602309422e-06,0.0,0.0,0.0,-2.6101579602309422e-06,-2.6101579602309422e-06,2.6101579602309422e-06,3.9152369403464136e-06
B_tbl_minus_hqql,mod.blocks.3.attn.h6,neutral_hadron<-charged_hadron,0.02908042040551344,-2.605527127380585e-06,0.0,0.0,0.0,-2.605527127380585e-06,-2.605527127380585e-06,2.605527127380585e-06,3.908290691070878e-06
B_tbl_minus_hqql,mod.blocks.1.attn.h1,electron<-charged_hadron,0.025101557859907978,2.6040127562262807e-06,0.0,0.0,0.0,2.6040127562262807e-06,2.6040127562262807e-06,2.6040127562262807e-06,3.906019134339421e-06
signed_hqql_tbl,mod.blocks.2.attn.h7,photon<-neutral_hadron,0.011549126800471769,-1.0444187066558792e-06,4.629356098986009e-06,4.65917288147718e-06,-1.8225250691189856e-06,-5.673774805641888e-06,-5.703591588133059e-06,1.0444187066558792e-06,3.881306109476823e-06
signed_hqql_tbl,mod.blocks.6.attn.h5,neutral_hadron<-neutral_hadron,0.003325982246646767,9.938319111649816e-07,-4.7694409844014505e-06,-4.921790769274047e-07,7.248354222320924e-07,5.763272895566432e-06,1.4860109880923862e-06,9.938319111649816e-07,3.875468358948198e-06
B_tbl_minus_hqql,mod.blocks.7.attn.h7,electron<-neutral_hadron,0.009227667120285332,-2.5804478624991134e-06,0.0,0.0,0.0,-2.5804478624991134e-06,-2.5804478624991134e-06,2.5804478624991134e-06,3.87067179374867e-06
B_tbl_minus_hqql,mod.blocks.5.attn.h4,photon<-photon,0.01189517253567353,-2.568148522647061e-06,0.0,0.0,0.0,-2.568148522647061e-06,-2.568148522647061e-06,2.568148522647061e-06,3.852222783970591e-06
signed_hqql_tbl,mod.blocks.5.attn.h4,neutral_hadron<-charged_hadron,0.025580083501750027,2.4381763559344977e-06,5.249921119061869e-06,2.9362938969265478e-06,4.395533713304875e-06,-2.8117447631273717e-06,-4.981175409920501e-07,2.4381763559344977e-06,3.844048737498183e-06
signed_hqql_tbl,mod.blocks.4.attn.h6,neutral_hadron<-photon,0.014675880844596938,1.9023974801544374e-06,5.7309209041615504e-06,-3.6870367119646336e-06,-2.1095945890242568e-06,-3.828523424007113e-06,5.5894341921190705e-06,1.9023974801544374e-06,3.816659192157994e-06
B_tbl_minus_hqql,mod.blocks.7.attn.h1,charged_hadron<-photon,0.016960578234814807,2.538257600332466e-06,0.0,0.0,0.0,2.538257600332466e-06,2.538257600332466e-06,2.538257600332466e-06,3.807386400498699e-06
B_tbl_minus_hqql,mod.blocks.0.attn.h7,charged_hadron<-charged_hadron,0.025577229588709786,-2.5327604540072066e-06,0.0,0.0,0.0,-2.5327604540072066e-06,-2.5327604540072066e-06,2.5327604540072066e-06,3.79914068101081e-06
B_tbl_minus_hqql,mod.blocks.7.attn.h4,charged_hadron<-neutral_hadron,0.013248350623072502,-2.5246802815843774e-06,0.0,0.0,0.0,-2.5246802815843774e-06,-2.5246802815843774e-06,2.5246802815843774e-06,3.7870204223765664e-06
B_tbl_minus_hqql,mod.blocks.4.attn.h1,photon<-photon,0.0164747493171282,-2.5197418538936976e-06,0.0,0.0,0.0,-2.5197418538936976e-06,-2.5197418538936976e-06,2.5197418538936976e-06,3.7796127808405463e-06
signed_hqql_tbl,mod.blocks.5.attn.h7,electron<-electron,0.00010526059027142765,2.2894974709974925e-06,-6.457309380536458e-07,0.0013180256897707841,-2.862883512477765e-07,2.9352284090511382e-06,-0.0013157361922997866,2.2894974709974925e-06,3.7571116755230616e-06
B_tbl_minus_hqql,mod.blocks.1.attn.h1,neutral_hadron<-electron,0.055513854743912815,-2.5044456378964242e-06,0.0,0.0,0.0,-2.5044456378964242e-06,-2.5044456378964242e-06,2.5044456378964242e-06,3.7566684568446366e-06
B_tbl_minus_hqql,mod.blocks.5.attn.h1,photon<-photon,0.016509329352344948,2.489908647477617e-06,0.0,0.0,0.0,2.489908647477617e-06,2.489908647477617e-06,2.489908647477617e-06,3.7348629712164254e-06
signed_hqql_tbl,mod.blocks.3.attn.h7,neutral_hadron<-photon,0.017496080032958487,-7.180763103449976e-07,5.3087592601755526e-06,-1.623637716399075e-06,-3.075219404349648e-06,-6.02683557052055e-06,9.055614060540774e-07,7.180763103449976e-07,3.7314940956052724e-06
B_tbl_minus_hqql,mod.blocks.7.attn.h4,charged_hadron<-photon,0.015192794824502745,2.481269998924848e-06,0.0,0.0,0.0,2.481269998924848e-06,2.481269998924848e-06,2.481269998924848e-06,3.7219049983872715e-06
B_tbl_minus_hqql,mod.blocks.6.attn.h7,neutral_hadron<-charged_hadron,0.02817941730298966,-2.479972301848776e-06,0.0,0.0,0.0,-2.479972301848776e-06,-2.479972301848776e-06,2.479972301848776e-06,3.7199584527731636e-06
signed_hqql_tbl,mod.blocks.6.attn.h7,neutral_hadron<-charged_hadron,0.028179417676686493,-2.4799745599045873e-06,-4.912953114104017e-06,-2.4408691233187437e-06,-1.202820938243214e-06,2.4329785541994294e-06,-3.910543658584356e-08,2.4799745599045873e-06,3.696463837004302e-06
B_tbl_minus_hqql,mod.blocks.7.attn.h3,photon<-photon,0.0182052037995361,-2.453191139019969e-06,0.0,0.0,0.0,-2.453191139019969e-06,-2.453191139019969e-06,2.453191139019969e-06,3.6797867085299533e-06
B_tbl_minus_hqql,mod.blocks.4.attn.h2,neutral_hadron<-neutral_hadron,0.01115882263235596,2.439373036313006e-06,0.0,0.0,0.0,2.439373036313006e-06,2.439373036313006e-06,2.439373036313006e-06,3.6590595544695094e-06
B_tbl_minus_hqql,mod.blocks.6.attn.h7,charged_hadron<-photon,0.015526690453455593,2.4382807595987525e-06,0.0,0.0,0.0,2.4382807595987525e-06,2.4382807595987525e-06,2.4382807595987525e-06,3.657421139398129e-06
B_tbl_minus_hqql,mod.blocks.5.attn.h4,neutral_hadron<-charged_hadron,0.02558008298791688,2.438174861968279e-06,0.0,0.0,0.0,2.438174861968279e-06,2.438174861968279e-06,2.438174861968279e-06,3.6572622929524184e-06
B_tbl_minus_hqql,mod.blocks.3.attn.h5,muon<-muon,0.0003650454746093601,-2.416797087789746e-06,0.0,0.0,0.0,-2.416797087789746e-06,-2.416797087789746e-06,2.416797087789746e-06,3.625195631684619e-06
B_tbl_minus_hqql,mod.blocks.5.attn.h7,muon<-electron,0.00010589771409286186,-2.4023418063734425e-06,0.0,0.0,0.0,-2.4023418063734425e-06,-2.4023418063734425e-06,2.4023418063734425e-06,3.6035127095601638e-06
signed_hqql_tbl,mod.blocks.5.attn.h7,muon<-electron,0.00010589760495349765,-2.4023413516260916e-06,0.0,7.946993036966887e-07,-2.6334087688262287e-10,-2.4023413516260916e-06,-3.1970406553227804e-06,2.4023413516260916e-06,3.6035120274391375e-06
B_tbl_minus_hqql,mod.blocks.2.attn.h1,photon<-muon,0.016642101682149447,-2.3997339527480876e-06,0.0,0.0,0.0,-2.3997339527480876e-06,-2.3997339527480876e-06,2.3997339527480876e-06,3.5996009291221317e-06
signed_hqql_tbl,mod.blocks.7.attn.h4,photon<-neutral_hadron,0.013767507592699266,-2.680640721101208e-06,-8.900942881664556e-07,-7.733303174766527e-06,2.285771953032699e-06,-1.7905464329347525e-06,5.052662453665318e-06,2.680640721101208e-06,3.5759139375685844e-06
signed_hqql_tbl,mod.blocks.4.attn.h4,charged_hadron<-photon,0.021873542617039127,9.056713468413182e-07,-4.417752151248348e-06,-1.0178360598705428e-06,1.3328427650951466e-06,5.323423498089667e-06,1.923507406711861e-06,9.056713468413182e-07,3.5673830958861516e-06
B_tbl_minus_hqql,mod.blocks.3.attn.h7,photon<-muon,0.03519624930161696,2.3665561457164586e-06,0.0,0.0,0.0,2.3665561457164586e-06,2.3665561457164586e-06,2.3665561457164586e-06,3.549834218574688e-06
B_tbl_minus_hqql,mod.blocks.4.attn.h4,electron<-neutral_hadron,0.004059927386697382,2.3592946774897427e-06,0.0,0.0,0.0,2.3592946774897427e-06,2.3592946774897427e-06,2.3592946774897427e-06,3.538942016234614e-06
signed_hqql_tbl,mod.blocks.4.attn.h7,photon<-photon,0.015692699071808796,8.349924441711825e-07,-4.557664705097433e-06,-4.583330367529532e-06,6.343619715537168e-06,5.392657149268616e-06,5.418322811700715e-06,8.349924441711825e-07,3.5313210188054904e-06
signed_hqql_tbl,mod.blocks.7.attn.h7,charged_hadron<-charged_hadron,0.024374893183647068,-2.8363200702132194e-06,-4.196211654412256e-06,1.1363143050087004e-05,-5.732762669137908e-06,1.3598915841990365e-06,-1.4199463120300223e-05,2.8363200702132194e-06,3.516265862312738e-06
B_tbl_minus_hqql,mod.blocks.4.attn.h6,neutral_hadron<-charged_hadron,0.031899201739170706,-2.328647254710013e-06,0.0,0.0,0.0,-2.328647254710013e-06,-2.328647254710013e-06,2.328647254710013e-06,3.4929708820650194e-06
B_tbl_minus_hqql,mod.blocks.7.attn.h7,photon<-charged_hadron,0.02588502338248722,-2.3107567388387155e-06,0.0,0.0,0.0,-2.3107567388387155e-06,-2.3107567388387155e-06,2.3107567388387155e-06,3.466135108258073e-06
B_tbl_minus_hqql,mod.blocks.7.attn.h5,charged_hadron<-neutral_hadron,0.008254116751417098,2.3093836594129027e-06,0.0,0.0,0.0,2.3093836594129027e-06,2.3093836594129027e-06,2.3093836594129027e-06,3.464075489119354e-06
B_tbl_minus_hqql,mod.blocks.0.attn.h7,photon<-photon,0.015316036934300009,-2.30557940015654e-06,0.0,0.0,0.0,-2.30557940015654e-06,-2.30557940015654e-06,2.30557940015654e-06,3.45836910023481e-06
signed_hqql_tbl,mod.blocks.0.attn.h1,electron<-neutral_hadron,0.030044355429708958,-3.0114606488496065e-06,-3.881177121911605e-06,0.0001164940592085865,9.962721036144478e-05,8.697164730619988e-07,-0.00011950551985743611,3.0114606488496065e-06,3.446318885380606e-06
signed_hqql_tbl,mod.blocks.0.attn.h2,photon<-photon,0.018262096703949203,-2.674486227598362e-06,-4.2129869060575075e-06,-5.758000826626616e-06,2.5534457078383728e-06,1.5385006784591455e-06,3.0835145990282544e-06,2.674486227598362e-06,3.4437365668279345e-06
B_tbl_minus_hqql,mod.blocks.5.attn.h7,electron<-electron,0.00010526067624141433,2.2895018125912435e-06,0.0,0.0,0.0,2.2895018125912435e-06,2.2895018125912435e-06,2.2895018125912435e-06,3.434252718886865e-06
B_tbl_minus_hqql,mod.blocks.5.attn.h4,electron<-photon,0.01398972930704675,-2.2822165946552827e-06,0.0,0.0,0.0,-2.2822165946552827e-06,-2.2822165946552827e-06,2.2822165946552827e-06,3.423324891982924e-06
signed_hqql_tbl,mod.blocks.6.attn.h5,electron<-electron,0.0006598511402103214,-2.252340558300814e-06,1.3461495650818334e-09,-7.061751960351575e-08,1.2086610550373264e-07,-2.253686707865896e-06,-2.1817230386972984e-06,2.252340558300814e-06,3.379183912233762e-06
B_tbl_minus_hqql,mod.blocks.6.attn.h5,electron<-electron,0.0006598505796219456,-2.2523388077066998e-06,0.0,0.0,0.0,-2.2523388077066998e-06,-2.2523388077066998e-06,2.2523388077066998e-06,3.37850821156005e-06
signed_hqql_tbl,mod.blocks.1.attn.h7,charged_hadron<-charged_hadron,0.02516573179860454,-1.1949921694477633e-06,-5.521251597193816e-06,8.708408197440542e-06,3.423433692738524e-06,4.326259427746053e-06,-9.903400366888305e-06,1.1949921694477633e-06,3.35812188332079e-06
signed_hqql_tbl,mod.blocks.5.attn.h4,photon<-charged_hadron,0.030565645648629625,1.8098406405709118e-07,6.531345663457863e-06,-5.313242629731986e-07,-3.0443983455110178e-06,-6.3503615994007715e-06,7.123083270302899e-07,1.8098406405709118e-07,3.356164863757477e-06
B_tbl_minus_hqql,mod.blocks.5.attn.h7,charged_hadron<-photon,0.010724448202723297,2.224219885712794e-06,0.0,0.0,0.0,2.224219885712794e-06,2.224219885712794e-06,2.224219885712794e-06,3.3363298285691912e-06
signed_hqql_tbl,mod.blocks.7.attn.h3,neutral_hadron<-neutral_hadron,0.0214672433870578,3.618754881052142e-07,6.30147248552818e-06,-1.4681568575987067e-07,-8.956237747047545e-06,-5.939596997422966e-06,5.086911738650849e-07,3.618754881052142e-07,3.331673986816697e-06
signed_hqql_tbl,mod.blocks.7.attn.h1,electron<-electron,0.0032690598927729297,2.123589903391121e-06,-2.8761864018234107e-07,-3.1858464352780344e-06,7.353212652105867e-07,2.411208543573462e-06,5.309436338669155e-06,2.123589903391121e-06,3.3291941751778523e-06
B_tbl_minus_hqql,mod.blocks.7.attn.h3,charged_hadron<-photon,0.010874701221344879,-2.2111392791578494e-06,0.0,0.0,0.0,-2.2111392791578494e-06,-2.2111392791578494e-06,2.2111392791578494e-06,3.316708918736774e-06
signed_hqql_tbl,mod.blocks.5.attn.h5,electron<-neutral_hadron,0.0018919397014542482,2.1182755560289477e-06,-2.5989679974802726e-07,5.911731400705852e-07,-1.6632060284310308e-06,2.378172355776975e-06,1.5271024159583624e-06,2.1182755560289477e-06,3.3073617339174352e-06
B_tbl_minus_hqql,mod.blocks.4.attn.h5,charged_hadron<-neutral_hadron,0.012478467509103792,2.1990803030679342e-06,0.0,0.0,0.0,2.1990803030679342e-06,2.1990803030679342e-06,2.1990803030679342e-06,3.2986204546019015e-06
B_tbl_minus_hqql,mod.blocks.4.attn.h1,photon<-charged_hadron,0.026193415756383655,2.196089965799432e-06,0.0,0.0,0.0,2.196089965799432e-06,2.196089965799432e-06,2.196089965799432e-06,3.2941349486991483e-06
B_tbl_minus_hqql,mod.blocks.5.attn.h4,neutral_hadron<-photon,0.015333719296323144,-2.1914624378952458e-06,0.0,0.0,0.0,-2.1914624378952458e-06,-2.1914624378952458e-06,2.1914624378952458e-06,3.2871936568428684e-06
B_tbl_minus_hqql,mod.blocks.3.attn.h4,neutral_hadron<-charged_hadron,0.026566677706368665,-2.18543848126826e-06,0.0,0.0,0.0,-2.18543848126826e-06,-2.18543848126826e-06,2.18543848126826e-06,3.27815772190239e-06
signed_hqql_tbl,mod.blocks.7.attn.h1,neutral_hadron<-neutral_hadron,0.019669061721024488,1.4731121716916152e-06,-2.1192610413094455e-06,3.0458170521448098e-06,2.0345162075687184e-06,3.5923732130010607e-06,-1.5727048804531945e-06,1.4731121716916152e-06,3.269298778192146e-06
signed_hqql_tbl,mod.blocks.3.attn.h6,neutral_hadron<-neutral_hadron,0.009811657625694789,-1.1383637118426006e-06,3.1064399178725632e-06,8.264251308830292e-07,1.3574888958011834e-05,-4.244803629715164e-06,-1.9647888427256296e-06,1.1383637118426006e-06,3.2607655267001827e-06
B_tbl_minus_hqql,mod.blocks.6.attn.h7,electron<-electron,0.00015217709546249124,-2.1737442464531133e-06,0.0,0.0,0.0,-2.1737442464531133e-06,-2.1737442464531133e-06,2.1737442464531133e-06,3.26061636967967e-06
signed_hqql_tbl,mod.blocks.6.attn.h7,electron<-electron,0.00015217672014813388,-2.173738595434571e-06,-4.188517171987982e-10,-7.2934829271756e-05,9.14238003820363e-08,-2.1733197437173723e-06,7.076109067632143e-05,2.173738595434571e-06,3.260398467293257e-06
B_tbl_minus_hqql,mod.blocks.2.attn.h7,photon<-charged_hadron,0.026893720689399467,2.163440141121301e-06,0.0,0.0,0.0,2.163440141121301e-06,2.163440141121301e-06,2.163440141121301e-06,3.2451602116819518e-06
B_tbl_minus_hqql,mod.blocks.4.attn.h3,photon<-neutral_hadron,0.008167932402543104,-2.158025566964326e-06,0.0,0.0,0.0,-2.158025566964326e-06,-2.158025566964326e-06,2.158025566964326e-06,3.237038350446489e-06
B_tbl_minus_hqql,mod.blocks.7.attn.h1,electron<-electron,0.0032690599343368374,2.123585948154982e-06,0.0,0.0,0.0,2.123585948154982e-06,2.123585948154982e-06,2.123585948154982e-06,3.1853789222324733e-06
signed_hqql_tbl,mod.blocks.7.attn.h4,photon<-photon,0.013044105953255022,3.331022387627047e-07,-5.361242139669026e-06,4.1752285600405335e-07,-1.9619397915661177e-06,5.694344378431731e-06,-8.442061724134867e-08,3.331022387627047e-07,3.18027442797857e-06
B_tbl_minus_hqql,mod.blocks.5.attn.h5,electron<-neutral_hadron,0.0018919396210549167,2.11826632607881e-06,0.0,0.0,0.0,2.11826632607881e-06,2.11826632607881e-06,2.11826632607881e-06,3.1773994891182153e-06
B_tbl_minus_hqql,mod.blocks.1.attn.h0,photon<-neutral_hadron,0.018993569237178536,2.117689677237246e-06,0.0,0.0,0.0,2.117689677237246e-06,2.117689677237246e-06,2.117689677237246e-06,3.176534515855869e-06
B_tbl_minus_hqql,mod.blocks.5.attn.h1,photon<-charged_hadron,0.025933592359005418,-2.084500558530585e-06,0.0,0.0,0.0,-2.084500558530585e-06,-2.084500558530585e-06,2.084500558530585e-06,3.126750837795878e-06
B_tbl_minus_hqql,mod.blocks.2.attn.h7,neutral_hadron<-neutral_hadron,0.005735086620125678,2.080863248463392e-06,0.0,0.0,0.0,2.080863248463392e-06,2.080863248463392e-06,2.080863248463392e-06,3.121294872695088e-06
signed_hqql_tbl,mod.blocks.6.attn.h0,neutral_hadron<-charged_hadron,0.026690759301933,-2.7504940709751683e-06,-2.088356019272511e-06,-6.976189293474902e-06,-1.033441786852708e-06,-6.621380517026575e-07,4.225695222499733e-06,2.7504940709751683e-06,3.081563096826497e-06
signed_hqql_tbl,mod.blocks.7.attn.h3,charged_hadron<-photon,0.010874701488907165,-2.2111397678228203e-06,-3.926923553140064e-06,-2.8753636180815807e-06,-3.095971167379268e-06,1.715783785317244e-06,6.642238502587604e-07,2.2111397678228203e-06,3.0690316604814423e-06
B_tbl_minus_hqql,mod.blocks.0.attn.h3,charged_hadron<-charged_hadron,0.025525685672726808,-2.0333812345826826e-06,0.0,0.0,0.0,-2.0333812345826826e-06,-2.0333812345826826e-06,2.0333812345826826e-06,3.050071851874024e-06
B_tbl_minus_hqql,mod.blocks.6.attn.h4,neutral_hadron<-muon,0.007938412328561148,2.031886197073618e-06,0.0,0.0,0.0,2.031886197073618e-06,2.031886197073618e-06,2.031886197073618e-06,3.047829295610427e-06
B_tbl_minus_hqql,mod.blocks.0.attn.h0,neutral_hadron<-photon,0.017800089537027802,2.018892338999272e-06,0.0,0.0,0.0,2.018892338999272e-06,2.018892338999272e-06,2.018892338999272e-06,3.028338508498908e-06
B_tbl_minus_hqql,mod.blocks.4.attn.h2,photon<-photon,0.017658854342823403,2.016846124734991e-06,0.0,0.0,0.0,2.016846124734991e-06,2.016846124734991e-06,2.016846124734991e-06,3.0252691871024865e-06
B_tbl_minus_hqql,mod.blocks.6.attn.h4,photon<-charged_hadron,0.02784583557047238,-1.9943852256404657e-06,0.0,0.0,0.0,-1.9943852256404657e-06,-1.9943852256404657e-06,1.9943852256404657e-06,2.9915778384606984e-06
B_tbl_minus_hqql,mod.blocks.7.attn.h3,electron<-photon,0.010779192671179771,1.980067314966951e-06,0.0,0.0,0.0,1.980067314966951e-06,1.980067314966951e-06,1.980067314966951e-06,2.970100972450426e-06
B_tbl_minus_hqql,mod.blocks.2.attn.h3,neutral_hadron<-photon,0.019691210926843117,-1.9659700262782637e-06,0.0,0.0,0.0,-1.9659700262782637e-06,-1.9659700262782637e-06,1.9659700262782637e-06,2.9489550394173955e-06
B_tbl_minus_hqql,mod.blocks.1.attn.h7,neutral_hadron<-muon,0.032573786874612175,1.9231022937068096e-06,0.0,0.0,0.0,1.9231022937068096e-06,1.9231022937068096e-06,1.9231022937068096e-06,2.8846534405602142e-06
B_tbl_minus_hqql,mod.blocks.7.attn.h4,muon<-electron,0.11861872673034668,-1.917615009006113e-06,0.0,0.0,0.0,-1.917615009006113e-06,-1.917615009006113e-06,1.917615009006113e-06,2.8764225135091692e-06
signed_hqql_tbl,mod.blocks.7.attn.h4,muon<-electron,0.11861854046583176,-1.917498593684286e-06,0.0,1.0355405493100989e-06,-1.0925332389888354e-05,-1.917498593684286e-06,-2.9530391429943847e-06,1.917498593684286e-06,2.876247890526429e-06
B_tbl_minus_hqql,mod.blocks.5.attn.h0,neutral_hadron<-muon,0.01004716381430626,1.9146083711045017e-06,0.0,0.0,0.0,1.9146083711045017e-06,1.9146083711045017e-06,1.9146083711045017e-06,2.8719125566567527e-06
B_tbl_minus_hqql,mod.blocks.6.attn.h0,photon<-photon,0.01776576605803278,1.913210710922732e-06,0.0,0.0,0.0,1.913210710922732e-06,1.913210710922732e-06,1.913210710922732e-06,2.869816066384098e-06
B_tbl_minus_hqql,mod.blocks.4.attn.h6,neutral_hadron<-photon,0.014675880844596938,1.902399414870736e-06,0.0,0.0,0.0,1.902399414870736e-06,1.902399414870736e-06,1.902399414870736e-06,2.8535991223061042e-06
B_tbl_minus_hqql,mod.blocks.3.attn.h7,photon<-neutral_hadron,0.018011609769956517,-1.9023061271238052e-06,0.0,0.0,0.0,-1.9023061271238052e-06,-1.9023061271238052e-06,1.9023061271238052e-06,2.8534591906857077e-06
B_tbl_minus_hqql,mod.blocks.5.attn.h4,charged_hadron<-muon,0.05369344353675842,1.8893686501542107e-06,0.0,0.0,0.0,1.8893686501542107e-06,1.8893686501542107e-06,1.8893686501542107e-06,2.834052975231316e-06
signed_hqql_tbl,mod.cls_blocks.1.attn.h5,muon<-muon,0.0,0.0,5.608548690361204e-06,0.00018797905852352415,0.0,-5.608548690361204e-06,-0.00018797905852352415,0.0,2.804274345180602e-06
B_tbl_minus_hqql,mod.blocks.5.attn.h3,neutral_hadron<-charged_hadron,0.027753241757240414,1.8547152542346468e-06,0.0,0.0,0.0,1.8547152542346468e-06,1.8547152542346468e-06,1.8547152542346468e-06,2.7820728813519704e-06
B_tbl_minus_hqql,mod.blocks.5.attn.h2,photon<-photon,0.015321346743478521,-1.8503352766182963e-06,0.0,0.0,0.0,-1.8503352766182963e-06,-1.8503352766182963e-06,1.8503352766182963e-06,2.7755029149274445e-06
signed_hqql_tbl,mod.cls_blocks.1.attn.h3,muon<-charged_hadron,0.0,0.0,5.547034313415431e-06,-6.064750040516232e-07,0.0,-5.547034313415431e-06,6.064750040516232e-07,0.0,2.7735171567077157e-06
B_tbl_minus_hqql,mod.blocks.0.attn.h4,charged_hadron<-charged_hadron,0.015943150030583744,-1.8392097491807534e-06,0.0,0.0,0.0,-1.8392097491807534e-06,-1.8392097491807534e-06,1.8392097491807534e-06,2.7588146237711303e-06
signed_hqql_tbl,mod.blocks.3.attn.h5,muon<-muon,0.00036504529998637736,-2.4167895844584564e-06,-1.7628175044137606e-06,4.972384010670794e-06,-8.406336557224373e-07,-6.539720800446958e-07,-7.38917359512925e-06,2.4167895844584564e-06,2.7437756244808043e-06
signed_hqql_tbl,mod.cls_blocks.1.attn.h5,electron<-CLS,0.002432899083942175,-1.8275839011039352e-06,0.0,0.0,0.0,-1.8275839011039352e-06,-1.8275839011039352e-06,1.8275839011039352e-06,2.741375851655903e-06
B_tbl_minus_hqql,mod.blocks.5.attn.h0,charged_hadron<-photon,0.017207671636046626,-1.819055540392623e-06,0.0,0.0,0.0,-1.819055540392623e-06,-1.819055540392623e-06,1.819055540392623e-06,2.7285833105889346e-06
B_tbl_minus_hqql,mod.blocks.1.attn.h7,photon<-electron,0.03072648658985045,1.8108172830912602e-06,0.0,0.0,0.0,1.8108172830912602e-06,1.8108172830912602e-06,1.8108172830912602e-06,2.7162259246368904e-06
B_tbl_minus_hqql,mod.blocks.6.attn.h7,neutral_hadron<-electron,0.015198178449645638,-1.8107884670826025e-06,0.0,0.0,0.0,-1.8107884670826025e-06,-1.8107884670826025e-06,1.8107884670826025e-06,2.716182700623904e-06
B_tbl_minus_hqql,mod.blocks.7.attn.h0,charged_hadron<-charged_hadron,0.0275661202430876,-1.7971962305385114e-06,0.0,0.0,0.0,-1.7971962305385114e-06,-1.7971962305385114e-06,1.7971962305385114e-06,2.695794345807767e-06
B_tbl_minus_hqql,mod.blocks.5.attn.h3,electron<-photon,0.022085882359888495,1.7864335748571448e-06,0.0,0.0,0.0,1.7864335748571448e-06,1.7864335748571448e-06,1.7864335748571448e-06,2.679650362285717e-06
signed_hqql_tbl,mod.blocks.3.attn.h0,photon<-photon,0.017219409959969352,1.009754534945653e-06,4.343242663511152e-06,1.6270614106859326e-06,-3.450136863493542e-06,-3.3334881285654987e-06,-6.173068757402795e-07,1.009754534945653e-06,2.6764985992284027e-06
signed_hqql_tbl,mod.blocks.7.attn.h5,neutral_hadron<-neutral_hadron,0.004068343261736667,3.6575546915622743e-07,-4.218982794865895e-06,1.923751900896273e-06,5.984639393395067e-07,4.584738264022123e-06,-1.5579964317400457e-06,3.6575546915622743e-07,2.658124601167289e-06
B_tbl_minus_hqql,mod.blocks.4.attn.h4,neutral_hadron<-charged_hadron,0.0314680732156042,1.7640435042518096e-06,0.0,0.0,0.0,1.7640435042518096e-06,1.7640435042518096e-06,1.7640435042518096e-06,2.646065256377714e-06
signed_hqql_tbl,mod.cls_blocks.1.attn.h2,muon<-muon,0.0,0.0,-5.2891168706992175e-06,0.00017428698083676863,0.0,5.2891168706992175e-06,-0.00017428698083676863,0.0,2.6445584353496088e-06
B_tbl_minus_hqql,mod.cls_blocks.1.attn.h1,charged_hadron<-neutral_hadron,0.024307576297172184,1.7615058258625453e-06,0.0,0.0,0.0,1.7615058258625453e-06,1.7615058258625453e-06,1.7615058258625453e-06,2.6422587387938182e-06
signed_hqql_tbl,mod.blocks.7.attn.h4,charged_hadron<-neutral_hadron,0.013248352946999678,-2.5246799423057895e-06,-2.2964299778896594e-06,-3.78574993851599e-06,-2.9027991150544175e-06,-2.282499644161301e-07,1.2610699962102006e-06,2.5246799423057895e-06,2.6388049245138548e-06
B_tbl_minus_hqql,mod.blocks.0.attn.h2,electron<-neutral_hadron,0.01113067438127473,1.743591587910487e-06,0.0,0.0,0.0,1.743591587910487e-06,1.743591587910487e-06,1.743591587910487e-06,2.6153873818657306e-06
signed_hqql_tbl,mod.blocks.7.attn.h3,neutral_hadron<-photon,0.016004341899084618,1.0515721209865847e-06,-2.0721287231091314e-06,-1.5703601037838026e-06,-4.5707318748963186e-07,3.123700844095716e-06,2.6219322247703873e-06,1.0515721209865847e-06,2.6134225430344424e-06
B_tbl_minus_hqql,mod.blocks.6.attn.h4,neutral_hadron<-neutral_hadron,0.011696413671258465,-1.7330358570621497e-06,0.0,0.0,0.0,-1.7330358570621497e-06,-1.7330358570621497e-06,1.7330358570621497e-06,2.5995537855932246e-06
B_tbl_minus_hqql,mod.blocks.7.attn.h2,neutral_hadron<-neutral_hadron,0.010822934867350784,1.730551590056113e-06,0.0,0.0,0.0,1.730551590056113e-06,1.730551590056113e-06,1.730551590056113e-06,2.595827385084169e-06
signed_hqql_tbl,mod.blocks.4.attn.h3,neutral_hadron<-neutral_hadron,0.011260228198640337,-1.4692677779601086e-06,7.608019987144318e-07,5.859150132617247e-06,3.0784577779277055e-06,-2.2300697766745403e-06,-7.328417910577355e-06,1.4692677779601086e-06,2.584302666297379e-06
B_tbl_minus_hqql,mod.blocks.1.attn.h0,photon<-photon,0.020003314845166653,1.7153111765748372e-06,0.0,0.0,0.0,1.7153111765748372e-06,1.7153111765748372e-06,1.7153111765748372e-06,2.5729667648622557e-06
B_tbl_minus_hqql,mod.blocks.2.attn.h3,neutral_hadron<-charged_hadron,0.02463926538404626,1.7107485630768454e-06,0.0,0.0,0.0,1.7107485630768454e-06,1.7107485630768454e-06,1.7107485630768454e-06,2.566122844615268e-06
B_tbl_minus_hqql,mod.blocks.4.attn.h4,photon<-charged_hadron,0.03212036793403204,-1.696389743864333e-06,0.0,0.0,0.0,-1.696389743864333e-06,-1.696389743864333e-06,1.696389743864333e-06,2.5445846157964998e-06
B_tbl_minus_hqql,mod.blocks.3.attn.h6,charged_hadron<-muon,0.012806166708469392,1.6651425539748744e-06,0.0,0.0,0.0,1.6651425539748744e-06,1.6651425539748744e-06,1.6651425539748744e-06,2.497713830962312e-06
signed_hqql_tbl,mod.blocks.3.attn.h7,photon<-neutral_hadron,0.018011609502562108,-1.9023057591716256e-06,-3.0757668683854135e-06,1.3023545530042933e-05,-8.186290400564077e-07,1.1734611092137879e-06,-1.492585128921456e-05,1.9023057591716256e-06,2.4890363137785195e-06
signed_hqql_tbl,mod.blocks.0.attn.h4,charged_hadron<-charged_hadron,0.015943149841931598,-1.839209965651719e-06,-3.0953421935934943e-06,-1.260446537405207e-06,1.4105822741678222e-06,1.2561322279417753e-06,-5.78763428246512e-07,1.839209965651719e-06,2.4672760796226067e-06
signed_hqql_tbl,mod.blocks.7.attn.h0,muon<-neutral_hadron,0.0029157313207785287,-6.494519766420126e-07,2.9583486167439332e-06,-0.0001676931437702335,9.217809323066224e-05,-3.607800593385946e-06,0.00016704369179359148,6.494519766420126e-07,2.4533522733349855e-06
signed_hqql_tbl,mod.blocks.5.attn.h7,photon<-photon,0.014700571275541734,-1.380484044498886e-06,7.510769963213936e-07,-4.316925576378848e-06,6.377425301999868e-07,-2.1315610408202796e-06,2.9364415318799617e-06,1.380484044498886e-06,2.446264564909026e-06
B_tbl_minus_hqql,mod.blocks.0.attn.h0,neutral_hadron<-muon,0.011317448069651922,1.6261005839623976e-06,0.0,0.0,0.0,1.6261005839623976e-06,1.6261005839623976e-06,1.6261005839623976e-06,2.4391508759435965e-06
B_tbl_minus_hqql,mod.blocks.7.attn.h1,charged_hadron<-neutral_hadron,0.019525522465429337,-1.6259658219371039e-06,0.0,0.0,0.0,-1.6259658219371039e-06,-1.6259658219371039e-06,1.6259658219371039e-06,2.438948732905656e-06
B_tbl_minus_hqql,mod.blocks.4.attn.h7,neutral_hadron<-photon,0.018941720002627102,1.6212542761621623e-06,0.0,0.0,0.0,1.6212542761621623e-06,1.6212542761621623e-06,1.6212542761621623e-06,2.4318814142432434e-06
B_tbl_minus_hqql,mod.blocks.6.attn.h3,neutral_hadron<-charged_hadron,0.0273040499433081,-1.6192224247902588e-06,0.0,0.0,0.0,-1.6192224247902588e-06,-1.6192224247902588e-06,1.6192224247902588e-06,2.4288336371853883e-06
signed_hqql_tbl,mod.blocks.6.attn.h7,neutral_hadron<-neutral_hadron,0.014046486647299395,-1.5462305927040325e-07,-4.667622733526648e-06,-4.50664862140765e-06,-2.2137341338005784e-06,4.5129996742562445e-06,4.352025562137247e-06,1.5462305927040325e-07,2.4111228963985253e-06
B_tbl_minus_hqql,mod.blocks.7.attn.h6,neutral_hadron<-photon,0.0173007813669729,1.599341008740403e-06,0.0,0.0,0.0,1.599341008740403e-06,1.599341008740403e-06,1.599341008740403e-06,2.3990115131106043e-06
B_tbl_minus_hqql,mod.blocks.0.attn.h7,charged_hadron<-photon,0.017914240572663304,-1.5915023754162711e-06,0.0,0.0,0.0,-1.5915023754162711e-06,-1.5915023754162711e-06,1.5915023754162711e-06,2.3872535631244065e-06
B_tbl_minus_hqql,mod.blocks.4.attn.h6,neutral_hadron<-neutral_hadron,0.01444367544853882,-1.5882433936563797e-06,0.0,0.0,0.0,-1.5882433936563797e-06,-1.5882433936563797e-06,1.5882433936563797e-06,2.3823650904845694e-06
B_tbl_minus_hqql,mod.blocks.7.attn.h6,electron<-neutral_hadron,0.01643328709760681,1.584966935297416e-06,0.0,0.0,0.0,1.584966935297416e-06,1.584966935297416e-06,1.584966935297416e-06,2.377450402946124e-06
B_tbl_minus_hqql,mod.blocks.7.attn.h4,muon<-muon,0.0002763490192592144,1.5812019000804867e-06,0.0,0.0,0.0,1.5812019000804867e-06,1.5812019000804867e-06,1.5812019000804867e-06,2.37180285012073e-06
B_tbl_minus_hqql,mod.blocks.0.attn.h2,neutral_hadron<-neutral_hadron,0.0016643747573987177,1.5731872215989444e-06,0.0,0.0,0.0,1.5731872215989444e-06,1.5731872215989444e-06,1.5731872215989444e-06,2.3597808323984165e-06
signed_hqql_tbl,mod.blocks.0.attn.h7,photon<-charged_hadron,0.025170103456433966,-6.25449351222545e-07,2.8247839161649738e-06,2.0793467612347771e-07,4.129601669317655e-06,-3.450233267387519e-06,-8.333840273460228e-07,6.25449351222545e-07,2.3505659849163044e-06
B_tbl_minus_hqql,mod.blocks.7.attn.h3,charged_hadron<-charged_hadron,0.03276780625464211,-1.565757642577774e-06,0.0,0.0,0.0,-1.565757642577774e-06,-1.565757642577774e-06,1.565757642577774e-06,2.348636463866661e-06
B_tbl_minus_hqql,mod.blocks.2.attn.h2,neutral_hadron<-neutral_hadron,0.009087685244581614,-1.5512270239711857e-06,0.0,0.0,0.0,-1.5512270239711857e-06,-1.5512270239711857e-06,1.5512270239711857e-06,2.3268405359567784e-06
B_tbl_minus_hqql,mod.blocks.7.attn.h4,photon<-muon,0.0071853760343331555,1.5384245601196128e-06,0.0,0.0,0.0,1.5384245601196128e-06,1.5384245601196128e-06,1.5384245601196128e-06,2.3076368401794193e-06
signed_hqql_tbl,mod.blocks.7.attn.h4,neutral_hadron<-neutral_hadron,0.006042244965901645,-7.166383990353794e-07,2.378503336186882e-06,-2.864832940828852e-06,-3.7044673194564402e-06,-3.0951417352222616e-06,2.1481945417934725e-06,7.166383990353794e-07,2.2642092666465104e-06
B_tbl_minus_hqql,mod.cls_blocks.1.attn.h3,electron<-charged_hadron,0.0012056154165683047,-1.5010413162166342e-06,0.0,0.0,0.0,-1.5010413162166342e-06,-1.5010413162166342e-06,1.5010413162166342e-06,2.2515619743249516e-06
signed_hqql_tbl,mod.blocks.2.attn.h7,charged_hadron<-photon,0.02183469166742504,-1.123872733043342e-06,1.1306226773830544e-06,-1.781572796743915e-05,-4.8862544424606096e-06,-2.2544954104263966e-06,1.6691855234395808e-05,1.123872733043342e-06,2.25112043825654e-06
B_tbl_minus_hqql,mod.blocks.6.attn.h0,neutral_hadron<-neutral_hadron,0.016610097042992447,1.4844421001028617e-06,0.0,0.0,0.0,1.4844421001028617e-06,1.4844421001028617e-06,1.4844421001028617e-06,2.2266631501542927e-06
B_tbl_minus_hqql,mod.blocks.7.attn.h1,neutral_hadron<-neutral_hadron,0.01966906128703804,1.4731111789654941e-06,0.0,0.0,0.0,1.4731111789654941e-06,1.4731111789654941e-06,1.4731111789654941e-06,2.2096667684482413e-06
signed_hqql_tbl,mod.blocks.4.attn.h2,photon<-photon,0.01765885457931067,2.0168465866241834e-06,2.397856498708732e-06,2.687991419091486e-06,-9.641248936643818e-06,-3.810099120845485e-07,-6.711448324673028e-07,2.0168465866241834e-06,2.2073515426664574e-06
B_tbl_minus_hqql,mod.blocks.4.attn.h3,neutral_hadron<-neutral_hadron,0.01126022763260683,-1.4692684568673727e-06,0.0,0.0,0.0,-1.4692684568673727e-06,-1.4692684568673727e-06,1.4692684568673727e-06,2.203902685301059e-06
B_tbl_minus_hqql,mod.blocks.5.attn.h2,neutral_hadron<-muon,0.0014342619106173515,1.4615175132348668e-06,0.0,0.0,0.0,1.4615175132348668e-06,1.4615175132348668e-06,1.4615175132348668e-06,2.1922762698523e-06
B_tbl_minus_hqql,mod.blocks.1.attn.h2,photon<-photon,0.0200436897643599,1.459057819245115e-06,0.0,0.0,0.0,1.459057819245115e-06,1.459057819245115e-06,1.459057819245115e-06,2.1885867288676724e-06
signed_hqql_tbl,mod.blocks.7.attn.h2,neutral_hadron<-neutral_hadron,0.010822937041425559,1.7305531513171958e-06,2.6428368274921268e-06,-2.599847253552601e-06,-5.718523195065864e-06,-9.122836761749309e-07,4.330400404869797e-06,1.7305531513171958e-06,2.186694989404661e-06
signed_hqql_tbl,mod.cls_blocks.1.attn.h1,muon<-muon,0.0,0.0,-4.3035561247961596e-06,-3.327398129234401e-05,0.0,4.3035561247961596e-06,3.327398129234401e-05,0.0,2.1517780623980798e-06
B_tbl_minus_hqql,mod.blocks.6.attn.h3,muon<-photon,0.012628652728520907,-1.397528439366187e-06,0.0,0.0,0.0,-1.397528439366187e-06,-1.397528439366187e-06,1.397528439366187e-06,2.0962926590492807e-06
signed_hqql_tbl,mod.blocks.4.attn.h1,electron<-muon,3.2197058317251503e-05,1.3923233836976578e-06,0.0,4.2340202526247595e-06,-6.7669252423741e-09,1.3923233836976578e-06,-2.8416968689271016e-06,1.3923233836976578e-06,2.0884850755464868e-06
B_tbl_minus_hqql,mod.blocks.4.attn.h1,electron<-muon,3.2197043765336275e-05,1.3923228152634692e-06,0.0,0.0,0.0,1.3923228152634692e-06,1.3923228152634692e-06,1.3923228152634692e-06,2.088484222895204e-06
B_tbl_minus_hqql,mod.blocks.5.attn.h7,photon<-photon,0.014700570546372664,-1.380485016390728e-06,0.0,0.0,0.0,-1.380485016390728e-06,-1.380485016390728e-06,1.380485016390728e-06,2.070727524586092e-06
B_tbl_minus_hqql,mod.blocks.1.attn.h7,charged_hadron<-neutral_hadron,0.022793702757844356,-1.3800442351435594e-06,0.0,0.0,0.0,-1.3800442351435594e-06,-1.3800442351435594e-06,1.3800442351435594e-06,2.070066352715339e-06
B_tbl_minus_hqql,mod.blocks.6.attn.h0,photon<-neutral_hadron,0.018975040165868512,-1.3387415812348769e-06,0.0,0.0,0.0,-1.3387415812348769e-06,-1.3387415812348769e-06,1.3387415812348769e-06,2.0081123718523154e-06
B_tbl_minus_hqql,mod.blocks.1.attn.h2,photon<-charged_hadron,0.02495409622376795,1.3196988612379962e-06,0.0,0.0,0.0,1.3196988612379962e-06,1.3196988612379962e-06,1.3196988612379962e-06,1.9795482918569943e-06
B_tbl_minus_hqql,mod.blocks.5.attn.h3,neutral_hadron<-photon,0.013871538502940541,-1.3058344750181994e-06,0.0,0.0,0.0,-1.3058344750181994e-06,-1.3058344750181994e-06,1.3058344750181994e-06,1.958751712527299e-06
signed_hqql_tbl,mod.blocks.5.attn.h1,charged_hadron<-neutral_hadron,0.022166626276827906,-5.456425478940298e-07,-3.3605012225683543e-06,-2.4437579188106123e-05,4.1882853249038594e-06,2.8148586746743244e-06,2.3891936640212092e-05,5.456425478940298e-07,1.953071885231192e-06
signed_hqql_tbl,mod.cls_blocks.1.attn.h0,muon<-CLS,0.0,0.0,-3.860591732518515e-06,0.0,0.0,3.860591732518515e-06,0.0,0.0,1.9302958662592573e-06
B_tbl_minus_hqql,mod.blocks.6.attn.h5,photon<-neutral_hadron,0.009263661421142627,1.279450386835165e-06,0.0,0.0,0.0,1.279450386835165e-06,1.279450386835165e-06,1.279450386835165e-06,1.9191755802527476e-06
B_tbl_minus_hqql,mod.blocks.7.attn.h4,photon<-charged_hadron,0.028853434595943157,-1.2680114884375215e-06,0.0,0.0,0.0,-1.2680114884375215e-06,-1.2680114884375215e-06,1.2680114884375215e-06,1.9020172326562822e-06
B_tbl_minus_hqql,mod.blocks.4.attn.h0,photon<-photon,0.01673660894763787,-1.2555292767950929e-06,0.0,0.0,0.0,-1.2555292767950929e-06,-1.2555292767950929e-06,1.2555292767950929e-06,1.8832939151926393e-06
signed_hqql_tbl,mod.blocks.6.attn.h0,neutral_hadron<-neutral_hadron,0.016610097210827963,1.484442812754629e-06,2.265010949443633e-06,-4.24425267675813e-06,-1.0715003783184793e-05,-7.805681366890037e-07,5.728695489512759e-06,1.484442812754629e-06,1.8747268810991308e-06
signed_hqql_tbl,mod.blocks.5.attn.h3,neutral_hadron<-photon,0.013871537797991643,-1.305834489854981e-06,-2.208478922992304e-07,6.8705435901229016e-06,-3.93879533519715e-06,-1.0849865975557506e-06,-8.176378079977883e-06,1.305834489854981e-06,1.8483277886328562e-06
signed_hqql_tbl,mod.blocks.0.attn.h7,neutral_hadron<-photon,0.016781657302165694,6.9243194847588e-07,-1.5784832949982385e-06,8.594978557326547e-06,1.1484910942447822e-05,2.2709152434741183e-06,-7.902546608850667e-06,6.9243194847588e-07,1.8278895702129392e-06
signed_hqql_tbl,mod.blocks.6.attn.h0,charged_hadron<-charged_hadron,0.02366727246270751,-2.9096614143779183e-07,-3.3320528481433356e-06,-3.2387233285342613e-06,-4.103433432231888e-06,3.041086706705544e-06,2.9477571870964696e-06,2.9096614143779183e-07,1.8115094947905639e-06
B_tbl_minus_hqql,mod.blocks.1.attn.h7,charged_hadron<-charged_hadron,0.025165731572221968,-1.1949887796045575e-06,0.0,0.0,0.0,-1.1949887796045575e-06,-1.1949887796045575e-06,1.1949887796045575e-06,1.7924831694068363e-06
signed_hqql_tbl,mod.blocks.3.attn.h7,electron<-electron,0.003664248998398989,-1.1541455041896854e-06,1.887799980226923e-08,-2.013612115447927e-05,5.46116581586394e-09,-1.1730235039919546e-06,1.8981975650289583e-05,1.1541455041896854e-06,1.7406572561856627e-06
B_tbl_minus_hqql,mod.blocks.3.attn.h7,electron<-electron,0.0036642508610356117,-1.1541775223999906e-06,0.0,0.0,0.0,-1.1541775223999906e-06,-1.1541775223999906e-06,1.1541775223999906e-06,1.731266283599986e-06
B_tbl_minus_hqql,mod.blocks.3.attn.h6,neutral_hadron<-neutral_hadron,0.009811658007438318,-1.1383652472174903e-06,0.0,0.0,0.0,-1.1383652472174903e-06,-1.1383652472174903e-06,1.1383652472174903e-06,1.7075478708262355e-06
B_tbl_minus_hqql,mod.blocks.6.attn.h4,neutral_hadron<-charged_hadron,0.026536286437773032,-1.137227399536915e-06,0.0,0.0,0.0,-1.137227399536915e-06,-1.137227399536915e-06,1.137227399536915e-06,1.7058410993053725e-06
signed_hqql_tbl,mod.blocks.7.attn.h4,muon<-muon,0.00027634971775114536,1.5812065612408333e-06,1.3636147855322633e-06,-5.548638823543728e-08,6.130291903735004e-09,2.175917757085699e-07,1.6366929494762706e-06,1.5812065612408333e-06,1.6900024490951182e-06
B_tbl_minus_hqql,mod.blocks.2.attn.h7,charged_hadron<-photon,0.021834691255790753,-1.1238633466560331e-06,0.0,0.0,0.0,-1.1238633466560331e-06,-1.1238633466560331e-06,1.1238633466560331e-06,1.6857950199840497e-06
B_tbl_minus_hqql,mod.blocks.4.attn.h4,electron<-muon,0.00021375622600317,1.0920107342826668e-06,0.0,0.0,0.0,1.0920107342826668e-06,1.0920107342826668e-06,1.0920107342826668e-06,1.6380161014240002e-06
signed_hqql_tbl,mod.blocks.4.attn.h4,electron<-muon,0.00021375625510700047,1.0920088016064255e-06,0.0,7.681866918574087e-06,0.00031079218024387956,1.0920088016064255e-06,-6.589858116967662e-06,1.0920088016064255e-06,1.6380132024096383e-06
signed_hqql_tbl,mod.blocks.7.attn.h1,electron<-muon,9.295488416682929e-05,1.083284814740182e-06,0.0,0.0004683932929765433,-1.987447717510804e-07,1.083284814740182e-06,-0.0004673100081618031,1.083284814740182e-06,1.6249272221102729e-06
B_tbl_minus_hqql,mod.blocks.7.attn.h1,electron<-muon,9.295482595916837e-05,1.083284814740182e-06,0.0,0.0,0.0,1.083284814740182e-06,1.083284814740182e-06,1.083284814740182e-06,1.6249272221102729e-06
B_tbl_minus_hqql,mod.blocks.2.attn.h7,photon<-photon,0.018881912053291573,-1.0540288705428038e-06,0.0,0.0,0.0,-1.0540288705428038e-06,-1.0540288705428038e-06,1.0540288705428038e-06,1.5810433058142058e-06
B_tbl_minus_hqql,mod.blocks.7.attn.h3,neutral_hadron<-photon,0.01600434219078761,1.0515719043695759e-06,0.0,0.0,0.0,1.0515719043695759e-06,1.0515719043695759e-06,1.0515719043695759e-06,1.577357856554364e-06
B_tbl_minus_hqql,mod.blocks.2.attn.h7,photon<-neutral_hadron,0.011549127165100509,-1.0444197155570164e-06,0.0,0.0,0.0,-1.0444197155570164e-06,-1.0444197155570164e-06,1.0444197155570164e-06,1.5666295733355246e-06
B_tbl_minus_hqql,mod.blocks.0.attn.h5,charged_hadron<-electron,0.009990376298842222,-1.0235809262983664e-06,0.0,0.0,0.0,-1.0235809262983664e-06,-1.0235809262983664e-06,1.0235809262983664e-06,1.5353713894475496e-06
B_tbl_minus_hqql,mod.blocks.7.attn.h4,neutral_hadron<-muon,0.003776668260494868,-1.0201749015929333e-06,0.0,0.0,0.0,-1.0201749015929333e-06,-1.0201749015929333e-06,1.0201749015929333e-06,1.5302623523893999e-06
B_tbl_minus_hqql,mod.blocks.5.attn.h0,neutral_hadron<-neutral_hadron,0.01560467805683797,1.015560040980973e-06,0.0,0.0,0.0,1.015560040980973e-06,1.015560040980973e-06,1.015560040980973e-06,1.5233400614714594e-06
B_tbl_minus_hqql,mod.blocks.3.attn.h0,photon<-photon,0.01721940956582391,1.0097655048139689e-06,0.0,0.0,0.0,1.0097655048139689e-06,1.0097655048139689e-06,1.0097655048139689e-06,1.5146482572209533e-06
B_tbl_minus_hqql,mod.blocks.6.attn.h5,neutral_hadron<-neutral_hadron,0.003325982040580335,9.93829579781368e-07,0.0,0.0,0.0,9.93829579781368e-07,9.93829579781368e-07,9.93829579781368e-07,1.490744369672052e-06
B_tbl_minus_hqql,mod.blocks.7.attn.h2,muon<-muon,0.0003133762802463025,-9.9198950920254e-07,0.0,0.0,0.0,-9.9198950920254e-07,-9.9198950920254e-07,9.9198950920254e-07,1.4879842638038099e-06
signed_hqql_tbl,mod.blocks.7.attn.h2,muon<-muon,0.00031337630935013294,-9.919908734445926e-07,-1.8611247298849776e-07,1.5081160255198122e-07,-9.80161232178034e-08,-8.058784004560948e-07,-1.1428024759965737e-06,9.919908734445926e-07,1.39493007367264e-06
B_tbl_minus_hqql,mod.blocks.1.attn.h6,charged_hadron<-neutral_hadron,0.012921742686190202,-9.207250511158421e-07,0.0,0.0,0.0,-9.207250511158421e-07,-9.207250511158421e-07,9.207250511158421e-07,1.381087576673763e-06
B_tbl_minus_hqql,mod.blocks.0.attn.h0,neutral_hadron<-charged_hadron,0.027826701118654592,9.082946249394791e-07,0.0,0.0,0.0,9.082946249394791e-07,9.082946249394791e-07,9.082946249394791e-07,1.3624419374092186e-06
B_tbl_minus_hqql,mod.blocks.4.attn.h4,charged_hadron<-photon,0.02187354352263456,9.056731055327305e-07,0.0,0.0,0.0,9.056731055327305e-07,9.056731055327305e-07,9.056731055327305e-07,1.3585096582990957e-06
B_tbl_minus_hqql,mod.blocks.2.attn.h5,neutral_hadron<-neutral_hadron,0.012424524578960225,9.016242463587184e-07,0.0,0.0,0.0,9.016242463587184e-07,9.016242463587184e-07,9.016242463587184e-07,1.3524363695380775e-06
signed_hqql_tbl,mod.blocks.2.attn.h6,neutral_hadron<-charged_hadron,0.026151301438531907,5.273368443913654e-07,2.071927752563948e-06,-5.981297792477075e-07,2.2177003340614972e-06,-1.5445909081725826e-06,1.125466623639073e-06,5.273368443913654e-07,1.2996322984776566e-06
B_tbl_minus_hqql,mod.blocks.1.attn.h5,photon<-neutral_hadron,0.013657852545453517,-8.532056147399773e-07,0.0,0.0,0.0,-8.532056147399773e-07,-8.532056147399773e-07,8.532056147399773e-07,1.279808422109966e-06
B_tbl_minus_hqql,mod.blocks.6.attn.h1,muon<-photon,0.0032718514020626363,-8.428337773343978e-07,0.0,0.0,0.0,-8.428337773343978e-07,-8.428337773343978e-07,8.428337773343978e-07,1.2642506660015968e-06
B_tbl_minus_hqql,mod.blocks.4.attn.h7,photon<-photon,0.015692699998050588,8.349927881824037e-07,0.0,0.0,0.0,8.349927881824037e-07,8.349927881824037e-07,8.349927881824037e-07,1.2524891822736056e-06
B_tbl_minus_hqql,mod.blocks.7.attn.h1,muon<-electron,0.0011389607097953558,-8.17720490431384e-07,0.0,0.0,0.0,-8.17720490431384e-07,-8.17720490431384e-07,8.17720490431384e-07,1.226580735647076e-06
signed_hqql_tbl,mod.blocks.7.attn.h1,muon<-electron,0.0011389588471502066,-8.177111681106908e-07,0.0,4.107061158720171e-06,-6.585272771530981e-09,-8.177111681106908e-07,-4.924772326830862e-06,8.177111681106908e-07,1.2265667521660362e-06
B_tbl_minus_hqql,mod.blocks.3.attn.h5,neutral_hadron<-charged_hadron,0.03022692233417475,-8.17107078130284e-07,0.0,0.0,0.0,-8.17107078130284e-07,-8.17107078130284e-07,8.17107078130284e-07,1.225660617195426e-06
B_tbl_minus_hqql,mod.blocks.2.attn.h1,neutral_hadron<-photon,0.018678704176408042,8.019745114970305e-07,0.0,0.0,0.0,8.019745114970305e-07,8.019745114970305e-07,8.019745114970305e-07,1.2029617672455458e-06
signed_hqql_tbl,mod.blocks.2.attn.h7,photon<-photon,0.018881912368607926,-1.0540243911799084e-06,-1.307672821932746e-06,4.4730329653643786e-06,1.0478302618573133e-05,2.536484307528377e-07,-5.527057356544287e-06,1.0540243911799084e-06,1.1808486065563271e-06
B_tbl_minus_hqql,mod.blocks.7.attn.h6,neutral_hadron<-neutral_hadron,0.007507483751139548,-7.857865746354271e-07,0.0,0.0,0.0,-7.857865746354271e-07,-7.857865746354271e-07,7.857865746354271e-07,1.1786798619531407e-06
signed_hqql_tbl,mod.blocks.3.attn.h7,photon<-photon,0.017561112145467874,-2.9669852567361513e-07,-2.0517521086548415e-06,4.2698093814063626e-07,1.5362603609795172e-06,1.7550535829812264e-06,-7.236794638142514e-07,2.9669852567361513e-07,1.1742253171642282e-06
B_tbl_minus_hqql,mod.blocks.6.attn.h7,charged_hadron<-neutral_hadron,0.017600187500442458,7.773652103190167e-07,0.0,0.0,0.0,7.773652103190167e-07,7.773652103190167e-07,7.773652103190167e-07,1.1660478154785252e-06
B_tbl_minus_hqql,mod.blocks.4.attn.h0,electron<-electron,0.0001587542280958587,-7.758170507798923e-07,0.0,0.0,0.0,-7.758170507798923e-07,-7.758170507798923e-07,7.758170507798923e-07,1.1637255761698386e-06
signed_hqql_tbl,mod.cls_blocks.1.attn.h0,electron<-CLS,0.00090841855853796,7.629824381183425e-07,0.0,0.0,0.0,7.629824381183425e-07,7.629824381183425e-07,7.629824381183425e-07,1.1444736571775138e-06
B_tbl_minus_hqql,mod.blocks.1.attn.h7,neutral_hadron<-charged_hadron,0.026543841933755665,-7.423353917914264e-07,0.0,0.0,0.0,-7.423353917914264e-07,-7.423353917914264e-07,7.423353917914264e-07,1.1135030876871397e-06
B_tbl_minus_hqql,mod.blocks.4.attn.h4,photon<-muon,0.005203868907231551,-7.234584700199775e-07,0.0,0.0,0.0,-7.234584700199775e-07,-7.234584700199775e-07,7.234584700199775e-07,1.0851877050299663e-06
B_tbl_minus_hqql,mod.blocks.3.attn.h7,neutral_hadron<-photon,0.01749607988710699,-7.180747020378903e-07,0.0,0.0,0.0,-7.180747020378903e-07,-7.180747020378903e-07,7.180747020378903e-07,1.0771120530568355e-06
B_tbl_minus_hqql,mod.blocks.7.attn.h4,neutral_hadron<-neutral_hadron,0.006042243938320465,-7.16637927415777e-07,0.0,0.0,0.0,-7.16637927415777e-07,-7.16637927415777e-07,7.16637927415777e-07,1.0749568911236654e-06
signed_hqql_tbl,mod.blocks.4.attn.h4,charged_hadron<-charged_hadron,0.024999154974226143,-3.170684545723452e-07,-1.7935639360169302e-06,1.5566718228365616e-06,-9.367411898140085e-07,1.476495481444585e-06,-1.873740277408907e-06,3.170684545723452e-07,1.0553161952946377e-06
B_tbl_minus_hqql,mod.blocks.5.attn.h0,neutral_hadron<-photon,0.018254696496353646,-6.966439133951916e-07,0.0,0.0,0.0,-6.966439133951916e-07,-6.966439133951916e-07,6.966439133951916e-07,1.0449658700927874e-06
B_tbl_minus_hqql,mod.blocks.0.attn.h7,neutral_hadron<-photon,0.01678165735078286,6.924236398782782e-07,0.0,0.0,0.0,6.924236398782782e-07,6.924236398782782e-07,6.924236398782782e-07,1.0386354598174174e-06
signed_hqql_tbl,mod.cls_blocks.1.attn.h1,photon<-CLS,0.0,0.0,2.050943840004038e-06,0.0,0.0,-2.050943840004038e-06,0.0,0.0,1.025471920002019e-06
signed_hqql_tbl,mod.cls_blocks.1.attn.h3,muon<-photon,0.0,0.0,1.950920886883978e-06,-5.810643102677204e-05,0.0,-1.950920886883978e-06,5.810643102677204e-05,0.0,9.75460443441989e-07
B_tbl_minus_hqql,mod.blocks.7.attn.h0,muon<-neutral_hadron,0.0029157306998968124,-6.494568272804221e-07,0.0,0.0,0.0,-6.494568272804221e-07,-6.494568272804221e-07,6.494568272804221e-07,9.74185240920633e-07
B_tbl_minus_hqql,mod.blocks.5.attn.h7,muon<-neutral_hadron,0.0019484835987289746,6.490470999172734e-07,0.0,0.0,0.0,6.490470999172734e-07,6.490470999172734e-07,6.490470999172734e-07,9.7357064987591e-07
B_tbl_minus_hqql,mod.blocks.1.attn.h0,photon<-charged_hadron,0.023785738325909356,-6.312750768236744e-07,0.0,0.0,0.0,-6.312750768236744e-07,-6.312750768236744e-07,6.312750768236744e-07,9.469126152355117e-07
B_tbl_minus_hqql,mod.blocks.0.attn.h7,photon<-charged_hadron,0.025170103291780252,-6.254519792099983e-07,0.0,0.0,0.0,-6.254519792099983e-07,-6.254519792099983e-07,6.254519792099983e-07,9.381779688149974e-07
signed_hqql_tbl,mod.blocks.5.attn.h5,neutral_hadron<-neutral_hadron,0.0017535378103063326,-2.153270815645358e-07,-1.5379127785113154e-06,1.7893568993928111e-06,7.426538149435164e-07,1.3225856969467796e-06,-2.004683980957347e-06,2.153270815645358e-07,8.766199300379256e-07
signed_hqql_tbl,mod.blocks.4.attn.h4,neutral_hadron<-photon,0.013944544201962904,-3.438867034106082e-07,-1.3641954293241153e-06,1.5656803403655325e-07,9.324941780994656e-07,1.020308725913507e-06,-5.004547374471614e-07,3.438867034106082e-07,8.540410663673617e-07
B_tbl_minus_hqql,mod.blocks.2.attn.h6,photon<-neutral_hadron,0.019446047834237676,5.459025894180791e-07,0.0,0.0,0.0,5.459025894180791e-07,5.459025894180791e-07,5.459025894180791e-07,8.188538841271186e-07
B_tbl_minus_hqql,mod.blocks.5.attn.h1,charged_hadron<-neutral_hadron,0.022166626977509464,-5.456476513282498e-07,0.0,0.0,0.0,-5.456476513282498e-07,-5.456476513282498e-07,5.456476513282498e-07,8.184714769923746e-07
B_tbl_minus_hqql,mod.blocks.6.attn.h0,muon<-neutral_hadron,0.0015971269458532333,5.433503247331828e-07,0.0,0.0,0.0,5.433503247331828e-07,5.433503247331828e-07,5.433503247331828e-07,8.150254870997742e-07
signed_hqql_tbl,mod.cls_blocks.1.attn.h3,electron<-charged_hadron,0.000865134299688396,-5.376074287120164e-07,0.0,0.0038489984106397607,0.0,-5.376074287120164e-07,-0.0038495360180684727,5.376074287120164e-07,8.064111430680247e-07
signed_hqql_tbl,mod.blocks.5.attn.h7,electron<-muon,4.700009594671428e-05,-5.312216444508522e-07,0.0,1.1814669051091187e-05,-1.433455992794208e-10,-5.312216444508522e-07,-1.2345890695542039e-05,5.312216444508522e-07,7.968324666762783e-07
B_tbl_minus_hqql,mod.blocks.5.attn.h7,electron<-muon,4.7000030463095754e-05,-5.312202802087995e-07,0.0,0.0,0.0,-5.312202802087995e-07,-5.312202802087995e-07,5.312202802087995e-07,7.968304203131993e-07
B_tbl_minus_hqql,mod.blocks.2.attn.h6,neutral_hadron<-charged_hadron,0.02615130195236505,5.273301557563486e-07,0.0,0.0,0.0,5.273301557563486e-07,5.273301557563486e-07,5.273301557563486e-07,7.909952336345229e-07
signed_hqql_tbl,mod.blocks.5.attn.h4,neutral_hadron<-neutral_hadron,0.009867345131012239,2.7028883413495286e-07,-5.839741569429691e-07,-5.870068277670313e-07,-1.604081538001695e-06,8.542629910779219e-07,8.572956619019841e-07,2.7028883413495286e-07,6.974203296739138e-07
B_tbl_minus_hqql,mod.blocks.5.attn.h4,electron<-muon,0.0020682597532868385,4.5333968046179507e-07,0.0,0.0,0.0,4.5333968046179507e-07,4.5333968046179507e-07,4.5333968046179507e-07,6.800095206926926e-07
signed_hqql_tbl,mod.blocks.5.attn.h4,electron<-muon,0.002068259986117482,4.5333581510931253e-07,0.0,-0.0004952888120897114,0.0001559247903060168,4.5333581510931253e-07,0.0004957421479048207,4.5333581510931253e-07,6.800037226639688e-07
B_tbl_minus_hqql,mod.blocks.2.attn.h7,neutral_hadron<-electron,0.017118964297696947,4.468347924557747e-07,0.0,0.0,0.0,4.468347924557747e-07,4.468347924557747e-07,4.468347924557747e-07,6.702521886836621e-07
signed_hqql_tbl,mod.blocks.5.attn.h7,neutral_hadron<-neutral_hadron,0.007491955932644409,5.964115954147382e-08,1.2382180110418746e-06,-1.506498928956067e-06,2.355015056398675e-06,-1.1785768515004008e-06,1.5661400884975409e-06,5.964115954147382e-08,6.489295852916742e-07
B_tbl_minus_hqql,mod.blocks.7.attn.h3,photon<-charged_hadron,0.023000952288590743,4.1076351880598865e-07,0.0,0.0,0.0,4.1076351880598865e-07,4.1076351880598865e-07,4.1076351880598865e-07,6.16145278208983e-07
signed_hqql_tbl,mod.cls_blocks.1.attn.h6,charged_hadron<-muon,0.0,0.0,-1.1788312122007483e-06,-0.00010775728151202202,0.0018526794156059623,1.1788312122007483e-06,0.00010775728151202202,0.0,5.894156061003741e-07
B_tbl_minus_hqql,mod.blocks.6.attn.h0,photon<-electron,0.043646210759151274,-3.9059984662411054e-07,0.0,0.0,0.0,-3.9059984662411054e-07,-3.9059984662411054e-07,3.9059984662411054e-07,5.858997699361658e-07
signed_hqql_tbl,mod.blocks.7.attn.h4,electron<-electron,7.718587476119864e-05,3.706981559270517e-07,-1.7998554639742093e-08,-3.849902462427135e-06,-3.1060708020428745e-07,3.886967105667938e-07,4.220600618354187e-06,3.706981559270517e-07,5.650465112104487e-07
B_tbl_minus_hqql,mod.blocks.4.attn.h5,photon<-neutral_hadron,0.009084064021196101,3.7073608789612734e-07,0.0,0.0,0.0,3.7073608789612734e-07,3.7073608789612734e-07,3.7073608789612734e-07,5.561041318441911e-07
B_tbl_minus_hqql,mod.blocks.7.attn.h4,electron<-electron,7.71858294683625e-05,3.7069743721307444e-07,0.0,0.0,0.0,3.7069743721307444e-07,3.7069743721307444e-07,3.7069743721307444e-07,5.560461558196116e-07
B_tbl_minus_hqql,mod.blocks.7.attn.h5,neutral_hadron<-neutral_hadron,0.00406834434022384,3.657550055082617e-07,0.0,0.0,0.0,3.657550055082617e-07,3.657550055082617e-07,3.657550055082617e-07,5.486325082623925e-07
B_tbl_minus_hqql,mod.blocks.0.attn.h5,charged_hadron<-neutral_hadron,0.01203486951634428,3.6376413531954687e-07,0.0,0.0,0.0,3.6376413531954687e-07,3.6376413531954687e-07,3.6376413531954687e-07,5.456462029793203e-07
B_tbl_minus_hqql,mod.blocks.7.attn.h3,neutral_hadron<-neutral_hadron,0.02146724212006419,3.6187270659403264e-07,0.0,0.0,0.0,3.6187270659403264e-07,3.6187270659403264e-07,3.6187270659403264e-07,5.42809059891049e-07
B_tbl_minus_hqql,mod.blocks.4.attn.h7,charged_hadron<-charged_hadron,0.02709505070914081,-3.5953483968610004e-07,0.0,0.0,0.0,-3.5953483968610004e-07,-3.5953483968610004e-07,3.5953483968610004e-07,5.393022595291501e-07
B_tbl_minus_hqql,mod.blocks.4.attn.h4,neutral_hadron<-photon,0.013944544420740149,-3.438857746280906e-07,0.0,0.0,0.0,-3.438857746280906e-07,-3.438857746280906e-07,3.438857746280906e-07,5.158286619421359e-07
B_tbl_minus_hqql,mod.blocks.6.attn.h0,photon<-charged_hadron,0.025668337035574307,-3.41969560656519e-07,0.0,0.0,0.0,-3.41969560656519e-07,-3.41969560656519e-07,3.41969560656519e-07,5.129543409847785e-07
B_tbl_minus_hqql,mod.blocks.4.attn.h5,photon<-charged_hadron,0.024474597520591147,3.411241074463157e-07,0.0,0.0,0.0,3.411241074463157e-07,3.411241074463157e-07,3.411241074463157e-07,5.116861611694735e-07
B_tbl_minus_hqql,mod.blocks.7.attn.h4,photon<-photon,0.013044105204378677,3.331020126294543e-07,0.0,0.0,0.0,3.331020126294543e-07,3.331020126294543e-07,3.331020126294543e-07,4.996530189441815e-07
B_tbl_minus_hqql,mod.cls_blocks.1.attn.h0,electron<-electron,0.0004580879553941486,3.329610578362008e-07,0.0,0.0,0.0,3.329610578362008e-07,3.329610578362008e-07,3.329610578362008e-07,4.994415867543012e-07
signed_hqql_tbl,mod.blocks.6.attn.h0,electron<-electron,0.000502262982092816,-2.2937093486774528e-07,3.0725271504827845e-07,-8.186249106120449e-05,3.919125313167626e-08,-5.366236499160238e-07,8.163312012633674e-05,2.2937093486774528e-07,4.976827598257571e-07
signed_hqql_tbl,mod.blocks.7.attn.h3,neutral_hadron<-charged_hadron,0.026919766279597267,6.410942620380276e-08,9.191476623003312e-07,-4.242233922165974e-06,1.5969990383099988e-07,-8.550382360965285e-07,4.306343348369777e-06,6.410942620380276e-08,4.91628544252067e-07
signed_hqql_tbl,mod.blocks.6.attn.h1,neutral_hadron<-photon,0.014630352862507445,-1.889081682468997e-07,-7.90752838867721e-07,-1.6462984741310292e-06,-1.211642139723346e-06,6.018446706208213e-07,1.4573903058841295e-06,1.889081682468997e-07,4.898305035573104e-07
B_tbl_minus_hqql,mod.blocks.4.attn.h4,charged_hadron<-charged_hadron,0.024999153993234997,-3.1706807229383156e-07,0.0,0.0,0.0,-3.1706807229383156e-07,-3.1706807229383156e-07,3.1706807229383156e-07,4.756021084407473e-07
signed_hqql_tbl,mod.blocks.4.attn.h5,photon<-neutral_hadron,0.009084063875344604,3.70732800065362e-07,1.673440485981039e-07,3.3476207340187767e-12,2.600374101394668e-06,2.0338875146725812e-07,3.70729452444628e-07,3.70732800065362e-07,4.7242717579899106e-07
B_tbl_minus_hqql,mod.blocks.3.attn.h7,photon<-photon,0.017561112027224244,-2.966978905759758e-07,0.0,0.0,0.0,-2.966978905759758e-07,-2.966978905759758e-07,2.966978905759758e-07,4.450468358639637e-07
signed_hqql_tbl,mod.cls_blocks.1.attn.h3,electron<-CLS,0.0001090369260055013,2.953485704892955e-07,0.0,0.0,0.0,2.953485704892955e-07,2.953485704892955e-07,2.953485704892955e-07,4.430228557339433e-07
B_tbl_minus_hqql,mod.blocks.6.attn.h0,charged_hadron<-charged_hadron,0.023667272047672792,-2.9096774424409016e-07,0.0,0.0,0.0,-2.9096774424409016e-07,-2.9096774424409016e-07,2.9096774424409016e-07,4.3645161636613524e-07
B_tbl_minus_hqql,mod.blocks.7.attn.h2,muon<-neutral_hadron,0.0016274380808075268,-2.858093163619439e-07,0.0,0.0,0.0,-2.858093163619439e-07,-2.858093163619439e-07,2.858093163619439e-07,4.287139745429158e-07
signed_hqql_tbl,mod.cls_blocks.1.attn.h6,muon<-CLS,0.0,0.0,8.123607244669984e-07,0.0,0.0,-8.123607244669984e-07,0.0,0.0,4.061803622334992e-07
B_tbl_minus_hqql,mod.blocks.5.attn.h4,neutral_hadron<-neutral_hadron,0.009867343485565994,2.702882701196873e-07,0.0,0.0,0.0,2.702882701196873e-07,2.702882701196873e-07,2.702882701196873e-07,4.0543240517953095e-07
signed_hqql_tbl,mod.blocks.7.attn.h4,neutral_hadron<-photon,0.014289151056750174,1.504585809170437e-07,6.512847045552059e-07,1.945511748521025e-06,-1.952133097268119e-06,-5.008261236381622e-07,-1.795053167603981e-06,1.504585809170437e-07,4.0087164273612477e-07
B_tbl_minus_hqql,mod.blocks.5.attn.h2,neutral_hadron<-neutral_hadron,0.010837377635620819,-2.4834988612017813e-07,0.0,0.0,0.0,-2.4834988612017813e-07,-2.4834988612017813e-07,2.4834988612017813e-07,3.725248291802672e-07
B_tbl_minus_hqql,mod.blocks.6.attn.h0,electron<-electron,0.0005022626255708929,-2.2937248242982377e-07,0.0,0.0,0.0,-2.2937248242982377e-07,-2.2937248242982377e-07,2.2937248242982377e-07,3.4405872364473564e-07
B_tbl_minus_hqql,mod.blocks.1.attn.h4,photon<-charged_hadron,0.02528435444634264,2.1669826782578654e-07,0.0,0.0,0.0,2.1669826782578654e-07,2.1669826782578654e-07,2.1669826782578654e-07,3.250474017386798e-07
B_tbl_minus_hqql,mod.blocks.0.attn.h6,photon<-photon,0.01634126530144506,-2.157033257051541e-07,0.0,0.0,0.0,-2.157033257051541e-07,-2.157033257051541e-07,2.157033257051541e-07,3.2355498855773117e-07
B_tbl_minus_hqql,mod.blocks.5.attn.h5,neutral_hadron<-neutral_hadron,0.0017535380424556586,-2.1532718220174147e-07,0.0,0.0,0.0,-2.1532718220174147e-07,-2.1532718220174147e-07,2.1532718220174147e-07,3.229907733026122e-07
B_tbl_minus_hqql,mod.blocks.1.attn.h2,neutral_hadron<-electron,0.015468221483752131,-2.130965640390059e-07,0.0,0.0,0.0,-2.130965640390059e-07,-2.130965640390059e-07,2.130965640390059e-07,3.196448460585088e-07
B_tbl_minus_hqql,mod.blocks.4.attn.h5,muon<-muon,7.05329148331657e-05,-1.9501385395415127e-07,0.0,0.0,0.0,-1.9501385395415127e-07,-1.9501385395415127e-07,1.9501385395415127e-07,2.925207809312269e-07
signed_hqql_tbl,mod.blocks.4.attn.h5,muon<-muon,7.053283479763195e-05,-1.950143371232116e-07,-3.756983915081946e-07,4.3352770191518174e-07,-4.567277904617602e-06,1.8068405438498303e-07,-6.285420390383934e-07,1.950143371232116e-07,2.853563643157031e-07
B_tbl_minus_hqql,mod.blocks.6.attn.h1,neutral_hadron<-photon,0.0146303533486791,-1.8890635222485243e-07,0.0,0.0,0.0,-1.8890635222485243e-07,-1.8890635222485243e-07,1.8890635222485243e-07,2.833595283372786e-07
B_tbl_minus_hqql,mod.blocks.4.attn.h4,charged_hadron<-muon,0.0033795926719903946,-1.8539406028139637e-07,0.0,0.0,0.0,-1.8539406028139637e-07,-1.8539406028139637e-07,1.8539406028139637e-07,2.780910904220945e-07
signed_hqql_tbl,mod.blocks.7.attn.h7,electron<-electron,8.257697181601742e-05,-1.8130085106850268e-07,3.89388333209284e-10,3.081935540870924e-07,-2.2769773358466416e-09,-1.8169023940171197e-07,-4.89494405155595e-07,1.8130085106850268e-07,2.7214597076935865e-07
B_tbl_minus_hqql,mod.blocks.7.attn.h7,electron<-electron,8.257708837913213e-05,-1.8130153362581197e-07,0.0,0.0,0.0,-1.8130153362581197e-07,-1.8130153362581197e-07,1.8130153362581197e-07,2.7195230043871794e-07
B_tbl_minus_hqql,mod.blocks.5.attn.h4,photon<-charged_hadron,0.030565645977937057,1.8098341585368493e-07,0.0,0.0,0.0,1.8098341585368493e-07,1.8098341585368493e-07,1.8098341585368493e-07,2.714751237805274e-07
B_tbl_minus_hqql,mod.blocks.4.attn.h6,photon<-charged_hadron,0.032537178522315476,1.6540488712515333e-07,0.0,0.0,0.0,1.6540488712515333e-07,1.6540488712515333e-07,1.6540488712515333e-07,2.4810733068773e-07
B_tbl_minus_hqql,mod.blocks.7.attn.h3,neutral_hadron<-muon,0.043421462178230286,1.6325638322693217e-07,0.0,0.0,0.0,1.6325638322693217e-07,1.6325638322693217e-07,1.6325638322693217e-07,2.4488457484039827e-07
B_tbl_minus_hqql,mod.blocks.6.attn.h7,neutral_hadron<-neutral_hadron,0.014046487174664916,-1.546215761191493e-07,0.0,0.0,0.0,-1.546215761191493e-07,-1.546215761191493e-07,1.546215761191493e-07,2.3193236417872396e-07
B_tbl_minus_hqql,mod.blocks.6.attn.h7,charged_hadron<-muon,0.017904627323150634,1.5212540347420144e-07,0.0,0.0,0.0,1.5212540347420144e-07,1.5212540347420144e-07,1.5212540347420144e-07,2.2818810521130215e-07
B_tbl_minus_hqql,mod.blocks.7.attn.h4,neutral_hadron<-photon,0.014289150765047182,1.5045807646647504e-07,0.0,0.0,0.0,1.5045807646647504e-07,1.5045807646647504e-07,1.5045807646647504e-07,2.2568711469971255e-07
B_tbl_minus_hqql,mod.cls_blocks.1.attn.h3,electron<-electron,5.4518792409502526e-05,1.476846114038463e-07,0.0,0.0,0.0,1.476846114038463e-07,1.476846114038463e-07,1.476846114038463e-07,2.2152691710576947e-07
B_tbl_minus_hqql,mod.blocks.5.attn.h1,electron<-photon,0.015237834940596325,-1.4371258524678103e-07,0.0,0.0,0.0,-1.4371258524678103e-07,-1.4371258524678103e-07,1.4371258524678103e-07,2.1556887787017152e-07
B_tbl_minus_hqql,mod.blocks.6.attn.h7,photon<-photon,0.01581586757205226,-1.174123000256886e-07,0.0,0.0,0.0,-1.174123000256886e-07,-1.174123000256886e-07,1.174123000256886e-07,1.761184500385329e-07
B_tbl_minus_hqql,mod.blocks.6.attn.h1,muon<-muon,3.445686161285266e-05,1.1066799743275624e-07,0.0,0.0,0.0,1.1066799743275624e-07,1.1066799743275624e-07,1.1066799743275624e-07,1.6600199614913436e-07
signed_hqql_tbl,mod.blocks.6.attn.h1,muon<-muon,3.445684342295863e-05,1.1066702398920825e-07,4.465791049110268e-08,-6.154686896703981e-06,1.998512792293165e-08,6.600911349810556e-08,6.26535392069319e-06,1.1066702398920825e-07,1.4367158073826103e-07
B_tbl_minus_hqql,mod.blocks.7.attn.h4,charged_hadron<-muon,0.004058633372187615,-7.575000040560554e-08,0.0,0.0,0.0,-7.575000040560554e-08,-7.575000040560554e-08,7.575000040560554e-08,1.1362500060840831e-07
B_tbl_minus_hqql,mod.blocks.7.attn.h4,neutral_hadron<-charged_hadron,0.028182147415267263,6.433478273974285e-08,0.0,0.0,0.0,6.433478273974285e-08,6.433478273974285e-08,6.433478273974285e-08,9.650217410961426e-08
B_tbl_minus_hqql,mod.blocks.7.attn.h3,neutral_hadron<-charged_hadron,0.026919765345355187,6.410994510046647e-08,0.0,0.0,0.0,6.410994510046647e-08,6.410994510046647e-08,6.410994510046647e-08,9.61649176506997e-08
B_tbl_minus_hqql,mod.cls_blocks.0.attn.h5,photon<-charged_hadron,0.03559787435965105,-6.318177011880008e-08,0.0,0.0,0.0,-6.318177011880008e-08,-6.318177011880008e-08,6.318177011880008e-08,9.477265517820012e-08
signed_hqql_tbl,mod.blocks.6.attn.h6,muon<-muon,2.572858875282691e-06,5.561210159044094e-08,-2.1555056739508416e-08,1.8789841575994616e-07,-1.0219192277579243e-07,7.716715832994936e-08,-1.3228631416950521e-07,5.561210159044094e-08,9.419568075541562e-08
B_tbl_minus_hqql,mod.blocks.5.attn.h7,neutral_hadron<-neutral_hadron,0.007491955095112271,5.96420706430567e-08,0.0,0.0,0.0,5.96420706430567e-08,5.96420706430567e-08,5.96420706430567e-08,8.946310596458505e-08
signed_hqql_tbl,mod.cls_blocks.1.attn.h3,muon<-neutral_hadron,0.0,0.0,1.7209364386872039e-07,0.014861228151453866,0.0,-1.7209364386872039e-07,-0.014861228151453866,0.0,8.604682193436019e-08
B_tbl_minus_hqql,mod.blocks.6.attn.h6,muon<-muon,2.572858875282691e-06,5.561205185244944e-08,0.0,0.0,0.0,5.561205185244944e-08,5.561205185244944e-08,5.561205185244944e-08,8.341807777867416e-08
B_tbl_minus_hqql,mod.blocks.6.attn.h6,neutral_hadron<-charged_hadron,0.036063819796687754,4.295416318280126e-08,0.0,0.0,0.0,4.295416318280126e-08,4.295416318280126e-08,4.295416318280126e-08,6.443124477420189e-08
signed_hqql_tbl,mod.cls_blocks.1.attn.h3,muon<-CLS,0.0,0.0,-1.0528440697044061e-07,0.0,0.0,1.0528440697044061e-07,0.0,0.0,5.264220348522031e-08
signed_hqql_tbl,mod.blocks.4.attn.h4,electron<-electron,8.28637922040798e-05,-8.536988715945882e-09,6.647805328441336e-08,2.936160052079294e-06,3.834525005667426e-06,-7.501504200035924e-08,-2.94469704079524e-06,8.536988715945882e-09,4.6044509716125506e-08
B_tbl_minus_hqql,mod.blocks.3.attn.h1,neutral_hadron<-muon,0.01569470887382825,-2.0360706306140248e-08,0.0,0.0,0.0,-2.0360706306140248e-08,-2.0360706306140248e-08,2.0360706306140248e-08,3.0541059459210373e-08
B_tbl_minus_hqql,mod.blocks.4.attn.h4,electron<-electron,8.286372030852363e-05,-8.536799001035433e-09,0.0,0.0,0.0,-8.536799001035433e-09,-8.536799001035433e-09,8.536799001035433e-09,1.2805198501553149e-08
signed_hqql_tbl,mod.cls_blocks.0.attn.h0,neutral_hadron<-muon,0.0,0.0,0.0,-0.003889559106028173,-0.040733885020017624,0.0,0.003889559106028173,0.0,0.0
signed_hqql_tbl,mod.cls_blocks.0.attn.h2,neutral_hadron<-muon,0.0,0.0,0.0,-0.020779929123818874,-0.023303670808672905,0.0,0.020779929123818874,0.0,0.0
signed_hqql_tbl,mod.cls_blocks.0.attn.h1,photon<-muon,0.0,0.0,0.0,-0.016521212935913354,-0.00045837837387807667,0.0,0.016521212935913354,0.0,0.0
signed_hqql_tbl,mod.cls_blocks.0.attn.h0,photon<-muon,0.0,0.0,0.0,0.012726335786283016,0.0012188509572297335,0.0,-0.012726335786283016,0.0,0.0
signed_hqql_tbl,mod.cls_blocks.0.attn.h7,neutral_hadron<-muon,0.0,0.0,0.0,-0.0016640393296256661,-0.008525185286998749,0.0,0.0016640393296256661,0.0,0.0
signed_hqql_tbl,mod.cls_blocks.0.attn.h3,photon<-muon,0.0,0.0,0.0,-0.007599196978844702,0.00010194959759246558,0.0,0.007599196978844702,0.0,0.0
signed_hqql_tbl,mod.cls_blocks.0.attn.h4,neutral_hadron<-muon,0.0,0.0,0.0,0.006676235469058156,-0.004058212973177433,0.0,-0.006676235469058156,0.0,0.0
signed_hqql_tbl,mod.cls_blocks.0.attn.h1,photon<-electron,0.0,0.0,0.0,-0.005073799751698971,0.0,0.0,0.005073799751698971,0.0,0.0
signed_hqql_tbl,mod.cls_blocks.0.attn.h6,photon<-muon,0.0,0.0,0.0,0.004882927634753287,-0.0010413463460281491,0.0,-0.004882927634753287,0.0,0.0
signed_hqql_tbl,mod.cls_blocks.0.attn.h1,neutral_hadron<-muon,0.0,0.0,0.0,-0.003698869957588613,-0.004745750688016415,0.0,0.003698869957588613,0.0,0.0
signed_hqql_tbl,mod.cls_blocks.0.attn.h5,neutral_hadron<-muon,0.0,0.0,0.0,-0.0035934587940573692,0.001978750340640545,0.0,0.0035934587940573692,0.0,0.0
signed_hqql_tbl,mod.cls_blocks.0.attn.h4,photon<-muon,0.0,0.0,0.0,-0.003009170643053949,-0.0017392075387760997,0.0,0.003009170643053949,0.0,0.0
signed_hqql_tbl,mod.cls_blocks.0.attn.h3,photon<-electron,0.0,0.0,0.0,-0.002715536393225193,0.0,0.0,0.002715536393225193,0.0,0.0
signed_hqql_tbl,mod.cls_blocks.0.attn.h6,neutral_hadron<-muon,0.0,0.0,0.0,-0.0013872348426957615,0.002466041361913085,0.0,0.0013872348426957615,0.0,0.0
signed_hqql_tbl,mod.cls_blocks.0.attn.h3,neutral_hadron<-muon,0.0,0.0,0.0,-0.0019903023494407535,0.0014076614752411842,0.0,0.0019903023494407535,0.0,0.0
signed_hqql_tbl,mod.cls_blocks.0.attn.h5,photon<-muon,0.0,0.0,0.0,-0.0019421374890953302,-2.468757338647265e-05,0.0,0.0019421374890953302,0.0,0.0
signed_hqql_tbl,mod.cls_blocks.0.attn.h7,photon<-muon,0.0,0.0,0.0,0.00124671048251912,0.0018062660237774253,0.0,-0.00124671048251912,0.0,0.0
signed_hqql_tbl,mod.cls_blocks.1.attn.h7,neutral_hadron<-muon,0.0,0.0,0.0,-0.00119504623580724,-2.0324216620792868e-06,0.0,0.00119504623580724,0.0,0.0
signed_hqql_tbl,mod.cls_blocks.0.attn.h2,photon<-electron,0.0,0.0,0.0,-0.001026009675115347,0.0,0.0,0.001026009675115347,0.0,0.0
signed_hqql_tbl,mod.cls_blocks.0.attn.h0,photon<-electron,0.0,0.0,0.0,0.0008293460123240948,0.0,0.0,-0.0008293460123240948,0.0,0.0
signed_hqql_tbl,mod.cls_blocks.0.attn.h4,photon<-electron,0.0,0.0,0.0,0.0008286656811833382,0.0,0.0,-0.0008286656811833382,0.0,0.0
signed_hqql_tbl,mod.cls_blocks.1.attn.h6,neutral_hadron<-muon,0.0,0.0,0.0,-0.0006675099502899684,1.6968802810879424e-05,0.0,0.0006675099502899684,0.0,0.0
signed_hqql_tbl,mod.cls_blocks.1.attn.h3,photon<-muon,0.0,0.0,0.0,0.00064815836410137,-7.154990839808306e-07,0.0,-0.00064815836410137,0.0,0.0
signed_hqql_tbl,mod.cls_blocks.1.attn.h2,neutral_hadron<-muon,0.0,0.0,0.0,0.0006122321501607075,1.5182865354290698e-05,0.0,-0.0006122321501607075,0.0,0.0
signed_hqql_tbl,mod.cls_blocks.1.attn.h5,photon<-muon,0.0,0.0,0.0,0.00017929103705682792,-0.000478372850921005,0.0,-0.00017929103705682792,0.0,0.0
signed_hqql_tbl,mod.cls_blocks.1.attn.h4,photon<-muon,0.0,0.0,0.0,-0.00043842771265190095,-5.909023093408905e-05,0.0,0.00043842771265190095,0.0,0.0
signed_hqql_tbl,mod.cls_blocks.1.attn.h1,neutral_hadron<-muon,0.0,0.0,0.0,-0.0003895211557392031,-3.7239562516333535e-05,0.0,0.0003895211557392031,0.0,0.0
signed_hqql_tbl,mod.cls_blocks.0.attn.h2,photon<-muon,0.0,0.0,0.0,-0.0003691075835376978,0.0001316431735176593,0.0,0.0003691075835376978,0.0,0.0
signed_hqql_tbl,mod.cls_blocks.0.attn.h6,photon<-electron,0.0,0.0,0.0,0.00036157132126390934,0.0,0.0,-0.00036157132126390934,0.0,0.0
signed_hqql_tbl,mod.cls_blocks.1.attn.h6,photon<-muon,0.0,0.0,0.0,-0.00025004814960993826,-0.00035620381822809577,0.0,0.00025004814960993826,0.0,0.0
signed_hqql_tbl,mod.cls_blocks.1.attn.h3,photon<-electron,0.0,0.0,0.0,-0.00030338301439769566,0.0,0.0,0.00030338301439769566,0.0,0.0
signed_hqql_tbl,mod.cls_blocks.1.attn.h1,photon<-muon,0.0,0.0,0.0,-0.0002784867983791628,1.6134380302901263e-06,0.0,0.0002784867983791628,0.0,0.0
signed_hqql_tbl,mod.cls_blocks.0.attn.h7,photon<-electron,0.0,0.0,0.0,0.00022235399228520691,0.0,0.0,-0.00022235399228520691,0.0,0.0
signed_hqql_tbl,mod.cls_blocks.1.attn.h2,photon<-muon,0.0,0.0,0.0,0.00017323833526461385,0.00020112282072659582,0.0,-0.00017323833526461385,0.0,0.0
signed_hqql_tbl,mod.cls_blocks.1.attn.h5,neutral_hadron<-muon,0.0,0.0,0.0,-0.00015472026461793575,-0.00012023180170217529,0.0,0.00015472026461793575,0.0,0.0
signed_hqql_tbl,mod.cls_blocks.1.attn.h0,photon<-muon,0.0,0.0,0.0,-0.00015273706048901659,-8.280218025902286e-05,0.0,0.00015273706048901659,0.0,0.0
signed_hqql_tbl,mod.cls_blocks.0.attn.h5,photon<-electron,0.0,0.0,0.0,0.0001461684296373278,0.0,0.0,-0.0001461684296373278,0.0,0.0
signed_hqql_tbl,mod.cls_blocks.1.attn.h0,photon<-electron,0.0,0.0,0.0,0.0001351632090518251,0.0,0.0,-0.0001351632090518251,0.0,0.0
signed_hqql_tbl,mod.cls_blocks.1.attn.h0,neutral_hadron<-muon,0.0,0.0,0.0,-0.00011333961447235197,-0.00012451995280571282,0.0,0.00011333961447235197,0.0,0.0
signed_hqql_tbl,mod.cls_blocks.1.attn.h2,photon<-electron,0.0,0.0,0.0,9.086258069146425e-05,0.0,0.0,-9.086258069146425e-05,0.0,0.0
signed_hqql_tbl,mod.cls_blocks.1.attn.h4,photon<-electron,0.0,0.0,0.0,-8.936772064771503e-05,0.0,0.0,8.936772064771503e-05,0.0,0.0
signed_hqql_tbl,mod.cls_blocks.1.attn.h3,neutral_hadron<-muon,0.0,0.0,0.0,-7.279179044417106e-05,1.3017521268920973e-05,0.0,7.279179044417106e-05,0.0,0.0
signed_hqql_tbl,mod.cls_blocks.1.attn.h4,neutral_hadron<-muon,0.0,0.0,0.0,4.3611988076008856e-05,9.283081453759223e-06,0.0,-4.3611988076008856e-05,0.0,0.0
signed_hqql_tbl,mod.cls_blocks.1.attn.h1,photon<-electron,0.0,0.0,0.0,2.8500815460574813e-05,0.0,0.0,-2.8500815460574813e-05,0.0,0.0
signed_hqql_tbl,mod.cls_blocks.1.attn.h5,photon<-electron,0.0,0.0,0.0,-1.4837804883427452e-05,0.0,0.0,1.4837804883427452e-05,0.0,0.0
signed_hqql_tbl,mod.cls_blocks.1.attn.h6,photon<-electron,0.0,0.0,0.0,-1.3150873201084323e-05,0.0,0.0,1.3150873201084323e-05,0.0,0.0
signed_hqql_tbl,mod.cls_blocks.1.attn.h7,photon<-muon,0.0,0.0,0.0,9.341136319562793e-06,-2.4460218810418155e-06,0.0,-9.341136319562793e-06,0.0,0.0
signed_hqql_tbl,mod.cls_blocks.1.attn.h7,photon<-electron,0.0,0.0,0.0,8.301576599478722e-06,0.0,0.0,-8.301576599478722e-06,0.0,0.0
